item_id,item_desc,module,machine_type,replenishment_policy_latest,shared_parts_latest,unitprice_latest,contractual_lead_time_latest,n_months_present,coverage_ratio,first_month,last_month,span_months,is_new_recent,cons90_first,cons90_last,cons90_max,ever_consumed_365,cons90_mean,cons90_std,cons90_cv,cons90_delta_abs,cons90_pct_change,cons90_slope_per_month,cons90_slope_norm,annual365_slope_per_month,is_accelerating_latest,reviews_count,latest_last_365_cons,latest_last_547_cons,cum_cons_est_total,avg_cons_per_review,trend_label,cons90_202407,cons90_202408,cons90_202409,cons90_202410,cons90_202412,cons90_202503,cons90_202505,cons90_202601,cons30_202407,cons30_202408,cons30_202409,cons30_202410,cons30_202412,cons30_202503,cons30_202505,cons30_202601
500028887,LOWER BEARING SEAL DV-8000,TCB,"ASYMTEK,M-FMCMIR-IN;Asymtek S932;Asymtek S912;Generic;Asymtek S922;ASYMTEK,M-2000",Order Beyond Max,,16.59,13.0,2,0.25,202408,202410,2,False,272.0,250.0,272.0,True,261.0,11.0,0.042,-22.0,-0.081,-11.0,-0.0421,-22.0,True,2,1175.0,1419.0,300.0,150.0,STABLE,,272.0,,250.0,,,,,,50.0,,100.0,,,,
500035612,"TUBING,PU,CLR 1/8OD 1/16ID",TCB,"Generic;Asymtek S922;Asymtek S932;DP Besi 300MM WTT;Asymtek-Jabil RA4 ASF;ASYMTEK,M-2000",Order To Max,shared with XG756,0.18,30.0,1,0.125,202601,202601,0,True,0.0,0.0,0.0,False,0.0,0.0,,0.0,,,,,False,1,0.0,2000.0,0.0,0.0,SINGLE_SNAPSHOT,,,,,,,,0.0,,,,,,,,0.0
500035614,"FITTING,COUPLER TO 2MM BARB",TCB,"Asymtek S932;Generic;ASYMTEK,M-FMCMIR-IN;ASYMTEK,M-2000",Order To Max,,13.45,30.0,3,0.375,202409,202601,16,False,0.0,0.0,0.0,True,0.0,0.0,,0.0,,0.0,,0.6014,False,3,14.0,18.0,14.0,4.667,DORMANT,,,0.0,,0.0,,,0.0,,,0.0,,0.0,,,0.0
500041276,"FITTING, QUICK DISCONNECT FEM.",TCB,"ASYMTEK,M-FMCMIR-IN;Asymtek S932;Asymtek S912;ASYMTEK,M-2000",Order To Max,shared with XG756,12.01,30.0,4,0.5,202409,202601,16,False,3.0,0.0,3.0,True,1.75,1.299,0.742,-3.0,-1.0,-0.1747,-0.0998,0.0181,False,4,9.0,9.0,13.0,3.25,STABLE,,,3.0,3.0,1.0,,,0.0,,,3.0,0.0,1.0,,,0.0
500042922,"VALVE ASSY,CO-AX AIR SOLENOID",TCB,"ASYMTEK,M-2000;Generic;Asymtek S932;DP Asymtek 300MM ADS",Order to Demand,,161.82,13.0,4,0.5,202407,202601,18,False,4.0,0.0,4.0,True,1.25,1.639,1.311,-4.0,-1.0,-0.1561,-0.1249,-0.4233,False,4,1.0,9.0,4.0,1.0,INTERMITTENT,4.0,,,1.0,0.0,,,0.0,2.0,,,0.0,0.0,,,0.0
500051335,FLUORESCENT LAMP LF-31,TCB,"ASM Pacific,BP3000;ASM-Pacific,Phoenix",Order to Demand,,133.77,25.0,1,0.125,202407,202407,0,False,0.0,0.0,0.0,False,0.0,0.0,,0.0,,,,,False,1,0.0,0.0,0.0,0.0,SINGLE_SNAPSHOT,0.0,,,,,,,,0.0,,,,,,,
500051665,CABLE,TCB,"GROHMAN,TCB,MFM-200",Order to Demand,,39.93,10.0,3,0.375,202409,202601,16,False,0.0,0.0,0.0,False,0.0,0.0,,0.0,,0.0,,0.0,False,3,0.0,0.0,0.0,0.0,DORMANT,,,0.0,,0.0,,,0.0,,,0.0,,0.0,,,0.0
500051668,"SENSOR,OMRON",TCB,"Grohmann,MFM-200;GROHMAN,TCB,MFM-200",Order to Demand,,84.62,18.0,3,0.375,202409,202601,16,False,0.0,0.0,0.0,False,0.0,0.0,,0.0,,0.0,,0.0,False,3,0.0,0.0,0.0,0.0,DORMANT,,,0.0,,0.0,,,0.0,,,0.0,,0.0,,,0.0
500051680,"GASKET,SIMRIT",TCB,"GROHMAN,TCB,MFM-200;Generic",Order to Demand,,24.59,10.0,4,0.5,202407,202601,18,False,0.0,0.0,0.0,False,0.0,0.0,,0.0,,0.0,,0.0,False,4,0.0,0.0,0.0,0.0,DORMANT,0.0,,0.0,,0.0,,,0.0,0.0,,0.0,,0.0,,,0.0
500051682,OMRON PROXIMITY SENSOR,TCB,"GROHMAN,TCB,MFM-200",Order To Max,,33.51,14.0,3,0.375,202409,202601,16,False,0.0,0.0,0.0,False,0.0,0.0,,0.0,,0.0,,0.0,False,3,0.0,0.0,0.0,0.0,DORMANT,,,0.0,,0.0,,,0.0,,,0.0,,0.0,,,0.0
500053003,"SENSOR,FORK,EE-SX674.",TCB,"DGP8761;ASM Pacific,BP3000;ASM-Pacific,Phoenix;ASM,TCB,Y-SHUTTLE",Order To Max,,16.82,25.0,1,0.125,202410,202410,0,False,0.0,0.0,0.0,True,0.0,0.0,,0.0,,,,,False,1,1.0,1.0,0.0,0.0,SINGLE_SNAPSHOT,,,,0.0,,,,,,,,0.0,,,,
500063730,"Tubing, Blue - 1 ft",TCB,"Racal,LCBI;Generic",Order To Max,,1.15,30.0,1,0.125,202409,202409,0,False,0.0,0.0,0.0,True,0.0,0.0,,0.0,,,,,False,1,2.0,2.0,0.0,0.0,SINGLE_SNAPSHOT,,,0.0,,,,,,,,0.0,,,,,
500070865,"TOOTH,BELTS,SET,FOR,PCBA/ANALYSER",TCB,"PhoenixXray,PCBAAnalyser160",Order to Demand,,155.0,35.0,3,0.375,202410,202601,15,False,0.0,0.0,0.0,False,0.0,0.0,,0.0,,0.0,,0.0,False,3,0.0,0.0,0.0,0.0,DORMANT,,,,0.0,0.0,,,0.0,,,,0.0,0.0,,,0.0
500070867,"LIMIT,SWITCH(STANDARD)",TCB,"PhoenixXray,PCBAAnalyser160",Order to Demand,,35.0,35.0,3,0.375,202410,202601,15,False,0.0,0.0,0.0,False,0.0,0.0,,0.0,,0.0,,0.0,False,3,0.0,0.0,0.0,0.0,DORMANT,,,,0.0,0.0,,,0.0,,,,0.0,0.0,,,0.0
500070870,POWER SUPPLY TRIPLE OUTPUT 40W,TCB,"PhoenixXray,PCBAAnalyser160",Order to Demand,,200.0,35.0,3,0.375,202410,202601,15,False,0.0,0.0,0.0,False,0.0,0.0,,0.0,,0.0,,0.0,False,3,0.0,0.0,0.0,0.0,DORMANT,,,,0.0,0.0,,,0.0,,,,0.0,0.0,,,0.0
500070871,"KNIFE SWITCH, X-RAY",TCB,"PhoenixXray,PCBAAnalyser160",Order to Demand,,90.0,35.0,3,0.375,202410,202601,15,False,0.0,0.0,0.0,False,0.0,0.0,,0.0,,0.0,,0.0,False,3,0.0,0.0,0.0,0.0,DORMANT,,,,0.0,0.0,,,0.0,,,,0.0,0.0,,,0.0
500079887,DJ-2200 FLUX NOZZLE 24GA,TCB,"Asymtek S912;ASYMTEK,M-2000;Asymtek S932;Generic",Order To Max,shared with XG756,188.0,13.0,3,0.375,202503,202601,10,False,9.0,7.0,13.0,True,9.667,2.494,0.258,-2.0,-0.222,-0.3571,-0.0369,-0.4643,False,3,40.0,60.0,37.0,12.333,STABLE,,,,,,9.0,13.0,7.0,,,,,,4.0,3.0,0.0
500089209,VGA M/ TO F/ 15 PIN CABLE 4.5M,TCB,"ASM Pacific,BP3000;ASM,TCB,Y-SHUTTLE;ASM-Pacific,Phoenix",Order to Demand,,27.23,15.0,3,0.375,202409,202601,16,False,0.0,0.0,0.0,False,0.0,0.0,,0.0,,0.0,,0.0,False,3,0.0,0.0,0.0,0.0,DORMANT,,,0.0,,0.0,,,0.0,,,0.0,,0.0,,,0.0
500093669,AIR COMBINATION SET,TCB,"ASM-Pacific,Phoenix",Order to Demand,,181.82,25.0,3,0.375,202409,202601,16,False,0.0,0.0,0.0,False,0.0,0.0,,0.0,,0.0,,0.0,False,3,0.0,0.0,0.0,0.0,DORMANT,,,0.0,,0.0,,,0.0,,,0.0,,0.0,,,0.0
500093674,MALE ELBOW  KQ2L08-01AS,TCB,"ASM Pacific,BP3000;ASM-Pacific,Phoenix;ASM-Pacific,Firebird",Order to Demand,,5.21,15.0,2,0.25,202409,202601,16,False,0.0,0.0,0.0,False,0.0,0.0,,0.0,,0.0,,0.0,False,2,0.0,0.0,0.0,0.0,DORMANT,,,0.0,,,,,0.0,,,0.0,,,,,0.0
500093675,MALE ELBOW KQ2L06-01AS,TCB,"ASM-Pacific,Firebird;ASM Pacific,BP3000;ASM-Pacific,Phoenix",Order to Demand,,4.41,25.0,2,0.25,202409,202412,3,False,0.0,0.0,0.0,False,0.0,0.0,,0.0,,0.0,,0.0,False,2,0.0,0.0,0.0,0.0,DORMANT,,,0.0,,0.0,,,,,,0.0,,0.0,,,
500093676,FITTING MALE ELBOW KQ2L06-M5A,TCB,"ASM-Pacific,Firebird;ASM Pacific,BP3000;ASM-Pacific,Phoenix",Order to Demand,,5.21,15.0,1,0.125,202601,202601,0,True,10.0,10.0,10.0,True,10.0,0.0,0.0,0.0,0.0,,,,True,1,10.0,10.0,10.0,10.0,SINGLE_SNAPSHOT,,,,,,,,10.0,,,,,,,,10.0
500093680,ONE-TOUCH FITTING,TCB,"ASM-Pacific,Firebird;ASM Pacific,BP3000;ASM-Pacific,Phoenix",Order to Demand,,5.61,25.0,1,0.125,202601,202601,0,True,0.0,0.0,0.0,False,0.0,0.0,,0.0,,,,,False,1,0.0,0.0,0.0,0.0,SINGLE_SNAPSHOT,,,,,,,,0.0,,,,,,,,0.0
500093681,MALE ELBOW CONNECTOR,TCB,"ASM-Pacific,Phoenix;ASM-Pacific,Firebird;ASM Pacific,BP3000",Order to Demand,,6.41,15.0,1,0.125,202412,202412,0,False,0.0,0.0,0.0,False,0.0,0.0,,0.0,,,,,False,1,0.0,0.0,0.0,0.0,SINGLE_SNAPSHOT,,,,,0.0,,,,,,,,0.0,,,
500093685,"UNION ""Y""",TCB,"ASM Pacific,BP3000;ASM-Pacific,Phoenix",Order to Demand,,8.41,25.0,3,0.375,202409,202601,16,False,0.0,0.0,0.0,False,0.0,0.0,,0.0,,0.0,,0.0,False,3,0.0,0.0,0.0,0.0,DORMANT,,,0.0,,0.0,,,0.0,,,0.0,,0.0,,,0.0
500093686,MALE ELBOW CONNECTOR,TCB,"ASM Pacific,BP3000;ASM-Pacific,Firebird",Order to Demand,shared with XG756,8.41,10.0,3,0.375,202409,202601,16,False,0.0,0.0,0.0,False,0.0,0.0,,0.0,,0.0,,0.0,False,3,0.0,0.0,0.0,0.0,DORMANT,,,0.0,,0.0,,,0.0,,,0.0,,0.0,,,0.0
500104696,"CONNECTOR,25B",TCB,Heller 2017 Formic Acid,Order to Demand,,1.05,20.0,3,0.375,202410,202601,15,False,0.0,0.0,0.0,False,0.0,0.0,,0.0,,0.0,,0.0,False,3,0.0,0.0,0.0,0.0,DORMANT,,,,0.0,0.0,,,0.0,,,,0.0,0.0,,,0.0
500113370,SPECTRUM BULK-FEED SYSTEM 1 LITER TANK,TCB,Asymtek S932,Order To Max,,980.6,13.0,1,0.125,202408,202408,0,False,0.0,0.0,0.0,False,0.0,0.0,,0.0,,,,,False,1,0.0,0.0,0.0,0.0,SINGLE_SNAPSHOT,,0.0,,,,,,,,0.0,,,,,,
500118113,"ASSY,DJ2200,LBH HF,14 PIN",TCB,Asymtek S922;Asymtek S932;Generic;Asymtek S912,Order to Demand,,3682.0,13.0,2,0.25,202409,202412,3,False,0.0,1.0,1.0,True,0.5,0.5,1.0,1.0,,0.3333,0.6667,0.3333,False,2,1.0,1.0,1.0,0.5,INTERMITTENT,,,0.0,,1.0,,,,,,0.0,,0.0,,,
500119981,NEEDLE HEATER DJ-2200 ASSEMBLY,TCB,"Generic;Asymtek,M-2000",Order to Demand,,312.12,10.0,3,0.375,202410,202601,15,False,0.0,0.0,0.0,False,0.0,0.0,,0.0,,0.0,,0.0,False,3,0.0,0.0,0.0,0.0,DORMANT,,,,0.0,0.0,,,0.0,,,,0.0,0.0,,,0.0
500119983,"O-RING, VITON, 2MM W X38MM ID",TCB,Asymtek S912;Generic;Asymtek S902;Asymtek S922;Asymtek S932,Order to Demand,shared with XG756,4.78,13.0,3,0.375,202409,202601,16,False,0.0,6.0,6.0,True,4.0,2.828,0.707,6.0,,0.2627,0.0657,1.9332,False,3,31.0,31.0,37.0,12.333,STABLE,,,0.0,,6.0,,,6.0,,,0.0,,6.0,,,0.0
500121422,SPECTRRUM CAMERA OPTICAL FILTER,TCB,Asymtek S922;Asymtek S912;Generic;Asymtek S932,Order to Demand,shared with XG756,416.7,13.0,2,0.25,202410,202412,2,False,0.0,0.0,0.0,True,0.0,0.0,,0.0,,0.0,,-1.0,False,2,5.0,9.0,0.0,0.0,DORMANT,,,,0.0,0.0,,,,,,,0.0,0.0,,,
500122237,SPECTRUM  HEATED PURGE CUP ASSEMBLY,TCB,Asymtek S932;Generic;Asymtek S922;Asymtek S902,Order To Max,shared with XG756,4936.69,13.0,4,0.5,202407,202601,18,False,3.0,5.0,5.0,True,3.25,1.479,0.455,2.0,0.667,0.1602,0.0493,0.1505,False,4,15.0,24.0,20.0,5.0,STABLE,3.0,1.0,,,4.0,,,5.0,1.0,0.0,,,1.0,,,0.0
500122905,PRESSURE REGULATOR LRMA-QS-6      [23B3],TCB,"ASM-Pacific,Phoenix;ASM Pacific,BP3000",Order to Demand,,69.68,15.0,4,0.5,202407,202601,18,False,1.0,0.0,1.0,True,0.25,0.433,1.732,-1.0,-1.0,-0.0344,-0.1376,-0.0344,False,4,0.0,0.0,1.0,0.25,INTERMITTENT,1.0,,,0.0,0.0,,,0.0,1.0,,,0.0,0.0,,,0.0
500122956,NEEDLE HEATER DJ-2200,TCB,Generic;Asymtek S932,Order To Max,shared with XG756,312.12,13.0,6,0.75,202408,202601,17,False,2.0,2.0,4.0,True,2.833,0.898,0.317,0.0,0.0,-0.0215,-0.0076,0.5489,False,6,13.0,16.0,17.0,2.833,STABLE,,2.0,3.0,4.0,2.0,,4.0,2.0,,0.0,2.0,1.0,0.0,,0.0,0.0
500123496,CAMERA LENS 83.5MM LENGTH,TCB,"APPJ MFM-220;Grohmann,MFM-220",Order to Demand,,2457.0,12.0,1,0.125,202409,202409,0,False,1.0,1.0,1.0,True,1.0,0.0,0.0,0.0,0.0,,,,True,1,1.0,1.0,1.0,1.0,SINGLE_SNAPSHOT,,,1.0,,,,,,,,1.0,,,,,
500127231,"KEY,SWITCH.INTERLOCK,OPEN,CLOSE,1800",TCB,Heller 2017 Formic Acid;Heller HRF;Heller FAR,Order to Demand,,70.35,8.0,3,0.375,202410,202601,15,False,0.0,0.0,0.0,False,0.0,0.0,,0.0,,0.0,,0.0,False,3,0.0,0.0,0.0,0.0,DORMANT,,,,0.0,0.0,,,0.0,,,,0.0,0.0,,,0.0
500131751,"PLASTIC STANDOFF, CURRENT SENSE BOARD",TCB,Heller 2017 Formic Acid;Heller HRF;Heller FAR,Order to Demand,,1.07,20.0,3,0.375,202410,202601,15,False,0.0,0.0,0.0,False,0.0,0.0,,0.0,,0.0,,0.0,False,3,0.0,0.0,0.0,0.0,DORMANT,,,,0.0,0.0,,,0.0,,,,0.0,0.0,,,0.0
500132925,"T-CLIP 1/4"" HOSE",TCB,Asymtek S912,Order to Demand,shared with XG756,1.04,10.0,3,0.375,202408,202412,4,False,0.0,0.0,0.0,True,0.0,0.0,,0.0,,0.0,,-3.25,False,3,6.0,6.0,0.0,0.0,DORMANT,,0.0,,0.0,0.0,,,,,0.0,,0.0,0.0,,,
500141592,DIP TUBE WRENCH,TCB,KnS TCX3;TCB_Generic,Order To Max,,391.2,30.0,3,0.375,202409,202601,16,False,0.0,0.0,0.0,True,0.0,0.0,,0.0,,0.0,,-0.0876,False,3,0.0,0.0,0.0,0.0,DORMANT,,,0.0,,0.0,,,0.0,,,0.0,,0.0,,,0.0
500141937,"SCREW,M3X4,FLT PT",TCB,Asymtek S912;Generic;Asymtek S922,Order to Demand,,0.12,30.0,3,0.375,202409,202601,16,False,0.0,0.0,0.0,False,0.0,0.0,,0.0,,0.0,,0.0,False,3,0.0,0.0,0.0,0.0,DORMANT,,,0.0,,0.0,,,0.0,,,0.0,,0.0,,,0.0
500146714,BRU cover interlock sensor,TCB,"ASM-Pacific,Phoenix",Order to Demand,,12.82,25.0,3,0.375,202409,202601,16,False,0.0,0.0,0.0,False,0.0,0.0,,0.0,,0.0,,0.0,False,3,0.0,0.0,0.0,0.0,DORMANT,,,0.0,,0.0,,,0.0,,,0.0,,0.0,,,0.0
500154878,SELF- LEVELING LASER W/ TRIPOD,TCB,Heller 2017 Formic Acid;Heller FAR;Heller HRF,Order to Demand,,1032.15,20.0,3,0.375,202410,202601,15,False,0.0,0.0,0.0,False,0.0,0.0,,0.0,,0.0,,0.0,False,3,0.0,0.0,0.0,0.0,DORMANT,,,,0.0,0.0,,,0.0,,,,0.0,0.0,,,0.0
500170330,BULK FEED TUBING BUNDLE 8 SPECTRUM,TCB,Asymtek S932;Generic,Order Beyond Max,shared with XG756,119.19,13.0,3,0.375,202410,202601,15,False,0.0,0.0,0.0,True,0.0,0.0,,0.0,,0.0,,-12.191,False,3,0.0,128.0,0.0,0.0,DORMANT,,,,0.0,0.0,,,0.0,,,,0.0,0.0,,,0.0
500170437,"FITTING,1/2-20 SAE TO SWAGE",TCB,Asymtek S922;Asymtek S932;Generic,Order To Max,shared with XG756,113.63,70.0,1,0.125,202601,202601,0,True,1.0,1.0,1.0,True,1.0,0.0,0.0,0.0,0.0,,,,True,1,9.0,57.0,1.0,1.0,SINGLE_SNAPSHOT,,,,,,,,1.0,,,,,,,,1.0
500170460,"POLYETHYLENE LINED EVA TUBING 1/8""X1/4""",TCB,Asymtek S932;Generic,Order To Max,,3.31,10.0,1,0.125,202408,202408,0,False,0.0,0.0,0.0,False,0.0,0.0,,0.0,,,,,False,1,0.0,10.0,0.0,0.0,SINGLE_SNAPSHOT,,0.0,,,,,,,,0.0,,,,,,
500172056,4 COIL COOLING ASSY W/SS BREADED HOSE,TCB,Heller FAR;Heller 2017 MK III;Heller HRF;Heller 2017 Formic Acid,Order to Demand,,1286.25,30.0,2,0.25,202410,202412,2,False,0.0,0.0,0.0,False,0.0,0.0,,0.0,,0.0,,0.0,False,2,0.0,0.0,0.0,0.0,DORMANT,,,,0.0,0.0,,,,,,,0.0,0.0,,,
500172057,4 COIL COOLING ASSY WOUT SS BREADED HOSE,TCB,Heller FAR;Heller HRF;Heller 2017 MK III;Heller 2017 Formic Acid,Order to Demand,,991.2,30.0,1,0.125,202412,202412,0,False,0.0,0.0,0.0,False,0.0,0.0,,0.0,,,,,False,1,0.0,0.0,0.0,0.0,SINGLE_SNAPSHOT,,,,,0.0,,,,,,,,0.0,,,
500172257,"EPMD CUSHIONED CLAMP 1/4""",TCB,Asymtek S932;Asymtek-Jabil RA4 ASF;Generic,Order To Max,,0.71,55.0,3,0.375,202409,202601,16,False,0.0,0.0,0.0,False,0.0,0.0,,0.0,,0.0,,0.0,False,3,0.0,0.0,0.0,0.0,DORMANT,,,0.0,,0.0,,,0.0,,,0.0,,0.0,,,0.0
500175684,"FERRULES NYLON 1/4""TUBE 10SETS",TCB,Asymtek S932;Generic,Order To Max,,68.02,13.0,6,0.75,202408,202601,17,False,2.0,9.0,14.0,True,7.5,5.025,0.67,7.0,3.5,0.5526,0.0737,0.0997,False,6,37.0,58.0,59.0,9.833,STABLE,,2.0,,0.0,8.0,12.0,14.0,9.0,,2.0,,0.0,5.0,12.0,2.0,0.0
500176572,Inner ball bearing 4X8X3 MR84ZZ,TCB,"ASM Pacific,BP3000",Order to Demand,,3.6,15.0,3,0.375,202409,202601,16,False,0.0,0.0,0.0,False,0.0,0.0,,0.0,,0.0,,0.0,False,3,0.0,0.0,0.0,0.0,DORMANT,,,0.0,,0.0,,,0.0,,,0.0,,0.0,,,0.0
500184734,ASI,TCB,"ASM-Pacific,Phoenix",Order to Demand,,422.12,25.0,3,0.375,202409,202601,16,False,0.0,0.0,0.0,False,0.0,0.0,,0.0,,0.0,,0.0,False,3,0.0,0.0,0.0,0.0,DORMANT,,,0.0,,0.0,,,0.0,,,0.0,,0.0,,,0.0
500184735,ASI,TCB,"ASM-Pacific,Phoenix",Order to Demand,,341.22,25.0,3,0.375,202409,202601,16,False,0.0,0.0,0.0,True,0.0,0.0,,0.0,,0.0,,0.0668,False,3,1.0,1.0,1.0,0.333,DORMANT,,,0.0,,0.0,,,0.0,,,0.0,,0.0,,,0.0
500184736,ASIO,TCB,"ASM-Pacific,Firebird;ASM-Pacific, Falcon;ASM-Pacific,Phoenix",Order to Demand,shared with XG756,691.26,10.0,3,0.375,202407,202412,5,False,0.0,0.0,0.0,False,0.0,0.0,,0.0,,0.0,,0.0,False,3,0.0,0.0,0.0,0.0,DORMANT,0.0,,0.0,,0.0,,,,0.0,,0.0,,0.0,,,
500184737,ASIO,TCB,"ASM-Pacific,Phoenix;ASM-Pacific,Firebird",Order to Demand,shared with XG756,545.48,10.0,3,0.375,202409,202601,16,False,0.0,0.0,0.0,False,0.0,0.0,,0.0,,0.0,,0.0,False,3,0.0,0.0,0.0,0.0,DORMANT,,,0.0,,0.0,,,0.0,,,0.0,,0.0,,,0.0
500184738,ASIO3,TCB,"ASM-Pacific,Firebird;ASM-Pacific,Phoenix",Order to Demand,shared with XG756,716.89,15.0,4,0.5,202409,202601,16,False,0.0,0.0,0.0,False,0.0,0.0,,0.0,,0.0,,0.0,False,4,0.0,0.0,0.0,0.0,DORMANT,,,0.0,0.0,0.0,,,0.0,,,0.0,0.0,0.0,,,0.0
500184739,ASIO3,TCB,"ASM-Pacific,Firebird;ASM-Pacific,Phoenix",Order To Max,shared with XG756,692.06,48.0,5,0.625,202409,202601,16,False,1.0,1.0,1.0,True,0.6,0.49,0.816,0.0,0.0,0.0012,0.0019,-0.1316,False,5,2.0,2.0,2.0,0.4,INTERMITTENT,,,1.0,1.0,0.0,,0.0,1.0,,,1.0,0.0,0.0,,0.0,0.0
500184740,OMRON ELEC. ASSY,TCB,"ASM-Pacific,Phoenix",Order to Demand,,2712.6,25.0,3,0.375,202409,202601,16,False,0.0,0.0,0.0,False,0.0,0.0,,0.0,,0.0,,0.0,False,3,0.0,0.0,0.0,0.0,DORMANT,,,0.0,,0.0,,,0.0,,,0.0,,0.0,,,0.0
500184741,AIR BEARING PAD 40X80MM ASSY,TCB,"ASM-Pacific,Phoenix",Order to Demand,shared with XG756,1372.91,15.0,3,0.375,202409,202601,16,False,0.0,0.0,0.0,False,0.0,0.0,,0.0,,0.0,,0.0,False,3,0.0,0.0,0.0,0.0,DORMANT,,,0.0,,0.0,,,0.0,,,0.0,,0.0,,,0.0
500184742,AIR BEARING PAD D50 ASSY,TCB,"ASM-Pacific,Phoenix",Order to Demand,shared with XG756,913.94,15.0,3,0.375,202409,202601,16,False,0.0,0.0,0.0,False,0.0,0.0,,0.0,,0.0,,0.0,False,3,0.0,0.0,0.0,0.0,DORMANT,,,0.0,,0.0,,,0.0,,,0.0,,0.0,,,0.0
500184743,"BELT,TIMING,10AT3/399.",TCB,"GENERIC;ASM-Pacific,Phoenix",Order to Demand,,28.83,15.0,4,0.5,202407,202601,18,False,0.0,0.0,0.0,False,0.0,0.0,,0.0,,0.0,,0.0,False,4,0.0,0.0,0.0,0.0,DORMANT,0.0,,0.0,,0.0,,,0.0,0.0,,0.0,,0.0,,,0.0
500184744,AIR BEARING PAD D65 ASSY,TCB,"ASM-Pacific,Firebird;ASM-Pacific,Phoenix",Order to Demand,shared with XG756,1057.32,15.0,4,0.5,202408,202601,17,False,4.0,0.0,4.0,True,1.0,1.732,1.732,-4.0,-1.0,-0.1189,-0.1189,-0.0595,False,4,0.0,0.0,0.0,0.0,INTERMITTENT,,4.0,0.0,,0.0,,,0.0,,0.0,0.0,,0.0,,,0.0
500184745,TIMING BELT 10AT5/670 GEN III,TCB,"GENERIC;ASM-Pacific,Phoenix",Order to Demand,shared with XG756,49.66,115.0,4,0.5,202408,202601,17,False,0.0,0.0,0.0,True,0.0,0.0,,0.0,,0.0,,-0.1189,False,4,0.0,0.0,0.0,0.0,DORMANT,,0.0,0.0,,0.0,,,0.0,,0.0,0.0,,0.0,,,0.0
500184746,"BELT,TIMING,189-3M-9MM",TCB,"ASM-Pacific,Phoenix;Generic;ASM-Pacific,Firebird",Order to Demand,shared with XG756,13.61,25.0,3,0.375,202409,202601,16,False,0.0,0.0,0.0,False,0.0,0.0,,0.0,,0.0,,0.0,False,3,0.0,0.0,0.0,0.0,DORMANT,,,0.0,,0.0,,,0.0,,,0.0,,0.0,,,0.0
500184747,TIMING BELT 516MXL3.2,TCB,"ASM,TCB,Y-SHUTTLE;ASM-Pacific,Phoenix;Generic",Order To Max,shared with XG756,16.82,15.0,5,0.625,202407,202601,18,False,0.0,0.0,0.0,True,0.0,0.0,,0.0,,0.0,,-0.1005,False,5,0.0,0.0,0.0,0.0,DORMANT,0.0,0.0,0.0,,0.0,,,0.0,0.0,0.0,0.0,,0.0,,,0.0
500184748,TIMING BELT 6M/162,TCB,"GENERIC;ASM-Pacific,Phoenix",Order to Demand,,14.01,21.0,4,0.5,202408,202601,17,False,0.0,0.0,0.0,True,0.0,0.0,,0.0,,0.0,,-0.2676,False,4,0.0,0.0,0.0,0.0,DORMANT,,0.0,0.0,,0.0,,,0.0,,0.0,0.0,,0.0,,,0.0
500184749,BANDO TIMING BELT 350MXL3.2,TCB,"ASM-Pacific,Phoenix;ASM-Pacific,Firebird;Generic",Order to Demand,shared with XG756,15.21,25.0,5,0.625,202407,202601,18,False,8.0,0.0,8.0,True,1.8,3.124,1.736,-8.0,-1.0,-0.191,-0.1061,0.2642,False,5,1.0,1.0,4.0,0.8,INTERMITTENT,8.0,0.0,0.0,,1.0,,,0.0,2.0,0.0,0.0,,0.0,,,0.0
500184750,BANDO TIMING BELT 434MXL3.2,TCB,"ASM-Pacific,Firebird;ASM-Pacific,Phoenix;Generic",Order to Demand,shared with XG756,16.82,25.0,4,0.5,202408,202601,17,False,0.0,0.0,0.0,True,0.0,0.0,,0.0,,0.0,,-0.1189,False,4,0.0,0.0,0.0,0.0,DORMANT,,0.0,0.0,,0.0,,,0.0,,0.0,0.0,,0.0,,,0.0
500184751,BANDO TIMING BELT 591MXL3.2,TCB,"ASM-Pacific,Phoenix;Generic;ASM-Pacific,Firebird",Order to Demand,shared with XG756,20.82,25.0,5,0.625,202407,202601,18,False,0.0,0.0,0.0,True,0.0,0.0,,0.0,,0.0,,-0.1298,False,5,0.0,0.0,0.0,0.0,DORMANT,0.0,0.0,0.0,,0.0,,,0.0,0.0,0.0,0.0,,0.0,,,0.0
500184752,"BELT,TIMING,HTD,213-3M-09",TCB,"ASM-Pacific,Phoenix;Generic;ASM-Pacific,Firebird",Order to Demand,shared with XG756,12.81,25.0,3,0.375,202409,202601,16,False,0.0,0.0,0.0,False,0.0,0.0,,0.0,,0.0,,0.0,False,3,0.0,0.0,0.0,0.0,DORMANT,,,0.0,,0.0,,,0.0,,,0.0,,0.0,,,0.0
500184753,SYNCHROFLEX TIMING BELT 6M/113,TCB,"ASM-Pacific,Phoenix;Generic;ASM-Pacific,Firebird",Order to Demand,shared with XG756,17.62,15.0,3,0.375,202409,202601,16,False,0.0,0.0,0.0,False,0.0,0.0,,0.0,,0.0,,0.0,False,3,0.0,0.0,0.0,0.0,DORMANT,,,0.0,,0.0,,,0.0,,,0.0,,0.0,,,0.0
500184754,SYNCHROFLEX TIMING BELT 6M/182,TCB,"ASM,TCB,Y-SHUTTLE;ASM-Pacific,Phoenix;ASM-Pacific,Firebird;Generic",Order To Max,shared with XG756,19.22,25.0,5,0.625,202407,202601,18,False,5.0,0.0,5.0,True,1.4,1.96,1.4,-5.0,-1.0,-0.1572,-0.1123,-0.7623,False,5,0.0,0.0,2.0,0.4,INTERMITTENT,5.0,2.0,0.0,,0.0,,,0.0,2.0,0.0,0.0,,0.0,,,0.0
500184755,SYNCHROFLEX TIMING BELT 6M/121,TCB,"GENERIC;ASM-Pacific,Phoenix",Order to Demand,shared with XG756,18.42,15.0,4,0.5,202408,202601,17,False,0.0,0.0,0.0,False,0.0,0.0,,0.0,,0.0,,0.0,False,4,0.0,0.0,0.0,0.0,DORMANT,,0.0,0.0,,0.0,,,0.0,,0.0,0.0,,0.0,,,0.0
500184756,ZERODUR BLOCK,TCB,"ASM-Pacific,Firebird;ASM-Pacific,Phoenix",Order To Max,shared with XG756,1517.89,10.0,4,0.5,202407,202601,18,False,3.0,0.0,3.0,True,0.75,1.299,1.732,-3.0,-1.0,-0.0953,-0.1271,-0.413,False,4,0.0,0.0,0.0,0.0,INTERMITTENT,3.0,,0.0,,0.0,,,0.0,0.0,,0.0,,0.0,,,0.0
500184758,ZDS SENSOR BOARD,TCB,"ASM-Pacific,Phoenix",Order to Demand,shared with XG756,166.6,61.0,3,0.375,202409,202601,16,False,0.0,0.0,0.0,False,0.0,0.0,,0.0,,0.0,,0.0,False,3,0.0,0.0,0.0,0.0,DORMANT,,,0.0,,0.0,,,0.0,,,0.0,,0.0,,,0.0
500184759,TEC BOX,TCB,"ASM-Pacific,Phoenix;ASM-Pacific,Firebird",Order to Demand,shared with XG756,1844.7,10.0,5,0.625,202407,202601,18,False,1.0,0.0,2.0,True,0.6,0.8,1.333,-1.0,-1.0,-0.0622,-0.1036,-0.2203,False,5,0.0,0.0,0.0,0.0,INTERMITTENT,1.0,2.0,0.0,,0.0,,,0.0,0.0,0.0,0.0,,0.0,,,0.0
500184760,AC POWER SUPPLY STEP DOWN BOARD,TCB,"ASM-Pacific,Phoenix",Order to Demand,,40.85,15.0,3,0.375,202409,202601,16,False,0.0,0.0,0.0,False,0.0,0.0,,0.0,,0.0,,0.0,False,3,0.0,0.0,0.0,0.0,DORMANT,,,0.0,,0.0,,,0.0,,,0.0,,0.0,,,0.0
500184761,"BOX,TEC,CONTROL",TCB,"ASM-Pacific,Phoenix;ASM-Pacific,Firebird",Order to Demand,,4289.35,88.0,3,0.375,202409,202601,16,False,0.0,0.0,0.0,False,0.0,0.0,,0.0,,0.0,,0.0,False,3,0.0,0.0,0.0,0.0,DORMANT,,,0.0,,0.0,,,0.0,,,0.0,,0.0,,,0.0
500184763,"CABLE,VACUUM,SENSOR,DPA",TCB,"ASM-Pacific,Phoenix",Order to Demand,,162.0,25.0,3,0.375,202409,202601,16,False,0.0,0.0,0.0,False,0.0,0.0,,0.0,,0.0,,0.0,False,3,0.0,0.0,0.0,0.0,DORMANT,,,0.0,,0.0,,,0.0,,,0.0,,0.0,,,0.0
500184764,"CABLE,FAN,LOW,CHASSIS",TCB,"ASM-Pacific,Phoenix;GENERIC",Order to Demand,,32.04,25.0,3,0.375,202409,202601,16,False,0.0,0.0,0.0,False,0.0,0.0,,0.0,,0.0,,0.0,False,3,0.0,0.0,0.0,0.0,DORMANT,,,0.0,,0.0,,,0.0,,,0.0,,0.0,,,0.0
500184765,(DPA) VACUUM SOLENOID VALVE CABLE,TCB,"Asymtek S922;ASM-Pacific,Phoenix;ASM-Pacific,Firebird",Order to Demand,shared with XG756,91.31,15.0,4,0.5,202407,202601,18,False,0.0,0.0,0.0,False,0.0,0.0,,0.0,,0.0,,0.0,False,4,0.0,0.0,0.0,0.0,DORMANT,0.0,,0.0,,0.0,,,0.0,0.0,,0.0,,0.0,,,0.0
500184766,(DTA) X ENCODER CABLE,TCB,"ASM-Pacific,Phoenix",Order to Demand,shared with XG756,675.24,25.0,3,0.375,202409,202601,16,False,0.0,0.0,0.0,False,0.0,0.0,,0.0,,0.0,,0.0,False,3,0.0,0.0,0.0,0.0,DORMANT,,,0.0,,0.0,,,0.0,,,0.0,,0.0,,,0.0
500184767,IO STEPPER MOTOR DRIVER ASSY,TCB,"ASM-Pacific,Phoenix",Order to Demand,,329.4,25.0,4,0.5,202407,202601,18,False,0.0,0.0,0.0,False,0.0,0.0,,0.0,,0.0,,0.0,False,4,0.0,0.0,0.0,0.0,DORMANT,0.0,,0.0,,0.0,,,0.0,0.0,,0.0,,0.0,,,0.0
500184768,"EJECTOR,MULTISTAGE,ZL112",TCB,"ASM-Pacific,Phoenix",Order to Demand,,279.94,15.0,4,0.5,202408,202601,17,False,2.0,0.0,2.0,True,0.5,0.866,1.732,-2.0,-1.0,-0.0595,-0.1189,-0.0892,False,4,0.0,0.0,1.0,0.25,INTERMITTENT,,2.0,0.0,,0.0,,,0.0,,1.0,0.0,,0.0,,,0.0
500184769,MULTISTAGE EJECTOR ZL212,TCB,"ASM-Pacific,Phoenix",Order to Demand,,457.77,25.0,3,0.375,202409,202601,16,False,0.0,0.0,0.0,False,0.0,0.0,,0.0,,0.0,,0.0,False,3,0.0,0.0,0.0,0.0,DORMANT,,,0.0,,0.0,,,0.0,,,0.0,,0.0,,,0.0
500184770,STA-L Y ENC ASSY,TCB,"ASM-Pacific,Phoenix",Order to Demand,,927.9,25.0,3,0.375,202409,202601,16,False,0.0,0.0,0.0,False,0.0,0.0,,0.0,,0.0,,0.0,False,3,0.0,0.0,0.0,0.0,DORMANT,,,0.0,,0.0,,,0.0,,,0.0,,0.0,,,0.0
500184771,"ENCODER,DISPENSE,Z,LEFT",TCB,"GENERIC;ASM-Pacific,Phoenix",Order to Demand,,1725.3,25.0,3,0.375,202409,202601,16,False,0.0,0.0,0.0,False,0.0,0.0,,0.0,,0.0,,0.0,False,3,0.0,0.0,0.0,0.0,DORMANT,,,0.0,,0.0,,,0.0,,,0.0,,0.0,,,0.0
500184772,Y SHUTTLE OT TABLE X ENCODER ASSY,TCB,"ASM-Pacific,Phoenix",Order to Demand,,1221.3,40.0,3,0.375,202410,202601,15,False,0.0,0.0,0.0,False,0.0,0.0,,0.0,,0.0,,0.0,False,3,0.0,0.0,0.0,0.0,DORMANT,,,,0.0,0.0,,,0.0,,,,0.0,0.0,,,0.0
500184773,ESIO2,TCB,"ASM-Pacific,Phoenix",Order to Demand,,284.35,15.0,4,0.5,202407,202601,18,False,1.0,0.0,1.0,True,0.25,0.433,1.732,-1.0,-1.0,-0.0318,-0.1271,-0.0318,False,4,0.0,0.0,0.0,0.0,INTERMITTENT,1.0,,0.0,,0.0,,,0.0,0.0,,0.0,,0.0,,,0.0
500184774,ESIO5,TCB,"ASM-Pacific,Phoenix;ASM-Pacific,Firebird",Order to Demand,shared with XG756,335.61,15.0,3,0.375,202409,202601,16,False,0.0,0.0,0.0,False,0.0,0.0,,0.0,,0.0,,0.0,False,3,0.0,0.0,0.0,0.0,DORMANT,,,0.0,,0.0,,,0.0,,,0.0,,0.0,,,0.0
500184775,ESIO3,TCB,"ASM-Pacific,Phoenix",Order to Demand,,338.82,15.0,3,0.375,202410,202601,15,False,0.0,0.0,0.0,False,0.0,0.0,,0.0,,0.0,,0.0,False,3,0.0,0.0,0.0,0.0,DORMANT,,,,0.0,0.0,,,0.0,,,,0.0,0.0,,,0.0
500184777,FAN ASSY,TCB,"ASM-Pacific,Phoenix",Order to Demand,,517.44,25.0,4,0.5,202407,202601,18,False,0.0,0.0,0.0,False,0.0,0.0,,0.0,,0.0,,0.0,False,4,0.0,0.0,0.0,0.0,DORMANT,0.0,,0.0,,0.0,,,0.0,0.0,,0.0,,0.0,,,0.0
500184778,OPTICAL FIBER 3M DUPLEX LC-LC,TCB,"ASM Pacific,BP3000;ASM-Pacific,Phoenix;Generic;ASM-Pacific,Firebird",Order to Demand,,40.05,10.0,3,0.375,202409,202601,16,False,0.0,0.0,0.0,False,0.0,0.0,,0.0,,0.0,,0.0,False,3,0.0,0.0,0.0,0.0,DORMANT,,,0.0,,0.0,,,0.0,,,0.0,,0.0,,,0.0
500184779,CARRIAGE VAC PRELOAD FMT(L),TCB,"ASM-Pacific,Phoenix",Order to Demand,,896.4,25.0,4,0.5,202407,202601,18,False,0.0,0.0,0.0,False,0.0,0.0,,0.0,,0.0,,0.0,False,4,0.0,0.0,0.0,0.0,DORMANT,0.0,,0.0,,0.0,,,0.0,0.0,,0.0,,0.0,,,0.0
500184780,(DPA) Z PICK HEAD,TCB,"ASM-Pacific,Firebird;ASM-Pacific,Phoenix",Order to Demand,,10163.08,55.0,3,0.375,202409,202601,16,False,0.0,0.0,0.0,False,0.0,0.0,,0.0,,0.0,,0.0,False,3,0.0,0.0,0.0,0.0,DORMANT,,,0.0,,0.0,,,0.0,,,0.0,,0.0,,,0.0
500184781,TCB PEDESTAL HEATER ZONE 1,TCB,"ASM-Pacific,Phoenix",Order to Demand,,639.0,25.0,4,0.5,202407,202601,18,False,0.0,0.0,0.0,False,0.0,0.0,,0.0,,0.0,,0.0,False,4,0.0,0.0,0.0,0.0,DORMANT,0.0,,0.0,,0.0,,,0.0,0.0,,0.0,,0.0,,,0.0
500184782,AIR BEARING FLOWMETER(WAFER CHUCK),TCB,"ASM-Pacific,Phoenix",Order to Demand,,1342.8,25.0,4,0.5,202407,202601,18,False,0.0,0.0,0.0,False,0.0,0.0,,0.0,,0.0,,0.0,False,4,0.0,0.0,0.0,0.0,DORMANT,0.0,,0.0,,0.0,,,0.0,0.0,,0.0,,0.0,,,0.0
500184783,LINE VACUUM ASSY,TCB,"ASM-Pacific,Phoenix",Order to Demand,,153.9,25.0,3,0.375,202409,202601,16,False,0.0,0.0,0.0,False,0.0,0.0,,0.0,,0.0,,0.0,False,3,0.0,0.0,0.0,0.0,DORMANT,,,0.0,,0.0,,,0.0,,,0.0,,0.0,,,0.0
500184786,MBH 1ST LAYER CONVEYOR MTR ASSY,TCB,"ASM-Pacific,Phoenix;ASM-Pacific,Firebird",Order to Demand,shared with XG756,179.42,15.0,3,0.375,202409,202601,16,False,0.0,0.0,0.0,False,0.0,0.0,,0.0,,0.0,,0.0,False,3,0.0,0.0,0.0,0.0,DORMANT,,,0.0,,0.0,,,0.0,,,0.0,,0.0,,,0.0
500184787,MBH TRACK WIDTH MTR/ENC ASSY,TCB,"ASM-Pacific,Phoenix",Order to Demand,shared with XG756,527.05,25.0,3,0.375,202409,202601,16,False,0.0,0.0,0.0,False,0.0,0.0,,0.0,,0.0,,0.0,False,3,0.0,0.0,0.0,0.0,DORMANT,,,0.0,,0.0,,,0.0,,,0.0,,0.0,,,0.0
500184788,HT WC COL FLOWMETER(L),TCB,"ASM-Pacific,Phoenix",Order to Demand,,1182.6,25.0,4,0.5,202407,202601,18,False,0.0,0.0,0.0,False,0.0,0.0,,0.0,,0.0,,0.0,False,4,0.0,0.0,0.0,0.0,DORMANT,0.0,,0.0,,0.0,,,0.0,0.0,,0.0,,0.0,,,0.0
500184789,"MODULE,CJC,ASSY",TCB,"ASM-Pacific,Phoenix;ASM-Pacific,Firebird",Order to Demand,shared with XG756,71.68,15.0,3,0.375,202409,202601,16,False,0.0,0.0,0.0,False,0.0,0.0,,0.0,,0.0,,0.0,False,3,0.0,0.0,0.0,0.0,DORMANT,,,0.0,,0.0,,,0.0,,,0.0,,0.0,,,0.0
500184791,MARKIIIS DRIVER MODULE,TCB,"ASM-Pacific,Phoenix",Order To Max,,1058.92,25.0,3,0.375,202409,202601,16,False,0.0,0.0,0.0,False,0.0,0.0,,0.0,,0.0,,0.0,False,3,0.0,0.0,0.0,0.0,DORMANT,,,0.0,,0.0,,,0.0,,,0.0,,0.0,,,0.0
500184792,MINISIO MODULE,TCB,"ASM-Pacific,Phoenix",Order to Demand,,203.81,25.0,3,0.375,202409,202601,16,False,0.0,0.0,0.0,False,0.0,0.0,,0.0,,0.0,,0.0,False,3,0.0,0.0,0.0,0.0,DORMANT,,,0.0,,0.0,,,0.0,,,0.0,,0.0,,,0.0
500184793,"MODULE,POWER,CONTROL,NDIII",TCB,"ASM-Pacific,Phoenix",Order to Demand,,2704.17,15.0,3,0.375,202410,202601,15,False,0.0,0.0,0.0,False,0.0,0.0,,0.0,,0.0,,0.0,False,3,0.0,0.0,0.0,0.0,DORMANT,,,,0.0,0.0,,,0.0,,,,0.0,0.0,,,0.0
500184794,"MODULE,POWER,CONTROL,NDIII",TCB,"ASM,TCB,Y-SHUTTLE;ASM-Pacific,Phoenix",Order to Demand,,2865.97,10.0,3,0.375,202409,202601,16,False,0.0,0.0,0.0,False,0.0,0.0,,0.0,,0.0,,0.0,False,3,0.0,0.0,0.0,0.0,DORMANT,,,0.0,,0.0,,,0.0,,,0.0,,0.0,,,0.0
500184795,LITEC AAD2 MODULE_PH,TCB,"ASM-Pacific,Phoenix;ASM,TCB,Y-SHUTTLE",Order To Max,,1017.0,25.0,3,0.375,202409,202601,16,False,0.0,0.0,0.0,False,0.0,0.0,,0.0,,0.0,,0.0,False,3,0.0,0.0,0.0,0.0,DORMANT,,,0.0,,0.0,,,0.0,,,0.0,,0.0,,,0.0
500184796,NDIII CONTROLPOWERMODULE,TCB,"ASM-Pacific,Phoenix",Order to Demand,,3707.02,15.0,3,0.375,202409,202601,16,False,0.0,0.0,0.0,False,0.0,0.0,,0.0,,0.0,,0.0,False,3,0.0,0.0,0.0,0.0,DORMANT,,,0.0,,0.0,,,0.0,,,0.0,,0.0,,,0.0
500184797,NDIII CONTROLPOWERMODULE,TCB,"ASM-Pacific,Phoenix",Order to Demand,,3542.02,62.0,3,0.375,202409,202601,16,False,0.0,0.0,0.0,False,0.0,0.0,,0.0,,0.0,,0.0,False,3,0.0,0.0,0.0,0.0,DORMANT,,,0.0,,0.0,,,0.0,,,0.0,,0.0,,,0.0
500184798,NDIII CONTROLPOWERMODULE,TCB,"ASM-Pacific,Phoenix",Order to Demand,,3071.03,15.0,3,0.375,202409,202601,16,False,0.0,0.0,0.0,False,0.0,0.0,,0.0,,0.0,,0.0,False,3,0.0,0.0,0.0,0.0,DORMANT,,,0.0,,0.0,,,0.0,,,0.0,,0.0,,,0.0
500184800,"MODULE,POWER,NUDRIVE-III",TCB,"ASM-Pacific,Phoenix",Order to Demand,,2512.73,38.0,3,0.375,202409,202601,16,False,0.0,0.0,0.0,False,0.0,0.0,,0.0,,0.0,,0.0,False,3,0.0,0.0,0.0,0.0,DORMANT,,,0.0,,0.0,,,0.0,,,0.0,,0.0,,,0.0
500184801,"MODULE,POWER,NUDRIVE-III",TCB,"TCB_Generic;Generic;ASM-Pacific, Falcon;ASM-Pacific,Phoenix;ASM Pacific,BP3000",Order to Demand,,2330.91,15.0,1,0.125,202601,202601,0,True,0.0,0.0,0.0,False,0.0,0.0,,0.0,,,,,False,1,0.0,0.0,0.0,0.0,SINGLE_SNAPSHOT,,,,,,,,0.0,,,,,,,,0.0
500184802,NUDRIVE-III POWER MODULE,TCB,"ASM-Pacific,Phoenix",Order to Demand,,1301.62,15.0,3,0.375,202409,202601,16,False,0.0,0.0,0.0,False,0.0,0.0,,0.0,,0.0,,0.0,False,3,0.0,0.0,0.0,0.0,DORMANT,,,0.0,,0.0,,,0.0,,,0.0,,0.0,,,0.0
500184803,NUDRIVE-III POWER MODULE,TCB,"ASM-Pacific,Phoenix",Order To Max,,2150.68,45.0,3,0.375,202409,202601,16,False,0.0,0.0,0.0,False,0.0,0.0,,0.0,,0.0,,0.0,False,3,0.0,0.0,0.0,0.0,DORMANT,,,0.0,,0.0,,,0.0,,,0.0,,0.0,,,0.0
500184804,"MODULE,POWER,NUDRIVE-III",TCB,"ASM-Pacific, Falcon;ASM-Pacific,Phoenix",Order to Demand,,2161.09,15.0,2,0.25,202407,202601,18,False,0.0,0.0,0.0,False,0.0,0.0,,0.0,,0.0,,0.0,False,2,0.0,0.0,0.0,0.0,DORMANT,0.0,,,,,,,0.0,0.0,,,,,,,0.0
500184805,NUDRIVE-III POWER MODULE,TCB,"ASM-Pacific,Phoenix;ASMP ACW",Order to Demand,,3472.33,25.0,4,0.5,202407,202601,18,False,0.0,0.0,0.0,False,0.0,0.0,,0.0,,0.0,,0.0,False,4,0.0,0.0,0.0,0.0,DORMANT,0.0,,0.0,,0.0,,,0.0,0.0,,0.0,,0.0,,,0.0
500184807,STA-L Z MTR ASSY,TCB,"ASM-Pacific,Phoenix",Order to Demand,,718.2,25.0,4,0.5,202407,202601,18,False,0.0,0.0,0.0,False,0.0,0.0,,0.0,,0.0,,0.0,False,4,0.0,0.0,0.0,0.0,DORMANT,0.0,,0.0,,0.0,,,0.0,0.0,,0.0,,0.0,,,0.0
500184808,Z BUSHING MOTOR ASSY (RIGHT),TCB,"ASM-Pacific,Phoenix",Order to Demand,,1184.4,25.0,4,0.5,202407,202601,18,False,0.0,0.0,0.0,False,0.0,0.0,,0.0,,0.0,,0.0,False,4,0.0,0.0,0.0,0.0,DORMANT,0.0,,0.0,,0.0,,,0.0,0.0,,0.0,,0.0,,,0.0
500184809,MBH Z MTR ASSY,TCB,"ASM-Pacific,Phoenix",Order to Demand,,1239.3,38.0,3,0.375,202409,202601,16,False,0.0,0.0,0.0,False,0.0,0.0,,0.0,,0.0,,0.0,False,3,0.0,0.0,0.0,0.0,DORMANT,,,0.0,,0.0,,,0.0,,,0.0,,0.0,,,0.0
500184810,"OPTICS,ASSEMBLY,YSHUTTLE,FOV8",TCB,"ASM,TCB,Y-SHUTTLE;ASM-Pacific,Phoenix",Order to Demand,,2988.9,70.0,3,0.375,202409,202601,16,False,0.0,0.0,0.0,False,0.0,0.0,,0.0,,0.0,,0.0,False,3,0.0,0.0,0.0,0.0,DORMANT,,,0.0,,0.0,,,0.0,,,0.0,,0.0,,,0.0
500184811,MICROE LINEAR SCALE 10MM 303-00169,TCB,"ASM-Pacific,Firebird;ASMP ACW;ASM-Pacific,Phoenix",Order To Max,,217.87,25.0,4,0.5,202407,202601,18,False,0.0,0.0,0.0,True,0.0,0.0,,0.0,,0.0,,-0.1588,False,4,0.0,0.0,0.0,0.0,DORMANT,0.0,,0.0,,0.0,,,0.0,0.0,,0.0,,0.0,,,0.0
500184812,UP-LOOKING OPTICS W/ CG ASSY,TCB,"ASM-Pacific,Phoenix",Order to Demand,,7200.0,25.0,3,0.375,202409,202601,16,False,0.0,0.0,0.0,False,0.0,0.0,,0.0,,0.0,,0.0,False,3,0.0,0.0,0.0,0.0,DORMANT,,,0.0,,0.0,,,0.0,,,0.0,,0.0,,,0.0
500184813,SCALE LIF 401R ML 90 MM 373021-08,TCB,"ASM-Pacific,Phoenix",Order to Demand,,792.58,105.0,3,0.375,202409,202601,16,False,0.0,0.0,0.0,False,0.0,0.0,,0.0,,0.0,,0.0,False,3,0.0,0.0,0.0,0.0,DORMANT,,,0.0,,0.0,,,0.0,,,0.0,,0.0,,,0.0
500184817,"SENSOR,ASSEMBLY,SHUTTLE,LIMIT,Y,TAB",TCB,"ASM-Pacific,Phoenix",Order to Demand,,38.44,25.0,3,0.375,202409,202601,16,False,0.0,0.0,0.0,False,0.0,0.0,,0.0,,0.0,,0.0,False,3,0.0,0.0,0.0,0.0,DORMANT,,,0.0,,0.0,,,0.0,,,0.0,,0.0,,,0.0
500184818,POST HEAT STATION VAC SNR 1(L),TCB,"ASM-Pacific,Phoenix",Order to Demand,,157.5,25.0,4,0.5,202407,202601,18,False,0.0,0.0,0.0,False,0.0,0.0,,0.0,,0.0,,0.0,False,4,0.0,0.0,0.0,0.0,DORMANT,0.0,,0.0,,0.0,,,0.0,0.0,,0.0,,0.0,,,0.0
500184819,BH MISSING DIE SNR,TCB,"ASM-Pacific,Phoenix",Order to Demand,,305.18,15.0,4,0.5,202408,202601,17,False,0.0,0.0,0.0,False,0.0,0.0,,0.0,,0.0,,0.0595,False,4,0.0,0.0,0.0,0.0,DORMANT,,0.0,0.0,,0.0,,,0.0,,0.0,0.0,,0.0,,,0.0
500184820,"SENSOR,BONDHEAD,VACUUM,PRESSURE",TCB,"ASM-Pacific,Firebird;Generic;ASM-Pacific,Phoenix",Order To Max,,101.18,10.0,3,0.375,202409,202601,16,False,0.0,0.0,0.0,False,0.0,0.0,,0.0,,0.0,,0.0,False,3,0.0,0.0,0.0,0.0,DORMANT,,,0.0,,0.0,,,0.0,,,0.0,,0.0,,,0.0
500184821,CONTACT SENSOR ASSY,TCB,"ASM-Pacific,Phoenix",Order to Demand,shared with XG756,80.1,25.0,4,0.5,202407,202601,18,False,0.0,0.0,0.0,False,0.0,0.0,,0.0,,0.0,,0.0,False,4,0.0,0.0,0.0,0.0,DORMANT,0.0,,0.0,,0.0,,,0.0,0.0,,0.0,,0.0,,,0.0
500184822,CAP SENSOR ASSY,TCB,"ASM-Pacific,Phoenix",Order to Demand,,28006.2,25.0,3,0.375,202409,202601,16,False,0.0,0.0,0.0,False,0.0,0.0,,0.0,,0.0,,0.0,False,3,0.0,0.0,0.0,0.0,DORMANT,,,0.0,,0.0,,,0.0,,,0.0,,0.0,,,0.0
500184823,CARRIAGE AB FLOW SNR(L),TCB,"ASM-Pacific,Phoenix",Order to Demand,,896.4,25.0,4,0.5,202407,202601,18,False,0.0,0.0,0.0,False,0.0,0.0,,0.0,,0.0,,0.0,False,4,0.0,0.0,0.0,0.0,DORMANT,0.0,,0.0,,0.0,,,0.0,0.0,,0.0,,0.0,,,0.0
500184824,HEATED PEDESTAL VAC SNR 1(L),TCB,"ASM-Pacific,Phoenix",Order to Demand,,157.5,25.0,4,0.5,202407,202601,18,False,0.0,0.0,0.0,False,0.0,0.0,,0.0,,0.0,,0.0,False,4,0.0,0.0,0.0,0.0,DORMANT,0.0,,0.0,,0.0,,,0.0,0.0,,0.0,,0.0,,,0.0
500184825,"SENSOR,INPUT,SHUTTLE,CONVEYOR,IN",TCB,"ASM-Pacific,Phoenix",Order to Demand,,198.0,25.0,4,0.5,202407,202601,18,False,0.0,0.0,0.0,False,0.0,0.0,,0.0,,0.0,,0.0,False,4,0.0,0.0,0.0,0.0,DORMANT,0.0,,0.0,,0.0,,,0.0,0.0,,0.0,,0.0,,,0.0
500184826,"SENSOR,PHOTO,MICRO,EE-SX672",TCB,"Delta,OLB;ASM-Pacific,Phoenix",Order to Demand,shared with XG756,11.61,15.0,3,0.375,202410,202601,15,False,0.0,0.0,0.0,True,0.0,0.0,,0.0,,0.0,,-0.0704,False,3,0.0,0.0,0.0,0.0,DORMANT,,,,0.0,0.0,,,0.0,,,,0.0,0.0,,,0.0
500184827,PHOTOMICROSENSOR EE-SX673(A),TCB,"ASM-Pacific,Phoenix",Order to Demand,shared with XG756,14.01,15.0,3,0.375,202409,202601,16,False,0.0,0.0,0.0,False,0.0,0.0,,0.0,,0.0,,0.0,False,3,0.0,0.0,0.0,0.0,DORMANT,,,0.0,,0.0,,,0.0,,,0.0,,0.0,,,0.0
500184828,REFLECTIVE PHOTO SNR EE-SPY302,TCB,"ASM-Pacific,Phoenix",Order to Demand,shared with XG756,36.04,25.0,3,0.375,202409,202601,16,False,0.0,0.0,0.0,False,0.0,0.0,,0.0,,0.0,,0.0,False,3,0.0,0.0,0.0,0.0,DORMANT,,,0.0,,0.0,,,0.0,,,0.0,,0.0,,,0.0
500184829,CARRIAGE AB PRESS SNR(L),TCB,"ASM-Pacific,Phoenix",Order to Demand,,162.0,25.0,4,0.5,202407,202601,18,False,0.0,0.0,0.0,False,0.0,0.0,,0.0,,0.0,,0.0,False,4,0.0,0.0,0.0,0.0,DORMANT,0.0,,0.0,,0.0,,,0.0,0.0,,0.0,,0.0,,,0.0
500184830,"SERVO,ASSEMBLY,AC,ZCOLUMN",TCB,"ASM-Pacific,Phoenix",Order to Demand,,1239.3,60.0,3,0.375,202409,202601,16,False,0.0,0.0,0.0,False,0.0,0.0,,0.0,,0.0,,0.0,False,3,0.0,0.0,0.0,0.0,DORMANT,,,0.0,,0.0,,,0.0,,,0.0,,0.0,,,0.0
500184831,BH WEAK BLOW SOL,TCB,"ASM-Pacific,Phoenix",Order To Max,,119.34,25.0,3,0.375,202409,202601,16,False,0.0,2.0,2.0,True,0.667,0.943,1.414,2.0,,0.1336,0.2005,0.1336,False,3,2.0,2.0,2.0,0.667,INTERMITTENT,,,0.0,,0.0,,,2.0,,,0.0,,0.0,,,0.0
500184832,STA VAC SOL 1(L),TCB,"ASM-Pacific,Phoenix",Order to Demand,,150.3,25.0,3,0.375,202409,202601,16,False,0.0,0.0,0.0,False,0.0,0.0,,0.0,,0.0,,0.0,False,3,0.0,0.0,0.0,0.0,DORMANT,,,0.0,,0.0,,,0.0,,,0.0,,0.0,,,0.0
500184833,COS-L TOP CLAMP SOL,TCB,"ASM-Pacific,Phoenix",Order to Demand,,177.3,38.0,4,0.5,202407,202601,18,False,0.0,0.0,0.0,False,0.0,0.0,,0.0,,0.0,,0.0,False,4,0.0,0.0,0.0,0.0,DORMANT,0.0,,0.0,,0.0,,,0.0,0.0,,0.0,,0.0,,,0.0
500184834,HT WC COL SOL(L),TCB,"ASM-Pacific,Phoenix",Order to Demand,,152.64,25.0,4,0.5,202407,202601,18,False,0.0,0.0,0.0,False,0.0,0.0,,0.0,,0.0,,0.0,False,4,0.0,0.0,0.0,0.0,DORMANT,0.0,,0.0,,0.0,,,0.0,0.0,,0.0,,0.0,,,0.0
500184835,IMPINGING COOLING SOL,TCB,"ASM-Pacific,Phoenix",Order to Demand,,134.56,25.0,3,0.375,202409,202601,16,False,0.0,0.0,0.0,False,0.0,0.0,,0.0,,0.0,,0.0,False,3,0.0,0.0,0.0,0.0,DORMANT,,,0.0,,0.0,,,0.0,,,0.0,,0.0,,,0.0
500184836,BH VAC SOL,TCB,"ASM-Pacific,Phoenix",Order to Demand,,121.75,55.0,5,0.625,202407,202601,18,False,0.0,2.0,6.0,True,1.6,2.332,1.458,2.0,,0.0018,0.0011,-0.3437,False,5,2.0,2.0,5.0,1.0,INTERMITTENT,0.0,6.0,0.0,,0.0,,,2.0,0.0,3.0,0.0,,0.0,,,0.0
500184838,CARRIAGE VAC PRELOAD SOL(L),TCB,"ASM-Pacific,Phoenix",Order to Demand,,163.8,25.0,4,0.5,202407,202601,18,False,0.0,0.0,0.0,False,0.0,0.0,,0.0,,0.0,,0.0,False,4,0.0,0.0,0.0,0.0,DORMANT,0.0,,0.0,,0.0,,,0.0,0.0,,0.0,,0.0,,,0.0
500184839,COLLET CHANGE VAC SOL,TCB,"ASM-Pacific,Firebird;ASM-Pacific,Phoenix",Order to Demand,,130.56,15.0,3,0.375,202408,202601,17,False,4.0,0.0,4.0,True,1.667,1.7,1.02,-4.0,-1.0,-0.1962,-0.1177,-0.3101,False,3,1.0,1.0,4.0,1.333,DECREASING,,4.0,,,1.0,,,0.0,,2.0,,,1.0,,,0.0
500184840,COS-L PRELOAD SOL,TCB,"ASM-Pacific,Phoenix",Order to Demand,,135.9,25.0,4,0.5,202407,202601,18,False,0.0,0.0,0.0,False,0.0,0.0,,0.0,,0.0,,0.0,False,4,0.0,0.0,0.0,0.0,DORMANT,0.0,,0.0,,0.0,,,0.0,0.0,,0.0,,0.0,,,0.0
500184841,"SMPS 600W UNIV>24V3AX2,24V2.5A,24V5.5AX3",TCB,"ASM-Pacific,Phoenix;ASM,TCB,Y-SHUTTLE;ASMP ACW",Order To Max,,1014.06,15.0,4,0.5,202407,202601,18,False,0.0,0.0,0.0,False,0.0,0.0,,0.0,,0.0,,0.0,False,4,0.0,0.0,0.0,0.0,DORMANT,0.0,,0.0,,0.0,,,0.0,0.0,,0.0,,0.0,,,0.0
500184843,LNPS 4KVA 12AX3 AUTO OFF-NO MCB,TCB,"ASM-Pacific,Phoenix",Order To Max,,1144.62,115.0,3,0.375,202410,202601,15,False,0.0,0.0,0.0,False,0.0,0.0,,0.0,,0.0,,0.0,False,3,0.0,0.0,0.0,0.0,DORMANT,,,,0.0,0.0,,,0.0,,,,0.0,0.0,,,0.0
500184844,"SUPPLY,POWER,24V,48V",TCB,"ASM-Pacific,Phoenix",Order to Demand,,2122.65,15.0,3,0.375,202409,202601,16,False,0.0,0.0,0.0,False,0.0,0.0,,0.0,,0.0,,0.0,False,3,0.0,0.0,0.0,0.0,DORMANT,,,0.0,,0.0,,,0.0,,,0.0,,0.0,,,0.0
500184845,HT LNPS 7KVA 110V&40V&220V,TCB,"ASM-Pacific,Phoenix;GENERIC",Order to Demand,,2281.96,55.0,4,0.5,202407,202601,18,False,0.0,0.0,0.0,False,0.0,0.0,,0.0,,0.0,,0.0,False,4,0.0,0.0,0.0,0.0,DORMANT,0.0,,0.0,,0.0,,,0.0,0.0,,0.0,,0.0,,,0.0
500184846,LNPS 115V/230V> ND AUTO OFF W SF START,TCB,"ASM-Pacific,Phoenix",Order To Max,,2153.7,25.0,4,0.5,202407,202412,5,False,0.0,0.0,1.0,True,0.25,0.433,1.732,0.0,,-0.0714,-0.2857,-0.0714,False,4,0.0,0.0,0.0,0.0,INTERMITTENT,0.0,1.0,0.0,,0.0,,,,0.0,0.0,0.0,,0.0,,,
500184847,"SUPPLY,POWER,MOTOR,SMPS,1KW,UNIVERSAL",TCB,"ASM-Pacific,Phoenix",Order to Demand,,2326.1,15.0,3,0.375,202410,202601,15,False,0.0,0.0,0.0,False,0.0,0.0,,0.0,,0.0,,0.0,False,3,0.0,0.0,0.0,0.0,DORMANT,,,,0.0,0.0,,,0.0,,,,0.0,0.0,,,0.0
500184848,"SUPPLY,POWER,SMPS,150VDC,800W",TCB,"ASM-Pacific,Phoenix",Order to Demand,,1577.97,15.0,3,0.375,202409,202601,16,False,0.0,0.0,0.0,False,0.0,0.0,,0.0,,0.0,,0.0,False,3,0.0,0.0,0.0,0.0,DORMANT,,,0.0,,0.0,,,0.0,,,0.0,,0.0,,,0.0
500184849,AIR SUPPLY I SWITCH,TCB,"GENERIC;ASM-Pacific,Phoenix",Order to Demand,,274.5,25.0,4,0.5,202407,202601,18,False,0.0,0.0,0.0,False,0.0,0.0,,0.0,,0.0,,0.0,False,4,0.0,0.0,0.0,0.0,DORMANT,0.0,,0.0,,0.0,,,0.0,0.0,,0.0,,0.0,,,0.0
500184850,VCM AIR BEARING SWITCH,TCB,"ASM-Pacific,Phoenix;GENERIC",Order to Demand,,244.3,25.0,4,0.5,202407,202601,18,False,0.0,0.0,0.0,False,0.0,0.0,,0.0,,0.0,,0.0,False,4,0.0,0.0,0.0,0.0,DORMANT,0.0,,0.0,,0.0,,,0.0,0.0,,0.0,,0.0,,,0.0
500184851,BH MISSING DIE SWITCH,TCB,"ASM-Pacific,Phoenix;GENERIC",Order to Demand,,1099.77,25.0,3,0.375,202409,202601,16,False,0.0,0.0,0.0,False,0.0,0.0,,0.0,,0.0,,0.0,False,3,0.0,0.0,0.0,0.0,DORMANT,,,0.0,,0.0,,,0.0,,,0.0,,0.0,,,0.0
500184852,BO AIR BEARING FLOW SWITCH,TCB,"ASM-Pacific,Phoenix;GENERIC",Order to Demand,,680.4,25.0,4,0.5,202407,202601,18,False,0.0,0.0,0.0,False,0.0,0.0,,0.0,,0.0,,0.0,False,4,0.0,0.0,0.0,0.0,DORMANT,0.0,,0.0,,0.0,,,0.0,0.0,,0.0,,0.0,,,0.0
500184853,CARRIAGE VAC PRELOAD SWITCH(L),TCB,"ASM-Pacific,Phoenix;GENERIC",Order to Demand,,274.5,25.0,4,0.5,202407,202601,18,False,0.0,0.0,0.0,False,0.0,0.0,,0.0,,0.0,,0.0,False,4,0.0,0.0,0.0,0.0,DORMANT,0.0,,0.0,,0.0,,,0.0,0.0,,0.0,,0.0,,,0.0
500184854,BD STAGE AB FLOW SWITCH(L),TCB,"GENERIC;ASM-Pacific,Phoenix",Order to Demand,,680.4,38.0,4,0.5,202407,202601,18,False,0.0,0.0,0.0,False,0.0,0.0,,0.0,,0.0,,0.0,False,4,0.0,0.0,0.0,0.0,DORMANT,0.0,,0.0,,0.0,,,0.0,0.0,,0.0,,0.0,,,0.0
500184855,BD STAGE AB FLOW SWITCH(R),TCB,"ASM-Pacific,Phoenix;GENERIC",Order to Demand,,680.4,25.0,4,0.5,202407,202601,18,False,0.0,0.0,0.0,False,0.0,0.0,,0.0,,0.0,,0.0,False,4,0.0,0.0,0.0,0.0,DORMANT,0.0,,0.0,,0.0,,,0.0,0.0,,0.0,,0.0,,,0.0
500184856,CARRIAGE VAC PRELOAD FLOW SWITCH,TCB,"ASM-Pacific,Phoenix;GENERIC",Order to Demand,,684.9,25.0,4,0.5,202407,202601,18,False,0.0,0.0,0.0,False,0.0,0.0,,0.0,,0.0,,0.0,False,4,0.0,0.0,0.0,0.0,DORMANT,0.0,,0.0,,0.0,,,0.0,0.0,,0.0,,0.0,,,0.0
500184857,"SWITCH,PRESS,BOND,STAGE,AB,L",TCB,"ASM-Pacific,Phoenix;GENERIC",Order to Demand,,378.87,25.0,3,0.375,202409,202601,16,False,0.0,0.0,0.0,False,0.0,0.0,,0.0,,0.0,,0.0,False,3,0.0,0.0,0.0,0.0,DORMANT,,,0.0,,0.0,,,0.0,,,0.0,,0.0,,,0.0
500184858,Z COLUMN AIR BEARING PRESS SWITCH,TCB,"GENERIC;ASM-Pacific,Phoenix",Order to Demand,,378.87,25.0,4,0.5,202407,202601,18,False,0.0,0.0,0.0,False,0.0,0.0,,0.0,,0.0,,0.0,False,4,0.0,0.0,0.0,0.0,DORMANT,0.0,,0.0,,0.0,,,0.0,0.0,,0.0,,0.0,,,0.0
500184859,AUTOCOL AIR PRESS SWITCH,TCB,"GENERIC;ASM-Pacific,Phoenix",Order to Demand,,333.9,25.0,4,0.5,202407,202601,18,False,0.0,0.0,0.0,False,0.0,0.0,,0.0,,0.0,,0.0,False,4,0.0,0.0,0.0,0.0,DORMANT,0.0,,0.0,,0.0,,,0.0,0.0,,0.0,,0.0,,,0.0
500184860,BH VAC PRESS SWITCH,TCB,"ASM-Pacific,Phoenix;GENERIC",Order to Demand,,222.67,15.0,3,0.375,202409,202601,16,False,0.0,0.0,0.0,False,0.0,0.0,,0.0,,0.0,,0.0,False,3,0.0,0.0,0.0,0.0,DORMANT,,,0.0,,0.0,,,0.0,,,0.0,,0.0,,,0.0
500184861,TCB PEDESTAL THERMOCOUPLE 1,TCB,"ASM-Pacific,Phoenix;GENERIC",Order to Demand,,96.12,25.0,4,0.5,202407,202601,18,False,0.0,0.0,0.0,False,0.0,0.0,,0.0,,0.0,,0.0,False,4,0.0,0.0,0.0,0.0,DORMANT,0.0,,0.0,,0.0,,,0.0,0.0,,0.0,,0.0,,,0.0
500184862,TIP/ TILT ASSY,TCB,"GENERIC;ASM-Pacific,Phoenix",Order to Demand,,30727.8,70.0,3,0.375,202409,202601,16,False,0.0,0.0,0.0,False,0.0,0.0,,0.0,,0.0,,0.0,False,3,0.0,0.0,0.0,0.0,DORMANT,,,0.0,,0.0,,,0.0,,,0.0,,0.0,,,0.0
500184863,TIP TILT MICRO-E ELE ASSY,TCB,"ASM-Pacific,Firebird;Generic;ASM-Pacific,Phoenix",Order to Demand,,1223.12,55.0,3,0.375,202409,202601,16,False,0.0,0.0,0.0,False,0.0,0.0,,0.0,,0.0,,0.0,False,3,0.0,0.0,0.0,0.0,DORMANT,,,0.0,,0.0,,,0.0,,,0.0,,0.0,,,0.0
500184864,DIE TRANSFER/PCIK ARM VAC SWITCH,TCB,"GENERIC;ASM-Pacific,Phoenix",Order to Demand,shared with XG756,379.67,25.0,4,0.5,202407,202601,18,False,0.0,0.0,0.0,False,0.0,0.0,,0.0,,0.0,,0.0,False,4,0.0,0.0,0.0,0.0,DORMANT,0.0,,0.0,,0.0,,,0.0,0.0,,0.0,,0.0,,,0.0
500184865,"TRANSFORMER,ASSY,110V,220V",TCB,"GENERIC;ASM-Pacific,Phoenix",Order to Demand,,711.28,10.0,3,0.375,202409,202601,16,False,0.0,0.0,0.0,False,0.0,0.0,,0.0,,0.0,,0.0,False,3,0.0,0.0,0.0,0.0,DORMANT,,,0.0,,0.0,,,0.0,,,0.0,,0.0,,,0.0
500184923,O2 ANALYZER ASSY,TCB,"ASM-Pacific,Phoenix;ASMP ACW;ASM-Pacific,Firebird",Order To Max,shared with XG756,2480.0,10.0,3,0.375,202409,202601,16,False,0.0,0.0,0.0,True,0.0,0.0,,0.0,,0.0,,0.023,False,3,1.0,1.0,1.0,0.333,DORMANT,,,0.0,,0.0,,,0.0,,,0.0,,0.0,,,0.0
500184927,X32 TAPE FEEDER,TCB,"ASM-Pacific,Phoenix",Order to Demand,,2090.61,25.0,3,0.375,202409,202601,16,False,0.0,0.0,0.0,False,0.0,0.0,,0.0,,0.0,,0.0,False,3,0.0,0.0,0.0,0.0,DORMANT,,,0.0,,0.0,,,0.0,,,0.0,,0.0,,,0.0
500184928,AIR FILTER AF20-A SERIES,TCB,"ASM-Pacific,Firebird;ASMP ACW;ASM-Pacific,Phoenix",Order to Demand,,33.64,25.0,4,0.5,202407,202601,18,False,0.0,0.0,0.0,False,0.0,0.0,,0.0,,0.0,,0.0,False,4,0.0,0.0,0.0,0.0,DORMANT,0.0,,0.0,,0.0,,,0.0,0.0,,0.0,,0.0,,,0.0
500184929,AIR FILTER,TCB,"ASM-Pacific,Firebird;ASMP ACW;ASM-Pacific,Phoenix",Order to Demand,shared with XG756,17.22,10.0,3,0.375,202409,202601,16,False,0.0,0.0,0.0,False,0.0,0.0,,0.0,,0.0,,0.0,False,3,0.0,0.0,0.0,0.0,DORMANT,,,0.0,,0.0,,,0.0,,,0.0,,0.0,,,0.0
500184930,CLEAN AIR FILTER SFD100-C06,TCB,"ASMP ACW;ASM-Pacific,Phoenix",Order To Max,,161.55,25.0,3,0.375,202409,202601,16,False,0.0,0.0,7.0,True,2.333,3.3,1.414,0.0,,-0.1613,-0.0691,0.6406,False,3,12.0,12.0,19.0,6.333,INTERMITTENT,,,0.0,,7.0,,,0.0,,,0.0,,0.0,,,0.0
500184931,"FILTER,ULPA,999995,0.12UM,ASTROCELII",TCB,"ASM-Pacific,Phoenix",Order to Demand,,712.89,15.0,4,0.5,202408,202601,17,False,1.0,0.0,1.0,True,0.25,0.433,1.732,-1.0,-1.0,-0.0297,-0.1189,-0.0297,False,4,0.0,0.0,0.0,0.0,INTERMITTENT,,1.0,0.0,,0.0,,,0.0,,0.0,0.0,,0.0,,,0.0
500184932,RUBBER GASKET W/TAPE 7/32INCH X 3/8INCH,TCB,"ASM-Pacific,Phoenix",Order to Demand,,8.1,70.0,3,0.375,202409,202601,16,False,0.0,0.0,0.0,False,0.0,0.0,,0.0,,0.0,,0.0,False,3,0.0,0.0,0.0,0.0,DORMANT,,,0.0,,0.0,,,0.0,,,0.0,,0.0,,,0.0
500184933,SEALING HEAD (VITON; OD=4; H=4),TCB,"ASM-Pacific,Phoenix",Order to Demand,,17.1,25.0,3,0.375,202409,202601,16,False,0.0,0.0,0.0,False,0.0,0.0,,0.0,,0.0,,0.0,False,3,0.0,0.0,0.0,0.0,DORMANT,,,0.0,,0.0,,,0.0,,,0.0,,0.0,,,0.0
500184934,IN-LINE VACUUM FILTER ZFC 100-048,TCB,"ASM-Pacific,Phoenix;ASMP ACW",Order To Max,shared with XG756,29.63,55.0,4,0.5,202408,202601,17,False,0.0,0.0,0.0,True,0.0,0.0,,0.0,,0.0,,-0.1541,False,4,0.0,2.0,0.0,0.0,DORMANT,,0.0,0.0,,0.0,,,0.0,,0.0,0.0,,0.0,,,0.0
500184935,IONIZER ASSEMBLY (BAR TYPE),TCB,"ASM-Pacific,Phoenix",Order to Demand,,3604.5,25.0,3,0.375,202409,202601,16,False,0.0,0.0,0.0,False,0.0,0.0,,0.0,,0.0,,0.0,False,3,0.0,0.0,0.0,0.0,DORMANT,,,0.0,,0.0,,,0.0,,,0.0,,0.0,,,0.0
500184936,NOZZLE - 2057 CPL.,TCB,"ASM-Pacific,Phoenix",Order to Demand,,86.5,25.0,3,0.375,202409,202601,16,False,0.0,0.0,0.0,False,0.0,0.0,,0.0,,0.0,,0.0,False,3,0.0,0.0,0.0,0.0,DORMANT,,,0.0,,0.0,,,0.0,,,0.0,,0.0,,,0.0
500184937,IONIZER CABLE ASSY,TCB,"ASM-Pacific,Phoenix",Order to Demand,,2520.0,55.0,3,0.375,202409,202601,16,False,0.0,0.0,0.0,False,0.0,0.0,,0.0,,0.0,,0.0,False,3,0.0,0.0,0.0,0.0,DORMANT,,,0.0,,0.0,,,0.0,,,0.0,,0.0,,,0.0
500184938,"NOZZLE,2821CPL",TCB,"ASM-Pacific,Phoenix",Order to Demand,,56.07,25.0,3,0.375,202409,202601,16,False,0.0,0.0,0.0,False,0.0,0.0,,0.0,,0.0,,0.0,False,3,0.0,0.0,0.0,0.0,DORMANT,,,0.0,,0.0,,,0.0,,,0.0,,0.0,,,0.0
500184939,(DTA) ARRAY PATTERN NOZZLE PLATFORM,TCB,"ASM-Pacific,Phoenix",Order to Demand,,270.0,25.0,3,0.375,202409,202601,16,False,0.0,0.0,0.0,False,0.0,0.0,,0.0,,0.0,,0.0,False,3,0.0,0.0,0.0,0.0,DORMANT,,,0.0,,0.0,,,0.0,,,0.0,,0.0,,,0.0
500184940,O-RING 1.5 X 4 ID MM,TCB,"ASM-Pacific,Phoenix",Order to Demand,shared with XG756,1.35,70.0,4,0.5,202407,202601,18,False,1.0,0.0,1.0,True,0.25,0.433,1.732,-1.0,-1.0,-0.0318,-0.1271,-0.0318,False,4,0.0,0.0,0.0,0.0,INTERMITTENT,1.0,,0.0,,0.0,,,0.0,0.0,,0.0,,0.0,,,0.0
500184941,O-RING 1X ID12 MM,TCB,"ASM-Pacific,Phoenix",Order to Demand,,0.9,25.0,4,0.5,202408,202601,17,False,0.0,0.0,0.0,True,0.0,0.0,,0.0,,0.0,,-0.2973,False,4,0.0,0.0,0.0,0.0,DORMANT,,0.0,0.0,,0.0,,,0.0,,0.0,0.0,,0.0,,,0.0
500184942,O-RING 1.00 X 6.00 ID FKM,TCB,"ASM-Pacific,Firebird;ASM-Pacific,Phoenix",Order to Demand,shared with XG756,0.8,10.0,4,0.5,202407,202601,18,False,0.0,0.0,0.0,False,0.0,0.0,,0.0,,0.0,,0.0,False,4,0.0,0.0,0.0,0.0,DORMANT,0.0,,0.0,,0.0,,,0.0,0.0,,0.0,,0.0,,,0.0
500184943,O-RING 1.00 X 137.00 ID 70 BN,TCB,"ASM-Pacific,Phoenix",Order to Demand,,3.6,25.0,3,0.375,202409,202601,16,False,0.0,0.0,0.0,False,0.0,0.0,,0.0,,0.0,,0.0,False,3,0.0,0.0,0.0,0.0,DORMANT,,,0.0,,0.0,,,0.0,,,0.0,,0.0,,,0.0
500184944,O-RING 3 X 24 ID MM,TCB,"ASM-Pacific,Phoenix",Order to Demand,,1.35,25.0,3,0.375,202409,202601,16,False,0.0,0.0,0.0,False,0.0,0.0,,0.0,,0.0,,0.0,False,3,0.0,0.0,0.0,0.0,DORMANT,,,0.0,,0.0,,,0.0,,,0.0,,0.0,,,0.0
500184945,O-RING 1.8 X 6.00 ID 70 SILICONE,TCB,"ASM-Pacific,Phoenix;Generic;ASM Pacific,BP3000",Order to Demand,shared with XG756,1.6,15.0,3,0.375,202409,202601,16,False,0.0,0.0,0.0,False,0.0,0.0,,0.0,,0.0,,0.0,False,3,0.0,0.0,0.0,0.0,DORMANT,,,0.0,,0.0,,,0.0,,,0.0,,0.0,,,0.0
500184946,O-RING 1 X 3.00 ID 70 SILICONE,TCB,"ASM-Pacific,Phoenix;ASM-Pacific,Firebird",Order to Demand,shared with XG756,3.2,10.0,4,0.5,202407,202601,18,False,0.0,0.0,0.0,False,0.0,0.0,,0.0,,0.0,,0.0,False,4,0.0,0.0,0.0,0.0,DORMANT,0.0,,0.0,,0.0,,,0.0,0.0,,0.0,,0.0,,,0.0
500184947,"ORING,SILICONE,1X5ID,70",TCB,"GENERIC;ASM-Pacific,Phoenix",Order to Demand,,2.7,38.0,3,0.375,202409,202601,16,False,0.0,0.0,0.0,False,0.0,0.0,,0.0,,0.0,,0.0,False,3,0.0,0.0,0.0,0.0,DORMANT,,,0.0,,0.0,,,0.0,,,0.0,,0.0,,,0.0
500184948,O-RING 0.60 X 2.50ID 75 VITON,TCB,"ASM-Pacific,Phoenix;ASM-Pacific,Firebird",Order to Demand,shared with XG756,13.61,10.0,4,0.5,202408,202601,17,False,0.0,0.0,0.0,True,0.0,0.0,,0.0,,0.0,,-0.4459,False,4,0.0,0.0,0.0,0.0,DORMANT,,0.0,0.0,,0.0,,,0.0,,0.0,0.0,,0.0,,,0.0
500184949,O-RING 1 X 12.2 ID 70 VITON,TCB,"ASM-Pacific,Phoenix",Order to Demand,,6.3,25.0,3,0.375,202409,202601,16,False,0.0,0.0,0.0,False,0.0,0.0,,0.0,,0.0,,0.0,False,3,0.0,0.0,0.0,0.0,DORMANT,,,0.0,,0.0,,,0.0,,,0.0,,0.0,,,0.0
500184950,O-RING 8X1 70 VITON,TCB,"ASM-Pacific,Phoenix",Order to Demand,,5.4,25.0,3,0.375,202409,202601,16,False,0.0,0.0,0.0,False,0.0,0.0,,0.0,,0.0,,0.0,False,3,0.0,0.0,0.0,0.0,DORMANT,,,0.0,,0.0,,,0.0,,,0.0,,0.0,,,0.0
500184951,O-RING 1 X 32 ID 70 VITON,TCB,"ASM-Pacific,Phoenix",Order to Demand,,12.6,25.0,3,0.375,202409,202601,16,False,0.0,0.0,0.0,False,0.0,0.0,,0.0,,0.0,,0.0,False,3,0.0,0.0,0.0,0.0,DORMANT,,,0.0,,0.0,,,0.0,,,0.0,,0.0,,,0.0
500184952,"SEAL,VACUUM,ID4MM",TCB,"GENERIC;ASM-Pacific,Phoenix",Order to Demand,,16.02,15.0,3,0.375,202409,202601,16,False,0.0,0.0,0.0,False,0.0,0.0,,0.0,,0.0,,0.0,False,3,0.0,0.0,0.0,0.0,DORMANT,,,0.0,,0.0,,,0.0,,,0.0,,0.0,,,0.0
500184953,"VITON COLLECT (OD4, 8, ID 4) SHORE A60",TCB,"ASM-Pacific,Phoenix",Order to Demand,,2.7,25.0,3,0.375,202409,202601,16,False,0.0,0.0,0.0,False,0.0,0.0,,0.0,,0.0,,0.0,False,3,0.0,0.0,0.0,0.0,DORMANT,,,0.0,,0.0,,,0.0,,,0.0,,0.0,,,0.0
500184954,"SUCTION CUP,VITON,OD2.6,ID2.2.",TCB,"ASM-Pacific,Phoenix",Order to Demand,,2.7,38.0,3,0.375,202409,202601,16,False,0.0,0.0,0.0,False,0.0,0.0,,0.0,,0.0,,0.0,False,3,0.0,0.0,0.0,0.0,DORMANT,,,0.0,,0.0,,,0.0,,,0.0,,0.0,,,0.0
500184955,COMPRESSION SPRING D10800         [54B7],TCB,"GENERIC;ASM-Pacific,Phoenix",Order to Demand,,4.5,25.0,3,0.375,202409,202601,16,False,0.0,0.0,0.0,False,0.0,0.0,,0.0,,0.0,,0.0,False,3,0.0,0.0,0.0,0.0,DORMANT,,,0.0,,0.0,,,0.0,,,0.0,,0.0,,,0.0
500184956,EXTENSION SPRING E1000-125-3000-S,TCB,"ASM-Pacific,Phoenix;GENERIC",Order to Demand,,51.3,25.0,3,0.375,202409,202601,16,False,0.0,0.0,0.0,False,0.0,0.0,,0.0,,0.0,,0.0,False,3,0.0,0.0,0.0,0.0,DORMANT,,,0.0,,0.0,,,0.0,,,0.0,,0.0,,,0.0
500184957,EXTENSION SPRING T32110,TCB,"Generic;ASM-Pacific,Phoenix;ASM-Pacific,Firebird",Order to Demand,shared with XG756,12.01,15.0,4,0.5,202407,202601,18,False,0.0,0.0,0.0,False,0.0,0.0,,0.0,,0.0,,0.0,False,4,0.0,0.0,0.0,0.0,DORMANT,0.0,,0.0,,0.0,,,0.0,0.0,,0.0,,0.0,,,0.0
500184958,EXTENSION SPRING T32030,TCB,"ASM-Pacific,Phoenix;GENERIC",Order to Demand,,6.75,25.0,3,0.375,202409,202601,16,False,0.0,0.0,0.0,False,0.0,0.0,,0.0,,0.0,,0.0,False,3,0.0,0.0,0.0,0.0,DORMANT,,,0.0,,0.0,,,0.0,,,0.0,,0.0,,,0.0
500184960,EXTENSION SPRING T41960,TCB,"ASM-Pacific,Phoenix;GENERIC",Order to Demand,shared with XG756,7.6,15.0,4,0.5,202407,202601,18,False,0.0,0.0,0.0,False,0.0,0.0,,0.0,,0.0,,0.0,False,4,0.0,0.0,0.0,0.0,DORMANT,0.0,,0.0,,0.0,,,0.0,0.0,,0.0,,0.0,,,0.0
500184961,(WH) LEVEL ADJ SPRING,TCB,"ASM-Pacific,Phoenix;Generic;ASM,TCB,Y-SHUTTLE",Order to Demand,,2.4,25.0,3,0.375,202409,202601,16,False,0.0,0.0,0.0,False,0.0,0.0,,0.0,,0.0,,0.0,False,3,0.0,0.0,0.0,0.0,DORMANT,,,0.0,,0.0,,,0.0,,,0.0,,0.0,,,0.0
500184962,DEW POINT INDICATOR KIT IDG-DP01,TCB,"ASM-Pacific,Phoenix",Order to Demand,,77.4,25.0,3,0.375,202409,202601,16,False,0.0,0.0,0.0,False,0.0,0.0,,0.0,,0.0,,0.0,False,3,0.0,0.0,0.0,0.0,DORMANT,,,0.0,,0.0,,,0.0,,,0.0,,0.0,,,0.0
500184963,AIR DRYER MEMBRANE IDG-EL5,TCB,"ASM-Pacific,Phoenix",Order to Demand,,605.7,25.0,3,0.375,202409,202601,16,False,0.0,0.0,0.0,False,0.0,0.0,,0.0,,0.0,,0.0,False,3,0.0,0.0,0.0,0.0,DORMANT,,,0.0,,0.0,,,0.0,,,0.0,,0.0,,,0.0
500184964,VACUUM FILTER W/FITTING ZFC54-B,TCB,"ASMP ACW;ASM-Pacific,Phoenix",Order To Max,,14.15,47.0,3,0.375,202409,202601,16,False,0.0,0.0,0.0,False,0.0,0.0,,0.0,,0.0,,0.0,False,3,0.0,0.0,0.0,0.0,DORMANT,,,0.0,,0.0,,,0.0,,,0.0,,0.0,,,0.0
500186224,(SM) BOND HEAD MODULE,TCB,"ASM-Pacific,Phoenix",Order to Demand,,53200.0,25.0,3,0.375,202409,202601,16,False,0.0,0.0,0.0,False,0.0,0.0,,0.0,,0.0,,0.0,False,3,0.0,0.0,0.0,0.0,DORMANT,,,0.0,,0.0,,,0.0,,,0.0,,0.0,,,0.0
500186235,LINEAR MOTOR COIL ASSY (14.5 MM TRAVEL),TCB,"ASM-Pacific,Phoenix",Order to Demand,,85.7,25.0,3,0.375,202409,202601,16,False,0.0,0.0,0.0,False,0.0,0.0,,0.0,,0.0,,0.0,False,3,0.0,0.0,0.0,0.0,DORMANT,,,0.0,,0.0,,,0.0,,,0.0,,0.0,,,0.0
500186236,"PC,VISION,ASSEMBLY",TCB,"ASM,TCB,Y-SHUTTLE;ASM-Pacific,Phoenix;ASM Pacific,BP3000;ASM-Pacific,Firebird",Order To Max,,2716.0,70.0,2,0.25,202409,202412,3,False,0.0,0.0,0.0,False,0.0,0.0,,0.0,,0.0,,0.0,False,2,0.0,0.0,0.0,0.0,DORMANT,,,0.0,,0.0,,,,,,0.0,,0.0,,,
500186237,WD20 0.42X FOV9.1X6.8 TELE LENS (SIDE),TCB,"ASM-Pacific,Phoenix",Order to Demand,,4382.27,25.0,3,0.375,202409,202601,16,False,0.0,0.0,0.0,False,0.0,0.0,,0.0,,0.0,,0.0,False,3,0.0,0.0,0.0,0.0,DORMANT,,,0.0,,0.0,,,0.0,,,0.0,,0.0,,,0.0
500186238,JOYSTICK CABLE ASSY,TCB,"ASM Pacific,BP3000;ASM-Pacific,Phoenix",Order to Demand,,67.28,25.0,3,0.375,202409,202601,16,False,0.0,0.0,0.0,False,0.0,0.0,,0.0,,0.0,,0.0,False,3,0.0,0.0,0.0,0.0,DORMANT,,,0.0,,0.0,,,0.0,,,0.0,,0.0,,,0.0
500186240,WORKCHUCK X MOTOR COIL ASSY (LEFT),TCB,"ASM-Pacific,Phoenix",Order to Demand,,345.6,55.0,4,0.5,202407,202601,18,False,0.0,0.0,0.0,False,0.0,0.0,,0.0,,0.0,,0.0,False,4,0.0,0.0,0.0,0.0,DORMANT,0.0,,0.0,,0.0,,,0.0,0.0,,0.0,,0.0,,,0.0
500186241,LEFT WC FRONT X ENC ASSY,TCB,"ASM-Pacific,Phoenix",Order to Demand,,4499.1,25.0,3,0.375,202409,202601,16,False,0.0,0.0,0.0,False,0.0,0.0,,0.0,,0.0,,0.0,False,3,0.0,0.0,0.0,0.0,DORMANT,,,0.0,,0.0,,,0.0,,,0.0,,0.0,,,0.0
500186242,BH Z ENCODER ASSY,TCB,"ASM-Pacific,Phoenix",Order to Demand,,4341.42,15.0,3,0.375,202410,202601,15,False,0.0,0.0,0.0,False,0.0,0.0,,0.0,,0.0,,0.0,False,3,0.0,0.0,0.0,0.0,DORMANT,,,,0.0,0.0,,,0.0,,,,0.0,0.0,,,0.0
500186245,XFM 13.2KVA 208..480VX3>110V/40V20AX2X3P,TCB,"GENERIC;ASM-Pacific,Phoenix",Order to Demand,,4180.41,15.0,3,0.375,202409,202601,16,False,0.0,0.0,0.0,False,0.0,0.0,,0.0,,0.0,,0.0,False,3,0.0,0.0,0.0,0.0,DORMANT,,,0.0,,0.0,,,0.0,,,0.0,,0.0,,,0.0
500186246,"CABLE,HEPA,FRONT,FILTER,FAN,ASSEMBLY",TCB,"ASM-Pacific,Phoenix",Order to Demand,,1108.58,25.0,4,0.5,202407,202601,18,False,0.0,0.0,0.0,False,0.0,0.0,,0.0,,0.0,,0.0,False,4,0.0,0.0,0.0,0.0,DORMANT,0.0,,0.0,,0.0,,,0.0,0.0,,0.0,,0.0,,,0.0
500186247,"ENCODER,ASSY,Y,LEFT,WC",TCB,"ASM Pacific,BP3000;ASM-Pacific,Phoenix",Order to Demand,,4004.19,15.0,3,0.375,202409,202601,16,False,0.0,0.0,0.0,False,0.0,0.0,,0.0,,0.0,,0.0,False,3,0.0,0.0,0.0,0.0,DORMANT,,,0.0,,0.0,,,0.0,,,0.0,,0.0,,,0.0
500186248,REAR HEPA FILTER FAN CABLE ASSY,TCB,"ASM-Pacific,Phoenix",Order to Demand,,1416.96,25.0,4,0.5,202407,202601,18,False,0.0,0.0,0.0,False,0.0,0.0,,0.0,,0.0,,0.0,False,4,0.0,0.0,0.0,0.0,DORMANT,0.0,,0.0,,0.0,,,0.0,0.0,,0.0,,0.0,,,0.0
500186249,NAS 2-BAY 2-LAN DISKSTATION DS720+,TCB,"ASM,TCB,Y-SHUTTLE;ASM-Pacific,Phoenix;ASMP ACW",Order To Max,,975.61,25.0,4,0.5,202408,202601,17,False,0.0,0.0,0.0,True,0.0,0.0,,0.0,,0.0,,-0.2235,False,4,0.0,1.0,0.0,0.0,DORMANT,,0.0,,0.0,0.0,,,0.0,,0.0,,0.0,0.0,,,0.0
500186250,SYRINGE LEVEL SENSOR,TCB,"GENERIC;ASM-Pacific,Phoenix",Order to Demand,,1583.1,25.0,4,0.5,202407,202601,18,False,0.0,0.0,0.0,False,0.0,0.0,,0.0,,0.0,,0.0,False,4,0.0,0.0,0.0,0.0,DORMANT,0.0,,0.0,,0.0,,,0.0,0.0,,0.0,,0.0,,,0.0
500186251,"SCALE,ZERODUR,LIF401R,ML=320MM",TCB,"ASM-Pacific,Firebird;Generic;ASM-Pacific,Phoenix",Order to Demand,shared with XG756,2519.14,105.0,3,0.375,202409,202601,16,False,0.0,0.0,0.0,False,0.0,0.0,,0.0,,0.0,,0.0,False,3,0.0,0.0,0.0,0.0,DORMANT,,,0.0,,0.0,,,0.0,,,0.0,,0.0,,,-1.0
500186252,"SCALE,ZERODUR,LIF401,ML=70MM,GO",TCB,"GENERIC;ASM-Pacific,Phoenix",Order to Demand,,1404.95,15.0,3,0.375,202409,202601,16,False,0.0,0.0,0.0,False,0.0,0.0,,0.0,,0.0,,0.0,False,3,0.0,0.0,0.0,0.0,DORMANT,,,0.0,,0.0,,,0.0,,,0.0,,0.0,,,0.0
500186253,"SCALE,ZERODUR,LIF401R,ML=120MM",TCB,"GENERIC;ASM-Pacific,Phoenix",Order to Demand,,1630.03,15.0,3,0.375,202409,202601,16,False,0.0,0.0,0.0,False,0.0,0.0,,0.0,,0.0,,0.0,False,3,0.0,0.0,0.0,0.0,DORMANT,,,0.0,,0.0,,,0.0,,,0.0,,0.0,,,0.0
500186254,ZERODUR SCALE LIF401R ML=520MM G0,TCB,"GENERIC;ASM-Pacific,Phoenix",Order to Demand,,3332.96,15.0,3,0.375,202409,202601,16,False,0.0,0.0,0.0,False,0.0,0.0,,0.0,,0.0,,0.0,False,3,0.0,0.0,0.0,0.0,DORMANT,,,0.0,,0.0,,,0.0,,,0.0,,0.0,,,0.0
500186255,"SCALE,ZERODUR,LIF401R,ML=320MM",TCB,"ASM-Pacific,Phoenix",Order To Max,,1128.6,25.0,3,0.375,202409,202601,16,False,0.0,0.0,0.0,False,0.0,0.0,,0.0,,0.0,,0.0,False,3,0.0,0.0,0.0,0.0,DORMANT,,,0.0,,0.0,,,0.0,,,0.0,,0.0,,,0.0
500186256,ZERODUR SCALE LIF409R ML=3MM,TCB,"ASM-Pacific,Firebird;ASM-Pacific,Phoenix;Generic",Order To Max,shared with XG756,564.7,15.0,5,0.625,202407,202601,18,False,1.0,0.0,1.0,True,0.4,0.49,1.225,-1.0,-1.0,-0.0302,-0.0755,-0.1121,False,5,1.0,1.0,3.0,0.6,INTERMITTENT,1.0,,0.0,0.0,1.0,,,0.0,1.0,,0.0,0.0,0.0,,,0.0
500186257,UPS EOL UGK,TCB,"GENERIC;ASM-Pacific,Phoenix",Order to Demand,shared with XG756,14662.75,91.0,3,0.375,202409,202601,16,False,0.0,0.0,0.0,False,0.0,0.0,,0.0,,0.0,,0.0,False,3,0.0,0.0,0.0,0.0,DORMANT,,,0.0,,0.0,,,0.0,,,0.0,,0.0,,,0.0
500186258,UPS 620VA 230V 5MIN,TCB,"ASM,TCB,Y-SHUTTLE;ASM-Pacific,Firebird;ASM-Pacific,Phoenix;Life Science/ ULT-1340-3A;TCB_Generic",Order To Max,shared with XG756,453.36,15.0,3,0.375,202409,202601,16,False,2.0,1.0,2.0,True,1.333,0.471,0.354,-1.0,-0.5,-0.0438,-0.0328,-0.2005,False,3,3.0,8.0,4.0,1.333,STABLE,,,2.0,,1.0,,,1.0,,,0.0,,0.0,,,0.0
500191884,SUCTION CUP  DIA 4.5MM FKM,TCB,"ASM-Pacific,Phoenix",Order To Max,,8.01,25.0,3,0.375,202409,202601,16,False,0.0,0.0,0.0,False,0.0,0.0,,0.0,,0.0,,0.0,False,3,0.0,0.0,0.0,0.0,DORMANT,,,0.0,,0.0,,,0.0,,,0.0,,0.0,,,0.0
500194609,"Exhaust hose clamp 4""",TCB,Heller 1800SS;Heller HRF;Heller 2017 Formic Acid;Heller FAR;Heller 2017 MK III,Order to Demand,,5.5,21.0,1,0.125,202601,202601,0,True,0.0,0.0,0.0,False,0.0,0.0,,0.0,,,,,False,1,0.0,0.0,0.0,0.0,SINGLE_SNAPSHOT,,,,,,,,0.0,,,,,,,,0.0
500194610,Main circuit breaker (Q100),TCB,Heller 2017 Formic Acid;Heller FAR;Heller HRF;Heller 2017 MK III,Order to Demand,,1925.7,21.0,3,0.375,202410,202601,15,False,0.0,0.0,0.0,False,0.0,0.0,,0.0,,0.0,,0.0,False,3,0.0,0.0,0.0,0.0,DORMANT,,,,0.0,0.0,,,0.0,,,,0.0,0.0,,,0.0
500194902,CALIBRATION GLASS #29 (12X12X1MM),TCB,"ASM-Pacific,Firebird;ASM-Pacific,Phoenix",Order to Demand,shared with XG756,391.0,25.0,3,0.375,202409,202601,16,False,0.0,0.0,0.0,False,0.0,0.0,,0.0,,0.0,,0.0,False,3,0.0,0.0,0.0,0.0,DORMANT,,,0.0,,0.0,,,0.0,,,0.0,,0.0,,,0.0
500194903,(DPA) CALIBRATION GLASS WITH HOLDER,TCB,"ASM-Pacific,Firebird;ASM-Pacific,Phoenix;Generic",Order to Demand,,122.55,25.0,1,0.125,202412,202412,0,False,0.0,0.0,0.0,False,0.0,0.0,,0.0,,,,,False,1,0.0,0.0,0.0,0.0,SINGLE_SNAPSHOT,,,,,0.0,,,,,,,,0.0,,,
500197788,PEDESTAL O-RING (9.6X2.5 RTV31),TCB,"Generic;ASM-Pacific,Phoenix;ASM-Pacific,Firebird",Order Beyond Max,shared with XG756,15.21,10.0,4,0.5,202408,202601,17,False,34.0,0.0,34.0,True,8.5,14.722,1.732,-34.0,-1.0,-1.0108,-0.1189,-4.9946,False,4,0.0,0.0,9.0,2.25,INTERMITTENT,,34.0,0.0,,0.0,,,0.0,,9.0,0.0,,0.0,,,0.0
500198095,PLASTIC PLAIN BEARING JUM-S-06LY,TCB,"ASM, SIPLACE SX1;Generic",Order To Max,,13.04,65.0,3,0.375,202409,202601,16,False,0.0,0.0,0.0,False,0.0,0.0,,0.0,,0.0,,0.0,False,3,0.0,0.0,0.0,0.0,DORMANT,,,0.0,,0.0,,,0.0,,,0.0,,0.0,,,0.0
500201345,SOC HD CAP SCREW M2X8,TCB,"ASM Pacific,BP3000;ASM-Pacific,Phoenix",Order to Demand,,1.04,25.0,4,0.5,202407,202601,18,False,0.0,0.0,0.0,True,0.0,0.0,,0.0,,0.0,,-0.3177,False,4,0.0,0.0,0.0,0.0,DORMANT,0.0,,0.0,,0.0,,,0.0,0.0,,0.0,,0.0,,,0.0
500201346,SHIM 0.01MM,TCB,"ASM Pacific,BP3000;ASM-Pacific,Firebird;ASM-Pacific,Phoenix;TSMab",Order To Max,,117.81,45.0,4,0.5,202407,202601,18,False,1.0,0.0,1.0,True,0.25,0.433,1.732,-1.0,-1.0,-0.0318,-0.1271,-0.0597,False,4,0.0,1.0,1.0,0.25,INTERMITTENT,1.0,,0.0,,0.0,,,0.0,1.0,,0.0,,0.0,,,0.0
500204342,O-RING1.8X6IDMM SHARE A 50-EK NBR,TCB,"ASM-Pacific,Phoenix",Order to Demand,,1.2,25.0,4,0.5,202407,202601,18,False,0.0,0.0,0.0,False,0.0,0.0,,0.0,,0.0,,0.0,False,4,0.0,0.0,0.0,0.0,DORMANT,0.0,,0.0,,0.0,,,0.0,0.0,,0.0,,0.0,,,0.0
500204343,STACKER UD LEADSCREW ASSY,TCB,"ASM-Pacific,Phoenix",Order to Demand,shared with XG756,485.4,25.0,3,0.375,202409,202601,16,False,0.0,0.0,0.0,False,0.0,0.0,,0.0,,0.0,,0.0,False,3,0.0,0.0,0.0,0.0,DORMANT,,,0.0,,0.0,,,0.0,,,0.0,,0.0,,,0.0
500204344,CM CHOKE AND DUMMY LOADER ASSY,TCB,"ASM-Pacific,Phoenix",Order to Demand,,398.7,25.0,3,0.375,202409,202601,16,False,0.0,0.0,0.0,False,0.0,0.0,,0.0,,0.0,,0.0,False,3,0.0,0.0,0.0,0.0,DORMANT,,,0.0,,0.0,,,0.0,,,0.0,,0.0,,,0.0
500204345,"ASSEMBLY,TIMING,PULLEY",TCB,"ASM,TCB,Y-SHUTTLE;ASM-Pacific,Phoenix",Order To Max,,38.44,15.0,3,0.375,202409,202601,16,False,0.0,0.0,0.0,True,0.0,0.0,,0.0,,0.0,,-0.0438,False,3,0.0,0.0,0.0,0.0,DORMANT,,,0.0,,0.0,,,0.0,,,0.0,,0.0,,,0.0
500204346,"ASSEMBLY,Z,SERVO,48V,200W,ELE,BH",TCB,"ASM-Pacific,Phoenix",Order to Demand,,1613.21,15.0,3,0.375,202409,202601,16,False,0.0,0.0,1.0,True,0.333,0.471,1.414,0.0,,-0.023,-0.0691,0.0438,False,3,1.0,1.0,2.0,0.667,INTERMITTENT,,,0.0,,1.0,,,0.0,,,0.0,,0.0,,,0.0
500204348,3P AC INPUT BOX,TCB,"ASM-Pacific,Phoenix",Order to Demand,,1863.92,25.0,3,0.375,202409,202601,16,False,0.0,0.0,0.0,False,0.0,0.0,,0.0,,0.0,,0.0,False,3,0.0,0.0,0.0,0.0,DORMANT,,,0.0,,0.0,,,0.0,,,0.0,,0.0,,,0.0
500204349,2 PIN 6CH DC PWR DIST BOX,TCB,"ASM-Pacific,Phoenix;ASM-Pacific,Firebird",Order to Demand,,98.52,15.0,3,0.375,202409,202601,16,False,0.0,0.0,0.0,False,0.0,0.0,,0.0,,0.0,,0.0,False,3,0.0,0.0,0.0,0.0,DORMANT,,,0.0,,0.0,,,0.0,,,0.0,,0.0,,,0.0
500204350,OT UP/DN DC HT CABLE ASSY,TCB,"ASM-Pacific,Phoenix",Order to Demand,,215.46,15.0,3,0.375,202409,202601,16,False,0.0,0.0,0.0,False,0.0,0.0,,0.0,,0.0,,0.0,False,3,0.0,0.0,0.0,0.0,DORMANT,,,0.0,,0.0,,,0.0,,,0.0,,0.0,,,0.0
500204351,OT UP/DN DC HT CABLE ASSY,TCB,"ASM-Pacific,Phoenix",Order to Demand,,215.46,15.0,3,0.375,202409,202601,16,False,0.0,0.0,0.0,False,0.0,0.0,,0.0,,0.0,,0.0,False,3,0.0,0.0,0.0,0.0,DORMANT,,,0.0,,0.0,,,0.0,,,0.0,,0.0,,,0.0
500204352,"CABLE,SOLENOID,CABLE,DPA,WEAK,BLOW,Z",TCB,"ASM-Pacific,Phoenix",Order to Demand,shared with XG756,99.32,15.0,3,0.375,202409,202601,16,False,0.0,0.0,0.0,False,0.0,0.0,,0.0,,0.0,,0.0,False,3,0.0,0.0,0.0,0.0,DORMANT,,,0.0,,0.0,,,0.0,,,0.0,,0.0,,,0.0
500204353,IO STEPPER MOTOR DRIVER ASSY,TCB,"ASM-Pacific,Phoenix",Order to Demand,,364.45,25.0,3,0.375,202409,202601,16,False,0.0,0.0,0.0,False,0.0,0.0,,0.0,,0.0,,0.0,False,3,0.0,0.0,0.0,0.0,DORMANT,,,0.0,,0.0,,,0.0,,,0.0,,0.0,,,0.0
500204354,(DPA) VACUUM SENSOR CABLE,TCB,"ASM-Pacific,Firebird;ASM-Pacific,Phoenix",Order to Demand,shared with XG756,148.18,15.0,3,0.375,202409,202601,16,False,0.0,0.0,0.0,False,0.0,0.0,,0.0,,0.0,,0.0,False,3,0.0,0.0,0.0,0.0,DORMANT,,,0.0,,0.0,,,0.0,,,0.0,,0.0,,,0.0
500204355,ANTISTATIC MALE ELBOW KQ2L10-04AS,TCB,"ASM-Pacific,Phoenix;ASM-Pacific,Firebird",Order to Demand,,13.61,15.0,3,0.375,202409,202601,16,False,0.0,0.0,0.0,False,0.0,0.0,,0.0,,0.0,,0.0,False,3,0.0,0.0,0.0,0.0,DORMANT,,,0.0,,0.0,,,0.0,,,0.0,,0.0,,,0.0
500204356,E-RING FOR GROOVE DIA 5MM SST,TCB,"ASM-Pacific,Phoenix;ASM-Pacific,Firebird",Order to Demand,shared with XG756,9.61,25.0,3,0.375,202409,202601,16,False,0.0,0.0,0.0,False,0.0,0.0,,0.0,,0.0,,0.0,False,3,0.0,0.0,0.0,0.0,DORMANT,,,0.0,,0.0,,,0.0,,,0.0,,0.0,,,0.0
500204357,"GUIDE,LM,AFF,Z,STAGE.LEFT",TCB,"ASM-Pacific,Phoenix",Order to Demand,shared with XG756,377.27,25.0,3,0.375,202409,202601,16,False,0.0,0.0,0.0,False,0.0,0.0,,0.0,,0.0,,0.0,False,3,0.0,0.0,0.0,0.0,DORMANT,,,0.0,,0.0,,,0.0,,,0.0,,0.0,,,0.0
500204358,"ENCODER,ASSEMBLY,DPA,X,AXIS",TCB,"ASM-Pacific,Phoenix",Order to Demand,shared with XG756,784.98,25.0,3,0.375,202409,202601,16,False,0.0,0.0,0.0,False,0.0,0.0,,0.0,,0.0,,0.0,False,3,0.0,0.0,0.0,0.0,DORMANT,,,0.0,,0.0,,,0.0,,,0.0,,0.0,,,0.0
500204359,"ENCODER,ASSY,BH,MINI",TCB,"ASM-Pacific,Phoenix",Order to Demand,,3461.92,85.0,3,0.375,202410,202601,15,False,0.0,0.0,0.0,True,0.0,0.0,,0.0,,0.0,,-0.0704,False,3,0.0,0.0,0.0,0.0,DORMANT,,,,0.0,0.0,,,0.0,,,,0.0,0.0,,,0.0
500204360,"ENCODER,ASSEMBLY,DPA,Y,AXIS",TCB,"ASM-Pacific,Phoenix",Order to Demand,shared with XG756,784.98,15.0,3,0.375,202409,202601,16,False,0.0,0.0,0.0,False,0.0,0.0,,0.0,,0.0,,0.0,False,3,0.0,0.0,0.0,0.0,DORMANT,,,0.0,,0.0,,,0.0,,,0.0,,0.0,,,0.0
500204361,E-RING FOR GROOVE DIA 4MM SST,TCB,"ASM-Pacific,Phoenix;ASM-Pacific,Firebird",Order to Demand,shared with XG756,0.8,25.0,4,0.5,202407,202601,18,False,0.0,0.0,0.0,False,0.0,0.0,,0.0,,0.0,,0.0,False,4,0.0,0.0,0.0,0.0,DORMANT,0.0,,0.0,,0.0,,,0.0,0.0,,0.0,,0.0,,,0.0
500204362,"HEAD,INSPECTION,ASSEMBLY,LEFT,DDLO",TCB,"ASM-Pacific,Phoenix;ASM-Pacific,Firebird",Order to Demand,shared with XG756,9491.44,25.0,3,0.375,202409,202601,16,False,0.0,0.0,0.0,False,0.0,0.0,,0.0,,0.0,,0.0,False,3,0.0,0.0,0.0,0.0,DORMANT,,,0.0,,0.0,,,0.0,,,0.0,,0.0,,,0.0
500204363,DDLO INSP HEAD ASSY RIGHT,TCB,"ASM-Pacific,Phoenix",Order to Demand,shared with XG756,9426.96,15.0,3,0.375,202409,202601,16,False,0.0,0.0,0.0,False,0.0,0.0,,0.0,,0.0,,0.0,False,3,0.0,0.0,0.0,0.0,DORMANT,,,0.0,,0.0,,,0.0,,,0.0,,0.0,,,0.0
500204364,"IDLER,ASSEMBLY,12DIA,YTRANS,CONVYR,SHUTL",TCB,"ASM,TCB,Y-SHUTTLE;ASM-Pacific,Phoenix",Order to Demand,,36.84,25.0,3,0.375,202409,202601,16,False,0.0,0.0,0.0,False,0.0,0.0,,0.0,,0.0,,0.0,False,3,0.0,0.0,0.0,0.0,DORMANT,,,0.0,,0.0,,,0.0,,,0.0,,0.0,,,0.0
500204365,MANIFOLD VV5K3-20-04,TCB,"ASM-Pacific,Phoenix",Order to Demand,,54.46,25.0,3,0.375,202409,202601,16,False,0.0,0.0,0.0,False,0.0,0.0,,0.0,,0.0,,0.0,False,3,0.0,0.0,0.0,0.0,DORMANT,,,0.0,,0.0,,,0.0,,,0.0,,0.0,,,0.0
500204366,MANIFOLD VV5K3-20-08,TCB,"ASM-Pacific,Phoenix",Order to Demand,,124.15,25.0,3,0.375,202409,202601,16,False,0.0,0.0,0.0,False,0.0,0.0,,0.0,,0.0,,0.0,False,3,0.0,0.0,0.0,0.0,DORMANT,,,0.0,,0.0,,,0.0,,,0.0,,0.0,,,0.0
500204367,(PENU)AIR BEARING FLOWMETER (N2),TCB,"ASM-Pacific,Firebird;ASM-Pacific,Phoenix",Order to Demand,,1196.69,15.0,3,0.375,202409,202601,16,False,0.0,0.0,0.0,False,0.0,0.0,,0.0,,0.0,,0.0,False,3,0.0,0.0,0.0,0.0,DORMANT,,,0.0,,0.0,,,0.0,,,0.0,,0.0,,,0.0
500204368,Z COLUMN AIR BEARING FLOWMETER,TCB,"ASM-Pacific,Phoenix",Order to Demand,,1203.9,15.0,3,0.375,202409,202601,16,False,0.0,0.0,0.0,False,0.0,0.0,,0.0,,0.0,,0.0,False,3,0.0,0.0,0.0,0.0,DORMANT,,,0.0,,0.0,,,0.0,,,0.0,,0.0,,,0.0
500204369,(PENU)AIR BEARING FLOWMETER (WAFER CHUCK,TCB,"ASM-Pacific,Phoenix",Order to Demand,,1196.69,25.0,3,0.375,202409,202601,16,False,0.0,0.0,0.0,False,0.0,0.0,,0.0,,0.0,,0.0,False,3,0.0,0.0,0.0,0.0,DORMANT,,,0.0,,0.0,,,0.0,,,0.0,,0.0,,,0.0
500204370,(BH)COOLING BLOCK FLOWMETER,TCB,"ASM-Pacific,Phoenix",Order to Demand,,1055.71,15.0,3,0.375,202409,202601,16,False,0.0,0.0,0.0,False,0.0,0.0,,0.0,,0.0,,0.0,False,3,0.0,0.0,0.0,0.0,DORMANT,,,0.0,,0.0,,,0.0,,,0.0,,0.0,,,0.0
500204371,(BH)IMPINGING COL 1# FLOWMETER,TCB,"ASM-Pacific,Phoenix;ASM-Pacific,Firebird",Order to Demand,,1055.71,10.0,3,0.375,202409,202601,16,False,0.0,0.0,0.0,False,0.0,0.0,,0.0,,0.0,,0.0,False,3,0.0,0.0,0.0,0.0,DORMANT,,,0.0,,0.0,,,0.0,,,0.0,,0.0,,,0.0
500204372,"MODULE,DRIVER,MARKIIIS,ASSY,MK",TCB,"ASM-Pacific,Firebird;ASMP ACW;ASM-Pacific,Phoenix",Order to Demand,,2028.13,60.0,3,0.375,202409,202601,16,False,0.0,0.0,0.0,False,0.0,0.0,,0.0,,0.0,,0.0,False,3,0.0,0.0,0.0,0.0,DORMANT,,,0.0,,0.0,,,0.0,,,0.0,,0.0,,,0.0
500204373,"METER,FLOW,IMPINGING,COL#2,BH",TCB,"ASM-Pacific,Phoenix",Order to Demand,,1055.71,25.0,3,0.375,202409,202601,16,False,0.0,0.0,0.0,False,0.0,0.0,,0.0,,0.0,,0.0,False,3,0.0,0.0,0.0,0.0,DORMANT,,,0.0,,0.0,,,0.0,,,0.0,,0.0,,,0.0
500204375,O-RING ID13 OD17,TCB,"ASM-Pacific,Phoenix",Order to Demand,,9.61,15.0,3,0.375,202409,202601,16,False,0.0,0.0,0.0,False,0.0,0.0,,0.0,,0.0,,0.0,False,3,0.0,0.0,0.0,0.0,DORMANT,,,0.0,,0.0,,,0.0,,,0.0,,0.0,,,0.0
500204376,"ORING,SILICONE,3.00X10.00,40,PNUE,BOX.",TCB,"ASM-Pacific,Phoenix;GENERIC",Order to Demand,,11.21,25.0,3,0.375,202409,202601,16,False,0.0,0.0,0.0,False,0.0,0.0,,0.0,,0.0,,0.0,False,3,0.0,0.0,0.0,0.0,DORMANT,,,0.0,,0.0,,,0.0,,,0.0,,0.0,,,0.0
500204377,"PEDESTAL O-RING NUT (D6.5, M5)",TCB,"ASM-Pacific,Firebird;Generic;ASM-Pacific,Phoenix",Order to Demand,shared with XG756,6.4,15.0,3,0.375,202409,202601,16,False,0.0,0.0,0.0,False,0.0,0.0,,0.0,,0.0,,0.0,False,3,0.0,0.0,0.0,0.0,DORMANT,,,0.0,,0.0,,,0.0,,,0.0,,0.0,,,0.0
500204378,"PULLEY,CONVEYOR,BELT,DRIVING,LONG",TCB,"ASM,TCB,Y-SHUTTLE;Generic;ASM-Pacific,Phoenix",Order to Demand,,115.34,38.0,3,0.375,202409,202601,16,False,0.0,0.0,0.0,False,0.0,0.0,,0.0,,0.0,,0.0,False,3,0.0,0.0,0.0,0.0,DORMANT,,,0.0,,0.0,,,0.0,,,0.0,,0.0,,,0.0
500204379,CONVEYOR BELT PULLEY SET,TCB,"ASM-Pacific,Phoenix;ASM-Pacific,Firebird;Generic",Order to Demand,shared with XG756,103.32,15.0,3,0.375,202409,202601,16,False,0.0,0.0,0.0,False,0.0,0.0,,0.0,,0.0,,0.0,False,3,0.0,0.0,0.0,0.0,DORMANT,,,0.0,,0.0,,,0.0,,,0.0,,0.0,,,0.0
500204380,"2.5"" REMOVABLE HARD DISK MOBILE RACK",TCB,"ASM-Pacific,Phoenix",Order to Demand,,140.17,10.0,3,0.375,202409,202601,16,False,0.0,0.0,0.0,False,0.0,0.0,,0.0,,0.0,,0.0,False,3,0.0,0.0,0.0,0.0,DORMANT,,,0.0,,0.0,,,0.0,,,0.0,,0.0,,,0.0
500204381,CONVEYOR BELT PULLEY SET (DRIVING),TCB,"ASM-Pacific,Firebird;ASM-Pacific,Phoenix;Generic",Order to Demand,shared with XG756,142.57,66.0,3,0.375,202409,202601,16,False,0.0,0.0,0.0,False,0.0,0.0,,0.0,,0.0,,0.0,False,3,0.0,0.0,0.0,0.0,DORMANT,,,0.0,,0.0,,,0.0,,,0.0,,0.0,,,0.0
500204382,(BH)VACUUM REGULATOR,TCB,"ASM-Pacific,Phoenix",Order to Demand,,1291.21,15.0,3,0.375,202409,202601,16,False,0.0,0.0,0.0,False,0.0,0.0,,0.0,,0.0,,0.0,False,3,0.0,0.0,0.0,0.0,DORMANT,,,0.0,,0.0,,,0.0,,,0.0,,0.0,,,0.0
500204383,(BS-L)VACUUM REGULATOR,TCB,"ASM-Pacific,Phoenix",Order to Demand,,1291.21,25.0,3,0.375,202409,202601,16,False,0.0,0.0,0.0,False,0.0,0.0,,0.0,,0.0,,0.0,False,3,0.0,0.0,0.0,0.0,DORMANT,,,0.0,,0.0,,,0.0,,,0.0,,0.0,,,0.0
500204384,"RINGLIGHT,ASSY,UD,OPTICS,Y,TABLE,HVMOT",TCB,"ASM-Pacific,Phoenix;ASM-Pacific,Firebird",Order to Demand,,2718.59,15.0,3,0.375,202409,202601,16,False,0.0,0.0,0.0,False,0.0,0.0,,0.0,,0.0,,0.0,False,3,0.0,0.0,0.0,0.0,DORMANT,,,0.0,,0.0,,,0.0,,,0.0,,0.0,,,0.0
500204386,(BS-R)VACUUM REGULATOR,TCB,"ASM-Pacific,Phoenix",Order to Demand,,1291.21,25.0,3,0.375,202409,202601,16,False,0.0,0.0,0.0,False,0.0,0.0,,0.0,,0.0,,0.0,False,3,0.0,0.0,0.0,0.0,DORMANT,,,0.0,,0.0,,,0.0,,,0.0,,0.0,,,0.0
500204388,"SENSOR,FLOW,BEAM,BS,AB,LEFT",TCB,"ASM-Pacific,Phoenix",Order to Demand,,804.2,25.0,3,0.375,202409,202601,16,False,0.0,0.0,0.0,False,0.0,0.0,,0.0,,0.0,,0.0,False,3,0.0,0.0,0.0,0.0,DORMANT,,,0.0,,0.0,,,0.0,,,0.0,,0.0,,,0.0
500204389,(BS-R)BEAM AB FLOW SNR(R),TCB,"ASM-Pacific,Phoenix",Order to Demand,,804.2,15.0,3,0.375,202409,202601,16,False,0.0,0.0,0.0,False,0.0,0.0,,0.0,,0.0,,0.0,False,3,0.0,0.0,0.0,0.0,DORMANT,,,0.0,,0.0,,,0.0,,,0.0,,0.0,,,0.0
500204390,"SENSOR,FLOW,CARRIAGE,BS,AB,LEFT",TCB,"ASM-Pacific,Phoenix",Order to Demand,,804.2,25.0,3,0.375,202409,202601,16,False,0.0,0.0,0.0,False,0.0,0.0,,0.0,,0.0,,0.0,False,3,0.0,0.0,0.0,0.0,DORMANT,,,0.0,,0.0,,,0.0,,,0.0,,0.0,,,0.0
500204391,"SENSOR,FLOW,CARRIAGE,BS,AB,RIGHT",TCB,"ASM-Pacific,Phoenix",Order to Demand,,804.2,25.0,3,0.375,202409,202601,16,False,0.0,0.0,0.0,False,0.0,0.0,,0.0,,0.0,,0.0,False,3,0.0,0.0,0.0,0.0,DORMANT,,,0.0,,0.0,,,0.0,,,0.0,,0.0,,,0.0
500204392,"SENSOR,FLOW,Y,VERTICAL,BS,AB,RIGHT",TCB,"ASM-Pacific,Phoenix",Order to Demand,,804.2,25.0,3,0.375,202409,202601,16,False,0.0,0.0,0.0,False,0.0,0.0,,0.0,,0.0,,0.0,False,3,0.0,0.0,0.0,0.0,DORMANT,,,0.0,,0.0,,,0.0,,,0.0,,0.0,,,0.0
500204393,"SENSOR,FLOW,VERTICAL,BS,AB,LEFT",TCB,"ASM-Pacific,Phoenix",Order to Demand,,804.2,15.0,3,0.375,202409,202601,16,False,0.0,0.0,0.0,False,0.0,0.0,,0.0,,0.0,,0.0,False,3,0.0,0.0,0.0,0.0,DORMANT,,,0.0,,0.0,,,0.0,,,0.0,,0.0,,,0.0
500204394,DIE TRANSFER ARM VAC SENSOR,TCB,"ASM-Pacific,Phoenix;ASM-Pacific,Firebird",Order to Demand,shared with XG756,152.19,15.0,3,0.375,202409,202601,16,False,0.0,0.0,0.0,False,0.0,0.0,,0.0,,0.0,,0.0,False,3,0.0,0.0,0.0,0.0,DORMANT,,,0.0,,0.0,,,0.0,,,0.0,,0.0,,,0.0
500204395,(BS-L)HEATED PEDESTAL VAC SNR 1(L),TCB,"ASM-Pacific,Phoenix",Order to Demand,,141.77,39.0,3,0.375,202409,202601,16,False,0.0,0.0,0.0,False,0.0,0.0,,0.0,,0.0,,0.0,False,3,0.0,0.0,0.0,0.0,DORMANT,,,0.0,,0.0,,,0.0,,,0.0,,0.0,,,0.0
500204396,PHOTOELECTRIC SENSOR OADM 12U6430/S35A,TCB,"ASM-Pacific,Phoenix;ASM-Pacific,Firebird",Order to Demand,shared with XG756,2998.14,25.0,3,0.375,202409,202601,16,False,0.0,0.0,0.0,False,0.0,0.0,,0.0,,0.0,,0.0,False,3,0.0,0.0,0.0,0.0,DORMANT,,,0.0,,0.0,,,0.0,,,0.0,,0.0,,,0.0
500204397,"SENSOR,VACUUM,PEDESTAL,HEATED,BS,LEFT,2",TCB,"ASM-Pacific,Phoenix",Order to Demand,,141.77,15.0,3,0.375,202409,202601,16,False,0.0,0.0,0.0,False,0.0,0.0,,0.0,,0.0,,0.0,False,3,0.0,0.0,0.0,0.0,DORMANT,,,0.0,,0.0,,,0.0,,,0.0,,0.0,,,0.0
500204398,"SENSOR,VACUUM,PEDESTAL,HEATED,BS,LEFT,3",TCB,"ASM-Pacific,Phoenix",Order to Demand,,141.77,15.0,4,0.5,202407,202601,18,False,1.0,0.0,1.0,True,0.25,0.433,1.732,-1.0,-1.0,-0.0318,-0.1271,-0.0318,False,4,0.0,0.0,0.0,0.0,INTERMITTENT,1.0,,0.0,,0.0,,,0.0,0.0,,0.0,,0.0,,,0.0
500204399,MASSFLOW SENSOR MCS100A108,TCB,"ASM-Pacific,Phoenix",Order to Demand,,257.12,25.0,3,0.375,202409,202601,16,False,0.0,0.0,0.0,False,0.0,0.0,,0.0,,0.0,,0.0,False,3,0.0,0.0,0.0,0.0,DORMANT,,,0.0,,0.0,,,0.0,,,0.0,,0.0,,,0.0
500204400,"SENSOR,VACUUM,PEDESTAL,HEATED,BS,LEFT,4",TCB,"ASM-Pacific,Phoenix",Order to Demand,,141.77,25.0,4,0.5,202407,202601,18,False,2.0,0.0,2.0,True,0.5,0.866,1.732,-2.0,-1.0,-0.0635,-0.1271,-0.0635,False,4,0.0,0.0,0.0,0.0,INTERMITTENT,2.0,,0.0,,0.0,,,0.0,0.0,,0.0,,0.0,,,0.0
500204401,"SENSOR,VACUUM,PEDESTAL,HEATED,BS,RIGHT,1",TCB,"ASM-Pacific,Phoenix;GENERIC",Order to Demand,,141.77,15.0,4,0.5,202408,202601,17,False,1.0,0.0,1.0,False,0.25,0.433,1.732,-1.0,-1.0,-0.0297,-0.1189,0.0,False,4,0.0,0.0,0.0,0.0,INTERMITTENT,,1.0,0.0,,0.0,,,0.0,,0.0,0.0,,0.0,,,0.0
500204402,"SENSOR,VACUUM,PEDESTAL,HEATED,BS,RIGHT,3",TCB,"ASM-Pacific,Phoenix",Order to Demand,,141.77,15.0,3,0.375,202409,202601,16,False,0.0,0.0,0.0,False,0.0,0.0,,0.0,,0.0,,0.0,False,3,0.0,0.0,0.0,0.0,DORMANT,,,0.0,,0.0,,,0.0,,,0.0,,0.0,,,0.0
500204403,(BH)BH AIR BEARING SOL,TCB,"ASM-Pacific,Phoenix",Order to Demand,,123.35,25.0,4,0.5,202407,202601,18,False,0.0,0.0,0.0,False,0.0,0.0,,0.0,,0.0,,0.0,False,4,0.0,0.0,0.0,0.0,DORMANT,0.0,,0.0,,0.0,,,0.0,0.0,,0.0,,0.0,,,0.0
500204404,"SENSOR,VACUUM,PEDESTAL,HEATED,BS,RIGHT,2",TCB,"ASM-Pacific,Phoenix",Order to Demand,,141.77,15.0,4,0.5,202408,202601,17,False,1.0,0.0,1.0,True,0.25,0.433,1.732,-1.0,-1.0,-0.0297,-0.1189,-0.0595,False,4,0.0,0.0,0.0,0.0,INTERMITTENT,,1.0,0.0,,0.0,,,0.0,,0.0,0.0,,0.0,,,0.0
500204405,(DTA)DIE TRANSFER ARM BLOW SOL,TCB,"ASM-Pacific,Firebird;ASM-Pacific,Phoenix",Order to Demand,shared with XG756,123.35,25.0,3,0.375,202409,202601,16,False,0.0,0.0,0.0,False,0.0,0.0,,0.0,,0.0,,0.0,False,3,0.0,0.0,0.0,0.0,DORMANT,,,0.0,,0.0,,,0.0,,,0.0,,0.0,,,0.0
500204406,"SENSOR,VACUUM,PEDESTAL,HEATED,BS,RIGHT,4",TCB,"ASM-Pacific,Phoenix",Order to Demand,,141.77,15.0,4,0.5,202407,202601,18,False,1.0,0.0,1.0,True,0.25,0.433,1.732,-1.0,-1.0,-0.0318,-0.1271,-0.0635,False,4,0.0,0.0,0.0,0.0,INTERMITTENT,1.0,,0.0,,0.0,,,0.0,0.0,,0.0,,0.0,,,0.0
500204407,"SENSOR,VAC,STA-L,COVER.STRIP,THETA,1(L)",TCB,"ASM-Pacific,Firebird;ASM-Pacific,Phoenix",Order to Demand,shared with XG756,147.38,15.0,4,0.5,202407,202601,18,False,1.0,0.0,1.0,True,0.25,0.433,1.732,-1.0,-1.0,-0.0318,-0.1271,-0.0635,False,4,0.0,0.0,0.0,0.0,INTERMITTENT,1.0,,0.0,,0.0,,,0.0,0.0,,0.0,,0.0,,,0.0
500204408,(STA-L)STA FOR COVER/STRIP VAC SNR 2(L),TCB,"ASM-Pacific,Phoenix;ASM-Pacific,Firebird",Order to Demand,shared with XG756,147.38,15.0,3,0.375,202409,202601,16,False,0.0,0.0,0.0,False,0.0,0.0,,0.0,,0.0,,0.0,False,3,0.0,0.0,0.0,0.0,DORMANT,,,0.0,,0.0,,,0.0,,,0.0,,0.0,,,0.0
500204409,POST HEAT STATION VAC SOL 4(R),TCB,"ASM-Pacific,Phoenix",Order to Demand,,133.76,15.0,3,0.375,202409,202601,16,False,0.0,0.0,0.0,False,0.0,0.0,,0.0,,0.0,,0.0,False,3,0.0,0.0,0.0,0.0,DORMANT,,,0.0,,0.0,,,0.0,,,0.0,,0.0,,,0.0
500204410,(STA-R)COVER VACUUM SOL,TCB,"ASM-Pacific,Phoenix",Order to Demand,,133.76,15.0,3,0.375,202409,202601,16,False,0.0,0.0,0.0,False,0.0,0.0,,0.0,,0.0,,0.0,False,3,0.0,0.0,0.0,0.0,DORMANT,,,0.0,,0.0,,,0.0,,,0.0,,0.0,,,0.0
500204411,(DTA)DIE TRANSFER ARM VAC SOL,TCB,"ASM-Pacific,Firebird;Generic;ASM-Pacific,Phoenix",Order to Demand,shared with XG756,133.76,25.0,3,0.375,202409,202601,16,False,0.0,0.0,0.0,False,0.0,0.0,,0.0,,0.0,,0.0,False,3,0.0,0.0,0.0,0.0,DORMANT,,,0.0,,0.0,,,0.0,,,0.0,,0.0,,,0.0
500204412,"MCB 2P 400V 25A,5-10X25A",TCB,"GENERIC;ASM-Pacific,Phoenix",Order to Demand,,33.64,25.0,3,0.375,202409,202601,16,False,0.0,0.0,0.0,False,0.0,0.0,,0.0,,0.0,,0.0,False,3,0.0,0.0,0.0,0.0,DORMANT,,,0.0,,0.0,,,0.0,,,0.0,,0.0,,,0.0
500204413,BD STAGE AB FLOW SWITCH(L),TCB,"ASM-Pacific,Phoenix;GENERIC",Order to Demand,,619.97,25.0,3,0.375,202409,202601,16,False,0.0,0.0,0.0,False,0.0,0.0,,0.0,,0.0,,0.0,False,3,0.0,0.0,0.0,0.0,DORMANT,,,0.0,,0.0,,,0.0,,,0.0,,0.0,,,0.0
500204414,"SWITCH,FLOW,BS,AB,RIGHT",TCB,"GENERIC;ASM-Pacific,Phoenix",Order to Demand,,619.97,25.0,3,0.375,202409,202601,16,False,0.0,0.0,0.0,False,0.0,0.0,,0.0,,0.0,,0.0,False,3,0.0,0.0,0.0,0.0,DORMANT,,,0.0,,0.0,,,0.0,,,0.0,,0.0,,,0.0
500204415,(STA-R)SUBSTRATE VACUUM SOL,TCB,"ASM-Pacific,Phoenix;GENERIC",Order to Demand,,133.76,15.0,3,0.375,202409,202601,16,False,0.0,0.0,0.0,False,0.0,0.0,,0.0,,0.0,,0.0,False,3,0.0,0.0,0.0,0.0,DORMANT,,,0.0,,0.0,,,0.0,,,0.0,,0.0,,,0.0
500204416,Z  STOPPER,TCB,"ASM-Pacific,Phoenix;GENERIC",Order to Demand,shared with XG756,14.41,25.0,3,0.375,202409,202601,16,False,0.0,0.0,0.0,False,0.0,0.0,,0.0,,0.0,,0.0,False,3,0.0,0.0,0.0,0.0,DORMANT,,,0.0,,0.0,,,0.0,,,0.0,,0.0,,,0.0
500204417,"MCB 4P 415V 25A,10-20X25A",TCB,"ASM-Pacific,Phoenix",Order to Demand,,88.91,25.0,4,0.5,202407,202601,18,False,0.0,0.0,0.0,False,0.0,0.0,,0.0,,0.0,,0.0,False,4,0.0,0.0,0.0,0.0,DORMANT,0.0,,0.0,,0.0,,,0.0,0.0,,0.0,,0.0,,,0.0
500204418,"SWITCH,FLOW,VACUUM,CARRIAGE,PRELOAD,BH",TCB,"GENERIC;ASM-Pacific,Phoenix",Order to Demand,,610.36,25.0,3,0.375,202409,202601,16,False,0.0,0.0,0.0,False,0.0,0.0,,0.0,,0.0,,0.0,False,3,0.0,0.0,0.0,0.0,DORMANT,,,0.0,,0.0,,,0.0,,,0.0,,0.0,,,0.0
500204419,3U SMPS-10 ASSY24V&48V)_NO FRONT PANEL.,TCB,"ASM-Pacific,Phoenix;Generic",Order to Demand,,2020.12,15.0,3,0.375,202409,202601,16,False,0.0,0.0,0.0,False,0.0,0.0,,0.0,,0.0,,0.0,False,3,0.0,0.0,0.0,0.0,DORMANT,,,0.0,,0.0,,,0.0,,,0.0,,0.0,,,0.0
500204420,(IO)DIE TRANSFER/PICK ARM VAC SWITCH,TCB,"GENERIC;ASM-Pacific,Phoenix",Order to Demand,,456.57,25.0,3,0.375,202409,202601,16,False,0.0,0.0,0.0,False,0.0,0.0,,0.0,,0.0,,0.0,False,3,0.0,0.0,0.0,0.0,DORMANT,,,0.0,,0.0,,,0.0,,,0.0,,0.0,,,0.0
500204421,BH VAC REGULATOR BYPASS SOL,TCB,"ASM-Pacific,Firebird;ASM-Pacific,Phoenix;Generic",Order to Demand,,134.56,48.0,3,0.375,202409,202601,16,False,0.0,0.0,0.0,False,0.0,0.0,,0.0,,0.0,,0.0,False,3,0.0,0.0,0.0,0.0,DORMANT,,,0.0,,0.0,,,0.0,,,0.0,,0.0,,,0.0
500204422,BRANCH TEE UNION,TCB,"GENERIC;ASM-Pacific,Phoenix",Order to Demand,,13.61,25.0,3,0.375,202409,202601,16,False,0.0,0.0,0.0,False,0.0,0.0,,0.0,,0.0,,0.0,False,3,0.0,0.0,0.0,0.0,DORMANT,,,0.0,,0.0,,,0.0,,,0.0,,0.0,,,0.0
500204448,FEMALE CRIMP TERMINAL PIN,TCB,"ASM Pacific,BP3000;ASM-Pacific,Firebird;ASM-Pacific,Phoenix",Order to Demand,,1.04,25.0,2,0.25,202407,202601,18,False,0.0,0.0,0.0,True,0.0,0.0,,0.0,,0.0,,-2.7778,False,2,0.0,0.0,0.0,0.0,DORMANT,0.0,,,,,,,0.0,0.0,,,,,,,0.0
500204966,3200X2200-W-N-L-20-A-YYMMDD-AXXXX,TCB,"ASM-Pacific,Firebird;Generic;ASM-Pacific,Phoenix",Order to Demand,shared with XG756,801.0,15.0,3,0.375,202409,202601,16,False,0.0,0.0,0.0,False,0.0,0.0,,0.0,,0.0,,0.0,False,3,0.0,0.0,0.0,0.0,DORMANT,,,0.0,,0.0,,,0.0,,,0.0,,0.0,,,0.0
500204967,0880X0880-W-N-L-20-A-YYMMDD-AXXXX,TCB,"ASM-Pacific,Firebird;Generic;ASM-Pacific,Phoenix",Order to Demand,shared with XG756,881.1,55.0,3,0.375,202409,202601,16,False,0.0,0.0,0.0,False,0.0,0.0,,0.0,,0.0,,0.0,False,3,0.0,0.0,0.0,0.0,DORMANT,,,0.0,,0.0,,,0.0,,,0.0,,0.0,,,0.0
500204968,"NOZZLE SOKO 28XX 4KT2,7",TCB,"ASM-Pacific,Phoenix;ASM-Pacific,Firebird",Order to Demand,,430.93,25.0,1,0.125,202412,202412,0,False,0.0,0.0,0.0,False,0.0,0.0,,0.0,,,,,False,1,0.0,0.0,0.0,0.0,SINGLE_SNAPSHOT,,,,,0.0,,,,,,,,0.0,,,
500204969,NOZZLE SOKO 20XX 1.7X1.7,TCB,"ASM-Pacific,Phoenix",Order to Demand,,270.73,25.0,3,0.375,202409,202601,16,False,0.0,0.0,0.0,False,0.0,0.0,,0.0,,0.0,,0.0,False,3,0.0,0.0,0.0,0.0,DORMANT,,,0.0,,0.0,,,0.0,,,0.0,,0.0,,,0.0
500204970,"COLLET,RUBBER,TIP,4.06X8.13MM",TCB,"GENERIC;ASM-Pacific,Phoenix",Order Beyond Max,,21.36,25.0,4,0.5,202407,202601,18,False,5.0,0.0,5.0,True,2.0,2.121,1.061,-5.0,-1.0,-0.1779,-0.0889,-0.1385,False,4,3.0,8.0,6.0,1.5,INTERMITTENT,5.0,,0.0,,3.0,,,0.0,0.0,,0.0,,3.0,,,0.0
500204971,"SUCTION CUP 160""",TCB,"ASM-Pacific,Firebird;Generic;ASM-Pacific,Phoenix",Order to Demand,,11.21,25.0,2,0.25,202408,202409,1,False,3.0,3.0,3.0,True,3.0,0.0,0.0,0.0,0.0,-0.0,-0.0,-0.0,False,2,3.0,3.0,0.0,0.0,STABLE,,3.0,3.0,,,,,,,0.0,0.0,,,,,
500205285,WATER FILTER SPANNER WRENCH,TCB,Heller 2017 MK III;Heller FAR;Heller HRF;Heller 2017 Formic Acid,Order to Demand,,20.7,20.0,2,0.25,202412,202601,13,False,0.0,0.0,0.0,False,0.0,0.0,,0.0,,0.0,,0.0,False,2,0.0,0.0,0.0,0.0,DORMANT,,,,,0.0,,,0.0,,,,,0.0,,,0.0
500206182,"1/2"" Hose Clamp",TCB,Heller HRF;Heller FAR;Heller 2017 Formic Acid;Heller 2017 MK III,Order to Demand,,17.85,15.0,1,0.125,202601,202601,0,True,0.0,0.0,0.0,False,0.0,0.0,,0.0,,,,,False,1,0.0,0.0,0.0,0.0,SINGLE_SNAPSHOT,,,,,,,,0.0,,,,,,,,0.0
500207208,SPECTRUM VALVE CLAMP,TCB,Asymtek S912;Asymtek S932,Order to Demand,,38.16,13.0,3,0.375,202409,202601,16,False,0.0,0.0,0.0,False,0.0,0.0,,0.0,,0.0,,0.0,False,3,0.0,0.0,0.0,0.0,DORMANT,,,0.0,,0.0,,,0.0,,,0.0,,0.0,,,0.0
500209139,"TCB NOZZLE BDW ULT 2+3 U1,G37465 CVD",TCB,"ASM-Pacific,Phoenix;GENERIC",Order to Demand,,10000.0,70.0,4,0.5,202409,202601,16,False,0.0,0.0,0.0,False,0.0,0.0,,0.0,,0.0,,0.0,False,4,0.0,0.0,0.0,0.0,DORMANT,,,0.0,0.0,0.0,,,0.0,,,0.0,0.0,0.0,,,0.0
500209140,"TCB NOZZLE BDW ULT U2,G37470 CVD",TCB,"ASM-Pacific,Phoenix",Order to Demand,,10000.0,55.0,4,0.5,202409,202601,16,False,0.0,0.0,0.0,False,0.0,0.0,,0.0,,0.0,,0.0,False,4,0.0,0.0,0.0,0.0,DORMANT,,,0.0,0.0,0.0,,,0.0,,,0.0,0.0,0.0,,,0.0
500211453,(DPA) NOZZLE 20XX RUBBER TIP D4.064,TCB,"ASM-Pacific,Firebird;ASM-Pacific,Phoenix",Order to Demand,shared with XG756,685.0,75.0,4,0.5,202408,202601,17,False,1.0,0.0,1.0,True,0.25,0.433,1.732,-1.0,-1.0,-0.0297,-0.1189,-0.327,False,4,0.0,0.0,1.0,0.25,INTERMITTENT,,1.0,0.0,,0.0,,,0.0,,1.0,0.0,,0.0,,,0.0
500212197,"BOARD,GRAPHIC,CAMERA,LINK",TCB,"OMRON,3DXRAY,VT-X900",Order to Demand,shared with XG756,3810.0,40.0,1,0.125,202409,202409,0,False,0.0,0.0,0.0,False,0.0,0.0,,0.0,,,,,False,1,0.0,0.0,0.0,0.0,SINGLE_SNAPSHOT,,,0.0,,,,,,,,0.0,,,,,
500212198,"AMPLIFIER,FIBER",TCB,"OMRON,3DXRAY,VT-X900",Order to Demand,shared with XG756,366.0,28.0,1,0.125,202409,202409,0,False,0.0,0.0,0.0,False,0.0,0.0,,0.0,,,,,False,1,0.0,0.0,0.0,0.0,SINGLE_SNAPSHOT,,,0.0,,,,,,,,0.0,,,,,
500212199,"BOARD,IMAGE,CAPTURE",TCB,"OMRON,3DXRAY,VT-X900",Order to Demand,shared with XG756,18839.0,33.0,1,0.125,202409,202409,0,False,0.0,0.0,0.0,False,0.0,0.0,,0.0,,,,,False,1,0.0,0.0,0.0,0.0,SINGLE_SNAPSHOT,,,0.0,,,,,,,,0.0,,,,,
500212200,"CABLE,VIDEO",TCB,"OMRON,3DXRAY,VT-X900",Order to Demand,shared with XG756,246.0,28.0,1,0.125,202409,202409,0,False,0.0,0.0,0.0,False,0.0,0.0,,0.0,,,,,False,1,0.0,0.0,0.0,0.0,SINGLE_SNAPSHOT,,,0.0,,,,,,,,0.0,,,,,
500212201,"CABLE,VIDEO,EXTENSION",TCB,"OMRON,3DXRAY,VT-X900",Order to Demand,shared with XG756,210.0,28.0,1,0.125,202409,202409,0,False,0.0,0.0,0.0,False,0.0,0.0,,0.0,,,,,False,1,0.0,0.0,0.0,0.0,SINGLE_SNAPSHOT,,,0.0,,,,,,,,0.0,,,,,
500212202,"CAMERA,5M,CUBIC,CAMERA,LINKED",TCB,"OMRON,3DXRAY,VT-X900",Order to Demand,shared with XG756,6101.0,35.0,1,0.125,202409,202409,0,False,0.0,0.0,0.0,False,0.0,0.0,,0.0,,,,,False,1,0.0,0.0,0.0,0.0,SINGLE_SNAPSHOT,,,0.0,,,,,,,,0.0,,,,,
500212203,"CONTROLLER,SENSOR,DISPLACEMENT",TCB,"OMRON,3DXRAY,VT-X900",Order to Demand,shared with XG756,2482.0,33.0,1,0.125,202409,202409,0,False,0.0,0.0,0.0,False,0.0,0.0,,0.0,,,,,False,1,0.0,0.0,0.0,0.0,SINGLE_SNAPSHOT,,,0.0,,,,,,,,0.0,,,,,
500212204,"CAMERA,DIGITAL,INTENSIFIER",TCB,"OMRON,3DXRAY,VT-X900",Order To Max,shared with XG756,82455.5,80.0,3,0.375,202409,202601,16,False,0.0,0.0,0.0,False,0.0,0.0,,0.0,,0.0,,0.0,False,3,0.0,0.0,0.0,0.0,DORMANT,,,0.0,,0.0,,,0.0,,,0.0,,0.0,,,0.0
500212205,"CONTROLLER,TURBO,PUMP",TCB,"OMRON,3DXRAY,VT-X900",Order to Demand,shared with XG756,4316.0,33.0,1,0.125,202409,202409,0,False,0.0,0.0,0.0,False,0.0,0.0,,0.0,,,,,False,1,0.0,0.0,0.0,0.0,SINGLE_SNAPSHOT,,,0.0,,,,,,,,0.0,,,,,
500212206,"DISK,TARGET,ORING,GLOBE",TCB,"OMRON,3DXRAY,VT-X900",Order To Max,shared with XG756,8234.0,33.0,3,0.375,202409,202601,16,False,0.0,1.0,1.0,True,0.667,0.471,0.707,1.0,,0.0438,0.0657,0.1106,True,3,2.0,2.0,3.0,1.0,STABLE,,,0.0,,1.0,,,1.0,,,0.0,,0.0,,,1.0
500212207,"DRIVER,MOTOR,TA,ZB1-2,XC,YC,ZC,TC,AXIS",TCB,"OMRON,3DXRAY,VT-X900",Order to Demand,shared with XG756,2109.0,25.0,1,0.125,202409,202409,0,False,0.0,0.0,0.0,False,0.0,0.0,,0.0,,,,,False,1,0.0,0.0,0.0,0.0,SINGLE_SNAPSHOT,,,0.0,,,,,,,,0.0,,,,,
500212208,"DRIVER,MOTOR,XA1-2,YA1-2,AXIS",TCB,"OMRON,3DXRAY,VT-X900",Order to Demand,shared with XG756,1336.0,25.0,1,0.125,202409,202409,0,False,0.0,0.0,0.0,False,0.0,0.0,,0.0,,,,,False,1,0.0,0.0,0.0,0.0,SINGLE_SNAPSHOT,,,0.0,,,,,,,,0.0,,,,,
500212209,"DRIVER,MOTOR,XR,YR,AXIS",TCB,"OMRON,3DXRAY,VT-X900",Order to Demand,shared with XG756,1792.0,25.0,1,0.125,202409,202409,0,False,0.0,0.0,0.0,False,0.0,0.0,,0.0,,,,,False,1,0.0,0.0,0.0,0.0,SINGLE_SNAPSHOT,,,0.0,,,,,,,,0.0,,,,,
500212210,"FILAMENT,TUNGSTEN,CATHODE",TCB,"OMRON,3DXRAY,VT-X900",Order To Max,shared with XG756,6640.0,33.0,3,0.375,202409,202601,16,False,0.0,2.0,2.0,True,0.667,0.943,1.414,2.0,,0.1336,0.2005,0.1336,False,3,2.0,2.0,2.0,0.667,INTERMITTENT,,,0.0,,0.0,,,2.0,,,0.0,,0.0,,,0.0
500212211,"GAUGE,VACUUM",TCB,"OMRON,3DXRAY,VT-X900",Order to Demand,shared with XG756,7570.0,33.0,3,0.375,202409,202601,16,False,0.0,0.0,0.0,False,0.0,0.0,,0.0,,0.0,,0.0,False,3,0.0,0.0,0.0,0.0,DORMANT,,,0.0,,0.0,,,0.0,,,0.0,,0.0,,,0.0
500212213,LED,TCB,"OMRON,3DXRAY,VT-X900",Order to Demand,shared with XG756,3274.0,35.0,1,0.125,202409,202409,0,False,0.0,0.0,0.0,False,0.0,0.0,,0.0,,,,,False,1,0.0,0.0,0.0,0.0,SINGLE_SNAPSHOT,,,0.0,,,,,,,,0.0,,,,,
500212214,"MONITOR,TOUCH,PANEL",TCB,"OMRON,3DXRAY,VT-X900",Order to Demand,shared with XG756,2450.0,40.0,1,0.125,202409,202409,0,False,0.0,0.0,0.0,False,0.0,0.0,,0.0,,,,,False,1,0.0,0.0,0.0,0.0,SINGLE_SNAPSHOT,,,0.0,,,,,,,,0.0,,,,,
500212215,"MOTOR,TC,AXIS",TCB,"OMRON,3DXRAY,VT-X900",Order to Demand,shared with XG756,1538.0,28.0,1,0.125,202409,202409,0,False,0.0,0.0,0.0,False,0.0,0.0,,0.0,,,,,False,1,0.0,0.0,0.0,0.0,SINGLE_SNAPSHOT,,,0.0,,,,,,,,0.0,,,,,
500212216,"MOTOR,TA,AXIS",TCB,"OMRON,3DXRAY,VT-X900",Order to Demand,shared with XG756,3427.0,28.0,1,0.125,202409,202409,0,False,0.0,0.0,0.0,False,0.0,0.0,,0.0,,,,,False,1,0.0,0.0,0.0,0.0,SINGLE_SNAPSHOT,,,0.0,,,,,,,,0.0,,,,,
500212217,"MOTOR,XA1-2,YA1-2,AXIS",TCB,"OMRON,3DXRAY,VT-X900",Order to Demand,shared with XG756,474.0,28.0,1,0.125,202409,202409,0,False,0.0,0.0,0.0,False,0.0,0.0,,0.0,,,,,False,1,0.0,0.0,0.0,0.0,SINGLE_SNAPSHOT,,,0.0,,,,,,,,0.0,,,,,
500212218,"MOTOR,XC,YC,AXIS",TCB,"OMRON,3DXRAY,VT-X900",Order to Demand,shared with XG756,887.0,28.0,1,0.125,202409,202409,0,False,0.0,0.0,0.0,False,0.0,0.0,,0.0,,,,,False,1,0.0,0.0,0.0,0.0,SINGLE_SNAPSHOT,,,0.0,,,,,,,,0.0,,,,,
500212219,"MOTOR,XR,YR,AXIS",TCB,"OMRON,3DXRAY,VT-X900",Order to Demand,shared with XG756,2050.0,28.0,1,0.125,202409,202409,0,False,0.0,0.0,0.0,False,0.0,0.0,,0.0,,,,,False,1,0.0,0.0,0.0,0.0,SINGLE_SNAPSHOT,,,0.0,,,,,,,,0.0,,,,,
500212220,"MOTOR,ZB1-2,AXIS",TCB,"OMRON,3DXRAY,VT-X900",Order to Demand,shared with XG756,2336.0,28.0,1,0.125,202409,202409,0,False,0.0,0.0,0.0,False,0.0,0.0,,0.0,,,,,False,1,0.0,0.0,0.0,0.0,SINGLE_SNAPSHOT,,,0.0,,,,,,,,0.0,,,,,
500212221,"MOTOR,ZC,AXIS",TCB,"OMRON,3DXRAY,VT-X900",Order to Demand,shared with XG756,1613.0,28.0,1,0.125,202409,202409,0,False,0.0,0.0,0.0,False,0.0,0.0,,0.0,,,,,False,1,0.0,0.0,0.0,0.0,SINGLE_SNAPSHOT,,,0.0,,,,,,,,0.0,,,,,
500212222,"PC,INSPECTION",TCB,"OMRON,3DXRAY,VT-X900",Order to Demand,shared with XG756,65292.0,55.0,1,0.125,202409,202409,0,False,0.0,0.0,0.0,False,0.0,0.0,,0.0,,,,,False,1,0.0,0.0,0.0,0.0,SINGLE_SNAPSHOT,,,0.0,,,,,,,,0.0,,,,,
500212223,"PC,SERVER",TCB,"OMRON,3DXRAY,VT-X900",Order to Demand,shared with XG756,33323.0,35.0,1,0.125,202409,202409,0,False,0.0,0.0,0.0,False,0.0,0.0,,0.0,,,,,False,1,0.0,0.0,0.0,0.0,SINGLE_SNAPSHOT,,,0.0,,,,,,,,0.0,,,,,
500212224,"PUMP,TURBO",TCB,"OMRON,3DXRAY,VT-X900",Order to Demand,shared with XG756,27252.0,33.0,1,0.125,202409,202409,0,False,0.0,0.0,0.0,False,0.0,0.0,,0.0,,,,,False,1,0.0,0.0,0.0,0.0,SINGLE_SNAPSHOT,,,0.0,,,,,,,,0.0,,,,,
500212226,"PUMP,VACUUM,ROTARY",TCB,"OMRON,3DXRAY,VT-X900",Order To Max,shared with XG756,12847.0,33.0,1,0.125,202409,202409,0,False,0.0,0.0,0.0,False,0.0,0.0,,0.0,,,,,False,1,0.0,0.0,0.0,0.0,SINGLE_SNAPSHOT,,,0.0,,,,,,,,0.0,,,,,
500212227,"SENSOR,PHOTO",TCB,"Delta,Summit,ATC;OMRON,3DXRAY,VT-X900",Order to Demand,shared with XG756,253.0,33.0,3,0.375,202409,202601,16,False,0.0,0.0,0.0,False,0.0,0.0,,0.0,,0.0,,0.0,False,3,0.0,0.0,0.0,0.0,DORMANT,,,0.0,,0.0,,,0.0,,,0.0,,0.0,,,0.0
500212228,"SENSOR,CYLINDER",TCB,"OMRON,3DXRAY,VT-X900",Order to Demand,shared with XG756,329.0,33.0,1,0.125,202409,202409,0,False,0.0,0.0,0.0,False,0.0,0.0,,0.0,,,,,False,1,0.0,0.0,0.0,0.0,SINGLE_SNAPSHOT,,,0.0,,,,,,,,0.0,,,,,
500212229,"SENSOR,PHOTO,ELECTRIC,EMBEDDED",TCB,"OMRON,3DXRAY,VT-X900",Order to Demand,shared with XG756,320.0,28.0,1,0.125,202409,202409,0,False,0.0,0.0,0.0,False,0.0,0.0,,0.0,,,,,False,1,0.0,0.0,0.0,0.0,SINGLE_SNAPSHOT,,,0.0,,,,,,,,0.0,,,,,
500212230,"SUPPLY,POWER,LED",TCB,"OMRON,3DXRAY,VT-X900",Order to Demand,shared with XG756,1607.0,28.0,1,0.125,202409,202409,0,False,0.0,0.0,0.0,False,0.0,0.0,,0.0,,,,,False,1,0.0,0.0,0.0,0.0,SINGLE_SNAPSHOT,,,0.0,,,,,,,,0.0,,,,,
500212231,"SWITCH,1,SAFETY,DOOR",TCB,"OMRON,3DXRAY,VT-X900",Order to Demand,shared with XG756,532.0,28.0,1,0.125,202409,202409,0,False,0.0,0.0,0.0,False,0.0,0.0,,0.0,,,,,False,1,0.0,0.0,0.0,0.0,SINGLE_SNAPSHOT,,,0.0,,,,,,,,0.0,,,,,
500212232,"SWITCH,2,SAFETY,DOOR",TCB,"OMRON,3DXRAY,VT-X900",Order to Demand,shared with XG756,343.0,33.0,3,0.375,202409,202601,16,False,0.0,0.0,0.0,False,0.0,0.0,,0.0,,0.0,,0.0,False,3,0.0,0.0,0.0,0.0,DORMANT,,,0.0,,0.0,,,0.0,,,0.0,,0.0,,,0.0
500212233,"SWITCH,MECHANICAL",TCB,"OMRON,3DXRAY,VT-X900",Order to Demand,shared with XG756,288.0,28.0,1,0.125,202409,202409,0,False,0.0,0.0,0.0,False,0.0,0.0,,0.0,,,,,False,1,0.0,0.0,0.0,0.0,SINGLE_SNAPSHOT,,,0.0,,,,,,,,0.0,,,,,
500212234,"SWITCH,NON-CONTACT,DOOR",TCB,"OMRON,3DXRAY,VT-X900",Order to Demand,shared with XG756,343.0,28.0,1,0.125,202409,202409,0,False,0.0,0.0,0.0,False,0.0,0.0,,0.0,,,,,False,1,0.0,0.0,0.0,0.0,SINGLE_SNAPSHOT,,,0.0,,,,,,,,0.0,,,,,
500212235,CONTROLLER FOR OUTPUT VOLTAGE TO AN XRAY,TCB,"OMRON,3DXRAY,VT-X900",Order to Demand,shared with XG756,111260.0,33.0,3,0.375,202409,202601,16,False,0.0,0.0,0.0,False,0.0,0.0,,0.0,,0.0,,0.0,False,3,0.0,0.0,0.0,0.0,DORMANT,,,0.0,,0.0,,,0.0,,,0.0,,0.0,,,0.0
500212256,NOZZLE CVD 1322X0582-B-P-S-05,TCB,"ASM-Pacific,Phoenix;GENERIC",Order to Demand,,10000.0,25.0,4,0.5,202409,202601,16,False,0.0,0.0,0.0,False,0.0,0.0,,0.0,,0.0,,0.0,False,4,0.0,0.0,0.0,0.0,DORMANT,,,0.0,0.0,0.0,,,0.0,,,0.0,0.0,0.0,,,0.0
500212257,PEDESTAL CONVERSION TOOL ASSY,TCB,"GENERIC;ASM-Pacific,Phoenix",Order to Demand,,1200.0,84.0,3,0.375,202409,202601,16,False,0.0,0.0,0.0,False,0.0,0.0,,0.0,,0.0,,0.0,False,3,0.0,0.0,0.0,0.0,DORMANT,,,0.0,,0.0,,,0.0,,,0.0,,0.0,,,0.0
500212770,CAP SENSOR MOTOR ASSY,TCB,"ASM-Pacific,Phoenix;ASM-Pacific,Firebird",Order to Demand,shared with XG756,1974.47,70.0,4,0.5,202408,202601,17,False,0.0,0.0,0.0,False,0.0,0.0,,0.0,,0.0,,0.0,False,4,0.0,0.0,0.0,0.0,DORMANT,,0.0,0.0,,0.0,,,0.0,,0.0,0.0,,0.0,,,0.0
500214051,PULLEY2 CLAMPTOR,TCB,"ASM-Pacific,Firebird;ASM-Pacific,Phoenix",Order to Demand,,22.5,25.0,3,0.375,202409,202601,16,False,0.0,0.0,0.0,False,0.0,0.0,,0.0,,0.0,,0.0,False,3,0.0,0.0,0.0,0.0,DORMANT,,,0.0,,0.0,,,0.0,,,0.0,,0.0,,,0.0
500214054,BALL SCREW PULLEY,TCB,"ASM-Pacific,Phoenix;ASM-Pacific,Firebird",Order to Demand,,494.1,75.0,3,0.375,202409,202601,16,False,0.0,0.0,0.0,False,0.0,0.0,,0.0,,0.0,,0.0,False,3,0.0,0.0,0.0,0.0,DORMANT,,,0.0,,0.0,,,0.0,,,0.0,,0.0,,,0.0
500214059,Y MOTOR PULLEY,TCB,"ASM-Pacific,Phoenix;ASM Pacific,BP3000",Order to Demand,,88.2,25.0,3,0.375,202409,202601,16,False,0.0,0.0,0.0,False,0.0,0.0,,0.0,,0.0,,0.0,False,3,0.0,0.0,0.0,0.0,DORMANT,,,0.0,,0.0,,,0.0,,,0.0,,0.0,,,0.0
500214132,TIMING PULLEY ST126AT10/30-2,TCB,"ASM-Pacific,Phoenix;ASM-Pacific,Firebird",Order to Demand,,719.12,75.0,3,0.375,202409,202601,16,False,0.0,0.0,0.0,False,0.0,0.0,,0.0,,0.0,,0.0,False,3,0.0,0.0,0.0,0.0,DORMANT,,,0.0,,0.0,,,0.0,,,0.0,,0.0,,,0.0
500218161,CALIBRATIION GLASS 22X33X2.3(MM),TCB,"ASM-Pacific,Phoenix",Order to Demand,shared with XG756,557.5,95.0,4,0.5,202408,202601,17,False,0.0,0.0,0.0,False,0.0,0.0,,0.0,,0.0,,0.0,False,4,0.0,0.0,0.0,0.0,DORMANT,,0.0,0.0,,0.0,,,0.0,,0.0,0.0,,0.0,,,0.0
500218162,"CALIBRATION GLASS ""BASE"" 66X66X2.3 (MM)",TCB,"ASM-Pacific,Phoenix",Order to Demand,shared with XG756,1197.0,75.0,3,0.375,202409,202601,16,False,0.0,0.0,0.0,False,0.0,0.0,,0.0,,0.0,,0.0,False,3,0.0,0.0,0.0,0.0,DORMANT,,,0.0,,0.0,,,0.0,,,0.0,,0.0,,,0.0
500218163,USB PCIE CONTROLLER CARD,TCB,"ASM-Pacific,Phoenix",Order to Demand,,622.37,48.0,3,0.375,202409,202601,16,False,0.0,0.0,0.0,False,0.0,0.0,,0.0,,0.0,,0.0,False,3,0.0,0.0,0.0,0.0,DORMANT,,,0.0,,0.0,,,0.0,,,0.0,,0.0,,,0.0
500218164,"CAMERA, DDLO, WD20, CABLE-REAR",TCB,"ASM-Pacific,Phoenix",Order to Demand,,4382.27,15.0,3,0.375,202409,202601,16,False,0.0,0.0,0.0,False,0.0,0.0,,0.0,,0.0,,0.0,False,3,0.0,0.0,0.0,0.0,DORMANT,,,0.0,,0.0,,,0.0,,,0.0,,0.0,,,0.0
500218165,"CAMERA, DDLO, WD20, CABLE-SIDE",TCB,"ASM-Pacific,Phoenix;ASMP ACW",Order to Demand,,4382.27,15.0,3,0.375,202409,202601,16,False,0.0,0.0,0.0,False,0.0,0.0,,0.0,,0.0,,0.0,False,3,0.0,0.0,0.0,0.0,DORMANT,,,0.0,,0.0,,,0.0,,,0.0,,0.0,,,0.0
500218166,N2 SUPPLY 1 SWITCH SOL,TCB,"ASM-Pacific,Phoenix",Order to Demand,,180.22,25.0,3,0.375,202409,202601,16,False,0.0,0.0,0.0,False,0.0,0.0,,0.0,,0.0,,0.0,False,3,0.0,0.0,0.0,0.0,DORMANT,,,0.0,,0.0,,,0.0,,,0.0,,0.0,,,0.0
500218171,N2 SUPPLY 2 SWITCH SOL,TCB,"GENERIC;ASM-Pacific,Phoenix",Order to Demand,,180.22,15.0,5,0.625,202407,202601,18,False,0.0,0.0,0.0,True,0.0,0.0,,0.0,,0.0,,-0.1289,False,5,0.0,0.0,0.0,0.0,DORMANT,0.0,0.0,0.0,,0.0,,,0.0,0.0,0.0,0.0,,0.0,,,0.0
500218172,"CABLE,OXYGEN,MONITORING,SYSTEM,ASSEMBLY",TCB,"ASM-Pacific,Phoenix",Order to Demand,,4005.0,15.0,3,0.375,202409,202601,16,False,0.0,0.0,0.0,False,0.0,0.0,,0.0,,0.0,,0.0,False,3,0.0,0.0,0.0,0.0,DORMANT,,,0.0,,0.0,,,0.0,,,0.0,,0.0,,,0.0
500218173,RVS PC,TCB,"OMRON,3DXRAY,VT-X900",Order to Demand,shared with XG756,9232.0,30.0,1,0.125,202409,202409,0,False,0.0,0.0,0.0,False,0.0,0.0,,0.0,,,,,False,1,0.0,0.0,0.0,0.0,SINGLE_SNAPSHOT,,,0.0,,,,,,,,0.0,,,,,
500218174,"OMRON X900 OIL, ROTARY PUMP",TCB,"OMRON,3DXRAY,VT-X900",Order To Max,shared with XG756,576.0,35.0,4,0.5,202407,202601,18,False,1.0,0.0,2.0,True,0.75,0.829,1.106,-1.0,-1.0,-0.0445,-0.0593,0.0661,False,4,5.0,6.0,7.0,1.75,INTERMITTENT,1.0,,0.0,,2.0,,,0.0,0.0,,0.0,,0.0,,,0.0
500219251,NOZZLE CVD 1007X0877-B-P-S-05,TCB,"ASM-Pacific,Phoenix",Order to Demand,,10000.0,105.0,4,0.5,202409,202601,16,False,0.0,0.0,0.0,False,0.0,0.0,,0.0,,0.0,,0.0,False,4,0.0,0.0,0.0,0.0,DORMANT,,,0.0,0.0,0.0,,,0.0,,,0.0,0.0,0.0,,,0.0
500219695,PLC BATTERY,TCB,"OMRON,3DXRAY,VT-X900",Order to Demand,,169.0,36.0,3,0.375,202409,202601,16,False,0.0,0.0,0.0,False,0.0,0.0,,0.0,,0.0,,0.0,False,3,0.0,0.0,0.0,0.0,DORMANT,,,0.0,,0.0,,,0.0,,,0.0,,0.0,,,0.0
500219697,"BATTERY,UPS,PACK,1",TCB,"OMRON,3DXRAY,VT-X900",Order To Max,shared with XG756,1274.0,33.0,3,0.375,202409,202601,16,False,0.0,0.0,0.0,False,0.0,0.0,,0.0,,0.0,,0.0,False,3,0.0,0.0,0.0,0.0,DORMANT,,,0.0,,0.0,,,0.0,,,0.0,,0.0,,,0.0
500219698,"BATTERY,UPS,PACK,2",TCB,"OMRON,3DXRAY,VT-X900",Order to Demand,shared with XG756,2524.0,33.0,4,0.5,202409,202601,16,False,0.0,0.0,0.0,True,0.0,0.0,,0.0,,0.0,,-0.0542,False,4,0.0,0.0,0.0,0.0,DORMANT,,,0.0,0.0,0.0,,,0.0,,,0.0,0.0,0.0,,,0.0
500219733,"MOTOR,STA,COS,SVR,STA-R,THETA,ASSEMBLY",TCB,"ASM-Pacific,Firebird;ASM-Pacific,Phoenix",Order to Demand,shared with XG756,742.52,15.0,3,0.375,202409,202601,16,False,0.0,0.0,0.0,False,0.0,0.0,,0.0,,0.0,,0.0,False,3,0.0,0.0,0.0,0.0,DORMANT,,,0.0,,0.0,,,0.0,,,0.0,,0.0,,,0.0
500219734,A/C BALL BEARING 10 X 26 X 8 C9,TCB,"ASM-Pacific,Phoenix",Order to Demand,,77.4,25.0,3,0.375,202409,202601,16,False,0.0,0.0,0.0,False,0.0,0.0,,0.0,,0.0,,0.0,False,3,0.0,0.0,0.0,0.0,DORMANT,,,0.0,,0.0,,,0.0,,,0.0,,0.0,,,0.0
500219735,SOC HD CAP SCREW M3X10 ALLOY ST NI PLT,TCB,"ASM-Pacific,Phoenix;GENERIC",Order to Demand,,0.9,25.0,3,0.375,202409,202601,16,False,0.0,0.0,0.0,False,0.0,0.0,,0.0,,0.0,,0.0,False,3,0.0,0.0,0.0,0.0,DORMANT,,,0.0,,0.0,,,0.0,,,0.0,,0.0,,,0.0
500219736,"B-SCREW 10-10X78.5X26D38, P-C3",TCB,"GENERIC;ASM-Pacific,Phoenix",Order to Demand,,1074.94,115.0,3,0.375,202409,202601,16,False,0.0,0.0,0.0,False,0.0,0.0,,0.0,,0.0,,0.0,False,3,0.0,0.0,0.0,0.0,DORMANT,,,0.0,,0.0,,,0.0,,,0.0,,0.0,,,0.0
500219737,LM GUIDE HSR10R2UUC1M+120LSPM-II,TCB,"ASM-Pacific,Firebird;ASM-Pacific,Phoenix",Order to Demand,shared with XG756,1420.57,25.0,3,0.375,202409,202601,16,False,0.0,0.0,0.0,False,0.0,0.0,,0.0,,0.0,,0.0,False,3,0.0,0.0,0.0,0.0,DORMANT,,,0.0,,0.0,,,0.0,,,0.0,,0.0,,,0.0
500219738,BEARING COVER,TCB,"ASM-Pacific,Phoenix",Order to Demand,,2.7,25.0,3,0.375,202409,202601,16,False,0.0,0.0,0.0,False,0.0,0.0,,0.0,,0.0,,0.0,False,3,0.0,0.0,0.0,0.0,DORMANT,,,0.0,,0.0,,,0.0,,,0.0,,0.0,,,0.0
500219739,STZ MOTOR MOUNT,TCB,"ASM-Pacific,Phoenix",Order to Demand,,24.3,90.0,3,0.375,202409,202601,16,False,0.0,0.0,0.0,False,0.0,0.0,,0.0,,0.0,,0.0,False,3,0.0,0.0,0.0,0.0,DORMANT,,,0.0,,0.0,,,0.0,,,0.0,,0.0,,,0.0
500219740,STA Z PLATE,TCB,"ASM-Pacific,Phoenix",Order to Demand,,180.0,25.0,3,0.375,202409,202601,16,False,0.0,0.0,0.0,False,0.0,0.0,,0.0,,0.0,,0.0,False,3,0.0,0.0,0.0,0.0,DORMANT,,,0.0,,0.0,,,0.0,,,0.0,,0.0,,,0.0
500219741,NUT HOLDER MIRROR,TCB,"ASM-Pacific,Phoenix",Order to Demand,,52.06,25.0,3,0.375,202409,202601,16,False,0.0,0.0,0.0,False,0.0,0.0,,0.0,,0.0,,0.0,False,3,0.0,0.0,0.0,0.0,DORMANT,,,0.0,,0.0,,,0.0,,,0.0,,0.0,,,0.0
500219742,SPRING HOLDING SHAFT,TCB,"GENERIC;ASM-Pacific,Phoenix",Order to Demand,,9.9,25.0,3,0.375,202409,202601,16,False,0.0,0.0,0.0,False,0.0,0.0,,0.0,,0.0,,0.0,False,3,0.0,0.0,0.0,0.0,DORMANT,,,0.0,,0.0,,,0.0,,,0.0,,0.0,,,0.0
500219743,STA-R Z MOTOR MOUNT,TCB,"ASM-Pacific,Phoenix",Order to Demand,,296.1,70.0,3,0.375,202409,202601,16,False,0.0,0.0,0.0,False,0.0,0.0,,0.0,,0.0,,0.0,False,3,0.0,0.0,0.0,0.0,DORMANT,,,0.0,,0.0,,,0.0,,,0.0,,0.0,,,0.0
500219744,(EW) M10X1 NUT 2,TCB,"ASM-Pacific,Phoenix",Order to Demand,,1.8,25.0,3,0.375,202409,202601,16,False,0.0,0.0,0.0,False,0.0,0.0,,0.0,,0.0,,0.0,False,3,0.0,0.0,0.0,0.0,DORMANT,,,0.0,,0.0,,,0.0,,,0.0,,0.0,,,0.0
500219745,Z MOTOR PULLEY MOUNT R,TCB,"ASM-Pacific,Phoenix",Order to Demand,,36.0,25.0,3,0.375,202409,202601,16,False,0.0,0.0,0.0,False,0.0,0.0,,0.0,,0.0,,0.0,False,3,0.0,0.0,0.0,0.0,DORMANT,,,0.0,,0.0,,,0.0,,,0.0,,0.0,,,0.0
500219746,PULLEY,TCB,"ASM-Pacific,Phoenix",Order to Demand,shared with XG756,23.62,48.0,3,0.375,202409,202601,16,False,0.0,0.0,0.0,False,0.0,0.0,,0.0,,0.0,,0.0,False,3,0.0,0.0,0.0,0.0,DORMANT,,,0.0,,0.0,,,0.0,,,0.0,,0.0,,,0.0
500219747,"PULLEY,30,STA-L",TCB,"ASM-Pacific,Phoenix",Order to Demand,shared with XG756,34.84,25.0,3,0.375,202409,202601,16,False,0.0,0.0,0.0,False,0.0,0.0,,0.0,,0.0,,0.0,False,3,0.0,0.0,0.0,0.0,DORMANT,,,0.0,,0.0,,,0.0,,,0.0,,0.0,,,0.0
500219748,PICKHEAD INTERFACE ASSY,TCB,"ASM-Pacific,Phoenix",Order to Demand,shared with XG756,445.35,15.0,3,0.375,202409,202601,16,False,0.0,0.0,0.0,False,0.0,0.0,,0.0,,0.0,,0.0,False,3,0.0,0.0,0.0,0.0,DORMANT,,,0.0,,0.0,,,0.0,,,0.0,,0.0,,,0.0
500219749,PICKHEAD INTERFACE SHAFT,TCB,"ASM-Pacific,Phoenix;GENERIC",Order to Demand,,80.1,25.0,3,0.375,202409,202601,16,False,0.0,0.0,0.0,False,0.0,0.0,,0.0,,0.0,,0.0,False,3,0.0,0.0,0.0,0.0,DORMANT,,,0.0,,0.0,,,0.0,,,0.0,,0.0,,,0.0
500219750,DOWEL PIN D3 X L15,TCB,"ASM-Pacific,Phoenix",Order to Demand,,1.35,25.0,3,0.375,202409,202601,16,False,0.0,0.0,0.0,False,0.0,0.0,,0.0,,0.0,,0.0,False,3,0.0,0.0,0.0,0.0,DORMANT,,,0.0,,0.0,,,0.0,,,0.0,,0.0,,,0.0
500219751,MOD IDLER ASSY,TCB,"ASM-Pacific,Phoenix",Order to Demand,,79.29,25.0,4,0.5,202407,202601,18,False,0.0,0.0,0.0,False,0.0,0.0,,0.0,,0.0,,0.0,False,4,0.0,0.0,0.0,0.0,DORMANT,0.0,,0.0,,0.0,,,0.0,0.0,,0.0,,0.0,,,0.0
500219752,PICKHEAD INTERFACE PLATE ASSY,TCB,"ASM-Pacific,Phoenix",Order to Demand,,414.9,25.0,3,0.375,202409,202601,16,False,0.0,0.0,0.0,False,0.0,0.0,,0.0,,0.0,,0.0,False,3,0.0,0.0,0.0,0.0,DORMANT,,,0.0,,0.0,,,0.0,,,0.0,,0.0,,,0.0
500219753,MEDIA BUFFER HANDLER V2 (MBH),TCB,"ASM-Pacific,Phoenix",Order to Demand,,34146.9,25.0,3,0.375,202409,202601,16,False,0.0,0.0,0.0,False,0.0,0.0,,0.0,,0.0,,0.0,False,3,0.0,0.0,0.0,0.0,DORMANT,,,0.0,,0.0,,,0.0,,,0.0,,0.0,,,0.0
500219754,DIN MOUNTING RAIL NS35 (30MM),TCB,"ASM-Pacific,Phoenix",Order to Demand,,21.6,70.0,3,0.375,202409,202601,16,False,0.0,0.0,0.0,False,0.0,0.0,,0.0,,0.0,,0.0,False,3,0.0,0.0,0.0,0.0,DORMANT,,,0.0,,0.0,,,0.0,,,0.0,,0.0,,,0.0
500219755,E-CHAIN MOUNTING Z FIXEND(R),TCB,"ASM-Pacific,Phoenix",Order to Demand,,88.2,25.0,3,0.375,202409,202601,16,False,0.0,0.0,0.0,False,0.0,0.0,,0.0,,0.0,,0.0,False,3,0.0,0.0,0.0,0.0,DORMANT,,,0.0,,0.0,,,0.0,,,0.0,,0.0,,,0.0
500219756,CABLE SUPPORT(R),TCB,"GENERIC;ASM-Pacific,Phoenix",Order to Demand,,30.6,25.0,3,0.375,202409,202601,16,False,0.0,0.0,0.0,False,0.0,0.0,,0.0,,0.0,,0.0,False,3,0.0,0.0,0.0,0.0,DORMANT,,,0.0,,0.0,,,0.0,,,0.0,,0.0,,,0.0
500219757,E-CHAIN MOUNTING Z MOVING(R),TCB,"ASM-Pacific,Phoenix",Order to Demand,,9.0,25.0,3,0.375,202409,202601,16,False,0.0,0.0,0.0,False,0.0,0.0,,0.0,,0.0,,0.0,False,3,0.0,0.0,0.0,0.0,DORMANT,,,0.0,,0.0,,,0.0,,,0.0,,0.0,,,0.0
500219758,E-CHAIN MOUNTING Y FIXEND(R),TCB,"ASM-Pacific,Phoenix",Order to Demand,,77.4,70.0,3,0.375,202409,202601,16,False,0.0,0.0,0.0,False,0.0,0.0,,0.0,,0.0,,0.0,False,3,0.0,0.0,0.0,0.0,DORMANT,,,0.0,,0.0,,,0.0,,,0.0,,0.0,,,0.0
500219759,E-CHAIN MOUNTING Y MOVING(R),TCB,"ASM-Pacific,Phoenix",Order to Demand,,48.6,25.0,3,0.375,202409,202601,16,False,0.0,0.0,0.0,False,0.0,0.0,,0.0,,0.0,,0.0,False,3,0.0,0.0,0.0,0.0,DORMANT,,,0.0,,0.0,,,0.0,,,0.0,,0.0,,,0.0
500219760,E-CHAIN COVER(R),TCB,"ASM-Pacific,Phoenix",Order to Demand,,99.9,70.0,3,0.375,202409,202601,16,False,0.0,0.0,0.0,False,0.0,0.0,,0.0,,0.0,,0.0,False,3,0.0,0.0,0.0,0.0,DORMANT,,,0.0,,0.0,,,0.0,,,0.0,,0.0,,,0.0
500219761,CONNECTOR MOUNTING (X),TCB,"ASM-Pacific,Phoenix",Order to Demand,,62.1,70.0,3,0.375,202409,202601,16,False,0.0,0.0,0.0,False,0.0,0.0,,0.0,,0.0,,0.0,False,3,0.0,0.0,0.0,0.0,DORMANT,,,0.0,,0.0,,,0.0,,,0.0,,0.0,,,0.0
500219762,E-CHAIN MOUNTING Z FIXEND(L),TCB,"ASM-Pacific,Phoenix",Order to Demand,,100.8,70.0,3,0.375,202409,202601,16,False,0.0,0.0,0.0,False,0.0,0.0,,0.0,,0.0,,0.0,False,3,0.0,0.0,0.0,0.0,DORMANT,,,0.0,,0.0,,,0.0,,,0.0,,0.0,,,0.0
500219763,E-CHAIN MOUNTING Z MOVING(L),TCB,"ASM-Pacific,Phoenix",Order to Demand,,9.0,70.0,3,0.375,202409,202601,16,False,0.0,0.0,0.0,False,0.0,0.0,,0.0,,0.0,,0.0,False,3,0.0,0.0,0.0,0.0,DORMANT,,,0.0,,0.0,,,0.0,,,0.0,,0.0,,,0.0
500219764,CABLE SUPPORT(L),TCB,"GENERIC;ASM-Pacific,Phoenix",Order to Demand,,28.8,70.0,3,0.375,202409,202601,16,False,0.0,0.0,0.0,False,0.0,0.0,,0.0,,0.0,,0.0,False,3,0.0,0.0,0.0,0.0,DORMANT,,,0.0,,0.0,,,0.0,,,0.0,,0.0,,,0.0
500219765,E-CHAIN MOUNTING Y MOVING(L),TCB,"ASM-Pacific,Phoenix",Order to Demand,,75.6,70.0,3,0.375,202409,202601,16,False,0.0,0.0,0.0,False,0.0,0.0,,0.0,,0.0,,0.0,False,3,0.0,0.0,0.0,0.0,DORMANT,,,0.0,,0.0,,,0.0,,,0.0,,0.0,,,0.0
500219766,E-CHAIN MOUNTING Y FIXEND(L),TCB,"ASM-Pacific,Phoenix",Order to Demand,,95.4,25.0,3,0.375,202409,202601,16,False,0.0,0.0,0.0,False,0.0,0.0,,0.0,,0.0,,0.0,False,3,0.0,0.0,0.0,0.0,DORMANT,,,0.0,,0.0,,,0.0,,,0.0,,0.0,,,0.0
500219767,E-CHAIN COVER(I),TCB,"ASM-Pacific,Phoenix",Order to Demand,,112.5,70.0,3,0.375,202409,202601,16,False,0.0,0.0,0.0,False,0.0,0.0,,0.0,,0.0,,0.0,False,3,0.0,0.0,0.0,0.0,DORMANT,,,0.0,,0.0,,,0.0,,,0.0,,0.0,,,0.0
500219768,E-CHAIN SUPPORT Z MOVING(L&R),TCB,"ASM-Pacific,Phoenix",Order to Demand,,68.4,70.0,3,0.375,202409,202601,16,False,0.0,0.0,0.0,False,0.0,0.0,,0.0,,0.0,,0.0,False,3,0.0,0.0,0.0,0.0,DORMANT,,,0.0,,0.0,,,0.0,,,0.0,,0.0,,,0.0
500219769,E-CHAIN SUPPORT Z FIXEND(L),TCB,"ASM-Pacific,Phoenix",Order to Demand,,63.9,25.0,3,0.375,202409,202601,16,False,0.0,0.0,0.0,False,0.0,0.0,,0.0,,0.0,,0.0,False,3,0.0,0.0,0.0,0.0,DORMANT,,,0.0,,0.0,,,0.0,,,0.0,,0.0,,,0.0
500219770,CLAMP 1,TCB,"ASM-Pacific,Phoenix",Order to Demand,,20.7,25.0,3,0.375,202409,202601,16,False,0.0,0.0,0.0,False,0.0,0.0,,0.0,,0.0,,0.0,False,3,0.0,0.0,0.0,0.0,DORMANT,,,0.0,,0.0,,,0.0,,,0.0,,0.0,,,0.0
500219771,CLAMP 2,TCB,"ASM-Pacific,Phoenix",Order to Demand,,9.9,70.0,3,0.375,202409,202601,16,False,0.0,0.0,0.0,False,0.0,0.0,,0.0,,0.0,,0.0,False,3,0.0,0.0,0.0,0.0,DORMANT,,,0.0,,0.0,,,0.0,,,0.0,,0.0,,,0.0
500219772,E-CHAIN MOUNTING SUPPORT L,TCB,"ASM-Pacific,Phoenix",Order to Demand,,164.7,70.0,3,0.375,202409,202601,16,False,0.0,0.0,0.0,False,0.0,0.0,,0.0,,0.0,,0.0,False,3,0.0,0.0,0.0,0.0,DORMANT,,,0.0,,0.0,,,0.0,,,0.0,,0.0,,,0.0
500219773,E-CHAIN MOUNTING SUPPORT R,TCB,"ASM-Pacific,Phoenix",Order to Demand,,154.8,25.0,3,0.375,202409,202601,16,False,0.0,0.0,0.0,False,0.0,0.0,,0.0,,0.0,,0.0,False,3,0.0,0.0,0.0,0.0,DORMANT,,,0.0,,0.0,,,0.0,,,0.0,,0.0,,,0.0
500219774,E-CHAIN SUPPORT Z MOVING(L),TCB,"ASM-Pacific,Phoenix",Order to Demand,,73.8,70.0,3,0.375,202409,202601,16,False,0.0,0.0,0.0,False,0.0,0.0,,0.0,,0.0,,0.0,False,3,0.0,0.0,0.0,0.0,DORMANT,,,0.0,,0.0,,,0.0,,,0.0,,0.0,,,0.0
500219775,MEDIA BUFFER TABLE (MBT),TCB,"ASM-Pacific,Phoenix;GENERIC",Order to Demand,,17505.9,25.0,3,0.375,202409,202601,16,False,0.0,0.0,0.0,False,0.0,0.0,,0.0,,0.0,,0.0,False,3,0.0,0.0,0.0,0.0,DORMANT,,,0.0,,0.0,,,0.0,,,0.0,,0.0,,,0.0
500219776,MBH Y SNR FLAG,TCB,"GENERIC;ASM-Pacific,Phoenix",Order to Demand,,20.7,25.0,3,0.375,202409,202601,16,False,0.0,0.0,0.0,False,0.0,0.0,,0.0,,0.0,,0.0,False,3,0.0,0.0,0.0,0.0,DORMANT,,,0.0,,0.0,,,0.0,,,0.0,,0.0,,,0.0
500219777,MBH Z SNR FLAG,TCB,"ASM-Pacific,Phoenix;GENERIC",Order to Demand,,8.1,25.0,3,0.375,202409,202601,16,False,0.0,0.0,0.0,False,0.0,0.0,,0.0,,0.0,,0.0,False,3,0.0,0.0,0.0,0.0,DORMANT,,,0.0,,0.0,,,0.0,,,0.0,,0.0,,,0.0
500219778,(WC) Z- BRAKE SHAFT ASSY,TCB,"ASM-Pacific,Firebird;ASM-Pacific,Phoenix;Generic",Order to Demand,shared with XG756,281.15,25.0,3,0.375,202409,202601,16,False,0.0,0.0,0.0,False,0.0,0.0,,0.0,,0.0,,0.0,False,3,0.0,0.0,0.0,0.0,DORMANT,,,0.0,,0.0,,,0.0,,,0.0,,0.0,,,0.0
500219779,PARALLEL KEY B2 X H2 X L10,TCB,"ASM-Pacific,Phoenix",Order to Demand,,4.8,25.0,4,0.5,202407,202601,18,False,0.0,0.0,0.0,False,0.0,0.0,,0.0,,0.0,,0.0,False,4,0.0,0.0,0.0,0.0,DORMANT,0.0,,0.0,,0.0,,,0.0,0.0,,0.0,,0.0,,,0.0
500219780,A/C BALL BEARING 10 X 26 X 8 C7 NSK,TCB,"ASM-Pacific,Phoenix",Order to Demand,,91.35,25.0,3,0.375,202409,202601,16,False,0.0,0.0,0.0,False,0.0,0.0,,0.0,,0.0,,0.0,False,3,0.0,0.0,0.0,0.0,DORMANT,,,0.0,,0.0,,,0.0,,,0.0,,0.0,,,0.0
500219781,"SPACER,BEARING,OD13XID10,W1,WC,ZBRAKE",TCB,"GENERIC;ASM-Pacific,Phoenix",Order to Demand,,15.3,25.0,3,0.375,202409,202601,16,False,0.0,0.0,0.0,False,0.0,0.0,,0.0,,0.0,,0.0,False,3,0.0,0.0,0.0,0.0,DORMANT,,,0.0,,0.0,,,0.0,,,0.0,,0.0,,,0.0
500219782,(WC) BRAKE SHAFT SPACER,TCB,"ASM-Pacific,Phoenix;GENERIC",Order to Demand,,3.6,55.0,3,0.375,202409,202601,16,False,0.0,0.0,0.0,False,0.0,0.0,,0.0,,0.0,,0.0,False,3,0.0,0.0,0.0,0.0,DORMANT,,,0.0,,0.0,,,0.0,,,0.0,,0.0,,,0.0
500219783,(WC) BEARING COVER B26,TCB,"ASM-Pacific,Phoenix",Order to Demand,,7.2,25.0,3,0.375,202409,202601,16,False,0.0,0.0,0.0,False,0.0,0.0,,0.0,,0.0,,0.0,False,3,0.0,0.0,0.0,0.0,DORMANT,,,0.0,,0.0,,,0.0,,,0.0,,0.0,,,0.0
500219784,"BELT,9MM,PARTS,ASSEMBLY,MBH,",TCB,"ASM-Pacific,Phoenix",Order to Demand,,185.4,55.0,3,0.375,202409,202601,16,False,0.0,0.0,0.0,False,0.0,0.0,,0.0,,0.0,,0.0,False,3,0.0,0.0,0.0,0.0,DORMANT,,,0.0,,0.0,,,0.0,,,0.0,,0.0,,,0.0
500219785,RETAINING RING FOR DIA 8MM STW-8,TCB,"ASM-Pacific,Phoenix",Order to Demand,,0.9,25.0,3,0.375,202409,202601,16,False,0.0,0.0,0.0,False,0.0,0.0,,0.0,,0.0,,0.0,False,3,0.0,0.0,0.0,0.0,DORMANT,,,0.0,,0.0,,,0.0,,,0.0,,0.0,,,0.0
500219786,"NUT,LOCK,800-90036,WBK10L-01,WC,ZBRAKE",TCB,"ASM-Pacific,Phoenix",Order to Demand,,11.25,55.0,3,0.375,202409,202601,16,False,0.0,0.0,0.0,False,0.0,0.0,,0.0,,0.0,,0.1313,False,3,0.0,0.0,0.0,0.0,DORMANT,,,0.0,,0.0,,,0.0,,,0.0,,0.0,,,0.0
500219787,(WC) Z- BRAKE SHAFT,TCB,"ASM-Pacific,Phoenix;GENERIC",Order to Demand,,81.0,75.0,3,0.375,202409,202601,16,False,0.0,0.0,0.0,False,0.0,0.0,,0.0,,0.0,,0.0,False,3,0.0,0.0,0.0,0.0,DORMANT,,,0.0,,0.0,,,0.0,,,0.0,,0.0,,,0.0
500219788,ROLLER CLUTCH FCB-8 8X14X20,TCB,"ASM-Pacific,Phoenix",Order to Demand,,19.22,25.0,3,0.375,202409,202601,16,False,0.0,0.0,0.0,False,0.0,0.0,,0.0,,0.0,,0.0,False,3,0.0,0.0,0.0,0.0,DORMANT,,,0.0,,0.0,,,0.0,,,0.0,,0.0,,,0.0
500219789,"PULLEY,BRAKE,1,MBH",TCB,"ASM-Pacific,Phoenix",Order to Demand,,83.7,90.0,3,0.375,202409,202601,16,False,0.0,0.0,0.0,False,0.0,0.0,,0.0,,0.0,,0.0,False,3,0.0,0.0,0.0,0.0,DORMANT,,,0.0,,0.0,,,0.0,,,0.0,,0.0,,,0.0
500219790,MEDIA BUFFER V2 (MB),TCB,"ASM-Pacific,Phoenix",Order to Demand,,12630.6,25.0,3,0.375,202409,202601,16,False,0.0,0.0,0.0,False,0.0,0.0,,0.0,,0.0,,0.0,False,3,0.0,0.0,0.0,0.0,DORMANT,,,0.0,,0.0,,,0.0,,,0.0,,0.0,,,0.0
500219791,MBH BRAKE PULLEY,TCB,"ASM-Pacific,Phoenix",Order to Demand,,83.7,25.0,3,0.375,202409,202601,16,False,0.0,0.0,0.0,False,0.0,0.0,,0.0,,0.0,,0.0,False,3,0.0,0.0,0.0,0.0,DORMANT,,,0.0,,0.0,,,0.0,,,0.0,,0.0,,,0.0
500219792,MB FRONT PLATE ASSY,TCB,"ASM-Pacific,Phoenix",Order to Demand,,9977.4,25.0,3,0.375,202409,202601,16,False,0.0,0.0,0.0,False,0.0,0.0,,0.0,,0.0,,0.0,False,3,0.0,0.0,0.0,0.0,DORMANT,,,0.0,,0.0,,,0.0,,,0.0,,0.0,,,0.0
500219793,"MOTOR,CONVEYOR,3RDLAYER,MBH",TCB,"ASM-Pacific,Phoenix;ASM-Pacific,Firebird",Order to Demand,shared with XG756,195.44,15.0,3,0.375,202409,202601,16,False,0.0,0.0,0.0,False,0.0,0.0,,0.0,,0.0,,0.0,False,3,0.0,0.0,0.0,0.0,DORMANT,,,0.0,,0.0,,,0.0,,,0.0,,0.0,,,0.0
500219794,MBH  2ND LAYER CONVEYOR MTR ASSY,TCB,"ASM-Pacific,Phoenix",Order To Max,shared with XG756,195.44,15.0,4,0.5,202409,202601,16,False,0.0,0.0,0.0,True,0.0,0.0,,0.0,,0.0,,-0.0663,False,4,0.0,0.0,0.0,0.0,DORMANT,,,0.0,0.0,0.0,,,0.0,,,0.0,0.0,0.0,,,0.0
500219795,MBH 4TH LAYER CONVEYOR MTR ASSY,TCB,"ASM-Pacific,Phoenix;ASM-Pacific,Firebird",Order to Demand,shared with XG756,198.64,15.0,3,0.375,202409,202601,16,False,0.0,0.0,0.0,False,0.0,0.0,,0.0,,0.0,,0.0,False,3,0.0,0.0,0.0,0.0,DORMANT,,,0.0,,0.0,,,0.0,,,0.0,,0.0,,,0.0
500219796,MBH EXIST SNR (LEVEL1),TCB,"ASM-Pacific,Phoenix",Order to Demand,,357.78,55.0,3,0.375,202409,202601,16,False,0.0,0.0,0.0,False,0.0,0.0,,0.0,,0.0,,0.0,False,3,0.0,0.0,0.0,0.0,DORMANT,,,0.0,,0.0,,,0.0,,,0.0,,0.0,,,0.0
500219797,MBH EXIST SNR (LEVEL2),TCB,"GENERIC;ASM-Pacific,Phoenix",Order to Demand,,322.0,15.0,4,0.5,202408,202601,17,False,0.0,0.0,0.0,False,0.0,0.0,,0.0,,0.0,,0.0,False,4,0.0,0.0,0.0,0.0,DORMANT,,0.0,0.0,,0.0,,,0.0,,0.0,0.0,,0.0,,,0.0
500219798,MBH EXIST SNR (LEVEL3),TCB,"ASM-Pacific,Phoenix;GENERIC",Order to Demand,,322.0,15.0,3,0.375,202409,202601,16,False,0.0,0.0,0.0,False,0.0,0.0,,0.0,,0.0,,0.0,False,3,0.0,0.0,0.0,0.0,DORMANT,,,0.0,,0.0,,,0.0,,,0.0,,0.0,,,0.0
500219799,MBH EXIST SNR (LEVEL4),TCB,"ASM-Pacific,Phoenix;GENERIC",Order to Demand,,322.0,15.0,3,0.375,202409,202601,16,False,0.0,0.0,0.0,False,0.0,0.0,,0.0,,0.0,,0.0,False,3,0.0,0.0,0.0,0.0,DORMANT,,,0.0,,0.0,,,0.0,,,0.0,,0.0,,,0.0
500219800,SPLINE SHAFT,TCB,"GENERIC;ASM-Pacific,Phoenix",Order to Demand,,414.91,25.0,3,0.375,202409,202601,16,False,0.0,0.0,0.0,False,0.0,0.0,,0.0,,0.0,,0.0,False,3,0.0,0.0,0.0,0.0,DORMANT,,,0.0,,0.0,,,0.0,,,0.0,,0.0,,,0.0
500219801,MBH CONVEYOR MTR MOUNT,TCB,"ASM-Pacific,Phoenix",Order to Demand,,57.6,25.0,3,0.375,202409,202601,16,False,0.0,0.0,0.0,False,0.0,0.0,,0.0,,0.0,,0.0,False,3,0.0,0.0,0.0,0.0,DORMANT,,,0.0,,0.0,,,0.0,,,0.0,,0.0,,,0.0
500219802,MBH BASE PLATE,TCB,"ASM-Pacific,Phoenix",Order to Demand,,305.1,25.0,3,0.375,202409,202601,16,False,0.0,0.0,0.0,False,0.0,0.0,,0.0,,0.0,,0.0,False,3,0.0,0.0,0.0,0.0,DORMANT,,,0.0,,0.0,,,0.0,,,0.0,,0.0,,,0.0
500219804,MBH TRACK WIDTH MTR MOUNT,TCB,"ASM-Pacific,Phoenix",Order to Demand,,63.9,25.0,3,0.375,202409,202601,16,False,0.0,0.0,0.0,False,0.0,0.0,,0.0,,0.0,,0.0,False,3,0.0,0.0,0.0,0.0,DORMANT,,,0.0,,0.0,,,0.0,,,0.0,,0.0,,,0.0
500219805,MBH LEADSCREW ADAPTOR,TCB,"ASM-Pacific,Phoenix",Order to Demand,,63.9,70.0,3,0.375,202409,202601,16,False,0.0,0.0,0.0,False,0.0,0.0,,0.0,,0.0,,0.0,False,3,0.0,0.0,0.0,0.0,DORMANT,,,0.0,,0.0,,,0.0,,,0.0,,0.0,,,0.0
500219806,IDLER SPACER,TCB,"ASM-Pacific,Phoenix;GENERIC",Order to Demand,,5.4,25.0,3,0.375,202409,202601,16,False,0.0,0.0,0.0,False,0.0,0.0,,0.0,,0.0,,0.0,False,3,0.0,0.0,0.0,0.0,DORMANT,,,0.0,,0.0,,,0.0,,,0.0,,0.0,,,0.0
500219807,MBH TRACK WIDTH TURNING NUT,TCB,"ASM-Pacific,Phoenix",Order to Demand,,36.9,25.0,3,0.375,202409,202601,16,False,0.0,0.0,0.0,False,0.0,0.0,,0.0,,0.0,,0.0,False,3,0.0,0.0,0.0,0.0,DORMANT,,,0.0,,0.0,,,0.0,,,0.0,,0.0,,,0.0
500219808,MBH FRONT PLATE,TCB,"ASM-Pacific,Phoenix",Order to Demand,,368.46,25.0,3,0.375,202409,202601,16,False,0.0,0.0,0.0,False,0.0,0.0,,0.0,,0.0,,0.0,False,3,0.0,0.0,0.0,0.0,DORMANT,,,0.0,,0.0,,,0.0,,,0.0,,0.0,,,0.0
500219809,"PULLEY,TRACK,WIDTH,HOLEDIA5,MBH",TCB,"ASM-Pacific,Phoenix",Order to Demand,,72.0,25.0,3,0.375,202409,202601,16,False,0.0,0.0,0.0,False,0.0,0.0,,0.0,,0.0,,0.0,False,3,0.0,0.0,0.0,0.0,DORMANT,,,0.0,,0.0,,,0.0,,,0.0,,0.0,,,0.0
500219810,MBH FRONT SENSOR MOUNT (L SHAPE),TCB,"ASM-Pacific,Phoenix;GENERIC",Order to Demand,,9.61,25.0,3,0.375,202409,202601,16,False,0.0,0.0,0.0,False,0.0,0.0,,0.0,,0.0,,0.0,False,3,0.0,0.0,0.0,0.0,DORMANT,,,0.0,,0.0,,,0.0,,,0.0,,0.0,,,0.0
500219811,MBH FRONT TOP SENSOR MOUNT (R),TCB,"ASM-Pacific,Phoenix;GENERIC",Order to Demand,,16.02,25.0,3,0.375,202409,202601,16,False,0.0,0.0,0.0,False,0.0,0.0,,0.0,,0.0,,0.0,False,3,0.0,0.0,0.0,0.0,DORMANT,,,0.0,,0.0,,,0.0,,,0.0,,0.0,,,0.0
500219812,MBH FRONT TOP SENSOR MOUNT (L),TCB,"ASM-Pacific,Phoenix;GENERIC",Order to Demand,,16.02,25.0,3,0.375,202409,202601,16,False,0.0,0.0,0.0,False,0.0,0.0,,0.0,,0.0,,0.0,False,3,0.0,0.0,0.0,0.0,DORMANT,,,0.0,,0.0,,,0.0,,,0.0,,0.0,,,0.0
500219813,MBH FRONT SENSOR MOUNT (L),TCB,"ASM-Pacific,Phoenix;GENERIC",Order to Demand,,9.0,25.0,3,0.375,202409,202601,16,False,0.0,0.0,0.0,False,0.0,0.0,,0.0,,0.0,,0.0,False,3,0.0,0.0,0.0,0.0,DORMANT,,,0.0,,0.0,,,0.0,,,0.0,,0.0,,,0.0
500219814,MBH FRONT SENSOR MOUNT (R),TCB,"GENERIC;ASM-Pacific,Phoenix",Order to Demand,,11.21,25.0,3,0.375,202409,202601,16,False,0.0,0.0,0.0,False,0.0,0.0,,0.0,,0.0,,0.0,False,3,0.0,0.0,0.0,0.0,DORMANT,,,0.0,,0.0,,,0.0,,,0.0,,0.0,,,0.0
500219815,MB REAR PLATE ASSY,TCB,"ASM-Pacific,Phoenix",Order to Demand,,2358.14,25.0,3,0.375,202409,202601,16,False,0.0,0.0,0.0,False,0.0,0.0,,0.0,,0.0,,0.0,False,3,0.0,0.0,0.0,0.0,DORMANT,,,0.0,,0.0,,,0.0,,,0.0,,0.0,,,0.0
500219816,MBH SUPPORT BAR,TCB,"ASM-Pacific,Phoenix",Order to Demand,,50.46,25.0,3,0.375,202409,202601,16,False,0.0,0.0,0.0,False,0.0,0.0,,0.0,,0.0,,0.0,False,3,0.0,0.0,0.0,0.0,DORMANT,,,0.0,,0.0,,,0.0,,,0.0,,0.0,,,0.0
500219817,MBH UPWARD STOPPER,TCB,"ASM-Pacific,Phoenix;GENERIC",Order to Demand,,9.9,25.0,3,0.375,202409,202601,16,False,0.0,0.0,0.0,False,0.0,0.0,,0.0,,0.0,,0.0,False,3,0.0,0.0,0.0,0.0,DORMANT,,,0.0,,0.0,,,0.0,,,0.0,,0.0,,,0.0
500219818,MBH TRACK COVER,TCB,"ASM-Pacific,Phoenix",Order to Demand,,106.2,25.0,3,0.375,202409,202601,16,False,0.0,0.0,0.0,False,0.0,0.0,,0.0,,0.0,,0.0,False,3,0.0,0.0,0.0,0.0,DORMANT,,,0.0,,0.0,,,0.0,,,0.0,,0.0,,,0.0
500219819,MBH REAR TOP SENSOR MOUNT,TCB,"ASM-Pacific,Phoenix;GENERIC",Order to Demand,,17.62,25.0,3,0.375,202409,202601,16,False,0.0,0.0,0.0,False,0.0,0.0,,0.0,,0.0,,0.0,False,3,0.0,0.0,0.0,0.0,DORMANT,,,0.0,,0.0,,,0.0,,,0.0,,0.0,,,0.0
500219820,MBH REAR PLATE,TCB,"ASM-Pacific,Phoenix",Order to Demand,,362.85,25.0,3,0.375,202409,202601,16,False,0.0,0.0,0.0,False,0.0,0.0,,0.0,,0.0,,0.0,False,3,0.0,0.0,0.0,0.0,DORMANT,,,0.0,,0.0,,,0.0,,,0.0,,0.0,,,0.0
500219821,MBH TOP TRACK COVER,TCB,"ASM-Pacific,Phoenix",Order to Demand,,113.74,25.0,3,0.375,202409,202601,16,False,0.0,0.0,0.0,False,0.0,0.0,,0.0,,0.0,,0.0,False,3,0.0,0.0,0.0,0.0,DORMANT,,,0.0,,0.0,,,0.0,,,0.0,,0.0,,,0.0
500219822,MBH REAR SENSOR MOUNT,TCB,"ASM-Pacific,Phoenix;GENERIC",Order to Demand,,4.8,25.0,3,0.375,202409,202601,16,False,0.0,0.0,0.0,False,0.0,0.0,,0.0,,0.0,,0.0,False,3,0.0,0.0,0.0,0.0,DORMANT,,,0.0,,0.0,,,0.0,,,0.0,,0.0,,,0.0
500219823,MBH REAR SENSOR MOUNT,TCB,"ASM-Pacific,Phoenix",Order to Demand,,4.8,40.0,3,0.375,202409,202601,16,False,0.0,0.0,0.0,False,0.0,0.0,,0.0,,0.0,,0.0,False,3,0.0,0.0,0.0,0.0,DORMANT,,,0.0,,0.0,,,0.0,,,0.0,,0.0,,,0.0
500219824,POST HEAT STATION - L (PS-L),TCB,"ASM-Pacific,Phoenix;GENERIC",Order to Demand,,11672.1,25.0,3,0.375,202409,202601,16,False,0.0,0.0,0.0,False,0.0,0.0,,0.0,,0.0,,0.0,False,3,0.0,0.0,0.0,0.0,DORMANT,,,0.0,,0.0,,,0.0,,,0.0,,0.0,,,0.0
500219825,"PULLEY,SLIDING,MBH,ASSEMBLY",TCB,"ASM-Pacific,Phoenix;ASM-Pacific,Firebird",Order to Demand,shared with XG756,104.13,25.0,3,0.375,202409,202601,16,False,0.0,0.0,0.0,False,0.0,0.0,,0.0,,0.0,,0.0,False,3,0.0,0.0,0.0,0.0,DORMANT,,,0.0,,0.0,,,0.0,,,0.0,,0.0,,,0.0
500219826,PS COVER ASSY,TCB,"ASM-Pacific,Phoenix",Order to Demand,,247.5,25.0,3,0.375,202409,202601,16,False,0.0,0.0,0.0,False,0.0,0.0,,0.0,,0.0,,0.0,False,3,0.0,0.0,0.0,0.0,DORMANT,,,0.0,,0.0,,,0.0,,,0.0,,0.0,,,0.0
500219827,CONDENSER,TCB,"ASM-Pacific,Phoenix",Order to Demand,,120.6,25.0,3,0.375,202409,202601,16,False,0.0,0.0,0.0,False,0.0,0.0,,0.0,,0.0,,0.0,False,3,0.0,0.0,0.0,0.0,DORMANT,,,0.0,,0.0,,,0.0,,,0.0,,0.0,,,0.0
500219828,PS L COVER ASSY,TCB,"ASM-Pacific,Phoenix",Order to Demand,,68.4,25.0,3,0.375,202409,202601,16,False,0.0,0.0,0.0,False,0.0,0.0,,0.0,,0.0,,0.0,False,3,0.0,0.0,0.0,0.0,DORMANT,,,0.0,,0.0,,,0.0,,,0.0,,0.0,,,0.0
500219829,CYLINDER MOUNT LEFT,TCB,"ASM-Pacific,Phoenix",Order to Demand,,53.1,25.0,3,0.375,202409,202601,16,False,0.0,0.0,0.0,False,0.0,0.0,,0.0,,0.0,,0.0,False,3,0.0,0.0,0.0,0.0,DORMANT,,,0.0,,0.0,,,0.0,,,0.0,,0.0,,,0.0
500219830,PS COVER CYLINDER ASSY LEFT,TCB,"ASM-Pacific,Phoenix",Order to Demand,,383.4,25.0,3,0.375,202409,202601,16,False,0.0,0.0,0.0,False,0.0,0.0,,0.0,,0.0,,0.0,False,3,0.0,0.0,0.0,0.0,DORMANT,,,0.0,,0.0,,,0.0,,,0.0,,0.0,,,0.0
500219831,POST HEAT STATION - R (PS-R),TCB,"ASM-Pacific,Phoenix;GENERIC",Order to Demand,,11664.0,25.0,3,0.375,202409,202601,16,False,0.0,0.0,0.0,False,0.0,0.0,,0.0,,0.0,,0.0,False,3,0.0,0.0,0.0,0.0,DORMANT,,,0.0,,0.0,,,0.0,,,0.0,,0.0,,,0.0
500219833,TCB PEDESTAL TORLON SPACER 2,TCB,"GENERIC;ASM-Pacific,Phoenix",Order to Demand,,156.6,25.0,3,0.375,202409,202601,16,False,0.0,0.0,0.0,False,0.0,0.0,,0.0,,0.0,,0.0,False,3,0.0,0.0,0.0,0.0,DORMANT,,,0.0,,0.0,,,0.0,,,0.0,,0.0,,,0.0
500219834,PS BASE,TCB,"ASM-Pacific,Phoenix",Order to Demand,,475.2,25.0,3,0.375,202409,202601,16,False,0.0,0.0,0.0,False,0.0,0.0,,0.0,,0.0,,0.0,False,3,0.0,0.0,0.0,0.0,DORMANT,,,0.0,,0.0,,,0.0,,,0.0,,0.0,,,0.0
500219835,HEATER BLOCK INSULATION,TCB,"ASM-Pacific,Phoenix",Order to Demand,,1524.6,25.0,3,0.375,202409,202601,16,False,0.0,0.0,0.0,False,0.0,0.0,,0.0,,0.0,,0.0,False,3,0.0,0.0,0.0,0.0,DORMANT,,,0.0,,0.0,,,0.0,,,0.0,,0.0,,,0.0
500219836,VAC ADAPTOR (BOTTOM),TCB,"ASM-Pacific,Phoenix",Order to Demand,,63.9,25.0,3,0.375,202409,202601,16,False,0.0,0.0,0.0,False,0.0,0.0,,0.0,,0.0,,0.0,False,3,0.0,0.0,0.0,0.0,DORMANT,,,0.0,,0.0,,,0.0,,,0.0,,0.0,,,0.0
500219837,VAC ADAPTOR (SIDE),TCB,"ASM-Pacific,Phoenix",Order to Demand,,39.6,25.0,3,0.375,202409,202601,16,False,0.0,0.0,0.0,False,0.0,0.0,,0.0,,0.0,,0.0,False,3,0.0,0.0,0.0,0.0,DORMANT,,,0.0,,0.0,,,0.0,,,0.0,,0.0,,,0.0
500219838,NEW TORLON SPACER,TCB,"ASM-Pacific,Phoenix;GENERIC",Order to Demand,,306.0,25.0,3,0.375,202409,202601,16,False,0.0,0.0,0.0,False,0.0,0.0,,0.0,,0.0,,0.0,False,3,0.0,0.0,0.0,0.0,DORMANT,,,0.0,,0.0,,,0.0,,,0.0,,0.0,,,0.0
500219839,CONDENSER  RIGHT,TCB,"ASM-Pacific,Phoenix",Order to Demand,,136.8,25.0,3,0.375,202409,202601,16,False,0.0,0.0,0.0,False,0.0,0.0,,0.0,,0.0,,0.0,False,3,0.0,0.0,0.0,0.0,DORMANT,,,0.0,,0.0,,,0.0,,,0.0,,0.0,,,0.0
500219840,PS THERMOSTAT MOUNT,TCB,"GENERIC;ASM-Pacific,Phoenix",Order to Demand,,43.2,25.0,3,0.375,202409,202601,16,False,0.0,0.0,0.0,False,0.0,0.0,,0.0,,0.0,,0.0,False,3,0.0,0.0,0.0,0.0,DORMANT,,,0.0,,0.0,,,0.0,,,0.0,,0.0,,,0.0
500219841,HOSE ELBOW FITTING M-5HLH-4,TCB,"ASM-Pacific,Phoenix;ASM-Pacific,Firebird",Order to Demand,,5.85,70.0,3,0.375,202409,202601,16,False,0.0,0.0,0.0,False,0.0,0.0,,0.0,,0.0,,0.0,False,3,0.0,0.0,0.0,0.0,DORMANT,,,0.0,,0.0,,,0.0,,,0.0,,0.0,,,0.0
500219843,"BLOCK,HEATED,TCB,PEDESTAL,ASSEMBLY",TCB,"ASM-Pacific,Phoenix",Order to Demand,,6609.85,25.0,3,0.375,202409,202601,16,False,0.0,0.0,0.0,False,0.0,0.0,,0.0,,0.0,,0.0,False,3,0.0,0.0,0.0,0.0,DORMANT,,,0.0,,0.0,,,0.0,,,0.0,,0.0,,,0.0
500219844,TCB PEDESTAL HEATER ZONE 1,TCB,"ASM-Pacific,Phoenix",Order to Demand,shared with XG756,585.53,10.0,3,0.375,202409,202601,16,False,0.0,0.0,0.0,False,0.0,0.0,,0.0,,0.0,,0.0,False,3,0.0,0.0,0.0,0.0,DORMANT,,,0.0,,0.0,,,0.0,,,0.0,,0.0,,,0.0
500219846,TCB PEDESTAL THERMOCOUPLE 2,TCB,"GENERIC;ASM-Pacific,Phoenix",Order to Demand,,113.4,25.0,3,0.375,202409,202601,16,False,0.0,0.0,0.0,False,0.0,0.0,,0.0,,0.0,,0.0,False,3,0.0,0.0,0.0,0.0,DORMANT,,,0.0,,0.0,,,0.0,,,0.0,,0.0,,,0.0
500219847,TCB PEDESTAL HEATER ZONE 2,TCB,"ASM-Pacific,Phoenix;ASM-Pacific,Firebird",Order to Demand,,527.46,15.0,3,0.375,202409,202601,16,False,0.0,0.0,0.0,False,0.0,0.0,,0.0,,0.0,,0.0,False,3,0.0,0.0,0.0,0.0,DORMANT,,,0.0,,0.0,,,0.0,,,0.0,,0.0,,,0.0
500219848,TCB PEDESTAL THERMOCOUPLE 4,TCB,"GENERIC;ASM-Pacific,Phoenix",Order to Demand,,113.4,25.0,3,0.375,202409,202601,16,False,0.0,0.0,0.0,False,0.0,0.0,,0.0,,0.0,,0.0,False,3,0.0,0.0,0.0,0.0,DORMANT,,,0.0,,0.0,,,0.0,,,0.0,,0.0,,,0.0
500219849,"HEATER,TCB,PEDESTAL,ZONE,4",TCB,"ASM-Pacific,Phoenix",Order to Demand,shared with XG756,527.45,15.0,3,0.375,202409,202601,16,False,0.0,0.0,0.0,False,0.0,0.0,,0.0,,0.0,,0.0,False,3,0.0,0.0,0.0,0.0,DORMANT,,,0.0,,0.0,,,0.0,,,0.0,,0.0,,,0.0
500219850,TCB PEDESTAL HEATER ZONE 3,TCB,"ASM-Pacific,Phoenix;ASM-Pacific,Firebird",Order to Demand,shared with XG756,527.45,15.0,3,0.375,202409,202601,16,False,0.0,0.0,0.0,False,0.0,0.0,,0.0,,0.0,,0.0,False,3,0.0,0.0,0.0,0.0,DORMANT,,,0.0,,0.0,,,0.0,,,0.0,,0.0,,,0.0
500219851,THERMOCOUPLR FIXTURE,TCB,"ASM-Pacific,Phoenix",Order to Demand,,40.5,25.0,3,0.375,202409,202601,16,False,0.0,0.0,0.0,False,0.0,0.0,,0.0,,0.0,,0.0,False,3,0.0,0.0,0.0,0.0,DORMANT,,,0.0,,0.0,,,0.0,,,0.0,,0.0,,,0.0
500219852,HEATER FIXTURE,TCB,"ASM-Pacific,Phoenix",Order to Demand,,72.0,25.0,3,0.375,202409,202601,16,False,0.0,0.0,0.0,False,0.0,0.0,,0.0,,0.0,,0.0,False,3,0.0,0.0,0.0,0.0,DORMANT,,,0.0,,0.0,,,0.0,,,0.0,,0.0,,,0.0
500219853,0.5MM MICA SPACER,TCB,"ASM-Pacific,Phoenix",Order To Max,,9.61,25.0,5,0.625,202407,202412,5,False,20.0,10.0,43.0,True,14.6,16.02,1.097,-10.0,-0.5,-4.5676,-0.3128,-9.0946,False,5,30.0,30.0,10.0,2.0,INTERMITTENT,20.0,43.0,0.0,0.0,10.0,,,,0.0,0.0,0.0,0.0,0.0,,,
500219854,COS-R X PUSHER ASSY,TCB,"ASM-Pacific,Phoenix",Order to Demand,shared with XG756,110.53,15.0,4,0.5,202407,202601,18,False,0.0,0.0,0.0,False,0.0,0.0,,0.0,,0.0,,0.0,False,4,0.0,0.0,0.0,0.0,DORMANT,0.0,,0.0,,0.0,,,0.0,0.0,,0.0,,0.0,,,0.0
500219855,HW OUTPUT CONVEYOR,TCB,"ASM-Pacific,Phoenix",Order to Demand,,9504.0,25.0,3,0.375,202409,202601,16,False,0.0,0.0,0.0,False,0.0,0.0,,0.0,,0.0,,0.0,False,3,0.0,0.0,0.0,0.0,DORMANT,,,0.0,,0.0,,,0.0,,,0.0,,0.0,,,0.0
500219856,CONNECTOR MOUNTING (HWL),TCB,"ASM-Pacific,Phoenix",Order to Demand,,35.1,25.0,3,0.375,202409,202601,16,False,0.0,0.0,0.0,False,0.0,0.0,,0.0,,0.0,,0.0,False,3,0.0,0.0,0.0,0.0,DORMANT,,,0.0,,0.0,,,0.0,,,0.0,,0.0,,,0.0
500219857,CABLE MOUNTING FIX END(HWM FRONT),TCB,"ASM-Pacific,Phoenix",Order to Demand,,23.4,25.0,3,0.375,202409,202601,16,False,0.0,0.0,0.0,False,0.0,0.0,,0.0,,0.0,,0.0,False,3,0.0,0.0,0.0,0.0,DORMANT,,,0.0,,0.0,,,0.0,,,0.0,,0.0,,,0.0
500219858,HW BASE ASSY,TCB,"ASM-Pacific,Phoenix",Order to Demand,,2422.8,25.0,3,0.375,202409,202601,16,False,0.0,0.0,0.0,False,0.0,0.0,,0.0,,0.0,,0.0,False,3,0.0,0.0,0.0,0.0,DORMANT,,,0.0,,0.0,,,0.0,,,0.0,,0.0,,,0.0
500219859,HW BASE,TCB,"ASM-Pacific,Phoenix",Order to Demand,,294.3,25.0,3,0.375,202409,202601,16,False,0.0,0.0,0.0,False,0.0,0.0,,0.0,,0.0,,0.0,False,3,0.0,0.0,0.0,0.0,DORMANT,,,0.0,,0.0,,,0.0,,,0.0,,0.0,,,0.0
500219860,HW Y ADJUSTMENT BASE,TCB,"ASM-Pacific,Phoenix",Order to Demand,,263.7,25.0,3,0.375,202409,202601,16,False,0.0,0.0,0.0,False,0.0,0.0,,0.0,,0.0,,0.0,False,3,0.0,0.0,0.0,0.0,DORMANT,,,0.0,,0.0,,,0.0,,,0.0,,0.0,,,0.0
500219861,HW Z ADJUSTMENT BASE,TCB,"ASM-Pacific,Phoenix",Order to Demand,,391.5,25.0,3,0.375,202409,202601,16,False,0.0,0.0,0.0,False,0.0,0.0,,0.0,,0.0,,0.0,False,3,0.0,0.0,0.0,0.0,DORMANT,,,0.0,,0.0,,,0.0,,,0.0,,0.0,,,0.0
500219862,HW Y ADJUSTMENT BLOCK,TCB,"ASM-Pacific,Phoenix",Order to Demand,,36.9,25.0,3,0.375,202409,202601,16,False,0.0,0.0,0.0,False,0.0,0.0,,0.0,,0.0,,0.0,False,3,0.0,0.0,0.0,0.0,DORMANT,,,0.0,,0.0,,,0.0,,,0.0,,0.0,,,0.0
500219863,HW CONVEYOR TRACK WIDTH STOPPER,TCB,"ASM-Pacific,Phoenix;GENERIC",Order to Demand,,9.0,25.0,3,0.375,202409,202601,16,False,0.0,0.0,0.0,False,0.0,0.0,,0.0,,0.0,,0.0,False,3,0.0,0.0,0.0,0.0,DORMANT,,,0.0,,0.0,,,0.0,,,0.0,,0.0,,,0.0
500219864,TRAY COPLANARITY ADJUSTMENT ASSY,TCB,"ASM-Pacific,Phoenix;GENERIC",Order to Demand,,104.4,25.0,3,0.375,202409,202601,16,False,0.0,0.0,0.0,False,0.0,0.0,,0.0,,0.0,,0.0,False,3,0.0,0.0,0.0,0.0,DORMANT,,,0.0,,0.0,,,0.0,,,0.0,,0.0,,,0.0
500219865,CAH 58-00044 MTR ASSY,TCB,"ASM-Pacific,Phoenix",Order to Demand,,92.91,15.0,3,0.375,202409,202601,16,False,0.0,0.0,0.0,False,0.0,0.0,,0.0,,0.0,,0.0,False,3,0.0,0.0,0.0,0.0,DORMANT,,,0.0,,0.0,,,0.0,,,0.0,,0.0,,,0.0
500219866,TRACK WIDTH MTR&ENC ASSY,TCB,"ASM-Pacific,Phoenix",Order to Demand,,348.43,25.0,3,0.375,202409,202601,16,False,0.0,0.0,0.0,False,0.0,0.0,,0.0,,0.0,,0.0,False,3,0.0,0.0,0.0,0.0,DORMANT,,,0.0,,0.0,,,0.0,,,0.0,,0.0,,,0.0
500219867,HWOP FRONT TRACK ASSY,TCB,"GENERIC;ASM-Pacific,Phoenix",Order to Demand,,5128.2,25.0,3,0.375,202409,202601,16,False,0.0,0.0,0.0,False,0.0,0.0,,0.0,,0.0,,0.0,False,3,0.0,0.0,0.0,0.0,DORMANT,,,0.0,,0.0,,,0.0,,,0.0,,0.0,,,0.0
500219868,"SENSOR,CONVEYOR,OUT,HWOP",TCB,"ASM-Pacific,Phoenix;GENERIC",Order to Demand,,209.86,25.0,3,0.375,202409,202601,16,False,0.0,0.0,0.0,False,0.0,0.0,,0.0,,0.0,,0.0,False,3,0.0,0.0,0.0,0.0,DORMANT,,,0.0,,0.0,,,0.0,,,0.0,,0.0,,,0.0
500219869,HWOP OUT SNR,TCB,"ASM-Pacific,Phoenix;GENERIC",Order to Demand,,209.86,15.0,3,0.375,202409,202601,16,False,0.0,0.0,0.0,False,0.0,0.0,,0.0,,0.0,,0.0,False,3,0.0,0.0,0.0,0.0,DORMANT,,,0.0,,0.0,,,0.0,,,0.0,,0.0,,,0.0
500219870,HWOP (BY PASS) MID,TCB,"ASM-Pacific,Phoenix;Generic",Order to Demand,,209.86,25.0,3,0.375,202409,202601,16,False,0.0,0.0,0.0,False,0.0,0.0,,0.0,,0.0,,0.0,False,3,0.0,0.0,0.0,0.0,DORMANT,,,0.0,,0.0,,,0.0,,,0.0,,0.0,,,0.0
500219871,(HW)OP CONVEYOR IN UP,TCB,"GENERIC;ASM-Pacific,Phoenix",Order to Demand,,209.86,25.0,3,0.375,202409,202601,16,False,0.0,0.0,0.0,False,0.0,0.0,,0.0,,0.0,,0.0,False,3,0.0,0.0,0.0,0.0,DORMANT,,,0.0,,0.0,,,0.0,,,0.0,,0.0,,,0.0
500219872,(HW)OP CONVEYOR IN DOWN,TCB,"ASM-Pacific,Phoenix;GENERIC",Order to Demand,,209.86,38.0,3,0.375,202409,202601,16,False,0.0,0.0,0.0,False,0.0,0.0,,0.0,,0.0,,0.0,False,3,0.0,0.0,0.0,0.0,DORMANT,,,0.0,,0.0,,,0.0,,,0.0,,0.0,,,0.0
500219873,HWOP (BY PASS) IN,TCB,"ASM-Pacific,Phoenix;GENERIC",Order to Demand,,209.86,25.0,3,0.375,202409,202601,16,False,0.0,0.0,0.0,False,0.0,0.0,,0.0,,0.0,,0.0,False,3,0.0,0.0,0.0,0.0,DORMANT,,,0.0,,0.0,,,0.0,,,0.0,,0.0,,,0.0
500219875,HWIP TRACK SNR DOWN MOUNT,TCB,"GENERIC;ASM-Pacific,Phoenix",Order to Demand,,5.4,25.0,3,0.375,202409,202601,16,False,0.0,0.0,0.0,False,0.0,0.0,,0.0,,0.0,,0.0,False,3,0.0,0.0,0.0,0.0,DORMANT,,,0.0,,0.0,,,0.0,,,0.0,,0.0,,,0.0
500219876,MOUNTING BASE (R),TCB,"ASM-Pacific,Phoenix",Order to Demand,,61.2,25.0,3,0.375,202409,202601,16,False,0.0,0.0,0.0,False,0.0,0.0,,0.0,,0.0,,0.0,False,3,0.0,0.0,0.0,0.0,DORMANT,,,0.0,,0.0,,,0.0,,,0.0,,0.0,,,0.0
500219877,HW DN SNR MNT,TCB,"GENERIC;ASM-Pacific,Phoenix",Order to Demand,,13.5,25.0,3,0.375,202409,202601,16,False,0.0,0.0,0.0,False,0.0,0.0,,0.0,,0.0,,0.0,False,3,0.0,0.0,0.0,0.0,DORMANT,,,0.0,,0.0,,,0.0,,,0.0,,0.0,,,0.0
500219878,HWOP OUT SNR MNT,TCB,"ASM-Pacific,Phoenix;GENERIC",Order to Demand,,23.4,25.0,3,0.375,202409,202601,16,False,0.0,0.0,0.0,False,0.0,0.0,,0.0,,0.0,,0.0,False,3,0.0,0.0,0.0,0.0,DORMANT,,,0.0,,0.0,,,0.0,,,0.0,,0.0,,,0.0
500219879,HW OP MID SNR MOUNT,TCB,"GENERIC;ASM-Pacific,Phoenix",Order to Demand,,18.0,25.0,3,0.375,202409,202601,16,False,0.0,0.0,0.0,False,0.0,0.0,,0.0,,0.0,,0.0,False,3,0.0,0.0,0.0,0.0,DORMANT,,,0.0,,0.0,,,0.0,,,0.0,,0.0,,,0.0
500219880,HWOP REAR TRACK ASSY,TCB,"GENERIC;ASM-Pacific,Phoenix",Order to Demand,shared with XG756,1685.3,25.0,3,0.375,202409,202601,16,False,0.0,0.0,0.0,False,0.0,0.0,,0.0,,0.0,,0.0,False,3,0.0,0.0,0.0,0.0,DORMANT,,,0.0,,0.0,,,0.0,,,0.0,,0.0,,,0.0
500219881,HWOP REAR TRACK,TCB,"ASM-Pacific,Phoenix",Order to Demand,,386.1,25.0,3,0.375,202409,202601,16,False,0.0,0.0,0.0,False,0.0,0.0,,0.0,,0.0,,0.0,False,3,0.0,0.0,0.0,0.0,DORMANT,,,0.0,,0.0,,,0.0,,,0.0,,0.0,,,0.0
500219882,HWOP FRONT TRACK,TCB,"GENERIC;ASM-Pacific,Phoenix",Order to Demand,,386.1,25.0,3,0.375,202409,202601,16,False,0.0,0.0,0.0,False,0.0,0.0,,0.0,,0.0,,0.0,False,3,0.0,0.0,0.0,0.0,DORMANT,,,0.0,,0.0,,,0.0,,,0.0,,0.0,,,0.0
500219883,HW TRACK COVER,TCB,"ASM-Pacific,Phoenix",Order to Demand,,264.6,25.0,3,0.375,202409,202601,16,False,0.0,0.0,0.0,False,0.0,0.0,,0.0,,0.0,,0.0,False,3,0.0,0.0,0.0,0.0,DORMANT,,,0.0,,0.0,,,0.0,,,0.0,,0.0,,,0.0
500219884,CONVEYOR BELT PULLEY (CONNECTION),TCB,"Generic;ASM Pacific,BP3000;ASM-Pacific,Phoenix",Order to Demand,shared with XG756,165.8,51.0,4,0.5,202407,202601,18,False,0.0,0.0,0.0,False,0.0,0.0,,0.0,,0.0,,0.0,False,4,0.0,0.0,0.0,0.0,DORMANT,0.0,,0.0,,0.0,,,0.0,0.0,,0.0,,0.0,,,0.0
500219885,DIA 12 IDLER ASSY,TCB,"ASM-Pacific,Phoenix",Order to Demand,,19.8,25.0,4,0.5,202407,202601,18,False,0.0,0.0,0.0,False,0.0,0.0,,0.0,,0.0,,0.0,False,4,0.0,0.0,0.0,0.0,DORMANT,0.0,,0.0,,0.0,,,0.0,0.0,,0.0,,0.0,,,0.0
500219886,HW IN/OUTPUT TRACK WIDTH FLAG,TCB,"ASM-Pacific,Phoenix",Order to Demand,,8.1,25.0,3,0.375,202409,202601,16,False,0.0,0.0,0.0,False,0.0,0.0,,0.0,,0.0,,0.0,False,3,0.0,0.0,0.0,0.0,DORMANT,,,0.0,,0.0,,,0.0,,,0.0,,0.0,,,0.0
500219887,SUBSTRATE TRANSFER ARM - L (STA-L),TCB,"ASM-Pacific,Phoenix",Order to Demand,,35929.8,25.0,3,0.375,202409,202601,16,False,0.0,0.0,0.0,False,0.0,0.0,,0.0,,0.0,,0.0,False,3,0.0,0.0,0.0,0.0,DORMANT,,,0.0,,0.0,,,0.0,,,0.0,,0.0,,,0.0
500219888,STA-L MODULE BASE,TCB,"ASM-Pacific,Phoenix",Order to Demand,,1105.2,25.0,3,0.375,202409,202601,16,False,0.0,0.0,0.0,False,0.0,0.0,,0.0,,0.0,,0.0,False,3,0.0,0.0,0.0,0.0,DORMANT,,,0.0,,0.0,,,0.0,,,0.0,,0.0,,,0.0
500219889,COVER 3(STA_L),TCB,"ASM-Pacific,Phoenix",Order to Demand,,58.5,25.0,3,0.375,202409,202601,16,False,0.0,0.0,0.0,False,0.0,0.0,,0.0,,0.0,,0.0,False,3,0.0,0.0,0.0,0.0,DORMANT,,,0.0,,0.0,,,0.0,,,0.0,,0.0,,,0.0
500219890,E_CHAIN MOUNTING(Z FIXEND)(STA_L),TCB,"ASM-Pacific,Phoenix",Order to Demand,,79.2,25.0,3,0.375,202409,202601,16,False,0.0,0.0,0.0,False,0.0,0.0,,0.0,,0.0,,0.0,False,3,0.0,0.0,0.0,0.0,DORMANT,,,0.0,,0.0,,,0.0,,,0.0,,0.0,,,0.0
500219891,CABLE COVER 1(STA L),TCB,"ASM-Pacific,Phoenix",Order to Demand,,36.0,25.0,3,0.375,202409,202601,16,False,0.0,0.0,0.0,False,0.0,0.0,,0.0,,0.0,,0.0,False,3,0.0,0.0,0.0,0.0,DORMANT,,,0.0,,0.0,,,0.0,,,0.0,,0.0,,,0.0
500219892,CABLE COVER 2(STA L),TCB,"ASM-Pacific,Phoenix",Order to Demand,,45.0,25.0,3,0.375,202409,202601,16,False,0.0,0.0,0.0,False,0.0,0.0,,0.0,,0.0,,0.0,False,3,0.0,0.0,0.0,0.0,DORMANT,,,0.0,,0.0,,,0.0,,,0.0,,0.0,,,0.0
500219893,CABLE COVER 3(STA L),TCB,"ASM-Pacific,Phoenix",Order to Demand,,41.4,25.0,3,0.375,202409,202601,16,False,0.0,0.0,0.0,False,0.0,0.0,,0.0,,0.0,,0.0,False,3,0.0,0.0,0.0,0.0,DORMANT,,,0.0,,0.0,,,0.0,,,0.0,,0.0,,,0.0
500219894,STA-L Y MOTOR SUPPORT BASE,TCB,"ASM-Pacific,Phoenix",Order to Demand,,1012.5,25.0,3,0.375,202409,202601,16,False,0.0,0.0,0.0,False,0.0,0.0,,0.0,,0.0,,0.0,False,3,0.0,0.0,0.0,0.0,DORMANT,,,0.0,,0.0,,,0.0,,,0.0,,0.0,,,0.0
500219895,Y MOVING END (STA L),TCB,"ASM-Pacific,Phoenix",Order to Demand,,270.0,25.0,3,0.375,202409,202601,16,False,0.0,0.0,0.0,False,0.0,0.0,,0.0,,0.0,,0.0,False,3,0.0,0.0,0.0,0.0,DORMANT,,,0.0,,0.0,,,0.0,,,0.0,,0.0,,,0.0
500219896,Y CONNECTOR MOUNTING(STA L),TCB,"ASM-Pacific,Phoenix",Order to Demand,,109.8,25.0,3,0.375,202409,202601,16,False,0.0,0.0,0.0,False,0.0,0.0,,0.0,,0.0,,0.0,False,3,0.0,0.0,0.0,0.0,DORMANT,,,0.0,,0.0,,,0.0,,,0.0,,0.0,,,0.0
500219897,BRACKET 1(L),TCB,"ASM-Pacific,Phoenix",Order to Demand,,122.4,25.0,3,0.375,202409,202601,16,False,0.0,0.0,0.0,False,0.0,0.0,,0.0,,0.0,,0.0,False,3,0.0,0.0,0.0,0.0,DORMANT,,,0.0,,0.0,,,0.0,,,0.0,,0.0,,,0.0
500219898,TUBE COVER,TCB,"ASM-Pacific,Phoenix",Order to Demand,,9.9,25.0,3,0.375,202409,202601,16,False,0.0,0.0,0.0,False,0.0,0.0,,0.0,,0.0,,0.0,False,3,0.0,0.0,0.0,0.0,DORMANT,,,0.0,,0.0,,,0.0,,,0.0,,0.0,,,0.0
500219899,ESIO AND CAMERA MOUNING(STA L),TCB,"ASM-Pacific,Phoenix",Order to Demand,,51.26,25.0,3,0.375,202409,202601,16,False,0.0,0.0,0.0,False,0.0,0.0,,0.0,,0.0,,0.0,False,3,0.0,0.0,0.0,0.0,DORMANT,,,0.0,,0.0,,,0.0,,,0.0,,0.0,,,0.0
500219900,STA L Y CONNECTOR COVER,TCB,"ASM-Pacific,Phoenix",Order to Demand,,50.4,25.0,3,0.375,202409,202601,16,False,0.0,0.0,0.0,False,0.0,0.0,,0.0,,0.0,,0.0,False,3,0.0,0.0,0.0,0.0,DORMANT,,,0.0,,0.0,,,0.0,,,0.0,,0.0,,,0.0
500219901,STA-L Y TABLE ASSY,TCB,"ASM-Pacific,Phoenix;GENERIC",Order to Demand,,10839.6,25.0,3,0.375,202409,202601,16,False,0.0,0.0,0.0,False,0.0,0.0,,0.0,,0.0,,0.0,False,3,0.0,0.0,0.0,0.0,DORMANT,,,0.0,,0.0,,,0.0,,,0.0,,0.0,,,0.0
500219902,STA Y MOTOR ASSY,TCB,"ASM-Pacific,Phoenix;ASM-Pacific,Firebird",Order to Demand,shared with XG756,2320.49,25.0,3,0.375,202409,202601,16,False,0.0,0.0,0.0,False,0.0,0.0,,0.0,,0.0,,0.0,False,3,0.0,0.0,0.0,0.0,DORMANT,,,0.0,,0.0,,,0.0,,,0.0,,0.0,,,0.0
500219903,SOC HD CAP SCREW M4X14 ALLOY ST NI PLT,TCB,"ASM-Pacific,Phoenix;GENERIC",Order to Demand,,0.9,25.0,3,0.375,202409,202601,16,False,0.0,0.0,0.0,False,0.0,0.0,,0.0,,0.0,,0.0,False,3,0.0,0.0,0.0,0.0,DORMANT,,,0.0,,0.0,,,0.0,,,0.0,,0.0,,,0.0
500219904,LM GUIDE SHS15V2UUC1+1000LP-II,TCB,"ASM-Pacific,Phoenix",Order to Demand,,3589.2,25.0,3,0.375,202409,202601,16,False,0.0,0.0,0.0,False,0.0,0.0,,0.0,,0.0,,0.0,False,3,0.0,0.0,0.0,0.0,DORMANT,,,0.0,,0.0,,,0.0,,,0.0,,0.0,,,0.0
500219905,STA-L Y MOTOR BASE,TCB,"ASM-Pacific,Phoenix",Order to Demand,,1171.8,25.0,3,0.375,202409,202601,16,False,0.0,0.0,0.0,False,0.0,0.0,,0.0,,0.0,,0.0,False,3,0.0,0.0,0.0,0.0,DORMANT,,,0.0,,0.0,,,0.0,,,0.0,,0.0,,,0.0
500219906,Z LIMIT SNR MNT,TCB,"GENERIC;ASM-Pacific,Phoenix",Order to Demand,,9.9,25.0,3,0.375,202409,202601,16,False,0.0,0.0,0.0,False,0.0,0.0,,0.0,,0.0,,0.0,False,3,0.0,0.0,0.0,0.0,DORMANT,,,0.0,,0.0,,,0.0,,,0.0,,0.0,,,0.0
500219907,STA Y MOVING PLATE,TCB,"ASM-Pacific,Phoenix",Order to Demand,,247.5,25.0,3,0.375,202409,202601,16,False,0.0,0.0,0.0,False,0.0,0.0,,0.0,,0.0,,0.0,False,3,0.0,0.0,0.0,0.0,DORMANT,,,0.0,,0.0,,,0.0,,,0.0,,0.0,,,0.0
500219908,STA ENCODER MOUNT,TCB,"ASM-Pacific,Phoenix",Order to Demand,,107.1,25.0,3,0.375,202409,202601,16,False,0.0,0.0,0.0,False,0.0,0.0,,0.0,,0.0,,0.0,False,3,0.0,0.0,0.0,0.0,DORMANT,,,0.0,,0.0,,,0.0,,,0.0,,0.0,,,0.0
500219909,Y MTR BASE COVER,TCB,"ASM-Pacific,Phoenix",Order to Demand,,27.0,25.0,3,0.375,202409,202601,16,False,0.0,0.0,0.0,False,0.0,0.0,,0.0,,0.0,,0.0,False,3,0.0,0.0,0.0,0.0,DORMANT,,,0.0,,0.0,,,0.0,,,0.0,,0.0,,,0.0
500219910,STA L HOME SENSOR FLAG,TCB,"ASM-Pacific,Phoenix;GENERIC",Order to Demand,,15.3,25.0,3,0.375,202409,202601,16,False,0.0,0.0,0.0,False,0.0,0.0,,0.0,,0.0,,0.0,False,3,0.0,0.0,0.0,0.0,DORMANT,,,0.0,,0.0,,,0.0,,,0.0,,0.0,,,0.0
500219911,STA-L Z TABLE ASSY,TCB,"ASM-Pacific,Phoenix;GENERIC",Order to Demand,,5928.3,25.0,3,0.375,202409,202601,16,False,0.0,0.0,0.0,False,0.0,0.0,,0.0,,0.0,,0.0,False,3,0.0,0.0,0.0,0.0,DORMANT,,,0.0,,0.0,,,0.0,,,0.0,,0.0,,,0.0
500219912,STA & COS SVR MTR ASSY,TCB,"ASM-Pacific,Phoenix;ASM-Pacific,Firebird",Order to Demand,shared with XG756,742.52,10.0,3,0.375,202409,202601,16,False,0.0,0.0,0.0,False,0.0,0.0,,0.0,,0.0,,0.0,False,3,0.0,0.0,0.0,0.0,DORMANT,,,0.0,,0.0,,,0.0,,,0.0,,0.0,,,0.0
500219913,STA L HOME SENSOR MOUNT,TCB,"GENERIC;ASM-Pacific,Phoenix",Order to Demand,,18.9,25.0,3,0.375,202409,202601,16,False,0.0,0.0,0.0,False,0.0,0.0,,0.0,,0.0,,0.0,False,3,0.0,0.0,0.0,0.0,DORMANT,,,0.0,,0.0,,,0.0,,,0.0,,0.0,,,0.0
500219914,STA Y STOPPER,TCB,"GENERIC;ASM-Pacific,Phoenix",Order to Demand,,9.9,25.0,3,0.375,202409,202601,16,False,0.0,0.0,0.0,False,0.0,0.0,,0.0,,0.0,,0.0,False,3,0.0,0.0,0.0,0.0,DORMANT,,,0.0,,0.0,,,0.0,,,0.0,,0.0,,,0.0
500219915,Z MOTOR PULLEY MOUNT,TCB,"ASM-Pacific,Phoenix",Order to Demand,,67.5,25.0,3,0.375,202409,202601,16,False,0.0,0.0,0.0,False,0.0,0.0,,0.0,,0.0,,0.0,False,3,0.0,0.0,0.0,0.0,DORMANT,,,0.0,,0.0,,,0.0,,,0.0,,0.0,,,0.0
500219916,STA-L Z MOTOR MOUNT,TCB,"ASM-Pacific,Phoenix",Order to Demand,,297.0,25.0,3,0.375,202409,202601,16,False,0.0,0.0,0.0,False,0.0,0.0,,0.0,,0.0,,0.0,False,3,0.0,0.0,0.0,0.0,DORMANT,,,0.0,,0.0,,,0.0,,,0.0,,0.0,,,0.0
500219917,NUT HOLDER,TCB,"ASM-Pacific,Phoenix",Order to Demand,,58.5,25.0,3,0.375,202409,202601,16,False,0.0,0.0,0.0,False,0.0,0.0,,0.0,,0.0,,0.0,False,3,0.0,0.0,0.0,0.0,DORMANT,,,0.0,,0.0,,,0.0,,,0.0,,0.0,,,0.0
500219918,STA-L THETA ASSY,TCB,"GENERIC;ASM-Pacific,Phoenix",Order to Demand,,5760.9,25.0,3,0.375,202409,202601,16,False,0.0,0.0,0.0,False,0.0,0.0,,0.0,,0.0,,0.0,False,3,0.0,0.0,0.0,0.0,DORMANT,,,0.0,,0.0,,,0.0,,,0.0,,0.0,,,0.0
500219920,"BALL,BEARING,25X42X9,A/C,STA-L,THETA",TCB,"ASM-Pacific,Phoenix",Order to Demand,,181.8,25.0,3,0.375,202409,202601,16,False,0.0,0.0,0.0,False,0.0,0.0,,0.0,,0.0,,0.0,False,3,0.0,0.0,0.0,0.0,DORMANT,,,0.0,,0.0,,,0.0,,,0.0,,0.0,,,0.0
500219921,MOTOR PULLEY CLAMP,TCB,"ASM-Pacific,Phoenix",Order to Demand,,21.6,25.0,3,0.375,202409,202601,16,False,0.0,0.0,0.0,False,0.0,0.0,,0.0,,0.0,,0.0,False,3,0.0,0.0,0.0,0.0,DORMANT,,,0.0,,0.0,,,0.0,,,0.0,,0.0,,,0.0
500219922,PULLEY (PD DIA 42.67),TCB,"ASM-Pacific,Phoenix",Order to Demand,,671.4,25.0,3,0.375,202409,202601,16,False,0.0,0.0,0.0,False,0.0,0.0,,0.0,,0.0,,0.0,False,3,0.0,0.0,0.0,0.0,DORMANT,,,0.0,,0.0,,,0.0,,,0.0,,0.0,,,0.0
500219923,PULLEY (PD DIA 18.8),TCB,"ASM-Pacific,Phoenix",Order to Demand,,59.4,25.0,3,0.375,202409,202601,16,False,0.0,0.0,0.0,False,0.0,0.0,,0.0,,0.0,,0.0,False,3,0.0,0.0,0.0,0.0,DORMANT,,,0.0,,0.0,,,0.0,,,0.0,,0.0,,,0.0
500219924,BEARING COVER,TCB,"ASM-Pacific,Phoenix",Order to Demand,,58.5,25.0,3,0.375,202409,202601,16,False,0.0,0.0,0.0,False,0.0,0.0,,0.0,,0.0,,0.0,False,3,0.0,0.0,0.0,0.0,DORMANT,,,0.0,,0.0,,,0.0,,,0.0,,0.0,,,0.0
500219925,VACUUM SENSOR CONNECTOR,TCB,"ASM-Pacific,Phoenix;GENERIC",Order to Demand,,45.0,25.0,3,0.375,202409,202601,16,False,0.0,0.0,0.0,False,0.0,0.0,,0.0,,0.0,,0.0,False,3,0.0,0.0,0.0,0.0,DORMANT,,,0.0,,0.0,,,0.0,,,0.0,,0.0,,,0.0
500219926,LOCK NUT M24,TCB,"ASM-Pacific,Phoenix",Order to Demand,,15.3,25.0,3,0.375,202409,202601,16,False,0.0,0.0,0.0,False,0.0,0.0,,0.0,,0.0,,0.0,False,3,0.0,0.0,0.0,0.0,DORMANT,,,0.0,,0.0,,,0.0,,,0.0,,0.0,,,0.0
500219927,E_CHAIN MOUNTING(Z MOVING)(STA_L),TCB,"ASM-Pacific,Phoenix",Order to Demand,,201.6,25.0,3,0.375,202409,202601,16,False,0.0,0.0,0.0,False,0.0,0.0,,0.0,,0.0,,0.0,False,3,0.0,0.0,0.0,0.0,DORMANT,,,0.0,,0.0,,,0.0,,,0.0,,0.0,,,0.0
500219928,BRACKET 2(L),TCB,"ASM-Pacific,Phoenix",Order to Demand,,29.7,25.0,3,0.375,202409,202601,16,False,0.0,0.0,0.0,False,0.0,0.0,,0.0,,0.0,,0.0,False,3,0.0,0.0,0.0,0.0,DORMANT,,,0.0,,0.0,,,0.0,,,0.0,,0.0,,,0.0
500219929,THETA SNR FLAG (135 DEG),TCB,"GENERIC;ASM-Pacific,Phoenix",Order to Demand,,8.1,25.0,3,0.375,202409,202601,16,False,0.0,0.0,0.0,False,0.0,0.0,,0.0,,0.0,,0.0,False,3,0.0,0.0,0.0,0.0,DORMANT,,,0.0,,0.0,,,0.0,,,0.0,,0.0,,,0.0
500219930,VACUUM SNR MOUNTING,TCB,"ASM-Pacific,Phoenix;GENERIC",Order to Demand,,18.0,25.0,3,0.375,202409,202601,16,False,0.0,0.0,0.0,False,0.0,0.0,,0.0,,0.0,,0.0,False,3,0.0,0.0,0.0,0.0,DORMANT,,,0.0,,0.0,,,0.0,,,0.0,,0.0,,,0.0
500219931,TUBE SUPPORT,TCB,"GENERIC;ASM-Pacific,Phoenix",Order to Demand,,26.1,25.0,3,0.375,202409,202601,16,False,0.0,0.0,0.0,False,0.0,0.0,,0.0,,0.0,,0.0,False,3,0.0,0.0,0.0,0.0,DORMANT,,,0.0,,0.0,,,0.0,,,0.0,,0.0,,,0.0
500219932,THETA STOPPER BLOCK (FRONT),TCB,"ASM-Pacific,Phoenix",Order to Demand,,26.1,25.0,3,0.375,202409,202601,16,False,0.0,0.0,0.0,False,0.0,0.0,,0.0,,0.0,,0.0,False,3,0.0,0.0,0.0,0.0,DORMANT,,,0.0,,0.0,,,0.0,,,0.0,,0.0,,,0.0
500219933,STA Z SNR FLAG,TCB,"ASM-Pacific,Phoenix;GENERIC",Order to Demand,,5.4,25.0,3,0.375,202409,202601,16,False,0.0,0.0,0.0,False,0.0,0.0,,0.0,,0.0,,0.0,False,3,0.0,0.0,0.0,0.0,DORMANT,,,0.0,,0.0,,,0.0,,,0.0,,0.0,,,0.0
500219934,STA L OPTICS MOUNT,TCB,"ASM-Pacific,Phoenix",Order to Demand,,72.9,25.0,3,0.375,202409,202601,16,False,0.0,0.0,0.0,False,0.0,0.0,,0.0,,0.0,,0.0,False,3,0.0,0.0,0.0,0.0,DORMANT,,,0.0,,0.0,,,0.0,,,0.0,,0.0,,,0.0
500219935,THETA STOPPER BLOCK (REAR),TCB,"ASM-Pacific,Phoenix",Order to Demand,,26.1,25.0,3,0.375,202409,202601,16,False,0.0,0.0,0.0,False,0.0,0.0,,0.0,,0.0,,0.0,False,3,0.0,0.0,0.0,0.0,DORMANT,,,0.0,,0.0,,,0.0,,,0.0,,0.0,,,0.0
500219936,THETA SNR MOUNT,TCB,"ASM-Pacific,Phoenix;GENERIC",Order to Demand,,8.1,25.0,3,0.375,202409,202601,16,False,0.0,0.0,0.0,False,0.0,0.0,,0.0,,0.0,,0.0,False,3,0.0,0.0,0.0,0.0,DORMANT,,,0.0,,0.0,,,0.0,,,0.0,,0.0,,,0.0
500219937,STA L  THETA TABLE BASE,TCB,"ASM-Pacific,Phoenix",Order to Demand,,278.1,25.0,3,0.375,202409,202601,16,False,0.0,0.0,0.0,False,0.0,0.0,,0.0,,0.0,,0.0,False,3,0.0,0.0,0.0,0.0,DORMANT,,,0.0,,0.0,,,0.0,,,0.0,,0.0,,,0.0
500219938,STA L THETA TABLE PLATE,TCB,"ASM-Pacific,Phoenix",Order to Demand,,225.0,25.0,3,0.375,202409,202601,16,False,0.0,0.0,0.0,False,0.0,0.0,,0.0,,0.0,,0.0,False,3,0.0,0.0,0.0,0.0,DORMANT,,,0.0,,0.0,,,0.0,,,0.0,,0.0,,,0.0
500219939,STA L BELT COVER 2,TCB,"ASM-Pacific,Phoenix",Order to Demand,,23.4,25.0,3,0.375,202409,202601,16,False,0.0,0.0,0.0,False,0.0,0.0,,0.0,,0.0,,0.0,False,3,0.0,0.0,0.0,0.0,DORMANT,,,0.0,,0.0,,,0.0,,,0.0,,0.0,,,0.0
500219940,STA L THETA MOTOR MOUNT,TCB,"ASM-Pacific,Phoenix",Order to Demand,,126.9,25.0,3,0.375,202409,202601,16,False,0.0,0.0,0.0,False,0.0,0.0,,0.0,,0.0,,0.0,False,3,0.0,0.0,0.0,0.0,DORMANT,,,0.0,,0.0,,,0.0,,,0.0,,0.0,,,0.0
500219941,STA L THETA BELT COVER 1,TCB,"ASM-Pacific,Phoenix",Order to Demand,,23.4,25.0,3,0.375,202409,202601,16,False,0.0,0.0,0.0,False,0.0,0.0,,0.0,,0.0,,0.0,False,3,0.0,0.0,0.0,0.0,DORMANT,,,0.0,,0.0,,,0.0,,,0.0,,0.0,,,0.0
500219942,LEFT PICKHEAD INTERFACE PLATE ASSY,TCB,"ASM-Pacific,Phoenix",Order to Demand,,302.4,25.0,3,0.375,202409,202601,16,False,0.0,0.0,0.0,False,0.0,0.0,,0.0,,0.0,,0.0,False,3,0.0,0.0,0.0,0.0,DORMANT,,,0.0,,0.0,,,0.0,,,0.0,,0.0,,,0.0
500219943,LEFT PICKHEAD INTERFACE ASSY,TCB,"ASM-Pacific,Phoenix",Order to Demand,shared with XG756,348.43,10.0,3,0.375,202409,202601,16,False,0.0,0.0,0.0,False,0.0,0.0,,0.0,,0.0,,0.0,False,3,0.0,0.0,0.0,0.0,DORMANT,,,0.0,,0.0,,,0.0,,,0.0,,0.0,,,0.0
500219944,SUBSTRATE TRANSFER ARM - R (STA-R),TCB,"ASM-Pacific,Phoenix",Order to Demand,,36259.2,25.0,3,0.375,202409,202601,16,False,0.0,0.0,0.0,False,0.0,0.0,,0.0,,0.0,,0.0,False,3,0.0,0.0,0.0,0.0,DORMANT,,,0.0,,0.0,,,0.0,,,0.0,,0.0,,,0.0
500219945,STA-R Y TABLE ASSY,TCB,"ASM-Pacific,Phoenix;GENERIC",Order to Demand,,8929.8,25.0,3,0.375,202409,202601,16,False,0.0,0.0,0.0,False,0.0,0.0,,0.0,,0.0,,0.0,False,3,0.0,0.0,0.0,0.0,DORMANT,,,0.0,,0.0,,,0.0,,,0.0,,0.0,,,0.0
500219946,Y CASTING COVER,TCB,"ASM-Pacific,Phoenix",Order to Demand,,21.6,25.0,3,0.375,202409,202601,16,False,0.0,0.0,0.0,False,0.0,0.0,,0.0,,0.0,,0.0,False,3,0.0,0.0,0.0,0.0,DORMANT,,,0.0,,0.0,,,0.0,,,0.0,,0.0,,,0.0
500219947,STA Y MOTOR SUPPORT,TCB,"ASM-Pacific,Phoenix",Order to Demand,,257.4,25.0,3,0.375,202409,202601,16,False,0.0,0.0,0.0,False,0.0,0.0,,0.0,,0.0,,0.0,False,3,0.0,0.0,0.0,0.0,DORMANT,,,0.0,,0.0,,,0.0,,,0.0,,0.0,,,0.0
500219948,STA-R MODULE BASE,TCB,"ASM-Pacific,Phoenix",Order to Demand,,1163.7,25.0,3,0.375,202409,202601,16,False,0.0,0.0,0.0,False,0.0,0.0,,0.0,,0.0,,0.0,False,3,0.0,0.0,0.0,0.0,DORMANT,,,0.0,,0.0,,,0.0,,,0.0,,0.0,,,0.0
500219949,STA CASTING STAND,TCB,"ASM-Pacific,Phoenix;GENERIC",Order to Demand,,621.0,25.0,3,0.375,202409,202601,16,False,0.0,0.0,0.0,False,0.0,0.0,,0.0,,0.0,,0.0,False,3,0.0,0.0,0.0,0.0,DORMANT,,,0.0,,0.0,,,0.0,,,0.0,,0.0,,,0.0
500219950,COVER 3 (STA_R),TCB,"ASM-Pacific,Phoenix",Order to Demand,,63.9,25.0,3,0.375,202409,202601,16,False,0.0,0.0,0.0,False,0.0,0.0,,0.0,,0.0,,0.0,False,3,0.0,0.0,0.0,0.0,DORMANT,,,0.0,,0.0,,,0.0,,,0.0,,0.0,,,0.0
500219951,STA-R Y MOTOR SUPPORT BASE,TCB,"ASM-Pacific,Phoenix",Order to Demand,,993.6,25.0,3,0.375,202409,202601,16,False,0.0,0.0,0.0,False,0.0,0.0,,0.0,,0.0,,0.0,False,3,0.0,0.0,0.0,0.0,DORMANT,,,0.0,,0.0,,,0.0,,,0.0,,0.0,,,0.0
500219952,CABLE COVER 1(STA R),TCB,"ASM-Pacific,Phoenix",Order to Demand,,35.1,25.0,3,0.375,202409,202601,16,False,0.0,0.0,0.0,False,0.0,0.0,,0.0,,0.0,,0.0,False,3,0.0,0.0,0.0,0.0,DORMANT,,,0.0,,0.0,,,0.0,,,0.0,,0.0,,,0.0
500219953,E_CHAIN MOUNTING(Z FIXEND)(STA_R),TCB,"ASM-Pacific,Phoenix",Order to Demand,,84.6,25.0,3,0.375,202409,202601,16,False,0.0,0.0,0.0,False,0.0,0.0,,0.0,,0.0,,0.0,False,3,0.0,0.0,0.0,0.0,DORMANT,,,0.0,,0.0,,,0.0,,,0.0,,0.0,,,0.0
500219954,CABLE COVER 2(STA R),TCB,"ASM-Pacific,Phoenix",Order to Demand,,40.5,25.0,3,0.375,202409,202601,16,False,0.0,0.0,0.0,False,0.0,0.0,,0.0,,0.0,,0.0,False,3,0.0,0.0,0.0,0.0,DORMANT,,,0.0,,0.0,,,0.0,,,0.0,,0.0,,,0.0
500219955,CABLE COVER 3(STA R),TCB,"ASM-Pacific,Phoenix",Order to Demand,,50.4,25.0,3,0.375,202409,202601,16,False,0.0,0.0,0.0,False,0.0,0.0,,0.0,,0.0,,0.0,False,3,0.0,0.0,0.0,0.0,DORMANT,,,0.0,,0.0,,,0.0,,,0.0,,0.0,,,0.0
500219956,Y MOVING END (STA R),TCB,"ASM-Pacific,Phoenix",Order to Demand,,270.0,25.0,3,0.375,202409,202601,16,False,0.0,0.0,0.0,False,0.0,0.0,,0.0,,0.0,,0.0,False,3,0.0,0.0,0.0,0.0,DORMANT,,,0.0,,0.0,,,0.0,,,0.0,,0.0,,,0.0
500219957,Y CONNECTOR MOUNTING(STA R),TCB,"ASM-Pacific,Phoenix",Order to Demand,,115.2,25.0,3,0.375,202409,202601,16,False,0.0,0.0,0.0,False,0.0,0.0,,0.0,,0.0,,0.0,False,3,0.0,0.0,0.0,0.0,DORMANT,,,0.0,,0.0,,,0.0,,,0.0,,0.0,,,0.0
500219958,STA R Y CONNECTOR COVER,TCB,"ASM-Pacific,Phoenix",Order to Demand,,51.3,25.0,3,0.375,202409,202601,16,False,0.0,0.0,0.0,False,0.0,0.0,,0.0,,0.0,,0.0,False,3,0.0,0.0,0.0,0.0,DORMANT,,,0.0,,0.0,,,0.0,,,0.0,,0.0,,,0.0
500219959,ESIO AND CAMERA MOUNING(STA R),TCB,"ASM-Pacific,Phoenix",Order to Demand,,42.45,25.0,3,0.375,202409,202601,16,False,0.0,0.0,0.0,False,0.0,0.0,,0.0,,0.0,,0.0,False,3,0.0,0.0,0.0,0.0,DORMANT,,,0.0,,0.0,,,0.0,,,0.0,,0.0,,,0.0
500219960,STA-R Z TABLE ASSY,TCB,"GENERIC;ASM-Pacific,Phoenix",Order to Demand,,5902.2,25.0,3,0.375,202409,202601,16,False,0.0,0.0,0.0,False,0.0,0.0,,0.0,,0.0,,0.0,False,3,0.0,0.0,0.0,0.0,DORMANT,,,0.0,,0.0,,,0.0,,,0.0,,0.0,,,0.0
500219961,STA-R THETA ASSY,TCB,"ASM-Pacific,Phoenix;GENERIC",Order to Demand,,5916.6,25.0,3,0.375,202409,202601,16,False,0.0,0.0,0.0,False,0.0,0.0,,0.0,,0.0,,0.0,False,3,0.0,0.0,0.0,0.0,DORMANT,,,0.0,,0.0,,,0.0,,,0.0,,0.0,,,0.0
500219963,COVER OPENING STATION -L (COS-L),TCB,"GENERIC;ASM-Pacific,Phoenix",Order to Demand,,14407.2,25.0,3,0.375,202409,202601,16,False,0.0,0.0,0.0,False,0.0,0.0,,0.0,,0.0,,0.0,False,3,0.0,0.0,0.0,0.0,DORMANT,,,0.0,,0.0,,,0.0,,,0.0,,0.0,,,0.0
500219964,CONNECTOR MOUNTING (COS L),TCB,"ASM-Pacific,Phoenix",Order to Demand,,43.2,25.0,3,0.375,202409,202601,16,False,0.0,0.0,0.0,False,0.0,0.0,,0.0,,0.0,,0.0,False,3,0.0,0.0,0.0,0.0,DORMANT,,,0.0,,0.0,,,0.0,,,0.0,,0.0,,,0.0
500219965,COS-L FRONT TRACK ASSY,TCB,"ASM-Pacific,Phoenix;GENERIC",Order to Demand,,4464.0,25.0,3,0.375,202409,202601,16,False,0.0,0.0,0.0,False,0.0,0.0,,0.0,,0.0,,0.0,False,3,0.0,0.0,0.0,0.0,DORMANT,,,0.0,,0.0,,,0.0,,,0.0,,0.0,,,0.0
500219966,"MOTOR,CAH,58-00044,ASSEMBLY,LEFT",TCB,"ASM-Pacific,Phoenix",Order to Demand,,92.91,25.0,3,0.375,202409,202601,16,False,0.0,0.0,0.0,False,0.0,0.0,,0.0,,0.0,,0.0,False,3,0.0,0.0,0.0,0.0,DORMANT,,,0.0,,0.0,,,0.0,,,0.0,,0.0,,,0.0
500219967,TRACK WIDTH MTR&ENC ASSY,TCB,"ASM-Pacific,Phoenix",Order to Demand,,348.43,25.0,3,0.375,202409,202601,16,False,0.0,0.0,0.0,False,0.0,0.0,,0.0,,0.0,,0.0,False,3,0.0,0.0,0.0,0.0,DORMANT,,,0.0,,0.0,,,0.0,,,0.0,,0.0,,,0.0
500219968,(COS-L)IN SENSOR UP,TCB,"ASM-Pacific,Phoenix;Generic",Order to Demand,,209.86,25.0,3,0.375,202409,202601,16,False,0.0,0.0,0.0,False,0.0,0.0,,0.0,,0.0,,0.0,False,3,0.0,0.0,0.0,0.0,DORMANT,,,0.0,,0.0,,,0.0,,,0.0,,0.0,,,0.0
500219969,(COS-L)IN SENSOR DOWN,TCB,"ASM-Pacific,Phoenix;Generic",Order to Demand,,209.86,25.0,3,0.375,202409,202601,16,False,0.0,0.0,0.0,False,0.0,0.0,,0.0,,0.0,,0.0,False,3,0.0,0.0,0.0,0.0,DORMANT,,,0.0,,0.0,,,0.0,,,0.0,,0.0,,,0.0
500219970,"SENSOR,EXIST,COS-L",TCB,"ASM-Pacific,Phoenix;Generic",Order to Demand,,209.86,15.0,3,0.375,202409,202601,16,False,0.0,0.0,0.0,False,0.0,0.0,,0.0,,0.0,,0.0,False,3,0.0,0.0,0.0,0.0,DORMANT,,,0.0,,0.0,,,0.0,,,0.0,,0.0,,,0.0
500219971,COS-L FRONT TRACK,TCB,"GENERIC;ASM-Pacific,Phoenix",Order to Demand,,523.8,25.0,3,0.375,202409,202601,16,False,0.0,0.0,0.0,False,0.0,0.0,,0.0,,0.0,,0.0,False,3,0.0,0.0,0.0,0.0,DORMANT,,,0.0,,0.0,,,0.0,,,0.0,,0.0,,,0.0
500219972,COS-L SAFETY SNR MNT,TCB,"ASM-Pacific,Phoenix;GENERIC",Order to Demand,,18.0,25.0,3,0.375,202409,202601,16,False,0.0,0.0,0.0,False,0.0,0.0,,0.0,,0.0,,0.0,False,3,0.0,0.0,0.0,0.0,DORMANT,,,0.0,,0.0,,,0.0,,,0.0,,0.0,,,0.0
500219973,COS L FRONT TRACK COVER,TCB,"GENERIC;ASM-Pacific,Phoenix",Order to Demand,,143.1,25.0,3,0.375,202409,202601,16,False,0.0,0.0,0.0,False,0.0,0.0,,0.0,,0.0,,0.0,False,3,0.0,0.0,0.0,0.0,DORMANT,,,0.0,,0.0,,,0.0,,,0.0,,0.0,,,0.0
500219974,COS X STOPPER MOUNT L,TCB,"ASM-Pacific,Phoenix;GENERIC",Order to Demand,,16.2,25.0,3,0.375,202409,202601,16,False,0.0,0.0,0.0,False,0.0,0.0,,0.0,,0.0,,0.0,False,3,0.0,0.0,0.0,0.0,DORMANT,,,0.0,,0.0,,,0.0,,,0.0,,0.0,,,0.0
500219975,COS-L CONVEYOR MTR MOUNT,TCB,"ASM-Pacific,Phoenix",Order to Demand,,72.0,25.0,3,0.375,202409,202601,16,False,0.0,0.0,0.0,False,0.0,0.0,,0.0,,0.0,,0.0,False,3,0.0,0.0,0.0,0.0,DORMANT,,,0.0,,0.0,,,0.0,,,0.0,,0.0,,,0.0
500219976,COS-L REAR TRACK ASSY,TCB,"ASM-Pacific,Phoenix;GENERIC",Order to Demand,,2536.2,25.0,3,0.375,202409,202601,16,False,0.0,0.0,0.0,False,0.0,0.0,,0.0,,0.0,,0.0,False,3,0.0,0.0,0.0,0.0,DORMANT,,,0.0,,0.0,,,0.0,,,0.0,,0.0,,,0.0
500219977,COS-L TRACKWIDTH MTR MOUNT,TCB,"ASM-Pacific,Phoenix",Order to Demand,,58.5,25.0,3,0.375,202409,202601,16,False,0.0,0.0,0.0,False,0.0,0.0,,0.0,,0.0,,0.0,False,3,0.0,0.0,0.0,0.0,DORMANT,,,0.0,,0.0,,,0.0,,,0.0,,0.0,,,0.0
500219978,COS L TRACK WIDTH FLAG,TCB,"ASM-Pacific,Phoenix",Order to Demand,,12.6,25.0,3,0.375,202409,202601,16,False,0.0,0.0,0.0,False,0.0,0.0,,0.0,,0.0,,0.0,False,3,0.0,0.0,0.0,0.0,DORMANT,,,0.0,,0.0,,,0.0,,,0.0,,0.0,,,0.0
500219979,COS-L REAR TRACK,TCB,"GENERIC;ASM-Pacific,Phoenix",Order to Demand,,645.3,25.0,3,0.375,202409,202601,16,False,0.0,0.0,0.0,False,0.0,0.0,,0.0,,0.0,,0.0,False,3,0.0,0.0,0.0,0.0,DORMANT,,,0.0,,0.0,,,0.0,,,0.0,,0.0,,,0.0
500219980,COS L PUSHER ASSY,TCB,"ASM-Pacific,Phoenix",Order to Demand,,133.2,25.0,3,0.375,202409,202601,16,False,0.0,0.0,0.0,False,0.0,0.0,,0.0,,0.0,,0.0,False,3,0.0,0.0,0.0,0.0,DORMANT,,,0.0,,0.0,,,0.0,,,0.0,,0.0,,,0.0
500219981,COS-L REAR TRACK COVER,TCB,"ASM-Pacific,Phoenix",Order to Demand,,90.0,25.0,3,0.375,202409,202601,16,False,0.0,0.0,0.0,False,0.0,0.0,,0.0,,0.0,,0.0,False,3,0.0,0.0,0.0,0.0,DORMANT,,,0.0,,0.0,,,0.0,,,0.0,,0.0,,,0.0
500219982,COVER OPENING STATION -R (COS-R),TCB,"GENERIC;ASM-Pacific,Phoenix",Order to Demand,,14627.7,25.0,3,0.375,202409,202601,16,False,0.0,0.0,0.0,False,0.0,0.0,,0.0,,0.0,,0.0,False,3,0.0,0.0,0.0,0.0,DORMANT,,,0.0,,0.0,,,0.0,,,0.0,,0.0,,,0.0
500219983,TUBE MOUNTING MOVING (COS),TCB,"ASM-Pacific,Phoenix",Order to Demand,,16.2,25.0,3,0.375,202409,202601,16,False,0.0,0.0,0.0,False,0.0,0.0,,0.0,,0.0,,0.0,False,3,0.0,0.0,0.0,0.0,DORMANT,,,0.0,,0.0,,,0.0,,,0.0,,0.0,,,0.0
500219984,TUBE MOUNTING FIX END 2 (COS),TCB,"ASM-Pacific,Phoenix",Order to Demand,,18.0,25.0,3,0.375,202409,202601,16,False,0.0,0.0,0.0,False,0.0,0.0,,0.0,,0.0,,0.0,False,3,0.0,0.0,0.0,0.0,DORMANT,,,0.0,,0.0,,,0.0,,,0.0,,0.0,,,0.0
500219985,NYLON (COS),TCB,"ASM-Pacific,Phoenix",Order to Demand,,7.2,25.0,3,0.375,202409,202601,16,False,0.0,0.0,0.0,False,0.0,0.0,,0.0,,0.0,,0.0,False,3,0.0,0.0,0.0,0.0,DORMANT,,,0.0,,0.0,,,0.0,,,0.0,,0.0,,,0.0
500219986,CABLE SUPPORT,TCB,"GENERIC;ASM-Pacific,Phoenix",Order to Demand,,36.0,25.0,3,0.375,202409,202601,16,False,0.0,0.0,0.0,False,0.0,0.0,,0.0,,0.0,,0.0,False,3,0.0,0.0,0.0,0.0,DORMANT,,,0.0,,0.0,,,0.0,,,0.0,,0.0,,,0.0
500219987,TUBE MOUNTING FIX END 1 (COS),TCB,"ASM-Pacific,Phoenix",Order to Demand,,21.6,25.0,3,0.375,202409,202601,16,False,0.0,0.0,0.0,False,0.0,0.0,,0.0,,0.0,,0.0,False,3,0.0,0.0,0.0,0.0,DORMANT,,,0.0,,0.0,,,0.0,,,0.0,,0.0,,,0.0
500219988,COS CAL GLASS MOUNT ASSY,TCB,"ASM-Pacific,Phoenix",Order to Demand,,126.9,55.0,3,0.375,202409,202601,16,False,0.0,0.0,0.0,False,0.0,0.0,,0.0,,0.0,,0.0,False,3,0.0,0.0,0.0,0.0,DORMANT,,,0.0,,0.0,,,0.0,,,0.0,,0.0,,,0.0
500219989,CONNECTOR MOUNTING (COS R),TCB,"ASM-Pacific,Phoenix",Order to Demand,,51.3,25.0,3,0.375,202409,202601,16,False,0.0,0.0,0.0,False,0.0,0.0,,0.0,,0.0,,0.0,False,3,0.0,0.0,0.0,0.0,DORMANT,,,0.0,,0.0,,,0.0,,,0.0,,0.0,,,0.0
500219990,CAH 58-00044 MTR ASSY,TCB,"ASM-Pacific,Phoenix",Order to Demand,,92.91,10.0,3,0.375,202409,202601,16,False,0.0,0.0,0.0,False,0.0,0.0,,0.0,,0.0,,0.0,False,3,0.0,0.0,0.0,0.0,DORMANT,,,0.0,,0.0,,,0.0,,,0.0,,0.0,,,0.0
500219991,TRACK WIDTH MTR&ENC ASSY,TCB,"ASM-Pacific,Phoenix",Order to Demand,,348.43,25.0,3,0.375,202409,202601,16,False,0.0,0.0,0.0,False,0.0,0.0,,0.0,,0.0,,0.0,False,3,0.0,0.0,0.0,0.0,DORMANT,,,0.0,,0.0,,,0.0,,,0.0,,0.0,,,0.0
500219992,COS-R FRONT TRACK ASSY,TCB,"GENERIC;ASM-Pacific,Phoenix",Order to Demand,,4535.1,25.0,3,0.375,202409,202601,16,False,0.0,0.0,0.0,False,0.0,0.0,,0.0,,0.0,,0.0,False,3,0.0,0.0,0.0,0.0,DORMANT,,,0.0,,0.0,,,0.0,,,0.0,,0.0,,,0.0
500219993,(COS-R)IN SENSOR DOWN,TCB,"ASM-Pacific,Phoenix;Generic",Order to Demand,,209.86,25.0,3,0.375,202409,202601,16,False,0.0,0.0,0.0,False,0.0,0.0,,0.0,,0.0,,0.0,False,3,0.0,0.0,0.0,0.0,DORMANT,,,0.0,,0.0,,,0.0,,,0.0,,0.0,,,0.0
500219994,(COS-R)IN SENSOR UP,TCB,"GENERIC;ASM-Pacific,Phoenix",Order to Demand,,209.86,25.0,3,0.375,202409,202601,16,False,0.0,0.0,0.0,False,0.0,0.0,,0.0,,0.0,,0.0,False,3,0.0,0.0,0.0,0.0,DORMANT,,,0.0,,0.0,,,0.0,,,0.0,,0.0,,,0.0
500219995,(COS-R)EXIST SENSOR,TCB,"GENERIC;ASM-Pacific,Phoenix",Order to Demand,,209.86,25.0,3,0.375,202409,202601,16,False,0.0,0.0,0.0,False,0.0,0.0,,0.0,,0.0,,0.0,False,3,0.0,0.0,0.0,0.0,DORMANT,,,0.0,,0.0,,,0.0,,,0.0,,0.0,,,0.0
500219996,CALIBRATION GLASS BACK PLATE,TCB,"ASM-Pacific,Phoenix",Order to Demand,,18.9,25.0,4,0.5,202407,202601,18,False,4.0,0.0,4.0,True,1.0,1.732,1.732,-4.0,-1.0,-0.1271,-0.1271,-0.1271,False,4,0.0,0.0,0.0,0.0,INTERMITTENT,4.0,,0.0,,0.0,,,0.0,0.0,,0.0,,0.0,,,0.0
500219997,COS-L CONVEYOR MTR MOUNT,TCB,"ASM-Pacific,Phoenix",Order to Demand,,57.6,25.0,3,0.375,202409,202601,16,False,0.0,0.0,0.0,False,0.0,0.0,,0.0,,0.0,,0.0,False,3,0.0,0.0,0.0,0.0,DORMANT,,,0.0,,0.0,,,0.0,,,0.0,,0.0,,,0.0
500219998,COS-R FRONT TRACK,TCB,"ASM-Pacific,Phoenix;GENERIC",Order to Demand,,615.6,25.0,3,0.375,202409,202601,16,False,0.0,0.0,0.0,False,0.0,0.0,,0.0,,0.0,,0.0,False,3,0.0,0.0,0.0,0.0,DORMANT,,,0.0,,0.0,,,0.0,,,0.0,,0.0,,,0.0
500219999,COS-R TRACK WIDTH MTR MOUNT,TCB,"ASM-Pacific,Phoenix",Order to Demand,,70.2,25.0,3,0.375,202409,202601,16,False,0.0,0.0,0.0,False,0.0,0.0,,0.0,,0.0,,0.0,False,3,0.0,0.0,0.0,0.0,DORMANT,,,0.0,,0.0,,,0.0,,,0.0,,0.0,,,0.0
500220000,COS TRACK WIDTH MTR MOUNT BASE,TCB,"ASM-Pacific,Phoenix",Order to Demand,,21.6,25.0,3,0.375,202409,202601,16,False,0.0,0.0,0.0,False,0.0,0.0,,0.0,,0.0,,0.0,False,3,0.0,0.0,0.0,0.0,DORMANT,,,0.0,,0.0,,,0.0,,,0.0,,0.0,,,0.0
500220001,COS-R SAFETY SNR MNT,TCB,"GENERIC;ASM-Pacific,Phoenix",Order to Demand,,18.0,25.0,3,0.375,202409,202601,16,False,0.0,0.0,0.0,False,0.0,0.0,,0.0,,0.0,,0.0,False,3,0.0,0.0,0.0,0.0,DORMANT,,,0.0,,0.0,,,0.0,,,0.0,,0.0,,,0.0
500220002,COS EXIST SNR MNT,TCB,"ASM-Pacific,Phoenix;GENERIC",Order to Demand,,48.6,25.0,3,0.375,202409,202601,16,False,0.0,0.0,0.0,False,0.0,0.0,,0.0,,0.0,,0.0,False,3,0.0,0.0,0.0,0.0,DORMANT,,,0.0,,0.0,,,0.0,,,0.0,,0.0,,,0.0
500220003,COS X STOPPER,TCB,"GENERIC;ASM-Pacific,Phoenix",Order to Demand,,47.7,25.0,3,0.375,202409,202601,16,False,0.0,0.0,0.0,False,0.0,0.0,,0.0,,0.0,,0.0,False,3,0.0,0.0,0.0,0.0,DORMANT,,,0.0,,0.0,,,0.0,,,0.0,,0.0,,,0.0
500220004,COS X STOPPER MOUNT R,TCB,"GENERIC;ASM-Pacific,Phoenix",Order to Demand,,18.0,25.0,3,0.375,202409,202601,16,False,0.0,0.0,0.0,False,0.0,0.0,,0.0,,0.0,,0.0,False,3,0.0,0.0,0.0,0.0,DORMANT,,,0.0,,0.0,,,0.0,,,0.0,,0.0,,,0.0
500220005,COS CALIBRATION GLASS BASE,TCB,"ASM-Pacific,Phoenix",Order to Demand,,31.5,25.0,3,0.375,202409,202601,16,False,0.0,0.0,0.0,False,0.0,0.0,,0.0,,0.0,,0.0,False,3,0.0,0.0,0.0,0.0,DORMANT,,,0.0,,0.0,,,0.0,,,0.0,,0.0,,,0.0
500220006,COS R FRONT TRACK COVER,TCB,"ASM-Pacific,Phoenix",Order to Demand,,143.1,25.0,3,0.375,202409,202601,16,False,0.0,0.0,0.0,False,0.0,0.0,,0.0,,0.0,,0.0,False,3,0.0,0.0,0.0,0.0,DORMANT,,,0.0,,0.0,,,0.0,,,0.0,,0.0,,,0.0
500220007,COS-R REAR TRACK ASSY,TCB,"GENERIC;ASM-Pacific,Phoenix",Order to Demand,,2678.4,25.0,3,0.375,202409,202601,16,False,0.0,0.0,0.0,False,0.0,0.0,,0.0,,0.0,,0.0,False,3,0.0,0.0,0.0,0.0,DORMANT,,,0.0,,0.0,,,0.0,,,0.0,,0.0,,,0.0
500220008,COS-R REAR TRACK,TCB,"GENERIC;ASM-Pacific,Phoenix",Order to Demand,,809.1,25.0,3,0.375,202409,202601,16,False,0.0,0.0,0.0,False,0.0,0.0,,0.0,,0.0,,0.0,False,3,0.0,0.0,0.0,0.0,DORMANT,,,0.0,,0.0,,,0.0,,,0.0,,0.0,,,0.0
500220009,COS SUPPORTING BAR,TCB,"ASM-Pacific,Phoenix",Order to Demand,,58.5,25.0,3,0.375,202409,202601,16,False,0.0,0.0,0.0,False,0.0,0.0,,0.0,,0.0,,0.0,False,3,0.0,0.0,0.0,0.0,DORMANT,,,0.0,,0.0,,,0.0,,,0.0,,0.0,,,0.0
500220010,COS R TRACK WIDTH FLAG,TCB,"ASM-Pacific,Phoenix",Order to Demand,,13.5,25.0,3,0.375,202409,202601,16,False,0.0,0.0,0.0,False,0.0,0.0,,0.0,,0.0,,0.0,False,3,0.0,0.0,0.0,0.0,DORMANT,,,0.0,,0.0,,,0.0,,,0.0,,0.0,,,0.0
500220011,COS REAR TRACK COVER 1,TCB,"ASM-Pacific,Phoenix;GENERIC",Order to Demand,,55.8,25.0,3,0.375,202409,202601,16,False,0.0,0.0,0.0,False,0.0,0.0,,0.0,,0.0,,0.0,False,3,0.0,0.0,0.0,0.0,DORMANT,,,0.0,,0.0,,,0.0,,,0.0,,0.0,,,0.0
500220012,COS REAR TRACK COVER 2,TCB,"ASM-Pacific,Phoenix",Order to Demand,,77.4,25.0,3,0.375,202409,202601,16,False,0.0,0.0,0.0,False,0.0,0.0,,0.0,,0.0,,0.0,False,3,0.0,0.0,0.0,0.0,DORMANT,,,0.0,,0.0,,,0.0,,,0.0,,0.0,,,0.0
500220013,IDLER ASSY,TCB,"ASM-Pacific,Phoenix",Order to Demand,shared with XG756,43.25,15.0,4,0.5,202407,202601,18,False,0.0,0.0,0.0,False,0.0,0.0,,0.0,,0.0,,0.0,False,4,0.0,0.0,0.0,0.0,DORMANT,0.0,,0.0,,0.0,,,0.0,0.0,,0.0,,0.0,,,0.0
500220014,COS-R REAR TRACK COVER,TCB,"ASM-Pacific,Phoenix",Order to Demand,,90.0,25.0,3,0.375,202409,202601,16,False,0.0,0.0,0.0,False,0.0,0.0,,0.0,,0.0,,0.0,False,3,0.0,0.0,0.0,0.0,DORMANT,,,0.0,,0.0,,,0.0,,,0.0,,0.0,,,0.0
500220015,"PUSHER,COS-R,ASSEMBLY",TCB,"ASM-Pacific,Phoenix",Order to Demand,,133.2,48.0,3,0.375,202409,202601,16,False,0.0,0.0,0.0,False,0.0,0.0,,0.0,,0.0,,0.0,False,3,0.0,0.0,0.0,0.0,DORMANT,,,0.0,,0.0,,,0.0,,,0.0,,0.0,,,0.0
500220016,COS BASE ASSY,TCB,"ASM-Pacific,Phoenix",Order to Demand,,2184.3,25.0,3,0.375,202409,202601,16,False,0.0,0.0,0.0,False,0.0,0.0,,0.0,,0.0,,0.0,False,3,0.0,0.0,0.0,0.0,DORMANT,,,0.0,,0.0,,,0.0,,,0.0,,0.0,,,0.0
500220017,COS CONVEYOR TRACK WIDTH STOPPER,TCB,"GENERIC;ASM-Pacific,Phoenix",Order to Demand,,12.6,25.0,3,0.375,202409,202601,16,False,0.0,0.0,0.0,False,0.0,0.0,,0.0,,0.0,,0.0,False,3,0.0,0.0,0.0,0.0,DORMANT,,,0.0,,0.0,,,0.0,,,0.0,,0.0,,,0.0
500220018,COS UP DOWN LOADER ASSY,TCB,"ASM-Pacific,Phoenix",Order to Demand,,4347.0,25.0,3,0.375,202409,202601,16,False,0.0,0.0,0.0,False,0.0,0.0,,0.0,,0.0,,0.0,False,3,0.0,0.0,0.0,0.0,DORMANT,,,0.0,,0.0,,,0.0,,,0.0,,0.0,,,0.0
500220019,COS Z MTR CABLE ASSY,TCB,"ASM-Pacific,Phoenix",Order to Demand,,791.38,25.0,3,0.375,202409,202601,16,False,0.0,0.0,0.0,False,0.0,0.0,,0.0,,0.0,,0.0,False,3,0.0,0.0,0.0,0.0,DORMANT,,,0.0,,0.0,,,0.0,,,0.0,,0.0,,,0.0
500220020,COS BASE,TCB,"ASM-Pacific,Phoenix",Order to Demand,,845.1,25.0,3,0.375,202409,202601,16,False,0.0,0.0,0.0,False,0.0,0.0,,0.0,,0.0,,0.0,False,3,0.0,0.0,0.0,0.0,DORMANT,,,0.0,,0.0,,,0.0,,,0.0,,0.0,,,0.0
500220021,DOWEL PIN D4 X L20,TCB,"ASM-Pacific,Firebird;ASM-Pacific,Phoenix",Order to Demand,shared with XG756,1.6,15.0,3,0.375,202409,202601,16,False,0.0,0.0,0.0,False,0.0,0.0,,0.0,,0.0,,0.0,False,3,0.0,0.0,0.0,0.0,DORMANT,,,0.0,,0.0,,,0.0,,,0.0,,0.0,,,0.0
500220022,LINEAR BUSHING 12X22X32,TCB,"ASM-Pacific,Phoenix;ASM-Pacific,Firebird",Order to Demand,shared with XG756,40.05,25.0,3,0.375,202409,202601,16,False,0.0,0.0,0.0,False,0.0,0.0,,0.0,,0.0,,0.0,False,3,0.0,0.0,0.0,0.0,DORMANT,,,0.0,,0.0,,,0.0,,,0.0,,0.0,,,0.0
500220023,(EJ) SET COLLAR D10,TCB,"ASM-Pacific,Phoenix",Order to Demand,,18.0,25.0,3,0.375,202409,202601,16,False,0.0,0.0,0.0,False,0.0,0.0,,0.0,,0.0,,0.0,False,3,0.0,0.0,0.0,0.0,DORMANT,,,0.0,,0.0,,,0.0,,,0.0,,0.0,,,0.0
500220024,(EW) UD ANVIL BLOCK MOTOR MOUNT,TCB,"ASM-Pacific,Phoenix",Order to Demand,,94.5,25.0,3,0.375,202409,202601,16,False,0.0,0.0,0.0,False,0.0,0.0,,0.0,,0.0,,0.0,False,3,0.0,0.0,0.0,0.0,DORMANT,,,0.0,,0.0,,,0.0,,,0.0,,0.0,,,0.0
500220025,(EW) PLATFORM-LM SHAFT MOUNT,TCB,"ASM-Pacific,Phoenix",Order to Demand,,51.3,25.0,3,0.375,202409,202601,16,False,0.0,0.0,0.0,False,0.0,0.0,,0.0,,0.0,,0.0,False,3,0.0,0.0,0.0,0.0,DORMANT,,,0.0,,0.0,,,0.0,,,0.0,,0.0,,,0.0
500220026,(EW) UD ANVIL BLOCK MOTOR PULLEY,TCB,"ASM-Pacific,Phoenix",Order to Demand,,83.7,25.0,3,0.375,202409,202601,16,False,0.0,0.0,0.0,False,0.0,0.0,,0.0,,0.0,,0.0,False,3,0.0,0.0,0.0,0.0,DORMANT,,,0.0,,0.0,,,0.0,,,0.0,,0.0,,,0.0
500220027,(EW) LM BUSH HOUSE,TCB,"ASM-Pacific,Phoenix",Order to Demand,,117.0,25.0,3,0.375,202409,202601,16,False,0.0,0.0,0.0,False,0.0,0.0,,0.0,,0.0,,0.0,False,3,0.0,0.0,0.0,0.0,DORMANT,,,0.0,,0.0,,,0.0,,,0.0,,0.0,,,0.0
500220028,STACKER UP/DOWN GUIDE ROD,TCB,"GENERIC;ASM-Pacific,Phoenix",Order to Demand,,62.1,25.0,3,0.375,202409,202601,16,False,0.0,0.0,0.0,False,0.0,0.0,,0.0,,0.0,,0.0,False,3,0.0,0.0,0.0,0.0,DORMANT,,,0.0,,0.0,,,0.0,,,0.0,,0.0,,,0.0
500220029,UP DOWN LOADER BASE,TCB,"ASM-Pacific,Phoenix",Order to Demand,,529.2,25.0,3,0.375,202409,202601,16,False,0.0,0.0,0.0,False,0.0,0.0,,0.0,,0.0,,0.0,False,3,0.0,0.0,0.0,0.0,DORMANT,,,0.0,,0.0,,,0.0,,,0.0,,0.0,,,0.0
500220030,STACKER UP/DOWN HOME SENSOR MOUNT,TCB,"GENERIC;ASM-Pacific,Phoenix",Order to Demand,,41.4,25.0,3,0.375,202409,202601,16,False,0.0,0.0,0.0,False,0.0,0.0,,0.0,,0.0,,0.0,False,3,0.0,0.0,0.0,0.0,DORMANT,,,0.0,,0.0,,,0.0,,,0.0,,0.0,,,0.0
500220031,UP DOWN BASE PLATE,TCB,"ASM-Pacific,Phoenix",Order to Demand,,194.4,25.0,3,0.375,202409,202601,16,False,0.0,0.0,0.0,False,0.0,0.0,,0.0,,0.0,,0.0,False,3,0.0,0.0,0.0,0.0,DORMANT,,,0.0,,0.0,,,0.0,,,0.0,,0.0,,,0.0
500220032,COS UP DN SNR FLAG,TCB,"ASM-Pacific,Phoenix;GENERIC",Order to Demand,,12.6,25.0,3,0.375,202409,202601,16,False,0.0,0.0,0.0,False,0.0,0.0,,0.0,,0.0,,0.0,False,3,0.0,0.0,0.0,0.0,DORMANT,,,0.0,,0.0,,,0.0,,,0.0,,0.0,,,0.0
500220033,COS ADAPTOR ASSY,TCB,"ASM-Pacific,Phoenix",Order to Demand,shared with XG756,257.92,25.0,3,0.375,202409,202601,16,False,0.0,0.0,0.0,False,0.0,0.0,,0.0,,0.0,,0.0,False,3,0.0,0.0,0.0,0.0,DORMANT,,,0.0,,0.0,,,0.0,,,0.0,,0.0,,,0.0
500220034,DOWEL PIN D5 X L20,TCB,"HDMT_Handler_x30_LV;ASM-Pacific,Phoenix",Order to Demand,,0.8,25.0,1,0.125,202409,202409,0,False,0.0,0.0,0.0,False,0.0,0.0,,0.0,,,,,False,1,0.0,0.0,0.0,0.0,SINGLE_SNAPSHOT,,,0.0,,,,,,,,0.0,,,,,
500220035,COS Z SENSOR MOUNT,TCB,"ASM-Pacific,Phoenix",Order to Demand,,12.6,25.0,3,0.375,202409,202601,16,False,0.0,0.0,0.0,False,0.0,0.0,,0.0,,0.0,,0.0,False,3,0.0,0.0,0.0,0.0,DORMANT,,,0.0,,0.0,,,0.0,,,0.0,,0.0,,,0.0
500220036,COS UD ASSY FOR METAL TRAY,TCB,"ASM-Pacific,Phoenix;GENERIC",Order to Demand,,360.0,25.0,3,0.375,202409,202601,16,False,0.0,0.0,0.0,False,0.0,0.0,,0.0,,0.0,,0.0,False,3,0.0,0.0,0.0,0.0,DORMANT,,,0.0,,0.0,,,0.0,,,0.0,,0.0,,,0.0
500220037,COS UD ASSY FOR JEDEC TRAY,TCB,"ASM-Pacific,Phoenix;GENERIC",Order to Demand,,342.0,25.0,3,0.375,202409,202601,16,False,0.0,0.0,0.0,False,0.0,0.0,,0.0,,0.0,,0.0,False,3,0.0,0.0,0.0,0.0,DORMANT,,,0.0,,0.0,,,0.0,,,0.0,,0.0,,,0.0
500220038,HIGHWAY (HW),TCB,"ASM-Pacific,Phoenix",Order to Demand,,29365.2,25.0,3,0.375,202409,202601,16,False,0.0,0.0,0.0,False,0.0,0.0,,0.0,,0.0,,0.0,False,3,0.0,0.0,0.0,0.0,DORMANT,,,0.0,,0.0,,,0.0,,,0.0,,0.0,,,0.0
500220039,HW LOAD-UNLOAD CONVEYOR,TCB,"ASM-Pacific,Phoenix",Order to Demand,,7169.4,25.0,3,0.375,202409,202601,16,False,0.0,0.0,0.0,False,0.0,0.0,,0.0,,0.0,,0.0,False,3,0.0,0.0,0.0,0.0,DORMANT,,,0.0,,0.0,,,0.0,,,0.0,,0.0,,,0.0
500220040,"MOTOR,ASSEMBLY,CAH,58-00044",TCB,"ASM-Pacific,Firebird;ASM-Pacific,Phoenix",Order to Demand,,92.91,10.0,3,0.375,202409,202601,16,False,0.0,0.0,0.0,False,0.0,0.0,,0.0,,0.0,,0.0,False,3,0.0,0.0,0.0,0.0,DORMANT,,,0.0,,0.0,,,0.0,,,0.0,,0.0,,,0.0
500220041,HW MID FRONT TRACK ASSY,TCB,"GENERIC;ASM-Pacific,Phoenix",Order to Demand,,4793.4,25.0,3,0.375,202409,202601,16,False,0.0,0.0,0.0,False,0.0,0.0,,0.0,,0.0,,0.0,False,3,0.0,0.0,0.0,0.0,DORMANT,,,0.0,,0.0,,,0.0,,,0.0,,0.0,,,0.0
500220042,(HW)MID BYPASS SENSOR,TCB,"GENERIC;ASM-Pacific,Phoenix",Order to Demand,,209.86,25.0,3,0.375,202409,202601,16,False,0.0,0.0,0.0,False,0.0,0.0,,0.0,,0.0,,0.0,False,3,0.0,0.0,0.0,0.0,DORMANT,,,0.0,,0.0,,,0.0,,,0.0,,0.0,,,0.0
500220043,HW MID BASE PLATE,TCB,"ASM-Pacific,Phoenix",Order to Demand,,239.4,25.0,3,0.375,202409,202601,16,False,0.0,0.0,0.0,False,0.0,0.0,,0.0,,0.0,,0.0,False,3,0.0,0.0,0.0,0.0,DORMANT,,,0.0,,0.0,,,0.0,,,0.0,,0.0,,,0.0
500220044,(HW)MID EXIST SENSOR,TCB,"ASM-Pacific,Phoenix;Generic",Order to Demand,,209.86,25.0,3,0.375,202409,202601,16,False,0.0,0.0,0.0,False,0.0,0.0,,0.0,,0.0,,0.0,False,3,0.0,0.0,0.0,0.0,DORMANT,,,0.0,,0.0,,,0.0,,,0.0,,0.0,,,0.0
500220045,BUSH HOLDER (L),TCB,"ASM-Pacific,Phoenix",Order to Demand,,268.2,25.0,3,0.375,202409,202601,16,False,0.0,0.0,0.0,False,0.0,0.0,,0.0,,0.0,,0.0,False,3,0.0,0.0,0.0,0.0,DORMANT,,,0.0,,0.0,,,0.0,,,0.0,,0.0,,,0.0
500220046,HW MID CONVEYOR MTR MOUNT,TCB,"ASM-Pacific,Phoenix",Order to Demand,,59.4,25.0,3,0.375,202409,202601,16,False,0.0,0.0,0.0,False,0.0,0.0,,0.0,,0.0,,0.0,False,3,0.0,0.0,0.0,0.0,DORMANT,,,0.0,,0.0,,,0.0,,,0.0,,0.0,,,0.0
500220047,HW MID FRONT TRACK,TCB,"GENERIC;ASM-Pacific,Phoenix",Order to Demand,,237.6,25.0,3,0.375,202409,202601,16,False,0.0,0.0,0.0,False,0.0,0.0,,0.0,,0.0,,0.0,False,3,0.0,0.0,0.0,0.0,DORMANT,,,0.0,,0.0,,,0.0,,,0.0,,0.0,,,0.0
500220048,BUSH HOLDER (R),TCB,"ASM-Pacific,Phoenix",Order to Demand,,268.2,25.0,3,0.375,202409,202601,16,False,0.0,0.0,0.0,False,0.0,0.0,,0.0,,0.0,,0.0,False,3,0.0,0.0,0.0,0.0,DORMANT,,,0.0,,0.0,,,0.0,,,0.0,,0.0,,,0.0
500220049,FRONT TRACK CONNECTION BLOCK,TCB,"ASM-Pacific,Phoenix",Order to Demand,,56.7,25.0,3,0.375,202409,202601,16,False,0.0,0.0,0.0,False,0.0,0.0,,0.0,,0.0,,0.0,False,3,0.0,0.0,0.0,0.0,DORMANT,,,0.0,,0.0,,,0.0,,,0.0,,0.0,,,0.0
500220050,CONNECTION BAR (L),TCB,"ASM-Pacific,Phoenix",Order to Demand,,90.0,25.0,3,0.375,202409,202601,16,False,0.0,0.0,0.0,False,0.0,0.0,,0.0,,0.0,,0.0,False,3,0.0,0.0,0.0,0.0,DORMANT,,,0.0,,0.0,,,0.0,,,0.0,,0.0,,,0.0
500220051,CONNECTION BAR (R),TCB,"ASM-Pacific,Phoenix",Order to Demand,,90.0,25.0,3,0.375,202409,202601,16,False,0.0,0.0,0.0,False,0.0,0.0,,0.0,,0.0,,0.0,False,3,0.0,0.0,0.0,0.0,DORMANT,,,0.0,,0.0,,,0.0,,,0.0,,0.0,,,0.0
500220052,UP DN ROD ADAPTOR,TCB,"ASM-Pacific,Phoenix",Order to Demand,,29.7,25.0,3,0.375,202409,202601,16,False,0.0,0.0,0.0,False,0.0,0.0,,0.0,,0.0,,0.0,False,3,0.0,0.0,0.0,0.0,DORMANT,,,0.0,,0.0,,,0.0,,,0.0,,0.0,,,0.0
500220053,HW MID BY PASS SNR MNT,TCB,"GENERIC;ASM-Pacific,Phoenix",Order to Demand,,23.4,25.0,3,0.375,202409,202601,16,False,0.0,0.0,0.0,False,0.0,0.0,,0.0,,0.0,,0.0,False,3,0.0,0.0,0.0,0.0,DORMANT,,,0.0,,0.0,,,0.0,,,0.0,,0.0,,,0.0
500220054,SENSOR MOUNT,TCB,"GENERIC;ASM-Pacific,Phoenix",Order to Demand,,62.1,25.0,3,0.375,202409,202601,16,False,0.0,0.0,0.0,False,0.0,0.0,,0.0,,0.0,,0.0,False,3,0.0,0.0,0.0,0.0,DORMANT,,,0.0,,0.0,,,0.0,,,0.0,,0.0,,,0.0
500220055,SNR MNT BLOCK,TCB,"ASM-Pacific,Phoenix;GENERIC",Order to Demand,,18.9,25.0,3,0.375,202409,202601,16,False,0.0,0.0,0.0,False,0.0,0.0,,0.0,,0.0,,0.0,False,3,0.0,0.0,0.0,0.0,DORMANT,,,0.0,,0.0,,,0.0,,,0.0,,0.0,,,0.0
500220056,HW MID REAR TRACK ASSY,TCB,"GENERIC;ASM-Pacific,Phoenix",Order to Demand,,2268.0,25.0,3,0.375,202409,202601,16,False,0.0,0.0,0.0,False,0.0,0.0,,0.0,,0.0,,0.0,False,3,0.0,0.0,0.0,0.0,DORMANT,,,0.0,,0.0,,,0.0,,,0.0,,0.0,,,0.0
500220057,"HW MID (FRONT GUIDE ROD D10, 308MM)",TCB,"ASM-Pacific,Phoenix;GENERIC",Order to Demand,,46.8,25.0,3,0.375,202409,202601,16,False,0.0,0.0,0.0,False,0.0,0.0,,0.0,,0.0,,0.0,False,3,0.0,0.0,0.0,0.0,DORMANT,,,0.0,,0.0,,,0.0,,,0.0,,0.0,,,0.0
500220058,LINEAR BUSHING LM10-AJ,TCB,"ASM-Pacific,Firebird;ASM-Pacific,Phoenix",Order to Demand,shared with XG756,18.42,25.0,5,0.625,202407,202601,18,False,0.0,0.0,0.0,True,0.0,0.0,,0.0,,0.0,,-0.0768,False,5,0.0,0.0,0.0,0.0,DORMANT,0.0,0.0,0.0,,0.0,,,0.0,0.0,0.0,0.0,,0.0,,,0.0
500220059,"SCREW,NYLON,TIP,M5X10,SOC,SET",TCB,"ASM-Pacific,Phoenix;GENERIC",Order to Demand,,15.3,25.0,3,0.375,202409,202601,16,False,0.0,0.0,0.0,False,0.0,0.0,,0.0,,0.0,,0.0,False,3,0.0,0.0,0.0,0.0,DORMANT,,,0.0,,0.0,,,0.0,,,0.0,,0.0,,,0.0
500220060,HW MID TRACK COVER,TCB,"ASM-Pacific,Phoenix",Order to Demand,,161.1,25.0,3,0.375,202409,202601,16,False,0.0,0.0,0.0,False,0.0,0.0,,0.0,,0.0,,0.0,False,3,0.0,0.0,0.0,0.0,DORMANT,,,0.0,,0.0,,,0.0,,,0.0,,0.0,,,0.0
500220061,HW MID REAR TRACK,TCB,"ASM-Pacific,Phoenix;GENERIC",Order to Demand,,279.9,25.0,3,0.375,202409,202601,16,False,0.0,0.0,0.0,False,0.0,0.0,,0.0,,0.0,,0.0,False,3,0.0,0.0,0.0,0.0,DORMANT,,,0.0,,0.0,,,0.0,,,0.0,,0.0,,,0.0
500220062,HW MID BUSH HOLDER,TCB,"ASM-Pacific,Phoenix",Order to Demand,,401.4,25.0,3,0.375,202409,202601,16,False,0.0,0.0,0.0,False,0.0,0.0,,0.0,,0.0,,0.0,False,3,0.0,0.0,0.0,0.0,DORMANT,,,0.0,,0.0,,,0.0,,,0.0,,0.0,,,0.0
500220063,HW MID TRACK WIDTH CONNECTION BAR,TCB,"ASM-Pacific,Phoenix",Order to Demand,,183.6,25.0,3,0.375,202409,202601,16,False,0.0,0.0,0.0,False,0.0,0.0,,0.0,,0.0,,0.0,False,3,0.0,0.0,0.0,0.0,DORMANT,,,0.0,,0.0,,,0.0,,,0.0,,0.0,,,0.0
500220064,UP DN STOPPER,TCB,"ASM-Pacific,Phoenix;GENERIC",Order to Demand,,8.1,25.0,3,0.375,202409,202601,16,False,0.0,0.0,0.0,False,0.0,0.0,,0.0,,0.0,,0.0,False,3,0.0,0.0,0.0,0.0,DORMANT,,,0.0,,0.0,,,0.0,,,0.0,,0.0,,,0.0
500220065,HW MID SHAFT HOLDER,TCB,"ASM-Pacific,Phoenix",Order to Demand,,86.4,25.0,3,0.375,202409,202601,16,False,0.0,0.0,0.0,False,0.0,0.0,,0.0,,0.0,,0.0,False,3,0.0,0.0,0.0,0.0,DORMANT,,,0.0,,0.0,,,0.0,,,0.0,,0.0,,,0.0
500220066,CONVEYOR BELT PULLEY DRIVING (HW-MID),TCB,"ASM-Pacific,Firebird;ASM-Pacific,Phoenix",Order to Demand,shared with XG756,143.37,25.0,3,0.375,202409,202601,16,False,0.0,0.0,0.0,False,0.0,0.0,,0.0,,0.0,,0.0,False,3,0.0,0.0,0.0,0.0,DORMANT,,,0.0,,0.0,,,0.0,,,0.0,,0.0,,,0.0
500220067,DIA 10 GUIDE ROD,TCB,"GENERIC;ASM-Pacific,Phoenix",Order to Demand,,42.3,25.0,3,0.375,202409,202601,16,False,0.0,0.0,0.0,False,0.0,0.0,,0.0,,0.0,,0.0,False,3,0.0,0.0,0.0,0.0,DORMANT,,,0.0,,0.0,,,0.0,,,0.0,,0.0,,,0.0
500220068,HWIP FRONT TRACK ASSY,TCB,"GENERIC;ASM-Pacific,Phoenix",Order to Demand,,6546.6,25.0,3,0.375,202409,202601,16,False,0.0,0.0,0.0,False,0.0,0.0,,0.0,,0.0,,0.0,False,3,0.0,0.0,0.0,0.0,DORMANT,,,0.0,,0.0,,,0.0,,,0.0,,0.0,,,0.0
500220069,HW INPUT CONVEYOR,TCB,"ASM-Pacific,Phoenix",Order to Demand,,9828.0,25.0,3,0.375,202409,202601,16,False,0.0,0.0,0.0,False,0.0,0.0,,0.0,,0.0,,0.0,False,3,0.0,0.0,0.0,0.0,DORMANT,,,0.0,,0.0,,,0.0,,,0.0,,0.0,,,0.0
500220070,CABLE MOUNTING MOVING(HWM BACK),TCB,"ASM-Pacific,Phoenix",Order to Demand,,28.8,25.0,3,0.375,202409,202601,16,False,0.0,0.0,0.0,False,0.0,0.0,,0.0,,0.0,,0.0,False,3,0.0,0.0,0.0,0.0,DORMANT,,,0.0,,0.0,,,0.0,,,0.0,,0.0,,,0.0
500220071,HWIP INDEXING STOPPER ASSY,TCB,"ASM-Pacific,Phoenix;GENERIC",Order to Demand,,151.2,25.0,3,0.375,202409,202601,16,False,0.0,0.0,0.0,False,0.0,0.0,,0.0,,0.0,,0.0,False,3,0.0,0.0,0.0,0.0,DORMANT,,,0.0,,0.0,,,0.0,,,0.0,,0.0,,,0.0
500220072,HWIP CONVEYOR MTR ASSY,TCB,"ASM-Pacific,Phoenix",Order to Demand,,96.12,25.0,3,0.375,202409,202601,16,False,0.0,0.0,0.0,False,0.0,0.0,,0.0,,0.0,,0.0,False,3,0.0,0.0,0.0,0.0,DORMANT,,,0.0,,0.0,,,0.0,,,0.0,,0.0,,,0.0
500220073,(HW)IP EXIST SENSOR,TCB,"GENERIC;ASM-Pacific,Phoenix",Order to Demand,,209.86,15.0,3,0.375,202409,202601,16,False,0.0,0.0,0.0,False,0.0,0.0,,0.0,,0.0,,0.0,False,3,0.0,0.0,0.0,0.0,DORMANT,,,0.0,,0.0,,,0.0,,,0.0,,0.0,,,0.0
500220074,TRACK WIDTH MTR&ENC ASSY,TCB,"ASM-Pacific,Phoenix",Order to Demand,,348.43,25.0,3,0.375,202409,202601,16,False,0.0,0.0,0.0,False,0.0,0.0,,0.0,,0.0,,0.0,False,3,0.0,0.0,0.0,0.0,DORMANT,,,0.0,,0.0,,,0.0,,,0.0,,0.0,,,0.0
500220075,(HW)IP CONVEYOR OUT UP,TCB,"ASM-Pacific,Phoenix",Order to Demand,,209.86,25.0,3,0.375,202409,202601,16,False,0.0,0.0,0.0,False,0.0,0.0,,0.0,,0.0,,0.0,False,3,0.0,0.0,0.0,0.0,DORMANT,,,0.0,,0.0,,,0.0,,,0.0,,0.0,,,0.0
500220076,(HW)IP CONVEYOR IN,TCB,"ASM-Pacific,Phoenix",Order to Demand,,209.86,25.0,3,0.375,202409,202601,16,False,0.0,0.0,0.0,False,0.0,0.0,,0.0,,0.0,,0.0,False,3,0.0,0.0,0.0,0.0,DORMANT,,,0.0,,0.0,,,0.0,,,0.0,,0.0,,,0.0
500220077,(HW)IP CONVEYOR OUT DOWN,TCB,"ASM-Pacific,Phoenix",Order to Demand,,209.86,15.0,3,0.375,202409,202601,16,False,0.0,0.0,0.0,False,0.0,0.0,,0.0,,0.0,,0.0,False,3,0.0,0.0,0.0,0.0,DORMANT,,,0.0,,0.0,,,0.0,,,0.0,,0.0,,,0.0
500220078,HWIP (BY-PASS) IN SNR,TCB,"ASM-Pacific,Phoenix;Generic",Order to Demand,,209.86,25.0,3,0.375,202409,202601,16,False,0.0,0.0,0.0,False,0.0,0.0,,0.0,,0.0,,0.0,False,3,0.0,0.0,0.0,0.0,DORMANT,,,0.0,,0.0,,,0.0,,,0.0,,0.0,,,0.0
500220079,HWIP (BY-PASS) OUT SNR,TCB,"ASM-Pacific,Phoenix;GENERIC",Order to Demand,,209.86,25.0,3,0.375,202409,202601,16,False,0.0,0.0,0.0,False,0.0,0.0,,0.0,,0.0,,0.0,False,3,0.0,0.0,0.0,0.0,DORMANT,,,0.0,,0.0,,,0.0,,,0.0,,0.0,,,0.0
500220080,HWIP (BY-PASS) MID SNR,TCB,"GENERIC;ASM-Pacific,Phoenix",Order to Demand,,209.86,25.0,3,0.375,202409,202601,16,False,0.0,0.0,0.0,False,0.0,0.0,,0.0,,0.0,,0.0,False,3,0.0,0.0,0.0,0.0,DORMANT,,,0.0,,0.0,,,0.0,,,0.0,,0.0,,,0.0
500220081,MOUNTING BASE,TCB,"ASM-Pacific,Phoenix",Order to Demand,,61.2,25.0,3,0.375,202409,202601,16,False,0.0,0.0,0.0,False,0.0,0.0,,0.0,,0.0,,0.0,False,3,0.0,0.0,0.0,0.0,DORMANT,,,0.0,,0.0,,,0.0,,,0.0,,0.0,,,0.0
500220082,HWIP EXIST SNR MNT,TCB,"ASM-Pacific,Phoenix;GENERIC",Order to Demand,,21.6,25.0,3,0.375,202409,202601,16,False,0.0,0.0,0.0,False,0.0,0.0,,0.0,,0.0,,0.0,False,3,0.0,0.0,0.0,0.0,DORMANT,,,0.0,,0.0,,,0.0,,,0.0,,0.0,,,0.0
500220083,HWIP FRONT TRACK,TCB,"ASM-Pacific,Phoenix;GENERIC",Order to Demand,,496.8,25.0,3,0.375,202409,202601,16,False,0.0,0.0,0.0,False,0.0,0.0,,0.0,,0.0,,0.0,False,3,0.0,0.0,0.0,0.0,DORMANT,,,0.0,,0.0,,,0.0,,,0.0,,0.0,,,0.0
500220084,HWIP IN SNR MNT,TCB,"GENERIC;ASM-Pacific,Phoenix",Order to Demand,,23.4,25.0,3,0.375,202409,202601,16,False,0.0,0.0,0.0,False,0.0,0.0,,0.0,,0.0,,0.0,False,3,0.0,0.0,0.0,0.0,DORMANT,,,0.0,,0.0,,,0.0,,,0.0,,0.0,,,0.0
500220085,HWIP REAR TRACK ASSY,TCB,"ASM-Pacific,Phoenix;GENERIC",Order to Demand,,1888.2,25.0,3,0.375,202409,202601,16,False,0.0,0.0,0.0,False,0.0,0.0,,0.0,,0.0,,0.0,False,3,0.0,0.0,0.0,0.0,DORMANT,,,0.0,,0.0,,,0.0,,,0.0,,0.0,,,0.0
500220086,HWIP REAR TRACK,TCB,"GENERIC;ASM-Pacific,Phoenix",Order to Demand,,387.9,25.0,3,0.375,202409,202601,16,False,0.0,0.0,0.0,False,0.0,0.0,,0.0,,0.0,,0.0,False,3,0.0,0.0,0.0,0.0,DORMANT,,,0.0,,0.0,,,0.0,,,0.0,,0.0,,,0.0
500220161,WORKCHUCK X PRELOAD MAGNET ASSY (BOTTOM),TCB,"ASM-Pacific,Phoenix;ASM-Pacific,Firebird",Order to Demand,,124.0,45.0,3,0.375,202409,202601,16,False,0.0,0.0,0.0,False,0.0,0.0,,0.0,,0.0,,0.0,False,3,0.0,0.0,0.0,0.0,DORMANT,,,0.0,,0.0,,,0.0,,,0.0,,0.0,,,0.0
500220164,RIGHT HEATED PEDESTAL ASSY,TCB,"ASM-Pacific,Firebird;ASM-Pacific,Phoenix",Order To Max,,7769.7,15.0,5,0.625,202407,202601,18,False,0.0,0.0,0.0,True,0.0,0.0,,0.0,,0.0,,-0.0546,False,5,1.0,1.0,1.0,0.2,DORMANT,0.0,,0.0,0.0,0.0,,,0.0,0.0,,0.0,0.0,0.0,,,0.0
500220166,"PEDESTAL,LEFT,HEATED,ASSEMBLY",TCB,"ASM-Pacific,Firebird;ASM-Pacific,Phoenix",Order To Max,shared with XG756,7769.7,15.0,4,0.5,202407,202601,18,False,1.0,0.0,1.0,True,0.25,0.433,1.732,-1.0,-1.0,-0.0318,-0.1271,0.0064,False,4,2.0,3.0,2.0,0.5,INTERMITTENT,1.0,,0.0,,0.0,,,0.0,0.0,,0.0,,0.0,,,0.0
500220167,"CAMERA,DTA,WD20,CABLE-REAR",TCB,"ASM-Pacific,Phoenix",Order to Demand,,4806.0,10.0,3,0.375,202409,202601,16,False,0.0,0.0,0.0,False,0.0,0.0,,0.0,,0.0,,0.0,False,3,0.0,0.0,0.0,0.0,DORMANT,,,0.0,,0.0,,,0.0,,,0.0,,0.0,,,0.0
500220355,AMPING SCREW M4X6 FSM4-6,TCB,"GENERIC;ASM-Pacific,Phoenix",Order To Max,,7.2,70.0,5,0.625,202407,202601,18,False,0.0,0.0,0.0,True,0.0,0.0,,0.0,,0.0,,-0.0768,False,5,0.0,0.0,0.0,0.0,DORMANT,0.0,0.0,0.0,,0.0,,,0.0,0.0,0.0,0.0,,0.0,,,0.0
500220356,ROD ASSY (NOT USE FOR BONDSTAGE),TCB,"ASM-Pacific,Phoenix",Order To Max,,581.0,75.0,4,0.5,202409,202601,16,False,2.0,0.0,2.0,True,0.75,0.829,1.106,-2.0,-1.0,-0.0843,-0.1124,-0.1325,False,4,1.0,3.0,1.0,0.25,INTERMITTENT,,,2.0,1.0,0.0,,,0.0,,,0.0,0.0,0.0,,,0.0
500220357,"PIN,DOWEL,D5XL10,SST,HEATED,BLOCK",TCB,"ASM-Pacific,Phoenix",Order To Max,,3.2,25.0,5,0.625,202407,202601,18,False,0.0,0.0,6.0,True,1.2,2.4,2.0,0.0,,-0.1152,-0.096,-1.1024,False,5,0.0,0.0,3.0,0.6,INTERMITTENT,0.0,6.0,0.0,,0.0,,,0.0,0.0,3.0,0.0,,0.0,,,0.0
500220358,TCB PEDESTAL HEATED BLOCK,TCB,"ASM-Pacific,Phoenix",Order to Demand,,3450.6,25.0,3,0.375,202409,202601,16,False,0.0,0.0,0.0,False,0.0,0.0,,0.0,,0.0,,0.0,False,3,0.0,0.0,0.0,0.0,DORMANT,,,0.0,,0.0,,,0.0,,,0.0,,0.0,,,0.0
500220359,PS COVER CYLINDER ASSY RIGHT,TCB,"ASM-Pacific,Phoenix",Order to Demand,,375.3,25.0,3,0.375,202409,202601,16,False,0.0,0.0,0.0,False,0.0,0.0,,0.0,,0.0,,0.0,False,3,0.0,0.0,0.0,0.0,DORMANT,,,0.0,,0.0,,,0.0,,,0.0,,0.0,,,0.0
500220360,PS COVER OPEN SWITCH,TCB,"ASM-Pacific,Phoenix;GENERIC",Order to Demand,,80.1,25.0,3,0.375,202409,202601,16,False,0.0,0.0,0.0,False,0.0,0.0,,0.0,,0.0,,0.0,False,3,0.0,0.0,0.0,0.0,DORMANT,,,0.0,,0.0,,,0.0,,,0.0,,0.0,,,0.0
500220361,TCB PEDESTAL HEATED BLOCK MAGNET ASSY,TCB,"ASM-Pacific,Phoenix",Order to Demand,,3150.9,25.0,3,0.375,202409,202601,16,False,0.0,0.0,0.0,False,0.0,0.0,,0.0,,0.0,,0.0,False,3,0.0,0.0,0.0,0.0,DORMANT,,,0.0,,0.0,,,0.0,,,0.0,,0.0,,,0.0
500220362,PS COVER CLOSE SWITCH,TCB,"ASM-Pacific,Phoenix;GENERIC",Order to Demand,,80.1,25.0,3,0.375,202409,202601,16,False,0.0,0.0,0.0,False,0.0,0.0,,0.0,,0.0,,0.0,False,3,0.0,0.0,0.0,0.0,DORMANT,,,0.0,,0.0,,,0.0,,,0.0,,0.0,,,0.0
500220363,ROD END NHS 5T,TCB,"GENERIC;ASM-Pacific,Phoenix",Order to Demand,,18.0,25.0,3,0.375,202409,202601,16,False,0.0,0.0,0.0,False,0.0,0.0,,0.0,,0.0,,0.0,False,3,0.0,0.0,0.0,0.0,DORMANT,,,0.0,,0.0,,,0.0,,,0.0,,0.0,,,0.0
500220364,LOCK NUT M5X0.8,TCB,"ASM-Pacific,Phoenix",Order to Demand,,3.6,25.0,3,0.375,202409,202601,16,False,0.0,0.0,0.0,False,0.0,0.0,,0.0,,0.0,,0.0,False,3,0.0,0.0,0.0,0.0,DORMANT,,,0.0,,0.0,,,0.0,,,0.0,,0.0,,,0.0
500220365,CYLINDER SHOULDER SCREW,TCB,"ASM-Pacific,Phoenix;GENERIC",Order to Demand,,9.0,25.0,3,0.375,202409,202601,16,False,0.0,0.0,0.0,False,0.0,0.0,,0.0,,0.0,,0.0,False,3,0.0,0.0,0.0,0.0,DORMANT,,,0.0,,0.0,,,0.0,,,0.0,,0.0,,,0.0
500220366,CYLINER ADAPTOR,TCB,"ASM-Pacific,Phoenix",Order to Demand,,10.8,25.0,3,0.375,202409,202601,16,False,0.0,0.0,0.0,False,0.0,0.0,,0.0,,0.0,,0.0,False,3,0.0,0.0,0.0,0.0,DORMANT,,,0.0,,0.0,,,0.0,,,0.0,,0.0,,,0.0
500220367,CYLINDER MOUNT,TCB,"ASM-Pacific,Phoenix",Order to Demand,,43.2,25.0,3,0.375,202409,202601,16,False,0.0,0.0,0.0,False,0.0,0.0,,0.0,,0.0,,0.0,False,3,0.0,0.0,0.0,0.0,DORMANT,,,0.0,,0.0,,,0.0,,,0.0,,0.0,,,0.0
500220368,"PNEU. CYLINDER, D-ACT, 10X45, DC",TCB,"ASM-Pacific,Phoenix",Order to Demand,,42.45,15.0,4,0.5,202407,202601,18,False,0.0,0.0,0.0,False,0.0,0.0,,0.0,,0.0,,0.0,False,4,0.0,0.0,0.0,0.0,DORMANT,0.0,,0.0,,0.0,,,0.0,0.0,,0.0,,0.0,,,0.0
500220369,AUTO SWITCH MOUNTING BAND BJ2-010,TCB,"GENERIC;ASM-Pacific,Phoenix",Order to Demand,,2.4,25.0,4,0.5,202407,202601,18,False,0.0,0.0,0.0,False,0.0,0.0,,0.0,,0.0,,0.0,False,4,0.0,0.0,0.0,0.0,DORMANT,0.0,,0.0,,0.0,,,0.0,0.0,,0.0,,0.0,,,0.0
500220370,PS R COVER ASSY,TCB,"ASM-Pacific,Phoenix",Order to Demand,,234.9,25.0,3,0.375,202409,202601,16,False,0.0,0.0,0.0,False,0.0,0.0,,0.0,,0.0,,0.0,False,3,0.0,0.0,0.0,0.0,DORMANT,,,0.0,,0.0,,,0.0,,,0.0,,0.0,,,0.0
500220371,PS R COVER ASSY,TCB,"ASM-Pacific,Phoenix",Order to Demand,,55.8,25.0,3,0.375,202409,202601,16,False,0.0,0.0,0.0,False,0.0,0.0,,0.0,,0.0,,0.0,False,3,0.0,0.0,0.0,0.0,DORMANT,,,0.0,,0.0,,,0.0,,,0.0,,0.0,,,0.0
500220372,E-RING ETW-4,TCB,"ASM-Pacific,Phoenix",Order to Demand,,1.17,25.0,3,0.375,202409,202601,16,False,0.0,0.0,0.0,False,0.0,0.0,,0.0,,0.0,,0.0,False,3,0.0,0.0,0.0,0.0,DORMANT,,,0.0,,0.0,,,0.0,,,0.0,,0.0,,,0.0
500220373,PS COVER 2,TCB,"ASM-Pacific,Phoenix",Order to Demand,,40.5,25.0,3,0.375,202409,202601,16,False,0.0,0.0,0.0,False,0.0,0.0,,0.0,,0.0,,0.0,False,3,0.0,0.0,0.0,0.0,DORMANT,,,0.0,,0.0,,,0.0,,,0.0,,0.0,,,0.0
500220374,PS COVER 3,TCB,"ASM-Pacific,Phoenix",Order to Demand,,19.8,25.0,3,0.375,202409,202601,16,False,0.0,0.0,0.0,False,0.0,0.0,,0.0,,0.0,,0.0,False,3,0.0,0.0,0.0,0.0,DORMANT,,,0.0,,0.0,,,0.0,,,0.0,,0.0,,,0.0
500220376,CONDENSER COVER,TCB,"ASM-Pacific,Phoenix",Order to Demand,,26.1,25.0,3,0.375,202409,202601,16,False,0.0,0.0,0.0,False,0.0,0.0,,0.0,,0.0,,0.0,False,3,0.0,0.0,0.0,0.0,DORMANT,,,0.0,,0.0,,,0.0,,,0.0,,0.0,,,0.0
500220377,COVER HINGE BUSH,TCB,"ASM-Pacific,Phoenix",Order to Demand,,7.2,25.0,3,0.375,202409,202601,16,False,0.0,0.0,0.0,False,0.0,0.0,,0.0,,0.0,,0.0,False,3,0.0,0.0,0.0,0.0,DORMANT,,,0.0,,0.0,,,0.0,,,0.0,,0.0,,,0.0
500220378,PS COVER 4,TCB,"ASM-Pacific,Phoenix",Order to Demand,,20.7,25.0,3,0.375,202409,202601,16,False,0.0,0.0,0.0,False,0.0,0.0,,0.0,,0.0,,0.0,False,3,0.0,0.0,0.0,0.0,DORMANT,,,0.0,,0.0,,,0.0,,,0.0,,0.0,,,0.0
500220379,COVER 1 ADD-ON,TCB,"ASM-Pacific,Phoenix",Order to Demand,,15.3,25.0,3,0.375,202409,202601,16,False,0.0,0.0,0.0,False,0.0,0.0,,0.0,,0.0,,0.0,False,3,0.0,0.0,0.0,0.0,DORMANT,,,0.0,,0.0,,,0.0,,,0.0,,0.0,,,0.0
500220380,COVER HINGE SHAFT,TCB,"ASM-Pacific,Phoenix;GENERIC",Order to Demand,,7.2,25.0,3,0.375,202409,202601,16,False,0.0,0.0,0.0,False,0.0,0.0,,0.0,,0.0,,0.0,False,3,0.0,0.0,0.0,0.0,DORMANT,,,0.0,,0.0,,,0.0,,,0.0,,0.0,,,0.0
500220381,3MM SPACER,TCB,"ASM-Pacific,Phoenix;GENERIC",Order to Demand,,5.4,25.0,3,0.375,202409,202601,16,False,0.0,0.0,0.0,False,0.0,0.0,,0.0,,0.0,,0.0,False,3,0.0,0.0,0.0,0.0,DORMANT,,,0.0,,0.0,,,0.0,,,0.0,,0.0,,,0.0
500220382,PS COVER 1,TCB,"ASM-Pacific,Phoenix",Order to Demand,,36.9,25.0,3,0.375,202409,202601,16,False,0.0,0.0,0.0,False,0.0,0.0,,0.0,,0.0,,0.0,False,3,0.0,0.0,0.0,0.0,DORMANT,,,0.0,,0.0,,,0.0,,,0.0,,0.0,,,0.0
500220383,CONDENSER COVER,TCB,"ASM-Pacific,Phoenix",Order to Demand,,12.6,25.0,3,0.375,202409,202601,16,False,0.0,0.0,0.0,False,0.0,0.0,,0.0,,0.0,,0.0,False,3,0.0,0.0,0.0,0.0,DORMANT,,,0.0,,0.0,,,0.0,,,0.0,,0.0,,,0.0
500220384,PS CONDENSER DUMMY PLATE,TCB,"ASM-Pacific,Phoenix",Order to Demand,,4.5,25.0,3,0.375,202409,202601,16,False,0.0,0.0,0.0,False,0.0,0.0,,0.0,,0.0,,0.0,False,3,0.0,0.0,0.0,0.0,DORMANT,,,0.0,,0.0,,,0.0,,,0.0,,0.0,,,0.0
500220385,PS Stopper,TCB,"GENERIC;ASM-Pacific,Phoenix",Order to Demand,,3.6,25.0,3,0.375,202409,202601,16,False,0.0,0.0,0.0,False,0.0,0.0,,0.0,,0.0,,0.0,False,3,0.0,0.0,0.0,0.0,DORMANT,,,0.0,,0.0,,,0.0,,,0.0,,0.0,,,0.0
500220386,DDLO Z MOVING END COVER-01(L),TCB,"ASM-Pacific,Phoenix",Order to Demand,,34.2,25.0,3,0.375,202409,202601,16,False,0.0,0.0,0.0,False,0.0,0.0,,0.0,,0.0,,0.0,False,3,0.0,0.0,0.0,0.0,DORMANT,,,0.0,,0.0,,,0.0,,,0.0,,0.0,,,0.0
500220387,DDLO Z MOVING END MOUNT-01(L),TCB,"ASM-Pacific,Phoenix",Order to Demand,,21.6,25.0,3,0.375,202409,202601,16,False,0.0,0.0,0.0,False,0.0,0.0,,0.0,,0.0,,0.0,False,3,0.0,0.0,0.0,0.0,DORMANT,,,0.0,,0.0,,,0.0,,,0.0,,0.0,,,0.0
500220388,DDLO X MOVING END MOUNT-01(L),TCB,"ASM-Pacific,Phoenix",Order to Demand,,96.3,25.0,3,0.375,202409,202601,16,False,0.0,0.0,0.0,False,0.0,0.0,,0.0,,0.0,,0.0,False,3,0.0,0.0,0.0,0.0,DORMANT,,,0.0,,0.0,,,0.0,,,0.0,,0.0,,,0.0
500220389,DDLO X MOVING END COVER-01(L),TCB,"ASM-Pacific,Phoenix",Order to Demand,,35.1,25.0,3,0.375,202409,202601,16,False,0.0,0.0,0.0,False,0.0,0.0,,0.0,,0.0,,0.0,False,3,0.0,0.0,0.0,0.0,DORMANT,,,0.0,,0.0,,,0.0,,,0.0,,0.0,,,0.0
500220390,DDLO X MTR&ENC CABLE COVER(L),TCB,"ASM-Pacific,Phoenix",Order to Demand,,26.1,25.0,3,0.375,202409,202601,16,False,0.0,0.0,0.0,False,0.0,0.0,,0.0,,0.0,,0.0,False,3,0.0,0.0,0.0,0.0,DORMANT,,,0.0,,0.0,,,0.0,,,0.0,,0.0,,,0.0
500220391,DDLO X FIXED END MOUNT-01(L),TCB,"ASM-Pacific,Phoenix",Order to Demand,,57.6,25.0,3,0.375,202409,202601,16,False,0.0,0.0,0.0,False,0.0,0.0,,0.0,,0.0,,0.0,False,3,0.0,0.0,0.0,0.0,DORMANT,,,0.0,,0.0,,,0.0,,,0.0,,0.0,,,0.0
500220392,DDLO X FIXED END COVER-01(L),TCB,"ASM-Pacific,Phoenix",Order to Demand,,31.5,25.0,3,0.375,202409,202601,16,False,0.0,0.0,0.0,False,0.0,0.0,,0.0,,0.0,,0.0,False,3,0.0,0.0,0.0,0.0,DORMANT,,,0.0,,0.0,,,0.0,,,0.0,,0.0,,,0.0
500220393,DDLO X FIXED END MOUNT-02(L),TCB,"ASM-Pacific,Phoenix",Order to Demand,,180.9,25.0,3,0.375,202409,202601,16,False,0.0,0.0,0.0,False,0.0,0.0,,0.0,,0.0,,0.0,False,3,0.0,0.0,0.0,0.0,DORMANT,,,0.0,,0.0,,,0.0,,,0.0,,0.0,,,0.0
500220394,Z ENCODER COVER LEFT,TCB,"ASM-Pacific,Phoenix",Order to Demand,,26.1,25.0,3,0.375,202409,202601,16,False,0.0,0.0,0.0,False,0.0,0.0,,0.0,,0.0,,0.0,False,3,0.0,0.0,0.0,0.0,DORMANT,,,0.0,,0.0,,,0.0,,,0.0,,0.0,,,0.0
500220395,L&R DDLO RUBBER SPACER-01(G2),TCB,"ASM-Pacific,Phoenix;GENERIC",Order to Demand,,29.7,25.0,3,0.375,202409,202601,16,False,0.0,0.0,0.0,False,0.0,0.0,,0.0,,0.0,,0.0,False,3,0.0,0.0,0.0,0.0,DORMANT,,,0.0,,0.0,,,0.0,,,0.0,,0.0,,,0.0
500220396,Z STAGE LEFT,TCB,"GENERIC;ASM-Pacific,Phoenix",Order to Demand,,2691.0,25.0,3,0.375,202409,202601,16,False,0.0,0.0,0.0,False,0.0,0.0,,0.0,,0.0,,0.0,False,3,0.0,0.0,0.0,0.0,DORMANT,,,0.0,,0.0,,,0.0,,,0.0,,0.0,,,0.0
500220397,DDLO Z MOTOR LEFT,TCB,"ASM-Pacific,Phoenix",Order to Demand,shared with XG756,485.4,15.0,3,0.375,202409,202601,16,False,0.0,0.0,0.0,False,0.0,0.0,,0.0,,0.0,,0.0,False,3,0.0,0.0,0.0,0.0,DORMANT,,,0.0,,0.0,,,0.0,,,0.0,,0.0,,,0.0
500220398,DDLO Z TABLE BASE LEFT,TCB,"ASM-Pacific,Phoenix",Order to Demand,,237.6,25.0,3,0.375,202409,202601,16,False,0.0,0.0,0.0,False,0.0,0.0,,0.0,,0.0,,0.0,False,3,0.0,0.0,0.0,0.0,DORMANT,,,0.0,,0.0,,,0.0,,,0.0,,0.0,,,0.0
500220399,Z MOVING TABLE LEFT,TCB,"ASM-Pacific,Phoenix;GENERIC",Order to Demand,,182.7,25.0,3,0.375,202409,202601,16,False,0.0,0.0,0.0,False,0.0,0.0,,0.0,,0.0,,0.0,False,3,0.0,0.0,0.0,0.0,DORMANT,,,0.0,,0.0,,,0.0,,,0.0,,0.0,,,0.0
500220400,L&R DDLO CABLE CLAMP-01(G2),TCB,"ASM-Pacific,Phoenix",Order to Demand,,3.6,25.0,3,0.375,202409,202601,16,False,0.0,0.0,0.0,False,0.0,0.0,,0.0,,0.0,,0.0,False,3,0.0,0.0,0.0,0.0,DORMANT,,,0.0,,0.0,,,0.0,,,0.0,,0.0,,,0.0
500220401,DDLO ENC CABLE ASSY,TCB,"ASM-Pacific,Phoenix",Order to Demand,,784.98,15.0,3,0.375,202409,202601,16,False,0.0,0.0,0.0,False,0.0,0.0,,0.0,,0.0,,0.0,False,3,0.0,0.0,0.0,0.0,DORMANT,,,0.0,,0.0,,,0.0,,,0.0,,0.0,,,0.0
500220402,Z MOTOR COVER LEFT,TCB,"ASM-Pacific,Phoenix",Order to Demand,,16.2,25.0,3,0.375,202409,202601,16,False,0.0,0.0,0.0,False,0.0,0.0,,0.0,,0.0,,0.0,False,3,0.0,0.0,0.0,0.0,DORMANT,,,0.0,,0.0,,,0.0,,,0.0,,0.0,,,0.0
500220403,Z ENCODER MOUNT LEFT,TCB,"ASM-Pacific,Phoenix",Order to Demand,,41.4,25.0,3,0.375,202409,202601,16,False,0.0,0.0,0.0,False,0.0,0.0,,0.0,,0.0,,0.0,False,3,0.0,0.0,0.0,0.0,DORMANT,,,0.0,,0.0,,,0.0,,,0.0,,0.0,,,0.0
500220404,OPTICS&LG MOUNTING ARM LEFT,TCB,"ASM-Pacific,Phoenix",Order to Demand,,342.0,25.0,3,0.375,202409,202601,16,False,0.0,0.0,0.0,False,0.0,0.0,,0.0,,0.0,,0.0,False,3,0.0,0.0,0.0,0.0,DORMANT,,,0.0,,0.0,,,0.0,,,0.0,,0.0,,,0.0
500220405,LG MOUNT LEFT,TCB,"ASM-Pacific,Phoenix",Order to Demand,,62.1,25.0,3,0.375,202409,202601,16,False,0.0,0.0,0.0,False,0.0,0.0,,0.0,,0.0,,0.0,False,3,0.0,0.0,0.0,0.0,DORMANT,,,0.0,,0.0,,,0.0,,,0.0,,0.0,,,0.0
500220407,HEX SPACER M3X20 STUD/HOLE,TCB,"GENERIC;ASM-Pacific,Phoenix",Order to Demand,,21.6,25.0,3,0.375,202409,202601,16,False,0.0,0.0,0.0,False,0.0,0.0,,0.0,,0.0,,0.0,False,3,0.0,0.0,0.0,0.0,DORMANT,,,0.0,,0.0,,,0.0,,,0.0,,0.0,,,0.0
500220408,SOC HD ATTACHING SCREW M3X8,TCB,"ASM-Pacific,Phoenix;GENERIC",Order to Demand,,5.4,25.0,3,0.375,202409,202601,16,False,0.0,0.0,0.0,False,0.0,0.0,,0.0,,0.0,,0.0,False,3,0.0,0.0,0.0,0.0,DORMANT,,,0.0,,0.0,,,0.0,,,0.0,,0.0,,,0.0
500220409,DL OPTICS MOUNT LEFT,TCB,"ASM-Pacific,Phoenix",Order to Demand,,61.2,25.0,3,0.375,202409,202601,16,False,0.0,0.0,0.0,False,0.0,0.0,,0.0,,0.0,,0.0,False,3,0.0,0.0,0.0,0.0,DORMANT,,,0.0,,0.0,,,0.0,,,0.0,,0.0,,,0.0
500220410,SOC HD ATTACHING SCREW M3X6,TCB,"ASM-Pacific,Phoenix;GENERIC",Order to Demand,,7.2,25.0,3,0.375,202409,202601,16,False,0.0,0.0,0.0,False,0.0,0.0,,0.0,,0.0,,0.0,False,3,0.0,0.0,0.0,0.0,DORMANT,,,0.0,,0.0,,,0.0,,,0.0,,0.0,,,0.0
500220411,DDLO X MTR&ENC CABLE COVER(R),TCB,"ASM-Pacific,Phoenix",Order to Demand,,26.1,25.0,3,0.375,202409,202601,16,False,0.0,0.0,0.0,False,0.0,0.0,,0.0,,0.0,,0.0,False,3,0.0,0.0,0.0,0.0,DORMANT,,,0.0,,0.0,,,0.0,,,0.0,,0.0,,,0.0
500220412,DDLO Z MOVING END MOUNT-01(R),TCB,"ASM-Pacific,Phoenix",Order to Demand,,21.6,25.0,3,0.375,202409,202601,16,False,0.0,0.0,0.0,False,0.0,0.0,,0.0,,0.0,,0.0,False,3,0.0,0.0,0.0,0.0,DORMANT,,,0.0,,0.0,,,0.0,,,0.0,,0.0,,,0.0
500220413,DDLO Z MOVING END COVER-01(R),TCB,"ASM-Pacific,Phoenix",Order to Demand,,34.2,25.0,3,0.375,202409,202601,16,False,0.0,0.0,0.0,False,0.0,0.0,,0.0,,0.0,,0.0,False,3,0.0,0.0,0.0,0.0,DORMANT,,,0.0,,0.0,,,0.0,,,0.0,,0.0,,,0.0
500220414,DDLO X FIXED END MOUNT-01(R),TCB,"ASM-Pacific,Phoenix",Order to Demand,,63.9,25.0,3,0.375,202409,202601,16,False,0.0,0.0,0.0,False,0.0,0.0,,0.0,,0.0,,0.0,False,3,0.0,0.0,0.0,0.0,DORMANT,,,0.0,,0.0,,,0.0,,,0.0,,0.0,,,0.0
500220415,DDLO X MOVING END MOUNT-01(R),TCB,"ASM-Pacific,Phoenix",Order to Demand,,85.5,25.0,3,0.375,202409,202601,16,False,0.0,0.0,0.0,False,0.0,0.0,,0.0,,0.0,,0.0,False,3,0.0,0.0,0.0,0.0,DORMANT,,,0.0,,0.0,,,0.0,,,0.0,,0.0,,,0.0
500220416,DDLO X MOVING END COVER-01(R),TCB,"ASM-Pacific,Phoenix",Order to Demand,,35.1,25.0,3,0.375,202409,202601,16,False,0.0,0.0,0.0,False,0.0,0.0,,0.0,,0.0,,0.0,False,3,0.0,0.0,0.0,0.0,DORMANT,,,0.0,,0.0,,,0.0,,,0.0,,0.0,,,0.0
500220417,Z ENCODER COVER RIGHT,TCB,"ASM-Pacific,Phoenix",Order to Demand,,26.1,25.0,3,0.375,202409,202601,16,False,0.0,0.0,0.0,False,0.0,0.0,,0.0,,0.0,,0.0,False,3,0.0,0.0,0.0,0.0,DORMANT,,,0.0,,0.0,,,0.0,,,0.0,,0.0,,,0.0
500220418,DDLO X FIXED END MOUNT-02(R),TCB,"ASM-Pacific,Phoenix",Order to Demand,,187.2,25.0,3,0.375,202409,202601,16,False,0.0,0.0,0.0,False,0.0,0.0,,0.0,,0.0,,0.0,False,3,0.0,0.0,0.0,0.0,DORMANT,,,0.0,,0.0,,,0.0,,,0.0,,0.0,,,0.0
500220419,DDLO ENC CABLE ASSY,TCB,"ASM-Pacific,Phoenix",Order to Demand,,784.98,15.0,3,0.375,202409,202601,16,False,0.0,0.0,0.0,False,0.0,0.0,,0.0,,0.0,,0.0,False,3,0.0,0.0,0.0,0.0,DORMANT,,,0.0,,0.0,,,0.0,,,0.0,,0.0,,,0.0
500220420,Z STAGE RIGHT,TCB,"ASM-Pacific,Phoenix;GENERIC",Order to Demand,,2763.9,55.0,3,0.375,202409,202601,16,False,0.0,0.0,0.0,False,0.0,0.0,,0.0,,0.0,,0.0,False,3,0.0,0.0,0.0,0.0,DORMANT,,,0.0,,0.0,,,0.0,,,0.0,,0.0,,,0.0
500220421,"MAGNETIC SPRING (20N, 49MM)",TCB,"ASM-Pacific,Phoenix;GENERIC",Order to Demand,shared with XG756,83.3,15.0,3,0.375,202409,202601,16,False,0.0,0.0,0.0,False,0.0,0.0,,0.0,,0.0,,0.0,False,3,0.0,0.0,0.0,0.0,DORMANT,,,0.0,,0.0,,,0.0,,,0.0,,0.0,,,0.0
500220422,"MOTOR,DDLO,Z,RIGHT",TCB,"ASM-Pacific,Phoenix",Order to Demand,shared with XG756,546.28,15.0,3,0.375,202409,202601,16,False,0.0,0.0,0.0,False,0.0,0.0,,0.0,,0.0,,0.0,False,3,0.0,0.0,0.0,0.0,DORMANT,,,0.0,,0.0,,,0.0,,,0.0,,0.0,,,0.0
500220423,DDLO X FIXED END COVER-01(R),TCB,"ASM-Pacific,Phoenix",Order to Demand,,36.9,25.0,3,0.375,202409,202601,16,False,0.0,0.0,0.0,False,0.0,0.0,,0.0,,0.0,,0.0,False,3,0.0,0.0,0.0,0.0,DORMANT,,,0.0,,0.0,,,0.0,,,0.0,,0.0,,,0.0
500220424,DDLO Z TABLE RIGHT,TCB,"GENERIC;ASM-Pacific,Phoenix",Order to Demand,,237.6,55.0,3,0.375,202409,202601,16,False,0.0,0.0,0.0,False,0.0,0.0,,0.0,,0.0,,0.0,False,3,0.0,0.0,0.0,0.0,DORMANT,,,0.0,,0.0,,,0.0,,,0.0,,0.0,,,0.0
500220425,Z MOVING TABLE RIGHT,TCB,"GENERIC;ASM-Pacific,Phoenix",Order to Demand,,164.7,25.0,3,0.375,202409,202601,16,False,0.0,0.0,0.0,False,0.0,0.0,,0.0,,0.0,,0.0,False,3,0.0,0.0,0.0,0.0,DORMANT,,,0.0,,0.0,,,0.0,,,0.0,,0.0,,,0.0
500220426,OPTICS&LG MOUTING ARM RIGHT,TCB,"ASM-Pacific,Phoenix",Order to Demand,,268.2,25.0,3,0.375,202409,202601,16,False,0.0,0.0,0.0,False,0.0,0.0,,0.0,,0.0,,0.0,False,3,0.0,0.0,0.0,0.0,DORMANT,,,0.0,,0.0,,,0.0,,,0.0,,0.0,,,0.0
500220427,Z MOTOR COVER RIGHT,TCB,"ASM-Pacific,Phoenix",Order to Demand,,16.2,25.0,3,0.375,202409,202601,16,False,0.0,0.0,0.0,False,0.0,0.0,,0.0,,0.0,,0.0,False,3,0.0,0.0,0.0,0.0,DORMANT,,,0.0,,0.0,,,0.0,,,0.0,,0.0,,,0.0
500220428,OPTICS&LG SCREW RETAINING PLATE,TCB,"ASM-Pacific,Phoenix",Order to Demand,,20.7,25.0,3,0.375,202409,202601,16,False,0.0,0.0,0.0,False,0.0,0.0,,0.0,,0.0,,0.0,False,3,0.0,0.0,0.0,0.0,DORMANT,,,0.0,,0.0,,,0.0,,,0.0,,0.0,,,0.0
500220429,Z ENCODER MOUNT RIGHT,TCB,"ASM-Pacific,Phoenix",Order to Demand,,55.8,25.0,3,0.375,202409,202601,16,False,0.0,0.0,0.0,False,0.0,0.0,,0.0,,0.0,,0.0,False,3,0.0,0.0,0.0,0.0,DORMANT,,,0.0,,0.0,,,0.0,,,0.0,,0.0,,,0.0
500220430,REFERENCE MARK INTERFACE,TCB,"ASM-Pacific,Phoenix",Order to Demand,,29.7,25.0,3,0.375,202409,202601,16,False,0.0,0.0,0.0,False,0.0,0.0,,0.0,,0.0,,0.0,False,3,0.0,0.0,0.0,0.0,DORMANT,,,0.0,,0.0,,,0.0,,,0.0,,0.0,,,0.0
500220431,LG MOUNT RIGHT,TCB,"ASM-Pacific,Phoenix",Order to Demand,,99.0,25.0,3,0.375,202409,202601,16,False,0.0,0.0,0.0,False,0.0,0.0,,0.0,,0.0,,0.0,False,3,0.0,0.0,0.0,0.0,DORMANT,,,0.0,,0.0,,,0.0,,,0.0,,0.0,,,0.0
500220432,DL OPTICS SCREW RETAINING PLATE,TCB,"ASM-Pacific,Phoenix",Order to Demand,,7.2,25.0,3,0.375,202409,202601,16,False,0.0,0.0,0.0,False,0.0,0.0,,0.0,,0.0,,0.0,False,3,0.0,0.0,0.0,0.0,DORMANT,,,0.0,,0.0,,,0.0,,,0.0,,0.0,,,0.0
500220433,DL OPTICS MOUNT RIGHT,TCB,"ASM-Pacific,Phoenix",Order to Demand,,63.9,25.0,3,0.375,202409,202601,16,False,0.0,0.0,0.0,False,0.0,0.0,,0.0,,0.0,,0.0,False,3,0.0,0.0,0.0,0.0,DORMANT,,,0.0,,0.0,,,0.0,,,0.0,,0.0,,,0.0
500220434,4 PIN M8 ST PLUG SCR FLEX CORD 5M,TCB,"ASM-Pacific,Phoenix",Order to Demand,,112.14,25.0,4,0.5,202407,202601,18,False,0.0,0.0,0.0,False,0.0,0.0,,0.0,,0.0,,0.0,False,4,0.0,0.0,0.0,0.0,DORMANT,0.0,,0.0,,0.0,,,0.0,0.0,,0.0,,0.0,,,0.0
500220435,Y SHUTTLE OPTICS TABLE ASSY,TCB,"GENERIC;ASM-Pacific,Phoenix",Order to Demand,,14061.6,25.0,3,0.375,202409,202601,16,False,0.0,0.0,0.0,False,0.0,0.0,,0.0,,0.0,,0.0,False,3,0.0,0.0,0.0,0.0,DORMANT,,,0.0,,0.0,,,0.0,,,0.0,,0.0,,,0.0
500220436,Z MOVING  (INPUTSHUTTLE X TABLE),TCB,"ASM-Pacific,Phoenix;GENERIC",Order to Demand,,35.1,25.0,3,0.375,202409,202601,16,False,0.0,0.0,0.0,False,0.0,0.0,,0.0,,0.0,,0.0,False,3,0.0,0.0,0.0,0.0,DORMANT,,,0.0,,0.0,,,0.0,,,0.0,,0.0,,,0.0
500220438,Z FIXEND(INPUTSHUTTLE X TABLE),TCB,"GENERIC;ASM-Pacific,Phoenix",Order to Demand,,79.2,25.0,3,0.375,202409,202601,16,False,0.0,0.0,0.0,False,0.0,0.0,,0.0,,0.0,,0.0,False,3,0.0,0.0,0.0,0.0,DORMANT,,,0.0,,0.0,,,0.0,,,0.0,,0.0,,,0.0
500220439,COVER 1 (INPUTSHUTTLE X TABLE),TCB,"ASM-Pacific,Phoenix;GENERIC",Order to Demand,,9.0,25.0,3,0.375,202409,202601,16,False,0.0,0.0,0.0,False,0.0,0.0,,0.0,,0.0,,0.0,False,3,0.0,0.0,0.0,0.0,DORMANT,,,0.0,,0.0,,,0.0,,,0.0,,0.0,,,0.0
500220440,COVER 2 (INPUTSHUTTLE X TABLE),TCB,"ASM-Pacific,Phoenix;GENERIC",Order to Demand,,80.1,25.0,3,0.375,202409,202601,16,False,0.0,0.0,0.0,False,0.0,0.0,,0.0,,0.0,,0.0,False,3,0.0,0.0,0.0,0.0,DORMANT,,,0.0,,0.0,,,0.0,,,0.0,,0.0,,,0.0
500220441,E-CHAIN MOUNTING SUPPORT,TCB,"ASM-Pacific,Phoenix",Order to Demand,,46.8,25.0,3,0.375,202409,202601,16,False,0.0,0.0,0.0,False,0.0,0.0,,0.0,,0.0,,0.0,False,3,0.0,0.0,0.0,0.0,DORMANT,,,0.0,,0.0,,,0.0,,,0.0,,0.0,,,0.0
500220442,X FIXEND (INPUTSHUTTLE X TABLE),TCB,"ASM-Pacific,Phoenix;GENERIC",Order to Demand,,61.2,25.0,3,0.375,202409,202601,16,False,0.0,0.0,0.0,False,0.0,0.0,,0.0,,0.0,,0.0,False,3,0.0,0.0,0.0,0.0,DORMANT,,,0.0,,0.0,,,0.0,,,0.0,,0.0,,,0.0
500220443,E-CHAIN Z MOUNTING SUPPORT,TCB,"ASM-Pacific,Phoenix",Order to Demand,,12.6,25.0,3,0.375,202409,202601,16,False,0.0,0.0,0.0,False,0.0,0.0,,0.0,,0.0,,0.0,False,3,0.0,0.0,0.0,0.0,DORMANT,,,0.0,,0.0,,,0.0,,,0.0,,0.0,,,0.0
500220444,Y SHUTTLE OT X TABLE ASSY,TCB,"GENERIC;ASM-Pacific,Phoenix",Order to Demand,,6355.8,25.0,3,0.375,202409,202601,16,False,0.0,0.0,0.0,False,0.0,0.0,,0.0,,0.0,,0.0,False,3,0.0,0.0,0.0,0.0,DORMANT,,,0.0,,0.0,,,0.0,,,0.0,,0.0,,,0.0
500220445,Y SHUTTLE OT Z TABLE ASSY,TCB,"ASM-Pacific,Phoenix;GENERIC",Order to Demand,,5966.1,25.0,3,0.375,202409,202601,16,False,0.0,0.0,0.0,False,0.0,0.0,,0.0,,0.0,,0.0,False,3,0.0,0.0,0.0,0.0,DORMANT,,,0.0,,0.0,,,0.0,,,0.0,,0.0,,,0.0
500220446,Y SHUTTLE OT TABLE Z ENCODER ASSY,TCB,"ASM-Pacific,Phoenix",Order to Demand,,780.97,25.0,3,0.375,202409,202601,16,False,0.0,0.0,0.0,False,0.0,0.0,,0.0,,0.0,,0.0,False,3,0.0,0.0,0.0,0.0,DORMANT,,,0.0,,0.0,,,0.0,,,0.0,,0.0,,,0.0
500220447,"MOTOR,BHZ,ROD,Y,SHUTTLE,OT,ZTABLE",TCB,"ASM,TCB,Y-SHUTTLE;ASM-Pacific,Phoenix",Order to Demand,,669.63,15.0,3,0.375,202409,202601,16,False,0.0,0.0,0.0,False,0.0,0.0,,0.0,,0.0,,0.0,False,3,0.0,0.0,0.0,0.0,DORMANT,,,0.0,,0.0,,,0.0,,,0.0,,0.0,,,0.0
500220448,LM GUIDE 2SRS9MUUC1E+95LPM-II (B),TCB,"ASM-Pacific,Phoenix",Order to Demand,,513.45,25.0,3,0.375,202409,202601,16,False,0.0,0.0,0.0,False,0.0,0.0,,0.0,,0.0,,0.0,False,3,0.0,0.0,0.0,0.0,DORMANT,,,0.0,,0.0,,,0.0,,,0.0,,0.0,,,0.0
500220449,SOC HD CAP SCREW M2X4,TCB,"ASM-Pacific,Phoenix;GENERIC",Order to Demand,,1.17,25.0,3,0.375,202409,202601,16,False,0.0,0.0,0.0,False,0.0,0.0,,0.0,,0.0,,0.0,False,3,0.0,0.0,0.0,0.0,DORMANT,,,0.0,,0.0,,,0.0,,,0.0,,0.0,,,0.0
500220450,MS (MAGNET MOUNT),TCB,"ASM-Pacific,Phoenix",Order to Demand,,53.1,25.0,3,0.375,202409,202601,16,False,0.0,0.0,0.0,False,0.0,0.0,,0.0,,0.0,,0.0,False,3,0.0,0.0,0.0,0.0,DORMANT,,,0.0,,0.0,,,0.0,,,0.0,,0.0,,,0.0
500220451,MS (JACKET MOUNT),TCB,"ASM-Pacific,Phoenix",Order to Demand,,56.7,25.0,3,0.375,202409,202601,16,False,0.0,0.0,0.0,False,0.0,0.0,,0.0,,0.0,,0.0,False,3,0.0,0.0,0.0,0.0,DORMANT,,,0.0,,0.0,,,0.0,,,0.0,,0.0,,,0.0
500220452,"MAGNETIC SPRING (8N, 32MM)",TCB,"GENERIC;ASM-Pacific,Phoenix",Order to Demand,,30.43,25.0,4,0.5,202407,202601,18,False,0.0,0.0,0.0,False,0.0,0.0,,0.0,,0.0,,0.0,False,4,0.0,0.0,0.0,0.0,DORMANT,0.0,,0.0,,0.0,,,0.0,0.0,,0.0,,0.0,,,0.0
500220453,BHZ SCALE MOUNT,TCB,"ASM-Pacific,Phoenix",Order to Demand,,34.2,25.0,3,0.375,202409,202601,16,False,0.0,0.0,0.0,False,0.0,0.0,,0.0,,0.0,,0.0,False,3,0.0,0.0,0.0,0.0,DORMANT,,,0.0,,0.0,,,0.0,,,0.0,,0.0,,,0.0
500220454,Y SHUTTLE OT Z BASE,TCB,"ASM-Pacific,Phoenix",Order to Demand,,268.2,25.0,3,0.375,202409,202601,16,False,0.0,0.0,0.0,False,0.0,0.0,,0.0,,0.0,,0.0,False,3,0.0,0.0,0.0,0.0,DORMANT,,,0.0,,0.0,,,0.0,,,0.0,,0.0,,,0.0
500220455,FOV8 OPTICS BASE MOUNT,TCB,"ASM-Pacific,Phoenix",Order to Demand,,55.8,25.0,3,0.375,202409,202601,16,False,0.0,0.0,0.0,False,0.0,0.0,,0.0,,0.0,,0.0,False,3,0.0,0.0,0.0,0.0,DORMANT,,,0.0,,0.0,,,0.0,,,0.0,,0.0,,,0.0
500220456,Y SHUTTLE OT X ADAPTOR,TCB,"ASM-Pacific,Phoenix;GENERIC",Order to Demand,,217.8,25.0,3,0.375,202409,202601,16,False,0.0,0.0,0.0,False,0.0,0.0,,0.0,,0.0,,0.0,False,3,0.0,0.0,0.0,0.0,DORMANT,,,0.0,,0.0,,,0.0,,,0.0,,0.0,,,0.0
500220457,Y SHUTTLE OT MOUNT,TCB,"ASM-Pacific,Phoenix",Order to Demand,,62.1,25.0,3,0.375,202409,202601,16,False,0.0,0.0,0.0,False,0.0,0.0,,0.0,,0.0,,0.0,False,3,0.0,0.0,0.0,0.0,DORMANT,,,0.0,,0.0,,,0.0,,,0.0,,0.0,,,0.0
500220458,FOV8 OPTICS ADAPTOR,TCB,"ASM-Pacific,Phoenix",Order to Demand,,54.0,25.0,3,0.375,202409,202601,16,False,0.0,0.0,0.0,False,0.0,0.0,,0.0,,0.0,,0.0,False,3,0.0,0.0,0.0,0.0,DORMANT,,,0.0,,0.0,,,0.0,,,0.0,,0.0,,,0.0
500220459,Y SHUTTLE OT 25MM SPACER,TCB,"GENERIC;ASM-Pacific,Phoenix",Order to Demand,,55.8,25.0,3,0.375,202409,202601,16,False,0.0,0.0,0.0,False,0.0,0.0,,0.0,,0.0,,0.0,False,3,0.0,0.0,0.0,0.0,DORMANT,,,0.0,,0.0,,,0.0,,,0.0,,0.0,,,0.0
500220465,INPUT Y TRANSFER CONVEYOR,TCB,"ASM-Pacific,Phoenix",Order to Demand,,9336.6,25.0,3,0.375,202409,202601,16,False,0.0,0.0,0.0,False,0.0,0.0,,0.0,,0.0,,0.0,False,3,0.0,0.0,0.0,0.0,DORMANT,,,0.0,,0.0,,,0.0,,,0.0,,0.0,,,0.0
500220466,IP SHUTTLE TRACK WIDTH MTR ASSY,TCB,"ASM-Pacific,Phoenix",Order to Demand,,391.5,25.0,3,0.375,202409,202601,16,False,0.0,0.0,0.0,False,0.0,0.0,,0.0,,0.0,,0.0,False,3,0.0,0.0,0.0,0.0,DORMANT,,,0.0,,0.0,,,0.0,,,0.0,,0.0,,,0.0
500220467,"MOTOR,IP,SHUTTLE,CONVEYOR,ASSEMBLY",TCB,"ASM-Pacific,Phoenix",Order to Demand,,95.31,15.0,3,0.375,202409,202601,16,False,0.0,0.0,0.0,False,0.0,0.0,,0.0,,0.0,,0.0,False,3,0.0,0.0,0.0,0.0,DORMANT,,,0.0,,0.0,,,0.0,,,0.0,,0.0,,,0.0
500220468,INPUT SHUTTLE CONVEYOR IN SNR,TCB,"ASM-Pacific,Phoenix",Order to Demand,,209.86,25.0,3,0.375,202409,202601,16,False,0.0,0.0,0.0,False,0.0,0.0,,0.0,,0.0,,0.0,False,3,0.0,0.0,0.0,0.0,DORMANT,,,0.0,,0.0,,,0.0,,,0.0,,0.0,,,0.0
500220469,INPUT SHUTTLE CONVEYOR MID SNR,TCB,"GENERIC;ASM-Pacific,Phoenix",Order to Demand,,209.86,25.0,3,0.375,202409,202601,16,False,0.0,0.0,0.0,False,0.0,0.0,,0.0,,0.0,,0.0,False,3,0.0,0.0,0.0,0.0,DORMANT,,,0.0,,0.0,,,0.0,,,0.0,,0.0,,,0.0
500220470,INPUT SHUTTLE CONVEYOR OUT SNR,TCB,"ASM-Pacific,Phoenix",Order to Demand,,209.86,15.0,3,0.375,202409,202601,16,False,0.0,0.0,0.0,False,0.0,0.0,,0.0,,0.0,,0.0,False,3,0.0,0.0,0.0,0.0,DORMANT,,,0.0,,0.0,,,0.0,,,0.0,,0.0,,,0.0
500220471,COS-L REAR TRACK COVER MID,TCB,"ASM-Pacific,Phoenix",Order to Demand,,58.5,25.0,3,0.375,202409,202601,16,False,0.0,0.0,0.0,False,0.0,0.0,,0.0,,0.0,,0.0,False,3,0.0,0.0,0.0,0.0,DORMANT,,,0.0,,0.0,,,0.0,,,0.0,,0.0,,,0.0
500220472,INPUT SHUTTLE CONVEYOR INSP POSN SNR,TCB,"ASM-Pacific,Phoenix;GENERIC",Order to Demand,,209.86,15.0,3,0.375,202409,202601,16,False,0.0,0.0,0.0,False,0.0,0.0,,0.0,,0.0,,0.0,False,3,0.0,0.0,0.0,0.0,DORMANT,,,0.0,,0.0,,,0.0,,,0.0,,0.0,,,0.0
500220473,IP SHUTTLE FRONT TRACK COVER,TCB,"ASM-Pacific,Phoenix",Order to Demand,,402.3,25.0,3,0.375,202409,202601,16,False,0.0,0.0,0.0,False,0.0,0.0,,0.0,,0.0,,0.0,False,3,0.0,0.0,0.0,0.0,DORMANT,,,0.0,,0.0,,,0.0,,,0.0,,0.0,,,0.0
500220474,INSP SNR & STOPPER MOUNT,TCB,"ASM-Pacific,Phoenix",Order to Demand,,18.0,25.0,3,0.375,202409,202601,16,False,0.0,0.0,0.0,False,0.0,0.0,,0.0,,0.0,,0.0,False,3,0.0,0.0,0.0,0.0,DORMANT,,,0.0,,0.0,,,0.0,,,0.0,,0.0,,,0.0
500220475,IP SHUTTLE REAR TRACK COVER 2,TCB,"ASM-Pacific,Phoenix",Order to Demand,,138.6,25.0,3,0.375,202409,202601,16,False,0.0,0.0,0.0,False,0.0,0.0,,0.0,,0.0,,0.0,False,3,0.0,0.0,0.0,0.0,DORMANT,,,0.0,,0.0,,,0.0,,,0.0,,0.0,,,0.0
500220476,LINEAR BUSHING 3X4.5X6 METRIC,TCB,"ASM-Pacific,Phoenix",Order to Demand,,2.25,25.0,3,0.375,202409,202601,16,False,0.0,0.0,0.0,False,0.0,0.0,,0.0,,0.0,,0.0,False,3,0.0,0.0,0.0,0.0,DORMANT,,,0.0,,0.0,,,0.0,,,0.0,,0.0,,,0.0
500220477,TOP CLAMP GUIDE ROD,TCB,"GENERIC;ASM-Pacific,Phoenix",Order to Demand,,7.2,25.0,3,0.375,202409,202601,16,False,0.0,0.0,0.0,False,0.0,0.0,,0.0,,0.0,,0.0,False,3,0.0,0.0,0.0,0.0,DORMANT,,,0.0,,0.0,,,0.0,,,0.0,,0.0,,,0.0
500220478,INSP SNR MOUNT,TCB,"ASM-Pacific,Phoenix",Order to Demand,,16.2,25.0,3,0.375,202409,202601,16,False,0.0,0.0,0.0,False,0.0,0.0,,0.0,,0.0,,0.0,False,3,0.0,0.0,0.0,0.0,DORMANT,,,0.0,,0.0,,,0.0,,,0.0,,0.0,,,0.0
500220479,TOP CLAMP BASE,TCB,"ASM-Pacific,Phoenix",Order to Demand,,47.7,25.0,3,0.375,202409,202601,16,False,0.0,0.0,0.0,False,0.0,0.0,,0.0,,0.0,,0.0,False,3,0.0,0.0,0.0,0.0,DORMANT,,,0.0,,0.0,,,0.0,,,0.0,,0.0,,,0.0
500220480,IP SHUTTLE REAR TRACK COVER 1,TCB,"ASM-Pacific,Phoenix",Order to Demand,,128.7,25.0,3,0.375,202409,202601,16,False,0.0,0.0,0.0,False,0.0,0.0,,0.0,,0.0,,0.0,False,3,0.0,0.0,0.0,0.0,DORMANT,,,0.0,,0.0,,,0.0,,,0.0,,0.0,,,0.0
500220481,TOP CLAMP PLATE BASE,TCB,"ASM-Pacific,Phoenix",Order to Demand,,29.7,55.0,3,0.375,202409,202601,16,False,0.0,0.0,0.0,False,0.0,0.0,,0.0,,0.0,,0.0,False,3,0.0,0.0,0.0,0.0,DORMANT,,,0.0,,0.0,,,0.0,,,0.0,,0.0,,,0.0
500220482,TOP CLAMP QUICK RELEASE,TCB,"ASM-Pacific,Phoenix",Order to Demand,,20.7,25.0,3,0.375,202409,202601,16,False,0.0,0.0,0.0,False,0.0,0.0,,0.0,,0.0,,0.0,False,3,0.0,0.0,0.0,0.0,DORMANT,,,0.0,,0.0,,,0.0,,,0.0,,0.0,,,0.0
500220483,TOP CLAMP ASSY,TCB,"ASM-Pacific,Phoenix",Order to Demand,,235.8,25.0,3,0.375,202409,202601,16,False,0.0,0.0,0.0,False,0.0,0.0,,0.0,,0.0,,0.0,False,3,0.0,0.0,0.0,0.0,DORMANT,,,0.0,,0.0,,,0.0,,,0.0,,0.0,,,0.0
500220484,"PNEU.,CYLINDER,D-ACT,10X6",TCB,"ASM-Pacific,Phoenix",Order to Demand,,46.8,75.0,3,0.375,202409,202601,16,False,0.0,0.0,0.0,False,0.0,0.0,,0.0,,0.0,,0.0,False,3,0.0,0.0,0.0,0.0,DORMANT,,,0.0,,0.0,,,0.0,,,0.0,,0.0,,,0.0
500220485,BARB FITTING M-3ALU-3,TCB,"ASM-Pacific,Phoenix",Order to Demand,shared with XG756,4.0,15.0,3,0.375,202409,202601,16,False,0.0,0.0,0.0,False,0.0,0.0,,0.0,,0.0,,0.0,False,3,0.0,0.0,0.0,0.0,DORMANT,,,0.0,,0.0,,,0.0,,,0.0,,0.0,,,0.0
500220486,OUTPUT Y TRANSFER CONVEYOR,TCB,"ASM-Pacific,Phoenix",Order to Demand,,8127.0,25.0,3,0.375,202409,202601,16,False,0.0,0.0,0.0,False,0.0,0.0,,0.0,,0.0,,0.0,False,3,0.0,0.0,0.0,0.0,DORMANT,,,0.0,,0.0,,,0.0,,,0.0,,0.0,,,0.0
500220487,PUSHER ASSY,TCB,"ASM-Pacific,Firebird;Generic;ASM-Pacific,Phoenix",Order to Demand,,93.72,15.0,3,0.375,202409,202601,16,False,0.0,0.0,0.0,False,0.0,0.0,,0.0,,0.0,,0.0,False,3,0.0,0.0,0.0,0.0,DORMANT,,,0.0,,0.0,,,0.0,,,0.0,,0.0,,,0.0
500220488,MA MODEL MOUNTING ASSY,TCB,"ASM-Pacific,Phoenix",Order to Demand,,726.3,25.0,3,0.375,202409,202601,16,False,0.0,0.0,0.0,False,0.0,0.0,,0.0,,0.0,,0.0,False,3,0.0,0.0,0.0,0.0,DORMANT,,,0.0,,0.0,,,0.0,,,0.0,,0.0,,,0.0
500220489,CASSETTE SET UP KIT,TCB,"ASM-Pacific,Phoenix",Order to Demand,,116.95,25.0,3,0.375,202409,202601,16,False,0.0,0.0,0.0,False,0.0,0.0,,0.0,,0.0,,0.0,False,3,0.0,0.0,0.0,0.0,DORMANT,,,0.0,,0.0,,,0.0,,,0.0,,0.0,,,0.0
500220490,OUTPUT SHUTTLE CONVEYOR IN SNR,TCB,"ASM-Pacific,Phoenix;GENERIC",Order to Demand,,209.86,25.0,3,0.375,202409,202601,16,False,0.0,0.0,0.0,False,0.0,0.0,,0.0,,0.0,,0.0,False,3,0.0,0.0,0.0,0.0,DORMANT,,,0.0,,0.0,,,0.0,,,0.0,,0.0,,,0.0
500220491,OUTPUT SHUTTLE CONVEYOR MID SNR,TCB,"ASM-Pacific,Phoenix;GENERIC",Order to Demand,,209.86,25.0,3,0.375,202409,202601,16,False,0.0,0.0,0.0,False,0.0,0.0,,0.0,,0.0,,0.0,False,3,0.0,0.0,0.0,0.0,DORMANT,,,0.0,,0.0,,,0.0,,,0.0,,0.0,,,0.0
500220492,OUTPUT SHUTTLE CONVEYOR OUT SNR,TCB,"ASM-Pacific,Phoenix;GENERIC",Order to Demand,,209.86,25.0,3,0.375,202409,202601,16,False,0.0,0.0,0.0,False,0.0,0.0,,0.0,,0.0,,0.0,False,3,0.0,0.0,0.0,0.0,DORMANT,,,0.0,,0.0,,,0.0,,,0.0,,0.0,,,0.0
500220493,ENCODER MOUNTING PLATE,TCB,"ASM-Pacific,Phoenix",Order to Demand,,35.1,25.0,3,0.375,202409,202601,16,False,0.0,0.0,0.0,False,0.0,0.0,,0.0,,0.0,,0.0,False,3,0.0,0.0,0.0,0.0,DORMANT,,,0.0,,0.0,,,0.0,,,0.0,,0.0,,,0.0
500220494,HWIP TRACK MID SNR MOUNT,TCB,"ASM-Pacific,Phoenix",Order to Demand,,16.2,25.0,3,0.375,202409,202601,16,False,0.0,0.0,0.0,False,0.0,0.0,,0.0,,0.0,,0.0,False,3,0.0,0.0,0.0,0.0,DORMANT,,,0.0,,0.0,,,0.0,,,0.0,,0.0,,,0.0
500220495,CONVEYOR IN SNR MNT,TCB,"ASM-Pacific,Phoenix",Order to Demand,,7.2,25.0,3,0.375,202409,202601,16,False,0.0,0.0,0.0,False,0.0,0.0,,0.0,,0.0,,0.0,False,3,0.0,0.0,0.0,0.0,DORMANT,,,0.0,,0.0,,,0.0,,,0.0,,0.0,,,0.0
500220496,SNR MOUNTING BASE,TCB,"ASM-Pacific,Phoenix",Order to Demand,,40.5,25.0,3,0.375,202409,202601,16,False,0.0,0.0,0.0,False,0.0,0.0,,0.0,,0.0,,0.0,False,3,0.0,0.0,0.0,0.0,DORMANT,,,0.0,,0.0,,,0.0,,,0.0,,0.0,,,0.0
500220497,OP SHUTTLE FRONT TRACK COVER,TCB,"ASM-Pacific,Phoenix",Order to Demand,,402.3,25.0,3,0.375,202409,202601,16,False,0.0,0.0,0.0,False,0.0,0.0,,0.0,,0.0,,0.0,False,3,0.0,0.0,0.0,0.0,DORMANT,,,0.0,,0.0,,,0.0,,,0.0,,0.0,,,0.0
500220498,HWIP TRACK SNR UP MOUNT,TCB,"ASM-Pacific,Phoenix",Order to Demand,,13.5,25.0,3,0.375,202409,202601,16,False,0.0,0.0,0.0,False,0.0,0.0,,0.0,,0.0,,0.0,False,3,0.0,0.0,0.0,0.0,DORMANT,,,0.0,,0.0,,,0.0,,,0.0,,0.0,,,0.0
500220499,OP SHUTTLE REAR TRACK COVER,TCB,"ASM-Pacific,Phoenix",Order to Demand,,402.3,25.0,3,0.375,202409,202601,16,False,0.0,0.0,0.0,False,0.0,0.0,,0.0,,0.0,,0.0,False,3,0.0,0.0,0.0,0.0,DORMANT,,,0.0,,0.0,,,0.0,,,0.0,,0.0,,,0.0
500220500,Y TRANSFER CONVEYOR,TCB,"ASM-Pacific,Phoenix",Order to Demand,,6565.5,25.0,3,0.375,202409,202601,16,False,0.0,0.0,0.0,False,0.0,0.0,,0.0,,0.0,,0.0,False,3,0.0,0.0,0.0,0.0,DORMANT,,,0.0,,0.0,,,0.0,,,0.0,,0.0,,,0.0
500220501,CONVEYOR TRACK WIDTH STOPPER,TCB,"ASM-Pacific,Phoenix;GENERIC",Order to Demand,,13.5,25.0,3,0.375,202409,202601,16,False,0.0,0.0,0.0,False,0.0,0.0,,0.0,,0.0,,0.0,False,3,0.0,0.0,0.0,0.0,DORMANT,,,0.0,,0.0,,,0.0,,,0.0,,0.0,,,0.0
500220502,Y TRANSFER CONVEYOR BASE ASSY,TCB,"ASM-Pacific,Phoenix",Order to Demand,,1866.6,25.0,3,0.375,202409,202601,16,False,0.0,0.0,0.0,False,0.0,0.0,,0.0,,0.0,,0.0,False,3,0.0,0.0,0.0,0.0,DORMANT,,,0.0,,0.0,,,0.0,,,0.0,,0.0,,,0.0
500220503,"LM GUIDE 2SRS12WGMUUC1+200LPM(OH, AFF)",TCB,"ASM-Pacific,Firebird;ASM-Pacific,Phoenix",Order to Demand,shared with XG756,506.23,25.0,3,0.375,202409,202601,16,False,0.0,0.0,0.0,False,0.0,0.0,,0.0,,0.0,,0.0,False,3,0.0,0.0,0.0,0.0,DORMANT,,,0.0,,0.0,,,0.0,,,0.0,,0.0,,,0.0
500220504,(WH) SHOULDER SCREW M3 DIA4X5,TCB,"GENERIC;ASM-Pacific,Phoenix",Order to Demand,,11.7,25.0,3,0.375,202409,202601,16,False,0.0,0.0,0.0,False,0.0,0.0,,0.0,,0.0,,0.0,False,3,0.0,0.0,0.0,0.0,DORMANT,,,0.0,,0.0,,,0.0,,,0.0,,0.0,,,0.0
500220505,(WH) LEVEL ADJ SPANNER,TCB,"ASM-Pacific,Phoenix;GENERIC",Order to Demand,,63.0,25.0,3,0.375,202409,202601,16,False,0.0,0.0,0.0,False,0.0,0.0,,0.0,,0.0,,0.0,False,3,0.0,0.0,0.0,0.0,DORMANT,,,0.0,,0.0,,,0.0,,,0.0,,0.0,,,0.0
500220506,TRAY COPLANARITY ADJUSTMENT SCREW,TCB,"ASM-Pacific,Phoenix;GENERIC",Order to Demand,,20.7,25.0,3,0.375,202409,202601,16,False,0.0,0.0,0.0,False,0.0,0.0,,0.0,,0.0,,0.0,False,3,0.0,0.0,0.0,0.0,DORMANT,,,0.0,,0.0,,,0.0,,,0.0,,0.0,,,0.0
500220507,Y TRANSFER CONVEYOR BASE PLATE,TCB,"ASM-Pacific,Phoenix",Order to Demand,,347.4,25.0,3,0.375,202409,202601,16,False,0.0,0.0,0.0,False,0.0,0.0,,0.0,,0.0,,0.0,False,3,0.0,0.0,0.0,0.0,DORMANT,,,0.0,,0.0,,,0.0,,,0.0,,0.0,,,0.0
500220508,Y TRANSFER CONVEYOR FRONT TRACK ASSY,TCB,"GENERIC;ASM-Pacific,Phoenix",Order to Demand,,2480.4,25.0,3,0.375,202409,202601,16,False,0.0,0.0,0.0,False,0.0,0.0,,0.0,,0.0,,0.0,False,3,0.0,0.0,0.0,0.0,DORMANT,,,0.0,,0.0,,,0.0,,,0.0,,0.0,,,0.0
500220509,IDLER ASSY,TCB,"ASM-Pacific,Phoenix",Order to Demand,shared with XG756,41.65,45.0,4,0.5,202407,202601,18,False,0.0,0.0,0.0,False,0.0,0.0,,0.0,,0.0,,0.0,False,4,0.0,0.0,0.0,0.0,DORMANT,0.0,,0.0,,0.0,,,0.0,0.0,,0.0,,0.0,,,0.0
500220510,C-CLAMP(DISC),TCB,"ASM-Pacific,Phoenix",Order to Demand,,26.1,25.0,3,0.375,202409,202601,16,False,0.0,0.0,0.0,False,0.0,0.0,,0.0,,0.0,,0.0,False,3,0.0,0.0,0.0,0.0,DORMANT,,,0.0,,0.0,,,0.0,,,0.0,,0.0,,,0.0
500220511,"PULLEY,MODIFIED,HWOP,FRONT,TRACK,",TCB,"ASM-Pacific,Phoenix",Order to Demand,,39.6,75.0,3,0.375,202409,202601,16,False,0.0,0.0,0.0,False,0.0,0.0,,0.0,,0.0,,0.0,False,3,0.0,0.0,0.0,0.0,DORMANT,,,0.0,,0.0,,,0.0,,,0.0,,0.0,,,0.0
500220512,A/C BEARING COVER OD22,TCB,"ASM-Pacific,Phoenix",Order to Demand,,82.8,25.0,3,0.375,202409,202601,16,False,0.0,0.0,0.0,False,0.0,0.0,,0.0,,0.0,,0.0,False,3,0.0,0.0,0.0,0.0,DORMANT,,,0.0,,0.0,,,0.0,,,0.0,,0.0,,,0.0
500220513,BEARING HOLDER MOUNT,TCB,"ASM-Pacific,Phoenix",Order to Demand,,109.8,25.0,3,0.375,202409,202601,16,False,0.0,0.0,0.0,False,0.0,0.0,,0.0,,0.0,,0.0,False,3,0.0,0.0,0.0,0.0,DORMANT,,,0.0,,0.0,,,0.0,,,0.0,,0.0,,,0.0
500220514,TRACK WIDTH PULLEY,TCB,"ASM-Pacific,Phoenix",Order to Demand,,52.2,25.0,3,0.375,202409,202601,16,False,0.0,0.0,0.0,False,0.0,0.0,,0.0,,0.0,,0.0,False,3,0.0,0.0,0.0,0.0,DORMANT,,,0.0,,0.0,,,0.0,,,0.0,,0.0,,,0.0
500220515,HW CONVEYOR MTR MOUNT,TCB,"ASM-Pacific,Phoenix",Order to Demand,,61.2,25.0,3,0.375,202409,202601,16,False,0.0,0.0,0.0,False,0.0,0.0,,0.0,,0.0,,0.0,False,3,0.0,0.0,0.0,0.0,DORMANT,,,0.0,,0.0,,,0.0,,,0.0,,0.0,,,0.0
500220516,SHUTTLE CONVEYOR FRONT TRACK,TCB,"GENERIC;ASM-Pacific,Phoenix",Order to Demand,,76.5,25.0,3,0.375,202409,202601,16,False,0.0,0.0,0.0,False,0.0,0.0,,0.0,,0.0,,0.0,False,3,0.0,0.0,0.0,0.0,DORMANT,,,0.0,,0.0,,,0.0,,,0.0,,0.0,,,0.0
500220517,MTR MNT SPACER,TCB,"ASM-Pacific,Phoenix;GENERIC",Order to Demand,,5.4,25.0,3,0.375,202409,202601,16,False,0.0,0.0,0.0,False,0.0,0.0,,0.0,,0.0,,0.0,False,3,0.0,0.0,0.0,0.0,DORMANT,,,0.0,,0.0,,,0.0,,,0.0,,0.0,,,0.0
500220518,LOCK NUT M8 THICKNESS 4MM,TCB,"ASM-Pacific,Phoenix",Order to Demand,,5.4,25.0,3,0.375,202409,202601,16,False,0.0,0.0,0.0,False,0.0,0.0,,0.0,,0.0,,0.0,False,3,0.0,0.0,0.0,0.0,DORMANT,,,0.0,,0.0,,,0.0,,,0.0,,0.0,,,0.0
500220519,TRACK WIDTH PULLEY (HOLE DIA 6.35),TCB,"ASM-Pacific,Phoenix",Order to Demand,,76.5,25.0,3,0.375,202409,202601,16,False,0.0,0.0,0.0,False,0.0,0.0,,0.0,,0.0,,0.0,False,3,0.0,0.0,0.0,0.0,DORMANT,,,0.0,,0.0,,,0.0,,,0.0,,0.0,,,0.0
500220520,HW TRACK WIDTH MTR MOUNT,TCB,"ASM-Pacific,Phoenix",Order to Demand,,55.8,25.0,3,0.375,202409,202601,16,False,0.0,0.0,0.0,False,0.0,0.0,,0.0,,0.0,,0.0,False,3,0.0,0.0,0.0,0.0,DORMANT,,,0.0,,0.0,,,0.0,,,0.0,,0.0,,,0.0
500220521,"PULLEY,CONV,BELT,SET,DRIVING,Y,TRANSFER",TCB,"ASM-Pacific,Firebird;ASM-Pacific,Phoenix;Generic",Order to Demand,shared with XG756,124.15,15.0,4,0.5,202407,202601,18,False,0.0,0.0,0.0,False,0.0,0.0,,0.0,,0.0,,0.0,False,4,0.0,0.0,0.0,0.0,DORMANT,0.0,,0.0,,0.0,,,0.0,0.0,,0.0,,0.0,,,0.0
500220522,Y TRANSFER CONVEYOR REAR TRACK ASSY,TCB,"ASM-Pacific,Phoenix;GENERIC",Order to Demand,,1543.5,25.0,3,0.375,202409,202601,16,False,0.0,0.0,0.0,False,0.0,0.0,,0.0,,0.0,,0.0,False,3,0.0,0.0,0.0,0.0,DORMANT,,,0.0,,0.0,,,0.0,,,0.0,,0.0,,,0.0
500220523,"PULLEY,BELT,DRIVE,MOTOR,SET,ASSEMBLY",TCB,"ASM,TCB,Y-SHUTTLE;ASM-Pacific,Phoenix",Order to Demand,,549.9,55.0,3,0.375,202409,202601,16,False,0.0,0.0,0.0,False,0.0,0.0,,0.0,,0.0,,0.0,False,3,0.0,0.0,0.0,0.0,DORMANT,,,0.0,,0.0,,,0.0,,,0.0,,0.0,,,0.0
500220524,"IDLER,Y,TRANSFER,CONVEYOR",TCB,"ASM-Pacific,Phoenix",Order to Demand,shared with XG756,41.65,25.0,3,0.375,202409,202601,16,False,0.0,0.0,0.0,False,0.0,0.0,,0.0,,0.0,,0.0,False,3,0.0,0.0,0.0,0.0,DORMANT,,,0.0,,0.0,,,0.0,,,0.0,,0.0,,,0.0
500220525,CONVEYOR BELT PULLEY SET,TCB,"ASM-Pacific,Phoenix",Order to Demand,shared with XG756,88.11,15.0,4,0.5,202408,202601,17,False,0.0,0.0,0.0,False,0.0,0.0,,0.0,,0.0,,0.0,False,4,0.0,0.0,0.0,0.0,DORMANT,,0.0,0.0,,0.0,,,0.0,,0.0,0.0,,0.0,,,0.0
500220526,TRACK WIDTH LEADSCREW ASSY,TCB,"ASM-Pacific,Phoenix",Order to Demand,shared with XG756,335.61,25.0,3,0.375,202409,202601,16,False,0.0,0.0,0.0,False,0.0,0.0,,0.0,,0.0,,0.0,False,3,0.0,0.0,0.0,0.0,DORMANT,,,0.0,,0.0,,,0.0,,,0.0,,0.0,,,0.0
500220527,LM GUIDE MOUNT,TCB,"ASM-Pacific,Phoenix",Order to Demand,,312.3,25.0,3,0.375,202409,202601,16,False,0.0,0.0,0.0,False,0.0,0.0,,0.0,,0.0,,0.0,False,3,0.0,0.0,0.0,0.0,DORMANT,,,0.0,,0.0,,,0.0,,,0.0,,0.0,,,0.0
500220528,"PULLEY,SLIDING,ASSEMBLY,",TCB,"ASM-Pacific,Phoenix;ASM-Pacific,Firebird",Order to Demand,shared with XG756,88.11,15.0,3,0.375,202409,202601,16,False,0.0,0.0,0.0,False,0.0,0.0,,0.0,,0.0,,0.0,False,3,0.0,0.0,0.0,0.0,DORMANT,,,0.0,,0.0,,,0.0,,,0.0,,0.0,,,0.0
500220529,LM GUIDE MOUNT (MIRROR),TCB,"ASM-Pacific,Phoenix",Order to Demand,,286.2,25.0,3,0.375,202409,202601,16,False,0.0,0.0,0.0,False,0.0,0.0,,0.0,,0.0,,0.0,False,3,0.0,0.0,0.0,0.0,DORMANT,,,0.0,,0.0,,,0.0,,,0.0,,0.0,,,0.0
500220530,SHUTTLE CONVEYOR REAR TRACK,TCB,"ASM-Pacific,Phoenix;GENERIC",Order to Demand,,466.2,25.0,3,0.375,202409,202601,16,False,0.0,0.0,0.0,False,0.0,0.0,,0.0,,0.0,,0.0,False,3,0.0,0.0,0.0,0.0,DORMANT,,,0.0,,0.0,,,0.0,,,0.0,,0.0,,,0.0
500220531,SHUTTLE TRACK WIDTH SNR FLAG,TCB,"ASM-Pacific,Phoenix",Order to Demand,,20.7,25.0,3,0.375,202409,202601,16,False,0.0,0.0,0.0,False,0.0,0.0,,0.0,,0.0,,0.0,False,3,0.0,0.0,0.0,0.0,DORMANT,,,0.0,,0.0,,,0.0,,,0.0,,0.0,,,0.0
500220532,(IES) FLUX EXHAUST (G2),TCB,"ASM-Pacific,Phoenix",Order to Demand,,7734.6,25.0,3,0.375,202409,202601,16,False,0.0,0.0,0.0,False,0.0,0.0,,0.0,,0.0,,0.0,False,3,0.0,0.0,0.0,0.0,DORMANT,,,0.0,,0.0,,,0.0,,,0.0,,0.0,,,0.0
500220533,"PLATE,COOLING,V3,ASSY",TCB,"ASM-Pacific,Phoenix",Order to Demand,,11265.3,135.0,3,0.375,202409,202601,16,False,0.0,0.0,0.0,False,0.0,0.0,,0.0,,0.0,,0.0,False,3,0.0,0.0,0.0,0.0,DORMANT,,,0.0,,0.0,,,0.0,,,0.0,,0.0,,,0.0
500220534,"(IES) DISP PROCESS WINDOW FULL, LEFT V2",TCB,"GENERIC;ASM-Pacific,Phoenix",Order to Demand,,207.9,70.0,3,0.375,202409,202601,16,False,0.0,0.0,0.0,False,0.0,0.0,,0.0,,0.0,,0.0,False,3,0.0,0.0,0.0,0.0,DORMANT,,,0.0,,0.0,,,0.0,,,0.0,,0.0,,,0.0
500220535,"WINDOW,PROCESS,FULL,RIGHT,V2,IES,MICRO",TCB,"GENERIC;ASM-Pacific,Phoenix",Order to Demand,,207.9,70.0,3,0.375,202409,202601,16,False,0.0,0.0,0.0,False,0.0,0.0,,0.0,,0.0,,0.0,False,3,0.0,0.0,0.0,0.0,DORMANT,,,0.0,,0.0,,,0.0,,,0.0,,0.0,,,0.0
500220536,"(IES) DISP PROCESS WINDOW, LEFT",TCB,"ASM-Pacific,Phoenix;GENERIC",Order to Demand,,180.0,25.0,3,0.375,202409,202601,16,False,0.0,0.0,0.0,False,0.0,0.0,,0.0,,0.0,,0.0,False,3,0.0,0.0,0.0,0.0,DORMANT,,,0.0,,0.0,,,0.0,,,0.0,,0.0,,,0.0
500220537,"(IES) DISP PROCESS WINDOW, RIGHT",TCB,"ASM-Pacific,Phoenix",Order to Demand,,180.0,25.0,3,0.375,202409,202601,16,False,0.0,0.0,0.0,False,0.0,0.0,,0.0,,0.0,,0.0,False,3,0.0,0.0,0.0,0.0,DORMANT,,,0.0,,0.0,,,0.0,,,0.0,,0.0,,,0.0
500220538,(IES) MIDDLE BAR ASSY,TCB,"ASM-Pacific,Phoenix",Order to Demand,,1276.2,25.0,3,0.375,202409,202601,16,False,0.0,0.0,0.0,False,0.0,0.0,,0.0,,0.0,,0.0,False,3,0.0,0.0,0.0,0.0,DORMANT,,,0.0,,0.0,,,0.0,,,0.0,,0.0,,,0.0
500220539,"ADAPTOR,COOLING,BLOCK,PNUEMATIC,ASSY",TCB,"ASM-Pacific,Phoenix",Order to Demand,,309.98,25.0,3,0.375,202409,202601,16,False,0.0,0.0,0.0,False,0.0,0.0,,0.0,,0.0,,0.0,False,3,0.0,0.0,0.0,0.0,DORMANT,,,0.0,,0.0,,,0.0,,,0.0,,0.0,,,0.0
500220540,(IES) MACRO INERT COVER,TCB,"ASM-Pacific,Phoenix",Order to Demand,,7736.4,25.0,3,0.375,202409,202601,16,False,0.0,0.0,0.0,False,0.0,0.0,,0.0,,0.0,,0.0,False,3,0.0,0.0,0.0,0.0,DORMANT,,,0.0,,0.0,,,0.0,,,0.0,,0.0,,,0.0
500220541,(IES) REAR ADAPTOR BAR,TCB,"ASM-Pacific,Phoenix",Order to Demand,,300.6,25.0,3,0.375,202409,202601,16,False,0.0,0.0,0.0,False,0.0,0.0,,0.0,,0.0,,0.0,False,3,0.0,0.0,0.0,0.0,DORMANT,,,0.0,,0.0,,,0.0,,,0.0,,0.0,,,0.0
500220542,(IES) ADAPTOR BRACKET FOR OPTICS TABLE,TCB,"ASM-Pacific,Phoenix",Order to Demand,,170.1,25.0,3,0.375,202409,202601,16,False,0.0,0.0,0.0,False,0.0,0.0,,0.0,,0.0,,0.0,False,3,0.0,0.0,0.0,0.0,DORMANT,,,0.0,,0.0,,,0.0,,,0.0,,0.0,,,0.0
500220543,(IES) BACK COVER,TCB,"ASM-Pacific,Phoenix",Order to Demand,,469.8,25.0,3,0.375,202409,202601,16,False,0.0,0.0,0.0,False,0.0,0.0,,0.0,,0.0,,0.0,False,3,0.0,0.0,0.0,0.0,DORMANT,,,0.0,,0.0,,,0.0,,,0.0,,0.0,,,0.0
500220544,"(IES) CABLE COVER, FRONT",TCB,"ASM-Pacific,Phoenix",Order to Demand,,379.8,25.0,3,0.375,202409,202601,16,False,0.0,0.0,0.0,False,0.0,0.0,,0.0,,0.0,,0.0,False,3,0.0,0.0,0.0,0.0,DORMANT,,,0.0,,0.0,,,0.0,,,0.0,,0.0,,,0.0
500220545,"(IES) SIDE COVER FOR OT, LEFT",TCB,"ASM-Pacific,Phoenix",Order to Demand,,294.3,25.0,3,0.375,202409,202601,16,False,0.0,0.0,0.0,False,0.0,0.0,,0.0,,0.0,,0.0,False,3,0.0,0.0,0.0,0.0,DORMANT,,,0.0,,0.0,,,0.0,,,0.0,,0.0,,,0.0
500220546,"(IES) SIDE COVER FOR OT, RIGHT",TCB,"ASM-Pacific,Phoenix",Order to Demand,,294.3,25.0,3,0.375,202409,202601,16,False,0.0,0.0,0.0,False,0.0,0.0,,0.0,,0.0,,0.0,False,3,0.0,0.0,0.0,0.0,DORMANT,,,0.0,,0.0,,,0.0,,,0.0,,0.0,,,0.0
500220547,(IES) ENGAGE BRACKET FOR SIDE COVER,TCB,"ASM-Pacific,Phoenix",Order to Demand,,15.3,25.0,3,0.375,202409,202601,16,False,0.0,0.0,0.0,False,0.0,0.0,,0.0,,0.0,,0.0,False,3,0.0,0.0,0.0,0.0,DORMANT,,,0.0,,0.0,,,0.0,,,0.0,,0.0,,,0.0
500220548,(IES) SCREW WITH GROOVE,TCB,"ASM-Pacific,Phoenix;GENERIC",Order to Demand,,13.5,25.0,3,0.375,202409,202601,16,False,0.0,0.0,0.0,False,0.0,0.0,,0.0,,0.0,,0.0,False,3,0.0,0.0,0.0,0.0,DORMANT,,,0.0,,0.0,,,0.0,,,0.0,,0.0,,,0.0
500220549,"(IES) WINDOW COVER, REAR",TCB,"ASM-Pacific,Phoenix",Order to Demand,,88.2,25.0,3,0.375,202409,202601,16,False,0.0,0.0,0.0,False,0.0,0.0,,0.0,,0.0,,0.0,False,3,0.0,0.0,0.0,0.0,DORMANT,,,0.0,,0.0,,,0.0,,,0.0,,0.0,,,0.0
500220550,(IES) BACK COVER MOUNT,TCB,"ASM-Pacific,Phoenix",Order to Demand,,69.3,25.0,3,0.375,202409,202601,16,False,0.0,0.0,0.0,False,0.0,0.0,,0.0,,0.0,,0.0,False,3,0.0,0.0,0.0,0.0,DORMANT,,,0.0,,0.0,,,0.0,,,0.0,,0.0,,,0.0
500220551,"(IES) SIDE COVER, LEFT",TCB,"ASM-Pacific,Phoenix",Order to Demand,,245.7,25.0,3,0.375,202409,202601,16,False,0.0,0.0,0.0,False,0.0,0.0,,0.0,,0.0,,0.0,False,3,0.0,0.0,0.0,0.0,DORMANT,,,0.0,,0.0,,,0.0,,,0.0,,0.0,,,0.0
500220552,(IES) SIDE WINDOW COVER FOR DDL,TCB,"ASM-Pacific,Phoenix",Order to Demand,,34.2,25.0,3,0.375,202409,202601,16,False,0.0,0.0,0.0,False,0.0,0.0,,0.0,,0.0,,0.0,False,3,0.0,0.0,0.0,0.0,DORMANT,,,0.0,,0.0,,,0.0,,,0.0,,0.0,,,0.0
500220553,"(IES) SIDE COVER, RIGHT",TCB,"ASM-Pacific,Phoenix",Order to Demand,,245.7,25.0,3,0.375,202409,202601,16,False,0.0,0.0,0.0,False,0.0,0.0,,0.0,,0.0,,0.0,False,3,0.0,0.0,0.0,0.0,DORMANT,,,0.0,,0.0,,,0.0,,,0.0,,0.0,,,0.0
500220554,CATCH CLIP HFQ73-42,TCB,"ASM-Pacific,Phoenix",Order to Demand,,12.81,15.0,4,0.5,202407,202601,18,False,0.0,0.0,0.0,False,0.0,0.0,,0.0,,0.0,,0.0,False,4,0.0,0.0,0.0,0.0,DORMANT,0.0,,0.0,,0.0,,,0.0,0.0,,0.0,,0.0,,,0.0
500220555,"(IES) CEILING TACHE(DDL), RIGHT",TCB,"GENERIC;ASM-Pacific,Phoenix",Order to Demand,,42.3,25.0,3,0.375,202409,202601,16,False,0.0,0.0,0.0,False,0.0,0.0,,0.0,,0.0,,0.0,False,3,0.0,0.0,0.0,0.0,DORMANT,,,0.0,,0.0,,,0.0,,,0.0,,0.0,,,0.0
500220556,KNOB FOR M5 SCREW,TCB,"GENERIC;ASM-Pacific,Phoenix",Order to Demand,,0.9,70.0,3,0.375,202409,202601,16,False,0.0,0.0,0.0,False,0.0,0.0,,0.0,,0.0,,0.0,False,3,0.0,0.0,0.0,0.0,DORMANT,,,0.0,,0.0,,,0.0,,,0.0,,0.0,,,0.0
500220557,"DOOR,FRONT,IES,MACRO,INERT",TCB,"ASM-Pacific,Phoenix",Order to Demand,,4157.1,38.0,3,0.375,202409,202601,16,False,0.0,0.0,0.0,False,0.0,0.0,,0.0,,0.0,,0.0,False,3,0.0,0.0,0.0,0.0,DORMANT,,,0.0,,0.0,,,0.0,,,0.0,,0.0,,,0.0
500220558,"(IES) CEILING TACHE(DDL), LEFT",TCB,"ASM-Pacific,Phoenix;GENERIC",Order to Demand,,42.3,25.0,3,0.375,202409,202601,16,False,0.0,0.0,0.0,False,0.0,0.0,,0.0,,0.0,,0.0,False,3,0.0,0.0,0.0,0.0,DORMANT,,,0.0,,0.0,,,0.0,,,0.0,,0.0,,,0.0
500220559,"(IES) DOOR LOCK, LOWER",TCB,"ASM-Pacific,Phoenix",Order to Demand,,162.87,38.0,3,0.375,202409,202601,16,False,0.0,0.0,0.0,False,0.0,0.0,,0.0,,0.0,,0.0,False,3,0.0,0.0,0.0,0.0,DORMANT,,,0.0,,0.0,,,0.0,,,0.0,,0.0,,,0.0
500220560,MAGNET LOCK ELEC ASSY,TCB,"ASM-Pacific,Phoenix",Order to Demand,,81.7,47.0,3,0.375,202409,202601,16,False,0.0,0.0,0.0,False,0.0,0.0,,0.0,,0.0,,0.0,False,3,0.0,0.0,0.0,0.0,DORMANT,,,0.0,,0.0,,,0.0,,,0.0,,0.0,,,0.0
500220561,"(IES) DOOR LOCK, UPPER",TCB,"ASM-Pacific,Phoenix",Order to Demand,,162.6,38.0,3,0.375,202409,202601,16,False,0.0,0.0,0.0,False,0.0,0.0,,0.0,,0.0,,0.0,False,3,0.0,0.0,0.0,0.0,DORMANT,,,0.0,,0.0,,,0.0,,,0.0,,0.0,,,0.0
500220564,"(IES) FRONT DOOR, TOP BRACKET",TCB,"ASM-Pacific,Phoenix",Order to Demand,,221.4,25.0,3,0.375,202409,202601,16,False,0.0,0.0,0.0,False,0.0,0.0,,0.0,,0.0,,0.0,False,3,0.0,0.0,0.0,0.0,DORMANT,,,0.0,,0.0,,,0.0,,,0.0,,0.0,,,0.0
500220565,"(IES) SAFETY SENSOR PLATE, LEFT",TCB,"ASM-Pacific,Phoenix",Order to Demand,,40.5,25.0,3,0.375,202409,202601,16,False,0.0,0.0,0.0,False,0.0,0.0,,0.0,,0.0,,0.0,False,3,0.0,0.0,0.0,0.0,DORMANT,,,0.0,,0.0,,,0.0,,,0.0,,0.0,,,0.0
500220566,"(IES) SAFETY SENSOR PLATE, RIGHT",TCB,"ASM-Pacific,Phoenix",Order to Demand,,40.5,25.0,3,0.375,202409,202601,16,False,0.0,0.0,0.0,False,0.0,0.0,,0.0,,0.0,,0.0,False,3,0.0,0.0,0.0,0.0,DORMANT,,,0.0,,0.0,,,0.0,,,0.0,,0.0,,,0.0
500220567,(IES) LIGHTING MOUNT,TCB,"ASM-Pacific,Phoenix",Order to Demand,,58.5,25.0,3,0.375,202409,202601,16,False,0.0,0.0,0.0,False,0.0,0.0,,0.0,,0.0,,0.0,False,3,0.0,0.0,0.0,0.0,DORMANT,,,0.0,,0.0,,,0.0,,,0.0,,0.0,,,0.0
500220568,(IES) LIMIT BLOCK FOR FRONT DOOR,TCB,"ASM-Pacific,Phoenix",Order to Demand,,31.5,25.0,3,0.375,202409,202601,16,False,0.0,0.0,0.0,False,0.0,0.0,,0.0,,0.0,,0.0,False,3,0.0,0.0,0.0,0.0,DORMANT,,,0.0,,0.0,,,0.0,,,0.0,,0.0,,,0.0
500220569,"(IES) KEY NOTCH, LOWER",TCB,"ASM-Pacific,Phoenix",Order to Demand,,32.4,25.0,3,0.375,202409,202601,16,False,0.0,0.0,0.0,False,0.0,0.0,,0.0,,0.0,,0.0,False,3,0.0,0.0,0.0,0.0,DORMANT,,,0.0,,0.0,,,0.0,,,0.0,,0.0,,,0.0
500220570,"(IES) KEY NOTCH, UPPER",TCB,"ASM-Pacific,Phoenix",Order to Demand,,32.4,25.0,3,0.375,202409,202601,16,False,0.0,0.0,0.0,False,0.0,0.0,,0.0,,0.0,,0.0,False,3,0.0,0.0,0.0,0.0,DORMANT,,,0.0,,0.0,,,0.0,,,0.0,,0.0,,,0.0
500220571,(IES) L-BRACKET FOR TUBE ADAPTOR,TCB,"ASM-Pacific,Phoenix",Order to Demand,,10.8,25.0,3,0.375,202409,202601,16,False,0.0,0.0,0.0,False,0.0,0.0,,0.0,,0.0,,0.0,False,3,0.0,0.0,0.0,0.0,DORMANT,,,0.0,,0.0,,,0.0,,,0.0,,0.0,,,0.0
500220572,"(IES) ARMATURE FOR DOOR LOCK, LEFT",TCB,"ASM-Pacific,Phoenix",Order to Demand,,54.0,25.0,3,0.375,202409,202601,16,False,0.0,0.0,0.0,False,0.0,0.0,,0.0,,0.0,,0.0,False,3,0.0,0.0,0.0,0.0,DORMANT,,,0.0,,0.0,,,0.0,,,0.0,,0.0,,,0.0
500220573,(IES) NUT PLATE FOR TUBE ADAPTOR,TCB,"ASM-Pacific,Phoenix",Order to Demand,,5.4,25.0,3,0.375,202409,202601,16,False,0.0,0.0,0.0,False,0.0,0.0,,0.0,,0.0,,0.0,False,3,0.0,0.0,0.0,0.0,DORMANT,,,0.0,,0.0,,,0.0,,,0.0,,0.0,,,0.0
500220574,(IES) PROTECTIVE GUARD FOR MAGNETIC LOCK,TCB,"ASM-Pacific,Phoenix",Order to Demand,,30.6,25.0,3,0.375,202409,202601,16,False,0.0,0.0,0.0,False,0.0,0.0,,0.0,,0.0,,0.0,False,3,0.0,0.0,0.0,0.0,DORMANT,,,0.0,,0.0,,,0.0,,,0.0,,0.0,,,0.0
500220575,"(IES) FRONT COVER WITH WINDOW, V3",TCB,"ASM-Pacific,Phoenix",Order to Demand,,175.5,25.0,3,0.375,202409,202601,16,False,0.0,0.0,0.0,False,0.0,0.0,,0.0,,0.0,,0.0,False,3,0.0,0.0,0.0,0.0,DORMANT,,,0.0,,0.0,,,0.0,,,0.0,,0.0,,,0.0
500220576,(IES) L-BRACKET FOR MAGNETIC LOCK,TCB,"ASM-Pacific,Phoenix",Order to Demand,,27.0,25.0,3,0.375,202409,202601,16,False,0.0,0.0,0.0,False,0.0,0.0,,0.0,,0.0,,0.0,False,3,0.0,0.0,0.0,0.0,DORMANT,,,0.0,,0.0,,,0.0,,,0.0,,0.0,,,0.0
500220577,"(IES) ARMATURE FOR DOOR LOCK, RIGHT",TCB,"ASM-Pacific,Phoenix",Order to Demand,,54.0,25.0,3,0.375,202409,202601,16,False,0.0,0.0,0.0,False,0.0,0.0,,0.0,,0.0,,0.0,False,3,0.0,0.0,0.0,0.0,DORMANT,,,0.0,,0.0,,,0.0,,,0.0,,0.0,,,0.0
500220578,(IES) FRONT COVER HANDLE 2,TCB,"ASM-Pacific,Phoenix",Order to Demand,,26.25,70.0,3,0.375,202409,202601,16,False,0.0,0.0,0.0,False,0.0,0.0,,0.0,,0.0,,0.0,False,3,0.0,0.0,0.0,0.0,DORMANT,,,0.0,,0.0,,,0.0,,,0.0,,0.0,,,0.0
500220579,STAINLESS FLAT TORQUE HINGE B-1109-3,TCB,"ASM-Pacific,Phoenix",Order to Demand,,25.63,25.0,4,0.5,202407,202601,18,False,0.0,0.0,0.0,False,0.0,0.0,,0.0,,0.0,,0.0,False,4,0.0,0.0,0.0,0.0,DORMANT,0.0,,0.0,,0.0,,,0.0,0.0,,0.0,,0.0,,,0.0
500220621,(IES) CONDENSER (G2) AND DUCT,TCB,"ASM-Pacific,Phoenix",Order to Demand,,5052.6,25.0,3,0.375,202409,202601,16,False,0.0,0.0,0.0,False,0.0,0.0,,0.0,,0.0,,0.0,False,3,0.0,0.0,0.0,0.0,DORMANT,,,0.0,,0.0,,,0.0,,,0.0,,0.0,,,0.0
500220622,"WINDOW,BONDING EXHAUST,BEW,IES,FLUX",TCB,"GENERIC;ASM-Pacific,Phoenix",Order to Demand,,3244.05,25.0,3,0.375,202409,202601,16,False,0.0,0.0,0.0,False,0.0,0.0,,0.0,,0.0,,0.0,False,3,0.0,0.0,0.0,0.0,DORMANT,,,0.0,,0.0,,,0.0,,,0.0,,0.0,,,0.0
500220623,"(IES) EXH, LINE-VAC & UNION ASSY",TCB,"ASM-Pacific,Phoenix",Order to Demand,,1009.8,25.0,3,0.375,202409,202601,16,False,0.0,0.0,0.0,False,0.0,0.0,,0.0,,0.0,,0.0,False,3,0.0,0.0,0.0,0.0,DORMANT,,,0.0,,0.0,,,0.0,,,0.0,,0.0,,,0.0
500220624,(IES) CDS EXTENDED DUCT & VALVE ASSY,TCB,"ASM-Pacific,Phoenix",Order to Demand,,952.2,25.0,3,0.375,202409,202601,16,False,0.0,0.0,0.0,False,0.0,0.0,,0.0,,0.0,,0.0,False,3,0.0,0.0,0.0,0.0,DORMANT,,,0.0,,0.0,,,0.0,,,0.0,,0.0,,,0.0
500220625,(IES) CDS EXH DUCT WITH 2ND CDS ASSY,TCB,"ASM-Pacific,Phoenix",Order to Demand,,705.6,25.0,3,0.375,202409,202601,16,False,0.0,0.0,0.0,False,0.0,0.0,,0.0,,0.0,,0.0,False,3,0.0,0.0,0.0,0.0,DORMANT,,,0.0,,0.0,,,0.0,,,0.0,,0.0,,,0.0
500220626,"(IES)CDS, EXH. VALVE ASSY",TCB,"ASM-Pacific,Phoenix;GENERIC",Order to Demand,,518.4,25.0,3,0.375,202409,202601,16,False,0.0,0.0,0.0,False,0.0,0.0,,0.0,,0.0,,0.0,False,3,0.0,0.0,0.0,0.0,DORMANT,,,0.0,,0.0,,,0.0,,,0.0,,0.0,,,0.0
500220627,"ENVIRONEMTN, CORE,INERT,CIE,G2,IES",TCB,"ASM-Pacific,Phoenix",Order to Demand,,5512.5,91.0,3,0.375,202409,202601,16,False,0.0,0.0,0.0,False,0.0,0.0,,0.0,,0.0,,0.0,False,3,0.0,0.0,0.0,0.0,DORMANT,,,0.0,,0.0,,,0.0,,,0.0,,0.0,,,0.0
500220628,(IES) PRE HEAT SLIDE COVER LEFT,TCB,"ASM-Pacific,Phoenix",Order to Demand,,5472.9,25.0,3,0.375,202409,202601,16,False,0.0,0.0,0.0,False,0.0,0.0,,0.0,,0.0,,0.0,False,3,0.0,0.0,0.0,0.0,DORMANT,,,0.0,,0.0,,,0.0,,,0.0,,0.0,,,0.0
500220629,(IES) PRE HEAT SLIDE COVER,TCB,"ASM-Pacific,Phoenix",Order to Demand,,14952.6,25.0,3,0.375,202409,202601,16,False,0.0,0.0,0.0,False,0.0,0.0,,0.0,,0.0,,0.0,False,3,0.0,0.0,0.0,0.0,DORMANT,,,0.0,,0.0,,,0.0,,,0.0,,0.0,,,0.0
500220630,(IES) PH FRONT EXH DUCT ASSY LEFT (G2),TCB,"ASM-Pacific,Phoenix",Order to Demand,,299.7,25.0,3,0.375,202409,202601,16,False,0.0,0.0,0.0,False,0.0,0.0,,0.0,,0.0,,0.0,False,3,0.0,0.0,0.0,0.0,DORMANT,,,0.0,,0.0,,,0.0,,,0.0,,0.0,,,0.0
500220631,(IES) PH COVER Y-SHUTTLE BASE ASSY LEFT,TCB,"ASM-Pacific,Phoenix",Order to Demand,,2790.0,25.0,3,0.375,202409,202601,16,False,0.0,0.0,0.0,False,0.0,0.0,,0.0,,0.0,,0.0,False,3,0.0,0.0,0.0,0.0,DORMANT,,,0.0,,0.0,,,0.0,,,0.0,,0.0,,,0.0
500220632,(IES) PRE HEAT SLIDE COVER RIGHT,TCB,"ASM-Pacific,Phoenix",Order to Demand,,5468.4,25.0,3,0.375,202409,202601,16,False,0.0,0.0,0.0,False,0.0,0.0,,0.0,,0.0,,0.0,False,3,0.0,0.0,0.0,0.0,DORMANT,,,0.0,,0.0,,,0.0,,,0.0,,0.0,,,0.0
500220633,(IES) PH COVER Y-SHUTTLE BASE ASSY RIGHT,TCB,"ASM-Pacific,Phoenix",Order to Demand,,2789.1,25.0,3,0.375,202409,202601,16,False,0.0,0.0,0.0,False,0.0,0.0,,0.0,,0.0,,0.0,False,3,0.0,0.0,0.0,0.0,DORMANT,,,0.0,,0.0,,,0.0,,,0.0,,0.0,,,0.0
500220634,(IES) PH FRONT EXH DUCT ASSY RIGH (G2),TCB,"ASM-Pacific,Phoenix",Order to Demand,,296.1,25.0,3,0.375,202409,202601,16,False,0.0,0.0,0.0,False,0.0,0.0,,0.0,,0.0,,0.0,False,3,0.0,0.0,0.0,0.0,DORMANT,,,0.0,,0.0,,,0.0,,,0.0,,0.0,,,0.0
500220635,(DFH) DNL DOCKING UNIT,TCB,"ASM-Pacific,Phoenix",Order to Demand,,6859.8,25.0,3,0.375,202409,202601,16,False,0.0,0.0,0.0,False,0.0,0.0,,0.0,,0.0,,0.0,False,3,0.0,0.0,0.0,0.0,DORMANT,,,0.0,,0.0,,,0.0,,,0.0,,0.0,,,0.0
500220636,(DFH) DNL MECH ASSY,TCB,"ASM-Pacific,Phoenix",Order to Demand,,8024.4,25.0,3,0.375,202409,202601,16,False,0.0,0.0,0.0,False,0.0,0.0,,0.0,,0.0,,0.0,False,3,0.0,0.0,0.0,0.0,DORMANT,,,0.0,,0.0,,,0.0,,,0.0,,0.0,,,0.0
500220637,DFH SIDE GUIDE,TCB,"ASM-Pacific,Phoenix",Order to Demand,,84.6,25.0,3,0.375,202409,202601,16,False,0.0,0.0,0.0,False,0.0,0.0,,0.0,,0.0,,0.0,False,3,0.0,0.0,0.0,0.0,DORMANT,,,0.0,,0.0,,,0.0,,,0.0,,0.0,,,0.0
500220638,(CAH) DNL MECH ASSY,TCB,"ASM-Pacific,Phoenix",Order to Demand,,9954.9,25.0,3,0.375,202409,202601,16,False,0.0,0.0,0.0,False,0.0,0.0,,0.0,,0.0,,0.0,False,3,0.0,0.0,0.0,0.0,DORMANT,,,0.0,,0.0,,,0.0,,,0.0,,0.0,,,0.0
500220639,CHAMFER BLOCK C,TCB,"ASM-Pacific,Phoenix",Order to Demand,,78.3,25.0,3,0.375,202409,202601,16,False,0.0,0.0,0.0,False,0.0,0.0,,0.0,,0.0,,0.0,False,3,0.0,0.0,0.0,0.0,DORMANT,,,0.0,,0.0,,,0.0,,,0.0,,0.0,,,0.0
500220640,SIDE GUIDE BAR,TCB,"ASM-Pacific,Phoenix",Order to Demand,,56.7,25.0,3,0.375,202409,202601,16,False,0.0,0.0,0.0,False,0.0,0.0,,0.0,,0.0,,0.0,False,3,0.0,0.0,0.0,0.0,DORMANT,,,0.0,,0.0,,,0.0,,,0.0,,0.0,,,0.0
500220641,DNL DOCKING UNIT LEFT,TCB,"ASM-Pacific,Phoenix",Order to Demand,,3226.5,25.0,3,0.375,202409,202601,16,False,0.0,0.0,0.0,False,0.0,0.0,,0.0,,0.0,,0.0,False,3,0.0,0.0,0.0,0.0,DORMANT,,,0.0,,0.0,,,0.0,,,0.0,,0.0,,,0.0
500220642,CHAMFER BLOCK B,TCB,"ASM-Pacific,Phoenix",Order to Demand,,59.4,25.0,3,0.375,202409,202601,16,False,0.0,0.0,0.0,False,0.0,0.0,,0.0,,0.0,,0.0,False,3,0.0,0.0,0.0,0.0,DORMANT,,,0.0,,0.0,,,0.0,,,0.0,,0.0,,,0.0
500220643,DNL BASE PLATE LEFT,TCB,"ASM-Pacific,Phoenix",Order to Demand,,936.0,25.0,3,0.375,202409,202601,16,False,0.0,0.0,0.0,False,0.0,0.0,,0.0,,0.0,,0.0,False,3,0.0,0.0,0.0,0.0,DORMANT,,,0.0,,0.0,,,0.0,,,0.0,,0.0,,,0.0
500220644,DOCK CYL SNR CABLE ASSY,TCB,"ASM-Pacific,Phoenix",Order to Demand,,160.2,25.0,3,0.375,202409,202601,16,False,0.0,0.0,0.0,False,0.0,0.0,,0.0,,0.0,,0.0,False,3,0.0,0.0,0.0,0.0,DORMANT,,,0.0,,0.0,,,0.0,,,0.0,,0.0,,,0.0
500220645,DNL PROFILE GUIDE A,TCB,"ASM-Pacific,Phoenix",Order to Demand,,688.5,25.0,3,0.375,202409,202601,16,False,0.0,0.0,0.0,False,0.0,0.0,,0.0,,0.0,,0.0,False,3,0.0,0.0,0.0,0.0,DORMANT,,,0.0,,0.0,,,0.0,,,0.0,,0.0,,,0.0
500220646,DNL LOCKING HOOK A,TCB,"ASM-Pacific,Phoenix",Order to Demand,,171.0,25.0,3,0.375,202409,202601,16,False,0.0,0.0,0.0,False,0.0,0.0,,0.0,,0.0,,0.0,False,3,0.0,0.0,0.0,0.0,DORMANT,,,0.0,,0.0,,,0.0,,,0.0,,0.0,,,0.0
500220647,DNL HANDLE A,TCB,"ASM-Pacific,Phoenix",Order to Demand,,24.3,25.0,3,0.375,202409,202601,16,False,0.0,0.0,0.0,False,0.0,0.0,,0.0,,0.0,,0.0,False,3,0.0,0.0,0.0,0.0,DORMANT,,,0.0,,0.0,,,0.0,,,0.0,,0.0,,,0.0
500220648,DNL PILOT PIN BLK A,TCB,"ASM-Pacific,Phoenix",Order to Demand,,91.8,25.0,3,0.375,202409,202601,16,False,0.0,0.0,0.0,False,0.0,0.0,,0.0,,0.0,,0.0,False,3,0.0,0.0,0.0,0.0,DORMANT,,,0.0,,0.0,,,0.0,,,0.0,,0.0,,,0.0
500220649,DNL HANDLE COVER A,TCB,"ASM-Pacific,Phoenix",Order to Demand,,26.1,25.0,3,0.375,202409,202601,16,False,0.0,0.0,0.0,False,0.0,0.0,,0.0,,0.0,,0.0,False,3,0.0,0.0,0.0,0.0,DORMANT,,,0.0,,0.0,,,0.0,,,0.0,,0.0,,,0.0
500220650,DNL DOCKING UNIT RIGHT,TCB,"ASM-Pacific,Phoenix;GENERIC",Order to Demand,,3267.0,25.0,3,0.375,202409,202601,16,False,0.0,0.0,0.0,False,0.0,0.0,,0.0,,0.0,,0.0,False,3,0.0,0.0,0.0,0.0,DORMANT,,,0.0,,0.0,,,0.0,,,0.0,,0.0,,,0.0
500220651,DNL BASE PLATE RIGHT,TCB,"ASM-Pacific,Phoenix",Order to Demand,,960.3,25.0,3,0.375,202409,202601,16,False,0.0,0.0,0.0,False,0.0,0.0,,0.0,,0.0,,0.0,False,3,0.0,0.0,0.0,0.0,DORMANT,,,0.0,,0.0,,,0.0,,,0.0,,0.0,,,0.0
500220652,DNL COMPENSATION PLATE (DFH),TCB,"ASM-Pacific,Phoenix",Order to Demand,,35.1,25.0,3,0.375,202409,202601,16,False,0.0,0.0,0.0,False,0.0,0.0,,0.0,,0.0,,0.0,False,3,0.0,0.0,0.0,0.0,DORMANT,,,0.0,,0.0,,,0.0,,,0.0,,0.0,,,0.0
500220653,DOCK CYL SNR CABLE ASSY,TCB,"ASM-Pacific,Phoenix",Order to Demand,,166.6,25.0,3,0.375,202409,202601,16,False,0.0,0.0,0.0,False,0.0,0.0,,0.0,,0.0,,0.0,False,3,0.0,0.0,0.0,0.0,DORMANT,,,0.0,,0.0,,,0.0,,,0.0,,0.0,,,0.0
500220654,DNL HOOK PIVOT WASHER,TCB,"ASM-Pacific,Phoenix;GENERIC",Order to Demand,,10.8,25.0,3,0.375,202409,202601,16,False,0.0,0.0,0.0,False,0.0,0.0,,0.0,,0.0,,0.0,False,3,0.0,0.0,0.0,0.0,DORMANT,,,0.0,,0.0,,,0.0,,,0.0,,0.0,,,0.0
500220655,"BEARING,BALL,5X10X4,DNL",TCB,"ASM-Pacific,Firebird;ASM-Pacific,Phoenix",Order to Demand,shared with XG756,2.8,15.0,4,0.5,202407,202601,18,False,0.0,0.0,0.0,False,0.0,0.0,,0.0,,0.0,,0.0,False,4,0.0,0.0,0.0,0.0,DORMANT,0.0,,0.0,,0.0,,,0.0,0.0,,0.0,,0.0,,,0.0
500220656,DNL PROFILE GUIDE B,TCB,"ASM-Pacific,Phoenix",Order to Demand,,674.1,25.0,3,0.375,202409,202601,16,False,0.0,0.0,0.0,False,0.0,0.0,,0.0,,0.0,,0.0,False,3,0.0,0.0,0.0,0.0,DORMANT,,,0.0,,0.0,,,0.0,,,0.0,,0.0,,,0.0
500220657,DNL LOCKING HOOK B,TCB,"ASM-Pacific,Phoenix",Order to Demand,,97.2,25.0,3,0.375,202409,202601,16,False,0.0,0.0,0.0,False,0.0,0.0,,0.0,,0.0,,0.0,False,3,0.0,0.0,0.0,0.0,DORMANT,,,0.0,,0.0,,,0.0,,,0.0,,0.0,,,0.0
500220658,DNL HOOK PIVOT,TCB,"ASM-Pacific,Phoenix",Order to Demand,,13.5,25.0,3,0.375,202409,202601,16,False,0.0,0.0,0.0,False,0.0,0.0,,0.0,,0.0,,0.0,False,3,0.0,0.0,0.0,0.0,DORMANT,,,0.0,,0.0,,,0.0,,,0.0,,0.0,,,0.0
500220659,DNL LOCATING BULLET,TCB,"ASM-Pacific,Phoenix",Order to Demand,,23.4,25.0,3,0.375,202409,202601,16,False,0.0,0.0,0.0,False,0.0,0.0,,0.0,,0.0,,0.0,False,3,0.0,0.0,0.0,0.0,DORMANT,,,0.0,,0.0,,,0.0,,,0.0,,0.0,,,0.0
500220660,DNL PILOT PIN BLK B,TCB,"ASM-Pacific,Phoenix",Order to Demand,,90.0,25.0,3,0.375,202409,202601,16,False,0.0,0.0,0.0,False,0.0,0.0,,0.0,,0.0,,0.0,False,3,0.0,0.0,0.0,0.0,DORMANT,,,0.0,,0.0,,,0.0,,,0.0,,0.0,,,0.0
500220661,DNL RESTRICTION HOOK,TCB,"ASM-Pacific,Phoenix",Order to Demand,,8.1,25.0,3,0.375,202409,202601,16,False,0.0,0.0,0.0,False,0.0,0.0,,0.0,,0.0,,0.0,False,3,0.0,0.0,0.0,0.0,DORMANT,,,0.0,,0.0,,,0.0,,,0.0,,0.0,,,0.0
500220662,DNL LINKAGE,TCB,"ASM-Pacific,Phoenix",Order to Demand,,7.2,25.0,3,0.375,202409,202601,16,False,0.0,0.0,0.0,False,0.0,0.0,,0.0,,0.0,,0.0,False,3,0.0,0.0,0.0,0.0,DORMANT,,,0.0,,0.0,,,0.0,,,0.0,,0.0,,,0.0
500220663,DNL HANDLE B,TCB,"ASM-Pacific,Phoenix",Order to Demand,,24.3,25.0,3,0.375,202409,202601,16,False,0.0,0.0,0.0,False,0.0,0.0,,0.0,,0.0,,0.0,False,3,0.0,0.0,0.0,0.0,DORMANT,,,0.0,,0.0,,,0.0,,,0.0,,0.0,,,0.0
500220664,DNL HANDLE COVER B,TCB,"ASM-Pacific,Phoenix",Order to Demand,,26.1,25.0,3,0.375,202409,202601,16,False,0.0,0.0,0.0,False,0.0,0.0,,0.0,,0.0,,0.0,False,3,0.0,0.0,0.0,0.0,DORMANT,,,0.0,,0.0,,,0.0,,,0.0,,0.0,,,0.0
500220665,DNL AXIAL FOOT FOR CYLINDER,TCB,"ASM-Pacific,Phoenix",Order to Demand,,136.8,25.0,3,0.375,202409,202601,16,False,0.0,0.0,0.0,False,0.0,0.0,,0.0,,0.0,,0.0,False,3,0.0,0.0,0.0,0.0,DORMANT,,,0.0,,0.0,,,0.0,,,0.0,,0.0,,,0.0
500220666,DNL PILOT PIN PLATE,TCB,"ASM-Pacific,Phoenix",Order to Demand,,46.8,25.0,3,0.375,202409,202601,16,False,0.0,0.0,0.0,False,0.0,0.0,,0.0,,0.0,,0.0,False,3,0.0,0.0,0.0,0.0,DORMANT,,,0.0,,0.0,,,0.0,,,0.0,,0.0,,,0.0
500220667,DNL ROLLER GUIDE,TCB,"ASM-Pacific,Phoenix",Order to Demand,,40.5,25.0,3,0.375,202409,202601,16,False,0.0,0.0,0.0,False,0.0,0.0,,0.0,,0.0,,0.0,False,3,0.0,0.0,0.0,0.0,DORMANT,,,0.0,,0.0,,,0.0,,,0.0,,0.0,,,0.0
500220668,DNL KNUCKLE JOINT FOR CYLINDER,TCB,"ASM-Pacific,Phoenix",Order to Demand,,36.9,25.0,3,0.375,202409,202601,16,False,0.0,0.0,0.0,False,0.0,0.0,,0.0,,0.0,,0.0,False,3,0.0,0.0,0.0,0.0,DORMANT,,,0.0,,0.0,,,0.0,,,0.0,,0.0,,,0.0
500220669,DNL LINKAGE PIN A,TCB,"ASM-Pacific,Phoenix",Order to Demand,,9.0,25.0,3,0.375,202409,202601,16,False,0.0,0.0,0.0,False,0.0,0.0,,0.0,,0.0,,0.0,False,3,0.0,0.0,0.0,0.0,DORMANT,,,0.0,,0.0,,,0.0,,,0.0,,0.0,,,0.0
500220670,DNL LINKAGE WASHER,TCB,"GENERIC;ASM-Pacific,Phoenix",Order to Demand,,4.5,25.0,3,0.375,202409,202601,16,False,0.0,0.0,0.0,False,0.0,0.0,,0.0,,0.0,,0.0,False,3,0.0,0.0,0.0,0.0,DORMANT,,,0.0,,0.0,,,0.0,,,0.0,,0.0,,,0.0
500220671,DNL GROOVE PIN,TCB,"ASM-Pacific,Phoenix",Order to Demand,,7.2,25.0,3,0.375,202409,202601,16,False,0.0,0.0,0.0,False,0.0,0.0,,0.0,,0.0,,0.0,False,3,0.0,0.0,0.0,0.0,DORMANT,,,0.0,,0.0,,,0.0,,,0.0,,0.0,,,0.0
500220672,DNL LINKAGE PIN B,TCB,"ASM-Pacific,Phoenix",Order to Demand,,9.0,25.0,3,0.375,202409,202601,16,False,0.0,0.0,0.0,False,0.0,0.0,,0.0,,0.0,,0.0,False,3,0.0,0.0,0.0,0.0,DORMANT,,,0.0,,0.0,,,0.0,,,0.0,,0.0,,,0.0
500220673,DNL BEARING SHAFT,TCB,"GENERIC;ASM-Pacific,Phoenix",Order to Demand,,5.4,25.0,3,0.375,202409,202601,16,False,0.0,0.0,0.0,False,0.0,0.0,,0.0,,0.0,,0.0,False,3,0.0,0.0,0.0,0.0,DORMANT,,,0.0,,0.0,,,0.0,,,0.0,,0.0,,,0.0
500220674,DNL BEARING WASHER,TCB,"ASM-Pacific,Phoenix;GENERIC",Order to Demand,,4.5,25.0,3,0.375,202409,202601,16,False,0.0,0.0,0.0,False,0.0,0.0,,0.0,,0.0,,0.0,False,3,0.0,0.0,0.0,0.0,DORMANT,,,0.0,,0.0,,,0.0,,,0.0,,0.0,,,0.0
500220675,DNL PLASTIC GUIDE,TCB,"ASM-Pacific,Phoenix",Order to Demand,,285.3,25.0,3,0.375,202409,202601,16,False,0.0,0.0,0.0,False,0.0,0.0,,0.0,,0.0,,0.0,False,3,0.0,0.0,0.0,0.0,DORMANT,,,0.0,,0.0,,,0.0,,,0.0,,0.0,,,0.0
500220676,DNL SETUP BLOCK B,TCB,"ASM-Pacific,Phoenix",Order to Demand,,42.3,25.0,3,0.375,202409,202601,16,False,0.0,0.0,0.0,False,0.0,0.0,,0.0,,0.0,,0.0,False,3,0.0,0.0,0.0,0.0,DORMANT,,,0.0,,0.0,,,0.0,,,0.0,,0.0,,,0.0
500220677,"BLOCK,ALIGNMENT,DOCKING,DNL",TCB,"ASM-Pacific,Phoenix",Order to Demand,,63.0,25.0,3,0.375,202409,202601,16,False,0.0,0.0,0.0,False,0.0,0.0,,0.0,,0.0,,0.0,False,3,0.0,0.0,0.0,0.0,DORMANT,,,0.0,,0.0,,,0.0,,,0.0,,0.0,,,0.0
500220678,ONE-TOUCH FITTING KQ2S06-M5A,TCB,"ASM-Pacific,Phoenix",Order to Demand,,4.0,25.0,3,0.375,202409,202601,16,False,0.0,0.0,0.0,False,0.0,0.0,,0.0,,0.0,,0.0,False,3,0.0,0.0,0.0,0.0,DORMANT,,,0.0,,0.0,,,0.0,,,0.0,,0.0,,,0.0
500220679,DOWEL PIN D5X10,TCB,"ASM-Pacific,Firebird;ASM-Pacific,Phoenix",Order to Demand,shared with XG756,1.2,25.0,5,0.625,202407,202601,18,False,0.0,0.0,0.0,False,0.0,0.0,,0.0,,0.0,,0.0,False,5,0.0,0.0,0.0,0.0,DORMANT,0.0,0.0,0.0,,0.0,,,0.0,0.0,0.0,0.0,,0.0,,,0.0
500220680,DNL SETUP BLOCK A,TCB,"ASM-Pacific,Phoenix",Order to Demand,,43.2,25.0,3,0.375,202409,202601,16,False,0.0,0.0,0.0,False,0.0,0.0,,0.0,,0.0,,0.0,False,3,0.0,0.0,0.0,0.0,DORMANT,,,0.0,,0.0,,,0.0,,,0.0,,0.0,,,0.0
500220681,CAH DOCKING INSERT ASSY,TCB,"ASM-Pacific,Phoenix",Order to Demand,,2702.7,25.0,3,0.375,202409,202601,16,False,0.0,0.0,0.0,False,0.0,0.0,,0.0,,0.0,,0.0,False,3,0.0,0.0,0.0,0.0,DORMANT,,,0.0,,0.0,,,0.0,,,0.0,,0.0,,,0.0
500220682,CHAMFER BLOCK,TCB,"ASM-Pacific,Phoenix",Order to Demand,,50.4,25.0,3,0.375,202409,202601,16,False,0.0,0.0,0.0,False,0.0,0.0,,0.0,,0.0,,0.0,False,3,0.0,0.0,0.0,0.0,DORMANT,,,0.0,,0.0,,,0.0,,,0.0,,0.0,,,0.0
500220683,Z PARKING PAD,TCB,"ASM-Pacific,Phoenix",Order to Demand,,30.6,25.0,3,0.375,202409,202601,16,False,0.0,0.0,0.0,False,0.0,0.0,,0.0,,0.0,,0.0,False,3,0.0,0.0,0.0,0.0,DORMANT,,,0.0,,0.0,,,0.0,,,0.0,,0.0,,,0.0
500220684,HEX NUT M6                        [10C2],TCB,"ASM-Pacific,Phoenix",Order to Demand,,0.9,25.0,3,0.375,202409,202601,16,False,0.0,0.0,0.0,False,0.0,0.0,,0.0,,0.0,,0.0,False,3,0.0,0.0,0.0,0.0,DORMANT,,,0.0,,0.0,,,0.0,,,0.0,,0.0,,,0.0
500220685,DOWEL PIN D6 X L16,TCB,"ASM-Pacific,Phoenix",Order to Demand,shared with XG756,0.8,15.0,4,0.5,202407,202601,18,False,0.0,0.0,0.0,False,0.0,0.0,,0.0,,0.0,,0.0,False,4,0.0,0.0,0.0,0.0,DORMANT,0.0,,0.0,,0.0,,,0.0,0.0,,0.0,,0.0,,,0.0
500220686,BEARING WASHER A,TCB,"GENERIC;ASM-Pacific,Phoenix",Order to Demand,,8.1,25.0,3,0.375,202409,202601,16,False,0.0,0.0,0.0,False,0.0,0.0,,0.0,,0.0,,0.0,False,3,0.0,0.0,0.0,0.0,DORMANT,,,0.0,,0.0,,,0.0,,,0.0,,0.0,,,0.0
500220687,DOWEL PIN D8 X L16,TCB,"ASM-Pacific,Phoenix;ASM-Pacific,Firebird",Order to Demand,shared with XG756,19.22,15.0,3,0.375,202409,202601,16,False,0.0,0.0,0.0,False,0.0,0.0,,0.0,,0.0,,0.0,False,3,0.0,0.0,0.0,0.0,DORMANT,,,0.0,,0.0,,,0.0,,,0.0,,0.0,,,0.0
500220688,CAH SIDE GUIDE,TCB,"ASM-Pacific,Phoenix",Order to Demand,,138.6,25.0,3,0.375,202409,202601,16,False,0.0,0.0,0.0,False,0.0,0.0,,0.0,,0.0,,0.0,False,3,0.0,0.0,0.0,0.0,DORMANT,,,0.0,,0.0,,,0.0,,,0.0,,0.0,,,0.0
500220689,BEARING WASHER B,TCB,"GENERIC;ASM-Pacific,Phoenix",Order to Demand,,8.1,25.0,3,0.375,202409,202601,16,False,0.0,0.0,0.0,False,0.0,0.0,,0.0,,0.0,,0.0,False,3,0.0,0.0,0.0,0.0,DORMANT,,,0.0,,0.0,,,0.0,,,0.0,,0.0,,,0.0
500220690,BEARING SHAFT B,TCB,"GENERIC;ASM-Pacific,Phoenix",Order to Demand,,24.3,25.0,3,0.375,202409,202601,16,False,0.0,0.0,0.0,False,0.0,0.0,,0.0,,0.0,,0.0,False,3,0.0,0.0,0.0,0.0,DORMANT,,,0.0,,0.0,,,0.0,,,0.0,,0.0,,,0.0
500220691,BEARING SHAFT A,TCB,"ASM-Pacific,Phoenix",Order to Demand,,14.4,25.0,3,0.375,202409,202601,16,False,0.0,0.0,0.0,False,0.0,0.0,,0.0,,0.0,,0.0,False,3,0.0,0.0,0.0,0.0,DORMANT,,,0.0,,0.0,,,0.0,,,0.0,,0.0,,,0.0
500220692,LOCATING BLOCK A,TCB,"ASM-Pacific,Phoenix",Order to Demand,,36.9,25.0,3,0.375,202409,202601,16,False,0.0,0.0,0.0,False,0.0,0.0,,0.0,,0.0,,0.0,False,3,0.0,0.0,0.0,0.0,DORMANT,,,0.0,,0.0,,,0.0,,,0.0,,0.0,,,0.0
500220693,LOCATING BLOCK B,TCB,"ASM-Pacific,Phoenix",Order to Demand,,70.2,25.0,3,0.375,202409,202601,16,False,0.0,0.0,0.0,False,0.0,0.0,,0.0,,0.0,,0.0,False,3,0.0,0.0,0.0,0.0,DORMANT,,,0.0,,0.0,,,0.0,,,0.0,,0.0,,,0.0
500220694,BEARING SPACER,TCB,"GENERIC;ASM-Pacific,Phoenix",Order to Demand,,8.1,25.0,3,0.375,202409,202601,16,False,0.0,0.0,0.0,False,0.0,0.0,,0.0,,0.0,,0.0,False,3,0.0,0.0,0.0,0.0,DORMANT,,,0.0,,0.0,,,0.0,,,0.0,,0.0,,,0.0
500220695,STEP RING FOR LIMIT GUARD,TCB,"ASM-Pacific,Phoenix",Order to Demand,,10.8,25.0,3,0.375,202409,202601,16,False,0.0,0.0,0.0,False,0.0,0.0,,0.0,,0.0,,0.0,False,3,0.0,0.0,0.0,0.0,DORMANT,,,0.0,,0.0,,,0.0,,,0.0,,0.0,,,0.0
500220696,LIMIT GUIDE SHT METAL,TCB,"ASM-Pacific,Phoenix",Order to Demand,,14.4,25.0,3,0.375,202409,202601,16,False,0.0,0.0,0.0,False,0.0,0.0,,0.0,,0.0,,0.0,False,3,0.0,0.0,0.0,0.0,DORMANT,,,0.0,,0.0,,,0.0,,,0.0,,0.0,,,0.0
500220697,LOCKING SHT METAL,TCB,"ASM-Pacific,Phoenix",Order to Demand,,16.2,25.0,3,0.375,202409,202601,16,False,0.0,0.0,0.0,False,0.0,0.0,,0.0,,0.0,,0.0,False,3,0.0,0.0,0.0,0.0,DORMANT,,,0.0,,0.0,,,0.0,,,0.0,,0.0,,,0.0
500220698,LOCK PIN,TCB,"ASM-Pacific,Phoenix",Order to Demand,,31.5,25.0,3,0.375,202409,202601,16,False,0.0,0.0,0.0,False,0.0,0.0,,0.0,,0.0,,0.0,False,3,0.0,0.0,0.0,0.0,DORMANT,,,0.0,,0.0,,,0.0,,,0.0,,0.0,,,0.0
500220699,FLOATING UNIT,TCB,"ASM-Pacific,Phoenix;GENERIC",Order to Demand,,582.3,25.0,3,0.375,202409,202601,16,False,0.0,0.0,0.0,False,0.0,0.0,,0.0,,0.0,,0.0,False,3,0.0,0.0,0.0,0.0,DORMANT,,,0.0,,0.0,,,0.0,,,0.0,,0.0,,,0.0
500220700,DATUM ROLLER ASSY,TCB,"GENERIC;ASM-Pacific,Phoenix",Order to Demand,shared with XG756,42.45,25.0,4,0.5,202407,202601,18,False,0.0,0.0,0.0,False,0.0,0.0,,0.0,,0.0,,0.0,False,4,0.0,0.0,0.0,0.0,DORMANT,0.0,,0.0,,0.0,,,0.0,0.0,,0.0,,0.0,,,0.0
500220701,ROLLER ASSY,TCB,"GENERIC;ASM-Pacific,Phoenix",Order to Demand,shared with XG756,60.07,25.0,4,0.5,202407,202601,18,False,0.0,0.0,0.0,False,0.0,0.0,,0.0,,0.0,,0.0,False,4,0.0,0.0,0.0,0.0,DORMANT,0.0,,0.0,,0.0,,,0.0,0.0,,0.0,,0.0,,,0.0
500220702,SPRING HOLDER,TCB,"ASM-Pacific,Phoenix",Order to Demand,,16.2,25.0,3,0.375,202409,202601,16,False,0.0,0.0,0.0,False,0.0,0.0,,0.0,,0.0,,0.0,False,3,0.0,0.0,0.0,0.0,DORMANT,,,0.0,,0.0,,,0.0,,,0.0,,0.0,,,0.0
500220703,FLATING GUIDE ROLLER HOLDER,TCB,"ASM-Pacific,Phoenix",Order to Demand,,209.7,25.0,3,0.375,202409,202601,16,False,0.0,0.0,0.0,False,0.0,0.0,,0.0,,0.0,,0.0,False,3,0.0,0.0,0.0,0.0,DORMANT,,,0.0,,0.0,,,0.0,,,0.0,,0.0,,,0.0
500220704,ROD HOLDER,TCB,"ASM-Pacific,Phoenix",Order to Demand,,116.1,25.0,3,0.375,202409,202601,16,False,0.0,0.0,0.0,False,0.0,0.0,,0.0,,0.0,,0.0,False,3,0.0,0.0,0.0,0.0,DORMANT,,,0.0,,0.0,,,0.0,,,0.0,,0.0,,,0.0
500220705,GUIDE ROD,TCB,"ASM-Pacific,Phoenix;GENERIC",Order to Demand,,109.8,25.0,3,0.375,202409,202601,16,False,0.0,0.0,0.0,False,0.0,0.0,,0.0,,0.0,,0.0,False,3,0.0,0.0,0.0,0.0,DORMANT,,,0.0,,0.0,,,0.0,,,0.0,,0.0,,,0.0
500220706,DIE SPING TL18X75,TCB,"GENERIC;ASM-Pacific,Phoenix",Order to Demand,,7.2,25.0,4,0.5,202407,202601,18,False,0.0,0.0,0.0,False,0.0,0.0,,0.0,,0.0,,0.0,False,4,0.0,0.0,0.0,0.0,DORMANT,0.0,,0.0,,0.0,,,0.0,0.0,,0.0,,0.0,,,0.0
500220707,VIBRATION ISOLATION ASSY,TCB,"GENERIC;ASM-Pacific,Phoenix",Order to Demand,,38477.7,25.0,3,0.375,202409,202601,16,False,0.0,0.0,0.0,False,0.0,0.0,,0.0,,0.0,,0.0,False,3,0.0,0.0,0.0,0.0,DORMANT,,,0.0,,0.0,,,0.0,,,0.0,,0.0,,,0.0
500220708,GRANITE PARKING PAD,TCB,"ASM-Pacific,Phoenix",Order to Demand,,656.82,25.0,3,0.375,202409,202601,16,False,0.0,0.0,0.0,False,0.0,0.0,,0.0,,0.0,,0.0,False,3,0.0,0.0,0.0,0.0,DORMANT,,,0.0,,0.0,,,0.0,,,0.0,,0.0,,,0.0
500220709,ISOLATOR VALVE IMPROVEMENT KIT,TCB,"ASM-Pacific,Phoenix;GENERIC",Order to Demand,,78.3,25.0,3,0.375,202409,202601,16,False,0.0,0.0,0.0,False,0.0,0.0,,0.0,,0.0,,0.0,False,3,0.0,0.0,0.0,0.0,DORMANT,,,0.0,,0.0,,,0.0,,,0.0,,0.0,,,0.0
500220710,(CH) SLIM LOCATOR SET,TCB,"ASM-Pacific,Phoenix",Order to Demand,,264.33,25.0,3,0.375,202409,202601,16,False,0.0,0.0,0.0,False,0.0,0.0,,0.0,,0.0,,0.0,False,3,0.0,0.0,0.0,0.0,DORMANT,,,0.0,,0.0,,,0.0,,,0.0,,0.0,,,0.0
500220711,(CH) LOCATOR TOOL,TCB,"GENERIC;ASM-Pacific,Phoenix",Order to Demand,,54.46,25.0,3,0.375,202409,202601,16,False,0.0,0.0,0.0,False,0.0,0.0,,0.0,,0.0,,0.0,False,3,0.0,0.0,0.0,0.0,DORMANT,,,0.0,,0.0,,,0.0,,,0.0,,0.0,,,0.0
500220712,ISOLATOR PLATFORM LOCATOR,TCB,"ASM-Pacific,Phoenix",Order to Demand,,20.7,25.0,3,0.375,202409,202601,16,False,0.0,0.0,0.0,False,0.0,0.0,,0.0,,0.0,,0.0,False,3,0.0,0.0,0.0,0.0,DORMANT,,,0.0,,0.0,,,0.0,,,0.0,,0.0,,,0.0
500220713,ISOLATOR SENSOR BRACKET,TCB,"ASM-Pacific,Phoenix",Order to Demand,,18.9,25.0,3,0.375,202409,202601,16,False,0.0,0.0,0.0,False,0.0,0.0,,0.0,,0.0,,0.0,False,3,0.0,0.0,0.0,0.0,DORMANT,,,0.0,,0.0,,,0.0,,,0.0,,0.0,,,0.0
500220714,PRECISION HEIGHT CONTROL VALVES W/ METER,TCB,"ASM-Pacific,Phoenix;GENERIC",Order to Demand,,1882.35,25.0,3,0.375,202409,202601,16,False,0.0,0.0,0.0,False,0.0,0.0,,0.0,,0.0,,0.0,False,3,0.0,0.0,0.0,0.0,DORMANT,,,0.0,,0.0,,,0.0,,,0.0,,0.0,,,0.0
500220715,"PNEUMATIC ISOLATOR 2500LB W7.52""XH11.58""",TCB,"ASM-Pacific,Phoenix",Order to Demand,,3835.18,25.0,3,0.375,202409,202601,16,False,0.0,0.0,0.0,False,0.0,0.0,,0.0,,0.0,,0.0,False,3,0.0,0.0,0.0,0.0,DORMANT,,,0.0,,0.0,,,0.0,,,0.0,,0.0,,,0.0
500220716,TIE BAR SYSTEM V2,TCB,"ASM-Pacific,Phoenix;GENERIC",Order to Demand,,4208.4,25.0,3,0.375,202409,202601,16,False,0.0,0.0,0.0,False,0.0,0.0,,0.0,,0.0,,0.0,False,3,0.0,0.0,0.0,0.0,DORMANT,,,0.0,,0.0,,,0.0,,,0.0,,0.0,,,0.0
500220717,TIE U-BAR V2,TCB,"GENERIC;ASM-Pacific,Phoenix",Order to Demand,,118.8,25.0,3,0.375,202409,202601,16,False,0.0,0.0,0.0,False,0.0,0.0,,0.0,,0.0,,0.0,False,3,0.0,0.0,0.0,0.0,DORMANT,,,0.0,,0.0,,,0.0,,,0.0,,0.0,,,0.0
500220718,TIE BAR ADAPTOR BLOCK V2 (M10X1.25),TCB,"ASM-Pacific,Phoenix",Order to Demand,,280.8,25.0,3,0.375,202409,202601,16,False,0.0,0.0,0.0,False,0.0,0.0,,0.0,,0.0,,0.0,False,3,0.0,0.0,0.0,0.0,DORMANT,,,0.0,,0.0,,,0.0,,,0.0,,0.0,,,0.0
500220719,S HD CAP SCW (M10X1.25 X16),TCB,"GENERIC;ASM-Pacific,Phoenix",Order to Demand,,15.3,25.0,3,0.375,202409,202601,16,False,0.0,0.0,0.0,False,0.0,0.0,,0.0,,0.0,,0.0,False,3,0.0,0.0,0.0,0.0,DORMANT,,,0.0,,0.0,,,0.0,,,0.0,,0.0,,,0.0
500220720,LOCK NUT M10X1.25,TCB,"ASM-Pacific,Phoenix",Order to Demand,,2.7,25.0,3,0.375,202409,202601,16,False,0.0,0.0,0.0,False,0.0,0.0,,0.0,,0.0,,0.0,False,3,0.0,0.0,0.0,0.0,DORMANT,,,0.0,,0.0,,,0.0,,,0.0,,0.0,,,0.0
500220721,TIE ROD V2,TCB,"ASM-Pacific,Phoenix;GENERIC",Order to Demand,,86.4,25.0,3,0.375,202409,202601,16,False,0.0,0.0,0.0,False,0.0,0.0,,0.0,,0.0,,0.0,False,3,0.0,0.0,0.0,0.0,DORMANT,,,0.0,,0.0,,,0.0,,,0.0,,0.0,,,0.0
500220722,TIE BAR SPRING ASSY V2,TCB,"ASM-Pacific,Phoenix;GENERIC",Order to Demand,,774.9,25.0,3,0.375,202409,202601,16,False,0.0,0.0,0.0,False,0.0,0.0,,0.0,,0.0,,0.0,False,3,0.0,0.0,0.0,0.0,DORMANT,,,0.0,,0.0,,,0.0,,,0.0,,0.0,,,0.0
500220723,SPRING PLATE OUTER V2,TCB,"ASM-Pacific,Phoenix",Order to Demand,,28.8,25.0,3,0.375,202409,202601,16,False,0.0,0.0,0.0,False,0.0,0.0,,0.0,,0.0,,0.0,False,3,0.0,0.0,0.0,0.0,DORMANT,,,0.0,,0.0,,,0.0,,,0.0,,0.0,,,0.0
500220724,SPRING LOCK V2,TCB,"ASM-Pacific,Phoenix",Order to Demand,,34.2,25.0,3,0.375,202409,202601,16,False,0.0,0.0,0.0,False,0.0,0.0,,0.0,,0.0,,0.0,False,3,0.0,0.0,0.0,0.0,DORMANT,,,0.0,,0.0,,,0.0,,,0.0,,0.0,,,0.0
500220725,S HD CAP SCW (M10X1.25 X65),TCB,"ASM-Pacific,Phoenix;GENERIC",Order to Demand,,16.2,25.0,3,0.375,202409,202601,16,False,0.0,0.0,0.0,False,0.0,0.0,,0.0,,0.0,,0.0,False,3,0.0,0.0,0.0,0.0,DORMANT,,,0.0,,0.0,,,0.0,,,0.0,,0.0,,,0.0
500220726,SPRING PLATE INNER V2,TCB,"ASM-Pacific,Phoenix",Order to Demand,,28.8,25.0,3,0.375,202409,202601,16,False,0.0,0.0,0.0,False,0.0,0.0,,0.0,,0.0,,0.0,False,3,0.0,0.0,0.0,0.0,DORMANT,,,0.0,,0.0,,,0.0,,,0.0,,0.0,,,0.0
500220727,TIE KNOB V2,TCB,"ASM-Pacific,Phoenix",Order to Demand,,53.4,75.0,3,0.375,202409,202601,16,False,0.0,0.0,0.0,False,0.0,0.0,,0.0,,0.0,,0.0,False,3,0.0,0.0,0.0,0.0,DORMANT,,,0.0,,0.0,,,0.0,,,0.0,,0.0,,,0.0
500220728,HEX NUT (M10X1.25),TCB,"ASM-Pacific,Phoenix",Order to Demand,,14.4,25.0,3,0.375,202409,202601,16,False,0.0,0.0,0.0,False,0.0,0.0,,0.0,,0.0,,0.0,False,3,0.0,0.0,0.0,0.0,DORMANT,,,0.0,,0.0,,,0.0,,,0.0,,0.0,,,0.0
500220729,EXTENSION SPRING LE-148J-01M,TCB,"GENERIC;ASM-Pacific,Phoenix",Order to Demand,,4.8,25.0,4,0.5,202407,202601,18,False,0.0,0.0,0.0,False,0.0,0.0,,0.0,,0.0,,0.0,False,4,0.0,0.0,0.0,0.0,DORMANT,0.0,,0.0,,0.0,,,0.0,0.0,,0.0,,0.0,,,0.0
500220730,EXHAUST ASSY,TCB,"ASM-Pacific,Phoenix",Order to Demand,,656.38,25.0,3,0.375,202409,202601,16,False,0.0,0.0,0.0,False,0.0,0.0,,0.0,,0.0,,0.0,False,3,0.0,0.0,0.0,0.0,DORMANT,,,0.0,,0.0,,,0.0,,,0.0,,0.0,,,0.0
500220731,LINE VAC ASSY,TCB,"GENERIC;ASM-Pacific,Phoenix",Order to Demand,,88.91,25.0,3,0.375,202409,202601,16,False,0.0,0.0,0.0,False,0.0,0.0,,0.0,,0.0,,0.0,False,3,0.0,0.0,0.0,0.0,DORMANT,,,0.0,,0.0,,,0.0,,,0.0,,0.0,,,0.0
500220732,(DTA) DIE TRANSFER ARM,TCB,"ASM-Pacific,Phoenix;ASM-Pacific,Firebird",Order to Demand,,17405.73,15.0,3,0.375,202409,202601,16,False,0.0,0.0,0.0,False,0.0,0.0,,0.0,,0.0,,0.0,False,3,0.0,0.0,0.0,0.0,DORMANT,,,0.0,,0.0,,,0.0,,,0.0,,0.0,,,0.0
500220733,"JOINT,FLOATING,TIE,BAR,SPRING,ASSY",TCB,"ASM-Pacific,Phoenix",Order to Demand,,79.29,25.0,3,0.375,202409,202601,16,False,0.0,0.0,0.0,False,0.0,0.0,,0.0,,0.0,,0.0,False,3,0.0,0.0,0.0,0.0,DORMANT,,,0.0,,0.0,,,0.0,,,0.0,,0.0,,,0.0
500221633,EVEREADY AA BATTERY (4PCS/PKT),TCB,Generic;HDMx_TRB_Generic;Besi DLA/DSA;HDMx_Collateral_TIU_Shared,Order Beyond Max,,2.2891,15.0,1,0.125,202409,202409,0,False,16.0,16.0,16.0,True,16.0,0.0,0.0,0.0,0.0,,,,False,1,53.0,78.0,1.0,1.0,SINGLE_SNAPSHOT,,,16.0,,,,,,,,1.0,,,,,
500222204,"BULB, WHITE LED (EMO BOX)",TCB,Heller 2017 MK III;Heller FAR;Heller HRF;Heller 2017 Formic Acid,Order to Demand,,25.2,15.0,1,0.125,202601,202601,0,True,0.0,0.0,0.0,False,0.0,0.0,,0.0,,,,,False,1,0.0,0.0,0.0,0.0,SINGLE_SNAPSHOT,,,,,,,,0.0,,,,,,,,0.0
500222206,"BULB, GREEN LED (EMO BOX)",TCB,Heller 2017 Formic Acid;Heller HRF;Heller 2017 MK III;Heller FAR,Order to Demand,,25.2,15.0,1,0.125,202601,202601,0,True,0.0,0.0,0.0,False,0.0,0.0,,0.0,,,,,False,1,0.0,0.0,0.0,0.0,SINGLE_SNAPSHOT,,,,,,,,0.0,,,,,,,,0.0
500222215,"SOLENOID,DTA,VACUUM,SECONDARY",TCB,"ASM-Pacific,Phoenix;GENERIC",Order to Demand,,134.56,15.0,3,0.375,202409,202601,16,False,0.0,0.0,0.0,False,0.0,0.0,,0.0,,0.0,,0.0,False,3,0.0,0.0,0.0,0.0,DORMANT,,,0.0,,0.0,,,0.0,,,0.0,,0.0,,,0.0
500222216,DTA BLOW SOL(SECONDARY),TCB,"GENERIC;ASM-Pacific,Phoenix",Order to Demand,,124.15,25.0,3,0.375,202409,202601,16,False,0.0,0.0,0.0,False,0.0,0.0,,0.0,,0.0,,0.0,False,3,0.0,0.0,0.0,0.0,DORMANT,,,0.0,,0.0,,,0.0,,,0.0,,0.0,,,0.0
500222217,DTA VAC SENSOR(SECONDARY),TCB,"GENERIC;ASM-Pacific,Phoenix",Order to Demand,,148.18,25.0,3,0.375,202409,202601,16,False,0.0,0.0,0.0,False,0.0,0.0,,0.0,,0.0,,0.0,False,3,0.0,0.0,0.0,0.0,DORMANT,,,0.0,,0.0,,,0.0,,,0.0,,0.0,,,0.0
500222218,CABLE SUPPORT,TCB,"ASM-Pacific,Firebird;ASM-Pacific,Phoenix",Order to Demand,,21.6,70.0,2,0.25,202412,202601,13,False,0.0,0.0,0.0,False,0.0,0.0,,0.0,,0.0,,0.0,False,2,0.0,0.0,0.0,0.0,DORMANT,,,,,0.0,,,0.0,,,,,0.0,,,0.0
500222219,EN FIXED END CABLE CLAMP_A,TCB,"ASM-Pacific,Phoenix",Order to Demand,,20.7,25.0,3,0.375,202409,202601,16,False,0.0,0.0,0.0,False,0.0,0.0,,0.0,,0.0,,0.0,False,3,0.0,0.0,0.0,0.0,DORMANT,,,0.0,,0.0,,,0.0,,,0.0,,0.0,,,0.0
500222220,EN FIXED END CABLE CLAMP_B,TCB,"ASM-Pacific,Phoenix",Order to Demand,,25.2,25.0,3,0.375,202409,202601,16,False,0.0,0.0,0.0,False,0.0,0.0,,0.0,,0.0,,0.0,False,3,0.0,0.0,0.0,0.0,DORMANT,,,0.0,,0.0,,,0.0,,,0.0,,0.0,,,0.0
500222221,EN_C MOVING END,TCB,"ASM-Pacific,Phoenix",Order to Demand,,23.4,25.0,3,0.375,202409,202601,16,False,0.0,0.0,0.0,False,0.0,0.0,,0.0,,0.0,,0.0,False,3,0.0,0.0,0.0,0.0,DORMANT,,,0.0,,0.0,,,0.0,,,0.0,,0.0,,,0.0
500222222,VAC SENSOR MOUNT,TCB,"GENERIC;ASM-Pacific,Phoenix",Order to Demand,,26.1,25.0,3,0.375,202409,202601,16,False,0.0,0.0,0.0,False,0.0,0.0,,0.0,,0.0,,0.0,False,3,0.0,0.0,0.0,0.0,DORMANT,,,0.0,,0.0,,,0.0,,,0.0,,0.0,,,0.0
500222223,(DTA) X MOVING COVER,TCB,"ASM-Pacific,Phoenix",Order to Demand,,32.4,25.0,3,0.375,202409,202601,16,False,0.0,0.0,0.0,False,0.0,0.0,,0.0,,0.0,,0.0,False,3,0.0,0.0,0.0,0.0,DORMANT,,,0.0,,0.0,,,0.0,,,0.0,,0.0,,,0.0
500222224,TRANSFER AMR SOL MOUNT,TCB,"ASM-Pacific,Phoenix;GENERIC",Order to Demand,,19.8,25.0,3,0.375,202409,202601,16,False,0.0,0.0,0.0,False,0.0,0.0,,0.0,,0.0,,0.0,False,3,0.0,0.0,0.0,0.0,DORMANT,,,0.0,,0.0,,,0.0,,,0.0,,0.0,,,0.0
500222225,R MOTOR ASSY CHANGE FROM THETA,TCB,"ASM-Pacific,Firebird;ASM-Pacific,Phoenix",Order to Demand,shared with XG756,6710.77,15.0,3,0.375,202409,202601,16,False,0.0,0.0,0.0,False,0.0,0.0,,0.0,,0.0,,0.0,False,3,0.0,0.0,0.0,0.0,DORMANT,,,0.0,,0.0,,,0.0,,,0.0,,0.0,,,0.0
500222226,PAN HD PHI SCREW M2X10,TCB,"ASM-Pacific,Phoenix;GENERIC",Order to Demand,,0.9,25.0,3,0.375,202409,202601,16,False,0.0,0.0,0.0,False,0.0,0.0,,0.0,,0.0,,0.0,False,3,0.0,0.0,0.0,0.0,DORMANT,,,0.0,,0.0,,,0.0,,,0.0,,0.0,,,0.0
500222227,DTA ROBOT SHOULDER ARM SUB ASSY,TCB,"ASM-Pacific,Phoenix",Order to Demand,shared with XG756,2449.45,15.0,3,0.375,202409,202601,16,False,0.0,0.0,0.0,False,0.0,0.0,,0.0,,0.0,,0.0,False,3,0.0,0.0,0.0,0.0,DORMANT,,,0.0,,0.0,,,0.0,,,0.0,,0.0,,,0.0
500222228,CROSS ROLLER RING RB3510UUCCOP5,TCB,"ASM-Pacific,Firebird;ASM-Pacific,Phoenix",Order to Demand,shared with XG756,585.53,25.0,3,0.375,202409,202601,16,False,0.0,0.0,0.0,False,0.0,0.0,,0.0,,0.0,,0.0,False,3,0.0,0.0,0.0,0.0,DORMANT,,,0.0,,0.0,,,0.0,,,0.0,,0.0,,,0.0
500222229,BALL BEARING 15X20X3.5 METRIC,TCB,"ASM-Pacific,Phoenix;ASM-Pacific,Firebird",Order to Demand,shared with XG756,6.4,25.0,4,0.5,202407,202601,18,False,0.0,0.0,0.0,False,0.0,0.0,,0.0,,0.0,,0.0,False,4,0.0,0.0,0.0,0.0,DORMANT,0.0,,0.0,,0.0,,,0.0,0.0,,0.0,,0.0,,,0.0
500222230,BALL BEARING 20X27X4 METRIC,TCB,"ASM-Pacific,Firebird;ASM-Pacific,Phoenix",Order to Demand,shared with XG756,23.22,25.0,4,0.5,202407,202601,18,False,0.0,0.0,0.0,False,0.0,0.0,,0.0,,0.0,,0.0,False,4,0.0,0.0,0.0,0.0,DORMANT,0.0,,0.0,,0.0,,,0.0,0.0,,0.0,,0.0,,,0.0
500222231,BALL BEARING 30 X 42 X 7 FAG61806,TCB,"ASM-Pacific,Firebird;ASM-Pacific,Phoenix",Order to Demand,shared with XG756,9.61,25.0,4,0.5,202407,202601,18,False,0.0,0.0,0.0,False,0.0,0.0,,0.0,,0.0,,0.0,False,4,0.0,0.0,0.0,0.0,DORMANT,0.0,,0.0,,0.0,,,0.0,0.0,,0.0,,0.0,,,0.0
500222232,BALL BEARING 3X6X2.5 METRIC,TCB,"ASM-Pacific,Phoenix",Order to Demand,shared with XG756,3.6,25.0,3,0.375,202409,202601,16,False,0.0,0.0,0.0,False,0.0,0.0,,0.0,,0.0,,0.0,False,3,0.0,0.0,0.0,0.0,DORMANT,,,0.0,,0.0,,,0.0,,,0.0,,0.0,,,0.0
500222233,SENSOR MOUNTED  BASE,TCB,"ASM-Pacific,Phoenix",Order to Demand,,51.3,25.0,3,0.375,202409,202601,16,False,0.0,0.0,0.0,False,0.0,0.0,,0.0,,0.0,,0.0,False,3,0.0,0.0,0.0,0.0,DORMANT,,,0.0,,0.0,,,0.0,,,0.0,,0.0,,,0.0
500222234,MAIN TENSION1 BASE,TCB,"ASM-Pacific,Phoenix",Order to Demand,,96.3,59.0,3,0.375,202409,202601,16,False,0.0,0.0,0.0,False,0.0,0.0,,0.0,,0.0,,0.0,False,3,0.0,0.0,0.0,0.0,DORMANT,,,0.0,,0.0,,,0.0,,,0.0,,0.0,,,0.0
500222235,CABLE PIPE1 CLAMP,TCB,"ASM-Pacific,Phoenix",Order to Demand,,14.4,25.0,3,0.375,202409,202601,16,False,0.0,0.0,0.0,False,0.0,0.0,,0.0,,0.0,,0.0,False,3,0.0,0.0,0.0,0.0,DORMANT,,,0.0,,0.0,,,0.0,,,0.0,,0.0,,,0.0
500222236,CABLE PIPE2 CLAMP,TCB,"ASM-Pacific,Phoenix",Order to Demand,,25.2,25.0,3,0.375,202409,202601,16,False,0.0,0.0,0.0,False,0.0,0.0,,0.0,,0.0,,0.0,False,3,0.0,0.0,0.0,0.0,DORMANT,,,0.0,,0.0,,,0.0,,,0.0,,0.0,,,0.0
500222237,AT5-22 PULLEY BOTTOM SUPPORT FLANGE,TCB,"ASM-Pacific,Phoenix",Order to Demand,,43.2,25.0,3,0.375,202409,202601,16,False,0.0,0.0,0.0,False,0.0,0.0,,0.0,,0.0,,0.0,False,3,0.0,0.0,0.0,0.0,DORMANT,,,0.0,,0.0,,,0.0,,,0.0,,0.0,,,0.0
500222238,"BASE,MAIN,TENSION2",TCB,"ASM-Pacific,Phoenix",Order to Demand,,90.0,47.0,3,0.375,202409,202601,16,False,0.0,0.0,0.0,False,0.0,0.0,,0.0,,0.0,,0.0,False,3,0.0,0.0,0.0,0.0,DORMANT,,,0.0,,0.0,,,0.0,,,0.0,,0.0,,,0.0
500222239,END EFFECTOR MOUNTED FLANGE,TCB,"ASM-Pacific,Phoenix",Order to Demand,,45.0,70.0,3,0.375,202409,202601,16,False,0.0,0.0,0.0,False,0.0,0.0,,0.0,,0.0,,0.0,False,3,0.0,0.0,0.0,0.0,DORMANT,,,0.0,,0.0,,,0.0,,,0.0,,0.0,,,0.0
500222240,PULLEY AT3-44,TCB,"ASM-Pacific,Phoenix",Order to Demand,,180.0,75.0,3,0.375,202409,202601,16,False,0.0,0.0,0.0,False,0.0,0.0,,0.0,,0.0,,0.0,False,3,0.0,0.0,0.0,0.0,DORMANT,,,0.0,,0.0,,,0.0,,,0.0,,0.0,,,0.0
500222241,SHOULDER ARM COVER,TCB,"ASM-Pacific,Phoenix",Order to Demand,,20.7,25.0,3,0.375,202409,202601,16,False,0.0,0.0,0.0,False,0.0,0.0,,0.0,,0.0,,0.0,False,3,0.0,0.0,0.0,0.0,DORMANT,,,0.0,,0.0,,,0.0,,,0.0,,0.0,,,0.0
500222242,SHOULDER ARM BASE,TCB,"ASM-Pacific,Phoenix",Order to Demand,,693.0,25.0,3,0.375,202409,202601,16,False,0.0,0.0,0.0,False,0.0,0.0,,0.0,,0.0,,0.0,False,3,0.0,0.0,0.0,0.0,DORMANT,,,0.0,,0.0,,,0.0,,,0.0,,0.0,,,0.0
500222243,AT5-22 PULLEY BEARING SUPPORT FLANGE,TCB,"ASM-Pacific,Phoenix",Order to Demand,,47.7,25.0,3,0.375,202409,202601,16,False,0.0,0.0,0.0,False,0.0,0.0,,0.0,,0.0,,0.0,False,3,0.0,0.0,0.0,0.0,DORMANT,,,0.0,,0.0,,,0.0,,,0.0,,0.0,,,0.0
500222244,AT5-22 PULLEY BEARING COVER FLANGE,TCB,"ASM-Pacific,Phoenix",Order to Demand,,47.7,25.0,3,0.375,202409,202601,16,False,0.0,0.0,0.0,False,0.0,0.0,,0.0,,0.0,,0.0,False,3,0.0,0.0,0.0,0.0,DORMANT,,,0.0,,0.0,,,0.0,,,0.0,,0.0,,,0.0
500222245,PULLEY AT5-22 BOTTOM COVER FLANGE,TCB,"ASM-Pacific,Phoenix",Order to Demand,,51.3,25.0,3,0.375,202409,202601,16,False,0.0,0.0,0.0,False,0.0,0.0,,0.0,,0.0,,0.0,False,3,0.0,0.0,0.0,0.0,DORMANT,,,0.0,,0.0,,,0.0,,,0.0,,0.0,,,0.0
500222246,PULLEY AT5-22*44,TCB,"ASM-Pacific,Phoenix",Order to Demand,,180.0,25.0,3,0.375,202409,202601,16,False,0.0,0.0,0.0,False,0.0,0.0,,0.0,,0.0,,0.0,False,3,0.0,0.0,0.0,0.0,DORMANT,,,0.0,,0.0,,,0.0,,,0.0,,0.0,,,0.0
500222247,SHOULDER ARM CABLE PIPE SUPPORT SHAFT,TCB,"ASM-Pacific,Phoenix;GENERIC",Order to Demand,,54.0,25.0,3,0.375,202409,202601,16,False,0.0,0.0,0.0,False,0.0,0.0,,0.0,,0.0,,0.0,False,3,0.0,0.0,0.0,0.0,DORMANT,,,0.0,,0.0,,,0.0,,,0.0,,0.0,,,0.0
500222248,PULLEY AT5-22 BOTTOM COVER,TCB,"ASM-Pacific,Phoenix",Order to Demand,,23.4,25.0,3,0.375,202409,202601,16,False,0.0,0.0,0.0,False,0.0,0.0,,0.0,,0.0,,0.0,False,3,0.0,0.0,0.0,0.0,DORMANT,,,0.0,,0.0,,,0.0,,,0.0,,0.0,,,0.0
500222249,PULLEY AT5-22 TOP COVER FLANGE,TCB,"ASM-Pacific,Phoenix",Order to Demand,,51.3,25.0,3,0.375,202409,202601,16,False,0.0,0.0,0.0,False,0.0,0.0,,0.0,,0.0,,0.0,False,3,0.0,0.0,0.0,0.0,DORMANT,,,0.0,,0.0,,,0.0,,,0.0,,0.0,,,0.0
500222250,CABLE PLANE CLAMP,TCB,"ASM-Pacific,Phoenix",Order to Demand,,27.0,25.0,3,0.375,202409,202601,16,False,0.0,0.0,0.0,False,0.0,0.0,,0.0,,0.0,,0.0,False,3,0.0,0.0,0.0,0.0,DORMANT,,,0.0,,0.0,,,0.0,,,0.0,,0.0,,,0.0
500222251,CBALE PROTECT WALL,TCB,"ASM-Pacific,Phoenix;GENERIC",Order to Demand,,10.8,25.0,3,0.375,202409,202601,16,False,0.0,0.0,0.0,False,0.0,0.0,,0.0,,0.0,,0.0,False,3,0.0,0.0,0.0,0.0,DORMANT,,,0.0,,0.0,,,0.0,,,0.0,,0.0,,,0.0
500222252,"BASE,TENSIONER,LEFT,HOLDER,DTA",TCB,"ASM-Pacific,Phoenix",Order to Demand,,37.8,65.0,3,0.375,202409,202601,16,False,0.0,0.0,0.0,False,0.0,0.0,,0.0,,0.0,,0.0,False,3,0.0,0.0,0.0,0.0,DORMANT,,,0.0,,0.0,,,0.0,,,0.0,,0.0,,,0.0
500222253,"SHAFT,NORMAL,TENSIONER,PIN",TCB,"ASM-Pacific,Phoenix;GENERIC",Order to Demand,,12.6,40.0,3,0.375,202409,202601,16,False,0.0,0.0,0.0,False,0.0,0.0,,0.0,,0.0,,0.0,False,3,0.0,0.0,0.0,0.0,DORMANT,,,0.0,,0.0,,,0.0,,,0.0,,0.0,,,0.0
500222254,"PULLEY,NORMAL,TENSION,IDLER",TCB,"ASM-Pacific,Phoenix",Order to Demand,,13.5,75.0,3,0.375,202409,202601,16,False,0.0,0.0,0.0,False,0.0,0.0,,0.0,,0.0,,0.0,False,3,0.0,0.0,0.0,0.0,DORMANT,,,0.0,,0.0,,,0.0,,,0.0,,0.0,,,0.0
500222255,(DTA) X STAGE,TCB,"ASM-Pacific,Phoenix;GENERIC",Order to Demand,,9149.4,70.0,3,0.375,202409,202601,16,False,0.0,0.0,0.0,False,0.0,0.0,,0.0,,0.0,,0.0,False,3,0.0,0.0,0.0,0.0,DORMANT,,,0.0,,0.0,,,0.0,,,0.0,,0.0,,,0.0
500222256,(DTA) X MOTOR D42,TCB,"ASM-Pacific,Phoenix;ASM-Pacific,Firebird",Order to Demand,shared with XG756,1652.46,15.0,3,0.375,202410,202601,15,False,0.0,0.0,0.0,False,0.0,0.0,,0.0,,0.0,,0.0,False,3,0.0,0.0,0.0,0.0,DORMANT,,,,0.0,0.0,,,0.0,,,,0.0,0.0,,,0.0
500222257,"SPACER,SPECIAL,TENSIONER,.DTA",TCB,"ASM-Pacific,Phoenix;GENERIC",Order to Demand,,7.2,75.0,3,0.375,202409,202601,16,False,0.0,0.0,0.0,False,0.0,0.0,,0.0,,0.0,,0.0,False,3,0.0,0.0,0.0,0.0,DORMANT,,,0.0,,0.0,,,0.0,,,0.0,,0.0,,,0.0
500222258,NORMAL TENSIONER SPACER,TCB,"ASM-Pacific,Phoenix;GENERIC",Order to Demand,,9.0,75.0,3,0.375,202409,202601,16,False,0.0,0.0,0.0,False,0.0,0.0,,0.0,,0.0,,0.0,False,3,0.0,0.0,0.0,0.0,DORMANT,,,0.0,,0.0,,,0.0,,,0.0,,0.0,,,0.0
500222259,"TENSIONER,PIN,LEFT-NORMAL,ANTI-SLIDE",TCB,"ASM-Pacific,Phoenix;GENERIC",Order to Demand,,29.7,55.0,3,0.375,202409,202601,16,False,0.0,0.0,0.0,False,0.0,0.0,,0.0,,0.0,,0.0,False,3,0.0,0.0,0.0,0.0,DORMANT,,,0.0,,0.0,,,0.0,,,0.0,,0.0,,,0.0
500222260,LEFT SPECAL TENSION IDLER PULLEY,TCB,"ASM-Pacific,Phoenix",Order to Demand,,16.02,155.0,3,0.375,202409,202601,16,False,0.0,0.0,0.0,False,0.0,0.0,,0.0,,0.0,,0.0,False,3,0.0,0.0,0.0,0.0,DORMANT,,,0.0,,0.0,,,0.0,,,0.0,,0.0,,,0.0
500222261,LM GUIDE HRW21CA2UUC1M+580LM,TCB,"ASM-Pacific,Phoenix",Order to Demand,shared with XG756,1416.96,15.0,3,0.375,202409,202601,16,False,0.0,0.0,0.0,False,0.0,0.0,,0.0,,0.0,,0.0,False,3,0.0,0.0,0.0,0.0,DORMANT,,,0.0,,0.0,,,0.0,,,0.0,,0.0,,,0.0
500222262,(DTA) X BASE,TCB,"ASM-Pacific,Phoenix",Order to Demand,,1052.1,25.0,3,0.375,202409,202601,16,False,0.0,0.0,0.0,False,0.0,0.0,,0.0,,0.0,,0.0,False,3,0.0,0.0,0.0,0.0,DORMANT,,,0.0,,0.0,,,0.0,,,0.0,,0.0,,,0.0
500222263,(DTA) X SLIDE,TCB,"GENERIC;ASM-Pacific,Phoenix",Order to Demand,,445.5,25.0,3,0.375,202409,202601,16,False,0.0,0.0,0.0,False,0.0,0.0,,0.0,,0.0,,0.0,False,3,0.0,0.0,0.0,0.0,DORMANT,,,0.0,,0.0,,,0.0,,,0.0,,0.0,,,0.0
500222264,(DTA) X ENCODER MOUNT,TCB,"ASM-Pacific,Phoenix",Order to Demand,,47.7,25.0,3,0.375,202409,202601,16,False,0.0,0.0,0.0,False,0.0,0.0,,0.0,,0.0,,0.0,False,3,0.0,0.0,0.0,0.0,DORMANT,,,0.0,,0.0,,,0.0,,,0.0,,0.0,,,0.0
500222265,(DTA) X STOPPER MOUNT,TCB,"ASM-Pacific,Phoenix",Order to Demand,,54.0,25.0,3,0.375,202409,202601,16,False,0.0,0.0,0.0,False,0.0,0.0,,0.0,,0.0,,0.0,False,3,0.0,0.0,0.0,0.0,DORMANT,,,0.0,,0.0,,,0.0,,,0.0,,0.0,,,0.0
500222266,(DTA) X COVER,TCB,"ASM-Pacific,Phoenix",Order to Demand,,792.9,25.0,3,0.375,202409,202601,16,False,0.0,0.0,0.0,False,0.0,0.0,,0.0,,0.0,,0.0,False,3,0.0,0.0,0.0,0.0,DORMANT,,,0.0,,0.0,,,0.0,,,0.0,,0.0,,,0.0
500222267,(DTA) X TOP COVER,TCB,"ASM-Pacific,Phoenix",Order to Demand,,30.6,25.0,3,0.375,202409,202601,16,False,0.0,0.0,0.0,False,0.0,0.0,,0.0,,0.0,,0.0,False,3,0.0,0.0,0.0,0.0,DORMANT,,,0.0,,0.0,,,0.0,,,0.0,,0.0,,,0.0
500222268,(DTA) DIE HOLD INSERT PLATFORM,TCB,"Generic;ASM-Pacific,Firebird;ASM-Pacific,Phoenix",Order to Demand,shared with XG756,520.65,15.0,3,0.375,202409,202601,16,False,0.0,0.0,0.0,False,0.0,0.0,,0.0,,0.0,,0.0,False,3,0.0,0.0,0.0,0.0,DORMANT,,,0.0,,0.0,,,0.0,,,0.0,,0.0,,,0.0
500222269,(DTA) END EFFECTOR MAIN BODY,TCB,"ASM-Pacific,Phoenix",Order to Demand,,266.4,75.0,3,0.375,202409,202601,16,False,0.0,0.0,0.0,False,0.0,0.0,,0.0,,0.0,,0.0,False,3,0.0,0.0,0.0,0.0,DORMANT,,,0.0,,0.0,,,0.0,,,0.0,,0.0,,,0.0
500222270,(DTA) END EFFECTOR COVER,TCB,"ASM-Pacific,Phoenix",Order to Demand,,14.4,25.0,3,0.375,202409,202601,16,False,0.0,0.0,0.0,False,0.0,0.0,,0.0,,0.0,,0.0,False,3,0.0,0.0,0.0,0.0,DORMANT,,,0.0,,0.0,,,0.0,,,0.0,,0.0,,,0.0
500222271,(DPA) DIE PICK ARM,TCB,"ASM-Pacific,Phoenix",Order to Demand,,23072.8,15.0,3,0.375,202409,202601,16,False,0.0,0.0,0.0,False,0.0,0.0,,0.0,,0.0,,0.0,False,3,0.0,0.0,0.0,0.0,DORMANT,,,0.0,,0.0,,,0.0,,,0.0,,0.0,,,0.0
500222272,(DPA) GRANITE REFERENCE BLOCK KIT,TCB,"ASM-Pacific,Phoenix",Order to Demand,,202.5,25.0,3,0.375,202409,202601,16,False,0.0,0.0,0.0,False,0.0,0.0,,0.0,,0.0,,0.0,False,3,0.0,0.0,0.0,0.0,DORMANT,,,0.0,,0.0,,,0.0,,,0.0,,0.0,,,0.0
500222273,CAMERA MOUNTING,TCB,"ASM-Pacific,Phoenix",Order to Demand,,23.4,25.0,3,0.375,202409,202601,16,False,0.0,0.0,0.0,False,0.0,0.0,,0.0,,0.0,,0.0,False,3,0.0,0.0,0.0,0.0,DORMANT,,,0.0,,0.0,,,0.0,,,0.0,,0.0,,,0.0
500222274,(DPA) DIE PICK ARM STAND,TCB,"GENERIC;ASM-Pacific,Phoenix",Order to Demand,,1095.3,25.0,3,0.375,202409,202601,16,False,0.0,0.0,0.0,False,0.0,0.0,,0.0,,0.0,,0.0,False,3,0.0,0.0,0.0,0.0,DORMANT,,,0.0,,0.0,,,0.0,,,0.0,,0.0,,,0.0
500222275,(DPA) FRONT END MANIFOLD,TCB,"ASM-Pacific,Phoenix",Order to Demand,,31.5,25.0,3,0.375,202409,202601,16,False,0.0,0.0,0.0,False,0.0,0.0,,0.0,,0.0,,0.0,False,3,0.0,0.0,0.0,0.0,DORMANT,,,0.0,,0.0,,,0.0,,,0.0,,0.0,,,0.0
500222276,Z FIXED END MNT,TCB,"ASM-Pacific,Phoenix",Order to Demand,,24.3,25.0,3,0.375,202409,202601,16,False,0.0,0.0,0.0,False,0.0,0.0,,0.0,,0.0,,0.0,False,3,0.0,0.0,0.0,0.0,DORMANT,,,0.0,,0.0,,,0.0,,,0.0,,0.0,,,0.0
500222277,X MOVING END MNT,TCB,"ASM-Pacific,Phoenix",Order to Demand,,67.5,25.0,3,0.375,202409,202601,16,False,0.0,0.0,0.0,False,0.0,0.0,,0.0,,0.0,,0.0,False,3,0.0,0.0,0.0,0.0,DORMANT,,,0.0,,0.0,,,0.0,,,0.0,,0.0,,,0.0
500222278,Y MTR CABLE CLAMP,TCB,"ASM-Pacific,Phoenix",Order to Demand,,51.3,25.0,3,0.375,202409,202601,16,False,0.0,0.0,0.0,False,0.0,0.0,,0.0,,0.0,,0.0,False,3,0.0,0.0,0.0,0.0,DORMANT,,,0.0,,0.0,,,0.0,,,0.0,,0.0,,,0.0
500222279,Y MOVING END MNT,TCB,"ASM-Pacific,Phoenix",Order to Demand,,36.9,25.0,3,0.375,202409,202601,16,False,0.0,0.0,0.0,False,0.0,0.0,,0.0,,0.0,,0.0,False,3,0.0,0.0,0.0,0.0,DORMANT,,,0.0,,0.0,,,0.0,,,0.0,,0.0,,,0.0
500222280,X FIXED END MNT,TCB,"ASM-Pacific,Phoenix",Order to Demand,,50.4,25.0,3,0.375,202409,202601,16,False,0.0,0.0,0.0,False,0.0,0.0,,0.0,,0.0,,0.0,False,3,0.0,0.0,0.0,0.0,DORMANT,,,0.0,,0.0,,,0.0,,,0.0,,0.0,,,0.0
500222281,Y FIXED END MNT,TCB,"ASM-Pacific,Phoenix",Order to Demand,,115.2,25.0,3,0.375,202409,202601,16,False,0.0,0.0,0.0,False,0.0,0.0,,0.0,,0.0,,0.0,False,3,0.0,0.0,0.0,0.0,DORMANT,,,0.0,,0.0,,,0.0,,,0.0,,0.0,,,0.0
500222282,DPA X MOVING END COVER,TCB,"ASM-Pacific,Phoenix",Order to Demand,,97.2,25.0,3,0.375,202409,202601,16,False,0.0,0.0,0.0,False,0.0,0.0,,0.0,,0.0,,0.0,False,3,0.0,0.0,0.0,0.0,DORMANT,,,0.0,,0.0,,,0.0,,,0.0,,0.0,,,0.0
500222283,DPA Y MOVING END COVER-01,TCB,"ASM-Pacific,Phoenix",Order to Demand,,86.4,25.0,3,0.375,202409,202601,16,False,0.0,0.0,0.0,False,0.0,0.0,,0.0,,0.0,,0.0,False,3,0.0,0.0,0.0,0.0,DORMANT,,,0.0,,0.0,,,0.0,,,0.0,,0.0,,,0.0
500222284,DPA Z MOVING END COVER,TCB,"ASM-Pacific,Phoenix",Order to Demand,,74.7,25.0,3,0.375,202409,202601,16,False,0.0,0.0,0.0,False,0.0,0.0,,0.0,,0.0,,0.0,False,3,0.0,0.0,0.0,0.0,DORMANT,,,0.0,,0.0,,,0.0,,,0.0,,0.0,,,0.0
500222285,DPA X MOVING END COVER-02,TCB,"ASM-Pacific,Phoenix",Order to Demand,,64.8,25.0,3,0.375,202409,202601,16,False,0.0,0.0,0.0,False,0.0,0.0,,0.0,,0.0,,0.0,False,3,0.0,0.0,0.0,0.0,DORMANT,,,0.0,,0.0,,,0.0,,,0.0,,0.0,,,0.0
500222286,(DPA) X STAGE,TCB,"ASM-Pacific,Phoenix;GENERIC",Order to Demand,,5642.1,25.0,3,0.375,202409,202601,16,False,0.0,0.0,0.0,False,0.0,0.0,,0.0,,0.0,,0.0,False,3,0.0,0.0,0.0,0.0,DORMANT,,,0.0,,0.0,,,0.0,,,0.0,,0.0,,,0.0
500222287,(DPA) X MOTOR,TCB,"ASM-Pacific,Firebird;ASM-Pacific,Phoenix",Order to Demand,shared with XG756,1518.7,10.0,3,0.375,202409,202601,16,False,0.0,0.0,0.0,False,0.0,0.0,,0.0,,0.0,,0.0,False,3,0.0,0.0,0.0,0.0,DORMANT,,,0.0,,0.0,,,0.0,,,0.0,,0.0,,,0.0
500222288,SOC SET CUP SCREW M3 X 5          [06A6],TCB,"GENERIC;ASM-Pacific,Phoenix",Order to Demand,,0.9,25.0,3,0.375,202409,202601,16,False,0.0,0.0,0.0,False,0.0,0.0,,0.0,,0.0,,0.0,False,3,0.0,0.0,0.0,0.0,DORMANT,,,0.0,,0.0,,,0.0,,,0.0,,0.0,,,0.0
500222289,SOC HD CAP SCREW M3X6 ALLOY ST NI PLT,TCB,"ASM-Pacific,Phoenix;GENERIC",Order to Demand,,0.9,25.0,3,0.375,202409,202601,16,False,0.0,0.0,0.0,False,0.0,0.0,,0.0,,0.0,,0.0,False,3,0.0,0.0,0.0,0.0,DORMANT,,,0.0,,0.0,,,0.0,,,0.0,,0.0,,,0.0
500222290,LM GUIDE SHW12CRM2UUC1+430LPM,TCB,"ASM-Pacific,Firebird;ASM-Pacific,Phoenix",Order to Demand,shared with XG756,1622.02,15.0,3,0.375,202409,202601,16,False,0.0,0.0,0.0,False,0.0,0.0,,0.0,,0.0,,0.0,False,3,0.0,0.0,0.0,0.0,DORMANT,,,0.0,,0.0,,,0.0,,,0.0,,0.0,,,0.0
500222291,(DPA) X STAGE BODY,TCB,"ASM-Pacific,Phoenix",Order to Demand,,575.1,25.0,3,0.375,202409,202601,16,False,0.0,0.0,0.0,False,0.0,0.0,,0.0,,0.0,,0.0,False,3,0.0,0.0,0.0,0.0,DORMANT,,,0.0,,0.0,,,0.0,,,0.0,,0.0,,,0.0
500222292,(DPA) X SIDE COVER B,TCB,"ASM-Pacific,Phoenix",Order to Demand,,47.7,25.0,3,0.375,202409,202601,16,False,0.0,0.0,0.0,False,0.0,0.0,,0.0,,0.0,,0.0,False,3,0.0,0.0,0.0,0.0,DORMANT,,,0.0,,0.0,,,0.0,,,0.0,,0.0,,,0.0
500222293,(DPA) X MAGNET ROD CLAMP D25,TCB,"ASM-Pacific,Phoenix",Order to Demand,,45.9,25.0,3,0.375,202409,202601,16,False,0.0,0.0,0.0,False,0.0,0.0,,0.0,,0.0,,0.0,False,3,0.0,0.0,0.0,0.0,DORMANT,,,0.0,,0.0,,,0.0,,,0.0,,0.0,,,0.0
500222294,(DPA) X ENCODER MOUNTING,TCB,"ASM-Pacific,Phoenix",Order to Demand,,30.6,25.0,3,0.375,202409,202601,16,False,0.0,0.0,0.0,False,0.0,0.0,,0.0,,0.0,,0.0,False,3,0.0,0.0,0.0,0.0,DORMANT,,,0.0,,0.0,,,0.0,,,0.0,,0.0,,,0.0
500222295,(DPA) X ENC SCALE MOUNT W/ OPENING,TCB,"ASM-Pacific,Phoenix",Order to Demand,,159.3,25.0,3,0.375,202409,202601,16,False,0.0,0.0,0.0,False,0.0,0.0,,0.0,,0.0,,0.0,False,3,0.0,0.0,0.0,0.0,DORMANT,,,0.0,,0.0,,,0.0,,,0.0,,0.0,,,0.0
500222296,(DPA) Y STAGE,TCB,"GENERIC;ASM-Pacific,Phoenix",Order to Demand,,5576.4,25.0,3,0.375,202409,202601,16,False,0.0,0.0,0.0,False,0.0,0.0,,0.0,,0.0,,0.0,False,3,0.0,0.0,0.0,0.0,DORMANT,,,0.0,,0.0,,,0.0,,,0.0,,0.0,,,0.0
500222297,(DPA) X GREASE HOLE COVER,TCB,"ASM-Pacific,Phoenix",Order to Demand,,29.7,25.0,3,0.375,202409,202601,16,False,0.0,0.0,0.0,False,0.0,0.0,,0.0,,0.0,,0.0,False,3,0.0,0.0,0.0,0.0,DORMANT,,,0.0,,0.0,,,0.0,,,0.0,,0.0,,,0.0
500222298,SOC HD CAP SCREW M4X12 ALLOY ST NI PLT,TCB,"GENERIC;ASM-Pacific,Phoenix",Order to Demand,,0.9,25.0,3,0.375,202409,202601,16,False,0.0,0.0,0.0,False,0.0,0.0,,0.0,,0.0,,0.0,False,3,0.0,0.0,0.0,0.0,DORMANT,,,0.0,,0.0,,,0.0,,,0.0,,0.0,,,0.0
500222299,(DPA) XY BRACKET,TCB,"ASM-Pacific,Phoenix",Order to Demand,,288.9,25.0,3,0.375,202409,202601,16,False,0.0,0.0,0.0,False,0.0,0.0,,0.0,,0.0,,0.0,False,3,0.0,0.0,0.0,0.0,DORMANT,,,0.0,,0.0,,,0.0,,,0.0,,0.0,,,0.0
500222300,(DPA) Y MOTOR,TCB,"ASM-Pacific,Phoenix;ASM-Pacific,Firebird",Order to Demand,shared with XG756,1049.31,15.0,3,0.375,202409,202601,16,False,0.0,0.0,0.0,False,0.0,0.0,,0.0,,0.0,,0.0,False,3,0.0,0.0,0.0,0.0,DORMANT,,,0.0,,0.0,,,0.0,,,0.0,,0.0,,,0.0
500222301,LM GUIDE SSR15XW2UUC1+400LYSPM-II,TCB,"ASM-Pacific,Phoenix;ASM-Pacific,Firebird",Order to Demand,shared with XG756,1136.61,15.0,3,0.375,202409,202601,16,False,0.0,0.0,0.0,False,0.0,0.0,,0.0,,0.0,,0.0,False,3,0.0,0.0,0.0,0.0,DORMANT,,,0.0,,0.0,,,0.0,,,0.0,,0.0,,,0.0
500222302,STANDARD STOPPER,TCB,"ASM-Pacific,Phoenix;GENERIC",Order to Demand,,4.5,25.0,3,0.375,202409,202601,16,False,0.0,0.0,0.0,False,0.0,0.0,,0.0,,0.0,,0.0,False,3,0.0,0.0,0.0,0.0,DORMANT,,,0.0,,0.0,,,0.0,,,0.0,,0.0,,,0.0
500222303,(DPA) Y BASE,TCB,"ASM-Pacific,Phoenix",Order to Demand,,521.1,25.0,3,0.375,202409,202601,16,False,0.0,0.0,0.0,False,0.0,0.0,,0.0,,0.0,,0.0,False,3,0.0,0.0,0.0,0.0,DORMANT,,,0.0,,0.0,,,0.0,,,0.0,,0.0,,,0.0
500222304,(DPA) Y ENCODER SCALE MOUNTING,TCB,"ASM-Pacific,Phoenix",Order to Demand,,117.9,25.0,3,0.375,202409,202601,16,False,0.0,0.0,0.0,False,0.0,0.0,,0.0,,0.0,,0.0,False,3,0.0,0.0,0.0,0.0,DORMANT,,,0.0,,0.0,,,0.0,,,0.0,,0.0,,,0.0
500222305,(DPA) Y PLATE,TCB,"ASM-Pacific,Phoenix",Order to Demand,,153.9,25.0,3,0.375,202409,202601,16,False,0.0,0.0,0.0,False,0.0,0.0,,0.0,,0.0,,0.0,False,3,0.0,0.0,0.0,0.0,DORMANT,,,0.0,,0.0,,,0.0,,,0.0,,0.0,,,0.0
500222306,(DPA) Z STAGE,TCB,"GENERIC;ASM-Pacific,Phoenix",Order to Demand,,9576.9,70.0,3,0.375,202409,202601,16,False,0.0,0.0,0.0,False,0.0,0.0,,0.0,,0.0,,0.0,False,3,0.0,0.0,0.0,0.0,DORMANT,,,0.0,,0.0,,,0.0,,,0.0,,0.0,,,0.0
500222307,(DPA) Y END SUPPORTING PLATE,TCB,"ASM-Pacific,Phoenix",Order to Demand,,56.7,25.0,3,0.375,202409,202601,16,False,0.0,0.0,0.0,False,0.0,0.0,,0.0,,0.0,,0.0,False,3,0.0,0.0,0.0,0.0,DORMANT,,,0.0,,0.0,,,0.0,,,0.0,,0.0,,,0.0
500222308,(DPA) Y TOP COVER,TCB,"ASM-Pacific,Phoenix",Order to Demand,,57.6,25.0,3,0.375,202409,202601,16,False,0.0,0.0,0.0,False,0.0,0.0,,0.0,,0.0,,0.0,False,3,0.0,0.0,0.0,0.0,DORMANT,,,0.0,,0.0,,,0.0,,,0.0,,0.0,,,0.0
500222309,"STOPPER ASSY (M3, L8)",TCB,"ASM-Pacific,Phoenix;GENERIC",Order to Demand,,9.9,25.0,3,0.375,202409,202601,16,False,0.0,0.0,0.0,False,0.0,0.0,,0.0,,0.0,,0.0,False,3,0.0,0.0,0.0,0.0,DORMANT,,,0.0,,0.0,,,0.0,,,0.0,,0.0,,,0.0
500222310,(DPA) Y SIDE COVER,TCB,"ASM-Pacific,Phoenix",Order to Demand,,24.3,25.0,3,0.375,202409,202601,16,False,0.0,0.0,0.0,False,0.0,0.0,,0.0,,0.0,,0.0,False,3,0.0,0.0,0.0,0.0,DORMANT,,,0.0,,0.0,,,0.0,,,0.0,,0.0,,,0.0
500222311,(DPA) Z MOTOR,TCB,"ASM-Pacific,Phoenix",Order To Max,shared with XG756,555.89,15.0,3,0.375,202409,202601,16,False,0.0,0.0,1.0,True,0.333,0.471,1.414,0.0,,-0.023,-0.0691,0.0438,False,3,1.0,1.0,2.0,0.667,INTERMITTENT,,,0.0,,1.0,,,0.0,,,0.0,,1.0,,,0.0
500222312,SOC HD CAP SCREW M3X8 ALLOY ST NI PLT,TCB,"GENERIC;ASM-Pacific,Phoenix",Order To Max,,0.9,25.0,3,0.375,202409,202601,16,False,0.0,0.0,0.0,False,0.0,0.0,,0.0,,0.0,,0.0,False,3,0.0,0.0,0.0,0.0,DORMANT,,,0.0,,0.0,,,0.0,,,0.0,,0.0,,,0.0
500222313,"PIN,DOWEL,DIA3X10LG,X,STAGE,LEFT",TCB,"ASM-Pacific,Phoenix",Order to Demand,,0.64,15.0,3,0.375,202409,202601,16,False,0.0,0.0,0.0,False,0.0,0.0,,0.0,,0.0,,0.0,False,3,0.0,0.0,0.0,0.0,DORMANT,,,0.0,,0.0,,,0.0,,,0.0,,0.0,,,0.0
500222314,(DPA) Z ENCODER MOUNT,TCB,"ASM-Pacific,Phoenix",Order to Demand,,45.9,25.0,3,0.375,202409,202601,16,False,0.0,0.0,0.0,False,0.0,0.0,,0.0,,0.0,,0.0,False,3,0.0,0.0,0.0,0.0,DORMANT,,,0.0,,0.0,,,0.0,,,0.0,,0.0,,,0.0
500222315,(DPA) Z SLIDE,TCB,"GENERIC;ASM-Pacific,Phoenix",Order to Demand,,99.9,25.0,3,0.375,202409,202601,16,False,0.0,0.0,0.0,False,0.0,0.0,,0.0,,0.0,,0.0,False,3,0.0,0.0,0.0,0.0,DORMANT,,,0.0,,0.0,,,0.0,,,0.0,,0.0,,,0.0
500222316,(DPA) VACUUM SENSOR MANIFOLD,TCB,"GENERIC;ASM-Pacific,Phoenix",Order to Demand,,51.3,25.0,3,0.375,202409,202601,16,False,0.0,0.0,0.0,False,0.0,0.0,,0.0,,0.0,,0.0,False,3,0.0,0.0,0.0,0.0,DORMANT,,,0.0,,0.0,,,0.0,,,0.0,,0.0,,,0.0
500222317,(DPA) Z BASE,TCB,"ASM-Pacific,Phoenix",Order to Demand,,187.2,25.0,3,0.375,202409,202601,16,False,0.0,0.0,0.0,False,0.0,0.0,,0.0,,0.0,,0.0,False,3,0.0,0.0,0.0,0.0,DORMANT,,,0.0,,0.0,,,0.0,,,0.0,,0.0,,,0.0
500222318,(DPA) MOUNTING FRAMEWORK,TCB,"ASM-Pacific,Phoenix",Order to Demand,,63.9,25.0,3,0.375,202409,202601,16,False,0.0,0.0,0.0,False,0.0,0.0,,0.0,,0.0,,0.0,False,3,0.0,0.0,0.0,0.0,DORMANT,,,0.0,,0.0,,,0.0,,,0.0,,0.0,,,0.0
500222319,(DPA) PCB HOLDER,TCB,"ASM-Pacific,Phoenix",Order to Demand,,63.9,25.0,3,0.375,202409,202601,16,False,0.0,0.0,0.0,False,0.0,0.0,,0.0,,0.0,,0.0,False,3,0.0,0.0,0.0,0.0,DORMANT,,,0.0,,0.0,,,0.0,,,0.0,,0.0,,,0.0
500222320,(DPA) SOLENOID VALVES BASE MOUNTING,TCB,"ASM-Pacific,Phoenix",Order to Demand,,35.1,25.0,3,0.375,202409,202601,16,False,0.0,0.0,0.0,False,0.0,0.0,,0.0,,0.0,,0.0,False,3,0.0,0.0,0.0,0.0,DORMANT,,,0.0,,0.0,,,0.0,,,0.0,,0.0,,,0.0
500222321,(DPA) Z MOVING CABLE CLAMP,TCB,"ASM-Pacific,Phoenix",Order to Demand,,41.4,25.0,3,0.375,202409,202601,16,False,0.0,0.0,0.0,False,0.0,0.0,,0.0,,0.0,,0.0,False,3,0.0,0.0,0.0,0.0,DORMANT,,,0.0,,0.0,,,0.0,,,0.0,,0.0,,,0.0
500222322,(DPA) Z MAGNETIC SPRING SLEEVE HOLDER,TCB,"ASM-Pacific,Phoenix",Order to Demand,,43.2,25.0,3,0.375,202409,202601,16,False,0.0,0.0,0.0,False,0.0,0.0,,0.0,,0.0,,0.0,False,3,0.0,0.0,0.0,0.0,DORMANT,,,0.0,,0.0,,,0.0,,,0.0,,0.0,,,0.0
500222323,(DPA) Z MAGNETIC SPRING ROD HOLDER,TCB,"ASM-Pacific,Phoenix",Order to Demand,,45.9,25.0,3,0.375,202409,202601,16,False,0.0,0.0,0.0,False,0.0,0.0,,0.0,,0.0,,0.0,False,3,0.0,0.0,0.0,0.0,DORMANT,,,0.0,,0.0,,,0.0,,,0.0,,0.0,,,0.0
500222324,(DPA) C-CLAMP MOUNT,TCB,"ASM-Pacific,Phoenix",Order to Demand,,83.7,25.0,3,0.375,202409,202601,16,False,0.0,0.0,0.0,False,0.0,0.0,,0.0,,0.0,,0.0,False,3,0.0,0.0,0.0,0.0,DORMANT,,,0.0,,0.0,,,0.0,,,0.0,,0.0,,,0.0
500222325,(DPA) Z MAGNET SHIELD PLATE,TCB,"ASM-Pacific,Phoenix",Order to Demand,,58.5,25.0,3,0.375,202409,202601,16,False,0.0,0.0,0.0,False,0.0,0.0,,0.0,,0.0,,0.0,False,3,0.0,0.0,0.0,0.0,DORMANT,,,0.0,,0.0,,,0.0,,,0.0,,0.0,,,0.0
500222326,(DPA) Z MAGNET SPRING JACKET,TCB,"ASM-Pacific,Phoenix",Order to Demand,,24.3,25.0,3,0.375,202409,202601,16,False,0.0,0.0,0.0,False,0.0,0.0,,0.0,,0.0,,0.0,False,3,0.0,0.0,0.0,0.0,DORMANT,,,0.0,,0.0,,,0.0,,,0.0,,0.0,,,0.0
500222327,(DFH) FRONT PLATFORM,TCB,"ASM-Pacific,Phoenix",Order to Demand,,8547.3,25.0,3,0.375,202409,202601,16,False,0.0,0.0,0.0,False,0.0,0.0,,0.0,,0.0,,0.0,False,3,0.0,0.0,0.0,0.0,DORMANT,,,0.0,,0.0,,,0.0,,,0.0,,0.0,,,0.0
500222328,(DPA) Z UPPER STOPPER,TCB,"ASM-Pacific,Phoenix;GENERIC",Order to Demand,,20.7,25.0,3,0.375,202409,202601,16,False,0.0,0.0,0.0,False,0.0,0.0,,0.0,,0.0,,0.0,False,3,0.0,0.0,0.0,0.0,DORMANT,,,0.0,,0.0,,,0.0,,,0.0,,0.0,,,0.0
500222329,MIRROR ASSY WITH PROTECTIVE GLASS,TCB,"ASM-Pacific,Phoenix",Order to Demand,shared with XG756,108.13,25.0,3,0.375,202409,202601,16,False,0.0,0.0,0.0,False,0.0,0.0,,0.0,,0.0,,0.0,False,3,0.0,0.0,0.0,0.0,DORMANT,,,0.0,,0.0,,,0.0,,,0.0,,0.0,,,0.0
500222330,(DPA) UL OPTICS MOUNTING V4,TCB,"ASM-Pacific,Phoenix",Order to Demand,,191.7,25.0,3,0.375,202409,202601,16,False,0.0,0.0,0.0,False,0.0,0.0,,0.0,,0.0,,0.0,False,3,0.0,0.0,0.0,0.0,DORMANT,,,0.0,,0.0,,,0.0,,,0.0,,0.0,,,0.0
500222331,"(DFH) BH NOZZLE BANK, 20XX",TCB,"ASM-Pacific,Phoenix",Order to Demand,,31.5,25.0,4,0.5,202407,202601,18,False,0.0,0.0,0.0,False,0.0,0.0,,0.0,,0.0,,0.0,False,4,0.0,0.0,0.0,0.0,DORMANT,0.0,,0.0,,0.0,,,0.0,0.0,,0.0,,0.0,,,0.0
500222332,"(DFH) BH NOZZLE BANK, 28XX",TCB,"ASM-Pacific,Phoenix",Order to Demand,,31.5,55.0,4,0.5,202407,202601,18,False,0.0,0.0,0.0,False,0.0,0.0,,0.0,,0.0,,0.0,False,4,0.0,0.0,0.0,0.0,DORMANT,0.0,,0.0,,0.0,,,0.0,0.0,,0.0,,0.0,,,0.0
500222333,NOZZLE MAGAZINE TYPE 20XX,TCB,"ASM-Pacific,Phoenix;ASM-Pacific,Firebird",Order To Max,shared with XG756,277.14,15.0,5,0.625,202409,202601,16,False,0.0,0.0,0.0,False,0.0,0.0,,0.0,,0.0,,0.0,False,5,0.0,0.0,0.0,0.0,DORMANT,,,0.0,,0.0,0.0,0.0,0.0,,,0.0,,0.0,0.0,0.0,0.0
500222334,NOZZLE CHANGER BASIS ASSEMBLY CPX LONG,TCB,"ASM-Pacific,Phoenix",Order to Demand,,4917.6,25.0,3,0.375,202409,202601,16,False,0.0,0.0,0.0,False,0.0,0.0,,0.0,,0.0,,0.0,False,3,0.0,0.0,0.0,0.0,DORMANT,,,0.0,,0.0,,,0.0,,,0.0,,0.0,,,0.0
500222335,(DFH) SDK REJECT BIN,TCB,"ASM-Pacific,Phoenix",Order to Demand,,85.7,25.0,3,0.375,202409,202601,16,False,0.0,0.0,0.0,False,0.0,0.0,,0.0,,0.0,,0.0,False,3,0.0,0.0,0.0,0.0,DORMANT,,,0.0,,0.0,,,0.0,,,0.0,,0.0,,,0.0
500222336,(OUFC) KEY WAY_LONG,TCB,"ASM-Pacific,Phoenix",Order to Demand,,20.7,25.0,3,0.375,202409,202601,16,False,0.0,0.0,0.0,False,0.0,0.0,,0.0,,0.0,,0.0,False,3,0.0,0.0,0.0,0.0,DORMANT,,,0.0,,0.0,,,0.0,,,0.0,,0.0,,,0.0
500222337,(OUFC) KEY WAY_SHORT,TCB,"ASM-Pacific,Phoenix",Order to Demand,,19.8,25.0,3,0.375,202409,202601,16,False,0.0,0.0,0.0,False,0.0,0.0,,0.0,,0.0,,0.0,False,3,0.0,0.0,0.0,0.0,DORMANT,,,0.0,,0.0,,,0.0,,,0.0,,0.0,,,0.0
500222338,NOZZLE MAGAZINE TYPE 28XX,TCB,"ASM-Pacific,Phoenix",Order To Max,shared with XG756,439.74,25.0,5,0.625,202409,202601,16,False,0.0,0.0,0.0,False,0.0,0.0,,0.0,,0.0,,0.0,False,5,0.0,0.0,0.0,0.0,DORMANT,,,0.0,,0.0,0.0,0.0,0.0,,,0.0,,0.0,0.0,0.0,0.0
500222339,(DFH) NOZZLE CHANGER COVER,TCB,"ASM-Pacific,Phoenix",Order to Demand,,54.0,25.0,3,0.375,202409,202601,16,False,0.0,0.0,0.0,False,0.0,0.0,,0.0,,0.0,,0.0,False,3,0.0,0.0,0.0,0.0,DORMANT,,,0.0,,0.0,,,0.0,,,0.0,,0.0,,,0.0
500222340,(DPA) UPLOOK CAMERA CABLE CLAMP,TCB,"ASM-Pacific,Phoenix",Order to Demand,,32.4,25.0,3,0.375,202409,202601,16,False,0.0,0.0,0.0,False,0.0,0.0,,0.0,,0.0,,0.0,False,3,0.0,0.0,0.0,0.0,DORMANT,,,0.0,,0.0,,,0.0,,,0.0,,0.0,,,0.0
500222341,LEFT EPOXY WRITER (HVM),TCB,"GENERIC;ASM-Pacific,Phoenix",Order to Demand,,7596.0,25.0,3,0.375,202409,202601,16,False,0.0,0.0,0.0,False,0.0,0.0,,0.0,,0.0,,0.0,False,3,0.0,0.0,0.0,0.0,DORMANT,,,0.0,,0.0,,,0.0,,,0.0,,0.0,,,0.0
500222342,DISP Z MOUNT (LEFT),TCB,"ASM-Pacific,Phoenix",Order to Demand,,137.7,25.0,3,0.375,202409,202601,16,False,0.0,0.0,0.0,False,0.0,0.0,,0.0,,0.0,,0.0,False,3,0.0,0.0,0.0,0.0,DORMANT,,,0.0,,0.0,,,0.0,,,0.0,,0.0,,,0.0
500222343,DISP Z ADAPTOR (LEFT),TCB,"ASM-Pacific,Phoenix",Order to Demand,,124.2,25.0,3,0.375,202409,202601,16,False,0.0,0.0,0.0,False,0.0,0.0,,0.0,,0.0,,0.0,False,3,0.0,0.0,0.0,0.0,DORMANT,,,0.0,,0.0,,,0.0,,,0.0,,0.0,,,0.0
500222344,DISP DISPENSING HEAD BASE MOUNT L,TCB,"ASM-Pacific,Phoenix",Order to Demand,,97.2,25.0,3,0.375,202409,202601,16,False,0.0,0.0,0.0,False,0.0,0.0,,0.0,,0.0,,0.0,False,3,0.0,0.0,0.0,0.0,DORMANT,,,0.0,,0.0,,,0.0,,,0.0,,0.0,,,0.0
500222345,DISP Z TABLE ASSY (LEFT),TCB,"ASM-Pacific,Phoenix;GENERIC",Order to Demand,,3352.5,25.0,3,0.375,202409,202601,16,False,0.0,0.0,0.0,False,0.0,0.0,,0.0,,0.0,,0.0,False,3,0.0,0.0,0.0,0.0,DORMANT,,,0.0,,0.0,,,0.0,,,0.0,,0.0,,,0.0
500222346,(EW)EPOXY WRITER Z ENC ASSY,TCB,"ASM-Pacific,Phoenix",Order to Demand,,784.98,25.0,3,0.375,202409,202601,16,False,0.0,0.0,0.0,False,0.0,0.0,,0.0,,0.0,,0.0,False,3,0.0,0.0,0.0,0.0,DORMANT,,,0.0,,0.0,,,0.0,,,0.0,,0.0,,,0.0
500222347,DISP Z ENCORDER REF MOUNT (L),TCB,"ASM-Pacific,Phoenix",Order to Demand,,43.2,25.0,3,0.375,202409,202601,16,False,0.0,0.0,0.0,False,0.0,0.0,,0.0,,0.0,,0.0,False,3,0.0,0.0,0.0,0.0,DORMANT,,,0.0,,0.0,,,0.0,,,0.0,,0.0,,,0.0
500222348,DISP HEAD QUICK RELEASE ASSY L,TCB,"ASM-Pacific,Phoenix",Order to Demand,,162.0,25.0,3,0.375,202409,202601,16,False,0.0,0.0,0.0,False,0.0,0.0,,0.0,,0.0,,0.0,False,3,0.0,0.0,0.0,0.0,DORMANT,,,0.0,,0.0,,,0.0,,,0.0,,0.0,,,0.0
500222349,"DISP MINI Z ASSY L (D ACT, D8)",TCB,"ASM-Pacific,Phoenix",Order to Demand,,920.7,25.0,3,0.375,202409,202601,16,False,0.0,0.0,0.0,False,0.0,0.0,,0.0,,0.0,,0.0,False,3,0.0,0.0,0.0,0.0,DORMANT,,,0.0,,0.0,,,0.0,,,0.0,,0.0,,,0.0
500222350,DISP D-ACT MXQ UPPER SENSOR L,TCB,"GENERIC;ASM-Pacific,Phoenix",Order to Demand,,33.64,25.0,4,0.5,202407,202601,18,False,0.0,0.0,0.0,False,0.0,0.0,,0.0,,0.0,,0.0,False,4,0.0,0.0,0.0,0.0,DORMANT,0.0,,0.0,,0.0,,,0.0,0.0,,0.0,,0.0,,,0.0
500222351,RIGHT EPOXY WRITER (HVM),TCB,"GENERIC;ASM-Pacific,Phoenix",Order to Demand,,7666.2,25.0,3,0.375,202409,202601,16,False,0.0,0.0,0.0,False,0.0,0.0,,0.0,,0.0,,0.0,False,3,0.0,0.0,0.0,0.0,DORMANT,,,0.0,,0.0,,,0.0,,,0.0,,0.0,,,0.0
500222352,DOWEL PIN D5 X L12,TCB,"ASM-Pacific,Phoenix",Order to Demand,,1.6,25.0,4,0.5,202407,202601,18,False,0.0,0.0,0.0,False,0.0,0.0,,0.0,,0.0,,0.0,False,4,0.0,0.0,0.0,0.0,DORMANT,0.0,,0.0,,0.0,,,0.0,0.0,,0.0,,0.0,,,0.0
500222353,DISP D-ACT MXQ LOWER SENSOR L,TCB,"ASM-Pacific,Phoenix;GENERIC",Order to Demand,,33.64,25.0,4,0.5,202407,202601,18,False,0.0,0.0,0.0,False,0.0,0.0,,0.0,,0.0,,0.0,False,4,0.0,0.0,0.0,0.0,DORMANT,0.0,,0.0,,0.0,,,0.0,0.0,,0.0,,0.0,,,0.0
500222354,"DOWEL PIN D4 X L10, SST",TCB,"ASM-Pacific,Phoenix",Order to Demand,shared with XG756,2.4,15.0,4,0.5,202407,202601,18,False,0.0,0.0,0.0,False,0.0,0.0,,0.0,,0.0,,0.0,False,4,0.0,0.0,0.0,0.0,DORMANT,0.0,,0.0,,0.0,,,0.0,0.0,,0.0,,0.0,,,0.0
500222355,DISP Z MOUNT (RIGHT),TCB,"ASM-Pacific,Phoenix",Order to Demand,,162.0,25.0,3,0.375,202409,202601,16,False,0.0,0.0,0.0,False,0.0,0.0,,0.0,,0.0,,0.0,False,3,0.0,0.0,0.0,0.0,DORMANT,,,0.0,,0.0,,,0.0,,,0.0,,0.0,,,0.0
500222356,DISP Z ADAPTOR (RIGHT),TCB,"ASM-Pacific,Phoenix",Order to Demand,,153.0,25.0,3,0.375,202409,202601,16,False,0.0,0.0,0.0,False,0.0,0.0,,0.0,,0.0,,0.0,False,3,0.0,0.0,0.0,0.0,DORMANT,,,0.0,,0.0,,,0.0,,,0.0,,0.0,,,0.0
500222357,DISP DISPENSING HEAD BASE MOUNT R,TCB,"ASM-Pacific,Phoenix",Order to Demand,,136.8,25.0,3,0.375,202409,202601,16,False,0.0,0.0,0.0,False,0.0,0.0,,0.0,,0.0,,0.0,False,3,0.0,0.0,0.0,0.0,DORMANT,,,0.0,,0.0,,,0.0,,,0.0,,0.0,,,0.0
500222358,DISP Z TABLE ASSY (RIGHT),TCB,"ASM-Pacific,Phoenix;GENERIC",Order to Demand,,4023.0,25.0,3,0.375,202409,202601,16,False,0.0,0.0,0.0,False,0.0,0.0,,0.0,,0.0,,0.0,False,3,0.0,0.0,0.0,0.0,DORMANT,,,0.0,,0.0,,,0.0,,,0.0,,0.0,,,0.0
500222359,(EW)EPOXY WRITER Z ENC ASSY,TCB,"ASM-Pacific,Phoenix",Order to Demand,,941.17,25.0,3,0.375,202409,202601,16,False,0.0,0.0,0.0,False,0.0,0.0,,0.0,,0.0,,0.0,False,3,0.0,0.0,0.0,0.0,DORMANT,,,0.0,,0.0,,,0.0,,,0.0,,0.0,,,0.0
500222360,"DOWEL PIN D3 X L8, SST",TCB,"ASM-Pacific,Phoenix",Order to Demand,,1.6,25.0,4,0.5,202407,202601,18,False,0.0,0.0,0.0,False,0.0,0.0,,0.0,,0.0,,0.0,False,4,0.0,0.0,0.0,0.0,DORMANT,0.0,,0.0,,0.0,,,0.0,0.0,,0.0,,0.0,,,0.0
500222361,TCB DISP Z ROD MOTOR ASSY,TCB,"ASM-Pacific,Phoenix",Order to Demand,,709.68,25.0,3,0.375,202409,202601,16,False,0.0,0.0,0.0,False,0.0,0.0,,0.0,,0.0,,0.0,False,3,0.0,0.0,0.0,0.0,DORMANT,,,0.0,,0.0,,,0.0,,,0.0,,0.0,,,0.0
500222362,COVER-STOPPER,TCB,"GENERIC;ASM-Pacific,Phoenix",Order to Demand,,10.8,25.0,3,0.375,202409,202601,16,False,0.0,0.0,0.0,False,0.0,0.0,,0.0,,0.0,,0.0,False,3,0.0,0.0,0.0,0.0,DORMANT,,,0.0,,0.0,,,0.0,,,0.0,,0.0,,,0.0
500222363,DISP Z ENCODER MOUNT,TCB,"ASM-Pacific,Phoenix",Order to Demand,,41.4,25.0,3,0.375,202409,202601,16,False,0.0,0.0,0.0,False,0.0,0.0,,0.0,,0.0,,0.0,False,3,0.0,0.0,0.0,0.0,DORMANT,,,0.0,,0.0,,,0.0,,,0.0,,0.0,,,0.0
500222364,DISP Z ENCORDER REF MOUNT (R),TCB,"ASM-Pacific,Phoenix",Order to Demand,,45.0,25.0,3,0.375,202409,202601,16,False,0.0,0.0,0.0,False,0.0,0.0,,0.0,,0.0,,0.0,False,3,0.0,0.0,0.0,0.0,DORMANT,,,0.0,,0.0,,,0.0,,,0.0,,0.0,,,0.0
500222481,PANEL MOUNT ADAPTOR ZS-35-C,TCB,"ASM-Pacific,Phoenix",Order to Demand,,13.5,25.0,3,0.375,202409,202601,16,False,0.0,0.0,0.0,False,0.0,0.0,,0.0,,0.0,,0.0,False,3,0.0,0.0,0.0,0.0,DORMANT,,,0.0,,0.0,,,0.0,,,0.0,,0.0,,,0.0
500222482,IR PRECISION REGULATOR 1/4IN,TCB,"ASM-Pacific,Phoenix;ASM-Pacific,Firebird",Order To Max,shared with XG756,75.8,15.0,3,0.375,202409,202601,16,False,0.0,0.0,0.0,False,0.0,0.0,,0.0,,0.0,,0.0,False,3,0.0,0.0,0.0,0.0,DORMANT,,,0.0,,0.0,,,0.0,,,0.0,,0.0,,,0.0
500222483,EPOXY WRITER PENU SYSTEM,TCB,"GENERIC;ASM-Pacific,Phoenix",Order to Demand,,1494.66,25.0,3,0.375,202409,202601,16,False,0.0,0.0,0.0,False,0.0,0.0,,0.0,,0.0,,0.0,False,3,0.0,0.0,0.0,0.0,DORMANT,,,0.0,,0.0,,,0.0,,,0.0,,0.0,,,0.0
500222484,REAR AIR IONIZER PNEU SOL(R),TCB,"ASM-Pacific,Phoenix",Order to Demand,,124.15,25.0,3,0.375,202409,202601,16,False,0.0,0.0,0.0,False,0.0,0.0,,0.0,,0.0,,0.0,False,3,0.0,0.0,0.0,0.0,DORMANT,,,0.0,,0.0,,,0.0,,,0.0,,0.0,,,0.0
500222485,PANEL MOUNT ADAPPTER ZS-27-D,TCB,"ASM-Pacific,Phoenix",Order to Demand,,9.9,25.0,3,0.375,202409,202601,16,False,0.0,0.0,0.0,False,0.0,0.0,,0.0,,0.0,,0.0,False,3,0.0,0.0,0.0,0.0,DORMANT,,,0.0,,0.0,,,0.0,,,0.0,,0.0,,,0.0
500222486,"SOLENOID,EPOXY,WRITER,CYL,EW-L,LEFT,2",TCB,"GENERIC;ASM-Pacific,Phoenix",Order to Demand,,160.2,15.0,4,0.5,202407,202601,18,False,0.0,0.0,0.0,False,0.0,0.0,,0.0,,0.0,,0.0,False,4,0.0,0.0,0.0,0.0,DORMANT,0.0,,0.0,,0.0,,,0.0,0.0,,0.0,,0.0,,,0.0
500222487,FRONT N2 IONIZER PNEU SOL,TCB,"GENERIC;ASM-Pacific,Phoenix",Order to Demand,,124.15,15.0,3,0.375,202409,202601,16,False,0.0,0.0,0.0,False,0.0,0.0,,0.0,,0.0,,0.0,False,3,0.0,0.0,0.0,0.0,DORMANT,,,0.0,,0.0,,,0.0,,,0.0,,0.0,,,0.0
500222488,"SOLENOID,EPOXY,WRITER,CYL,EW-L,LEFT,1",TCB,"GENERIC;ASM-Pacific,Phoenix",Order to Demand,,160.2,15.0,4,0.5,202407,202601,18,False,0.0,0.0,0.0,False,0.0,0.0,,0.0,,0.0,,0.0,False,4,0.0,0.0,0.0,0.0,DORMANT,0.0,,0.0,,0.0,,,0.0,0.0,,0.0,,0.0,,,0.0
500222489,(EW-L)EPOXY WRITER MINI-Z PENU SOL,TCB,"ASM-Pacific,Phoenix;GENERIC",Order to Demand,,160.2,15.0,4,0.5,202407,202601,18,False,0.0,0.0,0.0,False,0.0,0.0,,0.0,,0.0,,0.0,False,4,0.0,0.0,0.0,0.0,DORMANT,0.0,,0.0,,0.0,,,0.0,0.0,,0.0,,0.0,,,0.0
500222490,"SOLENOID,EPOXY,WRITER,CYL,EW-L,LEFT,4",TCB,"ASM-Pacific,Phoenix;GENERIC",Order to Demand,,160.2,15.0,4,0.5,202407,202601,18,False,0.0,0.0,0.0,False,0.0,0.0,,0.0,,0.0,,0.0,False,4,0.0,0.0,0.0,0.0,DORMANT,0.0,,0.0,,0.0,,,0.0,0.0,,0.0,,0.0,,,0.0
500222491,EPOXY WRITER SOL PANEL,TCB,"ASM-Pacific,Phoenix",Order to Demand,,23.4,25.0,3,0.375,202409,202601,16,False,0.0,0.0,0.0,False,0.0,0.0,,0.0,,0.0,,0.0,False,3,0.0,0.0,0.0,0.0,DORMANT,,,0.0,,0.0,,,0.0,,,0.0,,0.0,,,0.0
500222492,EPOXY WRITER SOL FIX MOUNT,TCB,"ASM-Pacific,Phoenix",Order to Demand,,45.0,25.0,3,0.375,202409,202601,16,False,0.0,0.0,0.0,False,0.0,0.0,,0.0,,0.0,,0.0,False,3,0.0,0.0,0.0,0.0,DORMANT,,,0.0,,0.0,,,0.0,,,0.0,,0.0,,,0.0
500222493,VIBRATION ISOLATOR MM-100-UC04-SL20300,TCB,"ASM-Pacific,Phoenix",Order to Demand,,3.2,25.0,4,0.5,202407,202601,18,False,0.0,0.0,0.0,False,0.0,0.0,,0.0,,0.0,,0.0,False,4,0.0,0.0,0.0,0.0,DORMANT,0.0,,0.0,,0.0,,,0.0,0.0,,0.0,,0.0,,,0.0
500222494,Y TABLE,TCB,"ASM-Pacific,Phoenix;GENERIC",Order to Demand,,12004.2,25.0,3,0.375,202409,202601,16,False,0.0,0.0,0.0,False,0.0,0.0,,0.0,,0.0,,0.0,False,3,0.0,0.0,0.0,0.0,DORMANT,,,0.0,,0.0,,,0.0,,,0.0,,0.0,,,0.0
500222495,Y ENC ASSY,TCB,"ASM-Pacific,Phoenix",Order to Demand,,780.97,15.0,3,0.375,202409,202601,16,False,0.0,0.0,0.0,False,0.0,0.0,,0.0,,0.0,,0.0,False,3,0.0,0.0,0.0,0.0,DORMANT,,,0.0,,0.0,,,0.0,,,0.0,,0.0,,,0.0
500222496,"SENSOR,LIMIT,Y-TABLE,SHUTTLE",TCB,"ASM-Pacific,Phoenix;GENERIC",Order to Demand,,45.65,25.0,5,0.625,202407,202601,18,False,0.0,0.0,1.0,True,0.2,0.4,2.0,0.0,,-0.0192,-0.096,-0.0192,False,5,0.0,0.0,0.0,0.0,INTERMITTENT,0.0,1.0,0.0,,0.0,,,0.0,0.0,0.0,0.0,,0.0,,,0.0
500222497,Y SHUTTLE Y MOTOR ASSY,TCB,"ASM-Pacific,Phoenix",Order to Demand,,2018.52,25.0,3,0.375,202409,202601,16,False,0.0,0.0,0.0,False,0.0,0.0,,0.0,,0.0,,0.0,False,3,0.0,0.0,0.0,0.0,DORMANT,,,0.0,,0.0,,,0.0,,,0.0,,0.0,,,0.0
500222498,SOC HD CAP SCREW M4X10 ALLOY ST NI PLT,TCB,"GENERIC;ASM-Pacific,Phoenix",Order to Demand,,0.9,25.0,3,0.375,202409,202601,16,False,0.0,0.0,0.0,False,0.0,0.0,,0.0,,0.0,,0.0,False,3,0.0,0.0,0.0,0.0,DORMANT,,,0.0,,0.0,,,0.0,,,0.0,,0.0,,,0.0
500222499,SOC HD CAP SCREW M4X16 ALLOY ST NI PLT,TCB,"GENERIC;ASM-Pacific,Phoenix",Order to Demand,,0.9,25.0,3,0.375,202409,202601,16,False,0.0,0.0,0.0,False,0.0,0.0,,0.0,,0.0,,0.0,False,3,0.0,0.0,0.0,0.0,DORMANT,,,0.0,,0.0,,,0.0,,,0.0,,0.0,,,0.0
500222500,HGL15CA4R940ZAPII,TCB,"ASM-Pacific,Phoenix",Order to Demand,,870.68,25.0,3,0.375,202409,202601,16,False,0.0,0.0,0.0,False,0.0,0.0,,0.0,,0.0,,0.0,False,3,0.0,0.0,0.0,0.0,DORMANT,,,0.0,,0.0,,,0.0,,,0.0,,0.0,,,0.0
500222501,DISP HEAD QUICK RELEASE ASSY R,TCB,"ASM-Pacific,Phoenix",Order to Demand,,194.4,25.0,3,0.375,202409,202601,16,False,0.0,0.0,0.0,False,0.0,0.0,,0.0,,0.0,,0.0,False,3,0.0,0.0,0.0,0.0,DORMANT,,,0.0,,0.0,,,0.0,,,0.0,,0.0,,,0.0
500222502,DISP D-ACT MXQ UPPER SENSOR R,TCB,"GENERIC;ASM-Pacific,Phoenix",Order to Demand,,33.64,25.0,4,0.5,202407,202601,18,False,0.0,0.0,0.0,False,0.0,0.0,,0.0,,0.0,,0.0,False,4,0.0,0.0,0.0,0.0,DORMANT,0.0,,0.0,,0.0,,,0.0,0.0,,0.0,,0.0,,,0.0
500222503,"DISP MINI Z ASSY R (D ACT, D8)",TCB,"ASM-Pacific,Phoenix",Order to Demand,,819.42,25.0,3,0.375,202409,202601,16,False,0.0,0.0,0.0,False,0.0,0.0,,0.0,,0.0,,0.0,False,3,0.0,0.0,0.0,0.0,DORMANT,,,0.0,,0.0,,,0.0,,,0.0,,0.0,,,0.0
500222504,DISP D-ACT MXQ LOWER SENSOR R,TCB,"GENERIC;ASM-Pacific,Phoenix",Order to Demand,,33.64,25.0,4,0.5,202407,202601,18,False,0.0,0.0,0.0,False,0.0,0.0,,0.0,,0.0,,0.0,False,4,0.0,0.0,0.0,0.0,DORMANT,0.0,,0.0,,0.0,,,0.0,0.0,,0.0,,0.0,,,0.0
500222505,AIR SLIDE TABLE MXQ8-10,TCB,"GENERIC;ASM-Pacific,Phoenix",Order to Demand,,732.91,25.0,3,0.375,202409,202601,16,False,0.0,0.0,0.0,False,0.0,0.0,,0.0,,0.0,,0.0,False,3,0.0,0.0,0.0,0.0,DORMANT,,,0.0,,0.0,,,0.0,,,0.0,,0.0,,,0.0
500222506,MINATURE FITTINGS 10-M-5ALU-4,TCB,"ASM-Pacific,Phoenix",Order to Demand,,12.01,25.0,3,0.375,202409,202601,16,False,0.0,0.0,0.0,False,0.0,0.0,,0.0,,0.0,,0.0,False,3,0.0,0.0,0.0,0.0,DORMANT,,,0.0,,0.0,,,0.0,,,0.0,,0.0,,,0.0
500222507,TCB DUAL WORKCHUCK X MOTOR,TCB,"ASM-Pacific,Phoenix",Order to Demand,,42346.8,25.0,3,0.375,202409,202601,16,False,0.0,0.0,0.0,False,0.0,0.0,,0.0,,0.0,,0.0,False,3,0.0,0.0,0.0,0.0,DORMANT,,,0.0,,0.0,,,0.0,,,0.0,,0.0,,,0.0
500222508,"HOSE ELBOW FITTING M-5HL-6, 17C8",TCB,"ASM-Pacific,Phoenix;ASM-Pacific,Firebird",Order to Demand,,4.0,25.0,3,0.375,202409,202601,16,False,0.0,0.0,0.0,False,0.0,0.0,,0.0,,0.0,,0.0,False,3,0.0,0.0,0.0,0.0,DORMANT,,,0.0,,0.0,,,0.0,,,0.0,,0.0,,,0.0
500222509,"BLOCK,HEATED,TCB,PEDESTAL,ASSY,",TCB,"ASM-Pacific,Phoenix",Order to Demand,,6722.79,15.0,3,0.375,202409,202601,16,False,0.0,0.0,0.0,False,0.0,0.0,,0.0,,0.0,,0.0,False,3,0.0,0.0,0.0,0.0,DORMANT,,,0.0,,0.0,,,0.0,,,0.0,,0.0,,,0.0
500222510,TCB PEDESTAL INERT SEAL 1,TCB,"GENERIC;ASM-Pacific,Phoenix",Order to Demand,,159.3,25.0,3,0.375,202409,202601,16,False,0.0,0.0,0.0,False,0.0,0.0,,0.0,,0.0,,0.0,False,3,0.0,0.0,0.0,0.0,DORMANT,,,0.0,,0.0,,,0.0,,,0.0,,0.0,,,0.0
500222511,ISOLATOR PLATE X,TCB,"ASM-Pacific,Phoenix",Order to Demand,,32.4,25.0,3,0.375,202409,202601,16,False,0.0,0.0,0.0,False,0.0,0.0,,0.0,,0.0,,0.0,False,3,0.0,0.0,0.0,0.0,DORMANT,,,0.0,,0.0,,,0.0,,,0.0,,0.0,,,0.0
500222512,Y READHEAD MOUNT,TCB,"ASM-Pacific,Phoenix",Order to Demand,,13.5,25.0,3,0.375,202409,202601,16,False,0.0,0.0,0.0,False,0.0,0.0,,0.0,,0.0,,0.0,False,3,0.0,0.0,0.0,0.0,DORMANT,,,0.0,,0.0,,,0.0,,,0.0,,0.0,,,0.0
500222513,STOPPER HOLDER (Y),TCB,"ASM-Pacific,Phoenix",Order to Demand,,9.9,25.0,3,0.375,202409,202601,16,False,0.0,0.0,0.0,False,0.0,0.0,,0.0,,0.0,,0.0,False,3,0.0,0.0,0.0,0.0,DORMANT,,,0.0,,0.0,,,0.0,,,0.0,,0.0,,,0.0
500222514,LM RAIL END PLATE,TCB,"ASM-Pacific,Phoenix",Order to Demand,,18.0,25.0,3,0.375,202409,202601,16,False,0.0,0.0,0.0,False,0.0,0.0,,0.0,,0.0,,0.0,False,3,0.0,0.0,0.0,0.0,DORMANT,,,0.0,,0.0,,,0.0,,,0.0,,0.0,,,0.0
500222515,Y TABLE BASE,TCB,"ASM-Pacific,Phoenix",Order to Demand,,1646.1,25.0,3,0.375,202409,202601,16,False,0.0,0.0,0.0,False,0.0,0.0,,0.0,,0.0,,0.0,False,3,0.0,0.0,0.0,0.0,DORMANT,,,0.0,,0.0,,,0.0,,,0.0,,0.0,,,0.0
500222516,Y MOVING PLATE,TCB,"ASM-Pacific,Phoenix",Order to Demand,,317.7,25.0,3,0.375,202409,202601,16,False,0.0,0.0,0.0,False,0.0,0.0,,0.0,,0.0,,0.0,False,3,0.0,0.0,0.0,0.0,DORMANT,,,0.0,,0.0,,,0.0,,,0.0,,0.0,,,0.0
500222517,Y TABLE HOME FLAG,TCB,"ASM-Pacific,Phoenix",Order to Demand,,14.4,25.0,3,0.375,202409,202601,16,False,0.0,0.0,0.0,False,0.0,0.0,,0.0,,0.0,,0.0,False,3,0.0,0.0,0.0,0.0,DORMANT,,,0.0,,0.0,,,0.0,,,0.0,,0.0,,,0.0
500222518,Y TABLE SNR FLAG,TCB,"ASM-Pacific,Phoenix",Order to Demand,,14.4,25.0,3,0.375,202409,202601,16,False,0.0,0.0,0.0,False,0.0,0.0,,0.0,,0.0,,0.0,False,3,0.0,0.0,0.0,0.0,DORMANT,,,0.0,,0.0,,,0.0,,,0.0,,0.0,,,0.0
500222519,Y TABLE STOPPER,TCB,"ASM-Pacific,Phoenix;GENERIC",Order to Demand,,28.8,25.0,3,0.375,202409,202601,16,False,0.0,0.0,0.0,False,0.0,0.0,,0.0,,0.0,,0.0,False,3,0.0,0.0,0.0,0.0,DORMANT,,,0.0,,0.0,,,0.0,,,0.0,,0.0,,,0.0
500222520,90 DEGREE REFERENCE MARK A-9541-0037,TCB,"ASM-Pacific,Phoenix",Order to Demand,,33.3,25.0,3,0.375,202409,202601,16,False,0.0,0.0,0.0,False,0.0,0.0,,0.0,,0.0,,0.0,False,3,0.0,0.0,0.0,0.0,DORMANT,,,0.0,,0.0,,,0.0,,,0.0,,0.0,,,0.0
500222521,TCB PEDESTAL TORLON SPACER 1,TCB,"GENERIC;ASM-Pacific,Phoenix",Order to Demand,,252.9,25.0,3,0.375,202409,202601,16,False,0.0,0.0,0.0,False,0.0,0.0,,0.0,,0.0,,0.0,False,3,0.0,0.0,0.0,0.0,DORMANT,,,0.0,,0.0,,,0.0,,,0.0,,0.0,,,0.0
500222522,TCB PEDESTAL TORLON SPACER 3,TCB,"GENERIC;ASM-Pacific,Phoenix",Order to Demand,,123.3,25.0,3,0.375,202409,202601,16,False,0.0,0.0,0.0,False,0.0,0.0,,0.0,,0.0,,0.0,False,3,0.0,0.0,0.0,0.0,DORMANT,,,0.0,,0.0,,,0.0,,,0.0,,0.0,,,0.0
500222523,CABLE CLAMP,TCB,"ASM-Pacific,Phoenix",Order to Demand,,16.2,25.0,3,0.375,202409,202601,16,False,0.0,0.0,0.0,False,0.0,0.0,,0.0,,0.0,,0.0,False,3,0.0,0.0,0.0,0.0,DORMANT,,,0.0,,0.0,,,0.0,,,0.0,,0.0,,,0.0
500222524,PEDESTAL INERT SEAL W/ NOZZLE BANK,TCB,"GENERIC;ASM-Pacific,Phoenix",Order to Demand,,385.2,25.0,3,0.375,202409,202601,16,False,0.0,0.0,0.0,False,0.0,0.0,,0.0,,0.0,,0.0,False,3,0.0,0.0,0.0,0.0,DORMANT,,,0.0,,0.0,,,0.0,,,0.0,,0.0,,,0.0
500222525,TCB BS NERT SEAL 2 (LARGE AREA),TCB,"ASM-Pacific,Phoenix;GENERIC",Order to Demand,,111.6,25.0,3,0.375,202409,202601,16,False,0.0,0.0,0.0,False,0.0,0.0,,0.0,,0.0,,0.0,False,3,0.0,0.0,0.0,0.0,DORMANT,,,0.0,,0.0,,,0.0,,,0.0,,0.0,,,0.0
500222526,PEDESTAL TORLON SPACER 2 (22.5MM),TCB,"ASM-Pacific,Phoenix;GENERIC",Order to Demand,,145.8,25.0,3,0.375,202409,202601,16,False,0.0,0.0,0.0,False,0.0,0.0,,0.0,,0.0,,0.0,False,3,0.0,0.0,0.0,0.0,DORMANT,,,0.0,,0.0,,,0.0,,,0.0,,0.0,,,0.0
500222527,DISC ON ZERODUR,TCB,"ASM-Pacific,Phoenix;GENERIC",Order to Demand,,5.4,25.0,4,0.5,202408,202601,17,False,0.0,0.0,0.0,False,0.0,0.0,,0.0,,0.0,,0.0,False,4,0.0,0.0,0.0,0.0,DORMANT,,0.0,0.0,,0.0,,,0.0,,0.0,0.0,,0.0,,,0.0
500222528,SPACER,TCB,"ASM-Pacific,Phoenix;GENERIC",Order to Demand,,3.6,25.0,3,0.375,202409,202601,16,False,0.0,0.0,0.0,False,0.0,0.0,,0.0,,0.0,,0.0,False,3,0.0,0.0,0.0,0.0,DORMANT,,,0.0,,0.0,,,0.0,,,0.0,,0.0,,,0.0
500222529,EPOXY SERVICE STATION ASSY RIGHT,TCB,"ASM-Pacific,Phoenix;GENERIC",Order to Demand,,530.26,25.0,3,0.375,202409,202601,16,False,0.0,0.0,0.0,False,0.0,0.0,,0.0,,0.0,,0.0,False,3,0.0,0.0,0.0,0.0,DORMANT,,,0.0,,0.0,,,0.0,,,0.0,,0.0,,,0.0
500222530,"STATION,SERVICE,EPOXY,ASSY,LEFT",TCB,"GENERIC;ASM-Pacific,Phoenix",Order to Demand,,636.79,25.0,3,0.375,202409,202601,16,False,0.0,0.0,0.0,False,0.0,0.0,,0.0,,0.0,,0.0,False,3,0.0,0.0,0.0,0.0,DORMANT,,,0.0,,0.0,,,0.0,,,0.0,,0.0,,,0.0
500222531,IP Y SHUTTLE AIR SUPPLY ASSY,TCB,"GENERIC;ASM-Pacific,Phoenix",Order to Demand,,830.7,25.0,3,0.375,202409,202601,16,False,0.0,0.0,0.0,False,0.0,0.0,,0.0,,0.0,,0.0,False,3,0.0,0.0,0.0,0.0,DORMANT,,,0.0,,0.0,,,0.0,,,0.0,,0.0,,,0.0
500222532,IP Y SHUTTLE PNEUMATICS,TCB,"ASM-Pacific,Phoenix",Order to Demand,,2205.9,25.0,3,0.375,202409,202601,16,False,0.0,0.0,0.0,False,0.0,0.0,,0.0,,0.0,,0.0,False,3,0.0,0.0,0.0,0.0,DORMANT,,,0.0,,0.0,,,0.0,,,0.0,,0.0,,,0.0
500222533,IP Y SHUTTLE TOP CLAMP PNEU ASSY,TCB,"ASM-Pacific,Phoenix",Order to Demand,,295.2,25.0,3,0.375,202409,202601,16,False,0.0,0.0,0.0,False,0.0,0.0,,0.0,,0.0,,0.0,False,3,0.0,0.0,0.0,0.0,DORMANT,,,0.0,,0.0,,,0.0,,,0.0,,0.0,,,0.0
500222534,IP Y SHUTTLE INSP STOPPER PNEU ASSY,TCB,"ASM-Pacific,Phoenix",Order to Demand,,258.3,25.0,3,0.375,202409,202601,16,False,0.0,0.0,0.0,False,0.0,0.0,,0.0,,0.0,,0.0,False,3,0.0,0.0,0.0,0.0,DORMANT,,,0.0,,0.0,,,0.0,,,0.0,,0.0,,,0.0
500222535,IP Y SHUTTLE PRELOAD PNEU ASSY,TCB,"ASM-Pacific,Phoenix",Order to Demand,,269.1,25.0,3,0.375,202409,202601,16,False,0.0,0.0,0.0,False,0.0,0.0,,0.0,,0.0,,0.0,False,3,0.0,0.0,0.0,0.0,DORMANT,,,0.0,,0.0,,,0.0,,,0.0,,0.0,,,0.0
500222536,(IP)AIR IONIZER 1 PNEU SOL,TCB,"GENERIC;ASM-Pacific,Phoenix",Order to Demand,,123.35,25.0,3,0.375,202409,202601,16,False,0.0,0.0,0.0,False,0.0,0.0,,0.0,,0.0,,0.0,False,3,0.0,0.0,0.0,0.0,DORMANT,,,0.0,,0.0,,,0.0,,,0.0,,0.0,,,0.0
500222537,(IP)AIR IONIZER 2 PNEU SOL,TCB,"GENERIC;ASM-Pacific,Phoenix",Order to Demand,,138.6,25.0,3,0.375,202409,202601,16,False,0.0,0.0,0.0,False,0.0,0.0,,0.0,,0.0,,0.0,False,3,0.0,0.0,0.0,0.0,DORMANT,,,0.0,,0.0,,,0.0,,,0.0,,0.0,,,0.0
500222538,OP Y SHUTTLE PNEUMATICS,TCB,"ASM-Pacific,Phoenix",Order to Demand,,1135.81,25.0,3,0.375,202409,202601,16,False,0.0,0.0,0.0,False,0.0,0.0,,0.0,,0.0,,0.0,False,3,0.0,0.0,0.0,0.0,DORMANT,,,0.0,,0.0,,,0.0,,,0.0,,0.0,,,0.0
500222539,OP Y SHUTTLE AIR SUPPLY PNEU ASSY,TCB,"ASM-Pacific,Phoenix",Order to Demand,,740.12,25.0,3,0.375,202409,202601,16,False,0.0,0.0,0.0,False,0.0,0.0,,0.0,,0.0,,0.0,False,3,0.0,0.0,0.0,0.0,DORMANT,,,0.0,,0.0,,,0.0,,,0.0,,0.0,,,0.0
500222540,(OP)AIR IONIZER 1 PNEU SOL,TCB,"ASM-Pacific,Phoenix;GENERIC",Order to Demand,,123.35,25.0,3,0.375,202409,202601,16,False,0.0,0.0,0.0,False,0.0,0.0,,0.0,,0.0,,0.0,False,3,0.0,0.0,0.0,0.0,DORMANT,,,0.0,,0.0,,,0.0,,,0.0,,0.0,,,0.0
500222541,EPOXY SERVICE STATION PURGE BIN,TCB,"ASM-Pacific,Phoenix",Order to Demand,,26.1,25.0,3,0.375,202409,202601,16,False,0.0,0.0,0.0,False,0.0,0.0,,0.0,,0.0,,0.0,False,3,0.0,0.0,0.0,0.0,DORMANT,,,0.0,,0.0,,,0.0,,,0.0,,0.0,,,0.0
500222542,EPOXY SERVICE STATION DUMMY PLATE,TCB,"ASM-Pacific,Phoenix",Order to Demand,,73.8,25.0,3,0.375,202409,202601,16,False,0.0,0.0,0.0,False,0.0,0.0,,0.0,,0.0,,0.0,False,3,0.0,0.0,0.0,0.0,DORMANT,,,0.0,,0.0,,,0.0,,,0.0,,0.0,,,0.0
500222543,EPOXY SERVICE STATION MOUNT,TCB,"ASM-Pacific,Phoenix",Order to Demand,,47.7,25.0,3,0.375,202409,202601,16,False,0.0,0.0,0.0,False,0.0,0.0,,0.0,,0.0,,0.0,False,3,0.0,0.0,0.0,0.0,DORMANT,,,0.0,,0.0,,,0.0,,,0.0,,0.0,,,0.0
500222544,NOZZLE CLEANING STATION ASSY,TCB,"ASM-Pacific,Phoenix;GENERIC",Order to Demand,,81.7,25.0,3,0.375,202409,202601,16,False,0.0,0.0,0.0,False,0.0,0.0,,0.0,,0.0,,0.0,False,3,0.0,0.0,0.0,0.0,DORMANT,,,0.0,,0.0,,,0.0,,,0.0,,0.0,,,0.0
500222545,NOZZLE CLEANING AND CONTACT SNR (RIGHT),TCB,"ASM-Pacific,Phoenix;GENERIC",Order to Demand,,206.65,25.0,3,0.375,202409,202601,16,False,0.0,0.0,0.0,False,0.0,0.0,,0.0,,0.0,,0.0,False,3,0.0,0.0,0.0,0.0,DORMANT,,,0.0,,0.0,,,0.0,,,0.0,,0.0,,,0.0
500222546,SENSOR AND NOZZLE CLEANER MOUNTING BASE,TCB,"ASM-Pacific,Phoenix",Order to Demand,,28.8,25.0,3,0.375,202409,202601,16,False,0.0,0.0,0.0,False,0.0,0.0,,0.0,,0.0,,0.0,False,3,0.0,0.0,0.0,0.0,DORMANT,,,0.0,,0.0,,,0.0,,,0.0,,0.0,,,0.0
500222547,M3 INSULATION WASHER (TEFLON),TCB,"GENERIC;ASM-Pacific,Phoenix",Order to Demand,,5.4,25.0,3,0.375,202409,202601,16,False,0.0,0.0,0.0,False,0.0,0.0,,0.0,,0.0,,0.0,False,3,0.0,0.0,0.0,0.0,DORMANT,,,0.0,,0.0,,,0.0,,,0.0,,0.0,,,0.0
500222548,"BANK,VACUUM,NOZZLE,BOND,STAGE",TCB,"ASM-Pacific,Phoenix",Order to Demand,,1125.0,25.0,3,0.375,202409,202601,16,False,0.0,0.0,0.0,False,0.0,0.0,,0.0,,0.0,,0.0,False,3,0.0,0.0,0.0,0.0,DORMANT,,,0.0,,0.0,,,0.0,,,0.0,,0.0,,,0.0
500222549,NOZZLE CLEANING AND CONTACT SNR (LEFT),TCB,"ASM-Pacific,Phoenix;GENERIC",Order to Demand,,206.65,25.0,3,0.375,202409,202601,16,False,0.0,0.0,0.0,False,0.0,0.0,,0.0,,0.0,,0.0,False,3,0.0,0.0,0.0,0.0,DORMANT,,,0.0,,0.0,,,0.0,,,0.0,,0.0,,,0.0
500222550,VACUUM NOZZLE BANK BASE ASSY,TCB,"ASM-Pacific,Phoenix;ASM-Pacific,Firebird",Order to Demand,shared with XG756,509.43,25.0,3,0.375,202409,202601,16,False,0.0,0.0,0.0,False,0.0,0.0,,0.0,,0.0,,0.0,False,3,0.0,0.0,0.0,0.0,DORMANT,,,0.0,,0.0,,,0.0,,,0.0,,0.0,,,0.0
500222551,(OP)AIR IONIZER 2 PNEU SOL,TCB,"GENERIC;ASM-Pacific,Phoenix",Order to Demand,,138.6,25.0,3,0.375,202409,202601,16,False,0.0,0.0,0.0,False,0.0,0.0,,0.0,,0.0,,0.0,False,3,0.0,0.0,0.0,0.0,DORMANT,,,0.0,,0.0,,,0.0,,,0.0,,0.0,,,0.0
500222552,AIR SUPPLY ONOFF MOUNT,TCB,"ASM-Pacific,Phoenix",Order to Demand,,18.0,25.0,3,0.375,202409,202601,16,False,0.0,0.0,0.0,False,0.0,0.0,,0.0,,0.0,,0.0,False,3,0.0,0.0,0.0,0.0,DORMANT,,,0.0,,0.0,,,0.0,,,0.0,,0.0,,,0.0
500222553,IONIZER SOL MOUNT,TCB,"ASM-Pacific,Phoenix",Order to Demand,,8.1,25.0,3,0.375,202409,202601,16,False,0.0,0.0,0.0,False,0.0,0.0,,0.0,,0.0,,0.0,False,3,0.0,0.0,0.0,0.0,DORMANT,,,0.0,,0.0,,,0.0,,,0.0,,0.0,,,0.0
500222554,SAFETY LOCK FOR VALVE,TCB,"GENERIC;ASM-Pacific,Phoenix",Order to Demand,,19.8,25.0,3,0.375,202409,202601,16,False,0.0,0.0,0.0,False,0.0,0.0,,0.0,,0.0,,0.0,False,3,0.0,0.0,0.0,0.0,DORMANT,,,0.0,,0.0,,,0.0,,,0.0,,0.0,,,0.0
500222555,3-2 SELECTOR M-VALVE HAND VALVE,TCB,"ASM-Pacific,Phoenix",Order to Demand,,13.21,25.0,3,0.375,202409,202601,16,False,0.0,0.0,0.0,False,0.0,0.0,,0.0,,0.0,,0.0,False,3,0.0,0.0,0.0,0.0,DORMANT,,,0.0,,0.0,,,0.0,,,0.0,,0.0,,,0.0
500222556,MALE ELBOW FITTING KPQL06-M5,TCB,"ASM-Pacific,Firebird;ASM-Pacific,Phoenix",Order to Demand,,9.9,15.0,4,0.5,202408,202601,17,False,0.0,6.0,6.0,True,1.5,2.598,1.732,6.0,,0.373,0.2486,0.373,False,4,6.0,6.0,6.0,1.5,INTERMITTENT,,0.0,0.0,,0.0,,,6.0,,0.0,0.0,,0.0,,,0.0
500222557,CLEAN ONE-TOUCH CONNECTOR: KPQH08-02,TCB,"ASM-Pacific,Phoenix",Order to Demand,,14.4,25.0,3,0.375,202409,202601,16,False,0.0,0.0,0.0,False,0.0,0.0,,0.0,,0.0,,0.0,False,3,0.0,0.0,0.0,0.0,DORMANT,,,0.0,,0.0,,,0.0,,,0.0,,0.0,,,0.0
500222558,ELBOW FEMALE CONNECTOR QSLF-1/4-8-B,TCB,"ASM-Pacific,Phoenix",Order to Demand,,25.2,25.0,3,0.375,202409,202601,16,False,0.0,0.0,0.0,False,0.0,0.0,,0.0,,0.0,,0.0,False,3,0.0,0.0,0.0,0.0,DORMANT,,,0.0,,0.0,,,0.0,,,0.0,,0.0,,,0.0
500222559,(DFH) PNEUMATIC ASSY,TCB,"ASM-Pacific,Phoenix",Order to Demand,,5647.5,25.0,3,0.375,202409,202601,16,False,0.0,0.0,0.0,False,0.0,0.0,,0.0,,0.0,,0.0,False,3,0.0,0.0,0.0,0.0,DORMANT,,,0.0,,0.0,,,0.0,,,0.0,,0.0,,,0.0
500222560,DIE PICK/TRANSFER ARM PNEU PANEL,TCB,"ASM-Pacific,Phoenix",Order to Demand,,159.3,25.0,3,0.375,202409,202601,16,False,0.0,0.0,0.0,False,0.0,0.0,,0.0,,0.0,,0.0,False,3,0.0,0.0,0.0,0.0,DORMANT,,,0.0,,0.0,,,0.0,,,0.0,,0.0,,,0.0
500222561,"BANK,VACUUM,NOZZLE,34X24,ASSY",TCB,"ASM-Pacific,Phoenix;Generic;ASM-Pacific,Firebird",Order to Demand,shared with XG756,131.36,15.0,4,0.5,202409,202601,16,False,0.0,0.0,0.0,False,0.0,0.0,,0.0,,0.0,,0.0,False,4,0.0,0.0,0.0,0.0,DORMANT,,,0.0,0.0,0.0,,,0.0,,,0.0,0.0,0.0,,,0.0
500222562,"BANK,VACUUM,NOZZLE,28X19,ASSY",TCB,"ASM-Pacific,Firebird;ASM-Pacific,Phoenix",Order to Demand,shared with XG756,128.96,15.0,3,0.375,202409,202601,16,False,0.0,0.0,0.0,False,0.0,0.0,,0.0,,0.0,,0.0,False,3,0.0,0.0,0.0,0.0,DORMANT,,,0.0,,0.0,,,0.0,,,0.0,,0.0,,,0.0
500222563,"CAL GLASS BANK ASSY (33X22, 12X12, 9X9)",TCB,"ASM-Pacific,Phoenix",Order to Demand,,152.99,25.0,3,0.375,202409,202601,16,False,0.0,0.0,0.0,False,0.0,0.0,,0.0,,0.0,,0.0,False,3,0.0,0.0,0.0,0.0,DORMANT,,,0.0,,0.0,,,0.0,,,0.0,,0.0,,,0.0
500222564,LEFT WC FRONT X ENC ASSY,TCB,"ASM-Pacific,Phoenix",Order to Demand,,3602.09,25.0,3,0.375,202409,202601,16,False,0.0,0.0,0.0,False,0.0,0.0,,0.0,,0.0,,0.0,False,3,0.0,0.0,0.0,0.0,DORMANT,,,0.0,,0.0,,,0.0,,,0.0,,0.0,,,0.0
500222565,LEFT WC REAR X ENC ASSY,TCB,"ASM-Pacific,Phoenix",Order to Demand,,3726.25,25.0,3,0.375,202409,202601,16,False,0.0,0.0,0.0,False,0.0,0.0,,0.0,,0.0,,0.0,False,3,0.0,0.0,0.0,0.0,DORMANT,,,0.0,,0.0,,,0.0,,,0.0,,0.0,,,0.0
500222566,CARRIAGE MOTOR,TCB,"ASM-Pacific,Firebird;ASM-Pacific,Phoenix",Order to Demand,shared with XG756,3248.85,15.0,3,0.375,202409,202601,16,False,0.0,0.0,0.0,False,0.0,0.0,,0.0,,0.0,,0.0,False,3,0.0,0.0,0.0,0.0,DORMANT,,,0.0,,0.0,,,0.0,,,0.0,,0.0,,,0.0
500222567,LEFT WC Y ENC ASSY,TCB,"ASM-Pacific,Phoenix",Order to Demand,,3452.31,15.0,3,0.375,202409,202601,16,False,0.0,0.0,0.0,False,0.0,0.0,,0.0,,0.0,,0.0,False,3,0.0,0.0,0.0,0.0,DORMANT,,,0.0,,0.0,,,0.0,,,0.0,,0.0,,,0.0
500222568,"MOUNT,ENCODER,CARRIAGE",TCB,"ASM-Pacific,Phoenix",Order to Demand,,132.3,25.0,3,0.375,202409,202601,16,False,0.0,0.0,0.0,False,0.0,0.0,,0.0,,0.0,,0.0,False,3,0.0,0.0,0.0,0.0,DORMANT,,,0.0,,0.0,,,0.0,,,0.0,,0.0,,,0.0
500222569,CABLE CLAMP 1 FOR WORKCHUCK (FIXED END),TCB,"ASM-Pacific,Phoenix",Order to Demand,,86.4,25.0,3,0.375,202409,202601,16,False,0.0,0.0,0.0,False,0.0,0.0,,0.0,,0.0,,0.0,False,3,0.0,0.0,0.0,0.0,DORMANT,,,0.0,,0.0,,,0.0,,,0.0,,0.0,,,0.0
500222570,CABLE CLAMP 2 FOR WORKCHUCK (FIXED END),TCB,"ASM-Pacific,Phoenix",Order to Demand,,37.8,25.0,3,0.375,202409,202601,16,False,0.0,0.0,0.0,False,0.0,0.0,,0.0,,0.0,,0.0,False,3,0.0,0.0,0.0,0.0,DORMANT,,,0.0,,0.0,,,0.0,,,0.0,,0.0,,,0.0
500222571,DPA/DTA PNEU BOX FIX MOUNT 1,TCB,"ASM-Pacific,Phoenix",Order to Demand,,21.6,25.0,3,0.375,202409,202601,16,False,0.0,0.0,0.0,False,0.0,0.0,,0.0,,0.0,,0.0,False,3,0.0,0.0,0.0,0.0,DORMANT,,,0.0,,0.0,,,0.0,,,0.0,,0.0,,,0.0
500222572,DPA/DTA VAC GEN MOUNT,TCB,"ASM-Pacific,Phoenix",Order to Demand,,53.1,25.0,3,0.375,202409,202601,16,False,0.0,0.0,0.0,False,0.0,0.0,,0.0,,0.0,,0.0,False,3,0.0,0.0,0.0,0.0,DORMANT,,,0.0,,0.0,,,0.0,,,0.0,,0.0,,,0.0
500222573,DPA/DTA PNEU BOX FIX MOUNT 2,TCB,"ASM-Pacific,Phoenix",Order to Demand,,25.2,25.0,3,0.375,202409,202601,16,False,0.0,0.0,0.0,False,0.0,0.0,,0.0,,0.0,,0.0,False,3,0.0,0.0,0.0,0.0,DORMANT,,,0.0,,0.0,,,0.0,,,0.0,,0.0,,,0.0
500222574,FLOW CTL P-VALVE AS1001F-04-3,TCB,"ASM-Pacific,Phoenix;ASM-Pacific,Firebird",Order to Demand,shared with XG756,24.03,15.0,3,0.375,202409,202601,16,False,0.0,0.0,0.0,False,0.0,0.0,,0.0,,0.0,,0.0,False,3,0.0,0.0,0.0,0.0,DORMANT,,,0.0,,0.0,,,0.0,,,0.0,,0.0,,,0.0
500222575,UNION Y KPGU06-00,TCB,"GENERIC;ASM-Pacific,Phoenix",Order to Demand,,14.41,25.0,3,0.375,202409,202601,16,False,0.0,0.0,0.0,False,0.0,0.0,,0.0,,0.0,,0.0,False,3,0.0,0.0,0.0,0.0,DORMANT,,,0.0,,0.0,,,0.0,,,0.0,,0.0,,,0.0
500222576,DIE PICK\TRANSFER ARM PNEU COVER,TCB,"ASM-Pacific,Phoenix",Order to Demand,,115.2,25.0,3,0.375,202409,202601,16,False,0.0,0.0,0.0,False,0.0,0.0,,0.0,,0.0,,0.0,False,3,0.0,0.0,0.0,0.0,DORMANT,,,0.0,,0.0,,,0.0,,,0.0,,0.0,,,0.0
500222577,CLEAN ONE-TOUCH CONNECTOR: KPQH06-01,TCB,"ASM-Pacific,Phoenix",Order to Demand,,9.0,55.0,3,0.375,202409,202601,16,False,0.0,0.0,0.0,False,0.0,0.0,,0.0,,0.0,,0.0,False,3,0.0,0.0,0.0,0.0,DORMANT,,,0.0,,0.0,,,0.0,,,0.0,,0.0,,,0.0
500222578,CLEAN ONE-TOUCH CONNECTOR: KPQH08-01,TCB,"ASM-Pacific,Phoenix",Order to Demand,,9.9,55.0,3,0.375,202409,202601,16,False,0.0,0.0,0.0,False,0.0,0.0,,0.0,,0.0,,0.0,False,3,0.0,0.0,0.0,0.0,DORMANT,,,0.0,,0.0,,,0.0,,,0.0,,0.0,,,0.0
500222579,CLEAN ONE-TOUCH CONNECTOR: KPQL04-01,TCB,"ASM-Pacific,Phoenix;ASM-Pacific,Firebird",Order to Demand,,12.6,75.0,3,0.375,202409,202601,16,False,0.0,0.0,0.0,False,0.0,0.0,,0.0,,0.0,,0.0,False,3,0.0,0.0,0.0,0.0,DORMANT,,,0.0,,0.0,,,0.0,,,0.0,,0.0,,,0.0
500222580,MANIFOLD (FR-4-1/8-B),TCB,"ASM-Pacific,Phoenix",Order to Demand,,16.02,15.0,3,0.375,202409,202601,16,False,0.0,0.0,0.0,False,0.0,0.0,,0.0,,0.0,,0.0,False,3,0.0,0.0,0.0,0.0,DORMANT,,,0.0,,0.0,,,0.0,,,0.0,,0.0,,,0.0
500222581,WORKCHUCK X PRELOAD MAGNET ASSY (SIDE),TCB,"ASM-Pacific,Phoenix",Order to Demand,shared with XG756,79.29,25.0,4,0.5,202407,202601,18,False,0.0,0.0,0.0,False,0.0,0.0,,0.0,,0.0,,0.0,False,4,0.0,0.0,0.0,0.0,DORMANT,0.0,,0.0,,0.0,,,0.0,0.0,,0.0,,0.0,,,0.0
500222582,RIGHT WC FRONT X ENC ASSY,TCB,"ASM-Pacific,Phoenix",Order to Demand,,3602.09,25.0,3,0.375,202409,202601,16,False,0.0,0.0,0.0,False,0.0,0.0,,0.0,,0.0,,0.0,False,3,0.0,0.0,0.0,0.0,DORMANT,,,0.0,,0.0,,,0.0,,,0.0,,0.0,,,0.0
500222583,RIGHT WC REAR X ENC ASSY,TCB,"ASM-Pacific,Phoenix",Order to Demand,,3726.25,25.0,3,0.375,202409,202601,16,False,0.0,0.0,0.0,False,0.0,0.0,,0.0,,0.0,,0.0,False,3,0.0,0.0,0.0,0.0,DORMANT,,,0.0,,0.0,,,0.0,,,0.0,,0.0,,,0.0
500222584,"SUPPORT,WORKCHUCK,Y,CARRIAGE",TCB,"ASM-Pacific,Phoenix;GENERIC",Order to Demand,,26056.8,134.0,3,0.375,202409,202601,16,False,0.0,0.0,0.0,False,0.0,0.0,,0.0,,0.0,,0.0,False,3,0.0,0.0,0.0,0.0,DORMANT,,,0.0,,0.0,,,0.0,,,0.0,,0.0,,,0.0
500222585,"ENCODER,RIGHT,WC,Y",TCB,"ASM-Pacific,Phoenix",Order to Demand,,3452.31,15.0,3,0.375,202409,202601,16,False,0.0,0.0,0.0,False,0.0,0.0,,0.0,,0.0,,0.0,False,3,0.0,0.0,0.0,0.0,DORMANT,,,0.0,,0.0,,,0.0,,,0.0,,0.0,,,0.0
500222586,HIGH PRECISION THETA DDR MOTOR,TCB,"ASMP ACW;ASM-Pacific,Phoenix;ASM-Pacific,Firebird",Order to Demand,,38242.94,91.0,3,0.375,202409,202601,16,False,0.0,0.0,0.0,False,0.0,0.0,,0.0,,0.0,,0.0,False,3,0.0,0.0,0.0,0.0,DORMANT,,,0.0,,0.0,,,0.0,,,0.0,,0.0,,,0.0
500222587,"MODULE,BONDHEAD",TCB,"ASM-Pacific,Phoenix",Order to Demand,,73760.0,15.0,3,0.375,202409,202601,16,False,0.0,0.0,0.0,False,0.0,0.0,,0.0,,0.0,,0.0,False,3,0.0,0.0,0.0,0.0,DORMANT,,,0.0,,0.0,,,0.0,,,0.0,,0.0,,,0.0
500222588,BH Z COLUMN ASSEMBLY,TCB,"ASM-Pacific,Phoenix",Order to Demand,,9611.1,25.0,3,0.375,202409,202601,16,False,0.0,0.0,0.0,False,0.0,0.0,,0.0,,0.0,,0.0,False,3,0.0,0.0,0.0,0.0,DORMANT,,,0.0,,0.0,,,0.0,,,0.0,,0.0,,,0.0
500222589,U/D OPTICS MODULE (HVM),TCB,"ASM-Pacific,Phoenix",Order to Demand,,120519.0,25.0,3,0.375,202409,202601,16,False,0.0,0.0,0.0,False,0.0,0.0,,0.0,,0.0,,0.0,False,3,0.0,0.0,0.0,0.0,DORMANT,,,0.0,,0.0,,,0.0,,,0.0,,0.0,,,0.0
500222590,(CIE) CORE INERT ENVIRONMENT,TCB,"ASM-Pacific,Phoenix",Order to Demand,,1822.5,105.0,3,0.375,202409,202601,16,False,0.0,0.0,0.0,False,0.0,0.0,,0.0,,0.0,,0.0,False,3,0.0,0.0,0.0,0.0,DORMANT,,,0.0,,0.0,,,0.0,,,0.0,,0.0,,,0.0
500222592,PLUG-IN REDUCER,TCB,"ASM-Pacific,Phoenix",Order to Demand,,5.4,25.0,3,0.375,202409,202601,16,False,0.0,0.0,0.0,False,0.0,0.0,,0.0,,0.0,,0.0,False,3,0.0,0.0,0.0,0.0,DORMANT,,,0.0,,0.0,,,0.0,,,0.0,,0.0,,,0.0
500222593,PRECISION REGULATOR 10-IR1000-01,TCB,"ASM-Pacific,Phoenix",Order to Demand,,331.61,25.0,3,0.375,202409,202601,16,False,0.0,0.0,0.0,False,0.0,0.0,,0.0,,0.0,,0.0,False,3,0.0,0.0,0.0,0.0,DORMANT,,,0.0,,0.0,,,0.0,,,0.0,,0.0,,,0.0
500222594,CAH SOL MOUNT,TCB,"ASM-Pacific,Phoenix",Order to Demand,,29.7,25.0,3,0.375,202409,202601,16,False,0.0,0.0,0.0,False,0.0,0.0,,0.0,,0.0,,0.0,False,3,0.0,0.0,0.0,0.0,DORMANT,,,0.0,,0.0,,,0.0,,,0.0,,0.0,,,0.0
500222595,SPEED CONTROLLER 10-AS1201F-M5-04A,TCB,"ASM-Pacific,Phoenix",Order to Demand,shared with XG756,22.82,25.0,3,0.375,202409,202601,16,False,0.0,0.0,0.0,False,0.0,0.0,,0.0,,0.0,,0.0,False,3,0.0,0.0,0.0,0.0,DORMANT,,,0.0,,0.0,,,0.0,,,0.0,,0.0,,,0.0
500222596,SOL PIN CONNENCTOR MOUNT (8EA),TCB,"ASM-Pacific,Phoenix",Order to Demand,,16.2,25.0,3,0.375,202409,202601,16,False,0.0,0.0,0.0,False,0.0,0.0,,0.0,,0.0,,0.0,False,3,0.0,0.0,0.0,0.0,DORMANT,,,0.0,,0.0,,,0.0,,,0.0,,0.0,,,0.0
500222597,CLEAN ONE-TOUCH CONNECTOR: KPQL06-01,TCB,"ASM-Pacific,Phoenix",Order to Demand,,8.01,25.0,3,0.375,202409,202601,16,False,0.0,0.0,0.0,False,0.0,0.0,,0.0,,0.0,,0.0,False,3,0.0,0.0,0.0,0.0,DORMANT,,,0.0,,0.0,,,0.0,,,0.0,,0.0,,,0.0
500222598,PANEL MOUNT ADAPTER ZS-26-B,TCB,"ASM-Pacific,Phoenix",Order to Demand,,13.5,25.0,3,0.375,202409,202601,16,False,0.0,0.0,0.0,False,0.0,0.0,,0.0,,0.0,,0.0,False,3,0.0,0.0,0.0,0.0,DORMANT,,,0.0,,0.0,,,0.0,,,0.0,,0.0,,,0.0
500222599,"PLUG R 1/8"" BSP",TCB,"ASM-Pacific,Phoenix",Order to Demand,,10.8,55.0,3,0.375,202409,202601,16,False,0.0,0.0,0.0,False,0.0,0.0,,0.0,,0.0,,0.0,False,3,0.0,0.0,0.0,0.0,DORMANT,,,0.0,,0.0,,,0.0,,,0.0,,0.0,,,0.0
500222600,FLOW CTL D-VALVE AS1211F-M5-06,TCB,"ASM-Pacific,Phoenix",Order to Demand,,14.01,15.0,3,0.375,202409,202601,16,False,0.0,0.0,0.0,False,0.0,0.0,,0.0,,0.0,,0.0,False,3,0.0,0.0,0.0,0.0,DORMANT,,,0.0,,0.0,,,0.0,,,0.0,,0.0,,,0.0
500222601,OXYGEN ANALYZER MODEL EC913,TCB,"ASM-Pacific,Phoenix",Order to Demand,,17395.2,25.0,3,0.375,202409,202601,16,False,0.0,0.0,0.0,False,0.0,0.0,,0.0,,0.0,,0.0,False,3,0.0,0.0,0.0,0.0,DORMANT,,,0.0,,0.0,,,0.0,,,0.0,,0.0,,,0.0
500222602,OTZ ASSY RGT (HVM),TCB,"ASM-Pacific,Phoenix",Order to Demand,,12970.8,25.0,3,0.375,202409,202601,16,False,0.0,0.0,0.0,False,0.0,0.0,,0.0,,0.0,,0.0,False,3,0.0,0.0,0.0,0.0,DORMANT,,,0.0,,0.0,,,0.0,,,0.0,,0.0,,,0.0
500222603,OTZ ASSY LFT (HVM),TCB,"ASM-Pacific,Phoenix",Order to Demand,,12662.1,25.0,3,0.375,202409,202601,16,False,0.0,0.0,0.0,False,0.0,0.0,,0.0,,0.0,,0.0,False,3,0.0,0.0,0.0,0.0,DORMANT,,,0.0,,0.0,,,0.0,,,0.0,,0.0,,,0.0
500222604,"ENCODER,OT,RIGHT",TCB,"ASM-Pacific,Firebird;ASM-Pacific,Phoenix",Order to Demand,,2763.45,10.0,3,0.375,202409,202601,16,False,0.0,0.0,0.0,False,0.0,0.0,,0.0,,0.0,,0.0,False,3,0.0,0.0,0.0,0.0,DORMANT,,,0.0,,0.0,,,0.0,,,0.0,,0.0,,,0.0
500222605,OT-Z (LEFT) MOTOR CABLE ASSY,TCB,"ASM-Pacific,Phoenix",Order to Demand,,1333.66,15.0,3,0.375,202409,202601,16,False,0.0,0.0,0.0,False,0.0,0.0,,0.0,,0.0,,0.0,False,3,0.0,0.0,0.0,0.0,DORMANT,,,0.0,,0.0,,,0.0,,,0.0,,0.0,,,0.0
500222606,"ENCODER,HVMOTX,U/D,OPTICS,X-TABLE",TCB,"ASM-Pacific,Phoenix",Order To Max,,2763.45,15.0,3,0.375,202409,202601,16,False,0.0,0.0,0.0,False,0.0,0.0,,0.0,,0.0,,0.0,False,3,0.0,0.0,0.0,0.0,DORMANT,,,0.0,,0.0,,,0.0,,,0.0,,0.0,,,0.0
500222607,OT-Z (RIGHT) MOTOR CABLE ASSY,TCB,"ASM-Pacific,Phoenix",Order to Demand,,1121.4,25.0,3,0.375,202409,202601,16,False,0.0,0.0,0.0,False,0.0,0.0,,0.0,,0.0,,0.0,False,3,0.0,0.0,0.0,0.0,DORMANT,,,0.0,,0.0,,,0.0,,,0.0,,0.0,,,0.0
500222608,FLAT ROUND AIR BEARING (D50),TCB,"ASM-Pacific,Firebird;ASM-Pacific,Phoenix",Order to Demand,,416.52,15.0,4,0.5,202408,202601,17,False,1.0,0.0,1.0,True,0.25,0.433,1.732,-1.0,-1.0,-0.0297,-0.1189,-0.0595,False,4,0.0,0.0,0.0,0.0,INTERMITTENT,,1.0,0.0,,0.0,,,0.0,,0.0,0.0,,0.0,,,0.0
500222609,HVMOTY ENCODER ASSY,TCB,"ASM-Pacific,Phoenix",Order to Demand,,3178.36,25.0,3,0.375,202409,202601,16,False,0.0,0.0,0.0,False,0.0,0.0,,0.0,,0.0,,0.0,False,3,0.0,0.0,0.0,0.0,DORMANT,,,0.0,,0.0,,,0.0,,,0.0,,0.0,,,0.0
500222610,THERMOSTAT ASSY,TCB,"ASM-Pacific,Phoenix;GENERIC",Order to Demand,,20.82,25.0,4,0.5,202407,202601,18,False,0.0,0.0,0.0,False,0.0,0.0,,0.0,,0.0,,0.0,False,4,0.0,0.0,0.0,0.0,DORMANT,0.0,,0.0,,0.0,,,0.0,0.0,,0.0,,0.0,,,0.0
500222612,SMPS 600W UNIV +/-48V&+/-15V,TCB,"ASM-Pacific,Phoenix;Generic;ASM-Pacific,Firebird",Order To Max,,2072.98,15.0,1,0.125,202409,202409,0,False,0.0,0.0,0.0,False,0.0,0.0,,0.0,,,,,False,1,0.0,0.0,0.0,0.0,SINGLE_SNAPSHOT,,,0.0,,,,,,,,0.0,,,,,
500222613,CAT5 USB 2.0 EXTENDER,TCB,"ASM-Pacific,Firebird;ASM-Pacific,Phoenix",Order to Demand,shared with XG756,1464.22,25.0,3,0.375,202409,202601,16,False,0.0,0.0,0.0,False,0.0,0.0,,0.0,,0.0,,0.0,False,3,0.0,0.0,0.0,0.0,DORMANT,,,0.0,,0.0,,,0.0,,,0.0,,0.0,,,0.0
500222614,LITEC AAD2 HIGH POWER MODULE,TCB,"ASM-Pacific,Phoenix",Order to Demand,,1589.58,15.0,3,0.375,202409,202601,16,False,0.0,0.0,0.0,False,0.0,0.0,,0.0,,0.0,,0.0,False,3,0.0,0.0,0.0,0.0,DORMANT,,,0.0,,0.0,,,0.0,,,0.0,,0.0,,,0.0
500222615,IZS31 SERIES BAR TYPE IONIZER,TCB,"ASM-Pacific,Phoenix",Order to Demand,,4808.7,15.0,3,0.375,202409,202601,16,False,0.0,0.0,0.0,False,0.0,0.0,,0.0,,0.0,,0.0,False,3,0.0,0.0,0.0,0.0,DORMANT,,,0.0,,0.0,,,0.0,,,0.0,,0.0,,,0.0
500222616,"MODULE,POWER,NDIII,CONTROL",TCB,"ASM-Pacific,Phoenix",Order to Demand,,2627.28,65.0,3,0.375,202409,202601,16,False,0.0,0.0,0.0,False,0.0,0.0,,0.0,,0.0,,0.0,False,3,0.0,0.0,0.0,0.0,DORMANT,,,0.0,,0.0,,,0.0,,,0.0,,0.0,,,0.0
500222617,USB TO 16X RS232 CONVERTER,TCB,"ASM-Pacific,Firebird;ASM-Pacific,Phoenix;ASMP ACW",Order To Max,shared with XG756,1859.12,10.0,3,0.375,202409,202601,16,False,0.0,0.0,0.0,False,0.0,0.0,,0.0,,0.0,,0.0,False,3,0.0,0.0,0.0,0.0,DORMANT,,,0.0,,0.0,,,0.0,,,0.0,,0.0,,,0.0
500222618,TWIN ARCHERFISH DISPENSER (ELEC. VACUUM),TCB,"ASM-Pacific,Phoenix",Order to Demand,,7650.0,25.0,3,0.375,202409,202601,16,False,0.0,0.0,0.0,False,0.0,0.0,,0.0,,0.0,,0.0,False,3,0.0,0.0,0.0,0.0,DORMANT,,,0.0,,0.0,,,0.0,,,0.0,,0.0,,,0.0
500222619,"MODULE,POWER,NUDRIVE-III,ND#2-1",TCB,"ASM-Pacific,Firebird;ASM-Pacific,Phoenix;ASMP ACW",Order to Demand,,1986.48,15.0,3,0.375,202409,202601,16,False,0.0,0.0,0.0,False,0.0,0.0,,0.0,,0.0,,0.0,False,3,0.0,0.0,0.0,0.0,DORMANT,,,0.0,,0.0,,,0.0,,,0.0,,0.0,,,0.0
500222620,SMPS 600W UNIV 18V,TCB,"ASM-Pacific,Firebird;ASM-Pacific,Phoenix;Generic",Order to Demand,,2035.34,15.0,3,0.375,202409,202601,16,False,0.0,0.0,0.0,False,0.0,0.0,,0.0,,0.0,,0.0,False,3,0.0,0.0,0.0,0.0,DORMANT,,,0.0,,0.0,,,0.0,,,0.0,,0.0,,,0.0
500222621,LITEC HIGH POWER MODULE_PH,TCB,"ASM-Pacific,Phoenix",Order To Max,,1560.34,15.0,3,0.375,202409,202601,16,False,0.0,0.0,0.0,True,0.0,0.0,,0.0,,0.0,,-0.0668,False,3,0.0,1.0,0.0,0.0,DORMANT,,,0.0,,0.0,,,0.0,,,0.0,,0.0,,,0.0
500222622,"SCREW,SHC,M2X6",TCB,"GENERIC;ASM-Pacific,Phoenix",Order to Demand,,1.35,25.0,3,0.375,202409,202601,16,False,0.0,0.0,0.0,False,0.0,0.0,,0.0,,0.0,,0.0,False,3,0.0,0.0,0.0,0.0,DORMANT,,,0.0,,0.0,,,0.0,,,0.0,,0.0,,,0.0
500222623,UPLOOKING RING LIGHT,TCB,"ASM-Pacific,Phoenix;ASM-Pacific,Firebird",Order To Max,,728.1,15.0,4,0.5,202408,202601,17,False,0.0,0.0,0.0,True,0.0,0.0,,0.0,,0.0,,-0.0324,False,4,0.0,1.0,0.0,0.0,DORMANT,,0.0,0.0,,0.0,,,0.0,,0.0,0.0,,0.0,,,0.0
500222624,"LIGHT,RING,DOWNLOOKING,HVMOT,U/D",TCB,"ASM-Pacific,Firebird;ASM-Pacific,Phoenix",Order to Demand,,1570.5,70.0,3,0.375,202409,202601,16,False,0.0,0.0,0.0,False,0.0,0.0,,0.0,,0.0,,0.0,False,3,0.0,0.0,0.0,0.0,DORMANT,,,0.0,,0.0,,,0.0,,,0.0,,0.0,,,0.0
500222625,COOLING BLOCK MOUNT (R),TCB,"ASM-Pacific,Phoenix",Order to Demand,,14.4,25.0,3,0.375,202409,202601,16,False,0.0,0.0,0.0,False,0.0,0.0,,0.0,,0.0,,0.0,False,3,0.0,0.0,0.0,0.0,DORMANT,,,0.0,,0.0,,,0.0,,,0.0,,0.0,,,0.0
500222626,COOLING BLOCK MOUNT (L),TCB,"ASM-Pacific,Phoenix",Order to Demand,,14.4,25.0,3,0.375,202409,202601,16,False,0.0,0.0,0.0,False,0.0,0.0,,0.0,,0.0,,0.0,False,3,0.0,0.0,0.0,0.0,DORMANT,,,0.0,,0.0,,,0.0,,,0.0,,0.0,,,0.0
500222627,RING LT FRONT MOUNT,TCB,"ASM-Pacific,Phoenix",Order to Demand,,207.9,25.0,3,0.375,202409,202601,16,False,0.0,0.0,0.0,False,0.0,0.0,,0.0,,0.0,,0.0,False,3,0.0,0.0,0.0,0.0,DORMANT,,,0.0,,0.0,,,0.0,,,0.0,,0.0,,,0.0
500222628,RINGLIGHT COOL RTD CLAMP,TCB,"ASM-Pacific,Phoenix",Order to Demand,,18.9,25.0,3,0.375,202409,202601,16,False,0.0,0.0,0.0,False,0.0,0.0,,0.0,,0.0,,0.0,False,3,0.0,0.0,0.0,0.0,DORMANT,,,0.0,,0.0,,,0.0,,,0.0,,0.0,,,0.0
500222629,HVMOT RING LT COOLING BLOCK,TCB,"ASM-Pacific,Phoenix",Order to Demand,,231.3,25.0,3,0.375,202409,202601,16,False,0.0,0.0,0.0,False,0.0,0.0,,0.0,,0.0,,0.0,False,3,0.0,0.0,0.0,0.0,DORMANT,,,0.0,,0.0,,,0.0,,,0.0,,0.0,,,0.0
500222630,MOUNTING INSULATOR,TCB,"ASM-Pacific,Phoenix",Order to Demand,,26.1,25.0,3,0.375,202409,202601,16,False,0.0,0.0,0.0,False,0.0,0.0,,0.0,,0.0,,0.0,False,3,0.0,0.0,0.0,0.0,DORMANT,,,0.0,,0.0,,,0.0,,,0.0,,0.0,,,0.0
500222631,"SPRING,MAGNET,2.5N,HVM,CAP,SENSOR",TCB,"ASM-Pacific,Phoenix;Generic;ASM-Pacific,Firebird",Order to Demand,,47.25,15.0,3,0.375,202409,202601,16,False,0.0,0.0,0.0,False,0.0,0.0,,0.0,,0.0,,0.0,False,3,0.0,0.0,0.0,0.0,DORMANT,,,0.0,,0.0,,,0.0,,,0.0,,0.0,,,0.0
500222632,CA_2.2-CONTROLLER BOX ASSY,TCB,"ASM-Pacific,Phoenix",Order to Demand,,934.95,55.0,3,0.375,202409,202601,16,False,0.0,0.0,0.0,False,0.0,0.0,,0.0,,0.0,,0.0,False,3,0.0,0.0,0.0,0.0,DORMANT,,,0.0,,0.0,,,0.0,,,0.0,,0.0,,,0.0
500222633,"BOX,SWITCH,STEP,DRIVE",TCB,"ASM-Pacific,Firebird;ASM-Pacific,Phoenix",Order to Demand,,413.31,15.0,3,0.375,202409,202601,16,False,0.0,0.0,0.0,False,0.0,0.0,,0.0,,0.0,,0.0,False,3,0.0,0.0,0.0,0.0,DORMANT,,,0.0,,0.0,,,0.0,,,0.0,,0.0,,,0.0
500222634,CM CHOKE AND DUMMY LOAD BOX,TCB,"ASM-Pacific,Firebird;ASM-Pacific,Phoenix",Order to Demand,,961.2,48.0,3,0.375,202409,202601,16,False,0.0,0.0,0.0,False,0.0,0.0,,0.0,,0.0,,0.0,False,3,0.0,0.0,0.0,0.0,DORMANT,,,0.0,,0.0,,,0.0,,,0.0,,0.0,,,0.0
500222635,POWER MONITOR ELEC. ASSY,TCB,"ASM-Pacific,Phoenix",Order to Demand,,171.41,25.0,3,0.375,202409,202601,16,False,0.0,0.0,0.0,False,0.0,0.0,,0.0,,0.0,,0.0,False,3,0.0,0.0,0.0,0.0,DORMANT,,,0.0,,0.0,,,0.0,,,0.0,,0.0,,,0.0
500222636,"ESIO7,ES#2",TCB,"ASM-Pacific,Phoenix",Order to Demand,,434.94,15.0,3,0.375,202409,202601,16,False,0.0,0.0,0.0,False,0.0,0.0,,0.0,,0.0,,0.0,False,3,0.0,0.0,0.0,0.0,DORMANT,,,0.0,,0.0,,,0.0,,,0.0,,0.0,,,0.0
500222637,LAMP CONTROLLER BOX,TCB,"ASM-Pacific,Phoenix",Order to Demand,,134.56,25.0,3,0.375,202409,202601,16,False,0.0,0.0,0.0,False,0.0,0.0,,0.0,,0.0,,0.0,False,3,0.0,0.0,0.0,0.0,DORMANT,,,0.0,,0.0,,,0.0,,,0.0,,0.0,,,0.0
500222638,"SUPPLY,POWER,600W,UNIV,26.8V,SMPS#6",TCB,"ASM-Pacific,Phoenix;ASMP ACW",Order to Demand,,968.4,15.0,3,0.375,202409,202601,16,False,0.0,0.0,0.0,False,0.0,0.0,,0.0,,0.0,,0.0,False,3,0.0,0.0,0.0,0.0,DORMANT,,,0.0,,0.0,,,0.0,,,0.0,,0.0,,,0.0
500222639,"BOX,BD,HARDWARE,LOGIC,TRIGGER",TCB,"ASM-Pacific,Phoenix",Order to Demand,,140.97,15.0,3,0.375,202409,202601,16,False,0.0,0.0,0.0,False,0.0,0.0,,0.0,,0.0,,0.0,False,3,0.0,0.0,0.0,0.0,DORMANT,,,0.0,,0.0,,,0.0,,,0.0,,0.0,,,0.0
500222640,SMPS AND COVER ASSY (60-00058),TCB,"ASM-Pacific,Phoenix;GENERIC",Order To Max,,334.81,15.0,1,0.125,202409,202409,0,False,0.0,0.0,0.0,False,0.0,0.0,,0.0,,,,,False,1,0.0,0.0,0.0,0.0,SINGLE_SNAPSHOT,,,0.0,,,,,,,,0.0,,,,,
500222641,"LAMP,FLOURESCENT,LM-31,W-CABLE",TCB,"ASM-Pacific,Phoenix",Order to Demand,,125.35,45.0,3,0.375,202409,202601,16,False,0.0,0.0,0.0,False,0.0,0.0,,0.0,,0.0,,0.0,False,3,0.0,0.0,0.0,0.0,DORMANT,,,0.0,,0.0,,,0.0,,,0.0,,0.0,,,0.0
500222642,HEATED WAFER CHUCK COOLING(R),TCB,"ASM-Pacific,Firebird;ASM-Pacific,Phoenix",Order to Demand,shared with XG756,1470.63,25.0,3,0.375,202409,202601,16,False,0.0,0.0,0.0,False,0.0,0.0,,0.0,,0.0,,0.0,False,3,0.0,0.0,0.0,0.0,DORMANT,,,0.0,,0.0,,,0.0,,,0.0,,0.0,,,0.0
500222643,"MOTOR,LINEAR,MOVING,MAGNET,CAP,SENSE",TCB,"ASM-Pacific,Firebird;ASM-Pacific,Phoenix",Order to Demand,,237.09,10.0,3,0.375,202409,202601,16,False,0.0,0.0,0.0,False,0.0,0.0,,0.0,,0.0,,0.0,False,3,0.0,0.0,0.0,0.0,DORMANT,,,0.0,,0.0,,,0.0,,,0.0,,0.0,,,0.0
500222644,"CABLE,ENCODER,CAP,SENSOR,MOTOR",TCB,"ASM-Pacific,Firebird;ASM-Pacific,Phoenix",Order to Demand,,3809.55,25.0,3,0.375,202409,202601,16,False,0.0,0.0,0.0,False,0.0,0.0,,0.0,,0.0,,0.0,False,3,0.0,0.0,0.0,0.0,DORMANT,,,0.0,,0.0,,,0.0,,,0.0,,0.0,,,0.0
500222645,(BS-R)CARRIAGE AB PRESS SNR(R),TCB,"GENERIC;ASM-Pacific,Phoenix",Order to Demand,,144.18,25.0,3,0.375,202409,202601,16,False,0.0,0.0,0.0,False,0.0,0.0,,0.0,,0.0,,0.0,False,3,0.0,0.0,0.0,0.0,DORMANT,,,0.0,,0.0,,,0.0,,,0.0,,0.0,,,0.0
500222646,(BS-L)CARRIAGE AB PRESS SNR(L),TCB,"GENERIC;ASM-Pacific,Phoenix",Order to Demand,,147.38,25.0,3,0.375,202409,202601,16,False,0.0,0.0,0.0,False,0.0,0.0,,0.0,,0.0,,0.0,False,3,0.0,0.0,0.0,0.0,DORMANT,,,0.0,,0.0,,,0.0,,,0.0,,0.0,,,0.0
500222647,(BS-L)BEAM AB PRESS SNR(L),TCB,"GENERIC;ASM-Pacific,Phoenix",Order to Demand,,147.38,25.0,3,0.375,202409,202601,16,False,0.0,0.0,0.0,False,0.0,0.0,,0.0,,0.0,,0.0,False,3,0.0,0.0,0.0,0.0,DORMANT,,,0.0,,0.0,,,0.0,,,0.0,,0.0,,,0.0
500222648,(BS-R)HEATED PEDESTAL VAC SNR,TCB,"GENERIC;ASM-Pacific,Phoenix",Order to Demand,,364.45,25.0,3,0.375,202409,202601,16,False,0.0,0.0,0.0,False,0.0,0.0,,0.0,,0.0,,0.0,False,3,0.0,0.0,0.0,0.0,DORMANT,,,0.0,,0.0,,,0.0,,,0.0,,0.0,,,0.0
500222649,(BS-R)BEAM AB PRESS SNR(R),TCB,"ASM-Pacific,Phoenix;GENERIC",Order to Demand,,144.18,25.0,3,0.375,202409,202601,16,False,0.0,0.0,0.0,False,0.0,0.0,,0.0,,0.0,,0.0,False,3,0.0,0.0,0.0,0.0,DORMANT,,,0.0,,0.0,,,0.0,,,0.0,,0.0,,,0.0
500222650,(PHS-R)HEATED PEDESTAL VAC SNR,TCB,"GENERIC;ASM-Pacific,Phoenix",Order to Demand,,381.27,25.0,3,0.375,202409,202601,16,False,0.0,0.0,0.0,False,0.0,0.0,,0.0,,0.0,,0.0,False,3,0.0,0.0,0.0,0.0,DORMANT,,,0.0,,0.0,,,0.0,,,0.0,,0.0,,,0.0
500222651,HEATED WAFER CHUCK COOLING(L),TCB,"ASM-Pacific,Phoenix",Order to Demand,,1688.4,25.0,3,0.375,202409,202601,16,False,0.0,0.0,0.0,False,0.0,0.0,,0.0,,0.0,,0.0,False,3,0.0,0.0,0.0,0.0,DORMANT,,,0.0,,0.0,,,0.0,,,0.0,,0.0,,,0.0
500222652,SMALL SIZE UPS RLY ASSY,TCB,"ASM-Pacific,Phoenix",Order to Demand,,86.5,25.0,4,0.5,202407,202601,18,False,0.0,0.0,0.0,False,0.0,0.0,,0.0,,0.0,,0.0,False,4,0.0,0.0,0.0,0.0,DORMANT,0.0,,0.0,,0.0,,,0.0,0.0,,0.0,,0.0,,,0.0
500222655,RED ILLUMINATED ROCKER SWITCH DPST,TCB,"GENERIC;ASM-Pacific,Phoenix",Order to Demand,,7.2,25.0,4,0.5,202407,202601,18,False,0.0,0.0,0.0,False,0.0,0.0,,0.0,,0.0,,0.0,False,4,0.0,0.0,0.0,0.0,DORMANT,0.0,,0.0,,0.0,,,0.0,0.0,,0.0,,0.0,,,0.0
500222656,IONIZER CONTROL RELAY BOARD,TCB,"ASM-Pacific,Phoenix",Order to Demand,,37.24,15.0,3,0.375,202409,202601,16,False,0.0,0.0,0.0,False,0.0,0.0,,0.0,,0.0,,0.0,False,3,0.0,0.0,0.0,0.0,DORMANT,,,0.0,,0.0,,,0.0,,,0.0,,0.0,,,0.0
500222657,HVM CAP SENSOR ASSEMBLY,TCB,"GENERIC;ASM-Pacific,Phoenix",Order to Demand,,50623.2,25.0,3,0.375,202409,202601,16,False,0.0,0.0,0.0,False,0.0,0.0,,0.0,,0.0,,0.0,False,3,0.0,0.0,0.0,0.0,DORMANT,,,0.0,,0.0,,,0.0,,,0.0,,0.0,,,0.0
500222658,IONIZER CONTROL RELAY BOARD,TCB,"ASM-Pacific,Phoenix",Order to Demand,,24.03,15.0,3,0.375,202409,202601,16,False,0.0,0.0,0.0,False,0.0,0.0,,0.0,,0.0,,0.0,False,3,0.0,0.0,0.0,0.0,DORMANT,,,0.0,,0.0,,,0.0,,,0.0,,0.0,,,0.0
500222659,SWITCHING BOARD FOR HEATERS,TCB,"ASM-Pacific,Phoenix",Order to Demand,,24.03,25.0,3,0.375,202409,202601,16,False,0.0,0.0,0.0,False,0.0,0.0,,0.0,,0.0,,0.0,False,3,0.0,0.0,0.0,0.0,DORMANT,,,0.0,,0.0,,,0.0,,,0.0,,0.0,,,0.0
500222662,O2 ANALYZE CHANG SOL,TCB,"ASM-Pacific,Firebird;Generic;ASM-Pacific,Phoenix",Order to Demand,shared with XG756,134.56,15.0,2,0.25,202409,202412,3,False,0.0,0.0,0.0,False,0.0,0.0,,0.0,,0.0,,0.0,False,2,0.0,0.0,0.0,0.0,DORMANT,,,0.0,,0.0,,,,,,0.0,,0.0,,,
500222663,"SOLENOID,OXYGEN,ANALYZER,BH",TCB,"Generic;ASM-Pacific,Firebird;ASM-Pacific,Phoenix",Order to Demand,,133.76,10.0,5,0.625,202407,202601,18,False,0.0,0.0,1.0,True,0.2,0.4,2.0,0.0,,-0.0192,-0.096,-0.0384,False,5,0.0,0.0,1.0,0.2,INTERMITTENT,0.0,1.0,0.0,,0.0,,,0.0,0.0,1.0,0.0,,0.0,,,0.0
500222664,COMPRESS AIR INLET MANIFOLD,TCB,"ASM-Pacific,Phoenix",Order to Demand,,484.2,25.0,3,0.375,202409,202601,16,False,0.0,0.0,0.0,False,0.0,0.0,,0.0,,0.0,,0.0,False,3,0.0,0.0,0.0,0.0,DORMANT,,,0.0,,0.0,,,0.0,,,0.0,,0.0,,,0.0
500222665,AIR INLET PNEU ASSY,TCB,"ASM-Pacific,Phoenix",Order to Demand,,836.24,25.0,3,0.375,202409,202601,16,False,0.0,0.0,0.0,False,0.0,0.0,,0.0,,0.0,,0.0,False,3,0.0,0.0,0.0,0.0,DORMANT,,,0.0,,0.0,,,0.0,,,0.0,,0.0,,,0.0
500222666,VAC LINE ZNLEF MANIFOLD,TCB,"ASM-Pacific,Phoenix",Order to Demand,,398.7,25.0,3,0.375,202409,202601,16,False,0.0,0.0,0.0,False,0.0,0.0,,0.0,,0.0,,0.0,False,3,0.0,0.0,0.0,0.0,DORMANT,,,0.0,,0.0,,,0.0,,,0.0,,0.0,,,0.0
500222667,"PLUG R I/4"" BSP [17C3]",TCB,"ASM-Pacific,Phoenix",Order to Demand,,9.0,25.0,3,0.375,202409,202601,16,False,0.0,0.0,0.0,False,0.0,0.0,,0.0,,0.0,,0.0,False,3,0.0,0.0,0.0,0.0,DORMANT,,,0.0,,0.0,,,0.0,,,0.0,,0.0,,,0.0
500222668,(STA-L)COVER VACUUM SOL,TCB,"GENERIC;ASM-Pacific,Phoenix",Order to Demand,,133.76,25.0,3,0.375,202409,202601,16,False,0.0,0.0,0.0,False,0.0,0.0,,0.0,,0.0,,0.0,False,3,0.0,0.0,0.0,0.0,DORMANT,,,0.0,,0.0,,,0.0,,,0.0,,0.0,,,0.0
500222669,(STA-L)SUBSTRATE VACUUM SOL,TCB,"GENERIC;ASM-Pacific,Phoenix",Order to Demand,,133.76,25.0,3,0.375,202409,202601,16,False,0.0,0.0,0.0,False,0.0,0.0,,0.0,,0.0,,0.0,False,3,0.0,0.0,0.0,0.0,DORMANT,,,0.0,,0.0,,,0.0,,,0.0,,0.0,,,0.0
500222670,STA BLOW PNEU SOL(L),TCB,"ASM-Pacific,Phoenix;GENERIC",Order to Demand,,124.15,25.0,3,0.375,202409,202601,16,False,0.0,0.0,0.0,False,0.0,0.0,,0.0,,0.0,,0.0,False,3,0.0,0.0,0.0,0.0,DORMANT,,,0.0,,0.0,,,0.0,,,0.0,,0.0,,,0.0
500222671,STA BLOW PNEU SOL(R),TCB,"GENERIC;ASM-Pacific,Phoenix",Order to Demand,,128.16,25.0,3,0.375,202409,202601,16,False,0.0,0.0,0.0,False,0.0,0.0,,0.0,,0.0,,0.0,False,3,0.0,0.0,0.0,0.0,DORMANT,,,0.0,,0.0,,,0.0,,,0.0,,0.0,,,0.0
500222672,STA COVER FLOW LEAKAGE DETECT SNR(L),TCB,"ASM-Pacific,Phoenix;GENERIC",Order to Demand,,326.0,25.0,3,0.375,202409,202601,16,False,0.0,0.0,0.0,False,0.0,0.0,,0.0,,0.0,,0.0,False,3,0.0,0.0,0.0,0.0,DORMANT,,,0.0,,0.0,,,0.0,,,0.0,,0.0,,,0.0
500222673,STA COVER FLOW LEAKAGE DETECT SNR(R),TCB,"ASM-Pacific,Phoenix;GENERIC",Order to Demand,,312.39,25.0,3,0.375,202409,202601,16,False,0.0,0.0,0.0,False,0.0,0.0,,0.0,,0.0,,0.0,False,3,0.0,0.0,0.0,0.0,DORMANT,,,0.0,,0.0,,,0.0,,,0.0,,0.0,,,0.0
500222674,STA STRIP FLOW LEAKAGE DETECT SNR(L),TCB,"ASM-Pacific,Phoenix;GENERIC",Order to Demand,,312.39,25.0,3,0.375,202409,202601,16,False,0.0,0.0,0.0,False,0.0,0.0,,0.0,,0.0,,0.0,False,3,0.0,0.0,0.0,0.0,DORMANT,,,0.0,,0.0,,,0.0,,,0.0,,0.0,,,0.0
500222675,STA STRIP FLOW LEAKAGE DETECT SNR(R),TCB,"ASM-Pacific,Phoenix;GENERIC",Order to Demand,,312.39,25.0,3,0.375,202409,202601,16,False,0.0,0.0,0.0,False,0.0,0.0,,0.0,,0.0,,0.0,False,3,0.0,0.0,0.0,0.0,DORMANT,,,0.0,,0.0,,,0.0,,,0.0,,0.0,,,0.0
500222676,SOL MOUNT(R),TCB,"ASM-Pacific,Phoenix",Order to Demand,,31.5,25.0,3,0.375,202409,202601,16,False,0.0,0.0,0.0,False,0.0,0.0,,0.0,,0.0,,0.0,False,3,0.0,0.0,0.0,0.0,DORMANT,,,0.0,,0.0,,,0.0,,,0.0,,0.0,,,0.0
500222677,POST VAC SOL MOUNT(L),TCB,"ASM-Pacific,Phoenix",Order to Demand,,63.0,25.0,3,0.375,202409,202601,16,False,0.0,0.0,0.0,False,0.0,0.0,,0.0,,0.0,,0.0,False,3,0.0,0.0,0.0,0.0,DORMANT,,,0.0,,0.0,,,0.0,,,0.0,,0.0,,,0.0
500222678,STA BLOW/ION SOL MOUNT(LEFT),TCB,"ASM-Pacific,Phoenix",Order to Demand,,21.6,25.0,3,0.375,202409,202601,16,False,0.0,0.0,0.0,False,0.0,0.0,,0.0,,0.0,,0.0,False,3,0.0,0.0,0.0,0.0,DORMANT,,,0.0,,0.0,,,0.0,,,0.0,,0.0,,,0.0
500222679,STA BLOW/ION SOL MOUNT(RIGHT),TCB,"ASM-Pacific,Phoenix",Order to Demand,,13.5,25.0,3,0.375,202409,202601,16,False,0.0,0.0,0.0,False,0.0,0.0,,0.0,,0.0,,0.0,False,3,0.0,0.0,0.0,0.0,DORMANT,,,0.0,,0.0,,,0.0,,,0.0,,0.0,,,0.0
500222680,FLOW CONTROL WITH FITTING M5X0.8,TCB,"ASM-Pacific,Firebird;ASM-Pacific,Phoenix",Order to Demand,shared with XG756,12.01,25.0,3,0.375,202409,202601,16,False,0.0,0.0,0.0,False,0.0,0.0,,0.0,,0.0,,0.0,False,3,0.0,0.0,0.0,0.0,DORMANT,,,0.0,,0.0,,,0.0,,,0.0,,0.0,,,0.0
500222684,REAR AIR IONIZER PNEU SOL(R),TCB,"ASM-Pacific,Phoenix;GENERIC",Order to Demand,,128.16,15.0,3,0.375,202409,202601,16,False,0.0,0.0,0.0,False,0.0,0.0,,0.0,,0.0,,0.0,False,3,0.0,0.0,0.0,0.0,DORMANT,,,0.0,,0.0,,,0.0,,,0.0,,0.0,,,0.0
500222685,SOL PIN CONNENCTOR MOUNT(10EA),TCB,"ASM-Pacific,Phoenix",Order to Demand,,18.0,25.0,3,0.375,202409,202601,16,False,0.0,0.0,0.0,False,0.0,0.0,,0.0,,0.0,,0.0,False,3,0.0,0.0,0.0,0.0,DORMANT,,,0.0,,0.0,,,0.0,,,0.0,,0.0,,,0.0
500222686,STA/POST VAC SOL MOUNT FIX PANEL,TCB,"ASM-Pacific,Phoenix",Order to Demand,,96.3,25.0,3,0.375,202409,202601,16,False,0.0,0.0,0.0,False,0.0,0.0,,0.0,,0.0,,0.0,False,3,0.0,0.0,0.0,0.0,DORMANT,,,0.0,,0.0,,,0.0,,,0.0,,0.0,,,0.0
500222687,POST HEAT STATION VAC SOL 1(L),TCB,"ASM-Pacific,Phoenix;GENERIC",Order to Demand,,161.0,15.0,3,0.375,202409,202601,16,False,0.0,0.0,0.0,False,0.0,0.0,,0.0,,0.0,,0.0,False,3,0.0,0.0,0.0,0.0,DORMANT,,,0.0,,0.0,,,0.0,,,0.0,,0.0,,,0.0
500222688,POST HEAT STATION VAC SOL 2(L),TCB,"GENERIC;ASM-Pacific,Phoenix",Order to Demand,,161.0,25.0,3,0.375,202409,202601,16,False,0.0,0.0,0.0,False,0.0,0.0,,0.0,,0.0,,0.0,False,3,0.0,0.0,0.0,0.0,DORMANT,,,0.0,,0.0,,,0.0,,,0.0,,0.0,,,0.0
500222689,REAR AIR IONIZER PNEU SOL(R),TCB,"GENERIC;ASM-Pacific,Phoenix",Order to Demand,,128.16,25.0,3,0.375,202409,202601,16,False,0.0,0.0,0.0,False,0.0,0.0,,0.0,,0.0,,0.0,False,3,0.0,0.0,0.0,0.0,DORMANT,,,0.0,,0.0,,,0.0,,,0.0,,0.0,,,0.0
500222690,STA/POST VAC SOL MOUNT,TCB,"ASM-Pacific,Phoenix",Order to Demand,,127.8,25.0,3,0.375,202409,202601,16,False,0.0,0.0,0.0,False,0.0,0.0,,0.0,,0.0,,0.0,False,3,0.0,0.0,0.0,0.0,DORMANT,,,0.0,,0.0,,,0.0,,,0.0,,0.0,,,0.0
500222691,SOC HD ATTACHING SCREW M4X12,TCB,"ASM-Pacific,Phoenix;GENERIC",Order to Demand,,9.0,25.0,3,0.375,202409,202601,16,False,0.0,0.0,0.0,False,0.0,0.0,,0.0,,0.0,,0.0,False,3,0.0,0.0,0.0,0.0,DORMANT,,,0.0,,0.0,,,0.0,,,0.0,,0.0,,,0.0
500222692,POST HEAT STATION VAC SOL 3(L),TCB,"GENERIC;ASM-Pacific,Phoenix",Order to Demand,,161.0,25.0,3,0.375,202409,202601,16,False,0.0,0.0,0.0,False,0.0,0.0,,0.0,,0.0,,0.0,False,3,0.0,0.0,0.0,0.0,DORMANT,,,0.0,,0.0,,,0.0,,,0.0,,0.0,,,0.0
500222693,(BS-L)HEATED PEDESTAL VAC SNR 4(L),TCB,"GENERIC;ASM-Pacific,Phoenix",Order to Demand,,169.81,25.0,3,0.375,202409,202601,16,False,0.0,0.0,0.0,False,0.0,0.0,,0.0,,0.0,,0.0,False,3,0.0,0.0,0.0,0.0,DORMANT,,,0.0,,0.0,,,0.0,,,0.0,,0.0,,,0.0
500222694,POST HEAT STATION VAC SOL 4(L),TCB,"ASM-Pacific,Phoenix;GENERIC",Order to Demand,,161.0,25.0,3,0.375,202409,202601,16,False,0.0,0.0,0.0,False,0.0,0.0,,0.0,,0.0,,0.0,False,3,0.0,0.0,0.0,0.0,DORMANT,,,0.0,,0.0,,,0.0,,,0.0,,0.0,,,0.0
500222695,(BS-L)HEATED PEDESTAL VAC SNR 3(L),TCB,"ASM-Pacific,Phoenix",Order to Demand,,169.81,15.0,3,0.375,202409,202601,16,False,0.0,0.0,0.0,False,0.0,0.0,,0.0,,0.0,,0.0,False,3,0.0,0.0,0.0,0.0,DORMANT,,,0.0,,0.0,,,0.0,,,0.0,,0.0,,,0.0
500222696,"SENSOR,VACUUM,HEATED,PED,BS-L,2,LEFT",TCB,"ASM-Pacific,Phoenix;GENERIC",Order to Demand,,169.81,15.0,3,0.375,202409,202601,16,False,0.0,0.0,0.0,False,0.0,0.0,,0.0,,0.0,,0.0,False,3,0.0,0.0,0.0,0.0,DORMANT,,,0.0,,0.0,,,0.0,,,0.0,,0.0,,,0.0
500222697,CLEAN ONE-TOUCH CONNECTOR: KPQH10-02,TCB,"ASM-Pacific,Phoenix",Order to Demand,,16.2,25.0,3,0.375,202409,202601,16,False,0.0,0.0,0.0,False,0.0,0.0,,0.0,,0.0,,0.0,False,3,0.0,0.0,0.0,0.0,DORMANT,,,0.0,,0.0,,,0.0,,,0.0,,0.0,,,0.0
500222698,CLEAN ONE-TOUCH CONNECTOR: KPQL06-02,TCB,"ASM-Pacific,Firebird;ASM-Pacific,Phoenix",Order to Demand,,9.9,75.0,3,0.375,202409,202601,16,False,0.0,0.0,0.0,False,0.0,0.0,,0.0,,0.0,,0.0,False,3,0.0,0.0,0.0,0.0,DORMANT,,,0.0,,0.0,,,0.0,,,0.0,,0.0,,,0.0
500222699,MALE ELBOW,TCB,"ASM-Pacific,Phoenix;ASM-Pacific,Firebird",Order to Demand,shared with XG756,7.2,15.0,3,0.375,202409,202601,16,False,0.0,0.0,0.0,False,0.0,0.0,,0.0,,0.0,,0.0,False,3,0.0,0.0,0.0,0.0,DORMANT,,,0.0,,0.0,,,0.0,,,0.0,,0.0,,,0.0
500222700,PLUG-IN REDUCER,TCB,"ASM-Pacific,Phoenix",Order to Demand,,4.5,25.0,3,0.375,202409,202601,16,False,0.0,0.0,0.0,False,0.0,0.0,,0.0,,0.0,,0.0,False,3,0.0,0.0,0.0,0.0,DORMANT,,,0.0,,0.0,,,0.0,,,0.0,,0.0,,,0.0
500222701,2-2 SELECTOR M-VALVE VHK2-08F-08F,TCB,"ASM-Pacific,Phoenix",Order to Demand,,22.5,25.0,3,0.375,202409,202601,16,False,0.0,0.0,0.0,False,0.0,0.0,,0.0,,0.0,,0.0,False,3,0.0,0.0,0.0,0.0,DORMANT,,,0.0,,0.0,,,0.0,,,0.0,,0.0,,,0.0
500222702,(PHS-L)HEATED PEDESTAL VAC SNR 1(L),TCB,"ASM-Pacific,Phoenix",Order to Demand,,169.81,25.0,3,0.375,202409,202601,16,False,0.0,0.0,0.0,False,0.0,0.0,,0.0,,0.0,,0.0,False,3,0.0,0.0,0.0,0.0,DORMANT,,,0.0,,0.0,,,0.0,,,0.0,,0.0,,,0.0
500222703,"UNIT,AIR,SERVICE,AC40C-03",TCB,"ASMP ACW;ASM-Pacific,Phoenix;Generic",Order to Demand,,494.21,25.0,3,0.375,202409,202601,16,False,0.0,0.0,0.0,False,0.0,0.0,,0.0,,0.0,,0.0,False,3,0.0,0.0,0.0,0.0,DORMANT,,,0.0,,0.0,,,0.0,,,0.0,,0.0,,,0.0
500222704,SILENCER AN20-02,TCB,"GENERIC;ASM-Pacific,Phoenix",Order to Demand,,10.8,25.0,3,0.375,202409,202601,16,False,0.0,0.0,0.0,False,0.0,0.0,,0.0,,0.0,,0.0,False,3,0.0,0.0,0.0,0.0,DORMANT,,,0.0,,0.0,,,0.0,,,0.0,,0.0,,,0.0
500222705,SLIDE RAIL KC-252-12,TCB,"ASM-Pacific,Phoenix",Order to Demand,,36.04,25.0,3,0.375,202409,202601,16,False,0.0,0.0,0.0,False,0.0,0.0,,0.0,,0.0,,0.0,False,3,0.0,0.0,0.0,0.0,DORMANT,,,0.0,,0.0,,,0.0,,,0.0,,0.0,,,0.0
500222706,EXH ONOFF FIX MOUNT,TCB,"ASM-Pacific,Phoenix",Order to Demand,,13.5,25.0,3,0.375,202409,202601,16,False,0.0,0.0,0.0,False,0.0,0.0,,0.0,,0.0,,0.0,False,3,0.0,0.0,0.0,0.0,DORMANT,,,0.0,,0.0,,,0.0,,,0.0,,0.0,,,0.0
500222707,MALE ELBOW KQ2L10-03AS,TCB,"ASM-Pacific,Firebird;ASM-Pacific,Phoenix",Order to Demand,,14.4,25.0,3,0.375,202409,202601,16,False,0.0,0.0,0.0,False,0.0,0.0,,0.0,,0.0,,0.0,False,3,0.0,0.0,0.0,0.0,DORMANT,,,0.0,,0.0,,,0.0,,,0.0,,0.0,,,0.0
500222708,TOOL-OPEARTED STYLE X-5675,TCB,"GENERIC;ASM-Pacific,Phoenix",Order to Demand,,18.9,25.0,3,0.375,202409,202601,16,False,0.0,0.0,0.0,False,0.0,0.0,,0.0,,0.0,,0.0,False,3,0.0,0.0,0.0,0.0,DORMANT,,,0.0,,0.0,,,0.0,,,0.0,,0.0,,,0.0
500222709,AIR SUPPLY SERVICE UNIT PNEU FIX FRAME,TCB,"ASM-Pacific,Phoenix",Order to Demand,,140.4,25.0,3,0.375,202409,202601,16,False,0.0,0.0,0.0,False,0.0,0.0,,0.0,,0.0,,0.0,False,3,0.0,0.0,0.0,0.0,DORMANT,,,0.0,,0.0,,,0.0,,,0.0,,0.0,,,0.0
500222710,AIR SUPPLY SERVICE UNIT PNEU FIX MOUNT,TCB,"ASM-Pacific,Phoenix",Order to Demand,,153.0,25.0,3,0.375,202409,202601,16,False,0.0,0.0,0.0,False,0.0,0.0,,0.0,,0.0,,0.0,False,3,0.0,0.0,0.0,0.0,DORMANT,,,0.0,,0.0,,,0.0,,,0.0,,0.0,,,0.0
500222711,MAGNETIC CATCH FIX MOUNT,TCB,"ASM-Pacific,Phoenix",Order to Demand,,16.2,25.0,3,0.375,202409,202601,16,False,0.0,0.0,0.0,False,0.0,0.0,,0.0,,0.0,,0.0,False,3,0.0,0.0,0.0,0.0,DORMANT,,,0.0,,0.0,,,0.0,,,0.0,,0.0,,,0.0
500222712,AIR SUPPLY SERVICE UNIT PNEU PANEL,TCB,"ASM-Pacific,Phoenix",Order to Demand,,50.4,25.0,3,0.375,202409,202601,16,False,0.0,0.0,0.0,False,0.0,0.0,,0.0,,0.0,,0.0,False,3,0.0,0.0,0.0,0.0,DORMANT,,,0.0,,0.0,,,0.0,,,0.0,,0.0,,,0.0
500222713,AIR FILTER FIX MOUNT-2,TCB,"ASM-Pacific,Phoenix",Order to Demand,,43.2,25.0,3,0.375,202409,202601,16,False,0.0,0.0,0.0,False,0.0,0.0,,0.0,,0.0,,0.0,False,3,0.0,0.0,0.0,0.0,DORMANT,,,0.0,,0.0,,,0.0,,,0.0,,0.0,,,0.0
500222714,AIR BOX E-CHAIN FIX MOUNT-1,TCB,"ASM-Pacific,Phoenix",Order to Demand,,43.2,25.0,3,0.375,202409,202601,16,False,0.0,0.0,0.0,False,0.0,0.0,,0.0,,0.0,,0.0,False,3,0.0,0.0,0.0,0.0,DORMANT,,,0.0,,0.0,,,0.0,,,0.0,,0.0,,,0.0
500222715,AIR BEARING FILTER EXHAUST ON/OFF MOUNT,TCB,"ASM-Pacific,Phoenix",Order to Demand,,21.6,25.0,3,0.375,202409,202601,16,False,0.0,0.0,0.0,False,0.0,0.0,,0.0,,0.0,,0.0,False,3,0.0,0.0,0.0,0.0,DORMANT,,,0.0,,0.0,,,0.0,,,0.0,,0.0,,,0.0
500222716,AIR FILTER FIX MOUNT-1,TCB,"ASM-Pacific,Phoenix",Order to Demand,,25.2,25.0,3,0.375,202409,202601,16,False,0.0,0.0,0.0,False,0.0,0.0,,0.0,,0.0,,0.0,False,3,0.0,0.0,0.0,0.0,DORMANT,,,0.0,,0.0,,,0.0,,,0.0,,0.0,,,0.0
500222717,PNEU BOX LOWER SLIDE RALL FIX MOUNT-1,TCB,"ASM-Pacific,Phoenix",Order to Demand,,55.8,25.0,3,0.375,202409,202601,16,False,0.0,0.0,0.0,False,0.0,0.0,,0.0,,0.0,,0.0,False,3,0.0,0.0,0.0,0.0,DORMANT,,,0.0,,0.0,,,0.0,,,0.0,,0.0,,,0.0
500222718,PNEU BOX LOWER SLIDE RALL FIX MOUNT-2,TCB,"ASM-Pacific,Phoenix",Order to Demand,,45.9,25.0,3,0.375,202409,202601,16,False,0.0,0.0,0.0,False,0.0,0.0,,0.0,,0.0,,0.0,False,3,0.0,0.0,0.0,0.0,DORMANT,,,0.0,,0.0,,,0.0,,,0.0,,0.0,,,0.0
500222719,AIR SUPPLY PNEU DOOR PANEL,TCB,"ASM-Pacific,Phoenix",Order to Demand,,271.8,25.0,3,0.375,202409,202601,16,False,0.0,0.0,0.0,False,0.0,0.0,,0.0,,0.0,,0.0,False,3,0.0,0.0,0.0,0.0,DORMANT,,,0.0,,0.0,,,0.0,,,0.0,,0.0,,,0.0
500222720,PNEU BOX LOCK MOUNT,TCB,"ASM-Pacific,Phoenix",Order to Demand,,13.5,25.0,3,0.375,202409,202601,16,False,0.0,0.0,0.0,False,0.0,0.0,,0.0,,0.0,,0.0,False,3,0.0,0.0,0.0,0.0,DORMANT,,,0.0,,0.0,,,0.0,,,0.0,,0.0,,,0.0
500222721,AIR BEARING FLOWMETER MOUNT,TCB,"ASM-Pacific,Phoenix",Order to Demand,,31.5,25.0,3,0.375,202409,202601,16,False,0.0,0.0,0.0,False,0.0,0.0,,0.0,,0.0,,0.0,False,3,0.0,0.0,0.0,0.0,DORMANT,,,0.0,,0.0,,,0.0,,,0.0,,0.0,,,0.0
500222722,PNEU TUBE FIX MOUNT,TCB,"ASM-Pacific,Phoenix",Order to Demand,,47.7,25.0,3,0.375,202409,202601,16,False,0.0,0.0,0.0,False,0.0,0.0,,0.0,,0.0,,0.0,False,3,0.0,0.0,0.0,0.0,DORMANT,,,0.0,,0.0,,,0.0,,,0.0,,0.0,,,0.0
500222723,PREVENT WATER LEAK BOX-1,TCB,"ASM-Pacific,Phoenix",Order to Demand,,32.4,25.0,3,0.375,202409,202601,16,False,0.0,0.0,0.0,False,0.0,0.0,,0.0,,0.0,,0.0,False,3,0.0,0.0,0.0,0.0,DORMANT,,,0.0,,0.0,,,0.0,,,0.0,,0.0,,,0.0
500222724,PREVENT WATER LEAK BOX FIX MOUNT,TCB,"ASM-Pacific,Phoenix",Order to Demand,,12.6,25.0,3,0.375,202409,202601,16,False,0.0,0.0,0.0,False,0.0,0.0,,0.0,,0.0,,0.0,False,3,0.0,0.0,0.0,0.0,DORMANT,,,0.0,,0.0,,,0.0,,,0.0,,0.0,,,0.0
500222725,2 PIN 0.165 INCH PLUG MOUNT,TCB,"ASM-Pacific,Phoenix",Order to Demand,,13.5,25.0,3,0.375,202409,202601,16,False,0.0,0.0,0.0,False,0.0,0.0,,0.0,,0.0,,0.0,False,3,0.0,0.0,0.0,0.0,DORMANT,,,0.0,,0.0,,,0.0,,,0.0,,0.0,,,0.0
500222726,PREVENT WATER LEAK BOX-2,TCB,"ASM-Pacific,Phoenix",Order to Demand,,29.7,25.0,3,0.375,202409,202601,16,False,0.0,0.0,0.0,False,0.0,0.0,,0.0,,0.0,,0.0,False,3,0.0,0.0,0.0,0.0,DORMANT,,,0.0,,0.0,,,0.0,,,0.0,,0.0,,,0.0
500222727,PNEU BOX UPPER SLIDE RALL FIX MOUNT,TCB,"ASM-Pacific,Phoenix",Order to Demand,,69.3,25.0,3,0.375,202409,202601,16,False,0.0,0.0,0.0,False,0.0,0.0,,0.0,,0.0,,0.0,False,3,0.0,0.0,0.0,0.0,DORMANT,,,0.0,,0.0,,,0.0,,,0.0,,0.0,,,0.0
500222728,AIR SUPPLY PNEU BOX MAIN SUPPORT PANEL,TCB,"ASM-Pacific,Phoenix",Order to Demand,,458.1,25.0,3,0.375,202409,202601,16,False,0.0,0.0,0.0,False,0.0,0.0,,0.0,,0.0,,0.0,False,3,0.0,0.0,0.0,0.0,DORMANT,,,0.0,,0.0,,,0.0,,,0.0,,0.0,,,0.0
500222729,AIR/N2 SUPPLY SWITCH SOL MOUNT,TCB,"ASM-Pacific,Phoenix",Order to Demand,,29.7,25.0,3,0.375,202409,202601,16,False,0.0,0.0,0.0,False,0.0,0.0,,0.0,,0.0,,0.0,False,3,0.0,0.0,0.0,0.0,DORMANT,,,0.0,,0.0,,,0.0,,,0.0,,0.0,,,0.0
500222730,AIR SUPPLY PNEU DOOR SUPPORT MOUNT,TCB,"ASM-Pacific,Phoenix",Order to Demand,,27.0,25.0,3,0.375,202409,202601,16,False,0.0,0.0,0.0,False,0.0,0.0,,0.0,,0.0,,0.0,False,3,0.0,0.0,0.0,0.0,DORMANT,,,0.0,,0.0,,,0.0,,,0.0,,0.0,,,0.0
500222731,AIR SUPPLY PNEU BOX COVER,TCB,"ASM-Pacific,Phoenix",Order to Demand,,1269.0,25.0,3,0.375,202409,202601,16,False,0.0,0.0,0.0,False,0.0,0.0,,0.0,,0.0,,0.0,False,3,0.0,0.0,0.0,0.0,DORMANT,,,0.0,,0.0,,,0.0,,,0.0,,0.0,,,0.0
500222732,PREVENT WATER LEAK BOX FIX MOUNT-2,TCB,"ASM-Pacific,Phoenix",Order to Demand,,13.5,25.0,3,0.375,202409,202601,16,False,0.0,0.0,0.0,False,0.0,0.0,,0.0,,0.0,,0.0,False,3,0.0,0.0,0.0,0.0,DORMANT,,,0.0,,0.0,,,0.0,,,0.0,,0.0,,,0.0
500222733,MAGNETIC CATCH,TCB,"ASM-Pacific,Phoenix",Order to Demand,,32.4,25.0,3,0.375,202409,202601,16,False,0.0,0.0,0.0,False,0.0,0.0,,0.0,,0.0,,0.0,False,3,0.0,0.0,0.0,0.0,DORMANT,,,0.0,,0.0,,,0.0,,,0.0,,0.0,,,0.0
500222734,(PENU)AIR SUPPLY I SWITCH,TCB,"ASM-Pacific,Phoenix;GENERIC",Order to Demand,,297.97,25.0,3,0.375,202409,202601,16,False,0.0,0.0,0.0,False,0.0,0.0,,0.0,,0.0,,0.0,False,3,0.0,0.0,0.0,0.0,DORMANT,,,0.0,,0.0,,,0.0,,,0.0,,0.0,,,0.0
500222735,(PENU)AIR SUPPLY III SWITCH,TCB,"ASM-Pacific,Phoenix;GENERIC",Order to Demand,,297.97,25.0,3,0.375,202409,202601,16,False,0.0,0.0,0.0,False,0.0,0.0,,0.0,,0.0,,0.0,False,3,0.0,0.0,0.0,0.0,DORMANT,,,0.0,,0.0,,,0.0,,,0.0,,0.0,,,0.0
500222736,(PENU)AIR SUPPLY II SWITCH,TCB,"GENERIC;ASM-Pacific,Phoenix",Order to Demand,,297.97,25.0,3,0.375,202409,202601,16,False,0.0,0.0,0.0,False,0.0,0.0,,0.0,,0.0,,0.0,False,3,0.0,0.0,0.0,0.0,DORMANT,,,0.0,,0.0,,,0.0,,,0.0,,0.0,,,0.0
500222737,(PENU)N2 SUPPLY SWITCH,TCB,"GENERIC;ASM-Pacific,Phoenix",Order to Demand,,297.97,25.0,3,0.375,202409,202601,16,False,0.0,0.0,0.0,False,0.0,0.0,,0.0,,0.0,,0.0,False,3,0.0,0.0,0.0,0.0,DORMANT,,,0.0,,0.0,,,0.0,,,0.0,,0.0,,,0.0
500222738,(PENU)N2 SUPPLY SWITCH 2,TCB,"GENERIC;ASM-Pacific,Phoenix",Order to Demand,,297.97,25.0,3,0.375,202409,202601,16,False,0.0,0.0,0.0,False,0.0,0.0,,0.0,,0.0,,0.0,False,3,0.0,0.0,0.0,0.0,DORMANT,,,0.0,,0.0,,,0.0,,,0.0,,0.0,,,0.0
500222739,CLEAN ONE-TOUCH CONNECTOR: KPQL10-02,TCB,"ASM-Pacific,Firebird;ASM-Pacific,Phoenix",Order to Demand,,13.5,55.0,3,0.375,202409,202601,16,False,0.0,0.0,0.0,False,0.0,0.0,,0.0,,0.0,,0.0,False,3,0.0,0.0,0.0,0.0,DORMANT,,,0.0,,0.0,,,0.0,,,0.0,,0.0,,,0.0
500222740,FEMALE ELBOW FITTING KQ2LF10-02A,TCB,"ASM-Pacific,Phoenix",Order to Demand,,9.61,25.0,3,0.375,202409,202601,16,False,0.0,0.0,0.0,False,0.0,0.0,,0.0,,0.0,,0.0,False,3,0.0,0.0,0.0,0.0,DORMANT,,,0.0,,0.0,,,0.0,,,0.0,,0.0,,,0.0
500222741,SILENCER U-1/4,TCB,"ASM-Pacific,Phoenix;GENERIC",Order to Demand,,9.9,25.0,4,0.5,202408,202601,17,False,0.0,0.0,0.0,True,0.0,0.0,,0.0,,0.0,,0.2486,False,4,4.0,4.0,4.0,1.0,DORMANT,,0.0,0.0,,0.0,,,0.0,,0.0,0.0,,0.0,,,0.0
500222742,"(CV) PANEL, ON/OFF VALVE MOUNT",TCB,"ASM-Pacific,Phoenix",Order to Demand,,12.6,25.0,3,0.375,202409,202601,16,False,0.0,0.0,0.0,False,0.0,0.0,,0.0,,0.0,,0.0,False,3,0.0,0.0,0.0,0.0,DORMANT,,,0.0,,0.0,,,0.0,,,0.0,,0.0,,,0.0
500222743,2-WAY PARALLEL CONNECTOR,TCB,"ASM-Pacific,Phoenix",Order to Demand,,9.9,25.0,3,0.375,202409,202601,16,False,0.0,0.0,0.0,False,0.0,0.0,,0.0,,0.0,,0.0,False,3,0.0,0.0,0.0,0.0,DORMANT,,,0.0,,0.0,,,0.0,,,0.0,,0.0,,,0.0
500222744,CLEAN ONE-TOUCH CONNECTOR: KPQL08-02,TCB,"ASM-Pacific,Firebird;ASM-Pacific,Phoenix",Order to Demand,,12.6,25.0,2,0.25,202412,202601,13,False,0.0,0.0,0.0,False,0.0,0.0,,0.0,,0.0,,0.0,False,2,0.0,0.0,0.0,0.0,DORMANT,,,,,0.0,,,0.0,,,,,0.0,,,0.0
500222745,SMC MIST SEPARATOR AFM20-02-2-A,TCB,"ASM-Pacific,Phoenix;ASM-Pacific,Firebird;Generic",Order to Demand,,66.48,25.0,3,0.375,202409,202601,16,False,0.0,0.0,0.0,False,0.0,0.0,,0.0,,0.0,,0.0,False,3,0.0,0.0,0.0,0.0,DORMANT,,,0.0,,0.0,,,0.0,,,0.0,,0.0,,,0.0
500222746,AIR DRYER IDG5-02-S,TCB,"ASM-Pacific,Phoenix;ASM-Pacific,Firebird",Order to Demand,,829.03,25.0,3,0.375,202409,202601,16,False,0.0,0.0,0.0,False,0.0,0.0,,0.0,,0.0,,0.0,False,3,0.0,0.0,0.0,0.0,DORMANT,,,0.0,,0.0,,,0.0,,,0.0,,0.0,,,0.0
500222747,SMC SPACER WITH BRACKET,TCB,"ASM-Pacific,Phoenix;ASM-Pacific,Firebird",Order to Demand,,10.8,90.0,3,0.375,202409,202601,16,False,0.0,0.0,0.0,False,0.0,0.0,,0.0,,0.0,,0.0,False,3,0.0,0.0,0.0,0.0,DORMANT,,,0.0,,0.0,,,0.0,,,0.0,,0.0,,,0.0
500222749,MIST SEPARATOR,TCB,"ASM-Pacific,Firebird;ASM-Pacific,Phoenix;Generic",Order to Demand,,60.47,25.0,3,0.375,202409,202601,16,False,0.0,0.0,0.0,False,0.0,0.0,,0.0,,0.0,,0.0,False,3,0.0,0.0,0.0,0.0,DORMANT,,,0.0,,0.0,,,0.0,,,0.0,,0.0,,,0.0
500222750,AIR TANK SIDE COVER,TCB,"ASM-Pacific,Phoenix",Order to Demand,,54.0,25.0,3,0.375,202409,202601,16,False,0.0,0.0,0.0,False,0.0,0.0,,0.0,,0.0,,0.0,False,3,0.0,0.0,0.0,0.0,DORMANT,,,0.0,,0.0,,,0.0,,,0.0,,0.0,,,0.0
500222751,AIR TANK INLET PANEL,TCB,"ASM-Pacific,Phoenix",Order to Demand,,30.6,25.0,3,0.375,202409,202601,16,False,0.0,0.0,0.0,False,0.0,0.0,,0.0,,0.0,,0.0,False,3,0.0,0.0,0.0,0.0,DORMANT,,,0.0,,0.0,,,0.0,,,0.0,,0.0,,,0.0
500222752,AIR TANK OUTPUT PANEL,TCB,"ASM-Pacific,Phoenix",Order to Demand,,36.9,25.0,3,0.375,202409,202601,16,False,0.0,0.0,0.0,False,0.0,0.0,,0.0,,0.0,,0.0,False,3,0.0,0.0,0.0,0.0,DORMANT,,,0.0,,0.0,,,0.0,,,0.0,,0.0,,,0.0
500222753,MID COVER,TCB,"ASM-Pacific,Phoenix",Order to Demand,,1126.8,25.0,3,0.375,202409,202601,16,False,0.0,0.0,0.0,False,0.0,0.0,,0.0,,0.0,,0.0,False,3,0.0,0.0,0.0,0.0,DORMANT,,,0.0,,0.0,,,0.0,,,0.0,,0.0,,,0.0
500222754,STA FOR COVER/STRIP VAC SNR,TCB,"ASM-Pacific,Phoenix;GENERIC",Order to Demand,,382.87,38.0,3,0.375,202409,202601,16,False,0.0,0.0,0.0,False,0.0,0.0,,0.0,,0.0,,0.0,False,3,0.0,0.0,0.0,0.0,DORMANT,,,0.0,,0.0,,,0.0,,,0.0,,0.0,,,0.0
500222755,BASE PLATE,TCB,"ASM-Pacific,Phoenix",Order to Demand,,460.8,25.0,3,0.375,202409,202601,16,False,0.0,0.0,0.0,False,0.0,0.0,,0.0,,0.0,,0.0,False,3,0.0,0.0,0.0,0.0,DORMANT,,,0.0,,0.0,,,0.0,,,0.0,,0.0,,,0.0
500222756,AIR TANK VBAT10A1,TCB,"GENERIC;ASM-Pacific,Phoenix",Order to Demand,,650.7,25.0,3,0.375,202409,202601,16,False,0.0,0.0,0.0,False,0.0,0.0,,0.0,,0.0,,0.0,False,3,0.0,0.0,0.0,0.0,DORMANT,,,0.0,,0.0,,,0.0,,,0.0,,0.0,,,0.0
500222757,(BS-L)HEATED PEDESTAL VAC SNR,TCB,"GENERIC;ASM-Pacific,Phoenix",Order to Demand,,428.4,25.0,3,0.375,202409,202601,16,False,0.0,0.0,0.0,False,0.0,0.0,,0.0,,0.0,,0.0,False,3,0.0,0.0,0.0,0.0,DORMANT,,,0.0,,0.0,,,0.0,,,0.0,,0.0,,,0.0
500222758,(PHS-L)HEATED PEDESTAL VAC SNR,TCB,"ASM-Pacific,Phoenix;GENERIC",Order to Demand,,428.4,25.0,3,0.375,202409,202601,16,False,0.0,0.0,0.0,False,0.0,0.0,,0.0,,0.0,,0.0,False,3,0.0,0.0,0.0,0.0,DORMANT,,,0.0,,0.0,,,0.0,,,0.0,,0.0,,,0.0
500222759,STA FLOW LEAKAGE DETECTION SWITCH,TCB,"ASM-Pacific,Phoenix;GENERIC",Order to Demand,,1070.93,25.0,3,0.375,202409,202601,16,False,0.0,0.0,0.0,False,0.0,0.0,,0.0,,0.0,,0.0,False,3,0.0,0.0,0.0,0.0,DORMANT,,,0.0,,0.0,,,0.0,,,0.0,,0.0,,,0.0
500222760,"SOLENOID,VACUUM,CLEAN,STATION,BS-L,LEFT",TCB,"GENERIC;ASM-Pacific,Phoenix",Order to Demand,,131.36,15.0,5,0.625,202407,202601,18,False,4.0,0.0,4.0,True,0.8,1.6,2.0,-4.0,-1.0,-0.0951,-0.1188,-0.0951,False,5,0.0,0.0,1.0,0.2,INTERMITTENT,4.0,0.0,0.0,,0.0,,,0.0,1.0,0.0,0.0,,0.0,,,0.0
500222761,"SOLENOID,VACUUM,CLEAN,STATION,BS-R,RIGHT",TCB,"ASM-Pacific,Phoenix;GENERIC",Order to Demand,,131.36,15.0,3,0.375,202409,202601,16,False,0.0,0.0,0.0,False,0.0,0.0,,0.0,,0.0,,0.0,False,3,0.0,0.0,0.0,0.0,DORMANT,,,0.0,,0.0,,,0.0,,,0.0,,0.0,,,0.0
500222762,"SOLENOID,VACUUM,HT,PEDESTAL,BS-L,1,LEFT",TCB,"ASM-Pacific,Phoenix;GENERIC",Order to Demand,,131.36,15.0,4,0.5,202407,202601,18,False,2.0,1.0,2.0,True,0.75,0.829,1.106,-1.0,-0.5,-0.0038,-0.0051,0.028,False,4,1.0,1.0,1.0,0.25,INTERMITTENT,2.0,,0.0,,0.0,,,1.0,0.0,,0.0,,0.0,,,0.0
500222763,"SOLENOID,VACUUM,HT,PEDESTAL,BS-L,2,LEFT",TCB,"ASM-Pacific,Phoenix;GENERIC",Order to Demand,,131.36,15.0,4,0.5,202408,202601,17,False,2.0,0.0,2.0,True,0.5,0.866,1.732,-2.0,-1.0,-0.0595,-0.1189,-0.1784,False,4,0.0,0.0,1.0,0.25,INTERMITTENT,,2.0,0.0,,0.0,,,0.0,,1.0,0.0,,0.0,,,0.0
500222764,"SOLENOID,VACUUM,HT,PEDESTAL,BS-L,3,LEFT",TCB,"ASM-Pacific,Phoenix;GENERIC",Order to Demand,,131.36,15.0,5,0.625,202407,202601,18,False,2.0,0.0,2.0,True,0.4,0.8,2.0,-2.0,-1.0,-0.0475,-0.1188,-0.0475,False,5,0.0,0.0,0.0,0.0,INTERMITTENT,2.0,0.0,0.0,,0.0,,,0.0,0.0,0.0,0.0,,0.0,,,0.0
500222765,"SOLENOID,VACUUM,HT,PEDESTAL,BS-R,1,RIGHT",TCB,"ASM-Pacific,Phoenix;GENERIC",Order to Demand,,131.36,15.0,3,0.375,202409,202601,16,False,0.0,0.0,0.0,False,0.0,0.0,,0.0,,0.0,,0.0,False,3,0.0,0.0,0.0,0.0,DORMANT,,,0.0,,0.0,,,0.0,,,0.0,,0.0,,,0.0
500222766,"SOLENOID,VACUUM,HT,PEDESTAL,BS-R,2,RIGHT",TCB,"GENERIC;ASM-Pacific,Phoenix",Order to Demand,,131.36,15.0,3,0.375,202409,202601,16,False,0.0,0.0,0.0,False,0.0,0.0,,0.0,,0.0,,0.0,False,3,0.0,0.0,0.0,0.0,DORMANT,,,0.0,,0.0,,,0.0,,,0.0,,0.0,,,0.0
500222767,"SOLENOID,VACUUM,HT,PEDESTAL,BS-L,4,LEFT",TCB,"ASM-Pacific,Phoenix;GENERIC",Order to Demand,,131.36,15.0,3,0.375,202409,202601,16,False,0.0,0.0,0.0,False,0.0,0.0,,0.0,,0.0,,0.0,False,3,0.0,0.0,0.0,0.0,DORMANT,,,0.0,,0.0,,,0.0,,,0.0,,0.0,,,0.0
500222768,(BS-R)HT PEDESTAL VAC SOL 4(R),TCB,"ASM-Pacific,Phoenix;GENERIC",Order to Demand,,131.36,15.0,3,0.375,202409,202601,16,False,0.0,0.0,0.0,False,0.0,0.0,,0.0,,0.0,,0.0,False,3,0.0,0.0,0.0,0.0,DORMANT,,,0.0,,0.0,,,0.0,,,0.0,,0.0,,,0.0
500222769,HETED PEDESTAL VAC DISPLAY(R),TCB,"ASM-Pacific,Phoenix",Order to Demand,,382.87,25.0,3,0.375,202409,202601,16,False,0.0,0.0,0.0,False,0.0,0.0,,0.0,,0.0,,0.0,False,3,0.0,0.0,0.0,0.0,DORMANT,,,0.0,,0.0,,,0.0,,,0.0,,0.0,,,0.0
500222770,"SOLENOID,VACUUM,HT,PEDESTAL,BS-R,3,RIGHT",TCB,"GENERIC;ASM-Pacific,Phoenix",Order to Demand,,131.36,15.0,4,0.5,202407,202601,18,False,2.0,0.0,2.0,True,0.5,0.866,1.732,-2.0,-1.0,-0.0635,-0.1271,-0.0635,False,4,0.0,0.0,1.0,0.25,INTERMITTENT,2.0,,0.0,,0.0,,,0.0,1.0,,0.0,,0.0,,,0.0
500222771,BH WEAK BLOW REGULATOR(ELEC),TCB,"ASM-Pacific,Phoenix",Order to Demand,,1049.31,25.0,3,0.375,202409,202601,16,False,0.0,0.0,0.0,False,0.0,0.0,,0.0,,0.0,,0.0,False,3,0.0,0.0,0.0,0.0,DORMANT,,,0.0,,0.0,,,0.0,,,0.0,,0.0,,,0.0
500222772,HETED PEDESTAL VAC DISPLAY(L),TCB,"ASM-Pacific,Phoenix",Order to Demand,,382.87,25.0,3,0.375,202409,202601,16,False,0.0,0.0,0.0,False,0.0,0.0,,0.0,,0.0,,0.0,False,3,0.0,0.0,0.0,0.0,DORMANT,,,0.0,,0.0,,,0.0,,,0.0,,0.0,,,0.0
500222773,(BS-L)CARRIAGE VAC PRELOAD FMT(L),TCB,"ASM-Pacific,Phoenix;GENERIC",Order to Demand,,804.2,25.0,3,0.375,202409,202601,16,False,0.0,0.0,0.0,False,0.0,0.0,,0.0,,0.0,,0.0,False,3,0.0,0.0,0.0,0.0,DORMANT,,,0.0,,0.0,,,0.0,,,0.0,,0.0,,,0.0
500222774,(BS-R)CARRIAGE VAC PRELOAD FMT(R),TCB,"ASM-Pacific,Phoenix;GENERIC",Order to Demand,,804.2,25.0,3,0.375,202409,202601,16,False,0.0,0.0,0.0,False,0.0,0.0,,0.0,,0.0,,0.0,False,3,0.0,0.0,0.0,0.0,DORMANT,,,0.0,,0.0,,,0.0,,,0.0,,0.0,,,0.0
500222775,(BS-R)BD STAGE AIR BEARING SOL(R),TCB,"GENERIC;ASM-Pacific,Phoenix",Order to Demand,,146.58,25.0,3,0.375,202409,202601,16,False,0.0,0.0,0.0,False,0.0,0.0,,0.0,,0.0,,0.0,False,3,0.0,0.0,0.0,0.0,DORMANT,,,0.0,,0.0,,,0.0,,,0.0,,0.0,,,0.0
500222776,(BS-L)CARRIAGE VAC PRELOAD SOL(L),TCB,"ASM-Pacific,Phoenix;GENERIC",Order to Demand,,146.58,25.0,3,0.375,202409,202601,16,False,0.0,0.0,0.0,False,0.0,0.0,,0.0,,0.0,,0.0,False,3,0.0,0.0,0.0,0.0,DORMANT,,,0.0,,0.0,,,0.0,,,0.0,,0.0,,,0.0
500222777,(BS-L)CARRIAGE VAC PRELOAD SWITCH(L),TCB,"ASM-Pacific,Phoenix;GENERIC",Order to Demand,,247.5,25.0,3,0.375,202409,202601,16,False,0.0,0.0,0.0,False,0.0,0.0,,0.0,,0.0,,0.0,False,3,0.0,0.0,0.0,0.0,DORMANT,,,0.0,,0.0,,,0.0,,,0.0,,0.0,,,0.0
500222778,(BS-R)CARRIAGE VAC PRELOAD SWITCH(R),TCB,"ASM-Pacific,Phoenix;GENERIC",Order to Demand,,247.5,25.0,3,0.375,202409,202601,16,False,0.0,0.0,0.0,False,0.0,0.0,,0.0,,0.0,,0.0,False,3,0.0,0.0,0.0,0.0,DORMANT,,,0.0,,0.0,,,0.0,,,0.0,,0.0,,,0.0
500222779,(BH)BH WEAK BLOW PRES SWITCH,TCB,"GENERIC;ASM-Pacific,Phoenix",Order to Demand,,297.97,25.0,3,0.375,202409,202601,16,False,0.0,0.0,0.0,False,0.0,0.0,,0.0,,0.0,,0.0,False,3,0.0,0.0,0.0,0.0,DORMANT,,,0.0,,0.0,,,0.0,,,0.0,,0.0,,,0.0
500222780,(BH)IMPINGING COL PRESS SWITCH,TCB,"GENERIC;ASM-Pacific,Phoenix",Order to Demand,,297.97,15.0,3,0.375,202409,202601,16,False,0.0,0.0,0.0,False,0.0,0.0,,0.0,,0.0,,0.0,False,3,0.0,0.0,0.0,0.0,DORMANT,,,0.0,,0.0,,,0.0,,,0.0,,0.0,,,0.0
500222781,(BH)VCM AIR BEARING SWITCH,TCB,"GENERIC;ASM-Pacific,Phoenix",Order to Demand,,297.97,25.0,3,0.375,202409,202601,16,False,0.0,0.0,0.0,False,0.0,0.0,,0.0,,0.0,,0.0,False,3,0.0,0.0,0.0,0.0,DORMANT,,,0.0,,0.0,,,0.0,,,0.0,,0.0,,,0.0
500222782,(BH)Z COLUMN AIR BEARING PRESS?SWITCH,TCB,"GENERIC;ASM-Pacific,Phoenix",Order to Demand,,297.97,25.0,3,0.375,202409,202601,16,False,0.0,0.0,0.0,False,0.0,0.0,,0.0,,0.0,,0.0,False,3,0.0,0.0,0.0,0.0,DORMANT,,,0.0,,0.0,,,0.0,,,0.0,,0.0,,,0.0
500222783,(BH)COOLING BLOCK PRESS SWITCH,TCB,"GENERIC;ASM-Pacific,Phoenix",Order to Demand,,297.97,25.0,3,0.375,202409,202601,16,False,0.0,0.0,0.0,False,0.0,0.0,,0.0,,0.0,,0.0,False,3,0.0,0.0,0.0,0.0,DORMANT,,,0.0,,0.0,,,0.0,,,0.0,,0.0,,,0.0
500222784,NOZZLE CHANGE DISPLAY,TCB,"ASM-Pacific,Phoenix;ASM-Pacific,Firebird",Order to Demand,,299.57,15.0,1,0.125,202601,202601,0,True,0.0,0.0,0.0,False,0.0,0.0,,0.0,,,,,False,1,0.0,0.0,0.0,0.0,SINGLE_SNAPSHOT,,,,,,,,0.0,,,,,,,,0.0
500222785,"SOLENOID,AIR-N2,COOLING,BLOCK,CHANGE",TCB,"ASM-Pacific,Phoenix;GENERIC",Order to Demand,,182.62,15.0,3,0.375,202409,202601,16,False,0.0,1.0,1.0,True,0.333,0.471,1.414,1.0,,0.0668,0.2005,0.0668,False,3,1.0,1.0,1.0,0.333,INTERMITTENT,,,0.0,,0.0,,,1.0,,,0.0,,0.0,,,0.0
500222786,BULKHEAD UNION,TCB,"ASM-Pacific,Firebird;Generic;ASM-Pacific,Phoenix",Order to Demand,,9.0,70.0,3,0.375,202409,202601,16,False,0.0,0.0,0.0,False,0.0,0.0,,0.0,,0.0,,0.0,False,3,0.0,0.0,0.0,0.0,DORMANT,,,0.0,,0.0,,,0.0,,,0.0,,0.0,,,0.0
500222787,SPEED CONTROLLER AS2051F-06-3,TCB,"ASM-Pacific,Phoenix",Order to Demand,,36.04,25.0,3,0.375,202409,202601,16,False,0.0,0.0,0.0,False,0.0,0.0,,0.0,,0.0,,0.0,False,3,0.0,0.0,0.0,0.0,DORMANT,,,0.0,,0.0,,,0.0,,,0.0,,0.0,,,0.0
500222788,VACUUM REGULATOR IRV10-LC08,TCB,"ASM-Pacific,Phoenix",Order to Demand,,170.61,25.0,3,0.375,202409,202601,16,False,0.0,0.0,0.0,False,0.0,0.0,,0.0,,0.0,,0.0,False,3,0.0,0.0,0.0,0.0,DORMANT,,,0.0,,0.0,,,0.0,,,0.0,,0.0,,,0.0
500224527,SPECTRUM WEIGHT SCALE ASSEMBLY,TCB,Asymtek S912;Asymtek S922;Asymtek S932,Order to Demand,,3725.6,61.0,3,0.375,202409,202601,16,False,0.0,0.0,0.0,False,0.0,0.0,,0.0,,0.0,,0.0,False,3,0.0,0.0,0.0,0.0,DORMANT,,,0.0,,0.0,,,0.0,,,0.0,,0.0,,,0.0
500229031,WHITE PILOT LIGHT HEAD FOR LED,TCB,Heller HRF;Heller 2017 Formic Acid;Heller FAR;Heller 2017 MK III,Order to Demand,,16.28,25.0,2,0.25,202412,202601,13,False,0.0,0.0,0.0,False,0.0,0.0,,0.0,,0.0,,0.0,False,2,0.0,0.0,0.0,0.0,DORMANT,,,,,0.0,,,0.0,,,,,0.0,,,0.0
500229032,GREEN PILOT LIGHT HEAD FOR LED,TCB,Heller HRF;Heller 2017 MK III;Heller FAR;Heller 2017 Formic Acid,Order to Demand,,16.28,25.0,1,0.125,202412,202412,0,False,0.0,0.0,0.0,False,0.0,0.0,,0.0,,,,,False,1,0.0,0.0,0.0,0.0,SINGLE_SNAPSHOT,,,,,0.0,,,,,,,,0.0,,,
500229563,FILTER DISC CPL./CPP,TCB,"ASM-Pacific,Phoenix",Order to Demand,,3.2,25.0,4,0.5,202408,202601,17,False,14.0,0.0,14.0,True,3.5,6.062,1.732,-14.0,-1.0,-0.4162,-0.1189,-1.1297,False,4,0.0,0.0,0.0,0.0,INTERMITTENT,,14.0,0.0,,0.0,,,0.0,,0.0,0.0,,0.0,,,0.0
500229829,SS SOCKET CSK HD M3X8 HEX SCREW,TCB,"DEK Galaxy;DEK,265GSX;DEK, INFINITY",Order To Max,,0.17,20.0,2,0.25,202409,202601,16,False,0.0,0.0,0.0,False,0.0,0.0,,0.0,,0.0,,0.0,False,2,0.0,0.0,0.0,0.0,DORMANT,,,0.0,,,,,0.0,,,0.0,,,,,0.0
500230162,(DPA) NOZZLE 28XX RUBBER TIP 4.06X8.13,TCB,"ASM-Pacific,Phoenix",Order To Max,,575.5,75.0,3,0.375,202409,202601,16,False,0.0,0.0,0.0,False,0.0,0.0,,0.0,,0.0,,0.0,False,3,0.0,0.0,0.0,0.0,DORMANT,,,0.0,,0.0,,,0.0,,,0.0,,0.0,,,0.0
500231923,MALE CONNECTOR,TCB,"ASM-Pacific,Phoenix",Order to Demand,,3.6,55.0,4,0.5,202408,202601,17,False,2.0,0.0,2.0,True,0.5,0.866,1.732,-2.0,-1.0,-0.0595,-0.1189,-0.0595,False,4,0.0,0.0,1.0,0.25,INTERMITTENT,,2.0,0.0,,0.0,,,0.0,,1.0,0.0,,0.0,,,0.0
500236579,"(IES) CDS, SEAL A FOR EXT. DUCT",TCB,"ASM-Pacific,Phoenix",Order to Demand,,15.3,25.0,3,0.375,202409,202601,16,False,0.0,0.0,0.0,False,0.0,0.0,,0.0,,0.0,,0.0,False,3,0.0,0.0,0.0,0.0,DORMANT,,,0.0,,0.0,,,0.0,,,0.0,,0.0,,,0.0
500236580,"(IES) CDS, IO SEAL",TCB,"ASM-Pacific,Phoenix",Order to Demand,,15.3,25.0,3,0.375,202409,202601,16,False,0.0,0.0,0.0,False,0.0,0.0,,0.0,,0.0,,0.0,False,3,0.0,0.0,0.0,0.0,DORMANT,,,0.0,,0.0,,,0.0,,,0.0,,0.0,,,0.0
500236581,"(IES) CDS, SEAL C FOR EXT. DUCT",TCB,"ASM-Pacific,Phoenix",Order to Demand,,15.3,25.0,3,0.375,202409,202601,16,False,0.0,0.0,0.0,False,0.0,0.0,,0.0,,0.0,,0.0,False,3,0.0,0.0,0.0,0.0,DORMANT,,,0.0,,0.0,,,0.0,,,0.0,,0.0,,,0.0
500236582,"(IES) EXH, WINDOW SEAL FOR CDS-G2",TCB,"ASM-Pacific,Phoenix",Order to Demand,,15.3,25.0,3,0.375,202409,202601,16,False,0.0,0.0,0.0,False,0.0,0.0,,0.0,,0.0,,0.0,False,3,0.0,0.0,0.0,0.0,DORMANT,,,0.0,,0.0,,,0.0,,,0.0,,0.0,,,0.0
500236583,(IES) CDS SEAL FOR FRONT COVER,TCB,"ASM-Pacific,Phoenix",Order to Demand,,15.3,25.0,3,0.375,202409,202601,16,False,0.0,0.0,0.0,False,0.0,0.0,,0.0,,0.0,,0.0,False,3,0.0,0.0,0.0,0.0,DORMANT,,,0.0,,0.0,,,0.0,,,0.0,,0.0,,,0.0
500236584,FLUX CDS GROMMET (SEAL A/B),TCB,"ASM-Pacific,Phoenix",Order to Demand,,15.3,25.0,3,0.375,202409,202601,16,False,0.0,0.0,0.0,False,0.0,0.0,,0.0,,0.0,,0.0,False,3,0.0,0.0,0.0,0.0,DORMANT,,,0.0,,0.0,,,0.0,,,0.0,,0.0,,,0.0
500236918,PIN EXTRACTOR,TCB,"Delta JLP, JTP;Generic;Asymtek S932",Order To Max,,19.37,30.0,4,0.5,202409,202601,16,False,0.0,0.0,0.0,True,0.0,0.0,,0.0,,0.0,,0.012,False,4,1.0,1.0,1.0,0.25,DORMANT,,,0.0,0.0,0.0,,,0.0,,,0.0,0.0,0.0,,,0.0
500237206,"40011, 0.4MM, S, U1, 10.268 X 8.97",TCB,"ASM-Pacific,Phoenix",Order to Demand,,3230.0,35.0,2,0.25,202409,202410,1,False,0.0,0.0,0.0,False,0.0,0.0,,0.0,,0.0,,0.0,False,2,0.0,0.0,0.0,0.0,DORMANT,,,0.0,0.0,,,,,,,0.0,0.0,,,,
500237207,"40053, 0.4MM, S, U2, 04.45 X 09.93",TCB,"ASM-Pacific,Phoenix",Order to Demand,,3230.0,35.0,2,0.25,202409,202410,1,False,0.0,0.0,0.0,False,0.0,0.0,,0.0,,0.0,,0.0,False,2,0.0,0.0,0.0,0.0,DORMANT,,,0.0,0.0,,,,,,,0.0,0.0,,,,
500237209,"40015, 0.4MM, S, U1, 10.07 X 08.77",TCB,"ASM-Pacific,Phoenix",Order to Demand,,3230.0,35.0,2,0.25,202409,202410,1,False,0.0,0.0,0.0,False,0.0,0.0,,0.0,,0.0,,0.0,False,2,0.0,0.0,0.0,0.0,DORMANT,,,0.0,0.0,,,,,,,0.0,0.0,,,,
500237418,SMC BARB FITTING,TCB,"ASM-Pacific,Phoenix",Order to Demand,,13.5,25.0,3,0.375,202409,202601,16,False,0.0,0.0,0.0,False,0.0,0.0,,0.0,,0.0,,0.0,False,3,0.0,0.0,0.0,0.0,DORMANT,,,0.0,,0.0,,,0.0,,,0.0,,0.0,,,0.0
500237420,SILICONE SUCTION CUP 2.5MM,TCB,"ASM-Pacific,Firebird;HDMx x30;Delta JLP, JTP;ASM-Pacific,Phoenix",Order To Max,,2.45,10.0,4,0.5,202410,202601,15,False,0.0,160.0,160.0,True,85.0,57.228,0.673,160.0,,8.3582,0.0983,-25.8209,False,4,460.0,660.0,640.0,160.0,STABLE,,,,0.0,100.0,,80.0,160.0,,,,0.0,100.0,,0.0,50.0
500240189,"FILTER,99.99%,0.3UM,570X570X69MM",TCB,"ASM-Pacific, Falcon;ASM-Pacific,Phoenix",Order to Demand,,527.45,15.0,3,0.375,202409,202601,16,False,0.0,0.0,0.0,False,0.0,0.0,,0.0,,0.0,,0.0,False,3,0.0,0.0,0.0,0.0,DORMANT,,,0.0,,0.0,,,0.0,,,0.0,,0.0,,,0.0
500240191,VAC. PUMP FILTER (NPK 0100),TCB,"ASM-Pacific,Phoenix;ASM-Pacific, Falcon",Order to Demand,,86.5,15.0,3,0.375,202409,202601,16,False,0.0,0.0,0.0,False,0.0,0.0,,0.0,,0.0,,0.0,False,3,0.0,0.0,0.0,0.0,DORMANT,,,0.0,,0.0,,,0.0,,,0.0,,0.0,,,0.0
500240200,MINI KEYBOARD USB,TCB,"ASM-Pacific, Falcon",Order to Demand,,16.02,25.0,3,0.375,202410,202601,15,False,0.0,0.0,0.0,True,0.0,0.0,,0.0,,0.0,,-0.2111,False,3,0.0,3.0,0.0,0.0,DORMANT,,,,0.0,0.0,,,0.0,,,,0.0,0.0,,,0.0
500240430,"SPRING,GAS,A4A4H52-115-347?0XX,700",TCB,"ASM-Pacific, Falcon;ASM-Pacific,Phoenix;Generic",Order to Demand,,90.51,10.0,3,0.375,202409,202601,16,False,0.0,1.0,1.0,True,0.333,0.471,1.414,1.0,,0.0668,0.2005,0.0668,False,3,1.0,1.0,1.0,0.333,INTERMITTENT,,,0.0,,0.0,,,1.0,,,0.0,,0.0,,,0.0
500240821,FUSE 12A 250V SLO-BLO,TCB,"ASM-Pacific,Firebird;ASM-Pacific,Phoenix;Quick vision metrology;ASMP ACW",Order to Demand,,2.0,10.0,2,0.25,202407,202410,3,False,2.0,0.0,2.0,True,1.0,1.0,1.0,-2.0,-1.0,-0.6667,-0.6667,-0.6667,False,2,0.0,2.0,0.0,0.0,INTERMITTENT,2.0,,,0.0,,,,,0.0,,,0.0,,,,
500240825,FUSE TR5 T 5A 250V,TCB,"ASM-Pacific,Firebird;ASM-Pacific,Phoenix",Order to Demand,,2.22,25.0,3,0.375,202409,202601,16,False,0.0,0.0,0.0,False,0.0,0.0,,0.0,,0.0,,0.0,False,3,0.0,0.0,0.0,0.0,DORMANT,,,0.0,,0.0,,,0.0,,,0.0,,0.0,,,0.0
500240827,FUSE 10A 250V SLO-BLO             [44B4],TCB,"ASM-Pacific,Phoenix;ASM-Pacific,Firebird",Order To Max,,3.0,30.0,4,0.5,202407,202601,18,False,0.0,0.0,0.0,True,0.0,0.0,,0.0,,0.0,,-0.1067,False,4,0.0,0.0,0.0,0.0,DORMANT,0.0,,0.0,,0.0,,,0.0,0.0,,0.0,,0.0,,,0.0
500244403,"40032, 0.4MM, S, U1, 16.51 X 09.09",TCB,"ASM-Pacific,Phoenix",Order to Demand,,3230.0,35.0,2,0.25,202409,202410,1,False,0.0,0.0,0.0,False,0.0,0.0,,0.0,,0.0,,0.0,False,2,0.0,0.0,0.0,0.0,DORMANT,,,0.0,0.0,,,,,,,0.0,0.0,,,,
500244407,"40034, 0.4MM, S, U3, 03.77 X 11.44",TCB,"ASM-Pacific,Phoenix",Order to Demand,,3230.0,35.0,1,0.125,202409,202409,0,False,0.0,0.0,0.0,False,0.0,0.0,,0.0,,,,,False,1,0.0,0.0,0.0,0.0,SINGLE_SNAPSHOT,,,0.0,,,,,,,,0.0,,,,,
500244823,GAS SPRING D3D3-52-165-407/170N,TCB,"ASM-Pacific,Phoenix",Order to Demand,,67.05,25.0,3,0.375,202409,202601,16,False,0.0,0.0,0.0,False,0.0,0.0,,0.0,,0.0,,0.0,False,3,0.0,0.0,0.0,0.0,DORMANT,,,0.0,,0.0,,,0.0,,,0.0,,0.0,,,0.0
500244824,GAS SPRING J4J4-50-150-398-350N,TCB,"ASM-Pacific,Phoenix",Order to Demand,,112.5,25.0,4,0.5,202408,202601,17,False,0.0,0.0,0.0,False,0.0,0.0,,0.0,,0.0,,0.0,False,4,0.0,0.0,0.0,0.0,DORMANT,,0.0,0.0,,0.0,,,0.0,,0.0,0.0,,0.0,,,0.0
500245048,"TCB NOZZLE BDX EP HCC U1, 1826X2553, CVD",TCB,"ASM-Pacific,Phoenix",Order to Demand,,12000.0,70.0,4,0.5,202409,202601,16,False,0.0,0.0,0.0,False,0.0,0.0,,0.0,,0.0,,0.0,False,4,0.0,0.0,0.0,0.0,DORMANT,,,0.0,0.0,0.0,,,0.0,,,0.0,0.0,0.0,,,0.0
500247998,SMPS-11 SWITCH MODE POWER SUPPLY ASSY.,TCB,"Generic;ASM-Pacific,Phoenix;Phoenix Xray,NUF",Order to Demand,,1505.88,15.0,3,0.375,202409,202601,16,False,0.0,0.0,0.0,False,0.0,0.0,,0.0,,0.0,,0.0,False,3,0.0,0.0,0.0,0.0,DORMANT,,,0.0,,0.0,,,0.0,,,0.0,,0.0,,,0.0
500247999,N2 PURGE AND DIFFUSER SWITCHING SOLENOID,TCB,"ASM-Pacific,Phoenix",Order to Demand,,110.53,15.0,3,0.375,202409,202601,16,False,0.0,0.0,0.0,False,0.0,0.0,,0.0,,0.0,,0.0,False,3,0.0,0.0,0.0,0.0,DORMANT,,,0.0,,0.0,,,0.0,,,0.0,,0.0,,,0.0
500248000,2500VA  XFM BOX ASSY,TCB,"ASM-Pacific,Phoenix",Order to Demand,,1095.76,15.0,3,0.375,202409,202601,16,False,0.0,0.0,0.0,False,0.0,0.0,,0.0,,0.0,,0.0,False,3,0.0,0.0,0.0,0.0,DORMANT,,,0.0,,0.0,,,0.0,,,0.0,,0.0,,,0.0
500248088,GASKET FOR DOOR FC-779-1-1,TCB,"ASM,TCB,Y-SHUTTLE",Order to Demand,,8.46,25.0,3,0.375,202409,202601,16,False,0.0,0.0,0.0,False,0.0,0.0,,0.0,,0.0,,0.0,False,3,0.0,0.0,0.0,0.0,DORMANT,,,0.0,,0.0,,,0.0,,,0.0,,0.0,,,0.0
500248089,EMO PB RED MUSHROOM (52-00082),TCB,"ASM,TCB,Y-SHUTTLE",Order to Demand,,23.4,59.0,3,0.375,202409,202601,16,False,0.0,0.0,0.0,False,0.0,0.0,,0.0,,0.0,,0.0,False,3,0.0,0.0,0.0,0.0,DORMANT,,,0.0,,0.0,,,0.0,,,0.0,,0.0,,,0.0
500248090,PRECISION HEIGHT CONTROL VALVES W/ METER,TCB,"ASM,TCB,Y-SHUTTLE",Order to Demand,,1692.0,50.0,3,0.375,202409,202601,16,False,0.0,0.0,0.0,False,0.0,0.0,,0.0,,0.0,,0.0,False,3,0.0,0.0,0.0,0.0,DORMANT,,,0.0,,0.0,,,0.0,,,0.0,,0.0,,,0.0
500248091,KVM LAMP CABLE ASSY,TCB,"ASM-Pacific,Phoenix;ASM,TCB,Y-SHUTTLE",Order to Demand,,22.42,25.0,3,0.375,202409,202601,16,False,0.0,0.0,0.0,False,0.0,0.0,,0.0,,0.0,,0.0,False,3,0.0,0.0,0.0,0.0,DORMANT,,,0.0,,0.0,,,0.0,,,0.0,,0.0,,,0.0
500248092,OT Y MOVING END COVER-03,TCB,"ASM,TCB,Y-SHUTTLE",Order to Demand,,108.0,25.0,3,0.375,202409,202601,16,False,0.0,0.0,0.0,False,0.0,0.0,,0.0,,0.0,,0.0,False,3,0.0,0.0,0.0,0.0,DORMANT,,,0.0,,0.0,,,0.0,,,0.0,,0.0,,,0.0
500248756,VACUUM SEAL PRESSOR V2,TCB,"ASM,TCB,Y-SHUTTLE",Order to Demand,,3.6,25.0,3,0.375,202409,202601,16,False,0.0,0.0,0.0,False,0.0,0.0,,0.0,,0.0,,0.0,False,3,0.0,0.0,0.0,0.0,DORMANT,,,0.0,,0.0,,,0.0,,,0.0,,0.0,,,0.0
500248757,NEW VACUUM SEAL (ID 4MM),TCB,"ASM,TCB,Y-SHUTTLE",Order to Demand,,12.6,59.0,3,0.375,202409,202601,16,False,0.0,0.0,0.0,False,0.0,0.0,,0.0,,0.0,,0.0,False,3,0.0,0.0,0.0,0.0,DORMANT,,,0.0,,0.0,,,0.0,,,0.0,,0.0,,,0.0
500250013,TMS HTR DDPE 080D 080L MON,TCB,"ASM-Pacific,Firebird",Order to Demand,,5651.5,45.0,3,0.375,202409,202601,16,False,0.0,0.0,0.0,False,0.0,0.0,,0.0,,0.0,,0.0,False,3,0.0,0.0,0.0,0.0,DORMANT,,,0.0,,0.0,,,0.0,,,0.0,,0.0,,,0.0
500250325,DISPOSABLE IN-LINE AIR FILTER NON-ELEC,TCB,"ASM-Pacific,Phoenix",Order To Max,shared with XG756,18.88,33.0,3,0.375,202409,202601,16,False,0.0,0.0,0.0,False,0.0,0.0,,0.0,,0.0,,0.0,False,3,0.0,0.0,0.0,0.0,DORMANT,,,0.0,,0.0,,,0.0,,,0.0,,0.0,,,0.0
500250632,CAH ND POWER CABLE2,TCB,"ASM-Pacific,Phoenix",Order to Demand,,16.02,25.0,3,0.375,202409,202601,16,False,0.0,0.0,0.0,False,0.0,0.0,,0.0,,0.0,,0.0,False,3,0.0,0.0,0.0,0.0,DORMANT,,,0.0,,0.0,,,0.0,,,0.0,,0.0,,,0.0
500250633,"PWR&CTRL TO CAH SMPS, LT CABLE2",TCB,"ASM-Pacific,Phoenix",Order to Demand,,19.58,25.0,3,0.375,202409,202601,16,False,0.0,0.0,0.0,False,0.0,0.0,,0.0,,0.0,,0.0,False,3,0.0,0.0,0.0,0.0,DORMANT,,,0.0,,0.0,,,0.0,,,0.0,,0.0,,,0.0
500250634,SMPS#5 AC INPUT PWR CABLE ASSY,TCB,"ASM-Pacific,Phoenix",Order to Demand,,10.89,59.0,3,0.375,202409,202601,16,False,0.0,0.0,0.0,False,0.0,0.0,,0.0,,0.0,,0.0,False,3,0.0,0.0,0.0,0.0,DORMANT,,,0.0,,0.0,,,0.0,,,0.0,,0.0,,,0.0
500250643,DFH 24V PWR&LT&TRI CABLE2,TCB,"ASM-Pacific,Phoenix",Order to Demand,,35.6,45.0,3,0.375,202409,202601,16,False,0.0,0.0,0.0,False,0.0,0.0,,0.0,,0.0,,0.0,False,3,0.0,0.0,0.0,0.0,DORMANT,,,0.0,,0.0,,,0.0,,,0.0,,0.0,,,0.0
500250705,"INERT,FRONT,DOOR,RIGHT",TCB,"ASM-Pacific,Firebird;ASM-Pacific,Phoenix",Order to Demand,,1001.25,15.0,3,0.375,202409,202601,16,False,0.0,0.0,0.0,False,0.0,0.0,,0.0,,0.0,,0.0,False,3,0.0,0.0,0.0,0.0,DORMANT,,,0.0,,0.0,,,0.0,,,0.0,,0.0,,,0.0
500252148,"ANALYSER,O2,EC913,BTU",TCB,"BTU,PARAGON",Order To Max,,8507.5,20.0,2,0.25,202409,202505,8,False,1.0,0.0,1.0,True,0.5,0.5,1.0,-1.0,-1.0,-0.125,-0.25,-0.0,False,2,1.0,1.0,1.0,0.5,INTERMITTENT,,,1.0,,,,0.0,,,,1.0,,,,0.0,
500252781,NOZZLE CVD 1647X0904-B-P-S-05,TCB,"ASM-Pacific,Phoenix",Order to Demand,,10000.0,25.0,3,0.375,202409,202601,16,False,0.0,0.0,0.0,False,0.0,0.0,,0.0,,0.0,,0.0,False,3,0.0,0.0,0.0,0.0,DORMANT,,,0.0,,0.0,,,0.0,,,0.0,,0.0,,,0.0
500252783,NOZZLE CVD 0373X1139-B-P-S-05,TCB,"ASM-Pacific,Phoenix",Order to Demand,,10000.0,25.0,3,0.375,202409,202601,16,False,0.0,0.0,0.0,False,0.0,0.0,,0.0,,0.0,,0.0,False,3,0.0,0.0,0.0,0.0,DORMANT,,,0.0,,0.0,,,0.0,,,0.0,,0.0,,,0.0
500253610,"FERRITE,SNAP-ON,7MM DIA",TCB,Asymtek S912;Asymtek-Jabil RA4 ASF;Generic,Order To Max,,2.25,30.0,3,0.375,202409,202601,16,False,0.0,0.0,0.0,False,0.0,0.0,,0.0,,0.0,,0.0,False,3,0.0,0.0,0.0,0.0,DORMANT,,,0.0,,0.0,,,0.0,,,0.0,,0.0,,,0.0
500253774,"CUP,SUCTION,STA,1.5MM,SMC",TCB,"ASM-Pacific,Firebird;Generic;ASM-Pacific,Phoenix;TCB_Generic",Order To Max,,1.87,28.0,3,0.375,202409,202601,16,False,0.0,0.0,0.0,False,0.0,0.0,,0.0,,0.0,,0.0,False,3,0.0,0.0,0.0,0.0,DORMANT,,,0.0,,0.0,,,0.0,,,0.0,,0.0,,,0.0
500255236,WD20 1X FOV3.8X2.8 TELE LENS (REAR),TCB,"ASM-Pacific,Phoenix;GENERIC",Order to Demand,,4806.0,15.0,3,0.375,202409,202601,16,False,0.0,0.0,0.0,False,0.0,0.0,,0.0,,0.0,,0.0,False,3,0.0,0.0,0.0,0.0,DORMANT,,,0.0,,0.0,,,0.0,,,0.0,,0.0,,,0.0
500255237,SMPS 1KW UNIV>MOTOR POWER,TCB,"GENERIC;ASM-Pacific,Phoenix",Order to Demand,,2326.1,15.0,3,0.375,202409,202601,16,False,0.0,0.0,0.0,False,0.0,0.0,,0.0,,0.0,,0.0,False,3,0.0,0.0,0.0,0.0,DORMANT,,,0.0,,0.0,,,0.0,,,0.0,,0.0,,,0.0
500255239,BH MICROE ENCODER CABLE ASSY,TCB,"ASM-Pacific,Phoenix",Order To Max,,768.96,55.0,4,0.5,202408,202601,17,False,1.0,0.0,1.0,True,0.25,0.433,1.732,-1.0,-1.0,-0.0297,-0.1189,-0.1784,False,4,0.0,0.0,0.0,0.0,INTERMITTENT,,1.0,0.0,,0.0,,,0.0,,0.0,0.0,,0.0,,,0.0
500255240,SILENCER AN10-C06,TCB,"ASM-Pacific,Phoenix;GENERIC",Order to Demand,,10.41,15.0,3,0.375,202409,202601,16,False,0.0,0.0,0.0,False,0.0,0.0,,0.0,,0.0,,0.0,False,3,0.0,0.0,0.0,0.0,DORMANT,,,0.0,,0.0,,,0.0,,,0.0,,0.0,,,0.0
500257184,Sensor for Exhaust Air Flow,TCB,APPJ MFM-220,Order to Demand,,244.22,35.0,3,0.375,202409,202601,16,False,0.0,0.0,0.0,False,0.0,0.0,,0.0,,0.0,,0.0,False,3,0.0,0.0,0.0,0.0,DORMANT,,,0.0,,0.0,,,0.0,,,0.0,,0.0,,,0.0
500258071,"40041, 0.4MM, S, U2, 06.57 X 11.47",TCB,"ASM-Pacific,Phoenix",Order to Demand,,3230.0,35.0,2,0.25,202409,202410,1,False,0.0,0.0,0.0,False,0.0,0.0,,0.0,,0.0,,0.0,False,2,0.0,0.0,0.0,0.0,DORMANT,,,0.0,0.0,,,,,,,0.0,0.0,,,,
500258721,NOZZLE CVD 1616X1914-B-P-L-05,TCB,"ASM-Pacific,Phoenix;GENERIC",Order to Demand,,12000.0,70.0,1,0.125,202409,202409,0,False,0.0,0.0,0.0,False,0.0,0.0,,0.0,,,,,False,1,0.0,0.0,0.0,0.0,SINGLE_SNAPSHOT,,,0.0,,,,,,,,0.0,,,,,
500258849,LNPS 230V ND AUTO OFF W SF START,TCB,"ASM-Pacific,Phoenix;ASM,TCB,Y-SHUTTLE",Order to Demand,,2583.22,15.0,3,0.375,202409,202601,16,False,0.0,0.0,0.0,False,0.0,0.0,,0.0,,0.0,,0.0,False,3,0.0,0.0,0.0,0.0,DORMANT,,,0.0,,0.0,,,0.0,,,0.0,,0.0,,,0.0
500258850,LNPS 7KVA 110V&40V&220V REMOTE-NO MCB,TCB,"ASM-Pacific,Phoenix",Order to Demand,,2864.37,38.0,3,0.375,202410,202601,15,False,0.0,0.0,0.0,False,0.0,0.0,,0.0,,0.0,,0.0,False,3,0.0,0.0,0.0,0.0,DORMANT,,,,0.0,0.0,,,0.0,,,,0.0,0.0,,,0.0
500258851,58-35117 ASSY,TCB,"ASM-Pacific,Phoenix;ASM-Pacific,Firebird",Order to Demand,shared with XG756,780.97,25.0,3,0.375,202409,202601,16,False,0.0,0.0,0.0,False,0.0,0.0,,0.0,,0.0,,0.0,False,3,0.0,0.0,0.0,0.0,DORMANT,,,0.0,,0.0,,,0.0,,,0.0,,0.0,,,0.0
500258852,(STA)SUBSTRATE TRANSFER ARM Y ENC ASSY,TCB,"ASM-Pacific,Phoenix",Order to Demand,shared with XG756,839.44,15.0,3,0.375,202409,202601,16,False,0.0,0.0,0.0,False,0.0,0.0,,0.0,,0.0,,0.0,False,3,0.0,0.0,0.0,0.0,DORMANT,,,0.0,,0.0,,,0.0,,,0.0,,0.0,,,0.0
500258853,STA-L PICKHEAD INTERFACE ASSY,TCB,"Generic;ASM-Pacific,Phoenix;ASM-Pacific,Firebird",Order to Demand,shared with XG756,752.94,15.0,3,0.375,202409,202601,16,False,0.0,0.0,0.0,False,0.0,0.0,,0.0,,0.0,,0.0,False,3,0.0,0.0,0.0,0.0,DORMANT,,,0.0,,0.0,,,0.0,,,0.0,,0.0,,,0.0
500258854,BONDSTAGE PEDESTAL HEATER ZONE 1,TCB,"ASM-Pacific,Phoenix",Order to Demand,,438.3,38.0,3,0.375,202409,202601,16,False,0.0,0.0,0.0,False,0.0,0.0,,0.0,,0.0,,0.0,False,3,0.0,0.0,0.0,0.0,DORMANT,,,0.0,,0.0,,,0.0,,,0.0,,0.0,,,0.0
500258855,LEFT WORKCHUCK X MOTOR COIL,TCB,"ASM-Pacific,Firebird;ASM-Pacific,Phoenix",Order to Demand,shared with XG756,560.7,25.0,3,0.375,202409,202601,16,False,0.0,0.0,0.0,False,0.0,0.0,,0.0,,0.0,,0.0,False,3,0.0,0.0,0.0,0.0,DORMANT,,,0.0,,0.0,,,0.0,,,0.0,,0.0,,,0.0
500258856,ESIO7,TCB,"ASM-Pacific,Phoenix",Order to Demand,,474.19,15.0,3,0.375,202409,202601,16,False,0.0,0.0,0.0,False,0.0,0.0,,0.0,,0.0,,0.0,False,3,0.0,0.0,0.0,0.0,DORMANT,,,0.0,,0.0,,,0.0,,,0.0,,0.0,,,0.0
500258857,BH COOLING BLOCK OFA AND N2 SWITCH SOL,TCB,"ASM-Pacific,Phoenix;ASM-Pacific,Firebird",Order To Max,,109.73,15.0,4,0.5,202407,202601,18,False,0.0,0.0,0.0,True,0.0,0.0,,0.0,,0.0,,-0.0597,False,4,0.0,1.0,0.0,0.0,DORMANT,0.0,,0.0,,0.0,,,0.0,0.0,,0.0,,0.0,,,0.0
500258858,(COS-L)COS-L TOP CLAMP SOL,TCB,"ASM-Pacific,Phoenix",Order to Demand,,126.55,25.0,3,0.375,202409,202601,16,False,0.0,0.0,0.0,False,0.0,0.0,,0.0,,0.0,,0.0,False,3,0.0,0.0,0.0,0.0,DORMANT,,,0.0,,0.0,,,0.0,,,0.0,,0.0,,,0.0
500258859,(BS-L)HT WC COOLING SOL(L),TCB,"ASM-Pacific,Phoenix",Order to Demand,,108.13,15.0,3,0.375,202409,202601,16,False,0.0,0.0,0.0,False,0.0,0.0,,0.0,,0.0,,0.0,False,3,0.0,0.0,0.0,0.0,DORMANT,,,0.0,,0.0,,,0.0,,,0.0,,0.0,,,0.0
500258860,(COS-L)COS-L PUSHER SOL,TCB,"ASM-Pacific,Phoenix",Order to Demand,,100.12,25.0,3,0.375,202409,202601,16,False,0.0,0.0,0.0,False,0.0,0.0,,0.0,,0.0,,0.0,False,3,0.0,0.0,0.0,0.0,DORMANT,,,0.0,,0.0,,,0.0,,,0.0,,0.0,,,0.0
500258861,DFH BH NOZZLE BANK PLATE 20XX V2,TCB,"ASM-Pacific,Phoenix",Order To Max,,97.72,25.0,3,0.375,202409,202601,16,False,0.0,0.0,0.0,False,0.0,0.0,,0.0,,0.0,,0.0,False,3,0.0,0.0,0.0,0.0,DORMANT,,,0.0,,0.0,,,0.0,,,0.0,,0.0,,,0.0
500258862,DFH BH NOZZLE BANK PLATE 28XX V2,TCB,"ASM-Pacific,Phoenix",Order To Max,,97.72,25.0,5,0.625,202409,202601,16,False,0.0,0.0,0.0,False,0.0,0.0,,0.0,,0.0,,0.0,False,5,0.0,0.0,0.0,0.0,DORMANT,,,0.0,,0.0,0.0,0.0,0.0,,,0.0,,0.0,0.0,0.0,0.0
500258863,(BS-L)HT WC COOLING FLOWMETER(L),TCB,"ASM-Pacific,Phoenix",Order to Demand,,1314.0,25.0,3,0.375,202409,202601,16,False,0.0,0.0,0.0,False,0.0,0.0,,0.0,,0.0,,0.0,False,3,0.0,0.0,0.0,0.0,DORMANT,,,0.0,,0.0,,,0.0,,,0.0,,0.0,,,0.0
500258864,OMRON ELEC. ASSY,TCB,"ASM-Pacific,Phoenix",Order to Demand,,2414.21,25.0,3,0.375,202409,202601,16,False,0.0,0.0,0.0,False,0.0,0.0,,0.0,,0.0,,0.0,False,3,0.0,0.0,0.0,0.0,DORMANT,,,0.0,,0.0,,,0.0,,,0.0,,0.0,,,0.0
500259297,HW MID STEP MTR CABLE ASSY,TCB,"ASM-Pacific,Phoenix",Order to Demand,shared with XG756,100.92,10.0,3,0.375,202409,202601,16,False,0.0,0.0,0.0,False,0.0,0.0,,0.0,,0.0,,0.0,False,3,0.0,0.0,0.0,0.0,DORMANT,,,0.0,,0.0,,,0.0,,,0.0,,0.0,,,0.0
500259598,IN-LINE AIR FILTER ZFC77B,TCB,"ASM-Pacific,Firebird;ASMP ACW;ASM-Pacific,Phoenix",Order to Demand,,28.83,25.0,3,0.375,202409,202601,16,False,0.0,0.0,0.0,False,0.0,0.0,,0.0,,0.0,,0.0,False,3,0.0,0.0,0.0,0.0,DORMANT,,,0.0,,0.0,,,0.0,,,0.0,,0.0,,,0.0
500260179,BANK 1 WITH KINEMATICS ASSY (28X19),TCB,"ASM-Pacific,Phoenix",Order to Demand,,640.8,15.0,3,0.375,202409,202601,16,False,0.0,0.0,0.0,False,0.0,0.0,,0.0,,0.0,,0.0,False,3,0.0,0.0,0.0,0.0,DORMANT,,,0.0,,0.0,,,0.0,,,0.0,,0.0,,,0.0
500260180,BANK 2 WITH KINEMATICS ASSY (28X19),TCB,"ASM-Pacific,Phoenix;ASM-Pacific,Firebird",Order to Demand,,640.8,77.0,3,0.375,202409,202601,16,False,0.0,0.0,0.0,False,0.0,0.0,,0.0,,0.0,,0.0,False,3,0.0,0.0,0.0,0.0,DORMANT,,,0.0,,0.0,,,0.0,,,0.0,,0.0,,,0.0
500260181,OFA/N2 SWITCH SOLECOID,TCB,"ASM-Pacific,Phoenix",Order to Demand,,140.17,15.0,3,0.375,202409,202601,16,False,0.0,0.0,0.0,False,0.0,0.0,,0.0,,0.0,,0.0,False,3,0.0,0.0,0.0,0.0,DORMANT,,,0.0,,0.0,,,0.0,,,0.0,,0.0,,,0.0
500260182,USB KVM SWITCH BOARD,TCB,"ASM-Pacific,Phoenix;GENERIC",Order to Demand,,221.07,15.0,3,0.375,202409,202601,16,False,0.0,0.0,0.0,False,0.0,0.0,,0.0,,0.0,,0.0,False,3,0.0,0.0,0.0,0.0,DORMANT,,,0.0,,0.0,,,0.0,,,0.0,,0.0,,,0.0
500260183,DPA CAM AND LT CABLE V2,TCB,"ASM-Pacific,Phoenix",Order to Demand,,208.26,15.0,3,0.375,202409,202601,16,False,0.0,0.0,0.0,False,0.0,0.0,,0.0,,0.0,,0.0,False,3,0.0,0.0,0.0,0.0,DORMANT,,,0.0,,0.0,,,0.0,,,0.0,,0.0,,,0.0
500260227,"ASSY,SCALE W/ELECT,S-932",TCB,Asymtek S932,Order to Demand,,5841.81,14.0,3,0.375,202410,202601,15,False,0.0,0.0,0.0,True,0.0,0.0,,0.0,,0.0,,-0.1131,False,3,0.0,1.0,0.0,0.0,DORMANT,,,,0.0,0.0,,,0.0,,,,0.0,0.0,,,0.0
500260228,"KIT, HARDWARE, S932 SINGLE SCALE",TCB,Asymtek S922;Asymtek S912;Asymtek S932,Order to Demand,,400.95,18.0,2,0.25,202409,202410,1,False,0.0,0.0,0.0,False,0.0,0.0,,0.0,,0.0,,0.0,False,2,0.0,1.0,0.0,0.0,DORMANT,,,0.0,0.0,,,,,,,0.0,0.0,,,,
500260397,SPECTRUM WEIGHT SCALE ASSEMBLY,TCB,Asymtek S922;Generic;Asymtek S932,Order to Demand,,6955.76,9.0,4,0.5,202409,202601,16,False,0.0,0.0,0.0,False,0.0,0.0,,0.0,,0.0,,0.0,False,4,0.0,0.0,0.0,0.0,DORMANT,,,0.0,0.0,0.0,,,0.0,,,0.0,0.0,0.0,,,0.0
500262533,"BRUSH, BRISTLE BRASS, L=101.6MM",TCB,"ASM-Pacific,Firebird;Generic;ASM-Pacific,Phoenix",Order to Demand,,16.02,25.0,4,0.5,202407,202601,18,False,96.0,0.0,96.0,True,24.0,41.569,1.732,-96.0,-1.0,-3.0496,-0.1271,-7.5604,False,4,0.0,0.0,25.0,6.25,INTERMITTENT,96.0,,0.0,,0.0,,,0.0,25.0,,0.0,,0.0,,,0.0
500266565,"FLOWMETER, 50-500SCFH, W/VALVE",TCB,Heller FAR;Heller 2017 Formic Acid;Heller HRF,Order to Demand,,271.0,15.0,3,0.375,202410,202601,15,False,0.0,0.0,0.0,False,0.0,0.0,,0.0,,0.0,,0.0,False,3,0.0,0.0,0.0,0.0,DORMANT,,,,0.0,0.0,,,0.0,,,,0.0,0.0,,,0.0
500266693,MBHZ ENC FLEX CABLE,TCB,"ASM-Pacific,Phoenix",Order to Demand,,72.54,90.0,4,0.5,202408,202601,17,False,2.0,0.0,2.0,True,0.5,0.866,1.732,-2.0,-1.0,-0.0595,-0.1189,-0.1189,False,4,0.0,0.0,1.0,0.25,INTERMITTENT,,2.0,0.0,,0.0,,,0.0,,1.0,0.0,,0.0,,,0.0
500266694,MBH Z FLEX MTR CABLE,TCB,"ASM-Pacific,Phoenix",Order to Demand,,56.07,25.0,3,0.375,202409,202601,16,False,0.0,0.0,0.0,False,0.0,0.0,,0.0,,0.0,,0.0,False,3,0.0,0.0,0.0,0.0,DORMANT,,,0.0,,0.0,,,0.0,,,0.0,,0.0,,,0.0
500266975,BS TC CONN FLEX CABLE,TCB,"GENERIC;ASM-Pacific,Phoenix",Order to Demand,,23.4,55.0,3,0.375,202409,202601,16,False,0.0,0.0,0.0,False,0.0,0.0,,0.0,,0.0,,0.0,False,3,0.0,0.0,0.0,0.0,DORMANT,,,0.0,,0.0,,,0.0,,,0.0,,0.0,,,0.0
500266976,BS TC CABLE ASSY,TCB,"ASM-Pacific,Phoenix",Order to Demand,,79.0,90.0,3,0.375,202409,202601,16,False,0.0,0.0,0.0,False,0.0,0.0,,0.0,,0.0,,0.0,False,3,0.0,0.0,0.0,0.0,DORMANT,,,0.0,,0.0,,,0.0,,,0.0,,0.0,,,0.0
500267232,NOZZLE CVD 1618X1508-B-P-L-05,TCB,"GENERIC;ASM-Pacific,Phoenix",Order to Demand,,12000.0,25.0,1,0.125,202409,202409,0,False,0.0,0.0,0.0,False,0.0,0.0,,0.0,,,,,False,1,0.0,0.0,0.0,0.0,SINGLE_SNAPSHOT,,,0.0,,,,,,,,0.0,,,,,
500267829,MOP BD PWR CABLE,TCB,"ASM-Pacific,Phoenix",Order to Demand,,16.02,15.0,3,0.375,202409,202601,16,False,0.0,0.0,0.0,False,0.0,0.0,,0.0,,0.0,,0.0,False,3,0.0,0.0,0.0,0.0,DORMANT,,,0.0,,0.0,,,0.0,,,0.0,,0.0,,,0.0
500267830,DPA MOP LINK FLEX CABLE,TCB,"ASM-Pacific,Phoenix",Order to Demand,,188.23,15.0,3,0.375,202409,202601,16,False,0.0,0.0,0.0,False,0.0,0.0,,0.0,,0.0,,0.0,False,3,0.0,0.0,0.0,0.0,DORMANT,,,0.0,,0.0,,,0.0,,,0.0,,0.0,,,0.0
500267831,DPA PICK ARM T MTR FLEX CABLE,TCB,"ASM-Pacific,Phoenix",Order to Demand,,72.0,55.0,3,0.375,202409,202601,16,False,0.0,0.0,0.0,False,0.0,0.0,,0.0,,0.0,,0.0,False,3,0.0,0.0,0.0,0.0,DORMANT,,,0.0,,0.0,,,0.0,,,0.0,,0.0,,,0.0
500268051,NOZZLE 3400X2400-W-N-L-0-A-YYMMDD-AXXXX,TCB,"ASM-Pacific,Phoenix",Order to Demand,,1000.0,113.0,3,0.375,202409,202601,16,False,0.0,0.0,0.0,False,0.0,0.0,,0.0,,0.0,,0.0,False,3,0.0,0.0,0.0,0.0,DORMANT,,,0.0,,0.0,,,0.0,,,0.0,,0.0,,,0.0
500269731,Rocker complete X12 V2,TCB,"ASM, SIPLACE SX1;TCB_Generic",Order To Max,,94.41,65.0,1,0.125,202503,202503,0,False,0.0,0.0,0.0,False,0.0,0.0,,0.0,,,,,False,1,-4.0,-4.0,0.0,0.0,SINGLE_SNAPSHOT,,,,,,0.0,,,,,,,,0.0,,
500269732,Rocker complete X16 V2,TCB,"TCB_Generic;ASM, SIPLACE SX1",Order To Max,,41.96,65.0,1,0.125,202503,202503,0,False,0.0,0.0,0.0,False,0.0,0.0,,0.0,,,,,False,1,-9.0,-9.0,0.0,0.0,SINGLE_SNAPSHOT,,,,,,0.0,,,,,,,,0.0,,
500270119,Bank 3 with Kinematics Assy (28X19),TCB,"ASM-Pacific,Phoenix;GENERIC",Order to Demand,,640.8,15.0,3,0.375,202409,202601,16,False,0.0,0.0,0.0,False,0.0,0.0,,0.0,,0.0,,0.0,False,3,0.0,0.0,0.0,0.0,DORMANT,,,0.0,,0.0,,,0.0,,,0.0,,0.0,,,0.0
500270120,Soft Polyurethane Tube Tus,TCB,"ASM-Pacific,Phoenix",Order Beyond Max,,2.67,75.0,3,0.375,202409,202601,16,False,0.0,0.0,0.0,True,0.0,0.0,,0.0,,0.0,,-1.2028,False,3,0.0,0.0,0.0,0.0,DORMANT,,,0.0,,0.0,,,0.0,,,0.0,,0.0,,,0.0
500271211,TCB NOZZLE SKX-XCC U1 CVD,TCB,"ASM-Pacific,Phoenix",Order to Demand,,12000.0,70.0,4,0.5,202409,202601,16,False,0.0,0.0,0.0,False,0.0,0.0,,0.0,,0.0,,0.0,False,4,0.0,0.0,0.0,0.0,DORMANT,,,0.0,0.0,0.0,,,0.0,,,0.0,0.0,0.0,,,0.0
500271740,ADJUST BRACKET,TCB,"ASM-Pacific,Phoenix;GENERIC",Order to Demand,,115.34,15.0,3,0.375,202409,202601,16,False,0.0,0.0,0.0,False,0.0,0.0,,0.0,,0.0,,0.0,False,3,0.0,0.0,0.0,0.0,DORMANT,,,0.0,,0.0,,,0.0,,,0.0,,0.0,,,0.0
500272372,Flap cpl./foil disposal X44,TCB,"ASM, SIPLACE SX1;Generic",Order To Max,,21.55,65.0,3,0.375,202409,202601,16,False,-6.0,0.0,0.0,False,-2.0,2.828,,6.0,-1.0,0.2627,,0.0,False,3,-6.0,-6.0,-6.0,-2.0,INTERMITTENT,,,-6.0,,0.0,,,0.0,,,-6.0,,0.0,,,0.0
500273593,"DOOR SWITCH,SAFETY,ASM,BONDER",TCB,"ASM-Pacific,Phoenix",Order to Demand,,205.85,25.0,3,0.375,202409,202601,16,False,0.0,0.0,0.0,False,0.0,0.0,,0.0,,0.0,,0.0,False,3,0.0,0.0,0.0,0.0,DORMANT,,,0.0,,0.0,,,0.0,,,0.0,,0.0,,,0.0
500273822,"REDUCER,NPT 1"" X NPT 3/4""",TCB,Heller 2017 Formic Acid;Heller HRF;Heller 2017 MK III;Heller FAR,Order to Demand,,29.47,20.0,3,0.375,202410,202601,15,False,0.0,0.0,0.0,False,0.0,0.0,,0.0,,0.0,,0.0,False,3,0.0,0.0,0.0,0.0,DORMANT,,,,0.0,0.0,,,0.0,,,,0.0,0.0,,,0.0
500277833,"40068, 0.4MM, S, U1, 10.49 X 08.78",TCB,"ASM-Pacific,Phoenix",Order to Demand,,3230.0,35.0,2,0.25,202409,202410,1,False,0.0,0.0,0.0,False,0.0,0.0,,0.0,,0.0,,0.0,False,2,0.0,0.0,0.0,0.0,DORMANT,,,0.0,0.0,,,,,,,0.0,0.0,,,,
500281077,BALL DETENT CLUTCH & SPROCKET ASSY,TCB,Heller 2017 Formic Acid;Heller HRF;Heller FAR;Heller 2017 MK III,Order to Demand,,2467.0,30.0,1,0.125,202410,202410,0,False,0.0,0.0,0.0,False,0.0,0.0,,0.0,,,,,False,1,0.0,0.0,0.0,0.0,SINGLE_SNAPSHOT,,,,0.0,,,,,,,,0.0,,,,
500281510,"TCB NOZZLE ND5-U2-150-SIC,40081",TCB,"ASM-Pacific,Phoenix",Order to Demand,,3230.0,35.0,2,0.25,202409,202410,1,False,0.0,0.0,0.0,False,0.0,0.0,,0.0,,0.0,,0.0,False,2,0.0,0.0,0.0,0.0,DORMANT,,,0.0,0.0,,,,,,,0.0,0.0,,,,
500281512,"40077, 0.4MM, S, U1, 08.04 X 8.43",TCB,"ASM-Pacific,Phoenix",Order to Demand,,3230.0,35.0,2,0.25,202409,202410,1,False,0.0,0.0,0.0,False,0.0,0.0,,0.0,,0.0,,0.0,False,2,0.0,0.0,0.0,0.0,DORMANT,,,0.0,0.0,,,,,,,0.0,0.0,,,,
500282545,NOZZLE CVD 0445X0993-B-P-S-05,TCB,"ASM-Pacific,Phoenix",Order to Demand,,10000.0,105.0,4,0.5,202409,202601,16,False,0.0,0.0,0.0,False,0.0,0.0,,0.0,,0.0,,0.0,False,4,0.0,0.0,0.0,0.0,DORMANT,,,0.0,0.0,0.0,,,0.0,,,0.0,0.0,0.0,,,0.0
500282984,RLY MC 3PNO 690V 40A 24VDC,TCB,"ASM-Pacific,Phoenix;ASM-Pacific, Falcon",Order To Max,,383.67,15.0,1,0.125,202407,202407,0,False,0.0,0.0,0.0,False,0.0,0.0,,0.0,,,,,False,1,0.0,0.0,0.0,0.0,SINGLE_SNAPSHOT,0.0,,,,,,,,0.0,,,,,,,
500283722,HVMOTX MOTOR COIL ASSY,TCB,"ASM-Pacific,Phoenix",Order to Demand,,576.72,15.0,3,0.375,202409,202601,16,False,0.0,0.0,0.0,False,0.0,0.0,,0.0,,0.0,,0.0,False,3,0.0,0.0,0.0,0.0,DORMANT,,,0.0,,0.0,,,0.0,,,0.0,,0.0,,,0.0
500284211,VAC. PUMP 4.68-80-250,TCB,"ASM-Pacific, Falcon;ASM-Pacific,Phoenix",Order to Demand,,3203.19,10.0,3,0.375,202409,202601,16,False,0.0,0.0,0.0,False,0.0,0.0,,0.0,,0.0,,0.0,False,3,0.0,0.0,0.0,0.0,DORMANT,,,0.0,,0.0,,,0.0,,,0.0,,0.0,,,0.0
500284214,RLY-SUPPORT PYC-A1 36MM HEIGHT,TCB,"ASM-Pacific, Falcon;ASM-Pacific,Phoenix",Order to Demand,,0.8,25.0,3,0.375,202409,202601,16,False,0.0,0.0,0.0,False,0.0,0.0,,0.0,,0.0,,0.0,False,3,0.0,0.0,0.0,0.0,DORMANT,,,0.0,,0.0,,,0.0,,,0.0,,0.0,,,0.0
500284215,RLY-SAFETY 4PNO 24VDC PNOZ S5,TCB,"ASM-Pacific, Falcon;ASM-Pacific,Phoenix",Order to Demand,,822.62,15.0,3,0.375,202409,202601,16,False,0.0,0.0,0.0,False,0.0,0.0,,0.0,,0.0,,0.0,False,3,0.0,0.0,0.0,0.0,DORMANT,,,0.0,,0.0,,,0.0,,,0.0,,0.0,,,0.0
500284219,+/-48VDC LONG HOLD UP BOX,TCB,"ASM-Pacific,Phoenix;ASM-Pacific, Falcon",Order to Demand,,1297.62,25.0,1,0.125,202412,202412,0,False,0.0,0.0,0.0,False,0.0,0.0,,0.0,,,,,False,1,0.0,0.0,0.0,0.0,SINGLE_SNAPSHOT,,,,,0.0,,,,,,,,0.0,,,
500284221,NU USG CONNECTION CABLE ASSY,TCB,"ASM-Pacific,Phoenix;ASM-Pacific, Falcon",Order to Demand,,91.31,25.0,3,0.375,202409,202601,16,False,0.0,0.0,0.0,False,0.0,0.0,,0.0,,0.0,,0.0,False,3,0.0,0.0,0.0,0.0,DORMANT,,,0.0,,0.0,,,0.0,,,0.0,,0.0,,,0.0
500290650,FSL T58W FLUORESCENT LIGHT,TCB,"ASM-Pacific,Phoenix;ICOS,CIT130;Generic",Order To Max,,4.2788,15.0,3,0.375,202409,202601,16,False,0.0,0.0,0.0,True,0.0,0.0,,0.0,,0.0,,-1.0023,False,3,0.0,15.0,0.0,0.0,DORMANT,,,0.0,,0.0,,,0.0,,,0.0,,0.0,,,0.0
500290651,HEPA FILTER FRONT STOPPER L,TCB,"GENERIC;ASM-Pacific,Phoenix",Order to Demand,,113.5,25.0,3,0.375,202409,202601,16,False,0.0,0.0,0.0,False,0.0,0.0,,0.0,,0.0,,0.0,False,3,0.0,0.0,0.0,0.0,DORMANT,,,0.0,,0.0,,,0.0,,,0.0,,0.0,,,0.0
500290652,HEPA FILTER FRONT STOPPER R,TCB,"GENERIC;ASM-Pacific,Phoenix",Order to Demand,,113.5,25.0,3,0.375,202409,202601,16,False,0.0,0.0,0.0,False,0.0,0.0,,0.0,,0.0,,0.0,False,3,0.0,0.0,0.0,0.0,DORMANT,,,0.0,,0.0,,,0.0,,,0.0,,0.0,,,0.0
500291033,TCB NOZZLE SKX-HCC U1 CVD,TCB,"GENERIC;ASM-Pacific,Phoenix",Order to Demand,,12000.0,70.0,4,0.5,202409,202601,16,False,0.0,0.0,0.0,False,0.0,0.0,,0.0,,0.0,,0.0,False,4,0.0,0.0,0.0,0.0,DORMANT,,,0.0,0.0,0.0,,,0.0,,,0.0,0.0,0.0,,,0.0
500298454,ENERGY-DATA INTERFACE CPL. /X-SERIES,TCB,"ASM-Pacific,Phoenix;GENERIC",Order To Max,,18.52,65.0,3,0.375,202409,202601,16,False,0.0,0.0,0.0,False,-0.333,0.471,,0.0,,0.023,,-0.0438,False,3,-1.0,-1.0,0.0,0.0,INTERMITTENT,,,0.0,,-1.0,,,0.0,,,0.0,,0.0,,,0.0
500298457,PCB/EDIF  SECONDARY IRDA BOARD,TCB,"ASM-Pacific,Phoenix;GENERIC",Order To Max,,26.14,25.0,3,0.375,202409,202601,16,False,0.0,0.0,0.0,False,0.0,0.0,,0.0,,0.0,,0.0,False,3,0.0,0.0,0.0,0.0,DORMANT,,,0.0,,0.0,,,0.0,,,0.0,,0.0,,,0.0
500298461,LEVER/OPENER PICKUP WINDOW X16-88,TCB,Generic,Order To Max,,11.91,65.0,3,0.375,202409,202601,16,False,0.0,0.0,0.0,False,0.0,0.0,,0.0,,0.0,,0.0,False,3,0.0,0.0,0.0,0.0,DORMANT,,,0.0,,0.0,,,0.0,,,0.0,,0.0,,,0.0
500298467,FILLING CLIP /16-88  PSA  10 PCS,TCB,Generic,Order To Max,,5.04,65.0,3,0.375,202409,202601,16,False,0.0,0.0,0.0,False,0.0,0.0,,0.0,,0.0,,0.0,False,3,0.0,0.0,0.0,0.0,DORMANT,,,0.0,,0.0,,,0.0,,,0.0,,0.0,,,0.0
500298469,FLAP CPL / FOIL DISPOSAL X32,TCB,"GENERIC;ASM-Pacific,Phoenix",Order To Max,,20.33,65.0,3,0.375,202409,202601,16,False,-20.0,0.0,0.0,False,-6.667,9.428,,20.0,-1.0,0.8756,,-0.0,False,3,-20.0,-20.0,-20.0,-6.667,INTERMITTENT,,,-20.0,,0.0,,,0.0,,,-20.0,,0.0,,,0.0
500300144,SOFT SILICON TUBE OD=18MM ID=12MM,TCB,"ASM-Pacific,Phoenix;GENERIC",Order to Demand,,44.95,75.0,3,0.375,202409,202601,16,False,0.0,0.0,0.0,False,0.0,0.0,,0.0,,0.0,,0.0,False,3,0.0,0.0,0.0,0.0,DORMANT,,,0.0,,0.0,,,0.0,,,0.0,,0.0,,,0.0
500300247,"40108, 0.4MM, S, U2, 05.527 X 7.928",TCB,"ASM-Pacific,Phoenix",Order to Demand,,3230.0,35.0,2,0.25,202409,202410,1,False,0.0,0.0,0.0,False,0.0,0.0,,0.0,,0.0,,0.0,False,2,0.0,0.0,0.0,0.0,DORMANT,,,0.0,0.0,,,,,,,0.0,0.0,,,,
500300623,ADJUSTMENT PEDESTAL,TCB,"ASM-Pacific,Phoenix",Order to Demand,,2191.62,98.0,3,0.375,202409,202601,16,False,0.0,0.0,0.0,False,0.0,0.0,,0.0,,0.0,,0.0,False,3,0.0,0.0,0.0,0.0,DORMANT,,,0.0,,0.0,,,0.0,,,0.0,,0.0,,,0.0
500300624,3MM X3MM PROBE NOZZLE,TCB,"ASM-Pacific,Phoenix;Generic;ASM-Pacific,Firebird",Order to Demand,,300.0,75.0,3,0.375,202409,202601,16,False,0.0,0.0,0.0,False,0.0,0.0,,0.0,,0.0,,0.0,False,3,0.0,0.0,0.0,0.0,DORMANT,,,0.0,,0.0,,,0.0,,,0.0,,0.0,,,0.0
500302601,CHARGE AMPLIFIER 5039A 500PC,TCB,"ASM-Pacific,Phoenix",Order To Max,,3560.0,70.0,3,0.375,202410,202601,15,False,0.0,0.0,0.0,False,0.0,0.0,,0.0,,0.0,,0.0,False,3,0.0,0.0,0.0,0.0,DORMANT,,,,0.0,0.0,,,0.0,,,,0.0,0.0,,,0.0
500302604,SHIM 0.09MM,TCB,"ASM-Pacific,Phoenix;ASM-Pacific,Firebird",Order to Demand,,32.13,15.0,3,0.375,202409,202601,16,False,0.0,0.0,0.0,False,0.0,0.0,,0.0,,0.0,,0.0,False,3,0.0,0.0,0.0,0.0,DORMANT,,,0.0,,0.0,,,0.0,,,0.0,,0.0,,,0.0
500302606,SHIM 0.07MM,TCB,"ASM-Pacific,Firebird;ASM-Pacific,Phoenix",Order to Demand,,22.44,15.0,4,0.5,202407,202601,18,False,1.0,0.0,1.0,True,0.25,0.433,1.732,-1.0,-1.0,-0.0318,-0.1271,-0.0597,False,4,0.0,1.0,0.0,0.0,INTERMITTENT,1.0,,0.0,,0.0,,,0.0,0.0,,0.0,,0.0,,,0.0
500302607,SHIM 0.1MM,TCB,"ASM-Pacific,Firebird;ASM-Pacific,Phoenix",Order to Demand,,19.38,15.0,4,0.5,202407,202601,18,False,1.0,0.0,1.0,True,0.25,0.433,1.732,-1.0,-1.0,-0.0318,-0.1271,-0.0597,False,4,0.0,1.0,0.0,0.0,INTERMITTENT,1.0,,0.0,,0.0,,,0.0,0.0,,0.0,,0.0,,,0.0
500302608,SHIM RING CIMRS5-10-0.01,TCB,"DEK Galaxy;ASM-Pacific,Phoenix;ASM-Pacific,Firebird",Order to Demand,,4.45,45.0,4,0.5,202408,202601,17,False,0.0,0.0,0.0,True,0.0,0.0,,0.0,,0.0,,-0.4459,False,4,0.0,0.0,0.0,0.0,DORMANT,,0.0,0.0,,0.0,,,0.0,,0.0,0.0,,0.0,,,0.0
500302609,SHIM RING CIMRS5-10-0.02,TCB,"DEK Galaxy;ASM-Pacific,Firebird;ASM-Pacific,Phoenix",Order to Demand,,4.45,45.0,4,0.5,202407,202601,18,False,65.0,0.0,65.0,True,16.25,28.146,1.732,-65.0,-1.0,-2.0648,-0.1271,-5.6861,False,4,0.0,0.0,24.0,6.0,INTERMITTENT,65.0,,0.0,,0.0,,,0.0,24.0,,0.0,,0.0,,,0.0
500302610,SHIM RING CIMRS5-10-0.03,TCB,"ASM-Pacific,Firebird;DEK Galaxy;ASM-Pacific,Phoenix",Order To Max,,3.56,55.0,2,0.25,202407,202408,1,False,49.0,0.0,49.0,True,24.5,24.5,1.0,-49.0,-1.0,-49.0,-2.0,-101.0,False,2,5.0,5.0,18.0,9.0,INTERMITTENT,49.0,0.0,,,,,,,18.0,0.0,,,,,,
500302611,SHIM RING CIMRS5-10-0.1,TCB,"ASM-Pacific,Firebird;ASM-Pacific,Phoenix",Order to Demand,,4.45,45.0,4,0.5,202407,202601,18,False,68.0,0.0,68.0,True,17.0,29.445,1.732,-68.0,-1.0,-2.1601,-0.1271,-6.2262,False,4,0.0,0.0,10.0,2.5,INTERMITTENT,68.0,,0.0,,0.0,,,0.0,10.0,,0.0,,0.0,,,0.0
500302612,SHIM RING CIMRS5-10-0.05,TCB,Firebird,Order To Max,,3.2,25.0,1,0.125,202408,202408,0,False,0.0,0.0,0.0,True,0.0,0.0,,0.0,,,,,False,1,5.0,5.0,0.0,0.0,SINGLE_SNAPSHOT,,0.0,,,,,,,,0.0,,,,,,
500302615,SHIM 0.03MM,TCB,"ASM-Pacific,Firebird;ASM-Pacific,Phoenix;TSMab",Order to Demand,,32.13,15.0,4,0.5,202408,202601,17,False,2.0,0.0,2.0,True,0.5,0.866,1.732,-2.0,-1.0,-0.0595,-0.1189,-0.0892,False,4,0.0,0.0,1.0,0.25,INTERMITTENT,,2.0,0.0,,0.0,,,0.0,,1.0,0.0,,0.0,,,0.0
500302666,FUSED SILICA OPTICAL WINDOW D12.5,TCB,"ASM-Pacific,Firebird;ASM-Pacific,Phoenix",Order to Demand,,65.68,15.0,3,0.375,202409,202601,16,False,0.0,0.0,0.0,False,0.0,0.0,,0.0,,0.0,,0.0,False,3,0.0,0.0,0.0,0.0,DORMANT,,,0.0,,0.0,,,0.0,,,0.0,,0.0,,,0.0
500303281,APC REPLACEMENT BATTERY CARTRIDGE #140,TCB,"ASM-Pacific,Phoenix;GENERIC",Order To Max,shared with XG756,1881.58,66.0,3,0.375,202410,202601,15,False,0.0,2.0,2.0,True,0.667,0.943,1.414,2.0,,0.1407,0.2111,0.2111,False,3,3.0,3.0,3.0,1.0,INTERMITTENT,,,,0.0,0.0,,,2.0,,,,0.0,0.0,,,0.0
500303571,FILTER ELEMENT ZFC77,TCB,"ASM-Pacific,Phoenix",Order To Max,,20.72,28.0,3,0.375,202409,202601,16,False,0.0,4.0,4.0,True,1.333,1.886,1.414,4.0,,0.2673,0.2005,0.2673,True,3,4.0,4.0,4.0,1.333,INTERMITTENT,,,0.0,,0.0,,,4.0,,,0.0,,0.0,,,2.0
500303805,FITTING (KQ2P-06),TCB,"ASM-Pacific,Phoenix;ASM-Pacific,Firebird",Order to Demand,,1.8,55.0,3,0.375,202409,202601,16,False,0.0,0.0,0.0,False,0.0,0.0,,0.0,,0.0,,0.0,False,3,0.0,0.0,0.0,0.0,DORMANT,,,0.0,,0.0,,,0.0,,,0.0,,0.0,,,0.0
500303806,(AT) ADAPTOR FOR TUBE D6,TCB,"ASM-Pacific,Phoenix",Order to Demand,,100.0,25.0,3,0.375,202409,202601,16,False,0.0,0.0,0.0,False,0.0,0.0,,0.0,,0.0,,0.0,False,3,0.0,0.0,0.0,0.0,DORMANT,,,0.0,,0.0,,,0.0,,,0.0,,0.0,,,0.0
500307175,"ROTOR STAINLESS STEEL LENGTH 38,2MM",TCB,"Grohmann,MFM-220;APPJ MFM-220",Order To Max,,365.41,63.0,1,0.125,202410,202410,0,False,1.0,1.0,1.0,True,1.0,0.0,0.0,0.0,0.0,,,,True,1,3.0,3.0,1.0,1.0,SINGLE_SNAPSHOT,,,,1.0,,,,,,,,1.0,,,,
500307932,INTERNAL CARBON BRUSH,TCB,"APPJ MFM-220;Grohmann,MFM-200",Order Beyond Max,,236.04,63.0,5,0.625,202407,202601,18,False,11.0,4.0,11.0,True,4.6,3.555,0.773,-7.0,-0.636,-0.0947,-0.0206,-0.7326,False,5,20.0,33.0,32.0,6.4,STABLE,11.0,0.0,,4.0,4.0,,,4.0,4.0,0.0,,4.0,0.0,,,0.0
500307943,ORING SEAL,TCB,"APPJ MFM-220;Grohmann,MFM-200;Grohmann,MFM-220",Order Beyond Max,,4.2,78.0,2,0.25,202407,202409,2,False,0.0,0.0,0.0,False,0.0,0.0,,0.0,,0.0,,0.0,False,2,0.0,0.0,0.0,0.0,DORMANT,0.0,,0.0,,,,,,0.0,,0.0,,,,,
500307954,FOCUSING LENS FOR MFM-220 APPJ,TCB,APPJ MFM-220,Order To Max,,181.36,95.0,1,0.125,202408,202408,0,False,3.0,3.0,3.0,True,3.0,0.0,0.0,0.0,0.0,,,,False,1,4.0,10.0,1.0,1.0,SINGLE_SNAPSHOT,,3.0,,,,,,,,1.0,,,,,,
500307955,DRIVING BELT,TCB,"Grohmann,MFM-200;APPJ MFM-220",Order Beyond Max,,46.43,95.0,1,0.125,202408,202408,0,False,1.0,1.0,1.0,True,1.0,0.0,0.0,0.0,0.0,,,,False,1,7.0,13.0,0.0,0.0,SINGLE_SNAPSHOT,,1.0,,,,,,,,0.0,,,,,,
500308254,I/P SHUT OT  Z MTR FLEX CABLE,TCB,"ASM-Pacific,Phoenix",Order to Demand,,36.0,25.0,3,0.375,202409,202601,16,False,0.0,0.0,0.0,False,0.0,0.0,,0.0,,0.0,,0.0,False,3,0.0,0.0,0.0,0.0,DORMANT,,,0.0,,0.0,,,0.0,,,0.0,,0.0,,,0.0
500308255,Y SHUTTLE OT TABLE X ENC FLEX ASSY,TCB,"ASM-Pacific,Phoenix",Order to Demand,,36.0,50.0,3,0.375,202409,202601,16,False,0.0,0.0,0.0,False,0.0,0.0,,0.0,,0.0,,0.0,False,3,0.0,0.0,0.0,0.0,DORMANT,,,0.0,,0.0,,,0.0,,,0.0,,0.0,,,0.0
500308256,I/P SHUT OT  X MTR FLEX CABLE,TCB,"ASM-Pacific,Phoenix",Order to Demand,,36.0,50.0,3,0.375,202409,202601,16,False,0.0,0.0,0.0,False,0.0,0.0,,0.0,,0.0,,0.0,False,3,0.0,0.0,0.0,0.0,DORMANT,,,0.0,,0.0,,,0.0,,,0.0,,0.0,,,0.0
500308257,I/P SHUT ENC FLEX CABLE,TCB,"ASM-Pacific,Phoenix",Order to Demand,,36.0,15.0,3,0.375,202409,202601,16,False,0.0,0.0,0.0,False,0.0,0.0,,0.0,,0.0,,0.0,False,3,0.0,0.0,0.0,0.0,DORMANT,,,0.0,,0.0,,,0.0,,,0.0,,0.0,,,0.0
500310519,"BAR-POP-U1-500-SIC,40121",TCB,"ASM-Pacific,Firebird;Generic",Order to Demand,,3000.0,25.0,4,0.5,202409,202601,16,False,0.0,0.0,0.0,False,0.0,0.0,,0.0,,0.0,,0.0,False,4,0.0,0.0,0.0,0.0,DORMANT,,,0.0,0.0,0.0,,,0.0,,,0.0,0.0,0.0,,,0.0
500311819,AKBEW (MAGNET TOP PLATE VER) UGK,TCB,"ASM-Pacific,Phoenix",Order to Demand,,1400.0,95.0,3,0.375,202409,202601,16,False,0.0,0.0,0.0,False,0.0,0.0,,0.0,,0.0,,0.0,False,3,0.0,0.0,0.0,0.0,DORMANT,,,0.0,,0.0,,,0.0,,,0.0,,0.0,,,0.0
500311823,ROD ASSY,TCB,"ASM-Pacific,Firebird;ASM-Pacific,Phoenix",Order to Demand,,101.0,55.0,3,0.375,202409,202601,16,False,0.0,0.0,0.0,True,0.0,0.0,,0.0,,0.0,,-0.0668,False,3,0.0,0.0,0.0,0.0,DORMANT,,,0.0,,0.0,,,0.0,,,0.0,,0.0,,,0.0
500312458,RELA LINEAR SCALE ML=20MM,TCB,"ASM-Pacific,Phoenix;ASM-Pacific,Firebird",Order to Demand,,576.0,55.0,3,0.375,202409,202601,16,False,0.0,0.0,0.0,False,0.0,0.0,,0.0,,0.0,,0.0,False,3,0.0,0.0,0.0,0.0,DORMANT,,,0.0,,0.0,,,0.0,,,0.0,,0.0,,,0.0
500312770,"BS PEDESTAL ASSY (BDW, ULT) (40X24X0.17)",TCB,"ASM-Pacific,Phoenix",Order to Demand,,9800.0,35.0,4,0.5,202409,202601,16,False,0.0,0.0,0.0,False,0.0,0.0,,0.0,,0.0,,0.0,False,4,0.0,0.0,0.0,0.0,DORMANT,,,0.0,0.0,0.0,,,0.0,,,0.0,0.0,0.0,,,0.0
500312771,STA PICKHEAD ASSY SET (BDW),TCB,"ASM-Pacific,Phoenix",Order to Demand,,3650.0,25.0,4,0.5,202409,202601,16,False,0.0,0.0,0.0,False,0.0,0.0,,0.0,,0.0,,0.0,False,4,0.0,0.0,0.0,0.0,DORMANT,,,0.0,0.0,0.0,,,0.0,,,0.0,0.0,0.0,,,0.0
500312773,STA PICKHEAD ASSY SET (ANNIE),TCB,"ASM-Pacific,Phoenix;GENERIC",Order To Max,,7200.0,25.0,3,0.375,202409,202601,16,False,0.0,0.0,0.0,False,0.0,0.0,,0.0,,0.0,,0.0,False,3,0.0,0.0,0.0,0.0,DORMANT,,,0.0,,0.0,,,0.0,,,0.0,,0.0,,,0.0
500312774,PEDESTAL -SKL ULT 2+2,TCB,"ASM-Pacific,Phoenix",Order to Demand,,9800.0,25.0,4,0.5,202409,202601,16,False,0.0,0.0,0.0,False,0.0,0.0,,0.0,,0.0,,0.0,False,4,0.0,0.0,0.0,0.0,DORMANT,,,0.0,0.0,0.0,,,0.0,,,0.0,0.0,0.0,,,0.0
500312775,BS PEDESTAL ASSY (NFP) (20X16.5X0.17),TCB,"ASM-Pacific,Phoenix",Order to Demand,,9800.0,25.0,1,0.125,202409,202409,0,False,0.0,0.0,0.0,False,0.0,0.0,,0.0,,,,,False,1,0.0,0.0,0.0,0.0,SINGLE_SNAPSHOT,,,0.0,,,,,,,,0.0,,,,,
500312776,BS PEDESTAL ASSY (ND5) 50X50X0.17,TCB,"ASM-Pacific,Phoenix;GENERIC",Order to Demand,,9800.0,84.0,4,0.5,202409,202601,16,False,0.0,0.0,0.0,False,0.0,0.0,,0.0,,0.0,,0.0,False,4,0.0,0.0,0.0,0.0,DORMANT,,,0.0,0.0,0.0,,,0.0,,,0.0,0.0,0.0,,,0.0
500312777,STA PICKHEAD ASSY SET (CHT),TCB,"ASM-Pacific,Phoenix;GENERIC",Order to Demand,,3100.0,25.0,4,0.5,202409,202601,16,False,0.0,0.0,0.0,False,0.0,0.0,,0.0,,0.0,,0.0,False,4,0.0,0.0,0.0,0.0,DORMANT,,,0.0,0.0,0.0,,,0.0,,,0.0,0.0,0.0,,,0.0
500312778,TCB STA ND5  HYBRID 4UP 50X50,TCB,"ASM-Pacific,Phoenix;GENERIC",Order to Demand,,4800.0,55.0,4,0.5,202409,202601,16,False,0.0,0.0,0.0,False,0.0,0.0,,0.0,,0.0,,0.0,False,4,0.0,0.0,0.0,0.0,DORMANT,,,0.0,0.0,0.0,,,0.0,,,0.0,0.0,0.0,,,0.0
500312779,BS PEDESTAL ASSY (CHT) (74X227.6X0.17),TCB,"ASM-Pacific,Phoenix;GENERIC",Order to Demand,,11600.0,25.0,4,0.5,202409,202601,16,False,0.0,0.0,0.0,False,0.0,0.0,,0.0,,0.0,,0.0,False,4,0.0,0.0,0.0,0.0,DORMANT,,,0.0,0.0,0.0,,,0.0,,,0.0,0.0,0.0,,,0.0
500312781,BS PED ASSY (SKY ULT 2+3E)(24X42X0.17),TCB,"GENERIC;ASM-Pacific,Phoenix",Order to Demand,,9800.0,25.0,4,0.5,202409,202601,16,False,0.0,0.0,0.0,False,0.0,0.0,,0.0,,0.0,,0.0,False,4,0.0,0.0,0.0,0.0,DORMANT,,,0.0,0.0,0.0,,,0.0,,,0.0,0.0,0.0,,,0.0
500312782,"STA PICKHEAD ASSY SET(SKY A0, STIFFENER)",TCB,"ASM-Pacific,Phoenix;GENERIC",Order to Demand,,4250.0,25.0,3,0.375,202409,202601,16,False,0.0,0.0,0.0,False,0.0,0.0,,0.0,,0.0,,0.0,False,3,0.0,0.0,0.0,0.0,DORMANT,,,0.0,,0.0,,,0.0,,,0.0,,0.0,,,0.0
500312783,BS P ASSY (HALO 4+4E REV1) (42X28X0.17),TCB,"ASM-Pacific,Phoenix;GENERIC",Order to Demand,,9800.0,25.0,4,0.5,202409,202601,16,False,0.0,0.0,0.0,False,0.0,0.0,,0.0,,0.0,,0.0,False,4,0.0,0.0,0.0,0.0,DORMANT,,,0.0,0.0,0.0,,,0.0,,,0.0,0.0,0.0,,,0.0
500312784,STA PICKHEAD ASSY SET (SKY HALO 4+4E),TCB,"GENERIC;ASM-Pacific,Phoenix",Order To Max,,3650.0,25.0,3,0.375,202409,202601,16,False,0.0,0.0,0.0,False,0.0,0.0,,0.0,,0.0,,0.0,False,3,0.0,0.0,0.0,0.0,DORMANT,,,0.0,,0.0,,,0.0,,,0.0,,0.0,,,0.0
500312927,FUSE 5X20MM T 10A 250V,TCB,"ASM-Pacific,Firebird;ASM-Pacific,Phoenix",Order to Demand,,0.89,55.0,3,0.375,202409,202601,16,False,0.0,0.0,0.0,False,0.0,0.0,,0.0,,0.0,,0.0,False,3,0.0,0.0,0.0,0.0,DORMANT,,,0.0,,0.0,,,0.0,,,0.0,,0.0,,,0.0
500313019,BS PEDESTAL ASSY  (PPARK) (66X230X0.17),TCB,"ASM-Pacific,Phoenix",Order to Demand,,11600.0,120.0,4,0.5,202409,202601,16,False,0.0,0.0,0.0,False,0.0,0.0,,0.0,,0.0,,0.0,False,4,0.0,0.0,0.0,0.0,DORMANT,,,0.0,0.0,0.0,,,0.0,,,0.0,0.0,0.0,,,0.0
500313178,BANK 2 WITH KINEMATICS ASSY (34X24),TCB,"ASM-Pacific,Phoenix;GENERIC",Order to Demand,,712.0,70.0,3,0.375,202409,202601,16,False,0.0,0.0,0.0,False,0.0,0.0,,0.0,,0.0,,0.0,False,3,0.0,0.0,0.0,0.0,DORMANT,,,0.0,,0.0,,,0.0,,,0.0,,0.0,,,0.0
500313179,BANK 1 WITH KINEMATICS ASSY (34X24),TCB,"ASM-Pacific,Phoenix;GENERIC",Order to Demand,,712.0,84.0,3,0.375,202409,202601,16,False,0.0,0.0,0.0,False,0.0,0.0,,0.0,,0.0,,0.0,False,3,0.0,0.0,0.0,0.0,DORMANT,,,0.0,,0.0,,,0.0,,,0.0,,0.0,,,0.0
500313180,BANK 3 WITH KINEMATICS ASSY (34X24),TCB,"GENERIC;ASM-Pacific,Phoenix",Order to Demand,,712.0,70.0,3,0.375,202409,202601,16,False,0.0,0.0,0.0,False,0.0,0.0,,0.0,,0.0,,0.0,False,3,0.0,0.0,0.0,0.0,DORMANT,,,0.0,,0.0,,,0.0,,,0.0,,0.0,,,0.0
500313313,SUB EXI L FLEX CABLE ASSY,TCB,"ASM-Pacific,Phoenix",Order to Demand,,89.89,70.0,4,0.5,202408,202601,17,False,0.0,0.0,0.0,False,0.0,0.0,,0.0,,0.0,,0.0,False,4,0.0,0.0,0.0,0.0,DORMANT,,0.0,0.0,,0.0,,,0.0,,0.0,0.0,,0.0,,,0.0
500313781,STRAIGHT UNION,TCB,"ASM-Pacific,Phoenix;GENERIC",Order to Demand,,4.45,25.0,3,0.375,202409,202601,16,False,0.0,0.0,0.0,False,0.0,0.0,,0.0,,0.0,,0.0,False,3,0.0,0.0,0.0,0.0,DORMANT,,,0.0,,0.0,,,0.0,,,0.0,,0.0,,,0.0
500313950,RIGHT WORKCHUCK X MOTOR COIL,TCB,"ASM-Pacific,Firebird;ASM-Pacific,Phoenix",Order to Demand,,534.0,25.0,3,0.375,202409,202601,16,False,0.0,0.0,0.0,False,0.0,0.0,,0.0,,0.0,,0.0,False,3,0.0,0.0,0.0,0.0,DORMANT,,,0.0,,0.0,,,0.0,,,0.0,,0.0,,,0.0
500313951,LEFT WORKCHUCK X AUX MOTOR COIL,TCB,"ASM-Pacific,Phoenix;ASM-Pacific,Firebird",Order to Demand,,534.0,25.0,3,0.375,202409,202601,16,False,0.0,0.0,0.0,False,0.0,0.0,,0.0,,0.0,,0.0,False,3,0.0,0.0,0.0,0.0,DORMANT,,,0.0,,0.0,,,0.0,,,0.0,,0.0,,,0.0
500313952,RIGHT WORKCHUCK X AUX MOTOR COIL,TCB,"ASM-Pacific,Phoenix;ASM-Pacific,Firebird",Order to Demand,,534.0,25.0,3,0.375,202409,202601,16,False,0.0,0.0,0.0,False,0.0,0.0,,0.0,,0.0,,0.0,False,3,0.0,0.0,0.0,0.0,DORMANT,,,0.0,,0.0,,,0.0,,,0.0,,0.0,,,0.0
500315046,NDIIIS CONTROLPOWERMODULE,TCB,"ASM-Pacific,Firebird",Order to Demand,,1134.21,10.0,3,0.375,202409,202601,16,False,0.0,0.0,0.0,False,0.0,0.0,,0.0,,0.0,,0.0,False,3,0.0,0.0,0.0,0.0,DORMANT,,,0.0,,0.0,,,0.0,,,0.0,,0.0,,,0.0
500315048,NUDRIVE-3S: EXTENDED POWER MODULE,TCB,"ASM-Pacific,Firebird",Order to Demand,,3373.41,53.0,3,0.375,202409,202601,16,False,0.0,0.0,0.0,False,0.0,0.0,,0.0,,0.0,,0.0,False,3,0.0,0.0,0.0,0.0,DORMANT,,,0.0,,0.0,,,0.0,,,0.0,,0.0,,,0.0
500315055,NUDRIVE-3S: EXTENDED POWER MODULE,TCB,"ASM-Pacific,Firebird",Order to Demand,,2650.42,15.0,4,0.5,202408,202601,17,False,1.0,0.0,1.0,True,0.25,0.433,1.732,-1.0,-1.0,-0.0297,-0.1189,-0.0595,False,4,0.0,0.0,0.0,0.0,INTERMITTENT,,1.0,0.0,,0.0,,,0.0,,0.0,0.0,,0.0,,,0.0
500316161,"DOOR HANDLE, PULL, POCKET SERIES, FLUSH",TCB,Heller FAR;Heller 2017 MK III;Heller 2017 Formic Acid;BAM_Generic;Heller HRF,Order to Demand,,24.0,20.0,1,0.125,202601,202601,0,True,0.0,0.0,0.0,False,0.0,0.0,,0.0,,,,,False,1,0.0,0.0,0.0,0.0,SINGLE_SNAPSHOT,,,,,,,,0.0,,,,,,,,0.0
500316163,"UPPER COVER HANDLE, ERGONOMIC ARM S2-S8",TCB,Heller 2017 Formic Acid;Heller HRF;Heller FAR,Order to Demand,,26.0,20.0,3,0.375,202410,202601,15,False,0.0,0.0,0.0,False,0.0,0.0,,0.0,,0.0,,0.0,False,3,0.0,0.0,0.0,0.0,DORMANT,,,,0.0,0.0,,,0.0,,,,0.0,0.0,,,0.0
500316165,"1/2"" ID, H/T Hose",TCB,Heller HRF;Heller FAR;Heller VCO;Heller 2017 Formic Acid,Order to Demand,,102.9,35.0,2,0.25,202409,202410,1,False,0.0,0.0,0.0,False,0.0,0.0,,0.0,,0.0,,0.0,False,2,0.0,2.0,0.0,0.0,DORMANT,,,0.0,0.0,,,,,,,0.0,0.0,,,,
500316483,PEDESTAL-BRD-EP,TCB,"ASM-Pacific,Phoenix",Order To Max,,9800.0,45.0,3,0.375,202409,202601,16,False,0.0,0.0,0.0,False,0.0,0.0,,0.0,,0.0,,0.0,False,3,0.0,0.0,0.0,0.0,DORMANT,,,0.0,,0.0,,,0.0,,,0.0,,0.0,,,0.0
500316484,STA PICKHEAD ASSY SET (DRV),TCB,Generic,Order to Demand,,4250.0,48.0,1,0.125,202409,202409,0,False,0.0,0.0,0.0,False,0.0,0.0,,0.0,,,,,False,1,0.0,0.0,0.0,0.0,SINGLE_SNAPSHOT,,,0.0,,,,,,,,0.0,,,,,
500316485,STA PICKHEAD ASSY SET (SKX_XCC),TCB,"GENERIC;ASM-Pacific,Phoenix",Order To Max,,3100.0,62.0,3,0.375,202409,202601,16,False,0.0,0.0,0.0,False,0.0,0.0,,0.0,,0.0,,0.0,False,3,0.0,0.0,0.0,0.0,DORMANT,,,0.0,,0.0,,,0.0,,,0.0,,0.0,,,0.0
500316488,BS PEDESTAL A (SKX_XCC_CP)(48X37.5X0.17),TCB,"ASM-Pacific,Firebird;ASM-Pacific,Phoenix",Order to Demand,,9800.0,70.0,4,0.5,202409,202601,16,False,0.0,0.0,0.0,False,0.0,0.0,,0.0,,0.0,,0.0,False,4,0.0,0.0,0.0,0.0,DORMANT,,,0.0,0.0,0.0,,,0.0,,,0.0,0.0,0.0,,,0.0
500316650,HONEYWELL OXYGEN O2 SENSOR CARTRIDGE,TCB,"ASM-Pacific,Firebird;ASM-Pacific,Phoenix",Order To Max,,394.17,57.0,3,0.375,202409,202601,16,False,0.0,0.0,0.0,False,0.0,0.0,,0.0,,0.0,,0.0,False,3,0.0,0.0,0.0,0.0,DORMANT,,,0.0,,0.0,,,0.0,,,0.0,,0.0,,,0.0
500316923,BAR TYPE IONIZER,TCB,"ASM-Pacific,Phoenix",Order to Demand,,2496.45,10.0,4,0.5,202408,202601,17,False,1.0,0.0,1.0,True,0.25,0.433,1.732,-1.0,-1.0,-0.0297,-0.1189,-0.0595,False,4,0.0,0.0,1.0,0.25,INTERMITTENT,,1.0,0.0,,0.0,,,0.0,,1.0,0.0,,0.0,,,0.0
500317475,NU MOTION CONTROLLER BOARD,TCB,"ASM,TCB,Y-SHUTTLE;ASM-Pacific,Phoenix",Order to Demand,,993.64,10.0,3,0.375,202409,202601,16,False,0.0,0.0,0.0,False,0.0,0.0,,0.0,,0.0,,0.0,False,3,0.0,0.0,0.0,0.0,DORMANT,,,0.0,,0.0,,,0.0,,,0.0,,0.0,,,0.0
500318166,STA PICKHEAD ASSY SET (CCRK),TCB,"ASM-Pacific,Firebird;Generic;ASM-Pacific,Phoenix",Order To Max,,3650.0,25.0,3,0.375,202409,202601,16,False,0.0,0.0,0.0,False,0.0,0.0,,0.0,,0.0,,0.0,False,3,0.0,0.0,0.0,0.0,DORMANT,,,0.0,,0.0,,,0.0,,,0.0,,0.0,,,0.0
500318170,STA PICKHEAD ASSY SET (ANF),TCB,"ASM-Pacific,Phoenix",Order To Max,,3100.0,25.0,3,0.375,202409,202601,16,False,0.0,0.0,0.0,False,0.0,0.0,,0.0,,0.0,,0.0,False,3,0.0,0.0,0.0,0.0,DORMANT,,,0.0,,0.0,,,0.0,,,0.0,,0.0,,,0.0
500318174,TCB PEDESTAL SDP 4UP 55X55,TCB,"ASM-Pacific,Phoenix",Order to Demand,,9800.0,25.0,4,0.5,202409,202601,16,False,0.0,0.0,0.0,False,0.0,0.0,,0.0,,0.0,,0.0,False,4,0.0,0.0,0.0,0.0,DORMANT,,,0.0,0.0,0.0,,,0.0,,,0.0,0.0,0.0,,,0.0
500318188,STA PICKHEAD ASSY SET (CNL TMTV),TCB,"ASM-Pacific,Phoenix",Order to Demand,,3100.0,25.0,3,0.375,202409,202601,16,False,0.0,0.0,0.0,False,0.0,0.0,,0.0,,0.0,,0.0,False,3,0.0,0.0,0.0,0.0,DORMANT,,,0.0,,0.0,,,0.0,,,0.0,,0.0,,,0.0
500318193,TCB PEDESTAL ND5 2XCVR 5UP 42.5X42.5,TCB,"ASM-Pacific,Phoenix",Order to Demand,,9800.0,68.0,4,0.5,202409,202601,16,False,0.0,0.0,0.0,False,0.0,0.0,,0.0,,0.0,,0.0,False,4,0.0,0.0,0.0,0.0,DORMANT,,,0.0,0.0,0.0,,,0.0,,,0.0,0.0,0.0,,,0.0
500318195,TCB STA ND5 2XCVR 5UP 42.5X42.5,TCB,"ASM-Pacific,Phoenix",Order to Demand,,3650.0,60.0,4,0.5,202409,202601,16,False,0.0,0.0,0.0,False,0.0,0.0,,0.0,,0.0,,0.0,False,4,0.0,0.0,0.0,0.0,DORMANT,,,0.0,0.0,0.0,,,0.0,,,0.0,0.0,0.0,,,0.0
500318197,BS PEDESTAL ASSY (CNL U22) (24X45X0.17),TCB,"ASM-Pacific,Phoenix",Order to Demand,,9800.0,25.0,4,0.5,202409,202601,16,False,0.0,0.0,0.0,False,0.0,0.0,,0.0,,0.0,,0.0,False,4,0.0,0.0,0.0,0.0,DORMANT,,,0.0,0.0,0.0,,,0.0,,,0.0,0.0,0.0,,,0.0
500318198,STA - PER PAIR - CNL U22,TCB,"ASM-Pacific,Phoenix",Order to Demand,,3100.0,25.0,3,0.375,202409,202601,16,False,0.0,0.0,0.0,False,0.0,0.0,,0.0,,0.0,,0.0,False,3,0.0,0.0,0.0,0.0,DORMANT,,,0.0,,0.0,,,0.0,,,0.0,,0.0,,,0.0
500318199,TCB PEDESTAL SKX DE 52.5X45,TCB,"ASM-Pacific,Phoenix",Order To Max,,9800.0,77.0,3,0.375,202409,202601,16,False,0.0,0.0,0.0,False,0.0,0.0,,0.0,,0.0,,0.0,False,3,0.0,0.0,0.0,0.0,DORMANT,,,0.0,,0.0,,,0.0,,,0.0,,0.0,,,0.0
500318205,COG PEDESTAL ASSY FOR CAP SENSOR,TCB,"ASM-Pacific,Phoenix",Order to Demand,,9440.0,128.0,4,0.5,202409,202601,16,False,0.0,0.0,0.0,False,0.0,0.0,,0.0,,0.0,,0.0,False,4,0.0,0.0,0.0,0.0,DORMANT,,,0.0,0.0,0.0,,,0.0,,,0.0,0.0,0.0,,,0.0
500318240,STEEL WIRE CLAMP,TCB,"ASM-Pacific,Firebird;ASM-Pacific,Phoenix",Order to Demand,,7.12,70.0,3,0.375,202409,202601,16,False,0.0,0.0,0.0,False,0.0,0.0,,0.0,,0.0,,0.0,False,3,0.0,0.0,0.0,0.0,DORMANT,,,0.0,,0.0,,,0.0,,,0.0,,0.0,,,0.0
500319164,HVMOTY MOTOR,TCB,"ASM-Pacific,Firebird;ASM-Pacific,Phoenix",Order to Demand,,3236.04,73.0,3,0.375,202409,202601,16,False,0.0,0.0,0.0,False,0.0,0.0,,0.0,,0.0,,0.0,False,3,0.0,0.0,0.0,0.0,DORMANT,,,0.0,,0.0,,,0.0,,,0.0,,0.0,,,0.0
500319166,HVMOTX MOTOR,TCB,"ASM-Pacific,Firebird;ASM-Pacific,Phoenix",Order to Demand,,995.24,15.0,3,0.375,202409,202601,16,False,0.0,0.0,0.0,False,0.0,0.0,,0.0,,0.0,,0.0,False,3,0.0,0.0,0.0,0.0,DORMANT,,,0.0,,0.0,,,0.0,,,0.0,,0.0,,,0.0
500319859,ACTUATOR,TCB,"ASM-Pacific,Phoenix",Order To Max,,24.77,65.0,3,0.375,202409,202601,16,False,0.0,0.0,0.0,False,0.0,0.0,,0.0,,0.0,,0.0,False,3,0.0,0.0,0.0,0.0,DORMANT,,,0.0,,0.0,,,0.0,,,0.0,,0.0,,,0.0
500320265,PLASMA JET NOZZLE PTF 2651-2,TCB,"Grohmann,MFM-220;APPJ MFM-220",Order To Max,,859.42,78.0,6,0.75,202407,202601,18,False,3.0,0.0,3.0,True,0.5,1.118,2.236,-3.0,-1.0,-0.103,-0.2059,-0.1899,False,6,0.0,3.0,2.0,0.333,INTERMITTENT,3.0,,0.0,,0.0,0.0,0.0,0.0,2.0,,0.0,,0.0,0.0,0.0,0.0
500320316,TCB STA SKX LCC 34.5 X 37.5,TCB,"ASM-Pacific,Phoenix",Order To Max,,3650.0,75.0,3,0.375,202409,202601,16,False,0.0,0.0,0.0,False,0.0,0.0,,0.0,,0.0,,0.0,False,3,0.0,0.0,0.0,0.0,DORMANT,,,0.0,,0.0,,,0.0,,,0.0,,0.0,,,0.0
500320318,STA PICKHEAD ASSY SET (SKX DE),TCB,"GENERIC;ASM-Pacific,Phoenix",Order to Demand,,4250.0,60.0,1,0.125,202409,202409,0,False,0.0,0.0,0.0,False,0.0,0.0,,0.0,,,,,False,1,0.0,0.0,0.0,0.0,SINGLE_SNAPSHOT,,,0.0,,,,,,,,0.0,,,,,
500320319,TCB PEDESTAL SKX LCC 34.5 X 37.5,TCB,"ASM-Pacific,Phoenix",Order To Max,,9800.0,66.0,3,0.375,202409,202601,16,False,0.0,0.0,0.0,False,0.0,0.0,,0.0,,0.0,,0.0,False,3,0.0,0.0,0.0,0.0,DORMANT,,,0.0,,0.0,,,0.0,,,0.0,,0.0,,,0.0
500320434,0.6MM CLEANING ROD,TCB,"ASM-Pacific,Phoenix",Order to Demand,,27.96,20.0,3,0.375,202410,202601,15,False,0.0,0.0,0.0,False,0.0,0.0,,0.0,,0.0,,0.0,False,3,0.0,0.0,0.0,0.0,DORMANT,,,,0.0,0.0,,,0.0,,,,0.0,0.0,,,0.0
500320435,0.7 MM CLEANING ROD,TCB,"ASM-Pacific,Phoenix",Order to Demand,,21.51,20.0,3,0.375,202410,202601,15,False,0.0,0.0,0.0,False,0.0,0.0,,0.0,,0.0,,0.0,False,3,0.0,0.0,0.0,0.0,DORMANT,,,,0.0,0.0,,,0.0,,,,0.0,0.0,,,0.0
500320779,BH HEATER COVER (STRAIGHT CUT VER.),TCB,"ASM-Pacific,Firebird;ASM-Pacific,Phoenix",Order to Demand,shared with XG756,160.0,70.0,3,0.375,202409,202601,16,False,0.0,0.0,0.0,False,0.0,0.0,,0.0,,0.0,,0.0,False,3,0.0,0.0,0.0,0.0,DORMANT,,,0.0,,0.0,,,0.0,,,0.0,,0.0,,,0.0
500321284,MANUAL DRILL BIT 0.7MM,TCB,"ASM-Pacific,Phoenix;ASM-Pacific,Firebird;Generic",Order To Max,,2.8129,20.0,2,0.25,202410,202503,5,False,0.0,0.0,0.0,True,0.0,0.0,,0.0,,0.0,,-2.0,False,2,0.0,10.0,0.0,0.0,DORMANT,,,,0.0,,0.0,,,,,,0.0,,0.0,,
500321452,SURFACE PROBE TYPE K,TCB,"GENERIC;ASM-Pacific,Phoenix",Order To Max,,212.0,25.0,3,0.375,202409,202601,16,False,0.0,0.0,0.0,False,0.0,0.0,,0.0,,0.0,,0.0,False,3,0.0,0.0,0.0,0.0,DORMANT,,,0.0,,0.0,,,0.0,,,0.0,,0.0,,,0.0
500321995,SMT REED SWITCH 12-18AT 10W,TCB,Asymtek S932;Asymtek S912;Generic,Order To Max,,1.8,30.0,1,0.125,202408,202408,0,False,20.0,20.0,20.0,True,20.0,0.0,0.0,0.0,0.0,,,,False,1,20.0,20.0,0.0,0.0,SINGLE_SNAPSHOT,,20.0,,,,,,,,0.0,,,,,,
500322503,BS PEDESTAL ASSY (KBL ULT 42) 42X24X0.17,TCB,Generic,Order to Demand,,9800.0,25.0,4,0.5,202409,202601,16,False,0.0,0.0,0.0,False,0.0,0.0,,0.0,,0.0,,0.0,False,4,0.0,0.0,0.0,0.0,DORMANT,,,0.0,0.0,0.0,,,0.0,,,0.0,0.0,0.0,,,0.0
500322505,"40142, 0.4MM, S, U1, 07.8350 X 6.922",TCB,"Generic;ASM-Pacific,Firebird;ASM-Pacific,Phoenix",Order to Demand,,3230.0,25.0,1,0.125,202409,202409,0,False,0.0,0.0,0.0,False,0.0,0.0,,0.0,,,,,False,1,0.0,0.0,0.0,0.0,SINGLE_SNAPSHOT,,,0.0,,,,,,,,0.0,,,,,
500324631,SWING DOOR IMPROVEMENT,TCB,"ASM-Pacific,Phoenix",Order to Demand,,9000.0,85.0,3,0.375,202409,202601,16,False,0.0,0.0,0.0,False,0.0,0.0,,0.0,,0.0,,0.0,False,3,0.0,0.0,0.0,0.0,DORMANT,,,0.0,,0.0,,,0.0,,,0.0,,0.0,,,0.0
500324947,NUDRIVE FLAT  MODULE CABLE,TCB,"ASM-Pacific,Phoenix",Order to Demand,,35.0,55.0,3,0.375,202409,202601,16,False,0.0,0.0,0.0,False,0.0,0.0,,0.0,,0.0,,0.0,False,3,0.0,0.0,0.0,0.0,DORMANT,,,0.0,,0.0,,,0.0,,,0.0,,0.0,,,0.0
500324948,NUDRIVE FLAT  MODULE CABLE,TCB,"ASM-Pacific,Phoenix",Order to Demand,,35.0,55.0,3,0.375,202409,202601,16,False,0.0,0.0,0.0,False,0.0,0.0,,0.0,,0.0,,0.0,False,3,0.0,0.0,0.0,0.0,DORMANT,,,0.0,,0.0,,,0.0,,,0.0,,0.0,,,0.0
500324949,NUDRIVE FLAT  MODULE CABLE,TCB,"ASM-Pacific,Phoenix",Order to Demand,,35.0,55.0,3,0.375,202409,202601,16,False,0.0,0.0,0.0,False,0.0,0.0,,0.0,,0.0,,0.0,False,3,0.0,0.0,0.0,0.0,DORMANT,,,0.0,,0.0,,,0.0,,,0.0,,0.0,,,0.0
500324950,NUDRIVE FLAT  MODULE CABLE,TCB,"ASM-Pacific,Phoenix",Order to Demand,,35.0,55.0,3,0.375,202409,202601,16,False,0.0,0.0,0.0,False,0.0,0.0,,0.0,,0.0,,0.0,False,3,0.0,0.0,0.0,0.0,DORMANT,,,0.0,,0.0,,,0.0,,,0.0,,0.0,,,0.0
500324977,NU MOTION CONTROLLER BOARD,TCB,"ASM-Pacific,Phoenix",Order to Demand,,1475.0,25.0,3,0.375,202409,202601,16,False,0.0,0.0,0.0,False,0.0,0.0,,0.0,,0.0,,0.0,False,3,0.0,0.0,0.0,0.0,DORMANT,,,0.0,,0.0,,,0.0,,,0.0,,0.0,,,0.0
500326896,TIP TILT SOL ASSY,TCB,"ASM-Pacific,Phoenix",Order To Max,,120.0,40.0,3,0.375,202409,202601,16,False,0.0,0.0,0.0,False,0.0,0.0,,0.0,,0.0,,0.0,False,3,0.0,0.0,0.0,0.0,DORMANT,,,0.0,,0.0,,,0.0,,,0.0,,0.0,,,0.0
500328938,PLASMA JET RD1004S ASSEMBLY UNIT,TCB,"Grohmann,MFM-220;APPJ MFM-220;Grohmann,MFM-200",Order To Max,,19487.09,30.0,3,0.375,202409,202601,16,False,0.0,0.0,0.0,False,0.0,0.0,,0.0,,0.0,,0.0,False,3,0.0,0.0,0.0,0.0,DORMANT,,,0.0,,0.0,,,0.0,,,0.0,,0.0,,,0.0
500328940,WRS1501MODULE CAN MFM-220 APPJ DUAL HEAD,TCB,"Grohmann,MFM-200;APPJ MFM-220;Grohmann,MFM-220",Order To Max,,12221.55,78.0,3,0.375,202409,202601,16,False,0.0,0.0,0.0,False,0.0,0.0,,0.0,,0.0,,0.0,False,3,0.0,0.0,0.0,0.0,DORMANT,,,0.0,,0.0,,,0.0,,,0.0,,0.0,,,0.0
500328942,"PCU 1604,DUAL HEAD ONLY",TCB,"APPJ MFM-220;Grohmann,MFM-220;Grohmann,MFM-200",Order To Max,,17394.15,30.0,3,0.375,202409,202601,16,False,0.0,0.0,0.0,False,0.0,0.0,,0.0,,0.0,,0.0,False,3,0.0,0.0,0.0,0.0,DORMANT,,,0.0,,0.0,,,0.0,,,0.0,,0.0,,,0.0
500330194,STA PICKHEAD ASSY SET (CFL U23E),TCB,"ASM-Pacific,Phoenix;GENERIC",Order to Demand,,3650.0,65.0,4,0.5,202409,202601,16,False,0.0,0.0,0.0,False,0.0,0.0,,0.0,,0.0,,0.0,False,4,0.0,0.0,0.0,0.0,DORMANT,,,0.0,0.0,0.0,,,0.0,,,0.0,0.0,0.0,,,0.0
500330197,VACUUM SENSOR MOUNT (SENSOR ABOVE),TCB,"ASM-Pacific,Phoenix",Order to Demand,,31.0,55.0,3,0.375,202409,202601,16,False,0.0,0.0,0.0,False,0.0,0.0,,0.0,,0.0,,0.0,False,3,0.0,0.0,0.0,0.0,DORMANT,,,0.0,,0.0,,,0.0,,,0.0,,0.0,,,0.0
500330198,TAPERED ROLLER BEARING 15X35X11.75,TCB,"ASM-Pacific,Phoenix",Order to Demand,,14.5,59.0,3,0.375,202409,202601,16,False,0.0,0.0,0.0,False,0.0,0.0,,0.0,,0.0,,0.0,False,3,0.0,0.0,0.0,0.0,DORMANT,,,0.0,,0.0,,,0.0,,,0.0,,0.0,,,0.0
500331233,OMEGA MINIATURE CONECTOR,TCB,Generic,Order To Max,,6.3,85.0,1,0.125,202412,202412,0,False,0.0,0.0,0.0,True,0.0,0.0,,0.0,,,,,False,1,30.0,60.0,0.0,0.0,SINGLE_SNAPSHOT,,,,,0.0,,,,,,,,0.0,,,
500332017,STA PICKHEAD ASSY SET (SKX FPGA),TCB,"ASM-Pacific,Phoenix",Order to Demand,,3100.0,48.0,4,0.5,202409,202601,16,False,0.0,0.0,0.0,False,0.0,0.0,,0.0,,0.0,,0.0,False,4,0.0,0.0,0.0,0.0,DORMANT,,,0.0,0.0,0.0,,,0.0,,,0.0,0.0,0.0,,,0.0
500332094,"40152, 0.4MM, S, U1, 06.689 X 07.256",TCB,"Generic;ASM-Pacific,Firebird",Order to Demand,,3230.0,35.0,2,0.25,202409,202410,1,False,0.0,0.0,0.0,False,0.0,0.0,,0.0,,0.0,,0.0,False,2,0.0,0.0,0.0,0.0,DORMANT,,,0.0,0.0,,,,,,,0.0,0.0,,,,
500332508,"40180,S,1MM, 07.761 X 11.76",TCB,"ASM-Pacific,Firebird;ASM-Pacific,Phoenix;Generic",Order To Max,,3250.0,40.0,3,0.375,202409,202601,16,False,0.0,0.0,0.0,False,0.0,0.0,,0.0,,0.0,,0.0,False,3,0.0,0.0,0.0,0.0,DORMANT,,,0.0,,0.0,,,0.0,,,0.0,,0.0,,,0.0
500332592,TIMING PULLEY,TCB,"ASM-Pacific,Firebird;ASM-Pacific,Phoenix",Order to Demand,,17.0,38.0,3,0.375,202409,202601,16,False,0.0,0.0,0.0,False,0.0,0.0,,0.0,,0.0,,0.0,False,3,0.0,0.0,0.0,0.0,DORMANT,,,0.0,,0.0,,,0.0,,,0.0,,0.0,,,0.0
500332777,CURRENT MONITOR BOARD,TCB,Heller 2017 Formic Acid;Heller 2017 MK III;Heller HRF;Heller FAR,Order to Demand,,566.49,40.0,2,0.25,202410,202601,15,False,0.0,0.0,0.0,False,0.0,0.0,,0.0,,0.0,,0.0,False,2,0.0,0.0,0.0,0.0,DORMANT,,,,0.0,,,,0.0,,,,0.0,,,,0.0
500332778,CURRENT SENSE BOARD,TCB,Heller FAR;Heller 2017 Formic Acid;Heller 2017 MK III;Heller HRF,Order to Demand,,481.2,40.0,1,0.125,202412,202412,0,False,0.0,0.0,0.0,False,0.0,0.0,,0.0,,,,,False,1,0.0,0.0,0.0,0.0,SINGLE_SNAPSHOT,,,,,0.0,,,,,,,,0.0,,,
500335599,HAND VALVE VHK3-06F-06F,TCB,"ASM-Pacific,Phoenix",Order to Demand,,21.36,25.0,1,0.125,202408,202408,0,False,1.0,1.0,1.0,True,1.0,0.0,0.0,0.0,0.0,,,,False,1,1.0,1.0,0.0,0.0,SINGLE_SNAPSHOT,,1.0,,,,,,,,0.0,,,,,,
500335600,SELF-SEAL BULKHEAD UNION KCE06-00,TCB,"ASM-Pacific,Phoenix;Generic;ASM-Pacific,Firebird",Order to Demand,,14.24,75.0,4,0.5,202407,202601,18,False,1.0,0.0,1.0,True,0.25,0.433,1.732,-1.0,-1.0,-0.0318,-0.1271,-0.0318,False,4,0.0,0.0,0.0,0.0,INTERMITTENT,1.0,,0.0,,0.0,,,0.0,0.0,,0.0,,0.0,,,0.0
500336592,BS PEDESTAL ASSY (XG756 B0) 240X74X0.17,TCB,"Generic;ASM-Pacific,Phoenix;ASM-Pacific,Firebird",Order to Demand,,9800.0,25.0,1,0.125,202409,202409,0,False,0.0,0.0,0.0,False,0.0,0.0,,0.0,,,,,False,1,0.0,0.0,0.0,0.0,SINGLE_SNAPSHOT,,,0.0,,,,,,,,0.0,,,,,
500336758,CONVERSION ADAPTOR ASSY RIGHT,TCB,"ASM-Pacific,Phoenix",Order to Demand,,107.69,95.0,3,0.375,202409,202601,16,False,0.0,0.0,0.0,False,0.0,0.0,,0.0,,0.0,,0.0,False,3,0.0,0.0,0.0,0.0,DORMANT,,,0.0,,0.0,,,0.0,,,0.0,,0.0,,,0.0
500336949,"ADAPTOR,ASSY,LEFT,CONVERSION,HARDSTOP",TCB,"ASM-Pacific,Phoenix",Order to Demand,,121.0,55.0,4,0.5,202408,202601,17,False,0.0,0.0,0.0,False,0.0,0.0,,0.0,,0.0,,0.0,False,4,0.0,0.0,0.0,0.0,DORMANT,,0.0,0.0,,0.0,,,0.0,,0.0,0.0,,0.0,,,0.0
500337076,BALLSCREW CONICAL FLEXURE ASSEMBLY,TCB,"ASM-Pacific,Phoenix",Order to Demand,,13372.25,25.0,3,0.375,202409,202601,16,False,0.0,0.0,0.0,False,0.0,0.0,,0.0,,0.0,,0.0,False,3,0.0,0.0,0.0,0.0,DORMANT,,,0.0,,0.0,,,0.0,,,0.0,,0.0,,,0.0
500337311,CONVEYOR MOTOR PULLEY,TCB,"ASM-Pacific,Firebird;ASM-Pacific,Phoenix",Order to Demand,,35.6,25.0,3,0.375,202409,202601,16,False,0.0,0.0,0.0,False,0.0,0.0,,0.0,,0.0,,0.0,False,3,0.0,0.0,0.0,0.0,DORMANT,,,0.0,,0.0,,,0.0,,,0.0,,0.0,,,0.0
500337312,UP- DOWN-LOOKING OPTICS,TCB,"ASM-Pacific,Phoenix;ASM-Pacific, Falcon",Order to Demand,,9923.95,141.0,3,0.375,202410,202601,15,False,0.0,0.0,0.0,False,0.0,0.0,,0.0,,0.0,,0.0,False,3,0.0,0.0,0.0,0.0,DORMANT,,,,0.0,0.0,,,0.0,,,,0.0,0.0,,,0.0
500337714,NOZZLE TYPE 4135/6135 CPL.CERAMIC,TCB,GENERIC,Order To Max,,62.48,65.0,2,0.25,202409,202601,16,False,0.0,0.0,0.0,False,0.0,0.0,,0.0,,0.0,,0.0,False,2,0.0,0.0,0.0,0.0,DORMANT,,,0.0,,,,,0.0,,,0.0,,,,,0.0
500338556,O-RING 1.00 X 1.50 ID 70 NBR,TCB,"ASM-Pacific,Firebird",Order to Demand,,0.89,75.0,3,0.375,202409,202601,16,False,0.0,0.0,0.0,False,0.0,0.0,,0.0,,0.0,,0.0,False,3,0.0,0.0,0.0,0.0,DORMANT,,,0.0,,0.0,,,0.0,,,0.0,,0.0,,,0.0
500338915,THERMA S/W CABLE ASSY,TCB,"ASM-Pacific,Phoenix",Order to Demand,,48.06,75.0,3,0.375,202409,202601,16,False,0.0,0.0,0.0,False,0.0,0.0,,0.0,,0.0,,0.0,False,3,0.0,0.0,0.0,0.0,DORMANT,,,0.0,,0.0,,,0.0,,,0.0,,0.0,,,0.0
500338916,FUSE 5X20MM T 4A 250V,TCB,"ASM-Pacific,Phoenix",Order to Demand,,1.0,48.0,3,0.375,202409,202601,16,False,0.0,0.0,0.0,False,0.0,0.0,,0.0,,0.0,,0.0,False,3,0.0,0.0,0.0,0.0,DORMANT,,,0.0,,0.0,,,0.0,,,0.0,,0.0,,,0.0
500339306,NOZZLE BANK ASSY (34X24),TCB,"ASM-Pacific,Phoenix;ASM-Pacific,Firebird",Order To Max,,226.68,10.0,3,0.375,202409,202601,16,False,0.0,0.0,0.0,False,0.0,0.0,,0.0,,0.0,,0.0,False,3,0.0,0.0,0.0,0.0,DORMANT,,,0.0,,0.0,,,0.0,,,0.0,,0.0,,,0.0
500339307,TIP TILT CAM DRIVE ASSY,TCB,"ASM-Pacific,Firebird",Order to Demand,,24119.0,45.0,3,0.375,202409,202601,16,False,0.0,0.0,0.0,False,0.0,0.0,,0.0,,0.0,,0.0,False,3,0.0,0.0,0.0,0.0,DORMANT,,,0.0,,0.0,,,0.0,,,0.0,,0.0,,,0.0
500339308,HVMOT UD RINGLIGHT ASSY (NON CE),TCB,"ASM-Pacific,Firebird",Order to Demand,,2822.72,15.0,3,0.375,202409,202601,16,False,0.0,0.0,0.0,False,0.0,0.0,,0.0,,0.0,,0.0,False,3,0.0,0.0,0.0,0.0,DORMANT,,,0.0,,0.0,,,0.0,,,0.0,,0.0,,,0.0
500339309,(IES) FRONT FLAT COVER,TCB,"ASM-Pacific,Firebird",Order to Demand,,1072.53,25.0,3,0.375,202409,202601,16,False,0.0,0.0,0.0,False,0.0,0.0,,0.0,,0.0,,0.0,False,3,0.0,0.0,0.0,0.0,DORMANT,,,0.0,,0.0,,,0.0,,,0.0,,0.0,,,0.0
500339311,(MFE) AKBEW RAIKIRI ASSY (FB),TCB,"ASM-Pacific,Firebird",Order to Demand,,929.16,15.0,3,0.375,202409,202601,16,False,0.0,0.0,0.0,False,0.0,0.0,,0.0,,0.0,,0.0,False,3,0.0,0.0,0.0,0.0,DORMANT,,,0.0,,0.0,,,0.0,,,0.0,,0.0,,,0.0
500339312,CAP SENSOR MOTOR ASSY (FB),TCB,"ASM-Pacific,Phoenix",Order to Demand,,2235.59,15.0,1,0.125,202408,202408,0,False,1.0,1.0,1.0,True,1.0,0.0,0.0,0.0,0.0,,,,True,1,1.0,1.0,1.0,1.0,SINGLE_SNAPSHOT,,1.0,,,,,,,,1.0,,,,,,
500339313,NDIII CONTROLPOWERMODULE,TCB,"ASM-Pacific,Firebird",Order to Demand,,1513.0,10.0,3,0.375,202409,202601,16,False,0.0,0.0,0.0,False,0.0,0.0,,0.0,,0.0,,0.0,False,3,0.0,0.0,0.0,0.0,DORMANT,,,0.0,,0.0,,,0.0,,,0.0,,0.0,,,0.0
500339314,ASIO2 MODULE 2TC 400HZ,TCB,"ASM-Pacific,Firebird;ASMP ACW",Order to Demand,,477.39,48.0,3,0.375,202409,202601,16,False,0.0,0.0,0.0,False,0.0,0.0,,0.0,,0.0,,0.0,False,3,0.0,0.0,0.0,0.0,DORMANT,,,0.0,,0.0,,,0.0,,,0.0,,0.0,,,0.0
500339315,NDIII HIGH POWER EPM,TCB,"ASM-Pacific,Firebird",Order to Demand,,2766.12,10.0,3,0.375,202409,202601,16,False,0.0,0.0,0.0,False,0.0,0.0,,0.0,,0.0,,0.0,False,3,0.0,0.0,0.0,0.0,DORMANT,,,0.0,,0.0,,,0.0,,,0.0,,0.0,,,0.0
500339316,TEC AND CONTROL BOX ASSY,TCB,"ASM-Pacific,Firebird",Order to Demand,,12504.5,15.0,3,0.375,202409,202601,16,False,0.0,0.0,0.0,False,0.0,0.0,,0.0,,0.0,,0.0,False,3,0.0,0.0,0.0,0.0,DORMANT,,,0.0,,0.0,,,0.0,,,0.0,,0.0,,,0.0
500339317,5V ADAPTER POWER CABLE ASSY,TCB,"ASM-Pacific,Firebird",Order to Demand,,46.21,15.0,3,0.375,202409,202601,16,False,0.0,0.0,0.0,False,0.0,0.0,,0.0,,0.0,,0.0,False,3,0.0,0.0,0.0,0.0,DORMANT,,,0.0,,0.0,,,0.0,,,0.0,,0.0,,,0.0
500339318,AA 1 DISP UD SOL,TCB,"ASM-Pacific,Firebird",Order to Demand,,142.57,25.0,3,0.375,202409,202601,16,False,0.0,0.0,0.0,False,0.0,0.0,,0.0,,0.0,,0.0,False,3,0.0,0.0,0.0,0.0,DORMANT,,,0.0,,0.0,,,0.0,,,0.0,,0.0,,,0.0
500339319,USB 2.0 HUB 7 PORTS ASSY,TCB,"ASM-Pacific,Firebird;TCB_Generic",Order To Max,,94.51,38.0,3,0.375,202409,202601,16,False,0.0,0.0,0.0,False,0.0,0.0,,0.0,,0.0,,0.0,False,3,0.0,0.0,0.0,0.0,DORMANT,,,0.0,,0.0,,,0.0,,,0.0,,0.0,,,0.0
500339320,ESIO3,TCB,"ASM-Pacific,Firebird",Order to Demand,,337.22,10.0,3,0.375,202409,202601,16,False,0.0,0.0,0.0,False,0.0,0.0,,0.0,,0.0,,0.0,False,3,0.0,0.0,0.0,0.0,DORMANT,,,0.0,,0.0,,,0.0,,,0.0,,0.0,,,0.0
500339321,NDIIIS CONTROLPOWERMODULE,TCB,"ASM-Pacific,Firebird",Order to Demand,,1134.21,10.0,3,0.375,202409,202601,16,False,0.0,0.0,0.0,False,0.0,0.0,,0.0,,0.0,,0.0,False,3,0.0,0.0,0.0,0.0,DORMANT,,,0.0,,0.0,,,0.0,,,0.0,,0.0,,,0.0
500339322,NDIIIS CONTROLPOWERMODULE,TCB,"ASM-Pacific,Firebird",Order to Demand,,1289.61,10.0,3,0.375,202409,202601,16,False,0.0,0.0,0.0,False,0.0,0.0,,0.0,,0.0,,0.0,False,3,0.0,0.0,0.0,0.0,DORMANT,,,0.0,,0.0,,,0.0,,,0.0,,0.0,,,0.0
500339323,NUDRIVE-3S: EXTENDED POWER MODULE,TCB,"ASM-Pacific,Firebird",Order to Demand,,3058.21,88.0,3,0.375,202409,202601,16,False,0.0,0.0,0.0,False,0.0,0.0,,0.0,,0.0,,0.0,False,3,0.0,0.0,0.0,0.0,DORMANT,,,0.0,,0.0,,,0.0,,,0.0,,0.0,,,0.0
500339324,VISION PC ASSEMBLY,TCB,"ASM-Pacific,Firebird",Order to Demand,,2481.5,59.0,3,0.375,202409,202601,16,False,0.0,0.0,0.0,False,0.0,0.0,,0.0,,0.0,,0.0,False,3,0.0,0.0,0.0,0.0,DORMANT,,,0.0,,0.0,,,0.0,,,0.0,,0.0,,,0.0
500339328,NUDRIVE-3S: EXTENDED POWER MODULE,TCB,"ASM-Pacific,Firebird",Order to Demand,,961.2,10.0,4,0.5,202408,202601,17,False,1.0,0.0,1.0,True,0.25,0.433,1.732,-1.0,-1.0,-0.0297,-0.1189,-0.0297,False,4,0.0,0.0,0.0,0.0,INTERMITTENT,,1.0,0.0,,0.0,,,0.0,,0.0,0.0,,0.0,,,0.0
500339329,NUDRIVE-3S: EXTENDED POWER MODULE,TCB,"ASM-Pacific,Firebird",Order to Demand,,2645.3,15.0,3,0.375,202409,202601,16,False,0.0,0.0,0.0,False,0.0,0.0,,0.0,,0.0,,0.0,False,3,0.0,0.0,0.0,0.0,DORMANT,,,0.0,,0.0,,,0.0,,,0.0,,0.0,,,0.0
500339330,NUDRIVE-3S: EXTENDED POWER MODULE,TCB,"ASM-Pacific,Firebird",Order to Demand,,2281.24,15.0,3,0.375,202409,202601,16,False,0.0,0.0,0.0,False,0.0,0.0,,0.0,,0.0,,0.0,False,3,0.0,0.0,0.0,0.0,DORMANT,,,0.0,,0.0,,,0.0,,,0.0,,0.0,,,0.0
500339331,NUDRIVE-3S: EXTENDED POWER MODULE,TCB,"ASM-Pacific,Firebird",Order to Demand,,2813.91,38.0,2,0.25,202409,202412,3,False,0.0,0.0,0.0,False,0.0,0.0,,0.0,,0.0,,0.0,False,2,0.0,0.0,0.0,0.0,DORMANT,,,0.0,,0.0,,,,,,0.0,,0.0,,,
500339332,ESIO14,TCB,"ASM-Pacific,Firebird",Order to Demand,,752.13,10.0,2,0.25,202409,202412,3,False,0.0,0.0,0.0,False,0.0,0.0,,0.0,,0.0,,0.0,False,2,0.0,0.0,0.0,0.0,DORMANT,,,0.0,,0.0,,,,,,0.0,,0.0,,,
500339334,MINI Z ENCODER,TCB,"ASM-Pacific,Firebird",Order to Demand,,3422.94,15.0,3,0.375,202409,202601,16,False,0.0,0.0,0.0,False,0.0,0.0,,0.0,,0.0,,0.0,False,3,0.0,0.0,0.0,0.0,DORMANT,,,0.0,,0.0,,,0.0,,,0.0,,0.0,,,0.0
500339335,BH HEATER THERMAL SWITCH,TCB,"ASM-Pacific,Firebird",Order to Demand,,68.53,15.0,3,0.375,202409,202601,16,False,0.0,0.0,0.0,False,0.0,0.0,,0.0,,0.0,,0.0,False,3,0.0,0.0,0.0,0.0,DORMANT,,,0.0,,0.0,,,0.0,,,0.0,,0.0,,,0.0
500339336,3P AC INPUT BOX,TCB,"ASM-Pacific,Firebird",Order to Demand,,1584.37,15.0,3,0.375,202409,202601,16,False,0.0,0.0,0.0,False,0.0,0.0,,0.0,,0.0,,0.0,False,3,0.0,0.0,0.0,0.0,DORMANT,,,0.0,,0.0,,,0.0,,,0.0,,0.0,,,0.0
500339338,3G LED LIGHTING (370MM),TCB,"ASM-Pacific,Firebird",Order to Demand,,161.8,15.0,3,0.375,202409,202601,16,False,0.0,0.0,0.0,False,0.0,0.0,,0.0,,0.0,,0.0,False,3,0.0,0.0,0.0,0.0,DORMANT,,,0.0,,0.0,,,0.0,,,0.0,,0.0,,,0.0
500339339,3G LED LT (370MM) MACRO INERT CHAMBER,TCB,"ASM-Pacific,Firebird",Order to Demand,,192.24,25.0,3,0.375,202409,202601,16,False,0.0,0.0,0.0,False,0.0,0.0,,0.0,,0.0,,0.0,False,3,0.0,0.0,0.0,0.0,DORMANT,,,0.0,,0.0,,,0.0,,,0.0,,0.0,,,0.0
500339340,3 PORT FUSE MOUNTING WITH FUSE,TCB,"ASM-Pacific,Firebird",Order to Demand,,32.04,25.0,3,0.375,202409,202601,16,False,0.0,0.0,0.0,False,0.0,0.0,,0.0,,0.0,,0.0,False,3,0.0,0.0,0.0,0.0,DORMANT,,,0.0,,0.0,,,0.0,,,0.0,,0.0,,,0.0
500339341,DP-DRIVE CPL / CPP,TCB,"ASM-Pacific,Firebird",Order to Demand,,1917.59,15.0,3,0.375,202409,202601,16,False,-1.0,0.0,0.0,False,-0.333,0.471,,1.0,-1.0,0.0438,,0.0,False,3,-1.0,-1.0,-1.0,-0.333,INTERMITTENT,,,-1.0,,0.0,,,0.0,,,-1.0,,0.0,,,0.0
500339342,HIGH PRECISION DDR MOTOR,TCB,"ASM-Pacific,Firebird;ASM-Pacific,Phoenix",Order to Demand,,38242.94,15.0,3,0.375,202409,202601,16,False,0.0,0.0,0.0,False,0.0,0.0,,0.0,,0.0,,0.0,False,3,0.0,0.0,0.0,0.0,DORMANT,,,0.0,,0.0,,,0.0,,,0.0,,0.0,,,0.0
500339343,CAPACITIVE SENSOR (PROBE ONLY) D8 RA,TCB,"ASM-Pacific,Firebird;ASM-Pacific,Phoenix",Order to Demand,,7103.26,15.0,3,0.375,202410,202601,15,False,0.0,0.0,0.0,True,0.0,0.0,,0.0,,0.0,,-0.0427,False,3,0.0,0.0,0.0,0.0,DORMANT,,,,0.0,0.0,,,0.0,,,,0.0,0.0,,,0.0
500339344,CAPACITIVE SENSOR (PROBE ONLY) D8 ST,TCB,"ASM-Pacific,Firebird;ASM-Pacific,Phoenix",Order to Demand,,6779.66,15.0,3,0.375,202409,202601,16,False,0.0,0.0,0.0,False,0.0,0.0,,0.0,,0.0,,0.0,False,3,0.0,0.0,0.0,0.0,DORMANT,,,0.0,,0.0,,,0.0,,,0.0,,0.0,,,0.0
500339345,CAPACITANCE SENSOR DIGITAL AMPLIFIER,TCB,"ASM-Pacific,Firebird;ASM-Pacific,Phoenix;ASMP ACW",Order to Demand,,21244.92,10.0,3,0.375,202409,202601,16,False,0.0,0.0,0.0,False,0.0,0.0,,0.0,,0.0,,0.0,False,3,0.0,0.0,0.0,0.0,DORMANT,,,0.0,,0.0,,,0.0,,,0.0,,0.0,,,0.0
500339346,CAPACITANCE SENSOR EXTENSION CABLE 2M,TCB,"ASM-Pacific,Firebird;ASM-Pacific,Phoenix",Order to Demand,,631.18,15.0,3,0.375,202409,202601,16,False,0.0,0.0,0.0,False,0.0,0.0,,0.0,,0.0,,0.0,False,3,0.0,0.0,0.0,0.0,DORMANT,,,0.0,,0.0,,,0.0,,,0.0,,0.0,,,0.0
500339347,OT CAP SNR&BH FORCE SNR ASSY,TCB,"ASM-Pacific,Firebird",Order to Demand,,328.41,15.0,3,0.375,202409,202601,16,False,0.0,0.0,0.0,False,0.0,0.0,,0.0,,0.0,,0.0,False,3,0.0,0.0,0.0,0.0,DORMANT,,,0.0,,0.0,,,0.0,,,0.0,,0.0,,,0.0
500339348,2 WAY TERMINAL STRIP 15 A 750V,TCB,"ASM-Pacific,Firebird",Order to Demand,,8.81,25.0,3,0.375,202409,202601,16,False,0.0,0.0,0.0,False,0.0,0.0,,0.0,,0.0,,0.0,False,3,0.0,0.0,0.0,0.0,DORMANT,,,0.0,,0.0,,,0.0,,,0.0,,0.0,,,0.0
500339349,LAQBEL-GROUND SIGN,TCB,"ASM-Pacific,Firebird",Order to Demand,,0.8,25.0,3,0.375,202409,202601,16,False,0.0,0.0,0.0,False,0.0,0.0,,0.0,,0.0,,0.0,False,3,0.0,0.0,0.0,0.0,DORMANT,,,0.0,,0.0,,,0.0,,,0.0,,0.0,,,0.0
500339350,COUPLING BLOCKS FOR D-SUB CONNECTOR,TCB,"ASM-Pacific,Firebird",Order to Demand,,2.4,25.0,3,0.375,202409,202601,16,False,0.0,0.0,0.0,False,0.0,0.0,,0.0,,0.0,,0.0,False,3,0.0,0.0,0.0,0.0,DORMANT,,,0.0,,0.0,,,0.0,,,0.0,,0.0,,,0.0
500339614,OT UP/DN RTD CABLE ASSY,TCB,"ASM-Pacific,Phoenix",Order to Demand,,184.0,25.0,3,0.375,202409,202601,16,False,0.0,0.0,0.0,False,0.0,0.0,,0.0,,0.0,,0.0,False,3,0.0,0.0,0.0,0.0,DORMANT,,,0.0,,0.0,,,0.0,,,0.0,,0.0,,,0.0
500339615,OT MIN Z MTR COIL CABLE,TCB,"ASM-Pacific,Phoenix",Order to Demand,,12.01,15.0,3,0.375,202409,202601,16,False,0.0,0.0,0.0,False,0.0,0.0,,0.0,,0.0,,0.0,False,3,0.0,0.0,0.0,0.0,DORMANT,,,0.0,,0.0,,,0.0,,,0.0,,0.0,,,0.0
500339616,OT UP/DN RTD CABLE ASSY,TCB,"ASM-Pacific,Phoenix",Order to Demand,,184.0,55.0,3,0.375,202409,202601,16,False,0.0,0.0,0.0,False,0.0,0.0,,0.0,,0.0,,0.0,False,3,0.0,0.0,0.0,0.0,DORMANT,,,0.0,,0.0,,,0.0,,,0.0,,0.0,,,0.0
500340892,WORKCHUCK X PRELOAD MAGNET ASSY (SIDE 2),TCB,"ASM-Pacific,Firebird;ASM-Pacific,Phoenix",Order to Demand,,73.69,25.0,3,0.375,202409,202601,16,False,0.0,0.0,0.0,False,0.0,0.0,,0.0,,0.0,,0.0,False,3,0.0,0.0,0.0,0.0,DORMANT,,,0.0,,0.0,,,0.0,,,0.0,,0.0,,,0.0
500340893,PEDESTAL HEATED BLOCK ASSY (150W),TCB,"ASM-Pacific,Firebird;ASM-Pacific,Phoenix",Order to Demand,,7873.83,15.0,3,0.375,202409,202601,16,False,0.0,0.0,0.0,False,0.0,0.0,,0.0,,0.0,,0.0,False,3,0.0,0.0,0.0,0.0,DORMANT,,,0.0,,0.0,,,0.0,,,0.0,,0.0,,,0.0
500340894,ESIO12,TCB,"ASM-Pacific,Firebird;ASM-Pacific,Phoenix",Order to Demand,,526.26,45.0,3,0.375,202409,202601,16,False,0.0,0.0,0.0,False,0.0,0.0,,0.0,,0.0,,0.0,False,3,0.0,0.0,0.0,0.0,DORMANT,,,0.0,,0.0,,,0.0,,,0.0,,0.0,,,0.0
500340895,ZDS SENSOR BOARD,TCB,"ASM-Pacific,Phoenix;ASM-Pacific,Firebird",Order to Demand,,311.59,10.0,3,0.375,202409,202601,16,False,0.0,0.0,0.0,False,0.0,0.0,,0.0,,0.0,,0.0,False,3,0.0,0.0,0.0,0.0,DORMANT,,,0.0,,0.0,,,0.0,,,0.0,,0.0,,,0.0
500341152,"#35 (3/8"") PITCH SS CHAIN W/ D-3",TCB,Heller 2017 Formic Acid;Heller 2017 MK III;Heller FAR;Heller HRF,Order to Demand,,144.9,20.0,1,0.125,202412,202412,0,False,0.0,0.0,0.0,False,0.0,0.0,,0.0,,,,,False,1,0.0,0.0,0.0,0.0,SINGLE_SNAPSHOT,,,,,0.0,,,,,,,,0.0,,,
500341824,UPS BRACKETS UGK,TCB,"ASM-Pacific,Phoenix",Order To Max,,220.0,25.0,3,0.375,202409,202601,16,False,0.0,0.0,0.0,True,0.0,0.0,,0.0,,0.0,,-0.0668,False,3,0.0,0.0,0.0,0.0,DORMANT,,,0.0,,0.0,,,0.0,,,0.0,,0.0,,,0.0
500342400,LEGACY COMMUNICATIONS SMARTSLOT CARD,TCB,"GENERIC;ASM-Pacific,Phoenix",Order To Max,,54.8055,25.0,3,0.375,202410,202601,15,False,0.0,0.0,0.0,False,0.0,0.0,,0.0,,0.0,,0.0,False,3,0.0,0.0,0.0,0.0,DORMANT,,,,0.0,0.0,,,0.0,,,,0.0,0.0,,,0.0
500342401,APC SMART-UPS SRT 5000VA RM 230V,TCB,"GENERIC;ASM-Pacific,Phoenix",Order to Demand,,3478.7977,25.0,3,0.375,202409,202601,16,False,0.0,0.0,0.0,False,0.0,0.0,,0.0,,0.0,,0.0,False,3,0.0,0.0,0.0,0.0,DORMANT,,,0.0,,0.0,,,0.0,,,0.0,,0.0,,,0.0
500342478,(SM) BOND STAGE MODULE,TCB,"ASM-Pacific,Phoenix",Order to Demand,,255465.0,25.0,3,0.375,202409,202601,16,False,0.0,0.0,0.0,False,0.0,0.0,,0.0,,0.0,,0.0,False,3,0.0,0.0,0.0,0.0,DORMANT,,,0.0,,0.0,,,0.0,,,0.0,,0.0,,,0.0
500344490,THERMOCOUPLE PROBE 88401 - K TYPE,TCB,"ASM-Pacific,Phoenix;ASM-Pacific,Firebird;BESI TSMaa",Order To Max,,294.68,100.0,4,0.5,202409,202601,16,False,0.0,1.0,1.0,True,0.25,0.433,1.732,1.0,,0.0663,0.2651,0.1325,True,4,2.0,2.0,2.0,0.5,INTERMITTENT,,,0.0,0.0,0.0,,,1.0,,,0.0,0.0,0.0,,,1.0
500344512,SMARTFEEDER X16MM,TCB,"ASM-Pacific,Firebird;Generic;ASMP ACW;ASM-Pacific,Phoenix;TCB_Generic",Order to Demand,,1900.0,25.0,3,0.375,202409,202601,16,False,0.0,0.0,0.0,False,0.0,0.0,,0.0,,0.0,,0.0,False,3,0.0,0.0,0.0,0.0,DORMANT,,,0.0,,0.0,,,0.0,,,0.0,,0.0,,,0.0
500348156,"40230,0.4MM,S,U1,08.335X07.492",TCB,"ASM-Pacific,Firebird;Generic",Order to Demand,,3230.0,35.0,2,0.25,202409,202410,1,False,0.0,0.0,0.0,False,0.0,0.0,,0.0,,0.0,,0.0,False,2,0.0,0.0,0.0,0.0,DORMANT,,,0.0,0.0,,,,,,,0.0,0.0,,,,
500348338,"40231,L,1MM,30.941X20.459",TCB,"TCB_Generic;ASM-Pacific,Phoenix",Order to Demand,,4000.0,30.0,3,0.375,202409,202601,16,False,0.0,0.0,0.0,False,0.0,0.0,,0.0,,0.0,,0.0,False,3,0.0,0.0,0.0,0.0,DORMANT,,,0.0,,0.0,,,0.0,,,0.0,,0.0,,,0.0
500350011,(BH) ROT X ENC INTERPOLATOR,TCB,"ASM-Pacific,Firebird",Order to Demand,,736.03,15.0,3,0.375,202409,202601,16,False,0.0,0.0,0.0,False,0.0,0.0,,0.0,,0.0,,0.0,False,3,0.0,0.0,0.0,0.0,DORMANT,,,0.0,,0.0,,,0.0,,,0.0,,0.0,,,0.0
500350012,HPP BONDHEAD MINI Z VCM,TCB,"ASM-Pacific,Firebird",Order to Demand,,503.02,25.0,3,0.375,202409,202601,16,False,0.0,0.0,0.0,False,0.0,0.0,,0.0,,0.0,,0.0,False,3,0.0,0.0,0.0,0.0,DORMANT,,,0.0,,0.0,,,0.0,,,0.0,,0.0,,,0.0
500350014,150V SMPS FPC CTR CABLE ASSY,TCB,"ASM-Pacific,Firebird",Order to Demand,,36.04,15.0,3,0.375,202409,202601,16,False,0.0,0.0,0.0,False,0.0,0.0,,0.0,,0.0,,0.0,False,3,0.0,0.0,0.0,0.0,DORMANT,,,0.0,,0.0,,,0.0,,,0.0,,0.0,,,0.0
500350015,ELBOW FITTING,TCB,"ASM-Pacific,Firebird;HDMx_Handler_x30_x10",Order to Demand,,5.6,10.0,4,0.5,202408,202601,17,False,1.0,0.0,1.0,True,0.25,0.433,1.732,-1.0,-1.0,-0.0297,-0.1189,-0.1189,False,4,0.0,0.0,0.0,0.0,INTERMITTENT,,1.0,0.0,,0.0,,,0.0,,0.0,0.0,,0.0,,,0.0
500350016,PRECISION REGULATOR,TCB,"ASM-Pacific,Firebird;ASMP ACW",Order to Demand,,258.1,10.0,4,0.5,202407,202601,18,False,0.0,0.0,0.0,False,0.0,0.0,,0.0,,0.0,,0.0,False,4,0.0,0.0,0.0,0.0,DORMANT,0.0,,0.0,,0.0,,,0.0,0.0,,0.0,,0.0,,,0.0
500350017,LINE FILTER 3P+E 480VAC 50A,TCB,"ASM-Pacific,Firebird",Order to Demand,,300.37,25.0,3,0.375,202409,202601,16,False,0.0,0.0,0.0,False,0.0,0.0,,0.0,,0.0,,0.0,False,3,0.0,0.0,0.0,0.0,DORMANT,,,0.0,,0.0,,,0.0,,,0.0,,0.0,,,0.0
500350018,SOCKET CRIMP CONTACT FOR AWG#20-24,TCB,"ASM-Pacific,Firebird",Order to Demand,,0.8,15.0,4,0.5,202407,202601,18,False,0.0,0.0,0.0,True,0.0,0.0,,0.0,,0.0,,-0.1588,False,4,0.0,0.0,0.0,0.0,DORMANT,0.0,,0.0,,0.0,,,0.0,0.0,,0.0,,0.0,,,0.0
500350019,AWG#26 3 CORE FLEX E-CHAIN RD CABLE,TCB,"ASM-Pacific,Firebird",Order to Demand,,2.4,15.0,3,0.375,202409,202601,16,False,0.0,0.0,0.0,False,0.0,0.0,,0.0,,0.0,,0.0,False,3,0.0,0.0,0.0,0.0,DORMANT,,,0.0,,0.0,,,0.0,,,0.0,,0.0,,,0.0
500351181,SOC HD CAP SCREW M2X5,TCB,"ASM-Pacific,Phoenix",Order to Demand,,1.34,25.0,3,0.375,202409,202601,16,False,0.0,0.0,0.0,False,0.0,0.0,,0.0,,0.0,,0.0,False,3,0.0,0.0,0.0,0.0,DORMANT,,,0.0,,0.0,,,0.0,,,0.0,,0.0,,,0.0
500351182,SOC HD CAP SCREW M2.5X8,TCB,"ASM-Pacific,Phoenix",Order to Demand,,1.34,90.0,3,0.375,202409,202601,16,False,0.0,0.0,0.0,False,0.0,0.0,,0.0,,0.0,,0.0,False,3,0.0,0.0,0.0,0.0,DORMANT,,,0.0,,0.0,,,0.0,,,0.0,,0.0,,,0.0
500351183,WASHER FLAT M2,TCB,"ASM-Pacific,Phoenix",Order to Demand,,1.34,25.0,3,0.375,202409,202601,16,False,0.0,0.0,0.0,False,0.0,0.0,,0.0,,0.0,,0.0,False,3,0.0,0.0,0.0,0.0,DORMANT,,,0.0,,0.0,,,0.0,,,0.0,,0.0,,,0.0
500351184,WASHER FLAT M2.5,TCB,"ASM-Pacific,Phoenix",Order to Demand,,1.34,70.0,3,0.375,202409,202601,16,False,0.0,0.0,0.0,False,0.0,0.0,,0.0,,0.0,,0.0,False,3,0.0,0.0,0.0,0.0,DORMANT,,,0.0,,0.0,,,0.0,,,0.0,,0.0,,,0.0
500351185,WASHER SPRING M2          [11A2],TCB,"ASM-Pacific,Phoenix;ASM-Pacific,Firebird",Order to Demand,,0.89,90.0,3,0.375,202409,202601,16,False,0.0,0.0,0.0,False,0.0,0.0,,0.0,,0.0,,0.0,False,3,0.0,0.0,0.0,0.0,DORMANT,,,0.0,,0.0,,,0.0,,,0.0,,0.0,,,0.0
500351186,MBH Z TABLE PULLEY (9MM),TCB,"ASM-Pacific,Phoenix;ASM-Pacific,Firebird",Order to Demand,,38.7,55.0,4,0.5,202407,202601,18,False,1.0,0.0,1.0,True,0.25,0.433,1.732,-1.0,-1.0,-0.0318,-0.1271,-0.0318,False,4,0.0,0.0,1.0,0.25,INTERMITTENT,1.0,,0.0,,0.0,,,0.0,1.0,,0.0,,0.0,,,0.0
500351868,MOTOR FOR MFM-220 APPJ Z-AXIS,TCB,"Grohmann,MFM-220",Order to Demand,,1128.2,25.0,3,0.375,202409,202601,16,False,0.0,1.0,1.0,True,0.333,0.471,1.414,1.0,,0.0668,0.2005,0.0668,False,3,1.0,1.0,1.0,0.333,INTERMITTENT,,,0.0,,0.0,,,1.0,,,0.0,,0.0,,,0.0
500352221,STA-R Z TABLE ASSY (SW),TCB,"ASM-Pacific,Firebird",Order to Demand,,4111.53,10.0,3,0.375,202409,202601,16,False,0.0,0.0,0.0,False,0.0,0.0,,0.0,,0.0,,0.0,False,3,0.0,0.0,0.0,0.0,DORMANT,,,0.0,,0.0,,,0.0,,,0.0,,0.0,,,0.0
500352222,Z MOTOR ASSY,TCB,"ASM-Pacific,Firebird",Order to Demand,,1193.49,10.0,3,0.375,202409,202601,16,False,0.0,0.0,0.0,False,0.0,0.0,,0.0,,0.0,,0.0,False,3,0.0,0.0,0.0,0.0,DORMANT,,,0.0,,0.0,,,0.0,,,0.0,,0.0,,,0.0
500352223,FIREBIRD SW MPS&HT BOX,TCB,"ASM-Pacific,Firebird",Order to Demand,,5885.74,15.0,4,0.5,202408,202601,17,False,1.0,0.0,1.0,True,0.25,0.433,1.732,-1.0,-1.0,-0.0297,-0.1189,-0.0892,False,4,0.0,0.0,0.0,0.0,INTERMITTENT,,1.0,0.0,,0.0,,,0.0,,0.0,0.0,,0.0,,,0.0
500352224,CAH ENC EXT CABLE ASSY NORMAL,TCB,"ASM-Pacific,Firebird",Order to Demand,,20.82,15.0,3,0.375,202409,202601,16,False,0.0,0.0,0.0,False,0.0,0.0,,0.0,,0.0,,0.0,False,3,0.0,0.0,0.0,0.0,DORMANT,,,0.0,,0.0,,,0.0,,,0.0,,0.0,,,0.0
500352225,BHZ MTR AND BRAKE CABLE ASSY,TCB,"ASM-Pacific,Firebird",Order to Demand,,16.02,15.0,3,0.375,202409,202601,16,False,0.0,0.0,0.0,False,0.0,0.0,,0.0,,0.0,,0.0,False,3,0.0,0.0,0.0,0.0,DORMANT,,,0.0,,0.0,,,0.0,,,0.0,,0.0,,,0.0
500352226,MICROE MERCURY 2000 SENSOR M2120H,TCB,"ASM-Pacific,Firebird",Order to Demand,,482.6,10.0,3,0.375,202409,202601,16,False,0.0,0.0,0.0,False,0.0,0.0,,0.0,,0.0,,0.0,False,3,0.0,0.0,0.0,0.0,DORMANT,,,0.0,,0.0,,,0.0,,,0.0,,0.0,,,0.0
500352227,LIF 48R G0 SCANNING HEAD (0.5 M),TCB,"ASM-Pacific,Firebird",Order to Demand,,1276.79,48.0,3,0.375,202409,202601,16,False,0.0,0.0,0.0,False,0.0,0.0,,0.0,,0.0,,0.0,False,3,0.0,0.0,0.0,0.0,DORMANT,,,0.0,,0.0,,,0.0,,,0.0,,0.0,,,0.0
500353234,(DTA) MAIN TENSIONER 1,TCB,"ASM-Pacific,Phoenix;ASM-Pacific,Firebird",Order To Max,,189.0,55.0,1,0.125,202407,202407,0,False,0.0,0.0,0.0,False,0.0,0.0,,0.0,,,,,False,1,0.0,0.0,0.0,0.0,SINGLE_SNAPSHOT,0.0,,,,,,,,0.0,,,,,,,
500353235,(DTA) MAIN TENSIONER 2,TCB,"ASM-Pacific,Firebird",Order To Max,,210.0,75.0,2,0.25,202407,202408,1,False,0.0,2.0,2.0,True,1.0,1.0,1.0,2.0,,2.0,2.0,6.0,True,2,6.0,8.0,1.0,0.5,INTERMITTENT,0.0,2.0,,,,,,,0.0,1.0,,,,,,
500353236,(DTA) SUB TENSIONER,TCB,"ASM-Pacific,Firebird",Order To Max,,89.0,55.0,2,0.25,202407,202408,1,False,0.0,4.0,4.0,True,2.0,2.0,1.0,4.0,,4.0,2.0,6.0,True,2,6.0,9.0,3.0,1.5,INTERMITTENT,0.0,4.0,,,,,,,0.0,3.0,,,,,,
500353244,END PLUG FOR PCU,TCB,"APPJ MFM-220;Grohmann,MFM-220",Order to Demand,,2089.8,35.0,3,0.375,202409,202601,16,False,0.0,0.0,0.0,False,0.0,0.0,,0.0,,0.0,,0.0,False,3,0.0,0.0,0.0,0.0,DORMANT,,,0.0,,0.0,,,0.0,,,0.0,,0.0,,,0.0
500354192,"COUPLER (D1 10, D2 14)",TCB,"ASM-Pacific,Phoenix",Order to Demand,,400.5,59.0,3,0.375,202409,202601,16,False,0.0,0.0,1.0,True,0.333,0.471,1.414,0.0,,-0.023,-0.0691,0.0438,False,3,1.0,1.0,2.0,0.667,INTERMITTENT,,,0.0,,1.0,,,0.0,,,0.0,,0.0,,,0.0
500354290,ASIO2 MODULE 2TC 400HZ,TCB,"ASM-Pacific,Firebird",Order to Demand,,597.54,15.0,3,0.375,202409,202601,16,False,0.0,0.0,0.0,False,0.0,0.0,,0.0,,0.0,,0.0,False,3,0.0,0.0,0.0,0.0,DORMANT,,,0.0,,0.0,,,0.0,,,0.0,,0.0,,,0.0
500354293,L STA MODULE TRACKLESS CABLE ASSY,TCB,"ASM-Pacific,Phoenix;ASM-Pacific,Firebird",Order to Demand,,7609.5,15.0,3,0.375,202409,202601,16,False,0.0,0.0,0.0,False,0.0,0.0,,0.0,,0.0,,0.0,False,3,0.0,0.0,0.0,0.0,DORMANT,,,0.0,,0.0,,,0.0,,,0.0,,0.0,,,0.0
500354422,EB ACTUATOR ASSY,TCB,"ASM-Pacific,Firebird",Order to Demand,,4.45,80.0,3,0.375,202409,202601,16,False,0.0,0.0,0.0,False,0.0,0.0,,0.0,,0.0,,0.0,False,3,0.0,0.0,0.0,0.0,DORMANT,,,0.0,,0.0,,,0.0,,,0.0,,0.0,,,0.0
500354423,EB ACTUATOR ASSY - REAR LEFT,TCB,"ASM-Pacific,Phoenix;ASM-Pacific,Firebird",Order to Demand,,1237.54,15.0,4,0.5,202408,202601,17,False,1.0,0.0,1.0,True,0.25,0.433,1.732,-1.0,-1.0,-0.0297,-0.1189,-0.0297,False,4,0.0,0.0,0.0,0.0,INTERMITTENT,,1.0,0.0,,0.0,,,0.0,,0.0,0.0,,0.0,,,0.0
500354424,(MBH)MEDIA BUFFER HANDLER Y&Z MTR ASSY,TCB,"ASM-Pacific,Firebird",Order to Demand,,909.13,15.0,3,0.375,202409,202601,16,False,0.0,0.0,0.0,False,0.0,0.0,,0.0,,0.0,,0.0,False,3,0.0,0.0,0.0,0.0,DORMANT,,,0.0,,0.0,,,0.0,,,0.0,,0.0,,,0.0
500354425,(MBH)MEDIA BUFFER HANDLER Y&Z MTR ASSY,TCB,"ASM-Pacific,Firebird",Order to Demand,,909.13,25.0,3,0.375,202409,202601,16,False,0.0,0.0,0.0,False,0.0,0.0,,0.0,,0.0,,0.0,False,3,0.0,0.0,0.0,0.0,DORMANT,,,0.0,,0.0,,,0.0,,,0.0,,0.0,,,0.0
500354426,(BH) ROT Y ENC,TCB,"ASM-Pacific,Firebird",Order to Demand,,1513.0,45.0,3,0.375,202409,202601,16,False,0.0,0.0,0.0,False,0.0,0.0,,0.0,,0.0,,0.0,False,3,0.0,0.0,0.0,0.0,DORMANT,,,0.0,,0.0,,,0.0,,,0.0,,0.0,,,0.0
500354427,(BH) ROT X AUX ENC,TCB,"ASM-Pacific,Firebird",Order to Demand,,1513.0,45.0,4,0.5,202408,202601,17,False,1.0,0.0,1.0,True,0.25,0.433,1.732,-1.0,-1.0,-0.0297,-0.1189,-0.0297,False,4,0.0,0.0,0.0,0.0,INTERMITTENT,,1.0,0.0,,0.0,,,0.0,,0.0,0.0,,0.0,,,0.0
500354428,(BH) ROT Y AUX ENC,TCB,"ASM-Pacific,Firebird",Order to Demand,,1513.0,45.0,3,0.375,202409,202601,16,False,0.0,0.0,0.0,False,0.0,0.0,,0.0,,0.0,,0.0,False,3,0.0,0.0,0.0,0.0,DORMANT,,,0.0,,0.0,,,0.0,,,0.0,,0.0,,,0.0
500354429,(BH) ROT X ENC,TCB,"ASM-Pacific,Firebird",Order to Demand,,1361.7,15.0,3,0.375,202409,202601,16,False,0.0,0.0,0.0,False,0.0,0.0,,0.0,,0.0,,0.0,False,3,0.0,0.0,0.0,0.0,DORMANT,,,0.0,,0.0,,,0.0,,,0.0,,0.0,,,0.0
500354430,(BH) ROT Y ROTARY ENC,TCB,"ASM-Pacific,Firebird",Order to Demand,,1041.3,10.0,3,0.375,202409,202601,16,False,0.0,0.0,0.0,False,0.0,0.0,,0.0,,0.0,,0.0,False,3,0.0,0.0,0.0,0.0,DORMANT,,,0.0,,0.0,,,0.0,,,0.0,,0.0,,,0.0
500354431,(BH) ROT X AUX ROTARY ENC,TCB,"ASM-Pacific,Firebird",Order to Demand,,1041.3,10.0,3,0.375,202409,202601,16,False,0.0,0.0,0.0,False,0.0,0.0,,0.0,,0.0,,0.0,False,3,0.0,0.0,0.0,0.0,DORMANT,,,0.0,,0.0,,,0.0,,,0.0,,0.0,,,0.0
500354432,(BH) ROT Y AUX ROTARY ENC,TCB,"ASM-Pacific,Firebird",Order to Demand,,1041.3,10.0,3,0.375,202409,202601,16,False,0.0,0.0,0.0,False,0.0,0.0,,0.0,,0.0,,0.0,False,3,0.0,0.0,0.0,0.0,DORMANT,,,0.0,,0.0,,,0.0,,,0.0,,0.0,,,0.0
500354433,(BH) ROT X ROTARY ENC,TCB,"ASM-Pacific,Firebird",Order to Demand,,1148.1,10.0,4,0.5,202408,202601,17,False,1.0,0.0,1.0,True,0.25,0.433,1.732,-1.0,-1.0,-0.0297,-0.1189,-0.0595,False,4,0.0,0.0,1.0,0.25,INTERMITTENT,,1.0,0.0,,0.0,,,0.0,,1.0,0.0,,0.0,,,0.0
500354434,(BH) ROT Y MOTOR,TCB,"ASM-Pacific,Firebird",Order to Demand,,210.93,10.0,3,0.375,202409,202601,16,False,0.0,0.0,0.0,False,0.0,0.0,,0.0,,0.0,,0.0,False,3,0.0,0.0,0.0,0.0,DORMANT,,,0.0,,0.0,,,0.0,,,0.0,,0.0,,,0.0
500354435,(BH) ROT X AUX MOTOR,TCB,"ASM-Pacific,Phoenix;ASM-Pacific,Firebird",Order to Demand,,190.63,10.0,3,0.375,202409,202601,16,False,0.0,0.0,0.0,False,0.0,0.0,,0.0,,0.0,,0.0,False,3,0.0,0.0,0.0,0.0,DORMANT,,,0.0,,0.0,,,0.0,,,0.0,,0.0,,,0.0
500354436,(BH) ROT Y AUX MOTOR,TCB,"ASM-Pacific,Firebird",Order to Demand,,192.24,15.0,3,0.375,202409,202601,16,False,0.0,0.0,0.0,False,0.0,0.0,,0.0,,0.0,,0.0,False,3,0.0,0.0,0.0,0.0,DORMANT,,,0.0,,0.0,,,0.0,,,0.0,,0.0,,,0.0
500354437,(BH) ROT X MOTOR,TCB,"ASM-Pacific,Phoenix;ASM-Pacific,Firebird",Order to Demand,,211.82,10.0,3,0.375,202409,202601,16,False,0.0,0.0,0.0,False,0.0,0.0,,0.0,,0.0,,0.0,False,3,0.0,0.0,0.0,0.0,DORMANT,,,0.0,,0.0,,,0.0,,,0.0,,0.0,,,0.0
500354438,"3-2 S-SOL V-VALVE VK332V-5G-M5, 24VDC",TCB,"ASM-Pacific,Firebird",Order to Demand,,64.08,15.0,3,0.375,202409,202601,16,False,0.0,0.0,0.0,False,0.0,0.0,,0.0,,0.0,,0.0,False,3,0.0,0.0,0.0,0.0,DORMANT,,,0.0,,0.0,,,0.0,,,0.0,,0.0,,,0.0
500354439,N2S1 N2S2 SWITCHING SOLENOID,TCB,"ASM-Pacific,Firebird",Order to Demand,,96.92,15.0,3,0.375,202409,202601,16,False,0.0,0.0,0.0,False,0.0,0.0,,0.0,,0.0,,0.0,False,3,0.0,0.0,0.0,0.0,DORMANT,,,0.0,,0.0,,,0.0,,,0.0,,0.0,,,0.0
500354440,MALE ELBOW COCNECTOR KPQL04-M5,TCB,"ASM-Pacific,Phoenix;ASM-Pacific,Firebird",Order to Demand,,4.0,25.0,4,0.5,202407,202601,18,False,9.0,0.0,9.0,True,2.25,3.897,1.732,-9.0,-1.0,-0.2859,-0.1271,-0.4447,False,4,0.0,0.0,1.0,0.25,INTERMITTENT,9.0,,0.0,,0.0,,,0.0,1.0,,0.0,,0.0,,,0.0
500354758,PCI MARKIIIS BOARD,TCB,"ASM-Pacific,Phoenix",Order to Demand,,252.31,70.0,3,0.375,202409,202601,16,False,0.0,0.0,0.0,False,0.0,0.0,,0.0,,0.0,,0.0,False,3,0.0,0.0,0.0,0.0,DORMANT,,,0.0,,0.0,,,0.0,,,0.0,,0.0,,,0.0
500354760,CAN CARD COM168V2-PCI,TCB,"ASM-Pacific,Phoenix",Order to Demand,,1430.23,98.0,3,0.375,202409,202601,16,False,0.0,0.0,0.0,False,0.0,0.0,,0.0,,0.0,,0.0,False,3,0.0,0.0,0.0,0.0,DORMANT,,,0.0,,0.0,,,0.0,,,0.0,,0.0,,,0.0
500354762,VGA CABLE ASSY,TCB,"ASM-Pacific,Phoenix",Order to Demand,,25.81,55.0,3,0.375,202409,202601,16,False,0.0,0.0,0.0,False,0.0,0.0,,0.0,,0.0,,0.0,False,3,0.0,0.0,0.0,0.0,DORMANT,,,0.0,,0.0,,,0.0,,,0.0,,0.0,,,0.0
500354763,VGA CABLE ASSY,TCB,"ASM-Pacific,Phoenix",Order to Demand,,48.06,25.0,3,0.375,202409,202601,16,False,0.0,0.0,0.0,False,0.0,0.0,,0.0,,0.0,,0.0,False,3,0.0,0.0,0.0,0.0,DORMANT,,,0.0,,0.0,,,0.0,,,0.0,,0.0,,,0.0
500354764,DIFFUSER OUTER WM,TCB,Heller 2017 Formic Acid;Heller FAR;Heller HRF;Heller 2017 MK III,Order to Demand,,170.1,25.0,3,0.375,202410,202601,15,False,0.0,0.0,0.0,False,0.0,0.0,,0.0,,0.0,,0.0,False,3,0.0,0.0,0.0,0.0,DORMANT,,,,0.0,0.0,,,0.0,,,,0.0,0.0,,,0.0
500354830,INNER BOX WM,TCB,Heller 2017 Formic Acid;Heller FAR;Heller HRF;Heller 2017 MK III,Order to Demand,,225.75,25.0,2,0.25,202410,202601,15,False,0.0,0.0,0.0,False,0.0,0.0,,0.0,,0.0,,0.0,False,2,0.0,0.0,0.0,0.0,DORMANT,,,,0.0,,,,0.0,,,,0.0,,,,0.0
500356122,END EFFECTOR INSERT (CERAMIC),TCB,"ASM-Pacific,Firebird",Order to Demand,,427.2,25.0,2,0.25,202408,202409,1,False,8.0,0.0,8.0,True,4.0,4.0,1.0,-8.0,-1.0,-8.0,-2.0,-33.0,False,2,0.0,0.0,5.0,2.5,INTERMITTENT,,8.0,0.0,,,,,,,5.0,0.0,,,,,
500356670,"CONTACTOR 24VAC, 32A, 4 POLE",TCB,Heller 2017 MK III;Heller 2017 Formic Acid;Heller HRF;Heller FAR,Order to Demand,,268.0,20.0,1,0.125,202412,202412,0,False,0.0,0.0,0.0,False,0.0,0.0,,0.0,,,,,False,1,0.0,0.0,0.0,0.0,SINGLE_SNAPSHOT,,,,,0.0,,,,,,,,0.0,,,
500356731,"250VA TRANSFOR, 380-400-415/24",TCB,Heller 2017 Formic Acid;Heller FAR;Heller HRF;Heller 2017 MK III,Order to Demand,,984.0,40.0,2,0.25,202410,202601,15,False,0.0,0.0,0.0,False,0.0,0.0,,0.0,,0.0,,0.0,False,2,0.0,0.0,0.0,0.0,DORMANT,,,,0.0,,,,0.0,,,,0.0,,,,0.0
500357438,WASTE CONTAINER /COMPONENTSCARRIAGE,TCB,"ASM-Pacific,Phoenix",Order To Max,,148.59,45.0,4,0.5,202409,202601,16,False,0.0,0.0,0.0,True,0.0,0.0,,0.0,,0.0,,-0.1325,False,4,0.0,2.0,0.0,0.0,DORMANT,,,0.0,0.0,0.0,,,0.0,,,0.0,0.0,0.0,,,0.0
500358163,"K50,CONTACTOR RELAY,24VDC",TCB,Heller FAR;Heller HRF;Heller 2017 Formic Acid,Order to Demand,,110.25,21.0,3,0.375,202410,202601,15,False,0.0,0.0,0.0,False,0.0,0.0,,0.0,,0.0,,0.0,False,3,0.0,0.0,0.0,0.0,DORMANT,,,,0.0,0.0,,,0.0,,,,0.0,0.0,,,0.0
500358169,"FILTER,OFA,OUTLET",TCB,APPJ MFM-220,Order to Demand,,68.59,10.0,3,0.375,202409,202601,16,False,0.0,0.0,0.0,False,-0.333,0.471,,0.0,,0.023,,-0.0438,False,3,-1.0,-1.0,0.0,0.0,INTERMITTENT,,,0.0,,-1.0,,,0.0,,,0.0,,0.0,,,0.0
500358170,"FILTER,SEPARATOR,MIST,MICRO",TCB,APPJ MFM-220,Order to Demand,,122.67,20.0,3,0.375,202409,202601,16,False,0.0,0.0,0.0,False,0.0,0.0,,0.0,,0.0,,0.0,False,3,0.0,0.0,0.0,0.0,DORMANT,,,0.0,,0.0,,,0.0,,,0.0,,0.0,,,0.0
500358171,"FILTER,SEPARATOR,MIST",TCB,APPJ MFM-220,Order to Demand,,119.28,48.0,3,0.375,202409,202601,16,False,0.0,0.0,0.0,False,-0.333,0.471,,0.0,,0.023,,-0.0438,False,3,-1.0,-1.0,0.0,0.0,INTERMITTENT,,,0.0,,-1.0,,,0.0,,,0.0,,0.0,,,0.0
500358172,"PNEUMATIC AIR FILTER G1/2""",TCB,APPJ MFM-220,Order to Demand,,291.17,25.0,3,0.375,202409,202601,16,False,0.0,0.0,0.0,False,0.0,0.0,,0.0,,0.0,,0.0,False,3,0.0,0.0,0.0,0.0,DORMANT,,,0.0,,0.0,,,0.0,,,0.0,,0.0,,,0.0
500358173,REGULATOR WITH BACKFLOW FUNCTION,TCB,APPJ MFM-220,Order to Demand,,91.02,12.0,3,0.375,202409,202601,16,False,0.0,0.0,0.0,False,-0.667,0.943,,0.0,,0.0461,,-0.0876,False,3,-2.0,-2.0,0.0,0.0,INTERMITTENT,,,0.0,,-2.0,,,0.0,,,0.0,,0.0,,,0.0
500359520,LEDI CABLE ASSY,TCB,"ASM-Pacific,Phoenix",Order to Demand,,86.33,25.0,3,0.375,202409,202601,16,False,0.0,0.0,0.0,False,0.0,0.0,,0.0,,0.0,,0.0,False,3,0.0,0.0,0.0,0.0,DORMANT,,,0.0,,0.0,,,0.0,,,0.0,,0.0,,,0.0
500359522,BOARD AND CABLE ASSY FOR LOW RING LIGHT,TCB,"ASM-Pacific,Phoenix",Order to Demand,,303.49,25.0,3,0.375,202409,202601,16,False,0.0,0.0,0.0,False,0.0,0.0,,0.0,,0.0,,0.0,False,3,0.0,0.0,0.0,0.0,DORMANT,,,0.0,,0.0,,,0.0,,,0.0,,0.0,,,0.0
500359523,SOCKET SET SCREW M4X6,TCB,"ASM-Pacific,Phoenix",Order to Demand,,0.89,25.0,3,0.375,202409,202601,16,False,0.0,0.0,0.0,False,0.0,0.0,,0.0,,0.0,,0.0,False,3,0.0,0.0,0.0,0.0,DORMANT,,,0.0,,0.0,,,0.0,,,0.0,,0.0,,,0.0
500359524,SOC HD CAP SCREW M4X45,TCB,"ASM-Pacific,Phoenix",Order to Demand,,2.67,90.0,3,0.375,202409,202601,16,False,0.0,0.0,0.0,False,0.0,0.0,,0.0,,0.0,,0.0,False,3,0.0,0.0,0.0,0.0,DORMANT,,,0.0,,0.0,,,0.0,,,0.0,,0.0,,,0.0
500359525,SOC HD CAP SCREW M5X40,TCB,"ASM-Pacific,Phoenix",Order to Demand,,0.89,25.0,3,0.375,202409,202601,16,False,0.0,0.0,0.0,False,0.0,0.0,,0.0,,0.0,,0.0,False,3,0.0,0.0,0.0,0.0,DORMANT,,,0.0,,0.0,,,0.0,,,0.0,,0.0,,,0.0
500359530,SENSOR BOARD ASSY FOR TCB,TCB,"ASM-Pacific,Phoenix",Order to Demand,,323.52,25.0,3,0.375,202409,202601,16,False,0.0,0.0,0.0,False,0.0,0.0,,0.0,,0.0,,0.0,False,3,0.0,0.0,0.0,0.0,DORMANT,,,0.0,,0.0,,,0.0,,,0.0,,0.0,,,0.0
500359531,SOC HD CAP SCREW M4X40,TCB,"ASM-Pacific,Phoenix",Order to Demand,,1.78,55.0,3,0.375,202409,202601,16,False,0.0,0.0,0.0,False,0.0,0.0,,0.0,,0.0,,0.0,False,3,0.0,0.0,0.0,0.0,DORMANT,,,0.0,,0.0,,,0.0,,,0.0,,0.0,,,0.0
500359854,SAFETY SWITCH 2X NC+NO W/ CODED MAGNET,TCB,"ASM-Pacific,Firebird",Order to Demand,,122.55,10.0,3,0.375,202409,202601,16,False,0.0,0.0,0.0,False,0.0,0.0,,0.0,,0.0,,0.0,False,3,0.0,0.0,0.0,0.0,DORMANT,,,0.0,,0.0,,,0.0,,,0.0,,0.0,,,0.0
500359918,SNAP RING,TCB,"ASM-Pacific,Phoenix",Order to Demand,,22.42,15.0,3,0.375,202409,202601,16,False,0.0,0.0,0.0,False,0.0,0.0,,0.0,,0.0,,0.0,False,3,0.0,0.0,0.0,0.0,DORMANT,,,0.0,,0.0,,,0.0,,,0.0,,0.0,,,0.0
500362830,KIT EXHAUST PORT (SET C),TCB,"OMRON,3DXRAY,VT-X900",Order to Demand,,120.0,36.0,3,0.375,202409,202601,16,False,0.0,0.0,0.0,False,0.0,0.0,,0.0,,0.0,,0.0,False,3,0.0,0.0,0.0,0.0,DORMANT,,,0.0,,0.0,,,0.0,,,0.0,,0.0,,,0.0
500362833,KIT OIL LEVER GLASS (SET B),TCB,"OMRON,3DXRAY,VT-X900",Order to Demand,,150.0,36.0,3,0.375,202409,202601,16,False,0.0,0.0,0.0,False,0.0,0.0,,0.0,,0.0,,0.0,False,3,0.0,0.0,0.0,0.0,DORMANT,,,0.0,,0.0,,,0.0,,,0.0,,0.0,,,0.0
500362836,KIT OIL BOX (SET A),TCB,"OMRON,3DXRAY,VT-X900",Order to Demand,,532.0,36.0,3,0.375,202409,202601,16,False,0.0,0.0,0.0,False,0.0,0.0,,0.0,,0.0,,0.0,False,3,0.0,0.0,0.0,0.0,DORMANT,,,0.0,,0.0,,,0.0,,,0.0,,0.0,,,0.0
500364158,DIGITAL CAP SENSOR UGK,TCB,"ASM-Pacific,Phoenix",Order to Demand,,42000.0,105.0,1,0.125,202409,202409,0,False,0.0,0.0,0.0,False,0.0,0.0,,0.0,,,,,False,1,0.0,0.0,0.0,0.0,SINGLE_SNAPSHOT,,,0.0,,,,,,,,0.0,,,,,
500364159,DIGITAL CAP SENSOR UGK (W/O SNR HEAD),TCB,"ASM-Pacific,Phoenix",Order to Demand,,39600.0,70.0,1,0.125,202409,202409,0,False,0.0,0.0,0.0,False,0.0,0.0,,0.0,,,,,False,1,0.0,0.0,0.0,0.0,SINGLE_SNAPSHOT,,,0.0,,,,,,,,0.0,,,,,
500364368,OPTICS TBLE 1MMPKT NZZL BNK(OTNB)(28X16),TCB,"ASM-Pacific,Phoenix",Order to Demand,,122.0,70.0,3,0.375,202409,202601,16,False,0.0,0.0,0.0,False,0.0,0.0,,0.0,,0.0,,0.0,False,3,0.0,0.0,0.0,0.0,DORMANT,,,0.0,,0.0,,,0.0,,,0.0,,0.0,,,0.0
500364369,OPTICS TBLE 1MMPKT NZZL BNK(OTNB)(34X24),TCB,"ASM-Pacific,Phoenix",Order to Demand,,122.0,55.0,3,0.375,202409,202601,16,False,0.0,0.0,0.0,False,0.0,0.0,,0.0,,0.0,,0.0,False,3,0.0,0.0,0.0,0.0,DORMANT,,,0.0,,0.0,,,0.0,,,0.0,,0.0,,,0.0
500367098,PUSHER PRELOAD PISTON ASSY,TCB,"ASM-Pacific,Firebird",Order to Demand,,27.23,48.0,1,0.125,202407,202407,0,False,2.0,2.0,2.0,True,2.0,0.0,0.0,0.0,0.0,,,,True,1,3.0,3.0,2.0,2.0,SINGLE_SNAPSHOT,2.0,,,,,,,,2.0,,,,,,,
500367100,DTA UL OPTICS ASSY,TCB,"ASM-Pacific,Firebird",Order to Demand,,1545.13,15.0,3,0.375,202409,202601,16,False,0.0,0.0,0.0,False,0.0,0.0,,0.0,,0.0,,0.0,False,3,0.0,0.0,0.0,0.0,DORMANT,,,0.0,,0.0,,,0.0,,,0.0,,0.0,,,0.0
500367101,(CIE4S) WALL ASSY REAR,TCB,"ASM-Pacific,Firebird",Order to Demand,,140.97,15.0,3,0.375,202409,202601,16,False,0.0,0.0,0.0,False,0.0,0.0,,0.0,,0.0,,0.0,False,3,0.0,0.0,0.0,0.0,DORMANT,,,0.0,,0.0,,,0.0,,,0.0,,0.0,,,0.0
500367103,LED SIGNAL TOWER LIGHT W/ BUZZER (110MM),TCB,"ASM-Pacific,Firebird",Order to Demand,,63.27,15.0,3,0.375,202409,202601,16,False,0.0,0.0,0.0,False,0.0,0.0,,0.0,,0.0,,0.0,False,3,0.0,0.0,0.0,0.0,DORMANT,,,0.0,,0.0,,,0.0,,,0.0,,0.0,,,0.0
500367105,DFH TO MAIN BONDER SPARE CABLE,TCB,"ASM-Pacific,Firebird",Order to Demand,,72.09,88.0,3,0.375,202409,202601,16,False,0.0,0.0,0.0,False,0.0,0.0,,0.0,,0.0,,0.0,False,3,0.0,0.0,0.0,0.0,DORMANT,,,0.0,,0.0,,,0.0,,,0.0,,0.0,,,0.0
500367106,REMOTE HARD DISK WITH OS,TCB,"ASM-Pacific,Firebird",Order to Demand,,640.8,10.0,3,0.375,202409,202601,16,False,0.0,0.0,0.0,False,0.0,0.0,,0.0,,0.0,,0.0,False,3,0.0,0.0,0.0,0.0,DORMANT,,,0.0,,0.0,,,0.0,,,0.0,,0.0,,,0.0
500367107,NUDRIVE-3S BOX(HAVE FUSE),TCB,"ASM-Pacific,Firebird",Order to Demand,,2159.49,10.0,3,0.375,202409,202601,16,False,0.0,0.0,0.0,False,0.0,0.0,,0.0,,0.0,,0.0,False,3,0.0,0.0,0.0,0.0,DORMANT,,,0.0,,0.0,,,0.0,,,0.0,,0.0,,,0.0
500367108,NUDRIVE-3S BOX(HAVE FUSE),TCB,"ASM-Pacific,Firebird",Order to Demand,,2162.7,10.0,3,0.375,202409,202601,16,False,0.0,0.0,0.0,False,0.0,0.0,,0.0,,0.0,,0.0,False,3,0.0,0.0,0.0,0.0,DORMANT,,,0.0,,0.0,,,0.0,,,0.0,,0.0,,,0.0
500367109,HT LNPS 7KVA 110V&40V&220V,TCB,"ASM-Pacific,Firebird",Order to Demand,,2185.92,25.0,3,0.375,202409,202601,16,False,0.0,0.0,0.0,False,0.0,0.0,,0.0,,0.0,,0.0,False,3,0.0,0.0,0.0,0.0,DORMANT,,,0.0,,0.0,,,0.0,,,0.0,,0.0,,,0.0
500367110,(OT) AB ON/OFF SOL,TCB,"ASM-Pacific,Firebird",Order to Demand,,112.14,15.0,3,0.375,202409,202601,16,False,0.0,0.0,0.0,False,0.0,0.0,,0.0,,0.0,,0.0,False,3,0.0,0.0,0.0,0.0,DORMANT,,,0.0,,0.0,,,0.0,,,0.0,,0.0,,,0.0
500367111,CAH TO MAIN BONDER SPARE CABLE (FB),TCB,"ASM-Pacific,Firebird",Order to Demand,,169.81,15.0,3,0.375,202409,202601,16,False,0.0,0.0,0.0,False,0.0,0.0,,0.0,,0.0,,0.0,False,3,0.0,0.0,0.0,0.0,DORMANT,,,0.0,,0.0,,,0.0,,,0.0,,0.0,,,0.0
500367112,ENC EXT CABLE ASSY NORMAL,TCB,"ASM-Pacific,Firebird",Order to Demand,,29.63,25.0,3,0.375,202409,202601,16,False,0.0,0.0,0.0,False,0.0,0.0,,0.0,,0.0,,0.0,False,3,0.0,0.0,0.0,0.0,DORMANT,,,0.0,,0.0,,,0.0,,,0.0,,0.0,,,0.0
500367113,TEC AND DM FAN POWER CABLE ASSY,TCB,"ASM-Pacific,Firebird",Order to Demand,,37.64,15.0,3,0.375,202409,202601,16,False,0.0,0.0,0.0,False,0.0,0.0,,0.0,,0.0,,0.0,False,3,0.0,0.0,0.0,0.0,DORMANT,,,0.0,,0.0,,,0.0,,,0.0,,0.0,,,0.0
500367114,OT Z ENC CONN CABLE ASSY,TCB,"ASM-Pacific,Firebird",Order to Demand,,31.23,15.0,3,0.375,202409,202601,16,False,0.0,0.0,0.0,False,0.0,0.0,,0.0,,0.0,,0.0,False,3,0.0,0.0,0.0,0.0,DORMANT,,,0.0,,0.0,,,0.0,,,0.0,,0.0,,,0.0
500367115,HARD DISK AND USB HUB 5V CABLE ASSY,TCB,"ASM-Pacific,Firebird",Order to Demand,,10.41,15.0,3,0.375,202409,202601,16,False,0.0,0.0,0.0,False,0.0,0.0,,0.0,,0.0,,0.0,False,3,0.0,0.0,0.0,0.0,DORMANT,,,0.0,,0.0,,,0.0,,,0.0,,0.0,,,0.0
500367117,DPA CAM AND LT CABLE V2,TCB,"ASM-Pacific,Firebird",Order to Demand,,250.71,15.0,3,0.375,202409,202601,16,False,0.0,0.0,0.0,False,0.0,0.0,,0.0,,0.0,,0.0,False,3,0.0,0.0,0.0,0.0,DORMANT,,,0.0,,0.0,,,0.0,,,0.0,,0.0,,,0.0
500367119,CAH DOCKING BASE PLATE,TCB,"ASM-Pacific,Firebird",Order to Demand,,44.85,15.0,3,0.375,202409,202601,16,False,0.0,0.0,0.0,False,0.0,0.0,,0.0,,0.0,,0.0,False,3,0.0,0.0,0.0,0.0,DORMANT,,,0.0,,0.0,,,0.0,,,0.0,,0.0,,,0.0
500367120,CABLE MOUNTING FIX END(HWM BACK)NON CE,TCB,"ASM-Pacific,Firebird",Order to Demand,,20.02,15.0,3,0.375,202409,202601,16,False,0.0,0.0,0.0,False,0.0,0.0,,0.0,,0.0,,0.0,False,3,0.0,0.0,0.0,0.0,DORMANT,,,0.0,,0.0,,,0.0,,,0.0,,0.0,,,0.0
500367121,"(IES) LARGE SIDE COVER FOR OT, RIGHT",TCB,"ASM-Pacific,Firebird",Order to Demand,,233.89,15.0,3,0.375,202409,202601,16,False,0.0,0.0,0.0,False,0.0,0.0,,0.0,,0.0,,0.0,False,3,0.0,0.0,0.0,0.0,DORMANT,,,0.0,,0.0,,,0.0,,,0.0,,0.0,,,0.0
500367123,SINGLE DOOR MAGNETIC MINI LOCK YM-70,TCB,"ASM-Pacific,Firebird",Order to Demand,,48.46,15.0,3,0.375,202409,202601,16,False,0.0,0.0,0.0,False,0.0,0.0,,0.0,,0.0,,0.0,False,3,0.0,0.0,0.0,0.0,DORMANT,,,0.0,,0.0,,,0.0,,,0.0,,0.0,,,0.0
500367125,15 PIN SATA TO 4PIN HD PWR ADAPTOR 110MM,TCB,"ASM-Pacific,Firebird",Order to Demand,,2.45,10.0,3,0.375,202409,202601,16,False,0.0,0.0,0.0,False,0.0,0.0,,0.0,,0.0,,0.0,False,3,0.0,0.0,0.0,0.0,DORMANT,,,0.0,,0.0,,,0.0,,,0.0,,0.0,,,0.0
500367126,"SATA CABLE W/ LATCH 36""",TCB,"ASM-Pacific,Phoenix;ASM-Pacific,Firebird",Order to Demand,,16.82,10.0,3,0.375,202409,202601,16,False,0.0,0.0,0.0,False,0.0,0.0,,0.0,,0.0,,-0.0668,False,3,-1.0,-1.0,0.0,0.0,DORMANT,,,0.0,,0.0,,,0.0,,,0.0,,0.0,,,0.0
500367232,"NIPPLE 2"" LONG- 1""NPT",TCB,Heller HRF;Heller FAR;Heller 2017 Formic Acid,Order to Demand,,33.0,23.0,3,0.375,202410,202601,15,False,0.0,0.0,0.0,False,0.0,0.0,,0.0,,0.0,,0.0,False,3,0.0,0.0,0.0,0.0,DORMANT,,,,0.0,0.0,,,0.0,,,,0.0,0.0,,,0.0
500367233,"BALL VALVE 1"" NPT, LOCKABLE",TCB,Heller 2017 Formic Acid;Heller FAR;Heller HRF,Order to Demand,,126.0,23.0,4,0.5,202409,202601,16,False,0.0,0.0,0.0,False,0.0,0.0,,0.0,,0.0,,0.0,False,4,0.0,0.0,0.0,0.0,DORMANT,,,0.0,0.0,0.0,,,0.0,,,0.0,0.0,0.0,,,0.0
500367523,(ECPP-369) FRONT SWING COVER UGK,TCB,"ASM-Pacific,Phoenix",Order to Demand,,3106.1,25.0,3,0.375,202409,202601,16,False,0.0,0.0,0.0,False,0.0,0.0,,0.0,,0.0,,0.0,False,3,0.0,0.0,0.0,0.0,DORMANT,,,0.0,,0.0,,,0.0,,,0.0,,0.0,,,0.0
500368188,PC STATION STOPPER PLATE-45,TCB,"ASM-Pacific,Phoenix",Order to Demand,,44.95,25.0,3,0.375,202409,202601,16,False,0.0,0.0,0.0,False,0.0,0.0,,0.0,,0.0,,0.0,False,3,0.0,0.0,0.0,0.0,DORMANT,,,0.0,,0.0,,,0.0,,,0.0,,0.0,,,0.0
500368421,STA PICKHEAD ASSY SET (ND5 2XCVR) L&R,TCB,"ASM-Pacific,Firebird;ASM-Pacific,Phoenix",Order to Demand,,3100.0,25.0,3,0.375,202409,202601,16,False,0.0,0.0,0.0,False,0.0,0.0,,0.0,,0.0,,0.0,False,3,0.0,0.0,0.0,0.0,DORMANT,,,0.0,,0.0,,,0.0,,,0.0,,0.0,,,0.0
500368422,STA PICKHEAD ASSY SET (ND5) L&R,TCB,"ASM-Pacific,Phoenix",Order to Demand,,3100.0,73.0,3,0.375,202409,202601,16,False,0.0,0.0,0.0,False,0.0,0.0,,0.0,,0.0,,0.0,False,3,0.0,0.0,0.0,0.0,DORMANT,,,0.0,,0.0,,,0.0,,,0.0,,0.0,,,0.0
500368423,STA PICKHEAD ASSY SET (APOLLONIA ND4)L&R,TCB,"ASM-Pacific,Phoenix",Order to Demand,,3100.0,25.0,4,0.5,202407,202601,18,False,1.0,0.0,1.0,True,0.25,0.433,1.732,-1.0,-1.0,-0.0318,-0.1271,-0.0318,False,4,0.0,0.0,0.0,0.0,INTERMITTENT,1.0,,0.0,,0.0,,,0.0,0.0,,0.0,,0.0,,,0.0
500368424,STA PICKHEAD ASSY SET (ANF) L&R,TCB,"ASM-Pacific,Firebird;ASM-Pacific,Phoenix",Order to Demand,,3100.0,25.0,3,0.375,202409,202601,16,False,0.0,0.0,0.0,False,0.0,0.0,,0.0,,0.0,,0.0,False,3,0.0,0.0,0.0,0.0,DORMANT,,,0.0,,0.0,,,0.0,,,0.0,,0.0,,,0.0
500370864,BOLTED PEDESTAL LOCK SCREW,TCB,"ASM-Pacific,Phoenix",Order to Demand,,1.72,15.0,3,0.375,202410,202601,15,False,0.0,0.0,0.0,False,0.0,0.0,,0.0,,0.0,,0.0,False,3,0.0,0.0,0.0,0.0,DORMANT,,,,0.0,0.0,,,0.0,,,,0.0,0.0,,,0.0
500370886,BH & OT AIR BEARING PNEU ASSY (F),TCB,"ASM-Pacific,Phoenix",Order to Demand,,2687.8,25.0,3,0.375,202409,202601,16,False,0.0,0.0,0.0,False,0.0,0.0,,0.0,,0.0,,0.0,False,3,0.0,0.0,0.0,0.0,DORMANT,,,0.0,,0.0,,,0.0,,,0.0,,0.0,,,0.0
500370887,BS AIR BEARING PNEU ASSY (F),TCB,"ASM-Pacific,Phoenix",Order to Demand,,2492.89,55.0,3,0.375,202409,202601,16,False,0.0,0.0,0.0,False,0.0,0.0,,0.0,,0.0,,0.0,False,3,0.0,0.0,0.0,0.0,DORMANT,,,0.0,,0.0,,,0.0,,,0.0,,0.0,,,0.0
500370888,SELFCON FAN 220V 14M^3/M 575X1175X250MM,TCB,"ASM-Pacific,Phoenix",Order to Demand,,1780.0,25.0,3,0.375,202409,202601,16,False,0.0,0.0,0.0,False,0.0,0.0,,0.0,,0.0,,0.0,False,3,0.0,0.0,0.0,0.0,DORMANT,,,0.0,,0.0,,,0.0,,,0.0,,0.0,,,0.0
500370948,FRONT PLATFORM OPAL GLASS BANK,TCB,"ASM-Pacific,Phoenix",Order to Demand,,136.17,25.0,3,0.375,202409,202601,16,False,0.0,0.0,0.0,False,0.0,0.0,,0.0,,0.0,,0.0,False,3,0.0,0.0,0.0,0.0,DORMANT,,,0.0,,0.0,,,0.0,,,0.0,,0.0,,,0.0
500371222,"VACUUM RING PRESS NUT (D6.5,M5,1.15)",TCB,"ASM-Pacific,Firebird;ASM-Pacific,Phoenix",Order to Demand,,7.12,90.0,3,0.375,202409,202601,16,False,0.0,0.0,0.0,False,0.0,0.0,,0.0,,0.0,,0.0,False,3,0.0,0.0,0.0,0.0,DORMANT,,,0.0,,0.0,,,0.0,,,0.0,,0.0,,,0.0
500372127,"(IES) CP,LINE-IN FRONT ADAPTOR ASSY (FB)",TCB,"ASM-Pacific,Firebird;ASM-Pacific,Phoenix",Order to Demand,,247.42,25.0,2,0.25,202412,202601,13,False,0.0,0.0,0.0,False,0.0,0.0,,0.0,,0.0,,0.0,False,2,0.0,0.0,0.0,0.0,DORMANT,,,,,0.0,,,0.0,,,,,0.0,,,0.0
500372793,LED HEADLAMP FLASHLIGHT,TCB,"ASM-Pacific,Phoenix;GENERIC",Order To Max,,69.38,25.0,3,0.375,202409,202601,16,False,0.0,0.0,0.0,False,0.0,0.0,,0.0,,0.0,,0.0,False,3,0.0,0.0,0.0,0.0,DORMANT,,,0.0,,0.0,,,0.0,,,0.0,,0.0,,,0.0
500372794,FLASHLIGHTS LED FLASHLIGHT WITH BATTERY,TCB,"GENERIC;ASM-Pacific,Phoenix",Order to Demand,,180.0,25.0,3,0.375,202409,202601,16,False,0.0,0.0,0.0,False,0.0,0.0,,0.0,,0.0,,0.0,False,3,0.0,0.0,0.0,0.0,DORMANT,,,0.0,,0.0,,,0.0,,,0.0,,0.0,,,0.0
500372796,"PICKUP TOOL, VACUUM, ESD SAFE",TCB,"GENERIC;ASM-Pacific,Phoenix",Order To Max,,115.79,25.0,3,0.375,202409,202601,16,False,0.0,0.0,0.0,False,0.0,0.0,,0.0,,0.0,,0.0,False,3,0.0,0.0,0.0,0.0,DORMANT,,,0.0,,0.0,,,0.0,,,0.0,,0.0,,,0.0
500374416,(BALDA) THETA ENC ASSY,TCB,"ASM-Pacific,Firebird;ASM-Pacific,Phoenix",Order to Demand,,1934.86,25.0,3,0.375,202409,202601,16,False,0.0,0.0,0.0,False,0.0,0.0,,0.0,,0.0,,0.0,False,3,0.0,0.0,0.0,0.0,DORMANT,,,0.0,,0.0,,,0.0,,,0.0,,0.0,,,0.0
500374417,ROTARY SCALE R3213 WITHOUT HUB 301-00056,TCB,"ASM-Pacific,Firebird;ASM-Pacific,Phoenix",Order to Demand,,196.25,70.0,3,0.375,202409,202601,16,False,0.0,0.0,0.0,False,0.0,0.0,,0.0,,0.0,,0.0,False,3,0.0,0.0,0.0,0.0,DORMANT,,,0.0,,0.0,,,0.0,,,0.0,,0.0,,,0.0
500374626,"Bearing,608ZZ",TCB,"iIPIS-500;ASM-Pacific,Firebird",Order To Max,,1.52,35.0,1,0.125,202407,202407,0,False,7.0,7.0,7.0,True,7.0,0.0,0.0,0.0,0.0,,,,True,1,10.0,22.0,3.0,3.0,SINGLE_SNAPSHOT,7.0,,,,,,,,3.0,,,,,,,
500374835,BONDER BAR TYPE IONIZER,TCB,"ASM-Pacific,Firebird;ASM-Pacific,Phoenix",Order to Demand,,845.5,55.0,3,0.375,202409,202601,16,False,0.0,0.0,0.0,False,0.0,0.0,,0.0,,0.0,,0.0,False,3,0.0,0.0,0.0,0.0,DORMANT,,,0.0,,0.0,,,0.0,,,0.0,,0.0,,,0.0
500374836,SOC BUTTON HD SCREW M3X4,TCB,"ASM-Pacific,Phoenix",Order to Demand,,1.34,25.0,3,0.375,202409,202601,16,False,0.0,0.0,0.0,False,0.0,0.0,,0.0,,0.0,,0.0,False,3,0.0,0.0,0.0,0.0,DORMANT,,,0.0,,0.0,,,0.0,,,0.0,,0.0,,,0.0
500374837,MINIATURE FITTINGS 10-M- 3ALU-4,TCB,"ASM-Pacific,Firebird;ASM-Pacific,Phoenix",Order to Demand,,6.23,70.0,3,0.375,202409,202601,16,False,0.0,0.0,0.0,False,0.0,0.0,,0.0,,0.0,,0.0,False,3,0.0,0.0,0.0,0.0,DORMANT,,,0.0,,0.0,,,0.0,,,0.0,,0.0,,,0.0
500374889,NUDRIVE-3S BOX(HAVE FUSE),TCB,"ASM-Pacific,Firebird",Order to Demand,,2547.18,10.0,3,0.375,202409,202601,16,False,0.0,0.0,0.0,False,0.0,0.0,,0.0,,0.0,,0.0,False,3,0.0,0.0,0.0,0.0,DORMANT,,,0.0,,0.0,,,0.0,,,0.0,,0.0,,,0.0
500374893,70BHTT ROT ENC EXT.CABLE,TCB,"ASM-Pacific,Firebird",Order to Demand,,39.24,10.0,3,0.375,202409,202601,16,False,0.0,0.0,0.0,False,0.0,0.0,,0.0,,0.0,,0.0,False,3,0.0,0.0,0.0,0.0,DORMANT,,,0.0,,0.0,,,0.0,,,0.0,,0.0,,,0.0
500376459,Carbon Fiber Plastic Tweezer 117x10mm,TCB,Asymtek S922,Order To Max,,6.7,45.0,1,0.125,202410,202410,0,False,57.0,57.0,57.0,True,57.0,0.0,0.0,0.0,0.0,,,,True,1,384.0,674.0,30.0,30.0,SINGLE_SNAPSHOT,,,,57.0,,,,,,,,30.0,,,,
500376460,BEW FITTING KQ2U04-06A,TCB,"ASM-Pacific,Phoenix",Order to Demand,,7.12,75.0,3,0.375,202409,202601,16,False,0.0,0.0,0.0,False,0.0,0.0,,0.0,,0.0,,0.0,False,3,0.0,0.0,0.0,0.0,DORMANT,,,0.0,,0.0,,,0.0,,,0.0,,0.0,,,0.0
500376659,BRAKE ACTIVATOR,TCB,APPJ MFM-220,Order to Demand,,53.43,28.0,3,0.375,202409,202601,16,False,0.0,0.0,0.0,False,0.0,0.0,,0.0,,0.0,,0.0,False,3,0.0,0.0,0.0,0.0,DORMANT,,,0.0,,0.0,,,0.0,,,0.0,,0.0,,,0.0
500376660,"SOLENIOD VALVE G1/8"" PLASTIC AL",TCB,APPJ MFM-220,Order to Demand,,100.6,31.0,3,0.375,202409,202601,16,False,0.0,0.0,0.0,False,0.0,0.0,,0.0,,0.0,,0.0,False,3,0.0,0.0,0.0,0.0,DORMANT,,,0.0,,0.0,,,0.0,,,0.0,,0.0,,,0.0
500378153,(WT) V BEARING SHAFT,TCB,"ASM-Pacific,Firebird",Order to Demand,,28.93,25.0,3,0.375,202409,202601,16,False,0.0,0.0,0.0,False,0.0,0.0,,0.0,,0.0,,0.0,False,3,0.0,0.0,0.0,0.0,DORMANT,,,0.0,,0.0,,,0.0,,,0.0,,0.0,,,0.0
500378204,D-LINK 8-PORT 10/100/1000MBPS SWITCH,TCB,"ASM-Pacific,Phoenix",Order to Demand,,144.16,38.0,3,0.375,202409,202601,16,False,0.0,0.0,0.0,False,0.0,0.0,,0.0,,0.0,,0.0,False,3,0.0,0.0,0.0,0.0,DORMANT,,,0.0,,0.0,,,0.0,,,0.0,,0.0,,,0.0
500378539,SOLENOID VALVE MHE2-MS1H-5/2-QS-4,TCB,APPJ MFM-220,Order to Demand,,159.96,31.0,3,0.375,202409,202601,16,False,0.0,0.0,0.0,False,0.0,0.0,,0.0,,0.0,,0.0,False,3,0.0,0.0,0.0,0.0,DORMANT,,,0.0,,0.0,,,0.0,,,0.0,,0.0,,,0.0
500378540,TIMING BELT,TCB,APPJ MFM-220,Order to Demand,,20.95,35.0,3,0.375,202409,202601,16,False,0.0,0.0,0.0,False,0.0,0.0,,0.0,,0.0,,0.0,False,3,0.0,0.0,0.0,0.0,DORMANT,,,0.0,,0.0,,,0.0,,,0.0,,0.0,,,0.0
500378541,ELMO AMPLIFIER,TCB,APPJ MFM-220,Order to Demand,,1053.65,59.0,3,0.375,202409,202601,16,False,0.0,0.0,0.0,False,0.0,0.0,,0.0,,0.0,,0.0,False,3,0.0,0.0,0.0,0.0,DORMANT,,,0.0,,0.0,,,0.0,,,0.0,,0.0,,,0.0
500379496,SENSOR IMPACT PAD 900A1,TCB,"ASM-Pacific,Phoenix",Order to Demand,,179.78,55.0,1,0.125,202408,202408,0,False,3.0,3.0,3.0,True,3.0,0.0,0.0,0.0,0.0,,,,True,1,4.0,4.0,2.0,2.0,SINGLE_SNAPSHOT,,3.0,,,,,,,,2.0,,,,,,
500380109,"LINAK ACTUATOR,450MM STROKE,4IN PARALLEL",TCB,Heller 2017 Formic Acid;Heller HRF;Heller FAR,Order to Demand,,1548.42,28.0,3,0.375,202410,202601,15,False,0.0,0.0,0.0,False,0.0,0.0,,0.0,,0.0,,0.0,False,3,0.0,0.0,0.0,0.0,DORMANT,,,,0.0,0.0,,,0.0,,,,0.0,0.0,,,0.0
500381179,"COT, DOCKING UNIT, X-SERIES, CPL, R2",TCB,"ASM-Pacific,Phoenix",Order to Demand,,7275.3,15.0,3,0.375,202409,202601,16,False,0.0,0.0,0.0,False,0.0,0.0,,0.0,,0.0,,0.0,False,3,0.0,0.0,0.0,0.0,DORMANT,,,0.0,,0.0,,,0.0,,,0.0,,0.0,,,0.0
500381180,OT NB PNEUMATIC MOUNT,TCB,"ASM-Pacific,Phoenix",Order to Demand,,24.92,75.0,3,0.375,202409,202601,16,False,0.0,0.0,0.0,False,0.0,0.0,,0.0,,0.0,,0.0,False,3,0.0,0.0,0.0,0.0,DORMANT,,,0.0,,0.0,,,0.0,,,0.0,,0.0,,,0.0
500381430,9MM WHITE CARTRIDGE FOR BMP21,TCB,Generic,Order To Max,,42.0,25.0,3,0.375,202409,202601,16,False,0.0,0.0,0.0,False,0.0,0.0,,0.0,,0.0,,0.0,False,3,0.0,0.0,0.0,0.0,DORMANT,,,0.0,,0.0,,,0.0,,,0.0,,0.0,,,0.0
500385611,NDIIIS CONTROLPOWERMODULE,TCB,"ASM-Pacific,Firebird",Order to Demand,,1177.47,10.0,3,0.375,202409,202601,16,False,0.0,0.0,0.0,False,0.0,0.0,,0.0,,0.0,,0.0,False,3,0.0,0.0,0.0,0.0,DORMANT,,,0.0,,0.0,,,0.0,,,0.0,,0.0,,,0.0
500385613,"NDIIIS CONTROLPOWERMODULE, ND#2-0",TCB,"ASM-Pacific,Firebird",Order to Demand,,1171.86,10.0,4,0.5,202408,202601,17,False,1.0,0.0,1.0,True,0.25,0.433,1.732,-1.0,-1.0,-0.0297,-0.1189,-0.0297,False,4,0.0,0.0,0.0,0.0,INTERMITTENT,,1.0,0.0,,0.0,,,0.0,,0.0,0.0,,0.0,,,0.0
500387828,HEATER WIRE INSULATION SLEEVE,TCB,Heller HRF;Heller 2017 Formic Acid;Heller FAR,Order to Demand,,6.5,30.0,3,0.375,202410,202601,15,False,0.0,0.0,0.0,False,0.0,0.0,,0.0,,0.0,,0.0,False,3,0.0,0.0,0.0,0.0,DORMANT,,,,0.0,0.0,,,0.0,,,,0.0,0.0,,,0.0
500387829,HEATER WIRE UNCOATED FIBER SLEEVE,TCB,Heller 2017 Formic Acid;Heller HRF;Heller FAR,Order to Demand,,2.0,30.0,3,0.375,202410,202601,15,False,0.0,0.0,0.0,False,0.0,0.0,,0.0,,0.0,,0.0,False,3,0.0,0.0,0.0,0.0,DORMANT,,,,0.0,0.0,,,0.0,,,,0.0,0.0,,,0.0
500387843,BLACK CABLE CHAIN,TCB,APPJ MFM-220,Order to Demand,,794.01,20.0,1,0.125,202601,202601,0,True,0.0,0.0,0.0,False,0.0,0.0,,0.0,,,,,False,1,0.0,0.0,0.0,0.0,SINGLE_SNAPSHOT,,,,,,,,0.0,,,,,,,,0.0
500390810,"X900,CHILLER",TCB,"OMRON,3DXRAY,VT-X900",Order to Demand,,5400.0,20.0,3,0.375,202409,202601,16,False,0.0,0.0,0.0,False,0.0,0.0,,0.0,,0.0,,0.0,False,3,0.0,0.0,0.0,0.0,DORMANT,,,0.0,,0.0,,,0.0,,,0.0,,0.0,,,0.0
500390892,R LCD AND USB HUB PWR CABLE,TCB,"ASM-Pacific,Phoenix",Order to Demand,,56.0,25.0,3,0.375,202409,202601,16,False,0.0,0.0,0.0,False,0.0,0.0,,0.0,,0.0,,0.0,False,3,0.0,0.0,0.0,0.0,DORMANT,,,0.0,,0.0,,,0.0,,,0.0,,0.0,,,0.0
500390893,FRONT MONITOR PWR CABLE ASSYII,TCB,"ASM-Pacific,Phoenix",Order to Demand,,28.0,75.0,3,0.375,202409,202601,16,False,0.0,0.0,0.0,False,0.0,0.0,,0.0,,0.0,,0.0,False,3,0.0,0.0,0.0,0.0,DORMANT,,,0.0,,0.0,,,0.0,,,0.0,,0.0,,,0.0
500391825,BH NOZZLE WITH PROBE PIN ASSY,TCB,"ASM-Pacific,Phoenix",Order to Demand,,202.0,70.0,3,0.375,202409,202601,16,False,0.0,0.0,0.0,False,0.0,0.0,,0.0,,0.0,,0.0,False,3,0.0,0.0,0.0,0.0,DORMANT,,,0.0,,0.0,,,0.0,,,0.0,,0.0,,,0.0
500392477,"40138H,0.4MM,S,U2,8.737X4.837",TCB,"ASM-Pacific,Phoenix;GENERIC",Order to Demand,,3230.0,35.0,2,0.25,202409,202410,1,False,0.0,0.0,0.0,False,0.0,0.0,,0.0,,0.0,,0.0,False,2,0.0,0.0,0.0,0.0,DORMANT,,,0.0,0.0,,,,,,,0.0,0.0,,,,
500393125,"40061H,0.4MM,L,U1,31.57X21.12",TCB,"ASM-Pacific,Phoenix;GENERIC",Order to Demand,,3515.0,35.0,2,0.25,202409,202410,1,False,0.0,0.0,0.0,False,0.0,0.0,,0.0,,0.0,,0.0,False,2,0.0,0.0,0.0,0.0,DORMANT,,,0.0,0.0,,,,,,,0.0,0.0,,,,
500393459,DPA Z MOVING END COVER (OPTIONAL),TCB,"ASM-Pacific,Phoenix",Order to Demand,,143.0,55.0,3,0.375,202409,202601,16,False,0.0,0.0,0.0,False,0.0,0.0,,0.0,,0.0,,0.0,False,3,0.0,0.0,0.0,0.0,DORMANT,,,0.0,,0.0,,,0.0,,,0.0,,0.0,,,0.0
500393549,COPPER PASTE FOR APPJ,TCB,APPJ MFM-220,Order to Demand,,147.44,26.0,3,0.375,202409,202601,16,False,0.0,0.0,0.0,False,0.0,0.0,,0.0,,0.0,,0.0,False,3,0.0,0.0,0.0,0.0,DORMANT,,,0.0,,0.0,,,0.0,,,0.0,,0.0,,,0.0
500394366,DAMPING TAPE GUIDE,TCB,"ASM-Pacific,Phoenix",Order to Demand,,224.72,55.0,4,0.5,202407,202601,18,False,1.0,0.0,1.0,True,0.25,0.433,1.732,-1.0,-1.0,-0.0318,-0.1271,-0.0318,False,4,0.0,0.0,0.0,0.0,INTERMITTENT,1.0,,0.0,,0.0,,,0.0,0.0,,0.0,,0.0,,,0.0
500394367,DAMPING TAPE,TCB,"ASM-Pacific,Phoenix",Order to Demand,,4.45,15.0,3,0.375,202409,202601,16,False,0.0,0.0,0.0,False,0.0,0.0,,0.0,,0.0,,0.0,False,3,0.0,0.0,0.0,0.0,DORMANT,,,0.0,,0.0,,,0.0,,,0.0,,0.0,,,0.0
500394479,"40118H,0.4MM,L,U1,22.057X21.115",TCB,"ASM-Pacific,Phoenix",Order to Demand,,3515.0,35.0,1,0.125,202409,202409,0,False,0.0,0.0,0.0,False,0.0,0.0,,0.0,,,,,False,1,0.0,0.0,0.0,0.0,SINGLE_SNAPSHOT,,,0.0,,,,,,,,0.0,,,,,
500394480,"40133H,0.4MM,L,U1,22.202X14.21",TCB,"ASM-Pacific,Phoenix",Order to Demand,,3515.0,35.0,2,0.25,202409,202410,1,False,0.0,0.0,0.0,False,0.0,0.0,,0.0,,0.0,,0.0,False,2,0.0,0.0,0.0,0.0,DORMANT,,,0.0,0.0,,,,,,,0.0,0.0,,,,
500396010,"PULSE HEATER, DMC, CBS",TCB,"Generic;ASM-Pacific,Phoenix;ASMP ACW",Order To Max,,9203.5,85.0,3,0.375,202408,202601,17,False,8.0,4.0,8.0,True,4.0,3.266,0.816,-4.0,-0.5,-0.1013,-0.0253,-1.6266,True,3,5.0,6.0,8.0,2.667,STABLE,,8.0,,,0.0,,,4.0,,3.0,,,0.0,,,2.0
500396049,VACUMN PEN PAC-VAC KIT,TCB,"ASM-Pacific,Phoenix",Order To Max,,813.2,20.0,3,0.375,202410,202601,15,False,0.0,0.0,0.0,False,0.0,0.0,,0.0,,0.0,,0.0,False,3,0.0,0.0,0.0,0.0,DORMANT,,,,0.0,0.0,,,0.0,,,,0.0,0.0,,,0.0
500396332,86-70002 BRAIDED GROUND WIRE CABLE,TCB,"ASM-Pacific,Phoenix",Order to Demand,,7.0,55.0,3,0.375,202409,202601,16,False,0.0,0.0,0.0,False,0.0,0.0,,0.0,,0.0,,0.0,False,3,0.0,0.0,0.0,0.0,DORMANT,,,0.0,,0.0,,,0.0,,,0.0,,0.0,,,0.0
500396602,THIN SOC HD CAP SCREW M3X4,TCB,"ASM-Pacific,Firebird;ASM-Pacific,Phoenix",Order to Demand,,10.0,75.0,3,0.375,202409,202601,16,False,0.0,0.0,0.0,False,0.0,0.0,,0.0,,0.0,,0.0,False,3,0.0,0.0,0.0,0.0,DORMANT,,,0.0,,0.0,,,0.0,,,0.0,,0.0,,,0.0
500396607,ETHERCAT COMMUNICATION MODULE,TCB,APPJ MFM-220;GROHMANN MTS-605;Grohmann MTS-600,Order to Demand,,396.72,20.0,2,0.25,202410,202601,15,False,0.0,0.0,0.0,False,0.0,0.0,,0.0,,0.0,,0.0,False,2,0.0,0.0,0.0,0.0,DORMANT,,,,0.0,,,,0.0,,,,0.0,,,,0.0
500397501,BEW CLAMP ASSY,TCB,"ASM-Pacific,Phoenix",Order to Demand,,359.56,55.0,4,0.5,202408,202601,17,False,1.0,0.0,1.0,True,0.25,0.433,1.732,-1.0,-1.0,-0.0297,-0.1189,-0.0297,False,4,0.0,0.0,0.0,0.0,INTERMITTENT,,1.0,0.0,,0.0,,,0.0,,0.0,0.0,,0.0,,,0.0
500398570,CAMERA LINK CABLE SET FOR DCIIA,TCB,"OMRON,3DXRAY,VT-X900",Order to Demand,,5849.0,65.0,3,0.375,202409,202601,16,False,0.0,0.0,0.0,False,0.0,0.0,,0.0,,0.0,,0.0,False,3,0.0,0.0,0.0,0.0,DORMANT,,,0.0,,0.0,,,0.0,,,0.0,,0.0,,,0.0
500399044,"PHOENIX-UGK,VISION PC ASSEMBLY",TCB,"ASM-Pacific,Phoenix;ASM,TCB,Y-SHUTTLE",Order to Demand,,8000.0,59.0,3,0.375,202409,202601,16,False,0.0,0.0,0.0,False,0.0,0.0,,0.0,,0.0,,0.0,False,3,0.0,0.0,0.0,0.0,DORMANT,,,0.0,,0.0,,,0.0,,,0.0,,0.0,,,0.0
500399046,"FRONT,COVER,WINDOW,PHOENIX",TCB,"ASM-Pacific,Phoenix",Order To Max,,202.03,55.0,1,0.125,202408,202408,0,False,2.0,2.0,2.0,True,2.0,0.0,0.0,0.0,0.0,,,,True,1,3.0,3.0,1.0,1.0,SINGLE_SNAPSHOT,,2.0,,,,,,,,1.0,,,,,,
500402198,STA SET UP PEDESTAL ASSY,TCB,"ASM-Pacific,Phoenix",Order to Demand,,790.32,15.0,1,0.125,202407,202407,0,False,1.0,1.0,1.0,True,1.0,0.0,0.0,0.0,0.0,,,,False,1,1.0,4.0,0.0,0.0,SINGLE_SNAPSHOT,1.0,,,,,,,,0.0,,,,,,,
500402199,COM10 FORCE SENSOR EXT CABLE ASSY,TCB,Phoenix,Order to Demand,,30.0,55.0,1,0.125,202408,202408,0,False,1.0,1.0,1.0,True,1.0,0.0,0.0,0.0,0.0,,,,False,1,1.0,1.0,0.0,0.0,SINGLE_SNAPSHOT,,1.0,,,,,,,,0.0,,,,,,
500402202,HEATER CABLE CLAMP - SYMMETRIC,TCB,"ASM-Pacific,Phoenix",Order to Demand,,49.84,55.0,3,0.375,202409,202601,16,False,0.0,0.0,0.0,False,0.0,0.0,,0.0,,0.0,,0.0,False,3,0.0,0.0,0.0,0.0,DORMANT,,,0.0,,0.0,,,0.0,,,0.0,,0.0,,,0.0
500402203,COOLING BLOCK ASSY FOR DMC - SYM,TCB,"ASM-Pacific,Phoenix",Order to Demand,,1999.83,70.0,3,0.375,202409,202601,16,False,0.0,0.0,0.0,False,0.0,0.0,,0.0,,0.0,,0.0,False,3,0.0,0.0,0.0,0.0,DORMANT,,,0.0,,0.0,,,0.0,,,0.0,,0.0,,,0.0
500402361,SMARTFEEDER 32MM,TCB,"ASM-Pacific,Firebird;ASM-Pacific,Phoenix;ASMP ACW;Generic",Order to Demand,,2610.0,15.0,3,0.375,202409,202601,16,False,0.0,0.0,0.0,False,0.0,0.0,,0.0,,0.0,,0.0,False,3,0.0,0.0,0.0,0.0,DORMANT,,,0.0,,0.0,,,0.0,,,0.0,,0.0,,,0.0
500402406,"40119H,0.4MM,S,U2,10.028X13.193",TCB,"ASM-Pacific,Phoenix",Order to Demand,,3230.0,35.0,1,0.125,202409,202409,0,False,0.0,0.0,0.0,False,0.0,0.0,,0.0,,,,,False,1,0.0,0.0,0.0,0.0,SINGLE_SNAPSHOT,,,0.0,,,,,,,,0.0,,,,,
500403191,SENSOR HEAD TO CAMERA BOARD CABLE -1000,TCB,"ASM-Pacific,Firebird;ASM-Pacific,Phoenix",Order to Demand,,48.95,10.0,3,0.375,202409,202601,16,False,0.0,0.0,0.0,False,0.0,0.0,,0.0,,0.0,,0.0,False,3,0.0,0.0,0.0,0.0,DORMANT,,,0.0,,0.0,,,0.0,,,0.0,,0.0,,,0.0
500403583,"PULSE HEATER 2ND SOURCE,DMC,N,PT COAT",TCB,"ASM-Pacific,Firebird;ASM-Pacific,Phoenix",Order to Demand,,9203.49,184.0,3,0.375,202409,202601,16,False,0.0,0.0,0.0,False,0.0,0.0,,0.0,,0.0,,0.0,False,3,0.0,0.0,0.0,0.0,DORMANT,,,0.0,,0.0,,,0.0,,,0.0,,0.0,,,0.0
500404211,"50400H,0.4MM,L,U1,31.877X19.396",TCB,"ASM-Pacific,Phoenix;GENERIC",Order To Max,,3515.0,35.0,1,0.125,202409,202409,0,False,0.0,0.0,0.0,False,0.0,0.0,,0.0,,,,,False,1,0.0,0.0,0.0,0.0,SINGLE_SNAPSHOT,,,0.0,,,,,,,,0.0,,,,,
500404213,TAR BAY (TB) -STA,TCB,"ASM-Pacific,Phoenix",Order To Max,,3650.0,70.0,4,0.5,202412,202601,13,False,0.0,0.0,0.0,False,0.0,0.0,,0.0,,0.0,,0.0,False,4,0.0,0.0,0.0,0.0,DORMANT,,,,,0.0,0.0,0.0,0.0,,,,,0.0,0.0,0.0,0.0
500405337,SHIM 0.08MM,TCB,"ASM-Pacific,Phoenix",Order to Demand,,32.13,38.0,3,0.375,202409,202601,16,False,0.0,0.0,0.0,False,0.0,0.0,,0.0,,0.0,,0.0,False,3,0.0,0.0,0.0,0.0,DORMANT,,,0.0,,0.0,,,0.0,,,0.0,,0.0,,,0.0
500406056,2ND SOURCE HEATER W. SYMM CB,TCB,"ASM-Pacific,Phoenix;ASM-Pacific,Firebird",Order to Demand,,9203.5,141.0,3,0.375,202409,202601,16,False,0.0,0.0,0.0,False,0.0,0.0,,0.0,,0.0,,0.0,False,3,0.0,0.0,0.0,0.0,DORMANT,,,0.0,,0.0,,,0.0,,,0.0,,0.0,,,0.0
500406561,MICROE ALIGNMENT TOOL FOR M2000,TCB,"ASM-Pacific,Firebird;ASM-Pacific,Phoenix",Order to Demand,,1391.51,70.0,3,0.375,202409,202601,16,False,0.0,0.0,0.0,False,0.0,0.0,,0.0,,0.0,,0.0,False,3,0.0,0.0,0.0,0.0,DORMANT,,,0.0,,0.0,,,0.0,,,0.0,,0.0,,,0.0
500406904,AIR FLOW SENSOR 8-15VDC,TCB,"Grohmann, MFM-220.2;APPJ MFM-220",Order to Demand,,403.22,19.0,4,0.5,202407,202601,18,False,0.0,0.0,0.0,False,0.0,0.0,,0.0,,0.0,,0.0,False,4,0.0,0.0,0.0,0.0,DORMANT,0.0,,0.0,,0.0,,,0.0,0.0,,0.0,,0.0,,,0.0
500407785,STATIC DISSIPATIVE PLASTIC TUBING 90A,TCB,"ASM-Pacific,Firebird;ASM-Pacific,Phoenix",Order To Max,,2.69,25.0,3,0.375,202409,202601,16,False,0.0,0.0,0.0,False,0.0,0.0,,0.0,,0.0,,0.0,False,3,0.0,0.0,0.0,0.0,DORMANT,,,0.0,,0.0,,,0.0,,,0.0,,0.0,,,0.0
500409005,110/220V TRANSFORMER BOX,TCB,"ASM-Pacific,Phoenix",Order to Demand,,720.1,45.0,1,0.125,202408,202408,0,False,1.0,1.0,1.0,True,1.0,0.0,0.0,0.0,0.0,,,,False,1,2.0,1.0,0.0,0.0,SINGLE_SNAPSHOT,,1.0,,,,,,,,0.0,,,,,,
500409785,BS PEDESTAL ASSY (SR XCC)77.5X56.5X0.67,TCB,"ASM-Pacific,Firebird;ASM-Pacific,Phoenix;Generic",Order To Max,,9800.0,100.0,3,0.375,202409,202601,16,False,0.0,0.0,0.0,False,0.0,0.0,,0.0,,0.0,,0.0,False,3,0.0,0.0,0.0,0.0,DORMANT,,,0.0,,0.0,,,0.0,,,0.0,,0.0,,,0.0
500409786,STA PICKHEAD ASSY SET (SR XCC),TCB,"ASM-Pacific,Phoenix;ASM-Pacific,Firebird;Generic",Order To Max,,3650.0,66.0,3,0.375,202409,202601,16,False,0.0,0.0,0.0,False,0.0,0.0,,0.0,,0.0,,0.0,False,3,0.0,0.0,0.0,0.0,DORMANT,,,0.0,,0.0,,,0.0,,,0.0,,0.0,,,0.0
500410587,RIGHT HEATED PEDESTAL ASSY (FIREBIRD),TCB,"ASM-Pacific,Firebird",Order to Demand,,13316.63,35.0,3,0.375,202409,202601,16,False,0.0,0.0,0.0,False,0.0,0.0,,0.0,,0.0,,0.0,False,3,0.0,0.0,0.0,0.0,DORMANT,,,0.0,,0.0,,,0.0,,,0.0,,0.0,,,0.0
500410590,TEC CONN CABLE ASSY,TCB,"ASM-Pacific,Firebird;ASM-Pacific,Phoenix",Order To Max,,222.68,40.0,1,0.125,202407,202407,0,False,0.0,0.0,0.0,True,0.0,0.0,,0.0,,,,,False,1,3.0,3.0,0.0,0.0,SINGLE_SNAPSHOT,0.0,,,,,,,,0.0,,,,,,,
500411039,(MFE) MAIN FLUX EXHAUST (CYCLONE CDS),TCB,"ASM-Pacific,Phoenix",Order to Demand,,3754.02,25.0,3,0.375,202409,202601,16,False,0.0,0.0,0.0,False,0.0,0.0,,0.0,,0.0,,0.0,False,3,0.0,0.0,0.0,0.0,DORMANT,,,0.0,,0.0,,,0.0,,,0.0,,0.0,,,0.0
500411040,(MFE) PIPE GUIDE ASSY,TCB,"ASM-Pacific,Phoenix",Order to Demand,,161.09,25.0,3,0.375,202409,202601,16,False,0.0,0.0,0.0,False,0.0,0.0,,0.0,,0.0,,0.0,False,3,0.0,0.0,0.0,0.0,DORMANT,,,0.0,,0.0,,,0.0,,,0.0,,0.0,,,0.0
500411041,CAH TO MAIN BONDER SPARE CABLE,TCB,"ASM-Pacific,Firebird;ASM-Pacific,Phoenix",Order to Demand,,330.63,45.0,3,0.375,202409,202601,16,False,0.0,0.0,0.0,False,0.0,0.0,,0.0,,0.0,,0.0,False,3,0.0,0.0,0.0,0.0,DORMANT,,,0.0,,0.0,,,0.0,,,0.0,,0.0,,,0.0
500411042,DIGITAL CAP SENSOR,TCB,"ASM-Pacific,Phoenix",Order to Demand,,20629.31,180.0,3,0.375,202409,202601,16,False,0.0,0.0,0.0,False,0.0,0.0,,0.0,,0.0,,0.0,False,3,0.0,0.0,0.0,0.0,DORMANT,,,0.0,,0.0,,,0.0,,,0.0,,0.0,,,0.0
500411043,AC TB TO ROUTER POWER CABLE,TCB,"ASM-Pacific,Phoenix",Order to Demand,,50.73,70.0,3,0.375,202409,202601,16,False,0.0,0.0,0.0,False,0.0,0.0,,0.0,,0.0,,0.0,False,3,0.0,0.0,0.0,0.0,DORMANT,,,0.0,,0.0,,,0.0,,,0.0,,0.0,,,0.0
500411044,AC TB TO ROUTER POWER CABLE,TCB,"ASM-Pacific,Phoenix",Order to Demand,,50.73,70.0,3,0.375,202409,202601,16,False,0.0,0.0,0.0,False,0.0,0.0,,0.0,,0.0,,0.0,False,3,0.0,0.0,0.0,0.0,DORMANT,,,0.0,,0.0,,,0.0,,,0.0,,0.0,,,0.0
500411045,F KVM AND JOY EXT CABLE2,TCB,"ASM-Pacific,Phoenix",Order to Demand,,32.93,98.0,3,0.375,202409,202601,16,False,0.0,0.0,0.0,False,0.0,0.0,,0.0,,0.0,,0.0,False,3,0.0,0.0,0.0,0.0,DORMANT,,,0.0,,0.0,,,0.0,,,0.0,,0.0,,,0.0
500411048,3/8 INCH BENT PROBES (NON MARKING),TCB,TCB_Generic,Order To Max,,334.96,45.0,3,0.375,202410,202601,15,False,0.0,0.0,0.0,False,0.0,0.0,,0.0,,0.0,,0.0,False,3,0.0,0.0,0.0,0.0,DORMANT,,,,0.0,0.0,,,0.0,,,,0.0,0.0,,,0.0
500413024,GRAPHITE GASKET,TCB,Heller 2017 Formic Acid;JABIL JAB;Heller HRF;Heller FAR,Order to Demand,,14.5,20.0,3,0.375,202410,202601,15,False,4.0,0.0,4.0,True,1.333,1.886,1.414,-4.0,-1.0,-0.1709,-0.1281,0.0,False,3,4.0,4.0,4.0,1.333,INTERMITTENT,,,,4.0,0.0,,,0.0,,,,0.0,0.0,,,0.0
500413025,"EATON 1550VA BBU, 220V, RELAY BD",TCB,Heller FAR;Heller 2017 Formic Acid;Heller HRF,Order to Demand,,3490.0,25.0,3,0.375,202410,202601,15,False,0.0,0.0,0.0,False,0.0,0.0,,0.0,,0.0,,0.0,False,3,0.0,0.0,0.0,0.0,DORMANT,,,,0.0,0.0,,,0.0,,,,0.0,0.0,,,0.0
500413026,"GASKET, TOP LID, BURN BOX",TCB,Heller HRF;Heller 2017 Formic Acid;Heller FAR;JABIL JAB,Order to Demand,,79.0,20.0,3,0.375,202410,202601,15,False,0.0,0.0,0.0,False,0.0,0.0,,0.0,,0.0,,0.0,False,3,0.0,0.0,0.0,0.0,DORMANT,,,,0.0,0.0,,,0.0,,,,0.0,0.0,,,0.0
500413027,"UNION TEE PUSH, 1/4'' OD, BR",TCB,Heller HRF;Heller 2017 Formic Acid;Heller FAR,Order to Demand,,21.0,30.0,3,0.375,202410,202601,15,False,0.0,0.0,0.0,False,0.0,0.0,,0.0,,0.0,,0.0,False,3,0.0,0.0,0.0,0.0,DORMANT,,,,0.0,0.0,,,0.0,,,,0.0,0.0,,,0.0
500413028,"UNION TEE, 1/4'' OD LOK, SS",TCB,Heller 2017 Formic Acid;Heller FAR;Heller HRF,Order to Demand,,53.0,21.0,3,0.375,202410,202601,15,False,0.0,0.0,0.0,False,0.0,0.0,,0.0,,0.0,,0.0,False,3,0.0,0.0,0.0,0.0,DORMANT,,,,0.0,0.0,,,0.0,,,,0.0,0.0,,,0.0
500413029,"1/2"" OD UNION ELBOW",TCB,Heller 2017 Formic Acid;Heller HRF;Heller FAR,Order to Demand,,63.0,15.0,3,0.375,202410,202601,15,False,0.0,0.0,0.0,False,0.0,0.0,,0.0,,0.0,,0.0,False,3,0.0,0.0,0.0,0.0,DORMANT,,,,0.0,0.0,,,0.0,,,,0.0,0.0,,,0.0
500413030,"UNION TEE, 1/2'' OD LOK, SS",TCB,Heller FAR;Heller 2017 Formic Acid;Heller HRF,Order to Demand,,79.0,15.0,3,0.375,202410,202601,15,False,0.0,0.0,0.0,False,0.0,0.0,,0.0,,0.0,,0.0,False,3,0.0,0.0,0.0,0.0,DORMANT,,,,0.0,0.0,,,0.0,,,,0.0,0.0,,,0.0
500413032,"SET,NUT AND FERRULES,1/4'',SS",TCB,Heller 2017 Formic Acid,Order to Demand,,4.0,15.0,3,0.375,202410,202601,15,False,0.0,0.0,0.0,False,0.0,0.0,,0.0,,0.0,,0.0,False,3,0.0,0.0,0.0,0.0,DORMANT,,,,0.0,0.0,,,0.0,,,,0.0,0.0,,,0.0
500413033,PTFE FITTING 1/2 OD ELBOW,TCB,Heller 2017 Formic Acid;Heller FAR;Heller HRF,Order to Demand,,190.0,28.0,3,0.375,202410,202601,15,False,0.0,0.0,0.0,False,0.0,0.0,,0.0,,0.0,,0.0,False,3,0.0,0.0,0.0,0.0,DORMANT,,,,0.0,0.0,,,0.0,,,,0.0,0.0,,,0.0
500413034,RKI FORMIC CARTRIDGE,TCB,Heller FAR;JABIL JAB;Heller 2017 Formic Acid,Order to Demand,,1263.0,30.0,5,0.625,202410,202601,15,False,4.0,0.0,4.0,True,0.8,1.6,2.0,-4.0,-1.0,-0.1721,-0.2151,-0.4154,False,5,0.0,6.0,0.0,0.0,INTERMITTENT,,,,4.0,0.0,0.0,0.0,0.0,,,,0.0,0.0,0.0,0.0,0.0
500413035,RKI CO CARTRIDGE,TCB,Heller 2017 Formic Acid;Heller HRF;JABIL JAB;Heller FAR,Order to Demand,,1263.0,30.0,3,0.375,202410,202601,15,False,0.0,0.0,0.0,True,0.0,0.0,,0.0,,0.0,,-0.2814,False,3,0.0,4.0,0.0,0.0,DORMANT,,,,0.0,0.0,,,0.0,,,,0.0,0.0,,,0.0
500413036,"PRESSURE SWITCH, 10PSI",TCB,Heller 2017 Formic Acid;Heller FAR;Heller HRF,Order to Demand,,691.0,40.0,3,0.375,202410,202601,15,False,0.0,0.0,0.0,False,0.0,0.0,,0.0,,0.0,,0.0,False,3,0.0,0.0,0.0,0.0,DORMANT,,,,0.0,0.0,,,0.0,,,,0.0,0.0,,,0.0
500413037,"THERMAL WELL, BUBBLER OMEGA",TCB,Heller FAR;Heller 2017 Formic Acid;Heller HRF,Order to Demand,,820.0,35.0,3,0.375,202410,202601,15,False,0.0,0.0,0.0,False,0.0,0.0,,0.0,,0.0,,0.0,False,3,0.0,0.0,0.0,0.0,DORMANT,,,,0.0,0.0,,,0.0,,,,0.0,0.0,,,0.0
500413038,PRESSURE TRANSDUCER 0-30PSI1/8''NPT316SS,TCB,Heller 2017 Formic Acid;Heller HRF;Heller FAR,Order to Demand,,2045.0,50.0,3,0.375,202410,202601,15,False,0.0,0.0,0.0,False,0.0,0.0,,0.0,,0.0,,0.0,False,3,0.0,0.0,0.0,0.0,DORMANT,,,,0.0,0.0,,,0.0,,,,0.0,0.0,,,0.0
500413039,"SET,NUT AND FERRULES,1/2'',SS",TCB,Heller 2017 Formic Acid;Heller HRF;Heller FAR,Order to Demand,,8.0,15.0,3,0.375,202410,202601,15,False,0.0,0.0,0.0,False,0.0,0.0,,0.0,,0.0,,0.0,False,3,0.0,0.0,0.0,0.0,DORMANT,,,,0.0,0.0,,,0.0,,,,0.0,0.0,,,0.0
500413040,"MASS FLOW CONTROL,N2, 3/8''OD,0-100 SLPM",TCB,Heller 2017 Formic Acid;Heller FAR;Heller HRF,Order to Demand,,4477.0,40.0,3,0.375,202410,202601,15,False,0.0,0.0,0.0,False,0.0,0.0,,0.0,,0.0,,0.0,False,3,0.0,0.0,0.0,0.0,DORMANT,,,,0.0,0.0,,,0.0,,,,0.0,0.0,,,0.0
500413042,BUBBLER TANK BAND HEATER,TCB,Heller FAR;Heller 2017 Formic Acid;Heller HRF,Order to Demand,,4937.0,80.0,3,0.375,202410,202601,15,False,0.0,0.0,0.0,False,0.0,0.0,,0.0,,0.0,,0.0,False,3,0.0,0.0,0.0,0.0,DORMANT,,,,0.0,0.0,,,0.0,,,,0.0,0.0,,,0.0
500413043,"SCALE, 300 LBS",TCB,Heller FAR;Heller HRF;Heller 2017 Formic Acid,Order to Demand,,2663.0,50.0,3,0.375,202410,202601,15,False,0.0,0.0,0.0,False,0.0,0.0,,0.0,,0.0,,0.0,False,3,0.0,0.0,0.0,0.0,DORMANT,,,,0.0,0.0,,,0.0,,,,0.0,0.0,,,0.0
500413044,"MFC, 1000SLPM",TCB,Heller HRF;Heller 2017 Formic Acid;Heller FAR,Order to Demand,,6998.0,28.0,3,0.375,202410,202601,15,False,0.0,0.0,0.0,False,0.0,0.0,,0.0,,0.0,,0.0,False,3,0.0,0.0,0.0,0.0,DORMANT,,,,0.0,0.0,,,0.0,,,,0.0,0.0,,,0.0
500413045,"FORMIC ACID ANALYZER, 1/4'' MALE VCR",TCB,Heller 2017 Formic Acid;Heller HRF,Order To Max,,12925.0,15.0,3,0.375,202410,202601,15,False,0.0,0.0,0.0,True,0.0,0.0,,0.0,,0.0,,-0.0704,False,3,0.0,1.0,0.0,0.0,DORMANT,,,,0.0,0.0,,,0.0,,,,0.0,0.0,,,0.0
500413046,SYSTECH O2 ANALYZER,TCB,Heller HRF;Heller 2017 Formic Acid;Heller FAR,Order to Demand,,17879.0,40.0,5,0.625,202410,202601,15,False,1.0,0.0,1.0,True,0.4,0.49,1.225,-1.0,-1.0,-0.0712,-0.178,-0.0,False,5,1.0,1.0,2.0,0.4,INTERMITTENT,,,,1.0,1.0,0.0,0.0,0.0,,,,1.0,0.0,0.0,0.0,0.0
500413047,"FLUID LEVEL SWITCH, 1'' SAE",TCB,Heller HRF;Heller FAR;Heller 2017 Formic Acid,Order to Demand,,1943.0,40.0,3,0.375,202410,202601,15,False,0.0,0.0,0.0,False,0.0,0.0,,0.0,,0.0,,0.0,False,3,0.0,0.0,0.0,0.0,DORMANT,,,,0.0,0.0,,,0.0,,,,0.0,0.0,,,0.0
500413048,"CATALST, ROUND, B4 GRADE",TCB,JABIL JAB;Heller 2017 Formic Acid;Heller HRF,Order to Demand,,1654.0,40.0,3,0.375,202410,202601,15,False,0.0,0.0,0.0,False,0.0,0.0,,0.0,,0.0,,0.0,False,3,0.0,0.0,0.0,0.0,DORMANT,,,,0.0,0.0,,,0.0,,,,0.0,0.0,,,0.0
500413049,"DIFFERENTIAL PRESSURE CONTROLLER, DWYER",TCB,Heller FAR;Heller HRF;Heller 2017 Formic Acid,Order to Demand,,1274.0,30.0,3,0.375,202410,202601,15,False,0.0,0.0,0.0,False,0.0,0.0,,0.0,,0.0,,0.0,False,3,0.0,0.0,0.0,0.0,DORMANT,,,,0.0,0.0,,,0.0,,,,0.0,0.0,,,0.0
500413050,"1/4"" OD UNION ELBOW",TCB,Heller FAR;Heller HRF;Heller 2017 Formic Acid,Order to Demand,,46.0,20.0,3,0.375,202410,202601,15,False,0.0,0.0,0.0,False,0.0,0.0,,0.0,,0.0,,0.0,False,3,0.0,0.0,0.0,0.0,DORMANT,,,,0.0,0.0,,,0.0,,,,0.0,0.0,,,0.0
500413051,"DESKTOP PC, WIN10 PRO, 15,3-RJ45,5-RS232",TCB,Heller HRF;Heller 2017 Formic Acid;Heller FAR,Order to Demand,,2598.0,10.0,3,0.375,202410,202601,15,False,0.0,0.0,0.0,False,0.0,0.0,,0.0,,0.0,,0.0,False,3,0.0,0.0,0.0,0.0,DORMANT,,,,0.0,0.0,,,0.0,,,,0.0,0.0,,,0.0
500413052,"DIAPHRAGM VALVE, 1/4IN OD LOK, SS",TCB,Heller 2017 Formic Acid;Heller HRF;Heller FAR,Order to Demand,,889.0,30.0,3,0.375,202410,202601,15,False,0.0,0.0,0.0,False,0.0,0.0,,0.0,,0.0,,0.0,False,3,0.0,0.0,0.0,0.0,DORMANT,,,,0.0,0.0,,,0.0,,,,0.0,0.0,,,0.0
500413053,"THERMOSTAT, NC, 165F(74C)",TCB,Heller 2017 Formic Acid;Heller HRF;Heller FAR,Order to Demand,,49.0,40.0,3,0.375,202410,202601,15,False,0.0,0.0,0.0,False,0.0,0.0,,0.0,,0.0,,0.0,False,3,0.0,0.0,0.0,0.0,DORMANT,,,,0.0,0.0,,,0.0,,,,0.0,0.0,,,0.0
500413054,"STR PUSH,1/8''NPT X 1/8''OD,BR",TCB,Heller 2017 Formic Acid;Heller HRF;Heller FAR,Order to Demand,,5.0,20.0,3,0.375,202410,202601,15,False,0.0,0.0,0.0,False,0.0,0.0,,0.0,,0.0,,0.0,False,3,0.0,0.0,0.0,0.0,DORMANT,,,,0.0,0.0,,,0.0,,,,0.0,0.0,,,0.0
500413055,"PORT CONNECTOR,LOK,1/4''OD, SS",TCB,Heller 2017 Formic Acid;Heller FAR;Heller HRF,Order to Demand,,13.0,20.0,3,0.375,202410,202601,15,False,0.0,0.0,0.0,False,0.0,0.0,,0.0,,0.0,,0.0,False,3,0.0,0.0,0.0,0.0,DORMANT,,,,0.0,0.0,,,0.0,,,,0.0,0.0,,,0.0
500413056,EATON BBU RELAY CARD,TCB,Heller 2017 Formic Acid;Heller HRF;Heller FAR,Order to Demand,,423.0,25.0,3,0.375,202410,202601,15,False,0.0,0.0,0.0,False,0.0,0.0,,0.0,,0.0,,0.0,False,3,0.0,0.0,0.0,0.0,DORMANT,,,,0.0,0.0,,,0.0,,,,0.0,0.0,,,0.0
500413057,"ELBOW,3/8''LOK X 3/8''FNPT, BR",TCB,Heller HRF;Heller 2017 Formic Acid;Heller FAR,Order to Demand,,28.0,15.0,3,0.375,202410,202601,15,False,0.0,0.0,0.0,False,0.0,0.0,,0.0,,0.0,,0.0,False,3,0.0,0.0,0.0,0.0,DORMANT,,,,0.0,0.0,,,0.0,,,,0.0,0.0,,,0.0
500413058,"ELBOW, 1/4'' OD LOK X NPT, PTFE",TCB,Heller FAR;Heller 2017 Formic Acid;Heller HRF,Order to Demand,,122.0,15.0,3,0.375,202410,202601,15,False,0.0,0.0,0.0,False,0.0,0.0,,0.0,,0.0,,0.0,False,3,0.0,0.0,0.0,0.0,DORMANT,,,,0.0,0.0,,,0.0,,,,0.0,0.0,,,0.0
500413059,"STR LOK, 1/4''OD X NPT, PTFE",TCB,Heller 2017 Formic Acid;Heller FAR;Heller HRF,Order to Demand,,87.0,20.0,3,0.375,202410,202601,15,False,0.0,0.0,0.0,False,0.0,0.0,,0.0,,0.0,,0.0,False,3,0.0,0.0,0.0,0.0,DORMANT,,,,0.0,0.0,,,0.0,,,,0.0,0.0,,,0.0
500413060,"RKI SENSOR, FA, 1/4'' OD",TCB,Heller FAR;Heller 2017 Formic Acid;Heller HRF,Order to Demand,,4987.0,70.0,3,0.375,202410,202601,15,False,0.0,0.0,0.0,False,0.0,0.0,,0.0,,0.0,,0.0,False,3,0.0,0.0,0.0,0.0,DORMANT,,,,0.0,0.0,,,0.0,,,,0.0,0.0,,,0.0
500413061,"RKI SENSOR, CO, 1/4'' OD",TCB,Heller 2017 Formic Acid,Order to Demand,,4987.0,70.0,3,0.375,202410,202601,15,False,0.0,0.0,0.0,False,0.0,0.0,,0.0,,0.0,,0.0,False,3,0.0,0.0,0.0,0.0,DORMANT,,,,0.0,0.0,,,0.0,,,,0.0,0.0,,,0.0
500413062,SAMPLE GAS PUMP,TCB,Heller HRF;Heller FAR;Heller 2017 Formic Acid,Order to Demand,,2847.0,40.0,3,0.375,202410,202601,15,False,0.0,0.0,0.0,False,0.0,0.0,,0.0,,0.0,,0.0,False,3,0.0,0.0,0.0,0.0,DORMANT,,,,0.0,0.0,,,0.0,,,,0.0,0.0,,,0.0
500413063,"RELIEF VALVE, STAVAL RVI05",TCB,Heller 2017 Formic Acid;Heller FAR;Heller HRF,Order to Demand,,997.0,40.0,3,0.375,202410,202601,15,False,0.0,0.0,0.0,False,0.0,0.0,,0.0,,0.0,,0.0,False,3,0.0,0.0,0.0,0.0,DORMANT,,,,0.0,0.0,,,0.0,,,,0.0,0.0,,,0.0
500413064,"PNEUMATIC VALVE,1/2'' OD,PTFE",TCB,Heller FAR;Heller 2017 Formic Acid;Heller HRF,Order to Demand,,1168.0,50.0,3,0.375,202410,202601,15,False,0.0,0.0,0.0,False,0.0,0.0,,0.0,,0.0,,0.0,False,3,0.0,0.0,0.0,0.0,DORMANT,,,,0.0,0.0,,,0.0,,,,0.0,0.0,,,0.0
500413065,"DIAPHRAGM VALVE, 1/4'' OD, PTFE",TCB,Heller FAR;Heller 2017 Formic Acid;Heller HRF,Order to Demand,,970.0,50.0,3,0.375,202410,202601,15,False,0.0,0.0,0.0,False,0.0,0.0,,0.0,,0.0,,0.0,False,3,0.0,0.0,0.0,0.0,DORMANT,,,,0.0,0.0,,,0.0,,,,0.0,0.0,,,0.0
500413066,"O RING, SIZE 3-916, EPDM",TCB,Heller HRF;Heller FAR;Heller 2017 Formic Acid,Order to Demand,,2.5,20.0,3,0.375,202410,202601,15,False,0.0,0.0,0.0,False,0.0,0.0,,0.0,,0.0,,0.0,False,3,0.0,0.0,0.0,0.0,DORMANT,,,,0.0,0.0,,,0.0,,,,0.0,0.0,,,0.0
500413067,"O RING, SIZE 3-908, EPDM",TCB,Heller 2017 Formic Acid;Heller FAR;Heller HRF,Order to Demand,,1.0,20.0,3,0.375,202410,202601,15,False,0.0,0.0,0.0,False,0.0,0.0,,0.0,,0.0,,0.0,False,3,0.0,0.0,0.0,0.0,DORMANT,,,,0.0,0.0,,,0.0,,,,0.0,0.0,,,0.0
500413068,"STR,3/4''SAE X 1/2''OD LOK,BORED THRU,SS",TCB,Heller 2017 Formic Acid;Heller FAR;Heller HRF,Order to Demand,,51.0,25.0,3,0.375,202410,202601,15,False,0.0,0.0,0.0,False,0.0,0.0,,0.0,,0.0,,0.0,False,3,0.0,0.0,0.0,0.0,DORMANT,,,,0.0,0.0,,,0.0,,,,0.0,0.0,,,0.0
500413069,"PORT CONNECTOR, 1/2''OD LOK, SS",TCB,Heller 2017 Formic Acid;Heller HRF;Heller FAR,Order to Demand,,18.0,15.0,3,0.375,202410,202601,15,False,0.0,0.0,0.0,False,0.0,0.0,,0.0,,0.0,,0.0,False,3,0.0,0.0,0.0,0.0,DORMANT,,,,0.0,0.0,,,0.0,,,,0.0,0.0,,,0.0
500413070,"STR, 1/2'' OD LOK X 1/4'' STEM, SS",TCB,Heller 2017 Formic Acid;Heller HRF;Heller FAR,Order to Demand,,19.0,15.0,3,0.375,202410,202601,15,False,0.0,0.0,0.0,False,0.0,0.0,,0.0,,0.0,,0.0,False,3,0.0,0.0,0.0,0.0,DORMANT,,,,0.0,0.0,,,0.0,,,,0.0,0.0,,,0.0
500413071,"STR, FVCO TO LOK, 1/4'', SS",TCB,Heller 2017 Formic Acid;Heller FAR;Heller HRF,Order to Demand,,193.0,30.0,3,0.375,202410,202601,15,False,0.0,0.0,0.0,False,0.0,0.0,,0.0,,0.0,,0.0,False,3,0.0,0.0,0.0,0.0,DORMANT,,,,0.0,0.0,,,0.0,,,,0.0,0.0,,,0.0
500413072,"SHUT-OFF VALVE, 1/4''OD PUSH",TCB,Heller 2017 Formic Acid;Heller HRF;Heller FAR,Order to Demand,,31.0,15.0,3,0.375,202410,202601,15,False,0.0,0.0,0.0,False,0.0,0.0,,0.0,,0.0,,0.0,False,3,0.0,0.0,0.0,0.0,DORMANT,,,,0.0,0.0,,,0.0,,,,0.0,0.0,,,0.0
500413073,"CHECK VALVE,25PSI,1/2'' LOK,SS, EPDM",TCB,Heller 2017 Formic Acid;Heller FAR;Heller HRF,Order to Demand,,243.0,20.0,3,0.375,202410,202601,15,False,0.0,0.0,0.0,False,0.0,0.0,,0.0,,0.0,,0.0,False,3,0.0,0.0,0.0,0.0,DORMANT,,,,0.0,0.0,,,0.0,,,,0.0,0.0,,,0.0
500413074,"CHECK VALVE,1/3PSI,1/2''LOK,SS, EPDM",TCB,Heller FAR;Heller HRF;Heller 2017 Formic Acid,Order to Demand,,243.0,20.0,3,0.375,202410,202601,15,False,0.0,0.0,0.0,False,0.0,0.0,,0.0,,0.0,,0.0,False,3,0.0,0.0,0.0,0.0,DORMANT,,,,0.0,0.0,,,0.0,,,,0.0,0.0,,,0.0
500413075,"ELBOW, 1/2'' X 1/4''OD LOK, SS",TCB,Heller HRF;Heller FAR;Heller 2017 Formic Acid,Order to Demand,,69.0,15.0,3,0.375,202410,202601,15,False,0.0,0.0,0.0,False,0.0,0.0,,0.0,,0.0,,0.0,False,3,0.0,0.0,0.0,0.0,DORMANT,,,,0.0,0.0,,,0.0,,,,0.0,0.0,,,0.0
500413076,"1/4 VCR GASKET, SIDE LOAD, SS",TCB,Heller FAR;Heller 2017 Formic Acid;Heller HRF,Order to Demand,,27.0,15.0,3,0.375,202410,202601,15,False,0.0,0.0,0.0,False,0.0,0.0,,0.0,,0.0,,0.0,False,3,0.0,0.0,0.0,0.0,DORMANT,,,,0.0,0.0,,,0.0,,,,0.0,0.0,,,0.0
500413077,"CHECK VALVE, 1/3PSI, 1/4'' LOK, SS, EPDM",TCB,Heller 2017 Formic Acid;Heller HRF;Heller FAR,Order to Demand,,164.0,20.0,3,0.375,202410,202601,15,False,0.0,0.0,0.0,False,0.0,0.0,,0.0,,0.0,,0.0,False,3,0.0,0.0,0.0,0.0,DORMANT,,,,0.0,0.0,,,0.0,,,,0.0,0.0,,,0.0
500413078,"SCALE, 60 LBS",TCB,Heller FAR;Heller 2017 Formic Acid;Heller HRF,Order to Demand,,2663.0,15.0,3,0.375,202410,202601,15,False,0.0,0.0,0.0,False,0.0,0.0,,0.0,,0.0,,0.0,False,3,0.0,0.0,0.0,0.0,DORMANT,,,,0.0,0.0,,,0.0,,,,0.0,0.0,,,0.0
500413079,"STR, 10-32UNF X 1/8"" OD PUSH, BR",TCB,Heller 2017 Formic Acid;Heller FAR;Heller HRF,Order to Demand,,5.25,15.0,3,0.375,202410,202601,15,False,0.0,0.0,0.0,False,0.0,0.0,,0.0,,0.0,,0.0,False,3,0.0,0.0,0.0,0.0,DORMANT,,,,0.0,0.0,,,0.0,,,,0.0,0.0,,,0.0
500413080,1/2 OD TEFLON TUBING,TCB,Heller 2017 Formic Acid;Heller HRF;Heller FAR,Order to Demand,,16.0,25.0,3,0.375,202410,202601,15,False,0.0,0.0,0.0,False,0.0,0.0,,0.0,,0.0,,0.0,False,3,0.0,0.0,0.0,0.0,DORMANT,,,,0.0,0.0,,,0.0,,,,0.0,0.0,,,0.0
500413081,"TEFLON HOSE, 1/4 OD, 3/16 ID",TCB,Heller FAR;Heller 2017 Formic Acid;Heller HRF,Order to Demand,,6.0,21.0,3,0.375,202410,202601,15,False,0.0,0.0,0.0,False,0.0,0.0,,0.0,,0.0,,0.0,False,3,0.0,0.0,0.0,0.0,DORMANT,,,,0.0,0.0,,,0.0,,,,0.0,0.0,,,0.0
500413082,"PFA TUBING, 1/8'' OD",TCB,Heller 2017 Formic Acid;Heller HRF;Heller FAR,Order to Demand,,3.0,21.0,3,0.375,202410,202601,15,False,0.0,0.0,0.0,False,0.0,0.0,,0.0,,0.0,,0.0,False,3,0.0,0.0,0.0,0.0,DORMANT,,,,0.0,0.0,,,0.0,,,,0.0,0.0,,,0.0
500413083,"ELBOW,1/4'' OD LOK X STEM,SS",TCB,Heller 2017 Formic Acid;Heller FAR;Heller HRF,Order to Demand,,42.0,15.0,3,0.375,202410,202601,15,False,0.0,0.0,0.0,False,0.0,0.0,,0.0,,0.0,,0.0,False,3,0.0,0.0,0.0,0.0,DORMANT,,,,0.0,0.0,,,0.0,,,,0.0,0.0,,,0.0
500413085,"CARBON FILTER, RKI SENSOR",TCB,Heller FAR;Heller 2017 Formic Acid;JABIL JAB;Heller HRF,Order to Demand,,329.0,30.0,4,0.5,202408,202601,17,False,2.0,0.0,2.0,True,1.0,1.0,1.0,-2.0,-1.0,-0.1075,-0.1075,-0.2546,False,4,0.0,4.0,4.0,1.0,INTERMITTENT,,2.0,,2.0,0.0,,,0.0,,2.0,,0.0,0.0,,,0.0
500413086,"BEADED FITTING, 1/2ID X 3/8NPT, BR",TCB,Heller FAR;Heller HRF;Heller 2017 Formic Acid,Order to Demand,,17.0,15.0,3,0.375,202410,202601,15,False,0.0,0.0,0.0,False,0.0,0.0,,0.0,,0.0,,0.0,False,3,0.0,0.0,0.0,0.0,DORMANT,,,,0.0,0.0,,,0.0,,,,0.0,0.0,,,0.0
500413087,"LAMP, 11.7EV, MINIRAE",TCB,Heller FAR,Order To Max,,1279.0,28.0,3,0.375,202410,202601,15,False,0.0,0.0,0.0,False,0.0,0.0,,0.0,,0.0,,0.0,False,3,0.0,0.0,0.0,0.0,DORMANT,,,,0.0,0.0,,,0.0,,,,0.0,0.0,,,0.0
500414898,NYLON STRIP (INPUTSHUTTLE X TABLE),TCB,"ASM-Pacific,Phoenix;ASM-Pacific,Firebird",Order to Demand,,40.05,55.0,3,0.375,202409,202601,16,False,0.0,0.0,0.0,False,0.0,0.0,,0.0,,0.0,,0.0,False,3,0.0,0.0,0.0,0.0,DORMANT,,,0.0,,0.0,,,0.0,,,0.0,,0.0,,,0.0
500415155,PROTECTIVE TUBE,TCB,"ASM-Pacific,Phoenix",Order to Demand,,4.45,70.0,3,0.375,202409,202601,16,False,0.0,0.0,0.0,False,0.0,0.0,,0.0,,0.0,,0.0,False,3,0.0,0.0,0.0,0.0,DORMANT,,,0.0,,0.0,,,0.0,,,0.0,,0.0,,,0.0
500417148,SCALE LOCATOR - CARRIAGE,TCB,"ASM-Pacific,Phoenix",Order to Demand,,585.62,55.0,3,0.375,202409,202601,16,False,0.0,0.0,0.0,False,0.0,0.0,,0.0,,0.0,,0.0,False,3,0.0,0.0,0.0,0.0,DORMANT,,,0.0,,0.0,,,0.0,,,0.0,,0.0,,,0.0
500417149,BS Y SCALE PROTECT TOOL (BASE SUPPORT),TCB,"ASM-Pacific,Phoenix",Order to Demand,,400.5,55.0,3,0.375,202409,202601,16,False,0.0,0.0,0.0,False,0.0,0.0,,0.0,,0.0,,0.0,False,3,0.0,0.0,0.0,0.0,DORMANT,,,0.0,,0.0,,,0.0,,,0.0,,0.0,,,0.0
500417150,SILENCER AN101-01,TCB,"ASM-Pacific,Phoenix",Order to Demand,,7.57,90.0,3,0.375,202409,202601,16,False,0.0,0.0,0.0,False,0.0,0.0,,0.0,,0.0,,0.0,False,3,0.0,0.0,0.0,0.0,DORMANT,,,0.0,,0.0,,,0.0,,,0.0,,0.0,,,0.0
500417295,SECONDARY HANDLE (UGK),TCB,"ASM-Pacific,Phoenix",Order to Demand,,129.49,90.0,3,0.375,202409,202601,16,False,0.0,0.0,0.0,False,0.0,0.0,,0.0,,0.0,,0.0,False,3,0.0,0.0,0.0,0.0,DORMANT,,,0.0,,0.0,,,0.0,,,0.0,,0.0,,,0.0
500419967,OT UPLOOK CAM GLASS & MOUNT (RETAINER),TCB,"ASM-Pacific,Phoenix",Order to Demand,,313.28,115.0,1,0.125,202601,202601,0,True,0.0,0.0,0.0,False,0.0,0.0,,0.0,,,,,False,1,0.0,0.0,0.0,0.0,SINGLE_SNAPSHOT,,,,,,,,0.0,,,,,,,,0.0
500420684,FEEDER UNLOCK DEVICE- 40 WAY,TCB,"ASM-Pacific,Phoenix",Order To Max,,2103.94,25.0,3,0.375,202409,202601,16,False,0.0,0.0,0.0,False,0.0,0.0,,0.0,,0.0,,0.0,False,3,0.0,0.0,0.0,0.0,DORMANT,,,0.0,,0.0,,,0.0,,,0.0,,0.0,,,0.0
500420685,FEEDER-CONTROLL -UNIT 80MHZ 40 SLOTS,TCB,"ASM-Pacific,Phoenix",Order To Max,,3104.94,25.0,3,0.375,202409,202601,16,False,0.0,0.0,0.0,False,0.0,0.0,,0.0,,0.0,,0.0,False,3,0.0,0.0,0.0,0.0,DORMANT,,,0.0,,0.0,,,0.0,,,0.0,,0.0,,,0.0
500420782,UPS ASSEMBLY FOR 60-20319 AND 05-02454,TCB,"ASM-Pacific,Phoenix",Order to Demand,,14466.06,55.0,3,0.375,202409,202601,16,False,0.0,0.0,0.0,False,0.0,0.0,,0.0,,0.0,,0.0,False,3,0.0,0.0,0.0,0.0,DORMANT,,,0.0,,0.0,,,0.0,,,0.0,,0.0,,,0.0
500421705,"CAMERA,DIGITAL,INTENSIFIER, NEW",TCB,"OMRON,3DXRAY,VT-X900",Order to Demand,,164911.0,95.0,3,0.375,202409,202601,16,False,0.0,0.0,0.0,False,0.0,0.0,,0.0,,0.0,,0.0,False,3,0.0,0.0,0.0,0.0,DORMANT,,,0.0,,0.0,,,0.0,,,0.0,,0.0,,,0.0
500421706,"BOARD,IMAGE,CAPTURE, NEW",TCB,"OMRON,3DXRAY,VT-X900",Order to Demand,,18839.0,50.0,3,0.375,202409,202601,16,False,0.0,0.0,0.0,False,0.0,0.0,,0.0,,0.0,,0.0,False,3,0.0,0.0,0.0,0.0,DORMANT,,,0.0,,0.0,,,0.0,,,0.0,,0.0,,,0.0
500421707,"PC, INSPECTION, NEW",TCB,"OMRON,3DXRAY,VT-X900",Order to Demand,,19549.0,65.0,3,0.375,202409,202601,16,False,0.0,0.0,0.0,False,0.0,0.0,,0.0,,0.0,,0.0,False,3,0.0,0.0,0.0,0.0,DORMANT,,,0.0,,0.0,,,0.0,,,0.0,,0.0,,,0.0
500423491,KEYBOARD UGK FOR SHUTTLES,TCB,"ASM,TCB,Y-SHUTTLE",Order to Demand,,230.51,90.0,3,0.375,202409,202601,16,False,0.0,0.0,0.0,False,0.0,0.0,,0.0,,0.0,,0.0,False,3,0.0,0.0,0.0,0.0,DORMANT,,,0.0,,0.0,,,0.0,,,0.0,,0.0,,,0.0
500423492,KEYBOARD UGK FOR PHX,TCB,"ASM-Pacific,Phoenix",Order to Demand,,1861.88,105.0,3,0.375,202409,202601,16,False,0.0,0.0,0.0,False,0.0,0.0,,0.0,,0.0,,0.0,False,3,0.0,0.0,0.0,0.0,DORMANT,,,0.0,,0.0,,,0.0,,,0.0,,0.0,,,0.0
500423493,FRONT HMI KEYBOARD UGK,TCB,"ASM-Pacific,Phoenix",Order to Demand,,944.29,80.0,3,0.375,202409,202601,16,False,0.0,0.0,0.0,False,0.0,0.0,,0.0,,0.0,,0.0,False,3,0.0,0.0,0.0,0.0,DORMANT,,,0.0,,0.0,,,0.0,,,0.0,,0.0,,,0.0
500423494,REAR HMI KEYBOARD UGK,TCB,"ASM-Pacific,Phoenix",Order to Demand,,944.29,90.0,3,0.375,202409,202601,16,False,0.0,0.0,0.0,False,0.0,0.0,,0.0,,0.0,,0.0,False,3,0.0,0.0,0.0,0.0,DORMANT,,,0.0,,0.0,,,0.0,,,0.0,,0.0,,,0.0
500425122,"INNER BOX WM,10.77X30SD,SD",TCB,BAM_Generic;Heller 2017 Formic Acid;Heller HRF;Heller 2017 MK III;Heller FAR,Order to Demand,,297.15,25.0,1,0.125,202410,202410,0,False,0.0,0.0,0.0,False,0.0,0.0,,0.0,,,,,False,1,0.0,0.0,0.0,0.0,SINGLE_SNAPSHOT,,,,0.0,,,,,,,,0.0,,,,
500425123,"DIFFUSER INNER WM, 10.77X30 SD",TCB,Heller 2017 MK III;BAM_Generic;Heller HRF;Heller 2017 Formic Acid;Heller FAR,Order to Demand,,195.3,25.0,3,0.375,202410,202601,15,False,0.0,0.0,0.0,False,0.0,0.0,,0.0,,0.0,,0.0,False,3,0.0,0.0,0.0,0.0,DORMANT,,,,0.0,0.0,,,0.0,,,,0.0,0.0,,,0.0
500425124,"DIFFUSER OUTTER WM, 10.77X30 SD",TCB,Heller 2017 Formic Acid;Heller 2017 MK III;BAM_Generic;Heller HRF,Order to Demand,,122.85,25.0,2,0.25,202410,202412,2,False,0.0,0.0,0.0,False,0.0,0.0,,0.0,,0.0,,0.0,False,2,0.0,0.0,0.0,0.0,DORMANT,,,,0.0,0.0,,,,,,,0.0,0.0,,,
500426305,PLASMA HEAD UNIT WITHOUT RD1004S,TCB,APPJ MFM-220,Order to Demand,,34340.0,52.0,4,0.5,202409,202601,16,False,0.0,0.0,0.0,False,0.0,0.0,,0.0,,0.0,,0.0,False,4,0.0,0.0,0.0,0.0,DORMANT,,,0.0,0.0,0.0,,,0.0,,,0.0,0.0,0.0,,,0.0
500426460,"BANK,NOZZLE,BS,40X30",TCB,"ASM-Pacific,Firebird;ASM-Pacific,Phoenix",Order to Demand,,550.0,70.0,2,0.25,202412,202601,13,False,0.0,0.0,0.0,False,0.0,0.0,,0.0,,0.0,,0.0,False,2,0.0,0.0,0.0,0.0,DORMANT,,,,,0.0,,,0.0,,,,,0.0,,,0.0
500427305,"TCB IR TARGET,SIC140",TCB,"ASM-Pacific,Phoenix;ASM-Pacific,Firebird",Order To Max,,156.0,40.0,3,0.375,202410,202601,15,False,0.0,1.0,1.0,True,0.333,0.471,1.414,1.0,,0.0704,0.2111,0.0,True,3,1.0,2.0,1.0,0.333,INTERMITTENT,,,,0.0,0.0,,,1.0,,,,0.0,0.0,,,1.0
500427420,"50494,L,1MM,28.389X22.317,REV3",TCB,"ASM-Pacific,Firebird;Generic;ASM-Pacific,Phoenix",Order to Demand,,5000.0,35.0,4,0.5,202409,202601,16,False,0.0,0.0,0.0,False,0.0,0.0,,0.0,,0.0,,0.0,False,4,0.0,0.0,0.0,0.0,DORMANT,,,0.0,0.0,0.0,,,0.0,,,0.0,0.0,0.0,,,0.0
500428197,"FLAT GASKET,ORANGE",TCB,Heller FAR;Heller 2017 Formic Acid,Order Beyond Max,,27.0,14.0,3,0.375,202410,202601,15,False,0.0,0.0,0.0,False,0.0,0.0,,0.0,,0.0,,0.0,False,3,0.0,0.0,0.0,0.0,DORMANT,,,,0.0,0.0,,,0.0,,,,0.0,0.0,,,0.0
500429302,"50515,L,1 MM,20.097X20.362",TCB,"ASM-Pacific,Phoenix;ASM-Pacific,Firebird;Generic",Order To Max,,4500.0,40.0,3,0.375,202409,202601,16,False,0.0,0.0,0.0,False,0.0,0.0,,0.0,,0.0,,0.0,False,3,0.0,0.0,0.0,0.0,DORMANT,,,0.0,,0.0,,,0.0,,,0.0,,0.0,,,0.0
500429470,FLUX EXHAUST SUPPLY AIR FLOW SWITCH UGK,TCB,"ASM-Pacific,Phoenix;ASM-Pacific,Firebird",Order to Demand,,485.94,90.0,3,0.375,202409,202601,16,False,0.0,0.0,0.0,False,0.0,0.0,,0.0,,0.0,,0.0,False,3,0.0,0.0,0.0,0.0,DORMANT,,,0.0,,0.0,,,0.0,,,0.0,,0.0,,,0.0
500430291,"LIGHTING,PANEL,FOV,30X60,WITH,SLOT",TCB,"ASM-Pacific,Phoenix",Order to Demand,,448.56,45.0,3,0.375,202409,202601,16,False,0.0,0.0,0.0,False,0.0,0.0,,0.0,,0.0,,0.0,False,3,0.0,0.0,0.0,0.0,DORMANT,,,0.0,,0.0,,,0.0,,,0.0,,0.0,,,0.0
500430505,CABLE FOR FLOW SENSOR,TCB,APPJ MFM-220,Order to Demand,,321.55,35.0,3,0.375,202409,202601,16,False,0.0,0.0,0.0,False,0.0,0.0,,0.0,,0.0,,0.0,False,3,0.0,0.0,0.0,0.0,DORMANT,,,0.0,,0.0,,,0.0,,,0.0,,0.0,,,0.0
500430634,HI TEMP RING TERMINAL,TCB,Heller 2017 Formic Acid;Heller VCO;Heller HRF;Heller FAR,Order To Max,,3.15,45.0,1,0.125,202412,202412,0,False,0.0,0.0,0.0,False,0.0,0.0,,0.0,,,,,False,1,0.0,0.0,0.0,0.0,SINGLE_SNAPSHOT,,,,,0.0,,,,,,,,0.0,,,
500431069,LEFT HEATED PEDESTAL ASSY (FIREBIRD),TCB,"ASM-Pacific,Firebird",Order to Demand,,14796.25,70.0,3,0.375,202409,202601,16,False,0.0,0.0,0.0,False,0.0,0.0,,0.0,,0.0,,0.0,False,3,0.0,0.0,0.0,0.0,DORMANT,,,0.0,,0.0,,,0.0,,,0.0,,0.0,,,0.0
500432513,"50536,L,1 MM,19.604X19.709",TCB,"ASM-Pacific,Firebird;ASM-Pacific,Phoenix;Generic",Order to Demand,,4500.0,40.0,4,0.5,202409,202601,16,False,0.0,0.0,0.0,False,0.0,0.0,,0.0,,0.0,,0.0,False,4,0.0,0.0,0.0,0.0,DORMANT,,,0.0,0.0,0.0,,,0.0,,,0.0,0.0,0.0,,,0.0
500433108,"GASKET ALTERATION, P-EXTRUSION- TUNNEL",TCB,Heller 2017 Formic Acid;Heller HRF;JABIL JAB,Order to Demand,,18.27,25.0,3,0.375,202410,202601,15,False,0.0,0.0,0.0,False,0.0,0.0,,0.0,,0.0,,0.0,False,3,0.0,0.0,0.0,0.0,DORMANT,,,,0.0,0.0,,,0.0,,,,0.0,0.0,,,0.0
500433110,DA-60S VACUUM PUMP REBUILD KIT,TCB,Heller HRF;Heller 2017 Formic Acid,Order to Demand,,687.0,35.0,3,0.375,202410,202601,15,False,0.0,0.0,0.0,False,0.0,0.0,,0.0,,0.0,,0.0,False,3,0.0,0.0,0.0,0.0,DORMANT,,,,0.0,0.0,,,0.0,,,,0.0,0.0,,,0.0
500435315,CAMERA PROTECTIVE COVER,TCB,Asymtek S932;Asymtek S2-932,Order To Max,,35.0,13.0,3,0.375,202410,202601,15,False,1.0,0.0,1.0,True,0.333,0.471,1.414,-1.0,-1.0,-0.0651,-0.1953,-0.784,False,3,1.0,11.0,1.0,0.333,INTERMITTENT,,,,1.0,,,0.0,0.0,,,,1.0,,,0.0,0.0
500435509,GATE(PLATE),TCB,Heller 2017 Formic Acid;Heller FAR;Heller HRF,Order to Demand,,415.8,30.0,3,0.375,202410,202601,15,False,0.0,0.0,0.0,False,0.0,0.0,,0.0,,0.0,,0.0,False,3,0.0,0.0,0.0,0.0,DORMANT,,,,0.0,0.0,,,0.0,,,,0.0,0.0,,,0.0
500462479,(DPA)LIGHT SHIELD  DIE BOND-8,TCB,"ASM-Pacific,Phoenix;ASM-Pacific,Firebird",Order to Demand,,60.52,75.0,3,0.375,202409,202601,16,False,0.0,0.0,0.0,False,0.0,0.0,,0.0,,0.0,,0.0,False,3,0.0,0.0,0.0,0.0,DORMANT,,,0.0,,0.0,,,0.0,,,0.0,,0.0,,,0.0
500462481,LBS TC CABLE ASSY,TCB,"ASM-Pacific,Phoenix;ASM-Pacific,Firebird",Order to Demand,,39.16,90.0,3,0.375,202409,202601,16,False,0.0,0.0,0.0,False,0.0,0.0,,0.0,,0.0,,0.0,False,3,0.0,0.0,0.0,0.0,DORMANT,,,0.0,,0.0,,,0.0,,,0.0,,0.0,,,0.0
500462483,RBS TC CABLE ASSY,TCB,"ASM-Pacific,Phoenix;ASM-Pacific,Firebird",Order to Demand,,44.5,55.0,3,0.375,202409,202601,16,False,0.0,0.0,0.0,False,0.0,0.0,,0.0,,0.0,,0.0,False,3,0.0,0.0,0.0,0.0,DORMANT,,,0.0,,0.0,,,0.0,,,0.0,,0.0,,,0.0
500610218,BANK 1 WITH KINEMATICS ASSY (28X19 1MM),TCB,"ASM-Pacific,Firebird;ASM-Pacific,Phoenix",Order to Demand,,650.0,70.0,3,0.375,202409,202601,16,False,0.0,0.0,0.0,False,0.0,0.0,,0.0,,0.0,,0.0,False,3,0.0,0.0,0.0,0.0,DORMANT,,,0.0,,0.0,,,0.0,,,0.0,,0.0,,,0.0
500610221,BANK 2 WITH KINEMATICS ASSY (28X19 1MM),TCB,"ASM-Pacific,Firebird;ASM-Pacific,Phoenix",Order to Demand,,650.0,70.0,4,0.5,202408,202601,17,False,2.0,1.0,2.0,True,0.75,0.829,1.106,-1.0,-0.5,0.0027,0.0036,0.0027,False,4,1.0,1.0,2.0,0.5,INTERMITTENT,,2.0,0.0,,0.0,,,1.0,,1.0,0.0,,0.0,,,0.0
500610222,BANK 3 WITH KINEMATICS ASSY (28X19 1MM),TCB,"ASM-Pacific,Firebird;ASM-Pacific,Phoenix",Order to Demand,,650.0,70.0,3,0.375,202409,202601,16,False,0.0,0.0,0.0,False,0.0,0.0,,0.0,,0.0,,0.0,False,3,0.0,0.0,0.0,0.0,DORMANT,,,0.0,,0.0,,,0.0,,,0.0,,0.0,,,0.0
500610223,BANK 1 WITH KINEMATICS ASSY (34X24 1MM),TCB,"ASM-Pacific,Firebird;ASM-Pacific,Phoenix",Order to Demand,,700.0,55.0,3,0.375,202409,202601,16,False,0.0,0.0,0.0,False,0.0,0.0,,0.0,,0.0,,0.0,False,3,0.0,0.0,0.0,0.0,DORMANT,,,0.0,,0.0,,,0.0,,,0.0,,0.0,,,0.0
500610224,BANK 2 WITH KINEMATICS ASSY (34X24 1MM),TCB,"ASM-Pacific,Phoenix;ASM-Pacific,Firebird",Order to Demand,,700.0,55.0,3,0.375,202409,202601,16,False,0.0,0.0,0.0,False,0.0,0.0,,0.0,,0.0,,0.0,False,3,0.0,0.0,0.0,0.0,DORMANT,,,0.0,,0.0,,,0.0,,,0.0,,0.0,,,0.0
500610226,BANK 3 WITH KINEMATICS ASSY (40X30 1MM),TCB,"ASM-Pacific,Phoenix;ASM-Pacific,Firebird",Order to Demand,,700.0,70.0,3,0.375,202410,202601,15,False,0.0,0.0,0.0,False,0.0,0.0,,0.0,,0.0,,0.0,False,3,0.0,0.0,0.0,0.0,DORMANT,,,,0.0,0.0,,,0.0,,,,0.0,0.0,,,0.0
500682248,CLEAN ONE-TOUCH CONNECTOR:KPQL08-01,TCB,"ASM-Pacific,Firebird;ASM-Pacific,Phoenix",Order To Max,,9.79,70.0,1,0.125,202407,202407,0,False,2.0,2.0,2.0,True,2.0,0.0,0.0,0.0,0.0,,,,False,1,2.0,3.0,0.0,0.0,SINGLE_SNAPSHOT,2.0,,,,,,,,0.0,,,,,,,
500682256,"DL OPTICS MOUNT L EXT (PHX,SLOT)",TCB,"ASM-Pacific,Phoenix",Order to Demand,,70.0,75.0,4,0.5,202407,202601,18,False,7.0,0.0,7.0,True,2.0,2.915,1.458,-7.0,-1.0,-0.2287,-0.1144,-0.2961,False,4,1.0,1.0,9.0,2.25,INTERMITTENT,7.0,,0.0,,1.0,,,0.0,7.0,,0.0,,0.0,,,0.0
500682257,"DL OPTICS MOUNT R EXT (PHX,SLOT)",TCB,"ASM-Pacific,Phoenix",Order to Demand,,70.0,75.0,4,0.5,202407,202601,18,False,7.0,0.0,7.0,True,2.0,2.915,1.458,-7.0,-1.0,-0.2287,-0.1144,-0.2961,False,4,1.0,1.0,9.0,2.25,INTERMITTENT,7.0,,0.0,,1.0,,,0.0,7.0,,0.0,,0.0,,,0.0
500682346,INSOR SENSOR 24VDC W ROUND CONNECTOR,TCB,APPJ MFM-220,Order to Demand,,342.0,30.0,3,0.375,202409,202601,16,False,0.0,0.0,0.0,False,0.0,0.0,,0.0,,0.0,,0.0,False,3,0.0,0.0,0.0,0.0,DORMANT,,,0.0,,0.0,,,0.0,,,0.0,,0.0,,,0.0
500682347,AL 6061 FIXTURE -20-105C FOR IR SENSOR,TCB,"ASM-Pacific,Phoenix",Order To Max,,185.0,66.0,3,0.375,202409,202601,16,False,0.0,0.0,0.0,False,0.0,0.0,,0.0,,0.0,,0.0,False,3,0.0,0.0,0.0,0.0,DORMANT,,,0.0,,0.0,,,0.0,,,0.0,,0.0,,,0.0
500682349,IR SENSOR CS-MINI KIT,TCB,"ASM-Pacific,Phoenix",Order To Max,,675.0,66.0,3,0.375,202409,202601,16,False,0.0,0.0,0.0,False,0.0,0.0,,0.0,,0.0,,0.0,False,3,0.0,0.0,0.0,0.0,DORMANT,,,0.0,,0.0,,,0.0,,,0.0,,0.0,,,0.0
500682686,(BH) TIP TILT ROT X FULL ASSY,TCB,"ASM-Pacific,Firebird",Order to Demand,,4183.0,75.0,3,0.375,202409,202601,16,False,0.0,0.0,0.0,False,0.0,0.0,,0.0,,0.0,,0.0,False,3,0.0,0.0,0.0,0.0,DORMANT,,,0.0,,0.0,,,0.0,,,0.0,,0.0,,,0.0
500682687,(BH) TIP TILT ROT X AUX FULL ASSY,TCB,"ASM-Pacific,Firebird",Order to Demand,,4183.0,75.0,3,0.375,202409,202601,16,False,0.0,0.0,0.0,False,0.0,0.0,,0.0,,0.0,,0.0,False,3,0.0,0.0,0.0,0.0,DORMANT,,,0.0,,0.0,,,0.0,,,0.0,,0.0,,,0.0
500682688,(BH) TIP TILT ROT Y FULL ASSY,TCB,"ASM-Pacific,Firebird",Order to Demand,,4183.0,75.0,3,0.375,202409,202601,16,False,0.0,0.0,0.0,False,0.0,0.0,,0.0,,0.0,,0.0,False,3,0.0,0.0,0.0,0.0,DORMANT,,,0.0,,0.0,,,0.0,,,0.0,,0.0,,,0.0
500682689,(BH) TIP TILT ROT Y AUX FULL ASSY,TCB,"ASM-Pacific,Firebird",Order to Demand,,4183.0,75.0,3,0.375,202409,202601,16,False,0.0,0.0,0.0,False,0.0,0.0,,0.0,,0.0,,0.0,False,3,0.0,0.0,0.0,0.0,DORMANT,,,0.0,,0.0,,,0.0,,,0.0,,0.0,,,0.0
500682792,"EXHAUST GAS HOSE F20MM, 7.0METERS",TCB,APPJ MFM-220,Order to Demand,,702.91,35.0,3,0.375,202409,202601,16,False,0.0,0.0,0.0,False,0.0,0.0,,0.0,,0.0,,0.0,False,3,0.0,0.0,0.0,0.0,DORMANT,,,0.0,,0.0,,,0.0,,,0.0,,0.0,,,0.0
500682793,"EXHASUT GAS HOSE F32MM, 7.0METERS",TCB,APPJ MFM-220,Order To Max,,660.31,20.0,2,0.25,202409,202412,3,False,0.0,0.0,0.0,False,0.0,0.0,,0.0,,0.0,,0.0,False,2,0.0,2.0,0.0,0.0,DORMANT,,,0.0,,0.0,,,,,,0.0,,0.0,,,
500683239,(MFE) OD12 PIPE UNION,TCB,"ASM-Pacific,Firebird;ASM-Pacific,Phoenix",Order to Demand,,58.74,65.0,3,0.375,202409,202601,16,False,0.0,0.0,0.0,False,0.0,0.0,,0.0,,0.0,,0.0,False,3,0.0,0.0,0.0,0.0,DORMANT,,,0.0,,0.0,,,0.0,,,0.0,,0.0,,,0.0
500683240,(IES)FLUX EXHAUST MANIFOLD ON MID BAR,TCB,"ASM-Pacific,Firebird;ASM-Pacific,Phoenix",Order to Demand,,51.62,55.0,3,0.375,202409,202601,16,False,0.0,0.0,0.0,False,0.0,0.0,,0.0,,0.0,,0.0,False,3,0.0,0.0,0.0,0.0,DORMANT,,,0.0,,0.0,,,0.0,,,0.0,,0.0,,,0.0
500683241,POLYURETHANE TUBE TU1208C-20,TCB,"ASM-Pacific,Phoenix;ASM-Pacific,Firebird",Order to Demand,,6.23,55.0,3,0.375,202409,202601,16,False,0.0,0.0,0.0,False,0.0,0.0,,0.0,,0.0,,0.0,False,3,0.0,0.0,0.0,0.0,DORMANT,,,0.0,,0.0,,,0.0,,,0.0,,0.0,,,0.0
500683242,HEX.SOC.HD.MALE CONNECTOR,TCB,"ASM-Pacific,Phoenix;ASM-Pacific,Firebird",Order to Demand,,30.26,55.0,3,0.375,202409,202601,16,False,0.0,0.0,0.0,False,0.0,0.0,,0.0,,0.0,,0.0,False,3,0.0,0.0,0.0,0.0,DORMANT,,,0.0,,0.0,,,0.0,,,0.0,,0.0,,,0.0
500683305,"ASSY, 30A CM POWER MANAGER C30",TCB,"Asymtek S2-932;NordsonAsymtek,Vantage;Generic",Order to Demand,,2000.0,11.0,3,0.375,202409,202601,16,False,0.0,0.0,0.0,False,0.0,0.0,,0.0,,0.0,,0.0,False,3,0.0,0.0,0.0,0.0,DORMANT,,,0.0,,0.0,,,0.0,,,0.0,,0.0,,,0.0
500684686,INDUSTRIES MINI KEYBOARD,TCB,"ASM-Pacific,Phoenix",Order To Max,,9.17,45.0,2,0.25,202409,202412,3,False,0.0,0.0,0.0,True,0.0,0.0,,0.0,,0.0,,-1.6667,False,2,0.0,6.0,0.0,0.0,DORMANT,,,0.0,,0.0,,,,,,0.0,,0.0,,,
500684687,SILICONE KEYBOARD PROTECTOR,TCB,"ASM-Pacific,Phoenix",Order to Demand,,1.34,45.0,3,0.375,202410,202601,15,False,0.0,0.0,0.0,False,0.0,0.0,,0.0,,0.0,,0.0,False,3,0.0,0.0,0.0,0.0,DORMANT,,,,0.0,0.0,,,0.0,,,,0.0,0.0,,,0.0
500686527,(BS-L)HEATED PEDESTAL VAC SNR 1(L),TCB,"ASM-Pacific,Firebird",Order To Max,,131.72,75.0,1,0.125,202408,202408,0,False,2.0,2.0,2.0,True,2.0,0.0,0.0,0.0,0.0,,,,False,1,2.0,2.0,0.0,0.0,SINGLE_SNAPSHOT,,2.0,,,,,,,,0.0,,,,,,
500686941,O-RING,TCB,APPJ MFM-220,Order to Demand,,190.5,20.0,4,0.5,202407,202601,18,False,1.0,0.0,1.0,True,0.25,0.433,1.732,-1.0,-1.0,-0.0318,-0.1271,-0.0318,False,4,0.0,0.0,1.0,0.25,INTERMITTENT,1.0,,0.0,,0.0,,,0.0,1.0,,0.0,,0.0,,,0.0
500686954,FABRICATE INTERPOLATOR BRACKET,TCB,"ASM-Pacific,Firebird;ASM-Pacific,Phoenix",Order To Max,,56.5,25.0,3,0.375,202409,202601,16,False,0.0,0.0,0.0,False,0.0,0.0,,0.0,,0.0,,0.0,False,3,0.0,0.0,0.0,0.0,DORMANT,,,0.0,,0.0,,,0.0,,,0.0,,0.0,,,0.0
500687333,COT SAFETY SWITCH,TCB,"ASM-Pacific,Phoenix",Order To Max,,62.31,60.0,3,0.375,202409,202601,16,False,0.0,0.0,0.0,False,0.0,0.0,,0.0,,0.0,,0.0,False,3,0.0,0.0,0.0,0.0,DORMANT,,,0.0,,0.0,,,0.0,,,0.0,,0.0,,,0.0
500688142,SOFT POLYURETHANE TUBING TUS0604B-20,TCB,"ASM-Pacific,Firebird;ASM-Pacific,Phoenix",Order to Demand,,4.0,75.0,4,0.5,202407,202601,18,False,1.0,0.0,1.0,True,0.25,0.433,1.732,-1.0,-1.0,-0.0318,-0.1271,-0.3494,False,4,0.0,0.0,0.0,0.0,INTERMITTENT,1.0,,0.0,,0.0,,,0.0,0.0,,0.0,,0.0,,,0.0
500688305,PEDESTAL VACUUM CHECK JIG,TCB,"ASM-Pacific,Firebird;ASM-Pacific,Phoenix",Order to Demand,,304.44,25.0,3,0.375,202409,202601,16,False,0.0,0.0,0.0,False,0.0,0.0,,0.0,,0.0,,0.0,False,3,0.0,0.0,0.0,0.0,DORMANT,,,0.0,,0.0,,,0.0,,,0.0,,0.0,,,0.0
500688559,16-CHANNEL DIG. INPUT TERMINAL 24V DC,TCB,"GENERIC;PLASMATREAT, APPJ_PTU1612",Order To Max,,198.0,20.0,3,0.375,202409,202601,16,False,0.0,0.0,0.0,False,0.0,0.0,,0.0,,0.0,,0.0,False,3,0.0,0.0,0.0,0.0,DORMANT,,,0.0,,0.0,,,0.0,,,0.0,,0.0,,,0.0
500688560,"4CH,ANALOG,OUTPUT,TERMINAL,0..10 V",TCB,"PLASMATREAT, APPJ_PTU1612;GENERIC",Order To Max,,372.0,20.0,4,0.5,202409,202601,16,False,0.0,0.0,0.0,False,0.0,0.0,,0.0,,0.0,,0.0,False,4,0.0,0.0,0.0,0.0,DORMANT,,,0.0,0.0,0.0,,,0.0,,,0.0,0.0,0.0,,,0.0
500688561,"ETHERCAT,COUPLER FOR,E-BUS,TERMINALS",TCB,"PLASMATREAT, APPJ_PTU1612;GENERIC",Order To Max,,270.0,20.0,4,0.5,202409,202601,16,False,0.0,1.0,1.0,True,0.25,0.433,1.732,1.0,,0.0663,0.2651,0.0663,False,4,1.0,1.0,1.0,0.25,INTERMITTENT,,,0.0,0.0,0.0,,,1.0,,,0.0,0.0,0.0,,,0.0
500688562,PS TERMINAL FOR E-BUS REFRESHMENT,TCB,"GENERIC;PLASMATREAT, APPJ_PTU1612",Order To Max,,138.0,20.0,3,0.375,202409,202601,16,False,0.0,0.0,0.0,False,0.0,0.0,,0.0,,0.0,,0.0,False,3,0.0,0.0,0.0,0.0,DORMANT,,,0.0,,0.0,,,0.0,,,0.0,,0.0,,,0.0
500688563,"16-CHANNEL,DIG,OUTPUT,TERMINAL,24V,DC",TCB,"GENERIC;PLASMATREAT, APPJ_PTU1612",Order To Max,,216.0,20.0,3,0.375,202409,202601,16,False,0.0,0.0,0.0,False,0.0,0.0,,0.0,,0.0,,0.0,False,3,0.0,0.0,0.0,0.0,DORMANT,,,0.0,,0.0,,,0.0,,,0.0,,0.0,,,0.0
500688564,"PROFINET,RT,CONTROLLER,TERMINAL,MASTER",TCB,"PLASMATREAT, APPJ_PTU1612;GENERIC",Order To Max,,1194.0,20.0,4,0.5,202409,202601,16,False,0.0,0.0,0.0,False,0.0,0.0,,0.0,,0.0,,0.0,False,4,0.0,0.0,0.0,0.0,DORMANT,,,0.0,0.0,0.0,,,0.0,,,0.0,0.0,0.0,,,0.0
500688565,"CAN,OPEN,MASTER,TERMINAL",TCB,"GENERIC;PLASMATREAT, APPJ_PTU1612",Order To Max,,1098.0,20.0,4,0.5,202409,202601,16,False,0.0,0.0,0.0,False,0.0,0.0,,0.0,,0.0,,0.0,False,4,0.0,0.0,0.0,0.0,DORMANT,,,0.0,0.0,0.0,,,0.0,,,0.0,0.0,0.0,,,0.0
500688566,"AS2022-0H10,STEPPER,MOTOR,24/50VDC",TCB,"GENERIC;PLASMATREAT, APPJ_PTU1612",Order To Max,,870.0,20.0,3,0.375,202409,202601,16,False,0.0,0.0,0.0,False,0.0,0.0,,0.0,,0.0,,0.0,False,3,0.0,0.0,0.0,0.0,DORMANT,,,0.0,,0.0,,,0.0,,,0.0,,0.0,,,0.0
500688567,"COMPACT,INDUSTRIAL,-PC 2,8 GHZ,2CORES",TCB,"PLASMATREAT, APPJ_PTU1612;GENERIC",Order to Demand,,7620.0,20.0,3,0.375,202409,202601,16,False,0.0,0.0,0.0,False,0.0,0.0,,0.0,,0.0,,0.0,False,3,0.0,0.0,0.0,0.0,DORMANT,,,0.0,,0.0,,,0.0,,,0.0,,0.0,,,0.0
500688568,"DAE10,MAINTENANCE,UNIT,COMPLETE",TCB,"GENERIC;PLASMATREAT, APPJ_PTU1612",Order to Demand,,2053.5,15.0,3,0.375,202409,202601,16,False,0.0,0.0,0.0,False,0.0,0.0,,0.0,,0.0,,0.0,False,3,0.0,0.0,0.0,0.0,DORMANT,,,0.0,,0.0,,,0.0,,,0.0,,0.0,,,0.0
500688569,"EDGE,BELT,CONVEYOR,RAIL,KIT,2,DRIVE",TCB,"GENERIC;PLASMATREAT, APPJ_PTU1612",Order to Demand,,0.01,35.0,3,0.375,202409,202601,16,False,0.0,0.0,0.0,False,0.0,0.0,,0.0,,0.0,,0.0,False,3,0.0,0.0,0.0,0.0,DORMANT,,,0.0,,0.0,,,0.0,,,0.0,,0.0,,,0.0
500688570,PLASMATREAT GANTRY,TCB,"GENERIC;PLASMATREAT, APPJ_PTU1612",Order to Demand,,0.01,35.0,3,0.375,202409,202601,16,False,0.0,0.0,0.0,False,0.0,0.0,,0.0,,0.0,,0.0,False,3,0.0,0.0,0.0,0.0,DORMANT,,,0.0,,0.0,,,0.0,,,0.0,,0.0,,,0.0
500688571,"MACHINE,LIGHT,MSAL,90,SIP68,ALUMINIUM",TCB,"GENERIC;PLASMATREAT, APPJ_PTU1612",Order to Demand,,1520.7,15.0,3,0.375,202409,202601,16,False,0.0,0.0,0.0,False,0.0,0.0,,0.0,,0.0,,0.0,False,3,0.0,0.0,0.0,0.0,DORMANT,,,0.0,,0.0,,,0.0,,,0.0,,0.0,,,0.0
500688572,"ENERGY CHAIN, LENGTH = 644MM",TCB,"GENERIC;PLASMATREAT, APPJ_PTU1612",Order to Demand,,150.0,20.0,3,0.375,202409,202601,16,False,0.0,0.0,0.0,False,0.0,0.0,,0.0,,0.0,,0.0,False,3,0.0,0.0,0.0,0.0,DORMANT,,,0.0,,0.0,,,0.0,,,0.0,,0.0,,,0.0
500688577,"EXPANSION,UNIT,(CV-X400,XG-X),CA-DC40E",TCB,"GENERIC;PLASMATREAT, APPJ_PTU1612",Order to Demand,,1374.0,20.0,3,0.375,202409,202601,16,False,0.0,0.0,0.0,False,0.0,0.0,,0.0,,0.0,,0.0,False,3,0.0,0.0,0.0,0.0,DORMANT,,,0.0,,0.0,,,0.0,,,0.0,,0.0,,,0.0
500688578,"LED,LIGHTING,ROD,TYPE,WHITE,CA-DBW24W",TCB,"GENERIC;PLASMATREAT, APPJ_PTU1612",Order to Demand,,4230.0,20.0,3,0.375,202409,202601,16,False,0.0,0.0,0.0,False,0.0,0.0,,0.0,,0.0,,0.0,False,3,0.0,0.0,0.0,0.0,DORMANT,,,0.0,,0.0,,,0.0,,,0.0,,0.0,,,0.0
500688579,"PTF15672-1,BRACKET,FLOW,SENSOR,PA6,BLK",TCB,"GENERIC;PLASMATREAT, APPJ_PTU1612",Order to Demand,,405.0,15.0,3,0.375,202409,202601,16,False,0.0,0.0,0.0,False,0.0,0.0,,0.0,,0.0,,0.0,False,3,0.0,0.0,0.0,0.0,DORMANT,,,0.0,,0.0,,,0.0,,,0.0,,0.0,,,0.0
500688580,"SD,20,SIDE,CH,BLOWER,400V,FUK,VARIANT",TCB,"GENERIC;PLASMATREAT, APPJ_PTU1612",Order to Demand,,5386.5,15.0,3,0.375,202409,202601,16,False,0.0,0.0,0.0,False,0.0,0.0,,0.0,,0.0,,0.0,False,3,0.0,0.0,0.0,0.0,DORMANT,,,0.0,,0.0,,,0.0,,,0.0,,0.0,,,0.0
500688581,"PC,INTERFACE,CABLE,INVEOR(2M/M12)",TCB,"PLASMATREAT, APPJ_PTU1612;GENERIC",Order to Demand,,477.3,15.0,3,0.375,202409,202601,16,False,0.0,0.0,0.0,False,0.0,0.0,,0.0,,0.0,,0.0,False,3,0.0,0.0,0.0,0.0,DORMANT,,,0.0,,0.0,,,0.0,,,0.0,,0.0,,,0.0
500688582,"CONVEYOR,OPT,SENSORS,V20.0",TCB,"PLASMATREAT, APPJ_PTU1612;GENERIC",Order to Demand,,1098.9,15.0,4,0.5,202408,202601,17,False,1.0,0.0,1.0,True,0.25,0.433,1.732,-1.0,-1.0,-0.0297,-0.1189,-0.0297,False,4,0.0,0.0,0.0,0.0,INTERMITTENT,,1.0,0.0,,0.0,,,0.0,,0.0,0.0,,0.0,,,0.0
500688583,"EXHAUST,HOSE,DN40,PUR,L",TCB,"PLASMATREAT, APPJ_PTU1612;GENERIC",Order to Demand,,103.23,15.0,3,0.375,202409,202601,16,False,0.0,0.0,0.0,False,0.0,0.0,,0.0,,0.0,,0.0,False,3,0.0,0.0,0.0,0.0,DORMANT,,,0.0,,0.0,,,0.0,,,0.0,,0.0,,,0.0
500688584,"SDP:,A,6A,3-12DF02508,PULLEY",TCB,"GENERIC;PLASMATREAT, APPJ_PTU1612",Order to Demand,,48.0,25.0,3,0.375,202409,202601,16,False,0.0,0.0,0.0,False,0.0,0.0,,0.0,,0.0,,0.0,False,3,0.0,0.0,0.0,0.0,DORMANT,,,0.0,,0.0,,,0.0,,,0.0,,0.0,,,0.0
500688585,"IDLE,PULLEY,5MM,EB",TCB,"GENERIC;PLASMATREAT, APPJ_PTU1612",Order to Demand,,42.0,25.0,3,0.375,202409,202601,16,False,0.0,0.0,0.0,False,0.0,0.0,,0.0,,0.0,,0.0,False,3,0.0,0.0,0.0,0.0,DORMANT,,,0.0,,0.0,,,0.0,,,0.0,,0.0,,,0.0
500688586,"WEARSTRIP;1.62M,EB,2DR-RH",TCB,"PLASMATREAT, APPJ_PTU1612;GENERIC",Order to Demand,,390.0,25.0,3,0.375,202409,202601,16,False,0.0,0.0,0.0,False,0.0,0.0,,0.0,,0.0,,0.0,False,3,0.0,0.0,0.0,0.0,DORMANT,,,0.0,,0.0,,,0.0,,,0.0,,0.0,,,0.0
500688587,"WEARSTRIP;1.62M,EB,DR-LH",TCB,"GENERIC;PLASMATREAT, APPJ_PTU1612",Order to Demand,,390.0,25.0,3,0.375,202409,202601,16,False,0.0,0.0,0.0,False,0.0,0.0,,0.0,,0.0,,0.0,False,3,0.0,0.0,0.0,0.0,DORMANT,,,0.0,,0.0,,,0.0,,,0.0,,0.0,,,0.0
500688588,"BELT,768XL X .156 X .2 PITCH",TCB,"PLASMATREAT, APPJ_PTU1612;GENERIC",Order to Demand,,102.0,25.0,2,0.25,202409,202412,3,False,0.0,0.0,0.0,False,0.0,0.0,,0.0,,0.0,,0.0,False,2,0.0,0.0,0.0,0.0,DORMANT,,,0.0,,0.0,,,,,,0.0,,0.0,,,
500688589,"BELT,82XLL,X.156X.2,PITCH",TCB,"PLASMATREAT, APPJ_PTU1612;GENERIC",Order to Demand,,102.0,25.0,3,0.375,202409,202601,16,False,0.0,0.0,0.0,False,0.0,0.0,,0.0,,0.0,,0.0,False,3,0.0,0.0,0.0,0.0,DORMANT,,,0.0,,0.0,,,0.0,,,0.0,,0.0,,,0.0
500688590,"BELT,888XL,X.156X.2,PITCH",TCB,"GENERIC;PLASMATREAT, APPJ_PTU1612",Order to Demand,,192.0,25.0,3,0.375,202409,202601,16,False,0.0,0.0,0.0,False,0.0,0.0,,0.0,,0.0,,0.0,False,3,0.0,0.0,0.0,0.0,DORMANT,,,0.0,,0.0,,,0.0,,,0.0,,0.0,,,0.0
500688591,"PTF16139-2,CYLINDRICAL,JETBODY,STAINLESS",TCB,"GENERIC;PLASMATREAT, APPJ_PTU1612",Order to Demand,,803.64,15.0,3,0.375,202409,202601,16,False,0.0,0.0,0.0,False,0.0,0.0,,0.0,,0.0,,0.0,False,3,0.0,0.0,0.0,0.0,DORMANT,,,0.0,,0.0,,,0.0,,,0.0,,0.0,,,0.0
500688592,"GREASE,EP,ADDITIVES,400G,CARTRIDGE",TCB,"GENERIC;PLASMATREAT, APPJ_PTU1612",Order to Demand,,144.3,15.0,3,0.375,202409,202601,16,False,0.0,0.0,0.0,False,0.0,0.0,,0.0,,0.0,,0.0,False,3,0.0,0.0,0.0,0.0,DORMANT,,,0.0,,0.0,,,0.0,,,0.0,,0.0,,,0.0
500688593,"PTF15533-3,PERFORATED,SHEET,FUNNEL,CUT",TCB,"GENERIC;PLASMATREAT, APPJ_PTU1612",Order to Demand,,410.7,15.0,3,0.375,202409,202601,16,False,0.0,0.0,0.0,False,0.0,0.0,,0.0,,0.0,,0.0,False,3,0.0,0.0,0.0,0.0,DORMANT,,,0.0,,0.0,,,0.0,,,0.0,,0.0,,,0.0
500688594,"10PK,FUSE,600V,10X38MM,25A,15A,10A,5A",TCB,"PLASMATREAT, APPJ_PTU1612;GENERIC",Order to Demand,,2053.5,15.0,3,0.375,202409,202601,16,False,0.0,0.0,0.0,False,0.0,0.0,,0.0,,0.0,,0.0,False,3,0.0,0.0,0.0,0.0,DORMANT,,,0.0,,0.0,,,0.0,,,0.0,,0.0,,,0.0
500688595,"DIGITAL,FIBER,SENSOR,MAIN,UNIT,(M8TYPE)",TCB,"PLASMATREAT, APPJ_PTU1612;GENERIC",Order to Demand,,1287.6,15.0,3,0.375,202409,202601,16,False,0.0,0.0,0.0,False,0.0,0.0,,0.0,,0.0,,0.0,False,3,0.0,0.0,0.0,0.0,DORMANT,,,0.0,,0.0,,,0.0,,,0.0,,0.0,,,0.0
500688596,"SK,EXIT,FILTER,W:116.5XH: 116.5XD:16MM",TCB,"GENERIC;PLASMATREAT, APPJ_PTU1612",Order to Demand,,66.87,15.0,3,0.375,202409,202601,16,False,0.0,0.0,0.0,False,0.0,0.0,,0.0,,0.0,,0.0,False,3,0.0,0.0,0.0,0.0,DORMANT,,,0.0,,0.0,,,0.0,,,0.0,,0.0,,,0.0
500688597,"SENSOR,CABINET,DOOR,MONITOR,ELEC.V20.0",TCB,"GENERIC;PLASMATREAT, APPJ_PTU1612",Order to Demand,,441.78,15.0,3,0.375,202409,202601,16,False,0.0,0.0,0.0,False,0.0,0.0,,0.0,,0.0,,0.0,False,3,0.0,0.0,0.0,0.0,DORMANT,,,0.0,,0.0,,,0.0,,,0.0,,0.0,,,0.0
500688598,"LAMPS,FOR,SERVICE,SPACE,V20.0",TCB,"PLASMATREAT, APPJ_PTU1612;GENERIC",Order to Demand,,876.9,15.0,3,0.375,202409,202601,16,False,0.0,0.0,0.0,False,0.0,0.0,,0.0,,0.0,,0.0,False,3,0.0,0.0,0.0,0.0,DORMANT,,,0.0,,0.0,,,0.0,,,0.0,,0.0,,,0.0
500688599,"RD1004-JETHEAD,DUSTCOVER,V20.0",TCB,"GENERIC;PLASMATREAT, APPJ_PTU1612",Order to Demand,,16848.0,20.0,3,0.375,202409,202601,16,False,0.0,0.0,0.0,False,0.0,0.0,,0.0,,0.0,,0.0,False,3,0.0,0.0,0.0,0.0,DORMANT,,,0.0,,0.0,,,0.0,,,0.0,,0.0,,,0.0
500688601,"SIGNAL,LIGHT,ELECTRICAL,V20.0",TCB,"GENERIC;PLASMATREAT, APPJ_PTU1612",Order to Demand,,610.5,15.0,3,0.375,202409,202601,16,False,0.0,0.0,0.0,False,0.0,0.0,,0.0,,0.0,,0.0,False,3,0.0,0.0,0.0,0.0,DORMANT,,,0.0,,0.0,,,0.0,,,0.0,,0.0,,,0.0
500688602,"HMI,OPERATIONS,COMPLETE,ELECTR.",TCB,"GENERIC;PLASMATREAT, APPJ_PTU1612",Order to Demand,,0.01,25.0,3,0.375,202409,202601,16,False,0.0,0.0,0.0,False,0.0,0.0,,0.0,,0.0,,0.0,False,3,0.0,0.0,0.0,0.0,DORMANT,,,0.0,,0.0,,,0.0,,,0.0,,0.0,,,0.0
500688603,PCU-M,TCB,"GENERIC;PLASMATREAT, APPJ_PTU1612",Order To Max,,20320.2,20.0,3,0.375,202409,202601,16,False,0.0,0.0,1.0,True,0.333,0.471,1.414,0.0,,-0.023,-0.0691,-0.023,False,3,1.0,2.0,2.0,0.667,INTERMITTENT,,,0.0,,1.0,,,0.0,,,0.0,,0.0,,,0.0
500688604,"STEPPER,MOTOR,TERMINALS,W,FR-50V,DC,5A",TCB,"GENERIC;PLASMATREAT, APPJ_PTU1612",Order To Max,,690.0,20.0,3,0.375,202410,202601,15,False,0.0,0.0,0.0,True,0.0,0.0,,0.0,,0.0,,-0.0704,False,3,0.0,1.0,0.0,0.0,DORMANT,,,,0.0,0.0,,,0.0,,,,0.0,0.0,,,0.0
500688605,"SAFETY,SENSOR,BNS,260,LEFT,3O,2S",TCB,"PLASMATREAT, APPJ_PTU1612;GENERIC",Order To Max,,432.9,15.0,3,0.375,202410,202601,15,False,0.0,0.0,0.0,False,0.0,0.0,,0.0,,0.0,,0.0,False,3,0.0,0.0,0.0,0.0,DORMANT,,,,0.0,0.0,,,0.0,,,,0.0,0.0,,,0.0
500688606,SECURE SAFETY GATE SYSTEM TRANSPONDER,TCB,"GENERIC;PLASMATREAT, APPJ_PTU1612",Order To Max,,2109.0,15.0,3,0.375,202409,202601,16,False,0.0,0.0,0.0,False,0.0,0.0,,0.0,,0.0,,0.0,False,3,0.0,0.0,0.0,0.0,DORMANT,,,0.0,,0.0,,,0.0,,,0.0,,0.0,,,0.0
500688607,NOZZLE HEAD 11 POTENTIAL FREE MOUNTED,TCB,"GENERIC;PLASMATREAT, APPJ_PTU1612",Order To Max,,749.16,15.0,5,0.625,202409,202601,16,False,1.0,2.0,3.0,True,2.2,0.748,0.34,1.0,1.0,0.0108,0.0049,0.53,True,5,10.0,11.0,17.0,3.4,STABLE,,,1.0,3.0,2.0,3.0,,2.0,,,0.0,2.0,0.0,2.0,,2.0
500688608,"TIMING,BELT,JET,ROTATION",TCB,"PLASMATREAT, APPJ_PTU1612;GENERIC",Order To Max,,33.57,15.0,4,0.5,202407,202601,18,False,4.0,0.0,4.0,True,1.0,1.732,1.732,-4.0,-1.0,-0.1271,-0.1271,-0.1703,False,4,0.0,0.0,1.0,0.25,INTERMITTENT,4.0,,0.0,,0.0,,,0.0,1.0,,0.0,,0.0,,,0.0
500688609,"AIR,ROTATION,W/ISOLATOR,RD1004/PFW10",TCB,"GENERIC;PLASMATREAT, APPJ_PTU1612",Order To Max,,550.69,15.0,3,0.375,202409,202601,16,False,0.0,0.0,0.0,False,0.0,0.0,,0.0,,0.0,,0.0,False,3,0.0,0.0,0.0,0.0,DORMANT,,,0.0,,0.0,,,0.0,,,0.0,,0.0,,,0.0
500688610,GLASS ROD 184MM DIA 5MM,TCB,"PLASMATREAT, APPJ_PTU1612;GENERIC",Order To Max,,84.14,15.0,4,0.5,202408,202601,17,False,4.0,0.0,4.0,True,1.5,1.5,1.0,-4.0,-1.0,-0.1612,-0.1075,-0.0438,False,4,2.0,2.0,4.0,1.0,DECREASING,,4.0,,1.0,1.0,,,0.0,,0.0,,0.0,1.0,,,0.0
500688611,"SMALL CARBON BRUSH RD1004,RD2010",TCB,"GENERIC;PLASMATREAT, APPJ_PTU1612",Order To Max,,5.55,15.0,4,0.5,202409,202601,16,False,2.0,4.0,12.0,True,6.5,3.841,0.591,2.0,1.0,-0.0784,-0.0121,1.0613,True,4,24.0,29.0,37.0,9.25,STABLE,,,2.0,,12.0,,8.0,4.0,,,0.0,,5.0,,0.0,4.0
500688612,NOBLE CARBON BRUSH 6 RD FOR RD1004,TCB,"GENERIC;PLASMATREAT, APPJ_PTU1612",Order To Max,,24.53,15.0,5,0.625,202407,202505,10,False,6.0,8.0,9.0,True,5.8,3.124,0.539,2.0,0.333,0.3312,0.0571,1.0032,False,5,23.0,31.0,23.0,4.6,STABLE,6.0,6.0,,0.0,9.0,,8.0,,2.0,0.0,,0.0,4.0,,0.0,
500688613,"MOTOR,M1004,DC",TCB,"GENERIC;PLASMATREAT, APPJ_PTU1612",Order to Demand,,1154.4,15.0,3,0.375,202409,202601,16,False,0.0,0.0,0.0,False,0.0,0.0,,0.0,,0.0,,0.0,False,3,0.0,0.0,0.0,0.0,DORMANT,,,0.0,,0.0,,,0.0,,,0.0,,0.0,,,0.0
500688614,"SAFETY,SENSOR,ACTUATOR,BPS,260-1",TCB,"GENERIC;PLASMATREAT, APPJ_PTU1612",Order To Max,,77.7,15.0,3,0.375,202409,202601,16,False,0.0,0.0,0.0,False,0.0,0.0,,0.0,,0.0,,0.0,False,3,0.0,0.0,0.0,0.0,DORMANT,,,0.0,,0.0,,,0.0,,,0.0,,0.0,,,0.0
500688615,50 ASPIRATOR HOSE POLY ESD CONDUCTIVE,TCB,"PLASMATREAT, APPJ_PTU1612;GENERIC",Order to Demand,,241.98,15.0,3,0.375,202409,202601,16,False,0.0,0.0,0.0,False,0.0,0.0,,0.0,,0.0,,0.0,False,3,0.0,0.0,0.0,0.0,DORMANT,,,0.0,,0.0,,,0.0,,,0.0,,0.0,,,0.0
500688616,"AIR,FLOW,SENSOR,FOR,AIR,10M/S",TCB,"PLASMATREAT, APPJ_PTU1612;GENERIC",Order To Max,,607.5,15.0,4,0.5,202409,202601,16,False,0.0,0.0,0.0,False,0.0,0.0,,0.0,,0.0,,0.0,False,4,0.0,0.0,0.0,0.0,DORMANT,,,0.0,0.0,0.0,,,0.0,,,0.0,0.0,0.0,,,0.0
500688617,"WIDE,RANGE,MODULE/WRS1501",TCB,"GENERIC;PLASMATREAT, APPJ_PTU1612",Order To Max,,11110.5,20.0,3,0.375,202409,202601,16,False,0.0,0.0,0.0,True,-0.333,0.471,,0.0,,0.023,,0.023,False,3,1.0,1.0,1.0,0.333,INTERMITTENT,,,0.0,,-1.0,,,0.0,,,1.0,,0.0,,,0.0
500688618,"INDUCTOR,DR-67",TCB,"PLASMATREAT, APPJ_PTU1612;GENERIC",Order to Demand,,321.9,15.0,3,0.375,202409,202601,16,False,0.0,0.0,0.0,False,0.0,0.0,,0.0,,0.0,,0.0,False,3,0.0,0.0,0.0,0.0,DORMANT,,,0.0,,0.0,,,0.0,,,0.0,,0.0,,,0.0
500688619,"SAFETY,SENSOR,BNS,260,RIGHT,3O,2S",TCB,"PLASMATREAT, APPJ_PTU1612;GENERIC",Order To Max,,432.9,15.0,4,0.5,202409,202601,16,False,0.0,0.0,0.0,False,0.0,0.0,,0.0,,0.0,,0.0,False,4,0.0,0.0,0.0,0.0,DORMANT,,,0.0,0.0,0.0,,,0.0,,,0.0,0.0,0.0,,,0.0
500688620,"FESTO,SPINDLE,AXIS,COMPLETE",TCB,"PLASMATREAT, APPJ_PTU1612;GENERIC",Order to Demand,,2430.0,25.0,3,0.375,202409,202601,16,False,0.0,0.0,0.0,False,0.0,0.0,,0.0,,0.0,,0.0,False,3,0.0,0.0,0.0,0.0,DORMANT,,,0.0,,0.0,,,0.0,,,0.0,,0.0,,,0.0
500688621,"FESTO,AXIAL,KIT,EAMM-A-S38-60P",TCB,"GENERIC;PLASMATREAT, APPJ_PTU1612",Order to Demand,,306.0,25.0,3,0.375,202409,202601,16,False,0.0,0.0,0.0,False,0.0,0.0,,0.0,,0.0,,0.0,False,3,0.0,0.0,0.0,0.0,DORMANT,,,0.0,,0.0,,,0.0,,,0.0,,0.0,,,0.0
500688622,"Y-AXIS OF PT-GANTRY, TOOTHED BELT 36 NMY",TCB,"GENERIC;PLASMATREAT, APPJ_PTU1612",Order to Demand,,2706.0,25.0,3,0.375,202409,202601,16,False,0.0,0.0,0.0,False,0.0,0.0,,0.0,,0.0,,0.0,False,3,0.0,0.0,0.0,0.0,DORMANT,,,0.0,,0.0,,,0.0,,,0.0,,0.0,,,0.0
500688623,"AXIAL,KIT,EAMM-A-L48-60H",TCB,"GENERIC;PLASMATREAT, APPJ_PTU1612",Order to Demand,,372.0,25.0,3,0.375,202409,202601,16,False,0.0,0.0,0.0,False,0.0,0.0,,0.0,,0.0,,0.0,False,3,0.0,0.0,0.0,0.0,DORMANT,,,0.0,,0.0,,,0.0,,,0.0,,0.0,,,0.0
500688624,"GEAR,BOX,EMGA-60-P-G5-EAS-60",TCB,"GENERIC;PLASMATREAT, APPJ_PTU1612",Order to Demand,,888.0,25.0,3,0.375,202409,202601,16,False,0.0,0.0,0.0,False,0.0,0.0,,0.0,,0.0,,0.0,False,3,0.0,0.0,0.0,0.0,DORMANT,,,0.0,,0.0,,,0.0,,,0.0,,0.0,,,0.0
500688625,DC SERVOMOTOR 310W,TCB,"GENERIC;PLASMATREAT, APPJ_PTU1612",Order to Demand,,2328.0,25.0,3,0.375,202409,202601,16,False,0.0,0.0,0.0,False,0.0,0.0,,0.0,,0.0,,0.0,False,3,0.0,0.0,0.0,0.0,DORMANT,,,0.0,,0.0,,,0.0,,,0.0,,0.0,,,0.0
500688626,"SHOCK,ABSORBER,RETAINER,KYE-80",TCB,"GENERIC;PLASMATREAT, APPJ_PTU1612",Order to Demand,,126.0,20.0,3,0.375,202409,202601,16,False,0.0,0.0,0.0,False,0.0,0.0,,0.0,,0.0,,0.0,False,3,0.0,0.0,0.0,0.0,DORMANT,,,0.0,,0.0,,,0.0,,,0.0,,0.0,,,0.0
500688627,"X-AXIS OF PT-GANTRY, TOOTHED BELT 36 NM",TCB,"PLASMATREAT, APPJ_PTU1612;GENERIC",Order to Demand,,3108.0,25.0,3,0.375,202409,202601,16,False,0.0,0.0,0.0,False,0.0,0.0,,0.0,,0.0,,0.0,False,3,0.0,0.0,0.0,0.0,DORMANT,,,0.0,,0.0,,,0.0,,,0.0,,0.0,,,0.0
500688628,"PROX,SWITCH,SIES-8M-PO-24V-K-0,3-M8D",TCB,"GENERIC;PLASMATREAT, APPJ_PTU1612",Order to Demand,,126.0,20.0,3,0.375,202409,202601,16,False,0.0,0.0,0.0,False,0.0,0.0,,0.0,,0.0,,0.0,False,3,0.0,0.0,0.0,0.0,DORMANT,,,0.0,,0.0,,,0.0,,,0.0,,0.0,,,0.0
500688629,SERVO DRIVE 600W,TCB,"GENERIC;PLASMATREAT, APPJ_PTU1612",Order to Demand,,3036.0,20.0,3,0.375,202409,202601,16,False,0.0,0.0,0.0,False,0.0,0.0,,0.0,,0.0,,0.0,False,3,0.0,0.0,0.0,0.0,DORMANT,,,0.0,,0.0,,,0.0,,,0.0,,0.0,,,0.0
500688630,"ROTATION,PULLEY,FOR,MOTOR",TCB,"PLASMATREAT, APPJ_PTU1612;GENERIC",Order to Demand,,169.5,15.0,3,0.375,202409,202601,16,False,0.0,0.0,0.0,False,0.0,0.0,,0.0,,0.0,,0.0,False,3,0.0,0.0,0.0,0.0,DORMANT,,,0.0,,0.0,,,0.0,,,0.0,,0.0,,,0.0
500688631,"6X14,CLAMPING,SET,4ROTATION,STAINLESS",TCB,"GENERIC;PLASMATREAT, APPJ_PTU1612",Order to Demand,,175.38,15.0,3,0.375,202409,202601,16,False,0.0,0.0,0.0,False,0.0,0.0,,0.0,,0.0,,0.0,False,3,0.0,0.0,0.0,0.0,DORMANT,,,0.0,,0.0,,,0.0,,,0.0,,0.0,,,0.0
500688632,"O-SEAL,29.0X3.00/RED,O-RING",TCB,"GENERIC;PLASMATREAT, APPJ_PTU1612",Order to Demand,,2.24,15.0,3,0.375,202409,202601,16,False,0.0,0.0,0.0,False,0.0,0.0,,0.0,,0.0,,0.0,False,3,0.0,0.0,0.0,0.0,DORMANT,,,0.0,,0.0,,,0.0,,,0.0,,0.0,,,0.0
500688633,SK FILTER FAN 55M/24V,TCB,"GENERIC;PLASMATREAT, APPJ_PTU1612",Order to Demand,,457.21,15.0,3,0.375,202409,202601,16,False,0.0,0.0,0.0,False,0.0,0.0,,0.0,,0.0,,0.0,False,3,0.0,0.0,0.0,0.0,DORMANT,,,0.0,,0.0,,,0.0,,,0.0,,0.0,,,0.0
500688634,"SK,EXIT,FILTER,W:148.5XH:148.5XD:24MM",TCB,"GENERIC;PLASMATREAT, APPJ_PTU1612",Order to Demand,,91.62,15.0,3,0.375,202409,202601,16,False,0.0,0.0,0.0,False,0.0,0.0,,0.0,,0.0,,0.0,False,3,0.0,0.0,0.0,0.0,DORMANT,,,0.0,,0.0,,,0.0,,,0.0,,0.0,,,0.0
500688635,FILTER FAN 20 M/H 24V DC,TCB,"GENERIC;PLASMATREAT, APPJ_PTU1612",Order to Demand,,307.47,15.0,3,0.375,202409,202601,16,False,0.0,0.0,0.0,False,0.0,0.0,,0.0,,0.0,,0.0,False,3,0.0,0.0,0.0,0.0,DORMANT,,,0.0,,0.0,,,0.0,,,0.0,,0.0,,,0.0
500688636,"ROTATION,CONNECTOR,PIN",TCB,"PLASMATREAT, APPJ_PTU1612;GENERIC",Order to Demand,,158.95,15.0,3,0.375,202409,202601,16,False,0.0,0.0,0.0,False,0.0,0.0,,0.0,,0.0,,0.0,False,3,0.0,0.0,0.0,0.0,DORMANT,,,0.0,,0.0,,,0.0,,,0.0,,0.0,,,0.0
500688637,SST ROTATION ROTOR / 53,TCB,"PLASMATREAT, APPJ_PTU1612;GENERIC",Order To Max,,301.54,15.0,5,0.625,202407,202601,18,False,12.0,1.0,12.0,True,4.0,4.147,1.037,-11.0,-0.917,-0.351,-0.0877,-0.4087,False,5,7.0,13.0,16.0,3.2,STABLE,12.0,,2.0,,1.0,,4.0,1.0,2.0,,0.0,,1.0,,0.0,0.0
500688835,"FEP TUBE, TH0604, OD 6MM, ID 4MM",TCB,"ASM-Pacific,Firebird;ASM-Pacific,Phoenix",Order to Demand,,16.02,75.0,3,0.375,202409,202601,16,False,0.0,0.0,0.0,True,0.0,0.0,,0.0,,0.0,,0.6682,False,3,10.0,10.0,10.0,3.333,DORMANT,,,0.0,,0.0,,,0.0,,,0.0,,0.0,,,0.0
500690365,IN-HOUSE AIR TANK (33-40014) (PP),TCB,"ASM-Pacific,Phoenix",Order to Demand,,29.0,90.0,1,0.125,202407,202407,0,False,1.0,1.0,1.0,True,1.0,0.0,0.0,0.0,0.0,,,,False,1,1.0,1.0,0.0,0.0,SINGLE_SNAPSHOT,1.0,,,,,,,,0.0,,,,,,,
500691593,MICROMETER LOCK MITUTOYO DJ220,TCB,Asymtek S2-932;Asymtek S932,Order to Demand,,415.2,38.0,2,0.25,202407,202408,1,False,3.0,3.0,3.0,True,3.0,0.0,0.0,0.0,0.0,0.0,0.0,0.0,False,2,3.0,3.0,3.0,1.5,STABLE,3.0,3.0,,,,,,,3.0,0.0,,,,,,
500693654,DIE VACUUM SENSOR ASSY,TCB,"ASM-Pacific,Firebird",Order to Demand,,166.61,45.0,3,0.375,202409,202601,16,False,0.0,2.0,2.0,True,0.667,0.943,1.414,2.0,,0.1336,0.2005,0.1336,True,3,2.0,2.0,2.0,0.667,INTERMITTENT,,,0.0,,0.0,,,2.0,,,0.0,,0.0,,,2.0
500694609,HIGH TEMP WIRE,TCB,Heller 2017 Formic Acid;Heller FAR;Heller HRF,Order to Demand,,16.75,25.0,3,0.375,202410,202601,15,False,0.0,0.0,0.0,False,0.0,0.0,,0.0,,0.0,,0.0,False,3,0.0,0.0,0.0,0.0,DORMANT,,,,0.0,0.0,,,0.0,,,,0.0,0.0,,,0.0
500694610,N2/AIR HOSE OR PIPE,TCB,Heller 2017 Formic Acid;Heller HRF;Heller FAR,Order to Demand,,11.55,30.0,3,0.375,202410,202601,15,False,0.0,0.0,0.0,False,0.0,0.0,,0.0,,0.0,,0.0,False,3,0.0,0.0,0.0,0.0,DORMANT,,,,0.0,0.0,,,0.0,,,,0.0,0.0,,,0.0
500694611,Interlock Switch,TCB,Heller HRF;Heller FAR;Heller 2017 Formic Acid,Order to Demand,,187.0,25.0,3,0.375,202410,202601,15,False,0.0,0.0,0.0,False,0.0,0.0,,0.0,,0.0,,0.0,False,3,0.0,0.0,0.0,0.0,DORMANT,,,,0.0,0.0,,,0.0,,,,0.0,0.0,,,0.0
500695338,"INSERT,18X36 DISPENSE CARD HOLDER",TCB,"Generic;NordsonAsymtek,Vantage",Order To Max,,95.2,34.0,3,0.375,202410,202601,15,False,1.0,0.0,1.0,True,0.667,0.471,0.707,-1.0,-1.0,-0.0704,-0.1055,-0.1407,False,3,2.0,4.0,3.0,1.0,DECREASING,,,,1.0,1.0,,,0.0,,,,0.0,0.0,,,0.0
500695665,"ESR,GUIDE,TUBE,BULK FEED",TCB,Asymtek S932;Asymtek S2-932,Order to Demand,,208.8,13.0,3,0.375,202410,202601,15,False,0.0,0.0,0.0,False,0.0,0.0,,0.0,,0.0,,0.0,False,3,0.0,0.0,0.0,0.0,DORMANT,,,,0.0,0.0,,,0.0,,,,0.0,0.0,,,0.0
500696223,I/P SHUT OT MODULE CABLE&MOUNTING,TCB,"ASM,TCB,Y-SHUTTLE",Order to Demand,,1159.67,45.0,3,0.375,202409,202601,16,False,0.0,0.0,0.0,False,0.0,0.0,,0.0,,0.0,,0.0,False,3,0.0,0.0,0.0,0.0,DORMANT,,,0.0,,0.0,,,0.0,,,0.0,,0.0,,,0.0
500697609,PEDESTAL JIG CLAMP,TCB,"ASM-Pacific,Firebird;ASM-Pacific,Phoenix",Order to Demand,,211.8867,30.0,3,0.375,202409,202601,16,False,0.0,0.0,0.0,False,0.0,0.0,,0.0,,0.0,,0.0,False,3,0.0,0.0,0.0,0.0,DORMANT,,,0.0,,0.0,,,0.0,,,0.0,,0.0,,,0.0
500699047,LOW HEAD CAP SCREW M3 X 6,TCB,APPJ MFM-220,Order to Demand,,0.58,45.0,3,0.375,202409,202601,16,False,0.0,0.0,0.0,False,0.0,0.0,,0.0,,0.0,,0.0,False,3,0.0,0.0,0.0,0.0,DORMANT,,,0.0,,0.0,,,0.0,,,0.0,,0.0,,,0.0
500699048,SET SCREW M4X10,TCB,APPJ MFM-220,Order to Demand,,0.1,45.0,3,0.375,202409,202601,16,False,0.0,5.0,5.0,True,1.667,2.357,1.414,5.0,,0.3341,0.2005,0.3341,False,3,5.0,5.0,5.0,1.667,INTERMITTENT,,,0.0,,0.0,,,5.0,,,0.0,,0.0,,,0.0
500699255,PLASMA Z-MOTOR ENCODER CABLE,TCB,APPJ MFM-220,Order to Demand,,424.0,20.0,3,0.375,202409,202601,16,False,0.0,0.0,0.0,False,0.0,0.0,,0.0,,0.0,,0.0,False,3,0.0,0.0,0.0,0.0,DORMANT,,,0.0,,0.0,,,0.0,,,0.0,,0.0,,,0.0
500699332,CONTROLLER 4XDUAL DRIVE / 0XHV DRIVE,TCB,GENERIC;KnS TCX3,Order To Max,,11607.0,88.0,3,0.375,202409,202601,16,False,0.0,0.0,0.0,False,0.0,0.0,,0.0,,0.0,,0.0,False,3,0.0,0.0,0.0,0.0,DORMANT,,,0.0,,0.0,,,0.0,,,0.0,,0.0,,,0.0
500699333,"SMART,SENSOR,BOARD",TCB,KnS TCX3;GENERIC,Order to Demand,,720.0,100.0,6,0.75,202409,202601,16,False,0.0,0.0,0.0,False,0.0,0.0,,0.0,,0.0,,0.0,False,6,0.0,0.0,0.0,0.0,DORMANT,,,0.0,0.0,0.0,0.0,0.0,0.0,,,0.0,0.0,0.0,0.0,0.0,0.0
500699334,"SINGLE,GLASSDIE,5X5",TCB,KnS TCX3;GENERIC,Order to Demand,,90.0,74.0,4,0.5,202409,202601,16,False,0.0,0.0,0.0,False,0.0,0.0,,0.0,,0.0,,0.0,False,4,0.0,0.0,0.0,0.0,DORMANT,,,0.0,0.0,0.0,,,0.0,,,0.0,0.0,0.0,,,0.0
500699335,"SINGLE,GLASSDIE,15X15",TCB,KnS TCX3;GENERIC,Order to Demand,,120.0,73.0,4,0.5,202409,202601,16,False,0.0,0.0,0.0,False,0.0,0.0,,0.0,,0.0,,0.0,False,4,0.0,0.0,0.0,0.0,DORMANT,,,0.0,0.0,0.0,,,0.0,,,0.0,0.0,0.0,,,0.0
500699336,"SINGLE,GLASSDIE,25X25",TCB,GENERIC;KnS TCX3,Order to Demand,,240.0,73.0,6,0.75,202409,202601,16,False,0.0,0.0,0.0,False,0.0,0.0,,0.0,,0.0,,0.0,False,6,0.0,0.0,0.0,0.0,DORMANT,,,0.0,0.0,0.0,0.0,0.0,0.0,,,0.0,0.0,0.0,0.0,0.0,0.0
500699337,"SINGLE,GLASSDIE,35X35",TCB,KnS TCX3;GENERIC,Order To Max,,360.0,73.0,3,0.375,202409,202601,16,False,0.0,0.0,0.0,False,0.0,0.0,,0.0,,0.0,,0.0,False,3,0.0,0.0,0.0,0.0,DORMANT,,,0.0,,0.0,,,0.0,,,0.0,,0.0,,,0.0
500699341,CBL_DISTRIB_SOL,TCB,KnS TCX3;GENERIC,Order to Demand,,626.0,38.0,6,0.75,202409,202601,16,False,0.0,0.0,0.0,False,0.0,0.0,,0.0,,0.0,,0.0,False,6,0.0,0.0,0.0,0.0,DORMANT,,,0.0,0.0,0.0,0.0,0.0,0.0,,,0.0,0.0,0.0,0.0,0.0,0.0
500699342,"ETHERCAT,SLAVE,BASEBOARD",TCB,KnS TCX3;GENERIC,Order To Max,,2951.0,75.0,6,0.75,202409,202601,16,False,1.0,0.0,1.0,True,0.333,0.471,1.414,-1.0,-1.0,-0.0596,-0.1788,-0.0596,False,6,0.0,1.0,0.0,0.0,INTERMITTENT,,,1.0,1.0,0.0,0.0,0.0,0.0,,,0.0,0.0,0.0,0.0,0.0,0.0
500699343,"ETHERCAT,SLAVE,BASEBOARD",TCB,KnS TCX3;GENERIC,Order To Max,,2951.0,75.0,6,0.75,202409,202601,16,False,1.0,0.0,1.0,True,0.333,0.471,1.414,-1.0,-1.0,-0.0596,-0.1788,-0.0596,False,6,0.0,1.0,0.0,0.0,INTERMITTENT,,,1.0,1.0,0.0,0.0,0.0,0.0,,,0.0,0.0,0.0,0.0,0.0,0.0
500699344,"ETHERCAT,SLAVE,I/OBOARD",TCB,GENERIC;KnS TCX3,Order To Max,,2264.0,75.0,3,0.375,202409,202601,16,False,0.0,0.0,0.0,False,0.0,0.0,,0.0,,0.0,,0.0,False,3,0.0,0.0,0.0,0.0,DORMANT,,,0.0,,0.0,,,0.0,,,0.0,,0.0,,,0.0
500699345,TCX3 BONDHEAD HEATER POWER SUPPLY,TCB,GENERIC;KnS TCX3,Order to Demand,,15688.0,95.0,5,0.625,202410,202601,15,False,0.0,0.0,0.0,False,0.0,0.0,,0.0,,0.0,,0.0,False,5,0.0,0.0,0.0,0.0,DORMANT,,,,0.0,0.0,0.0,0.0,0.0,,,,0.0,0.0,0.0,0.0,0.0
500699346,TCX3 INDEXER HEATER POWER SUPPLY,TCB,KnS TCX3;GENERIC,Order to Demand,,11844.0,95.0,6,0.75,202409,202601,16,False,0.0,1.0,1.0,True,0.167,0.373,2.236,1.0,,0.0596,0.3577,0.0596,False,6,1.0,1.0,1.0,0.167,INTERMITTENT,,,0.0,0.0,0.0,0.0,0.0,1.0,,,0.0,0.0,0.0,0.0,0.0,0.0
500699347,CBL_DIST_THETA_ENC,TCB,KnS TCX3;GENERIC,Order To Max,,360.0,38.0,3,0.375,202409,202601,16,False,0.0,0.0,0.0,False,0.0,0.0,,0.0,,0.0,,0.0,False,3,0.0,0.0,0.0,0.0,DORMANT,,,0.0,,0.0,,,0.0,,,0.0,,0.0,,,0.0
500699348,CBL_DIST_THETA_ENC,TCB,GENERIC;KnS TCX3,Order to Demand,,360.0,38.0,6,0.75,202409,202601,16,False,0.0,0.0,0.0,False,0.0,0.0,,0.0,,0.0,,0.0,False,6,0.0,0.0,0.0,0.0,DORMANT,,,0.0,0.0,0.0,0.0,0.0,0.0,,,0.0,0.0,0.0,0.0,0.0,0.0
500699349,CBL_TOOL_PRES_SENS,TCB,GENERIC;KnS TCX3,Order to Demand,,520.0,53.0,6,0.75,202407,202601,18,False,0.0,0.0,0.0,True,0.0,0.0,,0.0,,0.0,,-0.0669,False,6,0.0,1.0,0.0,0.0,DORMANT,0.0,,,0.0,0.0,0.0,0.0,0.0,0.0,,,0.0,0.0,0.0,0.0,0.0
500699350,CBL_TOOL_FLOW_SENS,TCB,KnS TCX3;GENERIC,Order To Max,,1115.0,53.0,5,0.625,202410,202601,15,False,5.0,0.0,5.0,True,2.6,1.625,0.625,-5.0,-1.0,-0.2849,-0.1096,-0.4154,False,5,7.0,16.0,11.0,2.2,DECREASING,,,,5.0,3.0,2.0,3.0,0.0,,,,0.0,0.0,1.0,0.0,0.0
500699354,ASSY WATER LEAKAGE DETECTION BOARD,TCB,KnS TCX3;GENERIC,Order to Demand,,804.0,67.0,6,0.75,202409,202601,16,False,0.0,0.0,0.0,False,0.0,0.0,,0.0,,0.0,,0.0,False,6,0.0,0.0,0.0,0.0,DORMANT,,,0.0,0.0,0.0,0.0,0.0,0.0,,,0.0,0.0,0.0,0.0,0.0,0.0
500699357,ASSY EMO BOARD,TCB,GENERIC;KnS TCX3,Order To Max,,2538.0,67.0,3,0.375,202409,202601,16,False,0.0,0.0,0.0,False,0.0,0.0,,0.0,,0.0,,0.0,False,3,0.0,0.0,0.0,0.0,DORMANT,,,0.0,,0.0,,,0.0,,,0.0,,0.0,,,0.0
500699358,"I2C,SPLITTERBOARD",TCB,GENERIC;KnS TCX3,Order to Demand,,74.0,67.0,6,0.75,202409,202601,16,False,0.0,0.0,0.0,False,0.0,0.0,,0.0,,0.0,,0.0,False,6,0.0,0.0,0.0,0.0,DORMANT,,,0.0,0.0,0.0,0.0,0.0,0.0,,,0.0,0.0,0.0,0.0,0.0,0.0
500699359,SMART_KVM_USB_HUB_BRD,TCB,KnS TCX3;GENERIC,Order To Max,,1086.0,67.0,3,0.375,202409,202601,16,False,0.0,0.0,0.0,False,0.0,0.0,,0.0,,0.0,,0.0,False,3,0.0,0.0,0.0,0.0,DORMANT,,,0.0,,0.0,,,0.0,,,0.0,,0.0,,,0.0
500699360,"ASSY,RTD,SENSORBOARD",TCB,KnS TCX3;GENERIC,Order To Max,,820.0,75.0,3,0.375,202409,202601,16,False,0.0,0.0,0.0,False,0.0,0.0,,0.0,,0.0,,0.0,False,3,0.0,0.0,0.0,0.0,DORMANT,,,0.0,,0.0,,,0.0,,,0.0,,0.0,,,0.0
500699361,"ASSY,RTD,SENSORBOARD",TCB,GENERIC;KnS TCX3,Order To Max,,820.0,75.0,3,0.375,202409,202601,16,False,0.0,0.0,0.0,False,0.0,0.0,,0.0,,0.0,,0.0,False,3,0.0,0.0,0.0,0.0,DORMANT,,,0.0,,0.0,,,0.0,,,0.0,,0.0,,,0.0
500699363,"GALVANICALLY,ISOLATED,RTD,FILTERBOARD",TCB,GENERIC;KnS TCX3,Order To Max,,1020.0,67.0,3,0.375,202409,202601,16,False,0.0,0.0,0.0,False,0.0,0.0,,0.0,,0.0,,0.0,False,3,0.0,0.0,0.0,0.0,DORMANT,,,0.0,,0.0,,,0.0,,,0.0,,0.0,,,0.0
500699364,"FILTER,ASSEMBLY,DIE",TCB,GENERIC;KnS TCX3,Order To Max,,500.0,63.0,7,0.875,202408,202601,17,False,4.0,0.0,4.0,True,1.857,1.884,1.015,-4.0,-1.0,-0.252,-0.1357,-0.0905,False,7,3.0,7.0,6.0,0.857,INTERMITTENT,,4.0,4.0,4.0,0.0,0.0,1.0,0.0,,2.0,2.0,0.0,0.0,0.0,0.0,0.0
500699366,CBL_JUMPER_EXT,TCB,GENERIC;KnS TCX3,Order to Demand,,6.0,48.0,7,0.875,202407,202601,18,False,0.0,0.0,0.0,False,0.0,0.0,,0.0,,0.0,,0.0,False,7,0.0,0.0,0.0,0.0,DORMANT,0.0,,0.0,0.0,0.0,0.0,0.0,0.0,0.0,,0.0,0.0,0.0,0.0,0.0,0.0
500699367,CBL_Y_ENCODER_ASSY,TCB,KnS TCX3;GENERIC,Order To Max,,1710.0,38.0,3,0.375,202409,202601,16,False,0.0,0.0,0.0,False,0.0,0.0,,0.0,,0.0,,0.0,False,3,0.0,0.0,0.0,0.0,DORMANT,,,0.0,,0.0,,,0.0,,,0.0,,0.0,,,0.0
500699368,CBL_X_ENC_ASSY,TCB,KnS TCX3;GENERIC,Order To Max,,2098.0,38.0,3,0.375,202409,202601,16,False,0.0,0.0,0.0,False,0.0,0.0,,0.0,,0.0,,0.0,False,3,0.0,0.0,0.0,0.0,DORMANT,,,0.0,,0.0,,,0.0,,,0.0,,0.0,,,0.0
500699369,CBL_MTR_BRK_ASSY,TCB,GENERIC;KnS TCX3,Order to Demand,,156.0,75.0,6,0.75,202409,202601,16,False,0.0,0.0,0.0,False,0.0,0.0,,0.0,,0.0,,0.0,False,6,0.0,0.0,0.0,0.0,DORMANT,,,0.0,0.0,0.0,0.0,0.0,0.0,,,0.0,0.0,0.0,0.0,0.0,0.0
500699370,CBL_CYL_ASSY,TCB,GENERIC;KnS TCX3,Order to Demand,,116.0,48.0,6,0.75,202409,202601,16,False,0.0,0.0,0.0,False,0.0,0.0,,0.0,,0.0,,0.0,False,6,0.0,0.0,0.0,0.0,DORMANT,,,0.0,0.0,0.0,0.0,0.0,0.0,,,0.0,0.0,0.0,0.0,0.0,0.0
500699371,CBL_CLMP_CYL_ASSY,TCB,KnS TCX3;GENERIC,Order to Demand,,187.0,48.0,6,0.75,202409,202601,16,False,0.0,0.0,0.0,False,0.0,0.0,,0.0,,0.0,,0.0,False,6,0.0,0.0,0.0,0.0,DORMANT,,,0.0,0.0,0.0,0.0,0.0,0.0,,,0.0,0.0,0.0,0.0,0.0,0.0
500699372,CBL_TUBE_EXT,TCB,GENERIC;KnS TCX3,Order to Demand,,152.0,48.0,6,0.75,202409,202601,16,False,0.0,0.0,0.0,False,0.0,0.0,,0.0,,0.0,,0.0,False,6,0.0,0.0,0.0,0.0,DORMANT,,,0.0,0.0,0.0,0.0,0.0,0.0,,,0.0,0.0,0.0,0.0,0.0,0.0
500699374,"O2ANALYZER,MODULE,ASSEMBLY",TCB,GENERIC;KnS TCX3,Order To Max,,13000.0,83.0,3,0.375,202410,202601,15,False,1.0,0.0,1.0,True,0.667,0.471,0.707,-1.0,-1.0,-0.0704,-0.1055,-0.3945,False,3,2.0,7.0,4.0,1.333,DECREASING,,,,1.0,1.0,,,0.0,,,,1.0,0.0,,,0.0
500699375,"CLAMP_CBL_ADJ_NMTBLE_.69,BUNDLE,DIA",TCB,GENERIC;KnS TCX3,Order to Demand,,40.0,31.0,7,0.875,202407,202601,18,False,0.0,0.0,0.0,False,0.0,0.0,,0.0,,0.0,,0.0,False,7,0.0,0.0,0.0,0.0,DORMANT,0.0,,0.0,0.0,0.0,0.0,0.0,0.0,0.0,,0.0,0.0,0.0,0.0,0.0,0.0
500699376,ETHERCAT 6 PORT JUNCTION,TCB,GENERIC;KnS TCX3,Order To Max,,1028.8,53.0,3,0.375,202409,202601,16,False,0.0,0.0,0.0,False,0.0,0.0,,0.0,,0.0,,0.0,False,3,0.0,0.0,0.0,0.0,DORMANT,,,0.0,,0.0,,,0.0,,,0.0,,0.0,,,0.0
500699377,STEPPERMOTOR,TCB,KnS TCX3;GENERIC,Order To Max,,320.0,14.0,3,0.375,202409,202601,16,False,0.0,0.0,0.0,False,0.0,0.0,,0.0,,0.0,,0.0,False,3,0.0,0.0,0.0,0.0,DORMANT,,,0.0,,0.0,,,0.0,,,0.0,,0.0,,,0.0
500699378,"STEPPERMOTOR,55.5MM",TCB,KnS TCX3;GENERIC,Order To Max,,168.0,131.0,3,0.375,202409,202601,16,False,0.0,0.0,0.0,False,0.0,0.0,,0.0,,0.0,,0.0,False,3,0.0,0.0,0.0,0.0,DORMANT,,,0.0,,0.0,,,0.0,,,0.0,,0.0,,,0.0
500699379,"STEPPERMOTOR,36MM,REARSHAFT,L=8",TCB,GENERIC;KnS TCX3,Order To Max,,162.0,131.0,3,0.375,202409,202601,16,False,0.0,0.0,0.0,False,0.0,0.0,,0.0,,0.0,,0.0,False,3,0.0,0.0,0.0,0.0,DORMANT,,,0.0,,0.0,,,0.0,,,0.0,,0.0,,,0.0
500699380,FLEXI SOFT ANALOG INPUT MODULE,TCB,GENERIC;KnS TCX3,Order to Demand,,759.8,82.0,5,0.625,202410,202601,15,False,0.0,0.0,0.0,True,0.0,0.0,,0.0,,0.0,,-0.0712,False,5,0.0,1.0,0.0,0.0,DORMANT,,,,0.0,0.0,0.0,0.0,0.0,,,,0.0,0.0,0.0,0.0,0.0
500699381,"READHEAD,MINIATURE_BORE,DIA=6.35",TCB,GENERIC;KnS TCX3,Order To Max,,85.0,91.0,3,0.375,202409,202601,16,False,0.0,0.0,0.0,False,0.0,0.0,,0.0,,0.0,,0.0,False,3,0.0,0.0,0.0,0.0,DORMANT,,,0.0,,0.0,,,0.0,,,0.0,,0.0,,,0.0
500699382,"READHEAD,MINIATURE_BORE,DIA=5",TCB,GENERIC;KnS TCX3,Order To Max,,85.0,25.0,3,0.375,202409,202601,16,False,0.0,0.0,0.0,False,0.0,0.0,,0.0,,0.0,,0.0,False,3,0.0,0.0,0.0,0.0,DORMANT,,,0.0,,0.0,,,0.0,,,0.0,,0.0,,,0.0
500699383,MOTOR-ENCODER-PULLEY ASSY,TCB,GENERIC;KnS TCX3,Order to Demand,,688.0,95.0,6,0.75,202409,202601,16,False,0.0,0.0,0.0,False,0.0,0.0,,0.0,,0.0,,0.0,False,6,0.0,0.0,0.0,0.0,DORMANT,,,0.0,0.0,0.0,0.0,0.0,0.0,,,0.0,0.0,0.0,0.0,0.0,0.0
500699384,"AIRFILTER,LOWPRESSURE,DROP,MINI,PLEA",TCB,GENERIC;KnS TCX3,Order To Max,,811.4,53.0,6,0.75,202407,202601,18,False,1.0,6.0,6.0,True,3.667,1.886,0.514,5.0,5.0,0.189,0.0515,1.0268,False,6,19.0,20.0,23.0,3.833,STABLE,1.0,,,3.0,6.0,4.0,2.0,6.0,0.0,,,2.0,0.0,0.0,2.0,2.0
500699385,"AIRFILTER,ELECTROSTATIC,PANEL,REUSABLE",TCB,GENERIC;KnS TCX3,Order To Max,,122.4,67.0,5,0.625,202407,202601,18,False,1.0,2.0,2.0,True,1.2,0.748,0.624,1.0,1.0,0.0458,0.0382,0.2086,False,5,5.0,6.0,7.0,1.4,STABLE,1.0,,2.0,1.0,0.0,,,2.0,0.0,,1.0,0.0,0.0,,,0.0
500699386,"FILTER,HEAVYDUTY,REUSABLEMETAL,12X24X1",TCB,GENERIC;KnS TCX3,Order To Max,,78.9,53.0,5,0.625,202407,202601,18,False,1.0,4.0,4.0,True,1.6,1.356,0.848,3.0,3.0,0.1667,0.1042,0.3294,False,5,7.0,8.0,9.0,1.8,INCREASING,1.0,,2.0,1.0,0.0,,,4.0,0.0,,1.0,0.0,0.0,,,0.0
500699387,"KIT,GASKET,SCREW,ASSY",TCB,GENERIC;KnS TCX3,Order to Demand,,16.8,38.0,7,0.875,202407,202601,18,False,0.0,0.0,0.0,False,0.0,0.0,,0.0,,0.0,,0.0,False,7,0.0,0.0,0.0,0.0,DORMANT,0.0,,0.0,0.0,0.0,0.0,0.0,0.0,0.0,,0.0,0.0,0.0,0.0,0.0,0.0
500699388,PCB NY4120 DUAL DRIVE SLOWER GATE,TCB,GENERIC;KnS TCX3,Order to Demand,,2171.0,49.0,5,0.625,202410,202601,15,False,0.0,0.0,0.0,True,0.0,0.0,,0.0,,0.0,,-0.043,False,5,0.0,0.0,0.0,0.0,DORMANT,,,,0.0,0.0,0.0,0.0,0.0,,,,0.0,0.0,0.0,0.0,0.0
500699389,"PROPORTIONAL,PRESSURE,CONTROL,VALVE",TCB,KnS TCX3;GENERIC,Order to Demand,,544.6,77.0,6,0.75,202409,202601,16,False,0.0,0.0,0.0,False,0.0,0.0,,0.0,,0.0,,0.0,False,6,0.0,0.0,0.0,0.0,DORMANT,,,0.0,0.0,0.0,0.0,0.0,0.0,,,0.0,0.0,0.0,0.0,0.0,0.0
500699390,"CDA,REGULATOR,FILTER",TCB,KnS TCX3;GENERIC,Order To Max,,13.2,34.0,4,0.5,202407,202601,18,False,0.0,0.0,0.0,False,0.0,0.0,,0.0,,0.0,,0.0,False,4,0.0,0.0,0.0,0.0,DORMANT,0.0,,0.0,,0.0,,,0.0,0.0,,0.0,,0.0,,,0.0
500699391,"N2,REGULATOR,FILTER",TCB,GENERIC;KnS TCX3,Order To Max,,440.0,34.0,4,0.5,202407,202601,18,False,0.0,0.0,0.0,False,0.0,0.0,,0.0,,0.0,,0.0,False,4,0.0,0.0,0.0,0.0,DORMANT,0.0,,0.0,,0.0,,,0.0,0.0,,0.0,,0.0,,,0.0
500699392,"FILTER,IN-LINE,AIR,20L/MIN,6MM",TCB,GENERIC;KnS TCX3,Order To Max,,34.3,43.0,5,0.625,202407,202601,18,False,0.0,0.0,1.0,True,0.2,0.4,2.0,0.0,,-0.0192,-0.096,-0.0192,False,5,0.0,0.0,0.0,0.0,INTERMITTENT,0.0,1.0,0.0,,0.0,,,0.0,0.0,0.0,0.0,,0.0,,,0.0
500699393,FILTER_VACUUM,TCB,KnS TCX3;GENERIC,Order To Max,,16.0,43.0,4,0.5,202407,202601,18,False,0.0,0.0,0.0,False,0.0,0.0,,0.0,,0.0,,0.0,False,4,0.0,0.0,0.0,0.0,DORMANT,0.0,,0.0,,0.0,,,0.0,0.0,,0.0,,0.0,,,0.0
500699394,"FILTER,ELEMENT,FG,HYDRAULIC,FILTER",TCB,KnS TCX3;GENERIC,Order To Max,,50.0,57.0,4,0.5,202407,202601,18,False,4.0,2.0,4.0,True,1.5,1.658,1.106,-2.0,-0.5,-0.0076,-0.0051,0.0762,False,4,5.0,5.0,6.0,1.5,INTERMITTENT,4.0,,0.0,,0.0,,,2.0,1.0,,0.0,,0.0,,,0.0
500699395,"CLEAN,GAS,FILTER,REPLACEMENT,ELEMENT",TCB,GENERIC;KnS TCX3,Order To Max,,440.0,57.0,5,0.625,202407,202601,18,False,0.0,0.0,1.0,True,0.2,0.4,2.0,0.0,,-0.024,-0.1202,0.0,False,5,2.0,3.0,3.0,0.6,INTERMITTENT,0.0,,1.0,,0.0,,0.0,0.0,0.0,,0.0,,0.0,,0.0,0.0
500699396,"COUPLING,IN-LINE,0.25IN",TCB,GENERIC;KnS TCX3,Order to Demand,,16.4,38.0,7,0.875,202407,202601,18,False,0.0,0.0,0.0,False,0.0,0.0,,0.0,,0.0,,0.0,False,7,0.0,0.0,0.0,0.0,DORMANT,0.0,,0.0,0.0,0.0,0.0,0.0,0.0,0.0,,0.0,0.0,0.0,0.0,0.0,0.0
500699397,"FTG_MALE,ELBOW_M5X0.8X6MMOD",TCB,GENERIC;KnS TCX3,Order To Max,,5.0,38.0,4,0.5,202407,202601,18,False,0.0,0.0,0.0,False,0.0,0.0,,0.0,,0.0,,0.0,False,4,0.0,0.0,0.0,0.0,DORMANT,0.0,,0.0,,0.0,,,0.0,0.0,,0.0,,0.0,,,0.0
500699398,"INSERTBUSH,6X4MM,TUBING,SIZE",TCB,GENERIC;KnS TCX3,Order To Max,,6.1,34.0,3,0.375,202409,202601,16,False,0.0,0.0,0.0,False,0.0,0.0,,0.0,,0.0,,0.0,False,3,0.0,0.0,0.0,0.0,DORMANT,,,0.0,,0.0,,,0.0,,,0.0,,0.0,,,0.0
500699399,"INSERTBUSH,NUT,6X4MM,TUBING,SIZE",TCB,KnS TCX3;GENERIC,Order To Max,,17.3,34.0,4,0.5,202407,202601,18,False,0.0,0.0,0.0,False,0.0,0.0,,0.0,,0.0,,0.0,False,4,0.0,0.0,0.0,0.0,DORMANT,0.0,,0.0,,0.0,,,0.0,0.0,,0.0,,0.0,,,0.0
500699400,"VALVE_ SOL_ 24VDC 3/2_ 1/8,PORT,EXTPILOT",TCB,GENERIC;KnS TCX3,Order To Max,,116.8,38.0,3,0.375,202409,202601,16,False,0.0,0.0,0.0,False,0.0,0.0,,0.0,,0.0,,0.0,False,3,0.0,0.0,0.0,0.0,DORMANT,,,0.0,,0.0,,,0.0,,,0.0,,0.0,,,0.0
500699401,VALVE DIRECTIONAL CONTROL N.C.,TCB,GENERIC;KnS TCX3,Order To Max,,80.8,63.0,3,0.375,202409,202601,16,False,0.0,0.0,0.0,False,0.0,0.0,,0.0,,0.0,,0.0,False,3,0.0,0.0,0.0,0.0,DORMANT,,,0.0,,0.0,,,0.0,,,0.0,,0.0,,,0.0
500699402,VALVE DIRECTIONAL CONTROL N.O.,TCB,GENERIC;KnS TCX3,Order To Max,,77.9,63.0,3,0.375,202409,202601,16,False,0.0,0.0,0.0,False,0.0,0.0,,0.0,,0.0,,0.0,False,3,0.0,0.0,0.0,0.0,DORMANT,,,0.0,,0.0,,,0.0,,,0.0,,0.0,,,0.0
500699403,"VALVE_ SOL_ 24VDC_ 5PORT_ M5,BODY,PORTED",TCB,GENERIC;KnS TCX3,Order To Max,,133.1,38.0,3,0.375,202409,202601,16,False,0.0,0.0,0.0,False,0.0,0.0,,0.0,,0.0,,0.0,False,3,0.0,0.0,0.0,0.0,DORMANT,,,0.0,,0.0,,,0.0,,,0.0,,0.0,,,0.0
500699404,SOLENOIDVALVE,TCB,KnS TCX3;GENERIC,Order To Max,,127.7,63.0,3,0.375,202409,202601,16,False,0.0,0.0,0.0,False,0.0,0.0,,0.0,,0.0,,0.0,False,3,0.0,0.0,0.0,0.0,DORMANT,,,0.0,,0.0,,,0.0,,,0.0,,0.0,,,0.0
500699405,"VALVE,3/2NC,24V,VAC8.2BAR,M3",TCB,GENERIC;KnS TCX3,Order To Max,,80.2,110.0,3,0.375,202410,202601,15,False,0.0,3.0,3.0,True,1.0,1.414,1.414,3.0,,0.2111,0.2111,0.6332,False,3,10.0,11.0,10.0,3.333,INTERMITTENT,,,,0.0,0.0,,,3.0,,,,0.0,0.0,,,0.0
500699406,"SOLENOIDVALVE,3PORT,DIRECT,OPERATED",TCB,GENERIC;KnS TCX3,Order To Max,,55.6,28.0,3,0.375,202409,202601,16,False,0.0,0.0,0.0,False,0.0,0.0,,0.0,,0.0,,0.0,False,3,0.0,0.0,0.0,0.0,DORMANT,,,0.0,,0.0,,,0.0,,,0.0,,0.0,,,0.0
500699407,"SOLENOID,VALVE, PRECISER, NO",TCB,KnS TCX3;GENERIC,Order To Max,,54.4,63.0,3,0.375,202409,202601,16,False,0.0,0.0,0.0,False,0.0,0.0,,0.0,,0.0,,0.0,False,3,0.0,0.0,0.0,0.0,DORMANT,,,0.0,,0.0,,,0.0,,,0.0,,0.0,,,0.0
500699408,"SOLENOID,VALVE, PRECISER, NC",TCB,KnS TCX3;GENERIC,Order To Max,,54.4,63.0,3,0.375,202409,202601,16,False,0.0,0.0,0.0,False,0.0,0.0,,0.0,,0.0,,0.0,False,3,0.0,0.0,0.0,0.0,DORMANT,,,0.0,,0.0,,,0.0,,,0.0,,0.0,,,0.0
500699409,"CYLINDER,DOUBLE,ACTING,BORE10,STROKE15",TCB,GENERIC;KnS TCX3,Order To Max,,70.5,41.0,3,0.375,202409,202601,16,False,0.0,0.0,0.0,False,0.0,0.0,,0.0,,0.0,,0.0,False,3,0.0,0.0,0.0,0.0,DORMANT,,,0.0,,0.0,,,0.0,,,0.0,,0.0,,,0.0
500699410,"CYLINDER,DOUBLE ACTING, BORE 10,STROKE4",TCB,KnS TCX3;GENERIC,Order To Max,,70.5,41.0,3,0.375,202409,202601,16,False,0.0,0.0,0.0,False,0.0,0.0,,0.0,,0.0,,0.0,False,3,0.0,0.0,0.0,0.0,DORMANT,,,0.0,,0.0,,,0.0,,,0.0,,0.0,,,0.0
500699412,"O-RING,0.254IN,OD,0.07IN,W,EPDM",TCB,GENERIC;KnS TCX3,Order to Demand,,5.0,41.0,7,0.875,202407,202601,18,False,0.0,0.0,0.0,False,0.0,0.0,,0.0,,0.0,,0.0,False,7,0.0,0.0,0.0,0.0,DORMANT,0.0,,0.0,0.0,0.0,0.0,0.0,0.0,0.0,,0.0,0.0,0.0,0.0,0.0,0.0
500699413,O-RING,TCB,GENERIC;KnS TCX3,Order to Demand,,5.0,34.0,7,0.875,202407,202601,18,False,0.0,0.0,0.0,False,0.0,0.0,,0.0,,0.0,,0.0,False,7,0.0,0.0,0.0,0.0,DORMANT,0.0,,0.0,0.0,0.0,0.0,0.0,0.0,0.0,,0.0,0.0,0.0,0.0,0.0,0.0
500699414,"O-RING,ID=3,OD=7,SILICON HIGH TEMP",TCB,GENERIC;KnS TCX3,Order to Demand,,5.0,71.0,7,0.875,202407,202601,18,False,0.0,0.0,0.0,False,0.0,0.0,,0.0,,0.0,,0.0,False,7,0.0,0.0,0.0,0.0,DORMANT,0.0,,0.0,0.0,0.0,0.0,0.0,0.0,0.0,,0.0,0.0,0.0,0.0,0.0,0.0
500699905,DISPOSABLE EARPLUG ACE GEAR AG PHP-1,TCB,Generic,Order To Max,,0.73,20.0,5,0.625,202409,202601,16,False,0.0,0.0,20.0,True,4.0,8.0,2.0,0.0,,-0.4891,-0.1223,0.8071,False,5,20.0,20.0,20.0,4.0,INTERMITTENT,,,0.0,,20.0,0.0,0.0,0.0,,,0.0,,20.0,0.0,0.0,0.0
500699906,EARMUFF ACE GEAR AG-PHP-1A,TCB,Generic,Order To Max,,47.27,20.0,3,0.375,202409,202601,16,False,0.0,0.0,0.0,False,0.0,0.0,,0.0,,0.0,,0.0,False,3,0.0,0.0,0.0,0.0,DORMANT,,,0.0,,0.0,,,0.0,,,0.0,,0.0,,,0.0
500699962,ASYMTEK CERAMIC TILE,TCB,Asymtek S932;Asymtek S2-932,Order to Demand,,93.33,30.0,3,0.375,202409,202601,16,False,0.0,0.0,0.0,False,0.0,0.0,,0.0,,0.0,,0.0,False,3,0.0,0.0,0.0,0.0,DORMANT,,,0.0,,0.0,,,0.0,,,0.0,,0.0,,,0.0
500700870,STA PICKHEAD ASSY SET (SLB),TCB,TCB_Generic,Order to Demand,,3650.0,40.0,3,0.375,202503,202601,10,False,0.0,0.0,0.0,False,0.0,0.0,,0.0,,0.0,,0.0,False,3,0.0,0.0,0.0,0.0,DORMANT,,,,,,0.0,0.0,0.0,,,,,,0.0,0.0,0.0
500702084,VALVE COMPL B SERIES,TCB,"ASM-Pacific,Phoenix",Order To Max,,120.79,38.0,5,0.625,202409,202601,16,False,-1.0,0.0,3.0,True,0.4,1.356,3.391,1.0,-1.0,-0.0285,-0.0713,0.0897,False,5,2.0,2.0,2.0,0.4,INTERMITTENT,,,-1.0,,3.0,0.0,0.0,0.0,,,-1.0,,2.0,0.0,0.0,0.0
500702258,SUCTION HANDLE,TCB,"ASM-Pacific,Phoenix;ASM-Pacific,Firebird",Order to Demand,,23.0,45.0,3,0.375,202409,202601,16,False,0.0,0.0,0.0,False,0.0,0.0,,0.0,,0.0,,0.0,False,3,0.0,0.0,0.0,0.0,DORMANT,,,0.0,,0.0,,,0.0,,,0.0,,0.0,,,0.0
500703131,PULLEY WITH CLAMPING,TCB,APPJ MFM-220,Order to Demand,,550.85,25.0,3,0.375,202409,202601,16,False,0.0,0.0,0.0,False,0.0,0.0,,0.0,,0.0,,0.0,False,3,0.0,0.0,0.0,0.0,DORMANT,,,0.0,,0.0,,,0.0,,,0.0,,0.0,,,0.0
500705265,BH TC CONN CABLE ASSY,TCB,"ASM-Pacific,Phoenix",Order to Demand,,37.0,45.0,4,0.5,202407,202601,18,False,0.0,1.0,1.0,True,0.25,0.433,1.732,1.0,,0.0597,0.2389,0.0597,True,4,1.0,1.0,1.0,0.25,INTERMITTENT,0.0,,0.0,,0.0,,,1.0,0.0,,0.0,,0.0,,,1.0
500705266,BH TC CONN CABLE ASSY,TCB,"ASM-Pacific,Phoenix",Order to Demand,,38.5,45.0,3,0.375,202409,202601,16,False,0.0,1.0,1.0,True,0.333,0.471,1.414,1.0,,0.0668,0.2005,0.0668,True,3,1.0,1.0,1.0,0.333,INTERMITTENT,,,0.0,,0.0,,,1.0,,,0.0,,0.0,,,1.0
500705267,DFH 24V PWRTRI CABLE1,TCB,"ASM-Pacific,Phoenix",Order to Demand,,57.0,45.0,3,0.375,202409,202601,16,False,0.0,0.0,0.0,False,0.0,0.0,,0.0,,0.0,,0.0,False,3,0.0,0.0,0.0,0.0,DORMANT,,,0.0,,0.0,,,0.0,,,0.0,,0.0,,,0.0
500706037,(CIE) FONT DOOR ASSY,TCB,"ASM-Pacific,Firebird",Order to Demand,,374.0,65.0,3,0.375,202409,202601,16,False,0.0,0.0,0.0,False,0.0,0.0,,0.0,,0.0,,0.0,False,3,0.0,0.0,0.0,0.0,DORMANT,,,0.0,,0.0,,,0.0,,,0.0,,0.0,,,0.0
500707206,"PITOT TUBE, STAINLESS STEEL TPL-03-100",TCB,"GENERIC;PLASMATREAT, APPJ_PTU1612",Order To Max,,876.9,15.0,4,0.5,202409,202601,16,False,0.0,0.0,0.0,False,0.0,0.0,,0.0,,0.0,,0.0,False,4,0.0,0.0,0.0,0.0,DORMANT,,,0.0,0.0,0.0,,,0.0,,,0.0,0.0,0.0,,,0.0
500707207,PVC HOSE 5 X 1.0 MM TRANSPARENT,TCB,"GENERIC;PLASMATREAT, APPJ_PTU1612",Order to Demand,,12.32,15.0,3,0.375,202409,202601,16,False,0.0,0.0,0.0,False,0.0,0.0,,0.0,,0.0,,0.0,False,3,0.0,0.0,0.0,0.0,DORMANT,,,0.0,,0.0,,,0.0,,,0.0,,0.0,,,0.0
500707208,JUNCTION BOX RD1004 V20.0,TCB,"GENERIC;PLASMATREAT, APPJ_PTU1612",Order to Demand,,7659.0,20.0,3,0.375,202409,202601,16,False,0.0,0.0,0.0,False,0.0,0.0,,0.0,,0.0,,0.0,False,3,0.0,0.0,0.0,0.0,DORMANT,,,0.0,,0.0,,,0.0,,,0.0,,0.0,,,0.0
500707209,EMC CABLE SUSPENSION RD1004,TCB,"GENERIC;PLASMATREAT, APPJ_PTU1612",Order to Demand,,33.33,15.0,3,0.375,202409,202601,16,False,0.0,0.0,0.0,True,0.0,0.0,,0.0,,0.0,,-0.0876,False,3,0.0,0.0,0.0,0.0,DORMANT,,,0.0,,0.0,,,0.0,,,0.0,,0.0,,,0.0
500707210,"FERRULE SET 1/8"", 3,17MM",TCB,"GENERIC;PLASMATREAT, APPJ_PTU1612",Order to Demand,,15.52,15.0,3,0.375,202409,202601,16,False,0.0,0.0,0.0,False,0.0,0.0,,0.0,,0.0,,0.0,False,3,0.0,0.0,0.0,0.0,DORMANT,,,0.0,,0.0,,,0.0,,,0.0,,0.0,,,0.0
500707211,ZIP1605 DC 100-400V 10A/AC 100-400V 10A,TCB,"GENERIC;PLASMATREAT, APPJ_PTU1612",Order To Max,,12663.0,15.0,3,0.375,202409,202601,16,False,0.0,0.0,0.0,True,-0.333,0.471,,0.0,,0.023,,0.023,False,3,1.0,1.0,1.0,0.333,INTERMITTENT,,,0.0,,-1.0,,,0.0,,,1.0,,0.0,,,0.0
500707286,COLLET VACUUM SENSOR ASSY,TCB,"ASM-Pacific,Firebird",Order to Demand,,208.0,45.0,3,0.375,202409,202601,16,False,0.0,0.0,0.0,False,0.0,0.0,,0.0,,0.0,,0.0,False,3,0.0,0.0,0.0,0.0,DORMANT,,,0.0,,0.0,,,0.0,,,0.0,,0.0,,,0.0
500707288,"SATA 3.5"" HARD DISK 2TB",TCB,"ASM,TCB,Y-SHUTTLE;ASM-Pacific,Phoenix;ASM-Pacific,Firebird",Order to Demand,,300.0,45.0,3,0.375,202409,202601,16,False,0.0,0.0,0.0,True,0.0,0.0,,0.0,,0.0,,0.0668,False,3,1.0,1.0,1.0,0.333,DORMANT,,,0.0,,0.0,,,0.0,,,0.0,,0.0,,,0.0
500708030,PARKER O-RING 0.563X0.688IN,TCB,Asymtek S932,Order To Max,,20.29,40.0,1,0.125,202412,202412,0,False,71.0,71.0,71.0,True,71.0,0.0,0.0,0.0,0.0,,,,False,1,442.0,548.0,10.0,10.0,SINGLE_SNAPSHOT,,,,,71.0,,,,,,,,10.0,,,
500709167,FLOW SENSOR SA5000 UL,TCB,"GENERIC;PLASMATREAT, APPJ_PTU1612",Order to Demand,,2053.0,15.0,3,0.375,202409,202601,16,False,0.0,0.0,0.0,False,0.0,0.0,,0.0,,0.0,,0.0,False,3,0.0,0.0,0.0,0.0,DORMANT,,,0.0,,0.0,,,0.0,,,0.0,,0.0,,,0.0
500709286,DIGITAL DIFFERENTIAL PRESSURE TRANSMIT,TCB,"GENERIC;PLASMATREAT, APPJ_PTU1612",Order to Demand,,3984.9,30.0,3,0.375,202409,202601,16,False,0.0,0.0,0.0,False,0.0,0.0,,0.0,,0.0,,0.0,False,3,0.0,0.0,0.0,0.0,DORMANT,,,0.0,,0.0,,,0.0,,,0.0,,0.0,,,0.0
500710188,TRANSPARENT TUBING M6,TCB,"ASM-Pacific,Firebird;ASM,TCB,Y-SHUTTLE;ASM-Pacific,Phoenix",Order To Max,,17.88,45.0,3,0.375,202410,202601,15,False,0.0,0.0,0.0,False,0.0,0.0,,0.0,,0.0,,0.0,False,3,0.0,0.0,0.0,0.0,DORMANT,,,,0.0,0.0,,,0.0,,,,0.0,0.0,,,0.0
500710516,M6 ONE TOUCH FITTING STRAIGHT,TCB,Asymtek S2-932;Asymtek S932;Asymtek S922,Order Beyond Max,,0.57,45.0,3,0.375,202410,202601,15,False,0.0,0.0,50.0,True,16.667,23.57,1.414,0.0,,-1.3819,-0.0829,5.6533,False,3,100.0,100.0,150.0,50.0,INTERMITTENT,,,,0.0,50.0,,,0.0,,,,0.0,50.0,,,0.0
500710517,PHILIP (+) HEAD SCREW M3 X 8,TCB,Asymtek S2-932;Asymtek S922;Asymtek S932,Order To Max,,0.09,45.0,3,0.375,202410,202601,15,False,0.0,0.0,0.0,False,0.0,0.0,,0.0,,0.0,,0.0,False,3,0.0,0.0,0.0,0.0,DORMANT,,,,0.0,0.0,,,0.0,,,,0.0,0.0,,,0.0
500712542,"TCB BOND TOOL 33.00MM,SISIC 501,22.12X20",TCB,Generic,Order Beyond Max,,5000.0,40.0,3,0.375,202409,202601,16,False,0.0,0.0,0.0,False,0.0,0.0,,0.0,,0.0,,0.0,False,3,0.0,0.0,0.0,0.0,DORMANT,,,0.0,,0.0,,,0.0,,,0.0,,0.0,,,0.0
500712543,"TCB BOND TOOL 33.00MM,SISIC 501,10.81X9.",TCB,Generic,Order To Max,,4500.0,40.0,3,0.375,202409,202601,16,False,0.0,0.0,0.0,False,0.0,0.0,,0.0,,0.0,,0.0,False,3,0.0,0.0,0.0,0.0,DORMANT,,,0.0,,0.0,,,0.0,,,0.0,,0.0,,,0.0
500712544,DUPLICATE USE 500803094,TCB,Generic,Order To Max,,2400.0,40.0,3,0.375,202409,202601,16,False,0.0,0.0,0.0,False,0.0,0.0,,0.0,,0.0,,0.0,False,3,0.0,0.0,0.0,0.0,DORMANT,,,0.0,,0.0,,,0.0,,,0.0,,0.0,,,0.0
500712545,"BOND CHUCK,4X1,MATRIX,56.5X100.0X2.05",TCB,Generic,Order To Max,,7250.0,40.0,3,0.375,202409,202601,16,False,0.0,0.0,0.0,False,0.0,0.0,,0.0,,0.0,,0.0,False,3,0.0,0.0,0.0,0.0,DORMANT,,,0.0,,0.0,,,0.0,,,0.0,,0.0,,,0.0
500712546,"PREHEAT PED,4X1,MATRIX,56.5X100.0X2.05",TCB,Generic,Order To Max,,4000.0,40.0,3,0.375,202409,202601,16,False,0.0,0.0,0.0,False,0.0,0.0,,0.0,,0.0,,0.0,False,3,0.0,0.0,0.0,0.0,DORMANT,,,0.0,,0.0,,,0.0,,,0.0,,0.0,,,0.0
500712547,"PREHEAT ACTIVE PRECISOR,4X1,MATRIX",TCB,Generic,Order To Max,,2000.0,40.0,3,0.375,202409,202601,16,False,0.0,0.0,0.0,False,0.0,0.0,,0.0,,0.0,,0.0,False,3,0.0,0.0,0.0,0.0,DORMANT,,,0.0,,0.0,,,0.0,,,0.0,,0.0,,,0.0
500712952,MASTER TAPE 16MM X-FEEDER,TCB,"ASM, SIPLACE SX1;TCB_Generic;Generic",Order To Max,,254.88,35.0,1,0.125,202503,202503,0,False,0.0,0.0,0.0,False,0.0,0.0,,0.0,,,,,False,1,0.0,0.0,0.0,0.0,SINGLE_SNAPSHOT,,,,,,0.0,,,,,,,,0.0,,
500713610,GLASS_RECAL_SHELF,TCB,GENERIC;KnS TCX3,Order To Max,,1824.0,68.0,3,0.375,202408,202412,4,False,0.0,5.0,5.0,True,2.333,2.055,0.881,5.0,,1.25,0.5357,0.25,True,3,8.0,12.0,7.0,2.333,INCREASING,,0.0,,2.0,5.0,,,,,0.0,,2.0,3.0,,,
500713611,RED_FIBER_OPTIC_LED,TCB,GENERIC;KnS TCX3,Order to Demand,,2100.0,53.0,7,0.875,202407,202601,18,False,0.0,0.0,0.0,False,0.0,0.0,,0.0,,0.0,,0.0,False,7,0.0,0.0,0.0,0.0,DORMANT,0.0,,0.0,0.0,0.0,0.0,0.0,0.0,0.0,,0.0,0.0,0.0,0.0,0.0,0.0
500713612,BLUE_FIBER_OPTIC_LED,TCB,GENERIC;KnS TCX3,Order to Demand,,2100.0,71.0,7,0.875,202407,202601,18,False,0.0,0.0,0.0,False,0.0,0.0,,0.0,,0.0,,0.0,False,7,0.0,0.0,0.0,0.0,DORMANT,0.0,,0.0,0.0,0.0,0.0,0.0,0.0,0.0,,0.0,0.0,0.0,0.0,0.0,0.0
500713613,"CAMERAHEAD,5MPIX,W_COOLING",TCB,GENERIC;KnS TCX3,Order To Max,,6750.0,60.0,3,0.375,202410,202601,15,False,0.0,0.0,0.0,False,0.0,0.0,,0.0,,0.0,,0.0,False,3,0.0,0.0,0.0,0.0,DORMANT,,,,0.0,0.0,,,0.0,,,,0.0,0.0,,,0.0
500713614,CBL_DISTRIB_FLOW_SENS,TCB,GENERIC;KnS TCX3,Order To Max,,974.0,75.0,3,0.375,202409,202601,16,False,0.0,0.0,0.0,False,0.0,0.0,,0.0,,0.0,,0.0,False,3,0.0,0.0,0.0,0.0,DORMANT,,,0.0,,0.0,,,0.0,,,0.0,,0.0,,,0.0
500713615,ILLUMINATION_DRIVER_PCB,TCB,GENERIC;KnS TCX3,Order To Max,,2013.0,91.0,4,0.5,202408,202601,17,False,0.0,0.0,0.0,True,0.0,0.0,,0.0,,0.0,,0.0324,False,4,1.0,1.0,1.0,0.25,DORMANT,,0.0,0.0,,0.0,,,0.0,,0.0,0.0,,0.0,,,0.0
500713616,"TRAY_CONTROLLER_POWER_SUPPLY,(TCPS)",TCB,GENERIC;KnS TCX3,Order to Demand,,18690.0,74.0,4,0.5,202409,202601,16,False,0.0,0.0,0.0,False,0.0,0.0,,0.0,,0.0,,0.0,False,4,0.0,0.0,0.0,0.0,DORMANT,,,0.0,0.0,0.0,,,0.0,,,0.0,0.0,0.0,,,0.0
500713617,CBL_PK_FLAT_ILLUM,TCB,GENERIC;KnS TCX3,Order To Max,,10960.0,49.0,3,0.375,202409,202601,16,False,0.0,0.0,0.0,False,0.0,0.0,,0.0,,0.0,,0.0,False,3,0.0,0.0,0.0,0.0,DORMANT,,,0.0,,0.0,,,0.0,,,0.0,,0.0,,,0.0
500713618,CBL_DIFFUSER_SOL,TCB,KnS TCX3;GENERIC,Order To Max,,540.0,53.0,3,0.375,202409,202601,16,False,0.0,0.0,0.0,False,0.0,0.0,,0.0,,0.0,,0.0,False,3,0.0,0.0,0.0,0.0,DORMANT,,,0.0,,0.0,,,0.0,,,0.0,,0.0,,,0.0
500713619,ASSY_PICK_ILLUM_TRIG_BOARD,TCB,GENERIC;KnS TCX3,Order To Max,,660.0,67.0,3,0.375,202409,202601,16,False,0.0,0.0,0.0,False,0.0,0.0,,0.0,,0.0,,0.0,False,3,0.0,0.0,0.0,0.0,DORMANT,,,0.0,,0.0,,,0.0,,,0.0,,0.0,,,0.0
500713620,CONFOCAL_ENCODER_INTERFACE_ASSY,TCB,KnS TCX3;GENERIC,Order To Max,,144.0,35.0,3,0.375,202409,202601,16,False,0.0,0.0,0.0,False,0.0,0.0,,0.0,,0.0,,0.0,False,3,0.0,0.0,0.0,0.0,DORMANT,,,0.0,,0.0,,,0.0,,,0.0,,0.0,,,0.0
500713621,"ASSY_RTD,AND,TC_SENSOR_BOARD",TCB,KnS TCX3;GENERIC,Order To Max,,861.0,67.0,3,0.375,202410,202601,15,False,0.0,0.0,0.0,True,0.0,0.0,,0.0,,0.0,,0.1407,False,3,2.0,2.0,2.0,0.667,DORMANT,,,,0.0,0.0,,,0.0,,,,0.0,0.0,,,0.0
500713622,USB_TO_DIFF_BOARD,TCB,KnS TCX3;GENERIC,Order To Max,,720.0,67.0,3,0.375,202410,202601,15,False,0.0,0.0,0.0,False,0.0,0.0,,0.0,,0.0,,0.0,False,3,0.0,0.0,0.0,0.0,DORMANT,,,,0.0,0.0,,,0.0,,,,0.0,0.0,,,0.0
500713623,KM_LOCKOUT_CONTROL_BOARD,TCB,GENERIC;KnS TCX3,Order To Max,,972.0,91.0,3,0.375,202409,202601,16,False,0.0,0.0,0.0,False,0.0,0.0,,0.0,,0.0,,0.0,False,3,0.0,0.0,0.0,0.0,DORMANT,,,0.0,,0.0,,,0.0,,,0.0,,0.0,,,0.0
500713624,"OBLIQUE_ASSY,FRONT",TCB,GENERIC;KnS TCX3,Order to Demand,,1950.0,56.0,6,0.75,202409,202601,16,False,0.0,0.0,0.0,False,0.0,0.0,,0.0,,0.0,,0.0,False,6,0.0,0.0,0.0,0.0,DORMANT,,,0.0,0.0,0.0,0.0,0.0,0.0,,,0.0,0.0,0.0,0.0,0.0,0.0
500713625,"OBLIQUE_ASSY,REAR",TCB,KnS TCX3;GENERIC,Order to Demand,,1950.0,56.0,6,0.75,202409,202601,16,False,0.0,0.0,0.0,False,0.0,0.0,,0.0,,0.0,,0.0,False,6,0.0,0.0,0.0,0.0,DORMANT,,,0.0,0.0,0.0,0.0,0.0,0.0,,,0.0,0.0,0.0,0.0,0.0,0.0
500713626,"OBLIQUE_ILLUMINATOR_ASSY,UP,LEFT",TCB,KnS TCX3;GENERIC,Order to Demand,,7950.0,60.0,4,0.5,202409,202601,16,False,0.0,0.0,0.0,False,0.0,0.0,,0.0,,0.0,,0.0,False,4,0.0,0.0,0.0,0.0,DORMANT,,,0.0,0.0,0.0,,,0.0,,,0.0,0.0,0.0,,,0.0
500713627,"OBLIQUE_ILLUMINATOR_ASSY,UP,RIGHT",TCB,GENERIC;KnS TCX3,Order to Demand,,7950.0,60.0,4,0.5,202409,202601,16,False,0.0,0.0,0.0,False,0.0,0.0,,0.0,,0.0,,0.0,False,4,0.0,0.0,0.0,0.0,DORMANT,,,0.0,0.0,0.0,,,0.0,,,0.0,0.0,0.0,,,0.0
500713628,"FIBER_ILLUMINATOR_ASSY,RIGHT",TCB,GENERIC;KnS TCX3,Order to Demand,,8094.0,60.0,4,0.5,202409,202601,16,False,0.0,0.0,0.0,False,0.0,0.0,,0.0,,0.0,,0.0,False,4,0.0,0.0,0.0,0.0,DORMANT,,,0.0,0.0,0.0,,,0.0,,,0.0,0.0,0.0,,,0.0
500713629,"FIBER_ILLUMINATOR_ASSY,LEFT",TCB,GENERIC;KnS TCX3,Order to Demand,,8094.0,60.0,4,0.5,202409,202601,16,False,0.0,0.0,0.0,False,0.0,0.0,,0.0,,0.0,,0.0,False,4,0.0,0.0,0.0,0.0,DORMANT,,,0.0,0.0,0.0,,,0.0,,,0.0,0.0,0.0,,,0.0
500713630,"DOWELPIN,DIA5X10,H7,CHAMFERED,SUS",TCB,GENERIC;KnS TCX3,Order To Max,,6.0,20.0,3,0.375,202409,202601,16,False,5.0,5.0,5.0,True,3.333,2.357,0.707,0.0,0.0,0.1152,0.0346,0.3341,False,3,10.0,10.0,15.0,5.0,STABLE,,,5.0,,0.0,,,5.0,,,5.0,,0.0,,,0.0
500714627,"DIE,VALVE,SENSOR,ASSY,Y,SLIDE,LT",TCB,GENERIC;KnS TCX3,Order to Demand,,2362.5,116.0,3,0.375,202407,202601,18,False,1.0,0.0,2.0,True,1.0,0.816,0.816,-1.0,-1.0,-0.0822,-0.0822,0.2671,False,3,10.0,13.0,16.0,5.333,STABLE,1.0,,2.0,,,,,0.0,1.0,,0.0,,,,,0.0
500714628,"DIE,VALVE,SENSOR,ASSY,Y,SLIDE,RT",TCB,GENERIC;KnS TCX3,Order to Demand,,2362.5,116.0,4,0.5,202409,202601,16,False,4.0,1.0,4.0,True,1.75,1.92,1.097,-3.0,-0.75,-0.1145,-0.0654,0.1687,False,4,7.0,11.0,6.0,1.5,STABLE,,,4.0,3.0,-1.0,,,1.0,,,1.0,-1.0,0.0,,,0.0
500714629,"FLAT,ILLUM,FRU",TCB,GENERIC;KnS TCX3,Order to Demand,,17742.0,40.0,4,0.5,202409,202601,16,False,0.0,0.0,0.0,False,0.0,0.0,,0.0,,0.0,,0.0,False,4,0.0,0.0,0.0,0.0,DORMANT,,,0.0,0.0,0.0,,,0.0,,,0.0,0.0,0.0,,,0.0
500715704,APPJ RADIAL SEAL RING #11053,TCB,"Grohmann,MFM-220",Order to Demand,,565.46,25.0,3,0.375,202409,202601,16,False,0.0,0.0,0.0,False,0.0,0.0,,0.0,,0.0,,0.0,False,3,0.0,0.0,0.0,0.0,DORMANT,,,0.0,,0.0,,,0.0,,,0.0,,0.0,,,0.0
500716293,TAPE SUPPORT F32 UPI,TCB,GENERIC;KnS TCX3,Order To Max,,210.0,41.0,5,0.625,202409,202601,16,False,0.0,0.0,3.0,True,0.6,1.2,2.0,0.0,,-0.0734,-0.1223,0.1345,False,5,3.0,3.0,3.0,0.6,INTERMITTENT,,,0.0,,3.0,0.0,0.0,0.0,,,0.0,,2.0,0.0,0.0,0.0
500716295,TAPE SUPPORT F44 UPI,TCB,KnS TCX3;GENERIC,Order To Max,,240.0,41.0,5,0.625,202407,202601,18,False,1.0,0.0,1.0,True,0.4,0.49,1.225,-1.0,-1.0,-0.043,-0.1074,-0.0585,False,5,0.0,1.0,0.0,0.0,INTERMITTENT,1.0,1.0,0.0,,0.0,,,0.0,0.0,0.0,0.0,,0.0,,,0.0
500717018,TAPE SUPPORT F56 UPI,TCB,KnS TCX3;GENERIC,Order to Demand,,245.0,41.0,6,0.75,202409,202601,16,False,0.0,0.0,0.0,False,0.0,0.0,,0.0,,0.0,,0.0,False,6,0.0,0.0,0.0,0.0,DORMANT,,,0.0,0.0,0.0,0.0,0.0,0.0,,,0.0,0.0,0.0,0.0,0.0,0.0
500717398,"THETA,Z,ASSY,RH",TCB,KnS TCX3,Order To Max,,1500.0,43.0,4,0.5,202408,202601,17,False,0.0,0.0,0.0,False,0.0,0.0,,0.0,,0.0,,0.0,False,4,0.0,0.0,0.0,0.0,DORMANT,,0.0,0.0,,0.0,,,0.0,,0.0,0.0,,0.0,,,0.0
500717474,PLASTIC CABLE CHAIN 1006MM,TCB,Delta CTH-Pyramid 2008;APPJ MFM-220,Order To Max,,68.2992,20.0,1,0.125,202407,202407,0,False,2.0,2.0,2.0,True,2.0,0.0,0.0,0.0,0.0,,,,True,1,7.0,10.0,2.0,2.0,SINGLE_SNAPSHOT,2.0,,,,,,,,2.0,,,,,,,
500717813,"SFFDR,ONLINE,REC,STATION",TCB,KnS TCX3,Order to Demand,,1815.0,70.0,5,0.625,202410,202601,15,False,0.0,0.0,0.0,True,0.0,0.0,,0.0,,0.0,,-0.1142,False,5,0.0,0.0,0.0,0.0,DORMANT,,,,0.0,0.0,0.0,0.0,0.0,,,,0.0,0.0,0.0,0.0,0.0
500717854,"12U3,RUBBER,TOOL,SHANK",TCB,KnS TCX3;GENERIC,Order to Demand,,700.0,41.0,6,0.75,202409,202601,16,False,0.0,0.0,0.0,False,0.0,0.0,,0.0,,0.0,,0.0,False,6,0.0,0.0,0.0,0.0,DORMANT,,,0.0,0.0,0.0,0.0,0.0,0.0,,,0.0,0.0,0.0,0.0,0.0,0.0
500717855,"12C3,RUBBER,TOOL,SHANK",TCB,KnS TCX3;GENERIC,Order to Demand,,700.0,41.0,6,0.75,202409,202601,16,False,0.0,0.0,0.0,False,0.0,0.0,,0.0,,0.0,,0.0,False,6,0.0,0.0,0.0,0.0,DORMANT,,,0.0,0.0,0.0,0.0,0.0,0.0,,,0.0,0.0,0.0,0.0,0.0,0.0
500717856,"6.5MM,FOAM,PICKTOOL,SHANK",TCB,GENERIC;KnS TCX3,Order To Max,,700.0,24.0,3,0.375,202409,202601,16,False,0.0,0.0,0.0,True,0.0,0.0,,0.0,,0.0,,-0.0,False,3,1.0,2.0,1.0,0.333,DORMANT,,,0.0,,0.0,,,0.0,,,0.0,,0.0,,,0.0
500717857,"9.5MM,FOAM,PICKTOOL,SHANK",TCB,KnS TCX3;GENERIC,Order to Demand,,700.0,24.0,6,0.75,202409,202601,16,False,0.0,0.0,0.0,False,0.0,0.0,,0.0,,0.0,,0.0,False,6,0.0,0.0,0.0,0.0,DORMANT,,,0.0,0.0,0.0,0.0,0.0,0.0,,,0.0,0.0,0.0,0.0,0.0,0.0
500717858,"15MM,FOAM,PICKTOOL,SHANK",TCB,KnS TCX3;GENERIC,Order to Demand,,700.0,28.0,6,0.75,202409,202601,16,False,0.0,0.0,0.0,False,0.0,0.0,,0.0,,0.0,,0.0,False,6,0.0,0.0,0.0,0.0,DORMANT,,,0.0,0.0,0.0,0.0,0.0,0.0,,,0.0,0.0,0.0,0.0,0.0,0.0
500717859,"PICK TOOL TIP, FOAM, DIA=6.5MM",TCB,GENERIC;KnS TCX3,Order To Max,,65.0,48.0,5,0.625,202407,202601,18,False,0.0,0.0,7.0,True,1.8,2.713,1.507,0.0,,-0.0544,-0.0302,0.1679,False,5,15.0,31.0,22.0,4.4,INTERMITTENT,0.0,2.0,,0.0,7.0,,,0.0,0.0,0.0,,0.0,7.0,,,0.0
500718654,DKN 45/41-8H7-14H7 BELLOW COUPLING,TCB,"ASM-Pacific,Phoenix",Order to Demand,,141.0,45.0,4,0.5,202407,202601,18,False,1.0,0.0,1.0,True,0.25,0.433,1.732,-1.0,-1.0,-0.0318,-0.1271,-0.0318,False,4,0.0,0.0,0.0,0.0,INTERMITTENT,1.0,,0.0,,0.0,,,0.0,0.0,,0.0,,0.0,,,0.0
500719780,MOTOR-CABLE M23G15 - 5 MTR.,TCB,"GENERIC;PLASMATREAT, APPJ_PTU1612",Order to Demand,,342.0,20.0,3,0.375,202409,202601,16,False,0.0,0.0,0.0,False,0.0,0.0,,0.0,,0.0,,0.0,False,3,0.0,0.0,0.0,0.0,DORMANT,,,0.0,,0.0,,,0.0,,,0.0,,0.0,,,0.0
500719781,CONNECTING SHAFT 80-630,TCB,"GENERIC;PLASMATREAT, APPJ_PTU1612",Order to Demand,,64.8,20.0,3,0.375,202409,202601,16,False,0.0,0.0,0.0,False,0.0,0.0,,0.0,,0.0,,0.0,False,3,0.0,0.0,0.0,0.0,DORMANT,,,0.0,,0.0,,,0.0,,,0.0,,0.0,,,0.0
500719782,MOTOR-CABLE M23G15 - 10 MTR.,TCB,"GENERIC;PLASMATREAT, APPJ_PTU1612",Order to Demand,,426.0,20.0,3,0.375,202409,202601,16,False,0.0,0.0,0.0,False,0.0,0.0,,0.0,,0.0,,0.0,False,3,0.0,0.0,0.0,0.0,DORMANT,,,0.0,,0.0,,,0.0,,,0.0,,0.0,,,0.0
500719783,MOTOR-CABLE M23G15 - 7.5 MTR.,TCB,"GENERIC;PLASMATREAT, APPJ_PTU1612",Order to Demand,,384.0,20.0,3,0.375,202409,202601,16,False,0.0,0.0,0.0,False,0.0,0.0,,0.0,,0.0,,0.0,False,3,0.0,0.0,0.0,0.0,DORMANT,,,0.0,,0.0,,,0.0,,,0.0,,0.0,,,0.0
500719784,FLOW SENSOR SA5020 UL,TCB,"GENERIC;PLASMATREAT, APPJ_PTU1612",Order to Demand,,2053.5,20.0,3,0.375,202409,202601,16,False,0.0,0.0,0.0,False,0.0,0.0,,0.0,,0.0,,0.0,False,3,0.0,0.0,0.0,0.0,DORMANT,,,0.0,,0.0,,,0.0,,,0.0,,0.0,,,0.0
500720247,ILUMINATED INDICATOR TITANIUM SIGN M22,TCB,"GENERIC;PLASMATREAT, APPJ_PTU1612",Order to Demand,,2.54,20.0,3,0.375,202409,202601,16,False,0.0,0.0,0.0,False,0.0,0.0,,0.0,,0.0,,0.0,False,3,0.0,0.0,0.0,0.0,DORMANT,,,0.0,,0.0,,,0.0,,,0.0,,0.0,,,0.0
500720248,FASTENING ADAPTER RMQ TITANIUM M22-A,TCB,"GENERIC;PLASMATREAT, APPJ_PTU1612",Order to Demand,,3.02,20.0,3,0.375,202409,202601,16,False,0.0,0.0,0.0,False,0.0,0.0,,0.0,,0.0,,0.0,False,3,0.0,0.0,0.0,0.0,DORMANT,,,0.0,,0.0,,,0.0,,,0.0,,0.0,,,0.0
500720249,CONTACT ELEMENT 1 O RMQ TITANIUM M22-K01,TCB,"GENERIC;PLASMATREAT, APPJ_PTU1612",Order to Demand,,9.31,20.0,3,0.375,202409,202601,16,False,0.0,0.0,0.0,False,0.0,0.0,,0.0,,0.0,,0.0,False,3,0.0,0.0,0.0,0.0,DORMANT,,,0.0,,0.0,,,0.0,,,0.0,,0.0,,,0.0
500720250,CONTACT BASE 1 S M22-K10,TCB,"GENERIC;PLASMATREAT, APPJ_PTU1612",Order to Demand,,9.55,20.0,3,0.375,202409,202601,16,False,0.0,0.0,0.0,False,0.0,0.0,,0.0,,0.0,,0.0,False,3,0.0,0.0,0.0,0.0,DORMANT,,,0.0,,0.0,,,0.0,,,0.0,,0.0,,,0.0
500720251,EREPLACENCY OFF BUTTON M22-PV RMQ,TCB,"PLASMATREAT, APPJ_PTU1612;GENERIC",Order to Demand,,54.85,20.0,3,0.375,202409,202601,16,False,0.0,0.0,0.0,False,0.0,0.0,,0.0,,0.0,,0.0,False,3,0.0,0.0,0.0,0.0,DORMANT,,,0.0,,0.0,,,0.0,,,0.0,,0.0,,,0.0
500720252,"LED ELEMENT WHITE, RMQ TITANIUM",TCB,"GENERIC;PLASMATREAT, APPJ_PTU1612",Order to Demand,,18.61,20.0,3,0.375,202409,202601,16,False,0.0,0.0,0.0,False,0.0,0.0,,0.0,,0.0,,0.0,False,3,0.0,0.0,0.0,0.0,DORMANT,,,0.0,,0.0,,,0.0,,,0.0,,0.0,,,0.0
500720253,PRESSURE ILLUMINATION WHEIT M22 DL W,TCB,"PLASMATREAT, APPJ_PTU1612;GENERIC",Order to Demand,,21.58,20.0,3,0.375,202409,202601,16,False,0.0,0.0,0.0,False,0.0,0.0,,0.0,,0.0,,0.0,False,3,0.0,0.0,0.0,0.0,DORMANT,,,0.0,,0.0,,,0.0,,,0.0,,0.0,,,0.0
500720254,02SQ25 INLAYPLATE BLANK-ALU COLOURED,TCB,"PLASMATREAT, APPJ_PTU1612;GENERIC",Order to Demand,,1.02,20.0,3,0.375,202409,202601,16,False,0.0,0.0,0.0,False,0.0,0.0,,0.0,,0.0,,0.0,False,3,0.0,0.0,0.0,0.0,DORMANT,,,0.0,,0.0,,,0.0,,,0.0,,0.0,,,0.0
500720255,FRONT ELEMENT FOR INDICATOR LIGHT 1,TCB,"GENERIC;PLASMATREAT, APPJ_PTU1612",Order to Demand,,7.32,20.0,3,0.375,202409,202601,16,False,0.0,0.0,0.0,False,0.0,0.0,,0.0,,0.0,,0.0,False,3,0.0,0.0,0.0,0.0,DORMANT,,,0.0,,0.0,,,0.0,,,0.0,,0.0,,,0.0
500720256,GUARD-RING (YELLOW) EREPLACENCY SWITCHING,TCB,"GENERIC;PLASMATREAT, APPJ_PTU1612",Order to Demand,,19.81,20.0,3,0.375,202409,202601,16,False,0.0,0.0,0.0,False,0.0,0.0,,0.0,,0.0,,0.0,False,3,0.0,0.0,0.0,0.0,DORMANT,,,0.0,,0.0,,,0.0,,,0.0,,0.0,,,0.0
500720257,"PNOZ S5 24VDC 2 N/02N/OT, SAFETY RELAY",TCB,"PLASMATREAT, APPJ_PTU1612;GENERIC",Order To Max,,678.0,20.0,4,0.5,202409,202601,16,False,0.0,0.0,0.0,False,0.0,0.0,,0.0,,0.0,,0.0,False,4,0.0,0.0,0.0,0.0,DORMANT,,,0.0,0.0,0.0,,,0.0,,,0.0,0.0,0.0,,,0.0
500720258,"PNOZ S7 24VDC 4 N/01N/C, SAFETY RELAY",TCB,"GENERIC;PLASMATREAT, APPJ_PTU1612",Order To Max,,318.0,20.0,3,0.375,202409,202601,16,False,-1.0,0.0,0.0,False,-0.333,0.471,,1.0,-1.0,0.0438,,0.0,False,3,0.0,0.0,0.0,0.0,INTERMITTENT,,,-1.0,,0.0,,,0.0,,,0.0,,0.0,,,0.0
500720259,"SAFETY SCREW, ROUND HEAD WITH HEXAL",TCB,"GENERIC;PLASMATREAT, APPJ_PTU1612",Order to Demand,,2.48,20.0,3,0.375,202409,202601,16,False,0.0,0.0,0.0,False,0.0,0.0,,0.0,,0.0,,0.0,False,3,0.0,0.0,0.0,0.0,DORMANT,,,0.0,,0.0,,,0.0,,,0.0,,0.0,,,0.0
500720260,M4 SCROLL NUT,TCB,"GENERIC;PLASMATREAT, APPJ_PTU1612",Order to Demand,,16.76,20.0,3,0.375,202409,202601,16,False,0.0,0.0,0.0,False,0.0,0.0,,0.0,,0.0,,0.0,False,3,0.0,0.0,0.0,0.0,DORMANT,,,0.0,,0.0,,,0.0,,,0.0,,0.0,,,0.0
500720261,"M22-WRS-MS-20, KEY SWITCH SPECIAL",TCB,"GENERIC;PLASMATREAT, APPJ_PTU1612",Order to Demand,,92.53,20.0,3,0.375,202409,202601,16,False,0.0,0.0,0.0,False,0.0,0.0,,0.0,,0.0,,0.0,False,3,0.0,0.0,0.0,0.0,DORMANT,,,0.0,,0.0,,,0.0,,,0.0,,0.0,,,0.0
500720348,CAP SENSOR COOLING PRESS SNR,TCB,"ASM-Pacific,Phoenix",Order to Demand,,110.0,65.0,3,0.375,202409,202601,16,False,0.0,0.0,0.0,False,0.0,0.0,,0.0,,0.0,,0.0,False,3,0.0,0.0,0.0,0.0,DORMANT,,,0.0,,0.0,,,0.0,,,0.0,,0.0,,,0.0
500720349,OT TABLE COOLING PRESS SNR,TCB,"ASM-Pacific,Phoenix",Order to Demand,,110.0,65.0,3,0.375,202409,202601,16,False,0.0,0.0,0.0,False,0.0,0.0,,0.0,,0.0,,0.0,False,3,0.0,0.0,0.0,0.0,DORMANT,,,0.0,,0.0,,,0.0,,,0.0,,0.0,,,0.0
500720350,DOWN LOOK COOLING PRESS SNR,TCB,"ASM-Pacific,Phoenix",Order to Demand,,110.0,65.0,3,0.375,202409,202601,16,False,0.0,0.0,0.0,False,0.0,0.0,,0.0,,0.0,,0.0,False,3,0.0,0.0,0.0,0.0,DORMANT,,,0.0,,0.0,,,0.0,,,0.0,,0.0,,,0.0
500720837,"SMP,BLEND,OptiShield Plus Premix",TCB,GENERIC;KnS TCX3,Order Beyond Max,,319.965,35.0,3,0.375,202409,202505,8,False,2.0,12.0,12.0,True,4.667,5.249,1.125,10.0,5.0,1.3673,0.293,-1.0204,False,3,21.0,45.0,19.0,6.333,INCREASING,,,2.0,,0.0,,12.0,,,,0.0,,0.0,,0.0,
500725805,"CUP,SUCTION,BLUE,2MM,SUF2,STA",TCB,"ASM-Pacific,Firebird;ASM-Pacific,Phoenix",Order To Max,,4.29,30.0,3,0.375,202409,202601,16,False,0.0,0.0,0.0,False,0.0,0.0,,0.0,,0.0,,0.0,False,3,0.0,0.0,0.0,0.0,DORMANT,,,0.0,,0.0,,,0.0,,,0.0,,0.0,,,0.0
500725914,BELLOW PAD,TCB,KnS TCX3,Order To Max,,18.3,45.0,1,0.125,202408,202408,0,False,0.0,0.0,0.0,True,0.0,0.0,,0.0,,,,,False,1,145.0,245.0,0.0,0.0,SINGLE_SNAPSHOT,,0.0,,,,,,,,0.0,,,,,,
500725915,REPLACEMENT FILTER ELEMENT FOR SMC REG,TCB,KnS TCX3,Order To Max,,5.0,45.0,3,0.375,202409,202601,16,False,0.0,0.0,0.0,False,0.0,0.0,,0.0,,0.0,,0.0,False,3,0.0,0.0,0.0,0.0,DORMANT,,,0.0,,0.0,,,0.0,,,0.0,,0.0,,,0.0
500725918,CLEAN AIR FILTER 0.01 MICRON,TCB,KnS TCX3,Order To Max,,169.3,43.0,4,0.5,202408,202601,17,False,0.0,0.0,1.0,True,0.25,0.433,1.732,0.0,,0.0119,0.0477,1.1974,False,4,19.0,19.0,12.0,3.0,INTERMITTENT,,0.0,0.0,,,,1.0,0.0,,0.0,0.0,,,,0.0,0.0
500726315,"SCANNER, RFID, USB, VANTAGE",TCB,"NordsonAsymtek,Vantage;Generic",Order To Max,,919.2,15.0,1,0.125,202601,202601,0,True,-1.0,-1.0,-1.0,True,-1.0,0.0,,0.0,-0.0,,,,True,1,1.0,1.0,0.0,0.0,SINGLE_SNAPSHOT,,,,,,,,-1.0,,,,,,,,0.0
500726576,"24"" PC MONITOR",TCB,"OMRON,3DXRAY,VT-X900",Order to Demand,,300.0,35.0,3,0.375,202409,202601,16,False,0.0,0.0,0.0,False,0.0,0.0,,0.0,,0.0,,0.0,False,3,0.0,0.0,0.0,0.0,DORMANT,,,0.0,,0.0,,,0.0,,,0.0,,0.0,,,0.0
500727477,HIGH TEMP GLOVE 390MM,TCB,Generic;KnS TCX3;TCB_Generic,Order To Max,,212.55,40.0,3,0.375,202409,202601,16,False,0.0,0.0,0.0,True,0.0,0.0,,0.0,,0.0,,-0.2005,False,3,1.0,5.0,1.0,0.333,DORMANT,,,0.0,,0.0,,,0.0,,,0.0,,0.0,,,0.0
500727760,RECALIBRATION SINGLE GLASS DIE 15X15,TCB,GENERIC;KnS TCX3,Order to Demand,,472.5,53.0,5,0.625,202407,202601,18,False,0.0,0.0,0.0,False,0.0,0.0,,0.0,,0.0,,0.0,False,5,0.0,0.0,0.0,0.0,DORMANT,0.0,0.0,0.0,,0.0,,,0.0,0.0,0.0,0.0,,0.0,,,0.0
500727761,RECALIBRATION SINGLE GLASS DIE 25X25,TCB,GENERIC;KnS TCX3,Order To Max,,472.5,73.0,4,0.5,202410,202505,7,False,3.0,10.0,17.0,True,9.0,5.244,0.583,7.0,2.333,1.4138,0.1571,1.5,False,4,32.0,48.0,34.0,8.5,INCREASING,,,,3.0,6.0,17.0,10.0,,,,,1.0,3.0,5.0,3.0,
500727766,TCX3 POWER SUPPLY UNIT,TCB,GENERIC;KnS TCX3,Order To Max,,10621.0,95.0,3,0.375,202409,202601,16,False,0.0,1.0,1.0,True,0.667,0.471,0.707,1.0,,0.0438,0.0657,0.1106,True,3,2.0,2.0,3.0,1.0,STABLE,,,0.0,,1.0,,,1.0,,,0.0,,0.0,,,1.0
500727768,CBL_INTERLOCK,TCB,KnS TCX3;GENERIC,Order To Max,,1470.0,143.0,4,0.5,202408,202601,17,False,0.0,0.0,0.0,False,0.0,0.0,,0.0,,0.0,,0.0,False,4,0.0,0.0,0.0,0.0,DORMANT,,0.0,0.0,,0.0,,,0.0,,0.0,0.0,,0.0,,,0.0
500727770,CBL_INTERLOCK,TCB,GENERIC;KnS TCX3,Order To Max,,1470.0,143.0,3,0.375,202409,202601,16,False,0.0,0.0,0.0,False,0.0,0.0,,0.0,,0.0,,0.0,False,3,0.0,0.0,0.0,0.0,DORMANT,,,0.0,,0.0,,,0.0,,,0.0,,0.0,,,0.0
500727772,CBL_INTERLOCK,TCB,GENERIC;KnS TCX3,Order To Max,,1470.0,143.0,3,0.375,202409,202601,16,False,0.0,0.0,0.0,False,0.0,0.0,,0.0,,0.0,,0.0,False,3,0.0,0.0,0.0,0.0,DORMANT,,,0.0,,0.0,,,0.0,,,0.0,,0.0,,,0.0
500727774,CBL_INTERLOCK,TCB,GENERIC;KnS TCX3,Order To Max,,1470.0,143.0,3,0.375,202409,202601,16,False,0.0,0.0,0.0,False,0.0,0.0,,0.0,,0.0,,0.0,False,3,0.0,0.0,0.0,0.0,DORMANT,,,0.0,,0.0,,,0.0,,,0.0,,0.0,,,0.0
500727776,CBL_INTERLOCK,TCB,GENERIC;KnS TCX3,Order To Max,,1470.0,143.0,3,0.375,202409,202601,16,False,0.0,0.0,0.0,True,0.0,0.0,,0.0,,0.0,,0.0668,False,3,1.0,1.0,1.0,0.333,DORMANT,,,0.0,,0.0,,,0.0,,,0.0,,0.0,,,0.0
500727778,CBL_INTERLOCK,TCB,GENERIC;KnS TCX3,Order To Max,,1470.0,143.0,3,0.375,202409,202601,16,False,0.0,1.0,1.0,True,0.333,0.471,1.414,1.0,,0.0668,0.2005,0.0668,True,3,1.0,1.0,1.0,0.333,INTERMITTENT,,,0.0,,0.0,,,1.0,,,0.0,,0.0,,,1.0
500727780,LEFT N2 RECAL SHELF - FLEX ASSY,TCB,KnS TCX3;GENERIC,Order To Max,,13994.4,40.0,6,0.75,202409,202601,16,False,1.0,0.0,1.0,True,0.333,0.471,1.414,-1.0,-1.0,-0.0596,-0.1788,-0.0596,False,6,0.0,1.0,0.0,0.0,INTERMITTENT,,,1.0,1.0,0.0,0.0,0.0,0.0,,,0.0,0.0,0.0,0.0,0.0,0.0
500727782,RIGHT N2 RECAL SHELF - FLEX ASSY,TCB,GENERIC;KnS TCX3,Order To Max,,13994.4,40.0,3,0.375,202409,202601,16,False,0.0,0.0,0.0,False,0.0,0.0,,0.0,,0.0,,0.0,False,3,0.0,0.0,0.0,0.0,DORMANT,,,0.0,,0.0,,,0.0,,,0.0,,0.0,,,0.0
500727785,PICKER HEAD ASSY RIGHT,TCB,GENERIC;KnS TCX3,Order To Max,,11397.2,41.0,3,0.375,202409,202601,16,False,0.0,0.0,0.0,False,0.0,0.0,,0.0,,0.0,,0.0,False,3,0.0,0.0,0.0,0.0,DORMANT,,,0.0,,0.0,,,0.0,,,0.0,,0.0,,,0.0
500727789,PICKER HEAD ASSY LEFT,TCB,GENERIC;KnS TCX3,Order To Max,,11397.2,57.0,3,0.375,202409,202601,16,False,0.0,0.0,0.0,False,0.0,0.0,,0.0,,0.0,,0.0,False,3,0.0,0.0,0.0,0.0,DORMANT,,,0.0,,0.0,,,0.0,,,0.0,,0.0,,,0.0
500727791,PCB NY4110 W EMI GASKET,TCB,KnS TCX3;GENERIC,Order To Max,,1828.6,38.0,3,0.375,202409,202601,16,False,0.0,0.0,0.0,False,0.0,0.0,,0.0,,0.0,,0.0,False,3,0.0,0.0,0.0,0.0,DORMANT,,,0.0,,0.0,,,0.0,,,0.0,,0.0,,,0.0
500727792,AIR CLEANER UNIT PREFILTER,TCB,KnS TCX3;GENERIC,Order To Max,,169.1,63.0,5,0.625,202407,202601,18,False,0.0,0.0,0.0,False,0.0,0.0,,0.0,,0.0,,0.0,False,5,0.0,0.0,0.0,0.0,DORMANT,0.0,0.0,0.0,,0.0,,,0.0,0.0,0.0,0.0,,0.0,,,0.0
500727793,IONIZER REPLACEMENT NEEDLES,TCB,GENERIC;KnS TCX3,Order To Max,,681.0,63.0,5,0.625,202407,202601,18,False,0.0,0.0,0.0,False,0.0,0.0,,0.0,,0.0,,0.0,False,5,0.0,0.0,0.0,0.0,DORMANT,0.0,0.0,0.0,,0.0,,,0.0,0.0,0.0,0.0,,0.0,,,0.0
500727794,Y SERVO MOTOR,TCB,GENERIC;KnS TCX3,Order To Max,,1473.0,55.0,3,0.375,202409,202601,16,False,0.0,0.0,0.0,False,0.0,0.0,,0.0,,0.0,,0.0,False,3,0.0,0.0,0.0,0.0,DORMANT,,,0.0,,0.0,,,0.0,,,0.0,,0.0,,,0.0
500727795,CONVEYOR STEPPER MOTOR,TCB,GENERIC;KnS TCX3,Order To Max,,211.5,55.0,3,0.375,202409,202601,16,False,0.0,0.0,0.0,False,0.0,0.0,,0.0,,0.0,,0.0,False,3,0.0,0.0,0.0,0.0,DORMANT,,,0.0,,0.0,,,0.0,,,0.0,,0.0,,,0.0
500727796,TIMING BELT,TCB,KnS TCX3;GENERIC,Order To Max,,16.6,55.0,4,0.5,202408,202601,17,False,0.0,0.0,0.0,False,0.0,0.0,,0.0,,0.0,,0.0,False,4,0.0,0.0,0.0,0.0,DORMANT,,0.0,0.0,,0.0,,,0.0,,0.0,0.0,,0.0,,,0.0
500727797,CONVEYOR BELT,TCB,GENERIC;KnS TCX3,Order To Max,,27.8,55.0,4,0.5,202408,202601,17,False,0.0,0.0,0.0,False,0.0,0.0,,0.0,,0.0,,0.0,False,4,0.0,0.0,0.0,0.0,DORMANT,,0.0,0.0,,0.0,,,0.0,,0.0,0.0,,0.0,,,0.0
500727798,Cylinder,TCB,GENERIC;KnS TCX3,Order To Max,,109.4,55.0,3,0.375,202409,202601,16,False,0.0,0.0,0.0,False,0.0,0.0,,0.0,,0.0,,0.0,False,3,0.0,0.0,0.0,0.0,DORMANT,,,0.0,,0.0,,,0.0,,,0.0,,0.0,,,0.0
500727799,LIMIT SENSOR,TCB,KnS TCX3;GENERIC,Order To Max,,17.5,55.0,4,0.5,202408,202601,17,False,0.0,0.0,0.0,False,0.0,0.0,,0.0,,0.0,,0.0,False,4,0.0,0.0,0.0,0.0,DORMANT,,0.0,0.0,,0.0,,,0.0,,0.0,0.0,,0.0,,,0.0
500727800,Interlock,TCB,GENERIC;KnS TCX3,Order To Max,,554.2,55.0,4,0.5,202408,202601,17,False,0.0,0.0,0.0,False,0.0,0.0,,0.0,,0.0,,0.0,False,4,0.0,0.0,0.0,0.0,DORMANT,,0.0,0.0,,0.0,,,0.0,,0.0,0.0,,0.0,,,0.0
500727801,FAST FUSE,TCB,KnS TCX3;GENERIC,Order To Max,,13.2,55.0,4,0.5,202408,202601,17,False,0.0,0.0,0.0,False,0.0,0.0,,0.0,,0.0,,0.0,False,4,0.0,0.0,0.0,0.0,DORMANT,,0.0,0.0,,0.0,,,0.0,,0.0,0.0,,0.0,,,0.0
500727802,FAST FUSE,TCB,GENERIC;KnS TCX3,Order To Max,,13.2,55.0,4,0.5,202408,202601,17,False,0.0,0.0,0.0,False,0.0,0.0,,0.0,,0.0,,0.0,False,4,0.0,0.0,0.0,0.0,DORMANT,,0.0,0.0,,0.0,,,0.0,,0.0,0.0,,0.0,,,0.0
500727803,FAST FUSE,TCB,GENERIC;KnS TCX3,Order To Max,,13.2,55.0,4,0.5,202408,202601,17,False,0.0,0.0,0.0,False,0.0,0.0,,0.0,,0.0,,0.0,False,4,0.0,0.0,0.0,0.0,DORMANT,,0.0,0.0,,0.0,,,0.0,,0.0,0.0,,0.0,,,0.0
500728377,PEDESTAL STORAGE CART,TCB,GENERIC;KnS TCX3,Order to Demand,,21400.0,59.0,4,0.5,202409,202601,16,False,0.0,0.0,0.0,False,0.0,0.0,,0.0,,0.0,,0.0,False,4,0.0,0.0,0.0,0.0,DORMANT,,,0.0,0.0,0.0,,,0.0,,,0.0,0.0,0.0,,,0.0
500728378,PEDESTAL PICKUP TOOL,TCB,GENERIC;KnS TCX3,Order To Max,,5000.0,95.0,3,0.375,202409,202601,16,False,0.0,0.0,0.0,False,0.0,0.0,,0.0,,0.0,,0.0,False,3,0.0,0.0,0.0,0.0,DORMANT,,,0.0,,0.0,,,0.0,,,0.0,,0.0,,,0.0
500728528,"SMP,BLEND,Loctite LB 8150 SV AS known as",TCB,"PLASMATREAT, APPJ_PTU1612",Order To Max,,40.59,45.0,3,0.375,202409,202601,16,False,0.0,0.0,0.0,False,0.0,0.0,,0.0,,0.0,,0.0,False,3,0.0,0.0,0.0,0.0,DORMANT,,,0.0,,0.0,,,0.0,,,0.0,,0.0,,,0.0
500732027,SCHMALZCONNECTOR_ELEMENT_FOR_SUCTION_CUP,TCB,"ASM-Pacific,Firebird;Hirata,Fast2020;Grohmann,MFM-220;ASM-Pacific,Phoenix",Order To Max,,4.4,30.0,1,0.125,202601,202601,0,True,0.0,0.0,0.0,False,0.0,0.0,,0.0,,,,,False,1,0.0,500.0,0.0,0.0,SINGLE_SNAPSHOT,,,,,,,,0.0,,,,,,,,0.0
500732150,"SFFDR,ANALYSIS,TOOL",TCB,KnS TCX3;GENERIC,Order to Demand,,18480.0,41.0,4,0.5,202409,202601,16,False,0.0,0.0,0.0,False,0.0,0.0,,0.0,,0.0,,0.0,False,4,0.0,0.0,0.0,0.0,DORMANT,,,0.0,0.0,0.0,,,0.0,,,0.0,0.0,0.0,,,0.0
500732159,"SFFDR,CALIBRATION,TAPE,56MM",TCB,KnS TCX3;GENERIC,Order to Demand,,2580.0,20.0,4,0.5,202409,202601,16,False,0.0,0.0,0.0,False,0.0,0.0,,0.0,,0.0,,0.0,False,4,0.0,0.0,0.0,0.0,DORMANT,,,0.0,0.0,0.0,,,0.0,,,0.0,0.0,0.0,,,0.0
500732160,"SFFDR,CALIBRATION,TAPE,72MM",TCB,GENERIC;KnS TCX3,Order to Demand,,2835.0,20.0,4,0.5,202409,202601,16,False,0.0,0.0,0.0,False,0.0,0.0,,0.0,,0.0,,0.0,False,4,0.0,0.0,0.0,0.0,DORMANT,,,0.0,0.0,0.0,,,0.0,,,0.0,0.0,0.0,,,0.0
500732161,"SFFDR,CALIBRATION,TAPE,88MM",TCB,GENERIC;KnS TCX3,Order to Demand,,3260.0,20.0,4,0.5,202409,202601,16,False,0.0,0.0,0.0,False,0.0,0.0,,0.0,,0.0,,0.0,False,4,0.0,0.0,0.0,0.0,DORMANT,,,0.0,0.0,0.0,,,0.0,,,0.0,0.0,0.0,,,0.0
500732162,"SF,TAPE,SUPP,UPI,72MM",TCB,KnS TCX3;GENERIC,Order to Demand,,245.0,41.0,4,0.5,202409,202601,16,False,0.0,0.0,0.0,False,0.0,0.0,,0.0,,0.0,,0.0,False,4,0.0,0.0,0.0,0.0,DORMANT,,,0.0,0.0,0.0,,,0.0,,,0.0,0.0,0.0,,,0.0
500732163,"SF,TAPE,SUPP,UPI,88MM",TCB,GENERIC;KnS TCX3,Order to Demand,,245.0,41.0,4,0.5,202409,202601,16,False,0.0,0.0,0.0,False,0.0,0.0,,0.0,,0.0,,0.0,False,4,0.0,0.0,0.0,0.0,DORMANT,,,0.0,0.0,0.0,,,0.0,,,0.0,0.0,0.0,,,0.0
500732855,TCX3 BONDHEAD CLEANING KIT,TCB,KnS TCX3,Order to Demand,,9500.0,75.0,5,0.625,202410,202601,15,False,0.0,0.0,0.0,False,0.0,0.0,,0.0,,0.0,,0.0,False,5,0.0,0.0,0.0,0.0,DORMANT,,,,0.0,0.0,0.0,0.0,0.0,,,,0.0,0.0,0.0,0.0,0.0
500732856,"SWITCH, PUSHBUTTON 2NO/1NC 250VAC/6A",TCB,KnS TCX3,Order To Max,,127.9,38.0,5,0.625,202407,202601,18,False,0.0,0.0,0.0,False,0.0,0.0,,0.0,,0.0,,0.0,False,5,0.0,0.0,0.0,0.0,DORMANT,0.0,0.0,0.0,,0.0,,,0.0,0.0,0.0,0.0,,0.0,,,0.0
500732857,"SWITCH, PUSHBUTTON 3NO 250VAC/5A",TCB,KnS TCX3,Order To Max,,127.9,71.0,5,0.625,202407,202601,18,False,0.0,0.0,0.0,False,0.0,0.0,,0.0,,0.0,,0.0,False,5,0.0,0.0,0.0,0.0,DORMANT,0.0,0.0,0.0,,0.0,,,0.0,0.0,0.0,0.0,,0.0,,,0.0
500732858,PCB NY4140 HIGH VOLTAGE DRIVE W SNUBBER,TCB,KnS TCX3,Order To Max,,3600.0,59.0,4,0.5,202408,202601,17,False,0.0,0.0,0.0,False,0.0,0.0,,0.0,,0.0,,0.0,False,4,0.0,0.0,0.0,0.0,DORMANT,,0.0,0.0,,0.0,,,0.0,,0.0,0.0,,0.0,,,0.0
500733737,OXYGEN SENSOR_TRANSMITTER SAFE AREA,TCB,KnS TCX3,Order To Max,,1125.0,53.0,3,0.375,202409,202601,16,False,0.0,1.0,1.0,True,0.333,0.471,1.414,1.0,,0.0668,0.2005,-0.0668,False,3,1.0,3.0,1.0,0.333,INTERMITTENT,,,0.0,,0.0,,,1.0,,,0.0,,0.0,,,0.0
500737060,"50491,S,1MM,8.524X3.613",TCB,Generic,Order to Demand,,3540.0,42.0,4,0.5,202409,202601,16,False,0.0,0.0,0.0,False,0.0,0.0,,0.0,,0.0,,0.0,False,4,0.0,0.0,0.0,0.0,DORMANT,,,0.0,0.0,0.0,,,0.0,,,0.0,0.0,0.0,,,0.0
500737061,"50492,S,1MM,9.81X10.81",TCB,Generic,Order to Demand,,3816.0,42.0,4,0.5,202409,202601,16,False,0.0,0.0,0.0,False,0.0,0.0,,0.0,,0.0,,0.0,False,4,0.0,0.0,0.0,0.0,DORMANT,,,0.0,0.0,0.0,,,0.0,,,0.0,0.0,0.0,,,0.0
500737062,"50493,S,1MM,6.796X10.631",TCB,Generic,Order to Demand,,3816.0,42.0,4,0.5,202409,202601,16,False,0.0,0.0,0.0,False,0.0,0.0,,0.0,,0.0,,0.0,False,4,0.0,0.0,0.0,0.0,DORMANT,,,0.0,0.0,0.0,,,0.0,,,0.0,0.0,0.0,,,0.0
500737078,"50637,S,1MM,23.192X10.584",TCB,Generic,Order to Demand,,3540.0,42.0,4,0.5,202409,202601,16,False,0.0,0.0,0.0,False,0.0,0.0,,0.0,,0.0,,0.0,False,4,0.0,0.0,0.0,0.0,DORMANT,,,0.0,0.0,0.0,,,0.0,,,0.0,0.0,0.0,,,0.0
500737079,"50648,S,1MM,9.932X15.982",TCB,Generic,Order to Demand,,3816.0,42.0,4,0.5,202409,202601,16,False,0.0,0.0,0.0,False,0.0,0.0,,0.0,,0.0,,0.0,False,4,0.0,0.0,0.0,0.0,DORMANT,,,0.0,0.0,0.0,,,0.0,,,0.0,0.0,0.0,,,0.0
500737083,"50720,S,1MM,8.935X4.805",TCB,Generic,Order to Demand,,3816.0,42.0,4,0.5,202409,202601,16,False,0.0,0.0,0.0,False,0.0,0.0,,0.0,,0.0,,0.0,False,4,0.0,0.0,0.0,0.0,DORMANT,,,0.0,0.0,0.0,,,0.0,,,0.0,0.0,0.0,,,0.0
500737833,CLEAR TUBING 20METER PER ROLL,TCB,"ASM-Pacific,Phoenix;ASM-Pacific,Firebird",Order to Demand,,20.22,45.0,3,0.375,202410,202601,15,False,0.0,0.0,0.0,False,0.0,0.0,,0.0,,0.0,,0.0,False,3,0.0,0.0,0.0,0.0,DORMANT,,,,0.0,0.0,,,0.0,,,,0.0,0.0,,,0.0
500746083,"THETA Z ASSY, LH",TCB,KnS TCX3,Order to Demand,,1500.0,70.0,5,0.625,202410,202601,15,False,0.0,0.0,0.0,False,0.0,0.0,,0.0,,0.0,,0.0,False,5,0.0,0.0,0.0,0.0,DORMANT,,,,0.0,0.0,0.0,0.0,0.0,,,,0.0,0.0,0.0,0.0,0.0
500746537,"50766,L,1MM,8.931X4.805",TCB,"ASM-Pacific,Phoenix;GENERIC",Order to Demand,,3790.0,35.0,4,0.5,202409,202601,16,False,0.0,0.0,0.0,False,0.0,0.0,,0.0,,0.0,,0.0,False,4,0.0,0.0,0.0,0.0,DORMANT,,,0.0,0.0,0.0,,,0.0,,,0.0,0.0,0.0,,,0.0
500747343,"LOWER BONDHEAD, 20MM",TCB,KnS TCX3,Order to Demand,,22000.0,57.0,4,0.5,202409,202601,16,False,0.0,0.0,0.0,False,0.0,0.0,,0.0,,0.0,,0.0,False,4,0.0,0.0,0.0,0.0,DORMANT,,,0.0,0.0,0.0,,,0.0,,,0.0,0.0,0.0,,,0.0
500747344,"LOWER BONDHEAD, 50MM, HVM",TCB,KnS TCX3,Order to Demand,,36000.0,59.0,4,0.5,202409,202601,16,False,0.0,0.0,0.0,False,0.0,0.0,,0.0,,0.0,,0.0,False,4,0.0,0.0,0.0,0.0,DORMANT,,,0.0,0.0,0.0,,,0.0,,,0.0,0.0,0.0,,,0.0
500747358,8MM SF FEEDER SPLICE WITH UPI,TCB,KnS TCX3,Order to Demand,,1120.0,47.0,4,0.5,202409,202601,16,False,0.0,0.0,0.0,False,0.0,0.0,,0.0,,0.0,,0.0,False,4,0.0,0.0,0.0,0.0,DORMANT,,,0.0,0.0,0.0,,,0.0,,,0.0,0.0,0.0,,,0.0
500747359,12MM SF FEEDER SPLICE WITH UPI,TCB,KnS TCX3,Order to Demand,,1360.0,47.0,4,0.5,202409,202601,16,False,0.0,0.0,0.0,False,0.0,0.0,,0.0,,0.0,,0.0,False,4,0.0,0.0,0.0,0.0,DORMANT,,,0.0,0.0,0.0,,,0.0,,,0.0,0.0,0.0,,,0.0
500747360,16MM SF FEEDER SPLICE WITH UPI,TCB,KnS TCX3,Order To Max,,1573.0,47.0,2,0.25,202409,202412,3,False,0.0,0.0,0.0,False,0.0,0.0,,0.0,,0.0,,0.0,False,2,0.0,0.0,0.0,0.0,DORMANT,,,0.0,,0.0,,,,,,0.0,,0.0,,,
500747361,24MM SF FEEDER SPLICE WITH UPI,TCB,KnS TCX3,Order To Max,,1773.0,47.0,3,0.375,202409,202601,16,False,0.0,0.0,0.0,False,0.0,0.0,,0.0,,0.0,,0.0,False,3,0.0,0.0,0.0,0.0,DORMANT,,,0.0,,0.0,,,0.0,,,0.0,,0.0,,,0.0
500747362,32MM SF FEEDER SPLICE WITH UPI,TCB,KnS TCX3,Order To Max,,2285.0,47.0,3,0.375,202409,202601,16,False,0.0,0.0,0.0,False,0.0,0.0,,0.0,,0.0,,0.0,False,3,0.0,0.0,0.0,0.0,DORMANT,,,0.0,,0.0,,,0.0,,,0.0,,0.0,,,0.0
500747364,56MM SF FEEDER SPLICE WITH UPI,TCB,KnS TCX3,Order to Demand,,4045.0,47.0,4,0.5,202409,202601,16,False,0.0,0.0,0.0,False,0.0,0.0,,0.0,,0.0,,0.0,False,4,0.0,0.0,0.0,0.0,DORMANT,,,0.0,0.0,0.0,,,0.0,,,0.0,0.0,0.0,,,0.0
500747365,72MM SF FEEDER SPLICE WITH UPI,TCB,KnS TCX3,Order to Demand,,9045.0,47.0,4,0.5,202409,202601,16,False,0.0,0.0,0.0,False,0.0,0.0,,0.0,,0.0,,0.0,False,4,0.0,0.0,0.0,0.0,DORMANT,,,0.0,0.0,0.0,,,0.0,,,0.0,0.0,0.0,,,0.0
500747366,88MM SF FEEDER SPLICE WITH UPI,TCB,KnS TCX3,Order to Demand,,9595.0,47.0,4,0.5,202409,202601,16,False,0.0,0.0,0.0,False,0.0,0.0,,0.0,,0.0,,0.0,False,4,0.0,0.0,0.0,0.0,DORMANT,,,0.0,0.0,0.0,,,0.0,,,0.0,0.0,0.0,,,0.0
500748676,"PLACE TOOL 33,SISIC501,19.54X19.52X0.5Y",TCB,KnS TCX3,Order To Max,,5000.0,35.0,3,0.375,202409,202601,16,False,0.0,0.0,0.0,True,0.0,0.0,,0.0,,0.0,,-0.1313,False,3,0.0,0.0,0.0,0.0,DORMANT,,,0.0,,0.0,,,0.0,,,0.0,,0.0,,,0.0
500748694,"VACUUM CRANE,3X1 MATRIX,70.5X104.5",TCB,KnS TCX3,Order To Max,,3200.0,35.0,3,0.375,202409,202601,16,False,0.0,0.0,0.0,False,0.0,0.0,,0.0,,0.0,,0.0,False,3,0.0,0.0,0.0,0.0,DORMANT,,,0.0,,0.0,,,0.0,,,0.0,,0.0,,,0.0
500748695,"BOND CHUCK,3X1 MATRIX,70.5X104.5X1.80",TCB,KnS TCX3,Order To Max,,7250.0,35.0,3,0.375,202409,202601,16,False,0.0,0.0,0.0,False,0.0,0.0,,0.0,,0.0,,0.0,False,3,0.0,0.0,0.0,0.0,DORMANT,,,0.0,,0.0,,,0.0,,,0.0,,0.0,,,0.0
500748696,"PREHEAT CHUCK,3X1 MATRIX,70.5X104.5",TCB,KnS TCX3,Order To Max,,4000.0,35.0,3,0.375,202409,202601,16,False,0.0,0.0,0.0,False,0.0,0.0,,0.0,,0.0,,0.0,False,3,0.0,0.0,0.0,0.0,DORMANT,,,0.0,,0.0,,,0.0,,,0.0,,0.0,,,0.0
500748697,"PRECISOR,3X1 MATRIX,70.5X104.5",TCB,KnS TCX3,Order To Max,,2000.0,35.0,3,0.375,202409,202601,16,False,0.0,0.0,0.0,False,0.0,0.0,,0.0,,0.0,,0.0,False,3,0.0,0.0,0.0,0.0,DORMANT,,,0.0,,0.0,,,0.0,,,0.0,,0.0,,,0.0
500749663,"PLACE TOOL 33,SISIC501,22.12X20.61X1.0S",TCB,KnS TCX3,Order To Max,,5000.0,35.0,3,0.375,202409,202601,16,False,0.0,0.0,0.0,False,0.0,0.0,,0.0,,0.0,,0.0,False,3,0.0,0.0,0.0,0.0,DORMANT,,,0.0,,0.0,,,0.0,,,0.0,,0.0,,,0.0
500749664,"PLACE TOOL 33,SISIC501,10.81X09.81X1.0S",TCB,KnS TCX3,Order To Max,,5000.0,35.0,3,0.375,202409,202601,16,False,0.0,0.0,0.0,False,0.0,0.0,,0.0,,0.0,,0.0,False,3,0.0,0.0,0.0,0.0,DORMANT,,,0.0,,0.0,,,0.0,,,0.0,,0.0,,,0.0
500749883,TCX3 FUSE KIT,TCB,KnS TCX3,Order To Max,,1328.1,77.0,5,0.625,202407,202601,18,False,0.0,0.0,0.0,True,0.0,0.0,,0.0,,0.0,,0.0585,False,5,1.0,1.0,1.0,0.2,DORMANT,0.0,0.0,0.0,,0.0,,,0.0,0.0,0.0,0.0,,0.0,,,0.0
500749884,O2 GAS SENSOR,TCB,KnS TCX3,Order to Demand,,672.0,70.0,4,0.5,202412,202601,13,False,9.0,0.0,9.0,True,3.0,3.674,1.225,-9.0,-1.0,-0.5822,-0.1941,-1.0081,False,4,12.0,24.0,5.0,1.25,INTERMITTENT,,,,,9.0,3.0,0.0,0.0,,,,,2.0,0.0,0.0,0.0
500749886,"TRACE SENSOR, HYDROGEN-TOLERANT VERSION",TCB,KnS TCX3,Order To Max,,2500.0,63.0,4,0.5,202407,202601,18,False,0.0,0.0,0.0,True,0.0,0.0,,0.0,,0.0,,0.0597,False,4,1.0,1.0,1.0,0.25,DORMANT,0.0,,0.0,,0.0,,,0.0,0.0,,0.0,,0.0,,,0.0
500749887,LEVEL SENSOR W STAINLESS STEEL TUBING,TCB,KnS TCX3,Order To Max,,1080.0,63.0,5,0.625,202407,202601,18,False,0.0,0.0,0.0,False,0.0,0.0,,0.0,,0.0,,0.0,False,5,0.0,0.0,0.0,0.0,DORMANT,0.0,0.0,0.0,,0.0,,,0.0,0.0,0.0,0.0,,0.0,,,0.0
500750225,NI USB 6525 DAQ DEVICE,TCB,"ASM,TCB,Y-SHUTTLE;ASM-Pacific,Firebird;ASM-Pacific,Phoenix",Order to Demand,,1616.0,65.0,4,0.5,202409,202601,16,False,0.0,0.0,0.0,False,0.0,0.0,,0.0,,0.0,,0.0,False,4,0.0,0.0,0.0,0.0,DORMANT,,,0.0,0.0,0.0,,,0.0,,,0.0,0.0,0.0,,,0.0
500750226,APPJ SEPARATING STRIP CABLE CHAIN,TCB,APPJ MFM-220,Order to Demand,,402.02,20.0,3,0.375,202409,202601,16,False,0.0,0.0,0.0,False,0.0,0.0,,0.0,,0.0,,0.0,False,3,0.0,0.0,0.0,0.0,DORMANT,,,0.0,,0.0,,,0.0,,,0.0,,0.0,,,0.0
500750227,APPJ OPENING BAR CABLE CHAIN,TCB,APPJ MFM-220,Order to Demand,,86.8,20.0,3,0.375,202409,202601,16,False,0.0,0.0,0.0,False,0.0,0.0,,0.0,,0.0,,0.0,False,3,0.0,0.0,0.0,0.0,DORMANT,,,0.0,,0.0,,,0.0,,,0.0,,0.0,,,0.0
500750265,ADJUSTABLE TAPE COVER V2 FIREBIRD-UGK,TCB,"ASM-Pacific,Phoenix;ASM-Pacific,Firebird",Order to Demand,,105.0,35.0,3,0.375,202409,202601,16,False,0.0,0.0,0.0,False,0.0,0.0,,0.0,,0.0,,0.0,False,3,0.0,0.0,0.0,0.0,DORMANT,,,0.0,,0.0,,,0.0,,,0.0,,0.0,,,0.0
500751478,"TRACE,LEVEL,O2,SENSOR,FOR,EC911,EC913",TCB,"ASM-Pacific,Firebird;ASM-Pacific,Phoenix;TCB_Generic;KnS TCX3",Order To Max,,1226.0,56.0,1,0.125,202601,202601,0,True,0.0,0.0,0.0,False,0.0,0.0,,0.0,,,,,False,1,0.0,0.0,0.0,0.0,SINGLE_SNAPSHOT,,,,,,,,0.0,,,,,,,,0.0
500752463,I/P SHUTTLER LT FLEX CABLE,TCB,"ASM-Pacific,Phoenix",Order to Demand,,70.0,85.0,4,0.5,202408,202601,17,False,1.0,0.0,1.0,True,0.25,0.433,1.732,-1.0,-1.0,-0.0297,-0.1189,-0.0297,False,4,0.0,0.0,0.0,0.0,INTERMITTENT,,1.0,0.0,,0.0,,,0.0,,0.0,0.0,,0.0,,,0.0
500752477,19.5 WIDESCREEN LCD MONITOR,TCB,"ASM-Pacific,Phoenix",Order To Max,,413.0,85.0,4,0.5,202409,202601,16,False,1.0,0.0,1.0,True,0.25,0.433,1.732,-1.0,-1.0,-0.0301,-0.1205,-0.1325,False,4,0.0,2.0,0.0,0.0,INTERMITTENT,,,1.0,0.0,0.0,,,0.0,,,0.0,0.0,0.0,,,0.0
500752585,EIS DAQ ASSY,TCB,"ASM,TCB,Y-SHUTTLE;ASM-Pacific,Firebird;ASM-Pacific,Phoenix",Order to Demand,,2599.0,65.0,3,0.375,202409,202601,16,False,0.0,0.0,0.0,False,0.0,0.0,,0.0,,0.0,,0.0,False,3,0.0,0.0,0.0,0.0,DORMANT,,,0.0,,0.0,,,0.0,,,0.0,,0.0,,,0.0
500753234,"BB CATALYST KIT, SANITARY",TCB,Heller 2017 Formic Acid,Order to Demand,,8719.0,45.0,5,0.625,202410,202601,15,False,0.0,0.0,0.0,True,0.0,0.0,,0.0,,0.0,,-0.0682,False,5,0.0,1.0,0.0,0.0,DORMANT,,,,0.0,0.0,0.0,0.0,0.0,,,,0.0,0.0,0.0,0.0,0.0
500754375,BS PEDESTAL CLEANING,TCB,"ASM-Pacific,Phoenix;TCB_Generic;ASM-Pacific,Firebird",Order To Max,,727.5,55.0,4,0.5,202409,202601,16,False,0.0,0.0,0.0,False,0.0,0.0,,0.0,,0.0,,0.0,False,4,0.0,0.0,0.0,0.0,DORMANT,,,0.0,0.0,0.0,,,0.0,,,0.0,0.0,0.0,,,0.0
500754383,AKBEW FLOW METER UGK,TCB,"ASM-Pacific,Firebird;ASM-Pacific,Phoenix",Order to Demand,,639.0,95.0,3,0.375,202409,202601,16,False,0.0,0.0,0.0,False,0.0,0.0,,0.0,,0.0,,0.0,False,3,0.0,0.0,0.0,0.0,DORMANT,,,0.0,,0.0,,,0.0,,,0.0,,0.0,,,0.0
500756577,TORQUE WRENCH 10-50NM FOR NOZZLE HEAD,TCB,"PLASMATREAT, APPJ_PTU1612",Order to Demand,,661.5,30.0,2,0.25,202505,202601,8,False,0.0,1.0,1.0,True,0.5,0.5,1.0,1.0,,0.125,0.25,0.125,False,2,1.0,1.0,1.0,0.5,INTERMITTENT,,,,,,,0.0,1.0,,,,,,,0.0,0.0
500758642,PAN SCREW �-20 ZEVA GRAY (M6X1.0),TCB,Heller 2017 Formic Acid;Heller HRF,Order to Demand,,2.63,15.0,3,0.375,202410,202601,15,False,0.0,0.0,0.0,False,0.0,0.0,,0.0,,0.0,,0.0,False,3,0.0,0.0,0.0,0.0,DORMANT,,,,0.0,0.0,,,0.0,,,,0.0,0.0,,,0.0
500758643,MALE BRANCH TEE,TCB,Heller 2017 Formic Acid;Heller HRF,Order to Demand,,48.0,30.0,3,0.375,202410,202601,15,False,0.0,0.0,0.0,False,0.0,0.0,,0.0,,0.0,,0.0,False,3,0.0,0.0,0.0,0.0,DORMANT,,,,0.0,0.0,,,0.0,,,,0.0,0.0,,,0.0
500758644,IMPOLENE TUBING 12MM,TCB,Heller HRF;Heller 2017 Formic Acid,Order to Demand,,20.25,25.0,3,0.375,202410,202601,15,False,0.0,0.0,0.0,False,0.0,0.0,,0.0,,0.0,,0.0,False,3,0.0,0.0,0.0,0.0,DORMANT,,,,0.0,0.0,,,0.0,,,,0.0,0.0,,,0.0
500758645,"SILICONE RUBBER HOSE, 1"" ID",TCB,Heller 2017 Formic Acid;Heller HRF,Order to Demand,,176.4,35.0,3,0.375,202410,202601,15,False,0.0,0.0,0.0,False,0.0,0.0,,0.0,,0.0,,0.0,False,3,0.0,0.0,0.0,0.0,DORMANT,,,,0.0,0.0,,,0.0,,,,0.0,0.0,,,0.0
500758646,BLUE LENS,TCB,Heller HRF;Heller 2017 Formic Acid,Order to Demand,,30.45,20.0,3,0.375,202410,202601,15,False,0.0,0.0,0.0,False,0.0,0.0,,0.0,,0.0,,0.0,False,3,0.0,0.0,0.0,0.0,DORMANT,,,,0.0,0.0,,,0.0,,,,0.0,0.0,,,0.0
500758647,"1 1/2"", PANDUIT LOOM TUBING FOR S2S8",TCB,Heller 2017 Formic Acid;Heller HRF,Order to Demand,,22.58,70.0,3,0.375,202410,202601,15,False,0.0,0.0,0.0,False,0.0,0.0,,0.0,,0.0,,0.0,False,3,0.0,0.0,0.0,0.0,DORMANT,,,,0.0,0.0,,,0.0,,,,0.0,0.0,,,0.0
500758648,"1"" BLNKT INSLTN- 25MM*610MM*7320MM",TCB,Heller HRF;Heller 2017 Formic Acid,Order to Demand,,199.5,25.0,3,0.375,202410,202601,15,False,0.0,0.0,0.0,False,0.0,0.0,,0.0,,0.0,,0.0,False,3,0.0,0.0,0.0,0.0,DORMANT,,,,0.0,0.0,,,0.0,,,,0.0,0.0,,,0.0
500758649,FERRULE - 12AWG WIRE - HEATER WIRE,TCB,Heller HRF;Heller 2017 Formic Acid,Order to Demand,,1.05,25.0,3,0.375,202410,202601,15,False,0.0,0.0,0.0,False,0.0,0.0,,0.0,,0.0,,0.0,False,3,0.0,0.0,0.0,0.0,DORMANT,,,,0.0,0.0,,,0.0,,,,0.0,0.0,,,0.0
500758650,INSULATED FERRULE,TCB,Heller 2017 Formic Acid;Heller HRF,Order to Demand,,3.35,20.0,3,0.375,202410,202601,15,False,0.0,0.0,0.0,False,0.0,0.0,,0.0,,0.0,,0.0,False,3,0.0,0.0,0.0,0.0,DORMANT,,,,0.0,0.0,,,0.0,,,,0.0,0.0,,,0.0
500758651,SCR.CLAMP TERM.22-12 #170706,TCB,Heller HRF;Heller 2017 Formic Acid,Order to Demand,,26.0,25.0,3,0.375,202410,202601,15,False,0.0,0.0,0.0,False,0.0,0.0,,0.0,,0.0,,0.0,False,3,0.0,0.0,0.0,0.0,DORMANT,,,,0.0,0.0,,,0.0,,,,0.0,0.0,,,0.0
500758658,TRANSFORMER 10KVA #10S67F,TCB,Heller 2017 Formic Acid;Heller HRF,Order to Demand,,3969.0,40.0,3,0.375,202410,202601,15,False,0.0,0.0,0.0,False,0.0,0.0,,0.0,,0.0,,0.0,False,3,0.0,0.0,0.0,0.0,DORMANT,,,,0.0,0.0,,,0.0,,,,0.0,0.0,,,0.0
500758659,ERGONOMIC ARTICULATED ARM S2-S8,TCB,Heller HRF;Heller 2017 Formic Acid,Order to Demand,,1918.35,25.0,3,0.375,202410,202601,15,False,0.0,0.0,0.0,False,0.0,0.0,,0.0,,0.0,,0.0,False,3,0.0,0.0,0.0,0.0,DORMANT,,,,0.0,0.0,,,0.0,,,,0.0,0.0,,,0.0
500758660,LEVELER,TCB,Heller 2017 Formic Acid;Heller HRF,Order to Demand,,89.0,20.0,3,0.375,202410,202601,15,False,0.0,0.0,0.0,False,0.0,0.0,,0.0,,0.0,,0.0,False,3,0.0,0.0,0.0,0.0,DORMANT,,,,0.0,0.0,,,0.0,,,,0.0,0.0,,,0.0
500758662,3AWG POWER LUG,TCB,Heller HRF;Heller 2017 Formic Acid,Order to Demand,,31.0,30.0,3,0.375,202410,202601,15,False,0.0,0.0,0.0,False,0.0,0.0,,0.0,,0.0,,0.0,False,3,0.0,0.0,0.0,0.0,DORMANT,,,,0.0,0.0,,,0.0,,,,0.0,0.0,,,0.0
500758663,3AWG FERRULE,TCB,Heller 2017 Formic Acid;Heller HRF,Order to Demand,,1.5,30.0,3,0.375,202410,202601,15,False,0.0,0.0,0.0,False,0.0,0.0,,0.0,,0.0,,0.0,False,3,0.0,0.0,0.0,0.0,DORMANT,,,,0.0,0.0,,,0.0,,,,0.0,0.0,,,0.0
500758664,SHRINK TUBER,TCB,Heller HRF;Heller 2017 Formic Acid,Order to Demand,,3.0,20.0,3,0.375,202410,202601,15,False,0.0,0.0,0.0,False,0.0,0.0,,0.0,,0.0,,0.0,False,3,0.0,0.0,0.0,0.0,DORMANT,,,,0.0,0.0,,,0.0,,,,0.0,0.0,,,0.0
500758666,"SHOULDER BOLT, MISUMI",TCB,Heller 2017 Formic Acid;Heller HRF,Order to Demand,,51.45,20.0,3,0.375,202410,202601,15,False,0.0,0.0,0.0,False,0.0,0.0,,0.0,,0.0,,0.0,False,3,0.0,0.0,0.0,0.0,DORMANT,,,,0.0,0.0,,,0.0,,,,0.0,0.0,,,0.0
500758667,"WASHER, MISUMI",TCB,Heller HRF;Heller 2017 Formic Acid,Order to Demand,,28.35,20.0,3,0.375,202410,202601,15,False,0.0,0.0,0.0,False,0.0,0.0,,0.0,,0.0,,0.0,False,3,0.0,0.0,0.0,0.0,DORMANT,,,,0.0,0.0,,,0.0,,,,0.0,0.0,,,0.0
500758668,SERIAL Y-SPLITTER CABLE 1FT,TCB,Heller 2017 Formic Acid;Heller HRF,Order to Demand,,33.08,25.0,3,0.375,202410,202601,15,False,0.0,0.0,0.0,False,0.0,0.0,,0.0,,0.0,,0.0,False,3,0.0,0.0,0.0,0.0,DORMANT,,,,0.0,0.0,,,0.0,,,,0.0,0.0,,,0.0
500758669,FLANGED METAL WASHER,TCB,Heller HRF;Heller 2017 Formic Acid,Order to Demand,,53.0,25.0,3,0.375,202410,202601,15,False,0.0,0.0,0.0,False,0.0,0.0,,0.0,,0.0,,0.0,False,3,0.0,0.0,0.0,0.0,DORMANT,,,,0.0,0.0,,,0.0,,,,0.0,0.0,,,0.0
500758670,"DUAL SERIAL CARD ""RS-200P""",TCB,Heller HRF;Heller 2017 Formic Acid,Order to Demand,,83.48,25.0,3,0.375,202410,202601,15,False,0.0,0.0,0.0,False,0.0,0.0,,0.0,,0.0,,0.0,False,3,0.0,0.0,0.0,0.0,DORMANT,,,,0.0,0.0,,,0.0,,,,0.0,0.0,,,0.0
500758671,"T/C INPUT CONNECTOR, 8 POLE",TCB,Heller HRF;Heller 2017 Formic Acid,Order to Demand,,15.75,25.0,3,0.375,202410,202601,15,False,0.0,0.0,0.0,False,0.0,0.0,,0.0,,0.0,,0.0,False,3,0.0,0.0,0.0,0.0,DORMANT,,,,0.0,0.0,,,0.0,,,,0.0,0.0,,,0.0
500758692,"OUTER BOX WLDM, 9.75""X30"", 2017,W/O EXH",TCB,Heller HRF;Heller 2017 Formic Acid,Order to Demand,,813.75,30.0,3,0.375,202410,202601,15,False,0.0,0.0,0.0,False,0.0,0.0,,0.0,,0.0,,0.0,False,3,0.0,0.0,0.0,0.0,DORMANT,,,,0.0,0.0,,,0.0,,,,0.0,0.0,,,0.0
500758693,"OUTER BOX WLDM, 9.75""X30"", 2017, W/EXH",TCB,Heller HRF;Heller 2017 Formic Acid,Order to Demand,,813.75,25.0,3,0.375,202410,202601,15,False,0.0,0.0,0.0,False,0.0,0.0,,0.0,,0.0,,0.0,False,3,0.0,0.0,0.0,0.0,DORMANT,,,,0.0,0.0,,,0.0,,,,0.0,0.0,,,0.0
500758694,"9.75"" X 30"" SD ASSY, MK3V",TCB,Heller 2017 Formic Acid;Heller HRF,Order to Demand,,1876.35,25.0,3,0.375,202410,202601,15,False,0.0,0.0,0.0,False,0.0,0.0,,0.0,,0.0,,0.0,False,3,0.0,0.0,0.0,0.0,DORMANT,,,,0.0,0.0,,,0.0,,,,0.0,0.0,,,0.0
500758695,"9.75"" X 30"" SD ASSY, MK3V",TCB,Heller HRF;Heller 2017 Formic Acid,Order to Demand,,1876.35,25.0,3,0.375,202410,202601,15,False,0.0,0.0,0.0,False,0.0,0.0,,0.0,,0.0,,0.0,False,3,0.0,0.0,0.0,0.0,DORMANT,,,,0.0,0.0,,,0.0,,,,0.0,0.0,,,0.0
500758696,"9.75"" X 30"" SD ASSY, MK3V",TCB,Heller 2017 Formic Acid;Heller HRF,Order to Demand,,1876.35,25.0,3,0.375,202410,202601,15,False,0.0,0.0,0.0,False,0.0,0.0,,0.0,,0.0,,0.0,False,3,0.0,0.0,0.0,0.0,DORMANT,,,,0.0,0.0,,,0.0,,,,0.0,0.0,,,0.0
500758697,"9.75"" X 30"" SD ASSY, MK3V",TCB,Heller 2017 Formic Acid;Heller HRF,Order to Demand,,1876.35,25.0,3,0.375,202410,202601,15,False,0.0,0.0,0.0,False,0.0,0.0,,0.0,,0.0,,0.0,False,3,0.0,0.0,0.0,0.0,DORMANT,,,,0.0,0.0,,,0.0,,,,0.0,0.0,,,0.0
500758698,"TOP OUTR GRIL,9.75""X30"" BFM,5"" IMP,MK3.5",TCB,Heller 2017 Formic Acid;Heller HRF,Order to Demand,,180.6,25.0,3,0.375,202410,202601,15,False,0.0,0.0,0.0,False,0.0,0.0,,0.0,,0.0,,0.0,False,3,0.0,0.0,0.0,0.0,DORMANT,,,,0.0,0.0,,,0.0,,,,0.0,0.0,,,0.0
500758699,"BTM OUTER GRIL,9.75""X30""BFM,5"" IMP,MK3.5",TCB,Heller 2017 Formic Acid;Heller HRF,Order to Demand,,198.45,25.0,3,0.375,202410,202601,15,False,0.0,0.0,0.0,False,0.0,0.0,,0.0,,0.0,,0.0,False,3,0.0,0.0,0.0,0.0,DORMANT,,,,0.0,0.0,,,0.0,,,,0.0,0.0,,,0.0
500758700,"TOP OUTER GRILL WN 10.77"" X30"" SD",TCB,Heller 2017 Formic Acid;Heller HRF,Order to Demand,,236.25,25.0,3,0.375,202410,202601,15,False,0.0,0.0,0.0,False,0.0,0.0,,0.0,,0.0,,0.0,False,3,0.0,0.0,0.0,0.0,DORMANT,,,,0.0,0.0,,,0.0,,,,0.0,0.0,,,0.0
500758701,"BOTTOM OUTER GRILL WN 10.77"" X30"" SD",TCB,Heller HRF;Heller 2017 Formic Acid,Order to Demand,,257.25,25.0,3,0.375,202410,202601,15,False,0.0,0.0,0.0,False,0.0,0.0,,0.0,,0.0,,0.0,False,3,0.0,0.0,0.0,0.0,DORMANT,,,,0.0,0.0,,,0.0,,,,0.0,0.0,,,0.0
500758709,"THERMOCOUPLE ASSY, HEATED GRILL",TCB,Heller HRF;Heller 2017 Formic Acid,Order to Demand,,40.0,20.0,3,0.375,202410,202601,15,False,0.0,0.0,0.0,False,0.0,0.0,,0.0,,0.0,,0.0,False,3,0.0,0.0,0.0,0.0,DORMANT,,,,0.0,0.0,,,0.0,,,,0.0,0.0,,,0.0
500758710,"THERMOCOUPLE ASSY, HEATED GRILL",TCB,Heller HRF;Heller 2017 Formic Acid,Order to Demand,,29.0,20.0,3,0.375,202410,202601,15,False,0.0,0.0,0.0,False,0.0,0.0,,0.0,,0.0,,0.0,False,3,0.0,0.0,0.0,0.0,DORMANT,,,,0.0,0.0,,,0.0,,,,0.0,0.0,,,0.0
500758711,"HEAT SHRINK TUBE 150MM FOR 3"" HOSE",TCB,Heller HRF;Heller 2017 Formic Acid,Order to Demand,,54.6,25.0,3,0.375,202410,202601,15,False,0.0,0.0,0.0,False,0.0,0.0,,0.0,,0.0,,0.0,False,3,0.0,0.0,0.0,0.0,DORMANT,,,,0.0,0.0,,,0.0,,,,0.0,0.0,,,0.0
500758712,"180MM, HEAT SHRINKABLE  TUBING",TCB,Heller HRF;Heller 2017 Formic Acid,Order to Demand,,98.0,25.0,3,0.375,202410,202601,15,False,0.0,0.0,0.0,False,0.0,0.0,,0.0,,0.0,,0.0,False,3,0.0,0.0,0.0,0.0,DORMANT,,,,0.0,0.0,,,0.0,,,,0.0,0.0,,,0.0
500758713,"1"" BSPT REGULATOR W/ EXT. PRESSURE GAUGE",TCB,Heller HRF;Heller VCO;Heller 2017 Formic Acid,Order to Demand,,328.65,20.0,1,0.125,202410,202410,0,False,0.0,0.0,0.0,False,0.0,0.0,,0.0,,,,,False,1,0.0,0.0,0.0,0.0,SINGLE_SNAPSHOT,,,,0.0,,,,,,,,0.0,,,,
500758714,"ROLLER, 35MM DIA 22"" FW, 1/4"" ROUND AXLE",TCB,Heller HRF;Heller 2017 Formic Acid,Order to Demand,,52.5,20.0,3,0.375,202410,202601,15,False,0.0,0.0,0.0,False,0.0,0.0,,0.0,,0.0,,0.0,False,3,0.0,0.0,0.0,0.0,DORMANT,,,,0.0,0.0,,,0.0,,,,0.0,0.0,,,0.0
500758715,"KEY SWITCH, 3 POS, RIGHT TO CENTER",TCB,Heller HRF;Heller 2017 Formic Acid,Order to Demand,,168.0,25.0,3,0.375,202410,202601,15,False,0.0,0.0,0.0,False,0.0,0.0,,0.0,,0.0,,0.0,False,3,0.0,0.0,0.0,0.0,DORMANT,,,,0.0,0.0,,,0.0,,,,0.0,0.0,,,0.0
500758716,"SPRING COMP., 3/8"" OD X 20"" LG SUS",TCB,Heller HRF;Heller 2017 Formic Acid,Order to Demand,,25.2,20.0,3,0.375,202410,202601,15,False,0.0,0.0,0.0,False,0.0,0.0,,0.0,,0.0,,0.0,False,3,0.0,0.0,0.0,0.0,DORMANT,,,,0.0,0.0,,,0.0,,,,0.0,0.0,,,0.0
500758717,CAT 6 CABLE 1M,TCB,Heller 2017 Formic Acid;Heller HRF,Order to Demand,,19.95,20.0,3,0.375,202410,202601,15,False,0.0,0.0,0.0,False,0.0,0.0,,0.0,,0.0,,0.0,False,3,0.0,0.0,0.0,0.0,DORMANT,,,,0.0,0.0,,,0.0,,,,0.0,0.0,,,0.0
500758718,CAT 6 CABLE 2M,TCB,Heller 2017 Formic Acid;Heller HRF,Order to Demand,,28.35,20.0,3,0.375,202410,202601,15,False,0.0,0.0,0.0,False,0.0,0.0,,0.0,,0.0,,0.0,False,3,0.0,0.0,0.0,0.0,DORMANT,,,,0.0,0.0,,,0.0,,,,0.0,0.0,,,0.0
500758719,CAT 6 CABLE 5M,TCB,Heller 2017 Formic Acid;Heller HRF,Order to Demand,,39.9,20.0,3,0.375,202410,202601,15,False,0.0,0.0,0.0,False,0.0,0.0,,0.0,,0.0,,0.0,False,3,0.0,0.0,0.0,0.0,DORMANT,,,,0.0,0.0,,,0.0,,,,0.0,0.0,,,0.0
500758720,EXTERNAL RETAININGRING- 228014,TCB,Heller 2017 Formic Acid;Heller HRF,Order to Demand,,1.5,20.0,3,0.375,202410,202601,15,False,0.0,0.0,0.0,False,0.0,0.0,,0.0,,0.0,,0.0,False,3,0.0,0.0,0.0,0.0,DORMANT,,,,0.0,0.0,,,0.0,,,,0.0,0.0,,,0.0
500758723,"POWERWIRE FITTINGASSY, NITRO",TCB,Heller HRF;Heller 2017 Formic Acid,Order to Demand,,169.0,20.0,3,0.375,202410,202601,15,False,0.0,0.0,0.0,False,0.0,0.0,,0.0,,0.0,,0.0,False,3,0.0,0.0,0.0,0.0,DORMANT,,,,0.0,0.0,,,0.0,,,,0.0,0.0,,,0.0
500758724,SNIFFER TUBE SEAL CAP,TCB,Heller HRF;Heller 2017 Formic Acid,Order to Demand,,56.7,25.0,3,0.375,202410,202601,15,False,0.0,0.0,0.0,False,0.0,0.0,,0.0,,0.0,,0.0,False,3,0.0,0.0,0.0,0.0,DORMANT,,,,0.0,0.0,,,0.0,,,,0.0,0.0,,,0.0
500758725,SNIFFER TUBE SS 10MM OD,TCB,Heller HRF;Heller 2017 Formic Acid,Order to Demand,,11.55,25.0,3,0.375,202410,202601,15,False,0.0,0.0,0.0,False,0.0,0.0,,0.0,,0.0,,0.0,False,3,0.0,0.0,0.0,0.0,DORMANT,,,,0.0,0.0,,,0.0,,,,0.0,0.0,,,0.0
500758733,POWERWIRE & N2 INLET,TCB,Heller HRF;Heller 2017 Formic Acid,Order to Demand,,96.0,20.0,3,0.375,202410,202601,15,False,0.0,0.0,0.0,False,0.0,0.0,,0.0,,0.0,,0.0,False,3,0.0,0.0,0.0,0.0,DORMANT,,,,0.0,0.0,,,0.0,,,,0.0,0.0,,,0.0
500758734,"PACKING NUT, (N2 POWERWIRE FITTING)",TCB,Heller HRF;Heller 2017 Formic Acid,Order to Demand,,19.5,20.0,3,0.375,202410,202601,15,False,0.0,0.0,0.0,False,0.0,0.0,,0.0,,0.0,,0.0,False,3,0.0,0.0,0.0,0.0,DORMANT,,,,0.0,0.0,,,0.0,,,,0.0,0.0,,,0.0
500758735,CAP PLATE,TCB,Heller 2017 Formic Acid;Heller HRF,Order to Demand,,3.0,20.0,3,0.375,202410,202601,15,False,0.0,0.0,0.0,False,0.0,0.0,,0.0,,0.0,,0.0,False,3,0.0,0.0,0.0,0.0,DORMANT,,,,0.0,0.0,,,0.0,,,,0.0,0.0,,,0.0
500758737,"GLAND, POWERWIRE",TCB,Heller HRF;Heller 2017 Formic Acid,Order to Demand,,2.0,20.0,3,0.375,202410,202601,15,False,0.0,0.0,0.0,False,0.0,0.0,,0.0,,0.0,,0.0,False,3,0.0,0.0,0.0,0.0,DORMANT,,,,0.0,0.0,,,0.0,,,,0.0,0.0,,,0.0
500758766,"CONTACTOR 4P, 12A, 24VAC",TCB,Heller HRF;Heller 2017 Formic Acid,Order to Demand,,75.6,25.0,3,0.375,202410,202601,15,False,0.0,0.0,0.0,False,0.0,0.0,,0.0,,0.0,,0.0,False,3,0.0,0.0,0.0,0.0,DORMANT,,,,0.0,0.0,,,0.0,,,,0.0,0.0,,,0.0
500758772,SERIAL CABLE HC2/HC2,TCB,Heller 2017 Formic Acid;Heller HRF,Order to Demand,,63.0,20.0,3,0.375,202410,202601,15,False,0.0,0.0,0.0,False,0.0,0.0,,0.0,,0.0,,0.0,False,3,0.0,0.0,0.0,0.0,DORMANT,,,,0.0,0.0,,,0.0,,,,0.0,0.0,,,0.0
500758774,"LIGHT TOWER ASSEMBLY, 3 STAGE LED",TCB,Heller HRF;Heller 2017 Formic Acid,Order to Demand,,924.0,20.0,3,0.375,202410,202601,15,False,0.0,0.0,0.0,False,0.0,0.0,,0.0,,0.0,,0.0,False,3,0.0,0.0,0.0,0.0,DORMANT,,,,0.0,0.0,,,0.0,,,,0.0,0.0,,,0.0
500758775,"FLEX CONNECTTOR, 4"" COIL PIPE INLET",TCB,Heller HRF;Heller 2017 Formic Acid,Order to Demand,,351.75,30.0,3,0.375,202410,202601,15,False,0.0,0.0,0.0,False,0.0,0.0,,0.0,,0.0,,0.0,False,3,0.0,0.0,0.0,0.0,DORMANT,,,,0.0,0.0,,,0.0,,,,0.0,0.0,,,0.0
500758776,"OUTER PIPE, COIL COOLING, 4""",TCB,Heller HRF;Heller 2017 Formic Acid,Order to Demand,,643.0,45.0,3,0.375,202410,202601,15,False,0.0,0.0,0.0,False,0.0,0.0,,0.0,,0.0,,0.0,False,3,0.0,0.0,0.0,0.0,DORMANT,,,,0.0,0.0,,,0.0,,,,0.0,0.0,,,0.0
500758777,"REDUCER, CLAMP FITTING, 4""- 3""",TCB,Heller 2017 Formic Acid;Heller HRF,Order to Demand,,97.65,50.0,3,0.375,202410,202601,15,False,0.0,0.0,0.0,False,0.0,0.0,,0.0,,0.0,,0.0,False,3,0.0,0.0,0.0,0.0,DORMANT,,,,0.0,0.0,,,0.0,,,,0.0,0.0,,,0.0
500758778,"4"" FLEX HOSE, COIL PIPE IN",TCB,Heller HRF;Heller 2017 Formic Acid,Order to Demand,,301.35,30.0,3,0.375,202410,202601,15,False,0.0,0.0,0.0,False,0.0,0.0,,0.0,,0.0,,0.0,False,3,0.0,0.0,0.0,0.0,DORMANT,,,,0.0,0.0,,,0.0,,,,0.0,0.0,,,0.0
500758795,"BRACK, ADJ, TOP COIL PIPE, 2017",TCB,Heller 2017 Formic Acid;Heller HRF,Order to Demand,,30.45,30.0,3,0.375,202410,202601,15,False,0.0,0.0,0.0,False,0.0,0.0,,0.0,,0.0,,0.0,False,3,0.0,0.0,0.0,0.0,DORMANT,,,,0.0,0.0,,,0.0,,,,0.0,0.0,,,0.0
500758797,"BRACKET, SEISMIC RESTRAINT",TCB,Heller 2017 Formic Acid;Heller HRF,Order to Demand,,35.7,20.0,3,0.375,202410,202601,15,False,0.0,0.0,0.0,False,0.0,0.0,,0.0,,0.0,,0.0,False,3,0.0,0.0,0.0,0.0,DORMANT,,,,0.0,0.0,,,0.0,,,,0.0,0.0,,,0.0
500758801,"GRILL STIFFENER, 9-3/4 MODULE, BOTTOM",TCB,Heller 2017 Formic Acid;Heller HRF,Order to Demand,,15.75,20.0,3,0.375,202410,202601,15,False,0.0,0.0,0.0,False,0.0,0.0,,0.0,,0.0,,0.0,False,3,0.0,0.0,0.0,0.0,DORMANT,,,,0.0,0.0,,,0.0,,,,0.0,0.0,,,0.0
500758803,"GRILL STIFFENER, 9.75 MODULE, TOP",TCB,Heller HRF;Heller 2017 Formic Acid,Order to Demand,,15.75,20.0,3,0.375,202410,202601,15,False,0.0,0.0,0.0,False,0.0,0.0,,0.0,,0.0,,0.0,False,3,0.0,0.0,0.0,0.0,DORMANT,,,,0.0,0.0,,,0.0,,,,0.0,0.0,,,0.0
500758804,"GRILL STIFFENER, 10.8"" MODULE, TOP",TCB,Heller HRF;Heller 2017 Formic Acid,Order to Demand,,15.75,25.0,3,0.375,202410,202601,15,False,0.0,0.0,0.0,False,0.0,0.0,,0.0,,0.0,,0.0,False,3,0.0,0.0,0.0,0.0,DORMANT,,,,0.0,0.0,,,0.0,,,,0.0,0.0,,,0.0
500758805,"MONITORING T/C GAUGE, 35MM PASS HEIGHT",TCB,Heller 2017 Formic Acid;Heller HRF,Order to Demand,,75.6,20.0,3,0.375,202410,202601,15,False,0.0,0.0,0.0,False,0.0,0.0,,0.0,,0.0,,0.0,False,3,0.0,0.0,0.0,0.0,DORMANT,,,,0.0,0.0,,,0.0,,,,0.0,0.0,,,0.0
500758806,"CLAMP COLLAR ASSY,TOP SHELL SHIFTING",TCB,Heller HRF;Heller 2017 Formic Acid,Order to Demand,,48.3,25.0,3,0.375,202410,202601,15,False,0.0,0.0,0.0,False,0.0,0.0,,0.0,,0.0,,0.0,False,3,0.0,0.0,0.0,0.0,DORMANT,,,,0.0,0.0,,,0.0,,,,0.0,0.0,,,0.0
500758807,"SIDE CHAIN BELT ASSY, 510MM BOARD, 2""",TCB,Heller HRF;Heller 2017 Formic Acid,Order to Demand,,76.65,30.0,3,0.375,202410,202601,15,False,0.0,0.0,0.0,False,0.0,0.0,,0.0,,0.0,,0.0,False,3,0.0,0.0,0.0,0.0,DORMANT,,,,0.0,0.0,,,0.0,,,,0.0,0.0,,,0.0
500758824,"SIDE CHAIN WEAR ROD ASSY, 3MM, MIDDLE",TCB,Heller 2017 Formic Acid;Heller HRF,Order to Demand,,351.75,20.0,3,0.375,202410,202601,15,False,0.0,0.0,0.0,False,0.0,0.0,,0.0,,0.0,,0.0,False,3,0.0,0.0,0.0,0.0,DORMANT,,,,0.0,0.0,,,0.0,,,,0.0,0.0,,,0.0
500758826,"CLUTCH SPROCKET, 35A35, H.T.",TCB,Heller HRF;Heller 2017 Formic Acid,Order to Demand,,137.0,30.0,3,0.375,202410,202601,15,False,0.0,0.0,0.0,False,0.0,0.0,,0.0,,0.0,,0.0,False,3,0.0,0.0,0.0,0.0,DORMANT,,,,0.0,0.0,,,0.0,,,,0.0,0.0,,,0.0
500758828,SENSOR TUBE,TCB,Heller HRF;Heller 2017 Formic Acid,Order to Demand,,3.0,20.0,3,0.375,202410,202601,15,False,0.0,0.0,0.0,False,0.0,0.0,,0.0,,0.0,,0.0,False,3,0.0,0.0,0.0,0.0,DORMANT,,,,0.0,0.0,,,0.0,,,,0.0,0.0,,,0.0
500758831,SENSOR TUBE,TCB,Heller HRF;Heller 2017 Formic Acid,Order to Demand,,5.5,20.0,3,0.375,202410,202601,15,False,0.0,0.0,0.0,False,0.0,0.0,,0.0,,0.0,,0.0,False,3,0.0,0.0,0.0,0.0,DORMANT,,,,0.0,0.0,,,0.0,,,,0.0,0.0,,,0.0
500758833,LOW COST SNIFFER TUBE-FORMIC,TCB,Heller 2017 Formic Acid;Heller HRF,Order to Demand,,56.0,20.0,3,0.375,202410,202601,15,False,0.0,0.0,0.0,False,0.0,0.0,,0.0,,0.0,,0.0,False,3,0.0,0.0,0.0,0.0,DORMANT,,,,0.0,0.0,,,0.0,,,,0.0,0.0,,,0.0
500758834,"WIRE, 18AWG WHITE",TCB,Heller HRF;Heller 2017 Formic Acid,Order to Demand,,1.05,20.0,3,0.375,202410,202601,15,False,0.0,0.0,0.0,False,0.0,0.0,,0.0,,0.0,,0.0,False,3,0.0,0.0,0.0,0.0,DORMANT,,,,0.0,0.0,,,0.0,,,,0.0,0.0,,,0.0
500758836,T/C FEMALE CONNECTOR,TCB,Heller HRF;Heller 2017 Formic Acid,Order To Max,,9.0,30.0,3,0.375,202409,202601,16,False,0.0,0.0,0.0,False,0.0,0.0,,0.0,,0.0,,0.0,False,3,0.0,0.0,0.0,0.0,DORMANT,,,0.0,,0.0,,,0.0,,,0.0,,0.0,,,0.0
500758837,THERMOCOUPLE WIRE TYPE K,TCB,Heller HRF;Heller 2017 Formic Acid,Order to Demand,,9.89,20.0,3,0.375,202410,202601,15,False,0.0,0.0,0.0,False,0.0,0.0,,0.0,,0.0,,0.0,False,3,0.0,0.0,0.0,0.0,DORMANT,,,,0.0,0.0,,,0.0,,,,0.0,0.0,,,0.0
500758838,3AWG WIRE,TCB,Heller HRF;Heller 2017 Formic Acid,Order to Demand,,31.0,30.0,3,0.375,202410,202601,15,False,0.0,0.0,0.0,False,0.0,0.0,,0.0,,0.0,,0.0,False,3,0.0,0.0,0.0,0.0,DORMANT,,,,0.0,0.0,,,0.0,,,,0.0,0.0,,,0.0
500758849,"TEFLON HOSE, 3/8 OD, 1/4 ID",TCB,Heller 2017 Formic Acid;Heller HRF,Order to Demand,,15.3,20.0,3,0.375,202410,202601,15,False,0.0,0.0,0.0,False,0.0,0.0,,0.0,,0.0,,0.0,False,3,0.0,0.0,0.0,0.0,DORMANT,,,,0.0,0.0,,,0.0,,,,0.0,0.0,,,0.0
500758851,"BULKHEAD UNION, 6MM TUBE",TCB,Heller 2017 Formic Acid;Heller HRF,Order To Max,,17.59,20.0,3,0.375,202410,202601,15,False,2.0,0.0,2.0,True,1.333,0.943,0.707,-2.0,-1.0,-0.1407,-0.1055,0.0,False,3,2.0,2.0,6.0,2.0,DECREASING,,,,2.0,2.0,,,0.0,,,,2.0,0.0,,,0.0
500758852,IMPOLENE TUBING 6MM,TCB,Heller HRF;Heller 2017 Formic Acid,Order to Demand,,0.01,25.0,3,0.375,202410,202601,15,False,0.0,0.0,0.0,False,0.0,0.0,,0.0,,0.0,,0.0,False,3,0.0,0.0,0.0,0.0,DORMANT,,,,0.0,0.0,,,0.0,,,,0.0,0.0,,,0.0
500758854,THERMOCOUPLE WIRE 24 GAGE,TCB,Heller HRF;Heller 2017 Formic Acid,Order to Demand,,3.68,25.0,3,0.375,202410,202601,15,False,0.0,0.0,0.0,False,0.0,0.0,,0.0,,0.0,,0.0,False,3,0.0,0.0,0.0,0.0,DORMANT,,,,0.0,0.0,,,0.0,,,,0.0,0.0,,,0.0
500758856,"12AWG HIGH TEMP WIRE, RED",TCB,Heller 2017 Formic Acid;Heller HRF,Order to Demand,,16.75,25.0,3,0.375,202410,202601,15,False,0.0,0.0,0.0,False,0.0,0.0,,0.0,,0.0,,0.0,False,3,0.0,0.0,0.0,0.0,DORMANT,,,,0.0,0.0,,,0.0,,,,0.0,0.0,,,0.0
500758858,"12AWG HIGH TEMP WIRE, BLACK",TCB,Heller 2017 Formic Acid;Heller HRF,Order to Demand,,16.75,25.0,3,0.375,202410,202601,15,False,0.0,0.0,0.0,False,0.0,0.0,,0.0,,0.0,,0.0,False,3,0.0,0.0,0.0,0.0,DORMANT,,,,0.0,0.0,,,0.0,,,,0.0,0.0,,,0.0
500758859,"REGULATOR, 1/2"" BSPT (KOREAN MADE ONLY)",TCB,Heller 2017 Formic Acid;Heller HRF,Order to Demand,,135.45,20.0,3,0.375,202410,202601,15,False,0.0,0.0,0.0,False,0.0,0.0,,0.0,,0.0,,0.0,False,3,0.0,0.0,0.0,0.0,DORMANT,,,,0.0,0.0,,,0.0,,,,0.0,0.0,,,0.0
500758861,"1/4"" , PANDUIT LOOM TUBING FOR S2S8",TCB,Heller HRF;Heller 2017 Formic Acid,Order to Demand,,7.0,70.0,3,0.375,202410,202601,15,False,0.0,0.0,0.0,False,0.0,0.0,,0.0,,0.0,,0.0,False,3,0.0,0.0,0.0,0.0,DORMANT,,,,0.0,0.0,,,0.0,,,,0.0,0.0,,,0.0
500758862,"1/2"", PANDUIT LOOM TUBING FOR S2S8",TCB,Heller HRF;Heller 2017 Formic Acid,Order to Demand,,8.0,70.0,3,0.375,202410,202601,15,False,0.0,0.0,0.0,False,0.0,0.0,,0.0,,0.0,,0.0,False,3,0.0,0.0,0.0,0.0,DORMANT,,,,0.0,0.0,,,0.0,,,,0.0,0.0,,,0.0
500758863,"1"", PANDUIT LOOM TUBING FOR S2S8",TCB,Heller HRF;Heller 2017 Formic Acid,Order to Demand,,12.6,70.0,3,0.375,202410,202601,15,False,0.0,0.0,0.0,False,0.0,0.0,,0.0,,0.0,,0.0,False,3,0.0,0.0,0.0,0.0,DORMANT,,,,0.0,0.0,,,0.0,,,,0.0,0.0,,,0.0
500758864,DECO SCREW - M5X0.8X8MM LG,TCB,Heller 2017 Formic Acid;Heller HRF,Order to Demand,,2.63,15.0,3,0.375,202410,202601,15,False,0.0,0.0,0.0,False,0.0,0.0,,0.0,,0.0,,0.0,False,3,0.0,0.0,0.0,0.0,DORMANT,,,,0.0,0.0,,,0.0,,,,0.0,0.0,,,0.0
500758865,"CONTACTOR, 24VDC, 20A",TCB,Heller HRF;Heller 2017 Formic Acid,Order to Demand,,165.9,25.0,3,0.375,202410,202601,15,False,0.0,0.0,0.0,False,0.0,0.0,,0.0,,0.0,,0.0,False,3,0.0,0.0,0.0,0.0,DORMANT,,,,0.0,0.0,,,0.0,,,,0.0,0.0,,,0.0
500758866,TRANSFORMER 10KVA-480V #10S1F,TCB,Heller HRF;Heller 2017 Formic Acid,Order to Demand,,2357.0,40.0,3,0.375,202410,202601,15,False,0.0,0.0,0.0,False,0.0,0.0,,0.0,,0.0,,0.0,False,3,0.0,0.0,0.0,0.0,DORMANT,,,,0.0,0.0,,,0.0,,,,0.0,0.0,,,0.0
500758867,"SNAP DISC THERMOSTAT, 76.7�C NC",TCB,Heller HRF;Heller 2017 Formic Acid,Order to Demand,,170.1,40.0,3,0.375,202410,202601,15,False,0.0,0.0,0.0,False,0.0,0.0,,0.0,,0.0,,0.0,False,3,0.0,0.0,0.0,0.0,DORMANT,,,,0.0,0.0,,,0.0,,,,0.0,0.0,,,0.0
500758868,"SANITARY GASKET, 3"" PTFE",TCB,Heller 2017 Formic Acid;Heller HRF,Order to Demand,,13.0,25.0,3,0.375,202410,202601,15,False,0.0,0.0,0.0,False,0.0,0.0,,0.0,,0.0,,0.0,False,3,0.0,0.0,0.0,0.0,DORMANT,,,,0.0,0.0,,,0.0,,,,0.0,0.0,,,0.0
500758869,"2A, 2POLE BREAKER TYPE D",TCB,Heller 2017 Formic Acid;Heller HRF,Order to Demand,,101.85,30.0,3,0.375,202410,202601,15,False,0.0,0.0,0.0,False,0.0,0.0,,0.0,,0.0,,0.0,False,3,0.0,0.0,0.0,0.0,DORMANT,,,,0.0,0.0,,,0.0,,,,0.0,0.0,,,0.0
500758870,500C ADJUST CAPILLARY SWITCH,TCB,Heller 2017 Formic Acid;Heller HRF,Order to Demand,,952.0,45.0,3,0.375,202410,202601,15,False,0.0,0.0,0.0,False,0.0,0.0,,0.0,,0.0,,0.0,False,3,0.0,0.0,0.0,0.0,DORMANT,,,,0.0,0.0,,,0.0,,,,0.0,0.0,,,0.0
500758871,1/2 OD UNION,TCB,Heller 2017 Formic Acid;Heller HRF,Order to Demand,,55.0,30.0,3,0.375,202410,202601,15,False,0.0,0.0,0.0,False,0.0,0.0,,0.0,,0.0,,0.0,False,3,0.0,0.0,0.0,0.0,DORMANT,,,,0.0,0.0,,,0.0,,,,0.0,0.0,,,0.0
500765172,"PLACE TOOL 33,SISIC501,31.88X19.40X0.5S",TCB,KnS TCX3,Order To Max,,5000.0,30.0,3,0.375,202409,202601,16,False,0.0,0.0,0.0,False,0.0,0.0,,0.0,,0.0,,0.0,False,3,0.0,0.0,0.0,0.0,DORMANT,,,0.0,,0.0,,,0.0,,,0.0,,0.0,,,0.0
500765174,"VACUUM CRANE,5X1 MATRIX,45.0X50.7",TCB,KnS TCX3,Order To Max,,2400.0,35.0,3,0.375,202409,202601,16,False,0.0,0.0,0.0,False,0.0,0.0,,0.0,,0.0,,0.0,False,3,0.0,0.0,0.0,0.0,DORMANT,,,0.0,,0.0,,,0.0,,,0.0,,0.0,,,0.0
500765176,"BOND CHUCK,5X1 MATRIX,45.0X50.7X1.66",TCB,KnS TCX3,Order To Max,,7250.0,40.0,3,0.375,202409,202601,16,False,0.0,0.0,0.0,False,0.0,0.0,,0.0,,0.0,,0.0,False,3,0.0,0.0,0.0,0.0,DORMANT,,,0.0,,0.0,,,0.0,,,0.0,,0.0,,,0.0
500765178,"PREHEAT CHUCK,5X1 MATRIX,45.0X50.7",TCB,KnS TCX3,Order To Max,,4000.0,35.0,3,0.375,202409,202601,16,False,0.0,0.0,0.0,False,0.0,0.0,,0.0,,0.0,,0.0,False,3,0.0,0.0,0.0,0.0,DORMANT,,,0.0,,0.0,,,0.0,,,0.0,,0.0,,,0.0
500765179,"PRECISOR,5X1 MATRIX,45.0X50.7",TCB,KnS TCX3,Order To Max,,2000.0,35.0,3,0.375,202409,202601,16,False,0.0,0.0,0.0,False,0.0,0.0,,0.0,,0.0,,0.0,False,3,0.0,0.0,0.0,0.0,DORMANT,,,0.0,,0.0,,,0.0,,,0.0,,0.0,,,0.0
500768026,CBL_N2_CIRCULATION_FAN,TCB,KnS TCX3,Order to Demand,,695.3,70.0,6,0.75,202409,202601,16,False,0.0,0.0,1.0,True,0.167,0.373,2.236,0.0,,0.0135,0.0808,0.0731,False,6,1.0,1.0,2.0,0.333,INTERMITTENT,,,0.0,0.0,0.0,0.0,1.0,0.0,,,0.0,0.0,0.0,0.0,1.0,0.0
500768027,CBL_N2_CIRCULATION_FAN,TCB,KnS TCX3,Order to Demand,,695.3,70.0,6,0.75,202409,202601,16,False,0.0,0.0,0.0,False,0.0,0.0,,0.0,,0.0,,0.0,False,6,0.0,0.0,0.0,0.0,DORMANT,,,0.0,0.0,0.0,0.0,0.0,0.0,,,0.0,0.0,0.0,0.0,0.0,0.0
500768028,CBL_CAM_USB3,TCB,KnS TCX3,Order To Max,,1080.0,48.0,3,0.375,202410,202601,15,False,1.0,1.0,1.0,True,1.0,0.0,0.0,0.0,0.0,0.0,0.0,0.5628,True,3,14.0,17.0,15.0,5.0,STABLE,,,,1.0,1.0,,,1.0,,,,0.0,0.0,,,1.0
500768029,"DIFFERENTIAL PRESSURE SENSOR, 0-2.5 ""WC",TCB,KnS TCX3,Order to Demand,,524.5,48.0,4,0.5,202409,202601,16,False,0.0,0.0,0.0,True,0.0,0.0,,0.0,,0.0,,0.0663,False,4,1.0,1.0,1.0,0.25,DORMANT,,,0.0,0.0,0.0,,,0.0,,,0.0,0.0,0.0,,,0.0
500768195,"12U3,RUBBER,TIP,OD=2.00MM,ID=1.40MM",TCB,GENERIC;KnS TCX3,Order to Demand,,30.0,45.0,6,0.75,202409,202601,16,False,0.0,0.0,0.0,False,0.0,0.0,,0.0,,0.0,,0.0,False,6,0.0,0.0,0.0,0.0,DORMANT,,,0.0,0.0,0.0,0.0,0.0,0.0,,,0.0,0.0,0.0,0.0,0.0,0.0
500771779,"PLACE TOOL 33,SiSiC501,30.38x24.83x1.2s",TCB,GENERIC;KnS TCX3,Order To Max,,5000.0,30.0,5,0.625,202409,202601,16,False,3.0,1.0,8.0,True,3.6,2.653,0.737,-2.0,-0.667,-0.2228,-0.0619,-0.0109,True,5,18.0,31.0,21.0,4.2,STABLE,,,3.0,,8.0,1.0,5.0,1.0,,,1.0,,1.0,0.0,0.0,1.0
500772974,AUXILIARY CONTACTOR DC DILER,TCB,"GENERIC;PLASMATREAT, APPJ_PTU1612",Order To Max,,83.13,20.0,3,0.375,202409,202601,16,False,0.0,0.0,0.0,False,0.0,0.0,,0.0,,0.0,,0.0,False,3,0.0,0.0,0.0,0.0,DORMANT,,,0.0,,0.0,,,0.0,,,0.0,,0.0,,,0.0
500772975,RELAIS 24 V DV 1W,TCB,"GENERIC;PLASMATREAT, APPJ_PTU1612",Order to Demand,,47.78,20.0,3,0.375,202409,202601,16,False,0.0,0.0,0.0,False,0.0,0.0,,0.0,,0.0,,0.0,False,3,0.0,0.0,0.0,0.0,DORMANT,,,0.0,,0.0,,,0.0,,,0.0,,0.0,,,0.0
500772976,MAIN CONTACTOR 3H + 1S,TCB,"GENERIC;PLASMATREAT, APPJ_PTU1612",Order To Max,,310.5,20.0,3,0.375,202409,202601,16,False,0.0,0.0,0.0,False,0.0,0.0,,0.0,,0.0,,0.0,False,3,0.0,0.0,0.0,0.0,DORMANT,,,0.0,,0.0,,,0.0,,,0.0,,0.0,,,0.0
500772977,AUXILIARY BLOCK 2C+2O,TCB,"GENERIC;PLASMATREAT, APPJ_PTU1612",Order To Max,,31.38,20.0,3,0.375,202409,202601,16,False,0.0,0.0,0.0,False,0.0,0.0,,0.0,,0.0,,0.0,False,3,0.0,0.0,0.0,0.0,DORMANT,,,0.0,,0.0,,,0.0,,,0.0,,0.0,,,0.0
500772978,OPTOCOUPLER 6MM 24 / 3-30VDC 3A 2L,TCB,"GENERIC;PLASMATREAT, APPJ_PTU1612",Order to Demand,,139.0,20.0,3,0.375,202409,202601,16,False,0.0,0.0,0.0,False,0.0,0.0,,0.0,,0.0,,0.0,False,3,0.0,0.0,0.0,0.0,DORMANT,,,0.0,,0.0,,,0.0,,,0.0,,0.0,,,0.0
500772979,SOCKET WITH RELAY 2XCHANGE OVER RT24VDC,TCB,"GENERIC;PLASMATREAT, APPJ_PTU1612",Order To Max,,31.61,20.0,3,0.375,202409,202601,16,False,0.0,0.0,0.0,False,0.0,0.0,,0.0,,0.0,,0.0,False,3,0.0,0.0,0.0,0.0,DORMANT,,,0.0,,0.0,,,0.0,,,0.0,,0.0,,,0.0
500772980,RELAY MODULE 2XUM RT 24VDC SAFETY,TCB,"GENERIC;PLASMATREAT, APPJ_PTU1612",Order To Max,,55.7,20.0,3,0.375,202409,202601,16,False,0.0,0.0,0.0,False,0.0,0.0,,0.0,,0.0,,0.0,False,3,0.0,0.0,0.0,0.0,DORMANT,,,0.0,,0.0,,,0.0,,,0.0,,0.0,,,0.0
500772981,SWITCHING POWER SUP.AC 3X380 (24V/40A),TCB,"GENERIC;PLASMATREAT, APPJ_PTU1612",Order to Demand,,1246.46,20.0,3,0.375,202409,202601,16,False,0.0,0.0,0.0,False,0.0,0.0,,0.0,,0.0,,0.0,False,3,0.0,0.0,0.0,0.0,DORMANT,,,0.0,,0.0,,,0.0,,,0.0,,0.0,,,0.0
500772982,SWITCHING POWER SUPPLY 400V (24V/20A),TCB,"GENERIC;PLASMATREAT, APPJ_PTU1612",Order to Demand,,737.28,20.0,3,0.375,202409,202601,16,False,0.0,0.0,0.0,False,0.0,0.0,,0.0,,0.0,,0.0,False,3,0.0,0.0,0.0,0.0,DORMANT,,,0.0,,0.0,,,0.0,,,0.0,,0.0,,,0.0
500772983,"USV POWER SUPPLY DC-UPS 24V DC, 24V/10A",TCB,"GENERIC;PLASMATREAT, APPJ_PTU1612",Order To Max,,1036.8,20.0,3,0.375,202409,202601,16,False,0.0,0.0,0.0,False,0.0,0.0,,0.0,,0.0,,0.0,False,3,0.0,0.0,0.0,0.0,DORMANT,,,0.0,,0.0,,,0.0,,,0.0,,0.0,,,0.0
500772984,"LIGHTING CABLE 5M, CA-D5",TCB,"GENERIC;PLASMATREAT, APPJ_PTU1612",Order To Max,,102.0,20.0,3,0.375,202409,202601,16,False,0.0,0.0,0.0,False,0.0,0.0,,0.0,,0.0,,0.0,False,3,0.0,0.0,0.0,0.0,DORMANT,,,0.0,,0.0,,,0.0,,,0.0,,0.0,,,0.0
500772985,Top-hat rail switching PS 24V/5A,TCB,"PLASMATREAT, APPJ_PTU1612;GENERIC",Order To Max,,264.0,20.0,3,0.375,202409,202601,16,False,-1.0,0.0,0.0,False,-0.333,0.471,,1.0,-1.0,0.0438,,0.0,False,3,0.0,0.0,0.0,0.0,INTERMITTENT,,,-1.0,,0.0,,,0.0,,,0.0,,0.0,,,0.0
500772986,"SWITCHING POWER SUPPLY 3- AC, 48V/40A",TCB,"PLASMATREAT, APPJ_PTU1612;GENERIC",Order to Demand,,1498.5,25.0,3,0.375,202409,202601,16,False,0.0,0.0,0.0,False,0.0,0.0,,0.0,,0.0,,0.0,False,3,0.0,0.0,0.0,0.0,DORMANT,,,0.0,,0.0,,,0.0,,,0.0,,0.0,,,0.0
500772987,ELECTRONIC CIRCUIT BREAKER DC48V,TCB,"GENERIC;PLASMATREAT, APPJ_PTU1612",Order to Demand,,321.9,20.0,3,0.375,202409,202601,16,False,0.0,0.0,0.0,False,0.0,0.0,,0.0,,0.0,,0.0,False,3,0.0,0.0,0.0,0.0,DORMANT,,,0.0,,0.0,,,0.0,,,0.0,,0.0,,,0.0
500772988,CIRCUIT BREAKER 1-PIN B-CHAR FAZ-B4 / 1,TCB,"GENERIC;PLASMATREAT, APPJ_PTU1612",Order to Demand,,29.06,20.0,3,0.375,202409,202601,16,False,0.0,0.0,0.0,False,0.0,0.0,,0.0,,0.0,,0.0,False,3,0.0,0.0,0.0,0.0,DORMANT,,,0.0,,0.0,,,0.0,,,0.0,,0.0,,,0.0
500772989,FRONTDOOR -SINGLE LEFT- (ESD),TCB,"GENERIC;PLASMATREAT, APPJ_PTU1612",Order to Demand,,2106.0,25.0,3,0.375,202409,202601,16,False,0.0,0.0,0.0,False,0.0,0.0,,0.0,,0.0,,0.0,False,3,0.0,0.0,0.0,0.0,DORMANT,,,0.0,,0.0,,,0.0,,,0.0,,0.0,,,0.0
500772990,MARKING CALIPER 300MM,TCB,"PLASMATREAT, APPJ_PTU1612;GENERIC",Order to Demand,,702.0,20.0,3,0.375,202409,202601,16,False,0.0,0.0,0.0,False,0.0,0.0,,0.0,,0.0,,0.0,False,3,0.0,0.0,0.0,0.0,DORMANT,,,0.0,,0.0,,,0.0,,,0.0,,0.0,,,0.0
500772991,CAMERA SYSTEM CONTROLLER 21 MP,TCB,"GENERIC;PLASMATREAT, APPJ_PTU1612",Order to Demand,,20100.0,20.0,3,0.375,202409,202601,16,False,0.0,0.0,0.0,False,0.0,0.0,,0.0,,0.0,,0.0,False,3,0.0,0.0,0.0,0.0,DORMANT,,,0.0,,0.0,,,0.0,,,0.0,,0.0,,,0.0
500772992,"CAMERA 21 MP MONOCHROME, 85X HIGH SPPED",TCB,"PLASMATREAT, APPJ_PTU1612;GENERIC",Order to Demand,,12600.0,20.0,3,0.375,202409,202601,16,False,0.0,0.0,0.0,False,0.0,0.0,,0.0,,0.0,,0.0,False,3,0.0,0.0,0.0,0.0,DORMANT,,,0.0,,0.0,,,0.0,,,0.0,,0.0,,,0.0
500772993,HIGH RESOLUTION LENS CAMERA 21 MP,TCB,"GENERIC;PLASMATREAT, APPJ_PTU1612",Order to Demand,,3570.0,20.0,3,0.375,202409,202601,16,False,0.0,0.0,0.0,False,0.0,0.0,,0.0,,0.0,,0.0,False,3,0.0,0.0,0.0,0.0,DORMANT,,,0.0,,0.0,,,0.0,,,0.0,,0.0,,,0.0
500772994,HIGH-SPEED CAMERA CABLE (5M),TCB,"PLASMATREAT, APPJ_PTU1612;GENERIC",Order To Max,,714.0,20.0,4,0.5,202409,202601,16,False,0.0,0.0,0.0,False,0.0,0.0,,0.0,,0.0,,0.0,False,4,0.0,0.0,0.0,0.0,DORMANT,,,0.0,0.0,0.0,,,0.0,,,0.0,0.0,0.0,,,0.0
500772995,1.2M EXHAUST HOSE PLASMAJET 1 - RD1004,TCB,"GENERIC;PLASMATREAT, APPJ_PTU1612",Order To Max,,123.88,20.0,5,0.625,202408,202601,17,False,1.0,0.0,2.0,True,0.6,0.8,1.333,-1.0,-1.0,-0.0031,-0.0051,0.1078,False,5,2.0,2.0,4.0,0.8,INTERMITTENT,,1.0,0.0,,0.0,,2.0,0.0,,0.0,0.0,,0.0,,0.0,0.0
500772996,0.88M EXHAUST HOSE PLASMAJET 2 - RD1004,TCB,"GENERIC;PLASMATREAT, APPJ_PTU1612",Order To Max,,82.58,20.0,3,0.375,202409,202601,16,False,0.0,0.0,0.0,True,0.0,0.0,,0.0,,0.0,,0.0668,False,3,1.0,1.0,1.0,0.333,DORMANT,,,0.0,,0.0,,,0.0,,,0.0,,0.0,,,0.0
500772997,RD1004 BACK PRESSURE TEST KIT,TCB,"PLASMATREAT, APPJ_PTU1612;GENERIC",Order to Demand,,14430.0,55.0,3,0.375,202409,202601,16,False,0.0,0.0,0.0,False,0.0,0.0,,0.0,,0.0,,0.0,False,3,0.0,0.0,0.0,0.0,DORMANT,,,0.0,,0.0,,,0.0,,,0.0,,0.0,,,0.0
500773308,"PCB, 5-PORT USB 3.0 PCI-E CARD",TCB,GENERIC;KnS TCX3,Order to Demand,,350.0,45.0,4,0.5,202409,202601,16,False,0.0,0.0,0.0,False,0.0,0.0,,0.0,,0.0,,0.0,False,4,0.0,0.0,0.0,0.0,DORMANT,,,0.0,0.0,0.0,,,0.0,,,0.0,0.0,0.0,,,0.0
500776673,"PADS,ABSORBENT, 200 PER CASE",TCB,KnS TCX3;Heller 2017 Formic Acid,Order To Max,,155.69,30.0,5,0.625,202409,202601,16,False,0.0,0.0,1.0,True,0.4,0.49,1.225,0.0,,0.0054,0.0136,0.0693,False,5,1.0,1.0,3.0,0.6,INTERMITTENT,,,0.0,,0.0,1.0,1.0,0.0,,,0.0,,0.0,1.0,0.0,0.0
500776706,"PLACE TOOL 33,SISIC501,31.17X18.54X1.2S",TCB,GENERIC;KnS TCX3,Order To Max,,5000.0,30.0,6,0.75,202409,202601,16,False,1.0,1.0,3.0,True,1.0,1.0,1.0,0.0,0.0,0.0404,0.0404,0.0865,True,6,4.0,6.0,7.0,1.167,STABLE,,,1.0,1.0,0.0,0.0,3.0,1.0,,,0.0,0.0,0.0,0.0,1.0,1.0
500776707,"PLACE TOOL 33,SISIC501,31.82X07.04X1.2S",TCB,KnS TCX3,Order To Max,,5000.0,30.0,6,0.75,202409,202601,16,False,1.0,0.0,1.0,True,0.333,0.471,1.414,-1.0,-1.0,-0.0596,-0.1788,-0.0731,False,6,1.0,2.0,0.0,0.0,INTERMITTENT,,,1.0,1.0,0.0,0.0,0.0,0.0,,,0.0,0.0,0.0,0.0,0.0,0.0
500777689,"RKI SENSOR FILTER , FORMIC ACID",TCB,Heller 2017 Formic Acid,Order To Max,,95.0,40.0,3,0.375,202410,202601,15,False,0.0,0.0,0.0,True,0.0,0.0,,0.0,,0.0,,-0.1407,False,3,0.0,2.0,0.0,0.0,DORMANT,,,,0.0,0.0,,,0.0,,,,0.0,0.0,,,0.0
500780801,"PRECISOR,4X2 MATRIX,56.0X45.0",TCB,KnS TCX3,Order to Demand,,2000.0,35.0,3,0.375,202503,202601,10,False,0.0,0.0,0.0,False,0.0,0.0,,0.0,,0.0,,0.0,False,3,0.0,0.0,0.0,0.0,DORMANT,,,,,,0.0,0.0,0.0,,,,,,0.0,0.0,0.0
500781140,CBL SAFETY SWITCH ASSY 2,TCB,KnS TCX3,Order to Demand,,2393.0,63.0,6,0.75,202407,202601,18,False,1.0,0.0,1.0,True,0.167,0.373,2.236,-1.0,-1.0,-0.0368,-0.2207,-0.0669,False,6,0.0,1.0,0.0,0.0,INTERMITTENT,1.0,,,0.0,0.0,0.0,0.0,0.0,0.0,,,0.0,0.0,0.0,0.0,0.0
500781141,CBL SAFETY SWITCH ASSY 2,TCB,KnS TCX3,Order to Demand,,2393.0,63.0,6,0.75,202409,202601,16,False,0.0,1.0,1.0,True,0.333,0.471,1.414,1.0,,0.0615,0.1846,0.1346,False,6,2.0,2.0,2.0,0.333,INTERMITTENT,,,0.0,0.0,0.0,1.0,0.0,1.0,,,0.0,0.0,0.0,0.0,0.0,0.0
500781142,ASSY DIG OUT FAN OUT BRD,TCB,KnS TCX3,Order to Demand,,1183.2,67.0,4,0.5,202409,202601,16,False,0.0,0.0,0.0,False,0.0,0.0,,0.0,,0.0,,0.0,False,4,0.0,0.0,0.0,0.0,DORMANT,,,0.0,0.0,0.0,,,0.0,,,0.0,0.0,0.0,,,0.0
500782460,FLATSTONE SET,TCB,GENERIC;KnS TCX3,Order To Max,,2472.3,63.0,5,0.625,202410,202601,15,False,0.0,0.0,0.0,True,0.0,0.0,,0.0,,0.0,,-0.1632,False,5,0.0,1.0,0.0,0.0,DORMANT,,,,0.0,0.0,0.0,0.0,0.0,,,,0.0,0.0,0.0,0.0,0.0
500787624,"GASKET, FRONT DOOR, LH",TCB,KnS TCX3;GENERIC,Order To Max,,252.0,34.0,4,0.5,202408,202601,17,False,2.0,0.0,2.0,True,0.75,0.829,1.106,-2.0,-1.0,-0.0863,-0.115,-0.2178,False,4,2.0,2.0,4.0,1.0,INTERMITTENT,,2.0,,1.0,0.0,,,0.0,,1.0,,0.0,0.0,,,0.0
500787625,"GASKET, FRONT DOOR, RH",TCB,GENERIC;KnS TCX3,Order To Max,,252.0,34.0,3,0.375,202410,202601,15,False,0.0,0.0,0.0,False,0.0,0.0,,0.0,,0.0,,0.0,False,3,0.0,0.0,0.0,0.0,DORMANT,,,,0.0,0.0,,,0.0,,,,0.0,0.0,,,0.0
500787711,CONTROLLER WITH SAFETY MONITOR,TCB,KnS TCX3;GENERIC,Order to Demand,,9608.1,111.0,4,0.5,202409,202601,16,False,0.0,0.0,0.0,False,0.0,0.0,,0.0,,0.0,,0.0,False,4,0.0,0.0,0.0,0.0,DORMANT,,,0.0,0.0,0.0,,,0.0,,,0.0,0.0,0.0,,,0.0
500787712,CBL_N2_DOOR_OPEN,TCB,GENERIC;KnS TCX3,Order to Demand,,2074.0,48.0,5,0.625,202410,202601,15,False,0.0,0.0,0.0,True,0.0,0.0,,0.0,,0.0,,-0.0682,False,5,0.0,1.0,0.0,0.0,DORMANT,,,,0.0,0.0,0.0,0.0,0.0,,,,0.0,0.0,0.0,0.0,0.0
500787713,CBL_N2_DOOR_OPEN,TCB,GENERIC;KnS TCX3,Order to Demand,,2074.0,48.0,6,0.75,202409,202601,16,False,0.0,0.0,0.0,False,0.0,0.0,,0.0,,0.0,,0.0,False,6,0.0,0.0,0.0,0.0,DORMANT,,,0.0,0.0,0.0,0.0,0.0,0.0,,,0.0,0.0,0.0,0.0,0.0,0.0
500787714,AIR CLEAN UNIT,TCB,KnS TCX3;GENERIC,Order to Demand,,2961.6,48.0,4,0.5,202409,202601,16,False,0.0,0.0,0.0,False,0.0,0.0,,0.0,,0.0,,0.0,False,4,0.0,0.0,0.0,0.0,DORMANT,,,0.0,0.0,0.0,,,0.0,,,0.0,0.0,0.0,,,0.0
500787715,FIBER SENSOR,TCB,KnS TCX3;GENERIC,Order to Demand,,554.0,55.0,4,0.5,202409,202601,16,False,0.0,0.0,0.0,False,0.0,0.0,,0.0,,0.0,,0.0,False,4,0.0,0.0,0.0,0.0,DORMANT,,,0.0,0.0,0.0,,,0.0,,,0.0,0.0,0.0,,,0.0
500787716,"LENS, CAMERA",TCB,GENERIC;KnS TCX3,Order to Demand,,2858.4,55.0,4,0.5,202409,202601,16,False,0.0,0.0,0.0,False,0.0,0.0,,0.0,,0.0,,0.0,False,4,0.0,0.0,0.0,0.0,DORMANT,,,0.0,0.0,0.0,,,0.0,,,0.0,0.0,0.0,,,0.0
500787717,CAMERA,TCB,GENERIC;KnS TCX3,Order to Demand,,1750.0,55.0,4,0.5,202409,202601,16,False,0.0,0.0,0.0,False,0.0,0.0,,0.0,,0.0,,0.0,False,4,0.0,0.0,0.0,0.0,DORMANT,,,0.0,0.0,0.0,,,0.0,,,0.0,0.0,0.0,,,0.0
500787718,SOLENOID VALVE,TCB,KnS TCX3;GENERIC,Order to Demand,,73.0,55.0,4,0.5,202409,202601,16,False,0.0,0.0,0.0,False,0.0,0.0,,0.0,,0.0,,0.0,False,4,0.0,0.0,0.0,0.0,DORMANT,,,0.0,0.0,0.0,,,0.0,,,0.0,0.0,0.0,,,0.0
500787719,AIR PRESSURE SENSOR,TCB,GENERIC;KnS TCX3,Order to Demand,,145.9,55.0,4,0.5,202409,202601,16,False,0.0,1.0,1.0,True,0.25,0.433,1.732,1.0,,0.0663,0.2651,0.0663,False,4,1.0,1.0,1.0,0.25,INTERMITTENT,,,0.0,0.0,0.0,,,1.0,,,0.0,0.0,0.0,,,0.0
500787720,PHOTO SENSOR AMPLIFIER,TCB,KnS TCX3;GENERIC,Order to Demand,,126.0,55.0,6,0.75,202409,202601,16,False,0.0,0.0,0.0,False,0.0,0.0,,0.0,,0.0,,0.0,False,6,0.0,0.0,0.0,0.0,DORMANT,,,0.0,0.0,0.0,0.0,0.0,0.0,,,0.0,0.0,0.0,0.0,0.0,0.0
500787721,INCOMING SENSOR,TCB,KnS TCX3;GENERIC,Order to Demand,,145.9,55.0,4,0.5,202409,202601,16,False,0.0,0.0,0.0,False,0.0,0.0,,0.0,,0.0,,0.0,False,4,0.0,0.0,0.0,0.0,DORMANT,,,0.0,0.0,0.0,,,0.0,,,0.0,0.0,0.0,,,0.0
500787722,REED SWITCH,TCB,GENERIC;KnS TCX3,Order to Demand,,17.5,55.0,4,0.5,202409,202601,16,False,0.0,0.0,0.0,False,0.0,0.0,,0.0,,0.0,,0.0,False,4,0.0,0.0,0.0,0.0,DORMANT,,,0.0,0.0,0.0,,,0.0,,,0.0,0.0,0.0,,,0.0
500787723,SERVO MOTOR DRIVER,TCB,GENERIC;KnS TCX3,Order to Demand,,1507.9,55.0,4,0.5,202409,202601,16,False,0.0,0.0,0.0,False,0.0,0.0,,0.0,,0.0,,0.0,False,4,0.0,0.0,0.0,0.0,DORMANT,,,0.0,0.0,0.0,,,0.0,,,0.0,0.0,0.0,,,0.0
500787724,MOTION CONTROL CARD,TCB,KnS TCX3;GENERIC,Order to Demand,,2065.0,55.0,4,0.5,202409,202601,16,False,0.0,0.0,0.0,False,0.0,0.0,,0.0,,0.0,,0.0,False,4,0.0,0.0,0.0,0.0,DORMANT,,,0.0,0.0,0.0,,,0.0,,,0.0,0.0,0.0,,,0.0
500787725,I/O CONTROLLER,TCB,KnS TCX3;GENERIC,Order to Demand,,1239.6,55.0,4,0.5,202409,202601,16,False,0.0,0.0,0.0,False,0.0,0.0,,0.0,,0.0,,0.0,False,4,0.0,0.0,0.0,0.0,DORMANT,,,0.0,0.0,0.0,,,0.0,,,0.0,0.0,0.0,,,0.0
500787726,POWER SUPPLY,TCB,KnS TCX3;GENERIC,Order to Demand,,393.8,55.0,6,0.75,202409,202601,16,False,0.0,0.0,0.0,False,0.0,0.0,,0.0,,0.0,,0.0,False,6,0.0,0.0,0.0,0.0,DORMANT,,,0.0,0.0,0.0,0.0,0.0,0.0,,,0.0,0.0,0.0,0.0,0.0,0.0
500787727,POWER SUPPLY,TCB,KnS TCX3;GENERIC,Order to Demand,,249.4,55.0,4,0.5,202409,202601,16,False,0.0,0.0,0.0,False,0.0,0.0,,0.0,,0.0,,0.0,False,4,0.0,0.0,0.0,0.0,DORMANT,,,0.0,0.0,0.0,,,0.0,,,0.0,0.0,0.0,,,0.0
500787728,POWER SUPPLY,TCB,GENERIC;KnS TCX3,Order to Demand,,37.5,55.0,4,0.5,202409,202601,16,False,0.0,0.0,0.0,False,0.0,0.0,,0.0,,0.0,,0.0,False,4,0.0,0.0,0.0,0.0,DORMANT,,,0.0,0.0,0.0,,,0.0,,,0.0,0.0,0.0,,,0.0
500787729,BELT_TIMING P=AT5 L=2910MM W=16MM,TCB,GENERIC;KnS TCX3,Order To Max,,210.4,55.0,3,0.375,202409,202601,16,False,0.0,0.0,0.0,False,0.0,0.0,,0.0,,0.0,,0.0,False,3,0.0,0.0,0.0,0.0,DORMANT,,,0.0,,0.0,,,0.0,,,0.0,,0.0,,,0.0
500787730,"BELT TIMING L=2096, W=8, THICK=1MM",TCB,KnS TCX3;GENERIC,Order To Max,,64.5,34.0,4,0.5,202408,202601,17,False,0.0,0.0,0.0,True,0.0,0.0,,0.0,,0.0,,-0.0297,False,4,0.0,0.0,0.0,0.0,DORMANT,,0.0,0.0,,0.0,,,0.0,,0.0,0.0,,0.0,,,0.0
500787731,"BELT TIMING L=1320, W=8, THICK=1MM",TCB,KnS TCX3;GENERIC,Order To Max,,64.5,34.0,4,0.5,202408,202601,17,False,0.0,0.0,0.0,True,0.0,0.0,,0.0,,0.0,,-0.0325,False,4,1.0,2.0,1.0,0.25,DORMANT,,0.0,,0.0,0.0,,,0.0,,0.0,,0.0,0.0,,,0.0
500787732,"BELT TIMING L=1035, W=8, THICK=1MM",TCB,KnS TCX3;GENERIC,Order To Max,,64.5,34.0,4,0.5,202408,202601,17,False,0.0,0.0,0.0,True,0.0,0.0,,0.0,,0.0,,0.0324,False,4,1.0,1.0,1.0,0.25,DORMANT,,0.0,0.0,,0.0,,,0.0,,0.0,0.0,,0.0,,,0.0
500787733,"BELT TIMING L=861, W=8, THICK=1MM",TCB,GENERIC;KnS TCX3,Order To Max,,64.5,34.0,4,0.5,202408,202601,17,False,0.0,0.0,0.0,True,0.0,0.0,,0.0,,0.0,,0.0324,False,4,1.0,1.0,1.0,0.25,DORMANT,,0.0,0.0,,0.0,,,0.0,,0.0,0.0,,0.0,,,0.0
500788062,THERMOCOUPLE INPUT KIT,TCB,GENERIC;KnS TCX3,Order to Demand,,6328.6,100.0,4,0.5,202409,202601,16,False,0.0,0.0,0.0,False,0.0,0.0,,0.0,,0.0,,0.0,False,4,0.0,0.0,0.0,0.0,DORMANT,,,0.0,0.0,0.0,,,0.0,,,0.0,0.0,0.0,,,0.0
500788063,"FORCE GAUGE, TENSION CAPABLE, -50 50N",TCB,GENERIC;KnS TCX3,Order to Demand,,6847.7,83.0,4,0.5,202409,202601,16,False,0.0,0.0,0.0,False,0.0,0.0,,0.0,,0.0,,0.0,False,4,0.0,0.0,0.0,0.0,DORMANT,,,0.0,0.0,0.0,,,0.0,,,0.0,0.0,0.0,,,0.0
500788064,"CARRYING CASE, PPCK V2, TEMPERATURE",TCB,KnS TCX3;GENERIC,Order to Demand,,2068.7,27.0,4,0.5,202409,202601,16,False,0.0,0.0,0.0,False,0.0,0.0,,0.0,,0.0,,0.0,False,4,0.0,0.0,0.0,0.0,DORMANT,,,0.0,0.0,0.0,,,0.0,,,0.0,0.0,0.0,,,0.0
500788065,BONDHEAD FORCE CALIBRATION KIT,TCB,KnS TCX3;GENERIC,Order to Demand,,28800.0,119.0,4,0.5,202409,202601,16,False,0.0,0.0,0.0,False,0.0,0.0,,0.0,,0.0,,0.0,False,4,0.0,0.0,0.0,0.0,DORMANT,,,0.0,0.0,0.0,,,0.0,,,0.0,0.0,0.0,,,0.0
500788066,"CARRYING CASE, PPCK V2, FORCE",TCB,GENERIC;KnS TCX3,Order to Demand,,2068.7,35.0,4,0.5,202409,202601,16,False,0.0,0.0,0.0,False,0.0,0.0,,0.0,,0.0,,0.0,False,4,0.0,0.0,0.0,0.0,DORMANT,,,0.0,0.0,0.0,,,0.0,,,0.0,0.0,0.0,,,0.0
500788067,"TCB BOND NOZZLE, 35.00X35.00X0.5",TCB,GENERIC;KnS TCX3,Order to Demand,,2922.9,31.0,4,0.5,202409,202601,16,False,0.0,0.0,0.0,False,0.0,0.0,,0.0,,0.0,,0.0,False,4,0.0,0.0,0.0,0.0,DORMANT,,,0.0,0.0,0.0,,,0.0,,,0.0,0.0,0.0,,,0.0
500788068,"TCB BOND NOZZLE, 25.00X25.00X0.5",TCB,KnS TCX3;GENERIC,Order to Demand,,2458.5,31.0,4,0.5,202409,202601,16,False,0.0,0.0,0.0,False,0.0,0.0,,0.0,,0.0,,0.0,False,4,0.0,0.0,0.0,0.0,DORMANT,,,0.0,0.0,0.0,,,0.0,,,0.0,0.0,0.0,,,0.0
500788069,"TCB BOND NOZZLE, 15.00X15.00X0.5",TCB,GENERIC;KnS TCX3,Order to Demand,,2458.5,31.0,4,0.5,202409,202601,16,False,0.0,0.0,0.0,False,0.0,0.0,,0.0,,0.0,,0.0,False,4,0.0,0.0,0.0,0.0,DORMANT,,,0.0,0.0,0.0,,,0.0,,,0.0,0.0,0.0,,,0.0
500788070,CBL CAP BOX INTRNL 5.6RES,TCB,KnS TCX3;GENERIC,Order to Demand,,118.5,48.0,6,0.75,202409,202601,16,False,0.0,0.0,0.0,False,0.0,0.0,,0.0,,0.0,,0.0,False,6,0.0,0.0,0.0,0.0,DORMANT,,,0.0,0.0,0.0,0.0,0.0,0.0,,,0.0,0.0,0.0,0.0,0.0,0.0
500788071,CBL CAP BOX INTRNL 15RES,TCB,KnS TCX3;GENERIC,Order to Demand,,118.5,53.0,6,0.75,202409,202601,16,False,0.0,0.0,0.0,False,0.0,0.0,,0.0,,0.0,,0.0,False,6,0.0,0.0,0.0,0.0,DORMANT,,,0.0,0.0,0.0,0.0,0.0,0.0,,,0.0,0.0,0.0,0.0,0.0,0.0
500788072,DPL IO INTERFACE BOARD LEFT,TCB,KnS TCX3;GENERIC,Order to Demand,,1104.1,63.0,4,0.5,202409,202601,16,False,0.0,0.0,0.0,False,0.0,0.0,,0.0,,0.0,,0.0,False,4,0.0,0.0,0.0,0.0,DORMANT,,,0.0,0.0,0.0,,,0.0,,,0.0,0.0,0.0,,,0.0
500788073,DPL IO INTERFACE BOARD RIGHT,TCB,GENERIC;KnS TCX3,Order to Demand,,1104.1,63.0,4,0.5,202409,202601,16,False,0.0,0.0,0.0,False,0.0,0.0,,0.0,,0.0,,0.0,False,4,0.0,0.0,0.0,0.0,DORMANT,,,0.0,0.0,0.0,,,0.0,,,0.0,0.0,0.0,,,0.0
500788074,PARALLELISM SENSOR INTERFACE ASSY LEFT,TCB,GENERIC;KnS TCX3,Order to Demand,,4045.6,45.0,4,0.5,202409,202601,16,False,0.0,0.0,0.0,False,0.0,0.0,,0.0,,0.0,,-0.0663,False,4,-1.0,-1.0,0.0,0.0,DORMANT,,,0.0,0.0,0.0,,,0.0,,,0.0,0.0,0.0,,,0.0
500788075,PARALLELISM SENSOR INTERFACE ASSY RIGHT,TCB,KnS TCX3;GENERIC,Order to Demand,,4045.6,45.0,4,0.5,202409,202601,16,False,0.0,0.0,0.0,False,0.0,0.0,,0.0,,0.0,,0.0,False,4,0.0,0.0,0.0,0.0,DORMANT,,,0.0,0.0,0.0,,,0.0,,,0.0,0.0,0.0,,,0.0
500788076,GLASS DIE APPLICATION KIT CASE,TCB,KnS TCX3;GENERIC,Order to Demand,,2484.7,45.0,4,0.5,202409,202601,16,False,0.0,0.0,0.0,False,0.0,0.0,,0.0,,0.0,,0.0,False,4,0.0,0.0,0.0,0.0,DORMANT,,,0.0,0.0,0.0,,,0.0,,,0.0,0.0,0.0,,,0.0
500788077,"CASE, BOND NOZZLE, 50MM FLANGE",TCB,GENERIC;KnS TCX3,Order to Demand,,318.0,45.0,4,0.5,202409,202601,16,False,0.0,0.0,0.0,False,0.0,0.0,,0.0,,0.0,,0.0,False,4,0.0,0.0,0.0,0.0,DORMANT,,,0.0,0.0,0.0,,,0.0,,,0.0,0.0,0.0,,,0.0
500788078,"CASE, BOND NOZZLE, 33MM FLANGE",TCB,KnS TCX3;GENERIC,Order to Demand,,223.2,45.0,4,0.5,202409,202601,16,False,0.0,0.0,0.0,False,0.0,0.0,,0.0,,0.0,,0.0,False,4,0.0,0.0,0.0,0.0,DORMANT,,,0.0,0.0,0.0,,,0.0,,,0.0,0.0,0.0,,,0.0
500788079,MATERIAL HANDLING CALIBRATION KIT,TCB,GENERIC;KnS TCX3,Order to Demand,,17200.0,27.0,4,0.5,202409,202601,16,False,0.0,0.0,0.0,False,0.0,0.0,,0.0,,0.0,,0.0,False,4,0.0,0.0,0.0,0.0,DORMANT,,,0.0,0.0,0.0,,,0.0,,,0.0,0.0,0.0,,,0.0
500788080,SINGLE TOOL DRILL PATTERN ASSY,TCB,GENERIC;KnS TCX3,Order to Demand,,1500.0,48.0,4,0.5,202409,202601,16,False,0.0,0.0,0.0,False,0.0,0.0,,0.0,,0.0,,0.0,False,4,0.0,0.0,0.0,0.0,DORMANT,,,0.0,0.0,0.0,,,0.0,,,0.0,0.0,0.0,,,0.0
500788081,CBL PRECISION PRESS REG,TCB,KnS TCX3;GENERIC,Order to Demand,,1070.0,53.0,6,0.75,202409,202601,16,False,0.0,0.0,0.0,False,0.0,0.0,,0.0,,0.0,,0.0,False,6,0.0,0.0,0.0,0.0,DORMANT,,,0.0,0.0,0.0,0.0,0.0,0.0,,,0.0,0.0,0.0,0.0,0.0,0.0
500788082,CBL PRECISION PRESS REG,TCB,GENERIC;KnS TCX3,Order to Demand,,1070.0,53.0,6,0.75,202409,202601,16,False,1.0,0.0,1.0,True,0.167,0.373,2.236,-1.0,-1.0,-0.0327,-0.1962,-0.0596,False,6,0.0,1.0,0.0,0.0,INTERMITTENT,,,1.0,0.0,0.0,0.0,0.0,0.0,,,0.0,0.0,0.0,0.0,0.0,0.0
500788083,CBL Z READ HEAD VIONIC,TCB,GENERIC;KnS TCX3,Order to Demand,,1862.6,53.0,6,0.75,202409,202601,16,False,0.0,0.0,0.0,False,0.0,0.0,,0.0,,0.0,,0.0,False,6,0.0,0.0,0.0,0.0,DORMANT,,,0.0,0.0,0.0,0.0,0.0,0.0,,,0.0,0.0,0.0,0.0,0.0,0.0
500788084,"MOTOR COIL, LINEAR, 500N, 75MM STRK",TCB,KnS TCX3;GENERIC,Order to Demand,,3830.7,53.0,4,0.5,202409,202601,16,False,0.0,0.0,0.0,False,0.0,0.0,,0.0,,0.0,,0.0,False,4,0.0,0.0,0.0,0.0,DORMANT,,,0.0,0.0,0.0,,,0.0,,,0.0,0.0,0.0,,,0.0
500788085,DPL L-R Y-MTR,TCB,GENERIC;KnS TCX3,Order to Demand,,4452.7,53.0,4,0.5,202409,202601,16,False,0.0,0.0,0.0,False,0.0,0.0,,0.0,,0.0,,0.0,False,4,0.0,0.0,0.0,0.0,DORMANT,,,0.0,0.0,0.0,,,0.0,,,0.0,0.0,0.0,,,0.0
500788086,POLISHING STONE FOR TCB HEATER,TCB,GENERIC;KnS TCX3,Order to Demand,,504.0,27.0,6,0.75,202409,202601,16,False,0.0,0.0,0.0,False,0.0,0.0,,0.0,,0.0,,0.0,False,6,0.0,0.0,0.0,0.0,DORMANT,,,0.0,0.0,0.0,0.0,0.0,0.0,,,0.0,0.0,0.0,0.0,0.0,0.0
500788087,SYRINGE PUMP WITH QUICK CONNECT,TCB,GENERIC;KnS TCX3,Order to Demand,,300.0,27.0,6,0.75,202409,202601,16,False,1.0,0.0,1.0,True,0.333,0.471,1.414,-1.0,-1.0,-0.0596,-0.1788,-0.0596,False,6,0.0,1.0,0.0,0.0,INTERMITTENT,,,1.0,1.0,0.0,0.0,0.0,0.0,,,0.0,0.0,0.0,0.0,0.0,0.0
500788088,CRANE HEAD GAUGE SINGLE,TCB,GENERIC;KnS TCX3,Order to Demand,,4500.0,27.0,4,0.5,202409,202601,16,False,0.0,0.0,0.0,False,0.0,0.0,,0.0,,0.0,,0.0,False,4,0.0,0.0,0.0,0.0,DORMANT,,,0.0,0.0,0.0,,,0.0,,,0.0,0.0,0.0,,,0.0
500788089,DUMMY TRAY GAUGE,TCB,GENERIC;KnS TCX3,Order to Demand,,912.0,27.0,4,0.5,202409,202601,16,False,0.0,0.0,0.0,False,0.0,0.0,,0.0,,0.0,,0.0,False,4,0.0,0.0,0.0,0.0,DORMANT,,,0.0,0.0,0.0,,,0.0,,,0.0,0.0,0.0,,,0.0
500788091,PREHEAT GAGE TOP,TCB,KnS TCX3;GENERIC,Order to Demand,,6186.0,27.0,4,0.5,202409,202601,16,False,0.0,0.0,0.0,False,0.0,0.0,,0.0,,0.0,,0.0,False,4,0.0,0.0,0.0,0.0,DORMANT,,,0.0,0.0,0.0,,,0.0,,,0.0,0.0,0.0,,,0.0
500788092,PREHEAT GAGE BOTTOM,TCB,GENERIC;KnS TCX3,Order to Demand,,6186.0,27.0,4,0.5,202409,202601,16,False,0.0,0.0,0.0,False,0.0,0.0,,0.0,,0.0,,0.0,False,4,0.0,0.0,0.0,0.0,DORMANT,,,0.0,0.0,0.0,,,0.0,,,0.0,0.0,0.0,,,0.0
500788093,WIDTH GAUGE,TCB,GENERIC;KnS TCX3,Order to Demand,,369.0,27.0,4,0.5,202409,202601,16,False,0.0,0.0,0.0,False,0.0,0.0,,0.0,,0.0,,0.0,False,4,0.0,0.0,0.0,0.0,DORMANT,,,0.0,0.0,0.0,,,0.0,,,0.0,0.0,0.0,,,0.0
500788094,RAIL PARALLELISM GAUGE,TCB,GENERIC;KnS TCX3,Order to Demand,,719.0,27.0,4,0.5,202409,202601,16,False,0.0,0.0,0.0,False,0.0,0.0,,0.0,,0.0,,0.0,False,4,0.0,0.0,0.0,0.0,DORMANT,,,0.0,0.0,0.0,,,0.0,,,0.0,0.0,0.0,,,0.0
500788095,INPUT WIDTH GAUGE,TCB,KnS TCX3;GENERIC,Order to Demand,,369.0,27.0,4,0.5,202409,202601,16,False,0.0,0.0,0.0,False,0.0,0.0,,0.0,,0.0,,0.0,False,4,0.0,0.0,0.0,0.0,DORMANT,,,0.0,0.0,0.0,,,0.0,,,0.0,0.0,0.0,,,0.0
500788096,PWM CONTROLLER,TCB,KnS TCX3;GENERIC,Order to Demand,,345.0,45.0,6,0.75,202408,202601,17,False,1.0,0.0,1.0,True,0.167,0.373,2.236,-1.0,-1.0,-0.035,-0.2102,-0.0566,False,6,0.0,1.0,0.0,0.0,INTERMITTENT,,1.0,,0.0,0.0,0.0,0.0,0.0,,0.0,,0.0,0.0,0.0,0.0,0.0
500788097,CONFOCAL DISPLACEMENT SENSOR HEAD,TCB,KnS TCX3;GENERIC,Order to Demand,,13500.0,71.0,4,0.5,202409,202601,16,False,0.0,0.0,0.0,False,0.0,0.0,,0.0,,0.0,,0.0,False,4,0.0,0.0,0.0,0.0,DORMANT,,,0.0,0.0,0.0,,,0.0,,,0.0,0.0,0.0,,,0.0
500788098,SWITCH EREPLACENCY STOP PUSHBTN FOOLPROOF,TCB,KnS TCX3;GENERIC,Order to Demand,,120.0,34.0,6,0.75,202409,202601,16,False,0.0,0.0,0.0,False,0.0,0.0,,0.0,,0.0,,0.0,False,6,0.0,0.0,0.0,0.0,DORMANT,,,0.0,0.0,0.0,0.0,0.0,0.0,,,0.0,0.0,0.0,0.0,0.0,0.0
500788099,ADAPTOR FRONT FOR EMER STOP SWITCH,TCB,GENERIC;KnS TCX3,Order to Demand,,15.0,34.0,6,0.75,202409,202601,16,False,0.0,0.0,0.0,False,0.0,0.0,,0.0,,0.0,,0.0,False,6,0.0,0.0,0.0,0.0,DORMANT,,,0.0,0.0,0.0,0.0,0.0,0.0,,,0.0,0.0,0.0,0.0,0.0,0.0
500788100,CONTACT 1 N/C GOLD PLATED,TCB,GENERIC;KnS TCX3,Order to Demand,,49.7,34.0,6,0.75,202409,202601,16,False,0.0,0.0,0.0,False,0.0,0.0,,0.0,,0.0,,0.0,False,6,0.0,0.0,0.0,0.0,DORMANT,,,0.0,0.0,0.0,0.0,0.0,0.0,,,0.0,0.0,0.0,0.0,0.0,0.0
500788101,BUTTON  EAO 61-1100.0 24X24MM VERS.,TCB,KnS TCX3;GENERIC,Order to Demand,,30.1,38.0,6,0.75,202409,202601,16,False,0.0,0.0,0.0,False,0.0,0.0,,0.0,,0.0,,0.0,False,6,0.0,0.0,0.0,0.0,DORMANT,,,0.0,0.0,0.0,0.0,0.0,0.0,,,0.0,0.0,0.0,0.0,0.0,0.0
500788102,CAP E-STOP PROTECTIVE SHROUD,TCB,GENERIC;KnS TCX3,Order to Demand,,49.6,60.0,6,0.75,202409,202601,16,False,0.0,0.0,0.0,False,0.0,0.0,,0.0,,0.0,,0.0,False,6,0.0,0.0,0.0,0.0,DORMANT,,,0.0,0.0,0.0,0.0,0.0,0.0,,,0.0,0.0,0.0,0.0,0.0,0.0
500788103,MOUNTING CLIP,TCB,GENERIC;KnS TCX3,Order to Demand,,13.7,53.0,6,0.75,202409,202601,16,False,0.0,0.0,0.0,False,0.0,0.0,,0.0,,0.0,,0.0,False,6,0.0,0.0,0.0,0.0,DORMANT,,,0.0,0.0,0.0,0.0,0.0,0.0,,,0.0,0.0,0.0,0.0,0.0,0.0
500788104,INVAR 20UM 15 X 1.5 X 530MM RELM,TCB,KnS TCX3;GENERIC,Order to Demand,,868.4,53.0,6,0.75,202409,202601,16,False,0.0,0.0,0.0,False,0.0,0.0,,0.0,,0.0,,0.0,False,6,0.0,0.0,0.0,0.0,DORMANT,,,0.0,0.0,0.0,0.0,0.0,0.0,,,0.0,0.0,0.0,0.0,0.0,0.0
500788105,READ HEAD  ENCODER  ATOM  20 MICRON,TCB,GENERIC;KnS TCX3,Order to Demand,,389.3,48.0,5,0.625,202409,202601,16,False,0.0,0.0,0.0,False,0.0,0.0,,0.0,,0.0,,0.0,False,5,0.0,0.0,0.0,0.0,DORMANT,,,0.0,0.0,0.0,0.0,,0.0,,,0.0,0.0,0.0,0.0,,0.0
500788106,ENCODER SEGMENT 20 DEG RENISHAW ATOM,TCB,GENERIC;KnS TCX3,Order to Demand,,219.4,48.0,6,0.75,202409,202601,16,False,0.0,0.0,0.0,False,0.0,0.0,,0.0,,0.0,,0.0,False,6,0.0,0.0,0.0,0.0,DORMANT,,,0.0,0.0,0.0,0.0,0.0,0.0,,,0.0,0.0,0.0,0.0,0.0,0.0
500788107,"FORCE/TORQUE INDICATOR, 110V",TCB,KnS TCX3;GENERIC,Order to Demand,,3715.1,42.0,4,0.5,202409,202601,16,False,0.0,0.0,0.0,False,0.0,0.0,,0.0,,0.0,,0.0,False,4,0.0,0.0,0.0,0.0,DORMANT,,,0.0,0.0,0.0,,,0.0,,,0.0,0.0,0.0,,,0.0
500788108,COVER  24X24 TRANSPARENT,TCB,KnS TCX3;GENERIC,Order to Demand,,7.0,38.0,4,0.5,202409,202601,16,False,0.0,0.0,0.0,False,0.0,0.0,,0.0,,0.0,,0.0,False,4,0.0,0.0,0.0,0.0,DORMANT,,,0.0,0.0,0.0,,,0.0,,,0.0,0.0,0.0,,,0.0
500788109,COVER  24X24 GREEN,TCB,GENERIC;KnS TCX3,Order to Demand,,7.1,38.0,4,0.5,202409,202601,16,False,0.0,0.0,0.0,False,0.0,0.0,,0.0,,0.0,,0.0,False,4,0.0,0.0,0.0,0.0,DORMANT,,,0.0,0.0,0.0,,,0.0,,,0.0,0.0,0.0,,,0.0
500788110,BOX W INDIVIDUAL LIDS 4 COMPARTMENTS,TCB,KnS TCX3;GENERIC,Order to Demand,,477.0,27.0,4,0.5,202409,202601,16,False,0.0,0.0,0.0,False,0.0,0.0,,0.0,,0.0,,0.0,False,4,0.0,0.0,0.0,0.0,DORMANT,,,0.0,0.0,0.0,,,0.0,,,0.0,0.0,0.0,,,0.0
500788111,WHITE LIGHTS,TCB,GENERIC;KnS TCX3,Order to Demand,,42.3,55.0,4,0.5,202409,202601,16,False,0.0,0.0,0.0,False,0.0,0.0,,0.0,,0.0,,0.0,False,4,0.0,0.0,0.0,0.0,DORMANT,,,0.0,0.0,0.0,,,0.0,,,0.0,0.0,0.0,,,0.0
500788112,RELAY WITH LIGHT,TCB,KnS TCX3;GENERIC,Order to Demand,,10.2,55.0,4,0.5,202409,202601,16,False,0.0,0.0,0.0,False,0.0,0.0,,0.0,,0.0,,0.0,False,4,0.0,0.0,0.0,0.0,DORMANT,,,0.0,0.0,0.0,,,0.0,,,0.0,0.0,0.0,,,0.0
500788113,DRIVER,TCB,GENERIC;KnS TCX3,Order to Demand,,525.0,55.0,4,0.5,202409,202601,16,False,0.0,0.0,0.0,False,0.0,0.0,,0.0,,0.0,,0.0,False,4,0.0,0.0,0.0,0.0,DORMANT,,,0.0,0.0,0.0,,,0.0,,,0.0,0.0,0.0,,,0.0
500788114,"DETECTOR CABLE, 3M",TCB,GENERIC;KnS TCX3,Order to Demand,,84.6,55.0,4,0.5,202409,202601,16,False,0.0,0.0,0.0,False,0.0,0.0,,0.0,,0.0,,0.0,False,4,0.0,0.0,0.0,0.0,DORMANT,,,0.0,0.0,0.0,,,0.0,,,0.0,0.0,0.0,,,0.0
500788115,"POWER CABLE, 3M",TCB,KnS TCX3;GENERIC,Order to Demand,,54.5,55.0,4,0.5,202409,202601,16,False,0.0,0.0,0.0,False,0.0,0.0,,0.0,,0.0,,0.0,False,4,0.0,0.0,0.0,0.0,DORMANT,,,0.0,0.0,0.0,,,0.0,,,0.0,0.0,0.0,,,0.0
500788116,RED LIGHTS,TCB,GENERIC;KnS TCX3,Order to Demand,,750.8,23.0,4,0.5,202409,202601,16,False,0.0,1.0,1.0,True,0.25,0.433,1.732,1.0,,0.0663,0.2651,0.0663,True,4,1.0,1.0,1.0,0.25,INTERMITTENT,,,0.0,0.0,0.0,,,1.0,,,0.0,0.0,0.0,,,1.0
500788117,ACTIVE WHEEL SET ASSY,TCB,GENERIC;KnS TCX3,Order to Demand,,1182.0,23.0,4,0.5,202409,202601,16,False,0.0,0.0,0.0,False,0.0,0.0,,0.0,,0.0,,0.0,False,4,0.0,0.0,0.0,0.0,DORMANT,,,0.0,0.0,0.0,,,0.0,,,0.0,0.0,0.0,,,0.0
500788118,PASSIVE WHEEL SET ASSY,TCB,KnS TCX3;GENERIC,Order to Demand,,630.0,52.0,4,0.5,202409,202601,16,False,0.0,0.0,0.0,False,0.0,0.0,,0.0,,0.0,,0.0,False,4,0.0,0.0,0.0,0.0,DORMANT,,,0.0,0.0,0.0,,,0.0,,,0.0,0.0,0.0,,,0.0
500788119,"TUBING CLAMP, PLASTIC",TCB,KnS TCX3;GENERIC,Order to Demand,,2.7,20.0,4,0.5,202409,202601,16,False,0.0,0.0,0.0,False,0.0,0.0,,0.0,,0.0,,0.0,False,4,0.0,0.0,0.0,0.0,DORMANT,,,0.0,0.0,0.0,,,0.0,,,0.0,0.0,0.0,,,0.0
500788120,"TUBING CLAMP, 0.25IN OD, PLASTIC",TCB,KnS TCX3;GENERIC,Order to Demand,,2.7,20.0,4,0.5,202409,202601,16,False,0.0,0.0,0.0,False,0.0,0.0,,0.0,,0.0,,0.0,False,4,0.0,0.0,0.0,0.0,DORMANT,,,0.0,0.0,0.0,,,0.0,,,0.0,0.0,0.0,,,0.0
500788121,"GAUGE BLOCK, RECTANGULAR, 8MM",TCB,GENERIC;KnS TCX3,Order to Demand,,130.8,34.0,4,0.5,202409,202601,16,False,0.0,0.0,0.0,False,0.0,0.0,,0.0,,0.0,,0.0,False,4,0.0,0.0,0.0,0.0,DORMANT,,,0.0,0.0,0.0,,,0.0,,,0.0,0.0,0.0,,,0.0
500788122,T-HANDLE 9IN HEX 3MM,TCB,GENERIC;KnS TCX3,Order to Demand,,358.0,27.0,4,0.5,202409,202601,16,False,0.0,0.0,0.0,False,0.0,0.0,,0.0,,0.0,,0.0,False,4,0.0,0.0,0.0,0.0,DORMANT,,,0.0,0.0,0.0,,,0.0,,,0.0,0.0,0.0,,,0.0
500788123,BEAKER 400 ML POLYETHYLENE,TCB,KnS TCX3;GENERIC,Order to Demand,,63.1,38.0,4,0.5,202409,202601,16,False,0.0,0.0,0.0,False,0.0,0.0,,0.0,,0.0,,0.0,False,4,0.0,0.0,0.0,0.0,DORMANT,,,0.0,0.0,0.0,,,0.0,,,0.0,0.0,0.0,,,0.0
500788124,"VALVE, 5 PORT, SINGLE",TCB,KnS TCX3;GENERIC,Order to Demand,,142.3,63.0,4,0.5,202409,202601,16,False,0.0,0.0,0.0,False,0.0,0.0,,0.0,,0.0,,0.0,False,4,0.0,0.0,0.0,0.0,DORMANT,,,0.0,0.0,0.0,,,0.0,,,0.0,0.0,0.0,,,0.0
500788125,SHIM,TCB,GENERIC;KnS TCX3,Order to Demand,,36.8,27.0,4,0.5,202409,202601,16,False,0.0,0.0,0.0,False,0.0,0.0,,0.0,,0.0,,0.0,False,4,0.0,0.0,0.0,0.0,DORMANT,,,0.0,0.0,0.0,,,0.0,,,0.0,0.0,0.0,,,0.0
500788126,SHIM 100 MICRON,TCB,KnS TCX3;GENERIC,Order to Demand,,34.0,27.0,4,0.5,202409,202601,16,False,0.0,0.0,0.0,False,0.0,0.0,,0.0,,0.0,,0.0,False,4,0.0,0.0,0.0,0.0,DORMANT,,,0.0,0.0,0.0,,,0.0,,,0.0,0.0,0.0,,,0.0
500788127,MULTI-LED WHITE 24V,TCB,KnS TCX3;GENERIC,Order to Demand,,24.8,24.0,4,0.5,202409,202601,16,False,0.0,0.0,0.0,False,0.0,0.0,,0.0,,0.0,,0.0,False,4,0.0,0.0,0.0,0.0,DORMANT,,,0.0,0.0,0.0,,,0.0,,,0.0,0.0,0.0,,,0.0
500790606,"BACAVI,TV,700GR",TCB,"PLASMATREAT, APPJ_PTU1612;GENERIC",Order Beyond Max,,2.41,40.0,4,0.5,202410,202601,15,False,0.0,100.0,700.0,True,200.0,291.548,1.458,100.0,,8.5653,0.0428,58.03,False,4,800.0,800.0,1500.0,375.0,INTERMITTENT,,,,0.0,,0.0,700.0,100.0,,,,0.0,,0.0,0.0,0.0
500793084,CONTROLLER  4XDUAL DRIVE / 0XHV DRIVE,TCB,GENERIC;KnS TCX3,Order to Demand,,11424.6,88.0,4,0.5,202409,202601,16,False,0.0,0.0,0.0,False,0.0,0.0,,0.0,,0.0,,0.0,False,4,0.0,0.0,0.0,0.0,DORMANT,,,0.0,0.0,0.0,,,0.0,,,0.0,0.0,0.0,,,0.0
500793085,CBL_X_ENCODER,TCB,KnS TCX3;GENERIC,Order to Demand,,2551.8,163.0,4,0.5,202409,202601,16,False,0.0,0.0,0.0,False,0.0,0.0,,0.0,,0.0,,0.0,False,4,0.0,0.0,0.0,0.0,DORMANT,,,0.0,0.0,0.0,,,0.0,,,0.0,0.0,0.0,,,0.0
500793086,CBL_X_ENCODER,TCB,KnS TCX3;GENERIC,Order to Demand,,2551.8,163.0,4,0.5,202409,202601,16,False,0.0,0.0,0.0,False,0.0,0.0,,0.0,,0.0,,0.0,False,4,0.0,0.0,0.0,0.0,DORMANT,,,0.0,0.0,0.0,,,0.0,,,0.0,0.0,0.0,,,0.0
500793087,CBL_Y_ENCODER,TCB,KnS TCX3;GENERIC,Order to Demand,,2551.8,163.0,4,0.5,202409,202601,16,False,0.0,0.0,0.0,False,0.0,0.0,,0.0,,0.0,,0.0,False,4,0.0,0.0,0.0,0.0,DORMANT,,,0.0,0.0,0.0,,,0.0,,,0.0,0.0,0.0,,,0.0
500793088,CBL_Y_ENCODER,TCB,KnS TCX3;GENERIC,Order to Demand,,2551.8,163.0,4,0.5,202409,202601,16,False,0.0,0.0,0.0,False,0.0,0.0,,0.0,,0.0,,0.0,False,4,0.0,0.0,0.0,0.0,DORMANT,,,0.0,0.0,0.0,,,0.0,,,0.0,0.0,0.0,,,0.0
500793089,AIR CLEANER UNIT HEPA FILTER,TCB,KnS TCX3;GENERIC,Order To Max,,1693.4,63.0,3,0.375,202409,202601,16,False,0.0,1.0,1.0,True,0.333,0.471,1.414,1.0,,0.0668,0.2005,0.1336,False,3,2.0,2.0,2.0,0.667,INTERMITTENT,,,0.0,,0.0,,,1.0,,,0.0,,0.0,,,0.0
500793090,LCD MONITOR,TCB,KnS TCX3;GENERIC,Order to Demand,,453.7,48.0,4,0.5,202409,202601,16,False,0.0,0.0,0.0,False,0.0,0.0,,0.0,,0.0,,0.0,False,4,0.0,0.0,0.0,0.0,DORMANT,,,0.0,0.0,0.0,,,0.0,,,0.0,0.0,0.0,,,0.0
500793091,"COMPUTER BUNDLE, DELL",TCB,KnS TCX3;GENERIC,Order to Demand,,4960.0,48.0,4,0.5,202409,202601,16,False,0.0,0.0,0.0,False,0.0,0.0,,0.0,,0.0,,0.0,False,4,0.0,0.0,0.0,0.0,DORMANT,,,0.0,0.0,0.0,,,0.0,,,0.0,0.0,0.0,,,0.0
500793092,"COMPUTER BUNDLE, ADVANTECH",TCB,GENERIC;KnS TCX3,Order to Demand,,6066.0,48.0,4,0.5,202409,202601,16,False,0.0,0.0,0.0,False,0.0,0.0,,0.0,,0.0,,0.0,False,4,0.0,0.0,0.0,0.0,DORMANT,,,0.0,0.0,0.0,,,0.0,,,0.0,0.0,0.0,,,0.0
500793803,25X25 RECIRCULATION GLASS DIE CASE,TCB,GENERIC;KnS TCX3,Order to Demand,,1621.5,86.0,4,0.5,202409,202601,16,False,0.0,0.0,0.0,False,0.0,0.0,,0.0,,0.0,,0.0,False,4,0.0,0.0,0.0,0.0,DORMANT,,,0.0,0.0,0.0,,,0.0,,,0.0,0.0,0.0,,,0.0
500794916,PROCESS GAS ANALYZER SUBASSEMBLY,TCB,GENERIC;KnS TCX3,Order To Max,,15500.0,120.0,5,0.625,202409,202601,16,False,1.0,0.0,1.0,True,0.4,0.49,1.225,-1.0,-1.0,-0.0489,-0.1223,0.0693,False,5,2.0,2.0,2.0,0.4,INTERMITTENT,,,1.0,,0.0,1.0,0.0,0.0,,,1.0,,0.0,0.0,0.0,0.0
500794917,FA BECKHOFF CPU ASSY,TCB,GENERIC;KnS TCX3,Order To Max,,7100.0,220.0,3,0.375,202409,202601,16,False,0.0,0.0,0.0,False,0.0,0.0,,0.0,,0.0,,0.0,False,3,0.0,0.0,0.0,0.0,DORMANT,,,0.0,,0.0,,,0.0,,,0.0,,0.0,,,0.0
500794918,"FA ABATEMENT HEATER SUBASSY, LEFT",TCB,GENERIC;KnS TCX3,Order to Demand,,5145.0,120.0,5,0.625,202410,202601,15,False,0.0,0.0,0.0,True,0.0,0.0,,0.0,,0.0,,-0.0712,False,5,0.0,1.0,0.0,0.0,DORMANT,,,,0.0,0.0,0.0,0.0,0.0,,,,0.0,0.0,0.0,0.0,0.0
500794919,"FA ABATEMENT HEATER SUBASSY, RIGHT",TCB,GENERIC;KnS TCX3,Order to Demand,,5145.0,120.0,5,0.625,202410,202601,15,False,0.0,0.0,0.0,True,0.0,0.0,,0.0,,0.0,,-0.2166,False,5,0.0,3.0,0.0,0.0,DORMANT,,,,0.0,0.0,0.0,0.0,0.0,,,,0.0,0.0,0.0,0.0,0.0
500794920,BGA_PUMP_PWR_TERM,TCB,GENERIC;KnS TCX3,Order To Max,,2490.0,117.0,3,0.375,202409,202601,16,False,0.0,0.0,0.0,False,0.0,0.0,,0.0,,0.0,,0.0,False,3,0.0,0.0,0.0,0.0,DORMANT,,,0.0,,0.0,,,0.0,,,0.0,,0.0,,,0.0
500794921,RELAY 3-30V SPST 240V 20A,TCB,GENERIC;KnS TCX3,Order to Demand,,215.0,91.0,6,0.75,202409,202601,16,False,0.0,0.0,0.0,False,0.0,0.0,,0.0,,0.0,,0.0,False,6,0.0,0.0,0.0,0.0,DORMANT,,,0.0,0.0,0.0,0.0,0.0,0.0,,,0.0,0.0,0.0,0.0,0.0,0.0
500794922,RELAY GEN PURPOS SPST 50MA 24VDC,TCB,GENERIC;KnS TCX3,Order to Demand,,19.0,55.0,6,0.75,202409,202601,16,False,0.0,0.0,0.0,False,0.0,0.0,,0.0,,0.0,,0.0,False,6,0.0,0.0,0.0,0.0,DORMANT,,,0.0,0.0,0.0,0.0,0.0,0.0,,,0.0,0.0,0.0,0.0,0.0,0.0
500794923,RELAY SPDT (1 FORM C) 5VDC COIL DIN RAIL,TCB,GENERIC;KnS TCX3,Order to Demand,,61.0,41.0,6,0.75,202409,202601,16,False,0.0,0.0,0.0,False,0.0,0.0,,0.0,,0.0,,0.0,False,6,0.0,0.0,0.0,0.0,DORMANT,,,0.0,0.0,0.0,0.0,0.0,0.0,,,0.0,0.0,0.0,0.0,0.0,0.0
500794924,IND CHARGE AMP 3 CH_BNC INPUT CONNECTOR,TCB,KnS TCX3;GENERIC,Order to Demand,,3677.0,53.0,6,0.75,202409,202601,16,False,0.0,0.0,0.0,False,0.0,0.0,,0.0,,0.0,,0.0,False,6,0.0,0.0,0.0,0.0,DORMANT,,,0.0,0.0,0.0,0.0,0.0,0.0,,,0.0,0.0,0.0,0.0,0.0,0.0
500794925,"DIGITAL PRES GA, 1/8 NPT,-0.1 TO 1.0MPA",TCB,GENERIC;KnS TCX3,Order to Demand,,140.6,53.0,4,0.5,202409,202601,16,False,0.0,0.0,0.0,False,0.0,0.0,,0.0,,0.0,,0.0,False,4,0.0,0.0,0.0,0.0,DORMANT,,,0.0,0.0,0.0,,,0.0,,,0.0,0.0,0.0,,,0.0
500794926,MASS FLOW CONTROLLER MCHS,TCB,KnS TCX3;GENERIC,Order To Max,,8900.0,91.0,6,0.75,202408,202601,17,False,0.0,1.0,1.0,True,0.333,0.471,1.414,1.0,,0.0593,0.1779,0.0916,False,6,2.0,2.0,2.0,0.333,INTERMITTENT,,0.0,,0.0,0.0,1.0,0.0,1.0,,0.0,,0.0,0.0,0.0,0.0,0.0
500794927,FRAME_FRONT 24X24MM BLACK,TCB,KnS TCX3;GENERIC,Order to Demand,,14.2,38.0,4,0.5,202409,202601,16,False,0.0,0.0,0.0,False,0.0,0.0,,0.0,,0.0,,0.0,False,4,0.0,0.0,0.0,0.0,DORMANT,,,0.0,0.0,0.0,,,0.0,,,0.0,0.0,0.0,,,0.0
500794928,TERM BLK FUSE MOD UT6-HESI(6.3X32),TCB,GENERIC;KnS TCX3,Order to Demand,,29.0,63.0,4,0.5,202409,202601,16,False,0.0,0.0,0.0,False,0.0,0.0,,0.0,,0.0,,0.0,False,4,0.0,0.0,0.0,0.0,DORMANT,,,0.0,0.0,0.0,,,0.0,,,0.0,0.0,0.0,,,0.0
500794929,DIFFERENTIAL PRESSURE SENSOR,TCB,KnS TCX3;GENERIC,Order to Demand,,347.0,91.0,4,0.5,202409,202601,16,False,0.0,0.0,0.0,False,0.0,0.0,,0.0,,0.0,,0.0,False,4,0.0,0.0,0.0,0.0,DORMANT,,,0.0,0.0,0.0,,,0.0,,,0.0,0.0,0.0,,,0.0
500794930,O2 100PPM N2 CALIBRATION GAS 116L,TCB,GENERIC;KnS TCX3,Order to Demand,,314.2,77.0,4,0.5,202409,202601,16,False,0.0,0.0,0.0,True,0.0,0.0,,0.0,,0.0,,0.0663,False,4,1.0,1.0,1.0,0.25,DORMANT,,,0.0,0.0,0.0,,,0.0,,,0.0,0.0,0.0,,,0.0
500794931,SAFETY CONTROLLER FLEXI SOFT MAIN MODULE,TCB,KnS TCX3;GENERIC,Order to Demand,,769.0,285.0,4,0.5,202409,202601,16,False,0.0,0.0,0.0,False,0.0,0.0,,0.0,,0.0,,0.0,False,4,0.0,0.0,0.0,0.0,DORMANT,,,0.0,0.0,0.0,,,0.0,,,0.0,0.0,0.0,,,0.0
500794932,"ENCODER INTERFACE,X4000 INTRPL,20MICRON",TCB,GENERIC;KnS TCX3,Order to Demand,,409.5,48.0,4,0.5,202409,202601,16,False,0.0,0.0,0.0,False,0.0,0.0,,0.0,,0.0,,0.0,False,4,0.0,0.0,0.0,0.0,DORMANT,,,0.0,0.0,0.0,,,0.0,,,0.0,0.0,0.0,,,0.0
500794933,SPIRIT LEVEL 0.1MM/M L80MM,TCB,KnS TCX3;GENERIC,Order to Demand,,1054.5,53.0,4,0.5,202409,202601,16,False,0.0,0.0,0.0,False,0.0,0.0,,0.0,,0.0,,0.0,False,4,0.0,0.0,0.0,0.0,DORMANT,,,0.0,0.0,0.0,,,0.0,,,0.0,0.0,0.0,,,0.0
500794934,"USB 3.0 PCIE,FRESCO FL1100,4HC,4 PORT",TCB,KnS TCX3;GENERIC,Order to Demand,,491.7,28.0,4,0.5,202409,202601,16,False,0.0,0.0,0.0,True,0.0,0.0,,0.0,,0.0,,0.0663,False,4,1.0,1.0,1.0,0.25,DORMANT,,,0.0,0.0,0.0,,,0.0,,,0.0,0.0,0.0,,,0.0
500794935,AC/DC CONVERTER 24V 240W,TCB,KnS TCX3;GENERIC,Order to Demand,,680.0,91.0,4,0.5,202409,202601,16,False,0.0,0.0,0.0,False,0.0,0.0,,0.0,,0.0,,0.0,False,4,0.0,0.0,0.0,0.0,DORMANT,,,0.0,0.0,0.0,,,0.0,,,0.0,0.0,0.0,,,0.0
500794936,"POWER SUPPLY, 120W, 1PH, 24-28VD",TCB,KnS TCX3;GENERIC,Order to Demand,,500.0,91.0,4,0.5,202409,202601,16,False,0.0,0.0,0.0,False,0.0,0.0,,0.0,,0.0,,0.0,False,4,0.0,0.0,0.0,0.0,DORMANT,,,0.0,0.0,0.0,,,0.0,,,0.0,0.0,0.0,,,0.0
500794937,DIN RAIL UPS 24V 10A W/ 5AH BAT,TCB,KnS TCX3;GENERIC,Order To Max,,1360.0,91.0,3,0.375,202410,202601,15,False,0.0,0.0,0.0,False,0.0,0.0,,0.0,,0.0,,0.0,False,3,0.0,0.0,0.0,0.0,DORMANT,,,,0.0,0.0,,,0.0,,,,0.0,0.0,,,0.0
500794938,POWER SUPPLY MODULE - POWER BRIDGE,TCB,KnS TCX3;GENERIC,Order to Demand,,356.0,48.0,4,0.5,202409,202601,16,False,0.0,0.0,0.0,False,0.0,0.0,,0.0,,0.0,,0.0,False,4,0.0,0.0,0.0,0.0,DORMANT,,,0.0,0.0,0.0,,,0.0,,,0.0,0.0,0.0,,,0.0
500794939,FORMIC ACID 0-15PPM SENSOR,TCB,KnS TCX3;GENERIC,Order To Max,,6000.0,70.0,6,0.75,202408,202601,17,False,0.0,0.0,1.0,True,0.167,0.373,2.236,0.0,,-0.0243,-0.1456,-0.0135,False,6,1.0,1.0,1.0,0.167,INTERMITTENT,,0.0,,1.0,0.0,0.0,0.0,0.0,,0.0,,0.0,0.0,0.0,0.0,0.0
500794940,"CO SENSOR, 0-150PPM",TCB,KnS TCX3;GENERIC,Order To Max,,5930.0,48.0,6,0.75,202409,202601,16,False,1.0,0.0,1.0,True,0.333,0.471,1.414,-1.0,-1.0,-0.0596,-0.1788,-0.0,False,6,1.0,1.0,1.0,0.167,INTERMITTENT,,,1.0,1.0,0.0,0.0,0.0,0.0,,,1.0,0.0,0.0,0.0,0.0,0.0
500794941,DP CABLE MALE TO MALE 3M,TCB,KnS TCX3;GENERIC,Order to Demand,,123.8,55.0,4,0.5,202409,202601,16,False,0.0,0.0,0.0,False,0.0,0.0,,0.0,,0.0,,0.0,False,4,0.0,0.0,0.0,0.0,DORMANT,,,0.0,0.0,0.0,,,0.0,,,0.0,0.0,0.0,,,0.0
500794942,FIBER SENSOR,TCB,KnS TCX3;GENERIC,Order to Demand,,131.3,55.0,4,0.5,202409,202601,16,False,0.0,0.0,0.0,False,0.0,0.0,,0.0,,0.0,,0.0,False,4,0.0,0.0,0.0,0.0,DORMANT,,,0.0,0.0,0.0,,,0.0,,,0.0,0.0,0.0,,,0.0
500794943,PHOTO SENSOR AMPLIFIER,TCB,KnS TCX3;GENERIC,Order to Demand,,144.5,55.0,4,0.5,202409,202601,16,False,0.0,0.0,0.0,False,0.0,0.0,,0.0,,0.0,,0.0,False,4,0.0,0.0,0.0,0.0,DORMANT,,,0.0,0.0,0.0,,,0.0,,,0.0,0.0,0.0,,,0.0
500794944,"BRG_LIN W=20 H=10 B=15, 1 CARRIAGE",TCB,GENERIC;KnS TCX3,Order to Demand,,198.5,31.0,4,0.5,202409,202601,16,False,0.0,0.0,0.0,False,0.0,0.0,,0.0,,0.0,,0.0,False,4,0.0,0.0,0.0,0.0,DORMANT,,,0.0,0.0,0.0,,,0.0,,,0.0,0.0,0.0,,,0.0
500794945,"REGULATOR, 0.5 MPA, 0-10V, W/O CABLE",TCB,GENERIC;KnS TCX3,Order to Demand,,607.3,20.0,6,0.75,202409,202601,16,False,1.0,0.0,1.0,True,0.667,0.471,0.707,-1.0,-1.0,-0.0442,-0.0663,0.075,False,6,2.0,2.0,4.0,0.667,STABLE,,,1.0,1.0,0.0,1.0,1.0,0.0,,,1.0,0.0,0.0,1.0,0.0,0.0
500794946,"REGULATOR, ELECTRO-PNEUMATIC",TCB,GENERIC;KnS TCX3,Order to Demand,,527.0,66.0,4,0.5,202409,202601,16,False,0.0,0.0,0.0,False,0.0,0.0,,0.0,,0.0,,0.0,False,4,0.0,0.0,0.0,0.0,DORMANT,,,0.0,0.0,0.0,,,0.0,,,0.0,0.0,0.0,,,0.0
500794947,"DEMAND FLOW REGULATOR C-10 CONN, GASCO",TCB,GENERIC;KnS TCX3,Order to Demand,,1114.6,63.0,4,0.5,202409,202601,16,False,0.0,0.0,0.0,False,0.0,0.0,,0.0,,0.0,,0.0,False,4,0.0,0.0,0.0,0.0,DORMANT,,,0.0,0.0,0.0,,,0.0,,,0.0,0.0,0.0,,,0.0
500794948,"CHARCOAL FILTER, INLINE, 6MM OD BARBS",TCB,GENERIC;KnS TCX3,Order To Max,,260.0,48.0,3,0.375,202409,202601,16,False,0.0,0.0,0.0,False,0.0,0.0,,0.0,,0.0,,0.0,False,3,0.0,0.0,0.0,0.0,DORMANT,,,0.0,,0.0,,,0.0,,,0.0,,0.0,,,0.0
500794949,"FITTING, SS T-TYPE FILTER, 1/4IN X 1/4IN",TCB,GENERIC;KnS TCX3,Order To Max,,239.0,127.0,5,0.625,202409,202601,16,False,0.0,0.0,0.0,False,0.0,0.0,,0.0,,0.0,,0.0,False,5,0.0,0.0,0.0,0.0,DORMANT,,,0.0,,0.0,0.0,0.0,0.0,,,0.0,,0.0,0.0,0.0,0.0
500794950,POST-ASSY INSERTION NUT W/LEAF SPRING,TCB,KnS TCX3;GENERIC,Order to Demand,,1.7,20.0,4,0.5,202409,202601,16,False,0.0,0.0,0.0,False,0.0,0.0,,0.0,,0.0,,0.0,False,4,0.0,0.0,0.0,0.0,DORMANT,,,0.0,0.0,0.0,,,0.0,,,0.0,0.0,0.0,,,0.0
500794951,"SOLENOID VALVE, 3 PORT",TCB,GENERIC;KnS TCX3,Order to Demand,,107.0,80.0,4,0.5,202409,202601,16,False,0.0,0.0,0.0,False,0.0,0.0,,0.0,,0.0,,0.0,False,4,0.0,0.0,0.0,0.0,DORMANT,,,0.0,0.0,0.0,,,0.0,,,0.0,0.0,0.0,,,0.0
500794952,"CYLINDER, DBL SHAFT, BORE 16, STROKE 5",TCB,GENERIC;KnS TCX3,Order to Demand,,153.3,27.0,4,0.5,202409,202601,16,False,0.0,0.0,0.0,False,0.0,0.0,,0.0,,0.0,,0.0,False,4,0.0,0.0,0.0,0.0,DORMANT,,,0.0,0.0,0.0,,,0.0,,,0.0,0.0,0.0,,,0.0
500794953,ISOLATING TRANSDUCER 2-CHANNEL; SIL 2,TCB,GENERIC;KnS TCX3,Order To Max,,1152.0,41.0,3,0.375,202409,202601,16,False,0.0,0.0,0.0,False,0.0,0.0,,0.0,,0.0,,0.0,False,3,0.0,0.0,0.0,0.0,DORMANT,,,0.0,,0.0,,,0.0,,,0.0,,0.0,,,0.0
500794954,"O-RING,6.5MM ID,1.5MM THICK,70A DUROMTR",TCB,GENERIC;KnS TCX3,Order to Demand,,3.7,27.0,4,0.5,202409,202601,16,False,0.0,0.0,0.0,False,0.0,0.0,,0.0,,0.0,,0.0,False,4,0.0,0.0,0.0,0.0,DORMANT,,,0.0,0.0,0.0,,,0.0,,,0.0,0.0,0.0,,,0.0
500794955,"O-RING,1"" ID,3/16"" THICK,70A DUROMETER",TCB,GENERIC;KnS TCX3,Order to Demand,,3.7,34.0,4,0.5,202409,202601,16,False,0.0,0.0,0.0,False,0.0,0.0,,0.0,,0.0,,0.0,False,4,0.0,0.0,0.0,0.0,DORMANT,,,0.0,0.0,0.0,,,0.0,,,0.0,0.0,0.0,,,0.0
500795498,MAGNETIC ADAPTER FOR BONDHEAD FORCE GAUG,TCB,KnS TCX3;GENERIC,Order to Demand,,220.5,48.0,4,0.5,202409,202601,16,False,0.0,0.0,0.0,False,0.0,0.0,,0.0,,0.0,,0.0,False,4,0.0,0.0,0.0,0.0,DORMANT,,,0.0,0.0,0.0,,,0.0,,,0.0,0.0,0.0,,,0.0
500795499,RELAY SPDT 24VDC COIL DIN RAIL,TCB,GENERIC;KnS TCX3,Order to Demand,,42.0,48.0,4,0.5,202409,202601,16,False,0.0,0.0,0.0,False,0.0,0.0,,0.0,,0.0,,0.0,False,4,0.0,0.0,0.0,0.0,DORMANT,,,0.0,0.0,0.0,,,0.0,,,0.0,0.0,0.0,,,0.0
500795501,"MASS FLOWMETER,0-20 SLPM,1/8"" BSSP",TCB,GENERIC;KnS TCX3,Order To Max,,5108.0,91.0,3,0.375,202409,202601,16,False,0.0,0.0,0.0,False,0.0,0.0,,0.0,,0.0,,0.0,False,3,0.0,0.0,0.0,0.0,DORMANT,,,0.0,,0.0,,,0.0,,,0.0,,0.0,,,0.0
500795502,"MASS FLOWMETER,0-50 SLPM,1/4"" BSSP",TCB,KnS TCX3;GENERIC,Order To Max,,5350.0,91.0,4,0.5,202408,202601,17,False,0.0,0.0,0.0,False,0.0,0.0,,0.0,,0.0,,0.0,False,4,0.0,0.0,0.0,0.0,DORMANT,,0.0,0.0,,0.0,,,0.0,,0.0,0.0,,0.0,,,0.0
500795503,ISO SWITCH AMP 2-CH;2 RELAY OP,TCB,GENERIC;KnS TCX3,Order to Demand,,518.0,41.0,4,0.5,202409,202601,16,False,0.0,0.0,0.0,False,0.0,0.0,,0.0,,0.0,,0.0,False,4,0.0,0.0,0.0,0.0,DORMANT,,,0.0,0.0,0.0,,,0.0,,,0.0,0.0,0.0,,,0.0
500795504,ISO SWITCH AMP 2-CH;2 TRANS OP,TCB,KnS TCX3;GENERIC,Order to Demand,,582.0,55.0,4,0.5,202409,202601,16,False,0.0,0.0,0.0,False,0.0,0.0,,0.0,,0.0,,0.0,False,4,0.0,0.0,0.0,0.0,DORMANT,,,0.0,0.0,0.0,,,0.0,,,0.0,0.0,0.0,,,0.0
500795505,TEMP MEASURE AMP 1-CH;MONITOR FOR SC,TCB,KnS TCX3;GENERIC,Order to Demand,,956.0,70.0,4,0.5,202409,202601,16,False,0.0,0.0,0.0,False,0.0,0.0,,0.0,,0.0,,0.0,False,4,0.0,0.0,0.0,0.0,DORMANT,,,0.0,0.0,0.0,,,0.0,,,0.0,0.0,0.0,,,0.0
500796080,"PLACE TOOL 33,SISIC501,25.21X22.12X0.5",TCB,KnS TCX3,Order To Max,,4500.0,40.0,3,0.375,202409,202601,16,False,0.0,0.0,0.0,False,0.0,0.0,,0.0,,0.0,,0.0,False,3,0.0,0.0,0.0,0.0,DORMANT,,,0.0,,0.0,,,0.0,,,0.0,,0.0,,,0.0
500796083,"PLACE TOOL 33,SISIC501,31.82X07.04X0.5",TCB,KnS TCX3,Order To Max,,4500.0,40.0,5,0.625,202409,202601,16,False,0.0,0.0,0.0,False,0.0,0.0,,0.0,,0.0,,0.0,False,5,0.0,0.0,0.0,0.0,DORMANT,,,0.0,,0.0,0.0,0.0,0.0,,,0.0,,0.0,0.0,0.0,0.0
500796087,"BOND CHUCK,4x2 MATRIX,56.5x45.0x1.65",TCB,KnS TCX3,Order to Demand,,7250.0,40.0,4,0.5,202409,202601,16,False,0.0,0.0,0.0,False,0.0,0.0,,0.0,,0.0,,0.0,False,4,0.0,0.0,0.0,0.0,DORMANT,,,0.0,0.0,0.0,,,0.0,,,0.0,0.0,0.0,,,0.0
500796088,"PREHEAT CHUCK,4x2 MATRIX,56.5x45.0",TCB,KnS TCX3,Order to Demand,,4000.0,40.0,3,0.375,202410,202601,15,False,0.0,0.0,0.0,False,0.0,0.0,,0.0,,0.0,,0.0,False,3,0.0,0.0,0.0,0.0,DORMANT,,,,0.0,0.0,,,0.0,,,,0.0,0.0,,,0.0
500796089,"PRECISOR,4x2 MATRIX,56.5x45.0",TCB,KnS TCX3,Order to Demand,,2000.0,40.0,4,0.5,202409,202601,16,False,0.0,0.0,0.0,False,0.0,0.0,,0.0,,0.0,,0.0,False,4,0.0,0.0,0.0,0.0,DORMANT,,,0.0,0.0,0.0,,,0.0,,,0.0,0.0,0.0,,,0.0
500797637,WD 1TB NOTEBOOK HARD 7200 RPM,TCB,"OMRON,3DXRAY,VT-X900",Order To Max,,140.7,35.0,4,0.5,202409,202601,16,False,0.0,0.0,0.0,False,0.0,0.0,,0.0,,0.0,,0.0,False,4,0.0,0.0,0.0,0.0,DORMANT,,,0.0,0.0,0.0,,,0.0,,,0.0,0.0,0.0,,,0.0
500798508,"TIMING BELT,W8,P AT3,L708, 236 TEEETH",TCB,GENERIC;KnS TCX3,Order to Demand,,64.5,52.0,5,0.625,202408,202601,17,False,0.0,0.0,0.0,False,0.0,0.0,,0.0,,0.0,,0.0,False,5,0.0,0.0,0.0,0.0,DORMANT,,0.0,0.0,0.0,0.0,,,0.0,,0.0,0.0,0.0,0.0,,,0.0
500801693,BELT_TIMING P=AT5 L=3000MM W=16MM,TCB,GENERIC;KnS TCX3,Order to Demand,,213.7,52.0,5,0.625,202408,202601,17,False,0.0,0.0,0.0,False,0.0,0.0,,0.0,,0.0,,0.0,False,5,0.0,0.0,0.0,0.0,DORMANT,,0.0,0.0,0.0,0.0,,,0.0,,0.0,0.0,0.0,0.0,,,0.0
500801694,REPLACEMENT FILTER ELEMENT,TCB,GENERIC;KnS TCX3,Order to Demand,,245.7,73.0,5,0.625,202408,202601,17,False,0.0,0.0,0.0,False,0.0,0.0,,0.0,,0.0,,0.0,False,5,0.0,0.0,0.0,0.0,DORMANT,,0.0,0.0,0.0,0.0,,,0.0,,0.0,0.0,0.0,0.0,,,0.0
500804460,BARECUVERSIONOFBACAVICOUPON,TCB,"Heller, MK7",Order To Max,,2.41,40.0,4,0.5,202409,202505,8,False,200.0,0.0,200.0,True,50.0,86.603,1.732,-200.0,-1.0,-23.1293,-0.4626,-145.5782,False,4,200.0,1100.0,100.0,25.0,INTERMITTENT,,,200.0,,0.0,0.0,0.0,,,,100.0,,0.0,0.0,0.0,
500806498,"PLACE TOOL 33,SISIC501,10.80X10.80X0.5",TCB,KnS TCX3,Order To Max,,4500.0,30.0,3,0.375,202409,202601,16,False,0.0,0.0,0.0,False,0.0,0.0,,0.0,,0.0,,0.0,False,3,0.0,0.0,0.0,0.0,DORMANT,,,0.0,,0.0,,,0.0,,,0.0,,0.0,,,0.0
500809419,GF-5 PRECISION GROUND FLATSTONES,TCB,KnS TCX3,Order To Max,,630.0,35.0,4,0.5,202409,202601,16,False,0.0,0.0,0.0,True,0.0,0.0,,0.0,,0.0,,-0.1325,False,4,0.0,2.0,0.0,0.0,DORMANT,,,0.0,0.0,0.0,,,0.0,,,0.0,0.0,0.0,,,0.0
500809800,"SMP,ACID,FORMIC ACID",TCB,Heller FAR,Order To Max,,1651.25,85.0,1,0.125,202503,202503,0,False,0.0,0.0,0.0,False,0.0,0.0,,0.0,,,,,False,1,0.0,0.0,0.0,0.0,SINGLE_SNAPSHOT,,,,,,0.0,,,,,,,,0.0,,
500810529,"PLACE TOOL 33,SISIC501,31.17X18.54X0.5",TCB,KnS TCX3,Order To Max,,4500.0,30.0,3,0.375,202409,202601,16,False,0.0,0.0,0.0,False,0.0,0.0,,0.0,,0.0,,0.0,False,3,0.0,0.0,0.0,0.0,DORMANT,,,0.0,,0.0,,,0.0,,,0.0,,0.0,,,0.0
500810533,"PLACE TOOL 33,SISIC501,31.86X10.85X0.5",TCB,KnS TCX3,Order To Max,,4500.0,30.0,3,0.375,202409,202601,16,False,0.0,0.0,0.0,False,0.0,0.0,,0.0,,0.0,,0.0,False,3,0.0,0.0,0.0,0.0,DORMANT,,,0.0,,0.0,,,0.0,,,0.0,,0.0,,,0.0
500810535,"PLACE TOOL 33,SISIC501,32.10X12.07X0.5",TCB,KnS TCX3,Order To Max,,4500.0,30.0,5,0.625,202409,202601,16,False,0.0,0.0,1.0,True,0.4,0.49,1.225,0.0,,0.0054,0.0136,0.0693,False,5,1.0,1.0,3.0,0.6,INTERMITTENT,,,0.0,,0.0,1.0,1.0,0.0,,,0.0,,0.0,1.0,0.0,0.0
500810544,"BOND CHUCK,3X2 MATRIX,77.5X50.0X1.80",TCB,KnS TCX3,Order To Max,,7250.0,35.0,3,0.375,202409,202601,16,False,0.0,0.0,0.0,False,0.0,0.0,,0.0,,0.0,,0.0,False,3,0.0,0.0,0.0,0.0,DORMANT,,,0.0,,0.0,,,0.0,,,0.0,,0.0,,,0.0
500810545,"PREHEAT CHUCK,3X2 MATRIX,77.5X50.0",TCB,KnS TCX3,Order To Max,,4000.0,35.0,3,0.375,202409,202601,16,False,0.0,0.0,0.0,False,0.0,0.0,,0.0,,0.0,,0.0,False,3,0.0,0.0,0.0,0.0,DORMANT,,,0.0,,0.0,,,0.0,,,0.0,,0.0,,,0.0
500810546,"PRECISOR,3X2 MATRIX,77.5X50.0",TCB,KnS TCX3,Order to Demand,,2000.0,35.0,4,0.5,202409,202601,16,False,0.0,0.0,0.0,False,0.0,0.0,,0.0,,0.0,,0.0,False,4,0.0,0.0,0.0,0.0,DORMANT,,,0.0,0.0,0.0,,,0.0,,,0.0,0.0,0.0,,,0.0
500811927,APC REPLACEMENT BATTERY 12V,TCB,"ASM-Pacific,Phoenix;ASM-Pacific,Firebird",Order To Max,,149.9904,25.0,1,0.125,202408,202408,0,False,16.0,16.0,16.0,True,16.0,0.0,0.0,0.0,0.0,,,,True,1,120.0,130.0,8.0,8.0,SINGLE_SNAPSHOT,,16.0,,,,,,,,8.0,,,,,,
500815517,"OPENEND,WRENCH,ATTACH,22MM,NOZZLE",TCB,"PLASMATREAT, APPJ_PTU1612",Order to Demand,,114.0,20.0,1,0.125,202601,202601,0,True,0.0,0.0,0.0,False,0.0,0.0,,0.0,,,,,False,1,0.0,0.0,0.0,0.0,SINGLE_SNAPSHOT,,,,,,,,0.0,,,,,,,,0.0
500815520,"AL,PTZ15192-2,TORQUE,SUPPORT,V2020",TCB,"PLASMATREAT, APPJ_PTU1612",Order to Demand,,402.0,20.0,2,0.25,202505,202601,8,False,1.0,0.0,1.0,True,0.5,0.5,1.0,-1.0,-1.0,-0.125,-0.25,-0.0,False,2,1.0,1.0,2.0,1.0,INTERMITTENT,,,,,,,1.0,0.0,,,,,,,1.0,0.0
500816939,CARRIAGE MOTOR COIL ASSY (R),TCB,"ASM-Pacific,Phoenix;ASM-Pacific,Firebird",Order To Max,,732.0,45.0,1,0.125,202601,202601,0,True,1.0,1.0,1.0,True,1.0,0.0,0.0,0.0,0.0,,,,False,1,1.0,1.0,0.0,0.0,SINGLE_SNAPSHOT,,,,,,,,1.0,,,,,,,,0.0
500817204,CARRIAGE MOTOR COIL ASSY (L),TCB,"ASM-Pacific,Firebird;ASM-Pacific,Phoenix",Order To Max,,732.0,45.0,1,0.125,202601,202601,0,True,1.0,1.0,1.0,True,1.0,0.0,0.0,0.0,0.0,,,,False,1,1.0,1.0,0.0,0.0,SINGLE_SNAPSHOT,,,,,,,,1.0,,,,,,,,0.0
500818371,WIRE LENGTH COUNTER FEET INCH POLY WHEEL,TCB,Asymtek S932,Order To Max,,382.8,35.0,1,0.125,202412,202412,0,False,0.0,0.0,0.0,True,0.0,0.0,,0.0,,,,,False,1,1.0,1.0,0.0,0.0,SINGLE_SNAPSHOT,,,,,0.0,,,,,,,,0.0,,,
500818667,"PLACE TOOL 33,SISIC501,25.21X22.12X1.2",TCB,KnS TCX3;GENERIC,Order To Max,,5000.0,35.0,5,0.625,202409,202601,16,False,0.0,0.0,0.0,False,0.0,0.0,,0.0,,0.0,,0.0,False,5,0.0,0.0,0.0,0.0,DORMANT,,,0.0,,0.0,0.0,0.0,0.0,,,0.0,,0.0,0.0,0.0,0.0
500819356,KIT FIT BH 1/4 SS SCREW FERRULE COLLAR,TCB,Asymtek S2-932;Asymtek S932,Order To Max,,125.36,65.0,2,0.25,202505,202601,8,False,0.0,0.0,0.0,True,0.0,0.0,,0.0,,0.0,,-0.25,False,2,1.0,36.0,0.0,0.0,DORMANT,,,,,,,0.0,0.0,,,,,,,0.0,0.0
500819682,"VACUUM CRANE,4X2 MATRIX,56.0X45.0",TCB,KnS TCX3,Order to Demand,,3200.0,35.0,3,0.375,202503,202601,10,False,0.0,0.0,0.0,False,0.0,0.0,,0.0,,0.0,,0.0,False,3,0.0,0.0,0.0,0.0,DORMANT,,,,,,0.0,0.0,0.0,,,,,,0.0,0.0,0.0
500819907,SOFT SILICONE TUBE OD=12MM ID=8MM,TCB,"ASM-Pacific,Phoenix",Order To Max,,72.0,55.0,1,0.125,202408,202408,0,False,3.0,3.0,3.0,True,3.0,0.0,0.0,0.0,0.0,,,,False,1,4.0,4.0,0.0,0.0,SINGLE_SNAPSHOT,,3.0,,,,,,,,0.0,,,,,,
500820911,CROSS ROLLER RING 150X250X16.5 METRIC,TCB,"ASM-Pacific,Firebird;ASM-Pacific,Phoenix",Order to Demand,,4164.0,45.0,5,0.625,202410,202601,15,False,0.0,0.0,1.0,True,0.2,0.4,2.0,0.0,,-0.0282,-0.1409,-0.0282,False,5,0.0,0.0,1.0,0.2,INTERMITTENT,,,,0.0,1.0,0.0,0.0,0.0,,,,0.0,1.0,0.0,0.0,0.0
500821192,"PEDESTAL HOLDER TOOL,NEW DESIGN,TCB",TCB,"ASM-Pacific,Firebird;ASM-Pacific,Phoenix",Order to Demand,,1247.33,25.0,4,0.5,202409,202601,16,False,0.0,0.0,0.0,True,0.0,0.0,,0.0,,0.0,,0.0663,False,4,1.0,1.0,1.0,0.25,DORMANT,,,0.0,0.0,0.0,,,0.0,,,0.0,0.0,0.0,,,0.0
500824296,DRILL BIT 0.65MM,TCB,KnS TCX3,Order To Max,,13.2,65.0,1,0.125,202407,202407,0,False,0.0,0.0,0.0,False,0.0,0.0,,0.0,,,,,False,1,0.0,0.0,0.0,0.0,SINGLE_SNAPSHOT,0.0,,,,,,,,0.0,,,,,,,
500824300,MBH Z TABEL BALL SCREW (PHASE 2),TCB,"ASM-Pacific,Firebird;ASM-Pacific,Phoenix",Order to Demand,,2218.0,45.0,3,0.375,202409,202601,16,False,0.0,0.0,0.0,False,0.0,0.0,,0.0,,0.0,,0.0,False,3,0.0,0.0,0.0,0.0,DORMANT,,,0.0,,0.0,,,0.0,,,0.0,,0.0,,,0.0
500824301,MBH Z TABLE PULLEY (9MM),TCB,"ASM-Pacific,Firebird;ASM-Pacific,Phoenix",Order to Demand,,50.0,45.0,3,0.375,202409,202601,16,False,0.0,0.0,0.0,False,0.0,0.0,,0.0,,0.0,,0.0,False,3,0.0,0.0,0.0,0.0,DORMANT,,,0.0,,0.0,,,0.0,,,0.0,,0.0,,,0.0
500824563,"CLAWS,PEEK,4 PCS,PEDESTAL HOLDER TOOL",TCB,"ASM-Pacific,Firebird;ASM-Pacific,Phoenix",Order to Demand,,187.61,25.0,4,0.5,202409,202601,16,False,0.0,0.0,0.0,False,0.0,0.0,,0.0,,0.0,,0.0,False,4,0.0,0.0,0.0,0.0,DORMANT,,,0.0,0.0,0.0,,,0.0,,,0.0,0.0,0.0,,,0.0
500824564,"SAFETY SPRING BOLT,PEDESTAL HOLDER TOOL",TCB,"ASM-Pacific,Firebird;ASM-Pacific,Phoenix",Order to Demand,,22.69,25.0,4,0.5,202409,202601,16,False,0.0,0.0,0.0,False,0.0,0.0,,0.0,,0.0,,0.0,False,4,0.0,0.0,0.0,0.0,DORMANT,,,0.0,0.0,0.0,,,0.0,,,0.0,0.0,0.0,,,0.0
500827150,(CIE) FRONT WINDOW FRAME HOLDING PIN,TCB,"ASM-Pacific,Phoenix",Order To Max,,15.0,55.0,1,0.125,202408,202408,0,False,0.0,0.0,0.0,True,0.0,0.0,,0.0,,,,,False,1,10.0,10.0,0.0,0.0,SINGLE_SNAPSHOT,,0.0,,,,,,,,0.0,,,,,,
500827755,"HVM,AC,DISTRIBUTION,BOX",TCB,KnS TCX3,Order to Demand,,35061.0,74.0,3,0.375,202503,202601,10,False,1.0,0.0,1.0,True,0.333,0.471,1.414,-1.0,-1.0,-0.0714,-0.2143,-0.0,False,3,1.0,1.0,0.0,0.0,INTERMITTENT,,,,,,1.0,0.0,0.0,,,,,,0.0,0.0,0.0
500827784,"PANEL,DIE,TRANSFER,WINDOW",TCB,KnS TCX3,Order To Max,,407.8,38.0,3,0.375,202410,202601,15,False,0.0,0.0,0.0,True,0.0,0.0,,0.0,,0.0,,-0.0704,False,3,0.0,1.0,0.0,0.0,DORMANT,,,,0.0,0.0,,,0.0,,,,0.0,0.0,,,0.0
500827785,"PANEL,BOND,STAGE,WINDOW",TCB,KnS TCX3,Order To Max,,961.8,38.0,3,0.375,202410,202601,15,False,0.0,0.0,0.0,True,0.0,0.0,,0.0,,0.0,,-0.1407,False,3,0.0,2.0,0.0,0.0,DORMANT,,,,0.0,0.0,,,0.0,,,,0.0,0.0,,,0.0
500828868,NICUNI-COATED HIGH TEMP. DISC MAGNET,TCB,"ASM-Pacific,Phoenix;ASM-Pacific,Firebird",Order to Demand,,26.0,45.0,4,0.5,202408,202601,17,False,194.0,0.0,194.0,True,48.5,84.004,1.732,-194.0,-1.0,-5.7676,-0.1189,-14.4486,False,4,0.0,0.0,104.0,26.0,INTERMITTENT,,194.0,0.0,,0.0,,,0.0,,104.0,0.0,,0.0,,,0.0
500829482,FA SHROUD ASSY 33MM RIGHT,TCB,KnS TCX3,Order To Max,,8200.0,107.0,6,0.75,202407,202601,18,False,0.0,0.0,1.0,True,0.333,0.471,1.414,0.0,,-0.0208,-0.0623,0.0383,False,6,1.0,1.0,2.0,0.333,INTERMITTENT,0.0,,1.0,,0.0,1.0,0.0,0.0,0.0,,1.0,,0.0,1.0,0.0,0.0
500829483,FA SHROUD ASSY 33MM LEFT,TCB,KnS TCX3,Order To Max,,8200.0,107.0,6,0.75,202409,202601,16,False,1.0,1.0,1.0,True,0.5,0.5,1.0,0.0,0.0,0.0,0.0,0.0596,False,6,2.0,2.0,2.0,0.333,INTERMITTENT,,,1.0,1.0,0.0,0.0,0.0,1.0,,,1.0,0.0,0.0,0.0,0.0,0.0
500829948,"STRAIN RELIEF, LBH RTD AND TC, HVM",TCB,KnS TCX3,Order to Demand,,10.2,35.0,4,0.5,202409,202601,16,False,0.0,0.0,0.0,False,0.0,0.0,,0.0,,0.0,,0.0,False,4,0.0,0.0,0.0,0.0,DORMANT,,,0.0,0.0,0.0,,,0.0,,,0.0,0.0,0.0,,,0.0
500830020,02 Channel Digital Capacitive Amplifier,TCB,"ASM-Pacific,Phoenix;ASM-Pacific,Firebird",Order To Max,,7367.95,25.0,3,0.375,202409,202601,16,False,0.0,0.0,0.0,False,0.0,0.0,,0.0,,0.0,,0.0,False,3,0.0,0.0,0.0,0.0,DORMANT,,,0.0,,0.0,,,0.0,,,0.0,,0.0,,,0.0
500830021,Capacitance Probe ASP-16-ILR/HT-SP,TCB,"ASM-Pacific,Phoenix;ASM-Pacific,Firebird",Order To Max,,2555.3,25.0,3,0.375,202409,202601,16,False,0.0,0.0,0.0,False,0.0,0.0,,0.0,,0.0,,0.0,False,3,0.0,0.0,0.0,0.0,DORMANT,,,0.0,,0.0,,,0.0,,,0.0,,0.0,,,0.0
500830022,Capacitance Probe ASP-16-ILA/HT-SP,TCB,"ASM-Pacific,Firebird;ASM-Pacific,Phoenix",Order To Max,,2494.7,25.0,3,0.375,202409,202601,16,False,0.0,0.0,0.0,False,0.0,0.0,,0.0,,0.0,,0.0,False,3,0.0,0.0,0.0,0.0,DORMANT,,,0.0,,0.0,,,0.0,,,0.0,,0.0,,,0.0
500830672,HSS DIN 340 SOLID DRILL 0.8X46MM,TCB,TCB Generic,Order Beyond Max,,11.66,20.0,1,0.125,202407,202407,0,False,14.0,14.0,14.0,True,14.0,0.0,0.0,0.0,0.0,,,,False,1,24.0,24.0,4.0,4.0,SINGLE_SNAPSHOT,14.0,,,,,,,,4.0,,,,,,,
500831292,SPRING PLATE,TCB,KnS TCX3,Order to Demand,,961.8,45.0,4,0.5,202409,202601,16,False,0.0,0.0,0.0,False,0.0,0.0,,0.0,,0.0,,0.0,False,4,0.0,0.0,0.0,0.0,DORMANT,,,0.0,0.0,0.0,,,0.0,,,0.0,0.0,0.0,,,0.0
500831293,CLIP,TCB,KnS TCX3,Order to Demand,,120.0,45.0,4,0.5,202409,202601,16,False,0.0,0.0,0.0,False,0.0,0.0,,0.0,,0.0,,0.0,False,4,0.0,0.0,0.0,0.0,DORMANT,,,0.0,0.0,0.0,,,0.0,,,0.0,0.0,0.0,,,0.0
500832947,WIRE BRUSH,TCB,KnS TCX3,Order to Demand,,43.0,43.0,6,0.75,202409,202601,16,False,0.0,0.0,0.0,False,0.0,0.0,,0.0,,0.0,,0.0,False,6,0.0,0.0,0.0,0.0,DORMANT,,,0.0,0.0,0.0,0.0,0.0,0.0,,,0.0,0.0,0.0,0.0,0.0,0.0
500833309,"51165,S,1MM,21.298X9.765",TCB,Generic;TCB_Generic,Order to Demand,,3540.0,35.0,2,0.25,202409,202410,1,False,0.0,0.0,0.0,False,0.0,0.0,,0.0,,0.0,,0.0,False,2,0.0,0.0,0.0,0.0,DORMANT,,,0.0,0.0,,,,,,,0.0,0.0,,,,
500833625,"PLACE TOOL 33,SISIC501,31.10X22.05X1.2",TCB,KnS TCX3;GENERIC,Order To Max,,5000.0,30.0,6,0.75,202409,202601,16,False,1.0,0.0,1.0,True,0.5,0.5,1.0,-1.0,-1.0,-0.0577,-0.1154,0.075,False,6,2.0,2.0,1.0,0.167,INTERMITTENT,,,1.0,1.0,0.0,1.0,0.0,0.0,,,0.0,0.0,0.0,0.0,0.0,0.0
500833953,SYRINGE PUMP WITH QUICK CONNECT,TCB,KnS TCX3,Order to Demand,,300.0,95.0,4,0.5,202409,202601,16,False,0.0,0.0,0.0,False,0.0,0.0,,0.0,,0.0,,0.0,False,4,0.0,0.0,0.0,0.0,DORMANT,,,0.0,0.0,0.0,,,0.0,,,0.0,0.0,0.0,,,0.0
500833954,"STAINLESS STEEL BRUSH 1/2""",TCB,KnS TCX3,Order to Demand,,33.6,27.0,4,0.5,202409,202601,16,False,0.0,0.0,0.0,False,0.0,0.0,,0.0,,0.0,,0.0,False,4,0.0,0.0,0.0,0.0,DORMANT,,,0.0,0.0,0.0,,,0.0,,,0.0,0.0,0.0,,,0.0
500833955,REAM FILE SET,TCB,KnS TCX3,Order To Max,,128.2,27.0,6,0.75,202409,202601,16,False,7.0,0.0,7.0,True,1.5,2.566,1.711,-7.0,-1.0,-0.2827,-0.1885,-0.4173,False,6,0.0,7.0,0.0,0.0,INTERMITTENT,,,7.0,2.0,0.0,0.0,0.0,0.0,,,0.0,0.0,0.0,0.0,0.0,0.0
500835027,DIGITAL SURFACE RESISTANCE METER,TCB,TCB_Generic,Order to Demand,,5562.44,125.0,6,0.75,202409,202601,16,False,0.0,0.0,0.0,True,0.0,0.0,,0.0,,0.0,,-0.15,False,6,0.0,0.0,0.0,0.0,DORMANT,,,0.0,0.0,0.0,0.0,0.0,0.0,,,0.0,0.0,0.0,0.0,0.0,0.0
500835479,PRESSURE REGULATOR,TCB,"ASM-Pacific,Phoenix;ASM-Pacific,Firebird",Order To Max,,117.71,70.0,3,0.375,202409,202601,16,False,0.0,0.0,0.0,False,0.0,0.0,,0.0,,0.0,,0.0,False,3,0.0,0.0,0.0,0.0,DORMANT,,,0.0,,0.0,,,0.0,,,0.0,,0.0,,,0.0
500835480,DMC COOLING SOLENOID,TCB,"ASM-Pacific,Firebird;ASM-Pacific,Phoenix",Order To Max,,79.27,70.0,3,0.375,202409,202601,16,False,0.0,0.0,0.0,False,0.0,0.0,,0.0,,0.0,,0.0,False,3,0.0,0.0,0.0,0.0,DORMANT,,,0.0,,0.0,,,0.0,,,0.0,,0.0,,,0.0
500835481,Blow Solenoid 24VDC VK334-5G,TCB,"ASM-Pacific,Firebird;ASM-Pacific,Phoenix",Order To Max,,54.23,70.0,3,0.375,202409,202601,16,False,0.0,0.0,1.0,True,0.333,0.471,1.414,0.0,,-0.023,-0.0691,0.0438,False,3,1.0,1.0,2.0,0.667,INTERMITTENT,,,0.0,,1.0,,,0.0,,,0.0,,1.0,,,0.0
500835482,Vacuum Solenoid 24VDC VK334V-5G,TCB,"ASM-Pacific,Phoenix;ASM-Pacific,Firebird",Order To Max,,56.63,70.0,3,0.375,202409,202601,16,False,0.0,0.0,1.0,True,0.333,0.471,1.414,0.0,,-0.023,-0.0691,0.0438,False,3,1.0,1.0,2.0,0.667,INTERMITTENT,,,0.0,,1.0,,,0.0,,,0.0,,1.0,,,0.0
500835483,Vacuum Solenoid 24VDC VK332V-5G-M5,TCB,"ASM-Pacific,Firebird;ASM-Pacific,Phoenix",Order To Max,,56.63,70.0,3,0.375,202409,202601,16,False,0.0,0.0,0.0,False,0.0,0.0,,0.0,,0.0,,0.0,False,3,0.0,0.0,0.0,0.0,DORMANT,,,0.0,,0.0,,,0.0,,,0.0,,0.0,,,0.0
500835484,BH WEAK BLOW REGULATOR,TCB,"ASM-Pacific,Firebird;ASM-Pacific,Phoenix",Order To Max,,325.49,70.0,3,0.375,202409,202601,16,False,0.0,0.0,0.0,False,0.0,0.0,,0.0,,0.0,,0.0,False,3,0.0,0.0,0.0,0.0,DORMANT,,,0.0,,0.0,,,0.0,,,0.0,,0.0,,,0.0
500835485,(BH) VACUUM REGULATOR,TCB,"ASM-Pacific,Firebird;ASM-Pacific,Phoenix",Order To Max,,348.99,70.0,3,0.375,202409,202601,16,False,0.0,0.0,0.0,False,0.0,0.0,,0.0,,0.0,,0.0,False,3,0.0,0.0,0.0,0.0,DORMANT,,,0.0,,0.0,,,0.0,,,0.0,,0.0,,,0.0
500835486,SENSOR VACUUM PEDESTAL HEATED,TCB,"ASM-Pacific,Phoenix;ASM-Pacific,Firebird",Order To Max,,68.1,70.0,3,0.375,202409,202601,16,False,0.0,0.0,0.0,False,0.0,0.0,,0.0,,0.0,,0.0,False,3,0.0,0.0,0.0,0.0,DORMANT,,,0.0,,0.0,,,0.0,,,0.0,,0.0,,,0.0
500835487,(IO)DIE TRANSFERPICK ARM VAC SWITCH,TCB,"ASM-Pacific,Phoenix;ASM-Pacific,Firebird",Order To Max,,159.57,70.0,3,0.375,202409,202601,16,False,0.0,0.0,0.0,False,0.0,0.0,,0.0,,0.0,,0.0,False,3,0.0,0.0,0.0,0.0,DORMANT,,,0.0,,0.0,,,0.0,,,0.0,,0.0,,,0.0
500835827,DUPLICATE USE 500849691,TCB,Generic;TCB_Generic,Order to Demand,,3540.0,35.0,2,0.25,202409,202410,1,False,0.0,0.0,0.0,False,0.0,0.0,,0.0,,0.0,,0.0,False,2,0.0,0.0,0.0,0.0,DORMANT,,,0.0,0.0,,,,,,,0.0,0.0,,,,
500837585,"BELLOW SUCTION CUP,OD2.5,ID2.2",TCB,TCB_Generic;KnS TCX3,Order to Demand,,15.8,65.0,4,0.5,202409,202505,8,False,0.0,0.0,0.0,False,0.0,0.0,,0.0,,0.0,,0.0,False,4,0.0,0.0,0.0,0.0,DORMANT,,,0.0,,0.0,0.0,0.0,,,,0.0,,0.0,0.0,0.0,
500837687,BGA GAS ANALYZER SUBASSEMBLY POLYTHERM,TCB,KnS TCX3,Order to Demand,,15500.0,82.0,6,0.75,202408,202601,17,False,0.0,0.0,1.0,True,0.167,0.373,2.236,0.0,,-0.0135,-0.0809,0.0593,False,6,1.0,1.0,1.0,0.167,INTERMITTENT,,0.0,,0.0,1.0,0.0,0.0,0.0,,0.0,,0.0,0.0,0.0,0.0,0.0
500838825,"FLEX,SS,HOSE,3/8"",FNPT,325MMLG",TCB,Heller FAR,Order To Max,,71.0,20.0,3,0.375,202410,202601,15,False,0.0,0.0,0.0,False,0.0,0.0,,0.0,,0.0,,0.0,False,3,0.0,0.0,0.0,0.0,DORMANT,,,,0.0,0.0,,,0.0,,,,0.0,0.0,,,0.0
500838827,"FLEX,SS,HOSE,3/8"",FNPT,350MMLG",TCB,Heller FAR,Order To Max,,75.0,20.0,3,0.375,202410,202601,15,False,0.0,0.0,0.0,False,0.0,0.0,,0.0,,0.0,,0.0,False,3,0.0,0.0,0.0,0.0,DORMANT,,,,0.0,0.0,,,0.0,,,,0.0,0.0,,,0.0
500838829,"FLEX,SS,HOSE,3/8"",FNPT,425MMLG",TCB,Heller FAR,Order To Max,,87.0,20.0,3,0.375,202410,202601,15,False,0.0,0.0,0.0,False,0.0,0.0,,0.0,,0.0,,0.0,False,3,0.0,0.0,0.0,0.0,DORMANT,,,,0.0,0.0,,,0.0,,,,0.0,0.0,,,0.0
500838830,"FLEX,SS,HOSE,3/8"",FNPT,475MMLG",TCB,Heller FAR,Order To Max,,95.0,20.0,3,0.375,202410,202601,15,False,0.0,0.0,0.0,False,0.0,0.0,,0.0,,0.0,,0.0,False,3,0.0,0.0,0.0,0.0,DORMANT,,,,0.0,0.0,,,0.0,,,,0.0,0.0,,,0.0
500838831,"FLEX,SS,HOSE,3/8"",FNPT,650MMLG",TCB,Heller FAR,Order To Max,,123.0,20.0,3,0.375,202410,202601,15,False,0.0,0.0,0.0,False,0.0,0.0,,0.0,,0.0,,0.0,False,3,0.0,0.0,0.0,0.0,DORMANT,,,,0.0,0.0,,,0.0,,,,0.0,0.0,,,0.0
500838832,"FLEX,SS,HOSE,3/8"",FNPT,775MMLG",TCB,Heller FAR,Order To Max,,143.0,20.0,3,0.375,202410,202601,15,False,0.0,0.0,0.0,False,0.0,0.0,,0.0,,0.0,,0.0,False,3,0.0,0.0,0.0,0.0,DORMANT,,,,0.0,0.0,,,0.0,,,,0.0,0.0,,,0.0
500838834,"HARD,TUBE,SANIT,CONN,RADIATOR",TCB,Heller FAR,Order To Max,,487.0,30.0,3,0.375,202410,202601,15,False,0.0,0.0,0.0,False,0.0,0.0,,0.0,,0.0,,0.0,False,3,0.0,0.0,0.0,0.0,DORMANT,,,,0.0,0.0,,,0.0,,,,0.0,0.0,,,0.0
500838920,SQY BLADE ASM 60 DEG 350MM,TCB,DEK Galaxy,Order To Max,,44.46,35.0,1,0.125,202408,202408,0,False,2.0,2.0,2.0,True,2.0,0.0,0.0,0.0,0.0,,,,False,1,4.0,4.0,0.0,0.0,SINGLE_SNAPSHOT,,2.0,,,,,,,,0.0,,,,,,
500839673,"ASM, ELEC, LEAK SENSOR, LUMISOURCE",TCB,KnS Formic Acid BVDS,Order to Demand,,2400.0,55.0,1,0.125,202410,202410,0,False,0.0,0.0,0.0,False,0.0,0.0,,0.0,,,,,False,1,0.0,0.0,0.0,0.0,SINGLE_SNAPSHOT,,,,0.0,,,,,,,,0.0,,,,
500839674,"SASM, HEAT, C09-54259, BVDS",TCB,KnS Formic Acid BVDS,Order to Demand,,18900.0,55.0,1,0.125,202410,202410,0,False,0.0,0.0,0.0,False,0.0,0.0,,0.0,,,,,False,1,0.0,0.0,0.0,0.0,SINGLE_SNAPSHOT,,,,0.0,,,,,,,,0.0,,,,
500839675,"SASM, HEAT, C10-54975, BVDS",TCB,KnS Formic Acid BVDS,Order to Demand,,5100.0,55.0,1,0.125,202410,202410,0,False,0.0,0.0,0.0,False,0.0,0.0,,0.0,,,,,False,1,0.0,0.0,0.0,0.0,SINGLE_SNAPSHOT,,,,0.0,,,,,,,,0.0,,,,
500839676,"SASM, HEAT, C10-55050, BVDS",TCB,KnS Formic Acid BVDS,Order to Demand,,2400.0,55.0,1,0.125,202410,202410,0,False,0.0,0.0,0.0,False,0.0,0.0,,0.0,,,,,False,1,0.0,0.0,0.0,0.0,SINGLE_SNAPSHOT,,,,0.0,,,,,,,,0.0,,,,
500839677,"SASM, HEAT, C10-55064, BVDS",TCB,KnS Formic Acid BVDS,Order to Demand,,6900.0,55.0,1,0.125,202410,202410,0,False,0.0,0.0,0.0,False,0.0,0.0,,0.0,,,,,False,1,0.0,0.0,0.0,0.0,SINGLE_SNAPSHOT,,,,0.0,,,,,,,,0.0,,,,
500839678,"SASM, HEAT, C10-55065, BVDS",TCB,KnS Formic Acid BVDS,Order to Demand,,4200.0,55.0,1,0.125,202410,202410,0,False,0.0,0.0,0.0,False,0.0,0.0,,0.0,,,,,False,1,0.0,0.0,0.0,0.0,SINGLE_SNAPSHOT,,,,0.0,,,,,,,,0.0,,,,
500839679,"SASM, HEAT, VALVE: PV22, BVDS",TCB,KnS Formic Acid BVDS,Order to Demand,,900.0,48.0,1,0.125,202410,202410,0,False,0.0,0.0,0.0,False,0.0,0.0,,0.0,,,,,False,1,0.0,0.0,0.0,0.0,SINGLE_SNAPSHOT,,,,0.0,,,,,,,,0.0,,,,
500839680,"SASM, HOTBOX HEATER, INTEGRAL CONNECTOR",TCB,KnS Formic Acid BVDS,Order to Demand,,6300.0,70.0,1,0.125,202410,202410,0,False,0.0,0.0,0.0,False,0.0,0.0,,0.0,,,,,False,1,0.0,0.0,0.0,0.0,SINGLE_SNAPSHOT,,,,0.0,,,,,,,,0.0,,,,
500839681,"SPOOL, OUTLET STICK HB",TCB,KnS Formic Acid BVDS,Order to Demand,,6300.0,134.0,1,0.125,202410,202410,0,False,0.0,0.0,0.0,False,0.0,0.0,,0.0,,,,,False,1,0.0,0.0,0.0,0.0,SINGLE_SNAPSHOT,,,,0.0,,,,,,,,0.0,,,,
500839682,"DISC, BURST, 200PSIG AT 150C, 316",TCB,KnS Formic Acid BVDS,Order to Demand,,2700.0,45.0,1,0.125,202410,202410,0,False,0.0,0.0,0.0,False,0.0,0.0,,0.0,,,,,False,1,0.0,0.0,0.0,0.0,SINGLE_SNAPSHOT,,,,0.0,,,,,,,,0.0,,,,
500839683,"FILTER, 0.3 MICRON, NI, 4VCR GASKET",TCB,KnS Formic Acid BVDS,Order to Demand,,900.0,65.0,2,0.25,202407,202410,3,False,0.0,0.0,0.0,False,0.0,0.0,,0.0,,0.0,,0.0,False,2,0.0,0.0,0.0,0.0,DORMANT,0.0,,,0.0,,,,,0.0,,,0.0,,,,
500839684,"FILTER, 0.4 MICRON, NI, 8VCR GASKET",TCB,KnS Formic Acid BVDS,Order to Demand,,2100.0,65.0,2,0.25,202407,202410,3,False,0.0,0.0,0.0,False,0.0,0.0,,0.0,,0.0,,0.0,False,2,0.0,0.0,0.0,0.0,DORMANT,0.0,,,0.0,,,,,0.0,,,0.0,,,,
500839685,"FILTER, 1780 SERIES, .003 UM, SS",TCB,KnS Formic Acid BVDS,Order to Demand,,2100.0,45.0,2,0.25,202408,202410,2,False,0.0,0.0,0.0,False,0.0,0.0,,0.0,,0.0,,0.0,False,2,0.0,0.0,0.0,0.0,DORMANT,,0.0,,0.0,,,,,,0.0,,0.0,,,,
500839686,"GASKET, 02, VCR, NICKEL",TCB,KnS Formic Acid BVDS,Order to Demand,,300.0,10.0,1,0.125,202410,202410,0,False,0.0,0.0,0.0,False,0.0,0.0,,0.0,,,,,False,1,0.0,0.0,0.0,0.0,SINGLE_SNAPSHOT,,,,0.0,,,,,,,,0.0,,,,
500839687,"GASKET, 04, VCR, NICKEL",TCB,KnS Formic Acid BVDS,Order to Demand,,300.0,10.0,1,0.125,202410,202410,0,False,0.0,0.0,0.0,False,0.0,0.0,,0.0,,,,,False,1,0.0,0.0,0.0,0.0,SINGLE_SNAPSHOT,,,,0.0,,,,,,,,0.0,,,,
500839688,"GASKET, 08, VCR, NICKEL",TCB,KnS Formic Acid BVDS,Order to Demand,,300.0,10.0,1,0.125,202410,202410,0,False,0.0,0.0,0.0,False,0.0,0.0,,0.0,,,,,False,1,0.0,0.0,0.0,0.0,SINGLE_SNAPSHOT,,,,0.0,,,,,,,,0.0,,,,
500839689,"GAUGE, SWITCH, 0-100, PSI/BAR, CBM",TCB,KnS Formic Acid BVDS,Order to Demand,,1500.0,55.0,1,0.125,202410,202410,0,False,0.0,0.0,0.0,False,0.0,0.0,,0.0,,,,,False,1,0.0,0.0,0.0,0.0,SINGLE_SNAPSHOT,,,,0.0,,,,,,,,0.0,,,,
500839690,"HMI, TOUCH SCRN, 12IN, TFT, COLOR",TCB,KnS Formic Acid BVDS,Order to Demand,,11100.0,51.0,1,0.125,202410,202410,0,False,0.0,0.0,0.0,False,0.0,0.0,,0.0,,,,,False,1,0.0,0.0,0.0,0.0,SINGLE_SNAPSHOT,,,,0.0,,,,,,,,0.0,,,,
500839691,"INSULATOR, SENSOR ACC, PIEZOCON",TCB,KnS Formic Acid BVDS,Order to Demand,,5700.0,13.0,1,0.125,202410,202410,0,False,0.0,0.0,0.0,False,0.0,0.0,,0.0,,,,,False,1,0.0,0.0,0.0,0.0,SINGLE_SNAPSHOT,,,,0.0,,,,,,,,0.0,,,,
500839692,"PLC, MODULE, BUS POWER IN, DIN RAIL",TCB,KnS Formic Acid BVDS,Order to Demand,,300.0,27.0,1,0.125,202410,202410,0,False,0.0,0.0,0.0,False,0.0,0.0,,0.0,,,,,False,1,0.0,0.0,0.0,0.0,SINGLE_SNAPSHOT,,,,0.0,,,,,,,,0.0,,,,
500839693,"PLC, MODULE, IO POWER IN, 10A, DIN RAIL",TCB,KnS Formic Acid BVDS,Order to Demand,,300.0,41.0,1,0.125,202410,202410,0,False,0.0,0.0,0.0,False,0.0,0.0,,0.0,,,,,False,1,0.0,0.0,0.0,0.0,SINGLE_SNAPSHOT,,,,0.0,,,,,,,,0.0,,,,
500839694,"PURIFIER, ALL GASES, 2SLPM, 4MVCR",TCB,KnS Formic Acid BVDS,Order to Demand,,1800.0,50.0,1,0.125,202410,202410,0,False,0.0,0.0,0.0,False,0.0,0.0,,0.0,,,,,False,1,0.0,0.0,0.0,0.0,SINGLE_SNAPSHOT,,,,0.0,,,,,,,,0.0,,,,
500839695,"REG, 64-5400, PRES, GAS, NON TIED",TCB,KnS Formic Acid BVDS,Order to Demand,,3600.0,105.0,1,0.125,202410,202410,0,False,0.0,0.0,0.0,False,0.0,0.0,,0.0,,,,,False,1,0.0,0.0,0.0,0.0,SINGLE_SNAPSHOT,,,,0.0,,,,,,,,0.0,,,,
500839696,"REG, BACK PRESSURE, 0-100, 1/2",TCB,KnS Formic Acid BVDS,Order to Demand,,6000.0,115.0,1,0.125,202410,202410,0,False,0.0,0.0,0.0,False,0.0,0.0,,0.0,,,,,False,1,0.0,0.0,0.0,0.0,SINGLE_SNAPSHOT,,,,0.0,,,,,,,,0.0,,,,
500839697,"REG, PRESSURE, GAS, 600 IN, 100",TCB,KnS Formic Acid BVDS,Order to Demand,,2400.0,105.0,1,0.125,202410,202410,0,False,0.0,0.0,0.0,False,0.0,0.0,,0.0,,,,,False,1,0.0,0.0,0.0,0.0,SINGLE_SNAPSHOT,,,,0.0,,,,,,,,0.0,,,,
500839698,"RELAY, SSR, 280V, SPST, 6A, 1CH, DIN",TCB,KnS Formic Acid BVDS,Order to Demand,,300.0,10.0,1,0.125,202410,202410,0,False,0.0,0.0,0.0,False,0.0,0.0,,0.0,,,,,False,1,0.0,0.0,0.0,0.0,SINGLE_SNAPSHOT,,,,0.0,,,,,,,,0.0,,,,
500839699,"TRANSDUCER, 100PSIA, 1-6VDC, 6P",TCB,KnS Formic Acid BVDS,Order to Demand,,1200.0,45.0,1,0.125,202410,202410,0,False,0.0,0.0,0.0,False,0.0,0.0,,0.0,,,,,False,1,0.0,0.0,0.0,0.0,SINGLE_SNAPSHOT,,,,0.0,,,,,,,,0.0,,,,
500839700,"VAC. GEN., EJECTOR, 316L SS, 27""HG",TCB,KnS Formic Acid BVDS,Order to Demand,,3000.0,10.0,1,0.125,202410,202410,0,False,0.0,0.0,0.0,False,0.0,0.0,,0.0,,,,,False,1,0.0,0.0,0.0,0.0,SINGLE_SNAPSHOT,,,,0.0,,,,,,,,0.0,,,,
500839701,"VALVE,ISO,KD,MAN,LOTO,LP,DPH,065",TCB,KnS Formic Acid BVDS,Order to Demand,,1200.0,85.0,1,0.125,202410,202410,0,False,0.0,0.0,0.0,False,0.0,0.0,,0.0,,,,,False,1,0.0,0.0,0.0,0.0,SINGLE_SNAPSHOT,,,,0.0,,,,,,,,0.0,,,,
500839702,"VALVE,ISO,KD,MAN,LOTO,LP,DPH,066",TCB,KnS Formic Acid BVDS,Order to Demand,,1500.0,85.0,1,0.125,202410,202410,0,False,0.0,0.0,0.0,False,0.0,0.0,,0.0,,,,,False,1,0.0,0.0,0.0,0.0,SINGLE_SNAPSHOT,,,,0.0,,,,,,,,0.0,,,,
500839703,"VALVE,ISO,KD,MAN,LOTO,LP,DPH,067",TCB,KnS Formic Acid BVDS,Order to Demand,,1800.0,85.0,1,0.125,202410,202410,0,False,0.0,0.0,0.0,False,0.0,0.0,,0.0,,,,,False,1,0.0,0.0,0.0,0.0,SINGLE_SNAPSHOT,,,,0.0,,,,,,,,0.0,,,,
500839704,"VALVE, ISO, KD, PNEU, NC, LP",TCB,KnS Formic Acid BVDS,Order to Demand,,1500.0,85.0,1,0.125,202410,202410,0,False,0.0,0.0,0.0,False,0.0,0.0,,0.0,,,,,False,1,0.0,0.0,0.0,0.0,SINGLE_SNAPSHOT,,,,0.0,,,,,,,,0.0,,,,
500839705,"VALVE, ISO, KD, PNEU, NC, LP, DPH, 069",TCB,KnS Formic Acid BVDS,Order to Demand,,1200.0,85.0,1,0.125,202410,202410,0,False,0.0,0.0,0.0,False,0.0,0.0,,0.0,,,,,False,1,0.0,0.0,0.0,0.0,SINGLE_SNAPSHOT,,,,0.0,,,,,,,,0.0,,,,
500839706,"VALVE, ISO, KD4, MAN, LOTO, LP",TCB,KnS Formic Acid BVDS,Order to Demand,,1500.0,85.0,1,0.125,202410,202410,0,False,0.0,0.0,0.0,False,0.0,0.0,,0.0,,,,,False,1,0.0,0.0,0.0,0.0,SINGLE_SNAPSHOT,,,,0.0,,,,,,,,0.0,,,,
500839707,"VALVE, ISO, VLD, MAN, LP, DPH",TCB,KnS Formic Acid BVDS,Order to Demand,,600.0,85.0,1,0.125,202410,202410,0,False,0.0,0.0,0.0,False,0.0,0.0,,0.0,,,,,False,1,0.0,0.0,0.0,0.0,SINGLE_SNAPSHOT,,,,0.0,,,,,,,,0.0,,,,
500839708,"VALVE, ISO, VLD, PNEU, NC, LP, DPH, 072",TCB,KnS Formic Acid BVDS,Order to Demand,,600.0,85.0,1,0.125,202410,202410,0,False,0.0,0.0,0.0,False,0.0,0.0,,0.0,,,,,False,1,0.0,0.0,0.0,0.0,SINGLE_SNAPSHOT,,,,0.0,,,,,,,,0.0,,,,
500839709,"VALVE, ISO, VLD, PNEU, NC, LP, DPH, 073",TCB,KnS Formic Acid BVDS,Order to Demand,,900.0,85.0,1,0.125,202410,202410,0,False,0.0,0.0,0.0,False,0.0,0.0,,0.0,,,,,False,1,0.0,0.0,0.0,0.0,SINGLE_SNAPSHOT,,,,0.0,,,,,,,,0.0,,,,
500839710,"VALVE, ISO, VLD, PNEU, NC, LP, DPH, 074",TCB,KnS Formic Acid BVDS,Order to Demand,,1200.0,85.0,1,0.125,202410,202410,0,False,0.0,0.0,0.0,False,0.0,0.0,,0.0,,,,,False,1,0.0,0.0,0.0,0.0,SINGLE_SNAPSHOT,,,,0.0,,,,,,,,0.0,,,,
500839711,"VALVE, PNEU, NC, 04FVCR, 4.0L BLEED",TCB,KnS Formic Acid BVDS,Order to Demand,,1200.0,95.0,1,0.125,202410,202410,0,False,0.0,0.0,0.0,False,0.0,0.0,,0.0,,,,,False,1,0.0,0.0,0.0,0.0,SINGLE_SNAPSHOT,,,,0.0,,,,,,,,0.0,,,,
500839712,"VALVE, PNEU, NC, LOW PRESSURE, HIGH",TCB,KnS Formic Acid BVDS,Order to Demand,,900.0,85.0,1,0.125,202410,202410,0,False,0.0,0.0,0.0,False,0.0,0.0,,0.0,,,,,False,1,0.0,0.0,0.0,0.0,SINGLE_SNAPSHOT,,,,0.0,,,,,,,,0.0,,,,
500839713,"VALVE, PNEU, NC, LP, HIGH TEMP, 077",TCB,KnS Formic Acid BVDS,Order to Demand,,1200.0,85.0,1,0.125,202410,202410,0,False,0.0,0.0,0.0,False,0.0,0.0,,0.0,,,,,False,1,0.0,0.0,0.0,0.0,SINGLE_SNAPSHOT,,,,0.0,,,,,,,,0.0,,,,
500839714,"VALVE, PNEU, NC, LP, HIGH TEMP, 078",TCB,KnS Formic Acid BVDS,Order to Demand,,2100.0,85.0,1,0.125,202410,202410,0,False,0.0,0.0,0.0,False,0.0,0.0,,0.0,,,,,False,1,0.0,0.0,0.0,0.0,SINGLE_SNAPSHOT,,,,0.0,,,,,,,,0.0,,,,
500839715,"VALVE, PNEU, NC, LP, HIGH TEMP, 079",TCB,KnS Formic Acid BVDS,Order to Demand,,1200.0,85.0,1,0.125,202410,202410,0,False,0.0,0.0,0.0,False,0.0,0.0,,0.0,,,,,False,1,0.0,0.0,0.0,0.0,SINGLE_SNAPSHOT,,,,0.0,,,,,,,,0.0,,,,
500839716,"VALVE, PROPORTIONAL, VLV-132",TCB,KnS Formic Acid BVDS,Order to Demand,,4800.0,55.0,1,0.125,202410,202410,0,False,0.0,0.0,0.0,False,0.0,0.0,,0.0,,,,,False,1,0.0,0.0,0.0,0.0,SINGLE_SNAPSHOT,,,,0.0,,,,,,,,0.0,,,,
500839717,"VLV, CHECK, CV2, 04FVCR X 04MVCR",TCB,KnS Formic Acid BVDS,Order to Demand,,900.0,10.0,1,0.125,202410,202410,0,False,0.0,0.0,0.0,False,0.0,0.0,,0.0,,,,,False,1,0.0,0.0,0.0,0.0,SINGLE_SNAPSHOT,,,,0.0,,,,,,,,0.0,,,,
500839718,"VLV, CHECK, CV2, 04MVCR, 3PSIG",TCB,KnS Formic Acid BVDS,Order to Demand,,300.0,10.0,1,0.125,202410,202410,0,False,0.0,0.0,0.0,False,0.0,0.0,,0.0,,,,,False,1,0.0,0.0,0.0,0.0,SINGLE_SNAPSHOT,,,,0.0,,,,,,,,0.0,,,,
500839719,"VLV, CHECK, CV4, 08MVCR, 3PSIG",TCB,KnS Formic Acid BVDS,Order to Demand,,600.0,75.0,1,0.125,202410,202410,0,False,0.0,0.0,0.0,False,0.0,0.0,,0.0,,,,,False,1,0.0,0.0,0.0,0.0,SINGLE_SNAPSHOT,,,,0.0,,,,,,,,0.0,,,,
500839720,"HEATER, FINNED STRIP, 300W, 240V",TCB,KnS Formic Acid BVDS,Order to Demand,,300.0,30.0,1,0.125,202410,202410,0,False,0.0,0.0,0.0,False,0.0,0.0,,0.0,,,,,False,1,0.0,0.0,0.0,0.0,SINGLE_SNAPSHOT,,,,0.0,,,,,,,,0.0,,,,
500839721,"ATOMIZER, SMALL, SCREWED, 9/16-18",TCB,KnS Formic Acid BVDS,Order to Demand,,5700.0,75.0,1,0.125,202410,202410,0,False,0.0,0.0,0.0,False,0.0,0.0,,0.0,,,,,False,1,0.0,0.0,0.0,0.0,SINGLE_SNAPSHOT,,,,0.0,,,,,,,,0.0,,,,
500839722,"CABLE ASM, HEATER, 50W, INSERTION, BVDS",TCB,KnS Formic Acid BVDS,Order to Demand,,900.0,25.0,1,0.125,202410,202410,0,False,0.0,0.0,0.0,False,0.0,0.0,,0.0,,,,,False,1,0.0,0.0,0.0,0.0,SINGLE_SNAPSHOT,,,,0.0,,,,,,,,0.0,,,,
500839723,"CABLE ASM, THERMAL SENSOR, 12"" INSERTION",TCB,KnS Formic Acid BVDS,Order to Demand,,1200.0,25.0,1,0.125,202410,202410,0,False,0.0,0.0,0.0,False,0.0,0.0,,0.0,,,,,False,1,0.0,0.0,0.0,0.0,SINGLE_SNAPSHOT,,,,0.0,,,,,,,,0.0,,,,
500839724,"CABLE ASM, THERMAL SENSOR, ADHESIVE, 12""",TCB,KnS Formic Acid BVDS,Order to Demand,,600.0,25.0,1,0.125,202410,202410,0,False,0.0,0.0,0.0,False,0.0,0.0,,0.0,,,,,False,1,0.0,0.0,0.0,0.0,SINGLE_SNAPSHOT,,,,0.0,,,,,,,,0.0,,,,
500839725,"CABLE ASM, HEATER, SPIRAL, 1/2"" 100",TCB,KnS Formic Acid BVDS,Order to Demand,,600.0,25.0,1,0.125,202410,202410,0,False,0.0,0.0,0.0,False,0.0,0.0,,0.0,,,,,False,1,0.0,0.0,0.0,0.0,SINGLE_SNAPSHOT,,,,0.0,,,,,,,,0.0,,,,
500839726,"CABLE ASM, HEATER, SPIRAL, 1/2"" 101",TCB,KnS Formic Acid BVDS,Order to Demand,,600.0,25.0,1,0.125,202410,202410,0,False,0.0,0.0,0.0,False,0.0,0.0,,0.0,,,,,False,1,0.0,0.0,0.0,0.0,SINGLE_SNAPSHOT,,,,0.0,,,,,,,,0.0,,,,
500839727,"CABLE ASM, HEATER, SPIRAL, 1/2"" 102",TCB,KnS Formic Acid BVDS,Order to Demand,,600.0,25.0,1,0.125,202410,202410,0,False,0.0,0.0,0.0,False,0.0,0.0,,0.0,,,,,False,1,0.0,0.0,0.0,0.0,SINGLE_SNAPSHOT,,,,0.0,,,,,,,,0.0,,,,
500839728,"CABLE ASM, HEATER, SPIRAL, 1/2"" 103",TCB,KnS Formic Acid BVDS,Order to Demand,,600.0,25.0,1,0.125,202410,202410,0,False,0.0,0.0,0.0,False,0.0,0.0,,0.0,,,,,False,1,0.0,0.0,0.0,0.0,SINGLE_SNAPSHOT,,,,0.0,,,,,,,,0.0,,,,
500839729,"CABLE ASM, HEATER, SPIRAL, 1/2"" 104",TCB,KnS Formic Acid BVDS,Order to Demand,,900.0,25.0,1,0.125,202410,202410,0,False,0.0,0.0,0.0,False,0.0,0.0,,0.0,,,,,False,1,0.0,0.0,0.0,0.0,SINGLE_SNAPSHOT,,,,0.0,,,,,,,,0.0,,,,
500839730,"CABLE ASM, HEATER, SPIRAL, 1/2"" 105",TCB,KnS Formic Acid BVDS,Order to Demand,,300.0,25.0,1,0.125,202410,202410,0,False,0.0,0.0,0.0,False,0.0,0.0,,0.0,,,,,False,1,0.0,0.0,0.0,0.0,SINGLE_SNAPSHOT,,,,0.0,,,,,,,,0.0,,,,
500839731,"CABLE ASM, HEATER, SPIRAL, 1/2"" 106",TCB,KnS Formic Acid BVDS,Order to Demand,,900.0,25.0,1,0.125,202410,202410,0,False,0.0,0.0,0.0,False,0.0,0.0,,0.0,,,,,False,1,0.0,0.0,0.0,0.0,SINGLE_SNAPSHOT,,,,0.0,,,,,,,,0.0,,,,
500839732,"CABLE ASM, HEATER, SPIRAL, 1/2"" 107",TCB,KnS Formic Acid BVDS,Order to Demand,,900.0,25.0,1,0.125,202410,202410,0,False,0.0,0.0,0.0,False,0.0,0.0,,0.0,,,,,False,1,0.0,0.0,0.0,0.0,SINGLE_SNAPSHOT,,,,0.0,,,,,,,,0.0,,,,
500839733,"CABLE ASM, HEATER, SPIRAL, 1/2"" 108",TCB,KnS Formic Acid BVDS,Order to Demand,,1200.0,25.0,1,0.125,202410,202410,0,False,0.0,0.0,0.0,False,0.0,0.0,,0.0,,,,,False,1,0.0,0.0,0.0,0.0,SINGLE_SNAPSHOT,,,,0.0,,,,,,,,0.0,,,,
500839734,"CABLE ASM, HEATER, SPIRAL, 3/8""",TCB,KnS Formic Acid BVDS,Order to Demand,,600.0,25.0,1,0.125,202410,202410,0,False,0.0,0.0,0.0,False,0.0,0.0,,0.0,,,,,False,1,0.0,0.0,0.0,0.0,SINGLE_SNAPSHOT,,,,0.0,,,,,,,,0.0,,,,
500839735,"CIRCUIT BREAKER, MINI, THERM/MAG 110",TCB,KnS Formic Acid BVDS,Order to Demand,,300.0,25.0,1,0.125,202410,202410,0,False,0.0,0.0,0.0,False,0.0,0.0,,0.0,,,,,False,1,0.0,0.0,0.0,0.0,SINGLE_SNAPSHOT,,,,0.0,,,,,,,,0.0,,,,
500839736,"CIRCUIT BREAKER, MINI, THERM/MAG 111",TCB,KnS Formic Acid BVDS,Order to Demand,,300.0,25.0,1,0.125,202410,202410,0,False,0.0,0.0,0.0,False,0.0,0.0,,0.0,,,,,False,1,0.0,0.0,0.0,0.0,SINGLE_SNAPSHOT,,,,0.0,,,,,,,,0.0,,,,
500839737,"CIRCUIT BREAKER, MINI, THERM/MAG 112",TCB,KnS Formic Acid BVDS,Order to Demand,,300.0,25.0,1,0.125,202410,202410,0,False,0.0,0.0,0.0,False,0.0,0.0,,0.0,,,,,False,1,0.0,0.0,0.0,0.0,SINGLE_SNAPSHOT,,,,0.0,,,,,,,,0.0,,,,
500839738,"CIRCUIT BREAKER, MINI, THERM/MAG 113",TCB,KnS Formic Acid BVDS,Order to Demand,,300.0,25.0,1,0.125,202410,202410,0,False,0.0,0.0,0.0,False,0.0,0.0,,0.0,,,,,False,1,0.0,0.0,0.0,0.0,SINGLE_SNAPSHOT,,,,0.0,,,,,,,,0.0,,,,
500839739,"CIRCUIT BREAKER, MINI, THERM/MAG 114",TCB,KnS Formic Acid BVDS,Order to Demand,,300.0,25.0,1,0.125,202410,202410,0,False,0.0,0.0,0.0,False,0.0,0.0,,0.0,,,,,False,1,0.0,0.0,0.0,0.0,SINGLE_SNAPSHOT,,,,0.0,,,,,,,,0.0,,,,
500839740,"CIRCUIT BREAKER, THERMAL-MAGNETIC",TCB,KnS Formic Acid BVDS,Order to Demand,,300.0,77.0,1,0.125,202410,202410,0,False,0.0,0.0,0.0,False,0.0,0.0,,0.0,,,,,False,1,0.0,0.0,0.0,0.0,SINGLE_SNAPSHOT,,,,0.0,,,,,,,,0.0,,,,
500839741,"HEATER, BAND, 750W, 220VAC",TCB,KnS Formic Acid BVDS,Order to Demand,,600.0,18.0,1,0.125,202410,202410,0,False,0.0,0.0,0.0,False,0.0,0.0,,0.0,,,,,False,1,0.0,0.0,0.0,0.0,SINGLE_SNAPSHOT,,,,0.0,,,,,,,,0.0,,,,
500839742,"HEATER, CARTRIDGE, 1000W, 208V",TCB,KnS Formic Acid BVDS,Order to Demand,,3000.0,18.0,1,0.125,202410,202410,0,False,0.0,0.0,0.0,False,0.0,0.0,,0.0,,,,,False,1,0.0,0.0,0.0,0.0,SINGLE_SNAPSHOT,,,,0.0,,,,,,,,0.0,,,,
500839743,"HEATER, RECTANGULAR, CONNECTION",TCB,KnS Formic Acid BVDS,Order to Demand,,300.0,25.0,1,0.125,202410,202410,0,False,0.0,0.0,0.0,False,0.0,0.0,,0.0,,,,,False,1,0.0,0.0,0.0,0.0,SINGLE_SNAPSHOT,,,,0.0,,,,,,,,0.0,,,,
500839744,"HEATER, ROD, 50W, 240V, 1/8IN X",TCB,KnS Formic Acid BVDS,Order to Demand,,300.0,25.0,1,0.125,202410,202410,0,False,0.0,0.0,0.0,False,0.0,0.0,,0.0,,,,,False,1,0.0,0.0,0.0,0.0,SINGLE_SNAPSHOT,,,,0.0,,,,,,,,0.0,,,,
500839745,"HEATER, SILICONE, C09-54259",TCB,KnS Formic Acid BVDS,Order to Demand,,3600.0,25.0,1,0.125,202410,202410,0,False,0.0,0.0,0.0,False,0.0,0.0,,0.0,,,,,False,1,0.0,0.0,0.0,0.0,SINGLE_SNAPSHOT,,,,0.0,,,,,,,,0.0,,,,
500839746,"HEATER, SPIRAL, 1/2"", 230MM AT 80%",TCB,KnS Formic Acid BVDS,Order to Demand,,300.0,25.0,1,0.125,202410,202410,0,False,0.0,0.0,0.0,False,0.0,0.0,,0.0,,,,,False,1,0.0,0.0,0.0,0.0,SINGLE_SNAPSHOT,,,,0.0,,,,,,,,0.0,,,,
500839747,"HEATER, SPIRAL, 1/2"", 250MM AT 80%",TCB,KnS Formic Acid BVDS,Order to Demand,,300.0,25.0,1,0.125,202410,202410,0,False,0.0,0.0,0.0,False,0.0,0.0,,0.0,,,,,False,1,0.0,0.0,0.0,0.0,SINGLE_SNAPSHOT,,,,0.0,,,,,,,,0.0,,,,
500839748,"ORIFICE, 1525M (0.060""), 1/8"" VCR",TCB,KnS Formic Acid BVDS,Order to Demand,,300.0,15.0,1,0.125,202410,202410,0,False,0.0,0.0,0.0,False,0.0,0.0,,0.0,,,,,False,1,0.0,0.0,0.0,0.0,SINGLE_SNAPSHOT,,,,0.0,,,,,,,,0.0,,,,
500839749,"ORIFICE, 175U, 1/4VCR, NI",TCB,KnS Formic Acid BVDS,Order to Demand,,300.0,15.0,1,0.125,202410,202410,0,False,0.0,0.0,0.0,False,0.0,0.0,,0.0,,,,,False,1,0.0,0.0,0.0,0.0,SINGLE_SNAPSHOT,,,,0.0,,,,,,,,0.0,,,,
500839750,"ORIFICE, 1775M (0.070""), 1/8"" VCR",TCB,KnS Formic Acid BVDS,Order to Demand,,300.0,15.0,1,0.125,202410,202410,0,False,0.0,0.0,0.0,False,0.0,0.0,,0.0,,,,,False,1,0.0,0.0,0.0,0.0,SINGLE_SNAPSHOT,,,,0.0,,,,,,,,0.0,,,,
500839751,"ORIFICE, 2025M (0.080""), 1/8"" VCR",TCB,KnS Formic Acid BVDS,Order to Demand,,300.0,15.0,1,0.125,202410,202410,0,False,0.0,0.0,0.0,False,0.0,0.0,,0.0,,,,,False,1,0.0,0.0,0.0,0.0,SINGLE_SNAPSHOT,,,,0.0,,,,,,,,0.0,,,,
500839752,"PLC, MODULE, TEMP, 4 PT, RTD, 0.1C",TCB,KnS Formic Acid BVDS,Order to Demand,,900.0,16.0,1,0.125,202410,202410,0,False,0.0,0.0,0.0,False,0.0,0.0,,0.0,,,,,False,1,0.0,0.0,0.0,0.0,SINGLE_SNAPSHOT,,,,0.0,,,,,,,,0.0,,,,
500839753,"RTD, PT100, 72IN, BOLT-ON, BRASS",TCB,KnS Formic Acid BVDS,Order to Demand,,300.0,41.0,1,0.125,202410,202410,0,False,0.0,0.0,0.0,False,0.0,0.0,,0.0,,,,,False,1,0.0,0.0,0.0,0.0,SINGLE_SNAPSHOT,,,,0.0,,,,,,,,0.0,,,,
500839754,"SASM, HEATER, SILICONE, C09-54259,135",TCB,KnS Formic Acid BVDS,Order to Demand,,3600.0,25.0,1,0.125,202410,202410,0,False,0.0,0.0,0.0,False,0.0,0.0,,0.0,,,,,False,1,0.0,0.0,0.0,0.0,SINGLE_SNAPSHOT,,,,0.0,,,,,,,,0.0,,,,
500839755,"SASM, HEATER, SILICONE, C09-54259,136",TCB,KnS Formic Acid BVDS,Order to Demand,,7500.0,25.0,1,0.125,202410,202410,0,False,0.0,0.0,0.0,False,0.0,0.0,,0.0,,,,,False,1,0.0,0.0,0.0,0.0,SINGLE_SNAPSHOT,,,,0.0,,,,,,,,0.0,,,,
500839756,"SENSOR, LIQUID LEAK, OPT, ON DRY",TCB,KnS Formic Acid BVDS,Order to Demand,,900.0,10.0,1,0.125,202410,202410,0,False,0.0,0.0,0.0,False,0.0,0.0,,0.0,,,,,False,1,0.0,0.0,0.0,0.0,SINGLE_SNAPSHOT,,,,0.0,,,,,,,,0.0,,,,
500839757,"THERMOSTAT, BIMETAL, SNAP DISC",TCB,KnS Formic Acid BVDS,Order to Demand,,300.0,10.0,1,0.125,202410,202410,0,False,0.0,0.0,0.0,False,0.0,0.0,,0.0,,,,,False,1,0.0,0.0,0.0,0.0,SINGLE_SNAPSHOT,,,,0.0,,,,,,,,0.0,,,,
500839758,"VALVE, ISO, KD, PNEU, NC, LP, DPH, 143",TCB,KnS Formic Acid BVDS,Order to Demand,,2100.0,85.0,1,0.125,202410,202410,0,False,0.0,0.0,0.0,False,0.0,0.0,,0.0,,,,,False,1,0.0,0.0,0.0,0.0,SINGLE_SNAPSHOT,,,,0.0,,,,,,,,0.0,,,,
500839759,"VALVE, PNEU, NC, HIGH TEMP 120C",TCB,KnS Formic Acid BVDS,Order to Demand,,1800.0,85.0,1,0.125,202410,202410,0,False,0.0,0.0,0.0,False,0.0,0.0,,0.0,,,,,False,1,0.0,0.0,0.0,0.0,SINGLE_SNAPSHOT,,,,0.0,,,,,,,,0.0,,,,
500840085,REPAIR OF PLASMA JET RD1004S,TCB,"Grohmann,MFM-220",Order to Demand,,11102.48,78.0,3,0.375,202409,202601,16,False,0.0,0.0,0.0,False,0.0,0.0,,0.0,,0.0,,0.0,False,3,0.0,0.0,0.0,0.0,DORMANT,,,0.0,,0.0,,,0.0,,,0.0,,0.0,,,0.0
500840315,"LOWER BONDHEAD, HT5, 33MM",TCB,KnS TCX3,Order To Max,,24000.0,67.0,2,0.25,202410,202601,15,False,2.0,2.0,2.0,True,2.0,0.0,0.0,0.0,0.0,0.0,0.0,0.7333,False,2,13.0,14.0,14.0,7.0,STABLE,,,,2.0,,,,2.0,,,,1.0,,,,0.0
500840316,"LOWER,BONDHEAD,HT5,33MM,REPAIRED",TCB,KnS TCX3,Order to Demand,,250.0,24.0,4,0.5,202409,202601,16,False,0.0,0.0,0.0,False,0.0,0.0,,0.0,,0.0,,0.0,False,4,0.0,0.0,0.0,0.0,DORMANT,,,0.0,0.0,0.0,,,0.0,,,0.0,0.0,0.0,,,0.0
500841908,INTERLOCK_TOP_COVER_TERM,TCB,KnS TCX3,Order To Max,,2077.0,103.0,4,0.5,202407,202601,18,False,0.0,0.0,0.0,False,0.0,0.0,,0.0,,0.0,,0.0,False,4,0.0,0.0,0.0,0.0,DORMANT,0.0,,0.0,,0.0,,,0.0,0.0,,0.0,,0.0,,,0.0
500841909,CBL_VAPORLINE_K_TC_EXT A00-01,TCB,KnS TCX3,Order to Demand,,391.5,45.0,3,0.375,202410,202601,15,False,0.0,0.0,0.0,False,0.0,0.0,,0.0,,0.0,,0.0,False,3,0.0,0.0,0.0,0.0,DORMANT,,,,0.0,0.0,,,0.0,,,,0.0,0.0,,,0.0
500841910,CBL_VAPORLINE_K_TC_EXT B00-01,TCB,KnS TCX3,Order to Demand,,391.5,45.0,3,0.375,202410,202601,15,False,0.0,0.0,0.0,False,0.0,0.0,,0.0,,0.0,,0.0,False,3,0.0,0.0,0.0,0.0,DORMANT,,,,0.0,0.0,,,0.0,,,,0.0,0.0,,,0.0
500841911,FAN_ECB_ENCL_TERM A00-00,TCB,KnS TCX3,Order to Demand,,580.7,105.0,3,0.375,202410,202601,15,False,0.0,0.0,0.0,False,0.0,0.0,,0.0,,0.0,,0.0,False,3,0.0,0.0,0.0,0.0,DORMANT,,,,0.0,0.0,,,0.0,,,,0.0,0.0,,,0.0
500841912,FAN_ECB_ENCL_TERM B00-00,TCB,KnS TCX3,Order to Demand,,580.7,105.0,3,0.375,202410,202601,15,False,0.0,0.0,0.0,False,0.0,0.0,,0.0,,0.0,,0.0,False,3,0.0,0.0,0.0,0.0,DORMANT,,,,0.0,0.0,,,0.0,,,,0.0,0.0,,,0.0
500841913,BLUE LIGHT SIGNAL BEACON,TCB,KnS TCX3,Order To Max,,1034.0,48.0,4,0.5,202407,202601,18,False,0.0,0.0,0.0,False,0.0,0.0,,0.0,,0.0,,0.0,False,4,0.0,0.0,0.0,0.0,DORMANT,0.0,,0.0,,0.0,,,0.0,0.0,,0.0,,0.0,,,0.0
500841914,SOLID STATE RELAY 380 VAC/5A,TCB,KnS TCX3,Order to Demand,,179.28,155.0,3,0.375,202410,202601,15,False,0.0,0.0,0.0,False,0.0,0.0,,0.0,,0.0,,0.0,False,3,0.0,0.0,0.0,0.0,DORMANT,,,,0.0,0.0,,,0.0,,,,0.0,0.0,,,0.0
500841915,"POWER SUPPLY TERMINAL 24V DC, 2A",TCB,KnS TCX3,Order to Demand,,194.4,45.0,3,0.375,202410,202601,15,False,0.0,0.0,0.0,False,0.0,0.0,,0.0,,0.0,,0.0,False,3,0.0,0.0,0.0,0.0,DORMANT,,,,0.0,0.0,,,0.0,,,,0.0,0.0,,,0.0
500841916,SWITCH PRES -5MBAR SP -2.5MBAR RP 6372,TCB,KnS TCX3,Order to Demand,,314.0,70.0,3,0.375,202410,202601,15,False,0.0,0.0,0.0,False,0.0,0.0,,0.0,,0.0,,0.0,False,3,0.0,0.0,0.0,0.0,DORMANT,,,,0.0,0.0,,,0.0,,,,0.0,0.0,,,0.0
500841917,FUSE 500V IEC SLO 5X20MM 2A,TCB,KnS TCX3,Order to Demand,,4.7,67.0,6,0.75,202407,202601,18,False,0.0,3.0,3.0,True,0.5,1.118,2.236,3.0,,0.1605,0.3211,0.1605,False,6,3.0,3.0,3.0,0.5,INTERMITTENT,0.0,,,0.0,0.0,0.0,0.0,3.0,0.0,,,0.0,0.0,0.0,0.0,0.0
500841918,FUSE 500V IEC SLO 5X20MM 3.15A,TCB,KnS TCX3,Order to Demand,,6.8,67.0,6,0.75,202407,202601,18,False,0.0,0.0,0.0,False,0.0,0.0,,0.0,,0.0,,0.0,False,6,0.0,0.0,0.0,0.0,DORMANT,0.0,,,0.0,0.0,0.0,0.0,0.0,0.0,,,0.0,0.0,0.0,0.0,0.0
500841919,FUSE 500V IEC SLO 5X20MM 4A,TCB,KnS TCX3,Order to Demand,,7.6,67.0,3,0.375,202410,202601,15,False,0.0,0.0,0.0,False,0.0,0.0,,0.0,,0.0,,0.0,False,3,0.0,0.0,0.0,0.0,DORMANT,,,,0.0,0.0,,,0.0,,,,0.0,0.0,,,0.0
500841920,FUSE 500V IEC SLO 5X20MM 6.3A,TCB,KnS TCX3,Order to Demand,,5.1,67.0,6,0.75,202407,202601,18,False,0.0,5.0,5.0,True,1.833,1.951,1.064,5.0,,0.2726,0.1487,0.6438,False,6,11.0,11.0,14.0,2.333,INTERMITTENT,0.0,,,0.0,3.0,0.0,3.0,5.0,0.0,,,0.0,3.0,0.0,3.0,0.0
500841921,FUSE CERAMIC 8A 500VAC 3AB 3AG,TCB,KnS TCX3,Order to Demand,,12.84,40.0,3,0.375,202410,202601,15,False,0.0,5.0,5.0,True,1.667,2.357,1.414,5.0,,0.3518,0.2111,0.3518,False,3,5.0,5.0,5.0,1.667,INTERMITTENT,,,,0.0,0.0,,,5.0,,,,0.0,0.0,,,-5.0
500841922,"POWER SUPPLY, AC/DC, 1-PHASE, 12V, 1.3A",TCB,KnS TCX3,Order to Demand,,189.78,75.0,3,0.375,202410,202601,15,False,0.0,0.0,0.0,False,0.0,0.0,,0.0,,0.0,,0.0,False,3,0.0,0.0,0.0,0.0,DORMANT,,,,0.0,0.0,,,0.0,,,,0.0,0.0,,,0.0
500841923,"THERMOCOUPLE,MINI PANEL JACK,TYPE K",TCB,KnS TCX3,Order to Demand,,18.36,45.0,3,0.375,202410,202601,15,False,0.0,0.0,0.0,False,0.0,0.0,,0.0,,0.0,,0.0,False,3,0.0,0.0,0.0,0.0,DORMANT,,,,0.0,0.0,,,0.0,,,,0.0,0.0,,,0.0
500841924,"SENSOR,RKI ESU TYPE,FORMIC ACID,0-15PPM",TCB,KnS TCX3,Order To Max,,1718.0,48.0,4,0.5,202407,202601,18,False,0.0,0.0,0.0,True,0.0,0.0,,0.0,,0.0,,0.1194,False,4,2.0,2.0,2.0,0.5,DORMANT,0.0,,0.0,,0.0,,,0.0,0.0,,0.0,,0.0,,,0.0
500841925,"FILTER, AIR, N2",TCB,KnS TCX3,Order To Max,,572.85,95.0,4,0.5,202408,202601,17,False,0.0,0.0,0.0,False,0.0,0.0,,0.0,,0.0,,0.0,False,4,0.0,0.0,0.0,0.0,DORMANT,,0.0,,0.0,0.0,,,0.0,,0.0,,0.0,0.0,,,0.0
500841926,"FILTER, PTFE DISC, 1UM",TCB,KnS TCX3,Order to Demand,,230.0,38.0,6,0.75,202408,202601,17,False,0.0,0.0,0.0,False,0.0,0.0,,0.0,,0.0,,0.0,False,6,0.0,0.0,0.0,0.0,DORMANT,,0.0,,0.0,0.0,0.0,0.0,0.0,,0.0,,0.0,0.0,0.0,0.0,0.0
500841927,"TRANSMITTER_DIFF PRES 0-5"" WC 4-20 MA",TCB,KnS TCX3,Order to Demand,,324.0,55.0,3,0.375,202410,202601,15,False,0.0,0.0,0.0,False,0.0,0.0,,0.0,,0.0,,0.0,False,3,0.0,0.0,0.0,0.0,DORMANT,,,,0.0,0.0,,,0.0,,,,0.0,0.0,,,0.0
500841928,"SENSOR, DIGITAL AIR FLOW, W/IO-LINK",TCB,KnS TCX3,Order To Max,,985.05,135.0,4,0.5,202407,202601,18,False,0.0,0.0,0.0,False,0.0,0.0,,0.0,,0.0,,0.0,False,4,0.0,0.0,0.0,0.0,DORMANT,0.0,,0.0,,0.0,,,0.0,0.0,,0.0,,0.0,,,0.0
500841929,"SWITCH, DIGITAL FLOW",TCB,KnS TCX3,Order To Max,,864.18,135.0,4,0.5,202407,202601,18,False,0.0,0.0,0.0,False,0.0,0.0,,0.0,,0.0,,0.0,False,4,0.0,0.0,0.0,0.0,DORMANT,0.0,,0.0,,0.0,,,0.0,0.0,,0.0,,0.0,,,0.0
500841930,"SOLENOID VALVE, BASE MOUNT, 1/4 FNPT",TCB,KnS TCX3,Order to Demand,,183.09,70.0,3,0.375,202410,202601,15,False,0.0,0.0,0.0,False,0.0,0.0,,0.0,,0.0,,0.0,False,3,0.0,0.0,0.0,0.0,DORMANT,,,,0.0,0.0,,,0.0,,,,0.0,0.0,,,0.0
500841931,"VALVE, SHUT OFF",TCB,KnS TCX3,Order to Demand,,223.5,135.0,3,0.375,202410,202601,15,False,0.0,0.0,0.0,False,0.0,0.0,,0.0,,0.0,,0.0,False,3,0.0,0.0,0.0,0.0,DORMANT,,,,0.0,0.0,,,0.0,,,,0.0,0.0,,,0.0
500841932,"O-RINGS 80 DUROMETER, PURPLE, EPDM",TCB,KnS TCX3,Order to Demand,,6.5,38.0,6,0.75,202407,202601,18,False,0.0,0.0,0.0,False,0.0,0.0,,0.0,,0.0,,0.0,False,6,0.0,0.0,0.0,0.0,DORMANT,0.0,,,0.0,0.0,0.0,0.0,0.0,0.0,,,0.0,0.0,0.0,0.0,0.0
500841933,"O-RING, EPDM, DASH 140, 3/32"" WIDTH",TCB,KnS TCX3,Order to Demand,,1.08,30.0,6,0.75,202407,202601,18,False,0.0,0.0,0.0,False,0.0,0.0,,0.0,,0.0,,0.0,False,6,0.0,0.0,0.0,0.0,DORMANT,0.0,,,0.0,0.0,0.0,0.0,0.0,0.0,,,0.0,0.0,0.0,0.0,0.0
500842545,"CABLE ASM, WYE, POWER, HOTBOX HEATER",TCB,KnS TCX3,Order to Demand,,900.0,20.0,1,0.125,202410,202410,0,False,0.0,0.0,0.0,False,0.0,0.0,,0.0,,,,,False,1,0.0,0.0,0.0,0.0,SINGLE_SNAPSHOT,,,,0.0,,,,,,,,0.0,,,,
500842546,"SASM, HEAT, VALVES: PV10, PV11, MV7",TCB,KnS TCX3,Order to Demand,,4500.0,55.0,1,0.125,202410,202410,0,False,0.0,0.0,0.0,False,0.0,0.0,,0.0,,,,,False,1,0.0,0.0,0.0,0.0,SINGLE_SNAPSHOT,,,,0.0,,,,,,,,0.0,,,,
500842547,"CABLE ASM, DED, PIEZOCON, RECEIVE",TCB,KnS TCX3,Order to Demand,,2400.0,140.0,1,0.125,202410,202410,0,False,0.0,0.0,0.0,False,0.0,0.0,,0.0,,,,,False,1,0.0,0.0,0.0,0.0,SINGLE_SNAPSHOT,,,,0.0,,,,,,,,0.0,,,,
500842548,"CABLE ASM, DED, PIEZOCON, TRANSMIT",TCB,KnS TCX3,Order to Demand,,2700.0,140.0,1,0.125,202410,202410,0,False,0.0,0.0,0.0,False,0.0,0.0,,0.0,,,,,False,1,0.0,0.0,0.0,0.0,SINGLE_SNAPSHOT,,,,0.0,,,,,,,,0.0,,,,
500842549,"CABLE ASM, J1 VAPOR CONCENTRATION OP,4M",TCB,KnS TCX3,Order to Demand,,900.0,85.0,1,0.125,202410,202410,0,False,0.0,0.0,0.0,False,0.0,0.0,,0.0,,,,,False,1,0.0,0.0,0.0,0.0,SINGLE_SNAPSHOT,,,,0.0,,,,,,,,0.0,,,,
500842550,"CIRCUIT BREAKER, ELEC, 1P, 24VDC,SELECT",TCB,KnS TCX3,Order to Demand,,300.0,51.0,1,0.125,202410,202410,0,False,0.0,0.0,0.0,False,0.0,0.0,,0.0,,,,,False,1,0.0,0.0,0.0,0.0,SINGLE_SNAPSHOT,,,,0.0,,,,,,,,0.0,,,,
500842551,"CIRCUIT BREAKER, THER-MAG,2P,VAC&VDC,2A",TCB,KnS TCX3,Order to Demand,,300.0,77.0,1,0.125,202410,202410,0,False,0.0,0.0,0.0,False,0.0,0.0,,0.0,,,,,False,1,0.0,0.0,0.0,0.0,SINGLE_SNAPSHOT,,,,0.0,,,,,,,,0.0,,,,
500842552,"CIRCUIT BREAKER, THER-MAG,3P,240VAC,40A",TCB,KnS TCX3,Order to Demand,,300.0,77.0,1,0.125,202410,202410,0,False,0.0,0.0,0.0,False,0.0,0.0,,0.0,,,,,False,1,0.0,0.0,0.0,0.0,SINGLE_SNAPSHOT,,,,0.0,,,,,,,,0.0,,,,
500842553,"CIRCUIT BREAKER, THER-MAG,3P,240VAC,50A",TCB,KnS TCX3,Order to Demand,,300.0,77.0,1,0.125,202410,202410,0,False,0.0,0.0,0.0,False,0.0,0.0,,0.0,,,,,False,1,0.0,0.0,0.0,0.0,SINGLE_SNAPSHOT,,,,0.0,,,,,,,,0.0,,,,
500842554,"CNTLR,TEMP,CNTLR MODULE, 8CH,IP,RELAY",TCB,KnS TCX3,Order to Demand,,3300.0,40.0,1,0.125,202410,202410,0,False,0.0,0.0,0.0,False,0.0,0.0,,0.0,,,,,False,1,0.0,0.0,0.0,0.0,SINGLE_SNAPSHOT,,,,0.0,,,,,,,,0.0,,,,
500842555,"CNTLR,TEMP,ACCESS MODULE,ETHERNET IP",TCB,KnS TCX3,Order to Demand,,1500.0,40.0,1,0.125,202410,202410,0,False,0.0,0.0,0.0,False,0.0,0.0,,0.0,,,,,False,1,0.0,0.0,0.0,0.0,SINGLE_SNAPSHOT,,,,0.0,,,,,,,,0.0,,,,
500842556,"DRIVE, VALVE, 24VDC, 1PH",TCB,KnS TCX3,Order to Demand,,3000.0,45.0,1,0.125,202410,202410,0,False,0.0,0.0,0.0,False,0.0,0.0,,0.0,,,,,False,1,0.0,0.0,0.0,0.0,SINGLE_SNAPSHOT,,,,0.0,,,,,,,,0.0,,,,
500842557,"MASS FLOW CONTROLLER, GF40, N2, 50L",TCB,KnS TCX3,Order to Demand,,11400.0,55.0,1,0.125,202410,202410,0,False,0.0,0.0,0.0,False,0.0,0.0,,0.0,,,,,False,1,0.0,0.0,0.0,0.0,SINGLE_SNAPSHOT,,,,0.0,,,,,,,,0.0,,,,
500842558,"PLC, MODULE, AI, 8 PT, 24VDC, VOLTAGE",TCB,KnS TCX3,Order to Demand,,1500.0,27.0,1,0.125,202410,202410,0,False,0.0,0.0,0.0,False,0.0,0.0,,0.0,,,,,False,1,0.0,0.0,0.0,0.0,SINGLE_SNAPSHOT,,,,0.0,,,,,,,,0.0,,,,
500842559,"PLC,MODULE,AI,8 PT,CURRENT,8000 RES",TCB,KnS TCX3,Order to Demand,,900.0,33.0,1,0.125,202410,202410,0,False,0.0,0.0,0.0,False,0.0,0.0,,0.0,,,,,False,1,0.0,0.0,0.0,0.0,SINGLE_SNAPSHOT,,,,0.0,,,,,,,,0.0,,,,
500842560,"PLC, MODULE, AO, 4 PT, 24VDC, VOLTAGE",TCB,KnS TCX3,Order to Demand,,1200.0,27.0,1,0.125,202410,202410,0,False,0.0,0.0,0.0,False,0.0,0.0,,0.0,,,,,False,1,0.0,0.0,0.0,0.0,SINGLE_SNAPSHOT,,,,0.0,,,,,,,,0.0,,,,
500842561,"PLC, MODULE, AO, 4PT, CURRENT, 8000 RES",TCB,KnS TCX3,Order to Demand,,600.0,28.0,1,0.125,202410,202410,0,False,0.0,0.0,0.0,False,0.0,0.0,,0.0,,,,,False,1,0.0,0.0,0.0,0.0,SINGLE_SNAPSHOT,,,,0.0,,,,,,,,0.0,,,,
500842562,"PLC,MOD,CPU,ETHERNET/IP,ECAT,32 MOD,24V",TCB,KnS TCX3,Order to Demand,,5400.0,10.0,1,0.125,202410,202410,0,False,0.0,0.0,0.0,False,0.0,0.0,,0.0,,,,,False,1,0.0,0.0,0.0,0.0,SINGLE_SNAPSHOT,,,,0.0,,,,,,,,0.0,,,,
500842563,"PLC, MODULE, DI, 32 PT, 24VDC PNP",TCB,KnS TCX3,Order to Demand,,1200.0,10.0,1,0.125,202410,202410,0,False,0.0,0.0,0.0,False,0.0,0.0,,0.0,,,,,False,1,0.0,0.0,0.0,0.0,SINGLE_SNAPSHOT,,,,0.0,,,,,,,,0.0,,,,
500842564,"PLC, MODULE, DO, 32 PT, 12-24VDC PNP",TCB,KnS TCX3,Order to Demand,,1200.0,10.0,1,0.125,202410,202410,0,False,0.0,0.0,0.0,False,0.0,0.0,,0.0,,,,,False,1,0.0,0.0,0.0,0.0,SINGLE_SNAPSHOT,,,,0.0,,,,,,,,0.0,,,,
500842565,"PLC, MODULE, TEMP, 4 PT, RTD, 0.1C RES",TCB,KnS TCX3,Order to Demand,,300.0,38.0,1,0.125,202410,202410,0,False,0.0,0.0,0.0,False,0.0,0.0,,0.0,,,,,False,1,0.0,0.0,0.0,0.0,SINGLE_SNAPSHOT,,,,0.0,,,,,,,,0.0,,,,
500842566,"PS, 100-240V, 24VDC, 240W, 10A",TCB,KnS TCX3,Order to Demand,,1500.0,54.0,1,0.125,202410,202410,0,False,0.0,0.0,0.0,False,0.0,0.0,,0.0,,,,,False,1,0.0,0.0,0.0,0.0,SINGLE_SNAPSHOT,,,,0.0,,,,,,,,0.0,,,,
500842567,"PS , 100VAC-240VAC, 24VDC, 60W, 2.5A",TCB,KnS TCX3,Order to Demand,,600.0,25.0,1,0.125,202410,202410,0,False,0.0,0.0,0.0,False,0.0,0.0,,0.0,,,,,False,1,0.0,0.0,0.0,0.0,SINGLE_SNAPSHOT,,,,0.0,,,,,,,,0.0,,,,
500842568,"REDUNDANCY UNIT, UNO, 5-24VDC, 2 X 10A",TCB,KnS TCX3,Order to Demand,,300.0,25.0,1,0.125,202410,202410,0,False,0.0,0.0,0.0,False,0.0,0.0,,0.0,,,,,False,1,0.0,0.0,0.0,0.0,SINGLE_SNAPSHOT,,,,0.0,,,,,,,,0.0,,,,
500842569,"RELAY, TDR, DELAY ON, DELAY OFF, PULSE",TCB,KnS TCX3,Order to Demand,,600.0,45.0,1,0.125,202410,202410,0,False,0.0,0.0,0.0,False,0.0,0.0,,0.0,,,,,False,1,0.0,0.0,0.0,0.0,SINGLE_SNAPSHOT,,,,0.0,,,,,,,,0.0,,,,
500842570,"SOLENOID VALVE,DUAL 3PORT,NC,24VDC,1/8""",TCB,KnS TCX3,Order to Demand,,300.0,10.0,1,0.125,202410,202410,0,False,0.0,0.0,0.0,False,0.0,0.0,,0.0,,,,,False,1,0.0,0.0,0.0,0.0,SINGLE_SNAPSHOT,,,,0.0,,,,,,,,0.0,,,,
500842571,"SPD, TYPE 1, 2CH, W/REMOTE IND, 120VAC",TCB,KnS TCX3,Order to Demand,,1500.0,20.0,1,0.125,202410,202410,0,False,0.0,0.0,0.0,False,0.0,0.0,,0.0,,,,,False,1,0.0,0.0,0.0,0.0,SINGLE_SNAPSHOT,,,,0.0,,,,,,,,0.0,,,,
500842572,"SPD,TYPE 1,4CH,W/REMOTE IND,120/208VAC",TCB,KnS TCX3,Order to Demand,,2400.0,20.0,1,0.125,202410,202410,0,False,0.0,0.0,0.0,False,0.0,0.0,,0.0,,,,,False,1,0.0,0.0,0.0,0.0,SINGLE_SNAPSHOT,,,,0.0,,,,,,,,0.0,,,,
500843088,"FLT,1/4"",NPTPRT,VITON O-RG,316LSS HOUS",TCB,KnS TCX3,Order To Max,,1850.0,50.0,1,0.125,202408,202408,0,False,0.0,0.0,0.0,False,0.0,0.0,,0.0,,,,,False,1,0.0,0.0,0.0,0.0,SINGLE_SNAPSHOT,,0.0,,,,,,,,0.0,,,,,,
500843090,"FILTER ELEMENT,PTFE SEALS,10 MICRON,S",TCB,KnS TCX3,Order to Demand,,795.0,28.0,6,0.75,202407,202601,18,False,0.0,0.0,0.0,False,0.0,0.0,,0.0,,0.0,,0.0,False,6,0.0,0.0,0.0,0.0,DORMANT,0.0,,,0.0,0.0,0.0,0.0,0.0,0.0,,,0.0,0.0,0.0,0.0,0.0
500843757,DIGITAL FLOW SENSOR WITH CONNECTOR ASSY,TCB,GENERIC;KnS TCX3,Order To Max,,262.5,35.0,3,0.375,202410,202601,15,False,0.0,3.0,3.0,True,1.0,1.414,1.414,3.0,,0.2111,0.2111,0.7035,False,3,10.0,10.0,10.0,3.333,INTERMITTENT,,,,0.0,0.0,,,3.0,,,,0.0,0.0,,,0.0
500843786,MIDAS GAS DETECTOR,TCB,"ASM-Pacific,Phoenix",Order To Max,,3466.0,75.0,3,0.375,202409,202601,16,False,0.0,0.0,0.0,False,0.0,0.0,,0.0,,0.0,,0.0,False,3,0.0,0.0,0.0,0.0,DORMANT,,,0.0,,0.0,,,0.0,,,0.0,,0.0,,,0.0
500844484,"51190,S,1MM,22.436X12.023",TCB,TCB_Generic,Order to Demand,,3540.0,35.0,3,0.375,202503,202601,10,False,0.0,0.0,0.0,False,0.0,0.0,,0.0,,0.0,,0.0,False,3,0.0,0.0,0.0,0.0,DORMANT,,,,,,0.0,0.0,0.0,,,,,,0.0,0.0,0.0
500845125,STAINLESS STEEL COVER 455X135MM,TCB,TCB Generic,Order To Max,,26.62,15.0,1,0.125,202408,202408,0,False,1.0,1.0,1.0,True,1.0,0.0,0.0,0.0,0.0,,,,False,1,1.0,1.0,0.0,0.0,SINGLE_SNAPSHOT,,1.0,,,,,,,,0.0,,,,,,
500845152,"35MM,UP/DN,TILT,VACUUM,PARALLELISM,GAUGE",TCB,GENERIC;KnS TCX3,Order To Max,,7034.0,40.0,3,0.375,202409,202601,16,False,0.0,0.0,0.0,False,0.0,0.0,,0.0,,0.0,,0.0,False,3,0.0,0.0,0.0,0.0,DORMANT,,,0.0,,0.0,,,0.0,,,0.0,,0.0,,,0.0
500845670,CBL_TOOL_FLOW_SENS_EXT,TCB,GENERIC;KnS TCX3,Order To Max,,30.0,95.0,5,0.625,202410,202601,15,False,0.0,0.0,0.0,True,0.0,0.0,,0.0,,0.0,,-0.0682,False,5,0.0,1.0,0.0,0.0,DORMANT,,,,0.0,0.0,0.0,0.0,0.0,,,,0.0,0.0,0.0,0.0,0.0
500847308,3/8 PTF VALVED IN-LINE COUPLING INSERT,TCB,KnS TCX3,Order To Max,,38.0,60.0,3,0.375,202409,202601,16,False,0.0,0.0,0.0,False,0.0,0.0,,0.0,,0.0,,0.0,False,3,0.0,0.0,0.0,0.0,DORMANT,,,0.0,,0.0,,,0.0,,,0.0,,0.0,,,0.0
500849249,MAC SOLENOID VALVE 24VDC 120PSI,TCB,Asymtek S932,Order To Max,,95.04,20.0,1,0.125,202407,202407,0,False,0.0,0.0,0.0,False,0.0,0.0,,0.0,,,,,False,1,0.0,0.0,0.0,0.0,SINGLE_SNAPSHOT,0.0,,,,,,,,0.0,,,,,,,
500849251,ALKON BRASS FITTING 1/4INCH,TCB,Asymtek S932,Order To Max,,23.4,25.0,1,0.125,202407,202407,0,False,0.0,0.0,0.0,False,0.0,0.0,,0.0,,,,,False,1,0.0,0.0,0.0,0.0,SINGLE_SNAPSHOT,0.0,,,,,,,,0.0,,,,,,,
500849252,STEEL QUICK COUPLING 5MM,TCB,Asymtek S932,Order To Max,,26.08,25.0,1,0.125,202407,202407,0,False,0.0,0.0,0.0,False,0.0,0.0,,0.0,,,,,False,1,0.0,0.0,0.0,0.0,SINGLE_SNAPSHOT,0.0,,,,,,,,0.0,,,,,,,
500849421,PFA ADJUSTABLE DIAPHRAGM VALVE MV01,TCB,Heller 2017 Formic Acid,Order to Demand,,953.13,225.0,3,0.375,202410,202601,15,False,0.0,0.0,0.0,False,0.0,0.0,,0.0,,0.0,,0.0,False,3,0.0,0.0,0.0,0.0,DORMANT,,,,0.0,0.0,,,0.0,,,,0.0,0.0,,,0.0
500850195,O2 ANALYZER MODULE,TCB,GENERIC;KnS TCX3,Order To Max,,6500.0,500.0,2,0.25,202409,202412,3,False,0.0,0.0,0.0,False,0.0,0.0,,0.0,,0.0,,0.0,False,2,0.0,0.0,0.0,0.0,DORMANT,,,0.0,,0.0,,,,,,0.0,,0.0,,,
500850389,"FA ABATEMENT HEATER SUBASSY, LEFT",TCB,KnS TCX3,Order To Max,,5145.0,130.0,3,0.375,202410,202601,15,False,0.0,0.0,0.0,True,0.0,0.0,,0.0,,0.0,,0.0704,False,3,1.0,1.0,1.0,0.333,DORMANT,,,,0.0,0.0,,,0.0,,,,0.0,0.0,,,0.0
500850390,"FA ABATEMENT HEATER SUBASSY, RIGHT",TCB,KnS TCX3,Order To Max,,5145.0,130.0,3,0.375,202410,202601,15,False,0.0,0.0,0.0,True,0.0,0.0,,0.0,,0.0,,0.0,False,3,1.0,2.0,1.0,0.333,DORMANT,,,,0.0,0.0,,,0.0,,,,0.0,0.0,,,0.0
500851919,WASHER FLAT SMALL OD M2.5 SST,TCB,KnS TCX3,Order To Max,,0.3,45.0,1,0.125,202408,202408,0,False,0.0,0.0,0.0,False,0.0,0.0,,0.0,,,,,False,1,0.0,0.0,0.0,0.0,SINGLE_SNAPSHOT,,0.0,,,,,,,,0.0,,,,,,
500851920,WASHER SPLIT LOCK M2.5 SST,TCB,KnS TCX3,Order To Max,,0.3,50.0,1,0.125,202408,202408,0,False,0.0,0.0,0.0,False,0.0,0.0,,0.0,,,,,False,1,0.0,0.0,0.0,0.0,SINGLE_SNAPSHOT,,0.0,,,,,,,,0.0,,,,,,
500851921,SCREW HEX SKT HD CAP M2.5X8 SST,TCB,KnS TCX3,Order To Max,,0.3,60.0,1,0.125,202408,202408,0,False,0.0,0.0,0.0,False,0.0,0.0,,0.0,,,,,False,1,0.0,0.0,0.0,0.0,SINGLE_SNAPSHOT,,0.0,,,,,,,,0.0,,,,,,
500852110,"KIT, O-RING, 615 TANK COV. BRN. VITON",TCB,Asymtek S922;Asymtek S932;Asymtek S2-932,Order To Max,,26.87,70.0,1,0.125,202407,202407,0,False,0.0,0.0,0.0,False,0.0,0.0,,0.0,,,,,False,1,0.0,0.0,0.0,0.0,SINGLE_SNAPSHOT,0.0,,,,,,,,0.0,,,,,,,
500852369,"FITTING, SS CHECK VALVE, 3/8IN X 3/8IN",TCB,TCB_Generic;KnS TCX3,Order To Max,,245.0,187.0,1,0.125,202601,202601,0,True,1.0,1.0,1.0,True,1.0,0.0,0.0,0.0,0.0,,,,False,1,1.0,1.0,0.0,0.0,SINGLE_SNAPSHOT,,,,,,,,1.0,,,,,,,,0.0
500852370,"FITTING, SS CHECK VALVE, 1/2IN X 1/2IN",TCB,TCB_Generic;KnS TCX3,Order To Max,,255.75,187.0,1,0.125,202601,202601,0,True,0.0,0.0,0.0,False,0.0,0.0,,0.0,,,,,False,1,0.0,0.0,0.0,0.0,SINGLE_SNAPSHOT,,,,,,,,0.0,,,,,,,,0.0
500852770,"PLACE TOOL 33,SISIC501,31.89X22.89X0.5",TCB,KnS TCX3,Order Beyond Max,,4500.0,30.0,4,0.5,202409,202601,16,False,0.0,0.0,2.0,True,0.5,0.866,1.732,0.0,,0.017,0.0341,0.1431,False,4,2.0,2.0,4.0,1.0,INTERMITTENT,,,0.0,,0.0,,2.0,0.0,,,0.0,,0.0,,0.0,0.0
500852771,"PLACE TOOL 33,SiSiC501,10.88x08.15x0.5",TCB,KnS TCX3,Order Beyond Max,,4500.0,30.0,3,0.375,202409,202601,16,False,0.0,0.0,0.0,False,0.0,0.0,,0.0,,0.0,,0.0,False,3,0.0,0.0,0.0,0.0,DORMANT,,,0.0,,0.0,,,0.0,,,0.0,,0.0,,,0.0
500852772,"VACUUM CRANE, 3x1 MATRIX,72.5x87.5",TCB,KnS TCX3,Order to Demand,,3200.0,35.0,4,0.5,202409,202601,16,False,0.0,0.0,0.0,False,0.0,0.0,,0.0,,0.0,,0.0,False,4,0.0,0.0,0.0,0.0,DORMANT,,,0.0,0.0,0.0,,,0.0,,,0.0,0.0,0.0,,,0.0
500852773,"BOND CHUCK, 3x1 MATRIX,72.5x87.5x2.03",TCB,KnS TCX3,Order to Demand,,7250.0,40.0,4,0.5,202409,202601,16,False,0.0,0.0,0.0,False,0.0,0.0,,0.0,,0.0,,0.0,False,4,0.0,0.0,0.0,0.0,DORMANT,,,0.0,0.0,0.0,,,0.0,,,0.0,0.0,0.0,,,0.0
500852774,"PREHEAT CHUCK, 3x1 MATRIX,72.5x87.5",TCB,KnS TCX3,Order to Demand,,4000.0,35.0,4,0.5,202409,202601,16,False,0.0,0.0,0.0,False,0.0,0.0,,0.0,,0.0,,0.0,False,4,0.0,0.0,0.0,0.0,DORMANT,,,0.0,0.0,0.0,,,0.0,,,0.0,0.0,0.0,,,0.0
500852775,"PRECISOR, 3x1 MATRIX,72.5x87.5",TCB,KnS TCX3,Order to Demand,,2000.0,35.0,4,0.5,202409,202601,16,False,0.0,0.0,0.0,False,0.0,0.0,,0.0,,0.0,,0.0,False,4,0.0,0.0,0.0,0.0,DORMANT,,,0.0,0.0,0.0,,,0.0,,,0.0,0.0,0.0,,,0.0
500855197,COMPUTER ASSY CPU WINDOWS 2000,TCB,"Delta JLP, JTP;Generic",Order To Max,,612.5,35.0,2,0.25,202412,202601,13,False,0.0,0.0,0.0,False,0.0,0.0,,0.0,,0.0,,0.0,False,2,0.0,0.0,0.0,0.0,DORMANT,,,,,0.0,,,0.0,,,,,0.0,,,0.0
500856878,CRANE SUCTION CUP ADAPTER,TCB,KnS TCX3,Order To Max,,11.9,45.0,3,0.375,202503,202601,10,False,0.0,0.0,0.0,False,0.0,0.0,,0.0,,0.0,,0.0,False,3,0.0,0.0,0.0,0.0,DORMANT,,,,,,0.0,0.0,0.0,,,,,,0.0,0.0,0.0
500857422,"BRACKET, SENSOR ASSY, NOZZLE, RT",TCB,KnS TCX3,Order To Max,,137.1,45.0,3,0.375,202410,202601,15,False,0.0,0.0,0.0,False,0.0,0.0,,0.0,,0.0,,0.0,False,3,0.0,0.0,0.0,0.0,DORMANT,,,,0.0,0.0,,,0.0,,,,0.0,0.0,,,0.0
500860543,"AP PRISM OPTICS ASSY, RIGHT",TCB,KnS TCX3,Order to Demand,,53495.1,87.0,1,0.125,202601,202601,0,True,0.0,0.0,0.0,False,0.0,0.0,,0.0,,,,,False,1,0.0,0.0,0.0,0.0,SINGLE_SNAPSHOT,,,,,,,,0.0,,,,,,,,0.0
500862389,"PROP. VALVE 1/8"", CONTROL VALVE",TCB,"PLASMATREAT, APPJox_PTU1612",Order To Max,,845.21,12.0,2,0.25,202412,202601,13,False,0.0,0.0,0.0,False,0.0,0.0,,0.0,,0.0,,0.0,False,2,0.0,0.0,0.0,0.0,DORMANT,,,,,0.0,,,0.0,,,,,0.0,,,0.0
500863505,BS PEDESTAL ASSY (CFC)(45X37.5X0.17),TCB,"ASM-Pacific,Phoenix",Order To Max,,9800.0,35.0,4,0.5,202412,202601,13,False,0.0,0.0,0.0,False,0.0,0.0,,0.0,,0.0,,0.0,False,4,0.0,0.0,0.0,0.0,DORMANT,,,,,0.0,0.0,0.0,0.0,,,,,0.0,0.0,0.0,0.0
500863506,"51235,L,1MM,27.700X15.328",TCB,"ASM-Pacific,Phoenix",Order To Max,,3790.0,30.0,4,0.5,202412,202601,13,False,0.0,0.0,0.0,False,0.0,0.0,,0.0,,0.0,,0.0,False,4,0.0,0.0,0.0,0.0,DORMANT,,,,,0.0,0.0,0.0,0.0,,,,,0.0,0.0,0.0,0.0
500865229,"VACUUM CRANE, 3x2 MATRIX,77.5x56.5",TCB,KnS TCX3,Order To Max,,3200.0,35.0,3,0.375,202503,202601,10,False,0.0,0.0,0.0,False,0.0,0.0,,0.0,,0.0,,0.0,False,3,0.0,0.0,0.0,0.0,DORMANT,,,,,,0.0,0.0,0.0,,,,,,0.0,0.0,0.0
500865230,"BOND CHUCK, 3x2 MATRIX,77.5x56.5x1.80",TCB,KnS TCX3,Order To Max,,7250.0,35.0,3,0.375,202503,202601,10,False,0.0,0.0,0.0,False,0.0,0.0,,0.0,,0.0,,0.0,False,3,0.0,0.0,0.0,0.0,DORMANT,,,,,,0.0,0.0,0.0,,,,,,0.0,0.0,0.0
500865231,"PREHEAT CHUCK, 3X2 MATRIX,77.5X56.5",TCB,KnS TCX3,Order To Max,,4000.0,35.0,3,0.375,202503,202601,10,False,0.0,0.0,0.0,False,0.0,0.0,,0.0,,0.0,,0.0,False,3,0.0,0.0,0.0,0.0,DORMANT,,,,,,0.0,0.0,0.0,,,,,,0.0,0.0,0.0
500865232,"PRECISOR, 3x2 MATRIX,77.5x56.5",TCB,KnS TCX3,Order To Max,,2000.0,35.0,3,0.375,202503,202601,10,False,0.0,0.0,0.0,False,0.0,0.0,,0.0,,0.0,,0.0,False,3,0.0,0.0,0.0,0.0,DORMANT,,,,,,0.0,0.0,0.0,,,,,,0.0,0.0,0.0
500866673,O2 GAS SENSOR,TCB,KnS TCX3,Order Beyond Max,,67.5,35.0,1,0.125,202601,202601,0,True,14.0,14.0,14.0,True,14.0,0.0,0.0,0.0,0.0,,,,True,1,26.0,26.0,8.0,8.0,SINGLE_SNAPSHOT,,,,,,,,14.0,,,,,,,,8.0
500867251,"DIE VALVE SENSOR ASSY, Y-SLIDE, LT",TCB,KnS TCX3,Order To Max,,2362.5,140.0,1,0.125,202601,202601,0,True,7.0,7.0,7.0,True,7.0,0.0,0.0,0.0,0.0,,,,True,1,7.0,7.0,3.0,3.0,SINGLE_SNAPSHOT,,,,,,,,7.0,,,,,,,,3.0
500867252,"DIE VALVE SENSOR ASSY, Y-SLIDE, RT",TCB,KnS TCX3,Order To Max,,2362.5,140.0,1,0.125,202601,202601,0,True,3.0,3.0,3.0,True,3.0,0.0,0.0,0.0,0.0,,,,False,1,3.0,3.0,0.0,0.0,SINGLE_SNAPSHOT,,,,,,,,3.0,,,,,,,,0.0
500867390,CAP FILM 100UF 10% 63VDC RAD,TCB,TCB_Generic;KnS TCX3,Order To Max,,92.15,500.0,1,0.125,202601,202601,0,True,0.0,0.0,0.0,False,0.0,0.0,,0.0,,,,,False,1,0.0,0.0,0.0,0.0,SINGLE_SNAPSHOT,,,,,,,,0.0,,,,,,,,0.0
500867431,"AP PRISM OPTICS ASSY, LEFT",TCB,KnS TCX3,Order to Demand,,53495.1,87.0,1,0.125,202601,202601,0,True,0.0,0.0,0.0,False,0.0,0.0,,0.0,,,,,False,1,0.0,0.0,0.0,0.0,SINGLE_SNAPSHOT,,,,,,,,0.0,,,,,,,,0.0
500867812,TEMPERATURE SENSOR ASSY NEW SENSOR HEAD,TCB,KnS TCX3,Order to Demand,,2851.0,110.0,1,0.125,202601,202601,0,True,0.0,0.0,0.0,False,0.0,0.0,,0.0,,,,,False,1,0.0,0.0,0.0,0.0,SINGLE_SNAPSHOT,,,,,,,,0.0,,,,,,,,0.0
500867813,"REFILL VESSEL SET, TANK, FA",TCB,KnS TCX3;KnS Formic Acid BVDS,Order to Demand,,4860.0,70.0,1,0.125,202601,202601,0,True,1.0,1.0,1.0,True,1.0,0.0,0.0,0.0,0.0,,,,True,1,1.0,1.0,1.0,1.0,SINGLE_SNAPSHOT,,,,,,,,1.0,,,,,,,,1.0
500867814,"REFILL HOSE SET, VESSEL, FA",TCB,KnS Formic Acid BVDS;KnS TCX3,Order to Demand,,1473.6,190.0,1,0.125,202601,202601,0,True,0.0,0.0,0.0,False,0.0,0.0,,0.0,,,,,False,1,0.0,0.0,0.0,0.0,SINGLE_SNAPSHOT,,,,,,,,0.0,,,,,,,,0.0
500867816,"DRAIN HOSE SET, BUBBLER TO VESSEL, FA",TCB,KnS TCX3;KnS Formic Acid BVDS,Order to Demand,,1452.0,195.0,1,0.125,202601,202601,0,True,0.0,0.0,0.0,False,0.0,0.0,,0.0,,,,,False,1,0.0,0.0,0.0,0.0,SINGLE_SNAPSHOT,,,,,,,,0.0,,,,,,,,0.0
500870024,"GEN 1 COG DIE MED, ECP 2026, ENTIRE SET",TCB,KnS TCX3,Order To Max,,1790.0,55.0,1,0.125,202601,202601,0,True,0.0,0.0,0.0,True,0.0,0.0,,0.0,,,,,False,1,3.0,3.0,0.0,0.0,SINGLE_SNAPSHOT,,,,,,,,0.0,,,,,,,,0.0
500870488,AVERAGING FLOW SENSOR (EXHAUST),TCB,KnS TCX3,Order To Max,,32.0,90.0,1,0.125,202601,202601,0,True,0.0,0.0,0.0,False,0.0,0.0,,0.0,,,,,False,1,0.0,0.0,0.0,0.0,SINGLE_SNAPSHOT,,,,,,,,0.0,,,,,,,,0.0
500870674,"PLACE TOOL 33,SISIC501,31.27X22.26X0.5",TCB,KnS TCX3,Order to Demand,,4500.0,30.0,2,0.25,202505,202601,8,False,0.0,0.0,0.0,False,0.0,0.0,,0.0,,0.0,,0.0,False,2,0.0,0.0,0.0,0.0,DORMANT,,,,,,,0.0,0.0,,,,,,,0.0,0.0
500870866,ESUS-K233M RKI SENSOR,TCB,KnS TCX3;KnS Formic Acid BVDS,Order To Max,,550.0,61.0,1,0.125,202601,202601,0,True,0.0,0.0,0.0,False,0.0,0.0,,0.0,,,,,False,1,0.0,0.0,0.0,0.0,SINGLE_SNAPSHOT,,,,,,,,0.0,,,,,,,,0.0
500871163,CLEAN AIR FILTER-RESIN W/OUT BRACKET,TCB,GENERIC;KnS TCX3,Order To Max,,116.2,15.0,2,0.25,202505,202601,8,False,0.0,0.0,0.0,False,0.0,0.0,,0.0,,0.0,,0.0,False,2,0.0,0.0,0.0,0.0,DORMANT,,,,,,,0.0,0.0,,,,,,,0.0,0.0
500872163,"FA,BUBLR,C4,CHK,VAL,SS,1/2,SILCO",TCB,GENERIC;KnS TCX3,Order To Max,,372.0,95.0,2,0.25,202505,202601,8,False,0.0,0.0,0.0,False,0.0,0.0,,0.0,,0.0,,0.0,False,2,0.0,0.0,0.0,0.0,DORMANT,,,,,,,0.0,0.0,,,,,,,0.0,0.0
500872164,"FA,BUBLR,C5,C8,CHK,VAL,SS,3/8,SILCO",TCB,KnS TCX3;GENERIC,Order To Max,,342.0,95.0,2,0.25,202505,202601,8,False,0.0,0.0,0.0,False,0.0,0.0,,0.0,,0.0,,0.0,False,2,0.0,0.0,0.0,0.0,DORMANT,,,,,,,0.0,0.0,,,,,,,0.0,0.0
500872168,PTFE ROUND LUMP (FOR PEDESTAL CLEANING),TCB,"ASM-Pacific,Phoenix",Order to Demand,,19.63,15.0,2,0.25,202505,202601,8,False,0.0,0.0,0.0,False,0.0,0.0,,0.0,,0.0,,0.0,False,2,0.0,0.0,0.0,0.0,DORMANT,,,,,,,0.0,0.0,,,,,,,0.0,0.0
500877452,CONTROLLER2XDUALDRIVE/1XHVDRIVEDPLL/DPLR,TCB,KnS TCX3,Order to Demand,,10660.3,115.0,1,0.125,202601,202601,0,True,1.0,1.0,1.0,True,1.0,0.0,0.0,0.0,0.0,,,,False,1,1.0,1.0,0.0,0.0,SINGLE_SNAPSHOT,,,,,,,,1.0,,,,,,,,0.0
500878944,MASS FLOW CONTROLLER W/O POWER SUPPLY,TCB,KnS TCX3,Order To Max,,6875.0,35.0,1,0.125,202601,202601,0,True,0.0,0.0,0.0,False,0.0,0.0,,0.0,,,,,False,1,0.0,0.0,0.0,0.0,SINGLE_SNAPSHOT,,,,,,,,0.0,,,,,,,,0.0
