item_id,item_desc,machine_type,n_months,n_nonzero,adi,cv2,mean_monthly_demand,sba_monthly_rate,tsb_monthly_rate,segment
500028887,LOWER BEARING SEAL DV-8000,"ASYMTEK,M-FMCMIR-IN;Asymtek S932;Asymtek S912;Generic;Asymtek S922;ASYMTEK,M-2000",2,2,1.0,0.222,75.0,52.25,55.0,Smooth
500035612,"TUBING,PU,CLR 1/8OD 1/16ID","Generic;Asymtek S922;Asymtek S932;DP Besi 300MM WTT;Asymtek-Jabil RA4 ASF;ASYMTEK,M-2000",1,0,,0.0,0.0,0.0,0.0,No-history
500035614,"FITTING,COUPLER TO 2MM BARB","Asymtek S932;Generic;ASYMTEK,M-FMCMIR-IN;ASYMTEK,M-2000",3,0,,0.0,0.0,0.0,0.0,Dormant
500041276,"FITTING, QUICK DISCONNECT FEM.","Asymtek S912;Asymtek S932;ASYMTEK,M-2000;ASYMTEK,M-FMCMIR-IN",4,2,2.0,0.5,1.0,2.4182,2.2932,Lumpy
500042922,"VALVE ASSY,CO-AX AIR SOLENOID","ASYMTEK,M-2000;Generic;Asymtek S932;DP Asymtek 300MM ADS",4,1,4.0,0.0,0.5,1.9,1.458,Intermittent
500051335,FLUORESCENT LAMP LF-31,"ASM Pacific,BP3000;ASM-Pacific,Phoenix",1,0,,0.0,0.0,0.0,0.0,No-history
500051665,CABLE,"GROHMAN,TCB,MFM-200",3,0,,0.0,0.0,0.0,0.0,Dormant
500051668,"SENSOR,OMRON","Grohmann,MFM-200;GROHMAN,TCB,MFM-200",3,0,,0.0,0.0,0.0,0.0,Dormant
500051680,"GASKET,SIMRIT","GROHMAN,TCB,MFM-200;Generic",4,0,,0.0,0.0,0.0,0.0,Dormant
500051682,OMRON PROXIMITY SENSOR,"GROHMAN,TCB,MFM-200",3,0,,0.0,0.0,0.0,0.0,Dormant
500053003,"SENSOR,FORK,EE-SX674.","DGP8761;ASM Pacific,BP3000;ASM-Pacific,Phoenix;ASM,TCB,Y-SHUTTLE",1,0,,0.0,0.0,0.0,0.0,No-history
500063730,"Tubing, Blue - 1 ft","Racal,LCBI;Generic",1,0,,0.0,0.0,0.0,0.0,No-history
500070865,"TOOTH,BELTS,SET,FOR,PCBA/ANALYSER","PhoenixXray,PCBAAnalyser160",3,0,,0.0,0.0,0.0,0.0,Dormant
500070867,"LIMIT,SWITCH(STANDARD)","PhoenixXray,PCBAAnalyser160",3,0,,0.0,0.0,0.0,0.0,Dormant
500070870,POWER SUPPLY TRIPLE OUTPUT 40W,"PhoenixXray,PCBAAnalyser160",3,0,,0.0,0.0,0.0,0.0,Dormant
500070871,"KNIFE SWITCH, X-RAY","PhoenixXray,PCBAAnalyser160",3,0,,0.0,0.0,0.0,0.0,Dormant
500079887,DJ-2200 FLUX NOZZLE 24GA,"Asymtek S932;Generic;Asymtek S912;ASYMTEK,M-2000",3,2,1.5,0.041,2.333,3.705,3.51,Intermittent
500089209,VGA M/ TO F/ 15 PIN CABLE 4.5M,"ASM,TCB,Y-SHUTTLE;ASM Pacific,BP3000;ASM-Pacific,Phoenix",3,0,,0.0,0.0,0.0,0.0,Dormant
500093669,AIR COMBINATION SET,"ASM-Pacific,Phoenix",3,0,,0.0,0.0,0.0,0.0,Dormant
500093674,MALE ELBOW  KQ2L08-01AS,"ASM Pacific,BP3000;ASM-Pacific,Phoenix;ASM-Pacific,Firebird",2,0,,0.0,0.0,0.0,0.0,Dormant
500093675,MALE ELBOW KQ2L06-01AS,"ASM-Pacific,Firebird;ASM Pacific,BP3000;ASM-Pacific,Phoenix",2,0,,0.0,0.0,0.0,0.0,Dormant
500093676,FITTING MALE ELBOW KQ2L06-M5A,"ASM-Pacific,Firebird;ASM Pacific,BP3000;ASM-Pacific,Phoenix",1,1,1.0,0.0,10.0,10.0,10.0,No-history
500093680,ONE-TOUCH FITTING,"ASM-Pacific,Firebird;ASM Pacific,BP3000;ASM-Pacific,Phoenix",1,0,,0.0,0.0,0.0,0.0,No-history
500093681,MALE ELBOW CONNECTOR,"ASM-Pacific,Phoenix;ASM-Pacific,Firebird;ASM Pacific,BP3000",1,0,,0.0,0.0,0.0,0.0,No-history
500093685,"UNION ""Y""","ASM Pacific,BP3000;ASM-Pacific,Phoenix",3,0,,0.0,0.0,0.0,0.0,Dormant
500093686,MALE ELBOW CONNECTOR,"ASM Pacific,BP3000;ASM-Pacific,Firebird",3,0,,0.0,0.0,0.0,0.0,Dormant
500104696,"CONNECTOR,25B",Heller 2017 Formic Acid,3,0,,0.0,0.0,0.0,0.0,Dormant
500113370,SPECTRUM BULK-FEED SYSTEM 1 LITER TANK,Asymtek S932,1,0,,0.0,0.0,0.0,0.0,No-history
500118113,"ASSY,DJ2200,LBH HF,14 PIN",Asymtek S922;Asymtek S932;Generic;Asymtek S912,2,0,,0.0,0.0,0.0,0.0,Dormant
500119981,NEEDLE HEATER DJ-2200 ASSEMBLY,"Generic;Asymtek,M-2000",3,0,,0.0,0.0,0.0,0.0,Dormant
500119983,"O-RING, VITON, 2MM W X38MM ID",Asymtek S932;Asymtek S922;Asymtek S902;Generic;Asymtek S912,3,1,3.0,0.0,2.0,2.85,0.54,Intermittent
500121422,SPECTRRUM CAMERA OPTICAL FILTER,Asymtek S922;Asymtek S912;Generic;Asymtek S932,2,0,,0.0,0.0,0.0,0.0,Dormant
500122237,SPECTRUM  HEATED PURGE CUP ASSEMBLY,Asymtek S932;Generic;Asymtek S922;Asymtek S902,4,2,2.0,0.0,0.5,0.8636,0.819,Intermittent
500122905,PRESSURE REGULATOR LRMA-QS-6      [23B3],"ASM-Pacific,Phoenix;ASM Pacific,BP3000",4,1,4.0,0.0,0.25,0.95,0.729,Intermittent
500122956,NEEDLE HEATER DJ-2200,Generic;Asymtek S932,6,2,3.0,0.222,0.5,0.95,0.2632,Intermittent
500123496,CAMERA LENS 83.5MM LENGTH,"APPJ MFM-220;Grohmann,MFM-220",1,1,1.0,0.0,1.0,1.0,1.0,No-history
500127231,"KEY,SWITCH.INTERLOCK,OPEN,CLOSE,1800",Heller 2017 Formic Acid;Heller HRF;Heller FAR,3,0,,0.0,0.0,0.0,0.0,Dormant
500131751,"PLASTIC STANDOFF, CURRENT SENSE BOARD",Heller 2017 Formic Acid;Heller FAR;Heller HRF,3,0,,0.0,0.0,0.0,0.0,Dormant
500132925,"T-CLIP 1/4"" HOSE",Asymtek S912,3,0,,0.0,0.0,0.0,0.0,Dormant
500141592,DIP TUBE WRENCH,TCB_Generic;KnS TCX3,3,0,,0.0,0.0,0.0,0.0,Dormant
500141937,"SCREW,M3X4,FLT PT",Generic;Asymtek S912;Asymtek S922,3,0,,0.0,0.0,0.0,0.0,Dormant
500146714,BRU cover interlock sensor,"ASM-Pacific,Phoenix",3,0,,0.0,0.0,0.0,0.0,Dormant
500154878,SELF- LEVELING LASER W/ TRIPOD,Heller FAR;Heller HRF;Heller 2017 Formic Acid,3,0,,0.0,0.0,0.0,0.0,Dormant
500170330,BULK FEED TUBING BUNDLE 8 SPECTRUM,Asymtek S932;Generic,3,0,,0.0,0.0,0.0,0.0,Dormant
500170437,"FITTING,1/2-20 SAE TO SWAGE",Asymtek S922;Asymtek S932;Generic,1,1,1.0,0.0,1.0,1.0,1.0,No-history
500170460,"POLYETHYLENE LINED EVA TUBING 1/8""X1/4""",Asymtek S932;Generic,1,0,,0.0,0.0,0.0,0.0,No-history
500172056,4 COIL COOLING ASSY W/SS BREADED HOSE,Heller HRF;Heller FAR;Heller 2017 Formic Acid;Heller 2017 MK III,2,0,,0.0,0.0,0.0,0.0,Dormant
500172057,4 COIL COOLING ASSY WOUT SS BREADED HOSE,Heller FAR;Heller HRF;Heller 2017 MK III;Heller 2017 Formic Acid,1,0,,0.0,0.0,0.0,0.0,No-history
500172257,"EPMD CUSHIONED CLAMP 1/4""",Asymtek S932;Asymtek-Jabil RA4 ASF;Generic,3,0,,0.0,0.0,0.0,0.0,Dormant
500175684,"FERRULES NYLON 1/4""TUBE 10SETS",Generic;Asymtek S932,6,4,1.5,0.807,3.5,2.7621,2.6225,Lumpy
500176572,Inner ball bearing 4X8X3 MR84ZZ,"ASM Pacific,BP3000",3,0,,0.0,0.0,0.0,0.0,Dormant
500184734,ASI,"ASM-Pacific,Phoenix",3,0,,0.0,0.0,0.0,0.0,Dormant
500184735,ASI,"ASM-Pacific,Phoenix",3,0,,0.0,0.0,0.0,0.0,Dormant
500184736,ASIO,"ASM-Pacific,Firebird;ASM-Pacific, Falcon;ASM-Pacific,Phoenix",3,0,,0.0,0.0,0.0,0.0,Dormant
500184737,ASIO,"ASM-Pacific,Phoenix;ASM-Pacific,Firebird",3,0,,0.0,0.0,0.0,0.0,Dormant
500184738,ASIO3,"ASM-Pacific,Firebird;ASM-Pacific,Phoenix",4,0,,0.0,0.0,0.0,0.0,Dormant
500184739,ASIO3,"ASM-Pacific,Phoenix;ASM-Pacific,Firebird",5,1,5.0,0.0,0.2,0.95,0.6561,Intermittent
500184740,OMRON ELEC. ASSY,"ASM-Pacific,Phoenix",3,0,,0.0,0.0,0.0,0.0,Dormant
500184741,AIR BEARING PAD 40X80MM ASSY,"ASM-Pacific,Phoenix",3,0,,0.0,0.0,0.0,0.0,Dormant
500184742,AIR BEARING PAD D50 ASSY,"ASM-Pacific,Phoenix",3,0,,0.0,0.0,0.0,0.0,Dormant
500184743,"BELT,TIMING,10AT3/399.","GENERIC;ASM-Pacific,Phoenix",4,0,,0.0,0.0,0.0,0.0,Dormant
500184744,AIR BEARING PAD D65 ASSY,"ASM-Pacific,Firebird;ASM-Pacific,Phoenix",4,0,,0.0,0.0,0.0,0.0,Dormant
500184745,TIMING BELT 10AT5/670 GEN III,"GENERIC;ASM-Pacific,Phoenix",4,0,,0.0,0.0,0.0,0.0,Dormant
500184746,"BELT,TIMING,189-3M-9MM","ASM-Pacific,Phoenix;Generic;ASM-Pacific,Firebird",3,0,,0.0,0.0,0.0,0.0,Dormant
500184747,TIMING BELT 516MXL3.2,"ASM,TCB,Y-SHUTTLE;ASM-Pacific,Phoenix;Generic",5,0,,0.0,0.0,0.0,0.0,Dormant
500184748,TIMING BELT 6M/162,"GENERIC;ASM-Pacific,Phoenix",4,0,,0.0,0.0,0.0,0.0,Dormant
500184749,BANDO TIMING BELT 350MXL3.2,"ASM-Pacific,Phoenix;ASM-Pacific,Firebird;Generic",5,1,5.0,0.0,0.4,1.9,1.3122,Intermittent
500184750,BANDO TIMING BELT 434MXL3.2,"Generic;ASM-Pacific,Phoenix;ASM-Pacific,Firebird",4,0,,0.0,0.0,0.0,0.0,Dormant
500184751,BANDO TIMING BELT 591MXL3.2,"ASM-Pacific,Phoenix;Generic;ASM-Pacific,Firebird",5,0,,0.0,0.0,0.0,0.0,Dormant
500184752,"BELT,TIMING,HTD,213-3M-09","Generic;ASM-Pacific,Phoenix;ASM-Pacific,Firebird",3,0,,0.0,0.0,0.0,0.0,Dormant
500184753,SYNCHROFLEX TIMING BELT 6M/113,"ASM-Pacific,Phoenix;Generic;ASM-Pacific,Firebird",3,0,,0.0,0.0,0.0,0.0,Dormant
500184754,SYNCHROFLEX TIMING BELT 6M/182,"ASM-Pacific,Phoenix;Generic;ASM,TCB,Y-SHUTTLE;ASM-Pacific,Firebird",5,1,5.0,0.0,0.4,1.9,1.3122,Intermittent
500184755,SYNCHROFLEX TIMING BELT 6M/121,"GENERIC;ASM-Pacific,Phoenix",4,0,,0.0,0.0,0.0,0.0,Dormant
500184756,ZERODUR BLOCK,"ASM-Pacific,Firebird;ASM-Pacific,Phoenix",4,0,,0.0,0.0,0.0,0.0,Dormant
500184758,ZDS SENSOR BOARD,"ASM-Pacific,Phoenix",3,0,,0.0,0.0,0.0,0.0,Dormant
500184759,TEC BOX,"ASM-Pacific,Phoenix;ASM-Pacific,Firebird",5,0,,0.0,0.0,0.0,0.0,Dormant
500184760,AC POWER SUPPLY STEP DOWN BOARD,"ASM-Pacific,Phoenix",3,0,,0.0,0.0,0.0,0.0,Dormant
500184761,"BOX,TEC,CONTROL","ASM-Pacific,Phoenix;ASM-Pacific,Firebird",3,0,,0.0,0.0,0.0,0.0,Dormant
500184763,"CABLE,VACUUM,SENSOR,DPA","ASM-Pacific,Phoenix",3,0,,0.0,0.0,0.0,0.0,Dormant
500184764,"CABLE,FAN,LOW,CHASSIS","ASM-Pacific,Phoenix;GENERIC",3,0,,0.0,0.0,0.0,0.0,Dormant
500184765,(DPA) VACUUM SOLENOID VALVE CABLE,"Asymtek S922;ASM-Pacific,Phoenix;ASM-Pacific,Firebird",4,0,,0.0,0.0,0.0,0.0,Dormant
500184766,(DTA) X ENCODER CABLE,"ASM-Pacific,Phoenix",3,0,,0.0,0.0,0.0,0.0,Dormant
500184767,IO STEPPER MOTOR DRIVER ASSY,"ASM-Pacific,Phoenix",4,0,,0.0,0.0,0.0,0.0,Dormant
500184768,"EJECTOR,MULTISTAGE,ZL112","ASM-Pacific,Phoenix",4,1,4.0,0.0,0.25,0.95,0.729,Intermittent
500184769,MULTISTAGE EJECTOR ZL212,"ASM-Pacific,Phoenix",3,0,,0.0,0.0,0.0,0.0,Dormant
500184770,STA-L Y ENC ASSY,"ASM-Pacific,Phoenix",3,0,,0.0,0.0,0.0,0.0,Dormant
500184771,"ENCODER,DISPENSE,Z,LEFT","GENERIC;ASM-Pacific,Phoenix",3,0,,0.0,0.0,0.0,0.0,Dormant
500184772,Y SHUTTLE OT TABLE X ENCODER ASSY,"ASM-Pacific,Phoenix",3,0,,0.0,0.0,0.0,0.0,Dormant
500184773,ESIO2,"TCB_Generic;Generic;ASM-Pacific,Phoenix",4,0,,0.0,0.0,0.0,0.0,Dormant
500184774,ESIO5,"ASM-Pacific,Phoenix;ASM-Pacific,Firebird",3,0,,0.0,0.0,0.0,0.0,Dormant
500184775,ESIO3,"ASM-Pacific,Phoenix;ASM-Pacific,Firebird",3,0,,0.0,0.0,0.0,0.0,Dormant
500184777,FAN ASSY,"ASM-Pacific,Phoenix",4,0,,0.0,0.0,0.0,0.0,Dormant
500184778,OPTICAL FIBER 3M DUPLEX LC-LC,"ASM Pacific,BP3000;ASM-Pacific,Phoenix;Generic;ASM-Pacific,Firebird",3,0,,0.0,0.0,0.0,0.0,Dormant
500184779,CARRIAGE VAC PRELOAD FMT(L),"ASM-Pacific,Phoenix",4,0,,0.0,0.0,0.0,0.0,Dormant
500184780,(DPA) Z PICK HEAD,"ASM-Pacific,Firebird;ASM-Pacific,Phoenix",3,0,,0.0,0.0,0.0,0.0,Dormant
500184781,TCB PEDESTAL HEATER ZONE 1,"ASM-Pacific,Phoenix",4,0,,0.0,0.0,0.0,0.0,Dormant
500184782,AIR BEARING FLOWMETER(WAFER CHUCK),"ASM-Pacific,Phoenix",4,0,,0.0,0.0,0.0,0.0,Dormant
500184783,LINE VACUUM ASSY,"ASM-Pacific,Phoenix",3,0,,0.0,0.0,0.0,0.0,Dormant
500184786,MBH 1ST LAYER CONVEYOR MTR ASSY,"ASM-Pacific,Phoenix;ASM-Pacific,Firebird",3,0,,0.0,0.0,0.0,0.0,Dormant
500184787,MBH TRACK WIDTH MTR/ENC ASSY,"ASM-Pacific,Phoenix;Generic;TCB_Generic",3,0,,0.0,0.0,0.0,0.0,Dormant
500184788,HT WC COL FLOWMETER(L),"ASM-Pacific,Phoenix",4,0,,0.0,0.0,0.0,0.0,Dormant
500184789,"MODULE,CJC,ASSY","ASM-Pacific,Firebird;ASM-Pacific,Phoenix",3,0,,0.0,0.0,0.0,0.0,Dormant
500184791,MARKIIIS DRIVER MODULE,"ASM-Pacific,Phoenix",3,0,,0.0,0.0,0.0,0.0,Dormant
500184792,MINISIO MODULE,"ASM-Pacific,Phoenix",3,0,,0.0,0.0,0.0,0.0,Dormant
500184793,"MODULE,POWER,CONTROL,NDIII","TCB_Generic;Generic;ASM-Pacific,Phoenix",3,0,,0.0,0.0,0.0,0.0,Dormant
500184794,"MODULE,POWER,CONTROL,NDIII","ASM,TCB,Y-SHUTTLE;ASM-Pacific,Phoenix",3,0,,0.0,0.0,0.0,0.0,Dormant
500184795,LITEC AAD2 MODULE_PH,"ASM,TCB,Y-SHUTTLE;ASM-Pacific,Phoenix",3,0,,0.0,0.0,0.0,0.0,Dormant
500184796,NDIII CONTROLPOWERMODULE,"ASM-Pacific,Firebird;ASM-Pacific,Phoenix",3,0,,0.0,0.0,0.0,0.0,Dormant
500184797,NDIII CONTROLPOWERMODULE,"Generic;ASM-Pacific,Phoenix;TCB_Generic",3,0,,0.0,0.0,0.0,0.0,Dormant
500184798,NDIII CONTROLPOWERMODULE,"ASM-Pacific,Phoenix",3,0,,0.0,0.0,0.0,0.0,Dormant
500184800,"MODULE,POWER,NUDRIVE-III","TCB_Generic;ASM-Pacific,Phoenix;Generic",3,0,,0.0,0.0,0.0,0.0,Dormant
500184801,"MODULE,POWER,NUDRIVE-III","TCB_Generic;Generic;ASM-Pacific, Falcon;ASM-Pacific,Phoenix;ASM Pacific,BP3000",1,0,,0.0,0.0,0.0,0.0,No-history
500184802,NUDRIVE-III POWER MODULE,"ASM-Pacific,Phoenix",3,0,,0.0,0.0,0.0,0.0,Dormant
500184803,NUDRIVE-III POWER MODULE,"TCB_Generic;ASM-Pacific,Phoenix;Generic",3,0,,0.0,0.0,0.0,0.0,Dormant
500184804,"MODULE,POWER,NUDRIVE-III","ASM-Pacific, Falcon;ASM-Pacific,Phoenix",2,0,,0.0,0.0,0.0,0.0,Dormant
500184805,NUDRIVE-III POWER MODULE,"ASMP ACW;ASM-Pacific,Phoenix",4,0,,0.0,0.0,0.0,0.0,Dormant
500184807,STA-L Z MTR ASSY,"ASM-Pacific,Phoenix",4,0,,0.0,0.0,0.0,0.0,Dormant
500184808,Z BUSHING MOTOR ASSY (RIGHT),"ASM-Pacific,Phoenix",4,0,,0.0,0.0,0.0,0.0,Dormant
500184809,MBH Z MTR ASSY,"ASM-Pacific,Phoenix",3,0,,0.0,0.0,0.0,0.0,Dormant
500184810,"OPTICS,ASSEMBLY,YSHUTTLE,FOV8","ASM-Pacific,Phoenix;ASM,TCB,Y-SHUTTLE",3,0,,0.0,0.0,0.0,0.0,Dormant
500184811,MICROE LINEAR SCALE 10MM 303-00169,"ASM-Pacific,Firebird;ASMP ACW;ASM-Pacific,Phoenix",4,0,,0.0,0.0,0.0,0.0,Dormant
500184812,UP-LOOKING OPTICS W/ CG ASSY,"ASM-Pacific,Phoenix",3,0,,0.0,0.0,0.0,0.0,Dormant
500184813,SCALE LIF 401R ML 90 MM 373021-08,"ASM-Pacific,Phoenix",3,0,,0.0,0.0,0.0,0.0,Dormant
500184817,"SENSOR,ASSEMBLY,SHUTTLE,LIMIT,Y,TAB","ASM-Pacific,Phoenix",3,0,,0.0,0.0,0.0,0.0,Dormant
500184818,POST HEAT STATION VAC SNR 1(L),"ASM-Pacific,Phoenix",4,0,,0.0,0.0,0.0,0.0,Dormant
500184819,BH MISSING DIE SNR,"ASM-Pacific,Phoenix",4,0,,0.0,0.0,0.0,0.0,Dormant
500184820,"SENSOR,BONDHEAD,VACUUM,PRESSURE","ASM-Pacific,Firebird;Generic;ASM-Pacific,Phoenix",3,0,,0.0,0.0,0.0,0.0,Dormant
500184821,CONTACT SENSOR ASSY,"ASM-Pacific,Phoenix",4,0,,0.0,0.0,0.0,0.0,Dormant
500184822,CAP SENSOR ASSY,"ASM-Pacific,Phoenix",3,0,,0.0,0.0,0.0,0.0,Dormant
500184823,CARRIAGE AB FLOW SNR(L),"ASM-Pacific,Phoenix",4,0,,0.0,0.0,0.0,0.0,Dormant
500184824,HEATED PEDESTAL VAC SNR 1(L),"ASM-Pacific,Phoenix",4,0,,0.0,0.0,0.0,0.0,Dormant
500184825,"SENSOR,INPUT,SHUTTLE,CONVEYOR,IN","ASM-Pacific,Phoenix",4,0,,0.0,0.0,0.0,0.0,Dormant
500184826,"SENSOR,PHOTO,MICRO,EE-SX672","Delta,OLB;ASM-Pacific,Phoenix",3,0,,0.0,0.0,0.0,0.0,Dormant
500184827,PHOTOMICROSENSOR EE-SX673(A),"ASM-Pacific,Phoenix",3,0,,0.0,0.0,0.0,0.0,Dormant
500184828,REFLECTIVE PHOTO SNR EE-SPY302,"ASM-Pacific,Phoenix",3,0,,0.0,0.0,0.0,0.0,Dormant
500184829,CARRIAGE AB PRESS SNR(L),"ASM-Pacific,Phoenix",4,0,,0.0,0.0,0.0,0.0,Dormant
500184830,"SERVO,ASSEMBLY,AC,ZCOLUMN","ASM-Pacific,Phoenix",3,0,,0.0,0.0,0.0,0.0,Dormant
500184831,BH WEAK BLOW SOL,"ASM-Pacific,Phoenix",3,0,,0.0,0.0,0.0,0.0,Dormant
500184832,STA VAC SOL 1(L),"ASM-Pacific,Phoenix",3,0,,0.0,0.0,0.0,0.0,Dormant
500184833,COS-L TOP CLAMP SOL,"ASM-Pacific,Phoenix",4,0,,0.0,0.0,0.0,0.0,Dormant
500184834,HT WC COL SOL(L),"ASM-Pacific,Phoenix",4,0,,0.0,0.0,0.0,0.0,Dormant
500184835,IMPINGING COOLING SOL,"ASM-Pacific,Phoenix",3,0,,0.0,0.0,0.0,0.0,Dormant
500184836,BH VAC SOL,"ASM-Pacific,Phoenix",5,1,5.0,0.0,0.6,1.425,0.2187,Intermittent
500184838,CARRIAGE VAC PRELOAD SOL(L),"ASM-Pacific,Phoenix",4,0,,0.0,0.0,0.0,0.0,Dormant
500184839,COLLET CHANGE VAC SOL,"ASM-Pacific,Firebird;ASM-Pacific,Phoenix",3,2,1.5,0.222,1.0,1.805,1.71,Intermittent
500184840,COS-L PRELOAD SOL,"ASM-Pacific,Phoenix",4,0,,0.0,0.0,0.0,0.0,Dormant
500184841,"SMPS 600W UNIV>24V3AX2,24V2.5A,24V5.5AX3","ASM-Pacific,Phoenix;ASM,TCB,Y-SHUTTLE;ASMP ACW",4,0,,0.0,0.0,0.0,0.0,Dormant
500184843,LNPS 4KVA 12AX3 AUTO OFF-NO MCB,"ASM-Pacific,Phoenix;Generic;TCB_Generic",3,0,,0.0,0.0,0.0,0.0,Dormant
500184844,"SUPPLY,POWER,24V,48V","ASM-Pacific,Phoenix",3,0,,0.0,0.0,0.0,0.0,Dormant
500184845,HT LNPS 7KVA 110V&40V&220V,"TCB_Generic;Generic;ASM-Pacific,Phoenix",4,0,,0.0,0.0,0.0,0.0,Dormant
500184846,LNPS 115V/230V> ND AUTO OFF W SF START,"ASM-Pacific,Phoenix",4,0,,0.0,0.0,0.0,0.0,Dormant
500184847,"SUPPLY,POWER,MOTOR,SMPS,1KW,UNIVERSAL","ASM-Pacific,Phoenix",3,0,,0.0,0.0,0.0,0.0,Dormant
500184848,"SUPPLY,POWER,SMPS,150VDC,800W","ASM-Pacific,Phoenix",3,0,,0.0,0.0,0.0,0.0,Dormant
500184849,AIR SUPPLY I SWITCH,"GENERIC;ASM-Pacific,Phoenix",4,0,,0.0,0.0,0.0,0.0,Dormant
500184850,VCM AIR BEARING SWITCH,"ASM-Pacific,Phoenix;GENERIC",4,0,,0.0,0.0,0.0,0.0,Dormant
500184851,BH MISSING DIE SWITCH,"ASM-Pacific,Phoenix;GENERIC",3,0,,0.0,0.0,0.0,0.0,Dormant
500184852,BO AIR BEARING FLOW SWITCH,"ASM-Pacific,Phoenix;GENERIC",4,0,,0.0,0.0,0.0,0.0,Dormant
500184853,CARRIAGE VAC PRELOAD SWITCH(L),"ASM-Pacific,Phoenix;GENERIC",4,0,,0.0,0.0,0.0,0.0,Dormant
500184854,BD STAGE AB FLOW SWITCH(L),"ASM-Pacific,Phoenix;GENERIC",4,0,,0.0,0.0,0.0,0.0,Dormant
500184855,BD STAGE AB FLOW SWITCH(R),"ASM-Pacific,Phoenix;GENERIC",4,0,,0.0,0.0,0.0,0.0,Dormant
500184856,CARRIAGE VAC PRELOAD FLOW SWITCH,"ASM-Pacific,Phoenix;GENERIC",4,0,,0.0,0.0,0.0,0.0,Dormant
500184857,"SWITCH,PRESS,BOND,STAGE,AB,L","ASM-Pacific,Phoenix;GENERIC",3,0,,0.0,0.0,0.0,0.0,Dormant
500184858,Z COLUMN AIR BEARING PRESS SWITCH,"GENERIC;ASM-Pacific,Phoenix",4,0,,0.0,0.0,0.0,0.0,Dormant
500184859,AUTOCOL AIR PRESS SWITCH,"GENERIC;ASM-Pacific,Phoenix",4,0,,0.0,0.0,0.0,0.0,Dormant
500184860,BH VAC PRESS SWITCH,"GENERIC;ASM-Pacific,Phoenix",3,0,,0.0,0.0,0.0,0.0,Dormant
500184861,TCB PEDESTAL THERMOCOUPLE 1,"ASM-Pacific,Phoenix;GENERIC",4,0,,0.0,0.0,0.0,0.0,Dormant
500184862,TIP/ TILT ASSY,"GENERIC;ASM-Pacific,Phoenix",3,0,,0.0,0.0,0.0,0.0,Dormant
500184863,TIP TILT MICRO-E ELE ASSY,"ASM-Pacific,Firebird;Generic;ASM-Pacific,Phoenix",3,0,,0.0,0.0,0.0,0.0,Dormant
500184864,DIE TRANSFER/PCIK ARM VAC SWITCH,"GENERIC;ASM-Pacific,Phoenix",4,0,,0.0,0.0,0.0,0.0,Dormant
500184865,"TRANSFORMER,ASSY,110V,220V","GENERIC;ASM-Pacific,Phoenix",3,0,,0.0,0.0,0.0,0.0,Dormant
500184923,O2 ANALYZER ASSY,"ASM-Pacific,Phoenix;ASMP ACW;ASM-Pacific,Firebird",3,0,,0.0,0.0,0.0,0.0,Dormant
500184927,X32 TAPE FEEDER,"ASM-Pacific,Phoenix",3,0,,0.0,0.0,0.0,0.0,Dormant
500184928,AIR FILTER AF20-A SERIES,"ASM-Pacific,Firebird;ASMP ACW;ASM-Pacific,Phoenix",4,0,,0.0,0.0,0.0,0.0,Dormant
500184929,AIR FILTER,"ASM-Pacific,Firebird;ASMP ACW;ASM-Pacific,Phoenix",3,0,,0.0,0.0,0.0,0.0,Dormant
500184930,CLEAN AIR FILTER SFD100-C06,"ASMP ACW;ASM-Pacific,Phoenix",3,0,,0.0,0.0,0.0,0.0,Dormant
500184931,"FILTER,ULPA,999995,0.12UM,ASTROCELII","ASM-Pacific,Phoenix",4,0,,0.0,0.0,0.0,0.0,Dormant
500184932,RUBBER GASKET W/TAPE 7/32INCH X 3/8INCH,"ASM-Pacific,Phoenix",3,0,,0.0,0.0,0.0,0.0,Dormant
500184933,SEALING HEAD (VITON; OD=4; H=4),"ASM-Pacific,Phoenix",3,0,,0.0,0.0,0.0,0.0,Dormant
500184934,IN-LINE VACUUM FILTER ZFC 100-048,"ASMP ACW;ASM-Pacific,Phoenix",4,0,,0.0,0.0,0.0,0.0,Dormant
500184935,IONIZER ASSEMBLY (BAR TYPE),"ASM-Pacific,Phoenix",3,0,,0.0,0.0,0.0,0.0,Dormant
500184936,NOZZLE - 2057 CPL.,"ASM-Pacific,Phoenix",3,0,,0.0,0.0,0.0,0.0,Dormant
500184937,IONIZER CABLE ASSY,"ASM-Pacific,Phoenix",3,0,,0.0,0.0,0.0,0.0,Dormant
500184938,"NOZZLE,2821CPL","ASM-Pacific,Phoenix",3,0,,0.0,0.0,0.0,0.0,Dormant
500184939,(DTA) ARRAY PATTERN NOZZLE PLATFORM,"ASM-Pacific,Phoenix",3,0,,0.0,0.0,0.0,0.0,Dormant
500184940,O-RING 1.5 X 4 ID MM,"ASM-Pacific,Phoenix",4,0,,0.0,0.0,0.0,0.0,Dormant
500184941,O-RING 1X ID12 MM,"ASM-Pacific,Phoenix",4,0,,0.0,0.0,0.0,0.0,Dormant
500184942,O-RING 1.00 X 6.00 ID FKM,"ASM-Pacific,Phoenix;ASM-Pacific,Firebird",4,0,,0.0,0.0,0.0,0.0,Dormant
500184943,O-RING 1.00 X 137.00 ID 70 BN,"ASM-Pacific,Phoenix",3,0,,0.0,0.0,0.0,0.0,Dormant
500184944,O-RING 3 X 24 ID MM,"ASM-Pacific,Phoenix",3,0,,0.0,0.0,0.0,0.0,Dormant
500184945,O-RING 1.8 X 6.00 ID 70 SILICONE,"Generic;ASM Pacific,BP3000;ASM-Pacific,Phoenix",3,0,,0.0,0.0,0.0,0.0,Dormant
500184946,O-RING 1 X 3.00 ID 70 SILICONE,"ASM-Pacific,Phoenix;ASM-Pacific,Firebird",4,0,,0.0,0.0,0.0,0.0,Dormant
500184947,"ORING,SILICONE,1X5ID,70","GENERIC;ASM-Pacific,Phoenix",3,0,,0.0,0.0,0.0,0.0,Dormant
500184948,O-RING 0.60 X 2.50ID 75 VITON,"ASM-Pacific,Phoenix;ASM-Pacific,Firebird",4,0,,0.0,0.0,0.0,0.0,Dormant
500184949,O-RING 1 X 12.2 ID 70 VITON,"ASM-Pacific,Phoenix",3,0,,0.0,0.0,0.0,0.0,Dormant
500184950,O-RING 8X1 70 VITON,"ASM-Pacific,Phoenix",3,0,,0.0,0.0,0.0,0.0,Dormant
500184951,O-RING 1 X 32 ID 70 VITON,"ASM-Pacific,Phoenix",3,0,,0.0,0.0,0.0,0.0,Dormant
500184952,"SEAL,VACUUM,ID4MM","GENERIC;ASM-Pacific,Phoenix",3,0,,0.0,0.0,0.0,0.0,Dormant
500184953,"VITON COLLECT (OD4, 8, ID 4) SHORE A60","ASM-Pacific,Phoenix",3,0,,0.0,0.0,0.0,0.0,Dormant
500184954,"SUCTION CUP,VITON,OD2.6,ID2.2.","ASM-Pacific,Phoenix",3,0,,0.0,0.0,0.0,0.0,Dormant
500184955,COMPRESSION SPRING D10800         [54B7],"GENERIC;ASM-Pacific,Phoenix",3,0,,0.0,0.0,0.0,0.0,Dormant
500184956,EXTENSION SPRING E1000-125-3000-S,"ASM-Pacific,Phoenix;GENERIC",3,0,,0.0,0.0,0.0,0.0,Dormant
500184957,EXTENSION SPRING T32110,"Generic;ASM-Pacific,Phoenix;ASM-Pacific,Firebird",4,0,,0.0,0.0,0.0,0.0,Dormant
500184958,EXTENSION SPRING T32030,"GENERIC;ASM-Pacific,Phoenix",3,0,,0.0,0.0,0.0,0.0,Dormant
500184960,EXTENSION SPRING T41960,"ASM-Pacific,Phoenix;GENERIC",4,0,,0.0,0.0,0.0,0.0,Dormant
500184961,(WH) LEVEL ADJ SPRING,"Generic;ASM,TCB,Y-SHUTTLE;ASM-Pacific,Phoenix",3,0,,0.0,0.0,0.0,0.0,Dormant
500184962,DEW POINT INDICATOR KIT IDG-DP01,"ASM-Pacific,Phoenix",3,0,,0.0,0.0,0.0,0.0,Dormant
500184963,AIR DRYER MEMBRANE IDG-EL5,"ASM-Pacific,Phoenix",3,0,,0.0,0.0,0.0,0.0,Dormant
500184964,VACUUM FILTER W/FITTING ZFC54-B,"ASMP ACW;ASM-Pacific,Phoenix",3,0,,0.0,0.0,0.0,0.0,Dormant
500186224,(SM) BOND HEAD MODULE,"ASM-Pacific,Phoenix",3,0,,0.0,0.0,0.0,0.0,Dormant
500186235,LINEAR MOTOR COIL ASSY (14.5 MM TRAVEL),"ASM-Pacific,Phoenix",3,0,,0.0,0.0,0.0,0.0,Dormant
500186236,"PC,VISION,ASSEMBLY","ASM-Pacific,Phoenix;ASM,TCB,Y-SHUTTLE;ASM-Pacific,Firebird;ASM Pacific,BP3000",2,0,,0.0,0.0,0.0,0.0,Dormant
500186237,WD20 0.42X FOV9.1X6.8 TELE LENS (SIDE),"ASM-Pacific,Phoenix;ASM-Pacific,Firebird",3,0,,0.0,0.0,0.0,0.0,Dormant
500186238,JOYSTICK CABLE ASSY,"ASM Pacific,BP3000;ASM-Pacific,Phoenix",3,0,,0.0,0.0,0.0,0.0,Dormant
500186240,WORKCHUCK X MOTOR COIL ASSY (LEFT),"ASM-Pacific,Phoenix",4,0,,0.0,0.0,0.0,0.0,Dormant
500186241,LEFT WC FRONT X ENC ASSY,"ASM-Pacific,Phoenix",3,0,,0.0,0.0,0.0,0.0,Dormant
500186242,BH Z ENCODER ASSY,"ASM-Pacific,Phoenix",3,0,,0.0,0.0,0.0,0.0,Dormant
500186245,XFM 13.2KVA 208..480VX3>110V/40V20AX2X3P,"GENERIC;ASM-Pacific,Phoenix",3,0,,0.0,0.0,0.0,0.0,Dormant
500186246,"CABLE,HEPA,FRONT,FILTER,FAN,ASSEMBLY","ASM-Pacific,Phoenix",4,0,,0.0,0.0,0.0,0.0,Dormant
500186247,"ENCODER,ASSY,Y,LEFT,WC","ASM Pacific,BP3000;ASM-Pacific,Phoenix",3,0,,0.0,0.0,0.0,0.0,Dormant
500186248,REAR HEPA FILTER FAN CABLE ASSY,"ASM-Pacific,Phoenix",4,0,,0.0,0.0,0.0,0.0,Dormant
500186249,NAS 2-BAY 2-LAN DISKSTATION DS720+,"ASM-Pacific,Phoenix;ASMP ACW;ASM,TCB,Y-SHUTTLE",4,0,,0.0,0.0,0.0,0.0,Dormant
500186250,SYRINGE LEVEL SENSOR,"GENERIC;ASM-Pacific,Phoenix",4,0,,0.0,0.0,0.0,0.0,Dormant
500186251,"SCALE,ZERODUR,LIF401R,ML=320MM","ASM-Pacific,Phoenix;Generic;ASM-Pacific,Firebird",3,0,,0.0,-0.333,-0.95,,Dormant
500186252,"SCALE,ZERODUR,LIF401,ML=70MM,GO","GENERIC;ASM-Pacific,Phoenix",3,0,,0.0,0.0,0.0,0.0,Dormant
500186253,"SCALE,ZERODUR,LIF401R,ML=120MM","GENERIC;ASM-Pacific,Phoenix",3,0,,0.0,0.0,0.0,0.0,Dormant
500186254,ZERODUR SCALE LIF401R ML=520MM G0,"GENERIC;ASM-Pacific,Phoenix",3,0,,0.0,0.0,0.0,0.0,Dormant
500186255,"SCALE,ZERODUR,LIF401R,ML=320MM","ASM-Pacific,Phoenix",3,0,,0.0,0.0,0.0,0.0,Dormant
500186256,ZERODUR SCALE LIF409R ML=3MM,"ASM-Pacific,Firebird;ASM-Pacific,Phoenix;Generic",5,1,5.0,0.0,0.2,0.95,0.6561,Intermittent
500186257,UPS EOL UGK,"GENERIC;ASM-Pacific,Phoenix",3,0,,0.0,0.0,0.0,0.0,Dormant
500186258,UPS 620VA 230V 5MIN,"ASM,TCB,Y-SHUTTLE;TCB_Generic;ASM-Pacific,Firebird;Life Science/ ULT-1340-3A;ASM-Pacific,Phoenix",3,0,,0.0,0.0,0.0,0.0,Dormant
500191884,SUCTION CUP  DIA 4.5MM FKM,"ASM-Pacific,Phoenix",3,0,,0.0,0.0,0.0,0.0,Dormant
500194609,"Exhaust hose clamp 4""",Heller 1800SS;Heller HRF;Heller 2017 Formic Acid;Heller FAR;Heller 2017 MK III,1,0,,0.0,0.0,0.0,0.0,No-history
500194610,Main circuit breaker (Q100),Heller HRF;Heller 2017 Formic Acid;Heller FAR;Heller 2017 MK III,3,0,,0.0,0.0,0.0,0.0,Dormant
500194902,CALIBRATION GLASS #29 (12X12X1MM),"ASM-Pacific,Firebird;ASM-Pacific,Phoenix",3,0,,0.0,0.0,0.0,0.0,Dormant
500194903,(DPA) CALIBRATION GLASS WITH HOLDER,"ASM-Pacific,Firebird;ASM-Pacific,Phoenix;Generic",1,0,,0.0,0.0,0.0,0.0,No-history
500197788,PEDESTAL O-RING (9.6X2.5 RTV31),"Generic;ASM-Pacific,Phoenix;ASM-Pacific,Firebird",4,1,4.0,0.0,2.25,8.55,6.561,Intermittent
500198095,PLASTIC PLAIN BEARING JUM-S-06LY,"Generic;ASM, SIPLACE SX1",3,0,,0.0,0.0,0.0,0.0,Dormant
500201345,SOC HD CAP SCREW M2X8,"ASM Pacific,BP3000;ASM-Pacific,Phoenix",4,0,,0.0,0.0,0.0,0.0,Dormant
500201346,SHIM 0.01MM,"ASM-Pacific,Firebird;ASM Pacific,BP3000;ASM-Pacific,Phoenix;TSMab",4,1,4.0,0.0,0.25,0.95,0.729,Intermittent
500204342,O-RING1.8X6IDMM SHARE A 50-EK NBR,"ASM-Pacific,Phoenix",4,0,,0.0,0.0,0.0,0.0,Dormant
500204343,STACKER UD LEADSCREW ASSY,"ASM-Pacific,Phoenix",3,0,,0.0,0.0,0.0,0.0,Dormant
500204344,CM CHOKE AND DUMMY LOADER ASSY,"Generic;TCB_Generic;ASM-Pacific,Phoenix",3,0,,0.0,0.0,0.0,0.0,Dormant
500204345,"ASSEMBLY,TIMING,PULLEY","ASM,TCB,Y-SHUTTLE;ASM-Pacific,Phoenix",3,0,,0.0,0.0,0.0,0.0,Dormant
500204346,"ASSEMBLY,Z,SERVO,48V,200W,ELE,BH","ASM-Pacific,Phoenix;TCB_Generic;Generic",3,0,,0.0,0.0,0.0,0.0,Dormant
500204348,3P AC INPUT BOX,"ASM-Pacific,Phoenix",3,0,,0.0,0.0,0.0,0.0,Dormant
500204349,2 PIN 6CH DC PWR DIST BOX,"ASM-Pacific,Phoenix;ASM-Pacific,Firebird",3,0,,0.0,0.0,0.0,0.0,Dormant
500204350,OT UP/DN DC HT CABLE ASSY,"ASM-Pacific,Phoenix",3,0,,0.0,0.0,0.0,0.0,Dormant
500204351,OT UP/DN DC HT CABLE ASSY,"ASM-Pacific,Phoenix",3,0,,0.0,0.0,0.0,0.0,Dormant
500204352,"CABLE,SOLENOID,CABLE,DPA,WEAK,BLOW,Z","ASM-Pacific,Phoenix",3,0,,0.0,0.0,0.0,0.0,Dormant
500204353,IO STEPPER MOTOR DRIVER ASSY,"Generic;ASM-Pacific,Phoenix;TCB_Generic",3,0,,0.0,0.0,0.0,0.0,Dormant
500204354,(DPA) VACUUM SENSOR CABLE,"ASM-Pacific,Firebird;ASM-Pacific,Phoenix",3,0,,0.0,0.0,0.0,0.0,Dormant
500204355,ANTISTATIC MALE ELBOW KQ2L10-04AS,"ASM-Pacific,Phoenix;ASM-Pacific,Firebird",3,0,,0.0,0.0,0.0,0.0,Dormant
500204356,E-RING FOR GROOVE DIA 5MM SST,"ASM-Pacific,Phoenix;ASM-Pacific,Firebird",3,0,,0.0,0.0,0.0,0.0,Dormant
500204357,"GUIDE,LM,AFF,Z,STAGE.LEFT","ASM-Pacific,Phoenix",3,0,,0.0,0.0,0.0,0.0,Dormant
500204358,"ENCODER,ASSEMBLY,DPA,X,AXIS","ASM-Pacific,Phoenix",3,0,,0.0,0.0,0.0,0.0,Dormant
500204359,"ENCODER,ASSY,BH,MINI","ASM-Pacific,Phoenix",3,0,,0.0,0.0,0.0,0.0,Dormant
500204360,"ENCODER,ASSEMBLY,DPA,Y,AXIS","ASM-Pacific,Phoenix",3,0,,0.0,0.0,0.0,0.0,Dormant
500204361,E-RING FOR GROOVE DIA 4MM SST,"ASM-Pacific,Firebird;ASM-Pacific,Phoenix",4,0,,0.0,0.0,0.0,0.0,Dormant
500204362,"HEAD,INSPECTION,ASSEMBLY,LEFT,DDLO","ASM-Pacific,Phoenix;ASM-Pacific,Firebird",3,0,,0.0,0.0,0.0,0.0,Dormant
500204363,DDLO INSP HEAD ASSY RIGHT,"ASM-Pacific,Phoenix",3,0,,0.0,0.0,0.0,0.0,Dormant
500204364,"IDLER,ASSEMBLY,12DIA,YTRANS,CONVYR,SHUTL","ASM,TCB,Y-SHUTTLE;ASM-Pacific,Phoenix",3,0,,0.0,0.0,0.0,0.0,Dormant
500204365,MANIFOLD VV5K3-20-04,"ASM-Pacific,Phoenix",3,0,,0.0,0.0,0.0,0.0,Dormant
500204366,MANIFOLD VV5K3-20-08,"ASM-Pacific,Phoenix",3,0,,0.0,0.0,0.0,0.0,Dormant
500204367,(PENU)AIR BEARING FLOWMETER (N2),"ASM-Pacific,Firebird;ASM-Pacific,Phoenix",3,0,,0.0,0.0,0.0,0.0,Dormant
500204368,Z COLUMN AIR BEARING FLOWMETER,"ASM-Pacific,Phoenix",3,0,,0.0,0.0,0.0,0.0,Dormant
500204369,(PENU)AIR BEARING FLOWMETER (WAFER CHUCK,"ASM-Pacific,Phoenix",3,0,,0.0,0.0,0.0,0.0,Dormant
500204370,(BH)COOLING BLOCK FLOWMETER,"ASM-Pacific,Phoenix",3,0,,0.0,0.0,0.0,0.0,Dormant
500204371,(BH)IMPINGING COL 1# FLOWMETER,"ASM-Pacific,Firebird;ASM-Pacific,Phoenix",3,0,,0.0,0.0,0.0,0.0,Dormant
500204372,"MODULE,DRIVER,MARKIIIS,ASSY,MK","ASMP ACW;ASM-Pacific,Phoenix;ASM-Pacific,Firebird",3,0,,0.0,0.0,0.0,0.0,Dormant
500204373,"METER,FLOW,IMPINGING,COL#2,BH","ASM-Pacific,Phoenix",3,0,,0.0,0.0,0.0,0.0,Dormant
500204375,O-RING ID13 OD17,"ASM-Pacific,Phoenix",3,0,,0.0,0.0,0.0,0.0,Dormant
500204376,"ORING,SILICONE,3.00X10.00,40,PNUE,BOX.","ASM-Pacific,Phoenix;GENERIC",3,0,,0.0,0.0,0.0,0.0,Dormant
500204377,"PEDESTAL O-RING NUT (D6.5, M5)","ASM-Pacific,Firebird;Generic;ASM-Pacific,Phoenix",3,0,,0.0,0.0,0.0,0.0,Dormant
500204378,"PULLEY,CONVEYOR,BELT,DRIVING,LONG","Generic;ASM-Pacific,Phoenix;ASM,TCB,Y-SHUTTLE",3,0,,0.0,0.0,0.0,0.0,Dormant
500204379,CONVEYOR BELT PULLEY SET,"ASM-Pacific,Phoenix;ASM-Pacific,Firebird;Generic",3,0,,0.0,0.0,0.0,0.0,Dormant
500204380,"2.5"" REMOVABLE HARD DISK MOBILE RACK","ASM-Pacific,Phoenix",3,0,,0.0,0.0,0.0,0.0,Dormant
500204381,CONVEYOR BELT PULLEY SET (DRIVING),"ASM-Pacific,Firebird;ASM-Pacific,Phoenix;Generic",3,0,,0.0,0.0,0.0,0.0,Dormant
500204382,(BH)VACUUM REGULATOR,"ASM-Pacific,Phoenix",3,0,,0.0,0.0,0.0,0.0,Dormant
500204383,(BS-L)VACUUM REGULATOR,"ASM-Pacific,Phoenix",3,0,,0.0,0.0,0.0,0.0,Dormant
500204384,"RINGLIGHT,ASSY,UD,OPTICS,Y,TABLE,HVMOT","ASM-Pacific,Phoenix;ASM-Pacific,Firebird",3,0,,0.0,0.0,0.0,0.0,Dormant
500204386,(BS-R)VACUUM REGULATOR,"ASM-Pacific,Phoenix",3,0,,0.0,0.0,0.0,0.0,Dormant
500204388,"SENSOR,FLOW,BEAM,BS,AB,LEFT","ASM-Pacific,Phoenix",3,0,,0.0,0.0,0.0,0.0,Dormant
500204389,(BS-R)BEAM AB FLOW SNR(R),"ASM-Pacific,Phoenix",3,0,,0.0,0.0,0.0,0.0,Dormant
500204390,"SENSOR,FLOW,CARRIAGE,BS,AB,LEFT","ASM-Pacific,Phoenix",3,0,,0.0,0.0,0.0,0.0,Dormant
500204391,"SENSOR,FLOW,CARRIAGE,BS,AB,RIGHT","ASM-Pacific,Phoenix",3,0,,0.0,0.0,0.0,0.0,Dormant
500204392,"SENSOR,FLOW,Y,VERTICAL,BS,AB,RIGHT","ASM-Pacific,Phoenix",3,0,,0.0,0.0,0.0,0.0,Dormant
500204393,"SENSOR,FLOW,VERTICAL,BS,AB,LEFT","ASM-Pacific,Phoenix",3,0,,0.0,0.0,0.0,0.0,Dormant
500204394,DIE TRANSFER ARM VAC SENSOR,"ASM-Pacific,Phoenix;ASM-Pacific,Firebird",3,0,,0.0,0.0,0.0,0.0,Dormant
500204395,(BS-L)HEATED PEDESTAL VAC SNR 1(L),"ASM-Pacific,Phoenix",3,0,,0.0,0.0,0.0,0.0,Dormant
500204396,PHOTOELECTRIC SENSOR OADM 12U6430/S35A,"ASM-Pacific,Phoenix;ASM-Pacific,Firebird",3,0,,0.0,0.0,0.0,0.0,Dormant
500204397,"SENSOR,VACUUM,PEDESTAL,HEATED,BS,LEFT,2","ASM-Pacific,Phoenix",3,0,,0.0,0.0,0.0,0.0,Dormant
500204398,"SENSOR,VACUUM,PEDESTAL,HEATED,BS,LEFT,3","ASM-Pacific,Phoenix",4,0,,0.0,0.0,0.0,0.0,Dormant
500204399,MASSFLOW SENSOR MCS100A108,"ASM-Pacific,Phoenix",3,0,,0.0,0.0,0.0,0.0,Dormant
500204400,"SENSOR,VACUUM,PEDESTAL,HEATED,BS,LEFT,4","ASM-Pacific,Phoenix",4,0,,0.0,0.0,0.0,0.0,Dormant
500204401,"SENSOR,VACUUM,PEDESTAL,HEATED,BS,RIGHT,1","ASM-Pacific,Phoenix;GENERIC",4,0,,0.0,0.0,0.0,0.0,Dormant
500204402,"SENSOR,VACUUM,PEDESTAL,HEATED,BS,RIGHT,3","ASM-Pacific,Phoenix",3,0,,0.0,0.0,0.0,0.0,Dormant
500204403,(BH)BH AIR BEARING SOL,"ASM-Pacific,Phoenix",4,0,,0.0,0.0,0.0,0.0,Dormant
500204404,"SENSOR,VACUUM,PEDESTAL,HEATED,BS,RIGHT,2","ASM-Pacific,Phoenix",4,0,,0.0,0.0,0.0,0.0,Dormant
500204405,(DTA)DIE TRANSFER ARM BLOW SOL,"ASM-Pacific,Firebird;ASM-Pacific,Phoenix",3,0,,0.0,0.0,0.0,0.0,Dormant
500204406,"SENSOR,VACUUM,PEDESTAL,HEATED,BS,RIGHT,4","ASM-Pacific,Phoenix",4,0,,0.0,0.0,0.0,0.0,Dormant
500204407,"SENSOR,VAC,STA-L,COVER.STRIP,THETA,1(L)","ASM-Pacific,Phoenix;ASM-Pacific,Firebird",4,0,,0.0,0.0,0.0,0.0,Dormant
500204408,(STA-L)STA FOR COVER/STRIP VAC SNR 2(L),"ASM-Pacific,Phoenix;ASM-Pacific,Firebird",3,0,,0.0,0.0,0.0,0.0,Dormant
500204409,POST HEAT STATION VAC SOL 4(R),"ASM-Pacific,Phoenix",3,0,,0.0,0.0,0.0,0.0,Dormant
500204410,(STA-R)COVER VACUUM SOL,"ASM-Pacific,Phoenix",3,0,,0.0,0.0,0.0,0.0,Dormant
500204411,(DTA)DIE TRANSFER ARM VAC SOL,"ASM-Pacific,Firebird;Generic;ASM-Pacific,Phoenix",3,0,,0.0,0.0,0.0,0.0,Dormant
500204412,"MCB 2P 400V 25A,5-10X25A","GENERIC;ASM-Pacific,Phoenix",3,0,,0.0,0.0,0.0,0.0,Dormant
500204413,BD STAGE AB FLOW SWITCH(L),"ASM-Pacific,Phoenix;GENERIC",3,0,,0.0,0.0,0.0,0.0,Dormant
500204414,"SWITCH,FLOW,BS,AB,RIGHT","ASM-Pacific,Phoenix;GENERIC",3,0,,0.0,0.0,0.0,0.0,Dormant
500204415,(STA-R)SUBSTRATE VACUUM SOL,"ASM-Pacific,Phoenix;GENERIC",3,0,,0.0,0.0,0.0,0.0,Dormant
500204416,Z  STOPPER,"ASM-Pacific,Phoenix;GENERIC",3,0,,0.0,0.0,0.0,0.0,Dormant
500204417,"MCB 4P 415V 25A,10-20X25A","ASM-Pacific,Phoenix",4,0,,0.0,0.0,0.0,0.0,Dormant
500204418,"SWITCH,FLOW,VACUUM,CARRIAGE,PRELOAD,BH","GENERIC;ASM-Pacific,Phoenix",3,0,,0.0,0.0,0.0,0.0,Dormant
500204419,3U SMPS-10 ASSY24V&48V)_NO FRONT PANEL.,"TCB_Generic;Generic;ASM-Pacific,Phoenix",3,0,,0.0,0.0,0.0,0.0,Dormant
500204420,(IO)DIE TRANSFER/PICK ARM VAC SWITCH,"GENERIC;ASM-Pacific,Phoenix",3,0,,0.0,0.0,0.0,0.0,Dormant
500204421,BH VAC REGULATOR BYPASS SOL,"ASM-Pacific,Firebird;Generic;ASM-Pacific,Phoenix",3,0,,0.0,0.0,0.0,0.0,Dormant
500204422,BRANCH TEE UNION,"GENERIC;ASM-Pacific,Phoenix",3,0,,0.0,0.0,0.0,0.0,Dormant
500204448,FEMALE CRIMP TERMINAL PIN,"ASM-Pacific,Firebird;ASM-Pacific,Phoenix;ASM Pacific,BP3000",2,0,,0.0,0.0,0.0,0.0,Dormant
500204966,3200X2200-W-N-L-20-A-YYMMDD-AXXXX,"ASM-Pacific,Firebird;Generic;ASM-Pacific,Phoenix",3,0,,0.0,0.0,0.0,0.0,Dormant
500204967,0880X0880-W-N-L-20-A-YYMMDD-AXXXX,"Generic;ASM-Pacific,Phoenix;ASM-Pacific,Firebird",3,0,,0.0,0.0,0.0,0.0,Dormant
500204968,"NOZZLE SOKO 28XX 4KT2,7","ASM-Pacific,Phoenix;ASM-Pacific,Firebird",1,0,,0.0,0.0,0.0,0.0,No-history
500204969,NOZZLE SOKO 20XX 1.7X1.7,"ASM-Pacific,Phoenix",3,0,,0.0,0.0,0.0,0.0,Dormant
500204970,"COLLET,RUBBER,TIP,4.06X8.13MM","GENERIC;ASM-Pacific,Phoenix",4,1,4.0,0.0,0.75,0.95,0.27,Intermittent
500204971,"SUCTION CUP 160""","ASM-Pacific,Firebird;Generic;ASM-Pacific,Phoenix",2,0,,0.0,0.0,0.0,0.0,Dormant
500205285,WATER FILTER SPANNER WRENCH,Heller 2017 MK III;Heller HRF;Heller FAR;Heller 2017 Formic Acid,2,0,,0.0,0.0,0.0,0.0,Dormant
500206182,"1/2"" Hose Clamp",Heller HRF;Heller FAR;Heller 2017 Formic Acid;Heller 2017 MK III,1,0,,0.0,0.0,0.0,0.0,No-history
500207208,SPECTRUM VALVE CLAMP,Asymtek S912;Asymtek S932,3,0,,0.0,0.0,0.0,0.0,Dormant
500209139,"TCB NOZZLE BDW ULT 2+3 U1,G37465 CVD","GENERIC;ASM-Pacific,Phoenix",4,0,,0.0,0.0,0.0,0.0,Dormant
500209140,"TCB NOZZLE BDW ULT U2,G37470 CVD","ASM-Pacific,Phoenix",4,0,,0.0,0.0,0.0,0.0,Dormant
500211453,(DPA) NOZZLE 20XX RUBBER TIP D4.064,"ASM-Pacific,Firebird;ASM-Pacific,Phoenix",4,1,4.0,0.0,0.25,0.95,0.729,Intermittent
500212197,"BOARD,GRAPHIC,CAMERA,LINK","OMRON,3DXRAY,VT-X900",1,0,,0.0,0.0,0.0,0.0,No-history
500212198,"AMPLIFIER,FIBER","OMRON,3DXRAY,VT-X900",1,0,,0.0,0.0,0.0,0.0,No-history
500212199,"BOARD,IMAGE,CAPTURE","OMRON,3DXRAY,VT-X900",1,0,,0.0,0.0,0.0,0.0,No-history
500212200,"CABLE,VIDEO","OMRON,3DXRAY,VT-X900",1,0,,0.0,0.0,0.0,0.0,No-history
500212201,"CABLE,VIDEO,EXTENSION","OMRON,3DXRAY,VT-X900",1,0,,0.0,0.0,0.0,0.0,No-history
500212202,"CAMERA,5M,CUBIC,CAMERA,LINKED","OMRON,3DXRAY,VT-X900",1,0,,0.0,0.0,0.0,0.0,No-history
500212203,"CONTROLLER,SENSOR,DISPLACEMENT","OMRON,3DXRAY,VT-X900",1,0,,0.0,0.0,0.0,0.0,No-history
500212204,"CAMERA,DIGITAL,INTENSIFIER","OMRON,3DXRAY,VT-X900",3,0,,0.0,0.0,0.0,0.0,Dormant
500212205,"CONTROLLER,TURBO,PUMP","OMRON,3DXRAY,VT-X900",1,0,,0.0,0.0,0.0,0.0,No-history
500212206,"DISK,TARGET,ORING,GLOBE","OMRON,3DXRAY,VT-X900",3,1,3.0,0.0,0.333,0.3167,0.1,Intermittent
500212207,"DRIVER,MOTOR,TA,ZB1-2,XC,YC,ZC,TC,AXIS","OMRON,3DXRAY,VT-X900",1,0,,0.0,0.0,0.0,0.0,No-history
500212208,"DRIVER,MOTOR,XA1-2,YA1-2,AXIS","OMRON,3DXRAY,VT-X900",1,0,,0.0,0.0,0.0,0.0,No-history
500212209,"DRIVER,MOTOR,XR,YR,AXIS","OMRON,3DXRAY,VT-X900",1,0,,0.0,0.0,0.0,0.0,No-history
500212210,"FILAMENT,TUNGSTEN,CATHODE","OMRON,3DXRAY,VT-X900",3,0,,0.0,0.0,0.0,0.0,Dormant
500212211,"GAUGE,VACUUM","OMRON,3DXRAY,VT-X900",3,0,,0.0,0.0,0.0,0.0,Dormant
500212213,LED,"OMRON,3DXRAY,VT-X900",1,0,,0.0,0.0,0.0,0.0,No-history
500212214,"MONITOR,TOUCH,PANEL","OMRON,3DXRAY,VT-X900",1,0,,0.0,0.0,0.0,0.0,No-history
500212215,"MOTOR,TC,AXIS","OMRON,3DXRAY,VT-X900",1,0,,0.0,0.0,0.0,0.0,No-history
500212216,"MOTOR,TA,AXIS","OMRON,3DXRAY,VT-X900",1,0,,0.0,0.0,0.0,0.0,No-history
500212217,"MOTOR,XA1-2,YA1-2,AXIS","OMRON,3DXRAY,VT-X900",1,0,,0.0,0.0,0.0,0.0,No-history
500212218,"MOTOR,XC,YC,AXIS","OMRON,3DXRAY,VT-X900",1,0,,0.0,0.0,0.0,0.0,No-history
500212219,"MOTOR,XR,YR,AXIS","OMRON,3DXRAY,VT-X900",1,0,,0.0,0.0,0.0,0.0,No-history
500212220,"MOTOR,ZB1-2,AXIS","OMRON,3DXRAY,VT-X900",1,0,,0.0,0.0,0.0,0.0,No-history
500212221,"MOTOR,ZC,AXIS","OMRON,3DXRAY,VT-X900",1,0,,0.0,0.0,0.0,0.0,No-history
500212222,"PC,INSPECTION","OMRON,3DXRAY,VT-X900",1,0,,0.0,0.0,0.0,0.0,No-history
500212223,"PC,SERVER","OMRON,3DXRAY,VT-X900",1,0,,0.0,0.0,0.0,0.0,No-history
500212224,"PUMP,TURBO","OMRON,3DXRAY,VT-X900",1,0,,0.0,0.0,0.0,0.0,No-history
500212226,"PUMP,VACUUM,ROTARY","OMRON,3DXRAY,VT-X900",1,0,,0.0,0.0,0.0,0.0,No-history
500212227,"SENSOR,PHOTO","Delta,Summit,ATC;OMRON,3DXRAY,VT-X900",3,0,,0.0,0.0,0.0,0.0,Dormant
500212228,"SENSOR,CYLINDER","OMRON,3DXRAY,VT-X900",1,0,,0.0,0.0,0.0,0.0,No-history
500212229,"SENSOR,PHOTO,ELECTRIC,EMBEDDED","OMRON,3DXRAY,VT-X900",1,0,,0.0,0.0,0.0,0.0,No-history
500212230,"SUPPLY,POWER,LED","OMRON,3DXRAY,VT-X900",1,0,,0.0,0.0,0.0,0.0,No-history
500212231,"SWITCH,1,SAFETY,DOOR","OMRON,3DXRAY,VT-X900",1,0,,0.0,0.0,0.0,0.0,No-history
500212232,"SWITCH,2,SAFETY,DOOR","OMRON,3DXRAY,VT-X900",3,0,,0.0,0.0,0.0,0.0,Dormant
500212233,"SWITCH,MECHANICAL","OMRON,3DXRAY,VT-X900",1,0,,0.0,0.0,0.0,0.0,No-history
500212234,"SWITCH,NON-CONTACT,DOOR","OMRON,3DXRAY,VT-X900",1,0,,0.0,0.0,0.0,0.0,No-history
500212235,CONTROLLER FOR OUTPUT VOLTAGE TO AN XRAY,"OMRON,3DXRAY,VT-X900",3,0,,0.0,0.0,0.0,0.0,Dormant
500212256,NOZZLE CVD 1322X0582-B-P-S-05,"GENERIC;ASM-Pacific,Phoenix",4,0,,0.0,0.0,0.0,0.0,Dormant
500212257,PEDESTAL CONVERSION TOOL ASSY,"GENERIC;ASM-Pacific,Phoenix",3,0,,0.0,0.0,0.0,0.0,Dormant
500212770,CAP SENSOR MOTOR ASSY,"ASM-Pacific,Firebird;ASM-Pacific,Phoenix",4,0,,0.0,0.0,0.0,0.0,Dormant
500214051,PULLEY2 CLAMPTOR,"ASM-Pacific,Firebird;ASM-Pacific,Phoenix",3,0,,0.0,0.0,0.0,0.0,Dormant
500214054,BALL SCREW PULLEY,"ASM-Pacific,Phoenix;ASM-Pacific,Firebird",3,0,,0.0,0.0,0.0,0.0,Dormant
500214059,Y MOTOR PULLEY,"ASM Pacific,BP3000;ASM-Pacific,Phoenix",3,0,,0.0,0.0,0.0,0.0,Dormant
500214132,TIMING PULLEY ST126AT10/30-2,"ASM-Pacific,Phoenix;ASM-Pacific,Firebird",3,0,,0.0,0.0,0.0,0.0,Dormant
500218161,CALIBRATIION GLASS 22X33X2.3(MM),"GENERIC;ASM-Pacific,Phoenix",4,0,,0.0,0.0,0.0,0.0,Dormant
500218162,"CALIBRATION GLASS ""BASE"" 66X66X2.3 (MM)","ASM-Pacific,Phoenix",3,0,,0.0,0.0,0.0,0.0,Dormant
500218163,USB PCIE CONTROLLER CARD,"ASM-Pacific,Phoenix",3,0,,0.0,0.0,0.0,0.0,Dormant
500218164,"CAMERA, DDLO, WD20, CABLE-REAR","ASM-Pacific,Phoenix",3,0,,0.0,0.0,0.0,0.0,Dormant
500218165,"CAMERA, DDLO, WD20, CABLE-SIDE","ASM-Pacific,Phoenix;ASMP ACW",3,0,,0.0,0.0,0.0,0.0,Dormant
500218166,N2 SUPPLY 1 SWITCH SOL,"ASM-Pacific,Phoenix",3,0,,0.0,0.0,0.0,0.0,Dormant
500218171,N2 SUPPLY 2 SWITCH SOL,"GENERIC;ASM-Pacific,Phoenix",5,0,,0.0,0.0,0.0,0.0,Dormant
500218172,"CABLE,OXYGEN,MONITORING,SYSTEM,ASSEMBLY","ASM-Pacific,Phoenix",3,0,,0.0,0.0,0.0,0.0,Dormant
500218173,RVS PC,"OMRON,3DXRAY,VT-X900",1,0,,0.0,0.0,0.0,0.0,No-history
500218174,"OMRON X900 OIL, ROTARY PUMP","OMRON,3DXRAY,VT-X900",4,0,,0.0,0.0,0.0,0.0,Dormant
500219251,NOZZLE CVD 1007X0877-B-P-S-05,"ASM-Pacific,Phoenix",4,0,,0.0,0.0,0.0,0.0,Dormant
500219695,PLC BATTERY,"OMRON,3DXRAY,VT-X900",3,0,,0.0,0.0,0.0,0.0,Dormant
500219697,"BATTERY,UPS,PACK,1","OMRON,3DXRAY,VT-X900",3,0,,0.0,0.0,0.0,0.0,Dormant
500219698,"BATTERY,UPS,PACK,2","OMRON,3DXRAY,VT-X900",4,0,,0.0,0.0,0.0,0.0,Dormant
500219733,"MOTOR,STA,COS,SVR,STA-R,THETA,ASSEMBLY","ASM-Pacific,Firebird;ASM-Pacific,Phoenix",3,0,,0.0,0.0,0.0,0.0,Dormant
500219734,A/C BALL BEARING 10 X 26 X 8 C9,"ASM-Pacific,Phoenix",3,0,,0.0,0.0,0.0,0.0,Dormant
500219735,SOC HD CAP SCREW M3X10 ALLOY ST NI PLT,"ASM-Pacific,Phoenix;GENERIC",3,0,,0.0,0.0,0.0,0.0,Dormant
500219736,"B-SCREW 10-10X78.5X26D38, P-C3","GENERIC;ASM-Pacific,Phoenix",3,0,,0.0,0.0,0.0,0.0,Dormant
500219737,LM GUIDE HSR10R2UUC1M+120LSPM-II,"ASM-Pacific,Phoenix;ASM-Pacific,Firebird",3,0,,0.0,0.0,0.0,0.0,Dormant
500219738,BEARING COVER,"ASM-Pacific,Phoenix",3,0,,0.0,0.0,0.0,0.0,Dormant
500219739,STZ MOTOR MOUNT,"ASM-Pacific,Phoenix",3,0,,0.0,0.0,0.0,0.0,Dormant
500219740,STA Z PLATE,"ASM-Pacific,Phoenix",3,0,,0.0,0.0,0.0,0.0,Dormant
500219741,NUT HOLDER MIRROR,"ASM-Pacific,Phoenix",3,0,,0.0,0.0,0.0,0.0,Dormant
500219742,SPRING HOLDING SHAFT,"ASM-Pacific,Phoenix;GENERIC",3,0,,0.0,0.0,0.0,0.0,Dormant
500219743,STA-R Z MOTOR MOUNT,"ASM-Pacific,Phoenix",3,0,,0.0,0.0,0.0,0.0,Dormant
500219744,(EW) M10X1 NUT 2,"ASM-Pacific,Phoenix",3,0,,0.0,0.0,0.0,0.0,Dormant
500219745,Z MOTOR PULLEY MOUNT R,"ASM-Pacific,Phoenix",3,0,,0.0,0.0,0.0,0.0,Dormant
500219746,PULLEY,"ASM-Pacific,Phoenix",3,0,,0.0,0.0,0.0,0.0,Dormant
500219747,"PULLEY,30,STA-L","ASM-Pacific,Phoenix",3,0,,0.0,0.0,0.0,0.0,Dormant
500219748,PICKHEAD INTERFACE ASSY,"ASM-Pacific,Phoenix",3,0,,0.0,0.0,0.0,0.0,Dormant
500219749,PICKHEAD INTERFACE SHAFT,"ASM-Pacific,Phoenix;GENERIC",3,0,,0.0,0.0,0.0,0.0,Dormant
500219750,DOWEL PIN D3 X L15,"ASM-Pacific,Phoenix",3,0,,0.0,0.0,0.0,0.0,Dormant
500219751,MOD IDLER ASSY,"ASM-Pacific,Phoenix",4,0,,0.0,0.0,0.0,0.0,Dormant
500219752,PICKHEAD INTERFACE PLATE ASSY,"ASM-Pacific,Phoenix",3,0,,0.0,0.0,0.0,0.0,Dormant
500219753,MEDIA BUFFER HANDLER V2 (MBH),"ASM-Pacific,Phoenix",3,0,,0.0,0.0,0.0,0.0,Dormant
500219754,DIN MOUNTING RAIL NS35 (30MM),"ASM-Pacific,Phoenix",3,0,,0.0,0.0,0.0,0.0,Dormant
500219755,E-CHAIN MOUNTING Z FIXEND(R),"ASM-Pacific,Phoenix",3,0,,0.0,0.0,0.0,0.0,Dormant
500219756,CABLE SUPPORT(R),"ASM-Pacific,Phoenix;GENERIC",3,0,,0.0,0.0,0.0,0.0,Dormant
500219757,E-CHAIN MOUNTING Z MOVING(R),"ASM-Pacific,Phoenix",3,0,,0.0,0.0,0.0,0.0,Dormant
500219758,E-CHAIN MOUNTING Y FIXEND(R),"ASM-Pacific,Phoenix",3,0,,0.0,0.0,0.0,0.0,Dormant
500219759,E-CHAIN MOUNTING Y MOVING(R),"ASM-Pacific,Phoenix",3,0,,0.0,0.0,0.0,0.0,Dormant
500219760,E-CHAIN COVER(R),"ASM-Pacific,Phoenix",3,0,,0.0,0.0,0.0,0.0,Dormant
500219761,CONNECTOR MOUNTING (X),"ASM-Pacific,Phoenix",3,0,,0.0,0.0,0.0,0.0,Dormant
500219762,E-CHAIN MOUNTING Z FIXEND(L),"ASM-Pacific,Phoenix",3,0,,0.0,0.0,0.0,0.0,Dormant
500219763,E-CHAIN MOUNTING Z MOVING(L),"ASM-Pacific,Phoenix",3,0,,0.0,0.0,0.0,0.0,Dormant
500219764,CABLE SUPPORT(L),"ASM-Pacific,Phoenix;GENERIC",3,0,,0.0,0.0,0.0,0.0,Dormant
500219765,E-CHAIN MOUNTING Y MOVING(L),"ASM-Pacific,Phoenix",3,0,,0.0,0.0,0.0,0.0,Dormant
500219766,E-CHAIN MOUNTING Y FIXEND(L),"ASM-Pacific,Phoenix",3,0,,0.0,0.0,0.0,0.0,Dormant
500219767,E-CHAIN COVER(I),"ASM-Pacific,Phoenix",3,0,,0.0,0.0,0.0,0.0,Dormant
500219768,E-CHAIN SUPPORT Z MOVING(L&R),"ASM-Pacific,Phoenix",3,0,,0.0,0.0,0.0,0.0,Dormant
500219769,E-CHAIN SUPPORT Z FIXEND(L),"ASM-Pacific,Phoenix",3,0,,0.0,0.0,0.0,0.0,Dormant
500219770,CLAMP 1,"ASM-Pacific,Phoenix",3,0,,0.0,0.0,0.0,0.0,Dormant
500219771,CLAMP 2,"ASM-Pacific,Phoenix",3,0,,0.0,0.0,0.0,0.0,Dormant
500219772,E-CHAIN MOUNTING SUPPORT L,"ASM-Pacific,Phoenix",3,0,,0.0,0.0,0.0,0.0,Dormant
500219773,E-CHAIN MOUNTING SUPPORT R,"ASM-Pacific,Phoenix",3,0,,0.0,0.0,0.0,0.0,Dormant
500219774,E-CHAIN SUPPORT Z MOVING(L),"ASM-Pacific,Phoenix",3,0,,0.0,0.0,0.0,0.0,Dormant
500219775,MEDIA BUFFER TABLE (MBT),"GENERIC;ASM-Pacific,Phoenix",3,0,,0.0,0.0,0.0,0.0,Dormant
500219776,MBH Y SNR FLAG,"GENERIC;ASM-Pacific,Phoenix",3,0,,0.0,0.0,0.0,0.0,Dormant
500219777,MBH Z SNR FLAG,"ASM-Pacific,Phoenix;GENERIC",3,0,,0.0,0.0,0.0,0.0,Dormant
500219778,(WC) Z- BRAKE SHAFT ASSY,"ASM-Pacific,Firebird;ASM-Pacific,Phoenix;Generic",3,0,,0.0,0.0,0.0,0.0,Dormant
500219779,PARALLEL KEY B2 X H2 X L10,"ASM-Pacific,Phoenix",4,0,,0.0,0.0,0.0,0.0,Dormant
500219780,A/C BALL BEARING 10 X 26 X 8 C7 NSK,"ASM-Pacific,Phoenix",3,0,,0.0,0.0,0.0,0.0,Dormant
500219781,"SPACER,BEARING,OD13XID10,W1,WC,ZBRAKE","GENERIC;ASM-Pacific,Phoenix",3,0,,0.0,0.0,0.0,0.0,Dormant
500219782,(WC) BRAKE SHAFT SPACER,"GENERIC;ASM-Pacific,Phoenix",3,0,,0.0,0.0,0.0,0.0,Dormant
500219783,(WC) BEARING COVER B26,"ASM-Pacific,Phoenix",3,0,,0.0,0.0,0.0,0.0,Dormant
500219784,"BELT,9MM,PARTS,ASSEMBLY,MBH,","ASM-Pacific,Phoenix",3,0,,0.0,0.0,0.0,0.0,Dormant
500219785,RETAINING RING FOR DIA 8MM STW-8,"ASM-Pacific,Phoenix",3,0,,0.0,0.0,0.0,0.0,Dormant
500219786,"NUT,LOCK,800-90036,WBK10L-01,WC,ZBRAKE","ASM-Pacific,Phoenix",3,0,,0.0,0.0,0.0,0.0,Dormant
500219787,(WC) Z- BRAKE SHAFT,"ASM-Pacific,Phoenix;GENERIC",3,0,,0.0,0.0,0.0,0.0,Dormant
500219788,ROLLER CLUTCH FCB-8 8X14X20,"ASM-Pacific,Phoenix",3,0,,0.0,0.0,0.0,0.0,Dormant
500219789,"PULLEY,BRAKE,1,MBH","ASM-Pacific,Phoenix",3,0,,0.0,0.0,0.0,0.0,Dormant
500219790,MEDIA BUFFER V2 (MB),"ASM-Pacific,Phoenix",3,0,,0.0,0.0,0.0,0.0,Dormant
500219791,MBH BRAKE PULLEY,"ASM-Pacific,Phoenix",3,0,,0.0,0.0,0.0,0.0,Dormant
500219792,MB FRONT PLATE ASSY,"ASM-Pacific,Phoenix",3,0,,0.0,0.0,0.0,0.0,Dormant
500219793,"MOTOR,CONVEYOR,3RDLAYER,MBH","ASM-Pacific,Firebird;ASM-Pacific,Phoenix",3,0,,0.0,0.0,0.0,0.0,Dormant
500219794,MBH  2ND LAYER CONVEYOR MTR ASSY,"ASM-Pacific,Phoenix",4,0,,0.0,0.0,0.0,0.0,Dormant
500219795,MBH 4TH LAYER CONVEYOR MTR ASSY,"TCB_Generic;ASM-Pacific,Phoenix;Generic;ASM-Pacific,Firebird",3,0,,0.0,0.0,0.0,0.0,Dormant
500219796,MBH EXIST SNR (LEVEL1),"ASM-Pacific,Phoenix;TCB_Generic;Generic",3,0,,0.0,0.0,0.0,0.0,Dormant
500219797,MBH EXIST SNR (LEVEL2),"TCB_Generic;Generic;ASM-Pacific,Phoenix",4,0,,0.0,0.0,0.0,0.0,Dormant
500219798,MBH EXIST SNR (LEVEL3),"Generic;ASM-Pacific,Phoenix;TCB_Generic",3,0,,0.0,0.0,0.0,0.0,Dormant
500219799,MBH EXIST SNR (LEVEL4),"Generic;ASM-Pacific,Phoenix;TCB_Generic",3,0,,0.0,0.0,0.0,0.0,Dormant
500219800,SPLINE SHAFT,"GENERIC;ASM-Pacific,Phoenix",3,0,,0.0,0.0,0.0,0.0,Dormant
500219801,MBH CONVEYOR MTR MOUNT,"ASM-Pacific,Phoenix",3,0,,0.0,0.0,0.0,0.0,Dormant
500219802,MBH BASE PLATE,"ASM-Pacific,Phoenix",3,0,,0.0,0.0,0.0,0.0,Dormant
500219804,MBH TRACK WIDTH MTR MOUNT,"ASM-Pacific,Phoenix",3,0,,0.0,0.0,0.0,0.0,Dormant
500219805,MBH LEADSCREW ADAPTOR,"ASM-Pacific,Phoenix",3,0,,0.0,0.0,0.0,0.0,Dormant
500219806,IDLER SPACER,"ASM-Pacific,Phoenix;GENERIC",3,0,,0.0,0.0,0.0,0.0,Dormant
500219807,MBH TRACK WIDTH TURNING NUT,"ASM-Pacific,Phoenix",3,0,,0.0,0.0,0.0,0.0,Dormant
500219808,MBH FRONT PLATE,"ASM-Pacific,Phoenix",3,0,,0.0,0.0,0.0,0.0,Dormant
500219809,"PULLEY,TRACK,WIDTH,HOLEDIA5,MBH","ASM-Pacific,Phoenix",3,0,,0.0,0.0,0.0,0.0,Dormant
500219810,MBH FRONT SENSOR MOUNT (L SHAPE),"ASM-Pacific,Phoenix;GENERIC",3,0,,0.0,0.0,0.0,0.0,Dormant
500219811,MBH FRONT TOP SENSOR MOUNT (R),"GENERIC;ASM-Pacific,Phoenix",3,0,,0.0,0.0,0.0,0.0,Dormant
500219812,MBH FRONT TOP SENSOR MOUNT (L),"ASM-Pacific,Phoenix;GENERIC",3,0,,0.0,0.0,0.0,0.0,Dormant
500219813,MBH FRONT SENSOR MOUNT (L),"ASM-Pacific,Phoenix;GENERIC",3,0,,0.0,0.0,0.0,0.0,Dormant
500219814,MBH FRONT SENSOR MOUNT (R),"GENERIC;ASM-Pacific,Phoenix",3,0,,0.0,0.0,0.0,0.0,Dormant
500219815,MB REAR PLATE ASSY,"ASM-Pacific,Phoenix",3,0,,0.0,0.0,0.0,0.0,Dormant
500219816,MBH SUPPORT BAR,"ASM-Pacific,Phoenix",3,0,,0.0,0.0,0.0,0.0,Dormant
500219817,MBH UPWARD STOPPER,"ASM-Pacific,Phoenix;GENERIC",3,0,,0.0,0.0,0.0,0.0,Dormant
500219818,MBH TRACK COVER,"ASM-Pacific,Phoenix",3,0,,0.0,0.0,0.0,0.0,Dormant
500219819,MBH REAR TOP SENSOR MOUNT,"ASM-Pacific,Phoenix;GENERIC",3,0,,0.0,0.0,0.0,0.0,Dormant
500219820,MBH REAR PLATE,"ASM-Pacific,Phoenix",3,0,,0.0,0.0,0.0,0.0,Dormant
500219821,MBH TOP TRACK COVER,"ASM-Pacific,Phoenix",3,0,,0.0,0.0,0.0,0.0,Dormant
500219822,MBH REAR SENSOR MOUNT,"GENERIC;ASM-Pacific,Phoenix",3,0,,0.0,0.0,0.0,0.0,Dormant
500219823,MBH REAR SENSOR MOUNT,"ASM-Pacific,Phoenix",3,0,,0.0,0.0,0.0,0.0,Dormant
500219824,POST HEAT STATION - L (PS-L),"ASM-Pacific,Phoenix;GENERIC",3,0,,0.0,0.0,0.0,0.0,Dormant
500219825,"PULLEY,SLIDING,MBH,ASSEMBLY","ASM-Pacific,Firebird;ASM-Pacific,Phoenix",3,0,,0.0,0.0,0.0,0.0,Dormant
500219826,PS COVER ASSY,"ASM-Pacific,Phoenix",3,0,,0.0,0.0,0.0,0.0,Dormant
500219827,CONDENSER,"ASM-Pacific,Phoenix",3,0,,0.0,0.0,0.0,0.0,Dormant
500219828,PS L COVER ASSY,"ASM-Pacific,Phoenix",3,0,,0.0,0.0,0.0,0.0,Dormant
500219829,CYLINDER MOUNT LEFT,"ASM-Pacific,Phoenix",3,0,,0.0,0.0,0.0,0.0,Dormant
500219830,PS COVER CYLINDER ASSY LEFT,"ASM-Pacific,Phoenix",3,0,,0.0,0.0,0.0,0.0,Dormant
500219831,POST HEAT STATION - R (PS-R),"ASM-Pacific,Phoenix;GENERIC",3,0,,0.0,0.0,0.0,0.0,Dormant
500219833,TCB PEDESTAL TORLON SPACER 2,"ASM-Pacific,Phoenix;GENERIC",3,0,,0.0,0.0,0.0,0.0,Dormant
500219834,PS BASE,"ASM-Pacific,Phoenix",3,0,,0.0,0.0,0.0,0.0,Dormant
500219835,HEATER BLOCK INSULATION,"ASM-Pacific,Phoenix",3,0,,0.0,0.0,0.0,0.0,Dormant
500219836,VAC ADAPTOR (BOTTOM),"ASM-Pacific,Phoenix",3,0,,0.0,0.0,0.0,0.0,Dormant
500219837,VAC ADAPTOR (SIDE),"ASM-Pacific,Phoenix",3,0,,0.0,0.0,0.0,0.0,Dormant
500219838,NEW TORLON SPACER,"ASM-Pacific,Phoenix;GENERIC",3,0,,0.0,0.0,0.0,0.0,Dormant
500219839,CONDENSER  RIGHT,"ASM-Pacific,Phoenix",3,0,,0.0,0.0,0.0,0.0,Dormant
500219840,PS THERMOSTAT MOUNT,"GENERIC;ASM-Pacific,Phoenix",3,0,,0.0,0.0,0.0,0.0,Dormant
500219841,HOSE ELBOW FITTING M-5HLH-4,"ASM-Pacific,Phoenix;ASM-Pacific,Firebird",3,0,,0.0,0.0,0.0,0.0,Dormant
500219843,"BLOCK,HEATED,TCB,PEDESTAL,ASSEMBLY","ASM-Pacific,Phoenix",3,0,,0.0,0.0,0.0,0.0,Dormant
500219844,TCB PEDESTAL HEATER ZONE 1,"ASM-Pacific,Phoenix",3,0,,0.0,0.0,0.0,0.0,Dormant
500219846,TCB PEDESTAL THERMOCOUPLE 2,"ASM-Pacific,Phoenix;GENERIC",3,0,,0.0,0.0,0.0,0.0,Dormant
500219847,TCB PEDESTAL HEATER ZONE 2,"ASM-Pacific,Firebird;ASM-Pacific,Phoenix",3,0,,0.0,0.0,0.0,0.0,Dormant
500219848,TCB PEDESTAL THERMOCOUPLE 4,"GENERIC;ASM-Pacific,Phoenix",3,0,,0.0,0.0,0.0,0.0,Dormant
500219849,"HEATER,TCB,PEDESTAL,ZONE,4","ASM-Pacific,Phoenix",3,0,,0.0,0.0,0.0,0.0,Dormant
500219850,TCB PEDESTAL HEATER ZONE 3,"ASM-Pacific,Phoenix;ASM-Pacific,Firebird",3,0,,0.0,0.0,0.0,0.0,Dormant
500219851,THERMOCOUPLR FIXTURE,"ASM-Pacific,Phoenix",3,0,,0.0,0.0,0.0,0.0,Dormant
500219852,HEATER FIXTURE,"ASM-Pacific,Phoenix",3,0,,0.0,0.0,0.0,0.0,Dormant
500219853,0.5MM MICA SPACER,"ASM-Pacific,Phoenix;Generic",5,0,,0.0,0.0,0.0,0.0,Dormant
500219854,COS-R X PUSHER ASSY,"ASM-Pacific,Phoenix",4,0,,0.0,0.0,0.0,0.0,Dormant
500219855,HW OUTPUT CONVEYOR,"ASM-Pacific,Phoenix",3,0,,0.0,0.0,0.0,0.0,Dormant
500219856,CONNECTOR MOUNTING (HWL),"ASM-Pacific,Phoenix",3,0,,0.0,0.0,0.0,0.0,Dormant
500219857,CABLE MOUNTING FIX END(HWM FRONT),"ASM-Pacific,Phoenix",3,0,,0.0,0.0,0.0,0.0,Dormant
500219858,HW BASE ASSY,"ASM-Pacific,Phoenix",3,0,,0.0,0.0,0.0,0.0,Dormant
500219859,HW BASE,"ASM-Pacific,Phoenix",3,0,,0.0,0.0,0.0,0.0,Dormant
500219860,HW Y ADJUSTMENT BASE,"ASM-Pacific,Phoenix",3,0,,0.0,0.0,0.0,0.0,Dormant
500219861,HW Z ADJUSTMENT BASE,"ASM-Pacific,Phoenix",3,0,,0.0,0.0,0.0,0.0,Dormant
500219862,HW Y ADJUSTMENT BLOCK,"ASM-Pacific,Phoenix",3,0,,0.0,0.0,0.0,0.0,Dormant
500219863,HW CONVEYOR TRACK WIDTH STOPPER,"ASM-Pacific,Phoenix;GENERIC",3,0,,0.0,0.0,0.0,0.0,Dormant
500219864,TRAY COPLANARITY ADJUSTMENT ASSY,"ASM-Pacific,Phoenix;GENERIC",3,0,,0.0,0.0,0.0,0.0,Dormant
500219865,CAH 58-00044 MTR ASSY,"TCB_Generic;ASM-Pacific,Phoenix;Generic",3,0,,0.0,0.0,0.0,0.0,Dormant
500219866,TRACK WIDTH MTR&ENC ASSY,"ASM-Pacific,Phoenix;Generic;TCB_Generic",3,0,,0.0,0.0,0.0,0.0,Dormant
500219867,HWOP FRONT TRACK ASSY,"GENERIC;ASM-Pacific,Phoenix",3,0,,0.0,0.0,0.0,0.0,Dormant
500219868,"SENSOR,CONVEYOR,OUT,HWOP","TCB_Generic;Generic;ASM-Pacific,Phoenix",3,0,,0.0,0.0,0.0,0.0,Dormant
500219869,HWOP OUT SNR,"TCB_Generic;Generic;ASM-Pacific,Phoenix",3,0,,0.0,0.0,0.0,0.0,Dormant
500219870,HWOP (BY PASS) MID,"TCB_Generic;Generic;ASM-Pacific,Phoenix",3,0,,0.0,0.0,0.0,0.0,Dormant
500219871,(HW)OP CONVEYOR IN UP,"Generic;ASM-Pacific,Phoenix;TCB_Generic",3,0,,0.0,0.0,0.0,0.0,Dormant
500219872,(HW)OP CONVEYOR IN DOWN,"ASM-Pacific,Phoenix;Generic;TCB_Generic",3,0,,0.0,0.0,0.0,0.0,Dormant
500219873,HWOP (BY PASS) IN,"TCB_Generic;Generic;ASM-Pacific,Phoenix",3,0,,0.0,0.0,0.0,0.0,Dormant
500219875,HWIP TRACK SNR DOWN MOUNT,"GENERIC;ASM-Pacific,Phoenix",3,0,,0.0,0.0,0.0,0.0,Dormant
500219876,MOUNTING BASE (R),"ASM-Pacific,Phoenix",3,0,,0.0,0.0,0.0,0.0,Dormant
500219877,HW DN SNR MNT,"ASM-Pacific,Phoenix;GENERIC",3,0,,0.0,0.0,0.0,0.0,Dormant
500219878,HWOP OUT SNR MNT,"ASM-Pacific,Phoenix;GENERIC",3,0,,0.0,0.0,0.0,0.0,Dormant
500219879,HW OP MID SNR MOUNT,"GENERIC;ASM-Pacific,Phoenix",3,0,,0.0,0.0,0.0,0.0,Dormant
500219880,HWOP REAR TRACK ASSY,"GENERIC;ASM-Pacific,Phoenix",3,0,,0.0,0.0,0.0,0.0,Dormant
500219881,HWOP REAR TRACK,"ASM-Pacific,Phoenix",3,0,,0.0,0.0,0.0,0.0,Dormant
500219882,HWOP FRONT TRACK,"GENERIC;ASM-Pacific,Phoenix",3,0,,0.0,0.0,0.0,0.0,Dormant
500219883,HW TRACK COVER,"ASM-Pacific,Phoenix",3,0,,0.0,0.0,0.0,0.0,Dormant
500219884,CONVEYOR BELT PULLEY (CONNECTION),"ASM Pacific,BP3000;ASM-Pacific,Phoenix;Generic",4,0,,0.0,0.0,0.0,0.0,Dormant
500219885,DIA 12 IDLER ASSY,"ASM-Pacific,Phoenix",4,0,,0.0,0.0,0.0,0.0,Dormant
500219886,HW IN/OUTPUT TRACK WIDTH FLAG,"ASM-Pacific,Phoenix",3,0,,0.0,0.0,0.0,0.0,Dormant
500219887,SUBSTRATE TRANSFER ARM - L (STA-L),"ASM-Pacific,Phoenix",3,0,,0.0,0.0,0.0,0.0,Dormant
500219888,STA-L MODULE BASE,"ASM-Pacific,Phoenix",3,0,,0.0,0.0,0.0,0.0,Dormant
500219889,COVER 3(STA_L),"ASM-Pacific,Phoenix",3,0,,0.0,0.0,0.0,0.0,Dormant
500219890,E_CHAIN MOUNTING(Z FIXEND)(STA_L),"ASM-Pacific,Phoenix",3,0,,0.0,0.0,0.0,0.0,Dormant
500219891,CABLE COVER 1(STA L),"ASM-Pacific,Phoenix",3,0,,0.0,0.0,0.0,0.0,Dormant
500219892,CABLE COVER 2(STA L),"ASM-Pacific,Phoenix",3,0,,0.0,0.0,0.0,0.0,Dormant
500219893,CABLE COVER 3(STA L),"ASM-Pacific,Phoenix",3,0,,0.0,0.0,0.0,0.0,Dormant
500219894,STA-L Y MOTOR SUPPORT BASE,"ASM-Pacific,Phoenix",3,0,,0.0,0.0,0.0,0.0,Dormant
500219895,Y MOVING END (STA L),"ASM-Pacific,Phoenix",3,0,,0.0,0.0,0.0,0.0,Dormant
500219896,Y CONNECTOR MOUNTING(STA L),"ASM-Pacific,Phoenix",3,0,,0.0,0.0,0.0,0.0,Dormant
500219897,BRACKET 1(L),"ASM-Pacific,Phoenix",3,0,,0.0,0.0,0.0,0.0,Dormant
500219898,TUBE COVER,"ASM-Pacific,Phoenix",3,0,,0.0,0.0,0.0,0.0,Dormant
500219899,ESIO AND CAMERA MOUNING(STA L),"ASM-Pacific,Phoenix",3,0,,0.0,0.0,0.0,0.0,Dormant
500219900,STA L Y CONNECTOR COVER,"ASM-Pacific,Phoenix",3,0,,0.0,0.0,0.0,0.0,Dormant
500219901,STA-L Y TABLE ASSY,"GENERIC;ASM-Pacific,Phoenix",3,0,,0.0,0.0,0.0,0.0,Dormant
500219902,STA Y MOTOR ASSY,"ASM-Pacific,Phoenix;ASM-Pacific,Firebird",3,0,,0.0,0.0,0.0,0.0,Dormant
500219903,SOC HD CAP SCREW M4X14 ALLOY ST NI PLT,"ASM-Pacific,Phoenix;GENERIC",3,0,,0.0,0.0,0.0,0.0,Dormant
500219904,LM GUIDE SHS15V2UUC1+1000LP-II,"ASM-Pacific,Phoenix",3,0,,0.0,0.0,0.0,0.0,Dormant
500219905,STA-L Y MOTOR BASE,"ASM-Pacific,Phoenix",3,0,,0.0,0.0,0.0,0.0,Dormant
500219906,Z LIMIT SNR MNT,"GENERIC;ASM-Pacific,Phoenix",3,0,,0.0,0.0,0.0,0.0,Dormant
500219907,STA Y MOVING PLATE,"ASM-Pacific,Phoenix",3,0,,0.0,0.0,0.0,0.0,Dormant
500219908,STA ENCODER MOUNT,"ASM-Pacific,Phoenix",3,0,,0.0,0.0,0.0,0.0,Dormant
500219909,Y MTR BASE COVER,"ASM-Pacific,Phoenix",3,0,,0.0,0.0,0.0,0.0,Dormant
500219910,STA L HOME SENSOR FLAG,"GENERIC;ASM-Pacific,Phoenix",3,0,,0.0,0.0,0.0,0.0,Dormant
500219911,STA-L Z TABLE ASSY,"ASM-Pacific,Phoenix;GENERIC",3,0,,0.0,0.0,0.0,0.0,Dormant
500219912,STA & COS SVR MTR ASSY,"ASM-Pacific,Firebird;ASM-Pacific,Phoenix",3,0,,0.0,0.0,0.0,0.0,Dormant
500219913,STA L HOME SENSOR MOUNT,"GENERIC;ASM-Pacific,Phoenix",3,0,,0.0,0.0,0.0,0.0,Dormant
500219914,STA Y STOPPER,"GENERIC;ASM-Pacific,Phoenix",3,0,,0.0,0.0,0.0,0.0,Dormant
500219915,Z MOTOR PULLEY MOUNT,"ASM-Pacific,Phoenix",3,0,,0.0,0.0,0.0,0.0,Dormant
500219916,STA-L Z MOTOR MOUNT,"ASM-Pacific,Phoenix",3,0,,0.0,0.0,0.0,0.0,Dormant
500219917,NUT HOLDER,"ASM-Pacific,Phoenix",3,0,,0.0,0.0,0.0,0.0,Dormant
500219918,STA-L THETA ASSY,"GENERIC;ASM-Pacific,Phoenix",3,0,,0.0,0.0,0.0,0.0,Dormant
500219920,"BALL,BEARING,25X42X9,A/C,STA-L,THETA","ASM-Pacific,Phoenix",3,0,,0.0,0.0,0.0,0.0,Dormant
500219921,MOTOR PULLEY CLAMP,"ASM-Pacific,Phoenix",3,0,,0.0,0.0,0.0,0.0,Dormant
500219922,PULLEY (PD DIA 42.67),"ASM-Pacific,Phoenix",3,0,,0.0,0.0,0.0,0.0,Dormant
500219923,PULLEY (PD DIA 18.8),"ASM-Pacific,Phoenix",3,0,,0.0,0.0,0.0,0.0,Dormant
500219924,BEARING COVER,"ASM-Pacific,Phoenix",3,0,,0.0,0.0,0.0,0.0,Dormant
500219925,VACUUM SENSOR CONNECTOR,"ASM-Pacific,Phoenix;GENERIC",3,0,,0.0,0.0,0.0,0.0,Dormant
500219926,LOCK NUT M24,"ASM-Pacific,Phoenix",3,0,,0.0,0.0,0.0,0.0,Dormant
500219927,E_CHAIN MOUNTING(Z MOVING)(STA_L),"ASM-Pacific,Phoenix",3,0,,0.0,0.0,0.0,0.0,Dormant
500219928,BRACKET 2(L),"ASM-Pacific,Phoenix",3,0,,0.0,0.0,0.0,0.0,Dormant
500219929,THETA SNR FLAG (135 DEG),"GENERIC;ASM-Pacific,Phoenix",3,0,,0.0,0.0,0.0,0.0,Dormant
500219930,VACUUM SNR MOUNTING,"ASM-Pacific,Phoenix;GENERIC",3,0,,0.0,0.0,0.0,0.0,Dormant
500219931,TUBE SUPPORT,"GENERIC;ASM-Pacific,Phoenix",3,0,,0.0,0.0,0.0,0.0,Dormant
500219932,THETA STOPPER BLOCK (FRONT),"ASM-Pacific,Phoenix",3,0,,0.0,0.0,0.0,0.0,Dormant
500219933,STA Z SNR FLAG,"GENERIC;ASM-Pacific,Phoenix",3,0,,0.0,0.0,0.0,0.0,Dormant
500219934,STA L OPTICS MOUNT,"ASM-Pacific,Phoenix",3,0,,0.0,0.0,0.0,0.0,Dormant
500219935,THETA STOPPER BLOCK (REAR),"ASM-Pacific,Phoenix",3,0,,0.0,0.0,0.0,0.0,Dormant
500219936,THETA SNR MOUNT,"ASM-Pacific,Phoenix;GENERIC",3,0,,0.0,0.0,0.0,0.0,Dormant
500219937,STA L  THETA TABLE BASE,"ASM-Pacific,Phoenix",3,0,,0.0,0.0,0.0,0.0,Dormant
500219938,STA L THETA TABLE PLATE,"ASM-Pacific,Phoenix",3,0,,0.0,0.0,0.0,0.0,Dormant
500219939,STA L BELT COVER 2,"ASM-Pacific,Phoenix",3,0,,0.0,0.0,0.0,0.0,Dormant
500219940,STA L THETA MOTOR MOUNT,"ASM-Pacific,Phoenix",3,0,,0.0,0.0,0.0,0.0,Dormant
500219941,STA L THETA BELT COVER 1,"ASM-Pacific,Phoenix",3,0,,0.0,0.0,0.0,0.0,Dormant
500219942,LEFT PICKHEAD INTERFACE PLATE ASSY,"ASM-Pacific,Phoenix",3,0,,0.0,0.0,0.0,0.0,Dormant
500219943,LEFT PICKHEAD INTERFACE ASSY,"ASM-Pacific,Phoenix",3,0,,0.0,0.0,0.0,0.0,Dormant
500219944,SUBSTRATE TRANSFER ARM - R (STA-R),"ASM-Pacific,Phoenix",3,0,,0.0,0.0,0.0,0.0,Dormant
500219945,STA-R Y TABLE ASSY,"ASM-Pacific,Phoenix;GENERIC",3,0,,0.0,0.0,0.0,0.0,Dormant
500219946,Y CASTING COVER,"ASM-Pacific,Phoenix",3,0,,0.0,0.0,0.0,0.0,Dormant
500219947,STA Y MOTOR SUPPORT,"ASM-Pacific,Phoenix",3,0,,0.0,0.0,0.0,0.0,Dormant
500219948,STA-R MODULE BASE,"ASM-Pacific,Phoenix",3,0,,0.0,0.0,0.0,0.0,Dormant
500219949,STA CASTING STAND,"ASM-Pacific,Phoenix;GENERIC",3,0,,0.0,0.0,0.0,0.0,Dormant
500219950,COVER 3 (STA_R),"ASM-Pacific,Phoenix",3,0,,0.0,0.0,0.0,0.0,Dormant
500219951,STA-R Y MOTOR SUPPORT BASE,"ASM-Pacific,Phoenix",3,0,,0.0,0.0,0.0,0.0,Dormant
500219952,CABLE COVER 1(STA R),"ASM-Pacific,Phoenix",3,0,,0.0,0.0,0.0,0.0,Dormant
500219953,E_CHAIN MOUNTING(Z FIXEND)(STA_R),"ASM-Pacific,Phoenix",3,0,,0.0,0.0,0.0,0.0,Dormant
500219954,CABLE COVER 2(STA R),"ASM-Pacific,Phoenix",3,0,,0.0,0.0,0.0,0.0,Dormant
500219955,CABLE COVER 3(STA R),"ASM-Pacific,Phoenix",3,0,,0.0,0.0,0.0,0.0,Dormant
500219956,Y MOVING END (STA R),"ASM-Pacific,Phoenix",3,0,,0.0,0.0,0.0,0.0,Dormant
500219957,Y CONNECTOR MOUNTING(STA R),"ASM-Pacific,Phoenix",3,0,,0.0,0.0,0.0,0.0,Dormant
500219958,STA R Y CONNECTOR COVER,"ASM-Pacific,Phoenix",3,0,,0.0,0.0,0.0,0.0,Dormant
500219959,ESIO AND CAMERA MOUNING(STA R),"ASM-Pacific,Phoenix",3,0,,0.0,0.0,0.0,0.0,Dormant
500219960,STA-R Z TABLE ASSY,"ASM-Pacific,Phoenix;GENERIC",3,0,,0.0,0.0,0.0,0.0,Dormant
500219961,STA-R THETA ASSY,"ASM-Pacific,Phoenix;GENERIC",3,0,,0.0,0.0,0.0,0.0,Dormant
500219963,COVER OPENING STATION -L (COS-L),"GENERIC;ASM-Pacific,Phoenix",3,0,,0.0,0.0,0.0,0.0,Dormant
500219964,CONNECTOR MOUNTING (COS L),"ASM-Pacific,Phoenix",3,0,,0.0,0.0,0.0,0.0,Dormant
500219965,COS-L FRONT TRACK ASSY,"GENERIC;ASM-Pacific,Phoenix",3,0,,0.0,0.0,0.0,0.0,Dormant
500219966,"MOTOR,CAH,58-00044,ASSEMBLY,LEFT","ASM-Pacific,Phoenix;Generic;TCB_Generic",3,0,,0.0,0.0,0.0,0.0,Dormant
500219967,TRACK WIDTH MTR&ENC ASSY,"Generic;ASM-Pacific,Phoenix;TCB_Generic",3,0,,0.0,0.0,0.0,0.0,Dormant
500219968,(COS-L)IN SENSOR UP,"Generic;ASM-Pacific,Phoenix;TCB_Generic",3,0,,0.0,0.0,0.0,0.0,Dormant
500219969,(COS-L)IN SENSOR DOWN,"Generic;TCB_Generic;ASM-Pacific,Phoenix",3,0,,0.0,0.0,0.0,0.0,Dormant
500219970,"SENSOR,EXIST,COS-L","ASM-Pacific,Phoenix;Generic;TCB_Generic",3,0,,0.0,0.0,0.0,0.0,Dormant
500219971,COS-L FRONT TRACK,"GENERIC;ASM-Pacific,Phoenix",3,0,,0.0,0.0,0.0,0.0,Dormant
500219972,COS-L SAFETY SNR MNT,"GENERIC;ASM-Pacific,Phoenix",3,0,,0.0,0.0,0.0,0.0,Dormant
500219973,COS L FRONT TRACK COVER,"ASM-Pacific,Phoenix;GENERIC",3,0,,0.0,0.0,0.0,0.0,Dormant
500219974,COS X STOPPER MOUNT L,"GENERIC;ASM-Pacific,Phoenix",3,0,,0.0,0.0,0.0,0.0,Dormant
500219975,COS-L CONVEYOR MTR MOUNT,"ASM-Pacific,Phoenix",3,0,,0.0,0.0,0.0,0.0,Dormant
500219976,COS-L REAR TRACK ASSY,"GENERIC;ASM-Pacific,Phoenix",3,0,,0.0,0.0,0.0,0.0,Dormant
500219977,COS-L TRACKWIDTH MTR MOUNT,"ASM-Pacific,Phoenix",3,0,,0.0,0.0,0.0,0.0,Dormant
500219978,COS L TRACK WIDTH FLAG,"ASM-Pacific,Phoenix",3,0,,0.0,0.0,0.0,0.0,Dormant
500219979,COS-L REAR TRACK,"GENERIC;ASM-Pacific,Phoenix",3,0,,0.0,0.0,0.0,0.0,Dormant
500219980,COS L PUSHER ASSY,"ASM-Pacific,Phoenix",3,0,,0.0,0.0,0.0,0.0,Dormant
500219981,COS-L REAR TRACK COVER,"ASM-Pacific,Phoenix",3,0,,0.0,0.0,0.0,0.0,Dormant
500219982,COVER OPENING STATION -R (COS-R),"GENERIC;ASM-Pacific,Phoenix",3,0,,0.0,0.0,0.0,0.0,Dormant
500219983,TUBE MOUNTING MOVING (COS),"ASM-Pacific,Phoenix",3,0,,0.0,0.0,0.0,0.0,Dormant
500219984,TUBE MOUNTING FIX END 2 (COS),"ASM-Pacific,Phoenix",3,0,,0.0,0.0,0.0,0.0,Dormant
500219985,NYLON (COS),"ASM-Pacific,Phoenix",3,0,,0.0,0.0,0.0,0.0,Dormant
500219986,CABLE SUPPORT,"GENERIC;ASM-Pacific,Phoenix",3,0,,0.0,0.0,0.0,0.0,Dormant
500219987,TUBE MOUNTING FIX END 1 (COS),"ASM-Pacific,Phoenix",3,0,,0.0,0.0,0.0,0.0,Dormant
500219988,COS CAL GLASS MOUNT ASSY,"ASM-Pacific,Phoenix",3,0,,0.0,0.0,0.0,0.0,Dormant
500219989,CONNECTOR MOUNTING (COS R),"ASM-Pacific,Phoenix",3,0,,0.0,0.0,0.0,0.0,Dormant
500219990,CAH 58-00044 MTR ASSY,"TCB_Generic;Generic;ASM-Pacific,Phoenix",3,0,,0.0,0.0,0.0,0.0,Dormant
500219991,TRACK WIDTH MTR&ENC ASSY,"ASM-Pacific,Phoenix;Generic;TCB_Generic",3,0,,0.0,0.0,0.0,0.0,Dormant
500219992,COS-R FRONT TRACK ASSY,"ASM-Pacific,Phoenix;GENERIC",3,0,,0.0,0.0,0.0,0.0,Dormant
500219993,(COS-R)IN SENSOR DOWN,"Generic;ASM-Pacific,Phoenix;TCB_Generic",3,0,,0.0,0.0,0.0,0.0,Dormant
500219994,(COS-R)IN SENSOR UP,"Generic;TCB_Generic;ASM-Pacific,Phoenix",3,0,,0.0,0.0,0.0,0.0,Dormant
500219995,(COS-R)EXIST SENSOR,"GENERIC;ASM-Pacific,Phoenix",3,0,,0.0,0.0,0.0,0.0,Dormant
500219996,CALIBRATION GLASS BACK PLATE,"ASM-Pacific,Phoenix",4,0,,0.0,0.0,0.0,0.0,Dormant
500219997,COS-L CONVEYOR MTR MOUNT,"ASM-Pacific,Phoenix",3,0,,0.0,0.0,0.0,0.0,Dormant
500219998,COS-R FRONT TRACK,"ASM-Pacific,Phoenix;GENERIC",3,0,,0.0,0.0,0.0,0.0,Dormant
500219999,COS-R TRACK WIDTH MTR MOUNT,"ASM-Pacific,Phoenix",3,0,,0.0,0.0,0.0,0.0,Dormant
500220000,COS TRACK WIDTH MTR MOUNT BASE,"ASM-Pacific,Phoenix",3,0,,0.0,0.0,0.0,0.0,Dormant
500220001,COS-R SAFETY SNR MNT,"GENERIC;ASM-Pacific,Phoenix",3,0,,0.0,0.0,0.0,0.0,Dormant
500220002,COS EXIST SNR MNT,"GENERIC;ASM-Pacific,Phoenix",3,0,,0.0,0.0,0.0,0.0,Dormant
500220003,COS X STOPPER,"GENERIC;ASM-Pacific,Phoenix",3,0,,0.0,0.0,0.0,0.0,Dormant
500220004,COS X STOPPER MOUNT R,"GENERIC;ASM-Pacific,Phoenix",3,0,,0.0,0.0,0.0,0.0,Dormant
500220005,COS CALIBRATION GLASS BASE,"ASM-Pacific,Phoenix",3,0,,0.0,0.0,0.0,0.0,Dormant
500220006,COS R FRONT TRACK COVER,"ASM-Pacific,Phoenix",3,0,,0.0,0.0,0.0,0.0,Dormant
500220007,COS-R REAR TRACK ASSY,"ASM-Pacific,Phoenix;GENERIC",3,0,,0.0,0.0,0.0,0.0,Dormant
500220008,COS-R REAR TRACK,"GENERIC;ASM-Pacific,Phoenix",3,0,,0.0,0.0,0.0,0.0,Dormant
500220009,COS SUPPORTING BAR,"ASM-Pacific,Phoenix",3,0,,0.0,0.0,0.0,0.0,Dormant
500220010,COS R TRACK WIDTH FLAG,"ASM-Pacific,Phoenix",3,0,,0.0,0.0,0.0,0.0,Dormant
500220011,COS REAR TRACK COVER 1,"GENERIC;ASM-Pacific,Phoenix",3,0,,0.0,0.0,0.0,0.0,Dormant
500220012,COS REAR TRACK COVER 2,"ASM-Pacific,Phoenix",3,0,,0.0,0.0,0.0,0.0,Dormant
500220013,IDLER ASSY,"ASM-Pacific,Phoenix",4,0,,0.0,0.0,0.0,0.0,Dormant
500220014,COS-R REAR TRACK COVER,"ASM-Pacific,Phoenix",3,0,,0.0,0.0,0.0,0.0,Dormant
500220015,"PUSHER,COS-R,ASSEMBLY","ASM-Pacific,Phoenix",3,0,,0.0,0.0,0.0,0.0,Dormant
500220016,COS BASE ASSY,"ASM-Pacific,Phoenix",3,0,,0.0,0.0,0.0,0.0,Dormant
500220017,COS CONVEYOR TRACK WIDTH STOPPER,"ASM-Pacific,Phoenix;GENERIC",3,0,,0.0,0.0,0.0,0.0,Dormant
500220018,COS UP DOWN LOADER ASSY,"ASM-Pacific,Phoenix",3,0,,0.0,0.0,0.0,0.0,Dormant
500220019,COS Z MTR CABLE ASSY,"ASM-Pacific,Phoenix",3,0,,0.0,0.0,0.0,0.0,Dormant
500220020,COS BASE,"ASM-Pacific,Phoenix",3,0,,0.0,0.0,0.0,0.0,Dormant
500220021,DOWEL PIN D4 X L20,"ASM-Pacific,Firebird;ASM-Pacific,Phoenix",3,0,,0.0,0.0,0.0,0.0,Dormant
500220022,LINEAR BUSHING 12X22X32,"ASM-Pacific,Phoenix;ASM-Pacific,Firebird",3,0,,0.0,0.0,0.0,0.0,Dormant
500220023,(EJ) SET COLLAR D10,"ASM-Pacific,Phoenix",3,0,,0.0,0.0,0.0,0.0,Dormant
500220024,(EW) UD ANVIL BLOCK MOTOR MOUNT,"ASM-Pacific,Phoenix",3,0,,0.0,0.0,0.0,0.0,Dormant
500220025,(EW) PLATFORM-LM SHAFT MOUNT,"ASM-Pacific,Phoenix",3,0,,0.0,0.0,0.0,0.0,Dormant
500220026,(EW) UD ANVIL BLOCK MOTOR PULLEY,"ASM-Pacific,Phoenix",3,0,,0.0,0.0,0.0,0.0,Dormant
500220027,(EW) LM BUSH HOUSE,"ASM-Pacific,Phoenix",3,0,,0.0,0.0,0.0,0.0,Dormant
500220028,STACKER UP/DOWN GUIDE ROD,"ASM-Pacific,Phoenix;GENERIC",3,0,,0.0,0.0,0.0,0.0,Dormant
500220029,UP DOWN LOADER BASE,"ASM-Pacific,Phoenix",3,0,,0.0,0.0,0.0,0.0,Dormant
500220030,STACKER UP/DOWN HOME SENSOR MOUNT,"GENERIC;ASM-Pacific,Phoenix",3,0,,0.0,0.0,0.0,0.0,Dormant
500220031,UP DOWN BASE PLATE,"ASM-Pacific,Phoenix",3,0,,0.0,0.0,0.0,0.0,Dormant
500220032,COS UP DN SNR FLAG,"ASM-Pacific,Phoenix;GENERIC",3,0,,0.0,0.0,0.0,0.0,Dormant
500220033,COS ADAPTOR ASSY,"ASM-Pacific,Phoenix",3,0,,0.0,0.0,0.0,0.0,Dormant
500220034,DOWEL PIN D5 X L20,"HDMT_Handler_x30_LV;ASM-Pacific,Phoenix",1,0,,0.0,0.0,0.0,0.0,No-history
500220035,COS Z SENSOR MOUNT,"ASM-Pacific,Phoenix",3,0,,0.0,0.0,0.0,0.0,Dormant
500220036,COS UD ASSY FOR METAL TRAY,"ASM-Pacific,Phoenix;GENERIC",3,0,,0.0,0.0,0.0,0.0,Dormant
500220037,COS UD ASSY FOR JEDEC TRAY,"ASM-Pacific,Phoenix;GENERIC",3,0,,0.0,0.0,0.0,0.0,Dormant
500220038,HIGHWAY (HW),"ASM-Pacific,Phoenix",3,0,,0.0,0.0,0.0,0.0,Dormant
500220039,HW LOAD-UNLOAD CONVEYOR,"ASM-Pacific,Phoenix",3,0,,0.0,0.0,0.0,0.0,Dormant
500220040,"MOTOR,ASSEMBLY,CAH,58-00044","ASM-Pacific,Phoenix;TCB_Generic;Generic;ASM-Pacific,Firebird",3,0,,0.0,0.0,0.0,0.0,Dormant
500220041,HW MID FRONT TRACK ASSY,"ASM-Pacific,Phoenix;GENERIC",3,0,,0.0,0.0,0.0,0.0,Dormant
500220042,(HW)MID BYPASS SENSOR,"TCB_Generic;ASM-Pacific,Phoenix;Generic",3,0,,0.0,0.0,0.0,0.0,Dormant
500220043,HW MID BASE PLATE,"ASM-Pacific,Phoenix",3,0,,0.0,0.0,0.0,0.0,Dormant
500220044,(HW)MID EXIST SENSOR,"ASM-Pacific,Phoenix;Generic;TCB_Generic",3,0,,0.0,0.0,0.0,0.0,Dormant
500220045,BUSH HOLDER (L),"ASM-Pacific,Phoenix",3,0,,0.0,0.0,0.0,0.0,Dormant
500220046,HW MID CONVEYOR MTR MOUNT,"ASM-Pacific,Phoenix",3,0,,0.0,0.0,0.0,0.0,Dormant
500220047,HW MID FRONT TRACK,"ASM-Pacific,Phoenix;GENERIC",3,0,,0.0,0.0,0.0,0.0,Dormant
500220048,BUSH HOLDER (R),"ASM-Pacific,Phoenix",3,0,,0.0,0.0,0.0,0.0,Dormant
500220049,FRONT TRACK CONNECTION BLOCK,"ASM-Pacific,Phoenix",3,0,,0.0,0.0,0.0,0.0,Dormant
500220050,CONNECTION BAR (L),"ASM-Pacific,Phoenix",3,0,,0.0,0.0,0.0,0.0,Dormant
500220051,CONNECTION BAR (R),"ASM-Pacific,Phoenix",3,0,,0.0,0.0,0.0,0.0,Dormant
500220052,UP DN ROD ADAPTOR,"ASM-Pacific,Phoenix",3,0,,0.0,0.0,0.0,0.0,Dormant
500220053,HW MID BY PASS SNR MNT,"ASM-Pacific,Phoenix;GENERIC",3,0,,0.0,0.0,0.0,0.0,Dormant
500220054,SENSOR MOUNT,"GENERIC;ASM-Pacific,Phoenix",3,0,,0.0,0.0,0.0,0.0,Dormant
500220055,SNR MNT BLOCK,"ASM-Pacific,Phoenix;GENERIC",3,0,,0.0,0.0,0.0,0.0,Dormant
500220056,HW MID REAR TRACK ASSY,"GENERIC;ASM-Pacific,Phoenix",3,0,,0.0,0.0,0.0,0.0,Dormant
500220057,"HW MID (FRONT GUIDE ROD D10, 308MM)","GENERIC;ASM-Pacific,Phoenix",3,0,,0.0,0.0,0.0,0.0,Dormant
500220058,LINEAR BUSHING LM10-AJ,"ASM-Pacific,Phoenix;ASM-Pacific,Firebird",5,0,,0.0,0.0,0.0,0.0,Dormant
500220059,"SCREW,NYLON,TIP,M5X10,SOC,SET","ASM-Pacific,Phoenix;GENERIC",3,0,,0.0,0.0,0.0,0.0,Dormant
500220060,HW MID TRACK COVER,"ASM-Pacific,Phoenix",3,0,,0.0,0.0,0.0,0.0,Dormant
500220061,HW MID REAR TRACK,"ASM-Pacific,Phoenix;GENERIC",3,0,,0.0,0.0,0.0,0.0,Dormant
500220062,HW MID BUSH HOLDER,"ASM-Pacific,Phoenix",3,0,,0.0,0.0,0.0,0.0,Dormant
500220063,HW MID TRACK WIDTH CONNECTION BAR,"ASM-Pacific,Phoenix",3,0,,0.0,0.0,0.0,0.0,Dormant
500220064,UP DN STOPPER,"ASM-Pacific,Phoenix;GENERIC",3,0,,0.0,0.0,0.0,0.0,Dormant
500220065,HW MID SHAFT HOLDER,"ASM-Pacific,Phoenix",3,0,,0.0,0.0,0.0,0.0,Dormant
500220066,CONVEYOR BELT PULLEY DRIVING (HW-MID),"ASM-Pacific,Firebird;ASM-Pacific,Phoenix",3,0,,0.0,0.0,0.0,0.0,Dormant
500220067,DIA 10 GUIDE ROD,"ASM-Pacific,Phoenix;GENERIC",3,0,,0.0,0.0,0.0,0.0,Dormant
500220068,HWIP FRONT TRACK ASSY,"GENERIC;ASM-Pacific,Phoenix",3,0,,0.0,0.0,0.0,0.0,Dormant
500220069,HW INPUT CONVEYOR,"ASM-Pacific,Phoenix",3,0,,0.0,0.0,0.0,0.0,Dormant
500220070,CABLE MOUNTING MOVING(HWM BACK),"ASM-Pacific,Phoenix",3,0,,0.0,0.0,0.0,0.0,Dormant
500220071,HWIP INDEXING STOPPER ASSY,"ASM-Pacific,Phoenix;GENERIC",3,0,,0.0,0.0,0.0,0.0,Dormant
500220072,HWIP CONVEYOR MTR ASSY,"Generic;TCB_Generic;ASM-Pacific,Phoenix",3,0,,0.0,0.0,0.0,0.0,Dormant
500220073,(HW)IP EXIST SENSOR,"Generic;ASM-Pacific,Phoenix;TCB_Generic",3,0,,0.0,0.0,0.0,0.0,Dormant
500220074,TRACK WIDTH MTR&ENC ASSY,"TCB_Generic;Generic;ASM-Pacific,Phoenix",3,0,,0.0,0.0,0.0,0.0,Dormant
500220075,(HW)IP CONVEYOR OUT UP,"TCB_Generic;Generic;ASM-Pacific,Phoenix",3,0,,0.0,0.0,0.0,0.0,Dormant
500220076,(HW)IP CONVEYOR IN,"TCB_Generic;ASM-Pacific,Phoenix;Generic",3,0,,0.0,0.0,0.0,0.0,Dormant
500220077,(HW)IP CONVEYOR OUT DOWN,"TCB_Generic;Generic;ASM-Pacific,Phoenix",3,0,,0.0,0.0,0.0,0.0,Dormant
500220078,HWIP (BY-PASS) IN SNR,"ASM-Pacific,Phoenix;TCB_Generic;Generic",3,0,,0.0,0.0,0.0,0.0,Dormant
500220079,HWIP (BY-PASS) OUT SNR,"ASM-Pacific,Phoenix;Generic;TCB_Generic",3,0,,0.0,0.0,0.0,0.0,Dormant
500220080,HWIP (BY-PASS) MID SNR,"Generic;ASM-Pacific,Phoenix;TCB_Generic",3,0,,0.0,0.0,0.0,0.0,Dormant
500220081,MOUNTING BASE,"ASM-Pacific,Phoenix",3,0,,0.0,0.0,0.0,0.0,Dormant
500220082,HWIP EXIST SNR MNT,"ASM-Pacific,Phoenix;GENERIC",3,0,,0.0,0.0,0.0,0.0,Dormant
500220083,HWIP FRONT TRACK,"ASM-Pacific,Phoenix;GENERIC",3,0,,0.0,0.0,0.0,0.0,Dormant
500220084,HWIP IN SNR MNT,"GENERIC;ASM-Pacific,Phoenix",3,0,,0.0,0.0,0.0,0.0,Dormant
500220085,HWIP REAR TRACK ASSY,"ASM-Pacific,Phoenix;GENERIC",3,0,,0.0,0.0,0.0,0.0,Dormant
500220086,HWIP REAR TRACK,"GENERIC;ASM-Pacific,Phoenix",3,0,,0.0,0.0,0.0,0.0,Dormant
500220161,WORKCHUCK X PRELOAD MAGNET ASSY (BOTTOM),"ASM-Pacific,Phoenix;ASM-Pacific,Firebird",3,0,,0.0,0.0,0.0,0.0,Dormant
500220164,RIGHT HEATED PEDESTAL ASSY,"ASM-Pacific,Phoenix;ASM-Pacific,Firebird",5,0,,0.0,0.0,0.0,0.0,Dormant
500220166,"PEDESTAL,LEFT,HEATED,ASSEMBLY","ASM-Pacific,Firebird;ASM-Pacific,Phoenix",4,0,,0.0,0.0,0.0,0.0,Dormant
500220167,"CAMERA,DTA,WD20,CABLE-REAR","ASM-Pacific,Phoenix",3,0,,0.0,0.0,0.0,0.0,Dormant
500220355,AMPING SCREW M4X6 FSM4-6,"GENERIC;ASM-Pacific,Phoenix",5,0,,0.0,0.0,0.0,0.0,Dormant
500220356,ROD ASSY (NOT USE FOR BONDSTAGE),"ASM-Pacific,Phoenix",4,0,,0.0,0.0,0.0,0.0,Dormant
500220357,"PIN,DOWEL,D5XL10,SST,HEATED,BLOCK","ASM-Pacific,Phoenix",5,1,5.0,0.0,0.6,1.425,0.2187,Intermittent
500220358,TCB PEDESTAL HEATED BLOCK,"ASM-Pacific,Phoenix",3,0,,0.0,0.0,0.0,0.0,Dormant
500220359,PS COVER CYLINDER ASSY RIGHT,"ASM-Pacific,Phoenix",3,0,,0.0,0.0,0.0,0.0,Dormant
500220360,PS COVER OPEN SWITCH,"ASM-Pacific,Phoenix;GENERIC",3,0,,0.0,0.0,0.0,0.0,Dormant
500220361,TCB PEDESTAL HEATED BLOCK MAGNET ASSY,"ASM-Pacific,Phoenix",3,0,,0.0,0.0,0.0,0.0,Dormant
500220362,PS COVER CLOSE SWITCH,"GENERIC;ASM-Pacific,Phoenix",3,0,,0.0,0.0,0.0,0.0,Dormant
500220363,ROD END NHS 5T,"ASM-Pacific,Phoenix;GENERIC",3,0,,0.0,0.0,0.0,0.0,Dormant
500220364,LOCK NUT M5X0.8,"ASM-Pacific,Phoenix",3,0,,0.0,0.0,0.0,0.0,Dormant
500220365,CYLINDER SHOULDER SCREW,"ASM-Pacific,Phoenix;GENERIC",3,0,,0.0,0.0,0.0,0.0,Dormant
500220366,CYLINER ADAPTOR,"ASM-Pacific,Phoenix",3,0,,0.0,0.0,0.0,0.0,Dormant
500220367,CYLINDER MOUNT,"ASM-Pacific,Phoenix",3,0,,0.0,0.0,0.0,0.0,Dormant
500220368,"PNEU. CYLINDER, D-ACT, 10X45, DC","ASM-Pacific,Phoenix",4,0,,0.0,0.0,0.0,0.0,Dormant
500220369,AUTO SWITCH MOUNTING BAND BJ2-010,"GENERIC;ASM-Pacific,Phoenix",4,0,,0.0,0.0,0.0,0.0,Dormant
500220370,PS R COVER ASSY,"ASM-Pacific,Phoenix",3,0,,0.0,0.0,0.0,0.0,Dormant
500220371,PS R COVER ASSY,"ASM-Pacific,Phoenix",3,0,,0.0,0.0,0.0,0.0,Dormant
500220372,E-RING ETW-4,"ASM-Pacific,Phoenix",3,0,,0.0,0.0,0.0,0.0,Dormant
500220373,PS COVER 2,"ASM-Pacific,Phoenix",3,0,,0.0,0.0,0.0,0.0,Dormant
500220374,PS COVER 3,"ASM-Pacific,Phoenix",3,0,,0.0,0.0,0.0,0.0,Dormant
500220376,CONDENSER COVER,"ASM-Pacific,Phoenix",3,0,,0.0,0.0,0.0,0.0,Dormant
500220377,COVER HINGE BUSH,"ASM-Pacific,Phoenix",3,0,,0.0,0.0,0.0,0.0,Dormant
500220378,PS COVER 4,"ASM-Pacific,Phoenix",3,0,,0.0,0.0,0.0,0.0,Dormant
500220379,COVER 1 ADD-ON,"ASM-Pacific,Phoenix",3,0,,0.0,0.0,0.0,0.0,Dormant
500220380,COVER HINGE SHAFT,"ASM-Pacific,Phoenix;GENERIC",3,0,,0.0,0.0,0.0,0.0,Dormant
500220381,3MM SPACER,"ASM-Pacific,Phoenix;GENERIC",3,0,,0.0,0.0,0.0,0.0,Dormant
500220382,PS COVER 1,"ASM-Pacific,Phoenix",3,0,,0.0,0.0,0.0,0.0,Dormant
500220383,CONDENSER COVER,"ASM-Pacific,Phoenix",3,0,,0.0,0.0,0.0,0.0,Dormant
500220384,PS CONDENSER DUMMY PLATE,"ASM-Pacific,Phoenix",3,0,,0.0,0.0,0.0,0.0,Dormant
500220385,PS Stopper,"ASM-Pacific,Phoenix;GENERIC",3,0,,0.0,0.0,0.0,0.0,Dormant
500220386,DDLO Z MOVING END COVER-01(L),"ASM-Pacific,Phoenix",3,0,,0.0,0.0,0.0,0.0,Dormant
500220387,DDLO Z MOVING END MOUNT-01(L),"ASM-Pacific,Phoenix",3,0,,0.0,0.0,0.0,0.0,Dormant
500220388,DDLO X MOVING END MOUNT-01(L),"ASM-Pacific,Phoenix",3,0,,0.0,0.0,0.0,0.0,Dormant
500220389,DDLO X MOVING END COVER-01(L),"ASM-Pacific,Phoenix",3,0,,0.0,0.0,0.0,0.0,Dormant
500220390,DDLO X MTR&ENC CABLE COVER(L),"ASM-Pacific,Phoenix",3,0,,0.0,0.0,0.0,0.0,Dormant
500220391,DDLO X FIXED END MOUNT-01(L),"ASM-Pacific,Phoenix",3,0,,0.0,0.0,0.0,0.0,Dormant
500220392,DDLO X FIXED END COVER-01(L),"ASM-Pacific,Phoenix",3,0,,0.0,0.0,0.0,0.0,Dormant
500220393,DDLO X FIXED END MOUNT-02(L),"ASM-Pacific,Phoenix",3,0,,0.0,0.0,0.0,0.0,Dormant
500220394,Z ENCODER COVER LEFT,"ASM-Pacific,Phoenix",3,0,,0.0,0.0,0.0,0.0,Dormant
500220395,L&R DDLO RUBBER SPACER-01(G2),"ASM-Pacific,Phoenix;GENERIC",3,0,,0.0,0.0,0.0,0.0,Dormant
500220396,Z STAGE LEFT,"GENERIC;ASM-Pacific,Phoenix",3,0,,0.0,0.0,0.0,0.0,Dormant
500220397,DDLO Z MOTOR LEFT,"ASM-Pacific,Phoenix",3,0,,0.0,0.0,0.0,0.0,Dormant
500220398,DDLO Z TABLE BASE LEFT,"ASM-Pacific,Phoenix",3,0,,0.0,0.0,0.0,0.0,Dormant
500220399,Z MOVING TABLE LEFT,"ASM-Pacific,Phoenix;GENERIC",3,0,,0.0,0.0,0.0,0.0,Dormant
500220400,L&R DDLO CABLE CLAMP-01(G2),"ASM-Pacific,Phoenix",3,0,,0.0,0.0,0.0,0.0,Dormant
500220401,DDLO ENC CABLE ASSY,"ASM-Pacific,Phoenix",3,0,,0.0,0.0,0.0,0.0,Dormant
500220402,Z MOTOR COVER LEFT,"ASM-Pacific,Phoenix",3,0,,0.0,0.0,0.0,0.0,Dormant
500220403,Z ENCODER MOUNT LEFT,"ASM-Pacific,Phoenix",3,0,,0.0,0.0,0.0,0.0,Dormant
500220404,OPTICS&LG MOUNTING ARM LEFT,"ASM-Pacific,Phoenix",3,0,,0.0,0.0,0.0,0.0,Dormant
500220405,LG MOUNT LEFT,"ASM-Pacific,Phoenix",3,0,,0.0,0.0,0.0,0.0,Dormant
500220407,HEX SPACER M3X20 STUD/HOLE,"GENERIC;ASM-Pacific,Phoenix",3,0,,0.0,0.0,0.0,0.0,Dormant
500220408,SOC HD ATTACHING SCREW M3X8,"ASM-Pacific,Phoenix;GENERIC",3,0,,0.0,0.0,0.0,0.0,Dormant
500220409,DL OPTICS MOUNT LEFT,"ASM-Pacific,Phoenix",3,0,,0.0,0.0,0.0,0.0,Dormant
500220410,SOC HD ATTACHING SCREW M3X6,"GENERIC;ASM-Pacific,Phoenix",3,0,,0.0,0.0,0.0,0.0,Dormant
500220411,DDLO X MTR&ENC CABLE COVER(R),"ASM-Pacific,Phoenix",3,0,,0.0,0.0,0.0,0.0,Dormant
500220412,DDLO Z MOVING END MOUNT-01(R),"ASM-Pacific,Phoenix",3,0,,0.0,0.0,0.0,0.0,Dormant
500220413,DDLO Z MOVING END COVER-01(R),"ASM-Pacific,Phoenix",3,0,,0.0,0.0,0.0,0.0,Dormant
500220414,DDLO X FIXED END MOUNT-01(R),"ASM-Pacific,Phoenix",3,0,,0.0,0.0,0.0,0.0,Dormant
500220415,DDLO X MOVING END MOUNT-01(R),"ASM-Pacific,Phoenix",3,0,,0.0,0.0,0.0,0.0,Dormant
500220416,DDLO X MOVING END COVER-01(R),"ASM-Pacific,Phoenix",3,0,,0.0,0.0,0.0,0.0,Dormant
500220417,Z ENCODER COVER RIGHT,"ASM-Pacific,Phoenix",3,0,,0.0,0.0,0.0,0.0,Dormant
500220418,DDLO X FIXED END MOUNT-02(R),"ASM-Pacific,Phoenix",3,0,,0.0,0.0,0.0,0.0,Dormant
500220419,DDLO ENC CABLE ASSY,"ASM-Pacific,Phoenix",3,0,,0.0,0.0,0.0,0.0,Dormant
500220420,Z STAGE RIGHT,"GENERIC;ASM-Pacific,Phoenix",3,0,,0.0,0.0,0.0,0.0,Dormant
500220421,"MAGNETIC SPRING (20N, 49MM)","ASM-Pacific,Phoenix;GENERIC",3,0,,0.0,0.0,0.0,0.0,Dormant
500220422,"MOTOR,DDLO,Z,RIGHT","ASM-Pacific,Phoenix",3,0,,0.0,0.0,0.0,0.0,Dormant
500220423,DDLO X FIXED END COVER-01(R),"ASM-Pacific,Phoenix",3,0,,0.0,0.0,0.0,0.0,Dormant
500220424,DDLO Z TABLE RIGHT,"GENERIC;ASM-Pacific,Phoenix",3,0,,0.0,0.0,0.0,0.0,Dormant
500220425,Z MOVING TABLE RIGHT,"GENERIC;ASM-Pacific,Phoenix",3,0,,0.0,0.0,0.0,0.0,Dormant
500220426,OPTICS&LG MOUTING ARM RIGHT,"ASM-Pacific,Phoenix",3,0,,0.0,0.0,0.0,0.0,Dormant
500220427,Z MOTOR COVER RIGHT,"ASM-Pacific,Phoenix",3,0,,0.0,0.0,0.0,0.0,Dormant
500220428,OPTICS&LG SCREW RETAINING PLATE,"ASM-Pacific,Phoenix",3,0,,0.0,0.0,0.0,0.0,Dormant
500220429,Z ENCODER MOUNT RIGHT,"ASM-Pacific,Phoenix",3,0,,0.0,0.0,0.0,0.0,Dormant
500220430,REFERENCE MARK INTERFACE,"ASM-Pacific,Phoenix",3,0,,0.0,0.0,0.0,0.0,Dormant
500220431,LG MOUNT RIGHT,"ASM-Pacific,Phoenix",3,0,,0.0,0.0,0.0,0.0,Dormant
500220432,DL OPTICS SCREW RETAINING PLATE,"ASM-Pacific,Phoenix",3,0,,0.0,0.0,0.0,0.0,Dormant
500220433,DL OPTICS MOUNT RIGHT,"ASM-Pacific,Phoenix",3,0,,0.0,0.0,0.0,0.0,Dormant
500220434,4 PIN M8 ST PLUG SCR FLEX CORD 5M,"ASM-Pacific,Phoenix",4,0,,0.0,0.0,0.0,0.0,Dormant
500220435,Y SHUTTLE OPTICS TABLE ASSY,"ASM-Pacific,Phoenix;GENERIC",3,0,,0.0,0.0,0.0,0.0,Dormant
500220436,Z MOVING  (INPUTSHUTTLE X TABLE),"ASM-Pacific,Phoenix;GENERIC",3,0,,0.0,0.0,0.0,0.0,Dormant
500220438,Z FIXEND(INPUTSHUTTLE X TABLE),"GENERIC;ASM-Pacific,Phoenix",3,0,,0.0,0.0,0.0,0.0,Dormant
500220439,COVER 1 (INPUTSHUTTLE X TABLE),"GENERIC;ASM-Pacific,Phoenix",3,0,,0.0,0.0,0.0,0.0,Dormant
500220440,COVER 2 (INPUTSHUTTLE X TABLE),"ASM-Pacific,Phoenix;GENERIC",3,0,,0.0,0.0,0.0,0.0,Dormant
500220441,E-CHAIN MOUNTING SUPPORT,"ASM-Pacific,Phoenix",3,0,,0.0,0.0,0.0,0.0,Dormant
500220442,X FIXEND (INPUTSHUTTLE X TABLE),"ASM-Pacific,Phoenix;GENERIC",3,0,,0.0,0.0,0.0,0.0,Dormant
500220443,E-CHAIN Z MOUNTING SUPPORT,"ASM-Pacific,Phoenix",3,0,,0.0,0.0,0.0,0.0,Dormant
500220444,Y SHUTTLE OT X TABLE ASSY,"GENERIC;ASM-Pacific,Phoenix",3,0,,0.0,0.0,0.0,0.0,Dormant
500220445,Y SHUTTLE OT Z TABLE ASSY,"ASM-Pacific,Phoenix;GENERIC",3,0,,0.0,0.0,0.0,0.0,Dormant
500220446,Y SHUTTLE OT TABLE Z ENCODER ASSY,"ASM-Pacific,Phoenix",3,0,,0.0,0.0,0.0,0.0,Dormant
500220447,"MOTOR,BHZ,ROD,Y,SHUTTLE,OT,ZTABLE","ASM,TCB,Y-SHUTTLE;ASM-Pacific,Phoenix",3,0,,0.0,0.0,0.0,0.0,Dormant
500220448,LM GUIDE 2SRS9MUUC1E+95LPM-II (B),"ASM-Pacific,Phoenix",3,0,,0.0,0.0,0.0,0.0,Dormant
500220449,SOC HD CAP SCREW M2X4,"ASM-Pacific,Phoenix;GENERIC",3,0,,0.0,0.0,0.0,0.0,Dormant
500220450,MS (MAGNET MOUNT),"ASM-Pacific,Phoenix",3,0,,0.0,0.0,0.0,0.0,Dormant
500220451,MS (JACKET MOUNT),"ASM-Pacific,Phoenix",3,0,,0.0,0.0,0.0,0.0,Dormant
500220452,"MAGNETIC SPRING (8N, 32MM)","ASM-Pacific,Phoenix;GENERIC",4,0,,0.0,0.0,0.0,0.0,Dormant
500220453,BHZ SCALE MOUNT,"ASM-Pacific,Phoenix",3,0,,0.0,0.0,0.0,0.0,Dormant
500220454,Y SHUTTLE OT Z BASE,"ASM-Pacific,Phoenix",3,0,,0.0,0.0,0.0,0.0,Dormant
500220455,FOV8 OPTICS BASE MOUNT,"ASM-Pacific,Phoenix",3,0,,0.0,0.0,0.0,0.0,Dormant
500220456,Y SHUTTLE OT X ADAPTOR,"GENERIC;ASM-Pacific,Phoenix",3,0,,0.0,0.0,0.0,0.0,Dormant
500220457,Y SHUTTLE OT MOUNT,"ASM-Pacific,Phoenix",3,0,,0.0,0.0,0.0,0.0,Dormant
500220458,FOV8 OPTICS ADAPTOR,"ASM-Pacific,Phoenix",3,0,,0.0,0.0,0.0,0.0,Dormant
500220459,Y SHUTTLE OT 25MM SPACER,"GENERIC;ASM-Pacific,Phoenix",3,0,,0.0,0.0,0.0,0.0,Dormant
500220465,INPUT Y TRANSFER CONVEYOR,"ASM-Pacific,Phoenix",3,0,,0.0,0.0,0.0,0.0,Dormant
500220466,IP SHUTTLE TRACK WIDTH MTR ASSY,"ASM-Pacific,Phoenix",3,0,,0.0,0.0,0.0,0.0,Dormant
500220467,"MOTOR,IP,SHUTTLE,CONVEYOR,ASSEMBLY","ASM-Pacific,Phoenix",3,0,,0.0,0.0,0.0,0.0,Dormant
500220468,INPUT SHUTTLE CONVEYOR IN SNR,"ASM-Pacific,Phoenix",3,0,,0.0,0.0,0.0,0.0,Dormant
500220469,INPUT SHUTTLE CONVEYOR MID SNR,"GENERIC;ASM-Pacific,Phoenix",3,0,,0.0,0.0,0.0,0.0,Dormant
500220470,INPUT SHUTTLE CONVEYOR OUT SNR,"ASM-Pacific,Phoenix",3,0,,0.0,0.0,0.0,0.0,Dormant
500220471,COS-L REAR TRACK COVER MID,"ASM-Pacific,Phoenix",3,0,,0.0,0.0,0.0,0.0,Dormant
500220472,INPUT SHUTTLE CONVEYOR INSP POSN SNR,"GENERIC;ASM-Pacific,Phoenix",3,0,,0.0,0.0,0.0,0.0,Dormant
500220473,IP SHUTTLE FRONT TRACK COVER,"ASM-Pacific,Phoenix",3,0,,0.0,0.0,0.0,0.0,Dormant
500220474,INSP SNR & STOPPER MOUNT,"ASM-Pacific,Phoenix",3,0,,0.0,0.0,0.0,0.0,Dormant
500220475,IP SHUTTLE REAR TRACK COVER 2,"ASM-Pacific,Phoenix",3,0,,0.0,0.0,0.0,0.0,Dormant
500220476,LINEAR BUSHING 3X4.5X6 METRIC,"ASM-Pacific,Phoenix",3,0,,0.0,0.0,0.0,0.0,Dormant
500220477,TOP CLAMP GUIDE ROD,"ASM-Pacific,Phoenix;GENERIC",3,0,,0.0,0.0,0.0,0.0,Dormant
500220478,INSP SNR MOUNT,"ASM-Pacific,Phoenix",3,0,,0.0,0.0,0.0,0.0,Dormant
500220479,TOP CLAMP BASE,"ASM-Pacific,Phoenix",3,0,,0.0,0.0,0.0,0.0,Dormant
500220480,IP SHUTTLE REAR TRACK COVER 1,"ASM-Pacific,Phoenix",3,0,,0.0,0.0,0.0,0.0,Dormant
500220481,TOP CLAMP PLATE BASE,"ASM-Pacific,Phoenix",3,0,,0.0,0.0,0.0,0.0,Dormant
500220482,TOP CLAMP QUICK RELEASE,"ASM-Pacific,Phoenix",3,0,,0.0,0.0,0.0,0.0,Dormant
500220483,TOP CLAMP ASSY,"ASM-Pacific,Phoenix;TCB_Generic;Generic",3,0,,0.0,0.0,0.0,0.0,Dormant
500220484,"PNEU.,CYLINDER,D-ACT,10X6","ASM-Pacific,Phoenix",3,0,,0.0,0.0,0.0,0.0,Dormant
500220485,BARB FITTING M-3ALU-3,"ASM-Pacific,Phoenix",3,0,,0.0,0.0,0.0,0.0,Dormant
500220486,OUTPUT Y TRANSFER CONVEYOR,"ASM-Pacific,Phoenix",3,0,,0.0,0.0,0.0,0.0,Dormant
500220487,PUSHER ASSY,"ASM-Pacific,Firebird;Generic;TCB_Generic;ASM-Pacific,Phoenix",3,0,,0.0,0.0,0.0,0.0,Dormant
500220488,MA MODEL MOUNTING ASSY,"ASM-Pacific,Phoenix",3,0,,0.0,0.0,0.0,0.0,Dormant
500220489,CASSETTE SET UP KIT,"ASM-Pacific,Phoenix",3,0,,0.0,0.0,0.0,0.0,Dormant
500220490,OUTPUT SHUTTLE CONVEYOR IN SNR,"ASM-Pacific,Phoenix;GENERIC",3,0,,0.0,0.0,0.0,0.0,Dormant
500220491,OUTPUT SHUTTLE CONVEYOR MID SNR,"ASM-Pacific,Phoenix;GENERIC",3,0,,0.0,0.0,0.0,0.0,Dormant
500220492,OUTPUT SHUTTLE CONVEYOR OUT SNR,"GENERIC;ASM-Pacific,Phoenix",3,0,,0.0,0.0,0.0,0.0,Dormant
500220493,ENCODER MOUNTING PLATE,"ASM-Pacific,Phoenix",3,0,,0.0,0.0,0.0,0.0,Dormant
500220494,HWIP TRACK MID SNR MOUNT,"ASM-Pacific,Phoenix",3,0,,0.0,0.0,0.0,0.0,Dormant
500220495,CONVEYOR IN SNR MNT,"ASM-Pacific,Phoenix",3,0,,0.0,0.0,0.0,0.0,Dormant
500220496,SNR MOUNTING BASE,"ASM-Pacific,Phoenix",3,0,,0.0,0.0,0.0,0.0,Dormant
500220497,OP SHUTTLE FRONT TRACK COVER,"ASM-Pacific,Phoenix",3,0,,0.0,0.0,0.0,0.0,Dormant
500220498,HWIP TRACK SNR UP MOUNT,"ASM-Pacific,Phoenix",3,0,,0.0,0.0,0.0,0.0,Dormant
500220499,OP SHUTTLE REAR TRACK COVER,"ASM-Pacific,Phoenix",3,0,,0.0,0.0,0.0,0.0,Dormant
500220500,Y TRANSFER CONVEYOR,"ASM-Pacific,Phoenix",3,0,,0.0,0.0,0.0,0.0,Dormant
500220501,CONVEYOR TRACK WIDTH STOPPER,"ASM-Pacific,Phoenix;GENERIC",3,0,,0.0,0.0,0.0,0.0,Dormant
500220502,Y TRANSFER CONVEYOR BASE ASSY,"ASM-Pacific,Phoenix",3,0,,0.0,0.0,0.0,0.0,Dormant
500220503,"LM GUIDE 2SRS12WGMUUC1+200LPM(OH, AFF)","ASM-Pacific,Firebird;ASM-Pacific,Phoenix",3,0,,0.0,0.0,0.0,0.0,Dormant
500220504,(WH) SHOULDER SCREW M3 DIA4X5,"GENERIC;ASM-Pacific,Phoenix",3,0,,0.0,0.0,0.0,0.0,Dormant
500220505,(WH) LEVEL ADJ SPANNER,"GENERIC;ASM-Pacific,Phoenix",3,0,,0.0,0.0,0.0,0.0,Dormant
500220506,TRAY COPLANARITY ADJUSTMENT SCREW,"ASM-Pacific,Phoenix;GENERIC",3,0,,0.0,0.0,0.0,0.0,Dormant
500220507,Y TRANSFER CONVEYOR BASE PLATE,"ASM-Pacific,Phoenix",3,0,,0.0,0.0,0.0,0.0,Dormant
500220508,Y TRANSFER CONVEYOR FRONT TRACK ASSY,"GENERIC;ASM-Pacific,Phoenix",3,0,,0.0,0.0,0.0,0.0,Dormant
500220509,IDLER ASSY,"ASM-Pacific,Phoenix",4,0,,0.0,0.0,0.0,0.0,Dormant
500220510,C-CLAMP(DISC),"ASM-Pacific,Phoenix",3,0,,0.0,0.0,0.0,0.0,Dormant
500220511,"PULLEY,MODIFIED,HWOP,FRONT,TRACK,","ASM-Pacific,Phoenix",3,0,,0.0,0.0,0.0,0.0,Dormant
500220512,A/C BEARING COVER OD22,"ASM-Pacific,Phoenix",3,0,,0.0,0.0,0.0,0.0,Dormant
500220513,BEARING HOLDER MOUNT,"ASM-Pacific,Phoenix",3,0,,0.0,0.0,0.0,0.0,Dormant
500220514,TRACK WIDTH PULLEY,"ASM-Pacific,Phoenix",3,0,,0.0,0.0,0.0,0.0,Dormant
500220515,HW CONVEYOR MTR MOUNT,"ASM-Pacific,Phoenix",3,0,,0.0,0.0,0.0,0.0,Dormant
500220516,SHUTTLE CONVEYOR FRONT TRACK,"ASM-Pacific,Phoenix;GENERIC",3,0,,0.0,0.0,0.0,0.0,Dormant
500220517,MTR MNT SPACER,"GENERIC;ASM-Pacific,Phoenix",3,0,,0.0,0.0,0.0,0.0,Dormant
500220518,LOCK NUT M8 THICKNESS 4MM,"ASM-Pacific,Phoenix",3,0,,0.0,0.0,0.0,0.0,Dormant
500220519,TRACK WIDTH PULLEY (HOLE DIA 6.35),"ASM-Pacific,Phoenix",3,0,,0.0,0.0,0.0,0.0,Dormant
500220520,HW TRACK WIDTH MTR MOUNT,"ASM-Pacific,Phoenix",3,0,,0.0,0.0,0.0,0.0,Dormant
500220521,"PULLEY,CONV,BELT,SET,DRIVING,Y,TRANSFER","ASM-Pacific,Firebird;ASM-Pacific,Phoenix;Generic",4,0,,0.0,0.0,0.0,0.0,Dormant
500220522,Y TRANSFER CONVEYOR REAR TRACK ASSY,"GENERIC;ASM-Pacific,Phoenix",3,0,,0.0,0.0,0.0,0.0,Dormant
500220523,"PULLEY,BELT,DRIVE,MOTOR,SET,ASSEMBLY","ASM,TCB,Y-SHUTTLE;ASM-Pacific,Phoenix",3,0,,0.0,0.0,0.0,0.0,Dormant
500220524,"IDLER,Y,TRANSFER,CONVEYOR","ASM-Pacific,Phoenix",3,0,,0.0,0.0,0.0,0.0,Dormant
500220525,CONVEYOR BELT PULLEY SET,"ASM-Pacific,Phoenix",4,0,,0.0,0.0,0.0,0.0,Dormant
500220526,TRACK WIDTH LEADSCREW ASSY,"ASM-Pacific,Phoenix",3,0,,0.0,0.0,0.0,0.0,Dormant
500220527,LM GUIDE MOUNT,"ASM-Pacific,Phoenix",3,0,,0.0,0.0,0.0,0.0,Dormant
500220528,"PULLEY,SLIDING,ASSEMBLY,","ASM-Pacific,Phoenix;ASM-Pacific,Firebird",3,0,,0.0,0.0,0.0,0.0,Dormant
500220529,LM GUIDE MOUNT (MIRROR),"ASM-Pacific,Phoenix",3,0,,0.0,0.0,0.0,0.0,Dormant
500220530,SHUTTLE CONVEYOR REAR TRACK,"ASM-Pacific,Phoenix;GENERIC",3,0,,0.0,0.0,0.0,0.0,Dormant
500220531,SHUTTLE TRACK WIDTH SNR FLAG,"ASM-Pacific,Phoenix",3,0,,0.0,0.0,0.0,0.0,Dormant
500220532,(IES) FLUX EXHAUST (G2),"ASM-Pacific,Phoenix",3,0,,0.0,0.0,0.0,0.0,Dormant
500220533,"PLATE,COOLING,V3,ASSY","ASM-Pacific,Phoenix",3,0,,0.0,0.0,0.0,0.0,Dormant
500220534,"(IES) DISP PROCESS WINDOW FULL, LEFT V2","GENERIC;ASM-Pacific,Phoenix",3,0,,0.0,0.0,0.0,0.0,Dormant
500220535,"WINDOW,PROCESS,FULL,RIGHT,V2,IES,MICRO","GENERIC;ASM-Pacific,Phoenix",3,0,,0.0,0.0,0.0,0.0,Dormant
500220536,"(IES) DISP PROCESS WINDOW, LEFT","GENERIC;ASM-Pacific,Phoenix",3,0,,0.0,0.0,0.0,0.0,Dormant
500220537,"(IES) DISP PROCESS WINDOW, RIGHT","ASM-Pacific,Phoenix",3,0,,0.0,0.0,0.0,0.0,Dormant
500220538,(IES) MIDDLE BAR ASSY,"ASM-Pacific,Phoenix",3,0,,0.0,0.0,0.0,0.0,Dormant
500220539,"ADAPTOR,COOLING,BLOCK,PNUEMATIC,ASSY","ASM-Pacific,Phoenix",3,0,,0.0,0.0,0.0,0.0,Dormant
500220540,(IES) MACRO INERT COVER,"ASM-Pacific,Phoenix",3,0,,0.0,0.0,0.0,0.0,Dormant
500220541,(IES) REAR ADAPTOR BAR,"ASM-Pacific,Phoenix",3,0,,0.0,0.0,0.0,0.0,Dormant
500220542,(IES) ADAPTOR BRACKET FOR OPTICS TABLE,"ASM-Pacific,Phoenix",3,0,,0.0,0.0,0.0,0.0,Dormant
500220543,(IES) BACK COVER,"ASM-Pacific,Phoenix",3,0,,0.0,0.0,0.0,0.0,Dormant
500220544,"(IES) CABLE COVER, FRONT","ASM-Pacific,Phoenix",3,0,,0.0,0.0,0.0,0.0,Dormant
500220545,"(IES) SIDE COVER FOR OT, LEFT","ASM-Pacific,Phoenix",3,0,,0.0,0.0,0.0,0.0,Dormant
500220546,"(IES) SIDE COVER FOR OT, RIGHT","ASM-Pacific,Phoenix",3,0,,0.0,0.0,0.0,0.0,Dormant
500220547,(IES) ENGAGE BRACKET FOR SIDE COVER,"ASM-Pacific,Phoenix",3,0,,0.0,0.0,0.0,0.0,Dormant
500220548,(IES) SCREW WITH GROOVE,"ASM-Pacific,Phoenix;GENERIC",3,0,,0.0,0.0,0.0,0.0,Dormant
500220549,"(IES) WINDOW COVER, REAR","ASM-Pacific,Phoenix",3,0,,0.0,0.0,0.0,0.0,Dormant
500220550,(IES) BACK COVER MOUNT,"ASM-Pacific,Phoenix",3,0,,0.0,0.0,0.0,0.0,Dormant
500220551,"(IES) SIDE COVER, LEFT","ASM-Pacific,Phoenix",3,0,,0.0,0.0,0.0,0.0,Dormant
500220552,(IES) SIDE WINDOW COVER FOR DDL,"ASM-Pacific,Phoenix",3,0,,0.0,0.0,0.0,0.0,Dormant
500220553,"(IES) SIDE COVER, RIGHT","ASM-Pacific,Phoenix",3,0,,0.0,0.0,0.0,0.0,Dormant
500220554,CATCH CLIP HFQ73-42,"ASM-Pacific,Phoenix",4,0,,0.0,0.0,0.0,0.0,Dormant
500220555,"(IES) CEILING TACHE(DDL), RIGHT","GENERIC;ASM-Pacific,Phoenix",3,0,,0.0,0.0,0.0,0.0,Dormant
500220556,KNOB FOR M5 SCREW,"GENERIC;ASM-Pacific,Phoenix",3,0,,0.0,0.0,0.0,0.0,Dormant
500220557,"DOOR,FRONT,IES,MACRO,INERT","ASM-Pacific,Phoenix",3,0,,0.0,0.0,0.0,0.0,Dormant
500220558,"(IES) CEILING TACHE(DDL), LEFT","ASM-Pacific,Phoenix;GENERIC",3,0,,0.0,0.0,0.0,0.0,Dormant
500220559,"(IES) DOOR LOCK, LOWER","ASM-Pacific,Phoenix",3,0,,0.0,0.0,0.0,0.0,Dormant
500220560,MAGNET LOCK ELEC ASSY,"ASM-Pacific,Phoenix",3,0,,0.0,0.0,0.0,0.0,Dormant
500220561,"(IES) DOOR LOCK, UPPER","ASM-Pacific,Phoenix",3,0,,0.0,0.0,0.0,0.0,Dormant
500220564,"(IES) FRONT DOOR, TOP BRACKET","ASM-Pacific,Phoenix",3,0,,0.0,0.0,0.0,0.0,Dormant
500220565,"(IES) SAFETY SENSOR PLATE, LEFT","ASM-Pacific,Phoenix",3,0,,0.0,0.0,0.0,0.0,Dormant
500220566,"(IES) SAFETY SENSOR PLATE, RIGHT","ASM-Pacific,Phoenix",3,0,,0.0,0.0,0.0,0.0,Dormant
500220567,(IES) LIGHTING MOUNT,"ASM-Pacific,Phoenix",3,0,,0.0,0.0,0.0,0.0,Dormant
500220568,(IES) LIMIT BLOCK FOR FRONT DOOR,"ASM-Pacific,Phoenix",3,0,,0.0,0.0,0.0,0.0,Dormant
500220569,"(IES) KEY NOTCH, LOWER","ASM-Pacific,Phoenix",3,0,,0.0,0.0,0.0,0.0,Dormant
500220570,"(IES) KEY NOTCH, UPPER","ASM-Pacific,Phoenix",3,0,,0.0,0.0,0.0,0.0,Dormant
500220571,(IES) L-BRACKET FOR TUBE ADAPTOR,"ASM-Pacific,Phoenix",3,0,,0.0,0.0,0.0,0.0,Dormant
500220572,"(IES) ARMATURE FOR DOOR LOCK, LEFT","ASM-Pacific,Phoenix",3,0,,0.0,0.0,0.0,0.0,Dormant
500220573,(IES) NUT PLATE FOR TUBE ADAPTOR,"ASM-Pacific,Phoenix",3,0,,0.0,0.0,0.0,0.0,Dormant
500220574,(IES) PROTECTIVE GUARD FOR MAGNETIC LOCK,"ASM-Pacific,Phoenix",3,0,,0.0,0.0,0.0,0.0,Dormant
500220575,"(IES) FRONT COVER WITH WINDOW, V3","ASM-Pacific,Phoenix",3,0,,0.0,0.0,0.0,0.0,Dormant
500220576,(IES) L-BRACKET FOR MAGNETIC LOCK,"ASM-Pacific,Phoenix",3,0,,0.0,0.0,0.0,0.0,Dormant
500220577,"(IES) ARMATURE FOR DOOR LOCK, RIGHT","ASM-Pacific,Phoenix",3,0,,0.0,0.0,0.0,0.0,Dormant
500220578,(IES) FRONT COVER HANDLE 2,"ASM-Pacific,Phoenix",3,0,,0.0,0.0,0.0,0.0,Dormant
500220579,STAINLESS FLAT TORQUE HINGE B-1109-3,"ASM-Pacific,Phoenix",4,0,,0.0,0.0,0.0,0.0,Dormant
500220621,(IES) CONDENSER (G2) AND DUCT,"ASM-Pacific,Phoenix",3,0,,0.0,0.0,0.0,0.0,Dormant
500220622,"WINDOW,BONDING EXHAUST,BEW,IES,FLUX","GENERIC;ASM-Pacific,Phoenix",3,0,,0.0,0.0,0.0,0.0,Dormant
500220623,"(IES) EXH, LINE-VAC & UNION ASSY","ASM-Pacific,Phoenix",3,0,,0.0,0.0,0.0,0.0,Dormant
500220624,(IES) CDS EXTENDED DUCT & VALVE ASSY,"ASM-Pacific,Phoenix",3,0,,0.0,0.0,0.0,0.0,Dormant
500220625,(IES) CDS EXH DUCT WITH 2ND CDS ASSY,"ASM-Pacific,Phoenix",3,0,,0.0,0.0,0.0,0.0,Dormant
500220626,"(IES)CDS, EXH. VALVE ASSY","ASM-Pacific,Phoenix;GENERIC",3,0,,0.0,0.0,0.0,0.0,Dormant
500220627,"ENVIRONEMTN, CORE,INERT,CIE,G2,IES","ASM-Pacific,Phoenix",3,0,,0.0,0.0,0.0,0.0,Dormant
500220628,(IES) PRE HEAT SLIDE COVER LEFT,"ASM-Pacific,Phoenix",3,0,,0.0,0.0,0.0,0.0,Dormant
500220629,(IES) PRE HEAT SLIDE COVER,"ASM-Pacific,Phoenix",3,0,,0.0,0.0,0.0,0.0,Dormant
500220630,(IES) PH FRONT EXH DUCT ASSY LEFT (G2),"ASM-Pacific,Phoenix",3,0,,0.0,0.0,0.0,0.0,Dormant
500220631,(IES) PH COVER Y-SHUTTLE BASE ASSY LEFT,"ASM-Pacific,Phoenix",3,0,,0.0,0.0,0.0,0.0,Dormant
500220632,(IES) PRE HEAT SLIDE COVER RIGHT,"ASM-Pacific,Phoenix",3,0,,0.0,0.0,0.0,0.0,Dormant
500220633,(IES) PH COVER Y-SHUTTLE BASE ASSY RIGHT,"ASM-Pacific,Phoenix",3,0,,0.0,0.0,0.0,0.0,Dormant
500220634,(IES) PH FRONT EXH DUCT ASSY RIGH (G2),"ASM-Pacific,Phoenix",3,0,,0.0,0.0,0.0,0.0,Dormant
500220635,(DFH) DNL DOCKING UNIT,"ASM-Pacific,Phoenix",3,0,,0.0,0.0,0.0,0.0,Dormant
500220636,(DFH) DNL MECH ASSY,"ASM-Pacific,Phoenix",3,0,,0.0,0.0,0.0,0.0,Dormant
500220637,DFH SIDE GUIDE,"ASM-Pacific,Phoenix",3,0,,0.0,0.0,0.0,0.0,Dormant
500220638,(CAH) DNL MECH ASSY,"ASM-Pacific,Phoenix",3,0,,0.0,0.0,0.0,0.0,Dormant
500220639,CHAMFER BLOCK C,"ASM-Pacific,Phoenix",3,0,,0.0,0.0,0.0,0.0,Dormant
500220640,SIDE GUIDE BAR,"ASM-Pacific,Phoenix",3,0,,0.0,0.0,0.0,0.0,Dormant
500220641,DNL DOCKING UNIT LEFT,"ASM-Pacific,Phoenix",3,0,,0.0,0.0,0.0,0.0,Dormant
500220642,CHAMFER BLOCK B,"ASM-Pacific,Phoenix",3,0,,0.0,0.0,0.0,0.0,Dormant
500220643,DNL BASE PLATE LEFT,"ASM-Pacific,Phoenix",3,0,,0.0,0.0,0.0,0.0,Dormant
500220644,DOCK CYL SNR CABLE ASSY,"ASM-Pacific,Phoenix",3,0,,0.0,0.0,0.0,0.0,Dormant
500220645,DNL PROFILE GUIDE A,"ASM-Pacific,Phoenix",3,0,,0.0,0.0,0.0,0.0,Dormant
500220646,DNL LOCKING HOOK A,"ASM-Pacific,Phoenix",3,0,,0.0,0.0,0.0,0.0,Dormant
500220647,DNL HANDLE A,"ASM-Pacific,Phoenix",3,0,,0.0,0.0,0.0,0.0,Dormant
500220648,DNL PILOT PIN BLK A,"ASM-Pacific,Phoenix",3,0,,0.0,0.0,0.0,0.0,Dormant
500220649,DNL HANDLE COVER A,"ASM-Pacific,Phoenix",3,0,,0.0,0.0,0.0,0.0,Dormant
500220650,DNL DOCKING UNIT RIGHT,"ASM-Pacific,Phoenix;GENERIC",3,0,,0.0,0.0,0.0,0.0,Dormant
500220651,DNL BASE PLATE RIGHT,"ASM-Pacific,Phoenix",3,0,,0.0,0.0,0.0,0.0,Dormant
500220652,DNL COMPENSATION PLATE (DFH),"ASM-Pacific,Phoenix",3,0,,0.0,0.0,0.0,0.0,Dormant
500220653,DOCK CYL SNR CABLE ASSY,"ASM-Pacific,Phoenix",3,0,,0.0,0.0,0.0,0.0,Dormant
500220654,DNL HOOK PIVOT WASHER,"GENERIC;ASM-Pacific,Phoenix",3,0,,0.0,0.0,0.0,0.0,Dormant
500220655,"BEARING,BALL,5X10X4,DNL","ASM-Pacific,Phoenix;ASM-Pacific,Firebird",4,0,,0.0,0.0,0.0,0.0,Dormant
500220656,DNL PROFILE GUIDE B,"ASM-Pacific,Phoenix",3,0,,0.0,0.0,0.0,0.0,Dormant
500220657,DNL LOCKING HOOK B,"ASM-Pacific,Phoenix",3,0,,0.0,0.0,0.0,0.0,Dormant
500220658,DNL HOOK PIVOT,"ASM-Pacific,Phoenix",3,0,,0.0,0.0,0.0,0.0,Dormant
500220659,DNL LOCATING BULLET,"ASM-Pacific,Phoenix",3,0,,0.0,0.0,0.0,0.0,Dormant
500220660,DNL PILOT PIN BLK B,"ASM-Pacific,Phoenix",3,0,,0.0,0.0,0.0,0.0,Dormant
500220661,DNL RESTRICTION HOOK,"ASM-Pacific,Phoenix",3,0,,0.0,0.0,0.0,0.0,Dormant
500220662,DNL LINKAGE,"ASM-Pacific,Phoenix",3,0,,0.0,0.0,0.0,0.0,Dormant
500220663,DNL HANDLE B,"ASM-Pacific,Phoenix",3,0,,0.0,0.0,0.0,0.0,Dormant
500220664,DNL HANDLE COVER B,"ASM-Pacific,Phoenix",3,0,,0.0,0.0,0.0,0.0,Dormant
500220665,DNL AXIAL FOOT FOR CYLINDER,"ASM-Pacific,Phoenix",3,0,,0.0,0.0,0.0,0.0,Dormant
500220666,DNL PILOT PIN PLATE,"ASM-Pacific,Phoenix",3,0,,0.0,0.0,0.0,0.0,Dormant
500220667,DNL ROLLER GUIDE,"ASM-Pacific,Phoenix",3,0,,0.0,0.0,0.0,0.0,Dormant
500220668,DNL KNUCKLE JOINT FOR CYLINDER,"ASM-Pacific,Phoenix",3,0,,0.0,0.0,0.0,0.0,Dormant
500220669,DNL LINKAGE PIN A,"ASM-Pacific,Phoenix",3,0,,0.0,0.0,0.0,0.0,Dormant
500220670,DNL LINKAGE WASHER,"ASM-Pacific,Phoenix;GENERIC",3,0,,0.0,0.0,0.0,0.0,Dormant
500220671,DNL GROOVE PIN,"ASM-Pacific,Phoenix",3,0,,0.0,0.0,0.0,0.0,Dormant
500220672,DNL LINKAGE PIN B,"ASM-Pacific,Phoenix",3,0,,0.0,0.0,0.0,0.0,Dormant
500220673,DNL BEARING SHAFT,"ASM-Pacific,Phoenix;GENERIC",3,0,,0.0,0.0,0.0,0.0,Dormant
500220674,DNL BEARING WASHER,"ASM-Pacific,Phoenix;GENERIC",3,0,,0.0,0.0,0.0,0.0,Dormant
500220675,DNL PLASTIC GUIDE,"ASM-Pacific,Phoenix",3,0,,0.0,0.0,0.0,0.0,Dormant
500220676,DNL SETUP BLOCK B,"ASM-Pacific,Phoenix",3,0,,0.0,0.0,0.0,0.0,Dormant
500220677,"BLOCK,ALIGNMENT,DOCKING,DNL","ASM-Pacific,Phoenix",3,0,,0.0,0.0,0.0,0.0,Dormant
500220678,ONE-TOUCH FITTING KQ2S06-M5A,"ASM-Pacific,Phoenix",3,0,,0.0,0.0,0.0,0.0,Dormant
500220679,DOWEL PIN D5X10,"ASM-Pacific,Firebird;ASM-Pacific,Phoenix",5,0,,0.0,0.0,0.0,0.0,Dormant
500220680,DNL SETUP BLOCK A,"ASM-Pacific,Phoenix",3,0,,0.0,0.0,0.0,0.0,Dormant
500220681,CAH DOCKING INSERT ASSY,"ASM-Pacific,Phoenix",3,0,,0.0,0.0,0.0,0.0,Dormant
500220682,CHAMFER BLOCK,"ASM-Pacific,Phoenix",3,0,,0.0,0.0,0.0,0.0,Dormant
500220683,Z PARKING PAD,"ASM-Pacific,Phoenix",3,0,,0.0,0.0,0.0,0.0,Dormant
500220684,HEX NUT M6                        [10C2],"ASM-Pacific,Phoenix",3,0,,0.0,0.0,0.0,0.0,Dormant
500220685,DOWEL PIN D6 X L16,"ASM-Pacific,Phoenix",4,0,,0.0,0.0,0.0,0.0,Dormant
500220686,BEARING WASHER A,"GENERIC;ASM-Pacific,Phoenix",3,0,,0.0,0.0,0.0,0.0,Dormant
500220687,DOWEL PIN D8 X L16,"ASM-Pacific,Phoenix;ASM-Pacific,Firebird",3,0,,0.0,0.0,0.0,0.0,Dormant
500220688,CAH SIDE GUIDE,"ASM-Pacific,Phoenix",3,0,,0.0,0.0,0.0,0.0,Dormant
500220689,BEARING WASHER B,"GENERIC;ASM-Pacific,Phoenix",3,0,,0.0,0.0,0.0,0.0,Dormant
500220690,BEARING SHAFT B,"GENERIC;ASM-Pacific,Phoenix",3,0,,0.0,0.0,0.0,0.0,Dormant
500220691,BEARING SHAFT A,"ASM-Pacific,Phoenix",3,0,,0.0,0.0,0.0,0.0,Dormant
500220692,LOCATING BLOCK A,"ASM-Pacific,Phoenix",3,0,,0.0,0.0,0.0,0.0,Dormant
500220693,LOCATING BLOCK B,"ASM-Pacific,Phoenix",3,0,,0.0,0.0,0.0,0.0,Dormant
500220694,BEARING SPACER,"GENERIC;ASM-Pacific,Phoenix",3,0,,0.0,0.0,0.0,0.0,Dormant
500220695,STEP RING FOR LIMIT GUARD,"ASM-Pacific,Phoenix",3,0,,0.0,0.0,0.0,0.0,Dormant
500220696,LIMIT GUIDE SHT METAL,"ASM-Pacific,Phoenix",3,0,,0.0,0.0,0.0,0.0,Dormant
500220697,LOCKING SHT METAL,"ASM-Pacific,Phoenix",3,0,,0.0,0.0,0.0,0.0,Dormant
500220698,LOCK PIN,"ASM-Pacific,Phoenix",3,0,,0.0,0.0,0.0,0.0,Dormant
500220699,FLOATING UNIT,"ASM-Pacific,Phoenix;GENERIC",3,0,,0.0,0.0,0.0,0.0,Dormant
500220700,DATUM ROLLER ASSY,"GENERIC;ASM-Pacific,Phoenix",4,0,,0.0,0.0,0.0,0.0,Dormant
500220701,ROLLER ASSY,"GENERIC;ASM-Pacific,Phoenix",4,0,,0.0,0.0,0.0,0.0,Dormant
500220702,SPRING HOLDER,"ASM-Pacific,Phoenix",3,0,,0.0,0.0,0.0,0.0,Dormant
500220703,FLATING GUIDE ROLLER HOLDER,"ASM-Pacific,Phoenix",3,0,,0.0,0.0,0.0,0.0,Dormant
500220704,ROD HOLDER,"ASM-Pacific,Phoenix",3,0,,0.0,0.0,0.0,0.0,Dormant
500220705,GUIDE ROD,"ASM-Pacific,Phoenix;GENERIC",3,0,,0.0,0.0,0.0,0.0,Dormant
500220706,DIE SPING TL18X75,"GENERIC;ASM-Pacific,Phoenix",4,0,,0.0,0.0,0.0,0.0,Dormant
500220707,VIBRATION ISOLATION ASSY,"GENERIC;ASM-Pacific,Phoenix",3,0,,0.0,0.0,0.0,0.0,Dormant
500220708,GRANITE PARKING PAD,"ASM-Pacific,Phoenix",3,0,,0.0,0.0,0.0,0.0,Dormant
500220709,ISOLATOR VALVE IMPROVEMENT KIT,"ASM-Pacific,Phoenix;GENERIC",3,0,,0.0,0.0,0.0,0.0,Dormant
500220710,(CH) SLIM LOCATOR SET,"ASM-Pacific,Phoenix",3,0,,0.0,0.0,0.0,0.0,Dormant
500220711,(CH) LOCATOR TOOL,"GENERIC;ASM-Pacific,Phoenix",3,0,,0.0,0.0,0.0,0.0,Dormant
500220712,ISOLATOR PLATFORM LOCATOR,"ASM-Pacific,Phoenix",3,0,,0.0,0.0,0.0,0.0,Dormant
500220713,ISOLATOR SENSOR BRACKET,"ASM-Pacific,Phoenix",3,0,,0.0,0.0,0.0,0.0,Dormant
500220714,PRECISION HEIGHT CONTROL VALVES W/ METER,"GENERIC;ASM-Pacific,Phoenix",3,0,,0.0,0.0,0.0,0.0,Dormant
500220715,"PNEUMATIC ISOLATOR 2500LB W7.52""XH11.58""","ASM-Pacific,Phoenix",3,0,,0.0,0.0,0.0,0.0,Dormant
500220716,TIE BAR SYSTEM V2,"ASM-Pacific,Phoenix;GENERIC",3,0,,0.0,0.0,0.0,0.0,Dormant
500220717,TIE U-BAR V2,"GENERIC;ASM-Pacific,Phoenix",3,0,,0.0,0.0,0.0,0.0,Dormant
500220718,TIE BAR ADAPTOR BLOCK V2 (M10X1.25),"ASM-Pacific,Phoenix",3,0,,0.0,0.0,0.0,0.0,Dormant
500220719,S HD CAP SCW (M10X1.25 X16),"GENERIC;ASM-Pacific,Phoenix",3,0,,0.0,0.0,0.0,0.0,Dormant
500220720,LOCK NUT M10X1.25,"ASM-Pacific,Phoenix",3,0,,0.0,0.0,0.0,0.0,Dormant
500220721,TIE ROD V2,"GENERIC;ASM-Pacific,Phoenix",3,0,,0.0,0.0,0.0,0.0,Dormant
500220722,TIE BAR SPRING ASSY V2,"ASM-Pacific,Phoenix;GENERIC",3,0,,0.0,0.0,0.0,0.0,Dormant
500220723,SPRING PLATE OUTER V2,"ASM-Pacific,Phoenix",3,0,,0.0,0.0,0.0,0.0,Dormant
500220724,SPRING LOCK V2,"ASM-Pacific,Phoenix",3,0,,0.0,0.0,0.0,0.0,Dormant
500220725,S HD CAP SCW (M10X1.25 X65),"ASM-Pacific,Phoenix;GENERIC",3,0,,0.0,0.0,0.0,0.0,Dormant
500220726,SPRING PLATE INNER V2,"ASM-Pacific,Phoenix",3,0,,0.0,0.0,0.0,0.0,Dormant
500220727,TIE KNOB V2,"ASM-Pacific,Phoenix",3,0,,0.0,0.0,0.0,0.0,Dormant
500220728,HEX NUT (M10X1.25),"ASM-Pacific,Phoenix",3,0,,0.0,0.0,0.0,0.0,Dormant
500220729,EXTENSION SPRING LE-148J-01M,"ASM-Pacific,Phoenix;GENERIC",4,0,,0.0,0.0,0.0,0.0,Dormant
500220730,EXHAUST ASSY,"ASM-Pacific,Phoenix",3,0,,0.0,0.0,0.0,0.0,Dormant
500220731,LINE VAC ASSY,"GENERIC;ASM-Pacific,Phoenix",3,0,,0.0,0.0,0.0,0.0,Dormant
500220732,(DTA) DIE TRANSFER ARM,"ASM-Pacific,Phoenix;ASM-Pacific,Firebird",3,0,,0.0,0.0,0.0,0.0,Dormant
500220733,"JOINT,FLOATING,TIE,BAR,SPRING,ASSY","ASM-Pacific,Phoenix",3,0,,0.0,0.0,0.0,0.0,Dormant
500221633,EVEREADY AA BATTERY (4PCS/PKT),Generic;HDMx_TRB_Generic;Besi DLA/DSA;HDMx_Collateral_TIU_Shared,1,1,1.0,0.0,1.0,1.0,1.0,No-history
500222204,"BULB, WHITE LED (EMO BOX)",Heller 2017 MK III;Heller FAR;Heller HRF;Heller 2017 Formic Acid,1,0,,0.0,0.0,0.0,0.0,No-history
500222206,"BULB, GREEN LED (EMO BOX)",Heller 2017 Formic Acid;Heller HRF;Heller 2017 MK III;Heller FAR,1,0,,0.0,0.0,0.0,0.0,No-history
500222215,"SOLENOID,DTA,VACUUM,SECONDARY","GENERIC;ASM-Pacific,Phoenix",3,0,,0.0,0.0,0.0,0.0,Dormant
500222216,DTA BLOW SOL(SECONDARY),"ASM-Pacific,Phoenix;GENERIC",3,0,,0.0,0.0,0.0,0.0,Dormant
500222217,DTA VAC SENSOR(SECONDARY),"GENERIC;ASM-Pacific,Phoenix",3,0,,0.0,0.0,0.0,0.0,Dormant
500222218,CABLE SUPPORT,"ASM-Pacific,Firebird;ASM-Pacific,Phoenix",2,0,,0.0,0.0,0.0,0.0,Dormant
500222219,EN FIXED END CABLE CLAMP_A,"ASM-Pacific,Phoenix",3,0,,0.0,0.0,0.0,0.0,Dormant
500222220,EN FIXED END CABLE CLAMP_B,"ASM-Pacific,Phoenix",3,0,,0.0,0.0,0.0,0.0,Dormant
500222221,EN_C MOVING END,"ASM-Pacific,Phoenix",3,0,,0.0,0.0,0.0,0.0,Dormant
500222222,VAC SENSOR MOUNT,"GENERIC;ASM-Pacific,Phoenix",3,0,,0.0,0.0,0.0,0.0,Dormant
500222223,(DTA) X MOVING COVER,"ASM-Pacific,Phoenix",3,0,,0.0,0.0,0.0,0.0,Dormant
500222224,TRANSFER AMR SOL MOUNT,"GENERIC;ASM-Pacific,Phoenix",3,0,,0.0,0.0,0.0,0.0,Dormant
500222225,R MOTOR ASSY CHANGE FROM THETA,"ASM-Pacific,Firebird;ASM-Pacific,Phoenix",3,0,,0.0,0.0,0.0,0.0,Dormant
500222226,PAN HD PHI SCREW M2X10,"GENERIC;ASM-Pacific,Phoenix",3,0,,0.0,0.0,0.0,0.0,Dormant
500222227,DTA ROBOT SHOULDER ARM SUB ASSY,"ASM-Pacific,Phoenix",3,0,,0.0,0.0,0.0,0.0,Dormant
500222228,CROSS ROLLER RING RB3510UUCCOP5,"ASM-Pacific,Firebird;ASM-Pacific,Phoenix",3,0,,0.0,0.0,0.0,0.0,Dormant
500222229,BALL BEARING 15X20X3.5 METRIC,"ASM-Pacific,Firebird;ASM-Pacific,Phoenix",4,0,,0.0,0.0,0.0,0.0,Dormant
500222230,BALL BEARING 20X27X4 METRIC,"ASM-Pacific,Firebird;ASM-Pacific,Phoenix",4,0,,0.0,0.0,0.0,0.0,Dormant
500222231,BALL BEARING 30 X 42 X 7 FAG61806,"ASM-Pacific,Firebird;ASM-Pacific,Phoenix",4,0,,0.0,0.0,0.0,0.0,Dormant
500222232,BALL BEARING 3X6X2.5 METRIC,"ASM-Pacific,Phoenix",3,0,,0.0,0.0,0.0,0.0,Dormant
500222233,SENSOR MOUNTED  BASE,"ASM-Pacific,Phoenix",3,0,,0.0,0.0,0.0,0.0,Dormant
500222234,MAIN TENSION1 BASE,"ASM-Pacific,Phoenix",3,0,,0.0,0.0,0.0,0.0,Dormant
500222235,CABLE PIPE1 CLAMP,"ASM-Pacific,Phoenix",3,0,,0.0,0.0,0.0,0.0,Dormant
500222236,CABLE PIPE2 CLAMP,"ASM-Pacific,Phoenix",3,0,,0.0,0.0,0.0,0.0,Dormant
500222237,AT5-22 PULLEY BOTTOM SUPPORT FLANGE,"ASM-Pacific,Phoenix",3,0,,0.0,0.0,0.0,0.0,Dormant
500222238,"BASE,MAIN,TENSION2","ASM-Pacific,Phoenix",3,0,,0.0,0.0,0.0,0.0,Dormant
500222239,END EFFECTOR MOUNTED FLANGE,"ASM-Pacific,Phoenix",3,0,,0.0,0.0,0.0,0.0,Dormant
500222240,PULLEY AT3-44,"ASM-Pacific,Phoenix",3,0,,0.0,0.0,0.0,0.0,Dormant
500222241,SHOULDER ARM COVER,"ASM-Pacific,Phoenix",3,0,,0.0,0.0,0.0,0.0,Dormant
500222242,SHOULDER ARM BASE,"ASM-Pacific,Phoenix",3,0,,0.0,0.0,0.0,0.0,Dormant
500222243,AT5-22 PULLEY BEARING SUPPORT FLANGE,"ASM-Pacific,Phoenix",3,0,,0.0,0.0,0.0,0.0,Dormant
500222244,AT5-22 PULLEY BEARING COVER FLANGE,"ASM-Pacific,Phoenix",3,0,,0.0,0.0,0.0,0.0,Dormant
500222245,PULLEY AT5-22 BOTTOM COVER FLANGE,"ASM-Pacific,Phoenix",3,0,,0.0,0.0,0.0,0.0,Dormant
500222246,PULLEY AT5-22*44,"ASM-Pacific,Phoenix",3,0,,0.0,0.0,0.0,0.0,Dormant
500222247,SHOULDER ARM CABLE PIPE SUPPORT SHAFT,"GENERIC;ASM-Pacific,Phoenix",3,0,,0.0,0.0,0.0,0.0,Dormant
500222248,PULLEY AT5-22 BOTTOM COVER,"ASM-Pacific,Phoenix",3,0,,0.0,0.0,0.0,0.0,Dormant
500222249,PULLEY AT5-22 TOP COVER FLANGE,"ASM-Pacific,Phoenix",3,0,,0.0,0.0,0.0,0.0,Dormant
500222250,CABLE PLANE CLAMP,"ASM-Pacific,Phoenix",3,0,,0.0,0.0,0.0,0.0,Dormant
500222251,CBALE PROTECT WALL,"ASM-Pacific,Phoenix;GENERIC",3,0,,0.0,0.0,0.0,0.0,Dormant
500222252,"BASE,TENSIONER,LEFT,HOLDER,DTA","ASM-Pacific,Phoenix",3,0,,0.0,0.0,0.0,0.0,Dormant
500222253,"SHAFT,NORMAL,TENSIONER,PIN","ASM-Pacific,Phoenix;GENERIC",3,0,,0.0,0.0,0.0,0.0,Dormant
500222254,"PULLEY,NORMAL,TENSION,IDLER","ASM-Pacific,Phoenix",3,0,,0.0,0.0,0.0,0.0,Dormant
500222255,(DTA) X STAGE,"ASM-Pacific,Phoenix;GENERIC",3,0,,0.0,0.0,0.0,0.0,Dormant
500222256,(DTA) X MOTOR D42,"ASM-Pacific,Firebird;ASM-Pacific,Phoenix",3,0,,0.0,0.0,0.0,0.0,Dormant
500222257,"SPACER,SPECIAL,TENSIONER,.DTA","GENERIC;ASM-Pacific,Phoenix",3,0,,0.0,0.0,0.0,0.0,Dormant
500222258,NORMAL TENSIONER SPACER,"ASM-Pacific,Phoenix;GENERIC",3,0,,0.0,0.0,0.0,0.0,Dormant
500222259,"TENSIONER,PIN,LEFT-NORMAL,ANTI-SLIDE","ASM-Pacific,Phoenix;GENERIC",3,0,,0.0,0.0,0.0,0.0,Dormant
500222260,LEFT SPECAL TENSION IDLER PULLEY,"ASM-Pacific,Phoenix",3,0,,0.0,0.0,0.0,0.0,Dormant
500222261,LM GUIDE HRW21CA2UUC1M+580LM,"ASM-Pacific,Phoenix",3,0,,0.0,0.0,0.0,0.0,Dormant
500222262,(DTA) X BASE,"ASM-Pacific,Phoenix",3,0,,0.0,0.0,0.0,0.0,Dormant
500222263,(DTA) X SLIDE,"GENERIC;ASM-Pacific,Phoenix",3,0,,0.0,0.0,0.0,0.0,Dormant
500222264,(DTA) X ENCODER MOUNT,"ASM-Pacific,Phoenix",3,0,,0.0,0.0,0.0,0.0,Dormant
500222265,(DTA) X STOPPER MOUNT,"ASM-Pacific,Phoenix",3,0,,0.0,0.0,0.0,0.0,Dormant
500222266,(DTA) X COVER,"ASM-Pacific,Phoenix",3,0,,0.0,0.0,0.0,0.0,Dormant
500222267,(DTA) X TOP COVER,"ASM-Pacific,Phoenix",3,0,,0.0,0.0,0.0,0.0,Dormant
500222268,(DTA) DIE HOLD INSERT PLATFORM,"ASM-Pacific,Phoenix;Generic;ASM-Pacific,Firebird",3,0,,0.0,0.0,0.0,0.0,Dormant
500222269,(DTA) END EFFECTOR MAIN BODY,"ASM-Pacific,Phoenix",3,0,,0.0,0.0,0.0,0.0,Dormant
500222270,(DTA) END EFFECTOR COVER,"ASM-Pacific,Phoenix",3,0,,0.0,0.0,0.0,0.0,Dormant
500222271,(DPA) DIE PICK ARM,"ASM-Pacific,Phoenix",3,0,,0.0,0.0,0.0,0.0,Dormant
500222272,(DPA) GRANITE REFERENCE BLOCK KIT,"ASM-Pacific,Phoenix",3,0,,0.0,0.0,0.0,0.0,Dormant
500222273,CAMERA MOUNTING,"ASM-Pacific,Phoenix",3,0,,0.0,0.0,0.0,0.0,Dormant
500222274,(DPA) DIE PICK ARM STAND,"GENERIC;ASM-Pacific,Phoenix",3,0,,0.0,0.0,0.0,0.0,Dormant
500222275,(DPA) FRONT END MANIFOLD,"ASM-Pacific,Phoenix",3,0,,0.0,0.0,0.0,0.0,Dormant
500222276,Z FIXED END MNT,"ASM-Pacific,Phoenix",3,0,,0.0,0.0,0.0,0.0,Dormant
500222277,X MOVING END MNT,"ASM-Pacific,Phoenix",3,0,,0.0,0.0,0.0,0.0,Dormant
500222278,Y MTR CABLE CLAMP,"ASM-Pacific,Phoenix",3,0,,0.0,0.0,0.0,0.0,Dormant
500222279,Y MOVING END MNT,"ASM-Pacific,Phoenix",3,0,,0.0,0.0,0.0,0.0,Dormant
500222280,X FIXED END MNT,"ASM-Pacific,Phoenix",3,0,,0.0,0.0,0.0,0.0,Dormant
500222281,Y FIXED END MNT,"ASM-Pacific,Phoenix",3,0,,0.0,0.0,0.0,0.0,Dormant
500222282,DPA X MOVING END COVER,"ASM-Pacific,Phoenix",3,0,,0.0,0.0,0.0,0.0,Dormant
500222283,DPA Y MOVING END COVER-01,"ASM-Pacific,Phoenix",3,0,,0.0,0.0,0.0,0.0,Dormant
500222284,DPA Z MOVING END COVER,"ASM-Pacific,Phoenix",3,0,,0.0,0.0,0.0,0.0,Dormant
500222285,DPA X MOVING END COVER-02,"ASM-Pacific,Phoenix",3,0,,0.0,0.0,0.0,0.0,Dormant
500222286,(DPA) X STAGE,"ASM-Pacific,Phoenix;GENERIC",3,0,,0.0,0.0,0.0,0.0,Dormant
500222287,(DPA) X MOTOR,"ASM-Pacific,Firebird;ASM-Pacific,Phoenix",3,0,,0.0,0.0,0.0,0.0,Dormant
500222288,SOC SET CUP SCREW M3 X 5          [06A6],"GENERIC;ASM-Pacific,Phoenix",3,0,,0.0,0.0,0.0,0.0,Dormant
500222289,SOC HD CAP SCREW M3X6 ALLOY ST NI PLT,"GENERIC;ASM-Pacific,Phoenix",3,0,,0.0,0.0,0.0,0.0,Dormant
500222290,LM GUIDE SHW12CRM2UUC1+430LPM,"ASM-Pacific,Firebird;ASM-Pacific,Phoenix",3,0,,0.0,0.0,0.0,0.0,Dormant
500222291,(DPA) X STAGE BODY,"ASM-Pacific,Phoenix",3,0,,0.0,0.0,0.0,0.0,Dormant
500222292,(DPA) X SIDE COVER B,"ASM-Pacific,Phoenix",3,0,,0.0,0.0,0.0,0.0,Dormant
500222293,(DPA) X MAGNET ROD CLAMP D25,"ASM-Pacific,Phoenix",3,0,,0.0,0.0,0.0,0.0,Dormant
500222294,(DPA) X ENCODER MOUNTING,"ASM-Pacific,Phoenix",3,0,,0.0,0.0,0.0,0.0,Dormant
500222295,(DPA) X ENC SCALE MOUNT W/ OPENING,"ASM-Pacific,Phoenix",3,0,,0.0,0.0,0.0,0.0,Dormant
500222296,(DPA) Y STAGE,"GENERIC;ASM-Pacific,Phoenix",3,0,,0.0,0.0,0.0,0.0,Dormant
500222297,(DPA) X GREASE HOLE COVER,"ASM-Pacific,Phoenix",3,0,,0.0,0.0,0.0,0.0,Dormant
500222298,SOC HD CAP SCREW M4X12 ALLOY ST NI PLT,"GENERIC;ASM-Pacific,Phoenix",3,0,,0.0,0.0,0.0,0.0,Dormant
500222299,(DPA) XY BRACKET,"ASM-Pacific,Phoenix",3,0,,0.0,0.0,0.0,0.0,Dormant
500222300,(DPA) Y MOTOR,"ASM-Pacific,Phoenix;ASM-Pacific,Firebird",3,0,,0.0,0.0,0.0,0.0,Dormant
500222301,LM GUIDE SSR15XW2UUC1+400LYSPM-II,"ASM-Pacific,Firebird;ASM-Pacific,Phoenix",3,0,,0.0,0.0,0.0,0.0,Dormant
500222302,STANDARD STOPPER,"ASM-Pacific,Phoenix;GENERIC",3,0,,0.0,0.0,0.0,0.0,Dormant
500222303,(DPA) Y BASE,"ASM-Pacific,Phoenix",3,0,,0.0,0.0,0.0,0.0,Dormant
500222304,(DPA) Y ENCODER SCALE MOUNTING,"ASM-Pacific,Phoenix",3,0,,0.0,0.0,0.0,0.0,Dormant
500222305,(DPA) Y PLATE,"ASM-Pacific,Phoenix",3,0,,0.0,0.0,0.0,0.0,Dormant
500222306,(DPA) Z STAGE,"GENERIC;ASM-Pacific,Phoenix",3,0,,0.0,0.0,0.0,0.0,Dormant
500222307,(DPA) Y END SUPPORTING PLATE,"ASM-Pacific,Phoenix",3,0,,0.0,0.0,0.0,0.0,Dormant
500222308,(DPA) Y TOP COVER,"ASM-Pacific,Phoenix",3,0,,0.0,0.0,0.0,0.0,Dormant
500222309,"STOPPER ASSY (M3, L8)","GENERIC;ASM-Pacific,Phoenix",3,0,,0.0,0.0,0.0,0.0,Dormant
500222310,(DPA) Y SIDE COVER,"ASM-Pacific,Phoenix",3,0,,0.0,0.0,0.0,0.0,Dormant
500222311,(DPA) Z MOTOR,"ASM-Pacific,Phoenix",3,1,3.0,0.0,0.333,0.475,0.09,Intermittent
500222312,SOC HD CAP SCREW M3X8 ALLOY ST NI PLT,"GENERIC;ASM-Pacific,Phoenix",3,0,,0.0,0.0,0.0,0.0,Dormant
500222313,"PIN,DOWEL,DIA3X10LG,X,STAGE,LEFT","ASM-Pacific,Phoenix",3,0,,0.0,0.0,0.0,0.0,Dormant
500222314,(DPA) Z ENCODER MOUNT,"ASM-Pacific,Phoenix",3,0,,0.0,0.0,0.0,0.0,Dormant
500222315,(DPA) Z SLIDE,"GENERIC;ASM-Pacific,Phoenix",3,0,,0.0,0.0,0.0,0.0,Dormant
500222316,(DPA) VACUUM SENSOR MANIFOLD,"GENERIC;ASM-Pacific,Phoenix",3,0,,0.0,0.0,0.0,0.0,Dormant
500222317,(DPA) Z BASE,"ASM-Pacific,Phoenix",3,0,,0.0,0.0,0.0,0.0,Dormant
500222318,(DPA) MOUNTING FRAMEWORK,"ASM-Pacific,Phoenix",3,0,,0.0,0.0,0.0,0.0,Dormant
500222319,(DPA) PCB HOLDER,"ASM-Pacific,Phoenix",3,0,,0.0,0.0,0.0,0.0,Dormant
500222320,(DPA) SOLENOID VALVES BASE MOUNTING,"ASM-Pacific,Phoenix",3,0,,0.0,0.0,0.0,0.0,Dormant
500222321,(DPA) Z MOVING CABLE CLAMP,"ASM-Pacific,Phoenix",3,0,,0.0,0.0,0.0,0.0,Dormant
500222322,(DPA) Z MAGNETIC SPRING SLEEVE HOLDER,"ASM-Pacific,Phoenix",3,0,,0.0,0.0,0.0,0.0,Dormant
500222323,(DPA) Z MAGNETIC SPRING ROD HOLDER,"ASM-Pacific,Phoenix",3,0,,0.0,0.0,0.0,0.0,Dormant
500222324,(DPA) C-CLAMP MOUNT,"ASM-Pacific,Phoenix",3,0,,0.0,0.0,0.0,0.0,Dormant
500222325,(DPA) Z MAGNET SHIELD PLATE,"ASM-Pacific,Phoenix",3,0,,0.0,0.0,0.0,0.0,Dormant
500222326,(DPA) Z MAGNET SPRING JACKET,"ASM-Pacific,Phoenix",3,0,,0.0,0.0,0.0,0.0,Dormant
500222327,(DFH) FRONT PLATFORM,"ASM-Pacific,Phoenix",3,0,,0.0,0.0,0.0,0.0,Dormant
500222328,(DPA) Z UPPER STOPPER,"ASM-Pacific,Phoenix;GENERIC",3,0,,0.0,0.0,0.0,0.0,Dormant
500222329,MIRROR ASSY WITH PROTECTIVE GLASS,"ASM-Pacific,Phoenix",3,0,,0.0,0.0,0.0,0.0,Dormant
500222330,(DPA) UL OPTICS MOUNTING V4,"ASM-Pacific,Phoenix",3,0,,0.0,0.0,0.0,0.0,Dormant
500222331,"(DFH) BH NOZZLE BANK, 20XX","ASM-Pacific,Phoenix",4,0,,0.0,0.0,0.0,0.0,Dormant
500222332,"(DFH) BH NOZZLE BANK, 28XX","ASM-Pacific,Phoenix",4,0,,0.0,0.0,0.0,0.0,Dormant
500222333,NOZZLE MAGAZINE TYPE 20XX,"ASM-Pacific,Phoenix;ASM-Pacific,Firebird",5,0,,0.0,0.0,0.0,0.0,Dormant
500222334,NOZZLE CHANGER BASIS ASSEMBLY CPX LONG,"ASM-Pacific,Phoenix",3,0,,0.0,0.0,0.0,0.0,Dormant
500222335,(DFH) SDK REJECT BIN,"ASM-Pacific,Phoenix",3,0,,0.0,0.0,0.0,0.0,Dormant
500222336,(OUFC) KEY WAY_LONG,"ASM-Pacific,Phoenix",3,0,,0.0,0.0,0.0,0.0,Dormant
500222337,(OUFC) KEY WAY_SHORT,"ASM-Pacific,Phoenix",3,0,,0.0,0.0,0.0,0.0,Dormant
500222338,NOZZLE MAGAZINE TYPE 28XX,"ASM-Pacific,Phoenix",5,0,,0.0,0.0,0.0,0.0,Dormant
500222339,(DFH) NOZZLE CHANGER COVER,"ASM-Pacific,Phoenix",3,0,,0.0,0.0,0.0,0.0,Dormant
500222340,(DPA) UPLOOK CAMERA CABLE CLAMP,"ASM-Pacific,Phoenix",3,0,,0.0,0.0,0.0,0.0,Dormant
500222341,LEFT EPOXY WRITER (HVM),"GENERIC;ASM-Pacific,Phoenix",3,0,,0.0,0.0,0.0,0.0,Dormant
500222342,DISP Z MOUNT (LEFT),"ASM-Pacific,Phoenix",3,0,,0.0,0.0,0.0,0.0,Dormant
500222343,DISP Z ADAPTOR (LEFT),"ASM-Pacific,Phoenix",3,0,,0.0,0.0,0.0,0.0,Dormant
500222344,DISP DISPENSING HEAD BASE MOUNT L,"ASM-Pacific,Phoenix",3,0,,0.0,0.0,0.0,0.0,Dormant
500222345,DISP Z TABLE ASSY (LEFT),"ASM-Pacific,Phoenix;GENERIC",3,0,,0.0,0.0,0.0,0.0,Dormant
500222346,(EW)EPOXY WRITER Z ENC ASSY,"ASM-Pacific,Phoenix",3,0,,0.0,0.0,0.0,0.0,Dormant
500222347,DISP Z ENCORDER REF MOUNT (L),"ASM-Pacific,Phoenix",3,0,,0.0,0.0,0.0,0.0,Dormant
500222348,DISP HEAD QUICK RELEASE ASSY L,"ASM-Pacific,Phoenix",3,0,,0.0,0.0,0.0,0.0,Dormant
500222349,"DISP MINI Z ASSY L (D ACT, D8)","ASM-Pacific,Phoenix",3,0,,0.0,0.0,0.0,0.0,Dormant
500222350,DISP D-ACT MXQ UPPER SENSOR L,"GENERIC;ASM-Pacific,Phoenix",4,0,,0.0,0.0,0.0,0.0,Dormant
500222351,RIGHT EPOXY WRITER (HVM),"GENERIC;ASM-Pacific,Phoenix",3,0,,0.0,0.0,0.0,0.0,Dormant
500222352,DOWEL PIN D5 X L12,"ASM-Pacific,Phoenix",4,0,,0.0,0.0,0.0,0.0,Dormant
500222353,DISP D-ACT MXQ LOWER SENSOR L,"ASM-Pacific,Phoenix;GENERIC",4,0,,0.0,0.0,0.0,0.0,Dormant
500222354,"DOWEL PIN D4 X L10, SST","ASM-Pacific,Phoenix",4,0,,0.0,0.0,0.0,0.0,Dormant
500222355,DISP Z MOUNT (RIGHT),"ASM-Pacific,Phoenix",3,0,,0.0,0.0,0.0,0.0,Dormant
500222356,DISP Z ADAPTOR (RIGHT),"ASM-Pacific,Phoenix",3,0,,0.0,0.0,0.0,0.0,Dormant
500222357,DISP DISPENSING HEAD BASE MOUNT R,"ASM-Pacific,Phoenix",3,0,,0.0,0.0,0.0,0.0,Dormant
500222358,DISP Z TABLE ASSY (RIGHT),"ASM-Pacific,Phoenix;GENERIC",3,0,,0.0,0.0,0.0,0.0,Dormant
500222359,(EW)EPOXY WRITER Z ENC ASSY,"ASM-Pacific,Phoenix",3,0,,0.0,0.0,0.0,0.0,Dormant
500222360,"DOWEL PIN D3 X L8, SST","ASM-Pacific,Phoenix",4,0,,0.0,0.0,0.0,0.0,Dormant
500222361,TCB DISP Z ROD MOTOR ASSY,"ASM-Pacific,Phoenix",3,0,,0.0,0.0,0.0,0.0,Dormant
500222362,COVER-STOPPER,"ASM-Pacific,Phoenix;GENERIC",3,0,,0.0,0.0,0.0,0.0,Dormant
500222363,DISP Z ENCODER MOUNT,"ASM-Pacific,Phoenix",3,0,,0.0,0.0,0.0,0.0,Dormant
500222364,DISP Z ENCORDER REF MOUNT (R),"ASM-Pacific,Phoenix",3,0,,0.0,0.0,0.0,0.0,Dormant
500222481,PANEL MOUNT ADAPTOR ZS-35-C,"ASM-Pacific,Phoenix",3,0,,0.0,0.0,0.0,0.0,Dormant
500222482,IR PRECISION REGULATOR 1/4IN,"ASM-Pacific,Phoenix;ASM-Pacific,Firebird",3,0,,0.0,0.0,0.0,0.0,Dormant
500222483,EPOXY WRITER PENU SYSTEM,"ASM-Pacific,Phoenix;GENERIC",3,0,,0.0,0.0,0.0,0.0,Dormant
500222484,REAR AIR IONIZER PNEU SOL(R),"ASM-Pacific,Phoenix",3,0,,0.0,0.0,0.0,0.0,Dormant
500222485,PANEL MOUNT ADAPPTER ZS-27-D,"ASM-Pacific,Phoenix",3,0,,0.0,0.0,0.0,0.0,Dormant
500222486,"SOLENOID,EPOXY,WRITER,CYL,EW-L,LEFT,2","GENERIC;ASM-Pacific,Phoenix",4,0,,0.0,0.0,0.0,0.0,Dormant
500222487,FRONT N2 IONIZER PNEU SOL,"ASM-Pacific,Phoenix;GENERIC",3,0,,0.0,0.0,0.0,0.0,Dormant
500222488,"SOLENOID,EPOXY,WRITER,CYL,EW-L,LEFT,1","GENERIC;ASM-Pacific,Phoenix",4,0,,0.0,0.0,0.0,0.0,Dormant
500222489,(EW-L)EPOXY WRITER MINI-Z PENU SOL,"ASM-Pacific,Phoenix;GENERIC",4,0,,0.0,0.0,0.0,0.0,Dormant
500222490,"SOLENOID,EPOXY,WRITER,CYL,EW-L,LEFT,4","ASM-Pacific,Phoenix;GENERIC",4,0,,0.0,0.0,0.0,0.0,Dormant
500222491,EPOXY WRITER SOL PANEL,"ASM-Pacific,Phoenix",3,0,,0.0,0.0,0.0,0.0,Dormant
500222492,EPOXY WRITER SOL FIX MOUNT,"ASM-Pacific,Phoenix",3,0,,0.0,0.0,0.0,0.0,Dormant
500222493,VIBRATION ISOLATOR MM-100-UC04-SL20300,"ASM-Pacific,Phoenix",4,0,,0.0,0.0,0.0,0.0,Dormant
500222494,Y TABLE,"ASM-Pacific,Phoenix;GENERIC",3,0,,0.0,0.0,0.0,0.0,Dormant
500222495,Y ENC ASSY,"ASM-Pacific,Phoenix",3,0,,0.0,0.0,0.0,0.0,Dormant
500222496,"SENSOR,LIMIT,Y-TABLE,SHUTTLE","ASM-Pacific,Phoenix;GENERIC",5,0,,0.0,0.0,0.0,0.0,Dormant
500222497,Y SHUTTLE Y MOTOR ASSY,"ASM-Pacific,Phoenix",3,0,,0.0,0.0,0.0,0.0,Dormant
500222498,SOC HD CAP SCREW M4X10 ALLOY ST NI PLT,"GENERIC;ASM-Pacific,Phoenix",3,0,,0.0,0.0,0.0,0.0,Dormant
500222499,SOC HD CAP SCREW M4X16 ALLOY ST NI PLT,"GENERIC;ASM-Pacific,Phoenix",3,0,,0.0,0.0,0.0,0.0,Dormant
500222500,HGL15CA4R940ZAPII,"ASM-Pacific,Phoenix",3,0,,0.0,0.0,0.0,0.0,Dormant
500222501,DISP HEAD QUICK RELEASE ASSY R,"ASM-Pacific,Phoenix",3,0,,0.0,0.0,0.0,0.0,Dormant
500222502,DISP D-ACT MXQ UPPER SENSOR R,"GENERIC;ASM-Pacific,Phoenix",4,0,,0.0,0.0,0.0,0.0,Dormant
500222503,"DISP MINI Z ASSY R (D ACT, D8)","ASM-Pacific,Phoenix",3,0,,0.0,0.0,0.0,0.0,Dormant
500222504,DISP D-ACT MXQ LOWER SENSOR R,"GENERIC;ASM-Pacific,Phoenix",4,0,,0.0,0.0,0.0,0.0,Dormant
500222505,AIR SLIDE TABLE MXQ8-10,"GENERIC;ASM-Pacific,Phoenix",3,0,,0.0,0.0,0.0,0.0,Dormant
500222506,MINATURE FITTINGS 10-M-5ALU-4,"ASM-Pacific,Phoenix",3,0,,0.0,0.0,0.0,0.0,Dormant
500222507,TCB DUAL WORKCHUCK X MOTOR,"ASM-Pacific,Phoenix",3,0,,0.0,0.0,0.0,0.0,Dormant
500222508,"HOSE ELBOW FITTING M-5HL-6, 17C8","ASM-Pacific,Phoenix;ASM-Pacific,Firebird",3,0,,0.0,0.0,0.0,0.0,Dormant
500222509,"BLOCK,HEATED,TCB,PEDESTAL,ASSY,","ASM-Pacific,Phoenix",3,0,,0.0,0.0,0.0,0.0,Dormant
500222510,TCB PEDESTAL INERT SEAL 1,"GENERIC;ASM-Pacific,Phoenix",3,0,,0.0,0.0,0.0,0.0,Dormant
500222511,ISOLATOR PLATE X,"ASM-Pacific,Phoenix",3,0,,0.0,0.0,0.0,0.0,Dormant
500222512,Y READHEAD MOUNT,"ASM-Pacific,Phoenix",3,0,,0.0,0.0,0.0,0.0,Dormant
500222513,STOPPER HOLDER (Y),"ASM-Pacific,Phoenix",3,0,,0.0,0.0,0.0,0.0,Dormant
500222514,LM RAIL END PLATE,"ASM-Pacific,Phoenix",3,0,,0.0,0.0,0.0,0.0,Dormant
500222515,Y TABLE BASE,"ASM-Pacific,Phoenix",3,0,,0.0,0.0,0.0,0.0,Dormant
500222516,Y MOVING PLATE,"ASM-Pacific,Phoenix",3,0,,0.0,0.0,0.0,0.0,Dormant
500222517,Y TABLE HOME FLAG,"ASM-Pacific,Phoenix",3,0,,0.0,0.0,0.0,0.0,Dormant
500222518,Y TABLE SNR FLAG,"ASM-Pacific,Phoenix",3,0,,0.0,0.0,0.0,0.0,Dormant
500222519,Y TABLE STOPPER,"ASM-Pacific,Phoenix;GENERIC",3,0,,0.0,0.0,0.0,0.0,Dormant
500222520,90 DEGREE REFERENCE MARK A-9541-0037,"ASM-Pacific,Phoenix",3,0,,0.0,0.0,0.0,0.0,Dormant
500222521,TCB PEDESTAL TORLON SPACER 1,"GENERIC;ASM-Pacific,Phoenix",3,0,,0.0,0.0,0.0,0.0,Dormant
500222522,TCB PEDESTAL TORLON SPACER 3,"GENERIC;ASM-Pacific,Phoenix",3,0,,0.0,0.0,0.0,0.0,Dormant
500222523,CABLE CLAMP,"ASM-Pacific,Phoenix",3,0,,0.0,0.0,0.0,0.0,Dormant
500222524,PEDESTAL INERT SEAL W/ NOZZLE BANK,"GENERIC;ASM-Pacific,Phoenix",3,0,,0.0,0.0,0.0,0.0,Dormant
500222525,TCB BS NERT SEAL 2 (LARGE AREA),"ASM-Pacific,Phoenix;GENERIC",3,0,,0.0,0.0,0.0,0.0,Dormant
500222526,PEDESTAL TORLON SPACER 2 (22.5MM),"ASM-Pacific,Phoenix;GENERIC",3,0,,0.0,0.0,0.0,0.0,Dormant
500222527,DISC ON ZERODUR,"ASM-Pacific,Phoenix;GENERIC",4,0,,0.0,0.0,0.0,0.0,Dormant
500222528,SPACER,"ASM-Pacific,Phoenix;GENERIC",3,0,,0.0,0.0,0.0,0.0,Dormant
500222529,EPOXY SERVICE STATION ASSY RIGHT,"ASM-Pacific,Phoenix;GENERIC",3,0,,0.0,0.0,0.0,0.0,Dormant
500222530,"STATION,SERVICE,EPOXY,ASSY,LEFT","GENERIC;ASM-Pacific,Phoenix",3,0,,0.0,0.0,0.0,0.0,Dormant
500222531,IP Y SHUTTLE AIR SUPPLY ASSY,"ASM-Pacific,Phoenix;GENERIC",3,0,,0.0,0.0,0.0,0.0,Dormant
500222532,IP Y SHUTTLE PNEUMATICS,"ASM-Pacific,Phoenix",3,0,,0.0,0.0,0.0,0.0,Dormant
500222533,IP Y SHUTTLE TOP CLAMP PNEU ASSY,"ASM-Pacific,Phoenix",3,0,,0.0,0.0,0.0,0.0,Dormant
500222534,IP Y SHUTTLE INSP STOPPER PNEU ASSY,"ASM-Pacific,Phoenix",3,0,,0.0,0.0,0.0,0.0,Dormant
500222535,IP Y SHUTTLE PRELOAD PNEU ASSY,"ASM-Pacific,Phoenix",3,0,,0.0,0.0,0.0,0.0,Dormant
500222536,(IP)AIR IONIZER 1 PNEU SOL,"GENERIC;ASM-Pacific,Phoenix",3,0,,0.0,0.0,0.0,0.0,Dormant
500222537,(IP)AIR IONIZER 2 PNEU SOL,"ASM-Pacific,Phoenix;GENERIC",3,0,,0.0,0.0,0.0,0.0,Dormant
500222538,OP Y SHUTTLE PNEUMATICS,"ASM-Pacific,Phoenix",3,0,,0.0,0.0,0.0,0.0,Dormant
500222539,OP Y SHUTTLE AIR SUPPLY PNEU ASSY,"ASM-Pacific,Phoenix",3,0,,0.0,0.0,0.0,0.0,Dormant
500222540,(OP)AIR IONIZER 1 PNEU SOL,"ASM-Pacific,Phoenix;GENERIC",3,0,,0.0,0.0,0.0,0.0,Dormant
500222541,EPOXY SERVICE STATION PURGE BIN,"ASM-Pacific,Phoenix",3,0,,0.0,0.0,0.0,0.0,Dormant
500222542,EPOXY SERVICE STATION DUMMY PLATE,"ASM-Pacific,Phoenix",3,0,,0.0,0.0,0.0,0.0,Dormant
500222543,EPOXY SERVICE STATION MOUNT,"ASM-Pacific,Phoenix",3,0,,0.0,0.0,0.0,0.0,Dormant
500222544,NOZZLE CLEANING STATION ASSY,"ASM-Pacific,Phoenix;GENERIC",3,0,,0.0,0.0,0.0,0.0,Dormant
500222545,NOZZLE CLEANING AND CONTACT SNR (RIGHT),"ASM-Pacific,Phoenix;GENERIC",3,0,,0.0,0.0,0.0,0.0,Dormant
500222546,SENSOR AND NOZZLE CLEANER MOUNTING BASE,"ASM-Pacific,Phoenix",3,0,,0.0,0.0,0.0,0.0,Dormant
500222547,M3 INSULATION WASHER (TEFLON),"GENERIC;ASM-Pacific,Phoenix",3,0,,0.0,0.0,0.0,0.0,Dormant
500222548,"BANK,VACUUM,NOZZLE,BOND,STAGE","ASM-Pacific,Phoenix",3,0,,0.0,0.0,0.0,0.0,Dormant
500222549,NOZZLE CLEANING AND CONTACT SNR (LEFT),"ASM-Pacific,Phoenix;GENERIC",3,0,,0.0,0.0,0.0,0.0,Dormant
500222550,VACUUM NOZZLE BANK BASE ASSY,"ASM-Pacific,Phoenix;ASM-Pacific,Firebird",3,0,,0.0,0.0,0.0,0.0,Dormant
500222551,(OP)AIR IONIZER 2 PNEU SOL,"ASM-Pacific,Phoenix;GENERIC",3,0,,0.0,0.0,0.0,0.0,Dormant
500222552,AIR SUPPLY ONOFF MOUNT,"ASM-Pacific,Phoenix",3,0,,0.0,0.0,0.0,0.0,Dormant
500222553,IONIZER SOL MOUNT,"ASM-Pacific,Phoenix",3,0,,0.0,0.0,0.0,0.0,Dormant
500222554,SAFETY LOCK FOR VALVE,"GENERIC;ASM-Pacific,Phoenix",3,0,,0.0,0.0,0.0,0.0,Dormant
500222555,3-2 SELECTOR M-VALVE HAND VALVE,"ASM-Pacific,Phoenix",3,0,,0.0,0.0,0.0,0.0,Dormant
500222556,MALE ELBOW FITTING KPQL06-M5,"ASM-Pacific,Firebird;ASM-Pacific,Phoenix",4,0,,0.0,0.0,0.0,0.0,Dormant
500222557,CLEAN ONE-TOUCH CONNECTOR: KPQH08-02,"ASM-Pacific,Phoenix",3,0,,0.0,0.0,0.0,0.0,Dormant
500222558,ELBOW FEMALE CONNECTOR QSLF-1/4-8-B,"ASM-Pacific,Phoenix",3,0,,0.0,0.0,0.0,0.0,Dormant
500222559,(DFH) PNEUMATIC ASSY,"ASM-Pacific,Phoenix",3,0,,0.0,0.0,0.0,0.0,Dormant
500222560,DIE PICK/TRANSFER ARM PNEU PANEL,"ASM-Pacific,Phoenix",3,0,,0.0,0.0,0.0,0.0,Dormant
500222561,"BANK,VACUUM,NOZZLE,34X24,ASSY","ASM-Pacific,Phoenix;Generic;ASM-Pacific,Firebird",4,0,,0.0,0.0,0.0,0.0,Dormant
500222562,"BANK,VACUUM,NOZZLE,28X19,ASSY","ASM-Pacific,Firebird;ASM-Pacific,Phoenix",3,0,,0.0,0.0,0.0,0.0,Dormant
500222563,"CAL GLASS BANK ASSY (33X22, 12X12, 9X9)","ASM-Pacific,Phoenix",3,0,,0.0,0.0,0.0,0.0,Dormant
500222564,LEFT WC FRONT X ENC ASSY,"ASM-Pacific,Phoenix",3,0,,0.0,0.0,0.0,0.0,Dormant
500222565,LEFT WC REAR X ENC ASSY,"ASM-Pacific,Phoenix",3,0,,0.0,0.0,0.0,0.0,Dormant
500222566,CARRIAGE MOTOR,"ASM-Pacific,Firebird;ASM-Pacific,Phoenix",3,0,,0.0,0.0,0.0,0.0,Dormant
500222567,LEFT WC Y ENC ASSY,"ASM-Pacific,Phoenix",3,0,,0.0,0.0,0.0,0.0,Dormant
500222568,"MOUNT,ENCODER,CARRIAGE","ASM-Pacific,Phoenix",3,0,,0.0,0.0,0.0,0.0,Dormant
500222569,CABLE CLAMP 1 FOR WORKCHUCK (FIXED END),"ASM-Pacific,Phoenix",3,0,,0.0,0.0,0.0,0.0,Dormant
500222570,CABLE CLAMP 2 FOR WORKCHUCK (FIXED END),"ASM-Pacific,Phoenix",3,0,,0.0,0.0,0.0,0.0,Dormant
500222571,DPA/DTA PNEU BOX FIX MOUNT 1,"ASM-Pacific,Phoenix",3,0,,0.0,0.0,0.0,0.0,Dormant
500222572,DPA/DTA VAC GEN MOUNT,"ASM-Pacific,Phoenix",3,0,,0.0,0.0,0.0,0.0,Dormant
500222573,DPA/DTA PNEU BOX FIX MOUNT 2,"ASM-Pacific,Phoenix",3,0,,0.0,0.0,0.0,0.0,Dormant
500222574,FLOW CTL P-VALVE AS1001F-04-3,"ASM-Pacific,Firebird;ASM-Pacific,Phoenix",3,0,,0.0,0.0,0.0,0.0,Dormant
500222575,UNION Y KPGU06-00,"GENERIC;ASM-Pacific,Phoenix",3,0,,0.0,0.0,0.0,0.0,Dormant
500222576,DIE PICK\TRANSFER ARM PNEU COVER,"ASM-Pacific,Phoenix",3,0,,0.0,0.0,0.0,0.0,Dormant
500222577,CLEAN ONE-TOUCH CONNECTOR: KPQH06-01,"ASM-Pacific,Phoenix",3,0,,0.0,0.0,0.0,0.0,Dormant
500222578,CLEAN ONE-TOUCH CONNECTOR: KPQH08-01,"ASM-Pacific,Phoenix",3,0,,0.0,0.0,0.0,0.0,Dormant
500222579,CLEAN ONE-TOUCH CONNECTOR: KPQL04-01,"ASM-Pacific,Phoenix;ASM-Pacific,Firebird",3,0,,0.0,0.0,0.0,0.0,Dormant
500222580,MANIFOLD (FR-4-1/8-B),"ASM-Pacific,Phoenix",3,0,,0.0,0.0,0.0,0.0,Dormant
500222581,WORKCHUCK X PRELOAD MAGNET ASSY (SIDE),"ASM-Pacific,Phoenix",4,0,,0.0,0.0,0.0,0.0,Dormant
500222582,RIGHT WC FRONT X ENC ASSY,"ASM-Pacific,Phoenix",3,0,,0.0,0.0,0.0,0.0,Dormant
500222583,RIGHT WC REAR X ENC ASSY,"ASM-Pacific,Phoenix",3,0,,0.0,0.0,0.0,0.0,Dormant
500222584,"SUPPORT,WORKCHUCK,Y,CARRIAGE","ASM-Pacific,Phoenix;GENERIC",3,0,,0.0,0.0,0.0,0.0,Dormant
500222585,"ENCODER,RIGHT,WC,Y","ASM-Pacific,Phoenix",3,0,,0.0,0.0,0.0,0.0,Dormant
500222586,HIGH PRECISION THETA DDR MOTOR,"ASM-Pacific,Firebird;ASM-Pacific,Phoenix;ASMP ACW",3,0,,0.0,0.0,0.0,0.0,Dormant
500222587,"MODULE,BONDHEAD","ASM-Pacific,Phoenix",3,0,,0.0,0.0,0.0,0.0,Dormant
500222588,BH Z COLUMN ASSEMBLY,"ASM-Pacific,Phoenix",3,0,,0.0,0.0,0.0,0.0,Dormant
500222589,U/D OPTICS MODULE (HVM),"ASM-Pacific,Phoenix",3,0,,0.0,0.0,0.0,0.0,Dormant
500222590,(CIE) CORE INERT ENVIRONMENT,"ASM-Pacific,Phoenix",3,0,,0.0,0.0,0.0,0.0,Dormant
500222592,PLUG-IN REDUCER,"ASM-Pacific,Phoenix",3,0,,0.0,0.0,0.0,0.0,Dormant
500222593,PRECISION REGULATOR 10-IR1000-01,"ASM-Pacific,Phoenix",3,0,,0.0,0.0,0.0,0.0,Dormant
500222594,CAH SOL MOUNT,"ASM-Pacific,Phoenix",3,0,,0.0,0.0,0.0,0.0,Dormant
500222595,SPEED CONTROLLER 10-AS1201F-M5-04A,"ASM-Pacific,Phoenix",3,0,,0.0,0.0,0.0,0.0,Dormant
500222596,SOL PIN CONNENCTOR MOUNT (8EA),"ASM-Pacific,Phoenix",3,0,,0.0,0.0,0.0,0.0,Dormant
500222597,CLEAN ONE-TOUCH CONNECTOR: KPQL06-01,"ASM-Pacific,Phoenix",3,0,,0.0,0.0,0.0,0.0,Dormant
500222598,PANEL MOUNT ADAPTER ZS-26-B,"ASM-Pacific,Phoenix",3,0,,0.0,0.0,0.0,0.0,Dormant
500222599,"PLUG R 1/8"" BSP","ASM-Pacific,Phoenix",3,0,,0.0,0.0,0.0,0.0,Dormant
500222600,FLOW CTL D-VALVE AS1211F-M5-06,"ASM-Pacific,Phoenix",3,0,,0.0,0.0,0.0,0.0,Dormant
500222601,OXYGEN ANALYZER MODEL EC913,"ASM-Pacific,Phoenix",3,0,,0.0,0.0,0.0,0.0,Dormant
500222602,OTZ ASSY RGT (HVM),"ASM-Pacific,Phoenix",3,0,,0.0,0.0,0.0,0.0,Dormant
500222603,OTZ ASSY LFT (HVM),"ASM-Pacific,Phoenix",3,0,,0.0,0.0,0.0,0.0,Dormant
500222604,"ENCODER,OT,RIGHT","ASM-Pacific,Firebird;ASM-Pacific,Phoenix",3,0,,0.0,0.0,0.0,0.0,Dormant
500222605,OT-Z (LEFT) MOTOR CABLE ASSY,"ASM-Pacific,Phoenix",3,0,,0.0,0.0,0.0,0.0,Dormant
500222606,"ENCODER,HVMOTX,U/D,OPTICS,X-TABLE","ASM-Pacific,Phoenix",3,0,,0.0,0.0,0.0,0.0,Dormant
500222607,OT-Z (RIGHT) MOTOR CABLE ASSY,"ASM-Pacific,Phoenix",3,0,,0.0,0.0,0.0,0.0,Dormant
500222608,FLAT ROUND AIR BEARING (D50),"ASM-Pacific,Phoenix;ASM-Pacific,Firebird",4,0,,0.0,0.0,0.0,0.0,Dormant
500222609,HVMOTY ENCODER ASSY,"ASM-Pacific,Phoenix",3,0,,0.0,0.0,0.0,0.0,Dormant
500222610,THERMOSTAT ASSY,"ASM-Pacific,Phoenix;GENERIC",4,0,,0.0,0.0,0.0,0.0,Dormant
500222612,SMPS 600W UNIV +/-48V&+/-15V,"ASM-Pacific,Phoenix;Generic;ASM-Pacific,Firebird",1,0,,0.0,0.0,0.0,0.0,No-history
500222613,CAT5 USB 2.0 EXTENDER,"ASM-Pacific,Firebird;ASM-Pacific,Phoenix",3,0,,0.0,0.0,0.0,0.0,Dormant
500222614,LITEC AAD2 HIGH POWER MODULE,"Generic;ASM-Pacific,Phoenix;TCB_Generic",3,0,,0.0,0.0,0.0,0.0,Dormant
500222615,IZS31 SERIES BAR TYPE IONIZER,"ASM-Pacific,Phoenix",3,0,,0.0,0.0,0.0,0.0,Dormant
500222616,"MODULE,POWER,NDIII,CONTROL","ASM-Pacific,Phoenix",3,0,,0.0,0.0,0.0,0.0,Dormant
500222617,USB TO 16X RS232 CONVERTER,"ASM-Pacific,Firebird;ASM-Pacific,Phoenix;ASMP ACW",3,0,,0.0,0.0,0.0,0.0,Dormant
500222618,TWIN ARCHERFISH DISPENSER (ELEC. VACUUM),"ASM-Pacific,Phoenix",3,0,,0.0,0.0,0.0,0.0,Dormant
500222619,"MODULE,POWER,NUDRIVE-III,ND#2-1","ASM-Pacific,Firebird;ASM-Pacific,Phoenix;ASMP ACW",3,0,,0.0,0.0,0.0,0.0,Dormant
500222620,SMPS 600W UNIV 18V,"ASM-Pacific,Firebird;ASM-Pacific,Phoenix;Generic",3,0,,0.0,0.0,0.0,0.0,Dormant
500222621,LITEC HIGH POWER MODULE_PH,"ASM-Pacific,Phoenix",3,0,,0.0,0.0,0.0,0.0,Dormant
500222622,"SCREW,SHC,M2X6","ASM-Pacific,Phoenix;GENERIC",3,0,,0.0,0.0,0.0,0.0,Dormant
500222623,UPLOOKING RING LIGHT,"ASM-Pacific,Phoenix;ASM-Pacific,Firebird",4,0,,0.0,0.0,0.0,0.0,Dormant
500222624,"LIGHT,RING,DOWNLOOKING,HVMOT,U/D","ASM-Pacific,Firebird;ASM-Pacific,Phoenix",3,0,,0.0,0.0,0.0,0.0,Dormant
500222625,COOLING BLOCK MOUNT (R),"ASM-Pacific,Phoenix",3,0,,0.0,0.0,0.0,0.0,Dormant
500222626,COOLING BLOCK MOUNT (L),"ASM-Pacific,Phoenix",3,0,,0.0,0.0,0.0,0.0,Dormant
500222627,RING LT FRONT MOUNT,"ASM-Pacific,Phoenix",3,0,,0.0,0.0,0.0,0.0,Dormant
500222628,RINGLIGHT COOL RTD CLAMP,"ASM-Pacific,Phoenix",3,0,,0.0,0.0,0.0,0.0,Dormant
500222629,HVMOT RING LT COOLING BLOCK,"ASM-Pacific,Phoenix",3,0,,0.0,0.0,0.0,0.0,Dormant
500222630,MOUNTING INSULATOR,"ASM-Pacific,Phoenix",3,0,,0.0,0.0,0.0,0.0,Dormant
500222631,"SPRING,MAGNET,2.5N,HVM,CAP,SENSOR","Generic;ASM-Pacific,Phoenix;ASM-Pacific,Firebird",3,0,,0.0,0.0,0.0,0.0,Dormant
500222632,CA_2.2-CONTROLLER BOX ASSY,"ASM-Pacific,Phoenix",3,0,,0.0,0.0,0.0,0.0,Dormant
500222633,"BOX,SWITCH,STEP,DRIVE","Generic;ASM-Pacific,Phoenix;ASM-Pacific,Firebird;TCB_Generic",3,0,,0.0,0.0,0.0,0.0,Dormant
500222634,CM CHOKE AND DUMMY LOAD BOX,"ASM-Pacific,Firebird;Generic;ASM-Pacific,Phoenix;TCB_Generic",3,0,,0.0,0.0,0.0,0.0,Dormant
500222635,POWER MONITOR ELEC. ASSY,"ASM-Pacific,Phoenix",3,0,,0.0,0.0,0.0,0.0,Dormant
500222636,"ESIO7,ES#2","ASM-Pacific,Phoenix",3,0,,0.0,0.0,0.0,0.0,Dormant
500222637,LAMP CONTROLLER BOX,"ASM-Pacific,Phoenix",3,0,,0.0,0.0,0.0,0.0,Dormant
500222638,"SUPPLY,POWER,600W,UNIV,26.8V,SMPS#6","ASM-Pacific,Phoenix;ASMP ACW",3,0,,0.0,0.0,0.0,0.0,Dormant
500222639,"BOX,BD,HARDWARE,LOGIC,TRIGGER","ASM-Pacific,Phoenix",3,0,,0.0,0.0,0.0,0.0,Dormant
500222640,SMPS AND COVER ASSY (60-00058),"ASM-Pacific,Phoenix;GENERIC",1,0,,0.0,0.0,0.0,0.0,No-history
500222641,"LAMP,FLOURESCENT,LM-31,W-CABLE","ASM-Pacific,Phoenix",3,0,,0.0,0.0,0.0,0.0,Dormant
500222642,HEATED WAFER CHUCK COOLING(R),"ASM-Pacific,Phoenix;ASM-Pacific,Firebird",3,0,,0.0,0.0,0.0,0.0,Dormant
500222643,"MOTOR,LINEAR,MOVING,MAGNET,CAP,SENSE","ASM-Pacific,Firebird;ASM-Pacific,Phoenix",3,0,,0.0,0.0,0.0,0.0,Dormant
500222644,"CABLE,ENCODER,CAP,SENSOR,MOTOR","ASM-Pacific,Firebird;ASM-Pacific,Phoenix",3,0,,0.0,0.0,0.0,0.0,Dormant
500222645,(BS-R)CARRIAGE AB PRESS SNR(R),"ASM-Pacific,Phoenix;GENERIC",3,0,,0.0,0.0,0.0,0.0,Dormant
500222646,(BS-L)CARRIAGE AB PRESS SNR(L),"ASM-Pacific,Phoenix;GENERIC",3,0,,0.0,0.0,0.0,0.0,Dormant
500222647,(BS-L)BEAM AB PRESS SNR(L),"ASM-Pacific,Phoenix;GENERIC",3,0,,0.0,0.0,0.0,0.0,Dormant
500222648,(BS-R)HEATED PEDESTAL VAC SNR,"GENERIC;ASM-Pacific,Phoenix",3,0,,0.0,0.0,0.0,0.0,Dormant
500222649,(BS-R)BEAM AB PRESS SNR(R),"ASM-Pacific,Phoenix;GENERIC",3,0,,0.0,0.0,0.0,0.0,Dormant
500222650,(PHS-R)HEATED PEDESTAL VAC SNR,"GENERIC;ASM-Pacific,Phoenix",3,0,,0.0,0.0,0.0,0.0,Dormant
500222651,HEATED WAFER CHUCK COOLING(L),"ASM-Pacific,Phoenix",3,0,,0.0,0.0,0.0,0.0,Dormant
500222652,SMALL SIZE UPS RLY ASSY,"ASM-Pacific,Phoenix",4,0,,0.0,0.0,0.0,0.0,Dormant
500222655,RED ILLUMINATED ROCKER SWITCH DPST,"GENERIC;ASM-Pacific,Phoenix",4,0,,0.0,0.0,0.0,0.0,Dormant
500222656,IONIZER CONTROL RELAY BOARD,"ASM-Pacific,Phoenix",3,0,,0.0,0.0,0.0,0.0,Dormant
500222657,HVM CAP SENSOR ASSEMBLY,"ASM-Pacific,Phoenix;GENERIC",3,0,,0.0,0.0,0.0,0.0,Dormant
500222658,IONIZER CONTROL RELAY BOARD,"ASM-Pacific,Phoenix",3,0,,0.0,0.0,0.0,0.0,Dormant
500222659,SWITCHING BOARD FOR HEATERS,"ASM-Pacific,Phoenix",3,0,,0.0,0.0,0.0,0.0,Dormant
500222662,O2 ANALYZE CHANG SOL,"ASM-Pacific,Phoenix;ASM-Pacific,Firebird;Generic",2,0,,0.0,0.0,0.0,0.0,Dormant
500222663,"SOLENOID,OXYGEN,ANALYZER,BH","Generic;ASM-Pacific,Firebird;ASM-Pacific,Phoenix",5,1,5.0,0.0,0.2,0.475,0.0729,Intermittent
500222664,COMPRESS AIR INLET MANIFOLD,"ASM-Pacific,Phoenix",3,0,,0.0,0.0,0.0,0.0,Dormant
500222665,AIR INLET PNEU ASSY,"ASM-Pacific,Phoenix",3,0,,0.0,0.0,0.0,0.0,Dormant
500222666,VAC LINE ZNLEF MANIFOLD,"ASM-Pacific,Phoenix",3,0,,0.0,0.0,0.0,0.0,Dormant
500222667,"PLUG R I/4"" BSP [17C3]","ASM-Pacific,Phoenix",3,0,,0.0,0.0,0.0,0.0,Dormant
500222668,(STA-L)COVER VACUUM SOL,"ASM-Pacific,Phoenix;GENERIC",3,0,,0.0,0.0,0.0,0.0,Dormant
500222669,(STA-L)SUBSTRATE VACUUM SOL,"GENERIC;ASM-Pacific,Phoenix",3,0,,0.0,0.0,0.0,0.0,Dormant
500222670,STA BLOW PNEU SOL(L),"ASM-Pacific,Phoenix;GENERIC",3,0,,0.0,0.0,0.0,0.0,Dormant
500222671,STA BLOW PNEU SOL(R),"ASM-Pacific,Phoenix;GENERIC",3,0,,0.0,0.0,0.0,0.0,Dormant
500222672,STA COVER FLOW LEAKAGE DETECT SNR(L),"GENERIC;ASM-Pacific,Phoenix",3,0,,0.0,0.0,0.0,0.0,Dormant
500222673,STA COVER FLOW LEAKAGE DETECT SNR(R),"ASM-Pacific,Phoenix;GENERIC",3,0,,0.0,0.0,0.0,0.0,Dormant
500222674,STA STRIP FLOW LEAKAGE DETECT SNR(L),"ASM-Pacific,Phoenix;GENERIC",3,0,,0.0,0.0,0.0,0.0,Dormant
500222675,STA STRIP FLOW LEAKAGE DETECT SNR(R),"GENERIC;ASM-Pacific,Phoenix",3,0,,0.0,0.0,0.0,0.0,Dormant
500222676,SOL MOUNT(R),"ASM-Pacific,Phoenix",3,0,,0.0,0.0,0.0,0.0,Dormant
500222677,POST VAC SOL MOUNT(L),"ASM-Pacific,Phoenix",3,0,,0.0,0.0,0.0,0.0,Dormant
500222678,STA BLOW/ION SOL MOUNT(LEFT),"ASM-Pacific,Phoenix",3,0,,0.0,0.0,0.0,0.0,Dormant
500222679,STA BLOW/ION SOL MOUNT(RIGHT),"ASM-Pacific,Phoenix",3,0,,0.0,0.0,0.0,0.0,Dormant
500222680,FLOW CONTROL WITH FITTING M5X0.8,"ASM-Pacific,Firebird;ASM-Pacific,Phoenix",3,0,,0.0,0.0,0.0,0.0,Dormant
500222684,REAR AIR IONIZER PNEU SOL(R),"GENERIC;ASM-Pacific,Phoenix",3,0,,0.0,0.0,0.0,0.0,Dormant
500222685,SOL PIN CONNENCTOR MOUNT(10EA),"ASM-Pacific,Phoenix",3,0,,0.0,0.0,0.0,0.0,Dormant
500222686,STA/POST VAC SOL MOUNT FIX PANEL,"ASM-Pacific,Phoenix",3,0,,0.0,0.0,0.0,0.0,Dormant
500222687,POST HEAT STATION VAC SOL 1(L),"ASM-Pacific,Phoenix;GENERIC",3,0,,0.0,0.0,0.0,0.0,Dormant
500222688,POST HEAT STATION VAC SOL 2(L),"GENERIC;ASM-Pacific,Phoenix",3,0,,0.0,0.0,0.0,0.0,Dormant
500222689,REAR AIR IONIZER PNEU SOL(R),"GENERIC;ASM-Pacific,Phoenix",3,0,,0.0,0.0,0.0,0.0,Dormant
500222690,STA/POST VAC SOL MOUNT,"ASM-Pacific,Phoenix",3,0,,0.0,0.0,0.0,0.0,Dormant
500222691,SOC HD ATTACHING SCREW M4X12,"ASM-Pacific,Phoenix;GENERIC",3,0,,0.0,0.0,0.0,0.0,Dormant
500222692,POST HEAT STATION VAC SOL 3(L),"GENERIC;ASM-Pacific,Phoenix",3,0,,0.0,0.0,0.0,0.0,Dormant
500222693,(BS-L)HEATED PEDESTAL VAC SNR 4(L),"ASM-Pacific,Phoenix;GENERIC",3,0,,0.0,0.0,0.0,0.0,Dormant
500222694,POST HEAT STATION VAC SOL 4(L),"ASM-Pacific,Phoenix;GENERIC",3,0,,0.0,0.0,0.0,0.0,Dormant
500222695,(BS-L)HEATED PEDESTAL VAC SNR 3(L),"ASM-Pacific,Phoenix",3,0,,0.0,0.0,0.0,0.0,Dormant
500222696,"SENSOR,VACUUM,HEATED,PED,BS-L,2,LEFT","GENERIC;ASM-Pacific,Phoenix",3,0,,0.0,0.0,0.0,0.0,Dormant
500222697,CLEAN ONE-TOUCH CONNECTOR: KPQH10-02,"ASM-Pacific,Phoenix",3,0,,0.0,0.0,0.0,0.0,Dormant
500222698,CLEAN ONE-TOUCH CONNECTOR: KPQL06-02,"ASM-Pacific,Firebird;ASM-Pacific,Phoenix",3,0,,0.0,0.0,0.0,0.0,Dormant
500222699,MALE ELBOW,"ASM-Pacific,Phoenix;ASM-Pacific,Firebird",3,0,,0.0,0.0,0.0,0.0,Dormant
500222700,PLUG-IN REDUCER,"ASM-Pacific,Phoenix",3,0,,0.0,0.0,0.0,0.0,Dormant
500222701,2-2 SELECTOR M-VALVE VHK2-08F-08F,"ASM-Pacific,Phoenix",3,0,,0.0,0.0,0.0,0.0,Dormant
500222702,(PHS-L)HEATED PEDESTAL VAC SNR 1(L),"ASM-Pacific,Phoenix",3,0,,0.0,0.0,0.0,0.0,Dormant
500222703,"UNIT,AIR,SERVICE,AC40C-03","ASM-Pacific,Phoenix;Generic;ASMP ACW",3,0,,0.0,0.0,0.0,0.0,Dormant
500222704,SILENCER AN20-02,"ASM-Pacific,Phoenix;GENERIC",3,0,,0.0,0.0,0.0,0.0,Dormant
500222705,SLIDE RAIL KC-252-12,"ASM-Pacific,Phoenix",3,0,,0.0,0.0,0.0,0.0,Dormant
500222706,EXH ONOFF FIX MOUNT,"ASM-Pacific,Phoenix",3,0,,0.0,0.0,0.0,0.0,Dormant
500222707,MALE ELBOW KQ2L10-03AS,"ASM-Pacific,Phoenix;ASM-Pacific,Firebird",3,0,,0.0,0.0,0.0,0.0,Dormant
500222708,TOOL-OPEARTED STYLE X-5675,"GENERIC;ASM-Pacific,Phoenix",3,0,,0.0,0.0,0.0,0.0,Dormant
500222709,AIR SUPPLY SERVICE UNIT PNEU FIX FRAME,"ASM-Pacific,Phoenix",3,0,,0.0,0.0,0.0,0.0,Dormant
500222710,AIR SUPPLY SERVICE UNIT PNEU FIX MOUNT,"ASM-Pacific,Phoenix",3,0,,0.0,0.0,0.0,0.0,Dormant
500222711,MAGNETIC CATCH FIX MOUNT,"ASM-Pacific,Phoenix",3,0,,0.0,0.0,0.0,0.0,Dormant
500222712,AIR SUPPLY SERVICE UNIT PNEU PANEL,"ASM-Pacific,Phoenix",3,0,,0.0,0.0,0.0,0.0,Dormant
500222713,AIR FILTER FIX MOUNT-2,"ASM-Pacific,Phoenix",3,0,,0.0,0.0,0.0,0.0,Dormant
500222714,AIR BOX E-CHAIN FIX MOUNT-1,"ASM-Pacific,Phoenix",3,0,,0.0,0.0,0.0,0.0,Dormant
500222715,AIR BEARING FILTER EXHAUST ON/OFF MOUNT,"ASM-Pacific,Phoenix",3,0,,0.0,0.0,0.0,0.0,Dormant
500222716,AIR FILTER FIX MOUNT-1,"ASM-Pacific,Phoenix",3,0,,0.0,0.0,0.0,0.0,Dormant
500222717,PNEU BOX LOWER SLIDE RALL FIX MOUNT-1,"ASM-Pacific,Phoenix",3,0,,0.0,0.0,0.0,0.0,Dormant
500222718,PNEU BOX LOWER SLIDE RALL FIX MOUNT-2,"ASM-Pacific,Phoenix",3,0,,0.0,0.0,0.0,0.0,Dormant
500222719,AIR SUPPLY PNEU DOOR PANEL,"ASM-Pacific,Phoenix",3,0,,0.0,0.0,0.0,0.0,Dormant
500222720,PNEU BOX LOCK MOUNT,"ASM-Pacific,Phoenix",3,0,,0.0,0.0,0.0,0.0,Dormant
500222721,AIR BEARING FLOWMETER MOUNT,"ASM-Pacific,Phoenix",3,0,,0.0,0.0,0.0,0.0,Dormant
500222722,PNEU TUBE FIX MOUNT,"ASM-Pacific,Phoenix",3,0,,0.0,0.0,0.0,0.0,Dormant
500222723,PREVENT WATER LEAK BOX-1,"ASM-Pacific,Phoenix",3,0,,0.0,0.0,0.0,0.0,Dormant
500222724,PREVENT WATER LEAK BOX FIX MOUNT,"ASM-Pacific,Phoenix",3,0,,0.0,0.0,0.0,0.0,Dormant
500222725,2 PIN 0.165 INCH PLUG MOUNT,"ASM-Pacific,Phoenix",3,0,,0.0,0.0,0.0,0.0,Dormant
500222726,PREVENT WATER LEAK BOX-2,"ASM-Pacific,Phoenix",3,0,,0.0,0.0,0.0,0.0,Dormant
500222727,PNEU BOX UPPER SLIDE RALL FIX MOUNT,"ASM-Pacific,Phoenix",3,0,,0.0,0.0,0.0,0.0,Dormant
500222728,AIR SUPPLY PNEU BOX MAIN SUPPORT PANEL,"ASM-Pacific,Phoenix",3,0,,0.0,0.0,0.0,0.0,Dormant
500222729,AIR/N2 SUPPLY SWITCH SOL MOUNT,"ASM-Pacific,Phoenix",3,0,,0.0,0.0,0.0,0.0,Dormant
500222730,AIR SUPPLY PNEU DOOR SUPPORT MOUNT,"ASM-Pacific,Phoenix",3,0,,0.0,0.0,0.0,0.0,Dormant
500222731,AIR SUPPLY PNEU BOX COVER,"ASM-Pacific,Phoenix",3,0,,0.0,0.0,0.0,0.0,Dormant
500222732,PREVENT WATER LEAK BOX FIX MOUNT-2,"ASM-Pacific,Phoenix",3,0,,0.0,0.0,0.0,0.0,Dormant
500222733,MAGNETIC CATCH,"ASM-Pacific,Phoenix",3,0,,0.0,0.0,0.0,0.0,Dormant
500222734,(PENU)AIR SUPPLY I SWITCH,"ASM-Pacific,Phoenix;GENERIC",3,0,,0.0,0.0,0.0,0.0,Dormant
500222735,(PENU)AIR SUPPLY III SWITCH,"ASM-Pacific,Phoenix;GENERIC",3,0,,0.0,0.0,0.0,0.0,Dormant
500222736,(PENU)AIR SUPPLY II SWITCH,"GENERIC;ASM-Pacific,Phoenix",3,0,,0.0,0.0,0.0,0.0,Dormant
500222737,(PENU)N2 SUPPLY SWITCH,"GENERIC;ASM-Pacific,Phoenix",3,0,,0.0,0.0,0.0,0.0,Dormant
500222738,(PENU)N2 SUPPLY SWITCH 2,"GENERIC;ASM-Pacific,Phoenix",3,0,,0.0,0.0,0.0,0.0,Dormant
500222739,CLEAN ONE-TOUCH CONNECTOR: KPQL10-02,"ASM-Pacific,Firebird;ASM-Pacific,Phoenix",3,0,,0.0,0.0,0.0,0.0,Dormant
500222740,FEMALE ELBOW FITTING KQ2LF10-02A,"ASM-Pacific,Phoenix",3,0,,0.0,0.0,0.0,0.0,Dormant
500222741,SILENCER U-1/4,"ASM-Pacific,Phoenix;GENERIC",4,0,,0.0,0.0,0.0,0.0,Dormant
500222742,"(CV) PANEL, ON/OFF VALVE MOUNT","ASM-Pacific,Phoenix",3,0,,0.0,0.0,0.0,0.0,Dormant
500222743,2-WAY PARALLEL CONNECTOR,"ASM-Pacific,Phoenix",3,0,,0.0,0.0,0.0,0.0,Dormant
500222744,CLEAN ONE-TOUCH CONNECTOR: KPQL08-02,"ASM-Pacific,Firebird;ASM-Pacific,Phoenix",2,0,,0.0,0.0,0.0,0.0,Dormant
500222745,SMC MIST SEPARATOR AFM20-02-2-A,"ASM-Pacific,Phoenix;Generic;ASM-Pacific,Firebird",3,0,,0.0,0.0,0.0,0.0,Dormant
500222746,AIR DRYER IDG5-02-S,"ASM-Pacific,Firebird;ASM-Pacific,Phoenix",3,0,,0.0,0.0,0.0,0.0,Dormant
500222747,SMC SPACER WITH BRACKET,"ASM-Pacific,Phoenix;ASM-Pacific,Firebird",3,0,,0.0,0.0,0.0,0.0,Dormant
500222749,MIST SEPARATOR,"Generic;ASM-Pacific,Phoenix;ASM-Pacific,Firebird",3,0,,0.0,0.0,0.0,0.0,Dormant
500222750,AIR TANK SIDE COVER,"ASM-Pacific,Phoenix",3,0,,0.0,0.0,0.0,0.0,Dormant
500222751,AIR TANK INLET PANEL,"ASM-Pacific,Phoenix",3,0,,0.0,0.0,0.0,0.0,Dormant
500222752,AIR TANK OUTPUT PANEL,"ASM-Pacific,Phoenix",3,0,,0.0,0.0,0.0,0.0,Dormant
500222753,MID COVER,"ASM-Pacific,Phoenix",3,0,,0.0,0.0,0.0,0.0,Dormant
500222754,STA FOR COVER/STRIP VAC SNR,"ASM-Pacific,Phoenix;GENERIC",3,0,,0.0,0.0,0.0,0.0,Dormant
500222755,BASE PLATE,"ASM-Pacific,Phoenix",3,0,,0.0,0.0,0.0,0.0,Dormant
500222756,AIR TANK VBAT10A1,"ASM-Pacific,Phoenix;GENERIC",3,0,,0.0,0.0,0.0,0.0,Dormant
500222757,(BS-L)HEATED PEDESTAL VAC SNR,"GENERIC;ASM-Pacific,Phoenix",3,0,,0.0,0.0,0.0,0.0,Dormant
500222758,(PHS-L)HEATED PEDESTAL VAC SNR,"GENERIC;ASM-Pacific,Phoenix",3,0,,0.0,0.0,0.0,0.0,Dormant
500222759,STA FLOW LEAKAGE DETECTION SWITCH,"ASM-Pacific,Phoenix;GENERIC",3,0,,0.0,0.0,0.0,0.0,Dormant
500222760,"SOLENOID,VACUUM,CLEAN,STATION,BS-L,LEFT","ASM-Pacific,Phoenix;GENERIC",5,1,5.0,0.0,0.2,0.95,0.6561,Intermittent
500222761,"SOLENOID,VACUUM,CLEAN,STATION,BS-R,RIGHT","GENERIC;ASM-Pacific,Phoenix",3,0,,0.0,0.0,0.0,0.0,Dormant
500222762,"SOLENOID,VACUUM,HT,PEDESTAL,BS-L,1,LEFT","ASM-Pacific,Phoenix;GENERIC",4,0,,0.0,0.0,0.0,0.0,Dormant
500222763,"SOLENOID,VACUUM,HT,PEDESTAL,BS-L,2,LEFT","ASM-Pacific,Phoenix;GENERIC",4,1,4.0,0.0,0.25,0.95,0.729,Intermittent
500222764,"SOLENOID,VACUUM,HT,PEDESTAL,BS-L,3,LEFT","ASM-Pacific,Phoenix;GENERIC",5,0,,0.0,0.0,0.0,0.0,Dormant
500222765,"SOLENOID,VACUUM,HT,PEDESTAL,BS-R,1,RIGHT","ASM-Pacific,Phoenix;GENERIC",3,0,,0.0,0.0,0.0,0.0,Dormant
500222766,"SOLENOID,VACUUM,HT,PEDESTAL,BS-R,2,RIGHT","GENERIC;ASM-Pacific,Phoenix",3,0,,0.0,0.0,0.0,0.0,Dormant
500222767,"SOLENOID,VACUUM,HT,PEDESTAL,BS-L,4,LEFT","ASM-Pacific,Phoenix;GENERIC",3,0,,0.0,0.0,0.0,0.0,Dormant
500222768,(BS-R)HT PEDESTAL VAC SOL 4(R),"ASM-Pacific,Phoenix;GENERIC",3,0,,0.0,0.0,0.0,0.0,Dormant
500222769,HETED PEDESTAL VAC DISPLAY(R),"ASM-Pacific,Phoenix",3,0,,0.0,0.0,0.0,0.0,Dormant
500222770,"SOLENOID,VACUUM,HT,PEDESTAL,BS-R,3,RIGHT","GENERIC;ASM-Pacific,Phoenix",4,1,4.0,0.0,0.25,0.95,0.729,Intermittent
500222771,BH WEAK BLOW REGULATOR(ELEC),"ASM-Pacific,Phoenix",3,0,,0.0,0.0,0.0,0.0,Dormant
500222772,HETED PEDESTAL VAC DISPLAY(L),"ASM-Pacific,Phoenix",3,0,,0.0,0.0,0.0,0.0,Dormant
500222773,(BS-L)CARRIAGE VAC PRELOAD FMT(L),"GENERIC;ASM-Pacific,Phoenix",3,0,,0.0,0.0,0.0,0.0,Dormant
500222774,(BS-R)CARRIAGE VAC PRELOAD FMT(R),"ASM-Pacific,Phoenix;GENERIC",3,0,,0.0,0.0,0.0,0.0,Dormant
500222775,(BS-R)BD STAGE AIR BEARING SOL(R),"GENERIC;ASM-Pacific,Phoenix",3,0,,0.0,0.0,0.0,0.0,Dormant
500222776,(BS-L)CARRIAGE VAC PRELOAD SOL(L),"ASM-Pacific,Phoenix;GENERIC",3,0,,0.0,0.0,0.0,0.0,Dormant
500222777,(BS-L)CARRIAGE VAC PRELOAD SWITCH(L),"ASM-Pacific,Phoenix;GENERIC",3,0,,0.0,0.0,0.0,0.0,Dormant
500222778,(BS-R)CARRIAGE VAC PRELOAD SWITCH(R),"GENERIC;ASM-Pacific,Phoenix",3,0,,0.0,0.0,0.0,0.0,Dormant
500222779,(BH)BH WEAK BLOW PRES SWITCH,"GENERIC;ASM-Pacific,Phoenix",3,0,,0.0,0.0,0.0,0.0,Dormant
500222780,(BH)IMPINGING COL PRESS SWITCH,"GENERIC;ASM-Pacific,Phoenix",3,0,,0.0,0.0,0.0,0.0,Dormant
500222781,(BH)VCM AIR BEARING SWITCH,"ASM-Pacific,Phoenix;GENERIC",3,0,,0.0,0.0,0.0,0.0,Dormant
500222782,(BH)Z COLUMN AIR BEARING PRESS?SWITCH,"GENERIC;ASM-Pacific,Phoenix",3,0,,0.0,0.0,0.0,0.0,Dormant
500222783,(BH)COOLING BLOCK PRESS SWITCH,"ASM-Pacific,Phoenix;GENERIC",3,0,,0.0,0.0,0.0,0.0,Dormant
500222784,NOZZLE CHANGE DISPLAY,"ASM-Pacific,Phoenix;ASM-Pacific,Firebird",1,0,,0.0,0.0,0.0,0.0,No-history
500222785,"SOLENOID,AIR-N2,COOLING,BLOCK,CHANGE","ASM-Pacific,Phoenix;GENERIC",3,0,,0.0,0.0,0.0,0.0,Dormant
500222786,BULKHEAD UNION,"Generic;ASM-Pacific,Phoenix;ASM-Pacific,Firebird",3,0,,0.0,0.0,0.0,0.0,Dormant
500222787,SPEED CONTROLLER AS2051F-06-3,"ASM-Pacific,Phoenix",3,0,,0.0,0.0,0.0,0.0,Dormant
500222788,VACUUM REGULATOR IRV10-LC08,"ASM-Pacific,Phoenix",3,0,,0.0,0.0,0.0,0.0,Dormant
500224527,SPECTRUM WEIGHT SCALE ASSEMBLY,Asymtek S912;Asymtek S922;Asymtek S932,3,0,,0.0,0.0,0.0,0.0,Dormant
500229031,WHITE PILOT LIGHT HEAD FOR LED,Heller HRF;Heller 2017 Formic Acid;Heller FAR;Heller 2017 MK III,2,0,,0.0,0.0,0.0,0.0,Dormant
500229032,GREEN PILOT LIGHT HEAD FOR LED,Heller HRF;Heller 2017 MK III;Heller FAR;Heller 2017 Formic Acid,1,0,,0.0,0.0,0.0,0.0,No-history
500229563,FILTER DISC CPL./CPP,"ASM-Pacific,Phoenix",4,0,,0.0,0.0,0.0,0.0,Dormant
500229829,SS SOCKET CSK HD M3X8 HEX SCREW,"DEK Galaxy;DEK,265GSX;DEK, INFINITY",2,0,,0.0,0.0,0.0,0.0,Dormant
500230162,(DPA) NOZZLE 28XX RUBBER TIP 4.06X8.13,"ASM-Pacific,Phoenix",3,0,,0.0,0.0,0.0,0.0,Dormant
500231923,MALE CONNECTOR,"ASM-Pacific,Phoenix",4,1,4.0,0.0,0.25,0.95,0.729,Intermittent
500236579,"(IES) CDS, SEAL A FOR EXT. DUCT","ASM-Pacific,Phoenix",3,0,,0.0,0.0,0.0,0.0,Dormant
500236580,"(IES) CDS, IO SEAL","ASM-Pacific,Phoenix",3,0,,0.0,0.0,0.0,0.0,Dormant
500236581,"(IES) CDS, SEAL C FOR EXT. DUCT","ASM-Pacific,Phoenix",3,0,,0.0,0.0,0.0,0.0,Dormant
500236582,"(IES) EXH, WINDOW SEAL FOR CDS-G2","ASM-Pacific,Phoenix",3,0,,0.0,0.0,0.0,0.0,Dormant
500236583,(IES) CDS SEAL FOR FRONT COVER,"ASM-Pacific,Phoenix",3,0,,0.0,0.0,0.0,0.0,Dormant
500236584,FLUX CDS GROMMET (SEAL A/B),"ASM-Pacific,Phoenix",3,0,,0.0,0.0,0.0,0.0,Dormant
500236918,PIN EXTRACTOR,"Delta JLP, JTP;Generic;Asymtek S932",4,0,,0.0,0.0,0.0,0.0,Dormant
500237206,"40011, 0.4MM, S, U1, 10.268 X 8.97","ASM-Pacific,Phoenix",2,0,,0.0,0.0,0.0,0.0,Dormant
500237207,"40053, 0.4MM, S, U2, 04.45 X 09.93","ASM-Pacific,Phoenix",2,0,,0.0,0.0,0.0,0.0,Dormant
500237209,"40015, 0.4MM, S, U1, 10.07 X 08.77","ASM-Pacific,Phoenix",2,0,,0.0,0.0,0.0,0.0,Dormant
500237418,SMC BARB FITTING,"ASM-Pacific,Phoenix",3,0,,0.0,0.0,0.0,0.0,Dormant
500237420,SILICONE SUCTION CUP 2.5MM,"ASM-Pacific,Phoenix;HDMx x30;ASM-Pacific,Firebird;Delta JLP, JTP",4,2,2.0,0.222,37.5,45.125,17.195,Intermittent
500240189,"FILTER,99.99%,0.3UM,570X570X69MM","ASM-Pacific,Phoenix;ASM-Pacific, Falcon",3,0,,0.0,0.0,0.0,0.0,Dormant
500240191,VAC. PUMP FILTER (NPK 0100),"ASM-Pacific,Phoenix;ASM-Pacific, Falcon",3,0,,0.0,0.0,0.0,0.0,Dormant
500240200,MINI KEYBOARD USB,"ASM-Pacific, Falcon",3,0,,0.0,0.0,0.0,0.0,Dormant
500240430,"SPRING,GAS,A4A4H52-115-347?0XX,700","ASM-Pacific, Falcon;ASM-Pacific,Phoenix;Generic",3,0,,0.0,0.0,0.0,0.0,Dormant
500240821,FUSE 12A 250V SLO-BLO,"ASM-Pacific,Firebird;ASM-Pacific,Phoenix;Quick vision metrology;ASMP ACW",2,0,,0.0,0.0,0.0,0.0,Dormant
500240825,FUSE TR5 T 5A 250V,"ASM-Pacific,Firebird;ASM-Pacific,Phoenix",3,0,,0.0,0.0,0.0,0.0,Dormant
500240827,FUSE 10A 250V SLO-BLO             [44B4],"ASM-Pacific,Phoenix;ASM-Pacific,Firebird",4,0,,0.0,0.0,0.0,0.0,Dormant
500244403,"40032, 0.4MM, S, U1, 16.51 X 09.09","ASM-Pacific,Phoenix",2,0,,0.0,0.0,0.0,0.0,Dormant
500244407,"40034, 0.4MM, S, U3, 03.77 X 11.44","ASM-Pacific,Phoenix",1,0,,0.0,0.0,0.0,0.0,No-history
500244823,GAS SPRING D3D3-52-165-407/170N,"ASM-Pacific,Phoenix",3,0,,0.0,0.0,0.0,0.0,Dormant
500244824,GAS SPRING J4J4-50-150-398-350N,"ASM-Pacific,Phoenix",4,0,,0.0,0.0,0.0,0.0,Dormant
500245048,"TCB NOZZLE BDX EP HCC U1, 1826X2553, CVD","ASM-Pacific,Phoenix",4,0,,0.0,0.0,0.0,0.0,Dormant
500247998,SMPS-11 SWITCH MODE POWER SUPPLY ASSY.,"Generic;ASM-Pacific,Phoenix;Phoenix Xray,NUF",3,0,,0.0,0.0,0.0,0.0,Dormant
500247999,N2 PURGE AND DIFFUSER SWITCHING SOLENOID,"ASM-Pacific,Phoenix",3,0,,0.0,0.0,0.0,0.0,Dormant
500248000,2500VA  XFM BOX ASSY,"ASM-Pacific,Phoenix",3,0,,0.0,0.0,0.0,0.0,Dormant
500248088,GASKET FOR DOOR FC-779-1-1,"ASM,TCB,Y-SHUTTLE",3,0,,0.0,0.0,0.0,0.0,Dormant
500248089,EMO PB RED MUSHROOM (52-00082),"ASM,TCB,Y-SHUTTLE",3,0,,0.0,0.0,0.0,0.0,Dormant
500248090,PRECISION HEIGHT CONTROL VALVES W/ METER,"ASM,TCB,Y-SHUTTLE",3,0,,0.0,0.0,0.0,0.0,Dormant
500248091,KVM LAMP CABLE ASSY,"ASM-Pacific,Phoenix;ASM,TCB,Y-SHUTTLE",3,0,,0.0,0.0,0.0,0.0,Dormant
500248092,OT Y MOVING END COVER-03,"ASM,TCB,Y-SHUTTLE",3,0,,0.0,0.0,0.0,0.0,Dormant
500248756,VACUUM SEAL PRESSOR V2,"ASM,TCB,Y-SHUTTLE",3,0,,0.0,0.0,0.0,0.0,Dormant
500248757,NEW VACUUM SEAL (ID 4MM),"ASM,TCB,Y-SHUTTLE",3,0,,0.0,0.0,0.0,0.0,Dormant
500250013,TMS HTR DDPE 080D 080L MON,"ASM-Pacific,Firebird",3,0,,0.0,0.0,0.0,0.0,Dormant
500250325,DISPOSABLE IN-LINE AIR FILTER NON-ELEC,"ASM-Pacific,Phoenix",3,0,,0.0,0.0,0.0,0.0,Dormant
500250632,CAH ND POWER CABLE2,"TCB_Generic;ASM-Pacific,Phoenix;Generic",3,0,,0.0,0.0,0.0,0.0,Dormant
500250633,"PWR&CTRL TO CAH SMPS, LT CABLE2","Generic;ASM-Pacific,Phoenix;TCB_Generic",3,0,,0.0,0.0,0.0,0.0,Dormant
500250634,SMPS#5 AC INPUT PWR CABLE ASSY,"Generic;TCB_Generic;ASM-Pacific,Phoenix",3,0,,0.0,0.0,0.0,0.0,Dormant
500250643,DFH 24V PWR&LT&TRI CABLE2,"ASM-Pacific,Phoenix",3,0,,0.0,0.0,0.0,0.0,Dormant
500250705,"INERT,FRONT,DOOR,RIGHT","ASM-Pacific,Firebird;ASM-Pacific,Phoenix",3,0,,0.0,0.0,0.0,0.0,Dormant
500252148,"ANALYSER,O2,EC913,BTU","BTU,PARAGON",2,1,2.0,0.0,0.5,0.95,0.9,Intermittent
500252781,NOZZLE CVD 1647X0904-B-P-S-05,"ASM-Pacific,Phoenix",3,0,,0.0,0.0,0.0,0.0,Dormant
500252783,NOZZLE CVD 0373X1139-B-P-S-05,"ASM-Pacific,Phoenix",3,0,,0.0,0.0,0.0,0.0,Dormant
500253610,"FERRITE,SNAP-ON,7MM DIA",Asymtek S912;Asymtek-Jabil RA4 ASF;Generic,3,0,,0.0,0.0,0.0,0.0,Dormant
500253774,"CUP,SUCTION,STA,1.5MM,SMC","Generic;ASM-Pacific,Firebird;TCB_Generic;ASM-Pacific,Phoenix",3,0,,0.0,0.0,0.0,0.0,Dormant
500255236,WD20 1X FOV3.8X2.8 TELE LENS (REAR),"Generic;TCB_Generic;ASM-Pacific,Phoenix",3,0,,0.0,0.0,0.0,0.0,Dormant
500255237,SMPS 1KW UNIV>MOTOR POWER,"ASM-Pacific,Firebird;Generic;ASM-Pacific,Phoenix",3,0,,0.0,0.0,0.0,0.0,Dormant
500255239,BH MICROE ENCODER CABLE ASSY,"ASM-Pacific,Phoenix",4,0,,0.0,0.0,0.0,0.0,Dormant
500255240,SILENCER AN10-C06,"ASM-Pacific,Phoenix;GENERIC",3,0,,0.0,0.0,0.0,0.0,Dormant
500257184,Sensor for Exhaust Air Flow,APPJ MFM-220,3,0,,0.0,0.0,0.0,0.0,Dormant
500258071,"40041, 0.4MM, S, U2, 06.57 X 11.47","ASM-Pacific,Phoenix",2,0,,0.0,0.0,0.0,0.0,Dormant
500258721,NOZZLE CVD 1616X1914-B-P-L-05,"ASM-Pacific,Phoenix;GENERIC",1,0,,0.0,0.0,0.0,0.0,No-history
500258849,LNPS 230V ND AUTO OFF W SF START,"ASM-Pacific,Phoenix;ASM,TCB,Y-SHUTTLE",3,0,,0.0,0.0,0.0,0.0,Dormant
500258850,LNPS 7KVA 110V&40V&220V REMOTE-NO MCB,"ASM-Pacific,Phoenix",3,0,,0.0,0.0,0.0,0.0,Dormant
500258851,58-35117 ASSY,"ASM-Pacific,Phoenix;ASM-Pacific,Firebird",3,0,,0.0,0.0,0.0,0.0,Dormant
500258852,(STA)SUBSTRATE TRANSFER ARM Y ENC ASSY,"ASM-Pacific,Phoenix",3,0,,0.0,0.0,0.0,0.0,Dormant
500258853,STA-L PICKHEAD INTERFACE ASSY,"ASM-Pacific,Firebird;Generic;ASM-Pacific,Phoenix",3,0,,0.0,0.0,0.0,0.0,Dormant
500258854,BONDSTAGE PEDESTAL HEATER ZONE 1,"ASM-Pacific,Phoenix",3,0,,0.0,0.0,0.0,0.0,Dormant
500258855,LEFT WORKCHUCK X MOTOR COIL,"ASM-Pacific,Firebird;ASM-Pacific,Phoenix",3,0,,0.0,0.0,0.0,0.0,Dormant
500258856,ESIO7,"ASM-Pacific,Phoenix",3,0,,0.0,0.0,0.0,0.0,Dormant
500258857,BH COOLING BLOCK OFA AND N2 SWITCH SOL,"ASM-Pacific,Phoenix;ASM-Pacific,Firebird",4,0,,0.0,0.0,0.0,0.0,Dormant
500258858,(COS-L)COS-L TOP CLAMP SOL,"ASM-Pacific,Phoenix;Generic;TCB_Generic",3,0,,0.0,0.0,0.0,0.0,Dormant
500258859,(BS-L)HT WC COOLING SOL(L),"ASM-Pacific,Phoenix",3,0,,0.0,0.0,0.0,0.0,Dormant
500258860,(COS-L)COS-L PUSHER SOL,"ASM-Pacific,Phoenix;TCB_Generic;Generic",3,0,,0.0,0.0,0.0,0.0,Dormant
500258861,DFH BH NOZZLE BANK PLATE 20XX V2,"ASM-Pacific,Phoenix",3,0,,0.0,0.0,0.0,0.0,Dormant
500258862,DFH BH NOZZLE BANK PLATE 28XX V2,"ASM-Pacific,Phoenix",5,0,,0.0,0.0,0.0,0.0,Dormant
500258863,(BS-L)HT WC COOLING FLOWMETER(L),"ASM-Pacific,Phoenix",3,0,,0.0,0.0,0.0,0.0,Dormant
500258864,OMRON ELEC. ASSY,"ASM-Pacific,Phoenix",3,0,,0.0,0.0,0.0,0.0,Dormant
500259297,HW MID STEP MTR CABLE ASSY,"ASM-Pacific,Phoenix",3,0,,0.0,0.0,0.0,0.0,Dormant
500259598,IN-LINE AIR FILTER ZFC77B,"ASM-Pacific,Firebird;ASMP ACW;ASM-Pacific,Phoenix",3,0,,0.0,0.0,0.0,0.0,Dormant
500260179,BANK 1 WITH KINEMATICS ASSY (28X19),"ASM-Pacific,Phoenix",3,0,,0.0,0.0,0.0,0.0,Dormant
500260180,BANK 2 WITH KINEMATICS ASSY (28X19),"ASM-Pacific,Phoenix;ASM-Pacific,Firebird",3,0,,0.0,0.0,0.0,0.0,Dormant
500260181,OFA/N2 SWITCH SOLECOID,"ASM-Pacific,Phoenix",3,0,,0.0,0.0,0.0,0.0,Dormant
500260182,USB KVM SWITCH BOARD,"ASM-Pacific,Phoenix;GENERIC",3,0,,0.0,0.0,0.0,0.0,Dormant
500260183,DPA CAM AND LT CABLE V2,"ASM-Pacific,Phoenix",3,0,,0.0,0.0,0.0,0.0,Dormant
500260227,"ASSY,SCALE W/ELECT,S-932",Asymtek S932,3,0,,0.0,0.0,0.0,0.0,Dormant
500260228,"KIT, HARDWARE, S932 SINGLE SCALE",Asymtek S922;Asymtek S912;Asymtek S932,2,0,,0.0,0.0,0.0,0.0,Dormant
500260397,SPECTRUM WEIGHT SCALE ASSEMBLY,Asymtek S932;Generic;Asymtek S922,4,0,,0.0,0.0,0.0,0.0,Dormant
500262533,"BRUSH, BRISTLE BRASS, L=101.6MM","ASM-Pacific,Firebird;Generic;ASM-Pacific,Phoenix",4,1,4.0,0.0,6.25,23.75,18.225,Intermittent
500266565,"FLOWMETER, 50-500SCFH, W/VALVE",Heller FAR;Heller HRF;Heller 2017 Formic Acid,3,0,,0.0,0.0,0.0,0.0,Dormant
500266693,MBHZ ENC FLEX CABLE,"ASM-Pacific,Phoenix;Generic;TCB_Generic",4,1,4.0,0.0,0.25,0.95,0.729,Intermittent
500266694,MBH Z FLEX MTR CABLE,"ASM-Pacific,Phoenix",3,0,,0.0,0.0,0.0,0.0,Dormant
500266975,BS TC CONN FLEX CABLE,"ASM-Pacific,Phoenix;GENERIC",3,0,,0.0,0.0,0.0,0.0,Dormant
500266976,BS TC CABLE ASSY,"ASM-Pacific,Phoenix",3,0,,0.0,0.0,0.0,0.0,Dormant
500267232,NOZZLE CVD 1618X1508-B-P-L-05,"GENERIC;ASM-Pacific,Phoenix",1,0,,0.0,0.0,0.0,0.0,No-history
500267829,MOP BD PWR CABLE,"ASM-Pacific,Phoenix",3,0,,0.0,0.0,0.0,0.0,Dormant
500267830,DPA MOP LINK FLEX CABLE,"ASM-Pacific,Phoenix",3,0,,0.0,0.0,0.0,0.0,Dormant
500267831,DPA PICK ARM T MTR FLEX CABLE,"ASM-Pacific,Phoenix",3,0,,0.0,0.0,0.0,0.0,Dormant
500268051,NOZZLE 3400X2400-W-N-L-0-A-YYMMDD-AXXXX,"ASM-Pacific,Phoenix",3,0,,0.0,0.0,0.0,0.0,Dormant
500269731,Rocker complete X12 V2,"ASM, SIPLACE SX1;TCB_Generic",1,0,,0.0,0.0,0.0,0.0,No-history
500269732,Rocker complete X16 V2,"TCB_Generic;ASM, SIPLACE SX1",1,0,,0.0,0.0,0.0,0.0,No-history
500270119,Bank 3 with Kinematics Assy (28X19),"ASM-Pacific,Phoenix;GENERIC",3,0,,0.0,0.0,0.0,0.0,Dormant
500270120,Soft Polyurethane Tube Tus,"ASM-Pacific,Phoenix",3,0,,0.0,0.0,0.0,0.0,Dormant
500271211,TCB NOZZLE SKX-XCC U1 CVD,"ASM-Pacific,Phoenix",4,0,,0.0,0.0,0.0,0.0,Dormant
500271740,ADJUST BRACKET,"ASM-Pacific,Phoenix;GENERIC",3,0,,0.0,0.0,0.0,0.0,Dormant
500272372,Flap cpl./foil disposal X44,"Generic;ASM, SIPLACE SX1",3,0,,0.0,-2.0,0.0,,Dormant
500273593,"DOOR SWITCH,SAFETY,ASM,BONDER","ASM-Pacific,Phoenix",3,0,,0.0,0.0,0.0,0.0,Dormant
500273822,"REDUCER,NPT 1"" X NPT 3/4""",Heller 2017 Formic Acid;Heller HRF;Heller 2017 MK III;Heller FAR,3,0,,0.0,0.0,0.0,0.0,Dormant
500277833,"40068, 0.4MM, S, U1, 10.49 X 08.78","ASM-Pacific,Phoenix",2,0,,0.0,0.0,0.0,0.0,Dormant
500281077,BALL DETENT CLUTCH & SPROCKET ASSY,Heller 2017 Formic Acid;Heller HRF;Heller FAR;Heller 2017 MK III,1,0,,0.0,0.0,0.0,0.0,No-history
500281510,"TCB NOZZLE ND5-U2-150-SIC,40081","ASM-Pacific,Phoenix",2,0,,0.0,0.0,0.0,0.0,Dormant
500281512,"40077, 0.4MM, S, U1, 08.04 X 8.43","ASM-Pacific,Phoenix",2,0,,0.0,0.0,0.0,0.0,Dormant
500282545,NOZZLE CVD 0445X0993-B-P-S-05,"ASM-Pacific,Phoenix",4,0,,0.0,0.0,0.0,0.0,Dormant
500282984,RLY MC 3PNO 690V 40A 24VDC,"ASM-Pacific,Phoenix;ASM-Pacific, Falcon",1,0,,0.0,0.0,0.0,0.0,No-history
500283722,HVMOTX MOTOR COIL ASSY,"ASM-Pacific,Phoenix",3,0,,0.0,0.0,0.0,0.0,Dormant
500284211,VAC. PUMP 4.68-80-250,"ASM-Pacific, Falcon;ASM-Pacific,Phoenix",3,0,,0.0,0.0,0.0,0.0,Dormant
500284214,RLY-SUPPORT PYC-A1 36MM HEIGHT,"ASM-Pacific,Phoenix;ASM-Pacific, Falcon",3,0,,0.0,0.0,0.0,0.0,Dormant
500284215,RLY-SAFETY 4PNO 24VDC PNOZ S5,"ASM-Pacific,Phoenix;ASM-Pacific, Falcon",3,0,,0.0,0.0,0.0,0.0,Dormant
500284219,+/-48VDC LONG HOLD UP BOX,"ASM-Pacific,Phoenix;ASM-Pacific, Falcon",1,0,,0.0,0.0,0.0,0.0,No-history
500284221,NU USG CONNECTION CABLE ASSY,"ASM-Pacific, Falcon;ASM-Pacific,Phoenix",3,0,,0.0,0.0,0.0,0.0,Dormant
500290650,FSL T58W FLUORESCENT LIGHT,"ASM-Pacific,Phoenix;ICOS,CIT130;Generic",3,0,,0.0,0.0,0.0,0.0,Dormant
500290651,HEPA FILTER FRONT STOPPER L,"GENERIC;ASM-Pacific,Phoenix",3,0,,0.0,0.0,0.0,0.0,Dormant
500290652,HEPA FILTER FRONT STOPPER R,"GENERIC;ASM-Pacific,Phoenix",3,0,,0.0,0.0,0.0,0.0,Dormant
500291033,TCB NOZZLE SKX-HCC U1 CVD,"ASM-Pacific,Phoenix;GENERIC",4,0,,0.0,0.0,0.0,0.0,Dormant
500298454,ENERGY-DATA INTERFACE CPL. /X-SERIES,"ASM-Pacific,Phoenix;GENERIC",3,0,,0.0,0.0,0.0,0.0,Dormant
500298457,PCB/EDIF  SECONDARY IRDA BOARD,"ASM-Pacific,Phoenix;GENERIC",3,0,,0.0,0.0,0.0,0.0,Dormant
500298461,LEVER/OPENER PICKUP WINDOW X16-88,GENERIC,3,0,,0.0,0.0,0.0,0.0,Dormant
500298467,FILLING CLIP /16-88  PSA  10 PCS,GENERIC,3,0,,0.0,0.0,0.0,0.0,Dormant
500298469,FLAP CPL / FOIL DISPOSAL X32,"GENERIC;ASM-Pacific,Phoenix",3,0,,0.0,-6.667,0.0,,Dormant
500300144,SOFT SILICON TUBE OD=18MM ID=12MM,"ASM-Pacific,Phoenix;GENERIC",3,0,,0.0,0.0,0.0,0.0,Dormant
500300247,"40108, 0.4MM, S, U2, 05.527 X 7.928","ASM-Pacific,Phoenix",2,0,,0.0,0.0,0.0,0.0,Dormant
500300623,ADJUSTMENT PEDESTAL,"ASM-Pacific,Phoenix",3,0,,0.0,0.0,0.0,0.0,Dormant
500300624,3MM X3MM PROBE NOZZLE,"ASM-Pacific,Phoenix;Generic;ASM-Pacific,Firebird",3,0,,0.0,0.0,0.0,0.0,Dormant
500302601,CHARGE AMPLIFIER 5039A 500PC,"ASM-Pacific,Phoenix",3,0,,0.0,0.0,0.0,0.0,Dormant
500302604,SHIM 0.09MM,"ASM-Pacific,Phoenix;ASM-Pacific,Firebird",3,0,,0.0,0.0,0.0,0.0,Dormant
500302606,SHIM 0.07MM,"ASM-Pacific,Firebird;ASM-Pacific,Phoenix",4,0,,0.0,0.0,0.0,0.0,Dormant
500302607,SHIM 0.1MM,"ASM-Pacific,Phoenix;ASM-Pacific,Firebird",4,0,,0.0,0.0,0.0,0.0,Dormant
500302608,SHIM RING CIMRS5-10-0.01,"DEK Galaxy;ASM-Pacific,Firebird;ASM-Pacific,Phoenix",4,0,,0.0,0.0,0.0,0.0,Dormant
500302609,SHIM RING CIMRS5-10-0.02,"ASM-Pacific,Firebird;ASM-Pacific,Phoenix;DEK Galaxy",4,1,4.0,0.0,6.0,22.8,17.496,Intermittent
500302610,SHIM RING CIMRS5-10-0.03,DEK Galaxy,2,1,2.0,0.0,9.0,17.1,16.2,Intermittent
500302611,SHIM RING CIMRS5-10-0.1,"ASM-Pacific,Phoenix;ASM-Pacific,Firebird",4,1,4.0,0.0,2.5,9.5,7.29,Intermittent
500302612,SHIM RING CIMRS5-10-0.05,Firebird,1,0,,0.0,0.0,0.0,0.0,No-history
500302615,SHIM 0.03MM,"ASM-Pacific,Phoenix;ASM-Pacific,Firebird;TSMab",4,1,4.0,0.0,0.25,0.95,0.729,Intermittent
500302666,FUSED SILICA OPTICAL WINDOW D12.5,"ASM-Pacific,Firebird;ASM-Pacific,Phoenix",3,0,,0.0,0.0,0.0,0.0,Dormant
500303281,APC REPLACEMENT BATTERY CARTRIDGE #140,"ASM-Pacific,Phoenix;GENERIC",3,0,,0.0,0.0,0.0,0.0,Dormant
500303571,FILTER ELEMENT ZFC77,"ASM-Pacific,Phoenix",3,1,3.0,0.0,0.667,0.6333,0.2,Intermittent
500303805,FITTING (KQ2P-06),"ASM-Pacific,Phoenix;ASM-Pacific,Firebird",3,0,,0.0,0.0,0.0,0.0,Dormant
500303806,(AT) ADAPTOR FOR TUBE D6,"ASM-Pacific,Phoenix",3,0,,0.0,0.0,0.0,0.0,Dormant
500307175,"ROTOR STAINLESS STEEL LENGTH 38,2MM","Grohmann,MFM-220;APPJ MFM-220",1,1,1.0,0.0,1.0,1.0,1.0,No-history
500307932,INTERNAL CARBON BRUSH,"APPJ MFM-220;Grohmann,MFM-220;Grohmann,MFM-200",5,2,2.5,0.0,1.6,3.4545,2.9484,Intermittent
500307943,ORING SEAL,"APPJ MFM-220;Grohmann,MFM-200;Grohmann,MFM-220",2,0,,0.0,0.0,0.0,0.0,Dormant
500307954,FOCUSING LENS FOR MFM-220 APPJ,APPJ MFM-220,1,1,1.0,0.0,1.0,1.0,1.0,No-history
500307955,DRIVING BELT,"Grohmann,MFM-200;APPJ MFM-220",1,0,,0.0,0.0,0.0,0.0,No-history
500308254,I/P SHUT OT  Z MTR FLEX CABLE,"ASM-Pacific,Phoenix",3,0,,0.0,0.0,0.0,0.0,Dormant
500308255,Y SHUTTLE OT TABLE X ENC FLEX ASSY,"ASM-Pacific,Phoenix",3,0,,0.0,0.0,0.0,0.0,Dormant
500308256,I/P SHUT OT  X MTR FLEX CABLE,"ASM-Pacific,Phoenix",3,0,,0.0,0.0,0.0,0.0,Dormant
500308257,I/P SHUT ENC FLEX CABLE,"ASM-Pacific,Phoenix",3,0,,0.0,0.0,0.0,0.0,Dormant
500310519,"BAR-POP-U1-500-SIC,40121","ASM-Pacific,Firebird;Generic",4,0,,0.0,0.0,0.0,0.0,Dormant
500311819,AKBEW (MAGNET TOP PLATE VER) UGK,"ASM-Pacific,Phoenix",3,0,,0.0,0.0,0.0,0.0,Dormant
500311823,ROD ASSY,"ASM-Pacific,Firebird;ASM-Pacific,Phoenix",3,0,,0.0,0.0,0.0,0.0,Dormant
500312458,RELA LINEAR SCALE ML=20MM,"ASM-Pacific,Phoenix;ASM-Pacific,Firebird",3,0,,0.0,0.0,0.0,0.0,Dormant
500312770,"BS PEDESTAL ASSY (BDW, ULT) (40X24X0.17)","ASM-Pacific,Phoenix",4,0,,0.0,0.0,0.0,0.0,Dormant
500312771,STA PICKHEAD ASSY SET (BDW),"ASM-Pacific,Phoenix",4,0,,0.0,0.0,0.0,0.0,Dormant
500312773,STA PICKHEAD ASSY SET (ANNIE),"ASM-Pacific,Phoenix;GENERIC",3,0,,0.0,0.0,0.0,0.0,Dormant
500312774,PEDESTAL -SKL ULT 2+2,"ASM-Pacific,Phoenix",4,0,,0.0,0.0,0.0,0.0,Dormant
500312775,BS PEDESTAL ASSY (NFP) (20X16.5X0.17),"ASM-Pacific,Phoenix",1,0,,0.0,0.0,0.0,0.0,No-history
500312776,BS PEDESTAL ASSY (ND5) 50X50X0.17,"GENERIC;ASM-Pacific,Phoenix",4,0,,0.0,0.0,0.0,0.0,Dormant
500312777,STA PICKHEAD ASSY SET (CHT),"GENERIC;ASM-Pacific,Phoenix",4,0,,0.0,0.0,0.0,0.0,Dormant
500312778,TCB STA ND5  HYBRID 4UP 50X50,"GENERIC;ASM-Pacific,Phoenix",4,0,,0.0,0.0,0.0,0.0,Dormant
500312779,BS PEDESTAL ASSY (CHT) (74X227.6X0.17),"ASM-Pacific,Phoenix;GENERIC",4,0,,0.0,0.0,0.0,0.0,Dormant
500312781,BS PED ASSY (SKY ULT 2+3E)(24X42X0.17),"ASM-Pacific,Phoenix;GENERIC",4,0,,0.0,0.0,0.0,0.0,Dormant
500312782,"STA PICKHEAD ASSY SET(SKY A0, STIFFENER)","ASM-Pacific,Phoenix;GENERIC",3,0,,0.0,0.0,0.0,0.0,Dormant
500312783,BS P ASSY (HALO 4+4E REV1) (42X28X0.17),"GENERIC;ASM-Pacific,Phoenix",4,0,,0.0,0.0,0.0,0.0,Dormant
500312784,STA PICKHEAD ASSY SET (SKY HALO 4+4E),"GENERIC;ASM-Pacific,Phoenix",3,0,,0.0,0.0,0.0,0.0,Dormant
500312927,FUSE 5X20MM T 10A 250V,"ASM-Pacific,Firebird;ASM-Pacific,Phoenix",3,0,,0.0,0.0,0.0,0.0,Dormant
500313019,BS PEDESTAL ASSY  (PPARK) (66X230X0.17),"ASM-Pacific,Phoenix",4,0,,0.0,0.0,0.0,0.0,Dormant
500313178,BANK 2 WITH KINEMATICS ASSY (34X24),"GENERIC;ASM-Pacific,Phoenix",3,0,,0.0,0.0,0.0,0.0,Dormant
500313179,BANK 1 WITH KINEMATICS ASSY (34X24),"ASM-Pacific,Phoenix;GENERIC",3,0,,0.0,0.0,0.0,0.0,Dormant
500313180,BANK 3 WITH KINEMATICS ASSY (34X24),"ASM-Pacific,Phoenix;GENERIC",3,0,,0.0,0.0,0.0,0.0,Dormant
500313313,SUB EXI L FLEX CABLE ASSY,"Generic;ASM-Pacific,Phoenix;TCB_Generic",4,0,,0.0,0.0,0.0,0.0,Dormant
500313781,STRAIGHT UNION,"ASM-Pacific,Phoenix;GENERIC",3,0,,0.0,0.0,0.0,0.0,Dormant
500313950,RIGHT WORKCHUCK X MOTOR COIL,"ASM-Pacific,Firebird;ASM-Pacific,Phoenix",3,0,,0.0,0.0,0.0,0.0,Dormant
500313951,LEFT WORKCHUCK X AUX MOTOR COIL,"ASM-Pacific,Phoenix;ASM-Pacific,Firebird",3,0,,0.0,0.0,0.0,0.0,Dormant
500313952,RIGHT WORKCHUCK X AUX MOTOR COIL,"ASM-Pacific,Phoenix;ASM-Pacific,Firebird",3,0,,0.0,0.0,0.0,0.0,Dormant
500315046,NDIIIS CONTROLPOWERMODULE,"ASM-Pacific,Firebird",3,0,,0.0,0.0,0.0,0.0,Dormant
500315048,NUDRIVE-3S: EXTENDED POWER MODULE,"ASM-Pacific,Firebird",3,0,,0.0,0.0,0.0,0.0,Dormant
500315055,NUDRIVE-3S: EXTENDED POWER MODULE,"ASM-Pacific,Firebird",4,0,,0.0,0.0,0.0,0.0,Dormant
500316161,"DOOR HANDLE, PULL, POCKET SERIES, FLUSH",Heller FAR;Heller 2017 MK III;Heller 2017 Formic Acid;BAM_Generic;Heller HRF,1,0,,0.0,0.0,0.0,0.0,No-history
500316163,"UPPER COVER HANDLE, ERGONOMIC ARM S2-S8",Heller FAR;Heller 2017 Formic Acid;Heller HRF,3,0,,0.0,0.0,0.0,0.0,Dormant
500316165,"1/2"" ID, H/T Hose",Heller HRF;Heller FAR;Heller VCO;Heller 2017 Formic Acid,2,0,,0.0,0.0,0.0,0.0,Dormant
500316483,PEDESTAL-BRD-EP,"ASM-Pacific,Phoenix",3,0,,0.0,0.0,0.0,0.0,Dormant
500316484,STA PICKHEAD ASSY SET (DRV),Generic,1,0,,0.0,0.0,0.0,0.0,No-history
500316485,STA PICKHEAD ASSY SET (SKX_XCC),"GENERIC;ASM-Pacific,Phoenix",3,0,,0.0,0.0,0.0,0.0,Dormant
500316488,BS PEDESTAL A (SKX_XCC_CP)(48X37.5X0.17),"ASM-Pacific,Firebird;ASM-Pacific,Phoenix",4,0,,0.0,0.0,0.0,0.0,Dormant
500316650,HONEYWELL OXYGEN O2 SENSOR CARTRIDGE,"ASM-Pacific,Firebird;ASM-Pacific,Phoenix",3,0,,0.0,0.0,0.0,0.0,Dormant
500316923,BAR TYPE IONIZER,"ASM-Pacific,Phoenix",4,1,4.0,0.0,0.25,0.95,0.729,Intermittent
500317475,NU MOTION CONTROLLER BOARD,"ASM,TCB,Y-SHUTTLE;ASM-Pacific,Phoenix",3,0,,0.0,0.0,0.0,0.0,Dormant
500318166,STA PICKHEAD ASSY SET (CCRK),"ASM-Pacific,Phoenix;ASM-Pacific,Firebird;Generic",3,0,,0.0,0.0,0.0,0.0,Dormant
500318170,STA PICKHEAD ASSY SET (ANF),"ASM-Pacific,Phoenix",3,0,,0.0,0.0,0.0,0.0,Dormant
500318174,TCB PEDESTAL SDP 4UP 55X55,"ASM-Pacific,Phoenix",4,0,,0.0,0.0,0.0,0.0,Dormant
500318188,STA PICKHEAD ASSY SET (CNL TMTV),"ASM-Pacific,Phoenix",3,0,,0.0,0.0,0.0,0.0,Dormant
500318193,TCB PEDESTAL ND5 2XCVR 5UP 42.5X42.5,"ASM-Pacific,Phoenix",4,0,,0.0,0.0,0.0,0.0,Dormant
500318195,TCB STA ND5 2XCVR 5UP 42.5X42.5,"ASM-Pacific,Phoenix",4,0,,0.0,0.0,0.0,0.0,Dormant
500318197,BS PEDESTAL ASSY (CNL U22) (24X45X0.17),"ASM-Pacific,Phoenix",4,0,,0.0,0.0,0.0,0.0,Dormant
500318198,STA - PER PAIR - CNL U22,"ASM-Pacific,Phoenix",3,0,,0.0,0.0,0.0,0.0,Dormant
500318199,TCB PEDESTAL SKX DE 52.5X45,"ASM-Pacific,Phoenix",3,0,,0.0,0.0,0.0,0.0,Dormant
500318205,COG PEDESTAL ASSY FOR CAP SENSOR,"ASM-Pacific,Phoenix",4,0,,0.0,0.0,0.0,0.0,Dormant
500318240,STEEL WIRE CLAMP,"ASM-Pacific,Phoenix;ASM-Pacific,Firebird",3,0,,0.0,0.0,0.0,0.0,Dormant
500319164,HVMOTY MOTOR,"ASM-Pacific,Firebird;ASM-Pacific,Phoenix",3,0,,0.0,0.0,0.0,0.0,Dormant
500319166,HVMOTX MOTOR,"ASM-Pacific,Firebird;ASM-Pacific,Phoenix",3,0,,0.0,0.0,0.0,0.0,Dormant
500319859,ACTUATOR,"ASM-Pacific,Phoenix",3,0,,0.0,0.0,0.0,0.0,Dormant
500320265,PLASMA JET NOZZLE PTF 2651-2,"Grohmann,MFM-220;APPJ MFM-220",6,1,6.0,0.0,0.333,1.9,1.181,Intermittent
500320316,TCB STA SKX LCC 34.5 X 37.5,"ASM-Pacific,Phoenix",3,0,,0.0,0.0,0.0,0.0,Dormant
500320318,STA PICKHEAD ASSY SET (SKX DE),"GENERIC;ASM-Pacific,Phoenix",1,0,,0.0,0.0,0.0,0.0,No-history
500320319,TCB PEDESTAL SKX LCC 34.5 X 37.5,"ASM-Pacific,Phoenix",3,0,,0.0,0.0,0.0,0.0,Dormant
500320434,0.6MM CLEANING ROD,"ASM-Pacific,Phoenix",3,0,,0.0,0.0,0.0,0.0,Dormant
500320435,0.7 MM CLEANING ROD,"ASM-Pacific,Phoenix",3,0,,0.0,0.0,0.0,0.0,Dormant
500320779,BH HEATER COVER (STRAIGHT CUT VER.),"ASM-Pacific,Firebird;ASM-Pacific,Phoenix",3,0,,0.0,0.0,0.0,0.0,Dormant
500321284,MANUAL DRILL BIT 0.7MM,"ASM-Pacific,Phoenix;ASM-Pacific,Firebird;Generic",2,0,,0.0,0.0,0.0,0.0,Dormant
500321452,SURFACE PROBE TYPE K,"GENERIC;ASM-Pacific,Phoenix",3,0,,0.0,0.0,0.0,0.0,Dormant
500321995,SMT REED SWITCH 12-18AT 10W,Asymtek S932;Asymtek S912;Generic,1,0,,0.0,0.0,0.0,0.0,No-history
500322503,BS PEDESTAL ASSY (KBL ULT 42) 42X24X0.17,GENERIC,4,0,,0.0,0.0,0.0,0.0,Dormant
500322505,"40142, 0.4MM, S, U1, 07.8350 X 6.922","Generic;ASM-Pacific,Firebird;ASM-Pacific,Phoenix",1,0,,0.0,0.0,0.0,0.0,No-history
500324631,SWING DOOR IMPROVEMENT,"ASM-Pacific,Phoenix",3,0,,0.0,0.0,0.0,0.0,Dormant
500324947,NUDRIVE FLAT  MODULE CABLE,"ASM-Pacific,Phoenix",3,0,,0.0,0.0,0.0,0.0,Dormant
500324948,NUDRIVE FLAT  MODULE CABLE,"ASM-Pacific,Phoenix",3,0,,0.0,0.0,0.0,0.0,Dormant
500324949,NUDRIVE FLAT  MODULE CABLE,"ASM-Pacific,Phoenix",3,0,,0.0,0.0,0.0,0.0,Dormant
500324950,NUDRIVE FLAT  MODULE CABLE,"ASM-Pacific,Phoenix",3,0,,0.0,0.0,0.0,0.0,Dormant
500324977,NU MOTION CONTROLLER BOARD,"ASM-Pacific,Phoenix",3,0,,0.0,0.0,0.0,0.0,Dormant
500326896,TIP TILT SOL ASSY,"TCB_Generic;Generic;ASM-Pacific,Phoenix",3,0,,0.0,0.0,0.0,0.0,Dormant
500328938,PLASMA JET RD1004S ASSEMBLY UNIT,"Grohmann,MFM-220;APPJ MFM-220;Grohmann,MFM-200",3,0,,0.0,0.0,0.0,0.0,Dormant
500328940,WRS1501MODULE CAN MFM-220 APPJ DUAL HEAD,"Grohmann,MFM-200;APPJ MFM-220;Grohmann,MFM-220",3,0,,0.0,0.0,0.0,0.0,Dormant
500328942,"PCU 1604,DUAL HEAD ONLY","APPJ MFM-220;Grohmann,MFM-220;Grohmann,MFM-200",3,0,,0.0,0.0,0.0,0.0,Dormant
500330194,STA PICKHEAD ASSY SET (CFL U23E),"GENERIC;ASM-Pacific,Phoenix",4,0,,0.0,0.0,0.0,0.0,Dormant
500330197,VACUUM SENSOR MOUNT (SENSOR ABOVE),"ASM-Pacific,Phoenix",3,0,,0.0,0.0,0.0,0.0,Dormant
500330198,TAPERED ROLLER BEARING 15X35X11.75,"ASM-Pacific,Phoenix",3,0,,0.0,0.0,0.0,0.0,Dormant
500331233,OMEGA MINIATURE CONECTOR,Generic,1,0,,0.0,0.0,0.0,0.0,No-history
500332017,STA PICKHEAD ASSY SET (SKX FPGA),"ASM-Pacific,Phoenix",4,0,,0.0,0.0,0.0,0.0,Dormant
500332094,"40152, 0.4MM, S, U1, 06.689 X 07.256","Generic;ASM-Pacific,Firebird",2,0,,0.0,0.0,0.0,0.0,Dormant
500332508,"40180,S,1MM, 07.761 X 11.76","Generic;ASM-Pacific,Phoenix;ASM-Pacific,Firebird",3,0,,0.0,0.0,0.0,0.0,Dormant
500332592,TIMING PULLEY,"ASM-Pacific,Firebird;ASM-Pacific,Phoenix",3,0,,0.0,0.0,0.0,0.0,Dormant
500332777,CURRENT MONITOR BOARD,Heller 2017 Formic Acid;Heller 2017 MK III;Heller HRF;Heller FAR,2,0,,0.0,0.0,0.0,0.0,Dormant
500332778,CURRENT SENSE BOARD,Heller FAR;Heller 2017 Formic Acid;Heller 2017 MK III;Heller HRF,1,0,,0.0,0.0,0.0,0.0,No-history
500335599,HAND VALVE VHK3-06F-06F,"ASM-Pacific,Phoenix",1,0,,0.0,0.0,0.0,0.0,No-history
500335600,SELF-SEAL BULKHEAD UNION KCE06-00,"ASM-Pacific,Firebird;ASM-Pacific,Phoenix;Generic",4,0,,0.0,0.0,0.0,0.0,Dormant
500336592,BS PEDESTAL ASSY (XG756 B0) 240X74X0.17,"Generic;ASM-Pacific,Phoenix;ASM-Pacific,Firebird",1,0,,0.0,0.0,0.0,0.0,No-history
500336758,CONVERSION ADAPTOR ASSY RIGHT,"ASM-Pacific,Phoenix",3,0,,0.0,0.0,0.0,0.0,Dormant
500336949,"ADAPTOR,ASSY,LEFT,CONVERSION,HARDSTOP","ASM-Pacific,Phoenix",4,0,,0.0,0.0,0.0,0.0,Dormant
500337076,BALLSCREW CONICAL FLEXURE ASSEMBLY,"ASM-Pacific,Phoenix",3,0,,0.0,0.0,0.0,0.0,Dormant
500337311,CONVEYOR MOTOR PULLEY,"ASM-Pacific,Phoenix;ASM-Pacific,Firebird",3,0,,0.0,0.0,0.0,0.0,Dormant
500337312,UP- DOWN-LOOKING OPTICS,"ASM-Pacific, Falcon;ASM-Pacific,Phoenix",3,0,,0.0,0.0,0.0,0.0,Dormant
500337714,NOZZLE TYPE 4135/6135 CPL.CERAMIC,GENERIC,2,0,,0.0,0.0,0.0,0.0,Dormant
500338556,O-RING 1.00 X 1.50 ID 70 NBR,"ASM-Pacific,Firebird",3,0,,0.0,0.0,0.0,0.0,Dormant
500338915,THERMA S/W CABLE ASSY,"ASM-Pacific,Phoenix",3,0,,0.0,0.0,0.0,0.0,Dormant
500338916,FUSE 5X20MM T 4A 250V,"ASM-Pacific,Phoenix",3,0,,0.0,0.0,0.0,0.0,Dormant
500339306,NOZZLE BANK ASSY (34X24),"ASM-Pacific,Firebird;ASM-Pacific,Phoenix",3,0,,0.0,0.0,0.0,0.0,Dormant
500339307,TIP TILT CAM DRIVE ASSY,"ASM-Pacific,Firebird",3,0,,0.0,0.0,0.0,0.0,Dormant
500339308,HVMOT UD RINGLIGHT ASSY (NON CE),"ASM-Pacific,Firebird",3,0,,0.0,0.0,0.0,0.0,Dormant
500339309,(IES) FRONT FLAT COVER,"ASM-Pacific,Firebird",3,0,,0.0,0.0,0.0,0.0,Dormant
500339311,(MFE) AKBEW RAIKIRI ASSY (FB),"ASM-Pacific,Firebird",3,0,,0.0,0.0,0.0,0.0,Dormant
500339312,CAP SENSOR MOTOR ASSY (FB),"ASM-Pacific,Phoenix",1,1,1.0,0.0,1.0,1.0,1.0,No-history
500339313,NDIII CONTROLPOWERMODULE,"ASM-Pacific,Firebird",3,0,,0.0,0.0,0.0,0.0,Dormant
500339314,ASIO2 MODULE 2TC 400HZ,"ASMP ACW;ASM-Pacific,Firebird",3,0,,0.0,0.0,0.0,0.0,Dormant
500339315,NDIII HIGH POWER EPM,"ASM-Pacific,Firebird",3,0,,0.0,0.0,0.0,0.0,Dormant
500339316,TEC AND CONTROL BOX ASSY,"ASM-Pacific,Firebird",3,0,,0.0,0.0,0.0,0.0,Dormant
500339317,5V ADAPTER POWER CABLE ASSY,"ASM-Pacific,Firebird",3,0,,0.0,0.0,0.0,0.0,Dormant
500339318,AA 1 DISP UD SOL,"ASM-Pacific,Firebird",3,0,,0.0,0.0,0.0,0.0,Dormant
500339319,USB 2.0 HUB 7 PORTS ASSY,"ASM-Pacific,Firebird;TCB_Generic",3,0,,0.0,0.0,0.0,0.0,Dormant
500339320,ESIO3,"ASM-Pacific,Firebird",3,0,,0.0,0.0,0.0,0.0,Dormant
500339321,NDIIIS CONTROLPOWERMODULE,"ASM-Pacific,Firebird",3,0,,0.0,0.0,0.0,0.0,Dormant
500339322,NDIIIS CONTROLPOWERMODULE,"ASM-Pacific,Firebird",3,0,,0.0,0.0,0.0,0.0,Dormant
500339323,NUDRIVE-3S: EXTENDED POWER MODULE,"ASM-Pacific,Firebird",3,0,,0.0,0.0,0.0,0.0,Dormant
500339324,VISION PC ASSEMBLY,"ASM-Pacific,Firebird",3,0,,0.0,0.0,0.0,0.0,Dormant
500339328,NUDRIVE-3S: EXTENDED POWER MODULE,"ASM-Pacific,Firebird",4,0,,0.0,0.0,0.0,0.0,Dormant
500339329,NUDRIVE-3S: EXTENDED POWER MODULE,"ASM-Pacific,Firebird",3,0,,0.0,0.0,0.0,0.0,Dormant
500339330,NUDRIVE-3S: EXTENDED POWER MODULE,"ASM-Pacific,Firebird",3,0,,0.0,0.0,0.0,0.0,Dormant
500339331,NUDRIVE-3S: EXTENDED POWER MODULE,"ASM-Pacific,Firebird",2,0,,0.0,0.0,0.0,0.0,Dormant
500339332,ESIO14,"ASM-Pacific,Firebird",2,0,,0.0,0.0,0.0,0.0,Dormant
500339334,MINI Z ENCODER,"ASM-Pacific,Firebird",3,0,,0.0,0.0,0.0,0.0,Dormant
500339335,BH HEATER THERMAL SWITCH,"ASM-Pacific,Firebird",3,0,,0.0,0.0,0.0,0.0,Dormant
500339336,3P AC INPUT BOX,"ASM-Pacific,Firebird",3,0,,0.0,0.0,0.0,0.0,Dormant
500339338,3G LED LIGHTING (370MM),"ASM-Pacific,Firebird",3,0,,0.0,0.0,0.0,0.0,Dormant
500339339,3G LED LT (370MM) MACRO INERT CHAMBER,"ASM-Pacific,Firebird",3,0,,0.0,0.0,0.0,0.0,Dormant
500339340,3 PORT FUSE MOUNTING WITH FUSE,"ASM-Pacific,Firebird",3,0,,0.0,0.0,0.0,0.0,Dormant
500339341,DP-DRIVE CPL / CPP,"ASM-Pacific,Firebird",3,0,,0.0,-0.333,0.0,,Dormant
500339342,HIGH PRECISION DDR MOTOR,"ASM-Pacific,Firebird;ASM-Pacific,Phoenix",3,0,,0.0,0.0,0.0,0.0,Dormant
500339343,CAPACITIVE SENSOR (PROBE ONLY) D8 RA,"ASM-Pacific,Phoenix;ASM-Pacific,Firebird",3,0,,0.0,0.0,0.0,0.0,Dormant
500339344,CAPACITIVE SENSOR (PROBE ONLY) D8 ST,"ASM-Pacific,Phoenix;ASM-Pacific,Firebird",3,0,,0.0,0.0,0.0,0.0,Dormant
500339345,CAPACITANCE SENSOR DIGITAL AMPLIFIER,"ASM-Pacific,Firebird;ASM-Pacific,Phoenix;ASMP ACW",3,0,,0.0,0.0,0.0,0.0,Dormant
500339346,CAPACITANCE SENSOR EXTENSION CABLE 2M,"ASM-Pacific,Phoenix;ASM-Pacific,Firebird",3,0,,0.0,0.0,0.0,0.0,Dormant
500339347,OT CAP SNR&BH FORCE SNR ASSY,"ASM-Pacific,Firebird",3,0,,0.0,0.0,0.0,0.0,Dormant
500339348,2 WAY TERMINAL STRIP 15 A 750V,"ASM-Pacific,Firebird",3,0,,0.0,0.0,0.0,0.0,Dormant
500339349,LAQBEL-GROUND SIGN,"ASM-Pacific,Firebird",3,0,,0.0,0.0,0.0,0.0,Dormant
500339350,COUPLING BLOCKS FOR D-SUB CONNECTOR,"ASM-Pacific,Firebird",3,0,,0.0,0.0,0.0,0.0,Dormant
500339614,OT UP/DN RTD CABLE ASSY,"ASM-Pacific,Phoenix",3,0,,0.0,0.0,0.0,0.0,Dormant
500339615,OT MIN Z MTR COIL CABLE,"ASM-Pacific,Phoenix",3,0,,0.0,0.0,0.0,0.0,Dormant
500339616,OT UP/DN RTD CABLE ASSY,"ASM-Pacific,Phoenix",3,0,,0.0,0.0,0.0,0.0,Dormant
500340892,WORKCHUCK X PRELOAD MAGNET ASSY (SIDE 2),"ASM-Pacific,Firebird;ASM-Pacific,Phoenix",3,0,,0.0,0.0,0.0,0.0,Dormant
500340893,PEDESTAL HEATED BLOCK ASSY (150W),"ASM-Pacific,Phoenix;ASM-Pacific,Firebird",3,0,,0.0,0.0,0.0,0.0,Dormant
500340894,ESIO12,"ASM-Pacific,Phoenix;ASM-Pacific,Firebird",3,0,,0.0,0.0,0.0,0.0,Dormant
500340895,ZDS SENSOR BOARD,"ASM-Pacific,Firebird;ASM-Pacific,Phoenix",3,0,,0.0,0.0,0.0,0.0,Dormant
500341152,"#35 (3/8"") PITCH SS CHAIN W/ D-3",Heller 2017 Formic Acid;Heller 2017 MK III;Heller FAR;Heller HRF,1,0,,0.0,0.0,0.0,0.0,No-history
500341824,UPS BRACKETS UGK,"ASM-Pacific,Phoenix",3,0,,0.0,0.0,0.0,0.0,Dormant
500342400,LEGACY COMMUNICATIONS SMARTSLOT CARD,"GENERIC;ASM-Pacific,Phoenix",3,0,,0.0,0.0,0.0,0.0,Dormant
500342401,APC SMART-UPS SRT 5000VA RM 230V,"GENERIC;ASM-Pacific,Phoenix",3,0,,0.0,0.0,0.0,0.0,Dormant
500342478,(SM) BOND STAGE MODULE,"ASM-Pacific,Phoenix",3,0,,0.0,0.0,0.0,0.0,Dormant
500344490,THERMOCOUPLE PROBE 88401 - K TYPE,"ICOS,CI9450;ASM-Pacific,Firebird;ICOS, CIT790;BESI TSMaa;ASM-Pacific,Phoenix",4,1,4.0,0.0,0.25,0.2375,0.1,Intermittent
500344512,SMARTFEEDER X16MM,"TCB_Generic;ASM-Pacific,Phoenix;ASM-Pacific,Firebird;Generic;ASMP ACW",3,0,,0.0,0.0,0.0,0.0,Dormant
500348156,"40230,0.4MM,S,U1,08.335X07.492","Generic;ASM-Pacific,Firebird",2,0,,0.0,0.0,0.0,0.0,Dormant
500348338,"40231,L,1MM,30.941X20.459","TCB_Generic;ASM-Pacific,Phoenix",3,0,,0.0,0.0,0.0,0.0,Dormant
500350011,(BH) ROT X ENC INTERPOLATOR,"ASM-Pacific,Firebird",3,0,,0.0,0.0,0.0,0.0,Dormant
500350012,HPP BONDHEAD MINI Z VCM,"ASM-Pacific,Firebird",3,0,,0.0,0.0,0.0,0.0,Dormant
500350014,150V SMPS FPC CTR CABLE ASSY,"ASM-Pacific,Firebird",3,0,,0.0,0.0,0.0,0.0,Dormant
500350015,ELBOW FITTING,"HDMx_Handler_x30_x10;ASM-Pacific,Firebird",4,0,,0.0,0.0,0.0,0.0,Dormant
500350016,PRECISION REGULATOR,"ASM-Pacific,Firebird;ASMP ACW",4,0,,0.0,0.0,0.0,0.0,Dormant
500350017,LINE FILTER 3P+E 480VAC 50A,"ASM-Pacific,Firebird",3,0,,0.0,0.0,0.0,0.0,Dormant
500350018,SOCKET CRIMP CONTACT FOR AWG#20-24,"ASM-Pacific,Firebird",4,0,,0.0,0.0,0.0,0.0,Dormant
500350019,AWG#26 3 CORE FLEX E-CHAIN RD CABLE,"ASM-Pacific,Firebird",3,0,,0.0,0.0,0.0,0.0,Dormant
500351181,SOC HD CAP SCREW M2X5,"ASM-Pacific,Phoenix",3,0,,0.0,0.0,0.0,0.0,Dormant
500351182,SOC HD CAP SCREW M2.5X8,"ASM-Pacific,Phoenix",3,0,,0.0,0.0,0.0,0.0,Dormant
500351183,WASHER FLAT M2,"ASM-Pacific,Phoenix",3,0,,0.0,0.0,0.0,0.0,Dormant
500351184,WASHER FLAT M2.5,"ASM-Pacific,Phoenix",3,0,,0.0,0.0,0.0,0.0,Dormant
500351185,WASHER SPRING M2          [11A2],"ASM-Pacific,Phoenix;ASM-Pacific,Firebird",3,0,,0.0,0.0,0.0,0.0,Dormant
500351186,MBH Z TABLE PULLEY (9MM),"ASM-Pacific,Phoenix;ASM-Pacific,Firebird",4,1,4.0,0.0,0.25,0.95,0.729,Intermittent
500351868,MOTOR FOR MFM-220 APPJ Z-AXIS,"Grohmann,MFM-220",3,0,,0.0,0.0,0.0,0.0,Dormant
500352221,STA-R Z TABLE ASSY (SW),"ASM-Pacific,Firebird",3,0,,0.0,0.0,0.0,0.0,Dormant
500352222,Z MOTOR ASSY,"ASM-Pacific,Firebird",3,0,,0.0,0.0,0.0,0.0,Dormant
500352223,FIREBIRD SW MPS&HT BOX,"ASM-Pacific,Firebird",4,0,,0.0,0.0,0.0,0.0,Dormant
500352224,CAH ENC EXT CABLE ASSY NORMAL,"ASM-Pacific,Firebird",3,0,,0.0,0.0,0.0,0.0,Dormant
500352225,BHZ MTR AND BRAKE CABLE ASSY,"ASM-Pacific,Firebird",3,0,,0.0,0.0,0.0,0.0,Dormant
500352226,MICROE MERCURY 2000 SENSOR M2120H,"ASM-Pacific,Firebird",3,0,,0.0,0.0,0.0,0.0,Dormant
500352227,LIF 48R G0 SCANNING HEAD (0.5 M),"ASM-Pacific,Firebird",3,0,,0.0,0.0,0.0,0.0,Dormant
500353234,(DTA) MAIN TENSIONER 1,"ASM-Pacific,Phoenix;ASM-Pacific,Firebird",1,0,,0.0,0.0,0.0,0.0,No-history
500353235,(DTA) MAIN TENSIONER 2,"ASM-Pacific,Firebird",2,1,2.0,0.0,0.5,0.475,0.1,Intermittent
500353236,(DTA) SUB TENSIONER,"ASM-Pacific,Firebird",2,1,2.0,0.0,1.5,1.425,0.3,Intermittent
500353244,END PLUG FOR PCU,"APPJ MFM-220;Grohmann,MFM-220",3,0,,0.0,0.0,0.0,0.0,Dormant
500354192,"COUPLER (D1 10, D2 14)","ASM-Pacific,Phoenix",3,0,,0.0,0.0,0.0,0.0,Dormant
500354290,ASIO2 MODULE 2TC 400HZ,"ASM-Pacific,Firebird",3,0,,0.0,0.0,0.0,0.0,Dormant
500354293,L STA MODULE TRACKLESS CABLE ASSY,"ASM-Pacific,Firebird;ASM-Pacific,Phoenix",3,0,,0.0,0.0,0.0,0.0,Dormant
500354422,EB ACTUATOR ASSY,"ASM-Pacific,Firebird",3,0,,0.0,0.0,0.0,0.0,Dormant
500354423,EB ACTUATOR ASSY - REAR LEFT,"ASM-Pacific,Phoenix;ASM-Pacific,Firebird",4,0,,0.0,0.0,0.0,0.0,Dormant
500354424,(MBH)MEDIA BUFFER HANDLER Y&Z MTR ASSY,"TCB_Generic;ASM-Pacific,Firebird;Generic",3,0,,0.0,0.0,0.0,0.0,Dormant
500354425,(MBH)MEDIA BUFFER HANDLER Y&Z MTR ASSY,"Generic;TCB_Generic;ASM-Pacific,Firebird",3,0,,0.0,0.0,0.0,0.0,Dormant
500354426,(BH) ROT Y ENC,"ASM-Pacific,Firebird",3,0,,0.0,0.0,0.0,0.0,Dormant
500354427,(BH) ROT X AUX ENC,"ASM-Pacific,Firebird",4,0,,0.0,0.0,0.0,0.0,Dormant
500354428,(BH) ROT Y AUX ENC,"ASM-Pacific,Firebird",3,0,,0.0,0.0,0.0,0.0,Dormant
500354429,(BH) ROT X ENC,"ASM-Pacific,Firebird",3,0,,0.0,0.0,0.0,0.0,Dormant
500354430,(BH) ROT Y ROTARY ENC,"ASM-Pacific,Firebird",3,0,,0.0,0.0,0.0,0.0,Dormant
500354431,(BH) ROT X AUX ROTARY ENC,"ASM-Pacific,Firebird",3,0,,0.0,0.0,0.0,0.0,Dormant
500354432,(BH) ROT Y AUX ROTARY ENC,"ASM-Pacific,Firebird",3,0,,0.0,0.0,0.0,0.0,Dormant
500354433,(BH) ROT X ROTARY ENC,"ASM-Pacific,Firebird",4,1,4.0,0.0,0.25,0.95,0.729,Intermittent
500354434,(BH) ROT Y MOTOR,"ASM-Pacific,Firebird",3,0,,0.0,0.0,0.0,0.0,Dormant
500354435,(BH) ROT X AUX MOTOR,"ASM-Pacific,Phoenix;ASM-Pacific,Firebird",3,0,,0.0,0.0,0.0,0.0,Dormant
500354436,(BH) ROT Y AUX MOTOR,"ASM-Pacific,Firebird",3,0,,0.0,0.0,0.0,0.0,Dormant
500354437,(BH) ROT X MOTOR,"ASM-Pacific,Phoenix;ASM-Pacific,Firebird",3,0,,0.0,0.0,0.0,0.0,Dormant
500354438,"3-2 S-SOL V-VALVE VK332V-5G-M5, 24VDC","ASM-Pacific,Firebird",3,0,,0.0,0.0,0.0,0.0,Dormant
500354439,N2S1 N2S2 SWITCHING SOLENOID,"ASM-Pacific,Firebird",3,0,,0.0,0.0,0.0,0.0,Dormant
500354440,MALE ELBOW COCNECTOR KPQL04-M5,"ASM-Pacific,Phoenix;ASM-Pacific,Firebird",4,1,4.0,0.0,0.25,0.95,0.729,Intermittent
500354758,PCI MARKIIIS BOARD,"ASM-Pacific,Phoenix",3,0,,0.0,0.0,0.0,0.0,Dormant
500354760,CAN CARD COM168V2-PCI,"ASM-Pacific,Phoenix",3,0,,0.0,0.0,0.0,0.0,Dormant
500354762,VGA CABLE ASSY,"ASM-Pacific,Phoenix",3,0,,0.0,0.0,0.0,0.0,Dormant
500354763,VGA CABLE ASSY,"ASM-Pacific,Phoenix",3,0,,0.0,0.0,0.0,0.0,Dormant
500354764,DIFFUSER OUTER WM,Heller FAR;Heller 2017 MK III;Heller HRF;Heller 2017 Formic Acid,3,0,,0.0,0.0,0.0,0.0,Dormant
500354830,INNER BOX WM,Heller 2017 MK III;Heller HRF;Heller 2017 Formic Acid;Heller FAR,2,0,,0.0,0.0,0.0,0.0,Dormant
500356122,END EFFECTOR INSERT (CERAMIC),"ASM-Pacific,Firebird;ASM-Pacific,Phoenix",2,1,2.0,0.0,2.5,4.75,4.5,Intermittent
500356670,"CONTACTOR 24VAC, 32A, 4 POLE",Heller 2017 MK III;Heller 2017 Formic Acid;Heller HRF;Heller FAR,1,0,,0.0,0.0,0.0,0.0,No-history
500356731,"250VA TRANSFOR, 380-400-415/24",Heller HRF;Heller 2017 MK III;Heller 2017 Formic Acid;Heller FAR,2,0,,0.0,0.0,0.0,0.0,Dormant
500357438,WASTE CONTAINER /COMPONENTSCARRIAGE,"ASM-Pacific,Phoenix",4,0,,0.0,0.0,0.0,0.0,Dormant
500358163,"K50,CONTACTOR RELAY,24VDC",Heller FAR;Heller HRF;Heller 2017 Formic Acid,3,0,,0.0,0.0,0.0,0.0,Dormant
500358169,"FILTER,OFA,OUTLET",APPJ MFM-220,3,0,,0.0,0.0,0.0,0.0,Dormant
500358170,"FILTER,SEPARATOR,MIST,MICRO",APPJ MFM-220,3,0,,0.0,0.0,0.0,0.0,Dormant
500358171,"FILTER,SEPARATOR,MIST",APPJ MFM-220,3,0,,0.0,0.0,0.0,0.0,Dormant
500358172,"PNEUMATIC AIR FILTER G1/2""",APPJ MFM-220,3,0,,0.0,0.0,0.0,0.0,Dormant
500358173,REGULATOR WITH BACKFLOW FUNCTION,APPJ MFM-220,3,0,,0.0,0.0,0.0,0.0,Dormant
500359520,LEDI CABLE ASSY,"ASM-Pacific,Phoenix",3,0,,0.0,0.0,0.0,0.0,Dormant
500359522,BOARD AND CABLE ASSY FOR LOW RING LIGHT,"ASM-Pacific,Phoenix",3,0,,0.0,0.0,0.0,0.0,Dormant
500359523,SOCKET SET SCREW M4X6,"ASM-Pacific,Phoenix",3,0,,0.0,0.0,0.0,0.0,Dormant
500359524,SOC HD CAP SCREW M4X45,"ASM-Pacific,Phoenix",3,0,,0.0,0.0,0.0,0.0,Dormant
500359525,SOC HD CAP SCREW M5X40,"ASM-Pacific,Phoenix",3,0,,0.0,0.0,0.0,0.0,Dormant
500359530,SENSOR BOARD ASSY FOR TCB,"ASM-Pacific,Phoenix",3,0,,0.0,0.0,0.0,0.0,Dormant
500359531,SOC HD CAP SCREW M4X40,"ASM-Pacific,Phoenix",3,0,,0.0,0.0,0.0,0.0,Dormant
500359854,SAFETY SWITCH 2X NC+NO W/ CODED MAGNET,"ASM-Pacific,Firebird",3,0,,0.0,0.0,0.0,0.0,Dormant
500359918,SNAP RING,"ASM-Pacific,Phoenix",3,0,,0.0,0.0,0.0,0.0,Dormant
500362830,KIT EXHAUST PORT (SET C),"OMRON,3DXRAY,VT-X900",3,0,,0.0,0.0,0.0,0.0,Dormant
500362833,KIT OIL LEVER GLASS (SET B),"OMRON,3DXRAY,VT-X900",3,0,,0.0,0.0,0.0,0.0,Dormant
500362836,KIT OIL BOX (SET A),"OMRON,3DXRAY,VT-X900",3,0,,0.0,0.0,0.0,0.0,Dormant
500364158,DIGITAL CAP SENSOR UGK,"ASM-Pacific,Phoenix",1,0,,0.0,0.0,0.0,0.0,No-history
500364159,DIGITAL CAP SENSOR UGK (W/O SNR HEAD),"ASM-Pacific,Phoenix",1,0,,0.0,0.0,0.0,0.0,No-history
500364368,OPTICS TBLE 1MMPKT NZZL BNK(OTNB)(28X16),"ASM-Pacific,Phoenix",3,0,,0.0,0.0,0.0,0.0,Dormant
500364369,OPTICS TBLE 1MMPKT NZZL BNK(OTNB)(34X24),"ASM-Pacific,Phoenix",3,0,,0.0,0.0,0.0,0.0,Dormant
500367098,PUSHER PRELOAD PISTON ASSY,"ASM-Pacific,Firebird",1,1,1.0,0.0,2.0,2.0,2.0,No-history
500367100,DTA UL OPTICS ASSY,"ASM-Pacific,Firebird",3,0,,0.0,0.0,0.0,0.0,Dormant
500367101,(CIE4S) WALL ASSY REAR,"ASM-Pacific,Firebird",3,0,,0.0,0.0,0.0,0.0,Dormant
500367103,LED SIGNAL TOWER LIGHT W/ BUZZER (110MM),"ASM-Pacific,Firebird",3,0,,0.0,0.0,0.0,0.0,Dormant
500367105,DFH TO MAIN BONDER SPARE CABLE,"ASM-Pacific,Firebird",3,0,,0.0,0.0,0.0,0.0,Dormant
500367106,REMOTE HARD DISK WITH OS,"ASM-Pacific,Firebird",3,0,,0.0,0.0,0.0,0.0,Dormant
500367107,NUDRIVE-3S BOX(HAVE FUSE),"ASM-Pacific,Firebird",3,0,,0.0,0.0,0.0,0.0,Dormant
500367108,NUDRIVE-3S BOX(HAVE FUSE),"ASM-Pacific,Firebird",3,0,,0.0,0.0,0.0,0.0,Dormant
500367109,HT LNPS 7KVA 110V&40V&220V,"ASM-Pacific,Firebird",3,0,,0.0,0.0,0.0,0.0,Dormant
500367110,(OT) AB ON/OFF SOL,"ASM-Pacific,Firebird",3,0,,0.0,0.0,0.0,0.0,Dormant
500367111,CAH TO MAIN BONDER SPARE CABLE (FB),"ASM-Pacific,Firebird",3,0,,0.0,0.0,0.0,0.0,Dormant
500367112,ENC EXT CABLE ASSY NORMAL,"ASM-Pacific,Firebird",3,0,,0.0,0.0,0.0,0.0,Dormant
500367113,TEC AND DM FAN POWER CABLE ASSY,"ASM-Pacific,Firebird",3,0,,0.0,0.0,0.0,0.0,Dormant
500367114,OT Z ENC CONN CABLE ASSY,"ASM-Pacific,Firebird",3,0,,0.0,0.0,0.0,0.0,Dormant
500367115,HARD DISK AND USB HUB 5V CABLE ASSY,"ASM-Pacific,Firebird",3,0,,0.0,0.0,0.0,0.0,Dormant
500367117,DPA CAM AND LT CABLE V2,"ASM-Pacific,Firebird",3,0,,0.0,0.0,0.0,0.0,Dormant
500367119,CAH DOCKING BASE PLATE,"ASM-Pacific,Firebird",3,0,,0.0,0.0,0.0,0.0,Dormant
500367120,CABLE MOUNTING FIX END(HWM BACK)NON CE,"ASM-Pacific,Firebird",3,0,,0.0,0.0,0.0,0.0,Dormant
500367121,"(IES) LARGE SIDE COVER FOR OT, RIGHT","ASM-Pacific,Firebird",3,0,,0.0,0.0,0.0,0.0,Dormant
500367123,SINGLE DOOR MAGNETIC MINI LOCK YM-70,"ASM-Pacific,Firebird",3,0,,0.0,0.0,0.0,0.0,Dormant
500367125,15 PIN SATA TO 4PIN HD PWR ADAPTOR 110MM,"ASM-Pacific,Firebird",3,0,,0.0,0.0,0.0,0.0,Dormant
500367126,"SATA CABLE W/ LATCH 36""","ASM-Pacific,Phoenix;ASM-Pacific,Firebird",3,0,,0.0,0.0,0.0,0.0,Dormant
500367232,"NIPPLE 2"" LONG- 1""NPT",Heller HRF;Heller FAR;Heller 2017 Formic Acid,3,0,,0.0,0.0,0.0,0.0,Dormant
500367233,"BALL VALVE 1"" NPT, LOCKABLE",Heller FAR;Heller 2017 Formic Acid;Heller HRF,4,0,,0.0,0.0,0.0,0.0,Dormant
500367523,(ECPP-369) FRONT SWING COVER UGK,"ASM-Pacific,Phoenix",3,0,,0.0,0.0,0.0,0.0,Dormant
500368188,PC STATION STOPPER PLATE-45,"ASM-Pacific,Phoenix",3,0,,0.0,0.0,0.0,0.0,Dormant
500368421,STA PICKHEAD ASSY SET (ND5 2XCVR) L&R,"ASM-Pacific,Firebird;ASM-Pacific,Phoenix",3,0,,0.0,0.0,0.0,0.0,Dormant
500368422,STA PICKHEAD ASSY SET (ND5) L&R,"ASM-Pacific,Phoenix",3,0,,0.0,0.0,0.0,0.0,Dormant
500368423,STA PICKHEAD ASSY SET (APOLLONIA ND4)L&R,"ASM-Pacific,Phoenix",4,0,,0.0,0.0,0.0,0.0,Dormant
500368424,STA PICKHEAD ASSY SET (ANF) L&R,"ASM-Pacific,Phoenix;ASM-Pacific,Firebird",3,0,,0.0,0.0,0.0,0.0,Dormant
500370864,BOLTED PEDESTAL LOCK SCREW,"ASM-Pacific,Phoenix",3,0,,0.0,0.0,0.0,0.0,Dormant
500370886,BH & OT AIR BEARING PNEU ASSY (F),"ASM-Pacific,Phoenix",3,0,,0.0,0.0,0.0,0.0,Dormant
500370887,BS AIR BEARING PNEU ASSY (F),"ASM-Pacific,Phoenix",3,0,,0.0,0.0,0.0,0.0,Dormant
500370888,SELFCON FAN 220V 14M^3/M 575X1175X250MM,"ASM-Pacific,Phoenix",3,0,,0.0,0.0,0.0,0.0,Dormant
500370948,FRONT PLATFORM OPAL GLASS BANK,"ASM-Pacific,Phoenix",3,0,,0.0,0.0,0.0,0.0,Dormant
500371222,"VACUUM RING PRESS NUT (D6.5,M5,1.15)","ASM-Pacific,Firebird;ASM-Pacific,Phoenix",3,0,,0.0,0.0,0.0,0.0,Dormant
500372127,"(IES) CP,LINE-IN FRONT ADAPTOR ASSY (FB)","ASM-Pacific,Firebird;ASM-Pacific,Phoenix",2,0,,0.0,0.0,0.0,0.0,Dormant
500372793,LED HEADLAMP FLASHLIGHT,"ASM-Pacific,Phoenix;GENERIC",3,0,,0.0,0.0,0.0,0.0,Dormant
500372794,FLASHLIGHTS LED FLASHLIGHT WITH BATTERY,"ASM-Pacific,Phoenix;GENERIC",3,0,,0.0,0.0,0.0,0.0,Dormant
500372796,"PICKUP TOOL, VACUUM, ESD SAFE","ASM-Pacific,Phoenix;GENERIC",3,0,,0.0,0.0,0.0,0.0,Dormant
500374416,(BALDA) THETA ENC ASSY,"ASM-Pacific,Firebird;ASM-Pacific,Phoenix",3,0,,0.0,0.0,0.0,0.0,Dormant
500374417,ROTARY SCALE R3213 WITHOUT HUB 301-00056,"ASM-Pacific,Firebird;ASM-Pacific,Phoenix",3,0,,0.0,0.0,0.0,0.0,Dormant
500374626,"Bearing,608ZZ","iIPIS-500;ASM-Pacific,Firebird",1,1,1.0,0.0,3.0,3.0,3.0,No-history
500374835,BONDER BAR TYPE IONIZER,"ASM-Pacific,Firebird;ASM-Pacific,Phoenix",3,0,,0.0,0.0,0.0,0.0,Dormant
500374836,SOC BUTTON HD SCREW M3X4,"ASM-Pacific,Phoenix",3,0,,0.0,0.0,0.0,0.0,Dormant
500374837,MINIATURE FITTINGS 10-M- 3ALU-4,"ASM-Pacific,Firebird;ASM-Pacific,Phoenix",3,0,,0.0,0.0,0.0,0.0,Dormant
500374889,NUDRIVE-3S BOX(HAVE FUSE),"ASM-Pacific,Firebird",3,0,,0.0,0.0,0.0,0.0,Dormant
500374893,70BHTT ROT ENC EXT.CABLE,"ASM-Pacific,Firebird",3,0,,0.0,0.0,0.0,0.0,Dormant
500376459,Carbon Fiber Plastic Tweezer 117x10mm,Asymtek S922,1,1,1.0,0.0,30.0,30.0,30.0,No-history
500376460,BEW FITTING KQ2U04-06A,"ASM-Pacific,Phoenix",3,0,,0.0,0.0,0.0,0.0,Dormant
500376659,BRAKE ACTIVATOR,APPJ MFM-220,3,0,,0.0,0.0,0.0,0.0,Dormant
500376660,"SOLENIOD VALVE G1/8"" PLASTIC AL",APPJ MFM-220,3,0,,0.0,0.0,0.0,0.0,Dormant
500378153,(WT) V BEARING SHAFT,"ASM-Pacific,Firebird",3,0,,0.0,0.0,0.0,0.0,Dormant
500378204,D-LINK 8-PORT 10/100/1000MBPS SWITCH,"ASM-Pacific,Phoenix",3,0,,0.0,0.0,0.0,0.0,Dormant
500378539,SOLENOID VALVE MHE2-MS1H-5/2-QS-4,APPJ MFM-220,3,0,,0.0,0.0,0.0,0.0,Dormant
500378540,TIMING BELT,APPJ MFM-220,3,0,,0.0,0.0,0.0,0.0,Dormant
500378541,ELMO AMPLIFIER,APPJ MFM-220,3,0,,0.0,0.0,0.0,0.0,Dormant
500379496,SENSOR IMPACT PAD 900A1,"ASM-Pacific,Phoenix",1,1,1.0,0.0,2.0,2.0,2.0,No-history
500380109,"LINAK ACTUATOR,450MM STROKE,4IN PARALLEL",Heller 2017 Formic Acid;Heller FAR;Heller HRF,3,0,,0.0,0.0,0.0,0.0,Dormant
500381179,"COT, DOCKING UNIT, X-SERIES, CPL, R2","ASM-Pacific,Phoenix",3,0,,0.0,0.0,0.0,0.0,Dormant
500381180,OT NB PNEUMATIC MOUNT,"ASM-Pacific,Phoenix",3,0,,0.0,0.0,0.0,0.0,Dormant
500381430,9MM WHITE CARTRIDGE FOR BMP21,GENERIC,3,0,,0.0,0.0,0.0,0.0,Dormant
500385611,NDIIIS CONTROLPOWERMODULE,"ASM-Pacific,Firebird",3,0,,0.0,0.0,0.0,0.0,Dormant
500385613,"NDIIIS CONTROLPOWERMODULE, ND#2-0","ASM-Pacific,Firebird",4,0,,0.0,0.0,0.0,0.0,Dormant
500387828,HEATER WIRE INSULATION SLEEVE,Heller HRF;Heller 2017 Formic Acid;Heller FAR,3,0,,0.0,0.0,0.0,0.0,Dormant
500387829,HEATER WIRE UNCOATED FIBER SLEEVE,Heller 2017 Formic Acid;Heller HRF;Heller FAR,3,0,,0.0,0.0,0.0,0.0,Dormant
500387843,BLACK CABLE CHAIN,APPJ MFM-220,1,0,,0.0,0.0,0.0,0.0,No-history
500390810,"X900,CHILLER","OMRON,3DXRAY,VT-X900",3,0,,0.0,0.0,0.0,0.0,Dormant
500390892,R LCD AND USB HUB PWR CABLE,"ASM-Pacific,Phoenix",3,0,,0.0,0.0,0.0,0.0,Dormant
500390893,FRONT MONITOR PWR CABLE ASSYII,"ASM-Pacific,Phoenix",3,0,,0.0,0.0,0.0,0.0,Dormant
500391825,BH NOZZLE WITH PROBE PIN ASSY,"ASM-Pacific,Phoenix",3,0,,0.0,0.0,0.0,0.0,Dormant
500392477,"40138H,0.4MM,S,U2,8.737X4.837","ASM-Pacific,Phoenix;GENERIC",2,0,,0.0,0.0,0.0,0.0,Dormant
500393125,"40061H,0.4MM,L,U1,31.57X21.12","ASM-Pacific,Phoenix;GENERIC",2,0,,0.0,0.0,0.0,0.0,Dormant
500393459,DPA Z MOVING END COVER (OPTIONAL),"ASM-Pacific,Phoenix",3,0,,0.0,0.0,0.0,0.0,Dormant
500393549,COPPER PASTE FOR APPJ,APPJ MFM-220,3,0,,0.0,0.0,0.0,0.0,Dormant
500394366,DAMPING TAPE GUIDE,"ASM-Pacific,Phoenix",4,0,,0.0,0.0,0.0,0.0,Dormant
500394367,DAMPING TAPE,"ASM-Pacific,Phoenix",3,0,,0.0,0.0,0.0,0.0,Dormant
500394479,"40118H,0.4MM,L,U1,22.057X21.115","ASM-Pacific,Phoenix",1,0,,0.0,0.0,0.0,0.0,No-history
500394480,"40133H,0.4MM,L,U1,22.202X14.21","ASM-Pacific,Phoenix",2,0,,0.0,0.0,0.0,0.0,Dormant
500396010,"PULSE HEATER, DMC, CBS","Generic;ASM-Pacific,Phoenix;ASMP ACW",3,2,1.5,0.08,1.667,2.5045,2.639,Intermittent
500396049,VACUMN PEN PAC-VAC KIT,"ASM-Pacific,Phoenix",3,0,,0.0,0.0,0.0,0.0,Dormant
500396332,86-70002 BRAIDED GROUND WIRE CABLE,"ASM-Pacific,Phoenix",3,0,,0.0,0.0,0.0,0.0,Dormant
500396602,THIN SOC HD CAP SCREW M3X4,"ASM-Pacific,Phoenix;ASM-Pacific,Firebird",3,0,,0.0,0.0,0.0,0.0,Dormant
500396607,ETHERCAT COMMUNICATION MODULE,APPJ MFM-220;GROHMANN MTS-605;Grohmann MTS-600,2,0,,0.0,0.0,0.0,0.0,Dormant
500397501,BEW CLAMP ASSY,"ASM-Pacific,Phoenix",4,0,,0.0,0.0,0.0,0.0,Dormant
500398570,CAMERA LINK CABLE SET FOR DCIIA,"OMRON,3DXRAY,VT-X900",3,0,,0.0,0.0,0.0,0.0,Dormant
500399044,"PHOENIX-UGK,VISION PC ASSEMBLY","ASM-Pacific,Phoenix;ASM,TCB,Y-SHUTTLE",3,0,,0.0,0.0,0.0,0.0,Dormant
500399046,"FRONT,COVER,WINDOW,PHOENIX","ASM-Pacific,Phoenix",1,1,1.0,0.0,1.0,1.0,1.0,No-history
500402198,STA SET UP PEDESTAL ASSY,"ASM-Pacific,Phoenix",1,0,,0.0,0.0,0.0,0.0,No-history
500402199,COM10 FORCE SENSOR EXT CABLE ASSY,Phoenix,1,0,,0.0,0.0,0.0,0.0,No-history
500402202,HEATER CABLE CLAMP - SYMMETRIC,"ASM-Pacific,Phoenix",3,0,,0.0,0.0,0.0,0.0,Dormant
500402203,COOLING BLOCK ASSY FOR DMC - SYM,"ASM-Pacific,Phoenix",3,0,,0.0,0.0,0.0,0.0,Dormant
500402361,SMARTFEEDER 32MM,"ASM-Pacific,Firebird;ASM-Pacific,Phoenix;ASMP ACW;Generic",3,0,,0.0,0.0,0.0,0.0,Dormant
500402406,"40119H,0.4MM,S,U2,10.028X13.193","ASM-Pacific,Phoenix",1,0,,0.0,0.0,0.0,0.0,No-history
500403191,SENSOR HEAD TO CAMERA BOARD CABLE -1000,"ASM-Pacific,Firebird;ASM-Pacific,Phoenix",3,0,,0.0,0.0,0.0,0.0,Dormant
500403583,"PULSE HEATER 2ND SOURCE,DMC,N,PT COAT","ASM-Pacific,Firebird;ASM-Pacific,Phoenix",3,0,,0.0,0.0,0.0,0.0,Dormant
500404211,"50400H,0.4MM,L,U1,31.877X19.396","ASM-Pacific,Phoenix;GENERIC",1,0,,0.0,0.0,0.0,0.0,No-history
500404213,TAR BAY (TB) -STA,"ASM-Pacific,Phoenix",4,0,,0.0,0.0,0.0,0.0,Dormant
500405337,SHIM 0.08MM,"ASM-Pacific,Phoenix",3,0,,0.0,0.0,0.0,0.0,Dormant
500406056,2ND SOURCE HEATER W. SYMM CB,"ASM-Pacific,Phoenix;ASM-Pacific,Firebird",3,0,,0.0,0.0,0.0,0.0,Dormant
500406561,MICROE ALIGNMENT TOOL FOR M2000,"ASM-Pacific,Firebird;ASM-Pacific,Phoenix",3,0,,0.0,0.0,0.0,0.0,Dormant
500406904,AIR FLOW SENSOR 8-15VDC,"Grohmann, MFM-220.2;APPJ MFM-220",4,0,,0.0,0.0,0.0,0.0,Dormant
500407785,STATIC DISSIPATIVE PLASTIC TUBING 90A,"ASM-Pacific,Firebird;ASM-Pacific,Phoenix",3,0,,0.0,0.0,0.0,0.0,Dormant
500409005,110/220V TRANSFORMER BOX,"ASM-Pacific,Phoenix",1,0,,0.0,0.0,0.0,0.0,No-history
500409785,BS PEDESTAL ASSY (SR XCC)77.5X56.5X0.67,"ASM-Pacific,Firebird;ASM-Pacific,Phoenix;Generic",3,0,,0.0,0.0,0.0,0.0,Dormant
500409786,STA PICKHEAD ASSY SET (SR XCC),"Generic;ASM-Pacific,Firebird;ASM-Pacific,Phoenix",3,0,,0.0,0.0,0.0,0.0,Dormant
500410587,RIGHT HEATED PEDESTAL ASSY (FIREBIRD),"ASM-Pacific,Firebird",3,0,,0.0,0.0,0.0,0.0,Dormant
500410590,TEC CONN CABLE ASSY,"ASM-Pacific,Firebird;ASM-Pacific,Phoenix",1,0,,0.0,0.0,0.0,0.0,No-history
500411039,(MFE) MAIN FLUX EXHAUST (CYCLONE CDS),"ASM-Pacific,Phoenix",3,0,,0.0,0.0,0.0,0.0,Dormant
500411040,(MFE) PIPE GUIDE ASSY,"ASM-Pacific,Phoenix",3,0,,0.0,0.0,0.0,0.0,Dormant
500411041,CAH TO MAIN BONDER SPARE CABLE,"ASM-Pacific,Firebird;ASM-Pacific,Phoenix",3,0,,0.0,0.0,0.0,0.0,Dormant
500411042,DIGITAL CAP SENSOR,"ASM-Pacific,Phoenix",3,0,,0.0,0.0,0.0,0.0,Dormant
500411043,AC TB TO ROUTER POWER CABLE,"ASM-Pacific,Phoenix",3,0,,0.0,0.0,0.0,0.0,Dormant
500411044,AC TB TO ROUTER POWER CABLE,"ASM-Pacific,Phoenix",3,0,,0.0,0.0,0.0,0.0,Dormant
500411045,F KVM AND JOY EXT CABLE2,"ASM-Pacific,Phoenix",3,0,,0.0,0.0,0.0,0.0,Dormant
500411048,3/8 INCH BENT PROBES (NON MARKING),TCB_Generic,3,0,,0.0,0.0,0.0,0.0,Dormant
500413024,GRAPHITE GASKET,Heller 2017 Formic Acid;JABIL JAB;Heller HRF;Heller FAR,3,0,,0.0,0.0,0.0,0.0,Dormant
500413025,"EATON 1550VA BBU, 220V, RELAY BD",Heller HRF;Heller FAR;Heller 2017 Formic Acid,3,0,,0.0,0.0,0.0,0.0,Dormant
500413026,"GASKET, TOP LID, BURN BOX",Heller HRF;Heller 2017 Formic Acid;JABIL JAB;Heller FAR,3,0,,0.0,0.0,0.0,0.0,Dormant
500413027,"UNION TEE PUSH, 1/4'' OD, BR",Heller HRF;Heller 2017 Formic Acid;Heller FAR,3,0,,0.0,0.0,0.0,0.0,Dormant
500413028,"UNION TEE, 1/4'' OD LOK, SS",Heller HRF;Heller 2017 Formic Acid;Heller FAR,3,0,,0.0,0.0,0.0,0.0,Dormant
500413029,"1/2"" OD UNION ELBOW",Heller HRF;Heller 2017 Formic Acid;Heller FAR,3,0,,0.0,0.0,0.0,0.0,Dormant
500413030,"UNION TEE, 1/2'' OD LOK, SS",Heller FAR;Heller 2017 Formic Acid;Heller HRF,3,0,,0.0,0.0,0.0,0.0,Dormant
500413032,"SET,NUT AND FERRULES,1/4'',SS",Heller 2017 Formic Acid,3,0,,0.0,0.0,0.0,0.0,Dormant
500413033,PTFE FITTING 1/2 OD ELBOW,Heller 2017 Formic Acid;Heller FAR;Heller HRF,3,0,,0.0,0.0,0.0,0.0,Dormant
500413034,RKI FORMIC CARTRIDGE,Heller FAR;Heller 2017 Formic Acid;JABIL JAB,5,0,,0.0,0.0,0.0,0.0,Dormant
500413035,RKI CO CARTRIDGE,Heller 2017 Formic Acid;Heller HRF;JABIL JAB;Heller FAR,3,0,,0.0,0.0,0.0,0.0,Dormant
500413036,"PRESSURE SWITCH, 10PSI",Heller 2017 Formic Acid;Heller HRF;Heller FAR,3,0,,0.0,0.0,0.0,0.0,Dormant
500413037,"THERMAL WELL, BUBBLER OMEGA",Heller HRF;Heller FAR;Heller 2017 Formic Acid,3,0,,0.0,0.0,0.0,0.0,Dormant
500413038,PRESSURE TRANSDUCER 0-30PSI1/8''NPT316SS,Heller FAR;Heller 2017 Formic Acid;Heller HRF,3,0,,0.0,0.0,0.0,0.0,Dormant
500413039,"SET,NUT AND FERRULES,1/2'',SS",Heller 2017 Formic Acid;Heller HRF;Heller FAR,3,0,,0.0,0.0,0.0,0.0,Dormant
500413040,"MASS FLOW CONTROL,N2, 3/8''OD,0-100 SLPM",Heller HRF;Heller FAR;Heller 2017 Formic Acid,3,0,,0.0,0.0,0.0,0.0,Dormant
500413042,BUBBLER TANK BAND HEATER,Heller FAR;Heller 2017 Formic Acid;Heller HRF,3,0,,0.0,0.0,0.0,0.0,Dormant
500413043,"SCALE, 300 LBS",Heller FAR;Heller HRF;Heller 2017 Formic Acid,3,0,,0.0,0.0,0.0,0.0,Dormant
500413044,"MFC, 1000SLPM",Heller HRF;Heller 2017 Formic Acid;Heller FAR,3,0,,0.0,0.0,0.0,0.0,Dormant
500413045,"FORMIC ACID ANALYZER, 1/4'' MALE VCR",Heller 2017 Formic Acid;Heller HRF,3,0,,0.0,0.0,0.0,0.0,Dormant
500413046,SYSTECH O2 ANALYZER,Heller 2017 Formic Acid;Heller HRF;Heller FAR,5,1,5.0,0.0,0.2,0.95,0.6561,Intermittent
500413047,"FLUID LEVEL SWITCH, 1'' SAE",Heller FAR;Heller HRF;Heller 2017 Formic Acid,3,0,,0.0,0.0,0.0,0.0,Dormant
500413048,"CATALST, ROUND, B4 GRADE",Heller HRF;JABIL JAB;Heller 2017 Formic Acid,3,0,,0.0,0.0,0.0,0.0,Dormant
500413049,"DIFFERENTIAL PRESSURE CONTROLLER, DWYER",Heller FAR;Heller HRF;Heller 2017 Formic Acid,3,0,,0.0,0.0,0.0,0.0,Dormant
500413050,"1/4"" OD UNION ELBOW",Heller FAR;Heller HRF;Heller 2017 Formic Acid,3,0,,0.0,0.0,0.0,0.0,Dormant
500413051,"DESKTOP PC, WIN10 PRO, 15,3-RJ45,5-RS232",Heller HRF;Heller 2017 Formic Acid;Heller FAR,3,0,,0.0,0.0,0.0,0.0,Dormant
500413052,"DIAPHRAGM VALVE, 1/4IN OD LOK, SS",Heller 2017 Formic Acid;Heller HRF;Heller FAR,3,0,,0.0,0.0,0.0,0.0,Dormant
500413053,"THERMOSTAT, NC, 165F(74C)",Heller 2017 Formic Acid;Heller HRF;Heller FAR,3,0,,0.0,0.0,0.0,0.0,Dormant
500413054,"STR PUSH,1/8''NPT X 1/8''OD,BR",Heller 2017 Formic Acid;Heller HRF;Heller FAR,3,0,,0.0,0.0,0.0,0.0,Dormant
500413055,"PORT CONNECTOR,LOK,1/4''OD, SS",Heller HRF;Heller 2017 Formic Acid;Heller FAR,3,0,,0.0,0.0,0.0,0.0,Dormant
500413056,EATON BBU RELAY CARD,Heller FAR;Heller HRF;Heller 2017 Formic Acid,3,0,,0.0,0.0,0.0,0.0,Dormant
500413057,"ELBOW,3/8''LOK X 3/8''FNPT, BR",Heller HRF;Heller FAR;Heller 2017 Formic Acid,3,0,,0.0,0.0,0.0,0.0,Dormant
500413058,"ELBOW, 1/4'' OD LOK X NPT, PTFE",Heller FAR;Heller 2017 Formic Acid;Heller HRF,3,0,,0.0,0.0,0.0,0.0,Dormant
500413059,"STR LOK, 1/4''OD X NPT, PTFE",Heller FAR;Heller 2017 Formic Acid;Heller HRF,3,0,,0.0,0.0,0.0,0.0,Dormant
500413060,"RKI SENSOR, FA, 1/4'' OD",Heller HRF;Heller FAR;Heller 2017 Formic Acid,3,0,,0.0,0.0,0.0,0.0,Dormant
500413061,"RKI SENSOR, CO, 1/4'' OD",Heller 2017 Formic Acid,3,0,,0.0,0.0,0.0,0.0,Dormant
500413062,SAMPLE GAS PUMP,Heller HRF;Heller FAR;Heller 2017 Formic Acid,3,0,,0.0,0.0,0.0,0.0,Dormant
500413063,"RELIEF VALVE, STAVAL RVI05",Heller FAR;Heller HRF;Heller 2017 Formic Acid,3,0,,0.0,0.0,0.0,0.0,Dormant
500413064,"PNEUMATIC VALVE,1/2'' OD,PTFE",Heller FAR;Heller 2017 Formic Acid;Heller HRF,3,0,,0.0,0.0,0.0,0.0,Dormant
500413065,"DIAPHRAGM VALVE, 1/4'' OD, PTFE",Heller HRF;Heller 2017 Formic Acid;Heller FAR,3,0,,0.0,0.0,0.0,0.0,Dormant
500413066,"O RING, SIZE 3-916, EPDM",Heller HRF;Heller FAR;Heller 2017 Formic Acid,3,0,,0.0,0.0,0.0,0.0,Dormant
500413067,"O RING, SIZE 3-908, EPDM",Heller 2017 Formic Acid;Heller FAR;Heller HRF,3,0,,0.0,0.0,0.0,0.0,Dormant
500413068,"STR,3/4''SAE X 1/2''OD LOK,BORED THRU,SS",Heller FAR;Heller HRF;Heller 2017 Formic Acid,3,0,,0.0,0.0,0.0,0.0,Dormant
500413069,"PORT CONNECTOR, 1/2''OD LOK, SS",Heller 2017 Formic Acid;Heller HRF;Heller FAR,3,0,,0.0,0.0,0.0,0.0,Dormant
500413070,"STR, 1/2'' OD LOK X 1/4'' STEM, SS",Heller FAR;Heller 2017 Formic Acid;Heller HRF,3,0,,0.0,0.0,0.0,0.0,Dormant
500413071,"STR, FVCO TO LOK, 1/4'', SS",Heller 2017 Formic Acid;Heller FAR;Heller HRF,3,0,,0.0,0.0,0.0,0.0,Dormant
500413072,"SHUT-OFF VALVE, 1/4''OD PUSH",Heller 2017 Formic Acid;Heller HRF;Heller FAR,3,0,,0.0,0.0,0.0,0.0,Dormant
500413073,"CHECK VALVE,25PSI,1/2'' LOK,SS, EPDM",Heller 2017 Formic Acid;Heller FAR;Heller HRF,3,0,,0.0,0.0,0.0,0.0,Dormant
500413074,"CHECK VALVE,1/3PSI,1/2''LOK,SS, EPDM",Heller FAR;Heller HRF;Heller 2017 Formic Acid,3,0,,0.0,0.0,0.0,0.0,Dormant
500413075,"ELBOW, 1/2'' X 1/4''OD LOK, SS",Heller HRF;Heller FAR;Heller 2017 Formic Acid,3,0,,0.0,0.0,0.0,0.0,Dormant
500413076,"1/4 VCR GASKET, SIDE LOAD, SS",Heller FAR;Heller 2017 Formic Acid;Heller HRF,3,0,,0.0,0.0,0.0,0.0,Dormant
500413077,"CHECK VALVE, 1/3PSI, 1/4'' LOK, SS, EPDM",Heller FAR;Heller HRF;Heller 2017 Formic Acid,3,0,,0.0,0.0,0.0,0.0,Dormant
500413078,"SCALE, 60 LBS",Heller FAR;Heller HRF;Heller 2017 Formic Acid,3,0,,0.0,0.0,0.0,0.0,Dormant
500413079,"STR, 10-32UNF X 1/8"" OD PUSH, BR",Heller 2017 Formic Acid;Heller HRF;Heller FAR,3,0,,0.0,0.0,0.0,0.0,Dormant
500413080,1/2 OD TEFLON TUBING,Heller 2017 Formic Acid;Heller HRF;Heller FAR,3,0,,0.0,0.0,0.0,0.0,Dormant
500413081,"TEFLON HOSE, 1/4 OD, 3/16 ID",Heller FAR;Heller HRF;Heller 2017 Formic Acid,3,0,,0.0,0.0,0.0,0.0,Dormant
500413082,"PFA TUBING, 1/8'' OD",Heller HRF;Heller FAR;Heller 2017 Formic Acid,3,0,,0.0,0.0,0.0,0.0,Dormant
500413083,"ELBOW,1/4'' OD LOK X STEM,SS",Heller HRF;Heller FAR;Heller 2017 Formic Acid,3,0,,0.0,0.0,0.0,0.0,Dormant
500413085,"CARBON FILTER, RKI SENSOR",JABIL JAB;Heller 2017 Formic Acid;Heller FAR;Heller HRF,4,1,4.0,0.0,0.5,1.9,1.458,Intermittent
500413086,"BEADED FITTING, 1/2ID X 3/8NPT, BR",Heller FAR;Heller HRF;Heller 2017 Formic Acid,3,0,,0.0,0.0,0.0,0.0,Dormant
500413087,"LAMP, 11.7EV, MINIRAE",Heller FAR,3,0,,0.0,0.0,0.0,0.0,Dormant
500414898,NYLON STRIP (INPUTSHUTTLE X TABLE),"ASM-Pacific,Phoenix;ASM-Pacific,Firebird",3,0,,0.0,0.0,0.0,0.0,Dormant
500415155,PROTECTIVE TUBE,"ASM-Pacific,Phoenix",3,0,,0.0,0.0,0.0,0.0,Dormant
500417148,SCALE LOCATOR - CARRIAGE,"ASM-Pacific,Phoenix",3,0,,0.0,0.0,0.0,0.0,Dormant
500417149,BS Y SCALE PROTECT TOOL (BASE SUPPORT),"ASM-Pacific,Phoenix",3,0,,0.0,0.0,0.0,0.0,Dormant
500417150,SILENCER AN101-01,"ASM-Pacific,Phoenix",3,0,,0.0,0.0,0.0,0.0,Dormant
500417295,SECONDARY HANDLE (UGK),"ASM-Pacific,Phoenix",3,0,,0.0,0.0,0.0,0.0,Dormant
500419967,OT UPLOOK CAM GLASS & MOUNT (RETAINER),"ASM-Pacific,Phoenix",1,0,,0.0,0.0,0.0,0.0,No-history
500420684,FEEDER UNLOCK DEVICE- 40 WAY,"ASM-Pacific,Phoenix",3,0,,0.0,0.0,0.0,0.0,Dormant
500420685,FEEDER-CONTROLL -UNIT 80MHZ 40 SLOTS,"ASM-Pacific,Phoenix",3,0,,0.0,0.0,0.0,0.0,Dormant
500420782,UPS ASSEMBLY FOR 60-20319 AND 05-02454,"ASM-Pacific,Phoenix",3,0,,0.0,0.0,0.0,0.0,Dormant
500421705,"CAMERA,DIGITAL,INTENSIFIER, NEW","OMRON,3DXRAY,VT-X900",3,0,,0.0,0.0,0.0,0.0,Dormant
500421706,"BOARD,IMAGE,CAPTURE, NEW","OMRON,3DXRAY,VT-X900",3,0,,0.0,0.0,0.0,0.0,Dormant
500421707,"PC, INSPECTION, NEW","OMRON,3DXRAY,VT-X900",3,0,,0.0,0.0,0.0,0.0,Dormant
500423491,KEYBOARD UGK FOR SHUTTLES,"ASM,TCB,Y-SHUTTLE",3,0,,0.0,0.0,0.0,0.0,Dormant
500423492,KEYBOARD UGK FOR PHX,"ASM-Pacific,Phoenix",3,0,,0.0,0.0,0.0,0.0,Dormant
500423493,FRONT HMI KEYBOARD UGK,"ASM-Pacific,Phoenix",3,0,,0.0,0.0,0.0,0.0,Dormant
500423494,REAR HMI KEYBOARD UGK,"ASM-Pacific,Phoenix",3,0,,0.0,0.0,0.0,0.0,Dormant
500425122,"INNER BOX WM,10.77X30SD,SD",BAM_Generic;Heller 2017 Formic Acid;Heller HRF;Heller 2017 MK III;Heller FAR,1,0,,0.0,0.0,0.0,0.0,No-history
500425123,"DIFFUSER INNER WM, 10.77X30 SD",Heller HRF;Heller FAR;Heller 2017 MK III;BAM_Generic;Heller 2017 Formic Acid,3,0,,0.0,0.0,0.0,0.0,Dormant
500425124,"DIFFUSER OUTTER WM, 10.77X30 SD",Heller HRF;BAM_Generic;Heller 2017 MK III;Heller 2017 Formic Acid,2,0,,0.0,0.0,0.0,0.0,Dormant
500426305,PLASMA HEAD UNIT WITHOUT RD1004S,APPJ MFM-220;Generic,4,0,,0.0,0.0,0.0,0.0,Dormant
500426460,"BANK,NOZZLE,BS,40X30","ASM-Pacific,Firebird;ASM-Pacific,Phoenix",2,0,,0.0,0.0,0.0,0.0,Dormant
500427305,"TCB IR TARGET,SIC140","ASM-Pacific,Phoenix;ASM-Pacific,Firebird",3,1,3.0,0.0,0.333,0.3167,0.1,Intermittent
500427420,"50494,L,1MM,28.389X22.317,REV3","ASM-Pacific,Firebird;Generic;ASM-Pacific,Phoenix",4,0,,0.0,0.0,0.0,0.0,Dormant
500428197,"FLAT GASKET,ORANGE",Heller FAR;Heller 2017 Formic Acid,3,0,,0.0,0.0,0.0,0.0,Dormant
500429302,"50515,L,1 MM,20.097X20.362","ASM-Pacific,Firebird;Generic;ASM-Pacific,Phoenix",3,0,,0.0,0.0,0.0,0.0,Dormant
500429470,FLUX EXHAUST SUPPLY AIR FLOW SWITCH UGK,"ASM-Pacific,Phoenix;ASM-Pacific,Firebird",3,0,,0.0,0.0,0.0,0.0,Dormant
500430291,"LIGHTING,PANEL,FOV,30X60,WITH,SLOT","ASM-Pacific,Phoenix",3,0,,0.0,0.0,0.0,0.0,Dormant
500430505,CABLE FOR FLOW SENSOR,APPJ MFM-220,3,0,,0.0,0.0,0.0,0.0,Dormant
500430634,HI TEMP RING TERMINAL,Heller 2017 Formic Acid;Heller VCO;Heller HRF;Heller FAR,1,0,,0.0,0.0,0.0,0.0,No-history
500431069,LEFT HEATED PEDESTAL ASSY (FIREBIRD),"ASM-Pacific,Firebird",3,0,,0.0,0.0,0.0,0.0,Dormant
500432513,"50536,L,1 MM,19.604X19.709","ASM-Pacific,Firebird;ASM-Pacific,Phoenix;Generic",4,0,,0.0,0.0,0.0,0.0,Dormant
500433108,"GASKET ALTERATION, P-EXTRUSION- TUNNEL",Heller HRF;JABIL JAB;Heller 2017 Formic Acid,3,0,,0.0,0.0,0.0,0.0,Dormant
500433110,DA-60S VACUUM PUMP REBUILD KIT,Heller 2017 Formic Acid;Heller HRF,3,0,,0.0,0.0,0.0,0.0,Dormant
500435315,CAMERA PROTECTIVE COVER,Asymtek S932;Asymtek S2-932,3,1,3.0,0.0,0.333,0.95,0.81,Intermittent
500435509,GATE(PLATE),Heller 2017 Formic Acid;Heller FAR;Heller HRF,3,0,,0.0,0.0,0.0,0.0,Dormant
500462479,(DPA)LIGHT SHIELD  DIE BOND-8,"ASM-Pacific,Phoenix;ASM-Pacific,Firebird",3,0,,0.0,0.0,0.0,0.0,Dormant
500462481,LBS TC CABLE ASSY,"ASM-Pacific,Phoenix;ASM-Pacific,Firebird",3,0,,0.0,0.0,0.0,0.0,Dormant
500462483,RBS TC CABLE ASSY,"ASM-Pacific,Phoenix;ASM-Pacific,Firebird",3,0,,0.0,0.0,0.0,0.0,Dormant
500610218,BANK 1 WITH KINEMATICS ASSY (28X19 1MM),"ASM-Pacific,Firebird;ASM-Pacific,Phoenix",3,0,,0.0,0.0,0.0,0.0,Dormant
500610221,BANK 2 WITH KINEMATICS ASSY (28X19 1MM),"ASM-Pacific,Firebird;ASM-Pacific,Phoenix",4,1,4.0,0.0,0.25,0.95,0.729,Intermittent
500610222,BANK 3 WITH KINEMATICS ASSY (28X19 1MM),"ASM-Pacific,Firebird;ASM-Pacific,Phoenix",3,0,,0.0,0.0,0.0,0.0,Dormant
500610223,BANK 1 WITH KINEMATICS ASSY (34X24 1MM),"ASM-Pacific,Firebird;ASM-Pacific,Phoenix",3,0,,0.0,0.0,0.0,0.0,Dormant
500610224,BANK 2 WITH KINEMATICS ASSY (34X24 1MM),"ASM-Pacific,Phoenix;ASM-Pacific,Firebird",3,0,,0.0,0.0,0.0,0.0,Dormant
500610226,BANK 3 WITH KINEMATICS ASSY (40X30 1MM),"ASM-Pacific,Phoenix;ASM-Pacific,Firebird",3,0,,0.0,0.0,0.0,0.0,Dormant
500682248,CLEAN ONE-TOUCH CONNECTOR:KPQL08-01,"ASM-Pacific,Firebird;ASM-Pacific,Phoenix",1,0,,0.0,0.0,0.0,0.0,No-history
500682256,"DL OPTICS MOUNT L EXT (PHX,SLOT)","ASM-Pacific,Phoenix",4,1,4.0,0.0,1.75,6.65,5.103,Intermittent
500682257,"DL OPTICS MOUNT R EXT (PHX,SLOT)","ASM-Pacific,Phoenix",4,1,4.0,0.0,1.75,6.65,5.103,Intermittent
500682346,INSOR SENSOR 24VDC W ROUND CONNECTOR,APPJ MFM-220,3,0,,0.0,0.0,0.0,0.0,Dormant
500682347,AL 6061 FIXTURE -20-105C FOR IR SENSOR,"ASM-Pacific,Phoenix",3,0,,0.0,0.0,0.0,0.0,Dormant
500682349,IR SENSOR CS-MINI KIT,"ASM-Pacific,Phoenix",3,0,,0.0,0.0,0.0,0.0,Dormant
500682686,(BH) TIP TILT ROT X FULL ASSY,"ASM-Pacific,Firebird",3,0,,0.0,0.0,0.0,0.0,Dormant
500682687,(BH) TIP TILT ROT X AUX FULL ASSY,"ASM-Pacific,Firebird",3,0,,0.0,0.0,0.0,0.0,Dormant
500682688,(BH) TIP TILT ROT Y FULL ASSY,"ASM-Pacific,Firebird",3,0,,0.0,0.0,0.0,0.0,Dormant
500682689,(BH) TIP TILT ROT Y AUX FULL ASSY,"ASM-Pacific,Firebird",3,0,,0.0,0.0,0.0,0.0,Dormant
500682792,"EXHAUST GAS HOSE F20MM, 7.0METERS",APPJ MFM-220,3,0,,0.0,0.0,0.0,0.0,Dormant
500682793,"EXHASUT GAS HOSE F32MM, 7.0METERS",APPJ MFM-220,2,0,,0.0,0.0,0.0,0.0,Dormant
500683239,(MFE) OD12 PIPE UNION,"ASM-Pacific,Phoenix;ASM-Pacific,Firebird",3,0,,0.0,0.0,0.0,0.0,Dormant
500683240,(IES)FLUX EXHAUST MANIFOLD ON MID BAR,"ASM-Pacific,Firebird;ASM-Pacific,Phoenix",3,0,,0.0,0.0,0.0,0.0,Dormant
500683241,POLYURETHANE TUBE TU1208C-20,"ASM-Pacific,Phoenix;ASM-Pacific,Firebird",3,0,,0.0,0.0,0.0,0.0,Dormant
500683242,HEX.SOC.HD.MALE CONNECTOR,"ASM-Pacific,Phoenix;ASM-Pacific,Firebird",3,0,,0.0,0.0,0.0,0.0,Dormant
500683305,"ASSY, 30A CM POWER MANAGER C30","NordsonAsymtek,Vantage;Asymtek S2-932;Generic",3,0,,0.0,0.0,0.0,0.0,Dormant
500684686,INDUSTRIES MINI KEYBOARD,"ASM-Pacific,Phoenix",2,0,,0.0,0.0,0.0,0.0,Dormant
500684687,SILICONE KEYBOARD PROTECTOR,"ASM-Pacific,Phoenix",3,0,,0.0,0.0,0.0,0.0,Dormant
500686527,(BS-L)HEATED PEDESTAL VAC SNR 1(L),"ASM-Pacific,Firebird",1,0,,0.0,0.0,0.0,0.0,No-history
500686941,O-RING,APPJ MFM-220,4,1,4.0,0.0,0.25,0.95,0.729,Intermittent
500686954,FABRICATE INTERPOLATOR BRACKET,"ASM-Pacific,Firebird;ASM-Pacific,Phoenix",3,0,,0.0,0.0,0.0,0.0,Dormant
500687333,COT SAFETY SWITCH,"ASM-Pacific,Phoenix",3,0,,0.0,0.0,0.0,0.0,Dormant
500688142,SOFT POLYURETHANE TUBING TUS0604B-20,"ASM-Pacific,Firebird;ASM-Pacific,Phoenix",4,0,,0.0,0.0,0.0,0.0,Dormant
500688305,PEDESTAL VACUUM CHECK JIG,"ASM-Pacific,Firebird;ASM-Pacific,Phoenix",3,0,,0.0,0.0,0.0,0.0,Dormant
500688559,16-CHANNEL DIG. INPUT TERMINAL 24V DC,"GENERIC;PLASMATREAT, APPJ_PTU1612",3,0,,0.0,0.0,0.0,0.0,Dormant
500688560,"4CH,ANALOG,OUTPUT,TERMINAL,0..10 V","PLASMATREAT, APPJ_PTU1612;GENERIC",4,0,,0.0,0.0,0.0,0.0,Dormant
500688561,"ETHERCAT,COUPLER FOR,E-BUS,TERMINALS","PLASMATREAT, APPJ_PTU1612;GENERIC",4,0,,0.0,0.0,0.0,0.0,Dormant
500688562,PS TERMINAL FOR E-BUS REFRESHMENT,"GENERIC;PLASMATREAT, APPJ_PTU1612",3,0,,0.0,0.0,0.0,0.0,Dormant
500688563,"16-CHANNEL,DIG,OUTPUT,TERMINAL,24V,DC","PLASMATREAT, APPJ_PTU1612;GENERIC",3,0,,0.0,0.0,0.0,0.0,Dormant
500688564,"PROFINET,RT,CONTROLLER,TERMINAL,MASTER","PLASMATREAT, APPJ_PTU1612;GENERIC",4,0,,0.0,0.0,0.0,0.0,Dormant
500688565,"CAN,OPEN,MASTER,TERMINAL","GENERIC;PLASMATREAT, APPJ_PTU1612",4,0,,0.0,0.0,0.0,0.0,Dormant
500688566,"AS2022-0H10,STEPPER,MOTOR,24/50VDC","GENERIC;PLASMATREAT, APPJ_PTU1612",3,0,,0.0,0.0,0.0,0.0,Dormant
500688567,"COMPACT,INDUSTRIAL,-PC 2,8 GHZ,2CORES","PLASMATREAT, APPJ_PTU1612;GENERIC",3,0,,0.0,0.0,0.0,0.0,Dormant
500688568,"DAE10,MAINTENANCE,UNIT,COMPLETE","GENERIC;PLASMATREAT, APPJ_PTU1612",3,0,,0.0,0.0,0.0,0.0,Dormant
500688569,"EDGE,BELT,CONVEYOR,RAIL,KIT,2,DRIVE","GENERIC;PLASMATREAT, APPJ_PTU1612",3,0,,0.0,0.0,0.0,0.0,Dormant
500688570,PLASMATREAT GANTRY,"GENERIC;PLASMATREAT, APPJ_PTU1612",3,0,,0.0,0.0,0.0,0.0,Dormant
500688571,"MACHINE,LIGHT,MSAL,90,SIP68,ALUMINIUM","GENERIC;PLASMATREAT, APPJ_PTU1612",3,0,,0.0,0.0,0.0,0.0,Dormant
500688572,"ENERGY CHAIN, LENGTH = 644MM","GENERIC;PLASMATREAT, APPJ_PTU1612",3,0,,0.0,0.0,0.0,0.0,Dormant
500688577,"EXPANSION,UNIT,(CV-X400,XG-X),CA-DC40E","GENERIC;PLASMATREAT, APPJ_PTU1612",3,0,,0.0,0.0,0.0,0.0,Dormant
500688578,"LED,LIGHTING,ROD,TYPE,WHITE,CA-DBW24W","GENERIC;PLASMATREAT, APPJ_PTU1612",3,0,,0.0,0.0,0.0,0.0,Dormant
500688579,"PTF15672-1,BRACKET,FLOW,SENSOR,PA6,BLK","PLASMATREAT, APPJ_PTU1612;GENERIC",3,0,,0.0,0.0,0.0,0.0,Dormant
500688580,"SD,20,SIDE,CH,BLOWER,400V,FUK,VARIANT","GENERIC;PLASMATREAT, APPJ_PTU1612",3,0,,0.0,0.0,0.0,0.0,Dormant
500688581,"PC,INTERFACE,CABLE,INVEOR(2M/M12)","PLASMATREAT, APPJ_PTU1612;GENERIC",3,0,,0.0,0.0,0.0,0.0,Dormant
500688582,"CONVEYOR,OPT,SENSORS,V20.0","PLASMATREAT, APPJ_PTU1612;GENERIC",4,0,,0.0,0.0,0.0,0.0,Dormant
500688583,"EXHAUST,HOSE,DN40,PUR,L","PLASMATREAT, APPJ_PTU1612;GENERIC",3,0,,0.0,0.0,0.0,0.0,Dormant
500688584,"SDP:,A,6A,3-12DF02508,PULLEY","GENERIC;PLASMATREAT, APPJ_PTU1612",3,0,,0.0,0.0,0.0,0.0,Dormant
500688585,"IDLE,PULLEY,5MM,EB","GENERIC;PLASMATREAT, APPJ_PTU1612",3,0,,0.0,0.0,0.0,0.0,Dormant
500688586,"WEARSTRIP;1.62M,EB,2DR-RH","PLASMATREAT, APPJ_PTU1612;GENERIC",3,0,,0.0,0.0,0.0,0.0,Dormant
500688587,"WEARSTRIP;1.62M,EB,DR-LH","GENERIC;PLASMATREAT, APPJ_PTU1612",3,0,,0.0,0.0,0.0,0.0,Dormant
500688588,"BELT,768XL X .156 X .2 PITCH","PLASMATREAT, APPJ_PTU1612;Generic",2,0,,0.0,0.0,0.0,0.0,Dormant
500688589,"BELT,828XL,X.156X.2,PITCH","PLASMATREAT, APPJ_PTU1612;GENERIC",3,0,,0.0,0.0,0.0,0.0,Dormant
500688590,"BELT,888XL,X.156X.2,PITCH","PLASMATREAT, APPJ_PTU1612;GENERIC",3,0,,0.0,0.0,0.0,0.0,Dormant
500688591,"PTF16139-2,CYLINDRICAL,JETBODY,STAINLESS","PLASMATREAT, APPJ_PTU1612;GENERIC",3,0,,0.0,0.0,0.0,0.0,Dormant
500688592,"GREASE,EP,ADDITIVES,400G,CARTRIDGE","GENERIC;PLASMATREAT, APPJ_PTU1612",3,0,,0.0,0.0,0.0,0.0,Dormant
500688593,"PTF15533-3,PERFORATED,SHEET,FUNNEL,CUT","GENERIC;PLASMATREAT, APPJ_PTU1612",3,0,,0.0,0.0,0.0,0.0,Dormant
500688594,"10PK,FUSE,600V,10X38MM,25A,15A,10A,5A","PLASMATREAT, APPJ_PTU1612;GENERIC",3,0,,0.0,0.0,0.0,0.0,Dormant
500688595,"DIGITAL,FIBER,SENSOR,MAIN,UNIT,(M8TYPE)","PLASMATREAT, APPJ_PTU1612;GENERIC",3,0,,0.0,0.0,0.0,0.0,Dormant
500688596,"SK,EXIT,FILTER,W:116.5XH: 116.5XD:16MM","GENERIC;PLASMATREAT, APPJ_PTU1612",3,0,,0.0,0.0,0.0,0.0,Dormant
500688597,"SENSOR,CABINET,DOOR,MONITOR,ELEC.V20.0","GENERIC;PLASMATREAT, APPJ_PTU1612",3,0,,0.0,0.0,0.0,0.0,Dormant
500688598,"LAMPS,FOR,SERVICE,SPACE,V20.0","PLASMATREAT, APPJ_PTU1612;GENERIC",3,0,,0.0,0.0,0.0,0.0,Dormant
500688599,"RD1004-JETHEAD,DUSTCOVER,V20.0","PLASMATREAT, APPJ_PTU1612;Epoxy_Generic;Generic",3,0,,0.0,0.0,0.0,0.0,Dormant
500688601,"SIGNAL,LIGHT,ELECTRICAL,V20.0","GENERIC;PLASMATREAT, APPJ_PTU1612",3,0,,0.0,0.0,0.0,0.0,Dormant
500688602,"HMI,OPERATIONS,COMPLETE,ELECTR.","GENERIC;PLASMATREAT, APPJ_PTU1612",3,0,,0.0,0.0,0.0,0.0,Dormant
500688603,PCU-M,"GENERIC;PLASMATREAT, APPJ_PTU1612",3,0,,0.0,0.0,0.0,0.0,Dormant
500688604,"STEPPER,MOTOR,TERMINALS,W,FR-50V,DC,5A","GENERIC;PLASMATREAT, APPJ_PTU1612",3,0,,0.0,0.0,0.0,0.0,Dormant
500688605,"SAFETY,SENSOR,BNS,260,LEFT,3O,2S","PLASMATREAT, APPJ_PTU1612;GENERIC",3,0,,0.0,0.0,0.0,0.0,Dormant
500688606,SECURE SAFETY GATE SYSTEM TRANSPONDER,"GENERIC;PLASMATREAT, APPJ_PTU1612",3,0,,0.0,0.0,0.0,0.0,Dormant
500688607,NOZZLE HEAD 11 POTENTIAL FREE MOUNTED,"GENERIC;PLASMATREAT, APPJ_PTU1612",5,3,1.667,0.0,1.2,1.0,0.5258,Intermittent
500688608,"TIMING,BELT,JET,ROTATION","PLASMATREAT, APPJ_PTU1612;GENERIC",4,1,4.0,0.0,0.25,0.95,0.729,Intermittent
500688609,"AIR,ROTATION,W/ISOLATOR,RD1004/PFW10","GENERIC;PLASMATREAT, APPJ_PTU1612",3,0,,0.0,0.0,0.0,0.0,Dormant
500688610,GLASS ROD 184MM DIA 5MM,"PLASMATREAT, APPJ_PTU1612;GENERIC",4,1,4.0,0.0,0.25,0.3167,0.09,Intermittent
500688611,"SMALL CARBON BRUSH RD1004,RD2010","PLASMATREAT, APPJox_PTU1612;Generic;PLASMATREAT, APPJ_PTU1612",4,2,2.0,0.025,2.25,2.3275,0.8869,Intermittent
500688612,NOBLE CARBON BRUSH 6 RD FOR RD1004,"PLASMATREAT, APPJ_PTU1612;GENERIC",5,2,2.5,0.222,1.2,1.7417,1.6414,Intermittent
500688613,"MOTOR,M1004,DC","PLASMATREAT, APPJ_PTU1612;GENERIC",3,0,,0.0,0.0,0.0,0.0,Dormant
500688614,"SAFETY,SENSOR,ACTUATOR,BPS,260-1","GENERIC;PLASMATREAT, APPJ_PTU1612",3,0,,0.0,0.0,0.0,0.0,Dormant
500688615,50 ASPIRATOR HOSE POLY ESD CONDUCTIVE,"PLASMATREAT, APPJ_PTU1612;GENERIC",3,0,,0.0,0.0,0.0,0.0,Dormant
500688616,"AIR,FLOW,SENSOR,FOR,AIR,10M/S","PLASMATREAT, APPJ_PTU1612;GENERIC",4,0,,0.0,0.0,0.0,0.0,Dormant
500688617,"WIDE,RANGE,MODULE/WRS1501","GENERIC;PLASMATREAT, APPJ_PTU1612",3,1,3.0,0.0,0.333,0.95,0.81,Intermittent
500688618,"INDUCTOR,DR-67","PLASMATREAT, APPJ_PTU1612;GENERIC",3,0,,0.0,0.0,0.0,0.0,Dormant
500688619,"SAFETY,SENSOR,BNS,260,RIGHT,3O,2S","PLASMATREAT, APPJ_PTU1612;GENERIC",4,0,,0.0,0.0,0.0,0.0,Dormant
500688620,"FESTO,SPINDLE,AXIS,COMPLETE","PLASMATREAT, APPJ_PTU1612;GENERIC",3,0,,0.0,0.0,0.0,0.0,Dormant
500688621,"FESTO,AXIAL,KIT,EAMM-A-S38-60P","GENERIC;PLASMATREAT, APPJ_PTU1612",3,0,,0.0,0.0,0.0,0.0,Dormant
500688622,"Y-AXIS OF PT-GANTRY, TOOTHED BELT 36 NMY","GENERIC;PLASMATREAT, APPJ_PTU1612",3,0,,0.0,0.0,0.0,0.0,Dormant
500688623,"AXIAL,KIT,EAMM-A-L48-60H","PLASMATREAT, APPJ_PTU1612;GENERIC",3,0,,0.0,0.0,0.0,0.0,Dormant
500688624,"GEAR,BOX,EMGA-60-P-G5-EAS-60","GENERIC;PLASMATREAT, APPJ_PTU1612",3,0,,0.0,0.0,0.0,0.0,Dormant
500688625,DC SERVOMOTOR 310W,"GENERIC;PLASMATREAT, APPJ_PTU1612",3,0,,0.0,0.0,0.0,0.0,Dormant
500688626,"SHOCK,ABSORBER,RETAINER,KYE-80","GENERIC;PLASMATREAT, APPJ_PTU1612",3,0,,0.0,0.0,0.0,0.0,Dormant
500688627,"X-AXIS OF PT-GANTRY, TOOTHED BELT 36 NM","PLASMATREAT, APPJ_PTU1612;GENERIC",3,0,,0.0,0.0,0.0,0.0,Dormant
500688628,"PROX,SWITCH,SIES-8M-PO-24V-K-0,3-M8D","GENERIC;PLASMATREAT, APPJ_PTU1612",3,0,,0.0,0.0,0.0,0.0,Dormant
500688629,SERVO DRIVE 600W,"GENERIC;PLASMATREAT, APPJ_PTU1612",3,0,,0.0,0.0,0.0,0.0,Dormant
500688630,"ROTATION,PULLEY,FOR,MOTOR","PLASMATREAT, APPJ_PTU1612;GENERIC",3,0,,0.0,0.0,0.0,0.0,Dormant
500688631,"6X14,CLAMPING,SET,4ROTATION,STAINLESS","GENERIC;PLASMATREAT, APPJ_PTU1612",3,0,,0.0,0.0,0.0,0.0,Dormant
500688632,"O-SEAL,29.0X3.00/RED,O-RING","GENERIC;PLASMATREAT, APPJ_PTU1612",3,0,,0.0,0.0,0.0,0.0,Dormant
500688633,SK FILTER FAN 55M/24V,"GENERIC;PLASMATREAT, APPJ_PTU1612",3,0,,0.0,0.0,0.0,0.0,Dormant
500688634,"SK,EXIT,FILTER,W:148.5XH:148.5XD:24MM","PLASMATREAT, APPJ_PTU1612;GENERIC",3,0,,0.0,0.0,0.0,0.0,Dormant
500688635,FILTER FAN 20 M/H 24V DC,"GENERIC;PLASMATREAT, APPJ_PTU1612",3,0,,0.0,0.0,0.0,0.0,Dormant
500688636,"ROTATION,CONNECTOR,PIN","PLASMATREAT, APPJ_PTU1612;GENERIC",3,0,,0.0,0.0,0.0,0.0,Dormant
500688637,SST ROTATION ROTOR / 53,"GENERIC;PLASMATREAT, APPJ_PTU1612",5,2,2.5,0.222,0.6,1.6409,1.4005,Intermittent
500688835,"FEP TUBE, TH0604, OD 6MM, ID 4MM","ASM-Pacific,Firebird;ASM-Pacific,Phoenix",3,0,,0.0,0.0,0.0,0.0,Dormant
500690365,IN-HOUSE AIR TANK (33-40014) (PP),"ASM-Pacific,Phoenix",1,0,,0.0,0.0,0.0,0.0,No-history
500691593,MICROMETER LOCK MITUTOYO DJ220,Asymtek S932;Asymtek S2-932,2,1,2.0,0.0,1.5,2.85,2.7,Intermittent
500693654,DIE VACUUM SENSOR ASSY,"ASM-Pacific,Firebird",3,1,3.0,0.0,0.667,0.6333,0.2,Intermittent
500694609,HIGH TEMP WIRE,Heller 2017 Formic Acid;Heller FAR;Heller HRF,3,0,,0.0,0.0,0.0,0.0,Dormant
500694610,N2/AIR HOSE OR PIPE,Heller 2017 Formic Acid;Heller HRF;Heller FAR,3,0,,0.0,0.0,0.0,0.0,Dormant
500694611,Interlock Switch,Heller FAR;Heller 2017 Formic Acid;Heller HRF,3,0,,0.0,0.0,0.0,0.0,Dormant
500695338,"INSERT,18X36 DISPENSE CARD HOLDER","Generic;NordsonAsymtek,Vantage",3,0,,0.0,0.0,0.0,0.0,Dormant
500695665,"ESR,GUIDE,TUBE,BULK FEED",Asymtek S932;Asymtek S2-932,3,0,,0.0,0.0,0.0,0.0,Dormant
500696223,I/P SHUT OT MODULE CABLE&MOUNTING,"ASM,TCB,Y-SHUTTLE",3,0,,0.0,0.0,0.0,0.0,Dormant
500697609,PEDESTAL JIG CLAMP,"ASM-Pacific,Firebird;ASM-Pacific,Phoenix",3,0,,0.0,0.0,0.0,0.0,Dormant
500699047,LOW HEAD CAP SCREW M3 X 6,APPJ MFM-220,3,0,,0.0,0.0,0.0,0.0,Dormant
500699048,SET SCREW M4X10,APPJ MFM-220,3,0,,0.0,0.0,0.0,0.0,Dormant
500699255,PLASMA Z-MOTOR ENCODER CABLE,APPJ MFM-220,3,0,,0.0,0.0,0.0,0.0,Dormant
500699332,CONTROLLER 4XDUAL DRIVE / 0XHV DRIVE,GENERIC;KnS TCX3,3,0,,0.0,0.0,0.0,0.0,Dormant
500699333,"SMART,SENSOR,BOARD",KnS TCX3;GENERIC,6,0,,0.0,0.0,0.0,0.0,Dormant
500699334,"SINGLE,GLASSDIE,5X5",KnS TCX3;GENERIC,4,0,,0.0,0.0,0.0,0.0,Dormant
500699335,"SINGLE,GLASSDIE,15X15",KnS TCX3;GENERIC,4,0,,0.0,0.0,0.0,0.0,Dormant
500699336,"SINGLE,GLASSDIE,25X25",KnS TCX3;GENERIC,6,0,,0.0,0.0,0.0,0.0,Dormant
500699337,"SINGLE,GLASSDIE,35X35",KnS TCX3;GENERIC,3,0,,0.0,0.0,0.0,0.0,Dormant
500699341,CBL_DISTRIB_SOL,KnS TCX3;GENERIC,6,0,,0.0,0.0,0.0,0.0,Dormant
500699342,"ETHERCAT,SLAVE,BASEBOARD",GENERIC;KnS TCX3,6,0,,0.0,0.0,0.0,0.0,Dormant
500699343,"ETHERCAT,SLAVE,BASEBOARD",KnS TCX3;GENERIC,6,0,,0.0,0.0,0.0,0.0,Dormant
500699344,"ETHERCAT,SLAVE,I/OBOARD",KnS TCX3;GENERIC,3,0,,0.0,0.0,0.0,0.0,Dormant
500699345,TCX3 BONDHEAD HEATER POWER SUPPLY,GENERIC;KnS TCX3,5,0,,0.0,0.0,0.0,0.0,Dormant
500699346,TCX3 INDEXER HEATER POWER SUPPLY,GENERIC;KnS TCX3,6,0,,0.0,0.0,0.0,0.0,Dormant
500699347,CBL_DIST_THETA_ENC,KnS TCX3;GENERIC,3,0,,0.0,0.0,0.0,0.0,Dormant
500699348,CBL_DIST_THETA_ENC,GENERIC;KnS TCX3,6,0,,0.0,0.0,0.0,0.0,Dormant
500699349,CBL_TOOL_PRES_SENS,GENERIC;KnS TCX3,6,0,,0.0,0.0,0.0,0.0,Dormant
500699350,CBL_TOOL_FLOW_SENS,KnS TCX3;GENERIC,5,1,5.0,0.0,0.2,0.3167,0.081,Intermittent
500699354,ASSY WATER LEAKAGE DETECTION BOARD,KnS TCX3;GENERIC,6,0,,0.0,0.0,0.0,0.0,Dormant
500699357,ASSY EMO BOARD,KnS TCX3;GENERIC,3,0,,0.0,0.0,0.0,0.0,Dormant
500699358,"I2C,SPLITTERBOARD",GENERIC;KnS TCX3,6,0,,0.0,0.0,0.0,0.0,Dormant
500699359,SMART_KVM_USB_HUB_BRD,KnS TCX3;GENERIC,3,0,,0.0,0.0,0.0,0.0,Dormant
500699360,"ASSY,RTD,SENSORBOARD",KnS TCX3;GENERIC,3,0,,0.0,0.0,0.0,0.0,Dormant
500699361,"ASSY,RTD,SENSORBOARD",KnS TCX3;GENERIC,3,0,,0.0,0.0,0.0,0.0,Dormant
500699363,"GALVANICALLY,ISOLATED,RTD,FILTERBOARD",GENERIC;KnS TCX3,3,0,,0.0,0.0,0.0,0.0,Dormant
500699364,"FILTER,ASSEMBLY,DIE",GENERIC;KnS TCX3,7,2,3.5,0.0,0.571,1.9,1.181,Intermittent
500699366,CBL_JUMPER_EXT,GENERIC;KnS TCX3,7,0,,0.0,0.0,0.0,0.0,Dormant
500699367,CBL_Y_ENCODER_ASSY,KnS TCX3;GENERIC,3,0,,0.0,0.0,0.0,0.0,Dormant
500699368,CBL_X_ENC_ASSY,KnS TCX3;GENERIC,3,0,,0.0,0.0,0.0,0.0,Dormant
500699369,CBL_MTR_BRK_ASSY,KnS TCX3;GENERIC,6,0,,0.0,0.0,0.0,0.0,Dormant
500699370,CBL_CYL_ASSY,GENERIC;KnS TCX3,6,0,,0.0,0.0,0.0,0.0,Dormant
500699371,CBL_CLMP_CYL_ASSY,GENERIC;KnS TCX3,6,0,,0.0,0.0,0.0,0.0,Dormant
500699372,CBL_TUBE_EXT,KnS TCX3;GENERIC,6,0,,0.0,0.0,0.0,0.0,Dormant
500699374,"O2ANALYZER,MODULE,ASSEMBLY",GENERIC;KnS TCX3,3,1,3.0,0.0,0.333,0.95,0.81,Intermittent
500699375,"CLAMP_CBL_ADJ_NMTBLE_.69,BUNDLE,DIA",GENERIC;KnS TCX3,7,0,,0.0,0.0,0.0,0.0,Dormant
500699376,ETHERCAT 6 PORT JUNCTION,GENERIC;KnS TCX3,3,0,,0.0,0.0,0.0,0.0,Dormant
500699377,STEPPERMOTOR,KnS TCX3;GENERIC,3,0,,0.0,0.0,0.0,0.0,Dormant
500699378,"STEPPERMOTOR,55.5MM",KnS TCX3;GENERIC,3,0,,0.0,0.0,0.0,0.0,Dormant
500699379,"STEPPERMOTOR,36MM,REARSHAFT,L=8",GENERIC;KnS TCX3,3,0,,0.0,0.0,0.0,0.0,Dormant
500699380,FLEXI SOFT ANALOG INPUT MODULE,GENERIC;KnS TCX3,5,0,,0.0,0.0,0.0,0.0,Dormant
500699381,"READHEAD,MINIATURE_BORE,DIA=6.35",GENERIC;KnS TCX3,3,0,,0.0,0.0,0.0,0.0,Dormant
500699382,"READHEAD,MINIATURE_BORE,DIA=5",GENERIC;KnS TCX3,3,0,,0.0,0.0,0.0,0.0,Dormant
500699383,MOTOR-ENCODER-PULLEY ASSY,GENERIC;KnS TCX3,6,0,,0.0,0.0,0.0,0.0,Dormant
500699384,"AIRFILTER,LOWPRESSURE,DROP,MINI,PLEA",KnS TCX3;GENERIC,6,3,2.0,0.0,1.0,0.9548,0.5112,Intermittent
500699385,"AIRFILTER,ELECTROSTATIC,PANEL,REUSABLE",KnS TCX3;GENERIC,5,1,5.0,0.0,0.2,0.475,0.0729,Intermittent
500699386,"FILTER,HEAVYDUTY,REUSABLEMETAL,12X24X1",KnS TCX3;GENERIC,5,1,5.0,0.0,0.2,0.475,0.0729,Intermittent
500699387,"KIT,GASKET,SCREW,ASSY",GENERIC;KnS TCX3,7,0,,0.0,0.0,0.0,0.0,Dormant
500699388,PCB NY4120 DUAL DRIVE SLOWER GATE,KnS TCX3;GENERIC,5,0,,0.0,0.0,0.0,0.0,Dormant
500699389,"PROPORTIONAL,PRESSURE,CONTROL,VALVE",KnS TCX3;GENERIC,6,0,,0.0,0.0,0.0,0.0,Dormant
500699390,"CDA,REGULATOR,FILTER",KnS TCX3;GENERIC,4,0,,0.0,0.0,0.0,0.0,Dormant
500699391,"N2,REGULATOR,FILTER",GENERIC;KnS TCX3,4,0,,0.0,0.0,0.0,0.0,Dormant
500699392,"FILTER,IN-LINE,AIR,20L/MIN,6MM",KnS TCX3;GENERIC,5,0,,0.0,0.0,0.0,0.0,Dormant
500699393,FILTER_VACUUM,KnS TCX3;GENERIC,4,0,,0.0,0.0,0.0,0.0,Dormant
500699394,"FILTER,ELEMENT,FG,HYDRAULIC,FILTER",GENERIC;KnS TCX3,4,1,4.0,0.0,0.25,0.95,0.729,Intermittent
500699395,"CLEAN,GAS,FILTER,REPLACEMENT,ELEMENT",KnS TCX3;GENERIC,5,0,,0.0,0.0,0.0,0.0,Dormant
500699396,"COUPLING,IN-LINE,0.25IN",GENERIC;KnS TCX3,7,0,,0.0,0.0,0.0,0.0,Dormant
500699397,"FTG_MALE,ELBOW_M5X0.8X6MMOD",GENERIC;KnS TCX3,4,0,,0.0,0.0,0.0,0.0,Dormant
500699398,"INSERTBUSH,6X4MM,TUBING,SIZE",GENERIC;KnS TCX3,3,0,,0.0,0.0,0.0,0.0,Dormant
500699399,"INSERTBUSH,NUT,6X4MM,TUBING,SIZE",GENERIC;KnS TCX3,4,0,,0.0,0.0,0.0,0.0,Dormant
500699400,"VALVE_ SOL_ 24VDC 3/2_ 1/8,PORT,EXTPILOT",KnS TCX3;GENERIC,3,0,,0.0,0.0,0.0,0.0,Dormant
500699401,VALVE DIRECTIONAL CONTROL N.C.,KnS TCX3;GENERIC,3,0,,0.0,0.0,0.0,0.0,Dormant
500699402,VALVE DIRECTIONAL CONTROL N.O.,GENERIC;KnS TCX3,3,0,,0.0,0.0,0.0,0.0,Dormant
500699403,"VALVE_ SOL_ 24VDC_ 5PORT_ M5,BODY,PORTED",GENERIC;KnS TCX3,3,0,,0.0,0.0,0.0,0.0,Dormant
500699404,SOLENOIDVALVE,KnS TCX3;GENERIC,3,0,,0.0,0.0,0.0,0.0,Dormant
500699405,"VALVE,3/2NC,24V,VAC8.2BAR,M3",GENERIC;KnS TCX3,3,0,,0.0,0.0,0.0,0.0,Dormant
500699406,"SOLENOIDVALVE,3PORT,DIRECT,OPERATED",KnS TCX3;GENERIC,3,0,,0.0,0.0,0.0,0.0,Dormant
500699407,"SOLENOID,VALVE, PRECISER, NO",KnS TCX3;GENERIC,3,0,,0.0,0.0,0.0,0.0,Dormant
500699408,"SOLENOID,VALVE, PRECISER, NC",KnS TCX3;GENERIC,3,0,,0.0,0.0,0.0,0.0,Dormant
500699409,"CYLINDER,DOUBLE,ACTING,BORE10,STROKE15",GENERIC;KnS TCX3,3,0,,0.0,0.0,0.0,0.0,Dormant
500699410,"CYLINDER,DOUBLE ACTING, BORE 10,STROKE4",KnS TCX3;GENERIC,3,0,,0.0,0.0,0.0,0.0,Dormant
500699412,"O-RING,0.254IN,OD,0.07IN,W,EPDM",GENERIC;KnS TCX3,7,0,,0.0,0.0,0.0,0.0,Dormant
500699413,O-RING,KnS TCX3;GENERIC,7,0,,0.0,0.0,0.0,0.0,Dormant
500699414,"O-RING,ID=3,OD=7,SILICON HIGH TEMP",KnS TCX3;GENERIC,7,0,,0.0,0.0,0.0,0.0,Dormant
500699905,DISPOSABLE EARPLUG ACE GEAR AG PHP-1,GENERIC,5,1,5.0,0.0,4.0,9.5,1.458,Intermittent
500699906,EARMUFF ACE GEAR AG-PHP-1A,GENERIC,3,0,,0.0,0.0,0.0,0.0,Dormant
500699962,ASYMTEK CERAMIC TILE,Asymtek S932;Asymtek S2-932,3,0,,0.0,0.0,0.0,0.0,Dormant
500700870,STA PICKHEAD ASSY SET (SLB),TCB_Generic,3,0,,0.0,0.0,0.0,0.0,Dormant
500702084,VALVE COMPL B SERIES,"ASM-Pacific,Phoenix",5,1,5.0,0.0,0.2,1.9,1.458,Intermittent
500702258,SUCTION HANDLE,"ASM-Pacific,Phoenix;ASM-Pacific,Firebird",3,0,,0.0,0.0,0.0,0.0,Dormant
500703131,PULLEY WITH CLAMPING,APPJ MFM-220,3,0,,0.0,0.0,0.0,0.0,Dormant
500705265,BH TC CONN CABLE ASSY,"ASM-Pacific,Phoenix",4,1,4.0,0.0,0.25,0.2375,0.1,Intermittent
500705266,BH TC CONN CABLE ASSY,"ASM-Pacific,Phoenix",3,1,3.0,0.0,0.333,0.3167,0.1,Intermittent
500705267,DFH 24V PWRTRI CABLE1,"ASM-Pacific,Phoenix",3,0,,0.0,0.0,0.0,0.0,Dormant
500706037,(CIE) FONT DOOR ASSY,"ASM-Pacific,Firebird",3,0,,0.0,0.0,0.0,0.0,Dormant
500707206,"PITOT TUBE, STAINLESS STEEL TPL-03-100","GENERIC;PLASMATREAT, APPJ_PTU1612",4,0,,0.0,0.0,0.0,0.0,Dormant
500707207,PVC HOSE 5 X 1.0 MM TRANSPARENT,"GENERIC;PLASMATREAT, APPJ_PTU1612",3,0,,0.0,0.0,0.0,0.0,Dormant
500707208,JUNCTION BOX RD1004 V20.0,"PLASMATREAT, APPJ_PTU1612;GENERIC",3,0,,0.0,0.0,0.0,0.0,Dormant
500707209,EMC CABLE SUSPENSION RD1004,"PLASMATREAT, APPJ_PTU1612;GENERIC",3,0,,0.0,0.0,0.0,0.0,Dormant
500707210,"FERRULE SET 1/8"", 3,17MM","PLASMATREAT, APPJ_PTU1612;GENERIC",3,0,,0.0,0.0,0.0,0.0,Dormant
500707211,ZIP1605 DC 100-400V 10A/AC 100-400V 10A,"PLASMATREAT, APPJ_PTU1612;GENERIC",3,1,3.0,0.0,0.333,0.95,0.81,Intermittent
500707286,COLLET VACUUM SENSOR ASSY,"ASM-Pacific,Firebird",3,0,,0.0,0.0,0.0,0.0,Dormant
500707288,"SATA 3.5"" HARD DISK 2TB","ASM,TCB,Y-SHUTTLE;ASM-Pacific,Phoenix;ASM-Pacific,Firebird",3,0,,0.0,0.0,0.0,0.0,Dormant
500708030,PARKER O-RING 0.563X0.688IN,Asymtek S932,1,1,1.0,0.0,10.0,10.0,10.0,No-history
500709167,FLOW SENSOR SA5000 UL,"PLASMATREAT, APPJ_PTU1612;GENERIC",3,0,,0.0,0.0,0.0,0.0,Dormant
500709286,DIGITAL DIFFERENTIAL PRESSURE TRANSMIT,"GENERIC;PLASMATREAT, APPJ_PTU1612",3,0,,0.0,0.0,0.0,0.0,Dormant
500710188,TRANSPARENT TUBING M6,"ASM-Pacific,Firebird;ASM-Pacific,Phoenix;ASM,TCB,Y-SHUTTLE",3,0,,0.0,0.0,0.0,0.0,Dormant
500710516,M6 ONE TOUCH FITTING STRAIGHT,Asymtek S932;Asymtek S2-932;Asymtek S922,3,1,3.0,0.0,16.667,23.75,4.5,Intermittent
500710517,PHILIP (+) HEAD SCREW M3 X 8,Asymtek S2-932;Asymtek S932;Asymtek S922,3,0,,0.0,0.0,0.0,0.0,Dormant
500712542,"TCB BOND TOOL 33.00MM,SISIC 501,22.12X20",GENERIC,3,0,,0.0,0.0,0.0,0.0,Dormant
500712543,"TCB BOND TOOL 33.00MM,SISIC 501,10.81X9.",GENERIC,3,0,,0.0,0.0,0.0,0.0,Dormant
500712544,DUPLICATE USE 500803094,GENERIC,3,0,,0.0,0.0,0.0,0.0,Dormant
500712545,"BOND CHUCK,4X1,MATRIX,56.5X100.0X2.05",GENERIC,3,0,,0.0,0.0,0.0,0.0,Dormant
500712546,"PREHEAT PED,4X1,MATRIX,56.5X100.0X2.05",GENERIC,3,0,,0.0,0.0,0.0,0.0,Dormant
500712547,"PREHEAT ACTIVE PRECISOR,4X1,MATRIX",GENERIC,3,0,,0.0,0.0,0.0,0.0,Dormant
500712952,MASTER TAPE 16MM X-FEEDER,"ASM, SIPLACE SX1;TCB_Generic;Generic",1,0,,0.0,0.0,0.0,0.0,No-history
500713610,GLASS_RECAL_SHELF,Generic;KnS TCX3,3,2,1.5,0.08,1.667,1.05,0.399,Intermittent
500713611,RED_FIBER_OPTIC_LED,KnS TCX3;GENERIC,7,0,,0.0,0.0,0.0,0.0,Dormant
500713612,BLUE_FIBER_OPTIC_LED,GENERIC;KnS TCX3,7,0,,0.0,0.0,0.0,0.0,Dormant
500713613,"CAMERAHEAD,5MPIX,W_COOLING",GENERIC;KnS TCX3,3,0,,0.0,0.0,0.0,0.0,Dormant
500713614,CBL_DISTRIB_FLOW_SENS,GENERIC;KnS TCX3,3,0,,0.0,0.0,0.0,0.0,Dormant
500713615,ILLUMINATION_DRIVER_PCB,GENERIC;KnS TCX3,4,0,,0.0,0.0,0.0,0.0,Dormant
500713616,"TRAY_CONTROLLER_POWER_SUPPLY,(TCPS)",GENERIC;KnS TCX3,4,0,,0.0,0.0,0.0,0.0,Dormant
500713617,CBL_PK_FLAT_ILLUM,KnS TCX3;GENERIC,3,0,,0.0,0.0,0.0,0.0,Dormant
500713618,CBL_DIFFUSER_SOL,KnS TCX3;GENERIC,3,0,,0.0,0.0,0.0,0.0,Dormant
500713619,ASSY_PICK_ILLUM_TRIG_BOARD,GENERIC;KnS TCX3,3,0,,0.0,0.0,0.0,0.0,Dormant
500713620,CONFOCAL_ENCODER_INTERFACE_ASSY,KnS TCX3;GENERIC,3,0,,0.0,0.0,0.0,0.0,Dormant
500713621,"ASSY_RTD,AND,TC_SENSOR_BOARD",KnS TCX3;GENERIC,3,0,,0.0,0.0,0.0,0.0,Dormant
500713622,USB_TO_DIFF_BOARD,KnS TCX3;GENERIC,3,0,,0.0,0.0,0.0,0.0,Dormant
500713623,KM_LOCKOUT_CONTROL_BOARD,KnS TCX3;GENERIC,3,0,,0.0,0.0,0.0,0.0,Dormant
500713624,"OBLIQUE_ASSY,FRONT",GENERIC;KnS TCX3,6,0,,0.0,0.0,0.0,0.0,Dormant
500713625,"OBLIQUE_ASSY,REAR",KnS TCX3;GENERIC,6,0,,0.0,0.0,0.0,0.0,Dormant
500713626,"OBLIQUE_ILLUMINATOR_ASSY,UP,LEFT",KnS TCX3;GENERIC,4,0,,0.0,0.0,0.0,0.0,Dormant
500713627,"OBLIQUE_ILLUMINATOR_ASSY,UP,RIGHT",KnS TCX3;GENERIC,4,0,,0.0,0.0,0.0,0.0,Dormant
500713628,"FIBER_ILLUMINATOR_ASSY,RIGHT",GENERIC;KnS TCX3,4,0,,0.0,0.0,0.0,0.0,Dormant
500713629,"FIBER_ILLUMINATOR_ASSY,LEFT",KnS TCX3;GENERIC,4,0,,0.0,0.0,0.0,0.0,Dormant
500713630,"DOWELPIN,DIA5X10,H7,CHAMFERED,SUS",GENERIC;KnS TCX3,3,1,3.0,0.0,1.667,4.75,4.05,Intermittent
500714627,"DIE,VALVE,SENSOR,ASSY,Y,SLIDE,LT",GENERIC;KnS TCX3,3,1,3.0,0.0,0.333,0.95,0.81,Intermittent
500714628,"DIE,VALVE,SENSOR,ASSY,Y,SLIDE,RT",GENERIC;KnS TCX3,4,1,4.0,0.0,0.0,0.0,0.0,Intermittent
500714629,"FLAT,ILLUM,FRU",GENERIC;KnS TCX3,4,0,,0.0,0.0,0.0,0.0,Dormant
500715704,APPJ RADIAL SEAL RING #11053,"Grohmann,MFM-220",3,0,,0.0,0.0,0.0,0.0,Dormant
500716293,TAPE SUPPORT F32 UPI,KnS TCX3;GENERIC,5,1,5.0,0.0,0.4,0.95,0.1458,Intermittent
500716295,TAPE SUPPORT F44 UPI,KnS TCX3;GENERIC,5,0,,0.0,0.0,0.0,0.0,Dormant
500717018,TAPE SUPPORT F56 UPI,KnS TCX3;GENERIC,6,0,,0.0,0.0,0.0,0.0,Dormant
500717398,"THETA,Z,ASSY,RH",KnS TCX3,4,0,,0.0,0.0,0.0,0.0,Dormant
500717474,PLASTIC CABLE CHAIN 1006MM,Delta CTH-Pyramid 2008;APPJ MFM-220,1,1,1.0,0.0,2.0,2.0,2.0,No-history
500717813,"SFFDR,ONLINE,REC,STATION",KnS TCX3,5,0,,0.0,0.0,0.0,0.0,Dormant
500717854,"12U3,RUBBER,TOOL,SHANK",KnS TCX3;GENERIC,6,0,,0.0,0.0,0.0,0.0,Dormant
500717855,"12C3,RUBBER,TOOL,SHANK",KnS TCX3;GENERIC,6,0,,0.0,0.0,0.0,0.0,Dormant
500717856,"6.5MM,FOAM,PICKTOOL,SHANK",GENERIC;KnS TCX3,3,0,,0.0,0.0,0.0,0.0,Dormant
500717857,"9.5MM,FOAM,PICKTOOL,SHANK",GENERIC;KnS TCX3,6,0,,0.0,0.0,0.0,0.0,Dormant
500717858,"15MM,FOAM,PICKTOOL,SHANK",GENERIC;KnS TCX3,6,0,,0.0,0.0,0.0,0.0,Dormant
500717859,"PICK TOOL TIP, FOAM, DIA=6.5MM",KnS TCX3;GENERIC,5,1,5.0,0.0,1.4,1.6625,0.63,Intermittent
500718654,DKN 45/41-8H7-14H7 BELLOW COUPLING,"ASM-Pacific,Phoenix",4,0,,0.0,0.0,0.0,0.0,Dormant
500719780,MOTOR-CABLE M23G15 - 5 MTR.,"GENERIC;PLASMATREAT, APPJ_PTU1612",3,0,,0.0,0.0,0.0,0.0,Dormant
500719781,CONNECTING SHAFT 80-630,"GENERIC;PLASMATREAT, APPJ_PTU1612",3,0,,0.0,0.0,0.0,0.0,Dormant
500719782,MOTOR-CABLE M23G15 - 10 MTR.,"GENERIC;PLASMATREAT, APPJ_PTU1612",3,0,,0.0,0.0,0.0,0.0,Dormant
500719783,MOTOR-CABLE M23G15 - 7.5 MTR.,"PLASMATREAT, APPJ_PTU1612;GENERIC",3,0,,0.0,0.0,0.0,0.0,Dormant
500719784,FLOW SENSOR SA5020 UL,"PLASMATREAT, APPJ_PTU1612;GENERIC",3,0,,0.0,0.0,0.0,0.0,Dormant
500720247,ILUMINATED INDICATOR TITANIUM SIGN M22,"PLASMATREAT, APPJ_PTU1612;GENERIC",3,0,,0.0,0.0,0.0,0.0,Dormant
500720248,FASTENING ADAPTER RMQ TITANIUM M22-A,"PLASMATREAT, APPJ_PTU1612;GENERIC",3,0,,0.0,0.0,0.0,0.0,Dormant
500720249,CONTACT ELEMENT 1 O RMQ TITANIUM M22-K01,"GENERIC;PLASMATREAT, APPJ_PTU1612",3,0,,0.0,0.0,0.0,0.0,Dormant
500720250,CONTACT BASE 1 S M22-K10,"PLASMATREAT, APPJ_PTU1612;GENERIC",3,0,,0.0,0.0,0.0,0.0,Dormant
500720251,EREPLACENCY OFF BUTTON M22-PV RMQ,"PLASMATREAT, APPJ_PTU1612;GENERIC",3,0,,0.0,0.0,0.0,0.0,Dormant
500720252,"LED ELEMENT WHITE, RMQ TITANIUM","GENERIC;PLASMATREAT, APPJ_PTU1612",3,0,,0.0,0.0,0.0,0.0,Dormant
500720253,PRESSURE ILLUMINATION WHEIT M22 DL W,"PLASMATREAT, APPJ_PTU1612;GENERIC",3,0,,0.0,0.0,0.0,0.0,Dormant
500720254,02SQ25 INLAYPLATE BLANK-ALU COLOURED,"PLASMATREAT, APPJ_PTU1612;GENERIC",3,0,,0.0,0.0,0.0,0.0,Dormant
500720255,FRONT ELEMENT FOR INDICATOR LIGHT 1,"GENERIC;PLASMATREAT, APPJ_PTU1612",3,0,,0.0,0.0,0.0,0.0,Dormant
500720256,GUARD-RING (YELLOW) EREPLACENCY SWITCHING,"GENERIC;PLASMATREAT, APPJ_PTU1612",3,0,,0.0,0.0,0.0,0.0,Dormant
500720257,"PNOZ S5 24VDC 2 N/02N/OT, SAFETY RELAY","PLASMATREAT, APPJ_PTU1612;GENERIC",4,0,,0.0,0.0,0.0,0.0,Dormant
500720258,"PNOZ S7 24VDC 4 N/01N/C, SAFETY RELAY","GENERIC;PLASMATREAT, APPJ_PTU1612",3,0,,0.0,0.0,0.0,0.0,Dormant
500720259,"SAFETY SCREW, ROUND HEAD WITH HEXAL","PLASMATREAT, APPJ_PTU1612;GENERIC",3,0,,0.0,0.0,0.0,0.0,Dormant
500720260,M4 SCROLL NUT,"GENERIC;PLASMATREAT, APPJ_PTU1612",3,0,,0.0,0.0,0.0,0.0,Dormant
500720261,"M22-WRS-MS-20, KEY SWITCH SPECIAL","GENERIC;PLASMATREAT, APPJ_PTU1612",3,0,,0.0,0.0,0.0,0.0,Dormant
500720348,CAP SENSOR COOLING PRESS SNR,"ASM-Pacific,Phoenix",3,0,,0.0,0.0,0.0,0.0,Dormant
500720349,OT TABLE COOLING PRESS SNR,"ASM-Pacific,Phoenix",3,0,,0.0,0.0,0.0,0.0,Dormant
500720350,DOWN LOOK COOLING PRESS SNR,"ASM-Pacific,Phoenix",3,0,,0.0,0.0,0.0,0.0,Dormant
500720837,"SMP,BLEND,OptiShield Plus Premix",GENERIC;KnS TCX3,3,0,,0.0,0.0,0.0,0.0,Dormant
500725805,"CUP,SUCTION,BLUE,2MM,SUF2,STA","ASM-Pacific,Firebird;ASM-Pacific,Phoenix",3,0,,0.0,0.0,0.0,0.0,Dormant
500725914,BELLOW PAD,KnS TCX3,1,0,,0.0,0.0,0.0,0.0,No-history
500725915,REPLACEMENT FILTER ELEMENT FOR SMC REG,KnS TCX3,3,0,,0.0,0.0,0.0,0.0,Dormant
500725918,CLEAN AIR FILTER 0.01 MICRON,KnS TCX3,4,0,,0.0,0.0,0.0,0.0,Dormant
500726315,"SCANNER, RFID, USB, VANTAGE","NordsonAsymtek,Vantage;Generic",1,0,,0.0,0.0,0.0,0.0,No-history
500726576,"24"" PC MONITOR","OMRON,3DXRAY,VT-X900",3,0,,0.0,0.0,0.0,0.0,Dormant
500727477,HIGH TEMP GLOVE 390MM,Generic;KnS TCX3;TCB_Generic,3,0,,0.0,0.0,0.0,0.0,Dormant
500727760,RECALIBRATION SINGLE GLASS DIE 15X15,GENERIC;KnS TCX3,5,0,,0.0,0.0,0.0,0.0,Dormant
500727761,RECALIBRATION SINGLE GLASS DIE 25X25,GENERIC;KnS TCX3,4,4,1.0,0.296,3.0,1.6359,1.722,Smooth
500727766,TCX3 POWER SUPPLY UNIT,GENERIC;KnS TCX3,3,1,3.0,0.0,0.333,0.3167,0.1,Intermittent
500727768,CBL_INTERLOCK,GENERIC;KnS TCX3,4,0,,0.0,0.0,0.0,0.0,Dormant
500727770,CBL_INTERLOCK,GENERIC;KnS TCX3,3,0,,0.0,0.0,0.0,0.0,Dormant
500727772,CBL_INTERLOCK,KnS TCX3;GENERIC,3,0,,0.0,0.0,0.0,0.0,Dormant
500727774,CBL_INTERLOCK,GENERIC;KnS TCX3,3,0,,0.0,0.0,0.0,0.0,Dormant
500727776,CBL_INTERLOCK,KnS TCX3;GENERIC,3,0,,0.0,0.0,0.0,0.0,Dormant
500727778,CBL_INTERLOCK,KnS TCX3;GENERIC,3,1,3.0,0.0,0.333,0.3167,0.1,Intermittent
500727780,LEFT N2 RECAL SHELF - FLEX ASSY,KnS TCX3;GENERIC,6,0,,0.0,0.0,0.0,0.0,Dormant
500727782,RIGHT N2 RECAL SHELF - FLEX ASSY,GENERIC;KnS TCX3,3,0,,0.0,0.0,0.0,0.0,Dormant
500727785,PICKER HEAD ASSY RIGHT,GENERIC;KnS TCX3,3,0,,0.0,0.0,0.0,0.0,Dormant
500727789,PICKER HEAD ASSY LEFT,GENERIC;KnS TCX3,3,0,,0.0,0.0,0.0,0.0,Dormant
500727791,PCB NY4110 W EMI GASKET,KnS TCX3;GENERIC,3,0,,0.0,0.0,0.0,0.0,Dormant
500727792,AIR CLEANER UNIT PREFILTER,KnS TCX3;GENERIC,5,0,,0.0,0.0,0.0,0.0,Dormant
500727793,IONIZER REPLACEMENT NEEDLES,GENERIC;KnS TCX3,5,0,,0.0,0.0,0.0,0.0,Dormant
500727794,Y SERVO MOTOR,KnS TCX3;GENERIC,3,0,,0.0,0.0,0.0,0.0,Dormant
500727795,CONVEYOR STEPPER MOTOR,KnS TCX3;GENERIC,3,0,,0.0,0.0,0.0,0.0,Dormant
500727796,TIMING BELT,GENERIC;KnS TCX3,4,0,,0.0,0.0,0.0,0.0,Dormant
500727797,CONVEYOR BELT,GENERIC;KnS TCX3,4,0,,0.0,0.0,0.0,0.0,Dormant
500727798,Cylinder,GENERIC;KnS TCX3,3,0,,0.0,0.0,0.0,0.0,Dormant
500727799,LIMIT SENSOR,KnS TCX3;GENERIC,4,0,,0.0,0.0,0.0,0.0,Dormant
500727800,Interlock,GENERIC;KnS TCX3,4,0,,0.0,0.0,0.0,0.0,Dormant
500727801,FAST FUSE,KnS TCX3;GENERIC,4,0,,0.0,0.0,0.0,0.0,Dormant
500727802,FAST FUSE,GENERIC;KnS TCX3,4,0,,0.0,0.0,0.0,0.0,Dormant
500727803,FAST FUSE,KnS TCX3;GENERIC,4,0,,0.0,0.0,0.0,0.0,Dormant
500728377,PEDESTAL STORAGE CART,GENERIC;KnS TCX3,4,0,,0.0,0.0,0.0,0.0,Dormant
500728378,PEDESTAL PICKUP TOOL,KnS TCX3;GENERIC,3,0,,0.0,0.0,0.0,0.0,Dormant
500728528,"SMP,BLEND,Loctite LB 8150 SV AS known as","PLASMATREAT, APPJ_PTU1612",3,0,,0.0,0.0,0.0,0.0,Dormant
500732027,SCHMALZCONNECTOR_ELEMENT_FOR_SUCTION_CUP,"ASM-Pacific,Firebird;Hirata,Fast2020;Grohmann,MFM-220;ASM-Pacific,Phoenix",1,0,,0.0,0.0,0.0,0.0,No-history
500732150,"SFFDR,ANALYSIS,TOOL",KnS TCX3;GENERIC,4,0,,0.0,0.0,0.0,0.0,Dormant
500732159,"SFFDR,CALIBRATION,TAPE,56MM",KnS TCX3;GENERIC,4,0,,0.0,0.0,0.0,0.0,Dormant
500732160,"SFFDR,CALIBRATION,TAPE,72MM",GENERIC;KnS TCX3,4,0,,0.0,0.0,0.0,0.0,Dormant
500732161,"SFFDR,CALIBRATION,TAPE,88MM",GENERIC;KnS TCX3,4,0,,0.0,0.0,0.0,0.0,Dormant
500732162,"SF,TAPE,SUPP,UPI,72MM",GENERIC;KnS TCX3,4,0,,0.0,0.0,0.0,0.0,Dormant
500732163,"SF,TAPE,SUPP,UPI,88MM",GENERIC;KnS TCX3,4,0,,0.0,0.0,0.0,0.0,Dormant
500732855,TCX3 BONDHEAD CLEANING KIT,KnS TCX3,5,0,,0.0,0.0,0.0,0.0,Dormant
500732856,"SWITCH, PUSHBUTTON 2NO/1NC 250VAC/6A",KnS TCX3,5,0,,0.0,0.0,0.0,0.0,Dormant
500732857,"SWITCH, PUSHBUTTON 3NO 250VAC/5A",KnS TCX3,5,0,,0.0,0.0,0.0,0.0,Dormant
500732858,PCB NY4140 HIGH VOLTAGE DRIVE W SNUBBER,KnS TCX3,4,0,,0.0,0.0,0.0,0.0,Dormant
500733737,OXYGEN SENSOR_TRANSMITTER SAFE AREA,KnS TCX3,3,0,,0.0,0.0,0.0,0.0,Dormant
500737060,"50491,S,1MM,8.524X3.613",GENERIC,4,0,,0.0,0.0,0.0,0.0,Dormant
500737061,"50492,S,1MM,9.81X10.81",GENERIC,4,0,,0.0,0.0,0.0,0.0,Dormant
500737062,"50493,S,1MM,6.796X10.631",GENERIC,4,0,,0.0,0.0,0.0,0.0,Dormant
500737078,"50637,S,1MM,23.192X10.584",GENERIC,4,0,,0.0,0.0,0.0,0.0,Dormant
500737079,"50648,S,1MM,9.932X15.982",GENERIC,4,0,,0.0,0.0,0.0,0.0,Dormant
500737083,"50720,S,1MM,8.935X4.805",GENERIC,4,0,,0.0,0.0,0.0,0.0,Dormant
500737833,CLEAR TUBING 20METER PER ROLL,"ASM-Pacific,Phoenix;ASM-Pacific,Firebird",3,0,,0.0,0.0,0.0,0.0,Dormant
500746083,"THETA Z ASSY, LH",KnS TCX3,5,0,,0.0,0.0,0.0,0.0,Dormant
500746537,"50766,L,1MM,8.931X4.805","GENERIC;ASM-Pacific,Phoenix",4,0,,0.0,0.0,0.0,0.0,Dormant
500747343,"LOWER BONDHEAD, 20MM",KnS TCX3,4,0,,0.0,0.0,0.0,0.0,Dormant
500747344,"LOWER BONDHEAD, 50MM, HVM",KnS TCX3,4,0,,0.0,0.0,0.0,0.0,Dormant
500747358,8MM SF FEEDER SPLICE WITH UPI,KnS TCX3,4,0,,0.0,0.0,0.0,0.0,Dormant
500747359,12MM SF FEEDER SPLICE WITH UPI,KnS TCX3,4,0,,0.0,0.0,0.0,0.0,Dormant
500747360,16MM SF FEEDER SPLICE WITH UPI,KnS TCX3,2,0,,0.0,0.0,0.0,0.0,Dormant
500747361,24MM SF FEEDER SPLICE WITH UPI,KnS TCX3,3,0,,0.0,0.0,0.0,0.0,Dormant
500747362,32MM SF FEEDER SPLICE WITH UPI,KnS TCX3,3,0,,0.0,0.0,0.0,0.0,Dormant
500747364,56MM SF FEEDER SPLICE WITH UPI,KnS TCX3,4,0,,0.0,0.0,0.0,0.0,Dormant
500747365,72MM SF FEEDER SPLICE WITH UPI,KnS TCX3,4,0,,0.0,0.0,0.0,0.0,Dormant
500747366,88MM SF FEEDER SPLICE WITH UPI,KnS TCX3,4,0,,0.0,0.0,0.0,0.0,Dormant
500748676,"PLACE TOOL 33,SISIC501,19.54X19.52X0.5Y",KnS TCX3,3,0,,0.0,0.0,0.0,0.0,Dormant
500748694,"VACUUM CRANE,3X1 MATRIX,70.5X104.5",KnS TCX3,3,0,,0.0,0.0,0.0,0.0,Dormant
500748695,"BOND CHUCK,3X1 MATRIX,70.5X104.5X1.80",KnS TCX3,3,0,,0.0,0.0,0.0,0.0,Dormant
500748696,"PREHEAT CHUCK,3X1 MATRIX,70.5X104.5",KnS TCX3,3,0,,0.0,0.0,0.0,0.0,Dormant
500748697,"PRECISOR,3X1 MATRIX,70.5X104.5",KnS TCX3,3,0,,0.0,0.0,0.0,0.0,Dormant
500749663,"PLACE TOOL 33,SISIC501,22.12X20.61X1.0S",KnS TCX3,3,0,,0.0,0.0,0.0,0.0,Dormant
500749664,"PLACE TOOL 33,SISIC501,10.81X09.81X1.0S",KnS TCX3,3,0,,0.0,0.0,0.0,0.0,Dormant
500749883,TCX3 FUSE KIT,KnS TCX3,5,0,,0.0,0.0,0.0,0.0,Dormant
500749884,O2 GAS SENSOR,KnS TCX3,4,1,4.0,0.0,0.5,1.9,1.458,Intermittent
500749886,"TRACE SENSOR, HYDROGEN-TOLERANT VERSION",KnS TCX3,4,0,,0.0,0.0,0.0,0.0,Dormant
500749887,LEVEL SENSOR W STAINLESS STEEL TUBING,KnS TCX3,5,0,,0.0,0.0,0.0,0.0,Dormant
500750225,NI USB 6525 DAQ DEVICE,"ASM,TCB,Y-SHUTTLE;ASM-Pacific,Firebird;ASM-Pacific,Phoenix",4,0,,0.0,0.0,0.0,0.0,Dormant
500750226,APPJ SEPARATING STRIP CABLE CHAIN,APPJ MFM-220,3,0,,0.0,0.0,0.0,0.0,Dormant
500750227,APPJ OPENING BAR CABLE CHAIN,APPJ MFM-220,3,0,,0.0,0.0,0.0,0.0,Dormant
500750265,ADJUSTABLE TAPE COVER V2 FIREBIRD-UGK,"ASM-Pacific,Phoenix;ASM-Pacific,Firebird",3,0,,0.0,0.0,0.0,0.0,Dormant
500751478,"TRACE,LEVEL,O2,SENSOR,FOR,EC911,EC913","ASM-Pacific,Firebird;ASM-Pacific,Phoenix;TCB_Generic;KnS TCX3",1,0,,0.0,0.0,0.0,0.0,No-history
500752463,I/P SHUTTLER LT FLEX CABLE,"ASM-Pacific,Phoenix",4,0,,0.0,0.0,0.0,0.0,Dormant
500752477,19.5 WIDESCREEN LCD MONITOR,"ASM-Pacific,Phoenix",4,0,,0.0,0.0,0.0,0.0,Dormant
500752585,EIS DAQ ASSY,"ASM-Pacific,Firebird;ASM,TCB,Y-SHUTTLE;ASM-Pacific,Phoenix",3,0,,0.0,0.0,0.0,0.0,Dormant
500753234,"BB CATALYST KIT, SANITARY",Heller 2017 Formic Acid,5,0,,0.0,0.0,0.0,0.0,Dormant
500754375,BS PEDESTAL CLEANING,"TCB_Generic;ASM-Pacific,Firebird;ASM-Pacific,Phoenix",4,0,,0.0,0.0,0.0,0.0,Dormant
500754383,AKBEW FLOW METER UGK,"ASM-Pacific,Phoenix;ASM-Pacific,Firebird",3,0,,0.0,0.0,0.0,0.0,Dormant
500756577,TORQUE WRENCH 10-50NM FOR NOZZLE HEAD,"PLASMATREAT, APPJ_PTU1612",2,0,,0.0,0.0,0.0,0.0,Dormant
500758642,PAN SCREW ¼-20 ZEVA GRAY (M6X1.0),Heller 2017 Formic Acid;Heller HRF,3,0,,0.0,0.0,0.0,0.0,Dormant
500758643,MALE BRANCH TEE,Heller 2017 Formic Acid;Heller HRF,3,0,,0.0,0.0,0.0,0.0,Dormant
500758644,IMPOLENE TUBING 12MM,Heller HRF;Heller 2017 Formic Acid,3,0,,0.0,0.0,0.0,0.0,Dormant
500758645,"SILICONE RUBBER HOSE, 1"" ID",Heller HRF;Heller 2017 Formic Acid,3,0,,0.0,0.0,0.0,0.0,Dormant
500758646,BLUE LENS,Heller HRF;Heller 2017 Formic Acid,3,0,,0.0,0.0,0.0,0.0,Dormant
500758647,"1 1/2"", PANDUIT LOOM TUBING FOR S2S8",Heller 2017 Formic Acid;Heller HRF,3,0,,0.0,0.0,0.0,0.0,Dormant
500758648,"1"" BLNKT INSLTN- 25MM*610MM*7320MM",Heller HRF;Heller 2017 Formic Acid,3,0,,0.0,0.0,0.0,0.0,Dormant
500758649,FERRULE - 12AWG WIRE - HEATER WIRE,Heller HRF;Heller 2017 Formic Acid,3,0,,0.0,0.0,0.0,0.0,Dormant
500758650,INSULATED FERRULE,Heller 2017 Formic Acid;Heller HRF,3,0,,0.0,0.0,0.0,0.0,Dormant
500758651,SCR.CLAMP TERM.22-12 #170706,Heller 2017 Formic Acid;Heller HRF,3,0,,0.0,0.0,0.0,0.0,Dormant
500758658,TRANSFORMER 10KVA #10S67F,Heller 2017 Formic Acid;Heller HRF,3,0,,0.0,0.0,0.0,0.0,Dormant
500758659,ERGONOMIC ARTICULATED ARM S2-S8,Heller HRF;Heller 2017 Formic Acid,3,0,,0.0,0.0,0.0,0.0,Dormant
500758660,LEVELER,Heller HRF;Heller 2017 Formic Acid,3,0,,0.0,0.0,0.0,0.0,Dormant
500758662,3AWG POWER LUG,Heller HRF;Heller 2017 Formic Acid,3,0,,0.0,0.0,0.0,0.0,Dormant
500758663,3AWG FERRULE,Heller 2017 Formic Acid;Heller HRF,3,0,,0.0,0.0,0.0,0.0,Dormant
500758664,SHRINK TUBER,Heller HRF;Heller 2017 Formic Acid,3,0,,0.0,0.0,0.0,0.0,Dormant
500758666,"SHOULDER BOLT, MISUMI",Heller 2017 Formic Acid;Heller HRF,3,0,,0.0,0.0,0.0,0.0,Dormant
500758667,"WASHER, MISUMI",Heller 2017 Formic Acid;Heller HRF,3,0,,0.0,0.0,0.0,0.0,Dormant
500758668,SERIAL Y-SPLITTER CABLE 1FT,Heller HRF;Heller 2017 Formic Acid,3,0,,0.0,0.0,0.0,0.0,Dormant
500758669,FLANGED METAL WASHER,Heller HRF;Heller 2017 Formic Acid,3,0,,0.0,0.0,0.0,0.0,Dormant
500758670,"DUAL SERIAL CARD ""RS-200P""",Heller HRF;Heller 2017 Formic Acid,3,0,,0.0,0.0,0.0,0.0,Dormant
500758671,"T/C INPUT CONNECTOR, 8 POLE",Heller HRF;Heller 2017 Formic Acid,3,0,,0.0,0.0,0.0,0.0,Dormant
500758692,"OUTER BOX WLDM, 9.75""X30"", 2017,W/O EXH",Heller HRF;Heller 2017 Formic Acid,3,0,,0.0,0.0,0.0,0.0,Dormant
500758693,"OUTER BOX WLDM, 9.75""X30"", 2017, W/EXH",Heller HRF;Heller 2017 Formic Acid,3,0,,0.0,0.0,0.0,0.0,Dormant
500758694,"9.75"" X 30"" SD ASSY, MK3V",Heller 2017 Formic Acid;Heller HRF,3,0,,0.0,0.0,0.0,0.0,Dormant
500758695,"9.75"" X 30"" SD ASSY, MK3V",Heller HRF;Heller 2017 Formic Acid,3,0,,0.0,0.0,0.0,0.0,Dormant
500758696,"9.75"" X 30"" SD ASSY, MK3V",Heller 2017 Formic Acid;Heller HRF,3,0,,0.0,0.0,0.0,0.0,Dormant
500758697,"9.75"" X 30"" SD ASSY, MK3V",Heller 2017 Formic Acid;Heller HRF,3,0,,0.0,0.0,0.0,0.0,Dormant
500758698,"TOP OUTR GRIL,9.75""X30"" BFM,5"" IMP,MK3.5",Heller 2017 Formic Acid;Heller HRF,3,0,,0.0,0.0,0.0,0.0,Dormant
500758699,"BTM OUTER GRIL,9.75""X30""BFM,5"" IMP,MK3.5",Heller 2017 Formic Acid;Heller HRF,3,0,,0.0,0.0,0.0,0.0,Dormant
500758700,"TOP OUTER GRILL WN 10.77"" X30"" SD",Heller 2017 Formic Acid;Heller HRF,3,0,,0.0,0.0,0.0,0.0,Dormant
500758701,"BOTTOM OUTER GRILL WN 10.77"" X30"" SD",Heller HRF;Heller 2017 Formic Acid,3,0,,0.0,0.0,0.0,0.0,Dormant
500758709,"THERMOCOUPLE ASSY, HEATED GRILL",Heller 2017 Formic Acid;Heller HRF,3,0,,0.0,0.0,0.0,0.0,Dormant
500758710,"THERMOCOUPLE ASSY, HEATED GRILL",Heller HRF;Heller 2017 Formic Acid,3,0,,0.0,0.0,0.0,0.0,Dormant
500758711,"HEAT SHRINK TUBE 150MM FOR 3"" HOSE",Heller HRF;Heller 2017 Formic Acid,3,0,,0.0,0.0,0.0,0.0,Dormant
500758712,"180MM, HEAT SHRINKABLE  TUBING",Heller HRF;Heller 2017 Formic Acid,3,0,,0.0,0.0,0.0,0.0,Dormant
500758713,"1"" BSPT REGULATOR W/ EXT. PRESSURE GAUGE",Heller HRF;Heller VCO;Heller 2017 Formic Acid,1,0,,0.0,0.0,0.0,0.0,No-history
500758714,"ROLLER, 35MM DIA 22"" FW, 1/4"" ROUND AXLE",Heller HRF;Heller 2017 Formic Acid,3,0,,0.0,0.0,0.0,0.0,Dormant
500758715,"KEY SWITCH, 3 POS, RIGHT TO CENTER",Heller 2017 Formic Acid;Heller HRF,3,0,,0.0,0.0,0.0,0.0,Dormant
500758716,"SPRING COMP., 3/8"" OD X 20"" LG SUS",Heller HRF;Heller 2017 Formic Acid,3,0,,0.0,0.0,0.0,0.0,Dormant
500758717,CAT 6 CABLE 1M,Heller HRF;Heller 2017 Formic Acid,3,0,,0.0,0.0,0.0,0.0,Dormant
500758718,CAT 6 CABLE 2M,Heller 2017 Formic Acid;Heller HRF,3,0,,0.0,0.0,0.0,0.0,Dormant
500758719,CAT 6 CABLE 5M,Heller 2017 Formic Acid;Heller HRF,3,0,,0.0,0.0,0.0,0.0,Dormant
500758720,EXTERNAL RETAININGRING- 228014,Heller HRF;Heller 2017 Formic Acid,3,0,,0.0,0.0,0.0,0.0,Dormant
500758723,"POWERWIRE FITTINGASSY, NITRO",Heller HRF;Heller 2017 Formic Acid,3,0,,0.0,0.0,0.0,0.0,Dormant
500758724,SNIFFER TUBE SEAL CAP,Heller HRF;Heller 2017 Formic Acid,3,0,,0.0,0.0,0.0,0.0,Dormant
500758725,SNIFFER TUBE SS 10MM OD,Heller 2017 Formic Acid;Heller HRF,3,0,,0.0,0.0,0.0,0.0,Dormant
500758733,POWERWIRE & N2 INLET,Heller 2017 Formic Acid;Heller HRF,3,0,,0.0,0.0,0.0,0.0,Dormant
500758734,"PACKING NUT, (N2 POWERWIRE FITTING)",Heller 2017 Formic Acid;Heller HRF,3,0,,0.0,0.0,0.0,0.0,Dormant
500758735,CAP PLATE,Heller 2017 Formic Acid;Heller HRF,3,0,,0.0,0.0,0.0,0.0,Dormant
500758737,"GLAND, POWERWIRE",Heller HRF;Heller 2017 Formic Acid,3,0,,0.0,0.0,0.0,0.0,Dormant
500758766,"CONTACTOR 4P, 12A, 24VAC",Heller HRF;Heller 2017 Formic Acid,3,0,,0.0,0.0,0.0,0.0,Dormant
500758772,SERIAL CABLE HC2/HC2,Heller 2017 Formic Acid;Heller HRF,3,0,,0.0,0.0,0.0,0.0,Dormant
500758774,"LIGHT TOWER ASSEMBLY, 3 STAGE LED",Heller HRF;Heller 2017 Formic Acid,3,0,,0.0,0.0,0.0,0.0,Dormant
500758775,"FLEX CONNECTTOR, 4"" COIL PIPE INLET",Heller HRF;Heller 2017 Formic Acid,3,0,,0.0,0.0,0.0,0.0,Dormant
500758776,"OUTER PIPE, COIL COOLING, 4""",Heller HRF;Heller 2017 Formic Acid,3,0,,0.0,0.0,0.0,0.0,Dormant
500758777,"REDUCER, CLAMP FITTING, 4""- 3""",Heller 2017 Formic Acid;Heller HRF,3,0,,0.0,0.0,0.0,0.0,Dormant
500758778,"4"" FLEX HOSE, COIL PIPE IN",Heller HRF;Heller 2017 Formic Acid,3,0,,0.0,0.0,0.0,0.0,Dormant
500758795,"BRACK, ADJ, TOP COIL PIPE, 2017",Heller HRF;Heller 2017 Formic Acid,3,0,,0.0,0.0,0.0,0.0,Dormant
500758797,"BRACKET, SEISMIC RESTRAINT",Heller HRF;Heller 2017 Formic Acid,3,0,,0.0,0.0,0.0,0.0,Dormant
500758801,"GRILL STIFFENER, 9-3/4 MODULE, BOTTOM",Heller 2017 Formic Acid;Heller HRF,3,0,,0.0,0.0,0.0,0.0,Dormant
500758803,"GRILL STIFFENER, 9.75 MODULE, TOP",Heller HRF;Heller 2017 Formic Acid,3,0,,0.0,0.0,0.0,0.0,Dormant
500758804,"GRILL STIFFENER, 10.8"" MODULE, TOP",Heller HRF;Heller 2017 Formic Acid,3,0,,0.0,0.0,0.0,0.0,Dormant
500758805,"MONITORING T/C GAUGE, 35MM PASS HEIGHT",Heller 2017 Formic Acid;Heller HRF,3,0,,0.0,0.0,0.0,0.0,Dormant
500758806,"CLAMP COLLAR ASSY,TOP SHELL SHIFTING",Heller HRF;Heller 2017 Formic Acid,3,0,,0.0,0.0,0.0,0.0,Dormant
500758807,"SIDE CHAIN BELT ASSY, 510MM BOARD, 2""",Heller HRF;Heller 2017 Formic Acid,3,0,,0.0,0.0,0.0,0.0,Dormant
500758824,"SIDE CHAIN WEAR ROD ASSY, 3MM, MIDDLE",Heller 2017 Formic Acid;Heller HRF,3,0,,0.0,0.0,0.0,0.0,Dormant
500758826,"CLUTCH SPROCKET, 35A35, H.T.",Heller HRF;Heller 2017 Formic Acid,3,0,,0.0,0.0,0.0,0.0,Dormant
500758828,SENSOR TUBE,Heller 2017 Formic Acid;Heller HRF,3,0,,0.0,0.0,0.0,0.0,Dormant
500758831,SENSOR TUBE,Heller HRF;Heller 2017 Formic Acid,3,0,,0.0,0.0,0.0,0.0,Dormant
500758833,LOW COST SNIFFER TUBE-FORMIC,Heller 2017 Formic Acid;Heller HRF,3,0,,0.0,0.0,0.0,0.0,Dormant
500758834,"WIRE, 18AWG WHITE",Heller 2017 Formic Acid;Heller HRF,3,0,,0.0,0.0,0.0,0.0,Dormant
500758836,T/C FEMALE CONNECTOR,Heller 2017 Formic Acid;Heller HRF,3,0,,0.0,0.0,0.0,0.0,Dormant
500758837,THERMOCOUPLE WIRE TYPE K,Heller HRF;Heller 2017 Formic Acid,3,0,,0.0,0.0,0.0,0.0,Dormant
500758838,3AWG WIRE,Heller HRF;Heller 2017 Formic Acid,3,0,,0.0,0.0,0.0,0.0,Dormant
500758849,"TEFLON HOSE, 3/8 OD, 1/4 ID",Heller 2017 Formic Acid;Heller HRF,3,0,,0.0,0.0,0.0,0.0,Dormant
500758851,"BULKHEAD UNION, 6MM TUBE",Heller HRF;Heller 2017 Formic Acid,3,1,3.0,0.0,0.667,1.9,1.62,Intermittent
500758852,IMPOLENE TUBING 6MM,Heller HRF;Heller 2017 Formic Acid,3,0,,0.0,0.0,0.0,0.0,Dormant
500758854,THERMOCOUPLE WIRE 24 GAGE,Heller 2017 Formic Acid;Heller HRF,3,0,,0.0,0.0,0.0,0.0,Dormant
500758856,"12AWG HIGH TEMP WIRE, RED",Heller 2017 Formic Acid;Heller HRF,3,0,,0.0,0.0,0.0,0.0,Dormant
500758858,"12AWG HIGH TEMP WIRE, BLACK",Heller 2017 Formic Acid;Heller HRF,3,0,,0.0,0.0,0.0,0.0,Dormant
500758859,"REGULATOR, 1/2"" BSPT (KOREAN MADE ONLY)",Heller 2017 Formic Acid;Heller HRF,3,0,,0.0,0.0,0.0,0.0,Dormant
500758861,"1/4"" , PANDUIT LOOM TUBING FOR S2S8",Heller HRF;Heller 2017 Formic Acid,3,0,,0.0,0.0,0.0,0.0,Dormant
500758862,"1/2"", PANDUIT LOOM TUBING FOR S2S8",Heller HRF;Heller 2017 Formic Acid,3,0,,0.0,0.0,0.0,0.0,Dormant
500758863,"1"", PANDUIT LOOM TUBING FOR S2S8",Heller 2017 Formic Acid;Heller HRF,3,0,,0.0,0.0,0.0,0.0,Dormant
500758864,DECO SCREW - M5X0.8X8MM LG,Heller 2017 Formic Acid;Heller HRF,3,0,,0.0,0.0,0.0,0.0,Dormant
500758865,"CONTACTOR, 24VDC, 20A",Heller HRF;Heller 2017 Formic Acid,3,0,,0.0,0.0,0.0,0.0,Dormant
500758866,TRANSFORMER 10KVA-480V #10S1F,Heller HRF;Heller 2017 Formic Acid,3,0,,0.0,0.0,0.0,0.0,Dormant
500758867,"SNAP DISC THERMOSTAT, 76.7°C NC",Heller 2017 Formic Acid;Heller HRF,3,0,,0.0,0.0,0.0,0.0,Dormant
500758868,"SANITARY GASKET, 3"" PTFE",Heller 2017 Formic Acid;Heller HRF,3,0,,0.0,0.0,0.0,0.0,Dormant
500758869,"2A, 2POLE BREAKER TYPE D",Heller 2017 Formic Acid;Heller HRF,3,0,,0.0,0.0,0.0,0.0,Dormant
500758870,500C ADJUST CAPILLARY SWITCH,Heller 2017 Formic Acid;Heller HRF,3,0,,0.0,0.0,0.0,0.0,Dormant
500758871,1/2 OD UNION,Heller 2017 Formic Acid;Heller HRF,3,0,,0.0,0.0,0.0,0.0,Dormant
500765172,"PLACE TOOL 33,SISIC501,31.88X19.40X0.5S",KnS TCX3,3,0,,0.0,0.0,0.0,0.0,Dormant
500765174,"VACUUM CRANE,5X1 MATRIX,45.0X50.7",KnS TCX3,3,0,,0.0,0.0,0.0,0.0,Dormant
500765176,"BOND CHUCK,5X1 MATRIX,45.0X50.7X1.66",KnS TCX3,3,0,,0.0,0.0,0.0,0.0,Dormant
500765178,"PREHEAT CHUCK,5X1 MATRIX,45.0X50.7",KnS TCX3,3,0,,0.0,0.0,0.0,0.0,Dormant
500765179,"PRECISOR,5X1 MATRIX,45.0X50.7",KnS TCX3,3,0,,0.0,0.0,0.0,0.0,Dormant
500768026,CBL_N2_CIRCULATION_FAN,KnS TCX3,6,1,6.0,0.0,0.167,0.19,0.09,Intermittent
500768027,CBL_N2_CIRCULATION_FAN,KnS TCX3,6,0,,0.0,0.0,0.0,0.0,Dormant
500768028,CBL_CAM_USB3,KnS TCX3,3,1,3.0,0.0,0.333,0.3167,0.1,Intermittent
500768029,"DIFFERENTIAL PRESSURE SENSOR, 0-2.5 ""WC",KnS TCX3,4,0,,0.0,0.0,0.0,0.0,Dormant
500768195,"12U3,RUBBER,TIP,OD=2.00MM,ID=1.40MM",GENERIC;KnS TCX3,6,0,,0.0,0.0,0.0,0.0,Dormant
500771779,"PLACE TOOL 33,SiSiC501,30.38x24.83x1.2s",KnS TCX3;GENERIC,5,3,1.667,0.0,0.6,0.7917,0.829,Intermittent
500772974,AUXILIARY CONTACTOR DC DILER,"PLASMATREAT, APPJ_PTU1612;GENERIC",3,0,,0.0,0.0,0.0,0.0,Dormant
500772975,RELAIS 24 V DV 1W,"GENERIC;PLASMATREAT, APPJ_PTU1612",3,0,,0.0,0.0,0.0,0.0,Dormant
500772976,MAIN CONTACTOR 3H + 1S,"PLASMATREAT, APPJ_PTU1612;GENERIC",3,0,,0.0,0.0,0.0,0.0,Dormant
500772977,AUXILIARY BLOCK 2C+2O,"GENERIC;PLASMATREAT, APPJ_PTU1612",3,0,,0.0,0.0,0.0,0.0,Dormant
500772978,OPTOCOUPLER 6MM 24 / 3-30VDC 3A 2L,"GENERIC;PLASMATREAT, APPJ_PTU1612",3,0,,0.0,0.0,0.0,0.0,Dormant
500772979,SOCKET WITH RELAY 2XCHANGE OVER RT24VDC,"GENERIC;PLASMATREAT, APPJ_PTU1612",3,0,,0.0,0.0,0.0,0.0,Dormant
500772980,RELAY MODULE 2XUM RT 24VDC SAFETY,"PLASMATREAT, APPJ_PTU1612;GENERIC",3,0,,0.0,0.0,0.0,0.0,Dormant
500772981,SWITCHING POWER SUP.AC 3X380 (24V/40A),"GENERIC;PLASMATREAT, APPJ_PTU1612",3,0,,0.0,0.0,0.0,0.0,Dormant
500772982,SWITCHING POWER SUPPLY 400V (24V/20A),"PLASMATREAT, APPJ_PTU1612;GENERIC",3,0,,0.0,0.0,0.0,0.0,Dormant
500772983,"USV POWER SUPPLY DC-UPS 24V DC, 24V/10A","GENERIC;PLASMATREAT, APPJ_PTU1612",3,0,,0.0,0.0,0.0,0.0,Dormant
500772984,"LIGHTING CABLE 5M, CA-D5","GENERIC;PLASMATREAT, APPJ_PTU1612",3,0,,0.0,0.0,0.0,0.0,Dormant
500772985,Top-hat rail switching PS 24V/5A,"PLASMATREAT, APPJ_PTU1612;GENERIC",3,0,,0.0,0.0,0.0,0.0,Dormant
500772986,"SWITCHING POWER SUPPLY 3- AC, 48V/40A","PLASMATREAT, APPJ_PTU1612;GENERIC",3,0,,0.0,0.0,0.0,0.0,Dormant
500772987,ELECTRONIC CIRCUIT BREAKER DC48V,"PLASMATREAT, APPJ_PTU1612;GENERIC",3,0,,0.0,0.0,0.0,0.0,Dormant
500772988,CIRCUIT BREAKER 1-PIN B-CHAR FAZ-B4 / 1,"GENERIC;PLASMATREAT, APPJ_PTU1612",3,0,,0.0,0.0,0.0,0.0,Dormant
500772989,FRONTDOOR -SINGLE LEFT- (ESD),"PLASMATREAT, APPJ_PTU1612;GENERIC",3,0,,0.0,0.0,0.0,0.0,Dormant
500772990,MARKING CALIPER 300MM,"PLASMATREAT, APPJ_PTU1612;GENERIC",3,0,,0.0,0.0,0.0,0.0,Dormant
500772991,CAMERA SYSTEM CONTROLLER 21 MP,"GENERIC;PLASMATREAT, APPJ_PTU1612",3,0,,0.0,0.0,0.0,0.0,Dormant
500772992,"CAMERA 21 MP MONOCHROME, 85X HIGH SPPED","PLASMATREAT, APPJ_PTU1612;GENERIC",3,0,,0.0,0.0,0.0,0.0,Dormant
500772993,HIGH RESOLUTION LENS CAMERA 21 MP,"GENERIC;PLASMATREAT, APPJ_PTU1612",3,0,,0.0,0.0,0.0,0.0,Dormant
500772994,HIGH-SPEED CAMERA CABLE (5M),"PLASMATREAT, APPJ_PTU1612;GENERIC",4,0,,0.0,0.0,0.0,0.0,Dormant
500772995,1.2M EXHAUST HOSE PLASMAJET 1 - RD1004,"PLASMATREAT, APPJ_PTU1612;GENERIC",5,0,,0.0,0.0,0.0,0.0,Dormant
500772996,0.88M EXHAUST HOSE PLASMAJET 2 - RD1004,"GENERIC;PLASMATREAT, APPJ_PTU1612",3,0,,0.0,0.0,0.0,0.0,Dormant
500772997,RD1004 BACK PRESSURE TEST KIT,"PLASMATREAT, APPJ_PTU1612;GENERIC",3,0,,0.0,0.0,0.0,0.0,Dormant
500773308,"PCB, 5-PORT USB 3.0 PCI-E CARD",GENERIC;KnS TCX3,4,0,,0.0,0.0,0.0,0.0,Dormant
500776673,"PADS,ABSORBENT, 200 PER CASE",KnS TCX3;Heller 2017 Formic Acid,5,1,5.0,0.0,0.2,0.3167,0.081,Intermittent
500776706,"PLACE TOOL 33,SISIC501,31.17X18.54X1.2S",KnS TCX3;GENERIC,6,2,3.0,0.0,0.333,0.2065,0.19,Intermittent
500776707,"PLACE TOOL 33,SISIC501,31.82X07.04X1.2S",KnS TCX3,6,0,,0.0,0.0,0.0,0.0,Dormant
500777689,"RKI SENSOR FILTER , FORMIC ACID",Heller 2017 Formic Acid,3,0,,0.0,0.0,0.0,0.0,Dormant
500780801,"PRECISOR,4X2 MATRIX,56.0X45.0",KnS TCX3,3,0,,0.0,0.0,0.0,0.0,Dormant
500781140,CBL SAFETY SWITCH ASSY 2,KnS TCX3,6,0,,0.0,0.0,0.0,0.0,Dormant
500781141,CBL SAFETY SWITCH ASSY 2,KnS TCX3,6,0,,0.0,0.0,0.0,0.0,Dormant
500781142,ASSY DIG OUT FAN OUT BRD,KnS TCX3,4,0,,0.0,0.0,0.0,0.0,Dormant
500782460,FLATSTONE SET,KnS TCX3;GENERIC,5,0,,0.0,0.0,0.0,0.0,Dormant
500787624,"GASKET, FRONT DOOR, LH",GENERIC;KnS TCX3,4,1,4.0,0.0,0.25,0.95,0.729,Intermittent
500787625,"GASKET, FRONT DOOR, RH",KnS TCX3;GENERIC,3,0,,0.0,0.0,0.0,0.0,Dormant
500787711,CONTROLLER WITH SAFETY MONITOR,KnS TCX3;GENERIC,4,0,,0.0,0.0,0.0,0.0,Dormant
500787712,CBL_N2_DOOR_OPEN,KnS TCX3;GENERIC,5,0,,0.0,0.0,0.0,0.0,Dormant
500787713,CBL_N2_DOOR_OPEN,GENERIC;KnS TCX3,6,0,,0.0,0.0,0.0,0.0,Dormant
500787714,AIR CLEAN UNIT,KnS TCX3;GENERIC,4,0,,0.0,0.0,0.0,0.0,Dormant
500787715,FIBER SENSOR,KnS TCX3;GENERIC,4,0,,0.0,0.0,0.0,0.0,Dormant
500787716,"LENS, CAMERA",GENERIC;KnS TCX3,4,0,,0.0,0.0,0.0,0.0,Dormant
500787717,CAMERA,GENERIC;KnS TCX3,4,0,,0.0,0.0,0.0,0.0,Dormant
500787718,SOLENOID VALVE,GENERIC;KnS TCX3,4,0,,0.0,0.0,0.0,0.0,Dormant
500787719,AIR PRESSURE SENSOR,GENERIC;KnS TCX3,4,0,,0.0,0.0,0.0,0.0,Dormant
500787720,PHOTO SENSOR AMPLIFIER,KnS TCX3;GENERIC,6,0,,0.0,0.0,0.0,0.0,Dormant
500787721,INCOMING SENSOR,KnS TCX3;GENERIC,4,0,,0.0,0.0,0.0,0.0,Dormant
500787722,REED SWITCH,KnS TCX3;GENERIC,4,0,,0.0,0.0,0.0,0.0,Dormant
500787723,SERVO MOTOR DRIVER,KnS TCX3;GENERIC,4,0,,0.0,0.0,0.0,0.0,Dormant
500787724,MOTION CONTROL CARD,KnS TCX3;GENERIC,4,0,,0.0,0.0,0.0,0.0,Dormant
500787725,I/O CONTROLLER,GENERIC;KnS TCX3,4,0,,0.0,0.0,0.0,0.0,Dormant
500787726,POWER SUPPLY,GENERIC;KnS TCX3,6,0,,0.0,0.0,0.0,0.0,Dormant
500787727,POWER SUPPLY,KnS TCX3;GENERIC,4,0,,0.0,0.0,0.0,0.0,Dormant
500787728,POWER SUPPLY,KnS TCX3;GENERIC,4,0,,0.0,0.0,0.0,0.0,Dormant
500787729,BELT_TIMING P=AT5 L=2910MM W=16MM,GENERIC;KnS TCX3,3,0,,0.0,0.0,0.0,0.0,Dormant
500787730,"BELT TIMING L=2096, W=8, THICK=1MM",KnS TCX3;GENERIC,4,0,,0.0,0.0,0.0,0.0,Dormant
500787731,"BELT TIMING L=1320, W=8, THICK=1MM",KnS TCX3;GENERIC,4,0,,0.0,0.0,0.0,0.0,Dormant
500787732,"BELT TIMING L=1035, W=8, THICK=1MM",KnS TCX3;GENERIC,4,0,,0.0,0.0,0.0,0.0,Dormant
500787733,"BELT TIMING L=861, W=8, THICK=1MM",KnS TCX3;GENERIC,4,0,,0.0,0.0,0.0,0.0,Dormant
500788062,THERMOCOUPLE INPUT KIT,GENERIC;KnS TCX3,4,0,,0.0,0.0,0.0,0.0,Dormant
500788063,"FORCE GAUGE, TENSION CAPABLE, -50 50N",KnS TCX3;GENERIC,4,0,,0.0,0.0,0.0,0.0,Dormant
500788064,"CARRYING CASE, PPCK V2, TEMPERATURE",KnS TCX3;GENERIC,4,0,,0.0,0.0,0.0,0.0,Dormant
500788065,BONDHEAD FORCE CALIBRATION KIT,KnS TCX3;GENERIC,4,0,,0.0,0.0,0.0,0.0,Dormant
500788066,"CARRYING CASE, PPCK V2, FORCE",GENERIC;KnS TCX3,4,0,,0.0,0.0,0.0,0.0,Dormant
500788067,"TCB BOND NOZZLE, 35.00X35.00X0.5",GENERIC;KnS TCX3,4,0,,0.0,0.0,0.0,0.0,Dormant
500788068,"TCB BOND NOZZLE, 25.00X25.00X0.5",KnS TCX3;GENERIC,4,0,,0.0,0.0,0.0,0.0,Dormant
500788069,"TCB BOND NOZZLE, 15.00X15.00X0.5",GENERIC;KnS TCX3,4,0,,0.0,0.0,0.0,0.0,Dormant
500788070,CBL CAP BOX INTRNL 5.6RES,KnS TCX3;GENERIC,6,0,,0.0,0.0,0.0,0.0,Dormant
500788071,CBL CAP BOX INTRNL 15RES,KnS TCX3;GENERIC,6,0,,0.0,0.0,0.0,0.0,Dormant
500788072,DPL IO INTERFACE BOARD LEFT,KnS TCX3;GENERIC,4,0,,0.0,0.0,0.0,0.0,Dormant
500788073,DPL IO INTERFACE BOARD RIGHT,GENERIC;KnS TCX3,4,0,,0.0,0.0,0.0,0.0,Dormant
500788074,PARALLELISM SENSOR INTERFACE ASSY LEFT,GENERIC;KnS TCX3,4,0,,0.0,0.0,0.0,0.0,Dormant
500788075,PARALLELISM SENSOR INTERFACE ASSY RIGHT,KnS TCX3;GENERIC,4,0,,0.0,0.0,0.0,0.0,Dormant
500788076,GLASS DIE APPLICATION KIT CASE,KnS TCX3;GENERIC,4,0,,0.0,0.0,0.0,0.0,Dormant
500788077,"CASE, BOND NOZZLE, 50MM FLANGE",GENERIC;KnS TCX3,4,0,,0.0,0.0,0.0,0.0,Dormant
500788078,"CASE, BOND NOZZLE, 33MM FLANGE",GENERIC;KnS TCX3,4,0,,0.0,0.0,0.0,0.0,Dormant
500788079,MATERIAL HANDLING CALIBRATION KIT,GENERIC;KnS TCX3,4,0,,0.0,0.0,0.0,0.0,Dormant
500788080,SINGLE TOOL DRILL PATTERN ASSY,KnS TCX3;GENERIC,4,0,,0.0,0.0,0.0,0.0,Dormant
500788081,CBL PRECISION PRESS REG,GENERIC;KnS TCX3,6,0,,0.0,0.0,0.0,0.0,Dormant
500788082,CBL PRECISION PRESS REG,GENERIC;KnS TCX3,6,0,,0.0,0.0,0.0,0.0,Dormant
500788083,CBL Z READ HEAD VIONIC,GENERIC;KnS TCX3,6,0,,0.0,0.0,0.0,0.0,Dormant
500788084,"MOTOR COIL, LINEAR, 500N, 75MM STRK",GENERIC;KnS TCX3,4,0,,0.0,0.0,0.0,0.0,Dormant
500788085,DPL L-R Y-MTR,GENERIC;KnS TCX3,4,0,,0.0,0.0,0.0,0.0,Dormant
500788086,POLISHING STONE FOR TCB HEATER,GENERIC;KnS TCX3,6,0,,0.0,0.0,0.0,0.0,Dormant
500788087,SYRINGE PUMP WITH QUICK CONNECT,KnS TCX3;GENERIC,6,0,,0.0,0.0,0.0,0.0,Dormant
500788088,CRANE HEAD GAUGE SINGLE,GENERIC;KnS TCX3,4,0,,0.0,0.0,0.0,0.0,Dormant
500788089,DUMMY TRAY GAUGE,KnS TCX3;GENERIC,4,0,,0.0,0.0,0.0,0.0,Dormant
500788091,PREHEAT GAGE TOP,KnS TCX3;GENERIC,4,0,,0.0,0.0,0.0,0.0,Dormant
500788092,PREHEAT GAGE BOTTOM,GENERIC;KnS TCX3,4,0,,0.0,0.0,0.0,0.0,Dormant
500788093,WIDTH GAUGE,GENERIC;KnS TCX3,4,0,,0.0,0.0,0.0,0.0,Dormant
500788094,RAIL PARALLELISM GAUGE,GENERIC;KnS TCX3,4,0,,0.0,0.0,0.0,0.0,Dormant
500788095,INPUT WIDTH GAUGE,KnS TCX3;GENERIC,4,0,,0.0,0.0,0.0,0.0,Dormant
500788096,PWM CONTROLLER,GENERIC;KnS TCX3,6,0,,0.0,0.0,0.0,0.0,Dormant
500788097,CONFOCAL DISPLACEMENT SENSOR HEAD,KnS TCX3;GENERIC,4,0,,0.0,0.0,0.0,0.0,Dormant
500788098,SWITCH EREPLACENCY STOP PUSHBTN FOOLPROOF,KnS TCX3;GENERIC,6,0,,0.0,0.0,0.0,0.0,Dormant
500788099,ADAPTOR FRONT FOR EMER STOP SWITCH,GENERIC;KnS TCX3,6,0,,0.0,0.0,0.0,0.0,Dormant
500788100,CONTACT 1 N/C GOLD PLATED,GENERIC;KnS TCX3,6,0,,0.0,0.0,0.0,0.0,Dormant
500788101,BUTTON  EAO 61-1100.0 24X24MM VERS.,GENERIC;KnS TCX3,6,0,,0.0,0.0,0.0,0.0,Dormant
500788102,CAP E-STOP PROTECTIVE SHROUD,KnS TCX3;GENERIC,6,0,,0.0,0.0,0.0,0.0,Dormant
500788103,MOUNTING CLIP,GENERIC;KnS TCX3,6,0,,0.0,0.0,0.0,0.0,Dormant
500788104,INVAR 20UM 15 X 1.5 X 530MM RELM,GENERIC;KnS TCX3,6,0,,0.0,0.0,0.0,0.0,Dormant
500788105,READ HEAD  ENCODER  ATOM  20 MICRON,GENERIC;KnS TCX3,5,0,,0.0,0.0,0.0,0.0,Dormant
500788106,ENCODER SEGMENT 20 DEG RENISHAW ATOM,GENERIC;KnS TCX3,6,0,,0.0,0.0,0.0,0.0,Dormant
500788107,"FORCE/TORQUE INDICATOR, 110V",KnS TCX3;GENERIC,4,0,,0.0,0.0,0.0,0.0,Dormant
500788108,COVER  24X24 TRANSPARENT,KnS TCX3;GENERIC,4,0,,0.0,0.0,0.0,0.0,Dormant
500788109,COVER  24X24 GREEN,GENERIC;KnS TCX3,4,0,,0.0,0.0,0.0,0.0,Dormant
500788110,BOX W INDIVIDUAL LIDS 4 COMPARTMENTS,KnS TCX3;GENERIC,4,0,,0.0,0.0,0.0,0.0,Dormant
500788111,WHITE LIGHTS,GENERIC;KnS TCX3,4,0,,0.0,0.0,0.0,0.0,Dormant
500788112,RELAY WITH LIGHT,GENERIC;KnS TCX3,4,0,,0.0,0.0,0.0,0.0,Dormant
500788113,DRIVER,KnS TCX3;GENERIC,4,0,,0.0,0.0,0.0,0.0,Dormant
500788114,"DETECTOR CABLE, 3M",GENERIC;KnS TCX3,4,0,,0.0,0.0,0.0,0.0,Dormant
500788115,"POWER CABLE, 3M",KnS TCX3;GENERIC,4,0,,0.0,0.0,0.0,0.0,Dormant
500788116,RED LIGHTS,GENERIC;KnS TCX3,4,1,4.0,0.0,0.25,0.2375,0.1,Intermittent
500788117,ACTIVE WHEEL SET ASSY,GENERIC;KnS TCX3,4,0,,0.0,0.0,0.0,0.0,Dormant
500788118,PASSIVE WHEEL SET ASSY,GENERIC;KnS TCX3,4,0,,0.0,0.0,0.0,0.0,Dormant
500788119,"TUBING CLAMP, PLASTIC",GENERIC;KnS TCX3,4,0,,0.0,0.0,0.0,0.0,Dormant
500788120,"TUBING CLAMP, 0.25IN OD, PLASTIC",KnS TCX3;GENERIC,4,0,,0.0,0.0,0.0,0.0,Dormant
500788121,"GAUGE BLOCK, RECTANGULAR, 8MM",KnS TCX3;GENERIC,4,0,,0.0,0.0,0.0,0.0,Dormant
500788122,T-HANDLE 9IN HEX 3MM,KnS TCX3;GENERIC,4,0,,0.0,0.0,0.0,0.0,Dormant
500788123,BEAKER 400 ML POLYETHYLENE,KnS TCX3;GENERIC,4,0,,0.0,0.0,0.0,0.0,Dormant
500788124,"VALVE, 5 PORT, SINGLE",KnS TCX3;GENERIC,4,0,,0.0,0.0,0.0,0.0,Dormant
500788125,SHIM,GENERIC;KnS TCX3,4,0,,0.0,0.0,0.0,0.0,Dormant
500788126,SHIM 100 MICRON,KnS TCX3;GENERIC,4,0,,0.0,0.0,0.0,0.0,Dormant
500788127,MULTI-LED WHITE 24V,KnS TCX3;GENERIC,4,0,,0.0,0.0,0.0,0.0,Dormant
500790606,"BACAVI,TV,700GR","PLASMATREAT, APPJ_PTU1612;GENERIC",4,0,,0.0,0.0,0.0,0.0,Dormant
500793084,CONTROLLER  4XDUAL DRIVE / 0XHV DRIVE,GENERIC;KnS TCX3,4,0,,0.0,0.0,0.0,0.0,Dormant
500793085,CBL_X_ENCODER,KnS TCX3;GENERIC,4,0,,0.0,0.0,0.0,0.0,Dormant
500793086,CBL_X_ENCODER,KnS TCX3;GENERIC,4,0,,0.0,0.0,0.0,0.0,Dormant
500793087,CBL_Y_ENCODER,KnS TCX3;GENERIC,4,0,,0.0,0.0,0.0,0.0,Dormant
500793088,CBL_Y_ENCODER,KnS TCX3;GENERIC,4,0,,0.0,0.0,0.0,0.0,Dormant
500793089,AIR CLEANER UNIT HEPA FILTER,KnS TCX3;GENERIC,3,0,,0.0,0.0,0.0,0.0,Dormant
500793090,LCD MONITOR,KnS TCX3;GENERIC,4,0,,0.0,0.0,0.0,0.0,Dormant
500793091,"COMPUTER BUNDLE, DELL",KnS TCX3;GENERIC,4,0,,0.0,0.0,0.0,0.0,Dormant
500793092,"COMPUTER BUNDLE, ADVANTECH",GENERIC;KnS TCX3,4,0,,0.0,0.0,0.0,0.0,Dormant
500793803,25X25 RECIRCULATION GLASS DIE CASE,GENERIC;KnS TCX3,4,0,,0.0,0.0,0.0,0.0,Dormant
500794916,PROCESS GAS ANALYZER SUBASSEMBLY,GENERIC;KnS TCX3,5,1,5.0,0.0,0.2,0.95,0.6561,Intermittent
500794917,FA BECKHOFF CPU ASSY,GENERIC;KnS TCX3,3,0,,0.0,0.0,0.0,0.0,Dormant
500794918,"FA ABATEMENT HEATER SUBASSY, LEFT",GENERIC;KnS TCX3,5,0,,0.0,0.0,0.0,0.0,Dormant
500794919,"FA ABATEMENT HEATER SUBASSY, RIGHT",GENERIC;KnS TCX3,5,0,,0.0,0.0,0.0,0.0,Dormant
500794920,BGA_PUMP_PWR_TERM,GENERIC;KnS TCX3,3,0,,0.0,0.0,0.0,0.0,Dormant
500794921,RELAY 3-30V SPST 240V 20A,KnS TCX3;GENERIC,6,0,,0.0,0.0,0.0,0.0,Dormant
500794922,RELAY GEN PURPOS SPST 50MA 24VDC,GENERIC;KnS TCX3,6,0,,0.0,0.0,0.0,0.0,Dormant
500794923,RELAY SPDT (1 FORM C) 5VDC COIL DIN RAIL,KnS TCX3;GENERIC,6,0,,0.0,0.0,0.0,0.0,Dormant
500794924,IND CHARGE AMP 3 CH_BNC INPUT CONNECTOR,GENERIC;KnS TCX3,6,0,,0.0,0.0,0.0,0.0,Dormant
500794925,"DIGITAL PRES GA, 1/8 NPT,-0.1 TO 1.0MPA",GENERIC;KnS TCX3,4,0,,0.0,0.0,0.0,0.0,Dormant
500794926,MASS FLOW CONTROLLER MCHS,KnS TCX3;GENERIC,6,0,,0.0,0.0,0.0,0.0,Dormant
500794927,FRAME_FRONT 24X24MM BLACK,KnS TCX3;GENERIC,4,0,,0.0,0.0,0.0,0.0,Dormant
500794928,TERM BLK FUSE MOD UT6-HESI(6.3X32),KnS TCX3;GENERIC,4,0,,0.0,0.0,0.0,0.0,Dormant
500794929,DIFFERENTIAL PRESSURE SENSOR,GENERIC;KnS TCX3,4,0,,0.0,0.0,0.0,0.0,Dormant
500794930,O2 100PPM N2 CALIBRATION GAS 116L,GENERIC;KnS TCX3,4,0,,0.0,0.0,0.0,0.0,Dormant
500794931,SAFETY CONTROLLER FLEXI SOFT MAIN MODULE,KnS TCX3;GENERIC,4,0,,0.0,0.0,0.0,0.0,Dormant
500794932,"ENCODER INTERFACE,X4000 INTRPL,20MICRON",GENERIC;KnS TCX3,4,0,,0.0,0.0,0.0,0.0,Dormant
500794933,SPIRIT LEVEL 0.1MM/M L80MM,KnS TCX3;GENERIC,4,0,,0.0,0.0,0.0,0.0,Dormant
500794934,"USB 3.0 PCIE,FRESCO FL1100,4HC,4 PORT",KnS TCX3;GENERIC,4,0,,0.0,0.0,0.0,0.0,Dormant
500794935,AC/DC CONVERTER 24V 240W,GENERIC;KnS TCX3,4,0,,0.0,0.0,0.0,0.0,Dormant
500794936,"POWER SUPPLY, 120W, 1PH, 24-28VD",KnS TCX3;GENERIC,4,0,,0.0,0.0,0.0,0.0,Dormant
500794937,DIN RAIL UPS 24V 10A W/ 5AH BAT,KnS TCX3;GENERIC,3,0,,0.0,0.0,0.0,0.0,Dormant
500794938,POWER SUPPLY MODULE - POWER BRIDGE,GENERIC;KnS TCX3,4,0,,0.0,0.0,0.0,0.0,Dormant
500794939,FORMIC ACID 0-15PPM SENSOR,KnS TCX3;GENERIC,6,0,,0.0,0.0,0.0,0.0,Dormant
500794940,"CO SENSOR, 0-150PPM",GENERIC;KnS TCX3,6,1,6.0,0.0,0.167,0.95,0.5905,Intermittent
500794941,DP CABLE MALE TO MALE 3M,KnS TCX3;GENERIC,4,0,,0.0,0.0,0.0,0.0,Dormant
500794942,FIBER SENSOR,GENERIC;KnS TCX3,4,0,,0.0,0.0,0.0,0.0,Dormant
500794943,PHOTO SENSOR AMPLIFIER,GENERIC;KnS TCX3,4,0,,0.0,0.0,0.0,0.0,Dormant
500794944,"BRG_LIN W=20 H=10 B=15, 1 CARRIAGE",GENERIC;KnS TCX3,4,0,,0.0,0.0,0.0,0.0,Dormant
500794945,"REGULATOR, 0.5 MPA, 0-10V, W/O CABLE",GENERIC;KnS TCX3,6,2,3.0,0.0,0.333,0.7917,0.6715,Intermittent
500794946,"REGULATOR, ELECTRO-PNEUMATIC",GENERIC;KnS TCX3,4,0,,0.0,0.0,0.0,0.0,Dormant
500794947,"DEMAND FLOW REGULATOR C-10 CONN, GASCO",KnS TCX3;GENERIC,4,0,,0.0,0.0,0.0,0.0,Dormant
500794948,"CHARCOAL FILTER, INLINE, 6MM OD BARBS",GENERIC;KnS TCX3,3,0,,0.0,0.0,0.0,0.0,Dormant
500794949,"FITTING, SS T-TYPE FILTER, 1/4IN X 1/4IN",KnS TCX3;GENERIC,5,0,,0.0,0.0,0.0,0.0,Dormant
500794950,POST-ASSY INSERTION NUT W/LEAF SPRING,KnS TCX3;GENERIC,4,0,,0.0,0.0,0.0,0.0,Dormant
500794951,"SOLENOID VALVE, 3 PORT",GENERIC;KnS TCX3,4,0,,0.0,0.0,0.0,0.0,Dormant
500794952,"CYLINDER, DBL SHAFT, BORE 16, STROKE 5",GENERIC;KnS TCX3,4,0,,0.0,0.0,0.0,0.0,Dormant
500794953,ISOLATING TRANSDUCER 2-CHANNEL; SIL 2,GENERIC;KnS TCX3,3,0,,0.0,0.0,0.0,0.0,Dormant
500794954,"O-RING,6.5MM ID,1.5MM THICK,70A DUROMTR",GENERIC;KnS TCX3,4,0,,0.0,0.0,0.0,0.0,Dormant
500794955,"O-RING,1"" ID,3/16"" THICK,70A DUROMETER",GENERIC;KnS TCX3,4,0,,0.0,0.0,0.0,0.0,Dormant
500795498,MAGNETIC ADAPTER FOR BONDHEAD FORCE GAUG,KnS TCX3;GENERIC,4,0,,0.0,0.0,0.0,0.0,Dormant
500795499,RELAY SPDT 24VDC COIL DIN RAIL,KnS TCX3;GENERIC,4,0,,0.0,0.0,0.0,0.0,Dormant
500795501,"MASS FLOWMETER,0-20 SLPM,1/8"" BSSP",GENERIC;KnS TCX3,3,0,,0.0,0.0,0.0,0.0,Dormant
500795502,"MASS FLOWMETER,0-50 SLPM,1/4"" BSSP",KnS TCX3;GENERIC,4,0,,0.0,0.0,0.0,0.0,Dormant
500795503,ISO SWITCH AMP 2-CH;2 RELAY OP,GENERIC;KnS TCX3,4,0,,0.0,0.0,0.0,0.0,Dormant
500795504,ISO SWITCH AMP 2-CH;2 TRANS OP,KnS TCX3;GENERIC,4,0,,0.0,0.0,0.0,0.0,Dormant
500795505,TEMP MEASURE AMP 1-CH;MONITOR FOR SC,KnS TCX3;GENERIC,4,0,,0.0,0.0,0.0,0.0,Dormant
500796080,"PLACE TOOL 33,SISIC501,25.21X22.12X0.5",KnS TCX3,3,0,,0.0,0.0,0.0,0.0,Dormant
500796083,"PLACE TOOL 33,SISIC501,31.82X07.04X0.5",KnS TCX3,5,0,,0.0,0.0,0.0,0.0,Dormant
500796087,"BOND CHUCK,4x2 MATRIX,56.5x45.0x1.65",KnS TCX3,4,0,,0.0,0.0,0.0,0.0,Dormant
500796088,"PREHEAT CHUCK,4x2 MATRIX,56.5x45.0",KnS TCX3,3,0,,0.0,0.0,0.0,0.0,Dormant
500796089,"PRECISOR,4x2 MATRIX,56.5x45.0",KnS TCX3,4,0,,0.0,0.0,0.0,0.0,Dormant
500797637,WD 1TB NOTEBOOK HARD 7200 RPM,"OMRON,3DXRAY,VT-X900",4,0,,0.0,0.0,0.0,0.0,Dormant
500798508,"TIMING BELT,W8,P AT3,L708, 236 TEEETH",GENERIC;KnS TCX3,5,0,,0.0,0.0,0.0,0.0,Dormant
500801693,BELT_TIMING P=AT5 L=3000MM W=16MM,KnS TCX3;GENERIC,5,0,,0.0,0.0,0.0,0.0,Dormant
500801694,REPLACEMENT FILTER ELEMENT,GENERIC;KnS TCX3,5,0,,0.0,0.0,0.0,0.0,Dormant
500804460,BARECUVERSIONOFBACAVICOUPON,"Heller, MK7",4,1,4.0,0.0,25.0,95.0,72.9,Intermittent
500806498,"PLACE TOOL 33,SISIC501,10.80X10.80X0.5",KnS TCX3,3,0,,0.0,0.0,0.0,0.0,Dormant
500809419,GF-5 PRECISION GROUND FLATSTONES,KnS TCX3,4,0,,0.0,0.0,0.0,0.0,Dormant
500809800,"SMP,ACID,FORMIC ACID",Heller FAR,1,0,,0.0,0.0,0.0,0.0,No-history
500810529,"PLACE TOOL 33,SISIC501,31.17X18.54X0.50",KnS TCX3,3,0,,0.0,0.0,0.0,0.0,Dormant
500810533,"PLACE TOOL 33,SISIC501,31.86X10.85X0.5",KnS TCX3,3,0,,0.0,0.0,0.0,0.0,Dormant
500810535,"PLACE TOOL 33,SISIC501,32.10X12.07X0.5",KnS TCX3,5,1,5.0,0.0,0.2,0.3167,0.081,Intermittent
500810544,"BOND CHUCK,3X2 MATRIX,77.5X50.0X1.80",KnS TCX3,3,0,,0.0,0.0,0.0,0.0,Dormant
500810545,"PREHEAT CHUCK,3X2 MATRIX,77.5X50.0",KnS TCX3,3,0,,0.0,0.0,0.0,0.0,Dormant
500810546,"PRECISOR,3X2 MATRIX,77.5X50.0",KnS TCX3,4,0,,0.0,0.0,0.0,0.0,Dormant
500811927,APC REPLACEMENT BATTERY 12V,"ASM-Pacific,Phoenix;ASM-Pacific,Firebird",1,1,1.0,0.0,8.0,8.0,8.0,No-history
500815517,"OPENEND,WRENCH,ATTACH,22MM,NOZZLE","PLASMATREAT, APPJ_PTU1612",1,0,,0.0,0.0,0.0,0.0,No-history
500815520,"AL,PTZ15192-2,TORQUE,SUPPORT,V2020","PLASMATREAT, APPJ_PTU1612",2,1,2.0,0.0,0.5,0.95,0.9,Intermittent
500816939,CARRIAGE MOTOR COIL ASSY (R),"ASM-Pacific,Phoenix;ASM-Pacific,Firebird",1,0,,0.0,0.0,0.0,0.0,No-history
500817204,CARRIAGE MOTOR COIL ASSY (L),"ASM-Pacific,Firebird;ASM-Pacific,Phoenix",1,0,,0.0,0.0,0.0,0.0,No-history
500818371,WIRE LENGTH COUNTER FEET INCH POLY WHEEL,Asymtek S932,1,0,,0.0,0.0,0.0,0.0,No-history
500818667,"PLACE TOOL 33,SISIC501,25.21X22.12X1.2",KnS TCX3;GENERIC,5,0,,0.0,0.0,0.0,0.0,Dormant
500819356,KIT FIT BH 1/4 SS SCREW FERRULE COLLAR,Asymtek S2-932;Asymtek S932,2,0,,0.0,0.0,0.0,0.0,Dormant
500819682,"VACUUM CRANE,4X2 MATRIX,56.0X45.0",KnS TCX3,3,0,,0.0,0.0,0.0,0.0,Dormant
500819907,SOFT SILICONE TUBE OD=12MM ID=8MM,"ASM-Pacific,Phoenix",1,0,,0.0,0.0,0.0,0.0,No-history
500820911,CROSS ROLLER RING 150X250X16.5 METRIC,"ASM-Pacific,Phoenix;ASM-Pacific,Firebird",5,1,5.0,0.0,0.2,0.475,0.0729,Intermittent
500821192,"PEDESTAL HOLDER TOOL,NEW DESIGN,TCB","ASM-Pacific,Phoenix;ASM-Pacific,Firebird",4,0,,0.0,0.0,0.0,0.0,Dormant
500824296,DRILL BIT 0.65MM,KnS TCX3,1,0,,0.0,0.0,0.0,0.0,No-history
500824300,MBH Z TABEL BALL SCREW (PHASE 2),"ASM-Pacific,Firebird;ASM-Pacific,Phoenix",3,0,,0.0,0.0,0.0,0.0,Dormant
500824301,MBH Z TABLE PULLEY (9MM),"ASM-Pacific,Firebird;ASM-Pacific,Phoenix",3,0,,0.0,0.0,0.0,0.0,Dormant
500824563,"CLAWS,PEEK,4 PCS,PEDESTAL HOLDER TOOL","ASM-Pacific,Firebird;ASM-Pacific,Phoenix",4,0,,0.0,0.0,0.0,0.0,Dormant
500824564,"SAFETY SPRING BOLT,PEDESTAL HOLDER TOOL","ASM-Pacific,Firebird;ASM-Pacific,Phoenix",4,0,,0.0,0.0,0.0,0.0,Dormant
500827150,(CIE) FRONT WINDOW FRAME HOLDING PIN,"ASM-Pacific,Phoenix",1,0,,0.0,0.0,0.0,0.0,No-history
500827755,"HVM,AC,DISTRIBUTION,BOX",KnS TCX3,3,0,,0.0,0.0,0.0,0.0,Dormant
500827784,"PANEL,DIE,TRANSFER,WINDOW",KnS TCX3,3,0,,0.0,0.0,0.0,0.0,Dormant
500827785,"PANEL,BOND,STAGE,WINDOW",KnS TCX3,3,0,,0.0,0.0,0.0,0.0,Dormant
500828868,NICUNI-COATED HIGH TEMP. DISC MAGNET,"ASM-Pacific,Phoenix;ASM-Pacific,Firebird",4,1,4.0,0.0,26.0,98.8,75.816,Intermittent
500829482,FA SHROUD ASSY 33MM RIGHT,KnS TCX3,6,2,3.0,0.0,0.333,0.475,0.1466,Intermittent
500829483,FA SHROUD ASSY 33MM LEFT,KnS TCX3,6,1,6.0,0.0,0.167,0.95,0.5905,Intermittent
500829948,"STRAIN RELIEF, LBH RTD AND TC, HVM",KnS TCX3,4,0,,0.0,0.0,0.0,0.0,Dormant
500830020,02 Channel Digital Capacitive Amplifier,"ASM-Pacific,Phoenix;ASM-Pacific,Firebird",3,0,,0.0,0.0,0.0,0.0,Dormant
500830021,Capacitance Probe ASP-16-ILR/HT-SP,"ASM-Pacific,Phoenix;ASM-Pacific,Firebird",3,0,,0.0,0.0,0.0,0.0,Dormant
500830022,Capacitance Probe ASP-16-ILA/HT-SP,"ASM-Pacific,Firebird;ASM-Pacific,Phoenix",3,0,,0.0,0.0,0.0,0.0,Dormant
500830672,HSS DIN 340 SOLID DRILL 0.8X46MM,TCB Generic,1,1,1.0,0.0,4.0,4.0,4.0,No-history
500831292,SPRING PLATE,KnS TCX3,4,0,,0.0,0.0,0.0,0.0,Dormant
500831293,CLIP,KnS TCX3,4,0,,0.0,0.0,0.0,0.0,Dormant
500832947,WIRE BRUSH,KnS TCX3,6,0,,0.0,0.0,0.0,0.0,Dormant
500833309,"51165,S,1MM,21.298X9.765",Generic;TCB_Generic,2,0,,0.0,0.0,0.0,0.0,Dormant
500833625,"PLACE TOOL 33,SISIC501,31.10X22.05X1.2",KnS TCX3;GENERIC,6,0,,0.0,0.0,0.0,0.0,Dormant
500833953,SYRINGE PUMP WITH QUICK CONNECT,KnS TCX3,4,0,,0.0,0.0,0.0,0.0,Dormant
500833954,"STAINLESS STEEL BRUSH 1/2""",KnS TCX3,4,0,,0.0,0.0,0.0,0.0,Dormant
500833955,REAM FILE SET,KnS TCX3,6,0,,0.0,0.0,0.0,0.0,Dormant
500835027,DIGITAL SURFACE RESISTANCE METER,TCB_Generic,6,0,,0.0,0.0,0.0,0.0,Dormant
500835479,PRESSURE REGULATOR,"ASM-Pacific,Phoenix;ASM-Pacific,Firebird",3,0,,0.0,0.0,0.0,0.0,Dormant
500835480,DMC COOLING SOLENOID,"ASM-Pacific,Phoenix;ASM-Pacific,Firebird",3,0,,0.0,0.0,0.0,0.0,Dormant
500835481,Blow Solenoid 24VDC VK334-5G,"ASM-Pacific,Phoenix;ASM-Pacific,Firebird",3,1,3.0,0.0,0.333,0.475,0.09,Intermittent
500835482,Vacuum Solenoid 24VDC VK334V-5G,"ASM-Pacific,Firebird;ASM-Pacific,Phoenix",3,1,3.0,0.0,0.333,0.475,0.09,Intermittent
500835483,Vacuum Solenoid 24VDC VK332V-5G-M5,"ASM-Pacific,Phoenix;ASM-Pacific,Firebird",3,0,,0.0,0.0,0.0,0.0,Dormant
500835484,BH WEAK BLOW REGULATOR,"ASM-Pacific,Firebird;ASM-Pacific,Phoenix",3,0,,0.0,0.0,0.0,0.0,Dormant
500835485,(BH) VACUUM REGULATOR,"ASM-Pacific,Firebird;ASM-Pacific,Phoenix",3,0,,0.0,0.0,0.0,0.0,Dormant
500835486,SENSOR VACUUM PEDESTAL HEATED,"ASM-Pacific,Phoenix;ASM-Pacific,Firebird",3,0,,0.0,0.0,0.0,0.0,Dormant
500835487,(IO)DIE TRANSFERPICK ARM VAC SWITCH,"ASM-Pacific,Phoenix;ASM-Pacific,Firebird",3,0,,0.0,0.0,0.0,0.0,Dormant
500835827,DUPLICATE USE 500849691,Generic;TCB_Generic,2,0,,0.0,0.0,0.0,0.0,Dormant
500837585,"BELLOW SUCTION CUP,OD2.5,ID2.2",TCB_Generic;KnS TCX3,4,0,,0.0,0.0,0.0,0.0,Dormant
500837687,BGA GAS ANALYZER SUBASSEMBLY POLYTHERM,KnS TCX3,6,0,,0.0,0.0,0.0,0.0,Dormant
500838825,"FLEX,SS,HOSE,3/8"",FNPT,325MMLG",Heller FAR,3,0,,0.0,0.0,0.0,0.0,Dormant
500838827,"FLEX,SS,HOSE,3/8"",FNPT,350MMLG",Heller FAR,3,0,,0.0,0.0,0.0,0.0,Dormant
500838829,"FLEX,SS,HOSE,3/8"",FNPT,425MMLG",Heller FAR,3,0,,0.0,0.0,0.0,0.0,Dormant
500838830,"FLEX,SS,HOSE,3/8"",FNPT,475MMLG",Heller FAR,3,0,,0.0,0.0,0.0,0.0,Dormant
500838831,"FLEX,SS,HOSE,3/8"",FNPT,650MMLG",Heller FAR,3,0,,0.0,0.0,0.0,0.0,Dormant
500838832,"FLEX,SS,HOSE,3/8"",FNPT,775MMLG",Heller FAR,3,0,,0.0,0.0,0.0,0.0,Dormant
500838834,"HARD,TUBE,SANIT,CONN,RADIATOR",Heller FAR,3,0,,0.0,0.0,0.0,0.0,Dormant
500838920,SQY BLADE ASM 60 DEG 350MM,DEK Galaxy,1,0,,0.0,0.0,0.0,0.0,No-history
500839673,"ASM, ELEC, LEAK SENSOR, LUMISOURCE",KnS Formic Acid BVDS,1,0,,0.0,0.0,0.0,0.0,No-history
500839674,"SASM, HEAT, C09-54259, BVDS",KnS Formic Acid BVDS,1,0,,0.0,0.0,0.0,0.0,No-history
500839675,"SASM, HEAT, C10-54975, BVDS",KnS Formic Acid BVDS,1,0,,0.0,0.0,0.0,0.0,No-history
500839676,"SASM, HEAT, C10-55050, BVDS",KnS Formic Acid BVDS,1,0,,0.0,0.0,0.0,0.0,No-history
500839677,"SASM, HEAT, C10-55064, BVDS",KnS Formic Acid BVDS,1,0,,0.0,0.0,0.0,0.0,No-history
500839678,"SASM, HEAT, C10-55065, BVDS",KnS Formic Acid BVDS,1,0,,0.0,0.0,0.0,0.0,No-history
500839679,"SASM, HEAT, VALVE: PV22, BVDS",KnS Formic Acid BVDS,1,0,,0.0,0.0,0.0,0.0,No-history
500839680,"SASM, HOTBOX HEATER, INTEGRAL CONNECTOR",KnS Formic Acid BVDS,1,0,,0.0,0.0,0.0,0.0,No-history
500839681,"SPOOL, OUTLET STICK HB",KnS Formic Acid BVDS,1,0,,0.0,0.0,0.0,0.0,No-history
500839682,"DISC, BURST, 200PSIG AT 150C, 316",KnS Formic Acid BVDS,1,0,,0.0,0.0,0.0,0.0,No-history
500839683,"FILTER, 0.3 MICRON, NI, 4VCR GASKET",KnS Formic Acid BVDS,2,0,,0.0,0.0,0.0,0.0,Dormant
500839684,"FILTER, 0.4 MICRON, NI, 8VCR GASKET",KnS Formic Acid BVDS,2,0,,0.0,0.0,0.0,0.0,Dormant
500839685,"FILTER, 1780 SERIES, .003 UM, SS",KnS Formic Acid BVDS,2,0,,0.0,0.0,0.0,0.0,Dormant
500839686,"GASKET, 02, VCR, NICKEL",KnS Formic Acid BVDS,1,0,,0.0,0.0,0.0,0.0,No-history
500839687,"GASKET, 04, VCR, NICKEL",KnS Formic Acid BVDS,1,0,,0.0,0.0,0.0,0.0,No-history
500839688,"GASKET, 08, VCR, NICKEL",KnS Formic Acid BVDS,1,0,,0.0,0.0,0.0,0.0,No-history
500839689,"GAUGE, SWITCH, 0-100, PSI/BAR, CBM",KnS Formic Acid BVDS,1,0,,0.0,0.0,0.0,0.0,No-history
500839690,"HMI, TOUCH SCRN, 12IN, TFT, COLOR",KnS Formic Acid BVDS,1,0,,0.0,0.0,0.0,0.0,No-history
500839691,"INSULATOR, SENSOR ACC, PIEZOCON",KnS Formic Acid BVDS,1,0,,0.0,0.0,0.0,0.0,No-history
500839692,"PLC, MODULE, BUS POWER IN, DIN RAIL",KnS Formic Acid BVDS,1,0,,0.0,0.0,0.0,0.0,No-history
500839693,"PLC, MODULE, IO POWER IN, 10A, DIN RAIL",KnS Formic Acid BVDS,1,0,,0.0,0.0,0.0,0.0,No-history
500839694,"PURIFIER, ALL GASES, 2SLPM, 4MVCR",KnS Formic Acid BVDS,1,0,,0.0,0.0,0.0,0.0,No-history
500839695,"REG, 64-5400, PRES, GAS, NON TIED",KnS Formic Acid BVDS,1,0,,0.0,0.0,0.0,0.0,No-history
500839696,"REG, BACK PRESSURE, 0-100, 1/2",KnS Formic Acid BVDS,1,0,,0.0,0.0,0.0,0.0,No-history
500839697,"REG, PRESSURE, GAS, 600 IN, 100",KnS Formic Acid BVDS,1,0,,0.0,0.0,0.0,0.0,No-history
500839698,"RELAY, SSR, 280V, SPST, 6A, 1CH, DIN",KnS Formic Acid BVDS,1,0,,0.0,0.0,0.0,0.0,No-history
500839699,"TRANSDUCER, 100PSIA, 1-6VDC, 6P",KnS Formic Acid BVDS,1,0,,0.0,0.0,0.0,0.0,No-history
500839700,"VAC. GEN., EJECTOR, 316L SS, 27""HG",KnS Formic Acid BVDS,1,0,,0.0,0.0,0.0,0.0,No-history
500839701,"VALVE,ISO,KD,MAN,LOTO,LP,DPH,065",KnS Formic Acid BVDS,1,0,,0.0,0.0,0.0,0.0,No-history
500839702,"VALVE,ISO,KD,MAN,LOTO,LP,DPH,066",KnS Formic Acid BVDS,1,0,,0.0,0.0,0.0,0.0,No-history
500839703,"VALVE,ISO,KD,MAN,LOTO,LP,DPH,067",KnS Formic Acid BVDS,1,0,,0.0,0.0,0.0,0.0,No-history
500839704,"VALVE, ISO, KD, PNEU, NC, LP",KnS Formic Acid BVDS,1,0,,0.0,0.0,0.0,0.0,No-history
500839705,"VALVE, ISO, KD, PNEU, NC, LP, DPH, 069",KnS Formic Acid BVDS,1,0,,0.0,0.0,0.0,0.0,No-history
500839706,"VALVE, ISO, KD4, MAN, LOTO, LP",KnS Formic Acid BVDS,1,0,,0.0,0.0,0.0,0.0,No-history
500839707,"VALVE, ISO, VLD, MAN, LP, DPH",KnS Formic Acid BVDS,1,0,,0.0,0.0,0.0,0.0,No-history
500839708,"VALVE, ISO, VLD, PNEU, NC, LP, DPH, 072",KnS Formic Acid BVDS,1,0,,0.0,0.0,0.0,0.0,No-history
500839709,"VALVE, ISO, VLD, PNEU, NC, LP, DPH, 073",KnS Formic Acid BVDS,1,0,,0.0,0.0,0.0,0.0,No-history
500839710,"VALVE, ISO, VLD, PNEU, NC, LP, DPH, 074",KnS Formic Acid BVDS,1,0,,0.0,0.0,0.0,0.0,No-history
500839711,"VALVE, PNEU, NC, 04FVCR, 4.0L BLEED",KnS Formic Acid BVDS,1,0,,0.0,0.0,0.0,0.0,No-history
500839712,"VALVE, PNEU, NC, LOW PRESSURE, HIGH",KnS Formic Acid BVDS,1,0,,0.0,0.0,0.0,0.0,No-history
500839713,"VALVE, PNEU, NC, LP, HIGH TEMP, 077",KnS Formic Acid BVDS,1,0,,0.0,0.0,0.0,0.0,No-history
500839714,"VALVE, PNEU, NC, LP, HIGH TEMP, 078",KnS Formic Acid BVDS,1,0,,0.0,0.0,0.0,0.0,No-history
500839715,"VALVE, PNEU, NC, LP, HIGH TEMP, 079",KnS Formic Acid BVDS,1,0,,0.0,0.0,0.0,0.0,No-history
500839716,"VALVE, PROPORTIONAL, VLV-132",KnS Formic Acid BVDS,1,0,,0.0,0.0,0.0,0.0,No-history
500839717,"VLV, CHECK, CV2, 04FVCR X 04MVCR",KnS Formic Acid BVDS,1,0,,0.0,0.0,0.0,0.0,No-history
500839718,"VLV, CHECK, CV2, 04MVCR, 3PSIG",KnS Formic Acid BVDS,1,0,,0.0,0.0,0.0,0.0,No-history
500839719,"VLV, CHECK, CV4, 08MVCR, 3PSIG",KnS Formic Acid BVDS,1,0,,0.0,0.0,0.0,0.0,No-history
500839720,"HEATER, FINNED STRIP, 300W, 240V",KnS Formic Acid BVDS,1,0,,0.0,0.0,0.0,0.0,No-history
500839721,"ATOMIZER, SMALL, SCREWED, 9/16-18",KnS Formic Acid BVDS,1,0,,0.0,0.0,0.0,0.0,No-history
500839722,"CABLE ASM, HEATER, 50W, INSERTION, BVDS",KnS Formic Acid BVDS,1,0,,0.0,0.0,0.0,0.0,No-history
500839723,"CABLE ASM, THERMAL SENSOR, 12"" INSERTION",KnS Formic Acid BVDS,1,0,,0.0,0.0,0.0,0.0,No-history
500839724,"CABLE ASM, THERMAL SENSOR, ADHESIVE, 12""",KnS Formic Acid BVDS,1,0,,0.0,0.0,0.0,0.0,No-history
500839725,"CABLE ASM, HEATER, SPIRAL, 1/2"" 100",KnS Formic Acid BVDS,1,0,,0.0,0.0,0.0,0.0,No-history
500839726,"CABLE ASM, HEATER, SPIRAL, 1/2"" 101",KnS Formic Acid BVDS,1,0,,0.0,0.0,0.0,0.0,No-history
500839727,"CABLE ASM, HEATER, SPIRAL, 1/2"" 102",KnS Formic Acid BVDS,1,0,,0.0,0.0,0.0,0.0,No-history
500839728,"CABLE ASM, HEATER, SPIRAL, 1/2"" 103",KnS Formic Acid BVDS,1,0,,0.0,0.0,0.0,0.0,No-history
500839729,"CABLE ASM, HEATER, SPIRAL, 1/2"" 104",KnS Formic Acid BVDS,1,0,,0.0,0.0,0.0,0.0,No-history
500839730,"CABLE ASM, HEATER, SPIRAL, 1/2"" 105",KnS Formic Acid BVDS,1,0,,0.0,0.0,0.0,0.0,No-history
500839731,"CABLE ASM, HEATER, SPIRAL, 1/2"" 106",KnS Formic Acid BVDS,1,0,,0.0,0.0,0.0,0.0,No-history
500839732,"CABLE ASM, HEATER, SPIRAL, 1/2"" 107",KnS Formic Acid BVDS,1,0,,0.0,0.0,0.0,0.0,No-history
500839733,"CABLE ASM, HEATER, SPIRAL, 1/2"" 108",KnS Formic Acid BVDS,1,0,,0.0,0.0,0.0,0.0,No-history
500839734,"CABLE ASM, HEATER, SPIRAL, 3/8""",KnS Formic Acid BVDS,1,0,,0.0,0.0,0.0,0.0,No-history
500839735,"CIRCUIT BREAKER, MINI, THERM/MAG 110",KnS Formic Acid BVDS,1,0,,0.0,0.0,0.0,0.0,No-history
500839736,"CIRCUIT BREAKER, MINI, THERM/MAG 111",KnS Formic Acid BVDS,1,0,,0.0,0.0,0.0,0.0,No-history
500839737,"CIRCUIT BREAKER, MINI, THERM/MAG 112",KnS Formic Acid BVDS,1,0,,0.0,0.0,0.0,0.0,No-history
500839738,"CIRCUIT BREAKER, MINI, THERM/MAG 113",KnS Formic Acid BVDS,1,0,,0.0,0.0,0.0,0.0,No-history
500839739,"CIRCUIT BREAKER, MINI, THERM/MAG 114",KnS Formic Acid BVDS,1,0,,0.0,0.0,0.0,0.0,No-history
500839740,"CIRCUIT BREAKER, THERMAL-MAGNETIC",KnS Formic Acid BVDS,1,0,,0.0,0.0,0.0,0.0,No-history
500839741,"HEATER, BAND, 750W, 220VAC",KnS Formic Acid BVDS,1,0,,0.0,0.0,0.0,0.0,No-history
500839742,"HEATER, CARTRIDGE, 1000W, 208V",KnS Formic Acid BVDS,1,0,,0.0,0.0,0.0,0.0,No-history
500839743,"HEATER, RECTANGULAR, CONNECTION",KnS Formic Acid BVDS,1,0,,0.0,0.0,0.0,0.0,No-history
500839744,"HEATER, ROD, 50W, 240V, 1/8IN X",KnS Formic Acid BVDS,1,0,,0.0,0.0,0.0,0.0,No-history
500839745,"HEATER, SILICONE, C09-54259",KnS Formic Acid BVDS,1,0,,0.0,0.0,0.0,0.0,No-history
500839746,"HEATER, SPIRAL, 1/2"", 230MM AT 80%",KnS Formic Acid BVDS,1,0,,0.0,0.0,0.0,0.0,No-history
500839747,"HEATER, SPIRAL, 1/2"", 250MM AT 80%",KnS Formic Acid BVDS,1,0,,0.0,0.0,0.0,0.0,No-history
500839748,"ORIFICE, 1525M (0.060""), 1/8"" VCR",KnS Formic Acid BVDS,1,0,,0.0,0.0,0.0,0.0,No-history
500839749,"ORIFICE, 175U, 1/4VCR, NI",KnS Formic Acid BVDS,1,0,,0.0,0.0,0.0,0.0,No-history
500839750,"ORIFICE, 1775M (0.070""), 1/8"" VCR",KnS Formic Acid BVDS,1,0,,0.0,0.0,0.0,0.0,No-history
500839751,"ORIFICE, 2025M (0.080""), 1/8"" VCR",KnS Formic Acid BVDS,1,0,,0.0,0.0,0.0,0.0,No-history
500839752,"PLC, MODULE, TEMP, 4 PT, RTD, 0.1C",KnS Formic Acid BVDS,1,0,,0.0,0.0,0.0,0.0,No-history
500839753,"RTD, PT100, 72IN, BOLT-ON, BRASS",KnS Formic Acid BVDS,1,0,,0.0,0.0,0.0,0.0,No-history
500839754,"SASM, HEATER, SILICONE, C09-54259,135",KnS Formic Acid BVDS,1,0,,0.0,0.0,0.0,0.0,No-history
500839755,"SASM, HEATER, SILICONE, C09-54259,136",KnS Formic Acid BVDS,1,0,,0.0,0.0,0.0,0.0,No-history
500839756,"SENSOR, LIQUID LEAK, OPT, ON DRY",KnS Formic Acid BVDS,1,0,,0.0,0.0,0.0,0.0,No-history
500839757,"THERMOSTAT, BIMETAL, SNAP DISC",KnS Formic Acid BVDS,1,0,,0.0,0.0,0.0,0.0,No-history
500839758,"VALVE, ISO, KD, PNEU, NC, LP, DPH, 143",KnS Formic Acid BVDS,1,0,,0.0,0.0,0.0,0.0,No-history
500839759,"VALVE, PNEU, NC, HIGH TEMP 120C",KnS Formic Acid BVDS,1,0,,0.0,0.0,0.0,0.0,No-history
500840085,REPAIR OF PLASMA JET RD1004S,"Grohmann,MFM-220",3,0,,0.0,0.0,0.0,0.0,Dormant
500840315,"LOWER BONDHEAD, HT5, 33MM",KnS TCX3,2,1,2.0,0.0,0.5,0.95,0.9,Intermittent
500840316,"LOWER,BONDHEAD,HT5,33MM,REPAIRED",KnS TCX3,4,0,,0.0,0.0,0.0,0.0,Dormant
500841908,INTERLOCK_TOP_COVER_TERM,KnS TCX3,4,0,,0.0,0.0,0.0,0.0,Dormant
500841909,CBL_VAPORLINE_K_TC_EXT A00-01,KnS TCX3,3,0,,0.0,0.0,0.0,0.0,Dormant
500841910,CBL_VAPORLINE_K_TC_EXT B00-01,KnS TCX3,3,0,,0.0,0.0,0.0,0.0,Dormant
500841911,FAN_ECB_ENCL_TERM A00-00,KnS TCX3,3,0,,0.0,0.0,0.0,0.0,Dormant
500841912,FAN_ECB_ENCL_TERM B00-00,KnS TCX3,3,0,,0.0,0.0,0.0,0.0,Dormant
500841913,BLUE LIGHT SIGNAL BEACON,KnS TCX3,4,0,,0.0,0.0,0.0,0.0,Dormant
500841914,SOLID STATE RELAY 380 VAC/5A,KnS TCX3,3,0,,0.0,0.0,0.0,0.0,Dormant
500841915,"POWER SUPPLY TERMINAL 24V DC, 2A",KnS TCX3,3,0,,0.0,0.0,0.0,0.0,Dormant
500841916,SWITCH PRES -5MBAR SP -2.5MBAR RP 6372,KnS TCX3,3,0,,0.0,0.0,0.0,0.0,Dormant
500841917,FUSE 500V IEC SLO 5X20MM 2A,KnS TCX3,6,0,,0.0,0.0,0.0,0.0,Dormant
500841918,FUSE 500V IEC SLO 5X20MM 3.15A,KnS TCX3,6,0,,0.0,0.0,0.0,0.0,Dormant
500841919,FUSE 500V IEC SLO 5X20MM 4A,KnS TCX3,3,0,,0.0,0.0,0.0,0.0,Dormant
500841920,FUSE 500V IEC SLO 5X20MM 6.3A,KnS TCX3,6,2,3.0,0.0,1.0,0.9828,0.4887,Intermittent
500841921,FUSE CERAMIC 8A 500VAC 3AB 3AG,KnS TCX3,3,0,,0.0,-1.667,-4.75,,Dormant
500841922,"POWER SUPPLY, AC/DC, 1-PHASE, 12V, 1.3A",KnS TCX3,3,0,,0.0,0.0,0.0,0.0,Dormant
500841923,"THERMOCOUPLE,MINI PANEL JACK,TYPE K",KnS TCX3,3,0,,0.0,0.0,0.0,0.0,Dormant
500841924,"SENSOR,RKI ESU TYPE,FORMIC ACID,0-15PPM",KnS TCX3,4,0,,0.0,0.0,0.0,0.0,Dormant
500841925,"FILTER, AIR, N2",KnS TCX3,4,0,,0.0,0.0,0.0,0.0,Dormant
500841926,"FILTER, PTFE DISC, 1UM",KnS TCX3,6,0,,0.0,0.0,0.0,0.0,Dormant
500841927,"TRANSMITTER_DIFF PRES 0-5"" WC 4-20 MA",KnS TCX3,3,0,,0.0,0.0,0.0,0.0,Dormant
500841928,"SENSOR, DIGITAL AIR FLOW, W/IO-LINK",KnS TCX3,4,0,,0.0,0.0,0.0,0.0,Dormant
500841929,"SWITCH, DIGITAL FLOW",KnS TCX3,4,0,,0.0,0.0,0.0,0.0,Dormant
500841930,"SOLENOID VALVE, BASE MOUNT, 1/4 FNPT",KnS TCX3,3,0,,0.0,0.0,0.0,0.0,Dormant
500841931,"VALVE, SHUT OFF",KnS TCX3,3,0,,0.0,0.0,0.0,0.0,Dormant
500841932,"O-RINGS 80 DUROMETER, PURPLE, EPDM",KnS TCX3,6,0,,0.0,0.0,0.0,0.0,Dormant
500841933,"O-RING, EPDM, DASH 140, 3/32"" WIDTH",KnS TCX3,6,0,,0.0,0.0,0.0,0.0,Dormant
500842545,"CABLE ASM, WYE, POWER, HOTBOX HEATER",KnS TCX3,1,0,,0.0,0.0,0.0,0.0,No-history
500842546,"SASM, HEAT, VALVES: PV10, PV11, MV7",KnS TCX3,1,0,,0.0,0.0,0.0,0.0,No-history
500842547,"CABLE ASM, DED, PIEZOCON, RECEIVE",KnS TCX3,1,0,,0.0,0.0,0.0,0.0,No-history
500842548,"CABLE ASM, DED, PIEZOCON, TRANSMIT",KnS TCX3,1,0,,0.0,0.0,0.0,0.0,No-history
500842549,"CABLE ASM, J1 VAPOR CONCENTRATION OP,4M",KnS TCX3,1,0,,0.0,0.0,0.0,0.0,No-history
500842550,"CIRCUIT BREAKER, ELEC, 1P, 24VDC,SELECT",KnS TCX3,1,0,,0.0,0.0,0.0,0.0,No-history
500842551,"CIRCUIT BREAKER, THER-MAG,2P,VAC&VDC,2A",KnS TCX3,1,0,,0.0,0.0,0.0,0.0,No-history
500842552,"CIRCUIT BREAKER, THER-MAG,3P,240VAC,40A",KnS TCX3,1,0,,0.0,0.0,0.0,0.0,No-history
500842553,"CIRCUIT BREAKER, THER-MAG,3P,240VAC,50A",KnS TCX3,1,0,,0.0,0.0,0.0,0.0,No-history
500842554,"CNTLR,TEMP,CNTLR MODULE, 8CH,IP,RELAY",KnS TCX3,1,0,,0.0,0.0,0.0,0.0,No-history
500842555,"CNTLR,TEMP,ACCESS MODULE,ETHERNET IP",KnS TCX3,1,0,,0.0,0.0,0.0,0.0,No-history
500842556,"DRIVE, VALVE, 24VDC, 1PH",KnS TCX3,1,0,,0.0,0.0,0.0,0.0,No-history
500842557,"MASS FLOW CONTROLLER, GF40, N2, 50L",KnS TCX3,1,0,,0.0,0.0,0.0,0.0,No-history
500842558,"PLC, MODULE, AI, 8 PT, 24VDC, VOLTAGE",KnS TCX3,1,0,,0.0,0.0,0.0,0.0,No-history
500842559,"PLC,MODULE,AI,8 PT,CURRENT,8000 RES",KnS TCX3,1,0,,0.0,0.0,0.0,0.0,No-history
500842560,"PLC, MODULE, AO, 4 PT, 24VDC, VOLTAGE",KnS TCX3,1,0,,0.0,0.0,0.0,0.0,No-history
500842561,"PLC, MODULE, AO, 4PT, CURRENT, 8000 RES",KnS TCX3,1,0,,0.0,0.0,0.0,0.0,No-history
500842562,"PLC,MOD,CPU,ETHERNET/IP,ECAT,32 MOD,24V",KnS TCX3,1,0,,0.0,0.0,0.0,0.0,No-history
500842563,"PLC, MODULE, DI, 32 PT, 24VDC PNP",KnS TCX3,1,0,,0.0,0.0,0.0,0.0,No-history
500842564,"PLC, MODULE, DO, 32 PT, 12-24VDC PNP",KnS TCX3,1,0,,0.0,0.0,0.0,0.0,No-history
500842565,"PLC, MODULE, TEMP, 4 PT, RTD, 0.1C RES",KnS TCX3,1,0,,0.0,0.0,0.0,0.0,No-history
500842566,"PS, 100-240V, 24VDC, 240W, 10A",KnS TCX3,1,0,,0.0,0.0,0.0,0.0,No-history
500842567,"PS , 100VAC-240VAC, 24VDC, 60W, 2.5A",KnS TCX3,1,0,,0.0,0.0,0.0,0.0,No-history
500842568,"REDUNDANCY UNIT, UNO, 5-24VDC, 2 X 10A",KnS TCX3,1,0,,0.0,0.0,0.0,0.0,No-history
500842569,"RELAY, TDR, DELAY ON, DELAY OFF, PULSE",KnS TCX3,1,0,,0.0,0.0,0.0,0.0,No-history
500842570,"SOLENOID VALVE,DUAL 3PORT,NC,24VDC,1/8""",KnS TCX3,1,0,,0.0,0.0,0.0,0.0,No-history
500842571,"SPD, TYPE 1, 2CH, W/REMOTE IND, 120VAC",KnS TCX3,1,0,,0.0,0.0,0.0,0.0,No-history
500842572,"SPD,TYPE 1,4CH,W/REMOTE IND,120/208VAC",KnS TCX3,1,0,,0.0,0.0,0.0,0.0,No-history
500843088,"FLT,1/4"",NPTPRT,VITON O-RG,316LSS HOUS",KnS TCX3,1,0,,0.0,0.0,0.0,0.0,No-history
500843090,"FILTER ELEMENT,PTFE SEALS,10 MICRON,S",KnS TCX3,6,0,,0.0,0.0,0.0,0.0,Dormant
500843757,DIGITAL FLOW SENSOR WITH CONNECTOR ASSY,GENERIC;KnS TCX3,3,0,,0.0,0.0,0.0,0.0,Dormant
500843786,MIDAS GAS DETECTOR,"ASM-Pacific,Phoenix",3,0,,0.0,0.0,0.0,0.0,Dormant
500844484,"51190,S,1MM,22.436X12.023",TCB_Generic,3,0,,0.0,0.0,0.0,0.0,Dormant
500845125,STAINLESS STEEL COVER 455X135MM,TCB Generic,1,0,,0.0,0.0,0.0,0.0,No-history
500845152,"35MM,UP/DN,TILT,VACUUM,PARALLELISM,GAUGE",KnS TCX3;GENERIC,3,0,,0.0,0.0,0.0,0.0,Dormant
500845670,CBL_TOOL_FLOW_SENS_EXT,GENERIC;KnS TCX3,5,0,,0.0,0.0,0.0,0.0,Dormant
500847308,3/8 PTF VALVED IN-LINE COUPLING INSERT,KnS TCX3,3,0,,0.0,0.0,0.0,0.0,Dormant
500849249,MAC SOLENOID VALVE 24VDC 120PSI,Asymtek S932,1,0,,0.0,0.0,0.0,0.0,No-history
500849251,ALKON BRASS FITTING 1/4INCH,Asymtek S932,1,0,,0.0,0.0,0.0,0.0,No-history
500849252,STEEL QUICK COUPLING 5MM,Asymtek S932,1,0,,0.0,0.0,0.0,0.0,No-history
500849421,PFA ADJUSTABLE DIAPHRAGM VALVE MV01,Heller 2017 Formic Acid,3,0,,0.0,0.0,0.0,0.0,Dormant
500850195,O2 ANALYZER MODULE,KnS TCX3;Generic,2,0,,0.0,0.0,0.0,0.0,Dormant
500850389,"FA ABATEMENT HEATER SUBASSY, LEFT",KnS TCX3,3,0,,0.0,0.0,0.0,0.0,Dormant
500850390,"FA ABATEMENT HEATER SUBASSY, RIGHT",KnS TCX3,3,0,,0.0,0.0,0.0,0.0,Dormant
500851919,WASHER FLAT SMALL OD M2.5 SST,KnS TCX3,1,0,,0.0,0.0,0.0,0.0,No-history
500851920,WASHER SPLIT LOCK M2.5 SST,KnS TCX3,1,0,,0.0,0.0,0.0,0.0,No-history
500851921,SCREW HEX SKT HD CAP M2.5X8 SST,KnS TCX3,1,0,,0.0,0.0,0.0,0.0,No-history
500852110,"KIT, O-RING, 615 TANK COV. BRN. VITON",Asymtek S922;Asymtek S932;Asymtek S2-932,1,0,,0.0,0.0,0.0,0.0,No-history
500852369,"FITTING, SS CHECK VALVE, 3/8IN X 3/8IN",TCB_Generic;KnS TCX3,1,0,,0.0,0.0,0.0,0.0,No-history
500852370,"FITTING, SS CHECK VALVE, 1/2IN X 1/2IN",TCB_Generic;KnS TCX3,1,0,,0.0,0.0,0.0,0.0,No-history
500852770,"PLACE TOOL 33,SISIC501,31.89X22.89X0.5",KnS TCX3,4,0,,0.0,0.0,0.0,0.0,Dormant
500852771,"PLACE TOOL 33,SISIC501,10.88X08.15X0.5",KnS TCX3,3,0,,0.0,0.0,0.0,0.0,Dormant
500852772,"VACUUM CRANE, 3X1 MATRIX,72.5X87.5",KnS TCX3,4,0,,0.0,0.0,0.0,0.0,Dormant
500852773,"BOND CHUCK, 3X1 MATRIX,72.5X87.5X2.03",KnS TCX3,4,0,,0.0,0.0,0.0,0.0,Dormant
500852774,"PREHEAT CHUCK, 3X1 MATRIX,72.5X87.5",KnS TCX3,4,0,,0.0,0.0,0.0,0.0,Dormant
500852775,"PRECISOR, 3X1 MATRIX,72.5X87.5",KnS TCX3,4,0,,0.0,0.0,0.0,0.0,Dormant
500855197,COMPUTER ASSY CPU WINDOWS 2000,"Delta JLP, JTP;Generic",2,0,,0.0,0.0,0.0,0.0,Dormant
500856878,CRANE SUCTION CUP ADAPTER,KnS TCX3,3,0,,0.0,0.0,0.0,0.0,Dormant
500857422,"BRACKET, SENSOR ASSY, NOZZLE, RT",KnS TCX3,3,0,,0.0,0.0,0.0,0.0,Dormant
500860543,"AP PRISM OPTICS ASSY, RIGHT",KnS TCX3,1,0,,0.0,0.0,0.0,0.0,No-history
500862389,"PROP. VALVE 1/8"", CONTROL VALVE","PLASMATREAT, APPJox_PTU1612",2,0,,0.0,0.0,0.0,0.0,Dormant
500863505,BS PEDESTAL ASSY (CFC)(45X37.5X0.17),"ASM-Pacific,Phoenix",4,0,,0.0,0.0,0.0,0.0,Dormant
500863506,"51235,L,1MM,27.700X15.328","ASM-Pacific,Phoenix",4,0,,0.0,0.0,0.0,0.0,Dormant
500865229,"VACUUM CRANE, 3x2 MATRIX,77.5x56.5",KnS TCX3,3,0,,0.0,0.0,0.0,0.0,Dormant
500865230,"BOND CHUCK, 3x2 MATRIX,77.5x56.5x1.80",KnS TCX3,3,0,,0.0,0.0,0.0,0.0,Dormant
500865231,"PREHEAT CHUCK, 3X2 MATRIX,77.5X56.5",KnS TCX3,3,0,,0.0,0.0,0.0,0.0,Dormant
500865232,"PRECISOR, 3x2 MATRIX,77.5x56.5",KnS TCX3,3,0,,0.0,0.0,0.0,0.0,Dormant
500866673,O2 GAS SENSOR,KnS TCX3,1,1,1.0,0.0,8.0,8.0,8.0,No-history
500867251,"DIE VALVE SENSOR ASSY, Y-SLIDE, LT",KnS TCX3,1,1,1.0,0.0,3.0,3.0,3.0,No-history
500867252,"DIE VALVE SENSOR ASSY, Y-SLIDE, RT",KnS TCX3,1,0,,0.0,0.0,0.0,0.0,No-history
500867390,CAP FILM 100UF 10% 63VDC RAD,TCB_Generic;KnS TCX3,1,0,,0.0,0.0,0.0,0.0,No-history
500867431,"AP PRISM OPTICS ASSY, LEFT",KnS TCX3,1,0,,0.0,0.0,0.0,0.0,No-history
500867812,TEMPERATURE SENSOR ASSY NEW SENSOR HEAD,KnS TCX3,1,0,,0.0,0.0,0.0,0.0,No-history
500867813,"REFILL VESSEL SET, TANK, FA",KnS TCX3;KnS Formic Acid BVDS,1,1,1.0,0.0,1.0,1.0,1.0,No-history
500867814,"REFILL HOSE SET, VESSEL, FA",KnS Formic Acid BVDS;KnS TCX3,1,0,,0.0,0.0,0.0,0.0,No-history
500867816,"DRAIN HOSE SET, BUBBLER TO VESSEL, FA",KnS TCX3;KnS Formic Acid BVDS,1,0,,0.0,0.0,0.0,0.0,No-history
500870024,"GEN 1 COG DIE MED, ECP 2026, ENTIRE SET",KnS TCX3,1,0,,0.0,0.0,0.0,0.0,No-history
500870488,AVERAGING FLOW SENSOR (EXHAUST),KnS TCX3,1,0,,0.0,0.0,0.0,0.0,No-history
500870674,"PLACE TOOL 33,SISIC501,31.27X22.26X0.5",KnS TCX3,2,0,,0.0,0.0,0.0,0.0,Dormant
500870866,ESUS-K233M RKI SENSOR,KnS TCX3;KnS Formic Acid BVDS,1,0,,0.0,0.0,0.0,0.0,No-history
500871163,CLEAN AIR FILTER-RESIN W/OUT BRACKET,KnS TCX3;GENERIC,2,0,,0.0,0.0,0.0,0.0,Dormant
500872163,"FA,BUBLR,C4,CHK,VAL,SS,1/2,SILCO",GENERIC;KnS TCX3,2,0,,0.0,0.0,0.0,0.0,Dormant
500872164,"FA,BUBLR,C5,C8,CHK,VAL,SS,3/8,SILCO",KnS TCX3;GENERIC,2,0,,0.0,0.0,0.0,0.0,Dormant
500872168,PTFE ROUND LUMP (FOR PEDESTAL CLEANING),"ASM-Pacific,Phoenix",2,0,,0.0,0.0,0.0,0.0,Dormant
500877452,CONTROLLER2XDUALDRIVE/1XHVDRIVEDPLL/DPLR,KnS TCX3,1,0,,0.0,0.0,0.0,0.0,No-history
500878944,MASS FLOW CONTROLLER W/O POWER SUPPLY,KnS TCX3,1,0,,0.0,0.0,0.0,0.0,No-history
