item_id,route,consumable,priority,sfm_criticality,mu_day,L,T,SL,distribution,phi,new_min,new_rop,new_max,min_qty,rop_qty,max_qty,factory_recommended_new_min,factory_recommended_new_rop,factory_recommended_new_max,err_min,err_rop,err_max,match_min,match_rop,match_max,sizing_note
233173035,active,constant,True,M,0.0136986301369863,12.0,30,0.95,nbinom,1.891,1,1,3,0.0,0.0,1.0,0.0,3.0,4.0,1.0,-2.0,-1.0,True,False,True,active
233173068,dormant,none,False,D,0.0,20.0,30,0.9,none,,0,0,0,0.0,0.0,0.0,0.0,0.0,0.0,0.0,0.0,0.0,True,True,True,non-critical dormant: review
233173191,active,constant,True,M,0.03287671232876712,100.0,30,0.95,nbinom,1.884,5,8,10,0.0,0.0,1.0,0.0,0.0,1.0,5.0,8.0,9.0,False,False,False,active
233305886,dormant,none,False,,0.0,35.0,30,0.95,none,,0,0,0,0.0,0.0,1.0,0.0,0.0,1.0,0.0,0.0,-1.0,True,True,True,non-critical dormant: review
233571199,dormant,none,False,,0.0,14.0,30,0.95,none,,0,0,0,0.0,0.0,1.0,0.0,0.0,0.0,0.0,0.0,0.0,True,True,True,non-critical dormant: review
233571200,active,constant,True,M,0.00821917808219178,14.0,30,0.95,nbinom,1.903,1,1,2,0.0,0.0,1.0,0.0,3.0,4.0,1.0,-2.0,-2.0,True,False,False,active
433007032,dormant,none,False,,0.0,49.0,30,0.95,none,,0,0,0,0.0,0.0,1.0,0.0,0.0,1.0,0.0,0.0,-1.0,True,True,True,non-critical dormant: review
433014137,dormant,none,False,,0.0,20.0,30,0.95,none,,0,0,0,0.0,0.0,0.0,0.0,0.0,0.0,0.0,0.0,0.0,True,True,True,non-critical dormant: review
433014140,dormant,none,False,,0.0,20.0,30,0.95,none,,0,0,0,0.0,0.0,0.0,0.0,0.0,0.0,0.0,0.0,0.0,True,True,True,non-critical dormant: review
433014178,dormant,none,False,,0.0,35.0,30,0.95,none,,0,0,0,0.0,0.0,0.0,0.0,0.0,0.0,0.0,0.0,0.0,True,True,True,non-critical dormant: review
433014199,dormant,none,False,,0.0,25.0,30,0.95,none,,0,0,0,0.0,0.0,0.0,0.0,0.0,0.0,0.0,0.0,0.0,True,True,True,non-critical dormant: review
433014376,dormant,none,False,,0.0,15.0,30,0.95,none,,0,0,0,0.0,0.0,0.0,0.0,0.0,0.0,0.0,0.0,0.0,True,True,True,non-critical dormant: review
433029016,active,constant,True,H,1.7534246575342465,13.0,30,0.99,poisson,1.0,13,35,100,17.0,77.0,121.0,17.0,77.0,121.0,-4.0,-42.0,-21.0,False,False,False,active
433029019,dormant,none,False,,0.0,10.0,30,0.95,none,,0,0,0,0.0,0.0,0.0,0.0,0.0,0.0,0.0,0.0,0.0,True,True,True,non-critical dormant: review
433029122,dormant,none,False,,0.0,10.0,30,0.95,none,,0,0,0,0.0,0.0,0.0,0.0,0.0,0.0,0.0,0.0,0.0,True,True,True,non-critical dormant: review
433029136,dormant,none,False,D,0.0,30.0,30,0.9,none,,0,0,0,0.0,0.0,1.0,0.0,0.0,1.0,0.0,0.0,-1.0,True,True,True,non-critical dormant: review
433029182,dormant,none,False,,0.0,10.0,30,0.95,none,,0,0,0,0.0,0.0,0.0,0.0,0.0,0.0,0.0,0.0,0.0,True,True,True,non-critical dormant: review
433029189,dormant,none,False,,0.0,10.0,30,0.95,none,,0,0,0,0.0,0.0,0.0,0.0,0.0,0.0,0.0,0.0,0.0,True,True,True,non-critical dormant: review
433029194,active,constant,True,H,7.5917808219178085,13.0,30,0.99,nbinom,2.988,44,142,403,0.0,0.0,0.0,0.0,0.0,1.0,44.0,142.0,402.0,False,False,False,active
433029228,dormant,none,False,,0.0,10.0,30,0.95,none,,0,0,0,0.0,0.0,0.0,0.0,0.0,0.0,0.0,0.0,0.0,True,True,True,non-critical dormant: review
433029235,dormant,none,False,D,0.0,10.0,30,0.9,none,,0,0,0,0.0,0.0,0.0,0.0,0.0,0.0,0.0,0.0,0.0,True,True,True,non-critical dormant: review
433029254,dying,dying,False,L,0.0027397260273972603,38.0,30,0.9,nbinom,3.0,0,0,1,0.0,0.0,1.0,0.0,2.0,3.0,0.0,-2.0,-2.0,True,False,False,"dying: demand ceased, review"
433029297,dormant,none,False,D,0.0,21.0,30,0.9,none,,0,0,0,0.0,0.0,1.0,0.0,0.0,1.0,0.0,0.0,-1.0,True,True,True,non-critical dormant: review
433029327,dormant,none,False,,0.0,10.0,30,0.95,none,,0,0,0,0.0,0.0,0.0,0.0,0.0,0.0,0.0,0.0,0.0,True,True,True,non-critical dormant: review
433029343,dormant,none,False,,0.0,10.0,30,0.95,none,,0,0,0,0.0,0.0,0.0,0.0,0.0,0.0,0.0,0.0,0.0,True,True,True,non-critical dormant: review
433033017,dormant,none,False,,0.0,10.0,30,0.95,none,,0,0,0,0.0,0.0,0.0,0.0,0.0,0.0,0.0,0.0,0.0,True,True,True,non-critical dormant: review
433033029,dormant,none,False,,0.0,10.0,30,0.95,none,,0,0,0,0.0,0.0,0.0,0.0,0.0,0.0,0.0,0.0,0.0,True,True,True,non-critical dormant: review
433040033,active,constant,True,H,0.36164383561643837,70.0,30,0.99,nbinom,1.624,17,42,56,50.0,71.0,81.0,0.0,55.0,72.0,17.0,-13.0,-16.0,False,False,False,active
433040104,dormant,none,False,D,0.0,13.0,30,0.9,none,,0,0,0,0.0,0.0,1.0,0.0,0.0,1.0,0.0,0.0,-1.0,True,True,True,non-critical dormant: review
433040115,dying,dying,False,L,0.0027397260273972603,13.0,30,0.9,nbinom,5.0,0,0,1,0.0,1.0,2.0,0.0,1.0,2.0,0.0,-1.0,-1.0,True,True,True,"dying: demand ceased, review"
433040136,active,constant,True,L,0.0136986301369863,30.0,30,0.9,nbinom,5.0,1,1,3,0.0,5.0,10.0,0.0,3.0,6.0,1.0,-2.0,-3.0,True,False,False,active
433040178,dormant,none,False,D,0.0,10.0,30,0.9,none,,0,0,0,0.0,0.0,1.0,0.0,0.0,1.0,0.0,0.0,-1.0,True,True,True,non-critical dormant: review
433040183,dormant,none,False,,0.0,49.0,30,0.95,none,,0,0,0,0.0,0.0,0.0,0.0,0.0,0.0,0.0,0.0,0.0,True,True,True,non-critical dormant: review
433040184,active,constant,True,M,0.6027397260273972,13.0,30,0.95,nbinom,2.776,10,17,41,0.0,61.0,67.0,0.0,30.0,36.0,10.0,-13.0,5.0,False,False,False,active
433040189,dormant,none,False,,0.0,13.0,30,0.95,none,,0,0,0,0.0,0.0,0.0,0.0,0.0,0.0,0.0,0.0,0.0,True,True,True,non-critical dormant: review
433040202,dormant,none,False,,0.0,10.0,30,0.95,none,,0,0,0,0.0,0.0,0.0,0.0,0.0,0.0,0.0,0.0,0.0,True,True,True,non-critical dormant: review
433040205,dormant,none,False,,0.0,10.0,30,0.95,none,,0,0,0,0.0,0.0,0.0,0.0,0.0,0.0,0.0,0.0,0.0,True,True,True,non-critical dormant: review
433040206,dormant,none,False,,0.0,49.0,30,0.95,none,,0,0,0,0.0,0.0,0.0,0.0,0.0,0.0,0.0,0.0,0.0,True,True,True,non-critical dormant: review
433040233,dormant,none,False,D,0.0,35.0,30,0.9,none,,0,0,0,0.0,0.0,1.0,0.0,0.0,1.0,0.0,0.0,-1.0,True,True,True,non-critical dormant: review
433040236,dormant,none,False,D,0.0,15.0,30,0.9,none,,0,0,0,0.0,0.0,1.0,0.0,0.0,1.0,0.0,0.0,-1.0,True,True,True,non-critical dormant: review
433040239,dormant,none,False,,0.0,10.0,30,0.95,none,,0,0,0,0.0,0.0,0.0,0.0,0.0,0.0,0.0,0.0,0.0,True,True,True,non-critical dormant: review
433040243,dormant,none,False,D,0.0,13.0,30,0.9,none,,0,0,0,0.0,0.0,0.0,0.0,0.0,0.0,0.0,0.0,0.0,True,True,True,non-critical dormant: review
433040255,dying,dying,False,L,0.0,13.0,30,0.9,nbinom,5.0,0,0,1,0.0,0.0,1.0,0.0,0.0,1.0,0.0,0.0,0.0,True,True,True,"dying: demand ceased, review"
433040258,dormant,none,False,D,0.0,10.0,30,0.9,none,,0,0,0,0.0,0.0,1.0,0.0,0.0,1.0,0.0,0.0,-1.0,True,True,True,non-critical dormant: review
433040259,dying,dying,False,M,0.010958904109589041,13.0,30,0.95,nbinom,3.14,1,1,3,1.0,2.0,3.0,1.0,2.0,3.0,0.0,-1.0,0.0,True,True,True,"dying: demand ceased, review"
433040263,dormant,none,False,D,0.0,35.0,30,0.9,none,,0,0,0,0.0,0.0,1.0,0.0,0.0,1.0,0.0,0.0,-1.0,True,True,True,non-critical dormant: review
433040266,active,constant,True,H,0.06027397260273973,9.0,30,0.99,nbinom,1.649,4,4,8,3.0,4.0,5.0,3.0,4.0,5.0,1.0,0.0,3.0,True,True,False,active
433040273,dormant,none,False,,0.0,10.0,30,0.95,none,,0,0,0,0.0,0.0,0.0,0.0,0.0,0.0,0.0,0.0,0.0,True,True,True,non-critical dormant: review
433040280,dying,dying,False,L,0.0,10.0,30,0.9,nbinom,5.0,0,0,1,0.0,0.0,1.0,0.0,0.0,1.0,0.0,0.0,0.0,True,True,True,"dying: demand ceased, review"
433040290,dormant,none,False,,0.0,10.0,30,0.95,none,,0,0,0,0.0,0.0,0.0,0.0,0.0,0.0,0.0,0.0,0.0,True,True,True,non-critical dormant: review
433046099,dormant,none,False,,0.0,35.0,30,0.95,none,,0,0,0,0.0,0.0,0.0,0.0,0.0,0.0,0.0,0.0,0.0,True,True,True,non-critical dormant: review
433046106,dormant,none,False,,0.0,35.0,30,0.95,none,,0,0,0,0.0,0.0,0.0,0.0,0.0,0.0,0.0,0.0,0.0,True,True,True,non-critical dormant: review
433046109,dormant,none,False,,0.0,15.0,30,0.95,none,,0,0,0,0.0,0.0,0.0,0.0,0.0,0.0,0.0,0.0,0.0,True,True,True,non-critical dormant: review
433046129,dormant,none,False,,0.0,15.0,30,0.95,none,,0,0,0,0.0,0.0,0.0,0.0,0.0,0.0,0.0,0.0,0.0,True,True,True,non-critical dormant: review
433046171,dormant,none,False,,0.0,21.0,30,0.95,none,,0,0,0,0.0,0.0,0.0,0.0,0.0,0.0,0.0,0.0,0.0,True,True,True,non-critical dormant: review
433046172,dormant,none,False,,0.0,25.0,30,0.95,none,,0,0,0,0.0,0.0,0.0,0.0,0.0,0.0,0.0,0.0,0.0,True,True,True,non-critical dormant: review
433046213,dormant,none,False,,0.0,25.0,30,0.95,none,,0,0,0,0.0,0.0,0.0,0.0,0.0,0.0,0.0,0.0,0.0,True,True,True,non-critical dormant: review
433063234,dormant,none,False,,0.0,25.0,30,0.95,none,,0,0,0,0.0,0.0,0.0,0.0,0.0,0.0,0.0,0.0,0.0,True,True,True,non-critical dormant: review
433063442,dormant,none,False,,0.0,20.0,30,0.95,none,,0,0,0,0.0,0.0,0.0,0.0,0.0,0.0,0.0,0.0,0.0,True,True,True,non-critical dormant: review
433063443,dormant,none,False,,0.0,42.0,30,0.95,none,,0,0,0,0.0,0.0,1.0,0.0,0.0,1.0,0.0,0.0,-1.0,True,True,True,non-critical dormant: review
433070677,dormant,none,False,D,0.0,13.0,30,0.9,none,,0,0,0,0.0,0.0,0.0,0.0,0.0,0.0,0.0,0.0,0.0,True,True,True,non-critical dormant: review
433070696,dying,dying,False,L,0.0027397260273972603,10.0,30,0.9,nbinom,5.0,0,0,1,0.0,0.0,1.0,0.0,0.0,1.0,0.0,0.0,0.0,True,True,True,"dying: demand ceased, review"
433083014,dormant,none,False,,0.0,15.0,30,0.95,none,,0,0,0,0.0,0.0,0.0,0.0,0.0,0.0,0.0,0.0,0.0,True,True,True,non-critical dormant: review
433090045,dormant,none,False,,0.0,14.0,30,0.95,none,,0,0,0,0.0,0.0,0.0,0.0,0.0,0.0,0.0,0.0,0.0,True,True,True,non-critical dormant: review
433105010,dormant,none,False,,0.0,15.0,30,0.95,none,,0,0,0,0.0,0.0,0.0,0.0,0.0,0.0,0.0,0.0,0.0,True,True,True,non-critical dormant: review
433105022,dormant,none,False,,0.0,15.0,30,0.95,none,,0,0,0,0.0,0.0,0.0,0.0,0.0,0.0,0.0,0.0,0.0,True,True,True,non-critical dormant: review
433165011,dormant,none,False,,0.0,56.0,30,0.95,none,,0,0,0,0.0,0.0,1.0,0.0,0.0,1.0,0.0,0.0,-1.0,True,True,True,non-critical dormant: review
433165019,dormant,none,False,D,0.0,10.0,30,0.9,none,,0,0,0,0.0,0.0,1.0,0.0,0.0,1.0,0.0,0.0,-1.0,True,True,True,non-critical dormant: review
433165022,dormant,none,False,D,0.0,25.0,30,0.9,none,,0,0,0,0.0,0.0,1.0,0.0,0.0,1.0,0.0,0.0,-1.0,True,True,True,non-critical dormant: review
433165023,dormant,none,False,,0.0,42.0,30,0.95,none,,0,0,0,0.0,0.0,1.0,0.0,0.0,1.0,0.0,0.0,-1.0,True,True,True,non-critical dormant: review
433165024,dormant,none,False,,0.0,35.0,30,0.95,none,,0,0,0,0.0,0.0,1.0,0.0,0.0,1.0,0.0,0.0,-1.0,True,True,True,non-critical dormant: review
433165025,dormant,none,False,D,0.0,21.0,30,0.9,none,,0,0,0,0.0,0.0,1.0,0.0,0.0,1.0,0.0,0.0,-1.0,True,True,True,non-critical dormant: review
433165026,dormant,none,False,,0.0,30.0,30,0.95,none,,0,0,0,0.0,0.0,0.0,0.0,0.0,0.0,0.0,0.0,0.0,True,True,True,non-critical dormant: review
433165034,dormant,none,False,D,0.0,90.0,30,0.9,none,,0,0,0,0.0,0.0,0.0,0.0,0.0,0.0,0.0,0.0,0.0,True,True,True,non-critical dormant: review
433165035,dormant,none,False,D,0.0,60.0,30,0.9,none,,0,0,0,0.0,0.0,1.0,0.0,0.0,1.0,0.0,0.0,-1.0,True,True,True,non-critical dormant: review
433165045,dormant,none,False,D,0.0,27.0,30,0.9,none,,0,0,0,0.0,0.0,1.0,0.0,0.0,1.0,0.0,0.0,-1.0,True,True,True,non-critical dormant: review
433165047,dormant,none,False,,0.0,17.0,30,0.95,none,,0,0,0,0.0,0.0,1.0,0.0,0.0,1.0,0.0,0.0,-1.0,True,True,True,non-critical dormant: review
433165055,dormant,none,False,D,0.0,42.0,30,0.9,none,,0,0,0,0.0,0.0,0.0,0.0,0.0,0.0,0.0,0.0,0.0,True,True,True,non-critical dormant: review
433165056,dormant,none,False,,0.0,30.0,30,0.95,none,,0,0,0,0.0,0.0,0.0,0.0,0.0,0.0,0.0,0.0,0.0,True,True,True,non-critical dormant: review
433165067,dormant,none,False,,0.0,50.0,30,0.95,none,,0,0,0,0.0,0.0,1.0,0.0,0.0,1.0,0.0,0.0,-1.0,True,True,True,non-critical dormant: review
433165069,dormant,none,False,D,0.0,42.0,30,0.9,none,,0,0,0,0.0,0.0,1.0,0.0,0.0,1.0,0.0,0.0,-1.0,True,True,True,non-critical dormant: review
433165090,dormant,none,False,D,0.0,126.0,30,0.9,none,,0,0,0,0.0,0.0,1.0,0.0,0.0,1.0,0.0,0.0,-1.0,True,True,True,non-critical dormant: review
433165097,dormant,none,False,,0.0,35.0,30,0.95,none,,0,0,0,0.0,0.0,1.0,0.0,0.0,1.0,0.0,0.0,-1.0,True,True,True,non-critical dormant: review
433165098,dormant,none,False,,0.0,35.0,30,0.95,none,,0,0,0,0.0,0.0,0.0,0.0,0.0,0.0,0.0,0.0,0.0,True,True,True,non-critical dormant: review
433165099,dormant,none,False,,0.0,20.0,30,0.95,none,,0,0,0,0.0,0.0,1.0,0.0,0.0,1.0,0.0,0.0,-1.0,True,True,True,non-critical dormant: review
433165100,dormant,none,False,,0.0,35.0,30,0.95,none,,0,0,0,0.0,0.0,1.0,0.0,0.0,1.0,0.0,0.0,-1.0,True,True,True,non-critical dormant: review
433165106,dormant,none,False,,0.0,35.0,30,0.95,none,,0,0,0,0.0,0.0,1.0,0.0,0.0,1.0,0.0,0.0,-1.0,True,True,True,non-critical dormant: review
433165107,dormant,none,False,,0.0,35.0,30,0.95,none,,0,0,0,0.0,0.0,0.0,0.0,0.0,0.0,0.0,0.0,0.0,True,True,True,non-critical dormant: review
433165108,dormant,none,False,,0.0,20.0,30,0.95,none,,0,0,0,0.0,0.0,0.0,0.0,0.0,0.0,0.0,0.0,0.0,True,True,True,non-critical dormant: review
433165111,dormant,none,False,D,0.0,35.0,30,0.9,none,,0,0,0,0.0,0.0,1.0,0.0,0.0,1.0,0.0,0.0,-1.0,True,True,True,non-critical dormant: review
433165121,dormant,none,False,D,0.0,42.0,30,0.9,none,,0,0,0,0.0,0.0,1.0,0.0,0.0,1.0,0.0,0.0,-1.0,True,True,True,non-critical dormant: review
433165122,dormant,none,False,D,0.0,30.0,30,0.9,none,,0,0,0,0.0,0.0,1.0,0.0,0.0,1.0,0.0,0.0,-1.0,True,True,True,non-critical dormant: review
433165123,dormant,none,False,,0.0,20.0,30,0.95,none,,0,0,0,0.0,0.0,1.0,0.0,0.0,1.0,0.0,0.0,-1.0,True,True,True,non-critical dormant: review
433165131,dormant,none,False,,0.0,84.0,30,0.95,none,,0,0,0,0.0,0.0,0.0,0.0,0.0,0.0,0.0,0.0,0.0,True,True,True,non-critical dormant: review
433165138,dormant,none,False,D,0.0,35.0,30,0.9,none,,0,0,0,0.0,0.0,0.0,0.0,0.0,0.0,0.0,0.0,0.0,True,True,True,non-critical dormant: review
433165140,dormant,none,False,,0.0,35.0,30,0.95,none,,0,0,0,0.0,0.0,0.0,0.0,0.0,0.0,0.0,0.0,0.0,True,True,True,non-critical dormant: review
433165142,dormant,none,False,,0.0,35.0,30,0.95,none,,0,0,0,0.0,0.0,0.0,0.0,0.0,0.0,0.0,0.0,0.0,True,True,True,non-critical dormant: review
433173001,dormant,none,False,,0.0,25.0,30,0.95,none,,0,0,0,0.0,0.0,0.0,0.0,0.0,0.0,0.0,0.0,0.0,True,True,True,non-critical dormant: review
433173005,dormant,none,False,,0.0,15.0,30,0.95,none,,0,0,0,0.0,0.0,0.0,0.0,0.0,0.0,0.0,0.0,0.0,True,True,True,non-critical dormant: review
433197563,dormant,none,False,D,0.0,42.0,30,0.9,none,,0,0,0,0.0,0.0,1.0,0.0,0.0,1.0,0.0,0.0,-1.0,True,True,True,non-critical dormant: review
433223011,dormant,none,False,D,0.0,17.0,30,0.9,none,,0,0,0,0.0,0.0,1.0,0.0,0.0,1.0,0.0,0.0,-1.0,True,True,True,non-critical dormant: review
433271036,dying,dying,False,L,0.005479452054794521,14.0,30,0.9,nbinom,3.0,0,0,1,0.0,0.0,1.0,0.0,0.0,1.0,0.0,0.0,0.0,True,True,True,"dying: demand ceased, review"
433309119,dormant,none,False,,0.0,15.0,30,0.95,none,,0,0,0,0.0,0.0,0.0,0.0,0.0,0.0,0.0,0.0,0.0,True,True,True,non-critical dormant: review
433315034,dormant,none,False,,0.0,20.0,30,0.95,none,,0,0,0,0.0,0.0,0.0,0.0,0.0,0.0,0.0,0.0,0.0,True,True,True,non-critical dormant: review
433333004,dormant,none,False,D,0.0,28.0,30,0.9,none,,0,0,0,0.0,0.0,1.0,0.0,0.0,1.0,0.0,0.0,-1.0,True,True,True,non-critical dormant: review
433333021,dormant,none,False,,0.0,42.0,30,0.95,none,,0,0,0,0.0,0.0,1.0,0.0,0.0,1.0,0.0,0.0,-1.0,True,True,True,non-critical dormant: review
433333026,dormant,none,False,,0.0,20.0,30,0.95,none,,0,0,0,0.0,0.0,0.0,0.0,0.0,0.0,0.0,0.0,0.0,True,True,True,non-critical dormant: review
433333027,dormant,none,False,,0.0,20.0,30,0.95,none,,0,0,0,0.0,0.0,0.0,0.0,0.0,0.0,0.0,0.0,0.0,True,True,True,non-critical dormant: review
433333060,dormant,none,False,,0.0,35.0,30,0.95,none,,0,0,0,0.0,0.0,1.0,0.0,0.0,1.0,0.0,0.0,-1.0,True,True,True,non-critical dormant: review
433333068,dormant,none,False,D,0.0,15.0,30,0.9,none,,0,0,0,0.0,0.0,1.0,0.0,0.0,1.0,0.0,0.0,-1.0,True,True,True,non-critical dormant: review
433427062,dormant,none,False,,0.0,35.0,30,0.95,none,,0,0,0,0.0,0.0,0.0,0.0,0.0,0.0,0.0,0.0,0.0,True,True,True,non-critical dormant: review
433450423,dormant,none,False,D,0.0,35.0,30,0.9,none,,0,0,0,0.0,0.0,1.0,0.0,0.0,1.0,0.0,0.0,-1.0,True,True,True,non-critical dormant: review
433495047,dormant,none,False,,0.0,15.0,30,0.95,none,,0,0,0,0.0,0.0,0.0,0.0,0.0,0.0,0.0,0.0,0.0,True,True,True,non-critical dormant: review
433630060,dormant,none,False,,0.0,20.0,30,0.95,none,,0,0,0,0.0,0.0,0.0,0.0,0.0,0.0,0.0,0.0,0.0,True,True,True,non-critical dormant: review
433749022,dormant,none,False,,0.0,28.0,30,0.95,none,,0,0,0,0.0,0.0,1.0,0.0,0.0,1.0,0.0,0.0,-1.0,True,True,True,non-critical dormant: review
433760000,dormant,none,False,D,0.0,7.0,30,0.9,none,,0,0,0,0.0,0.0,1.0,0.0,0.0,1.0,0.0,0.0,-1.0,True,True,True,non-critical dormant: review
433760002,dormant,none,False,D,0.0,28.0,30,0.9,none,,0,0,0,0.0,0.0,1.0,0.0,0.0,1.0,0.0,0.0,-1.0,True,True,True,non-critical dormant: review
433760006,dormant,none,False,D,0.0,35.0,30,0.9,none,,0,0,0,0.0,0.0,1.0,0.0,0.0,0.0,0.0,0.0,0.0,True,True,True,non-critical dormant: review
433760008,dormant,none,False,,0.0,28.0,30,0.95,none,,0,0,0,0.0,0.0,0.0,0.0,0.0,0.0,0.0,0.0,0.0,True,True,True,non-critical dormant: review
433760011,dormant,none,False,D,0.0,14.0,30,0.9,none,,0,0,0,0.0,0.0,1.0,0.0,0.0,1.0,0.0,0.0,-1.0,True,True,True,non-critical dormant: review
433760012,dormant,none,False,D,0.0,15.0,30,0.9,none,,0,0,0,0.0,0.0,1.0,0.0,0.0,1.0,0.0,0.0,-1.0,True,True,True,non-critical dormant: review
433760014,dying,dying,False,L,0.0027397260273972603,21.0,30,0.9,nbinom,5.0,0,0,1,0.0,0.0,1.0,0.0,0.0,1.0,0.0,0.0,0.0,True,True,True,"dying: demand ceased, review"
433760016,dying,dying,False,L,0.8767123287671232,7.0,30,0.9,nbinom,5.0,7,13,49,0.0,0.0,1.0,0.0,0.0,1.0,7.0,13.0,48.0,False,False,False,"dying: demand ceased, review"
433760017,dormant,none,False,D,0.0,21.0,30,0.9,none,,0,0,0,0.0,0.0,1.0,0.0,0.0,1.0,0.0,0.0,-1.0,True,True,True,non-critical dormant: review
433760018,dormant,none,False,D,0.0,35.0,30,0.9,none,,0,0,0,0.0,0.0,1.0,0.0,0.0,1.0,0.0,0.0,-1.0,True,True,True,non-critical dormant: review
433760020,dormant,none,False,,0.0,21.0,30,0.95,none,,0,0,0,0.0,0.0,0.0,0.0,0.0,0.0,0.0,0.0,0.0,True,True,True,non-critical dormant: review
433760021,dormant,none,False,D,0.0,22.0,30,0.9,none,,0,0,0,0.0,0.0,0.0,0.0,0.0,0.0,0.0,0.0,0.0,True,True,True,non-critical dormant: review
433760022,active,constant,True,M,0.01643835616438356,20.0,30,0.95,nbinom,1.729,2,2,3,0.0,0.0,1.0,0.0,1.0,2.0,2.0,1.0,1.0,False,True,True,active
433780394,dormant,none,False,D,0.0,20.0,30,0.9,none,,0,0,0,0.0,0.0,0.0,0.0,0.0,0.0,0.0,0.0,0.0,True,True,True,non-critical dormant: review
433780396,dormant,none,False,,0.0,15.0,30,0.95,none,,0,0,0,0.0,0.0,0.0,0.0,0.0,0.0,0.0,0.0,0.0,True,True,True,non-critical dormant: review
433780409,dormant,none,False,,0.0,35.0,30,0.95,none,,0,0,0,0.0,0.0,0.0,0.0,0.0,0.0,0.0,0.0,0.0,True,True,True,non-critical dormant: review
433786023,dormant,none,False,,0.0,35.0,30,0.95,none,,0,0,0,0.0,0.0,0.0,0.0,0.0,0.0,0.0,0.0,0.0,True,True,True,non-critical dormant: review
433786025,dormant,none,False,,0.0,35.0,30,0.95,none,,0,0,0,0.0,0.0,0.0,0.0,0.0,0.0,0.0,0.0,0.0,True,True,True,non-critical dormant: review
433786144,dormant,none,False,,0.0,26.0,30,0.95,none,,0,0,0,0.0,0.0,0.0,0.0,0.0,0.0,0.0,0.0,0.0,True,True,True,non-critical dormant: review
433787046,dormant,none,False,,0.0,15.0,30,0.95,none,,0,0,0,0.0,0.0,0.0,0.0,0.0,0.0,0.0,0.0,0.0,True,True,True,non-critical dormant: review
433787131,dormant,none,False,,0.0,15.0,30,0.95,none,,0,0,0,0.0,0.0,0.0,0.0,0.0,0.0,0.0,0.0,0.0,True,True,True,non-critical dormant: review
433787132,dormant,none,False,,0.0,15.0,30,0.95,none,,0,0,0,0.0,0.0,0.0,0.0,0.0,0.0,0.0,0.0,0.0,True,True,True,non-critical dormant: review
433788097,dormant,none,False,,0.0,15.0,30,0.95,none,,0,0,0,0.0,0.0,0.0,0.0,0.0,0.0,0.0,0.0,0.0,True,True,True,non-critical dormant: review
433789037,dormant,none,False,,0.0,15.0,30,0.95,none,,0,0,0,0.0,0.0,0.0,0.0,0.0,0.0,0.0,0.0,0.0,True,True,True,non-critical dormant: review
433789065,dormant,none,False,,0.0,35.0,30,0.95,none,,0,0,0,0.0,0.0,0.0,0.0,0.0,0.0,0.0,0.0,0.0,True,True,True,non-critical dormant: review
433789075,dormant,none,False,,0.0,35.0,30,0.95,none,,0,0,0,0.0,0.0,0.0,0.0,0.0,0.0,0.0,0.0,0.0,True,True,True,non-critical dormant: review
433789079,dormant,none,False,,0.0,35.0,30,0.95,none,,0,0,0,0.0,0.0,0.0,0.0,0.0,0.0,0.0,0.0,0.0,True,True,True,non-critical dormant: review
433789106,dormant,none,False,,0.0,25.0,30,0.95,none,,0,0,0,0.0,0.0,0.0,0.0,0.0,0.0,0.0,0.0,0.0,True,True,True,non-critical dormant: review
433789111,dormant,none,False,,0.0,15.0,30,0.95,none,,0,0,0,0.0,0.0,0.0,0.0,0.0,0.0,0.0,0.0,0.0,True,True,True,non-critical dormant: review
433789137,dormant,none,False,,0.0,15.0,30,0.95,none,,0,0,0,0.0,0.0,0.0,0.0,0.0,0.0,0.0,0.0,0.0,True,True,True,non-critical dormant: review
433789149,dormant,none,False,,0.0,35.0,30,0.95,none,,0,0,0,0.0,0.0,0.0,0.0,0.0,0.0,0.0,0.0,0.0,True,True,True,non-critical dormant: review
433789153,dormant,none,False,,0.0,35.0,30,0.95,none,,0,0,0,0.0,0.0,0.0,0.0,0.0,0.0,0.0,0.0,0.0,True,True,True,non-critical dormant: review
433789154,dormant,none,False,,0.0,35.0,30,0.95,none,,0,0,0,0.0,0.0,0.0,0.0,0.0,0.0,0.0,0.0,0.0,True,True,True,non-critical dormant: review
433789172,dormant,none,False,,0.0,25.0,30,0.95,none,,0,0,0,0.0,0.0,0.0,0.0,0.0,0.0,0.0,0.0,0.0,True,True,True,non-critical dormant: review
433789173,dormant,none,False,,0.0,35.0,30,0.95,none,,0,0,0,0.0,0.0,0.0,0.0,0.0,0.0,0.0,0.0,0.0,True,True,True,non-critical dormant: review
433789203,dormant,none,False,,0.0,35.0,30,0.95,none,,0,0,0,0.0,0.0,0.0,0.0,0.0,0.0,0.0,0.0,0.0,True,True,True,non-critical dormant: review
433789216,dormant,none,False,,0.0,35.0,30,0.95,none,,0,0,0,0.0,0.0,0.0,0.0,0.0,0.0,0.0,0.0,0.0,True,True,True,non-critical dormant: review
433789224,dormant,none,False,,0.0,21.0,30,0.95,none,,0,0,0,0.0,0.0,0.0,0.0,0.0,0.0,0.0,0.0,0.0,True,True,True,non-critical dormant: review
433789225,dormant,none,False,,0.0,21.0,30,0.95,none,,0,0,0,0.0,0.0,0.0,0.0,0.0,0.0,0.0,0.0,0.0,True,True,True,non-critical dormant: review
433789226,dormant,none,False,,0.0,25.0,30,0.95,none,,0,0,0,0.0,0.0,0.0,0.0,0.0,0.0,0.0,0.0,0.0,True,True,True,non-critical dormant: review
433789229,dormant,none,False,,0.0,35.0,30,0.95,none,,0,0,0,0.0,0.0,0.0,0.0,0.0,0.0,0.0,0.0,0.0,True,True,True,non-critical dormant: review
433789231,dormant,none,False,,0.0,15.0,30,0.95,none,,0,0,0,0.0,0.0,0.0,0.0,0.0,0.0,0.0,0.0,0.0,True,True,True,non-critical dormant: review
433789258,dormant,none,False,,0.0,15.0,30,0.95,none,,0,0,0,0.0,0.0,0.0,0.0,0.0,0.0,0.0,0.0,0.0,True,True,True,non-critical dormant: review
433789265,dormant,none,False,,0.0,35.0,30,0.95,none,,0,0,0,0.0,0.0,0.0,0.0,0.0,0.0,0.0,0.0,0.0,True,True,True,non-critical dormant: review
433789266,dormant,none,False,,0.0,35.0,30,0.95,none,,0,0,0,0.0,0.0,0.0,0.0,0.0,0.0,0.0,0.0,0.0,True,True,True,non-critical dormant: review
433789272,dormant,none,False,,0.0,21.0,30,0.95,none,,0,0,0,0.0,0.0,0.0,0.0,0.0,0.0,0.0,0.0,0.0,True,True,True,non-critical dormant: review
433789285,dormant,none,False,,0.0,25.0,30,0.95,none,,0,0,0,0.0,0.0,0.0,0.0,0.0,0.0,0.0,0.0,0.0,True,True,True,non-critical dormant: review
433789320,dormant,none,False,,0.0,15.0,30,0.95,none,,0,0,0,0.0,0.0,0.0,0.0,0.0,0.0,0.0,0.0,0.0,True,True,True,non-critical dormant: review
433789331,dormant,none,False,,0.0,35.0,30,0.95,none,,0,0,0,0.0,0.0,0.0,0.0,0.0,0.0,0.0,0.0,0.0,True,True,True,non-critical dormant: review
433881046,dormant,none,False,,0.0,35.0,30,0.95,none,,0,0,0,0.0,0.0,0.0,0.0,0.0,0.0,0.0,0.0,0.0,True,True,True,non-critical dormant: review
500021811,dormant,none,False,,0.0,10.0,30,0.95,none,,0,0,0,0.0,0.0,0.0,0.0,0.0,0.0,0.0,0.0,0.0,True,True,True,non-critical dormant: review
500028883,dormant,none,False,,0.0,10.0,30,0.95,none,,0,0,0,0.0,0.0,0.0,0.0,0.0,0.0,0.0,0.0,0.0,True,True,True,non-critical dormant: review
500028886,dormant,none,False,,0.0,10.0,30,0.95,none,,0,0,0,0.0,0.0,0.0,0.0,0.0,0.0,0.0,0.0,0.0,True,True,True,non-critical dormant: review
500028888,active,constant,True,H,120.35616438356165,85.0,30,0.99,poisson,1.0,236,10466,14115,1877.0,14031.0,17142.0,501.0,14031.0,17142.0,-265.0,-3565.0,-3027.0,False,False,False,active
500029787,dormant,none,False,,0.0,10.0,30,0.95,none,,0,0,0,0.0,0.0,1.0,0.0,0.0,1.0,0.0,0.0,-1.0,True,True,True,non-critical dormant: review
500029789,active,constant,True,H,0.5780821917808219,35.0,30,0.99,poisson,1.0,11,31,53,12.0,40.0,56.0,20.0,50.0,100.0,-9.0,-19.0,-47.0,False,False,False,active
500030511,dormant,none,False,,0.0,25.0,30,0.95,none,,0,0,0,0.0,0.0,0.0,0.0,0.0,0.0,0.0,0.0,0.0,True,True,True,non-critical dormant: review
500030939,dying,dying,False,M,0.005479452054794521,13.0,30,0.95,nbinom,3.0,0,0,2,0.0,0.0,0.0,0.0,0.0,1.0,0.0,0.0,1.0,True,True,True,"dying: demand ceased, review"
500032840,dormant,none,False,L,0.0,14.0,30,0.9,none,,0,0,0,0.0,0.0,1.0,0.0,0.0,1.0,0.0,0.0,-1.0,True,True,True,non-critical dormant: review
500032845,active,constant,True,D,0.0027397260273972603,25.0,30,0.9,nbinom,5.0,0,0,1,0.0,0.0,1.0,0.0,0.0,1.0,0.0,0.0,0.0,True,True,True,active
500032846,dying,dying,False,L,0.0027397260273972603,14.0,30,0.9,nbinom,5.0,0,0,1,0.0,0.0,1.0,0.0,0.0,1.0,0.0,0.0,0.0,True,True,True,"dying: demand ceased, review"
500032879,dormant,none,False,,0.0,25.0,30,0.95,none,,0,0,0,0.0,0.0,0.0,0.0,0.0,0.0,0.0,0.0,0.0,True,True,True,non-critical dormant: review
500032880,dormant,none,False,,0.0,35.0,30,0.95,none,,0,0,0,0.0,0.0,0.0,0.0,0.0,0.0,0.0,0.0,0.0,True,True,True,non-critical dormant: review
500032882,dormant,none,False,,0.0,35.0,30,0.95,none,,0,0,0,0.0,0.0,0.0,0.0,0.0,0.0,0.0,0.0,0.0,True,True,True,non-critical dormant: review
500032884,dormant,none,False,,0.0,25.0,30,0.95,none,,0,0,0,0.0,0.0,0.0,0.0,0.0,0.0,0.0,0.0,0.0,True,True,True,non-critical dormant: review
500032886,dormant,none,False,,0.0,25.0,30,0.95,none,,0,0,0,0.0,0.0,0.0,0.0,0.0,0.0,0.0,0.0,0.0,True,True,True,non-critical dormant: review
500032887,dormant,none,False,,0.0,25.0,30,0.95,none,,0,0,0,0.0,0.0,0.0,0.0,0.0,0.0,0.0,0.0,0.0,True,True,True,non-critical dormant: review
500032890,dormant,none,False,,0.0,25.0,30,0.95,none,,0,0,0,0.0,0.0,0.0,0.0,0.0,0.0,0.0,0.0,0.0,True,True,True,non-critical dormant: review
500034650,dormant,none,False,D,0.0,30.0,30,0.9,none,,0,0,0,0.0,0.0,0.0,0.0,0.0,0.0,0.0,0.0,0.0,True,True,True,non-critical dormant: review
500034651,dormant,none,False,,0.0,10.0,30,0.95,none,,0,0,0,0.0,0.0,0.0,0.0,0.0,0.0,0.0,0.0,0.0,True,True,True,non-critical dormant: review
500035612,dying,dying,False,L,0.0,30.0,30,0.9,nbinom,5.0,0,0,1,0.0,100.0,133.0,0.0,0.0,46.0,0.0,0.0,-45.0,True,True,False,"dying: demand ceased, review"
500035613,dying,dying,False,L,0.0,30.0,30,0.9,nbinom,5.0,0,0,1,0.0,0.0,1.0,0.0,0.0,1.0,0.0,0.0,0.0,True,True,True,"dying: demand ceased, review"
500035614,dying,dying,False,L,0.038356164383561646,30.0,30,0.9,nbinom,3.256,2,3,6,0.0,2.0,3.0,0.0,2.0,3.0,2.0,1.0,3.0,False,True,False,"dying: demand ceased, review"
500036200,dormant,none,False,,0.0,20.0,30,0.95,none,,0,0,0,0.0,0.0,1.0,0.0,0.0,1.0,0.0,0.0,-1.0,True,True,True,non-critical dormant: review
500036688,dying,dying,False,L,0.0,10.0,30,0.9,nbinom,5.0,0,0,1,0.0,0.0,1.0,0.0,0.0,1.0,0.0,0.0,0.0,True,True,True,"dying: demand ceased, review"
500036786,dormant,none,False,,0.0,10.0,30,0.95,none,,0,0,0,0.0,0.0,0.0,0.0,0.0,0.0,0.0,0.0,0.0,True,True,True,non-critical dormant: review
500037025,dormant,none,False,D,0.0,25.0,30,0.9,none,,0,0,0,0.0,0.0,0.0,0.0,0.0,0.0,0.0,0.0,0.0,True,True,True,non-critical dormant: review
500041272,active,constant,True,M,0.030136986301369864,13.0,30,0.95,nbinom,1.5,2,2,4,1.0,2.0,3.0,1.0,2.0,3.0,1.0,0.0,1.0,True,True,True,active
500041275,dormant,none,False,,0.0,30.0,30,0.95,none,,0,0,0,0.0,0.0,0.0,0.0,0.0,0.0,0.0,0.0,0.0,True,True,True,non-critical dormant: review
500041276,dying,dying,False,M,0.024657534246575342,30.0,30,0.95,nbinom,3.0,4,4,6,1.0,3.0,4.0,0.0,3.0,4.0,4.0,1.0,2.0,False,True,False,"dying: demand ceased, review"
500041281,dormant,none,False,D,0.0,25.0,30,0.9,none,,0,0,0,0.0,0.0,1.0,0.0,0.0,1.0,0.0,0.0,-1.0,True,True,True,non-critical dormant: review
500041283,active,constant,True,M,0.021917808219178082,13.0,30,0.95,nbinom,1.856,2,2,4,0.0,2.0,4.0,0.0,1.0,2.0,2.0,1.0,2.0,False,True,False,active
500041305,dormant,none,False,,0.0,14.0,30,0.95,none,,0,0,0,0.0,0.0,1.0,0.0,0.0,1.0,0.0,0.0,-1.0,True,True,True,non-critical dormant: review
500041306,dying,dying,False,M,0.0136986301369863,12.0,30,0.95,nbinom,3.0,1,1,3,0.0,0.0,1.0,0.0,0.0,1.0,1.0,1.0,2.0,True,True,False,"dying: demand ceased, review"
500041307,dying,dying,False,L,0.0,21.0,30,0.9,nbinom,5.0,0,0,1,0.0,0.0,1.0,0.0,2.0,3.0,0.0,-2.0,-2.0,True,False,False,"dying: demand ceased, review"
500041331,dormant,none,False,D,0.0,25.0,30,0.9,none,,0,0,0,0.0,0.0,1.0,0.0,0.0,1.0,0.0,0.0,-1.0,True,True,True,non-critical dormant: review
500042582,dormant,none,False,,0.0,20.0,30,0.95,none,,0,0,0,0.0,0.0,1.0,0.0,0.0,1.0,0.0,0.0,-1.0,True,True,True,non-critical dormant: review
500042913,dormant,none,False,,0.0,25.0,30,0.95,none,,0,0,0,0.0,0.0,0.0,0.0,0.0,0.0,0.0,0.0,0.0,True,True,True,non-critical dormant: review
500042922,dying,dying,False,M,0.0027397260273972603,13.0,30,0.95,nbinom,4.025,0,0,1,0.0,0.0,0.0,0.0,0.0,1.0,0.0,0.0,0.0,True,True,True,"dying: demand ceased, review"
500043000,dormant,none,False,D,0.0,13.0,30,0.9,none,,0,0,0,0.0,0.0,0.0,0.0,0.0,0.0,0.0,0.0,0.0,True,True,True,non-critical dormant: review
500043002,active,constant,True,L,0.0027397260273972603,13.0,30,0.9,nbinom,5.0,0,0,1,0.0,0.0,1.0,0.0,0.0,1.0,0.0,0.0,0.0,True,True,True,active
500043003,dying,dying,False,L,0.021917808219178082,30.0,30,0.9,nbinom,5.0,2,2,4,3.0,4.0,5.0,0.0,0.0,1.0,2.0,2.0,3.0,False,False,False,"dying: demand ceased, review"
500043662,dormant,none,False,L,0.0,10.0,30,0.9,none,,0,0,0,0.0,0.0,1.0,0.0,0.0,1.0,0.0,0.0,-1.0,True,True,True,non-critical dormant: review
500043696,active,constant,True,L,0.0027397260273972603,28.0,30,0.9,nbinom,5.0,0,0,1,0.0,0.0,0.0,0.0,0.0,0.0,0.0,0.0,1.0,True,True,True,active
500046120,dying,dying,False,,0.0,20.0,30,0.95,nbinom,5.0,0,0,1,0.0,0.0,0.0,0.0,0.0,0.0,0.0,0.0,1.0,True,True,True,"dying: demand ceased, review"
500049701,dormant,none,False,,0.0,10.0,30,0.95,none,,0,0,0,0.0,0.0,0.0,0.0,0.0,0.0,0.0,0.0,0.0,True,True,True,non-critical dormant: review
500050530,active,constant,True,H,0.06027397260273973,9.0,30,0.99,poisson,1.0,3,3,8,1.0,4.0,7.0,1.0,4.0,7.0,2.0,-1.0,1.0,False,True,True,active
500050534,dying,dying,False,L,0.00821917808219178,30.0,30,0.9,nbinom,5.0,0,0,1,0.0,0.0,1.0,0.0,0.0,1.0,0.0,0.0,0.0,True,True,True,"dying: demand ceased, review"
500050535,active,constant,True,L,0.00821917808219178,30.0,30,0.9,nbinom,2.51,1,1,2,0.0,3.0,4.0,0.0,2.0,4.0,1.0,-1.0,-2.0,True,True,False,active
500051359,dormant,none,False,,0.0,10.0,30,0.95,none,,0,0,0,0.0,0.0,0.0,0.0,0.0,0.0,0.0,0.0,0.0,True,True,True,non-critical dormant: review
500051665,dormant,none,False,,0.0,10.0,30,0.95,none,,0,0,0,0.0,0.0,0.0,0.0,0.0,0.0,0.0,0.0,0.0,True,True,True,non-critical dormant: review
500051668,dormant,none,False,,0.0,18.0,30,0.95,none,,0,0,0,0.0,0.0,0.0,0.0,0.0,0.0,0.0,0.0,0.0,True,True,True,non-critical dormant: review
500051680,dormant,none,False,,0.0,10.0,30,0.95,none,,0,0,0,0.0,0.0,0.0,0.0,0.0,0.0,0.0,0.0,0.0,True,True,True,non-critical dormant: review
500051682,dormant,none,False,D,0.0,14.0,30,0.9,none,,0,0,0,0.0,0.0,1.0,0.0,0.0,1.0,0.0,0.0,-1.0,True,True,True,non-critical dormant: review
500054186,active,constant,True,M,0.010958904109589041,35.0,30,0.95,nbinom,2.04,2,2,3,0.0,2.0,3.0,0.0,2.0,3.0,2.0,0.0,0.0,False,True,True,active
500056574,dormant,none,False,,0.0,10.0,30,0.95,none,,0,0,0,0.0,0.0,0.0,0.0,0.0,0.0,0.0,0.0,0.0,True,True,True,non-critical dormant: review
500056767,dormant,none,False,D,0.0,20.0,30,0.9,none,,0,0,0,0.0,0.0,0.0,0.0,0.0,0.0,0.0,0.0,0.0,True,True,True,non-critical dormant: review
500057023,dying,dying,False,L,0.010958904109589041,35.0,30,0.9,nbinom,3.92,1,1,2,15.0,18.0,20.0,0.0,2.0,4.0,1.0,-1.0,-2.0,True,True,False,"dying: demand ceased, review"
500057780,dormant,none,False,,0.0,15.0,30,0.95,none,,0,0,0,0.0,0.0,0.0,0.0,0.0,0.0,0.0,0.0,0.0,True,True,True,non-critical dormant: review
500058258,dying,dying,False,L,0.010958904109589041,30.0,30,0.9,nbinom,5.0,1,1,2,0.0,0.0,0.0,0.0,0.0,0.0,1.0,1.0,2.0,True,True,False,"dying: demand ceased, review"
500058259,dormant,none,False,D,0.0,30.0,30,0.9,none,,0,0,0,0.0,0.0,0.0,0.0,0.0,0.0,0.0,0.0,0.0,True,True,True,non-critical dormant: review
500058260,dormant,none,False,D,0.0,13.0,30,0.9,none,,0,0,0,0.0,0.0,0.0,0.0,0.0,0.0,0.0,0.0,0.0,True,True,True,non-critical dormant: review
500058418,dormant,none,False,,0.0,14.0,30,0.95,none,,0,0,0,0.0,0.0,0.0,0.0,0.0,0.0,0.0,0.0,0.0,True,True,True,non-critical dormant: review
500062484,dying,dying,False,L,0.0027397260273972603,15.0,30,0.9,nbinom,5.0,0,0,1,0.0,0.0,1.0,0.0,0.0,1.0,0.0,0.0,0.0,True,True,True,"dying: demand ceased, review"
500062674,dormant,none,False,,0.0,25.0,30,0.95,none,,0,0,0,0.0,0.0,0.0,0.0,0.0,0.0,0.0,0.0,0.0,True,True,True,non-critical dormant: review
500063506,dormant,none,False,D,0.0,30.0,30,0.9,none,,0,0,0,0.0,0.0,0.0,0.0,0.0,0.0,0.0,0.0,0.0,True,True,True,non-critical dormant: review
500064057,active,constant,True,H,0.5589041095890411,15.0,30,0.99,poisson,1.0,8,16,38,22.0,32.0,35.0,0.0,0.0,1.0,8.0,16.0,37.0,False,False,False,active
500064866,dormant,none,False,,0.0,30.0,30,0.95,none,,0,0,0,0.0,0.0,0.0,0.0,0.0,0.0,0.0,0.0,0.0,True,True,True,non-critical dormant: review
500065964,dormant,none,False,,0.0,25.0,30,0.95,none,,0,0,0,0.0,0.0,0.0,0.0,0.0,0.0,0.0,0.0,0.0,True,True,True,non-critical dormant: review
500066407,dormant,none,False,,0.0,14.0,30,0.95,none,,0,0,0,0.0,0.0,0.0,0.0,0.0,0.0,0.0,0.0,0.0,True,True,True,non-critical dormant: review
500068038,dormant,none,False,D,0.0,13.0,30,0.9,none,,0,0,0,0.0,0.0,1.0,0.0,0.0,1.0,0.0,0.0,-1.0,True,True,True,non-critical dormant: review
500068043,dormant,none,False,,0.0,30.0,30,0.95,none,,0,0,0,0.0,0.0,0.0,0.0,0.0,0.0,0.0,0.0,0.0,True,True,True,non-critical dormant: review
500068965,dying,dying,False,L,0.0,30.0,30,0.9,nbinom,5.0,0,0,1,0.0,0.0,1.0,0.0,0.0,1.0,0.0,0.0,0.0,True,True,True,"dying: demand ceased, review"
500070865,dormant,none,False,,0.0,35.0,30,0.95,none,,0,0,0,0.0,0.0,0.0,0.0,0.0,0.0,0.0,0.0,0.0,True,True,True,non-critical dormant: review
500070867,dormant,none,False,,0.0,35.0,30,0.95,none,,0,0,0,0.0,0.0,0.0,0.0,0.0,0.0,0.0,0.0,0.0,True,True,True,non-critical dormant: review
500070870,dormant,none,False,,0.0,35.0,30,0.95,none,,0,0,0,0.0,0.0,0.0,0.0,0.0,0.0,0.0,0.0,0.0,True,True,True,non-critical dormant: review
500070871,dormant,none,False,,0.0,35.0,30,0.95,none,,0,0,0,0.0,0.0,0.0,0.0,0.0,0.0,0.0,0.0,0.0,True,True,True,non-critical dormant: review
500070885,dormant,none,False,D,0.0,20.0,30,0.9,none,,0,0,0,0.0,0.0,1.0,0.0,0.0,1.0,0.0,0.0,-1.0,True,True,True,non-critical dormant: review
500076683,dormant,none,False,,0.0,25.0,30,0.95,none,,0,0,0,0.0,0.0,0.0,0.0,0.0,0.0,0.0,0.0,0.0,True,True,True,non-critical dormant: review
500077115,dormant,none,False,D,0.0,13.0,30,0.9,none,,0,0,0,0.0,3.0,4.0,0.0,0.0,1.0,0.0,0.0,-1.0,True,True,True,non-critical dormant: review
500078551,dormant,none,False,D,0.0,15.0,30,0.9,none,,0,0,0,0.0,0.0,0.0,0.0,0.0,0.0,0.0,0.0,0.0,True,True,True,non-critical dormant: review
500079239,dying,dying,False,L,0.0547945205479452,30.0,30,0.9,nbinom,5.0,4,5,8,0.0,10.0,20.0,0.0,5.0,10.0,4.0,0.0,-2.0,False,True,False,"dying: demand ceased, review"
500079240,active,constant,True,L,0.1095890410958904,30.0,30,0.9,nbinom,3.151,5,8,13,0.0,28.0,31.0,0.0,10.0,20.0,5.0,-2.0,-7.0,False,False,False,active
500079255,dormant,none,False,D,0.0,13.0,30,0.9,none,,0,0,0,0.0,0.0,1.0,0.0,0.0,1.0,0.0,0.0,-1.0,True,True,True,non-critical dormant: review
500079321,dormant,none,False,D,0.0,13.0,30,0.9,none,,0,0,0,0.0,0.0,1.0,0.0,0.0,0.0,0.0,0.0,0.0,True,True,True,non-critical dormant: review
500079887,active,constant,True,H,0.1095890410958904,13.0,30,0.99,poisson,1.0,4,5,10,1.0,4.0,7.0,1.0,4.0,7.0,3.0,1.0,3.0,False,True,False,active
500080235,dormant,none,False,D,0.0,50.0,30,0.9,none,,0,0,0,0.0,0.0,1.0,0.0,0.0,1.0,0.0,0.0,-1.0,True,True,True,non-critical dormant: review
500081604,dormant,none,False,D,0.0,10.0,30,0.9,none,,0,0,0,0.0,0.0,1.0,0.0,0.0,1.0,0.0,0.0,-1.0,True,True,True,non-critical dormant: review
500081606,dormant,none,False,D,0.0,13.0,30,0.9,none,,0,0,0,0.0,0.0,0.0,0.0,0.0,0.0,0.0,0.0,0.0,True,True,True,non-critical dormant: review
500081607,dormant,none,False,,0.0,13.0,30,0.95,none,,0,0,0,0.0,0.0,0.0,0.0,0.0,0.0,0.0,0.0,0.0,True,True,True,non-critical dormant: review
500084932,dormant,none,False,M,0.0,30.0,30,0.95,none,,0,0,0,0.0,0.0,1.0,0.0,0.0,1.0,0.0,0.0,-1.0,True,True,True,non-critical dormant: review
500085077,dying,dying,False,L,0.010958904109589041,10.0,30,0.9,nbinom,3.0,0,0,1,0.0,0.0,0.0,0.0,0.0,0.0,0.0,0.0,1.0,True,True,True,"dying: demand ceased, review"
500086071,dormant,none,False,,0.0,33.0,30,0.95,none,,0,0,0,0.0,0.0,0.0,0.0,0.0,0.0,0.0,0.0,0.0,True,True,True,non-critical dormant: review
500087067,dormant,none,False,,0.0,42.0,30,0.95,none,,0,0,0,0.0,0.0,1.0,0.0,0.0,1.0,0.0,0.0,-1.0,True,True,True,non-critical dormant: review
500087776,dormant,none,False,,0.0,13.0,30,0.95,none,,0,0,0,0.0,0.0,0.0,0.0,0.0,0.0,0.0,0.0,0.0,True,True,True,non-critical dormant: review
500087778,dormant,none,False,D,0.0,13.0,30,0.9,none,,0,0,0,0.0,0.0,1.0,0.0,0.0,1.0,0.0,0.0,-1.0,True,True,True,non-critical dormant: review
500088547,dormant,none,False,,0.0,13.0,30,0.95,none,,0,0,0,0.0,0.0,0.0,0.0,0.0,0.0,0.0,0.0,0.0,True,True,True,non-critical dormant: review
500088548,dormant,none,False,D,0.0,13.0,30,0.9,none,,0,0,0,0.0,0.0,0.0,0.0,0.0,0.0,0.0,0.0,0.0,True,True,True,non-critical dormant: review
500088550,dormant,none,False,D,0.0,13.0,30,0.9,none,,0,0,0,0.0,0.0,0.0,0.0,0.0,0.0,0.0,0.0,0.0,True,True,True,non-critical dormant: review
500088551,dormant,none,False,D,0.0,13.0,30,0.9,none,,0,0,0,0.0,0.0,0.0,0.0,0.0,0.0,0.0,0.0,0.0,True,True,True,non-critical dormant: review
500088552,dormant,none,False,,0.0,13.0,30,0.95,none,,0,0,0,0.0,0.0,0.0,0.0,0.0,0.0,0.0,0.0,0.0,True,True,True,non-critical dormant: review
500088553,dormant,none,False,D,0.0,13.0,30,0.9,none,,0,0,0,0.0,0.0,1.0,0.0,0.0,1.0,0.0,0.0,-1.0,True,True,True,non-critical dormant: review
500088982,dormant,none,False,D,0.0,27.0,30,0.9,none,,0,0,0,0.0,0.0,1.0,0.0,0.0,1.0,0.0,0.0,-1.0,True,True,True,non-critical dormant: review
500088983,dormant,none,False,D,0.0,28.0,30,0.9,none,,0,0,0,0.0,0.0,1.0,0.0,0.0,1.0,0.0,0.0,-1.0,True,True,True,non-critical dormant: review
500088984,dormant,none,False,D,0.0,49.0,30,0.9,none,,0,0,0,0.0,0.0,1.0,0.0,0.0,1.0,0.0,0.0,-1.0,True,True,True,non-critical dormant: review
500089209,dormant,none,False,D,0.0,15.0,30,0.9,none,,0,0,0,0.0,0.0,0.0,0.0,0.0,0.0,0.0,0.0,0.0,True,True,True,non-critical dormant: review
500092280,dormant,none,False,M,0.0,30.0,30,0.95,none,,0,0,0,0.0,0.0,0.0,0.0,0.0,0.0,0.0,0.0,0.0,True,True,True,non-critical dormant: review
500092296,dying,dying,False,L,0.0,50.0,30,0.9,nbinom,5.0,0,0,1,0.0,0.0,1.0,0.0,0.0,1.0,0.0,0.0,0.0,True,True,True,"dying: demand ceased, review"
500093669,dormant,none,False,,0.0,25.0,30,0.95,none,,0,0,0,0.0,0.0,0.0,0.0,0.0,1.0,0.0,0.0,-1.0,True,True,True,non-critical dormant: review
500093674,dormant,none,False,,0.0,15.0,30,0.95,none,,0,0,0,0.0,0.0,0.0,0.0,1.0,2.0,0.0,-1.0,-2.0,True,True,False,non-critical dormant: review
500093675,dormant,none,False,,0.0,25.0,30,0.95,none,,0,0,0,0.0,0.0,0.0,0.0,0.0,0.0,0.0,0.0,0.0,True,True,True,non-critical dormant: review
500093676,active,constant,True,,0.0273972602739726,15.0,30,0.95,nbinom,5.0,3,3,6,0.0,0.0,0.0,0.0,1.0,2.0,3.0,2.0,4.0,False,False,False,active
500093680,dormant,none,False,,0.0,25.0,30,0.95,none,,0,0,0,0.0,0.0,0.0,0.0,1.0,2.0,0.0,-1.0,-2.0,True,True,False,non-critical dormant: review
500093681,dormant,none,False,,0.0,15.0,30,0.95,none,,0,0,0,0.0,0.0,0.0,0.0,0.0,0.0,0.0,0.0,0.0,True,True,True,non-critical dormant: review
500093685,dormant,none,False,,0.0,25.0,30,0.95,none,,0,0,0,0.0,0.0,0.0,0.0,1.0,2.0,0.0,-1.0,-2.0,True,True,False,non-critical dormant: review
500093686,dormant,none,False,,0.0,10.0,30,0.95,none,,0,0,0,0.0,0.0,0.0,0.0,1.0,2.0,0.0,-1.0,-2.0,True,True,False,non-critical dormant: review
500093724,dormant,none,False,,0.0,14.0,30,0.95,none,,0,0,0,0.0,0.0,0.0,0.0,0.0,0.0,0.0,0.0,0.0,True,True,True,non-critical dormant: review
500093725,dormant,none,False,,0.0,35.0,30,0.95,none,,0,0,0,0.0,0.0,0.0,0.0,0.0,0.0,0.0,0.0,0.0,True,True,True,non-critical dormant: review
500094448,dormant,none,False,D,0.0,10.0,30,0.9,none,,0,0,0,0.0,0.0,1.0,0.0,0.0,1.0,0.0,0.0,-1.0,True,True,True,non-critical dormant: review
500098533,dying,dying,False,L,0.01643835616438356,100.0,30,0.9,nbinom,3.0,3,4,5,0.0,0.0,0.0,0.0,2.0,2.0,3.0,2.0,3.0,False,False,False,"dying: demand ceased, review"
500098576,dormant,none,False,D,0.0,13.0,30,0.9,none,,0,0,0,0.0,0.0,0.0,0.0,0.0,0.0,0.0,0.0,0.0,True,True,True,non-critical dormant: review
500098577,active,constant,True,L,0.0027397260273972603,27.0,30,0.9,nbinom,5.0,0,0,1,0.0,0.0,0.0,0.0,4.0,6.0,0.0,-4.0,-5.0,True,False,False,active
500098580,dormant,none,False,,0.0,10.0,30,0.95,none,,0,0,0,0.0,0.0,0.0,0.0,0.0,0.0,0.0,0.0,0.0,True,True,True,non-critical dormant: review
500100702,active,constant,True,L,0.005479452054794521,15.0,30,0.9,nbinom,3.799,0,0,1,0.0,0.0,1.0,0.0,0.0,1.0,0.0,0.0,0.0,True,True,True,active
500101066,dormant,none,False,L,0.0,13.0,30,0.9,none,,0,0,0,0.0,0.0,1.0,0.0,0.0,1.0,0.0,0.0,-1.0,True,True,True,non-critical dormant: review
500101067,dormant,none,False,D,0.0,13.0,30,0.9,none,,0,0,0,0.0,0.0,0.0,0.0,0.0,0.0,0.0,0.0,0.0,True,True,True,non-critical dormant: review
500102202,dormant,none,False,,0.0,15.0,30,0.95,none,,0,0,0,0.0,0.0,0.0,0.0,0.0,0.0,0.0,0.0,0.0,True,True,True,non-critical dormant: review
500103949,dormant,none,False,,0.0,84.0,30,0.95,none,,0,0,0,0.0,0.0,1.0,0.0,0.0,1.0,0.0,0.0,-1.0,True,True,True,non-critical dormant: review
500106944,active,constant,True,H,0.27123287671232876,35.0,30,0.99,poisson,1.0,8,17,28,8.0,22.0,36.0,7.0,22.0,36.0,1.0,-5.0,-8.0,True,False,False,active
500106945,dying,dying,False,L,0.0273972602739726,30.0,30,0.9,nbinom,4.162,3,3,20,0.0,3.0,6.0,0.0,1.0,2.0,3.0,2.0,18.0,False,False,False,"dying: demand ceased, review"
500107099,dying,dying,False,L,0.0027397260273972603,105.0,30,0.9,nbinom,5.0,1,1,2,0.0,0.0,0.0,0.0,1.0,2.0,1.0,0.0,0.0,True,True,True,"dying: demand ceased, review"
500107103,dormant,none,False,D,0.0,13.0,30,0.9,none,,0,0,0,0.0,0.0,1.0,0.0,0.0,1.0,0.0,0.0,-1.0,True,True,True,non-critical dormant: review
500107105,dying,dying,False,L,0.0,13.0,30,0.9,nbinom,5.0,0,0,1,0.0,0.0,1.0,0.0,0.0,1.0,0.0,0.0,0.0,True,True,True,"dying: demand ceased, review"
500109089,active,constant,True,L,0.00821917808219178,30.0,30,0.9,nbinom,5.0,0,0,1,0.0,0.0,1.0,0.0,0.0,1.0,0.0,0.0,0.0,True,True,True,active
500109376,dormant,none,False,D,0.0,30.0,30,0.9,none,,0,0,0,0.0,0.0,0.0,0.0,0.0,0.0,0.0,0.0,0.0,True,True,True,non-critical dormant: review
500109915,active,constant,True,H,0.8821917808219178,13.0,30,0.99,poisson,1.0,9,20,200,18.0,33.0,48.0,18.0,33.0,40.0,-9.0,-13.0,160.0,False,False,False,active
500109979,dormant,none,False,,0.0,15.0,30,0.95,none,,0,0,0,0.0,0.0,0.0,0.0,0.0,0.0,0.0,0.0,0.0,True,True,True,non-critical dormant: review
500110321,dying,dying,False,L,0.0027397260273972603,13.0,30,0.9,nbinom,5.0,0,0,1,0.0,0.0,1.0,0.0,0.0,1.0,0.0,0.0,0.0,True,True,True,"dying: demand ceased, review"
500110322,dying,dying,False,M,0.0,8.0,30,0.95,nbinom,5.0,0,0,2,0.0,0.0,1.0,0.0,0.0,1.0,0.0,0.0,1.0,True,True,True,"dying: demand ceased, review"
500110325,dormant,none,False,D,0.0,13.0,30,0.9,none,,0,0,0,0.0,0.0,1.0,0.0,0.0,1.0,0.0,0.0,-1.0,True,True,True,non-critical dormant: review
500110326,dormant,none,False,D,0.0,13.0,30,0.9,none,,0,0,0,0.0,0.0,0.0,0.0,0.0,0.0,0.0,0.0,0.0,True,True,True,non-critical dormant: review
500110327,dormant,none,False,L,0.0,13.0,30,0.9,none,,0,0,0,0.0,0.0,1.0,0.0,0.0,1.0,0.0,0.0,-1.0,True,True,True,non-critical dormant: review
500110328,active,constant,True,L,0.00821917808219178,9.0,30,0.9,nbinom,2.31,0,0,1,0.0,1.0,2.0,0.0,1.0,2.0,0.0,-1.0,-1.0,True,True,True,active
500110336,dormant,none,False,D,0.0,13.0,30,0.9,none,,0,0,0,0.0,0.0,0.0,0.0,0.0,0.0,0.0,0.0,0.0,True,True,True,non-critical dormant: review
500110338,dormant,none,False,,0.0,10.0,30,0.95,none,,0,0,0,0.0,0.0,0.0,0.0,0.0,0.0,0.0,0.0,0.0,True,True,True,non-critical dormant: review
500110352,dying,dying,False,L,0.0027397260273972603,13.0,30,0.9,nbinom,5.0,0,0,1,0.0,1.0,2.0,0.0,0.0,1.0,0.0,0.0,0.0,True,True,True,"dying: demand ceased, review"
500110402,dormant,none,False,D,0.0,9.0,30,0.9,none,,0,0,0,0.0,0.0,1.0,0.0,0.0,1.0,0.0,0.0,-1.0,True,True,True,non-critical dormant: review
500110403,active,constant,True,L,0.005479452054794521,13.0,30,0.9,nbinom,2.6,0,0,1,0.0,0.0,1.0,0.0,0.0,1.0,0.0,0.0,0.0,True,True,True,active
500110404,dormant,none,False,L,0.0,13.0,30,0.9,none,,0,0,0,0.0,0.0,1.0,0.0,0.0,1.0,0.0,0.0,-1.0,True,True,True,non-critical dormant: review
500110407,active,constant,True,L,0.005479452054794521,13.0,30,0.9,nbinom,2.778,0,0,1,0.0,2.0,3.0,0.0,2.0,3.0,0.0,-2.0,-2.0,True,False,False,active
500110408,dormant,none,False,,0.0,10.0,30,0.95,none,,0,0,0,0.0,0.0,0.0,0.0,0.0,0.0,0.0,0.0,0.0,True,True,True,non-critical dormant: review
500110410,dormant,none,False,D,0.0,13.0,30,0.9,none,,0,0,0,0.0,0.0,1.0,0.0,0.0,1.0,0.0,0.0,-1.0,True,True,True,non-critical dormant: review
500110412,dormant,none,False,L,0.0,13.0,30,0.9,none,,0,0,0,0.0,0.0,0.0,0.0,0.0,0.0,0.0,0.0,0.0,True,True,True,non-critical dormant: review
500110413,dormant,none,False,D,0.0,10.0,30,0.9,none,,0,0,0,0.0,0.0,0.0,0.0,0.0,0.0,0.0,0.0,0.0,True,True,True,non-critical dormant: review
500110415,dormant,none,False,D,0.0,9.0,30,0.9,none,,0,0,0,0.0,0.0,1.0,0.0,0.0,1.0,0.0,0.0,-1.0,True,True,True,non-critical dormant: review
500110420,active,constant,True,L,0.010958904109589041,35.0,30,0.9,nbinom,5.0,1,1,2,0.0,0.0,1.0,0.0,2.0,3.0,1.0,-1.0,-1.0,True,True,True,active
500110424,active,constant,True,L,0.0027397260273972603,10.0,30,0.9,nbinom,5.0,0,0,1,0.0,0.0,1.0,0.0,0.0,1.0,0.0,0.0,0.0,True,True,True,active
500110425,dormant,none,False,,0.0,10.0,30,0.95,none,,0,0,0,0.0,0.0,0.0,0.0,0.0,0.0,0.0,0.0,0.0,True,True,True,non-critical dormant: review
500110426,dormant,none,False,,0.0,10.0,30,0.95,none,,0,0,0,0.0,0.0,0.0,0.0,0.0,0.0,0.0,0.0,0.0,True,True,True,non-critical dormant: review
500110452,dormant,none,False,,0.0,10.0,30,0.95,none,,0,0,0,0.0,0.0,0.0,0.0,0.0,0.0,0.0,0.0,0.0,True,True,True,non-critical dormant: review
500110454,dormant,none,False,,0.0,10.0,30,0.95,none,,0,0,0,0.0,0.0,0.0,0.0,0.0,0.0,0.0,0.0,0.0,True,True,True,non-critical dormant: review
500110455,dormant,none,False,D,0.0,13.0,30,0.9,none,,0,0,0,0.0,0.0,1.0,0.0,0.0,1.0,0.0,0.0,-1.0,True,True,True,non-critical dormant: review
500110458,dormant,none,False,D,0.0,13.0,30,0.9,none,,0,0,0,0.0,0.0,0.0,0.0,0.0,0.0,0.0,0.0,0.0,True,True,True,non-critical dormant: review
500110461,dormant,none,False,D,0.0,9.0,30,0.9,none,,0,0,0,0.0,0.0,0.0,0.0,0.0,0.0,0.0,0.0,0.0,True,True,True,non-critical dormant: review
500110462,active,constant,True,D,0.0027397260273972603,10.0,30,0.9,nbinom,5.0,0,0,1,0.0,0.0,1.0,0.0,0.0,1.0,0.0,0.0,0.0,True,True,True,active
500111955,dormant,none,False,,0.0,13.0,30,0.95,none,,0,0,0,0.0,0.0,1.0,0.0,0.0,1.0,0.0,0.0,-1.0,True,True,True,non-critical dormant: review
500111956,dormant,none,False,,0.0,30.0,30,0.95,none,,0,0,0,0.0,0.0,0.0,0.0,0.0,0.0,0.0,0.0,0.0,True,True,True,non-critical dormant: review
500111957,dormant,none,False,D,0.0,13.0,30,0.9,none,,0,0,0,0.0,0.0,1.0,0.0,0.0,1.0,0.0,0.0,-1.0,True,True,True,non-critical dormant: review
500111958,dormant,none,False,D,0.0,13.0,30,0.9,none,,0,0,0,0.0,0.0,0.0,0.0,0.0,0.0,0.0,0.0,0.0,True,True,True,non-critical dormant: review
500112337,active,constant,True,M,0.1095890410958904,35.0,30,0.95,nbinom,1.845,6,9,14,0.0,8.0,13.0,0.0,14.0,26.0,6.0,-5.0,-12.0,False,False,False,active
500113368,dormant,none,False,D,0.0,9.0,30,0.9,none,,0,0,0,0.0,0.0,1.0,0.0,0.0,1.0,0.0,0.0,-1.0,True,True,True,non-critical dormant: review
500113369,dormant,none,False,D,0.0,10.0,30,0.9,none,,0,0,0,0.0,0.0,1.0,0.0,0.0,1.0,0.0,0.0,-1.0,True,True,True,non-critical dormant: review
500113371,dormant,none,False,,0.0,13.0,30,0.95,none,,0,0,0,0.0,0.0,0.0,0.0,0.0,0.0,0.0,0.0,0.0,True,True,True,non-critical dormant: review
500113373,dormant,none,False,L,0.0,13.0,30,0.9,none,,0,0,0,0.0,0.0,1.0,0.0,0.0,1.0,0.0,0.0,-1.0,True,True,True,non-critical dormant: review
500113374,dormant,none,False,,0.0,30.0,30,0.95,none,,0,0,0,0.0,0.0,0.0,0.0,0.0,0.0,0.0,0.0,0.0,True,True,True,non-critical dormant: review
500113375,dormant,none,False,L,0.0,9.0,30,0.9,none,,0,0,0,0.0,0.0,1.0,0.0,0.0,1.0,0.0,0.0,-1.0,True,True,True,non-critical dormant: review
500113377,active,constant,True,M,0.021917808219178082,13.0,30,0.95,nbinom,1.534,2,2,3,1.0,3.0,4.0,1.0,2.0,3.0,1.0,0.0,0.0,True,True,True,active
500113380,dormant,none,False,D,0.0,34.0,30,0.9,none,,0,0,0,0.0,0.0,0.0,0.0,0.0,0.0,0.0,0.0,0.0,True,True,True,non-critical dormant: review
500113389,dormant,none,False,,0.0,9.0,30,0.95,none,,0,0,0,0.0,0.0,0.0,0.0,0.0,0.0,0.0,0.0,0.0,True,True,True,non-critical dormant: review
500113391,active,constant,True,M,0.03561643835616438,10.0,30,0.95,nbinom,1.834,2,2,5,0.0,3.0,4.0,0.0,1.0,2.0,2.0,1.0,3.0,False,True,False,active
500113394,dormant,none,False,L,0.0,13.0,30,0.9,none,,0,0,0,0.0,0.0,1.0,0.0,0.0,1.0,0.0,0.0,-1.0,True,True,True,non-critical dormant: review
500113397,dormant,none,False,D,0.0,13.0,30,0.9,none,,0,0,0,0.0,0.0,0.0,0.0,0.0,0.0,0.0,0.0,0.0,True,True,True,non-critical dormant: review
500113399,dormant,none,False,D,0.0,13.0,30,0.9,none,,0,0,0,0.0,0.0,1.0,0.0,0.0,1.0,0.0,0.0,-1.0,True,True,True,non-critical dormant: review
500113400,dormant,none,False,,0.0,10.0,30,0.95,none,,0,0,0,0.0,0.0,0.0,0.0,0.0,0.0,0.0,0.0,0.0,True,True,True,non-critical dormant: review
500113401,dormant,none,False,,0.0,10.0,30,0.95,none,,0,0,0,0.0,0.0,0.0,0.0,0.0,0.0,0.0,0.0,0.0,True,True,True,non-critical dormant: review
500113402,active,constant,True,M,0.01643835616438356,10.0,30,0.95,nbinom,2.551,1,1,3,0.0,1.0,2.0,0.0,1.0,2.0,1.0,0.0,1.0,True,True,True,active
500113403,dormant,none,False,,0.0,10.0,30,0.95,none,,0,0,0,0.0,0.0,0.0,0.0,0.0,0.0,0.0,0.0,0.0,True,True,True,non-critical dormant: review
500113404,active,constant,True,M,0.0136986301369863,13.0,30,0.95,nbinom,1.5,1,1,2,1.0,2.0,3.0,0.0,1.0,2.0,1.0,0.0,0.0,True,True,True,active
500113406,dying,dying,False,L,0.0,13.0,30,0.9,nbinom,5.0,0,0,1,0.0,0.0,1.0,0.0,0.0,1.0,0.0,0.0,0.0,True,True,True,"dying: demand ceased, review"
500113408,active,constant,True,D,0.0027397260273972603,10.0,30,0.9,nbinom,5.0,0,0,1,0.0,0.0,1.0,0.0,0.0,1.0,0.0,0.0,0.0,True,True,True,active
500113409,active,constant,True,L,0.005479452054794521,10.0,30,0.9,nbinom,1.949,0,0,1,0.0,1.0,2.0,0.0,1.0,2.0,0.0,-1.0,-1.0,True,True,True,active
500113410,active,constant,True,L,0.005479452054794521,13.0,30,0.9,nbinom,1.949,0,0,1,0.0,0.0,1.0,0.0,0.0,1.0,0.0,0.0,0.0,True,True,True,active
500113411,dormant,none,False,,0.0,30.0,30,0.95,none,,0,0,0,0.0,0.0,0.0,0.0,0.0,0.0,0.0,0.0,0.0,True,True,True,non-critical dormant: review
500113412,dormant,none,False,L,0.0,9.0,30,0.9,none,,0,0,0,0.0,0.0,1.0,0.0,0.0,1.0,0.0,0.0,-1.0,True,True,True,non-critical dormant: review
500113413,dormant,none,False,D,0.0,10.0,30,0.9,none,,0,0,0,0.0,0.0,1.0,0.0,0.0,1.0,0.0,0.0,-1.0,True,True,True,non-critical dormant: review
500113414,dormant,none,False,,0.0,13.0,30,0.95,none,,0,0,0,0.0,0.0,0.0,0.0,0.0,0.0,0.0,0.0,0.0,True,True,True,non-critical dormant: review
500113415,dormant,none,False,D,0.0,13.0,30,0.9,none,,0,0,0,0.0,0.0,1.0,0.0,0.0,1.0,0.0,0.0,-1.0,True,True,True,non-critical dormant: review
500113420,dormant,none,False,D,0.0,30.0,30,0.9,none,,0,0,0,0.0,0.0,1.0,0.0,0.0,1.0,0.0,0.0,-1.0,True,True,True,non-critical dormant: review
500113422,dormant,none,False,,0.0,10.0,30,0.95,none,,0,0,0,0.0,0.0,0.0,0.0,0.0,0.0,0.0,0.0,0.0,True,True,True,non-critical dormant: review
500113423,dormant,none,False,,0.0,10.0,30,0.95,none,,0,0,0,0.0,0.0,0.0,0.0,0.0,0.0,0.0,0.0,0.0,True,True,True,non-critical dormant: review
500113424,dormant,none,False,,0.0,10.0,30,0.95,none,,0,0,0,0.0,0.0,1.0,0.0,0.0,1.0,0.0,0.0,-1.0,True,True,True,non-critical dormant: review
500113426,dormant,none,False,,0.0,9.0,30,0.95,none,,0,0,0,0.0,0.0,0.0,0.0,0.0,0.0,0.0,0.0,0.0,True,True,True,non-critical dormant: review
500113455,dormant,none,False,,0.0,14.0,30,0.95,none,,0,0,0,0.0,0.0,0.0,0.0,0.0,0.0,0.0,0.0,0.0,True,True,True,non-critical dormant: review
500113458,dying,dying,False,M,0.0136986301369863,14.0,30,0.95,nbinom,3.0,1,1,3,1.0,2.0,3.0,0.0,1.0,2.0,1.0,0.0,1.0,True,True,True,"dying: demand ceased, review"
500114565,dormant,none,False,,0.0,45.0,30,0.95,none,,0,0,0,0.0,0.0,0.0,0.0,0.0,0.0,0.0,0.0,0.0,True,True,True,non-critical dormant: review
500117540,dormant,none,False,D,0.0,13.0,30,0.9,none,,0,0,0,0.0,0.0,0.0,0.0,0.0,0.0,0.0,0.0,0.0,True,True,True,non-critical dormant: review
500117541,active,constant,True,M,0.043835616438356165,30.0,30,0.95,nbinom,1.5,3,4,6,2.0,4.0,6.0,1.0,2.0,3.0,2.0,2.0,3.0,False,False,False,active
500118108,dying,dying,False,M,0.021917808219178082,13.0,30,0.95,nbinom,3.0,2,2,4,0.0,1.0,2.0,0.0,1.0,2.0,2.0,1.0,2.0,False,True,False,"dying: demand ceased, review"
500118110,active,constant,True,L,0.0027397260273972603,10.0,30,0.9,nbinom,5.0,0,0,1,0.0,0.0,0.0,0.0,3.0,4.0,0.0,-3.0,-3.0,True,False,False,active
500118113,dying,dying,False,L,0.0027397260273972603,13.0,30,0.9,nbinom,5.0,0,0,1,0.0,0.0,0.0,0.0,0.0,1.0,0.0,0.0,0.0,True,True,True,"dying: demand ceased, review"
500118740,active,constant,True,M,0.038356164383561646,30.0,30,0.95,nbinom,1.679,3,4,6,1.0,3.0,4.0,0.0,3.0,4.0,3.0,1.0,2.0,False,True,False,active
500118842,dormant,none,False,D,0.0,13.0,30,0.9,none,,0,0,0,0.0,0.0,0.0,0.0,0.0,0.0,0.0,0.0,0.0,True,True,True,non-critical dormant: review
500118849,dormant,none,False,D,0.0,21.0,30,0.9,none,,0,0,0,0.0,0.0,1.0,0.0,0.0,1.0,0.0,0.0,-1.0,True,True,True,non-critical dormant: review
500119980,dormant,none,False,D,0.0,13.0,30,0.9,none,,0,0,0,0.0,0.0,0.0,0.0,0.0,0.0,0.0,0.0,0.0,True,True,True,non-critical dormant: review
500119982,dormant,none,False,,0.0,13.0,30,0.95,none,,0,0,0,0.0,0.0,0.0,0.0,0.0,0.0,0.0,0.0,0.0,True,True,True,non-critical dormant: review
500119983,active,constant,True,M,0.08493150684931507,13.0,30,0.95,nbinom,2.323,3,4,9,0.0,0.0,0.0,3.0,5.0,7.0,0.0,-1.0,2.0,True,True,False,active
500119984,dormant,none,False,D,0.0,10.0,30,0.9,none,,0,0,0,0.0,0.0,1.0,0.0,0.0,1.0,0.0,0.0,-1.0,True,True,True,non-critical dormant: review
500120034,dying,dying,False,L,0.0684931506849315,55.0,30,0.9,nbinom,3.423,6,9,12,0.0,0.0,1.0,0.0,0.0,1.0,6.0,9.0,11.0,False,False,False,"dying: demand ceased, review"
500120114,dormant,none,False,D,0.0,13.0,30,0.9,none,,0,0,0,0.0,0.0,0.0,0.0,0.0,0.0,0.0,0.0,0.0,True,True,True,non-critical dormant: review
500120115,dormant,none,False,,0.0,30.0,30,0.95,none,,0,0,0,0.0,0.0,0.0,0.0,0.0,0.0,0.0,0.0,0.0,True,True,True,non-critical dormant: review
500120116,dying,dying,False,L,0.005479452054794521,13.0,30,0.9,nbinom,5.0,0,0,1,0.0,0.0,1.0,0.0,0.0,1.0,0.0,0.0,0.0,True,True,True,"dying: demand ceased, review"
500120118,dormant,none,False,,0.0,30.0,30,0.95,none,,0,0,0,0.0,0.0,0.0,0.0,0.0,0.0,0.0,0.0,0.0,True,True,True,non-critical dormant: review
500120120,active,constant,True,H,0.021917808219178082,13.0,30,0.99,nbinom,1.5,3,3,5,1.0,2.0,3.0,0.0,2.0,3.0,3.0,1.0,2.0,False,True,False,active
500120121,dormant,none,False,D,0.0,13.0,30,0.9,none,,0,0,0,0.0,0.0,1.0,0.0,0.0,1.0,0.0,0.0,-1.0,True,True,True,non-critical dormant: review
500120122,dormant,none,False,D,0.0,9.0,30,0.9,none,,0,0,0,0.0,0.0,0.0,0.0,0.0,0.0,0.0,0.0,0.0,True,True,True,non-critical dormant: review
500120123,dormant,none,False,,0.0,13.0,30,0.95,none,,0,0,0,0.0,0.0,0.0,0.0,0.0,0.0,0.0,0.0,0.0,True,True,True,non-critical dormant: review
500120126,dormant,none,False,M,0.0,13.0,30,0.95,none,,0,0,0,0.0,1.0,2.0,0.0,1.0,2.0,0.0,-1.0,-2.0,True,True,False,non-critical dormant: review
500120127,dormant,none,False,D,0.0,30.0,30,0.9,none,,0,0,0,0.0,0.0,0.0,0.0,0.0,0.0,0.0,0.0,0.0,True,True,True,non-critical dormant: review
500120128,dormant,none,False,D,0.0,30.0,30,0.9,none,,0,0,0,0.0,0.0,1.0,0.0,0.0,1.0,0.0,0.0,-1.0,True,True,True,non-critical dormant: review
500120129,dormant,none,False,,0.0,10.0,30,0.95,none,,0,0,0,0.0,0.0,0.0,0.0,0.0,0.0,0.0,0.0,0.0,True,True,True,non-critical dormant: review
500120133,dormant,none,False,D,0.0,10.0,30,0.9,none,,0,0,0,0.0,0.0,1.0,0.0,0.0,1.0,0.0,0.0,-1.0,True,True,True,non-critical dormant: review
500120205,dying,dying,False,L,0.0027397260273972603,30.0,30,0.9,nbinom,5.0,0,0,1,0.0,0.0,1.0,0.0,0.0,1.0,0.0,0.0,0.0,True,True,True,"dying: demand ceased, review"
500120365,dormant,none,False,D,0.0,55.0,30,0.9,none,,0,0,0,0.0,0.0,0.0,0.0,0.0,0.0,0.0,0.0,0.0,True,True,True,non-critical dormant: review
500120488,dormant,none,False,D,0.0,13.0,30,0.9,none,,0,0,0,0.0,0.0,1.0,0.0,0.0,1.0,0.0,0.0,-1.0,True,True,True,non-critical dormant: review
500121377,dormant,none,False,,0.0,10.0,30,0.95,none,,0,0,0,0.0,0.0,0.0,0.0,0.0,0.0,0.0,0.0,0.0,True,True,True,non-critical dormant: review
500121421,dormant,none,False,,0.0,10.0,30,0.95,none,,0,0,0,0.0,0.0,0.0,0.0,0.0,0.0,0.0,0.0,0.0,True,True,True,non-critical dormant: review
500121422,dying,dying,False,L,0.005479452054794521,13.0,30,0.9,nbinom,3.0,0,0,1,0.0,0.0,0.0,0.0,2.0,2.0,0.0,-2.0,-1.0,True,False,True,"dying: demand ceased, review"
500121425,active,constant,True,M,0.0136986301369863,13.0,30,0.95,nbinom,3.553,1,1,3,1.0,2.0,3.0,0.0,1.0,3.0,1.0,0.0,0.0,True,True,True,active
500121427,dormant,none,False,D,0.0,13.0,30,0.9,none,,0,0,0,0.0,0.0,0.0,0.0,0.0,0.0,0.0,0.0,0.0,True,True,True,non-critical dormant: review
500121456,dormant,none,False,D,0.0,13.0,30,0.9,none,,0,0,0,0.0,0.0,1.0,0.0,0.0,1.0,0.0,0.0,-1.0,True,True,True,non-critical dormant: review
500121464,dormant,none,False,,0.0,40.0,30,0.95,none,,0,0,0,0.0,0.0,0.0,0.0,0.0,0.0,0.0,0.0,0.0,True,True,True,non-critical dormant: review
500121465,dormant,none,False,D,0.0,30.0,30,0.9,none,,0,0,0,0.0,0.0,0.0,0.0,0.0,0.0,0.0,0.0,0.0,True,True,True,non-critical dormant: review
500121466,dormant,none,False,,0.0,35.0,30,0.95,none,,0,0,0,0.0,0.0,0.0,0.0,0.0,0.0,0.0,0.0,0.0,True,True,True,non-critical dormant: review
500121467,dormant,none,False,D,0.0,30.0,30,0.9,none,,0,0,0,0.0,0.0,0.0,0.0,0.0,0.0,0.0,0.0,0.0,True,True,True,non-critical dormant: review
500121472,dormant,none,False,,0.0,30.0,30,0.95,none,,0,0,0,0.0,0.0,1.0,0.0,0.0,1.0,0.0,0.0,-1.0,True,True,True,non-critical dormant: review
500121473,dormant,none,False,D,0.0,13.0,30,0.9,none,,0,0,0,0.0,0.0,0.0,0.0,0.0,0.0,0.0,0.0,0.0,True,True,True,non-critical dormant: review
500121890,dying,dying,False,M,0.684931506849315,30.0,30,0.95,nbinom,3.0,15,35,61,37.0,42.0,47.0,3.0,13.0,18.0,12.0,22.0,43.0,False,False,False,"dying: demand ceased, review"
500121892,active,constant,True,H,0.052054794520547946,13.0,30,0.99,nbinom,2.636,6,6,11,0.0,0.0,0.0,0.0,0.0,0.0,6.0,6.0,11.0,False,False,False,active
500121996,dying,dying,False,M,0.019178082191780823,30.0,30,0.95,nbinom,3.0,3,3,5,1.0,3.0,4.0,0.0,0.0,1.0,3.0,3.0,4.0,False,False,False,"dying: demand ceased, review"
500122212,dormant,none,False,D,0.0,10.0,30,0.9,none,,0,0,0,0.0,0.0,1.0,0.0,0.0,1.0,0.0,0.0,-1.0,True,True,True,non-critical dormant: review
500122237,active,constant,True,H,0.0410958904109589,13.0,30,0.99,poisson,1.0,3,3,5,1.0,2.0,3.0,1.0,2.0,3.0,2.0,1.0,2.0,False,True,False,active
500122238,active,constant,True,M,0.005479452054794521,13.0,30,0.95,nbinom,1.786,1,1,2,0.0,0.0,1.0,0.0,0.0,1.0,1.0,1.0,1.0,True,True,True,active
500122239,dying,dying,False,L,0.0027397260273972603,13.0,30,0.9,nbinom,5.0,0,0,1,0.0,0.0,1.0,0.0,0.0,1.0,0.0,0.0,0.0,True,True,True,"dying: demand ceased, review"
500122822,dying,dying,False,M,0.0,13.0,30,0.95,nbinom,5.0,0,0,1,0.0,1.0,2.0,0.0,1.0,2.0,0.0,-1.0,-1.0,True,True,True,"dying: demand ceased, review"
500122905,dormant,none,False,D,0.0,15.0,30,0.9,none,,0,0,0,0.0,0.0,0.0,0.0,1.0,2.0,0.0,-1.0,-2.0,True,True,False,non-critical dormant: review
500122906,dormant,none,False,,0.0,13.0,30,0.95,none,,0,0,0,0.0,0.0,0.0,0.0,0.0,0.0,0.0,0.0,0.0,True,True,True,non-critical dormant: review
500122955,dormant,none,False,D,0.0,13.0,30,0.9,none,,0,0,0,0.0,0.0,0.0,0.0,0.0,0.0,0.0,0.0,0.0,True,True,True,non-critical dormant: review
500122956,active,constant,True,M,0.03561643835616438,13.0,30,0.95,poisson,1.0,2,2,4,1.0,2.0,3.0,1.0,2.0,3.0,1.0,0.0,1.0,True,True,True,active
500122957,dormant,none,False,,0.0,9.0,30,0.95,none,,0,0,0,0.0,0.0,1.0,0.0,0.0,1.0,0.0,0.0,-1.0,True,True,True,non-critical dormant: review
500123496,dying,dying,False,L,0.0027397260273972603,12.0,30,0.9,nbinom,5.0,0,0,1,0.0,0.0,0.0,0.0,0.0,0.0,0.0,0.0,1.0,True,True,True,"dying: demand ceased, review"
500126072,active,constant,True,M,0.010958904109589041,31.0,30,0.95,nbinom,1.695,2,2,3,0.0,0.0,1.0,0.0,0.0,1.0,2.0,2.0,2.0,False,False,False,active
500126186,dormant,none,False,D,0.0,13.0,30,0.9,none,,0,0,0,0.0,0.0,1.0,0.0,0.0,1.0,0.0,0.0,-1.0,True,True,True,non-critical dormant: review
500126625,dormant,none,False,D,0.0,20.0,30,0.9,none,,0,0,0,0.0,0.0,0.0,0.0,0.0,0.0,0.0,0.0,0.0,True,True,True,non-critical dormant: review
500126626,dormant,none,False,,0.0,21.0,30,0.95,none,,0,0,0,0.0,0.0,0.0,0.0,0.0,0.0,0.0,0.0,0.0,True,True,True,non-critical dormant: review
500127220,active,constant,True,L,0.024657534246575342,20.0,30,0.9,nbinom,2.51,2,2,3,0.0,1.0,2.0,0.0,1.0,2.0,2.0,1.0,1.0,False,True,True,active
500127221,dying,dying,False,L,0.005479452054794521,13.0,30,0.9,nbinom,3.411,0,0,1,0.0,1.0,2.0,0.0,1.0,2.0,0.0,-1.0,-1.0,True,True,True,"dying: demand ceased, review"
500127228,dying,dying,False,L,0.005479452054794521,10.0,30,0.9,nbinom,3.0,0,0,1,0.0,0.0,1.0,0.0,0.0,1.0,0.0,0.0,0.0,True,True,True,"dying: demand ceased, review"
500128206,dormant,none,False,D,0.0,30.0,30,0.9,none,,0,0,0,0.0,0.0,0.0,0.0,0.0,0.0,0.0,0.0,0.0,True,True,True,non-critical dormant: review
500130048,dying,dying,False,,0.01643835616438356,30.0,30,0.95,nbinom,5.0,3,3,5,0.0,0.0,0.0,0.0,0.0,0.0,3.0,3.0,5.0,False,False,False,"dying: demand ceased, review"
500130251,dormant,none,False,D,0.0,13.0,30,0.9,none,,0,0,0,0.0,0.0,1.0,0.0,0.0,1.0,0.0,0.0,-1.0,True,True,True,non-critical dormant: review
500130335,active,constant,True,L,0.005479452054794521,13.0,30,0.9,nbinom,3.151,0,0,1,0.0,1.0,2.0,0.0,1.0,2.0,0.0,-1.0,-1.0,True,True,True,active
500130339,dormant,none,False,D,0.0,13.0,30,0.9,none,,0,0,0,0.0,0.0,0.0,0.0,0.0,0.0,0.0,0.0,0.0,True,True,True,non-critical dormant: review
500130342,dormant,none,False,D,0.0,30.0,30,0.9,none,,0,0,0,0.0,0.0,1.0,0.0,0.0,1.0,0.0,0.0,-1.0,True,True,True,non-critical dormant: review
500130907,dormant,none,False,D,0.0,8.0,30,0.9,none,,0,0,0,0.0,0.0,1.0,0.0,0.0,1.0,0.0,0.0,-1.0,True,True,True,non-critical dormant: review
500130908,dormant,none,False,,0.0,8.0,30,0.95,none,,0,0,0,0.0,0.0,0.0,0.0,0.0,0.0,0.0,0.0,0.0,True,True,True,non-critical dormant: review
500130910,dormant,none,False,D,0.0,16.0,30,0.9,none,,0,0,0,0.0,0.0,0.0,0.0,0.0,0.0,0.0,0.0,0.0,True,True,True,non-critical dormant: review
500131052,dormant,none,False,,0.0,13.0,30,0.95,none,,0,0,0,0.0,0.0,0.0,0.0,0.0,0.0,0.0,0.0,0.0,True,True,True,non-critical dormant: review
500131053,dormant,none,False,D,0.0,20.0,30,0.9,none,,0,0,0,0.0,0.0,0.0,0.0,0.0,0.0,0.0,0.0,0.0,True,True,True,non-critical dormant: review
500131054,dying,dying,False,L,0.0,10.0,30,0.9,nbinom,5.0,0,0,1,0.0,0.0,1.0,0.0,0.0,1.0,0.0,0.0,0.0,True,True,True,"dying: demand ceased, review"
500131055,active,constant,True,L,0.00821917808219178,10.0,30,0.9,nbinom,3.33,0,0,1,0.0,0.0,1.0,0.0,1.0,2.0,0.0,-1.0,-1.0,True,True,True,active
500131056,dormant,none,False,D,0.0,15.0,30,0.9,none,,0,0,0,0.0,0.0,0.0,0.0,0.0,0.0,0.0,0.0,0.0,True,True,True,non-critical dormant: review
500131065,dormant,none,False,D,0.0,10.0,30,0.9,none,,0,0,0,0.0,0.0,0.0,0.0,0.0,0.0,0.0,0.0,0.0,True,True,True,non-critical dormant: review
500131067,dormant,none,False,D,0.0,13.0,30,0.9,none,,0,0,0,0.0,0.0,1.0,0.0,0.0,1.0,0.0,0.0,-1.0,True,True,True,non-critical dormant: review
500131072,active,constant,True,M,0.00821917808219178,10.0,30,0.95,nbinom,1.794,1,1,2,0.0,2.0,4.0,0.0,2.0,4.0,1.0,-1.0,-2.0,True,True,False,active
500131083,dormant,none,False,L,0.0,13.0,30,0.9,none,,0,0,0,0.0,0.0,0.0,0.0,2.0,2.0,0.0,-2.0,-2.0,True,False,False,non-critical dormant: review
500131617,dormant,none,False,D,0.0,10.0,30,0.9,none,,0,0,0,0.0,0.0,1.0,0.0,0.0,1.0,0.0,0.0,-1.0,True,True,True,non-critical dormant: review
500131753,dying,dying,False,L,0.0027397260273972603,13.0,30,0.9,nbinom,3.0,0,0,1,0.0,0.0,1.0,0.0,0.0,1.0,0.0,0.0,0.0,True,True,True,"dying: demand ceased, review"
500131929,dormant,none,False,D,0.0,13.0,30,0.9,none,,0,0,0,0.0,0.0,0.0,0.0,0.0,0.0,0.0,0.0,0.0,True,True,True,non-critical dormant: review
500132007,dormant,none,False,,0.0,13.0,30,0.95,none,,0,0,0,0.0,0.0,0.0,0.0,0.0,0.0,0.0,0.0,0.0,True,True,True,non-critical dormant: review
500132012,dormant,none,False,D,0.0,28.0,30,0.9,none,,0,0,0,0.0,0.0,1.0,0.0,0.0,1.0,0.0,0.0,-1.0,True,True,True,non-critical dormant: review
500132780,dormant,none,False,,0.0,14.0,30,0.95,none,,0,0,0,0.0,0.0,1.0,0.0,0.0,1.0,0.0,0.0,-1.0,True,True,True,non-critical dormant: review
500132918,dormant,none,False,D,0.0,13.0,30,0.9,none,,0,0,0,0.0,0.0,1.0,0.0,0.0,1.0,0.0,0.0,-1.0,True,True,True,non-critical dormant: review
500132920,active,constant,True,L,0.07397260273972603,35.0,30,0.9,nbinom,2.062,4,6,9,0.0,0.0,0.0,0.0,0.0,0.0,4.0,6.0,9.0,False,False,False,active
500132922,dying,dying,False,L,0.01643835616438356,13.0,30,0.9,nbinom,3.426,1,1,2,0.0,0.0,1.0,0.0,0.0,1.0,1.0,1.0,1.0,True,True,True,"dying: demand ceased, review"
500132923,dying,dying,False,M,0.030136986301369864,13.0,30,0.95,nbinom,3.0,2,2,5,0.0,5.0,6.0,0.0,3.0,4.0,2.0,-1.0,1.0,False,True,True,"dying: demand ceased, review"
500132924,dormant,none,False,,0.0,10.0,30,0.95,none,,0,0,0,0.0,0.0,0.0,0.0,0.0,0.0,0.0,0.0,0.0,True,True,True,non-critical dormant: review
500132986,dormant,none,False,,0.0,10.0,30,0.95,none,,0,0,0,0.0,0.0,0.0,0.0,0.0,0.0,0.0,0.0,0.0,True,True,True,non-critical dormant: review
500133009,dormant,none,False,,0.0,10.0,30,0.95,none,,0,0,0,0.0,0.0,0.0,0.0,0.0,0.0,0.0,0.0,0.0,True,True,True,non-critical dormant: review
500133124,dormant,none,False,,0.0,14.0,30,0.95,none,,0,0,0,0.0,0.0,0.0,0.0,0.0,0.0,0.0,0.0,0.0,True,True,True,non-critical dormant: review
500133217,active,constant,True,H,0.1726027397260274,10.0,30,0.99,poisson,1.0,4,5,14,5.0,10.0,15.0,5.0,10.0,15.0,-1.0,-5.0,-1.0,True,False,True,active
500133485,dormant,none,False,D,0.0,23.0,30,0.9,none,,0,0,0,0.0,0.0,1.0,0.0,0.0,1.0,0.0,0.0,-1.0,True,True,True,non-critical dormant: review
500133646,dormant,none,False,D,0.0,9.0,30,0.9,none,,0,0,0,0.0,0.0,0.0,0.0,0.0,0.0,0.0,0.0,0.0,True,True,True,non-critical dormant: review
500133650,dormant,none,False,,0.0,13.0,30,0.95,none,,0,0,0,0.0,0.0,0.0,0.0,0.0,0.0,0.0,0.0,0.0,True,True,True,non-critical dormant: review
500133835,active,constant,True,H,0.052054794520547946,12.0,30,0.99,nbinom,1.694,4,4,8,0.0,1.0,2.0,1.0,2.0,3.0,3.0,2.0,5.0,False,False,False,active
500134982,dying,dying,False,H,0.03561643835616438,13.0,30,0.99,nbinom,3.0,6,6,10,1.0,2.0,3.0,0.0,5.0,10.0,6.0,1.0,0.0,False,True,True,"dying: demand ceased, review"
500134983,active,constant,True,L,0.01643835616438356,13.0,30,0.9,nbinom,2.219,1,1,2,0.0,0.0,1.0,0.0,0.0,1.0,1.0,1.0,1.0,True,True,True,active
500135409,dormant,none,False,,0.0,30.0,30,0.95,none,,0,0,0,0.0,0.0,0.0,0.0,0.0,0.0,0.0,0.0,0.0,True,True,True,non-critical dormant: review
500135584,dormant,none,False,,0.0,30.0,30,0.95,none,,0,0,0,0.0,0.0,0.0,0.0,0.0,0.0,0.0,0.0,0.0,True,True,True,non-critical dormant: review
500136569,dormant,none,False,,0.0,10.0,30,0.95,none,,0,0,0,0.0,0.0,0.0,0.0,0.0,0.0,0.0,0.0,0.0,True,True,True,non-critical dormant: review
500137940,dormant,none,False,,0.0,14.0,30,0.95,none,,0,0,0,0.0,0.0,0.0,0.0,0.0,0.0,0.0,0.0,0.0,True,True,True,non-critical dormant: review
500137941,dormant,none,False,,0.0,30.0,30,0.95,none,,0,0,0,0.0,0.0,0.0,0.0,0.0,0.0,0.0,0.0,0.0,True,True,True,non-critical dormant: review
500139356,dormant,none,False,D,0.0,30.0,30,0.9,none,,0,0,0,0.0,0.0,1.0,0.0,0.0,1.0,0.0,0.0,-1.0,True,True,True,non-critical dormant: review
500139437,dormant,none,False,,0.0,15.0,30,0.95,none,,0,0,0,0.0,0.0,1.0,0.0,0.0,1.0,0.0,0.0,-1.0,True,True,True,non-critical dormant: review
500139446,dormant,none,False,D,0.0,13.0,30,0.9,none,,0,0,0,0.0,0.0,0.0,0.0,0.0,0.0,0.0,0.0,0.0,True,True,True,non-critical dormant: review
500139572,active,constant,True,L,0.01643835616438356,28.0,30,0.9,nbinom,2.102,2,2,3,0.0,0.0,0.0,0.0,6.0,10.0,2.0,-4.0,-7.0,False,False,False,active
500140592,dormant,none,False,D,0.0,13.0,30,0.9,none,,0,0,0,0.0,0.0,0.0,0.0,0.0,0.0,0.0,0.0,0.0,True,True,True,non-critical dormant: review
500140653,dormant,none,False,,0.0,20.0,30,0.95,none,,0,0,0,0.0,0.0,0.0,0.0,0.0,0.0,0.0,0.0,0.0,True,True,True,non-critical dormant: review
500140658,dormant,none,False,,0.0,25.0,30,0.95,none,,0,0,0,0.0,0.0,0.0,0.0,0.0,0.0,0.0,0.0,0.0,True,True,True,non-critical dormant: review
500140659,dormant,none,False,,0.0,20.0,30,0.95,none,,0,0,0,0.0,0.0,0.0,0.0,0.0,0.0,0.0,0.0,0.0,True,True,True,non-critical dormant: review
500140661,dormant,none,False,,0.0,20.0,30,0.95,none,,0,0,0,0.0,0.0,0.0,0.0,0.0,0.0,0.0,0.0,0.0,True,True,True,non-critical dormant: review
500140662,dormant,none,False,,0.0,20.0,30,0.95,none,,0,0,0,0.0,0.0,0.0,0.0,0.0,0.0,0.0,0.0,0.0,True,True,True,non-critical dormant: review
500140665,dormant,none,False,,0.0,20.0,30,0.95,none,,0,0,0,0.0,0.0,0.0,0.0,0.0,0.0,0.0,0.0,0.0,True,True,True,non-critical dormant: review
500140666,dormant,none,False,,0.0,20.0,30,0.95,none,,0,0,0,0.0,0.0,0.0,0.0,0.0,0.0,0.0,0.0,0.0,True,True,True,non-critical dormant: review
500140668,dormant,none,False,,0.0,6.0,30,0.95,none,,0,0,0,0.0,0.0,0.0,0.0,0.0,0.0,0.0,0.0,0.0,True,True,True,non-critical dormant: review
500140678,dormant,none,False,,0.0,20.0,30,0.95,none,,0,0,0,0.0,0.0,0.0,0.0,0.0,0.0,0.0,0.0,0.0,True,True,True,non-critical dormant: review
500140679,dormant,none,False,,0.0,20.0,30,0.95,none,,0,0,0,0.0,0.0,0.0,0.0,0.0,0.0,0.0,0.0,0.0,True,True,True,non-critical dormant: review
500140680,dormant,none,False,,0.0,20.0,30,0.95,none,,0,0,0,0.0,0.0,0.0,0.0,0.0,0.0,0.0,0.0,0.0,True,True,True,non-critical dormant: review
500140681,dormant,none,False,,0.0,20.0,30,0.95,none,,0,0,0,0.0,0.0,0.0,0.0,0.0,0.0,0.0,0.0,0.0,True,True,True,non-critical dormant: review
500140683,dormant,none,False,,0.0,20.0,30,0.95,none,,0,0,0,0.0,0.0,0.0,0.0,0.0,0.0,0.0,0.0,0.0,True,True,True,non-critical dormant: review
500140684,dormant,none,False,,0.0,20.0,30,0.95,none,,0,0,0,0.0,0.0,0.0,0.0,0.0,0.0,0.0,0.0,0.0,True,True,True,non-critical dormant: review
500140965,dormant,none,False,,0.0,30.0,30,0.95,none,,0,0,0,0.0,0.0,0.0,0.0,0.0,0.0,0.0,0.0,0.0,True,True,True,non-critical dormant: review
500140968,dormant,none,False,D,0.0,13.0,30,0.9,none,,0,0,0,0.0,0.0,1.0,0.0,0.0,1.0,0.0,0.0,-1.0,True,True,True,non-critical dormant: review
500141592,dormant,none,False,D,0.0,30.0,30,0.9,none,,0,0,0,0.0,0.0,0.0,0.0,0.0,0.0,0.0,0.0,0.0,True,True,True,non-critical dormant: review
500141673,dormant,none,False,,0.0,13.0,30,0.95,none,,0,0,0,0.0,0.0,0.0,0.0,0.0,0.0,0.0,0.0,0.0,True,True,True,non-critical dormant: review
500141936,dormant,none,False,,0.0,10.0,30,0.95,none,,0,0,0,0.0,0.0,0.0,0.0,0.0,0.0,0.0,0.0,0.0,True,True,True,non-critical dormant: review
500141937,dormant,none,False,,0.0,30.0,30,0.95,none,,0,0,0,0.0,0.0,0.0,0.0,0.0,0.0,0.0,0.0,0.0,True,True,True,non-critical dormant: review
500141939,dying,dying,False,L,0.0,30.0,30,0.9,nbinom,5.0,0,0,1,12.0,27.0,42.0,0.0,13.0,14.0,0.0,-13.0,-13.0,True,False,False,"dying: demand ceased, review"
500141944,dormant,none,False,,0.0,13.0,30,0.95,none,,0,0,0,0.0,0.0,0.0,0.0,0.0,0.0,0.0,0.0,0.0,True,True,True,non-critical dormant: review
500141987,dormant,none,False,,0.0,15.0,30,0.95,none,,0,0,0,0.0,0.0,0.0,0.0,0.0,0.0,0.0,0.0,0.0,True,True,True,non-critical dormant: review
500142352,dormant,none,False,,0.0,10.0,30,0.95,none,,0,0,0,0.0,0.0,0.0,0.0,0.0,0.0,0.0,0.0,0.0,True,True,True,non-critical dormant: review
500142356,dormant,none,False,,0.0,10.0,30,0.95,none,,0,0,0,0.0,0.0,0.0,0.0,0.0,0.0,0.0,0.0,0.0,True,True,True,non-critical dormant: review
500142358,dormant,none,False,,0.0,10.0,30,0.95,none,,0,0,0,0.0,0.0,0.0,0.0,0.0,0.0,0.0,0.0,0.0,True,True,True,non-critical dormant: review
500143717,dormant,none,False,,0.0,10.0,30,0.95,none,,0,0,0,0.0,0.0,1.0,0.0,0.0,1.0,0.0,0.0,-1.0,True,True,True,non-critical dormant: review
500144091,dormant,none,False,,0.0,10.0,30,0.95,none,,0,0,0,0.0,0.0,0.0,0.0,0.0,0.0,0.0,0.0,0.0,True,True,True,non-critical dormant: review
500144092,dormant,none,False,,0.0,10.0,30,0.95,none,,0,0,0,0.0,0.0,0.0,0.0,0.0,0.0,0.0,0.0,0.0,True,True,True,non-critical dormant: review
500144093,dormant,none,False,,0.0,10.0,30,0.95,none,,0,0,0,0.0,0.0,0.0,0.0,0.0,0.0,0.0,0.0,0.0,True,True,True,non-critical dormant: review
500146015,dormant,none,False,D,0.0,13.0,30,0.9,none,,0,0,0,0.0,0.0,1.0,0.0,0.0,1.0,0.0,0.0,-1.0,True,True,True,non-critical dormant: review
500146288,active,constant,True,L,0.00821917808219178,15.0,30,0.9,nbinom,5.0,0,0,1,0.0,0.0,1.0,0.0,5.0,7.0,0.0,-5.0,-6.0,True,False,False,active
500146714,dormant,none,False,,0.0,25.0,30,0.95,none,,0,0,0,0.0,0.0,0.0,0.0,0.0,0.0,0.0,0.0,0.0,True,True,True,non-critical dormant: review
500146909,dying,dying,False,L,0.0136986301369863,35.0,30,0.9,nbinom,3.0,2,2,3,0.0,0.0,1.0,0.0,0.0,1.0,2.0,2.0,2.0,False,False,False,"dying: demand ceased, review"
500147013,dormant,none,False,D,0.0,10.0,30,0.9,none,,0,0,0,0.0,0.0,0.0,0.0,0.0,0.0,0.0,0.0,0.0,True,True,True,non-critical dormant: review
500147018,dormant,none,False,D,0.0,10.0,30,0.9,none,,0,0,0,0.0,0.0,1.0,0.0,0.0,1.0,0.0,0.0,-1.0,True,True,True,non-critical dormant: review
500147932,dormant,none,False,,0.0,10.0,30,0.95,none,,0,0,0,0.0,0.0,0.0,0.0,0.0,0.0,0.0,0.0,0.0,True,True,True,non-critical dormant: review
500147933,dormant,none,False,D,0.0,30.0,30,0.9,none,,0,0,0,0.0,0.0,1.0,0.0,0.0,1.0,0.0,0.0,-1.0,True,True,True,non-critical dormant: review
500148391,dormant,none,False,,0.0,13.0,30,0.95,none,,0,0,0,0.0,0.0,0.0,0.0,0.0,0.0,0.0,0.0,0.0,True,True,True,non-critical dormant: review
500148393,dormant,none,False,D,0.0,13.0,30,0.9,none,,0,0,0,0.0,0.0,1.0,0.0,0.0,1.0,0.0,0.0,-1.0,True,True,True,non-critical dormant: review
500148395,dormant,none,False,,0.0,13.0,30,0.95,none,,0,0,0,0.0,0.0,0.0,0.0,0.0,0.0,0.0,0.0,0.0,True,True,True,non-critical dormant: review
500148847,dormant,none,False,,0.0,30.0,30,0.95,none,,0,0,0,0.0,0.0,1.0,0.0,0.0,1.0,0.0,0.0,-1.0,True,True,True,non-critical dormant: review
500150464,dying,dying,False,L,0.005479452054794521,13.0,30,0.9,nbinom,5.0,0,0,1,0.0,0.0,1.0,0.0,0.0,1.0,0.0,0.0,0.0,True,True,True,"dying: demand ceased, review"
500150465,dormant,none,False,D,0.0,13.0,30,0.9,none,,0,0,0,0.0,0.0,0.0,0.0,0.0,0.0,0.0,0.0,0.0,True,True,True,non-critical dormant: review
500150466,dormant,none,False,D,0.0,10.0,30,0.9,none,,0,0,0,0.0,0.0,0.0,0.0,0.0,0.0,0.0,0.0,0.0,True,True,True,non-critical dormant: review
500150467,dormant,none,False,D,0.0,10.0,30,0.9,none,,0,0,0,0.0,0.0,0.0,0.0,0.0,0.0,0.0,0.0,0.0,True,True,True,non-critical dormant: review
500150469,dormant,none,False,D,0.0,13.0,30,0.9,none,,0,0,0,0.0,0.0,1.0,0.0,0.0,1.0,0.0,0.0,-1.0,True,True,True,non-critical dormant: review
500150647,dormant,none,False,,0.0,13.0,30,0.95,none,,0,0,0,0.0,0.0,0.0,0.0,0.0,0.0,0.0,0.0,0.0,True,True,True,non-critical dormant: review
500150869,dormant,none,False,D,0.0,25.0,30,0.9,none,,0,0,0,0.0,0.0,1.0,0.0,0.0,1.0,0.0,0.0,-1.0,True,True,True,non-critical dormant: review
500152407,dormant,none,False,,0.0,17.0,30,0.95,none,,0,0,0,0.0,0.0,1.0,0.0,0.0,1.0,0.0,0.0,-1.0,True,True,True,non-critical dormant: review
500152408,dormant,none,False,,0.0,17.0,30,0.95,none,,0,0,0,0.0,0.0,1.0,0.0,0.0,1.0,0.0,0.0,-1.0,True,True,True,non-critical dormant: review
500152955,dormant,none,False,,0.0,28.0,30,0.95,none,,0,0,0,0.0,0.0,0.0,0.0,0.0,0.0,0.0,0.0,0.0,True,True,True,non-critical dormant: review
500152956,dormant,none,False,,0.0,10.0,30,0.95,none,,0,0,0,0.0,0.0,1.0,0.0,0.0,1.0,0.0,0.0,-1.0,True,True,True,non-critical dormant: review
500152957,dormant,none,False,,0.0,13.0,30,0.95,none,,0,0,0,0.0,0.0,0.0,0.0,0.0,0.0,0.0,0.0,0.0,True,True,True,non-critical dormant: review
500152958,dormant,none,False,,0.0,10.0,30,0.95,none,,0,0,0,0.0,0.0,0.0,0.0,0.0,0.0,0.0,0.0,0.0,True,True,True,non-critical dormant: review
500152959,dormant,none,False,,0.0,30.0,30,0.95,none,,0,0,0,0.0,0.0,0.0,0.0,0.0,0.0,0.0,0.0,0.0,True,True,True,non-critical dormant: review
500152960,dormant,none,False,,0.0,25.0,30,0.95,none,,0,0,0,0.0,0.0,0.0,0.0,0.0,0.0,0.0,0.0,0.0,True,True,True,non-critical dormant: review
500152961,dormant,none,False,,0.0,13.0,30,0.95,none,,0,0,0,0.0,0.0,0.0,0.0,0.0,0.0,0.0,0.0,0.0,True,True,True,non-critical dormant: review
500153502,dying,dying,False,L,0.0,13.0,30,0.9,nbinom,5.0,0,0,1,0.0,0.0,1.0,0.0,0.0,1.0,0.0,0.0,0.0,True,True,True,"dying: demand ceased, review"
500153872,active,constant,True,L,0.00821917808219178,70.0,30,0.9,nbinom,5.0,2,2,3,0.0,0.0,1.0,0.0,0.0,1.0,2.0,2.0,2.0,False,False,False,active
500154096,dormant,none,False,L,0.0,8.0,30,0.9,none,,0,0,0,0.0,0.0,1.0,0.0,0.0,1.0,0.0,0.0,-1.0,True,True,True,non-critical dormant: review
500154225,dormant,none,False,D,0.0,30.0,30,0.9,none,,0,0,0,0.0,0.0,1.0,0.0,0.0,1.0,0.0,0.0,-1.0,True,True,True,non-critical dormant: review
500154226,dormant,none,False,,0.0,13.0,30,0.95,none,,0,0,0,0.0,0.0,1.0,0.0,0.0,1.0,0.0,0.0,-1.0,True,True,True,non-critical dormant: review
500154317,active,constant,True,M,0.4958904109589041,48.0,30,0.95,nbinom,1.5,11,34,52,56.0,64.0,73.0,0.0,6.0,13.0,11.0,28.0,39.0,False,False,False,active
500156341,dormant,none,False,,0.0,10.0,30,0.95,none,,0,0,0,0.0,0.0,0.0,0.0,0.0,0.0,0.0,0.0,0.0,True,True,True,non-critical dormant: review
500156536,dying,dying,False,L,0.019178082191780823,15.0,30,0.9,nbinom,3.0,1,1,20,0.0,1.0,2.0,1.0,2.0,3.0,0.0,-1.0,17.0,True,True,False,"dying: demand ceased, review"
500156914,dormant,none,False,,0.0,10.0,30,0.95,none,,0,0,0,0.0,0.0,0.0,0.0,0.0,0.0,0.0,0.0,0.0,True,True,True,non-critical dormant: review
500157699,dormant,none,False,,0.0,14.0,30,0.95,none,,0,0,0,0.0,0.0,0.0,0.0,0.0,0.0,0.0,0.0,0.0,True,True,True,non-critical dormant: review
500158591,dying,dying,False,L,0.0027397260273972603,10.0,30,0.9,nbinom,5.0,0,0,1,0.0,0.0,0.0,0.0,0.0,0.0,0.0,0.0,1.0,True,True,True,"dying: demand ceased, review"
500158876,dormant,none,False,D,0.0,13.0,30,0.9,none,,0,0,0,0.0,0.0,1.0,0.0,0.0,1.0,0.0,0.0,-1.0,True,True,True,non-critical dormant: review
500163703,dormant,none,False,,0.0,30.0,30,0.95,none,,0,0,0,0.0,0.0,0.0,0.0,0.0,0.0,0.0,0.0,0.0,True,True,True,non-critical dormant: review
500163704,dormant,none,False,,0.0,24.0,30,0.95,none,,0,0,0,0.0,0.0,1.0,0.0,0.0,1.0,0.0,0.0,-1.0,True,True,True,non-critical dormant: review
500163860,dormant,none,False,D,0.0,30.0,30,0.9,none,,0,0,0,0.0,0.0,1.0,0.0,0.0,1.0,0.0,0.0,-1.0,True,True,True,non-critical dormant: review
500163863,dormant,none,False,,0.0,30.0,30,0.95,none,,0,0,0,0.0,0.0,0.0,0.0,0.0,0.0,0.0,0.0,0.0,True,True,True,non-critical dormant: review
500164025,dormant,none,False,,0.0,15.0,30,0.95,none,,0,0,0,0.0,0.0,1.0,0.0,0.0,1.0,0.0,0.0,-1.0,True,True,True,non-critical dormant: review
500164262,dormant,none,False,,0.0,15.0,30,0.95,none,,0,0,0,0.0,0.0,0.0,0.0,0.0,0.0,0.0,0.0,0.0,True,True,True,non-critical dormant: review
500165564,dormant,none,False,D,0.0,13.0,30,0.9,none,,0,0,0,0.0,0.0,0.0,0.0,0.0,0.0,0.0,0.0,0.0,True,True,True,non-critical dormant: review
500166404,dormant,none,False,,0.0,53.0,30,0.95,none,,0,0,0,0.0,0.0,1.0,0.0,0.0,1.0,0.0,0.0,-1.0,True,True,True,non-critical dormant: review
500166405,dormant,none,False,D,0.0,66.0,30,0.9,none,,0,0,0,0.0,0.0,1.0,0.0,0.0,1.0,0.0,0.0,-1.0,True,True,True,non-critical dormant: review
500166408,active,constant,True,L,0.0027397260273972603,84.0,30,0.9,nbinom,5.0,0,0,1,0.0,0.0,1.0,0.0,2.0,3.0,0.0,-2.0,-2.0,True,False,False,active
500166409,dormant,none,False,D,0.0,80.0,30,0.9,none,,0,0,0,0.0,0.0,0.0,0.0,0.0,0.0,0.0,0.0,0.0,True,True,True,non-critical dormant: review
500166412,dying,dying,False,L,0.0,84.0,30,0.9,nbinom,5.0,0,0,1,0.0,4.0,5.0,0.0,0.0,1.0,0.0,0.0,0.0,True,True,True,"dying: demand ceased, review"
500166413,active,constant,True,L,0.0136986301369863,110.0,30,0.9,nbinom,3.538,3,4,5,0.0,0.0,1.0,0.0,0.0,1.0,3.0,4.0,4.0,False,False,False,active
500166414,dormant,none,False,,0.0,14.0,30,0.95,none,,0,0,0,0.0,0.0,0.0,0.0,0.0,0.0,0.0,0.0,0.0,True,True,True,non-critical dormant: review
500166415,dormant,none,False,L,0.0,70.0,30,0.9,none,,0,0,0,0.0,0.0,0.0,0.0,0.0,0.0,0.0,0.0,0.0,True,True,True,non-critical dormant: review
500166457,dormant,none,False,,0.0,13.0,30,0.95,none,,0,0,0,0.0,0.0,1.0,0.0,0.0,1.0,0.0,0.0,-1.0,True,True,True,non-critical dormant: review
500168532,dormant,none,False,D,0.0,15.0,30,0.9,none,,0,0,0,0.0,0.0,0.0,0.0,0.0,0.0,0.0,0.0,0.0,True,True,True,non-critical dormant: review
500168534,dying,dying,False,L,0.0027397260273972603,10.0,30,0.9,nbinom,3.0,0,0,1,0.0,0.0,1.0,0.0,0.0,1.0,0.0,0.0,0.0,True,True,True,"dying: demand ceased, review"
500168536,dormant,none,False,D,0.0,10.0,30,0.9,none,,0,0,0,0.0,0.0,1.0,0.0,0.0,1.0,0.0,0.0,-1.0,True,True,True,non-critical dormant: review
500168537,dormant,none,False,,0.0,10.0,30,0.95,none,,0,0,0,0.0,0.0,0.0,0.0,0.0,0.0,0.0,0.0,0.0,True,True,True,non-critical dormant: review
500169229,active,constant,True,L,0.024657534246575342,15.0,30,0.9,nbinom,2.51,1,1,3,0.0,0.0,0.0,0.0,4.0,5.0,1.0,-3.0,-2.0,True,False,False,active
500170330,dying,dying,False,M,0.0,13.0,30,0.95,nbinom,5.0,0,0,5,0.0,4.0,6.0,1.0,3.0,4.0,-1.0,-3.0,1.0,True,False,True,"dying: demand ceased, review"
500170333,dormant,none,False,,0.0,14.0,30,0.95,none,,0,0,0,0.0,0.0,0.0,0.0,0.0,0.0,0.0,0.0,0.0,True,True,True,non-critical dormant: review
500170437,active,constant,True,M,0.024657534246575342,70.0,30,0.95,nbinom,3.016,5,6,8,0.0,0.0,1.0,1.0,2.0,3.0,4.0,4.0,5.0,False,False,False,active
500170441,dying,dying,False,M,0.01643835616438356,30.0,30,0.95,nbinom,3.0,3,3,4,0.0,3.0,4.0,0.0,2.0,3.0,3.0,1.0,1.0,False,True,True,"dying: demand ceased, review"
500170442,dying,dying,False,M,0.024657534246575342,30.0,30,0.95,nbinom,3.319,4,4,6,0.0,0.0,0.0,2.0,5.0,6.0,2.0,-1.0,0.0,False,True,True,"dying: demand ceased, review"
500170459,dormant,none,False,D,0.0,30.0,30,0.9,none,,0,0,0,0.0,0.0,0.0,0.0,0.0,0.0,0.0,0.0,0.0,True,True,True,non-critical dormant: review
500170460,dormant,none,False,,0.0,10.0,30,0.95,none,,0,0,0,0.0,0.0,1.0,0.0,0.0,1.0,0.0,0.0,-1.0,True,True,True,non-critical dormant: review
500170461,dying,dying,False,M,0.005479452054794521,40.0,30,0.95,nbinom,4.607,1,1,2,0.0,0.0,0.0,0.0,0.0,1.0,1.0,1.0,1.0,True,True,True,"dying: demand ceased, review"
500170813,dormant,none,False,D,0.0,10.0,30,0.9,none,,0,0,0,0.0,0.0,1.0,0.0,0.0,1.0,0.0,0.0,-1.0,True,True,True,non-critical dormant: review
500170814,dormant,none,False,,0.0,21.0,30,0.95,none,,0,0,0,0.0,0.0,0.0,0.0,0.0,0.0,0.0,0.0,0.0,True,True,True,non-critical dormant: review
500170815,active,constant,True,L,0.0273972602739726,10.0,30,0.9,nbinom,5.0,1,1,4,0.0,0.0,1.0,0.0,0.0,1.0,1.0,1.0,3.0,True,True,False,active
500171763,dormant,none,False,,0.0,14.0,30,0.95,none,,0,0,0,0.0,0.0,0.0,0.0,0.0,0.0,0.0,0.0,0.0,True,True,True,non-critical dormant: review
500172257,dormant,none,False,,0.0,55.0,30,0.95,none,,0,0,0,0.0,0.0,0.0,0.0,0.0,0.0,0.0,0.0,0.0,True,True,True,non-critical dormant: review
500174592,dormant,none,False,D,0.0,20.0,30,0.9,none,,0,0,0,0.0,0.0,0.0,0.0,0.0,0.0,0.0,0.0,0.0,True,True,True,non-critical dormant: review
500175684,active,constant,True,H,0.10136986301369863,13.0,30,0.99,poisson,1.0,4,5,10,2.0,5.0,8.0,1.0,3.0,5.0,3.0,2.0,5.0,False,False,False,active
500175747,dormant,none,False,D,0.0,10.0,30,0.9,none,,0,0,0,0.0,0.0,0.0,0.0,0.0,0.0,0.0,0.0,0.0,True,True,True,non-critical dormant: review
500177168,dying,dying,False,L,0.0,13.0,30,0.9,nbinom,5.0,0,0,1,0.0,0.0,1.0,0.0,0.0,1.0,0.0,0.0,0.0,True,True,True,"dying: demand ceased, review"
500177169,dormant,none,False,D,0.0,16.0,30,0.9,none,,0,0,0,0.0,0.0,0.0,0.0,0.0,0.0,0.0,0.0,0.0,True,True,True,non-critical dormant: review
500177170,dormant,none,False,,0.0,10.0,30,0.95,none,,0,0,0,0.0,0.0,1.0,0.0,0.0,1.0,0.0,0.0,-1.0,True,True,True,non-critical dormant: review
500177171,dormant,none,False,,0.0,10.0,30,0.95,none,,0,0,0,0.0,0.0,1.0,0.0,0.0,1.0,0.0,0.0,-1.0,True,True,True,non-critical dormant: review
500177172,dormant,none,False,,0.0,10.0,30,0.95,none,,0,0,0,0.0,0.0,0.0,0.0,0.0,0.0,0.0,0.0,0.0,True,True,True,non-critical dormant: review
500177183,dormant,none,False,D,0.0,25.0,30,0.9,none,,0,0,0,0.0,0.0,1.0,0.0,0.0,1.0,0.0,0.0,-1.0,True,True,True,non-critical dormant: review
500177285,dormant,none,False,,0.0,30.0,30,0.95,none,,0,0,0,0.0,0.0,0.0,0.0,0.0,0.0,0.0,0.0,0.0,True,True,True,non-critical dormant: review
500178047,dying,dying,False,H,0.4794520547945205,13.0,30,0.99,nbinom,3.0,14,20,42,12.0,26.0,40.0,1.0,5.0,6.0,13.0,15.0,36.0,False,False,False,"dying: demand ceased, review"
500178049,dormant,none,False,D,0.0,13.0,30,0.9,none,,0,0,0,0.0,0.0,0.0,0.0,0.0,0.0,0.0,0.0,0.0,True,True,True,non-critical dormant: review
500178470,dormant,none,False,D,0.0,13.0,30,0.9,none,,0,0,0,0.0,0.0,0.0,0.0,0.0,0.0,0.0,0.0,0.0,True,True,True,non-critical dormant: review
500181765,dormant,none,False,,0.0,14.0,30,0.95,none,,0,0,0,0.0,0.0,0.0,0.0,0.0,0.0,0.0,0.0,0.0,True,True,True,non-critical dormant: review
500181786,dormant,none,False,,0.0,14.0,30,0.95,none,,0,0,0,0.0,0.0,0.0,0.0,0.0,0.0,0.0,0.0,0.0,True,True,True,non-critical dormant: review
500181787,dormant,none,False,D,0.0,14.0,30,0.9,none,,0,0,0,0.0,0.0,0.0,0.0,0.0,0.0,0.0,0.0,0.0,True,True,True,non-critical dormant: review
500182523,dormant,none,False,D,0.0,13.0,30,0.9,none,,0,0,0,0.0,0.0,1.0,0.0,0.0,1.0,0.0,0.0,-1.0,True,True,True,non-critical dormant: review
500182820,dying,dying,False,L,0.00821917808219178,30.0,30,0.9,nbinom,3.0,1,1,20,0.0,2.0,3.0,0.0,1.0,2.0,1.0,0.0,18.0,True,True,False,"dying: demand ceased, review"
500183363,dying,dying,False,L,0.005479452054794521,15.0,30,0.9,nbinom,5.0,0,0,1,0.0,1.0,2.0,0.0,0.0,1.0,0.0,0.0,0.0,True,True,True,"dying: demand ceased, review"
500183662,dormant,none,False,,0.0,8.0,30,0.95,none,,0,0,0,0.0,0.0,1.0,0.0,0.0,1.0,0.0,0.0,-1.0,True,True,True,non-critical dormant: review
500183790,dying,dying,False,L,0.0,13.0,30,0.9,nbinom,5.0,0,0,1,0.0,0.0,1.0,0.0,0.0,1.0,0.0,0.0,0.0,True,True,True,"dying: demand ceased, review"
500184734,dormant,none,False,,0.0,25.0,30,0.95,none,,0,0,0,0.0,0.0,0.0,0.0,0.0,0.0,0.0,0.0,0.0,True,True,True,non-critical dormant: review
500184735,dying,dying,False,,0.0027397260273972603,25.0,30,0.95,nbinom,5.0,0,0,1,0.0,0.0,0.0,0.0,0.0,0.0,0.0,0.0,1.0,True,True,True,"dying: demand ceased, review"
500184736,dormant,none,False,D,0.0,10.0,30,0.9,none,,0,0,0,0.0,0.0,0.0,0.0,0.0,0.0,0.0,0.0,0.0,True,True,True,non-critical dormant: review
500184737,dormant,none,False,,0.0,10.0,30,0.95,none,,0,0,0,0.0,0.0,0.0,0.0,0.0,1.0,0.0,0.0,-1.0,True,True,True,non-critical dormant: review
500184738,dormant,none,False,D,0.0,15.0,30,0.9,none,,0,0,0,0.0,0.0,0.0,0.0,0.0,1.0,0.0,0.0,-1.0,True,True,True,non-critical dormant: review
500184739,active,constant,True,L,0.005479452054794521,48.0,30,0.9,nbinom,3.151,1,1,2,0.0,0.0,1.0,0.0,0.0,1.0,1.0,1.0,1.0,True,True,True,active
500184740,dormant,none,False,,0.0,25.0,30,0.95,none,,0,0,0,0.0,0.0,0.0,0.0,0.0,1.0,0.0,0.0,-1.0,True,True,True,non-critical dormant: review
500184741,dormant,none,False,D,0.0,15.0,30,0.9,none,,0,0,0,0.0,0.0,0.0,0.0,0.0,1.0,0.0,0.0,-1.0,True,True,True,non-critical dormant: review
500184742,dormant,none,False,D,0.0,15.0,30,0.9,none,,0,0,0,0.0,0.0,0.0,0.0,0.0,1.0,0.0,0.0,-1.0,True,True,True,non-critical dormant: review
500184743,dormant,none,False,,0.0,15.0,30,0.95,none,,0,0,0,0.0,0.0,0.0,0.0,1.0,2.0,0.0,-1.0,-2.0,True,True,False,non-critical dormant: review
500184744,dormant,none,False,D,0.0,15.0,30,0.9,none,,0,0,0,0.0,0.0,0.0,0.0,1.0,2.0,0.0,-1.0,-2.0,True,True,False,non-critical dormant: review
500184745,dormant,none,False,D,0.0,115.0,30,0.9,none,,0,0,0,0.0,0.0,0.0,0.0,1.0,2.0,0.0,-1.0,-2.0,True,True,False,non-critical dormant: review
500184746,dormant,none,False,,0.0,25.0,30,0.95,none,,0,0,0,0.0,0.0,0.0,0.0,1.0,2.0,0.0,-1.0,-2.0,True,True,False,non-critical dormant: review
500184747,dormant,none,False,D,0.0,15.0,30,0.9,none,,0,0,0,0.0,0.0,1.0,0.0,0.0,1.0,0.0,0.0,-1.0,True,True,True,non-critical dormant: review
500184748,dormant,none,False,D,0.0,21.0,30,0.9,none,,0,0,0,0.0,0.0,0.0,0.0,1.0,2.0,0.0,-1.0,-2.0,True,True,False,non-critical dormant: review
500184749,dying,dying,False,L,0.0027397260273972603,25.0,30,0.9,nbinom,5.0,0,0,1,0.0,0.0,0.0,0.0,0.0,1.0,0.0,0.0,0.0,True,True,True,"dying: demand ceased, review"
500184750,dormant,none,False,D,0.0,25.0,30,0.9,none,,0,0,0,0.0,0.0,0.0,0.0,1.0,2.0,0.0,-1.0,-2.0,True,True,False,non-critical dormant: review
500184751,dormant,none,False,D,0.0,25.0,30,0.9,none,,0,0,0,0.0,0.0,0.0,0.0,1.0,2.0,0.0,-1.0,-2.0,True,True,False,non-critical dormant: review
500184752,dormant,none,False,,0.0,25.0,30,0.95,none,,0,0,0,0.0,0.0,0.0,0.0,1.0,2.0,0.0,-1.0,-2.0,True,True,False,non-critical dormant: review
500184753,dormant,none,False,D,0.0,15.0,30,0.9,none,,0,0,0,0.0,0.0,0.0,0.0,1.0,2.0,0.0,-1.0,-2.0,True,True,False,non-critical dormant: review
500184754,dormant,none,False,D,0.0,25.0,30,0.9,none,,0,0,0,0.0,0.0,1.0,0.0,0.0,1.0,0.0,0.0,-1.0,True,True,True,non-critical dormant: review
500184755,dormant,none,False,D,0.0,15.0,30,0.9,none,,0,0,0,0.0,0.0,0.0,0.0,1.0,2.0,0.0,-1.0,-2.0,True,True,False,non-critical dormant: review
500184756,dormant,none,False,D,0.0,10.0,30,0.9,none,,0,0,0,0.0,0.0,1.0,0.0,0.0,1.0,0.0,0.0,-1.0,True,True,True,non-critical dormant: review
500184758,dormant,none,False,D,0.0,61.0,30,0.9,none,,0,0,0,0.0,0.0,0.0,0.0,0.0,1.0,0.0,0.0,-1.0,True,True,True,non-critical dormant: review
500184759,dormant,none,False,D,0.0,10.0,30,0.9,none,,0,0,0,0.0,0.0,0.0,0.0,0.0,1.0,0.0,0.0,-1.0,True,True,True,non-critical dormant: review
500184760,dormant,none,False,D,0.0,15.0,30,0.9,none,,0,0,0,0.0,0.0,0.0,0.0,0.0,0.0,0.0,0.0,0.0,True,True,True,non-critical dormant: review
500184761,dormant,none,False,D,0.0,88.0,30,0.9,none,,0,0,0,0.0,0.0,0.0,0.0,0.0,1.0,0.0,0.0,-1.0,True,True,True,non-critical dormant: review
500184763,dormant,none,False,D,0.0,25.0,30,0.9,none,,0,0,0,0.0,0.0,0.0,0.0,0.0,0.0,0.0,0.0,0.0,True,True,True,non-critical dormant: review
500184764,dormant,none,False,,0.0,25.0,30,0.95,none,,0,0,0,0.0,0.0,0.0,0.0,0.0,0.0,0.0,0.0,0.0,True,True,True,non-critical dormant: review
500184765,dormant,none,False,D,0.0,15.0,30,0.9,none,,0,0,0,0.0,0.0,0.0,0.0,0.0,1.0,0.0,0.0,-1.0,True,True,True,non-critical dormant: review
500184766,dormant,none,False,,0.0,25.0,30,0.95,none,,0,0,0,0.0,0.0,0.0,0.0,0.0,0.0,0.0,0.0,0.0,True,True,True,non-critical dormant: review
500184767,dormant,none,False,,0.0,25.0,30,0.95,none,,0,0,0,0.0,0.0,0.0,0.0,0.0,0.0,0.0,0.0,0.0,True,True,True,non-critical dormant: review
500184768,dormant,none,False,,0.0,15.0,30,0.95,none,,0,0,0,0.0,0.0,0.0,0.0,0.0,0.0,0.0,0.0,0.0,True,True,True,non-critical dormant: review
500184769,dormant,none,False,,0.0,25.0,30,0.95,none,,0,0,0,0.0,0.0,0.0,0.0,0.0,0.0,0.0,0.0,0.0,True,True,True,non-critical dormant: review
500184770,dormant,none,False,,0.0,25.0,30,0.95,none,,0,0,0,0.0,0.0,0.0,0.0,0.0,0.0,0.0,0.0,0.0,True,True,True,non-critical dormant: review
500184771,dormant,none,False,,0.0,25.0,30,0.95,none,,0,0,0,0.0,0.0,0.0,0.0,0.0,0.0,0.0,0.0,0.0,True,True,True,non-critical dormant: review
500184772,dormant,none,False,D,0.0,40.0,30,0.9,none,,0,0,0,0.0,0.0,0.0,0.0,0.0,0.0,0.0,0.0,0.0,True,True,True,non-critical dormant: review
500184773,dormant,none,False,D,0.0,15.0,30,0.9,none,,0,0,0,0.0,0.0,0.0,0.0,0.0,1.0,0.0,0.0,-1.0,True,True,True,non-critical dormant: review
500184774,dormant,none,False,D,0.0,15.0,30,0.9,none,,0,0,0,0.0,0.0,0.0,0.0,0.0,1.0,0.0,0.0,-1.0,True,True,True,non-critical dormant: review
500184775,dormant,none,False,D,0.0,15.0,30,0.9,none,,0,0,0,0.0,0.0,0.0,0.0,0.0,1.0,0.0,0.0,-1.0,True,True,True,non-critical dormant: review
500184777,dormant,none,False,,0.0,25.0,30,0.95,none,,0,0,0,0.0,0.0,0.0,0.0,0.0,0.0,0.0,0.0,0.0,True,True,True,non-critical dormant: review
500184778,dormant,none,False,D,0.0,10.0,30,0.9,none,,0,0,0,0.0,0.0,0.0,0.0,0.0,0.0,0.0,0.0,0.0,True,True,True,non-critical dormant: review
500184779,dormant,none,False,,0.0,25.0,30,0.95,none,,0,0,0,0.0,0.0,0.0,0.0,0.0,0.0,0.0,0.0,0.0,True,True,True,non-critical dormant: review
500184780,dormant,none,False,D,0.0,55.0,30,0.9,none,,0,0,0,0.0,0.0,0.0,0.0,0.0,1.0,0.0,0.0,-1.0,True,True,True,non-critical dormant: review
500184781,dormant,none,False,,0.0,25.0,30,0.95,none,,0,0,0,0.0,0.0,0.0,0.0,0.0,0.0,0.0,0.0,0.0,True,True,True,non-critical dormant: review
500184782,dormant,none,False,,0.0,25.0,30,0.95,none,,0,0,0,0.0,0.0,0.0,0.0,0.0,0.0,0.0,0.0,0.0,True,True,True,non-critical dormant: review
500184783,dormant,none,False,,0.0,25.0,30,0.95,none,,0,0,0,0.0,0.0,0.0,0.0,0.0,1.0,0.0,0.0,-1.0,True,True,True,non-critical dormant: review
500184786,dormant,none,False,,0.0,15.0,30,0.95,none,,0,0,0,0.0,0.0,0.0,0.0,0.0,1.0,0.0,0.0,-1.0,True,True,True,non-critical dormant: review
500184787,dormant,none,False,,0.0,25.0,30,0.95,none,,0,0,0,0.0,0.0,0.0,0.0,0.0,0.0,0.0,0.0,0.0,True,True,True,non-critical dormant: review
500184788,dormant,none,False,,0.0,25.0,30,0.95,none,,0,0,0,0.0,0.0,0.0,0.0,0.0,0.0,0.0,0.0,0.0,True,True,True,non-critical dormant: review
500184789,dormant,none,False,D,0.0,15.0,30,0.9,none,,0,0,0,0.0,0.0,0.0,0.0,0.0,0.0,0.0,0.0,0.0,True,True,True,non-critical dormant: review
500184790,dormant,none,False,,0.0,40.0,30,0.95,none,,0,0,0,0.0,0.0,0.0,0.0,0.0,0.0,0.0,0.0,0.0,True,True,True,non-critical dormant: review
500184791,dormant,none,False,,0.0,25.0,30,0.95,none,,0,0,0,0.0,0.0,1.0,0.0,0.0,1.0,0.0,0.0,-1.0,True,True,True,non-critical dormant: review
500184792,dormant,none,False,,0.0,25.0,30,0.95,none,,0,0,0,0.0,0.0,0.0,0.0,0.0,0.0,0.0,0.0,0.0,True,True,True,non-critical dormant: review
500184793,dormant,none,False,D,0.0,15.0,30,0.9,none,,0,0,0,0.0,0.0,0.0,0.0,0.0,0.0,0.0,0.0,0.0,True,True,True,non-critical dormant: review
500184794,dormant,none,False,D,0.0,10.0,30,0.9,none,,0,0,0,0.0,0.0,0.0,0.0,0.0,0.0,0.0,0.0,0.0,True,True,True,non-critical dormant: review
500184795,dormant,none,False,D,0.0,25.0,30,0.9,none,,0,0,0,0.0,0.0,1.0,0.0,0.0,1.0,0.0,0.0,-1.0,True,True,True,non-critical dormant: review
500184796,dormant,none,False,D,0.0,15.0,30,0.9,none,,0,0,0,0.0,0.0,0.0,0.0,0.0,0.0,0.0,0.0,0.0,True,True,True,non-critical dormant: review
500184797,dormant,none,False,D,0.0,62.0,30,0.9,none,,0,0,0,0.0,0.0,0.0,0.0,0.0,0.0,0.0,0.0,0.0,True,True,True,non-critical dormant: review
500184798,dormant,none,False,D,0.0,15.0,30,0.9,none,,0,0,0,0.0,0.0,0.0,0.0,0.0,0.0,0.0,0.0,0.0,True,True,True,non-critical dormant: review
500184799,dormant,none,False,D,0.0,15.0,30,0.9,none,,0,0,0,0.0,0.0,0.0,0.0,0.0,0.0,0.0,0.0,0.0,True,True,True,non-critical dormant: review
500184800,dormant,none,False,D,0.0,38.0,30,0.9,none,,0,0,0,0.0,0.0,0.0,0.0,0.0,0.0,0.0,0.0,0.0,True,True,True,non-critical dormant: review
500184801,dormant,none,False,D,0.0,15.0,30,0.9,none,,0,0,0,0.0,0.0,0.0,0.0,0.0,0.0,0.0,0.0,0.0,True,True,True,non-critical dormant: review
500184802,dormant,none,False,D,0.0,15.0,30,0.9,none,,0,0,0,0.0,0.0,0.0,0.0,0.0,0.0,0.0,0.0,0.0,True,True,True,non-critical dormant: review
500184803,dormant,none,False,D,0.0,45.0,30,0.9,none,,0,0,0,0.0,0.0,1.0,0.0,0.0,1.0,0.0,0.0,-1.0,True,True,True,non-critical dormant: review
500184804,dormant,none,False,D,0.0,15.0,30,0.9,none,,0,0,0,0.0,0.0,0.0,0.0,0.0,0.0,0.0,0.0,0.0,True,True,True,non-critical dormant: review
500184805,dormant,none,False,D,0.0,25.0,30,0.9,none,,0,0,0,0.0,0.0,0.0,0.0,0.0,0.0,0.0,0.0,0.0,True,True,True,non-critical dormant: review
500184807,dormant,none,False,D,0.0,25.0,30,0.9,none,,0,0,0,0.0,0.0,0.0,0.0,0.0,0.0,0.0,0.0,0.0,True,True,True,non-critical dormant: review
500184808,dormant,none,False,,0.0,25.0,30,0.95,none,,0,0,0,0.0,0.0,0.0,0.0,0.0,0.0,0.0,0.0,0.0,True,True,True,non-critical dormant: review
500184809,dormant,none,False,,0.0,38.0,30,0.95,none,,0,0,0,0.0,0.0,0.0,0.0,0.0,0.0,0.0,0.0,0.0,True,True,True,non-critical dormant: review
500184810,dormant,none,False,D,0.0,70.0,30,0.9,none,,0,0,0,0.0,0.0,0.0,0.0,0.0,0.0,0.0,0.0,0.0,True,True,True,non-critical dormant: review
500184811,dormant,none,False,D,0.0,25.0,30,0.9,none,,0,0,0,0.0,0.0,1.0,0.0,0.0,1.0,0.0,0.0,-1.0,True,True,True,non-critical dormant: review
500184812,dormant,none,False,,0.0,25.0,30,0.95,none,,0,0,0,0.0,0.0,0.0,0.0,0.0,0.0,0.0,0.0,0.0,True,True,True,non-critical dormant: review
500184813,dormant,none,False,D,0.0,105.0,30,0.9,none,,0,0,0,0.0,0.0,0.0,0.0,0.0,0.0,0.0,0.0,0.0,True,True,True,non-critical dormant: review
500184815,dormant,none,False,,0.0,15.0,30,0.95,none,,0,0,0,0.0,0.0,0.0,0.0,0.0,0.0,0.0,0.0,0.0,True,True,True,non-critical dormant: review
500184817,dormant,none,False,,0.0,25.0,30,0.95,none,,0,0,0,0.0,0.0,0.0,0.0,0.0,0.0,0.0,0.0,0.0,True,True,True,non-critical dormant: review
500184818,dormant,none,False,,0.0,25.0,30,0.95,none,,0,0,0,0.0,0.0,0.0,0.0,0.0,0.0,0.0,0.0,0.0,True,True,True,non-critical dormant: review
500184819,dormant,none,False,D,0.0,15.0,30,0.9,none,,0,0,0,0.0,0.0,0.0,0.0,0.0,1.0,0.0,0.0,-1.0,True,True,True,non-critical dormant: review
500184820,dormant,none,False,D,0.0,10.0,30,0.9,none,,0,0,0,0.0,0.0,0.0,0.0,0.0,0.0,0.0,0.0,0.0,True,True,True,non-critical dormant: review
500184821,dormant,none,False,,0.0,25.0,30,0.95,none,,0,0,0,0.0,0.0,0.0,0.0,0.0,0.0,0.0,0.0,0.0,True,True,True,non-critical dormant: review
500184822,dormant,none,False,,0.0,25.0,30,0.95,none,,0,0,0,0.0,0.0,0.0,0.0,0.0,0.0,0.0,0.0,0.0,True,True,True,non-critical dormant: review
500184823,dormant,none,False,,0.0,25.0,30,0.95,none,,0,0,0,0.0,0.0,0.0,0.0,0.0,0.0,0.0,0.0,0.0,True,True,True,non-critical dormant: review
500184824,dormant,none,False,,0.0,25.0,30,0.95,none,,0,0,0,0.0,0.0,0.0,0.0,0.0,0.0,0.0,0.0,0.0,True,True,True,non-critical dormant: review
500184825,dormant,none,False,,0.0,25.0,30,0.95,none,,0,0,0,0.0,0.0,0.0,0.0,0.0,0.0,0.0,0.0,0.0,True,True,True,non-critical dormant: review
500184826,dormant,none,False,D,0.0,15.0,30,0.9,none,,0,0,0,0.0,0.0,0.0,0.0,0.0,0.0,0.0,0.0,0.0,True,True,True,non-critical dormant: review
500184827,dormant,none,False,,0.0,15.0,30,0.95,none,,0,0,0,0.0,0.0,0.0,0.0,0.0,0.0,0.0,0.0,0.0,True,True,True,non-critical dormant: review
500184828,dormant,none,False,,0.0,25.0,30,0.95,none,,0,0,0,0.0,0.0,0.0,0.0,0.0,0.0,0.0,0.0,0.0,True,True,True,non-critical dormant: review
500184829,dormant,none,False,,0.0,25.0,30,0.95,none,,0,0,0,0.0,0.0,0.0,0.0,0.0,0.0,0.0,0.0,0.0,True,True,True,non-critical dormant: review
500184830,dormant,none,False,D,0.0,60.0,30,0.9,none,,0,0,0,0.0,0.0,0.0,0.0,0.0,0.0,0.0,0.0,0.0,True,True,True,non-critical dormant: review
500184831,active,constant,True,D,0.005479452054794521,25.0,30,0.9,nbinom,5.0,0,0,1,0.0,0.0,1.0,0.0,0.0,1.0,0.0,0.0,0.0,True,True,True,active
500184832,dormant,none,False,,0.0,25.0,30,0.95,none,,0,0,0,0.0,0.0,0.0,0.0,0.0,1.0,0.0,0.0,-1.0,True,True,True,non-critical dormant: review
500184833,dormant,none,False,,0.0,38.0,30,0.95,none,,0,0,0,0.0,0.0,0.0,0.0,0.0,0.0,0.0,0.0,0.0,True,True,True,non-critical dormant: review
500184834,dormant,none,False,,0.0,25.0,30,0.95,none,,0,0,0,0.0,0.0,0.0,0.0,0.0,0.0,0.0,0.0,0.0,True,True,True,non-critical dormant: review
500184835,dormant,none,False,D,0.0,25.0,30,0.9,none,,0,0,0,0.0,0.0,0.0,0.0,0.0,1.0,0.0,0.0,-1.0,True,True,True,non-critical dormant: review
500184836,active,constant,True,D,0.005479452054794521,55.0,30,0.9,nbinom,5.0,1,1,2,0.0,0.0,0.0,0.0,0.0,1.0,1.0,1.0,1.0,True,True,True,active
500184838,dormant,none,False,,0.0,25.0,30,0.95,none,,0,0,0,0.0,0.0,0.0,0.0,0.0,1.0,0.0,0.0,-1.0,True,True,True,non-critical dormant: review
500184839,dying,dying,False,L,0.0027397260273972603,15.0,30,0.9,nbinom,5.0,0,0,1,0.0,0.0,0.0,0.0,0.0,1.0,0.0,0.0,0.0,True,True,True,"dying: demand ceased, review"
500184840,dormant,none,False,,0.0,25.0,30,0.95,none,,0,0,0,0.0,0.0,0.0,0.0,0.0,1.0,0.0,0.0,-1.0,True,True,True,non-critical dormant: review
500184841,dormant,none,False,D,0.0,15.0,30,0.9,none,,0,0,0,0.0,0.0,1.0,0.0,0.0,1.0,0.0,0.0,-1.0,True,True,True,non-critical dormant: review
500184842,dormant,none,False,,0.0,25.0,30,0.95,none,,0,0,0,0.0,0.0,0.0,0.0,0.0,0.0,0.0,0.0,0.0,True,True,True,non-critical dormant: review
500184843,dormant,none,False,D,0.0,115.0,30,0.9,none,,0,0,0,0.0,0.0,1.0,0.0,0.0,1.0,0.0,0.0,-1.0,True,True,True,non-critical dormant: review
500184844,dormant,none,False,D,0.0,15.0,30,0.9,none,,0,0,0,0.0,0.0,0.0,0.0,0.0,0.0,0.0,0.0,0.0,True,True,True,non-critical dormant: review
500184845,dormant,none,False,D,0.0,55.0,30,0.9,none,,0,0,0,0.0,0.0,0.0,0.0,0.0,1.0,0.0,0.0,-1.0,True,True,True,non-critical dormant: review
500184847,dormant,none,False,D,0.0,15.0,30,0.9,none,,0,0,0,0.0,0.0,0.0,0.0,0.0,0.0,0.0,0.0,0.0,True,True,True,non-critical dormant: review
500184848,dormant,none,False,D,0.0,15.0,30,0.9,none,,0,0,0,0.0,0.0,0.0,0.0,0.0,1.0,0.0,0.0,-1.0,True,True,True,non-critical dormant: review
500184849,dormant,none,False,,0.0,25.0,30,0.95,none,,0,0,0,0.0,0.0,0.0,0.0,0.0,0.0,0.0,0.0,0.0,True,True,True,non-critical dormant: review
500184850,dormant,none,False,,0.0,25.0,30,0.95,none,,0,0,0,0.0,0.0,0.0,0.0,0.0,0.0,0.0,0.0,0.0,True,True,True,non-critical dormant: review
500184851,dormant,none,False,,0.0,25.0,30,0.95,none,,0,0,0,0.0,0.0,0.0,0.0,0.0,1.0,0.0,0.0,-1.0,True,True,True,non-critical dormant: review
500184852,dormant,none,False,,0.0,25.0,30,0.95,none,,0,0,0,0.0,0.0,0.0,0.0,0.0,0.0,0.0,0.0,0.0,True,True,True,non-critical dormant: review
500184853,dormant,none,False,,0.0,25.0,30,0.95,none,,0,0,0,0.0,0.0,0.0,0.0,0.0,1.0,0.0,0.0,-1.0,True,True,True,non-critical dormant: review
500184854,dormant,none,False,,0.0,38.0,30,0.95,none,,0,0,0,0.0,0.0,0.0,0.0,0.0,0.0,0.0,0.0,0.0,True,True,True,non-critical dormant: review
500184855,dormant,none,False,,0.0,25.0,30,0.95,none,,0,0,0,0.0,0.0,0.0,0.0,0.0,0.0,0.0,0.0,0.0,True,True,True,non-critical dormant: review
500184856,dormant,none,False,,0.0,25.0,30,0.95,none,,0,0,0,0.0,0.0,0.0,0.0,0.0,0.0,0.0,0.0,0.0,True,True,True,non-critical dormant: review
500184857,dormant,none,False,,0.0,25.0,30,0.95,none,,0,0,0,0.0,0.0,0.0,0.0,0.0,0.0,0.0,0.0,0.0,True,True,True,non-critical dormant: review
500184858,dormant,none,False,,0.0,25.0,30,0.95,none,,0,0,0,0.0,0.0,0.0,0.0,0.0,0.0,0.0,0.0,0.0,True,True,True,non-critical dormant: review
500184859,dormant,none,False,,0.0,25.0,30,0.95,none,,0,0,0,0.0,0.0,0.0,0.0,0.0,0.0,0.0,0.0,0.0,True,True,True,non-critical dormant: review
500184860,dormant,none,False,D,0.0,15.0,30,0.9,none,,0,0,0,0.0,0.0,0.0,0.0,0.0,1.0,0.0,0.0,-1.0,True,True,True,non-critical dormant: review
500184861,dormant,none,False,,0.0,25.0,30,0.95,none,,0,0,0,0.0,0.0,0.0,0.0,0.0,0.0,0.0,0.0,0.0,True,True,True,non-critical dormant: review
500184862,dormant,none,False,,0.0,70.0,30,0.95,none,,0,0,0,0.0,0.0,0.0,0.0,0.0,0.0,0.0,0.0,0.0,True,True,True,non-critical dormant: review
500184863,dormant,none,False,D,0.0,55.0,30,0.9,none,,0,0,0,0.0,0.0,0.0,0.0,0.0,1.0,0.0,0.0,-1.0,True,True,True,non-critical dormant: review
500184864,dormant,none,False,,0.0,25.0,30,0.95,none,,0,0,0,0.0,0.0,0.0,0.0,0.0,0.0,0.0,0.0,0.0,True,True,True,non-critical dormant: review
500184865,dormant,none,False,,0.0,10.0,30,0.95,none,,0,0,0,0.0,0.0,0.0,0.0,0.0,0.0,0.0,0.0,0.0,True,True,True,non-critical dormant: review
500184923,dying,dying,False,L,0.0027397260273972603,10.0,30,0.9,nbinom,5.0,0,0,1,0.0,0.0,0.0,0.0,0.0,1.0,0.0,0.0,0.0,True,True,True,"dying: demand ceased, review"
500184927,dormant,none,False,,0.0,25.0,30,0.95,none,,0,0,0,0.0,0.0,0.0,0.0,0.0,0.0,0.0,0.0,0.0,True,True,True,non-critical dormant: review
500184928,dormant,none,False,,0.0,25.0,30,0.95,none,,0,0,0,0.0,0.0,0.0,0.0,0.0,1.0,0.0,0.0,-1.0,True,True,True,non-critical dormant: review
500184929,dormant,none,False,D,0.0,10.0,30,0.9,none,,0,0,0,0.0,0.0,0.0,0.0,0.0,1.0,0.0,0.0,-1.0,True,True,True,non-critical dormant: review
500184930,dying,dying,False,L,0.03287671232876712,25.0,30,0.9,nbinom,3.0,3,3,5,0.0,2.0,4.0,0.0,1.0,2.0,3.0,2.0,3.0,False,False,False,"dying: demand ceased, review"
500184931,dormant,none,False,D,0.0,15.0,30,0.9,none,,0,0,0,0.0,0.0,0.0,0.0,0.0,1.0,0.0,0.0,-1.0,True,True,True,non-critical dormant: review
500184932,dormant,none,False,,0.0,70.0,30,0.95,none,,0,0,0,0.0,0.0,0.0,0.0,0.0,0.0,0.0,0.0,0.0,True,True,True,non-critical dormant: review
500184933,dormant,none,False,,0.0,25.0,30,0.95,none,,0,0,0,0.0,0.0,0.0,0.0,0.0,0.0,0.0,0.0,0.0,True,True,True,non-critical dormant: review
500184934,dying,dying,False,L,0.0,55.0,30,0.9,nbinom,5.0,0,0,1,0.0,0.0,1.0,0.0,0.0,1.0,0.0,0.0,0.0,True,True,True,"dying: demand ceased, review"
500184935,dormant,none,False,,0.0,25.0,30,0.95,none,,0,0,0,0.0,0.0,0.0,0.0,0.0,0.0,0.0,0.0,0.0,True,True,True,non-critical dormant: review
500184936,dormant,none,False,,0.0,25.0,30,0.95,none,,0,0,0,0.0,0.0,0.0,0.0,0.0,0.0,0.0,0.0,0.0,True,True,True,non-critical dormant: review
500184937,dormant,none,False,,0.0,55.0,30,0.95,none,,0,0,0,0.0,0.0,0.0,0.0,0.0,0.0,0.0,0.0,0.0,True,True,True,non-critical dormant: review
500184938,dormant,none,False,D,0.0,25.0,30,0.9,none,,0,0,0,0.0,0.0,0.0,0.0,0.0,0.0,0.0,0.0,0.0,True,True,True,non-critical dormant: review
500184939,dormant,none,False,,0.0,25.0,30,0.95,none,,0,0,0,0.0,0.0,0.0,0.0,0.0,0.0,0.0,0.0,0.0,True,True,True,non-critical dormant: review
500184940,dormant,none,False,,0.0,70.0,30,0.95,none,,0,0,0,0.0,0.0,0.0,0.0,1.0,2.0,0.0,-1.0,-2.0,True,True,False,non-critical dormant: review
500184941,dormant,none,False,,0.0,25.0,30,0.95,none,,0,0,0,0.0,0.0,0.0,0.0,1.0,2.0,0.0,-1.0,-2.0,True,True,False,non-critical dormant: review
500184942,dormant,none,False,,0.0,10.0,30,0.95,none,,0,0,0,0.0,0.0,0.0,0.0,1.0,2.0,0.0,-1.0,-2.0,True,True,False,non-critical dormant: review
500184943,dormant,none,False,,0.0,25.0,30,0.95,none,,0,0,0,0.0,0.0,0.0,0.0,1.0,2.0,0.0,-1.0,-2.0,True,True,False,non-critical dormant: review
500184944,dormant,none,False,,0.0,25.0,30,0.95,none,,0,0,0,0.0,0.0,0.0,0.0,1.0,2.0,0.0,-1.0,-2.0,True,True,False,non-critical dormant: review
500184945,dormant,none,False,D,0.0,15.0,30,0.9,none,,0,0,0,0.0,0.0,0.0,0.0,1.0,2.0,0.0,-1.0,-2.0,True,True,False,non-critical dormant: review
500184946,dormant,none,False,D,0.0,10.0,30,0.9,none,,0,0,0,0.0,0.0,0.0,0.0,1.0,2.0,0.0,-1.0,-2.0,True,True,False,non-critical dormant: review
500184947,dormant,none,False,D,0.0,38.0,30,0.9,none,,0,0,0,0.0,0.0,0.0,0.0,1.0,2.0,0.0,-1.0,-2.0,True,True,False,non-critical dormant: review
500184948,dormant,none,False,D,0.0,10.0,30,0.9,none,,0,0,0,0.0,0.0,0.0,0.0,1.0,2.0,0.0,-1.0,-2.0,True,True,False,non-critical dormant: review
500184949,dormant,none,False,,0.0,25.0,30,0.95,none,,0,0,0,0.0,0.0,0.0,0.0,1.0,2.0,0.0,-1.0,-2.0,True,True,False,non-critical dormant: review
500184950,dormant,none,False,,0.0,25.0,30,0.95,none,,0,0,0,0.0,0.0,0.0,0.0,1.0,2.0,0.0,-1.0,-2.0,True,True,False,non-critical dormant: review
500184951,dormant,none,False,,0.0,25.0,30,0.95,none,,0,0,0,0.0,0.0,0.0,0.0,1.0,2.0,0.0,-1.0,-2.0,True,True,False,non-critical dormant: review
500184952,dormant,none,False,,0.0,15.0,30,0.95,none,,0,0,0,0.0,0.0,0.0,0.0,0.0,0.0,0.0,0.0,0.0,True,True,True,non-critical dormant: review
500184953,dormant,none,False,,0.0,25.0,30,0.95,none,,0,0,0,0.0,0.0,0.0,0.0,0.0,0.0,0.0,0.0,0.0,True,True,True,non-critical dormant: review
500184954,dormant,none,False,,0.0,38.0,30,0.95,none,,0,0,0,0.0,0.0,0.0,0.0,0.0,0.0,0.0,0.0,0.0,True,True,True,non-critical dormant: review
500184955,dormant,none,False,,0.0,25.0,30,0.95,none,,0,0,0,0.0,0.0,0.0,0.0,0.0,0.0,0.0,0.0,0.0,True,True,True,non-critical dormant: review
500184956,dormant,none,False,,0.0,25.0,30,0.95,none,,0,0,0,0.0,0.0,0.0,0.0,0.0,0.0,0.0,0.0,0.0,True,True,True,non-critical dormant: review
500184957,dormant,none,False,,0.0,15.0,30,0.95,none,,0,0,0,0.0,0.0,0.0,0.0,0.0,0.0,0.0,0.0,0.0,True,True,True,non-critical dormant: review
500184958,dormant,none,False,,0.0,25.0,30,0.95,none,,0,0,0,0.0,0.0,0.0,0.0,0.0,0.0,0.0,0.0,0.0,True,True,True,non-critical dormant: review
500184960,dormant,none,False,,0.0,15.0,30,0.95,none,,0,0,0,0.0,0.0,0.0,0.0,0.0,0.0,0.0,0.0,0.0,True,True,True,non-critical dormant: review
500184961,dormant,none,False,,0.0,25.0,30,0.95,none,,0,0,0,0.0,0.0,0.0,0.0,0.0,0.0,0.0,0.0,0.0,True,True,True,non-critical dormant: review
500184962,dormant,none,False,,0.0,25.0,30,0.95,none,,0,0,0,0.0,0.0,0.0,0.0,0.0,0.0,0.0,0.0,0.0,True,True,True,non-critical dormant: review
500184963,dormant,none,False,,0.0,25.0,30,0.95,none,,0,0,0,0.0,0.0,0.0,0.0,0.0,0.0,0.0,0.0,0.0,True,True,True,non-critical dormant: review
500184964,dormant,none,False,D,0.0,47.0,30,0.9,none,,0,0,0,0.0,0.0,1.0,0.0,0.0,1.0,0.0,0.0,-1.0,True,True,True,non-critical dormant: review
500184980,dormant,none,False,D,0.0,13.0,30,0.9,none,,0,0,0,0.0,0.0,0.0,0.0,0.0,0.0,0.0,0.0,0.0,True,True,True,non-critical dormant: review
500185322,dormant,none,False,D,0.0,13.0,30,0.9,none,,0,0,0,0.0,0.0,1.0,0.0,0.0,1.0,0.0,0.0,-1.0,True,True,True,non-critical dormant: review
500185372,dormant,none,False,D,0.0,13.0,30,0.9,none,,0,0,0,0.0,0.0,1.0,0.0,0.0,1.0,0.0,0.0,-1.0,True,True,True,non-critical dormant: review
500185567,dying,dying,False,D,0.0,10.0,30,0.9,nbinom,5.0,0,0,1,0.0,0.0,0.0,0.0,0.0,0.0,0.0,0.0,1.0,True,True,True,"dying: demand ceased, review"
500185568,dying,dying,False,M,0.005479452054794521,55.0,30,0.95,nbinom,3.528,2,2,3,0.0,1.0,2.0,0.0,1.0,2.0,2.0,1.0,1.0,False,True,True,"dying: demand ceased, review"
500185569,dormant,none,False,D,0.0,13.0,30,0.9,none,,0,0,0,0.0,0.0,0.0,0.0,0.0,0.0,0.0,0.0,0.0,True,True,True,non-critical dormant: review
500185570,dormant,none,False,,0.0,30.0,30,0.95,none,,0,0,0,0.0,0.0,1.0,0.0,0.0,1.0,0.0,0.0,-1.0,True,True,True,non-critical dormant: review
500185571,dormant,none,False,D,0.0,13.0,30,0.9,none,,0,0,0,0.0,0.0,1.0,0.0,0.0,1.0,0.0,0.0,-1.0,True,True,True,non-critical dormant: review
500185572,dormant,none,False,,0.0,13.0,30,0.95,none,,0,0,0,0.0,0.0,0.0,0.0,0.0,0.0,0.0,0.0,0.0,True,True,True,non-critical dormant: review
500185733,dormant,none,False,,0.0,20.0,30,0.95,none,,0,0,0,0.0,0.0,0.0,0.0,0.0,0.0,0.0,0.0,0.0,True,True,True,non-critical dormant: review
500185956,dormant,none,False,,0.0,10.0,30,0.95,none,,0,0,0,0.0,0.0,1.0,0.0,0.0,1.0,0.0,0.0,-1.0,True,True,True,non-critical dormant: review
500186074,dying,dying,False,L,0.0027397260273972603,13.0,30,0.9,nbinom,3.0,0,0,1,0.0,0.0,1.0,0.0,0.0,1.0,0.0,0.0,0.0,True,True,True,"dying: demand ceased, review"
500186179,dormant,none,False,,0.0,45.0,30,0.95,none,,0,0,0,0.0,0.0,0.0,0.0,0.0,0.0,0.0,0.0,0.0,True,True,True,non-critical dormant: review
500186183,dormant,none,False,D,0.0,16.0,30,0.9,none,,0,0,0,0.0,0.0,1.0,0.0,0.0,1.0,0.0,0.0,-1.0,True,True,True,non-critical dormant: review
500186184,dormant,none,False,D,0.0,70.0,30,0.9,none,,0,0,0,0.0,0.0,1.0,0.0,0.0,1.0,0.0,0.0,-1.0,True,True,True,non-critical dormant: review
500186186,dormant,none,False,,0.0,15.0,30,0.95,none,,0,0,0,0.0,0.0,0.0,0.0,0.0,0.0,0.0,0.0,0.0,True,True,True,non-critical dormant: review
500186224,dormant,none,False,,0.0,25.0,30,0.95,none,,0,0,0,0.0,0.0,0.0,0.0,0.0,0.0,0.0,0.0,0.0,True,True,True,non-critical dormant: review
500186234,dormant,none,False,,0.0,38.0,30,0.95,none,,0,0,0,0.0,0.0,0.0,0.0,0.0,0.0,0.0,0.0,0.0,True,True,True,non-critical dormant: review
500186235,dormant,none,False,,0.0,25.0,30,0.95,none,,0,0,0,0.0,0.0,0.0,0.0,0.0,0.0,0.0,0.0,0.0,True,True,True,non-critical dormant: review
500186237,dormant,none,False,,0.0,25.0,30,0.95,none,,0,0,0,0.0,0.0,0.0,0.0,0.0,0.0,0.0,0.0,0.0,True,True,True,non-critical dormant: review
500186238,dormant,none,False,,0.0,25.0,30,0.95,none,,0,0,0,0.0,0.0,0.0,0.0,0.0,0.0,0.0,0.0,0.0,True,True,True,non-critical dormant: review
500186240,dormant,none,False,,0.0,55.0,30,0.95,none,,0,0,0,0.0,0.0,0.0,0.0,0.0,0.0,0.0,0.0,0.0,True,True,True,non-critical dormant: review
500186241,dormant,none,False,,0.0,25.0,30,0.95,none,,0,0,0,0.0,0.0,0.0,0.0,0.0,0.0,0.0,0.0,0.0,True,True,True,non-critical dormant: review
500186242,dormant,none,False,D,0.0,15.0,30,0.9,none,,0,0,0,0.0,0.0,0.0,0.0,0.0,0.0,0.0,0.0,0.0,True,True,True,non-critical dormant: review
500186243,dormant,none,False,,0.0,25.0,30,0.95,none,,0,0,0,0.0,0.0,0.0,0.0,0.0,0.0,0.0,0.0,0.0,True,True,True,non-critical dormant: review
500186245,dormant,none,False,,0.0,15.0,30,0.95,none,,0,0,0,0.0,0.0,0.0,0.0,0.0,0.0,0.0,0.0,0.0,True,True,True,non-critical dormant: review
500186246,dormant,none,False,,0.0,25.0,30,0.95,none,,0,0,0,0.0,0.0,0.0,0.0,0.0,0.0,0.0,0.0,0.0,True,True,True,non-critical dormant: review
500186247,dormant,none,False,D,0.0,15.0,30,0.9,none,,0,0,0,0.0,0.0,0.0,0.0,0.0,0.0,0.0,0.0,0.0,True,True,True,non-critical dormant: review
500186248,dormant,none,False,,0.0,25.0,30,0.95,none,,0,0,0,0.0,0.0,0.0,0.0,0.0,0.0,0.0,0.0,0.0,True,True,True,non-critical dormant: review
500186249,dying,dying,False,L,0.0,25.0,30,0.9,nbinom,5.0,0,0,1,0.0,0.0,1.0,0.0,0.0,1.0,0.0,0.0,0.0,True,True,True,"dying: demand ceased, review"
500186250,dormant,none,False,,0.0,25.0,30,0.95,none,,0,0,0,0.0,0.0,0.0,0.0,0.0,0.0,0.0,0.0,0.0,True,True,True,non-critical dormant: review
500186251,dormant,none,False,D,0.0,105.0,30,0.9,none,,0,0,0,0.0,0.0,0.0,0.0,0.0,1.0,0.0,0.0,-1.0,True,True,True,non-critical dormant: review
500186252,dormant,none,False,D,0.0,15.0,30,0.9,none,,0,0,0,0.0,0.0,0.0,0.0,0.0,1.0,0.0,0.0,-1.0,True,True,True,non-critical dormant: review
500186253,dormant,none,False,,0.0,15.0,30,0.95,none,,0,0,0,0.0,0.0,0.0,0.0,0.0,1.0,0.0,0.0,-1.0,True,True,True,non-critical dormant: review
500186254,dormant,none,False,,0.0,15.0,30,0.95,none,,0,0,0,0.0,0.0,0.0,0.0,0.0,1.0,0.0,0.0,-1.0,True,True,True,non-critical dormant: review
500186255,dormant,none,False,,0.0,25.0,30,0.95,none,,0,0,0,0.0,0.0,1.0,0.0,0.0,1.0,0.0,0.0,-1.0,True,True,True,non-critical dormant: review
500186256,dying,dying,False,L,0.0027397260273972603,15.0,30,0.9,nbinom,5.0,0,0,1,0.0,0.0,1.0,0.0,0.0,1.0,0.0,0.0,0.0,True,True,True,"dying: demand ceased, review"
500186257,dormant,none,False,D,0.0,91.0,30,0.9,none,,0,0,0,0.0,0.0,0.0,0.0,0.0,0.0,0.0,0.0,0.0,True,True,True,non-critical dormant: review
500186258,active,constant,True,M,0.00821917808219178,15.0,30,0.95,nbinom,1.611,1,1,2,0.0,0.0,1.0,0.0,1.0,2.0,1.0,0.0,0.0,True,True,True,active
500186310,dormant,none,False,D,0.0,20.0,30,0.9,none,,0,0,0,0.0,0.0,0.0,0.0,0.0,0.0,0.0,0.0,0.0,True,True,True,non-critical dormant: review
500188942,dormant,none,False,D,0.0,27.0,30,0.9,none,,0,0,0,0.0,0.0,0.0,0.0,0.0,0.0,0.0,0.0,0.0,True,True,True,non-critical dormant: review
500189625,dying,dying,False,H,0.04657534246575343,13.0,30,0.99,nbinom,3.0,6,6,11,1.0,2.0,3.0,1.0,2.0,3.0,5.0,4.0,8.0,False,False,False,"dying: demand ceased, review"
500189925,dormant,none,False,D,0.0,20.0,30,0.9,none,,0,0,0,0.0,0.0,1.0,0.0,0.0,1.0,0.0,0.0,-1.0,True,True,True,non-critical dormant: review
500189926,dormant,none,False,,0.0,45.0,30,0.95,none,,0,0,0,0.0,0.0,1.0,0.0,0.0,1.0,0.0,0.0,-1.0,True,True,True,non-critical dormant: review
500191848,dormant,none,False,D,0.0,30.0,30,0.9,none,,0,0,0,0.0,0.0,1.0,0.0,0.0,1.0,0.0,0.0,-1.0,True,True,True,non-critical dormant: review
500191884,dormant,none,False,D,0.0,25.0,30,0.9,none,,0,0,0,0.0,0.0,1.0,0.0,0.0,1.0,0.0,0.0,-1.0,True,True,True,non-critical dormant: review
500194605,dormant,none,False,D,0.0,10.0,30,0.9,none,,0,0,0,0.0,0.0,0.0,0.0,0.0,0.0,0.0,0.0,0.0,True,True,True,non-critical dormant: review
500194607,dormant,none,False,D,0.0,15.0,30,0.9,none,,0,0,0,0.0,0.0,1.0,0.0,0.0,1.0,0.0,0.0,-1.0,True,True,True,non-critical dormant: review
500194609,dormant,none,False,,0.0,21.0,30,0.95,none,,0,0,0,0.0,0.0,0.0,0.0,0.0,0.0,0.0,0.0,0.0,True,True,True,non-critical dormant: review
500194902,dormant,none,False,D,0.0,25.0,30,0.9,none,,0,0,0,0.0,0.0,0.0,0.0,0.0,0.0,0.0,0.0,0.0,True,True,True,non-critical dormant: review
500194903,dormant,none,False,,0.0,25.0,30,0.95,none,,0,0,0,0.0,0.0,0.0,0.0,0.0,0.0,0.0,0.0,0.0,True,True,True,non-critical dormant: review
500197788,dormant,none,False,D,0.0,10.0,30,0.9,none,,0,0,0,0.0,0.0,1.0,0.0,0.0,1.0,0.0,0.0,-1.0,True,True,True,non-critical dormant: review
500200433,dormant,none,False,,0.0,30.0,30,0.95,none,,0,0,0,0.0,0.0,1.0,0.0,0.0,1.0,0.0,0.0,-1.0,True,True,True,non-critical dormant: review
500200637,active,constant,True,L,0.0027397260273972603,15.0,30,0.9,nbinom,5.0,0,0,1,0.0,0.0,1.0,0.0,0.0,1.0,0.0,0.0,0.0,True,True,True,active
500200639,active,constant,True,L,0.0027397260273972603,13.0,30,0.9,nbinom,5.0,0,0,1,0.0,0.0,1.0,0.0,0.0,1.0,0.0,0.0,0.0,True,True,True,active
500200640,dormant,none,False,,0.0,15.0,30,0.95,none,,0,0,0,0.0,0.0,1.0,0.0,0.0,1.0,0.0,0.0,-1.0,True,True,True,non-critical dormant: review
500200641,dormant,none,False,,0.0,39.0,30,0.95,none,,0,0,0,0.0,0.0,1.0,0.0,0.0,1.0,0.0,0.0,-1.0,True,True,True,non-critical dormant: review
500200647,dormant,none,False,D,0.0,135.0,30,0.9,none,,0,0,0,0.0,0.0,1.0,0.0,0.0,1.0,0.0,0.0,-1.0,True,True,True,non-critical dormant: review
500200648,dormant,none,False,L,0.0,15.0,30,0.9,none,,0,0,0,0.0,0.0,1.0,0.0,0.0,1.0,0.0,0.0,-1.0,True,True,True,non-critical dormant: review
500200649,dormant,none,False,D,0.0,28.0,30,0.9,none,,0,0,0,0.0,0.0,1.0,0.0,0.0,1.0,0.0,0.0,-1.0,True,True,True,non-critical dormant: review
500200650,dormant,none,False,D,0.0,28.0,30,0.9,none,,0,0,0,0.0,0.0,1.0,0.0,0.0,1.0,0.0,0.0,-1.0,True,True,True,non-critical dormant: review
500200651,active,constant,True,L,0.005479452054794521,28.0,30,0.9,nbinom,2.503,0,0,1,0.0,0.0,1.0,0.0,0.0,1.0,0.0,0.0,0.0,True,True,True,active
500200652,active,constant,True,L,0.0547945205479452,15.0,30,0.9,nbinom,3.906,3,3,6,0.0,0.0,1.0,0.0,0.0,1.0,3.0,3.0,5.0,False,False,False,active
500200653,dormant,none,False,D,0.0,91.0,30,0.9,none,,0,0,0,0.0,0.0,1.0,0.0,0.0,1.0,0.0,0.0,-1.0,True,True,True,non-critical dormant: review
500200656,dormant,none,False,D,0.0,23.0,30,0.9,none,,0,0,0,0.0,0.0,0.0,0.0,0.0,0.0,0.0,0.0,0.0,True,True,True,non-critical dormant: review
500200657,dormant,none,False,D,0.0,35.0,30,0.9,none,,0,0,0,0.0,0.0,1.0,0.0,0.0,1.0,0.0,0.0,-1.0,True,True,True,non-critical dormant: review
500200658,dormant,none,False,D,0.0,63.0,30,0.9,none,,0,0,0,0.0,0.0,1.0,0.0,0.0,1.0,0.0,0.0,-1.0,True,True,True,non-critical dormant: review
500200659,dormant,none,False,L,0.0,56.0,30,0.9,none,,0,0,0,0.0,0.0,1.0,0.0,0.0,1.0,0.0,0.0,-1.0,True,True,True,non-critical dormant: review
500200660,dormant,none,False,,0.0,30.0,30,0.95,none,,0,0,0,0.0,0.0,1.0,0.0,0.0,1.0,0.0,0.0,-1.0,True,True,True,non-critical dormant: review
500200662,dormant,none,False,,0.0,35.0,30,0.95,none,,0,0,0,0.0,0.0,1.0,0.0,0.0,1.0,0.0,0.0,-1.0,True,True,True,non-critical dormant: review
500200663,dormant,none,False,,0.0,77.0,30,0.95,none,,0,0,0,0.0,0.0,1.0,0.0,0.0,1.0,0.0,0.0,-1.0,True,True,True,non-critical dormant: review
500200665,dormant,none,False,,0.0,30.0,30,0.95,none,,0,0,0,0.0,0.0,1.0,0.0,0.0,1.0,0.0,0.0,-1.0,True,True,True,non-critical dormant: review
500200666,dormant,none,False,,0.0,14.0,30,0.95,none,,0,0,0,0.0,0.0,1.0,0.0,0.0,1.0,0.0,0.0,-1.0,True,True,True,non-critical dormant: review
500201345,dormant,none,False,D,0.0,25.0,30,0.9,none,,0,0,0,0.0,0.0,0.0,0.0,0.0,0.0,0.0,0.0,0.0,True,True,True,non-critical dormant: review
500201346,dying,dying,False,L,0.0,45.0,30,0.9,nbinom,5.0,0,0,1,0.0,0.0,1.0,0.0,0.0,1.0,0.0,0.0,0.0,True,True,True,"dying: demand ceased, review"
500201841,dormant,none,False,D,0.0,35.0,30,0.9,none,,0,0,0,0.0,0.0,1.0,0.0,0.0,0.0,0.0,0.0,0.0,True,True,True,non-critical dormant: review
500201893,dormant,none,False,D,0.0,13.0,30,0.9,none,,0,0,0,0.0,0.0,1.0,0.0,0.0,1.0,0.0,0.0,-1.0,True,True,True,non-critical dormant: review
500202806,dying,dying,False,L,0.0027397260273972603,13.0,30,0.9,nbinom,3.626,0,0,1,0.0,0.0,1.0,0.0,0.0,1.0,0.0,0.0,0.0,True,True,True,"dying: demand ceased, review"
500202807,active,constant,True,L,0.00821917808219178,13.0,30,0.9,nbinom,2.551,0,0,1,0.0,0.0,1.0,0.0,0.0,2.0,0.0,0.0,-1.0,True,True,True,active
500203804,dormant,none,False,,0.0,20.0,30,0.95,none,,0,0,0,0.0,0.0,0.0,0.0,0.0,0.0,0.0,0.0,0.0,True,True,True,non-critical dormant: review
500204074,active,constant,True,L,0.0027397260273972603,13.0,30,0.9,nbinom,5.0,0,0,1,0.0,0.0,1.0,0.0,0.0,1.0,0.0,0.0,0.0,True,True,True,active
500204075,dying,dying,False,L,0.0,13.0,30,0.9,nbinom,5.0,0,0,1,0.0,0.0,1.0,0.0,0.0,1.0,0.0,0.0,0.0,True,True,True,"dying: demand ceased, review"
500204116,dormant,none,False,D,0.0,13.0,30,0.9,none,,0,0,0,0.0,0.0,0.0,0.0,0.0,0.0,0.0,0.0,0.0,True,True,True,non-critical dormant: review
500204342,dormant,none,False,,0.0,25.0,30,0.95,none,,0,0,0,0.0,0.0,0.0,0.0,0.0,0.0,0.0,0.0,0.0,True,True,True,non-critical dormant: review
500204343,dormant,none,False,,0.0,25.0,30,0.95,none,,0,0,0,0.0,0.0,0.0,0.0,0.0,0.0,0.0,0.0,0.0,True,True,True,non-critical dormant: review
500204344,dormant,none,False,,0.0,25.0,30,0.95,none,,0,0,0,0.0,0.0,0.0,0.0,0.0,0.0,0.0,0.0,0.0,True,True,True,non-critical dormant: review
500204345,dormant,none,False,D,0.0,15.0,30,0.9,none,,0,0,0,0.0,0.0,1.0,0.0,0.0,1.0,0.0,0.0,-1.0,True,True,True,non-critical dormant: review
500204346,dying,dying,False,L,0.0027397260273972603,15.0,30,0.9,nbinom,5.0,0,0,1,0.0,0.0,0.0,0.0,0.0,1.0,0.0,0.0,0.0,True,True,True,"dying: demand ceased, review"
500204348,dormant,none,False,,0.0,25.0,30,0.95,none,,0,0,0,0.0,0.0,0.0,0.0,0.0,0.0,0.0,0.0,0.0,True,True,True,non-critical dormant: review
500204349,dormant,none,False,,0.0,15.0,30,0.95,none,,0,0,0,0.0,0.0,0.0,0.0,0.0,0.0,0.0,0.0,0.0,True,True,True,non-critical dormant: review
500204350,dormant,none,False,D,0.0,15.0,30,0.9,none,,0,0,0,0.0,0.0,0.0,0.0,0.0,0.0,0.0,0.0,0.0,True,True,True,non-critical dormant: review
500204351,dormant,none,False,D,0.0,15.0,30,0.9,none,,0,0,0,0.0,0.0,0.0,0.0,0.0,0.0,0.0,0.0,0.0,True,True,True,non-critical dormant: review
500204352,dormant,none,False,D,0.0,15.0,30,0.9,none,,0,0,0,0.0,0.0,0.0,0.0,0.0,0.0,0.0,0.0,0.0,True,True,True,non-critical dormant: review
500204353,dormant,none,False,,0.0,25.0,30,0.95,none,,0,0,0,0.0,0.0,0.0,0.0,0.0,0.0,0.0,0.0,0.0,True,True,True,non-critical dormant: review
500204354,dormant,none,False,,0.0,15.0,30,0.95,none,,0,0,0,0.0,0.0,0.0,0.0,0.0,0.0,0.0,0.0,0.0,True,True,True,non-critical dormant: review
500204355,dormant,none,False,D,0.0,15.0,30,0.9,none,,0,0,0,0.0,0.0,0.0,0.0,0.0,0.0,0.0,0.0,0.0,True,True,True,non-critical dormant: review
500204356,dormant,none,False,,0.0,25.0,30,0.95,none,,0,0,0,0.0,0.0,0.0,0.0,0.0,0.0,0.0,0.0,0.0,True,True,True,non-critical dormant: review
500204357,dormant,none,False,,0.0,25.0,30,0.95,none,,0,0,0,0.0,0.0,0.0,0.0,0.0,0.0,0.0,0.0,0.0,True,True,True,non-critical dormant: review
500204358,dormant,none,False,D,0.0,25.0,30,0.9,none,,0,0,0,0.0,0.0,0.0,0.0,0.0,0.0,0.0,0.0,0.0,True,True,True,non-critical dormant: review
500204359,dormant,none,False,D,0.0,85.0,30,0.9,none,,0,0,0,0.0,0.0,0.0,0.0,0.0,0.0,0.0,0.0,0.0,True,True,True,non-critical dormant: review
500204360,dormant,none,False,,0.0,15.0,30,0.95,none,,0,0,0,0.0,0.0,0.0,0.0,0.0,0.0,0.0,0.0,0.0,True,True,True,non-critical dormant: review
500204361,dormant,none,False,,0.0,25.0,30,0.95,none,,0,0,0,0.0,0.0,0.0,0.0,0.0,0.0,0.0,0.0,0.0,True,True,True,non-critical dormant: review
500204362,dormant,none,False,,0.0,25.0,30,0.95,none,,0,0,0,0.0,0.0,0.0,0.0,0.0,0.0,0.0,0.0,0.0,True,True,True,non-critical dormant: review
500204363,dormant,none,False,,0.0,15.0,30,0.95,none,,0,0,0,0.0,0.0,0.0,0.0,0.0,0.0,0.0,0.0,0.0,True,True,True,non-critical dormant: review
500204364,dormant,none,False,,0.0,25.0,30,0.95,none,,0,0,0,0.0,0.0,0.0,0.0,0.0,0.0,0.0,0.0,0.0,True,True,True,non-critical dormant: review
500204365,dormant,none,False,,0.0,25.0,30,0.95,none,,0,0,0,0.0,0.0,0.0,0.0,0.0,0.0,0.0,0.0,0.0,True,True,True,non-critical dormant: review
500204366,dormant,none,False,,0.0,25.0,30,0.95,none,,0,0,0,0.0,0.0,0.0,0.0,0.0,0.0,0.0,0.0,0.0,True,True,True,non-critical dormant: review
500204367,dormant,none,False,,0.0,15.0,30,0.95,none,,0,0,0,0.0,0.0,0.0,0.0,0.0,0.0,0.0,0.0,0.0,True,True,True,non-critical dormant: review
500204368,dormant,none,False,,0.0,15.0,30,0.95,none,,0,0,0,0.0,0.0,0.0,0.0,0.0,0.0,0.0,0.0,0.0,True,True,True,non-critical dormant: review
500204369,dormant,none,False,,0.0,25.0,30,0.95,none,,0,0,0,0.0,0.0,0.0,0.0,0.0,0.0,0.0,0.0,0.0,True,True,True,non-critical dormant: review
500204370,dormant,none,False,,0.0,15.0,30,0.95,none,,0,0,0,0.0,0.0,0.0,0.0,0.0,0.0,0.0,0.0,0.0,True,True,True,non-critical dormant: review
500204371,dormant,none,False,,0.0,10.0,30,0.95,none,,0,0,0,0.0,0.0,0.0,0.0,0.0,0.0,0.0,0.0,0.0,True,True,True,non-critical dormant: review
500204372,dormant,none,False,D,0.0,60.0,30,0.9,none,,0,0,0,0.0,0.0,0.0,0.0,0.0,0.0,0.0,0.0,0.0,True,True,True,non-critical dormant: review
500204373,dormant,none,False,,0.0,25.0,30,0.95,none,,0,0,0,0.0,0.0,0.0,0.0,0.0,0.0,0.0,0.0,0.0,True,True,True,non-critical dormant: review
500204375,dormant,none,False,,0.0,15.0,30,0.95,none,,0,0,0,0.0,0.0,0.0,0.0,1.0,2.0,0.0,-1.0,-2.0,True,True,False,non-critical dormant: review
500204376,dormant,none,False,D,0.0,25.0,30,0.9,none,,0,0,0,0.0,0.0,0.0,0.0,1.0,2.0,0.0,-1.0,-2.0,True,True,False,non-critical dormant: review
500204377,dormant,none,False,,0.0,15.0,30,0.95,none,,0,0,0,0.0,0.0,0.0,0.0,0.0,0.0,0.0,0.0,0.0,True,True,True,non-critical dormant: review
500204378,dormant,none,False,,0.0,38.0,30,0.95,none,,0,0,0,0.0,0.0,0.0,0.0,0.0,0.0,0.0,0.0,0.0,True,True,True,non-critical dormant: review
500204379,dormant,none,False,,0.0,15.0,30,0.95,none,,0,0,0,0.0,0.0,0.0,0.0,0.0,0.0,0.0,0.0,0.0,True,True,True,non-critical dormant: review
500204380,dormant,none,False,D,0.0,10.0,30,0.9,none,,0,0,0,0.0,0.0,0.0,0.0,0.0,0.0,0.0,0.0,0.0,True,True,True,non-critical dormant: review
500204381,dormant,none,False,,0.0,66.0,30,0.95,none,,0,0,0,0.0,0.0,0.0,0.0,0.0,0.0,0.0,0.0,0.0,True,True,True,non-critical dormant: review
500204382,dormant,none,False,D,0.0,15.0,30,0.9,none,,0,0,0,0.0,0.0,0.0,0.0,0.0,1.0,0.0,0.0,-1.0,True,True,True,non-critical dormant: review
500204383,dormant,none,False,,0.0,25.0,30,0.95,none,,0,0,0,0.0,0.0,0.0,0.0,0.0,1.0,0.0,0.0,-1.0,True,True,True,non-critical dormant: review
500204384,dormant,none,False,D,0.0,15.0,30,0.9,none,,0,0,0,0.0,0.0,0.0,0.0,0.0,0.0,0.0,0.0,0.0,True,True,True,non-critical dormant: review
500204386,dormant,none,False,,0.0,25.0,30,0.95,none,,0,0,0,0.0,0.0,0.0,0.0,0.0,0.0,0.0,0.0,0.0,True,True,True,non-critical dormant: review
500204388,dormant,none,False,,0.0,25.0,30,0.95,none,,0,0,0,0.0,0.0,0.0,0.0,0.0,0.0,0.0,0.0,0.0,True,True,True,non-critical dormant: review
500204389,dormant,none,False,,0.0,15.0,30,0.95,none,,0,0,0,0.0,0.0,0.0,0.0,0.0,0.0,0.0,0.0,0.0,True,True,True,non-critical dormant: review
500204390,dormant,none,False,,0.0,25.0,30,0.95,none,,0,0,0,0.0,0.0,0.0,0.0,0.0,0.0,0.0,0.0,0.0,True,True,True,non-critical dormant: review
500204391,dormant,none,False,,0.0,25.0,30,0.95,none,,0,0,0,0.0,0.0,0.0,0.0,0.0,0.0,0.0,0.0,0.0,True,True,True,non-critical dormant: review
500204392,dormant,none,False,,0.0,25.0,30,0.95,none,,0,0,0,0.0,0.0,0.0,0.0,0.0,0.0,0.0,0.0,0.0,True,True,True,non-critical dormant: review
500204393,dormant,none,False,,0.0,15.0,30,0.95,none,,0,0,0,0.0,0.0,0.0,0.0,0.0,0.0,0.0,0.0,0.0,True,True,True,non-critical dormant: review
500204394,dormant,none,False,,0.0,15.0,30,0.95,none,,0,0,0,0.0,0.0,0.0,0.0,0.0,0.0,0.0,0.0,0.0,True,True,True,non-critical dormant: review
500204395,dormant,none,False,D,0.0,39.0,30,0.9,none,,0,0,0,0.0,0.0,0.0,0.0,0.0,0.0,0.0,0.0,0.0,True,True,True,non-critical dormant: review
500204396,dormant,none,False,,0.0,25.0,30,0.95,none,,0,0,0,0.0,0.0,0.0,0.0,0.0,0.0,0.0,0.0,0.0,True,True,True,non-critical dormant: review
500204397,dormant,none,False,D,0.0,15.0,30,0.9,none,,0,0,0,0.0,0.0,0.0,0.0,0.0,0.0,0.0,0.0,0.0,True,True,True,non-critical dormant: review
500204398,dormant,none,False,D,0.0,15.0,30,0.9,none,,0,0,0,0.0,0.0,0.0,0.0,0.0,0.0,0.0,0.0,0.0,True,True,True,non-critical dormant: review
500204399,dormant,none,False,,0.0,25.0,30,0.95,none,,0,0,0,0.0,0.0,0.0,0.0,0.0,0.0,0.0,0.0,0.0,True,True,True,non-critical dormant: review
500204400,dormant,none,False,D,0.0,25.0,30,0.9,none,,0,0,0,0.0,0.0,0.0,0.0,0.0,0.0,0.0,0.0,0.0,True,True,True,non-critical dormant: review
500204401,dormant,none,False,D,0.0,15.0,30,0.9,none,,0,0,0,0.0,0.0,0.0,0.0,0.0,0.0,0.0,0.0,0.0,True,True,True,non-critical dormant: review
500204402,dormant,none,False,D,0.0,15.0,30,0.9,none,,0,0,0,0.0,0.0,0.0,0.0,0.0,0.0,0.0,0.0,0.0,True,True,True,non-critical dormant: review
500204403,dormant,none,False,,0.0,25.0,30,0.95,none,,0,0,0,0.0,0.0,0.0,0.0,0.0,1.0,0.0,0.0,-1.0,True,True,True,non-critical dormant: review
500204404,dormant,none,False,D,0.0,15.0,30,0.9,none,,0,0,0,0.0,0.0,0.0,0.0,0.0,0.0,0.0,0.0,0.0,True,True,True,non-critical dormant: review
500204405,dormant,none,False,,0.0,25.0,30,0.95,none,,0,0,0,0.0,0.0,0.0,0.0,0.0,0.0,0.0,0.0,0.0,True,True,True,non-critical dormant: review
500204406,dormant,none,False,D,0.0,15.0,30,0.9,none,,0,0,0,0.0,0.0,0.0,0.0,0.0,0.0,0.0,0.0,0.0,True,True,True,non-critical dormant: review
500204407,dormant,none,False,D,0.0,15.0,30,0.9,none,,0,0,0,0.0,0.0,0.0,0.0,0.0,0.0,0.0,0.0,0.0,True,True,True,non-critical dormant: review
500204408,dormant,none,False,D,0.0,15.0,30,0.9,none,,0,0,0,0.0,0.0,0.0,0.0,0.0,0.0,0.0,0.0,0.0,True,True,True,non-critical dormant: review
500204409,dormant,none,False,D,0.0,15.0,30,0.9,none,,0,0,0,0.0,0.0,0.0,0.0,0.0,0.0,0.0,0.0,0.0,True,True,True,non-critical dormant: review
500204410,dormant,none,False,D,0.0,15.0,30,0.9,none,,0,0,0,0.0,0.0,0.0,0.0,0.0,0.0,0.0,0.0,0.0,True,True,True,non-critical dormant: review
500204411,dormant,none,False,,0.0,25.0,30,0.95,none,,0,0,0,0.0,0.0,0.0,0.0,0.0,0.0,0.0,0.0,0.0,True,True,True,non-critical dormant: review
500204412,dormant,none,False,,0.0,25.0,30,0.95,none,,0,0,0,0.0,0.0,0.0,0.0,0.0,0.0,0.0,0.0,0.0,True,True,True,non-critical dormant: review
500204413,dormant,none,False,,0.0,25.0,30,0.95,none,,0,0,0,0.0,0.0,0.0,0.0,0.0,0.0,0.0,0.0,0.0,True,True,True,non-critical dormant: review
500204414,dormant,none,False,,0.0,25.0,30,0.95,none,,0,0,0,0.0,0.0,0.0,0.0,0.0,0.0,0.0,0.0,0.0,True,True,True,non-critical dormant: review
500204415,dormant,none,False,,0.0,15.0,30,0.95,none,,0,0,0,0.0,0.0,0.0,0.0,0.0,0.0,0.0,0.0,0.0,True,True,True,non-critical dormant: review
500204416,dormant,none,False,,0.0,25.0,30,0.95,none,,0,0,0,0.0,0.0,0.0,0.0,0.0,0.0,0.0,0.0,0.0,True,True,True,non-critical dormant: review
500204417,dormant,none,False,,0.0,25.0,30,0.95,none,,0,0,0,0.0,0.0,0.0,0.0,0.0,0.0,0.0,0.0,0.0,True,True,True,non-critical dormant: review
500204418,dormant,none,False,,0.0,25.0,30,0.95,none,,0,0,0,0.0,0.0,0.0,0.0,0.0,0.0,0.0,0.0,0.0,True,True,True,non-critical dormant: review
500204419,dormant,none,False,D,0.0,15.0,30,0.9,none,,0,0,0,0.0,0.0,0.0,0.0,0.0,0.0,0.0,0.0,0.0,True,True,True,non-critical dormant: review
500204420,dormant,none,False,,0.0,25.0,30,0.95,none,,0,0,0,0.0,0.0,0.0,0.0,0.0,0.0,0.0,0.0,0.0,True,True,True,non-critical dormant: review
500204421,dormant,none,False,D,0.0,48.0,30,0.9,none,,0,0,0,0.0,0.0,0.0,0.0,0.0,0.0,0.0,0.0,0.0,True,True,True,non-critical dormant: review
500204422,dormant,none,False,,0.0,25.0,30,0.95,none,,0,0,0,0.0,0.0,0.0,0.0,0.0,0.0,0.0,0.0,0.0,True,True,True,non-critical dormant: review
500204448,dormant,none,False,,0.0,25.0,30,0.95,none,,0,0,0,0.0,0.0,0.0,0.0,0.0,0.0,0.0,0.0,0.0,True,True,True,non-critical dormant: review
500204966,dormant,none,False,D,0.0,15.0,30,0.9,none,,0,0,0,0.0,0.0,0.0,0.0,0.0,0.0,0.0,0.0,0.0,True,True,True,non-critical dormant: review
500204967,dormant,none,False,,0.0,55.0,30,0.95,none,,0,0,0,0.0,0.0,0.0,0.0,0.0,0.0,0.0,0.0,0.0,True,True,True,non-critical dormant: review
500204968,dormant,none,False,,0.0,25.0,30,0.95,none,,0,0,0,0.0,0.0,0.0,0.0,0.0,0.0,0.0,0.0,0.0,True,True,True,non-critical dormant: review
500204969,dormant,none,False,,0.0,25.0,30,0.95,none,,0,0,0,0.0,0.0,0.0,0.0,0.0,0.0,0.0,0.0,0.0,True,True,True,non-critical dormant: review
500204970,dying,dying,False,L,0.00821917808219178,25.0,30,0.9,nbinom,3.0,1,1,10,0.0,0.0,1.0,0.0,0.0,1.0,1.0,1.0,9.0,True,True,False,"dying: demand ceased, review"
500205520,dormant,none,False,,0.0,15.0,30,0.95,none,,0,0,0,0.0,0.0,1.0,0.0,0.0,1.0,0.0,0.0,-1.0,True,True,True,non-critical dormant: review
500205940,dormant,none,False,,0.0,30.0,30,0.95,none,,0,0,0,0.0,0.0,0.0,0.0,0.0,0.0,0.0,0.0,0.0,True,True,True,non-critical dormant: review
500205941,dormant,none,False,,0.0,35.0,30,0.95,none,,0,0,0,0.0,0.0,0.0,0.0,0.0,0.0,0.0,0.0,0.0,True,True,True,non-critical dormant: review
500206263,dormant,none,False,,0.0,13.0,30,0.95,none,,0,0,0,0.0,0.0,1.0,0.0,0.0,1.0,0.0,0.0,-1.0,True,True,True,non-critical dormant: review
500206264,dormant,none,False,,0.0,10.0,30,0.95,none,,0,0,0,0.0,0.0,0.0,0.0,0.0,0.0,0.0,0.0,0.0,True,True,True,non-critical dormant: review
500206265,dormant,none,False,,0.0,13.0,30,0.95,none,,0,0,0,0.0,0.0,0.0,0.0,0.0,0.0,0.0,0.0,0.0,True,True,True,non-critical dormant: review
500206266,dying,dying,False,L,0.0027397260273972603,13.0,30,0.9,nbinom,3.0,0,0,1,0.0,1.0,2.0,0.0,1.0,2.0,0.0,-1.0,-1.0,True,True,True,"dying: demand ceased, review"
500206267,dying,dying,False,L,0.0027397260273972603,30.0,30,0.9,nbinom,5.0,0,0,1,0.0,0.0,1.0,0.0,0.0,1.0,0.0,0.0,0.0,True,True,True,"dying: demand ceased, review"
500206604,dormant,none,False,,0.0,10.0,30,0.95,none,,0,0,0,0.0,0.0,0.0,0.0,0.0,0.0,0.0,0.0,0.0,True,True,True,non-critical dormant: review
500206607,dormant,none,False,D,0.0,13.0,30,0.9,none,,0,0,0,0.0,0.0,0.0,0.0,0.0,0.0,0.0,0.0,0.0,True,True,True,non-critical dormant: review
500206926,dying,dying,False,L,0.0,13.0,30,0.9,nbinom,5.0,0,0,1,0.0,0.0,1.0,0.0,0.0,1.0,0.0,0.0,0.0,True,True,True,"dying: demand ceased, review"
500206927,dormant,none,False,D,0.0,13.0,30,0.9,none,,0,0,0,0.0,0.0,1.0,0.0,0.0,1.0,0.0,0.0,-1.0,True,True,True,non-critical dormant: review
500207208,dormant,none,False,,0.0,13.0,30,0.95,none,,0,0,0,0.0,0.0,0.0,0.0,0.0,0.0,0.0,0.0,0.0,True,True,True,non-critical dormant: review
500207848,dormant,none,False,D,0.0,15.0,30,0.9,none,,0,0,0,0.0,0.0,1.0,0.0,0.0,1.0,0.0,0.0,-1.0,True,True,True,non-critical dormant: review
500207850,dormant,none,False,,0.0,15.0,30,0.95,none,,0,0,0,0.0,0.0,0.0,0.0,0.0,0.0,0.0,0.0,0.0,True,True,True,non-critical dormant: review
500207851,dormant,none,False,,0.0,15.0,30,0.95,none,,0,0,0,0.0,0.0,0.0,0.0,0.0,0.0,0.0,0.0,0.0,True,True,True,non-critical dormant: review
500207852,dormant,none,False,,0.0,15.0,30,0.95,none,,0,0,0,0.0,0.0,0.0,0.0,0.0,0.0,0.0,0.0,0.0,True,True,True,non-critical dormant: review
500207853,dormant,none,False,,0.0,15.0,30,0.95,none,,0,0,0,0.0,0.0,0.0,0.0,0.0,0.0,0.0,0.0,0.0,True,True,True,non-critical dormant: review
500207854,dying,dying,False,L,0.0027397260273972603,15.0,30,0.9,nbinom,5.0,0,0,1,0.0,0.0,0.0,0.0,0.0,0.0,0.0,0.0,1.0,True,True,True,"dying: demand ceased, review"
500207855,dying,dying,False,L,0.0027397260273972603,45.0,30,0.9,nbinom,5.0,0,0,1,0.0,0.0,1.0,0.0,0.0,1.0,0.0,0.0,0.0,True,True,True,"dying: demand ceased, review"
500207856,dormant,none,False,,0.0,15.0,30,0.95,none,,0,0,0,0.0,0.0,0.0,0.0,0.0,0.0,0.0,0.0,0.0,True,True,True,non-critical dormant: review
500207857,dormant,none,False,,0.0,15.0,30,0.95,none,,0,0,0,0.0,0.0,0.0,0.0,0.0,0.0,0.0,0.0,0.0,True,True,True,non-critical dormant: review
500207858,dormant,none,False,,0.0,15.0,30,0.95,none,,0,0,0,0.0,0.0,0.0,0.0,0.0,0.0,0.0,0.0,0.0,True,True,True,non-critical dormant: review
500207859,dormant,none,False,,0.0,20.0,30,0.95,none,,0,0,0,0.0,0.0,0.0,0.0,0.0,0.0,0.0,0.0,0.0,True,True,True,non-critical dormant: review
500207860,dormant,none,False,D,0.0,20.0,30,0.9,none,,0,0,0,0.0,0.0,1.0,0.0,0.0,1.0,0.0,0.0,-1.0,True,True,True,non-critical dormant: review
500207861,dormant,none,False,L,0.0,20.0,30,0.9,none,,0,0,0,0.0,0.0,1.0,0.0,0.0,1.0,0.0,0.0,-1.0,True,True,True,non-critical dormant: review
500207862,dormant,none,False,,0.0,15.0,30,0.95,none,,0,0,0,0.0,0.0,0.0,0.0,0.0,0.0,0.0,0.0,0.0,True,True,True,non-critical dormant: review
500207863,dormant,none,False,,0.0,15.0,30,0.95,none,,0,0,0,0.0,0.0,0.0,0.0,0.0,0.0,0.0,0.0,0.0,True,True,True,non-critical dormant: review
500207864,dormant,none,False,,0.0,20.0,30,0.95,none,,0,0,0,0.0,0.0,0.0,0.0,0.0,0.0,0.0,0.0,0.0,True,True,True,non-critical dormant: review
500207865,dormant,none,False,,0.0,15.0,30,0.95,none,,0,0,0,0.0,0.0,0.0,0.0,0.0,0.0,0.0,0.0,0.0,True,True,True,non-critical dormant: review
500207866,dormant,none,False,,0.0,20.0,30,0.95,none,,0,0,0,0.0,0.0,0.0,0.0,0.0,0.0,0.0,0.0,0.0,True,True,True,non-critical dormant: review
500207867,dormant,none,False,D,0.0,30.0,30,0.9,none,,0,0,0,0.0,0.0,0.0,0.0,0.0,0.0,0.0,0.0,0.0,True,True,True,non-critical dormant: review
500207868,dormant,none,False,D,0.0,20.0,30,0.9,none,,0,0,0,0.0,0.0,0.0,0.0,0.0,0.0,0.0,0.0,0.0,True,True,True,non-critical dormant: review
500207871,dormant,none,False,,0.0,20.0,30,0.95,none,,0,0,0,0.0,0.0,0.0,0.0,0.0,0.0,0.0,0.0,0.0,True,True,True,non-critical dormant: review
500207872,dormant,none,False,D,0.0,20.0,30,0.9,none,,0,0,0,0.0,0.0,0.0,0.0,0.0,0.0,0.0,0.0,0.0,True,True,True,non-critical dormant: review
500207873,dormant,none,False,,0.0,30.0,30,0.95,none,,0,0,0,0.0,0.0,0.0,0.0,0.0,0.0,0.0,0.0,0.0,True,True,True,non-critical dormant: review
500207874,dormant,none,False,D,0.0,30.0,30,0.9,none,,0,0,0,0.0,0.0,0.0,0.0,0.0,0.0,0.0,0.0,0.0,True,True,True,non-critical dormant: review
500207875,dying,dying,False,L,0.0,37.0,30,0.9,nbinom,5.0,0,0,1,0.0,0.0,0.0,0.0,0.0,0.0,0.0,0.0,1.0,True,True,True,"dying: demand ceased, review"
500207877,dormant,none,False,L,0.0,30.0,30,0.9,none,,0,0,0,0.0,0.0,0.0,0.0,0.0,0.0,0.0,0.0,0.0,True,True,True,non-critical dormant: review
500207878,dormant,none,False,D,0.0,30.0,30,0.9,none,,0,0,0,0.0,0.0,0.0,0.0,0.0,0.0,0.0,0.0,0.0,True,True,True,non-critical dormant: review
500207879,dormant,none,False,D,0.0,30.0,30,0.9,none,,0,0,0,0.0,0.0,0.0,0.0,0.0,0.0,0.0,0.0,0.0,True,True,True,non-critical dormant: review
500207880,dormant,none,False,D,0.0,30.0,30,0.9,none,,0,0,0,0.0,0.0,0.0,0.0,0.0,0.0,0.0,0.0,0.0,True,True,True,non-critical dormant: review
500207881,dying,dying,False,L,0.0,30.0,30,0.9,nbinom,5.0,0,0,1,0.0,0.0,0.0,0.0,0.0,0.0,0.0,0.0,1.0,True,True,True,"dying: demand ceased, review"
500207882,dormant,none,False,D,0.0,30.0,30,0.9,none,,0,0,0,0.0,0.0,0.0,0.0,0.0,0.0,0.0,0.0,0.0,True,True,True,non-critical dormant: review
500207883,dormant,none,False,,0.0,15.0,30,0.95,none,,0,0,0,0.0,0.0,0.0,0.0,0.0,0.0,0.0,0.0,0.0,True,True,True,non-critical dormant: review
500207884,dormant,none,False,,0.0,30.0,30,0.95,none,,0,0,0,0.0,0.0,0.0,0.0,0.0,0.0,0.0,0.0,0.0,True,True,True,non-critical dormant: review
500207885,dormant,none,False,D,0.0,30.0,30,0.9,none,,0,0,0,0.0,0.0,0.0,0.0,0.0,0.0,0.0,0.0,0.0,True,True,True,non-critical dormant: review
500207886,dormant,none,False,,0.0,20.0,30,0.95,none,,0,0,0,0.0,0.0,0.0,0.0,0.0,0.0,0.0,0.0,0.0,True,True,True,non-critical dormant: review
500207887,dormant,none,False,,0.0,20.0,30,0.95,none,,0,0,0,0.0,0.0,0.0,0.0,0.0,0.0,0.0,0.0,0.0,True,True,True,non-critical dormant: review
500207888,dormant,none,False,D,0.0,45.0,30,0.9,none,,0,0,0,0.0,0.0,1.0,0.0,0.0,1.0,0.0,0.0,-1.0,True,True,True,non-critical dormant: review
500207889,dormant,none,False,,0.0,20.0,30,0.95,none,,0,0,0,0.0,0.0,0.0,0.0,0.0,0.0,0.0,0.0,0.0,True,True,True,non-critical dormant: review
500207890,dormant,none,False,,0.0,70.0,30,0.95,none,,0,0,0,0.0,0.0,0.0,0.0,0.0,0.0,0.0,0.0,0.0,True,True,True,non-critical dormant: review
500207894,dormant,none,False,D,0.0,35.0,30,0.9,none,,0,0,0,0.0,0.0,0.0,0.0,0.0,0.0,0.0,0.0,0.0,True,True,True,non-critical dormant: review
500207895,dormant,none,False,,0.0,20.0,30,0.95,none,,0,0,0,0.0,0.0,0.0,0.0,0.0,0.0,0.0,0.0,0.0,True,True,True,non-critical dormant: review
500207896,dormant,none,False,,0.0,20.0,30,0.95,none,,0,0,0,0.0,0.0,0.0,0.0,0.0,0.0,0.0,0.0,0.0,True,True,True,non-critical dormant: review
500207897,dormant,none,False,,0.0,30.0,30,0.95,none,,0,0,0,0.0,0.0,0.0,0.0,0.0,0.0,0.0,0.0,0.0,True,True,True,non-critical dormant: review
500207898,dormant,none,False,,0.0,20.0,30,0.95,none,,0,0,0,0.0,0.0,0.0,0.0,0.0,0.0,0.0,0.0,0.0,True,True,True,non-critical dormant: review
500207902,dormant,none,False,,0.0,20.0,30,0.95,none,,0,0,0,0.0,0.0,0.0,0.0,0.0,0.0,0.0,0.0,0.0,True,True,True,non-critical dormant: review
500207903,dormant,none,False,,0.0,15.0,30,0.95,none,,0,0,0,0.0,0.0,0.0,0.0,0.0,0.0,0.0,0.0,0.0,True,True,True,non-critical dormant: review
500207904,dormant,none,False,,0.0,20.0,30,0.95,none,,0,0,0,0.0,0.0,0.0,0.0,0.0,0.0,0.0,0.0,0.0,True,True,True,non-critical dormant: review
500207905,dormant,none,False,,0.0,30.0,30,0.95,none,,0,0,0,0.0,0.0,0.0,0.0,0.0,0.0,0.0,0.0,0.0,True,True,True,non-critical dormant: review
500207906,dormant,none,False,,0.0,30.0,30,0.95,none,,0,0,0,0.0,0.0,0.0,0.0,0.0,0.0,0.0,0.0,0.0,True,True,True,non-critical dormant: review
500207907,dying,dying,False,L,0.0,30.0,30,0.9,nbinom,5.0,0,0,1,0.0,0.0,0.0,0.0,0.0,0.0,0.0,0.0,1.0,True,True,True,"dying: demand ceased, review"
500207908,dormant,none,False,,0.0,30.0,30,0.95,none,,0,0,0,0.0,0.0,0.0,0.0,0.0,0.0,0.0,0.0,0.0,True,True,True,non-critical dormant: review
500207910,dormant,none,False,D,0.0,30.0,30,0.9,none,,0,0,0,0.0,0.0,0.0,0.0,0.0,0.0,0.0,0.0,0.0,True,True,True,non-critical dormant: review
500207911,dormant,none,False,,0.0,30.0,30,0.95,none,,0,0,0,0.0,0.0,0.0,0.0,0.0,0.0,0.0,0.0,0.0,True,True,True,non-critical dormant: review
500207912,dormant,none,False,,0.0,30.0,30,0.95,none,,0,0,0,0.0,0.0,0.0,0.0,0.0,0.0,0.0,0.0,0.0,True,True,True,non-critical dormant: review
500207913,dormant,none,False,,0.0,40.0,30,0.95,none,,0,0,0,0.0,0.0,0.0,0.0,0.0,0.0,0.0,0.0,0.0,True,True,True,non-critical dormant: review
500207917,dormant,none,False,D,0.0,15.0,30,0.9,none,,0,0,0,0.0,0.0,0.0,0.0,0.0,0.0,0.0,0.0,0.0,True,True,True,non-critical dormant: review
500207918,dormant,none,False,D,0.0,20.0,30,0.9,none,,0,0,0,0.0,0.0,0.0,0.0,0.0,0.0,0.0,0.0,0.0,True,True,True,non-critical dormant: review
500208627,dormant,none,False,,0.0,20.0,30,0.95,none,,0,0,0,0.0,0.0,1.0,0.0,0.0,1.0,0.0,0.0,-1.0,True,True,True,non-critical dormant: review
500208913,dormant,none,False,,0.0,14.0,30,0.95,none,,0,0,0,0.0,0.0,0.0,0.0,0.0,0.0,0.0,0.0,0.0,True,True,True,non-critical dormant: review
500209139,dormant,none,False,,0.0,70.0,30,0.95,none,,0,0,0,0.0,0.0,0.0,0.0,0.0,0.0,0.0,0.0,0.0,True,True,True,non-critical dormant: review
500209140,dormant,none,False,D,0.0,55.0,30,0.9,none,,0,0,0,0.0,0.0,0.0,0.0,0.0,0.0,0.0,0.0,0.0,True,True,True,non-critical dormant: review
500210269,dormant,none,False,,0.0,15.0,30,0.95,none,,0,0,0,0.0,0.0,1.0,0.0,0.0,1.0,0.0,0.0,-1.0,True,True,True,non-critical dormant: review
500210272,dormant,none,False,,0.0,15.0,30,0.95,none,,0,0,0,0.0,0.0,1.0,0.0,0.0,1.0,0.0,0.0,-1.0,True,True,True,non-critical dormant: review
500210278,dormant,none,False,,0.0,48.0,30,0.95,none,,0,0,0,0.0,0.0,1.0,0.0,0.0,1.0,0.0,0.0,-1.0,True,True,True,non-critical dormant: review
500210292,dormant,none,False,,0.0,20.0,30,0.95,none,,0,0,0,0.0,0.0,1.0,0.0,0.0,1.0,0.0,0.0,-1.0,True,True,True,non-critical dormant: review
500210297,dormant,none,False,,0.0,14.0,30,0.95,none,,0,0,0,0.0,0.0,0.0,0.0,0.0,0.0,0.0,0.0,0.0,True,True,True,non-critical dormant: review
500210462,dormant,none,False,,0.0,14.0,30,0.95,none,,0,0,0,0.0,0.0,0.0,0.0,0.0,0.0,0.0,0.0,0.0,True,True,True,non-critical dormant: review
500210469,dying,dying,False,L,0.0,15.0,30,0.9,nbinom,5.0,0,0,1,0.0,0.0,1.0,0.0,0.0,1.0,0.0,0.0,0.0,True,True,True,"dying: demand ceased, review"
500210784,dormant,none,False,,0.0,13.0,30,0.95,none,,0,0,0,0.0,0.0,0.0,0.0,0.0,0.0,0.0,0.0,0.0,True,True,True,non-critical dormant: review
500210785,dormant,none,False,,0.0,10.0,30,0.95,none,,0,0,0,0.0,0.0,0.0,0.0,0.0,0.0,0.0,0.0,0.0,True,True,True,non-critical dormant: review
500210786,active,constant,True,H,0.0958904109589041,13.0,30,0.99,poisson,1.0,3,4,9,1.0,6.0,11.0,1.0,6.0,11.0,2.0,-2.0,-2.0,False,False,False,active
500210787,dormant,none,False,D,0.0,61.0,30,0.9,none,,0,0,0,0.0,0.0,0.0,0.0,0.0,0.0,0.0,0.0,0.0,True,True,True,non-critical dormant: review
500211453,dormant,none,False,D,0.0,75.0,30,0.9,none,,0,0,0,0.0,0.0,0.0,0.0,0.0,0.0,0.0,0.0,0.0,True,True,True,non-critical dormant: review
500211456,dormant,none,False,L,0.0,30.0,30,0.9,none,,0,0,0,0.0,0.0,0.0,0.0,0.0,0.0,0.0,0.0,0.0,True,True,True,non-critical dormant: review
500211588,dormant,none,False,,0.0,35.0,30,0.95,none,,0,0,0,0.0,0.0,0.0,0.0,0.0,0.0,0.0,0.0,0.0,True,True,True,non-critical dormant: review
500211594,dormant,none,False,,0.0,10.0,30,0.95,none,,0,0,0,0.0,0.0,0.0,0.0,0.0,0.0,0.0,0.0,0.0,True,True,True,non-critical dormant: review
500211778,dormant,none,False,,0.0,35.0,30,0.95,none,,0,0,0,0.0,0.0,0.0,0.0,0.0,0.0,0.0,0.0,0.0,True,True,True,non-critical dormant: review
500211779,dormant,none,False,,0.0,35.0,30,0.95,none,,0,0,0,0.0,0.0,0.0,0.0,0.0,0.0,0.0,0.0,0.0,True,True,True,non-critical dormant: review
500212204,dormant,none,False,D,0.0,80.0,30,0.9,none,,0,0,0,0.0,0.0,0.0,0.0,0.0,0.0,0.0,0.0,0.0,True,True,True,non-critical dormant: review
500212206,active,constant,True,L,0.005479452054794521,33.0,30,0.9,nbinom,3.799,0,0,1,0.0,0.0,1.0,0.0,1.0,2.0,0.0,-1.0,-1.0,True,True,True,active
500212210,active,constant,True,L,0.005479452054794521,33.0,30,0.9,nbinom,5.0,0,0,1,0.0,0.0,1.0,0.0,1.0,2.0,0.0,-1.0,-1.0,True,True,True,active
500212211,dormant,none,False,D,0.0,33.0,30,0.9,none,,0,0,0,0.0,0.0,0.0,0.0,0.0,0.0,0.0,0.0,0.0,True,True,True,non-critical dormant: review
500212227,dormant,none,False,,0.0,33.0,30,0.95,none,,0,0,0,0.0,0.0,0.0,0.0,0.0,0.0,0.0,0.0,0.0,True,True,True,non-critical dormant: review
500212232,dormant,none,False,,0.0,33.0,30,0.95,none,,0,0,0,0.0,0.0,0.0,0.0,0.0,0.0,0.0,0.0,0.0,True,True,True,non-critical dormant: review
500212235,dormant,none,False,D,0.0,33.0,30,0.9,none,,0,0,0,0.0,0.0,0.0,0.0,0.0,0.0,0.0,0.0,0.0,True,True,True,non-critical dormant: review
500212256,dormant,none,False,,0.0,25.0,30,0.95,none,,0,0,0,0.0,0.0,0.0,0.0,0.0,0.0,0.0,0.0,0.0,True,True,True,non-critical dormant: review
500212257,dormant,none,False,D,0.0,84.0,30,0.9,none,,0,0,0,0.0,0.0,0.0,0.0,0.0,0.0,0.0,0.0,0.0,True,True,True,non-critical dormant: review
500212556,dormant,none,False,D,0.0,15.0,30,0.9,none,,0,0,0,0.0,0.0,1.0,0.0,0.0,1.0,0.0,0.0,-1.0,True,True,True,non-critical dormant: review
500212657,dying,dying,False,L,0.0,13.0,30,0.9,nbinom,5.0,0,0,12,0.0,0.0,1.0,0.0,0.0,1.0,0.0,0.0,11.0,True,True,False,"dying: demand ceased, review"
500212770,dormant,none,False,D,0.0,70.0,30,0.9,none,,0,0,0,0.0,0.0,0.0,0.0,0.0,0.0,0.0,0.0,0.0,True,True,True,non-critical dormant: review
500212818,dormant,none,False,,0.0,40.0,30,0.95,none,,0,0,0,0.0,0.0,0.0,0.0,0.0,0.0,0.0,0.0,0.0,True,True,True,non-critical dormant: review
500213187,dormant,none,False,,0.0,13.0,30,0.95,none,,0,0,0,0.0,0.0,0.0,0.0,0.0,0.0,0.0,0.0,0.0,True,True,True,non-critical dormant: review
500213188,dying,dying,False,L,0.0027397260273972603,10.0,30,0.9,nbinom,3.0,0,0,1,0.0,0.0,1.0,0.0,0.0,1.0,0.0,0.0,0.0,True,True,True,"dying: demand ceased, review"
500213189,dormant,none,False,,0.0,10.0,30,0.95,none,,0,0,0,0.0,0.0,0.0,0.0,0.0,0.0,0.0,0.0,0.0,True,True,True,non-critical dormant: review
500213191,dormant,none,False,,0.0,13.0,30,0.95,none,,0,0,0,0.0,0.0,0.0,0.0,0.0,0.0,0.0,0.0,0.0,True,True,True,non-critical dormant: review
500213192,dormant,none,False,L,0.0,13.0,30,0.9,none,,0,0,0,0.0,0.0,1.0,0.0,0.0,1.0,0.0,0.0,-1.0,True,True,True,non-critical dormant: review
500213193,dormant,none,False,,0.0,10.0,30,0.95,none,,0,0,0,0.0,0.0,0.0,0.0,0.0,0.0,0.0,0.0,0.0,True,True,True,non-critical dormant: review
500213194,dying,dying,False,L,0.0027397260273972603,30.0,30,0.9,nbinom,5.0,0,0,1,0.0,0.0,1.0,0.0,0.0,1.0,0.0,0.0,0.0,True,True,True,"dying: demand ceased, review"
500213663,dormant,none,False,,0.0,35.0,30,0.95,none,,0,0,0,0.0,0.0,1.0,0.0,0.0,1.0,0.0,0.0,-1.0,True,True,True,non-critical dormant: review
500213664,dormant,none,False,D,0.0,35.0,30,0.9,none,,0,0,0,0.0,0.0,1.0,0.0,0.0,1.0,0.0,0.0,-1.0,True,True,True,non-critical dormant: review
500213665,dormant,none,False,D,0.0,42.0,30,0.9,none,,0,0,0,0.0,0.0,1.0,0.0,0.0,1.0,0.0,0.0,-1.0,True,True,True,non-critical dormant: review
500214051,dormant,none,False,,0.0,25.0,30,0.95,none,,0,0,0,0.0,0.0,0.0,0.0,0.0,0.0,0.0,0.0,0.0,True,True,True,non-critical dormant: review
500214054,dormant,none,False,,0.0,75.0,30,0.95,none,,0,0,0,0.0,0.0,0.0,0.0,0.0,0.0,0.0,0.0,0.0,True,True,True,non-critical dormant: review
500214059,dormant,none,False,,0.0,25.0,30,0.95,none,,0,0,0,0.0,0.0,0.0,0.0,0.0,0.0,0.0,0.0,0.0,True,True,True,non-critical dormant: review
500214132,dormant,none,False,,0.0,75.0,30,0.95,none,,0,0,0,0.0,0.0,0.0,0.0,0.0,0.0,0.0,0.0,0.0,True,True,True,non-critical dormant: review
500214188,dormant,none,False,D,0.0,75.0,30,0.9,none,,0,0,0,0.0,0.0,0.0,0.0,0.0,0.0,0.0,0.0,0.0,True,True,True,non-critical dormant: review
500214251,dormant,none,False,,0.0,10.0,30,0.95,none,,0,0,0,0.0,0.0,1.0,0.0,0.0,1.0,0.0,0.0,-1.0,True,True,True,non-critical dormant: review
500214644,dormant,none,False,D,0.0,13.0,30,0.9,none,,0,0,0,0.0,0.0,0.0,0.0,0.0,0.0,0.0,0.0,0.0,True,True,True,non-critical dormant: review
500214728,dormant,none,False,,0.0,35.0,30,0.95,none,,0,0,0,0.0,0.0,1.0,0.0,0.0,1.0,0.0,0.0,-1.0,True,True,True,non-critical dormant: review
500214729,dormant,none,False,,0.0,28.0,30,0.95,none,,0,0,0,0.0,0.0,1.0,0.0,0.0,1.0,0.0,0.0,-1.0,True,True,True,non-critical dormant: review
500215364,dormant,none,False,,0.0,30.0,30,0.95,none,,0,0,0,0.0,0.0,0.0,0.0,0.0,0.0,0.0,0.0,0.0,True,True,True,non-critical dormant: review
500215365,dormant,none,False,,0.0,10.0,30,0.95,none,,0,0,0,0.0,0.0,0.0,0.0,0.0,0.0,0.0,0.0,0.0,True,True,True,non-critical dormant: review
500215366,dormant,none,False,,0.0,10.0,30,0.95,none,,0,0,0,0.0,0.0,0.0,0.0,0.0,0.0,0.0,0.0,0.0,True,True,True,non-critical dormant: review
500215367,dying,dying,False,M,0.0547945205479452,30.0,30,0.95,nbinom,3.0,5,6,9,0.0,6.0,7.0,0.0,4.0,6.0,5.0,2.0,3.0,False,False,False,"dying: demand ceased, review"
500215368,dormant,none,False,,0.0,30.0,30,0.95,none,,0,0,0,0.0,0.0,0.0,0.0,0.0,0.0,0.0,0.0,0.0,True,True,True,non-critical dormant: review
500215998,dormant,none,False,,0.0,28.0,30,0.95,none,,0,0,0,0.0,0.0,0.0,0.0,0.0,0.0,0.0,0.0,0.0,True,True,True,non-critical dormant: review
500215999,dormant,none,False,D,0.0,28.0,30,0.9,none,,0,0,0,0.0,0.0,1.0,0.0,0.0,1.0,0.0,0.0,-1.0,True,True,True,non-critical dormant: review
500216250,dormant,none,False,,0.0,31.0,30,0.95,none,,0,0,0,0.0,0.0,0.0,0.0,0.0,0.0,0.0,0.0,0.0,True,True,True,non-critical dormant: review
500216309,dormant,none,False,D,0.0,20.0,30,0.9,none,,0,0,0,0.0,0.0,0.0,0.0,0.0,0.0,0.0,0.0,0.0,True,True,True,non-critical dormant: review
500216310,dormant,none,False,,0.0,30.0,30,0.95,none,,0,0,0,0.0,0.0,0.0,0.0,0.0,0.0,0.0,0.0,0.0,True,True,True,non-critical dormant: review
500216313,dormant,none,False,D,0.0,30.0,30,0.9,none,,0,0,0,0.0,0.0,0.0,0.0,0.0,0.0,0.0,0.0,0.0,True,True,True,non-critical dormant: review
500216314,dormant,none,False,,0.0,30.0,30,0.95,none,,0,0,0,0.0,0.0,0.0,0.0,0.0,0.0,0.0,0.0,0.0,True,True,True,non-critical dormant: review
500216316,dormant,none,False,D,0.0,30.0,30,0.9,none,,0,0,0,0.0,0.0,0.0,0.0,0.0,0.0,0.0,0.0,0.0,True,True,True,non-critical dormant: review
500216317,dormant,none,False,D,0.0,30.0,30,0.9,none,,0,0,0,0.0,0.0,0.0,0.0,0.0,0.0,0.0,0.0,0.0,True,True,True,non-critical dormant: review
500216539,dormant,none,False,,0.0,30.0,30,0.95,none,,0,0,0,0.0,0.0,0.0,0.0,0.0,0.0,0.0,0.0,0.0,True,True,True,non-critical dormant: review
500216540,dormant,none,False,,0.0,30.0,30,0.95,none,,0,0,0,0.0,0.0,0.0,0.0,0.0,0.0,0.0,0.0,0.0,True,True,True,non-critical dormant: review
500216905,active,constant,True,L,0.0027397260273972603,13.0,30,0.9,nbinom,5.0,0,0,1,0.0,0.0,1.0,0.0,0.0,1.0,0.0,0.0,0.0,True,True,True,active
500217339,dormant,none,False,,0.0,14.0,30,0.95,none,,0,0,0,0.0,0.0,0.0,0.0,0.0,0.0,0.0,0.0,0.0,True,True,True,non-critical dormant: review
500217342,dormant,none,False,,0.0,35.0,30,0.95,none,,0,0,0,0.0,0.0,0.0,0.0,0.0,0.0,0.0,0.0,0.0,True,True,True,non-critical dormant: review
500218161,dormant,none,False,D,0.0,95.0,30,0.9,none,,0,0,0,0.0,0.0,0.0,0.0,0.0,0.0,0.0,0.0,0.0,True,True,True,non-critical dormant: review
500218162,dormant,none,False,D,0.0,75.0,30,0.9,none,,0,0,0,0.0,0.0,0.0,0.0,0.0,0.0,0.0,0.0,0.0,True,True,True,non-critical dormant: review
500218163,dormant,none,False,D,0.0,48.0,30,0.9,none,,0,0,0,0.0,0.0,0.0,0.0,0.0,0.0,0.0,0.0,0.0,True,True,True,non-critical dormant: review
500218164,dormant,none,False,D,0.0,15.0,30,0.9,none,,0,0,0,0.0,0.0,0.0,0.0,0.0,0.0,0.0,0.0,0.0,True,True,True,non-critical dormant: review
500218165,dormant,none,False,D,0.0,15.0,30,0.9,none,,0,0,0,0.0,0.0,0.0,0.0,0.0,0.0,0.0,0.0,0.0,True,True,True,non-critical dormant: review
500218166,dormant,none,False,D,0.0,25.0,30,0.9,none,,0,0,0,0.0,0.0,0.0,0.0,0.0,0.0,0.0,0.0,0.0,True,True,True,non-critical dormant: review
500218171,dormant,none,False,D,0.0,15.0,30,0.9,none,,0,0,0,0.0,0.0,0.0,0.0,0.0,0.0,0.0,0.0,0.0,True,True,True,non-critical dormant: review
500218172,dormant,none,False,D,0.0,15.0,30,0.9,none,,0,0,0,0.0,0.0,0.0,0.0,0.0,0.0,0.0,0.0,0.0,True,True,True,non-critical dormant: review
500218174,dying,dying,False,M,0.0136986301369863,35.0,30,0.95,nbinom,3.0,3,3,4,0.0,0.0,1.0,0.0,0.0,1.0,3.0,3.0,3.0,False,False,False,"dying: demand ceased, review"
500218661,dormant,none,False,,0.0,14.0,30,0.95,none,,0,0,0,0.0,0.0,0.0,0.0,0.0,0.0,0.0,0.0,0.0,True,True,True,non-critical dormant: review
500219251,dormant,none,False,,0.0,105.0,30,0.95,none,,0,0,0,0.0,0.0,0.0,0.0,0.0,0.0,0.0,0.0,0.0,True,True,True,non-critical dormant: review
500219695,dormant,none,False,,0.0,36.0,30,0.95,none,,0,0,0,0.0,0.0,0.0,0.0,0.0,0.0,0.0,0.0,0.0,True,True,True,non-critical dormant: review
500219697,dormant,none,False,D,0.0,33.0,30,0.9,none,,0,0,0,0.0,0.0,1.0,0.0,0.0,1.0,0.0,0.0,-1.0,True,True,True,non-critical dormant: review
500219698,dormant,none,False,D,0.0,33.0,30,0.9,none,,0,0,0,0.0,0.0,0.0,0.0,0.0,0.0,0.0,0.0,0.0,True,True,True,non-critical dormant: review
500219733,dormant,none,False,D,0.0,15.0,30,0.9,none,,0,0,0,0.0,0.0,0.0,0.0,0.0,0.0,0.0,0.0,0.0,True,True,True,non-critical dormant: review
500219734,dormant,none,False,,0.0,25.0,30,0.95,none,,0,0,0,0.0,0.0,0.0,0.0,0.0,0.0,0.0,0.0,0.0,True,True,True,non-critical dormant: review
500219735,dormant,none,False,,0.0,25.0,30,0.95,none,,0,0,0,0.0,0.0,0.0,0.0,0.0,0.0,0.0,0.0,0.0,True,True,True,non-critical dormant: review
500219736,dormant,none,False,,0.0,115.0,30,0.95,none,,0,0,0,0.0,0.0,0.0,0.0,0.0,0.0,0.0,0.0,0.0,True,True,True,non-critical dormant: review
500219737,dormant,none,False,,0.0,25.0,30,0.95,none,,0,0,0,0.0,0.0,0.0,0.0,0.0,0.0,0.0,0.0,0.0,True,True,True,non-critical dormant: review
500219738,dormant,none,False,,0.0,25.0,30,0.95,none,,0,0,0,0.0,0.0,0.0,0.0,0.0,0.0,0.0,0.0,0.0,True,True,True,non-critical dormant: review
500219739,dormant,none,False,,0.0,90.0,30,0.95,none,,0,0,0,0.0,0.0,0.0,0.0,0.0,0.0,0.0,0.0,0.0,True,True,True,non-critical dormant: review
500219740,dormant,none,False,,0.0,25.0,30,0.95,none,,0,0,0,0.0,0.0,0.0,0.0,0.0,0.0,0.0,0.0,0.0,True,True,True,non-critical dormant: review
500219741,dormant,none,False,,0.0,25.0,30,0.95,none,,0,0,0,0.0,0.0,0.0,0.0,0.0,0.0,0.0,0.0,0.0,True,True,True,non-critical dormant: review
500219742,dormant,none,False,,0.0,25.0,30,0.95,none,,0,0,0,0.0,0.0,0.0,0.0,0.0,0.0,0.0,0.0,0.0,True,True,True,non-critical dormant: review
500219743,dormant,none,False,,0.0,70.0,30,0.95,none,,0,0,0,0.0,0.0,0.0,0.0,0.0,0.0,0.0,0.0,0.0,True,True,True,non-critical dormant: review
500219744,dormant,none,False,,0.0,25.0,30,0.95,none,,0,0,0,0.0,0.0,0.0,0.0,0.0,0.0,0.0,0.0,0.0,True,True,True,non-critical dormant: review
500219745,dormant,none,False,,0.0,25.0,30,0.95,none,,0,0,0,0.0,0.0,0.0,0.0,0.0,0.0,0.0,0.0,0.0,True,True,True,non-critical dormant: review
500219746,dormant,none,False,,0.0,48.0,30,0.95,none,,0,0,0,0.0,0.0,0.0,0.0,0.0,0.0,0.0,0.0,0.0,True,True,True,non-critical dormant: review
500219747,dormant,none,False,,0.0,25.0,30,0.95,none,,0,0,0,0.0,0.0,0.0,0.0,0.0,0.0,0.0,0.0,0.0,True,True,True,non-critical dormant: review
500219748,dormant,none,False,,0.0,15.0,30,0.95,none,,0,0,0,0.0,0.0,0.0,0.0,0.0,0.0,0.0,0.0,0.0,True,True,True,non-critical dormant: review
500219749,dormant,none,False,,0.0,25.0,30,0.95,none,,0,0,0,0.0,0.0,0.0,0.0,0.0,0.0,0.0,0.0,0.0,True,True,True,non-critical dormant: review
500219750,dormant,none,False,,0.0,25.0,30,0.95,none,,0,0,0,0.0,0.0,0.0,0.0,0.0,0.0,0.0,0.0,0.0,True,True,True,non-critical dormant: review
500219751,dormant,none,False,,0.0,25.0,30,0.95,none,,0,0,0,0.0,0.0,0.0,0.0,0.0,0.0,0.0,0.0,0.0,True,True,True,non-critical dormant: review
500219752,dormant,none,False,,0.0,25.0,30,0.95,none,,0,0,0,0.0,0.0,0.0,0.0,0.0,0.0,0.0,0.0,0.0,True,True,True,non-critical dormant: review
500219753,dormant,none,False,,0.0,25.0,30,0.95,none,,0,0,0,0.0,0.0,0.0,0.0,0.0,0.0,0.0,0.0,0.0,True,True,True,non-critical dormant: review
500219754,dormant,none,False,,0.0,70.0,30,0.95,none,,0,0,0,0.0,0.0,0.0,0.0,0.0,0.0,0.0,0.0,0.0,True,True,True,non-critical dormant: review
500219755,dormant,none,False,,0.0,25.0,30,0.95,none,,0,0,0,0.0,0.0,0.0,0.0,0.0,0.0,0.0,0.0,0.0,True,True,True,non-critical dormant: review
500219756,dormant,none,False,,0.0,25.0,30,0.95,none,,0,0,0,0.0,0.0,0.0,0.0,0.0,0.0,0.0,0.0,0.0,True,True,True,non-critical dormant: review
500219757,dormant,none,False,,0.0,25.0,30,0.95,none,,0,0,0,0.0,0.0,0.0,0.0,0.0,0.0,0.0,0.0,0.0,True,True,True,non-critical dormant: review
500219758,dormant,none,False,,0.0,70.0,30,0.95,none,,0,0,0,0.0,0.0,0.0,0.0,0.0,0.0,0.0,0.0,0.0,True,True,True,non-critical dormant: review
500219759,dormant,none,False,,0.0,25.0,30,0.95,none,,0,0,0,0.0,0.0,0.0,0.0,0.0,0.0,0.0,0.0,0.0,True,True,True,non-critical dormant: review
500219760,dormant,none,False,,0.0,70.0,30,0.95,none,,0,0,0,0.0,0.0,0.0,0.0,0.0,0.0,0.0,0.0,0.0,True,True,True,non-critical dormant: review
500219761,dormant,none,False,,0.0,70.0,30,0.95,none,,0,0,0,0.0,0.0,0.0,0.0,0.0,0.0,0.0,0.0,0.0,True,True,True,non-critical dormant: review
500219762,dormant,none,False,,0.0,70.0,30,0.95,none,,0,0,0,0.0,0.0,0.0,0.0,0.0,0.0,0.0,0.0,0.0,True,True,True,non-critical dormant: review
500219763,dormant,none,False,,0.0,70.0,30,0.95,none,,0,0,0,0.0,0.0,0.0,0.0,0.0,0.0,0.0,0.0,0.0,True,True,True,non-critical dormant: review
500219764,dormant,none,False,,0.0,70.0,30,0.95,none,,0,0,0,0.0,0.0,0.0,0.0,0.0,0.0,0.0,0.0,0.0,True,True,True,non-critical dormant: review
500219765,dormant,none,False,,0.0,70.0,30,0.95,none,,0,0,0,0.0,0.0,0.0,0.0,0.0,0.0,0.0,0.0,0.0,True,True,True,non-critical dormant: review
500219766,dormant,none,False,,0.0,25.0,30,0.95,none,,0,0,0,0.0,0.0,0.0,0.0,0.0,0.0,0.0,0.0,0.0,True,True,True,non-critical dormant: review
500219767,dormant,none,False,,0.0,70.0,30,0.95,none,,0,0,0,0.0,0.0,0.0,0.0,0.0,0.0,0.0,0.0,0.0,True,True,True,non-critical dormant: review
500219768,dormant,none,False,,0.0,70.0,30,0.95,none,,0,0,0,0.0,0.0,0.0,0.0,0.0,0.0,0.0,0.0,0.0,True,True,True,non-critical dormant: review
500219769,dormant,none,False,,0.0,25.0,30,0.95,none,,0,0,0,0.0,0.0,0.0,0.0,0.0,0.0,0.0,0.0,0.0,True,True,True,non-critical dormant: review
500219770,dormant,none,False,,0.0,25.0,30,0.95,none,,0,0,0,0.0,0.0,0.0,0.0,0.0,0.0,0.0,0.0,0.0,True,True,True,non-critical dormant: review
500219771,dormant,none,False,,0.0,70.0,30,0.95,none,,0,0,0,0.0,0.0,0.0,0.0,0.0,0.0,0.0,0.0,0.0,True,True,True,non-critical dormant: review
500219772,dormant,none,False,,0.0,70.0,30,0.95,none,,0,0,0,0.0,0.0,0.0,0.0,0.0,0.0,0.0,0.0,0.0,True,True,True,non-critical dormant: review
500219773,dormant,none,False,,0.0,25.0,30,0.95,none,,0,0,0,0.0,0.0,0.0,0.0,0.0,0.0,0.0,0.0,0.0,True,True,True,non-critical dormant: review
500219774,dormant,none,False,,0.0,70.0,30,0.95,none,,0,0,0,0.0,0.0,0.0,0.0,0.0,0.0,0.0,0.0,0.0,True,True,True,non-critical dormant: review
500219775,dormant,none,False,,0.0,25.0,30,0.95,none,,0,0,0,0.0,0.0,0.0,0.0,0.0,0.0,0.0,0.0,0.0,True,True,True,non-critical dormant: review
500219776,dormant,none,False,,0.0,25.0,30,0.95,none,,0,0,0,0.0,0.0,0.0,0.0,0.0,0.0,0.0,0.0,0.0,True,True,True,non-critical dormant: review
500219777,dormant,none,False,,0.0,25.0,30,0.95,none,,0,0,0,0.0,0.0,0.0,0.0,0.0,0.0,0.0,0.0,0.0,True,True,True,non-critical dormant: review
500219778,dormant,none,False,,0.0,25.0,30,0.95,none,,0,0,0,0.0,0.0,0.0,0.0,0.0,0.0,0.0,0.0,0.0,True,True,True,non-critical dormant: review
500219779,dormant,none,False,,0.0,25.0,30,0.95,none,,0,0,0,0.0,0.0,0.0,0.0,0.0,0.0,0.0,0.0,0.0,True,True,True,non-critical dormant: review
500219780,dormant,none,False,,0.0,25.0,30,0.95,none,,0,0,0,0.0,0.0,0.0,0.0,0.0,0.0,0.0,0.0,0.0,True,True,True,non-critical dormant: review
500219781,dormant,none,False,,0.0,25.0,30,0.95,none,,0,0,0,0.0,0.0,0.0,0.0,0.0,0.0,0.0,0.0,0.0,True,True,True,non-critical dormant: review
500219782,dormant,none,False,,0.0,55.0,30,0.95,none,,0,0,0,0.0,0.0,0.0,0.0,0.0,0.0,0.0,0.0,0.0,True,True,True,non-critical dormant: review
500219783,dormant,none,False,,0.0,25.0,30,0.95,none,,0,0,0,0.0,0.0,0.0,0.0,0.0,0.0,0.0,0.0,0.0,True,True,True,non-critical dormant: review
500219784,dormant,none,False,,0.0,55.0,30,0.95,none,,0,0,0,0.0,0.0,0.0,0.0,0.0,1.0,0.0,0.0,-1.0,True,True,True,non-critical dormant: review
500219785,dormant,none,False,,0.0,25.0,30,0.95,none,,0,0,0,0.0,0.0,0.0,0.0,0.0,0.0,0.0,0.0,0.0,True,True,True,non-critical dormant: review
500219786,dormant,none,False,D,0.0,55.0,30,0.9,none,,0,0,0,0.0,0.0,0.0,0.0,0.0,0.0,0.0,0.0,0.0,True,True,True,non-critical dormant: review
500219787,dormant,none,False,,0.0,75.0,30,0.95,none,,0,0,0,0.0,0.0,0.0,0.0,0.0,0.0,0.0,0.0,0.0,True,True,True,non-critical dormant: review
500219788,dormant,none,False,,0.0,25.0,30,0.95,none,,0,0,0,0.0,0.0,0.0,0.0,0.0,0.0,0.0,0.0,0.0,True,True,True,non-critical dormant: review
500219789,dormant,none,False,,0.0,90.0,30,0.95,none,,0,0,0,0.0,0.0,0.0,0.0,0.0,0.0,0.0,0.0,0.0,True,True,True,non-critical dormant: review
500219790,dormant,none,False,,0.0,25.0,30,0.95,none,,0,0,0,0.0,0.0,0.0,0.0,0.0,0.0,0.0,0.0,0.0,True,True,True,non-critical dormant: review
500219791,dormant,none,False,,0.0,25.0,30,0.95,none,,0,0,0,0.0,0.0,0.0,0.0,0.0,0.0,0.0,0.0,0.0,True,True,True,non-critical dormant: review
500219792,dormant,none,False,,0.0,25.0,30,0.95,none,,0,0,0,0.0,0.0,0.0,0.0,0.0,0.0,0.0,0.0,0.0,True,True,True,non-critical dormant: review
500219793,dormant,none,False,,0.0,15.0,30,0.95,none,,0,0,0,0.0,0.0,0.0,0.0,0.0,0.0,0.0,0.0,0.0,True,True,True,non-critical dormant: review
500219794,dormant,none,False,D,0.0,15.0,30,0.9,none,,0,0,0,0.0,0.0,1.0,0.0,0.0,1.0,0.0,0.0,-1.0,True,True,True,non-critical dormant: review
500219795,dormant,none,False,D,0.0,15.0,30,0.9,none,,0,0,0,0.0,0.0,0.0,0.0,0.0,1.0,0.0,0.0,-1.0,True,True,True,non-critical dormant: review
500219796,dormant,none,False,D,0.0,55.0,30,0.9,none,,0,0,0,0.0,0.0,0.0,0.0,0.0,1.0,0.0,0.0,-1.0,True,True,True,non-critical dormant: review
500219797,dormant,none,False,,0.0,15.0,30,0.95,none,,0,0,0,0.0,0.0,0.0,0.0,0.0,0.0,0.0,0.0,0.0,True,True,True,non-critical dormant: review
500219798,dormant,none,False,D,0.0,15.0,30,0.9,none,,0,0,0,0.0,0.0,0.0,0.0,0.0,0.0,0.0,0.0,0.0,True,True,True,non-critical dormant: review
500219799,dormant,none,False,D,0.0,15.0,30,0.9,none,,0,0,0,0.0,0.0,0.0,0.0,0.0,0.0,0.0,0.0,0.0,True,True,True,non-critical dormant: review
500219800,dormant,none,False,,0.0,25.0,30,0.95,none,,0,0,0,0.0,0.0,0.0,0.0,0.0,0.0,0.0,0.0,0.0,True,True,True,non-critical dormant: review
500219801,dormant,none,False,,0.0,25.0,30,0.95,none,,0,0,0,0.0,0.0,0.0,0.0,0.0,0.0,0.0,0.0,0.0,True,True,True,non-critical dormant: review
500219802,dormant,none,False,,0.0,25.0,30,0.95,none,,0,0,0,0.0,0.0,0.0,0.0,0.0,0.0,0.0,0.0,0.0,True,True,True,non-critical dormant: review
500219804,dormant,none,False,,0.0,25.0,30,0.95,none,,0,0,0,0.0,0.0,0.0,0.0,0.0,0.0,0.0,0.0,0.0,True,True,True,non-critical dormant: review
500219805,dormant,none,False,,0.0,70.0,30,0.95,none,,0,0,0,0.0,0.0,0.0,0.0,0.0,0.0,0.0,0.0,0.0,True,True,True,non-critical dormant: review
500219806,dormant,none,False,,0.0,25.0,30,0.95,none,,0,0,0,0.0,0.0,0.0,0.0,0.0,0.0,0.0,0.0,0.0,True,True,True,non-critical dormant: review
500219807,dormant,none,False,,0.0,25.0,30,0.95,none,,0,0,0,0.0,0.0,0.0,0.0,0.0,0.0,0.0,0.0,0.0,True,True,True,non-critical dormant: review
500219808,dormant,none,False,,0.0,25.0,30,0.95,none,,0,0,0,0.0,0.0,0.0,0.0,0.0,0.0,0.0,0.0,0.0,True,True,True,non-critical dormant: review
500219809,dormant,none,False,,0.0,25.0,30,0.95,none,,0,0,0,0.0,0.0,0.0,0.0,0.0,0.0,0.0,0.0,0.0,True,True,True,non-critical dormant: review
500219810,dormant,none,False,,0.0,25.0,30,0.95,none,,0,0,0,0.0,0.0,0.0,0.0,0.0,0.0,0.0,0.0,0.0,True,True,True,non-critical dormant: review
500219811,dormant,none,False,,0.0,25.0,30,0.95,none,,0,0,0,0.0,0.0,0.0,0.0,0.0,0.0,0.0,0.0,0.0,True,True,True,non-critical dormant: review
500219812,dormant,none,False,,0.0,25.0,30,0.95,none,,0,0,0,0.0,0.0,0.0,0.0,0.0,0.0,0.0,0.0,0.0,True,True,True,non-critical dormant: review
500219813,dormant,none,False,,0.0,25.0,30,0.95,none,,0,0,0,0.0,0.0,0.0,0.0,0.0,0.0,0.0,0.0,0.0,True,True,True,non-critical dormant: review
500219814,dormant,none,False,,0.0,25.0,30,0.95,none,,0,0,0,0.0,0.0,0.0,0.0,0.0,0.0,0.0,0.0,0.0,True,True,True,non-critical dormant: review
500219815,dormant,none,False,,0.0,25.0,30,0.95,none,,0,0,0,0.0,0.0,0.0,0.0,0.0,0.0,0.0,0.0,0.0,True,True,True,non-critical dormant: review
500219816,dormant,none,False,,0.0,25.0,30,0.95,none,,0,0,0,0.0,0.0,0.0,0.0,0.0,0.0,0.0,0.0,0.0,True,True,True,non-critical dormant: review
500219817,dormant,none,False,,0.0,25.0,30,0.95,none,,0,0,0,0.0,0.0,0.0,0.0,0.0,0.0,0.0,0.0,0.0,True,True,True,non-critical dormant: review
500219818,dormant,none,False,,0.0,25.0,30,0.95,none,,0,0,0,0.0,0.0,0.0,0.0,0.0,0.0,0.0,0.0,0.0,True,True,True,non-critical dormant: review
500219819,dormant,none,False,,0.0,25.0,30,0.95,none,,0,0,0,0.0,0.0,0.0,0.0,0.0,0.0,0.0,0.0,0.0,True,True,True,non-critical dormant: review
500219820,dormant,none,False,,0.0,25.0,30,0.95,none,,0,0,0,0.0,0.0,0.0,0.0,0.0,0.0,0.0,0.0,0.0,True,True,True,non-critical dormant: review
500219821,dormant,none,False,,0.0,25.0,30,0.95,none,,0,0,0,0.0,0.0,0.0,0.0,0.0,0.0,0.0,0.0,0.0,True,True,True,non-critical dormant: review
500219822,dormant,none,False,,0.0,25.0,30,0.95,none,,0,0,0,0.0,0.0,0.0,0.0,0.0,0.0,0.0,0.0,0.0,True,True,True,non-critical dormant: review
500219823,dormant,none,False,,0.0,40.0,30,0.95,none,,0,0,0,0.0,0.0,0.0,0.0,0.0,0.0,0.0,0.0,0.0,True,True,True,non-critical dormant: review
500219824,dormant,none,False,,0.0,25.0,30,0.95,none,,0,0,0,0.0,0.0,0.0,0.0,0.0,0.0,0.0,0.0,0.0,True,True,True,non-critical dormant: review
500219825,dormant,none,False,,0.0,25.0,30,0.95,none,,0,0,0,0.0,0.0,0.0,0.0,0.0,0.0,0.0,0.0,0.0,True,True,True,non-critical dormant: review
500219826,dormant,none,False,,0.0,25.0,30,0.95,none,,0,0,0,0.0,0.0,0.0,0.0,0.0,0.0,0.0,0.0,0.0,True,True,True,non-critical dormant: review
500219827,dormant,none,False,,0.0,25.0,30,0.95,none,,0,0,0,0.0,0.0,0.0,0.0,0.0,0.0,0.0,0.0,0.0,True,True,True,non-critical dormant: review
500219828,dormant,none,False,,0.0,25.0,30,0.95,none,,0,0,0,0.0,0.0,0.0,0.0,0.0,0.0,0.0,0.0,0.0,True,True,True,non-critical dormant: review
500219829,dormant,none,False,,0.0,25.0,30,0.95,none,,0,0,0,0.0,0.0,0.0,0.0,0.0,0.0,0.0,0.0,0.0,True,True,True,non-critical dormant: review
500219830,dormant,none,False,,0.0,25.0,30,0.95,none,,0,0,0,0.0,0.0,0.0,0.0,0.0,0.0,0.0,0.0,0.0,True,True,True,non-critical dormant: review
500219831,dormant,none,False,,0.0,25.0,30,0.95,none,,0,0,0,0.0,0.0,0.0,0.0,0.0,0.0,0.0,0.0,0.0,True,True,True,non-critical dormant: review
500219832,dormant,none,False,,0.0,25.0,30,0.95,none,,0,0,0,0.0,0.0,0.0,0.0,0.0,0.0,0.0,0.0,0.0,True,True,True,non-critical dormant: review
500219833,dormant,none,False,,0.0,25.0,30,0.95,none,,0,0,0,0.0,0.0,0.0,0.0,0.0,0.0,0.0,0.0,0.0,True,True,True,non-critical dormant: review
500219834,dormant,none,False,,0.0,25.0,30,0.95,none,,0,0,0,0.0,0.0,0.0,0.0,0.0,0.0,0.0,0.0,0.0,True,True,True,non-critical dormant: review
500219835,dormant,none,False,,0.0,25.0,30,0.95,none,,0,0,0,0.0,0.0,0.0,0.0,0.0,0.0,0.0,0.0,0.0,True,True,True,non-critical dormant: review
500219836,dormant,none,False,,0.0,25.0,30,0.95,none,,0,0,0,0.0,0.0,0.0,0.0,0.0,0.0,0.0,0.0,0.0,True,True,True,non-critical dormant: review
500219837,dormant,none,False,,0.0,25.0,30,0.95,none,,0,0,0,0.0,0.0,0.0,0.0,0.0,0.0,0.0,0.0,0.0,True,True,True,non-critical dormant: review
500219838,dormant,none,False,,0.0,25.0,30,0.95,none,,0,0,0,0.0,0.0,0.0,0.0,0.0,0.0,0.0,0.0,0.0,True,True,True,non-critical dormant: review
500219839,dormant,none,False,,0.0,25.0,30,0.95,none,,0,0,0,0.0,0.0,0.0,0.0,0.0,0.0,0.0,0.0,0.0,True,True,True,non-critical dormant: review
500219840,dormant,none,False,,0.0,25.0,30,0.95,none,,0,0,0,0.0,0.0,0.0,0.0,0.0,0.0,0.0,0.0,0.0,True,True,True,non-critical dormant: review
500219841,dormant,none,False,,0.0,70.0,30,0.95,none,,0,0,0,0.0,0.0,0.0,0.0,0.0,0.0,0.0,0.0,0.0,True,True,True,non-critical dormant: review
500219842,dormant,none,False,,0.0,25.0,30,0.95,none,,0,0,0,0.0,0.0,0.0,0.0,0.0,0.0,0.0,0.0,0.0,True,True,True,non-critical dormant: review
500219843,dormant,none,False,,0.0,25.0,30,0.95,none,,0,0,0,0.0,0.0,0.0,0.0,0.0,0.0,0.0,0.0,0.0,True,True,True,non-critical dormant: review
500219844,dormant,none,False,,0.0,10.0,30,0.95,none,,0,0,0,0.0,0.0,0.0,0.0,0.0,0.0,0.0,0.0,0.0,True,True,True,non-critical dormant: review
500219846,dormant,none,False,,0.0,25.0,30,0.95,none,,0,0,0,0.0,0.0,0.0,0.0,0.0,0.0,0.0,0.0,0.0,True,True,True,non-critical dormant: review
500219847,dormant,none,False,,0.0,15.0,30,0.95,none,,0,0,0,0.0,0.0,0.0,0.0,0.0,0.0,0.0,0.0,0.0,True,True,True,non-critical dormant: review
500219848,dormant,none,False,,0.0,25.0,30,0.95,none,,0,0,0,0.0,0.0,0.0,0.0,0.0,0.0,0.0,0.0,0.0,True,True,True,non-critical dormant: review
500219849,dormant,none,False,,0.0,15.0,30,0.95,none,,0,0,0,0.0,0.0,0.0,0.0,0.0,0.0,0.0,0.0,0.0,True,True,True,non-critical dormant: review
500219850,dormant,none,False,,0.0,15.0,30,0.95,none,,0,0,0,0.0,0.0,0.0,0.0,0.0,0.0,0.0,0.0,0.0,True,True,True,non-critical dormant: review
500219851,dormant,none,False,,0.0,25.0,30,0.95,none,,0,0,0,0.0,0.0,0.0,0.0,0.0,0.0,0.0,0.0,0.0,True,True,True,non-critical dormant: review
500219852,dormant,none,False,,0.0,25.0,30,0.95,none,,0,0,0,0.0,0.0,0.0,0.0,0.0,0.0,0.0,0.0,0.0,True,True,True,non-critical dormant: review
500219854,dormant,none,False,,0.0,15.0,30,0.95,none,,0,0,0,0.0,0.0,0.0,0.0,0.0,0.0,0.0,0.0,0.0,True,True,True,non-critical dormant: review
500219855,dormant,none,False,,0.0,25.0,30,0.95,none,,0,0,0,0.0,0.0,0.0,0.0,0.0,0.0,0.0,0.0,0.0,True,True,True,non-critical dormant: review
500219856,dormant,none,False,,0.0,25.0,30,0.95,none,,0,0,0,0.0,0.0,0.0,0.0,0.0,0.0,0.0,0.0,0.0,True,True,True,non-critical dormant: review
500219857,dormant,none,False,,0.0,25.0,30,0.95,none,,0,0,0,0.0,0.0,0.0,0.0,0.0,0.0,0.0,0.0,0.0,True,True,True,non-critical dormant: review
500219858,dormant,none,False,,0.0,25.0,30,0.95,none,,0,0,0,0.0,0.0,0.0,0.0,0.0,0.0,0.0,0.0,0.0,True,True,True,non-critical dormant: review
500219859,dormant,none,False,,0.0,25.0,30,0.95,none,,0,0,0,0.0,0.0,0.0,0.0,0.0,0.0,0.0,0.0,0.0,True,True,True,non-critical dormant: review
500219860,dormant,none,False,,0.0,25.0,30,0.95,none,,0,0,0,0.0,0.0,0.0,0.0,0.0,0.0,0.0,0.0,0.0,True,True,True,non-critical dormant: review
500219861,dormant,none,False,,0.0,25.0,30,0.95,none,,0,0,0,0.0,0.0,0.0,0.0,0.0,0.0,0.0,0.0,0.0,True,True,True,non-critical dormant: review
500219862,dormant,none,False,,0.0,25.0,30,0.95,none,,0,0,0,0.0,0.0,0.0,0.0,0.0,0.0,0.0,0.0,0.0,True,True,True,non-critical dormant: review
500219863,dormant,none,False,,0.0,25.0,30,0.95,none,,0,0,0,0.0,0.0,0.0,0.0,0.0,0.0,0.0,0.0,0.0,True,True,True,non-critical dormant: review
500219864,dormant,none,False,,0.0,25.0,30,0.95,none,,0,0,0,0.0,0.0,0.0,0.0,0.0,0.0,0.0,0.0,0.0,True,True,True,non-critical dormant: review
500219865,dormant,none,False,,0.0,15.0,30,0.95,none,,0,0,0,0.0,0.0,0.0,0.0,0.0,0.0,0.0,0.0,0.0,True,True,True,non-critical dormant: review
500219866,dormant,none,False,,0.0,25.0,30,0.95,none,,0,0,0,0.0,0.0,0.0,0.0,0.0,0.0,0.0,0.0,0.0,True,True,True,non-critical dormant: review
500219867,dormant,none,False,,0.0,25.0,30,0.95,none,,0,0,0,0.0,0.0,0.0,0.0,0.0,0.0,0.0,0.0,0.0,True,True,True,non-critical dormant: review
500219868,dormant,none,False,,0.0,25.0,30,0.95,none,,0,0,0,0.0,0.0,0.0,0.0,0.0,0.0,0.0,0.0,0.0,True,True,True,non-critical dormant: review
500219869,dormant,none,False,,0.0,15.0,30,0.95,none,,0,0,0,0.0,0.0,0.0,0.0,0.0,0.0,0.0,0.0,0.0,True,True,True,non-critical dormant: review
500219870,dormant,none,False,,0.0,25.0,30,0.95,none,,0,0,0,0.0,0.0,0.0,0.0,0.0,0.0,0.0,0.0,0.0,True,True,True,non-critical dormant: review
500219871,dormant,none,False,,0.0,25.0,30,0.95,none,,0,0,0,0.0,0.0,0.0,0.0,0.0,0.0,0.0,0.0,0.0,True,True,True,non-critical dormant: review
500219872,dormant,none,False,D,0.0,38.0,30,0.9,none,,0,0,0,0.0,0.0,0.0,0.0,0.0,0.0,0.0,0.0,0.0,True,True,True,non-critical dormant: review
500219873,dormant,none,False,,0.0,25.0,30,0.95,none,,0,0,0,0.0,0.0,0.0,0.0,0.0,0.0,0.0,0.0,0.0,True,True,True,non-critical dormant: review
500219875,dormant,none,False,,0.0,25.0,30,0.95,none,,0,0,0,0.0,0.0,0.0,0.0,0.0,0.0,0.0,0.0,0.0,True,True,True,non-critical dormant: review
500219876,dormant,none,False,,0.0,25.0,30,0.95,none,,0,0,0,0.0,0.0,0.0,0.0,0.0,0.0,0.0,0.0,0.0,True,True,True,non-critical dormant: review
500219877,dormant,none,False,,0.0,25.0,30,0.95,none,,0,0,0,0.0,0.0,0.0,0.0,0.0,0.0,0.0,0.0,0.0,True,True,True,non-critical dormant: review
500219878,dormant,none,False,,0.0,25.0,30,0.95,none,,0,0,0,0.0,0.0,0.0,0.0,0.0,0.0,0.0,0.0,0.0,True,True,True,non-critical dormant: review
500219879,dormant,none,False,,0.0,25.0,30,0.95,none,,0,0,0,0.0,0.0,0.0,0.0,0.0,0.0,0.0,0.0,0.0,True,True,True,non-critical dormant: review
500219880,dormant,none,False,,0.0,25.0,30,0.95,none,,0,0,0,0.0,0.0,0.0,0.0,0.0,0.0,0.0,0.0,0.0,True,True,True,non-critical dormant: review
500219881,dormant,none,False,,0.0,25.0,30,0.95,none,,0,0,0,0.0,0.0,0.0,0.0,0.0,0.0,0.0,0.0,0.0,True,True,True,non-critical dormant: review
500219882,dormant,none,False,,0.0,25.0,30,0.95,none,,0,0,0,0.0,0.0,0.0,0.0,0.0,0.0,0.0,0.0,0.0,True,True,True,non-critical dormant: review
500219883,dormant,none,False,,0.0,25.0,30,0.95,none,,0,0,0,0.0,0.0,0.0,0.0,0.0,0.0,0.0,0.0,0.0,True,True,True,non-critical dormant: review
500219884,dormant,none,False,,0.0,51.0,30,0.95,none,,0,0,0,0.0,0.0,0.0,0.0,0.0,0.0,0.0,0.0,0.0,True,True,True,non-critical dormant: review
500219885,dormant,none,False,,0.0,25.0,30,0.95,none,,0,0,0,0.0,0.0,0.0,0.0,0.0,0.0,0.0,0.0,0.0,True,True,True,non-critical dormant: review
500219886,dormant,none,False,,0.0,25.0,30,0.95,none,,0,0,0,0.0,0.0,0.0,0.0,0.0,0.0,0.0,0.0,0.0,True,True,True,non-critical dormant: review
500219887,dormant,none,False,,0.0,25.0,30,0.95,none,,0,0,0,0.0,0.0,0.0,0.0,0.0,0.0,0.0,0.0,0.0,True,True,True,non-critical dormant: review
500219888,dormant,none,False,,0.0,25.0,30,0.95,none,,0,0,0,0.0,0.0,0.0,0.0,0.0,0.0,0.0,0.0,0.0,True,True,True,non-critical dormant: review
500219889,dormant,none,False,,0.0,25.0,30,0.95,none,,0,0,0,0.0,0.0,0.0,0.0,0.0,0.0,0.0,0.0,0.0,True,True,True,non-critical dormant: review
500219890,dormant,none,False,,0.0,25.0,30,0.95,none,,0,0,0,0.0,0.0,0.0,0.0,0.0,0.0,0.0,0.0,0.0,True,True,True,non-critical dormant: review
500219891,dormant,none,False,,0.0,25.0,30,0.95,none,,0,0,0,0.0,0.0,0.0,0.0,0.0,0.0,0.0,0.0,0.0,True,True,True,non-critical dormant: review
500219892,dormant,none,False,,0.0,25.0,30,0.95,none,,0,0,0,0.0,0.0,0.0,0.0,0.0,0.0,0.0,0.0,0.0,True,True,True,non-critical dormant: review
500219893,dormant,none,False,,0.0,25.0,30,0.95,none,,0,0,0,0.0,0.0,0.0,0.0,0.0,0.0,0.0,0.0,0.0,True,True,True,non-critical dormant: review
500219894,dormant,none,False,,0.0,25.0,30,0.95,none,,0,0,0,0.0,0.0,0.0,0.0,0.0,0.0,0.0,0.0,0.0,True,True,True,non-critical dormant: review
500219895,dormant,none,False,,0.0,25.0,30,0.95,none,,0,0,0,0.0,0.0,0.0,0.0,0.0,0.0,0.0,0.0,0.0,True,True,True,non-critical dormant: review
500219896,dormant,none,False,,0.0,25.0,30,0.95,none,,0,0,0,0.0,0.0,0.0,0.0,0.0,0.0,0.0,0.0,0.0,True,True,True,non-critical dormant: review
500219897,dormant,none,False,,0.0,25.0,30,0.95,none,,0,0,0,0.0,0.0,0.0,0.0,0.0,0.0,0.0,0.0,0.0,True,True,True,non-critical dormant: review
500219898,dormant,none,False,,0.0,25.0,30,0.95,none,,0,0,0,0.0,0.0,0.0,0.0,0.0,0.0,0.0,0.0,0.0,True,True,True,non-critical dormant: review
500219899,dormant,none,False,,0.0,25.0,30,0.95,none,,0,0,0,0.0,0.0,0.0,0.0,0.0,0.0,0.0,0.0,0.0,True,True,True,non-critical dormant: review
500219900,dormant,none,False,,0.0,25.0,30,0.95,none,,0,0,0,0.0,0.0,0.0,0.0,0.0,0.0,0.0,0.0,0.0,True,True,True,non-critical dormant: review
500219901,dormant,none,False,,0.0,25.0,30,0.95,none,,0,0,0,0.0,0.0,0.0,0.0,0.0,0.0,0.0,0.0,0.0,True,True,True,non-critical dormant: review
500219902,dormant,none,False,,0.0,25.0,30,0.95,none,,0,0,0,0.0,0.0,0.0,0.0,0.0,0.0,0.0,0.0,0.0,True,True,True,non-critical dormant: review
500219903,dormant,none,False,D,0.0,25.0,30,0.9,none,,0,0,0,0.0,0.0,0.0,0.0,0.0,0.0,0.0,0.0,0.0,True,True,True,non-critical dormant: review
500219904,dormant,none,False,,0.0,25.0,30,0.95,none,,0,0,0,0.0,0.0,0.0,0.0,0.0,0.0,0.0,0.0,0.0,True,True,True,non-critical dormant: review
500219905,dormant,none,False,,0.0,25.0,30,0.95,none,,0,0,0,0.0,0.0,0.0,0.0,0.0,0.0,0.0,0.0,0.0,True,True,True,non-critical dormant: review
500219906,dormant,none,False,,0.0,25.0,30,0.95,none,,0,0,0,0.0,0.0,0.0,0.0,0.0,0.0,0.0,0.0,0.0,True,True,True,non-critical dormant: review
500219907,dormant,none,False,,0.0,25.0,30,0.95,none,,0,0,0,0.0,0.0,0.0,0.0,0.0,0.0,0.0,0.0,0.0,True,True,True,non-critical dormant: review
500219908,dormant,none,False,,0.0,25.0,30,0.95,none,,0,0,0,0.0,0.0,0.0,0.0,0.0,0.0,0.0,0.0,0.0,True,True,True,non-critical dormant: review
500219909,dormant,none,False,,0.0,25.0,30,0.95,none,,0,0,0,0.0,0.0,0.0,0.0,0.0,0.0,0.0,0.0,0.0,True,True,True,non-critical dormant: review
500219910,dormant,none,False,,0.0,25.0,30,0.95,none,,0,0,0,0.0,0.0,0.0,0.0,0.0,0.0,0.0,0.0,0.0,True,True,True,non-critical dormant: review
500219911,dormant,none,False,,0.0,25.0,30,0.95,none,,0,0,0,0.0,0.0,0.0,0.0,0.0,0.0,0.0,0.0,0.0,True,True,True,non-critical dormant: review
500219912,dormant,none,False,D,0.0,10.0,30,0.9,none,,0,0,0,0.0,0.0,0.0,0.0,0.0,0.0,0.0,0.0,0.0,True,True,True,non-critical dormant: review
500219913,dormant,none,False,,0.0,25.0,30,0.95,none,,0,0,0,0.0,0.0,0.0,0.0,0.0,0.0,0.0,0.0,0.0,True,True,True,non-critical dormant: review
500219914,dormant,none,False,,0.0,25.0,30,0.95,none,,0,0,0,0.0,0.0,0.0,0.0,0.0,0.0,0.0,0.0,0.0,True,True,True,non-critical dormant: review
500219915,dormant,none,False,,0.0,25.0,30,0.95,none,,0,0,0,0.0,0.0,0.0,0.0,0.0,0.0,0.0,0.0,0.0,True,True,True,non-critical dormant: review
500219916,dormant,none,False,,0.0,25.0,30,0.95,none,,0,0,0,0.0,0.0,0.0,0.0,0.0,0.0,0.0,0.0,0.0,True,True,True,non-critical dormant: review
500219917,dormant,none,False,,0.0,25.0,30,0.95,none,,0,0,0,0.0,0.0,0.0,0.0,0.0,0.0,0.0,0.0,0.0,True,True,True,non-critical dormant: review
500219918,dormant,none,False,,0.0,25.0,30,0.95,none,,0,0,0,0.0,0.0,0.0,0.0,0.0,0.0,0.0,0.0,0.0,True,True,True,non-critical dormant: review
500219920,dormant,none,False,,0.0,25.0,30,0.95,none,,0,0,0,0.0,0.0,0.0,0.0,0.0,0.0,0.0,0.0,0.0,True,True,True,non-critical dormant: review
500219921,dormant,none,False,,0.0,25.0,30,0.95,none,,0,0,0,0.0,0.0,0.0,0.0,0.0,0.0,0.0,0.0,0.0,True,True,True,non-critical dormant: review
500219922,dormant,none,False,,0.0,25.0,30,0.95,none,,0,0,0,0.0,0.0,0.0,0.0,0.0,0.0,0.0,0.0,0.0,True,True,True,non-critical dormant: review
500219923,dormant,none,False,,0.0,25.0,30,0.95,none,,0,0,0,0.0,0.0,0.0,0.0,0.0,0.0,0.0,0.0,0.0,True,True,True,non-critical dormant: review
500219924,dormant,none,False,,0.0,25.0,30,0.95,none,,0,0,0,0.0,0.0,0.0,0.0,0.0,0.0,0.0,0.0,0.0,True,True,True,non-critical dormant: review
500219925,dormant,none,False,,0.0,25.0,30,0.95,none,,0,0,0,0.0,0.0,0.0,0.0,0.0,0.0,0.0,0.0,0.0,True,True,True,non-critical dormant: review
500219926,dormant,none,False,,0.0,25.0,30,0.95,none,,0,0,0,0.0,0.0,0.0,0.0,0.0,0.0,0.0,0.0,0.0,True,True,True,non-critical dormant: review
500219927,dormant,none,False,,0.0,25.0,30,0.95,none,,0,0,0,0.0,0.0,0.0,0.0,0.0,0.0,0.0,0.0,0.0,True,True,True,non-critical dormant: review
500219928,dormant,none,False,,0.0,25.0,30,0.95,none,,0,0,0,0.0,0.0,0.0,0.0,0.0,0.0,0.0,0.0,0.0,True,True,True,non-critical dormant: review
500219929,dormant,none,False,,0.0,25.0,30,0.95,none,,0,0,0,0.0,0.0,0.0,0.0,0.0,0.0,0.0,0.0,0.0,True,True,True,non-critical dormant: review
500219930,dormant,none,False,,0.0,25.0,30,0.95,none,,0,0,0,0.0,0.0,0.0,0.0,0.0,0.0,0.0,0.0,0.0,True,True,True,non-critical dormant: review
500219931,dormant,none,False,,0.0,25.0,30,0.95,none,,0,0,0,0.0,0.0,0.0,0.0,0.0,0.0,0.0,0.0,0.0,True,True,True,non-critical dormant: review
500219932,dormant,none,False,,0.0,25.0,30,0.95,none,,0,0,0,0.0,0.0,0.0,0.0,0.0,0.0,0.0,0.0,0.0,True,True,True,non-critical dormant: review
500219933,dormant,none,False,,0.0,25.0,30,0.95,none,,0,0,0,0.0,0.0,0.0,0.0,0.0,0.0,0.0,0.0,0.0,True,True,True,non-critical dormant: review
500219934,dormant,none,False,,0.0,25.0,30,0.95,none,,0,0,0,0.0,0.0,0.0,0.0,0.0,0.0,0.0,0.0,0.0,True,True,True,non-critical dormant: review
500219935,dormant,none,False,,0.0,25.0,30,0.95,none,,0,0,0,0.0,0.0,0.0,0.0,0.0,0.0,0.0,0.0,0.0,True,True,True,non-critical dormant: review
500219936,dormant,none,False,,0.0,25.0,30,0.95,none,,0,0,0,0.0,0.0,0.0,0.0,0.0,0.0,0.0,0.0,0.0,True,True,True,non-critical dormant: review
500219937,dormant,none,False,,0.0,25.0,30,0.95,none,,0,0,0,0.0,0.0,0.0,0.0,0.0,0.0,0.0,0.0,0.0,True,True,True,non-critical dormant: review
500219938,dormant,none,False,,0.0,25.0,30,0.95,none,,0,0,0,0.0,0.0,0.0,0.0,0.0,0.0,0.0,0.0,0.0,True,True,True,non-critical dormant: review
500219939,dormant,none,False,,0.0,25.0,30,0.95,none,,0,0,0,0.0,0.0,0.0,0.0,0.0,0.0,0.0,0.0,0.0,True,True,True,non-critical dormant: review
500219940,dormant,none,False,,0.0,25.0,30,0.95,none,,0,0,0,0.0,0.0,0.0,0.0,0.0,0.0,0.0,0.0,0.0,True,True,True,non-critical dormant: review
500219941,dormant,none,False,,0.0,25.0,30,0.95,none,,0,0,0,0.0,0.0,0.0,0.0,0.0,0.0,0.0,0.0,0.0,True,True,True,non-critical dormant: review
500219942,dormant,none,False,,0.0,25.0,30,0.95,none,,0,0,0,0.0,0.0,0.0,0.0,0.0,0.0,0.0,0.0,0.0,True,True,True,non-critical dormant: review
500219943,dormant,none,False,,0.0,10.0,30,0.95,none,,0,0,0,0.0,0.0,0.0,0.0,0.0,0.0,0.0,0.0,0.0,True,True,True,non-critical dormant: review
500219944,dormant,none,False,,0.0,25.0,30,0.95,none,,0,0,0,0.0,0.0,0.0,0.0,0.0,0.0,0.0,0.0,0.0,True,True,True,non-critical dormant: review
500219945,dormant,none,False,,0.0,25.0,30,0.95,none,,0,0,0,0.0,0.0,0.0,0.0,0.0,0.0,0.0,0.0,0.0,True,True,True,non-critical dormant: review
500219946,dormant,none,False,,0.0,25.0,30,0.95,none,,0,0,0,0.0,0.0,0.0,0.0,0.0,0.0,0.0,0.0,0.0,True,True,True,non-critical dormant: review
500219947,dormant,none,False,,0.0,25.0,30,0.95,none,,0,0,0,0.0,0.0,0.0,0.0,0.0,0.0,0.0,0.0,0.0,True,True,True,non-critical dormant: review
500219948,dormant,none,False,,0.0,25.0,30,0.95,none,,0,0,0,0.0,0.0,0.0,0.0,0.0,0.0,0.0,0.0,0.0,True,True,True,non-critical dormant: review
500219949,dormant,none,False,,0.0,25.0,30,0.95,none,,0,0,0,0.0,0.0,0.0,0.0,0.0,0.0,0.0,0.0,0.0,True,True,True,non-critical dormant: review
500219950,dormant,none,False,,0.0,25.0,30,0.95,none,,0,0,0,0.0,0.0,0.0,0.0,0.0,0.0,0.0,0.0,0.0,True,True,True,non-critical dormant: review
500219951,dormant,none,False,,0.0,25.0,30,0.95,none,,0,0,0,0.0,0.0,0.0,0.0,0.0,0.0,0.0,0.0,0.0,True,True,True,non-critical dormant: review
500219952,dormant,none,False,,0.0,25.0,30,0.95,none,,0,0,0,0.0,0.0,0.0,0.0,0.0,0.0,0.0,0.0,0.0,True,True,True,non-critical dormant: review
500219953,dormant,none,False,,0.0,25.0,30,0.95,none,,0,0,0,0.0,0.0,0.0,0.0,0.0,0.0,0.0,0.0,0.0,True,True,True,non-critical dormant: review
500219954,dormant,none,False,,0.0,25.0,30,0.95,none,,0,0,0,0.0,0.0,0.0,0.0,0.0,0.0,0.0,0.0,0.0,True,True,True,non-critical dormant: review
500219955,dormant,none,False,,0.0,25.0,30,0.95,none,,0,0,0,0.0,0.0,0.0,0.0,0.0,0.0,0.0,0.0,0.0,True,True,True,non-critical dormant: review
500219956,dormant,none,False,,0.0,25.0,30,0.95,none,,0,0,0,0.0,0.0,0.0,0.0,0.0,0.0,0.0,0.0,0.0,True,True,True,non-critical dormant: review
500219957,dormant,none,False,,0.0,25.0,30,0.95,none,,0,0,0,0.0,0.0,0.0,0.0,0.0,0.0,0.0,0.0,0.0,True,True,True,non-critical dormant: review
500219958,dormant,none,False,,0.0,25.0,30,0.95,none,,0,0,0,0.0,0.0,0.0,0.0,0.0,0.0,0.0,0.0,0.0,True,True,True,non-critical dormant: review
500219959,dormant,none,False,,0.0,25.0,30,0.95,none,,0,0,0,0.0,0.0,0.0,0.0,0.0,0.0,0.0,0.0,0.0,True,True,True,non-critical dormant: review
500219960,dormant,none,False,,0.0,25.0,30,0.95,none,,0,0,0,0.0,0.0,0.0,0.0,0.0,0.0,0.0,0.0,0.0,True,True,True,non-critical dormant: review
500219961,dormant,none,False,,0.0,25.0,30,0.95,none,,0,0,0,0.0,0.0,0.0,0.0,0.0,0.0,0.0,0.0,0.0,True,True,True,non-critical dormant: review
500219963,dormant,none,False,,0.0,25.0,30,0.95,none,,0,0,0,0.0,0.0,0.0,0.0,0.0,0.0,0.0,0.0,0.0,True,True,True,non-critical dormant: review
500219964,dormant,none,False,,0.0,25.0,30,0.95,none,,0,0,0,0.0,0.0,0.0,0.0,0.0,0.0,0.0,0.0,0.0,True,True,True,non-critical dormant: review
500219965,dormant,none,False,,0.0,25.0,30,0.95,none,,0,0,0,0.0,0.0,0.0,0.0,0.0,0.0,0.0,0.0,0.0,True,True,True,non-critical dormant: review
500219966,dormant,none,False,D,0.0,25.0,30,0.9,none,,0,0,0,0.0,0.0,0.0,0.0,0.0,0.0,0.0,0.0,0.0,True,True,True,non-critical dormant: review
500219967,dormant,none,False,,0.0,25.0,30,0.95,none,,0,0,0,0.0,0.0,0.0,0.0,0.0,0.0,0.0,0.0,0.0,True,True,True,non-critical dormant: review
500219968,dormant,none,False,,0.0,25.0,30,0.95,none,,0,0,0,0.0,0.0,0.0,0.0,0.0,0.0,0.0,0.0,0.0,True,True,True,non-critical dormant: review
500219969,dormant,none,False,,0.0,25.0,30,0.95,none,,0,0,0,0.0,0.0,0.0,0.0,0.0,0.0,0.0,0.0,0.0,True,True,True,non-critical dormant: review
500219970,dormant,none,False,D,0.0,15.0,30,0.9,none,,0,0,0,0.0,0.0,0.0,0.0,0.0,0.0,0.0,0.0,0.0,True,True,True,non-critical dormant: review
500219971,dormant,none,False,,0.0,25.0,30,0.95,none,,0,0,0,0.0,0.0,0.0,0.0,0.0,0.0,0.0,0.0,0.0,True,True,True,non-critical dormant: review
500219972,dormant,none,False,,0.0,25.0,30,0.95,none,,0,0,0,0.0,0.0,0.0,0.0,0.0,0.0,0.0,0.0,0.0,True,True,True,non-critical dormant: review
500219973,dormant,none,False,,0.0,25.0,30,0.95,none,,0,0,0,0.0,0.0,0.0,0.0,0.0,0.0,0.0,0.0,0.0,True,True,True,non-critical dormant: review
500219974,dormant,none,False,,0.0,25.0,30,0.95,none,,0,0,0,0.0,0.0,0.0,0.0,0.0,0.0,0.0,0.0,0.0,True,True,True,non-critical dormant: review
500219975,dormant,none,False,,0.0,25.0,30,0.95,none,,0,0,0,0.0,0.0,0.0,0.0,0.0,0.0,0.0,0.0,0.0,True,True,True,non-critical dormant: review
500219976,dormant,none,False,,0.0,25.0,30,0.95,none,,0,0,0,0.0,0.0,0.0,0.0,0.0,0.0,0.0,0.0,0.0,True,True,True,non-critical dormant: review
500219977,dormant,none,False,,0.0,25.0,30,0.95,none,,0,0,0,0.0,0.0,0.0,0.0,0.0,0.0,0.0,0.0,0.0,True,True,True,non-critical dormant: review
500219978,dormant,none,False,,0.0,25.0,30,0.95,none,,0,0,0,0.0,0.0,0.0,0.0,0.0,0.0,0.0,0.0,0.0,True,True,True,non-critical dormant: review
500219979,dormant,none,False,,0.0,25.0,30,0.95,none,,0,0,0,0.0,0.0,0.0,0.0,0.0,0.0,0.0,0.0,0.0,True,True,True,non-critical dormant: review
500219980,dormant,none,False,,0.0,25.0,30,0.95,none,,0,0,0,0.0,0.0,0.0,0.0,0.0,0.0,0.0,0.0,0.0,True,True,True,non-critical dormant: review
500219981,dormant,none,False,,0.0,25.0,30,0.95,none,,0,0,0,0.0,0.0,0.0,0.0,0.0,0.0,0.0,0.0,0.0,True,True,True,non-critical dormant: review
500219982,dormant,none,False,,0.0,25.0,30,0.95,none,,0,0,0,0.0,0.0,0.0,0.0,0.0,0.0,0.0,0.0,0.0,True,True,True,non-critical dormant: review
500219983,dormant,none,False,,0.0,25.0,30,0.95,none,,0,0,0,0.0,0.0,0.0,0.0,0.0,0.0,0.0,0.0,0.0,True,True,True,non-critical dormant: review
500219984,dormant,none,False,,0.0,25.0,30,0.95,none,,0,0,0,0.0,0.0,0.0,0.0,0.0,0.0,0.0,0.0,0.0,True,True,True,non-critical dormant: review
500219985,dormant,none,False,,0.0,25.0,30,0.95,none,,0,0,0,0.0,0.0,0.0,0.0,0.0,0.0,0.0,0.0,0.0,True,True,True,non-critical dormant: review
500219986,dormant,none,False,,0.0,25.0,30,0.95,none,,0,0,0,0.0,0.0,0.0,0.0,0.0,0.0,0.0,0.0,0.0,True,True,True,non-critical dormant: review
500219987,dormant,none,False,,0.0,25.0,30,0.95,none,,0,0,0,0.0,0.0,0.0,0.0,0.0,0.0,0.0,0.0,0.0,True,True,True,non-critical dormant: review
500219988,dormant,none,False,D,0.0,55.0,30,0.9,none,,0,0,0,0.0,0.0,0.0,0.0,0.0,0.0,0.0,0.0,0.0,True,True,True,non-critical dormant: review
500219989,dormant,none,False,,0.0,25.0,30,0.95,none,,0,0,0,0.0,0.0,0.0,0.0,0.0,0.0,0.0,0.0,0.0,True,True,True,non-critical dormant: review
500219990,dormant,none,False,,0.0,10.0,30,0.95,none,,0,0,0,0.0,0.0,0.0,0.0,0.0,0.0,0.0,0.0,0.0,True,True,True,non-critical dormant: review
500219991,dormant,none,False,,0.0,25.0,30,0.95,none,,0,0,0,0.0,0.0,0.0,0.0,0.0,0.0,0.0,0.0,0.0,True,True,True,non-critical dormant: review
500219992,dormant,none,False,,0.0,25.0,30,0.95,none,,0,0,0,0.0,0.0,0.0,0.0,0.0,0.0,0.0,0.0,0.0,True,True,True,non-critical dormant: review
500219993,dormant,none,False,,0.0,25.0,30,0.95,none,,0,0,0,0.0,0.0,0.0,0.0,0.0,0.0,0.0,0.0,0.0,True,True,True,non-critical dormant: review
500219994,dormant,none,False,,0.0,25.0,30,0.95,none,,0,0,0,0.0,0.0,0.0,0.0,0.0,0.0,0.0,0.0,0.0,True,True,True,non-critical dormant: review
500219995,dormant,none,False,,0.0,25.0,30,0.95,none,,0,0,0,0.0,0.0,0.0,0.0,0.0,0.0,0.0,0.0,0.0,True,True,True,non-critical dormant: review
500219996,dormant,none,False,,0.0,25.0,30,0.95,none,,0,0,0,0.0,0.0,0.0,0.0,0.0,0.0,0.0,0.0,0.0,True,True,True,non-critical dormant: review
500219997,dormant,none,False,,0.0,25.0,30,0.95,none,,0,0,0,0.0,0.0,0.0,0.0,0.0,0.0,0.0,0.0,0.0,True,True,True,non-critical dormant: review
500219998,dormant,none,False,,0.0,25.0,30,0.95,none,,0,0,0,0.0,0.0,0.0,0.0,0.0,0.0,0.0,0.0,0.0,True,True,True,non-critical dormant: review
500219999,dormant,none,False,,0.0,25.0,30,0.95,none,,0,0,0,0.0,0.0,0.0,0.0,0.0,0.0,0.0,0.0,0.0,True,True,True,non-critical dormant: review
500220000,dormant,none,False,,0.0,25.0,30,0.95,none,,0,0,0,0.0,0.0,0.0,0.0,0.0,0.0,0.0,0.0,0.0,True,True,True,non-critical dormant: review
500220001,dormant,none,False,,0.0,25.0,30,0.95,none,,0,0,0,0.0,0.0,0.0,0.0,0.0,0.0,0.0,0.0,0.0,True,True,True,non-critical dormant: review
500220002,dormant,none,False,,0.0,25.0,30,0.95,none,,0,0,0,0.0,0.0,0.0,0.0,0.0,0.0,0.0,0.0,0.0,True,True,True,non-critical dormant: review
500220003,dormant,none,False,,0.0,25.0,30,0.95,none,,0,0,0,0.0,0.0,0.0,0.0,0.0,0.0,0.0,0.0,0.0,True,True,True,non-critical dormant: review
500220004,dormant,none,False,,0.0,25.0,30,0.95,none,,0,0,0,0.0,0.0,0.0,0.0,0.0,0.0,0.0,0.0,0.0,True,True,True,non-critical dormant: review
500220005,dormant,none,False,,0.0,25.0,30,0.95,none,,0,0,0,0.0,0.0,0.0,0.0,0.0,0.0,0.0,0.0,0.0,True,True,True,non-critical dormant: review
500220006,dormant,none,False,,0.0,25.0,30,0.95,none,,0,0,0,0.0,0.0,0.0,0.0,0.0,0.0,0.0,0.0,0.0,True,True,True,non-critical dormant: review
500220007,dormant,none,False,,0.0,25.0,30,0.95,none,,0,0,0,0.0,0.0,0.0,0.0,0.0,0.0,0.0,0.0,0.0,True,True,True,non-critical dormant: review
500220008,dormant,none,False,,0.0,25.0,30,0.95,none,,0,0,0,0.0,0.0,0.0,0.0,0.0,0.0,0.0,0.0,0.0,True,True,True,non-critical dormant: review
500220009,dormant,none,False,,0.0,25.0,30,0.95,none,,0,0,0,0.0,0.0,0.0,0.0,0.0,0.0,0.0,0.0,0.0,True,True,True,non-critical dormant: review
500220010,dormant,none,False,,0.0,25.0,30,0.95,none,,0,0,0,0.0,0.0,0.0,0.0,0.0,0.0,0.0,0.0,0.0,True,True,True,non-critical dormant: review
500220011,dormant,none,False,,0.0,25.0,30,0.95,none,,0,0,0,0.0,0.0,0.0,0.0,0.0,0.0,0.0,0.0,0.0,True,True,True,non-critical dormant: review
500220012,dormant,none,False,,0.0,25.0,30,0.95,none,,0,0,0,0.0,0.0,0.0,0.0,0.0,0.0,0.0,0.0,0.0,True,True,True,non-critical dormant: review
500220013,dormant,none,False,,0.0,15.0,30,0.95,none,,0,0,0,0.0,0.0,0.0,0.0,0.0,0.0,0.0,0.0,0.0,True,True,True,non-critical dormant: review
500220014,dormant,none,False,,0.0,25.0,30,0.95,none,,0,0,0,0.0,0.0,0.0,0.0,0.0,0.0,0.0,0.0,0.0,True,True,True,non-critical dormant: review
500220015,dormant,none,False,,0.0,48.0,30,0.95,none,,0,0,0,0.0,0.0,0.0,0.0,0.0,0.0,0.0,0.0,0.0,True,True,True,non-critical dormant: review
500220016,dormant,none,False,,0.0,25.0,30,0.95,none,,0,0,0,0.0,0.0,0.0,0.0,0.0,0.0,0.0,0.0,0.0,True,True,True,non-critical dormant: review
500220017,dormant,none,False,,0.0,25.0,30,0.95,none,,0,0,0,0.0,0.0,0.0,0.0,0.0,0.0,0.0,0.0,0.0,True,True,True,non-critical dormant: review
500220018,dormant,none,False,,0.0,25.0,30,0.95,none,,0,0,0,0.0,0.0,0.0,0.0,0.0,0.0,0.0,0.0,0.0,True,True,True,non-critical dormant: review
500220019,dormant,none,False,,0.0,25.0,30,0.95,none,,0,0,0,0.0,0.0,0.0,0.0,0.0,0.0,0.0,0.0,0.0,True,True,True,non-critical dormant: review
500220020,dormant,none,False,,0.0,25.0,30,0.95,none,,0,0,0,0.0,0.0,0.0,0.0,0.0,0.0,0.0,0.0,0.0,True,True,True,non-critical dormant: review
500220021,dormant,none,False,,0.0,15.0,30,0.95,none,,0,0,0,0.0,0.0,0.0,0.0,0.0,0.0,0.0,0.0,0.0,True,True,True,non-critical dormant: review
500220022,dormant,none,False,,0.0,25.0,30,0.95,none,,0,0,0,0.0,0.0,0.0,0.0,0.0,0.0,0.0,0.0,0.0,True,True,True,non-critical dormant: review
500220023,dormant,none,False,,0.0,25.0,30,0.95,none,,0,0,0,0.0,0.0,0.0,0.0,0.0,0.0,0.0,0.0,0.0,True,True,True,non-critical dormant: review
500220024,dormant,none,False,,0.0,25.0,30,0.95,none,,0,0,0,0.0,0.0,0.0,0.0,0.0,0.0,0.0,0.0,0.0,True,True,True,non-critical dormant: review
500220025,dormant,none,False,,0.0,25.0,30,0.95,none,,0,0,0,0.0,0.0,0.0,0.0,0.0,0.0,0.0,0.0,0.0,True,True,True,non-critical dormant: review
500220026,dormant,none,False,,0.0,25.0,30,0.95,none,,0,0,0,0.0,0.0,0.0,0.0,0.0,0.0,0.0,0.0,0.0,True,True,True,non-critical dormant: review
500220027,dormant,none,False,,0.0,25.0,30,0.95,none,,0,0,0,0.0,0.0,0.0,0.0,0.0,0.0,0.0,0.0,0.0,True,True,True,non-critical dormant: review
500220028,dormant,none,False,,0.0,25.0,30,0.95,none,,0,0,0,0.0,0.0,0.0,0.0,0.0,0.0,0.0,0.0,0.0,True,True,True,non-critical dormant: review
500220029,dormant,none,False,,0.0,25.0,30,0.95,none,,0,0,0,0.0,0.0,0.0,0.0,0.0,0.0,0.0,0.0,0.0,True,True,True,non-critical dormant: review
500220030,dormant,none,False,,0.0,25.0,30,0.95,none,,0,0,0,0.0,0.0,0.0,0.0,0.0,0.0,0.0,0.0,0.0,True,True,True,non-critical dormant: review
500220031,dormant,none,False,,0.0,25.0,30,0.95,none,,0,0,0,0.0,0.0,0.0,0.0,0.0,0.0,0.0,0.0,0.0,True,True,True,non-critical dormant: review
500220032,dormant,none,False,,0.0,25.0,30,0.95,none,,0,0,0,0.0,0.0,0.0,0.0,0.0,0.0,0.0,0.0,0.0,True,True,True,non-critical dormant: review
500220033,dormant,none,False,,0.0,25.0,30,0.95,none,,0,0,0,0.0,0.0,0.0,0.0,0.0,0.0,0.0,0.0,0.0,True,True,True,non-critical dormant: review
500220035,dormant,none,False,,0.0,25.0,30,0.95,none,,0,0,0,0.0,0.0,0.0,0.0,0.0,0.0,0.0,0.0,0.0,True,True,True,non-critical dormant: review
500220036,dormant,none,False,,0.0,25.0,30,0.95,none,,0,0,0,0.0,0.0,0.0,0.0,0.0,0.0,0.0,0.0,0.0,True,True,True,non-critical dormant: review
500220037,dormant,none,False,,0.0,25.0,30,0.95,none,,0,0,0,0.0,0.0,0.0,0.0,0.0,0.0,0.0,0.0,0.0,True,True,True,non-critical dormant: review
500220038,dormant,none,False,,0.0,25.0,30,0.95,none,,0,0,0,0.0,0.0,0.0,0.0,0.0,0.0,0.0,0.0,0.0,True,True,True,non-critical dormant: review
500220039,dormant,none,False,,0.0,25.0,30,0.95,none,,0,0,0,0.0,0.0,0.0,0.0,0.0,0.0,0.0,0.0,0.0,True,True,True,non-critical dormant: review
500220040,dormant,none,False,D,0.0,10.0,30,0.9,none,,0,0,0,0.0,0.0,0.0,0.0,0.0,0.0,0.0,0.0,0.0,True,True,True,non-critical dormant: review
500220041,dormant,none,False,,0.0,25.0,30,0.95,none,,0,0,0,0.0,0.0,0.0,0.0,0.0,0.0,0.0,0.0,0.0,True,True,True,non-critical dormant: review
500220042,dormant,none,False,,0.0,25.0,30,0.95,none,,0,0,0,0.0,0.0,0.0,0.0,0.0,0.0,0.0,0.0,0.0,True,True,True,non-critical dormant: review
500220043,dormant,none,False,,0.0,25.0,30,0.95,none,,0,0,0,0.0,0.0,0.0,0.0,0.0,0.0,0.0,0.0,0.0,True,True,True,non-critical dormant: review
500220044,dormant,none,False,,0.0,25.0,30,0.95,none,,0,0,0,0.0,0.0,0.0,0.0,0.0,0.0,0.0,0.0,0.0,True,True,True,non-critical dormant: review
500220045,dormant,none,False,,0.0,25.0,30,0.95,none,,0,0,0,0.0,0.0,0.0,0.0,0.0,0.0,0.0,0.0,0.0,True,True,True,non-critical dormant: review
500220046,dormant,none,False,,0.0,25.0,30,0.95,none,,0,0,0,0.0,0.0,0.0,0.0,0.0,0.0,0.0,0.0,0.0,True,True,True,non-critical dormant: review
500220047,dormant,none,False,,0.0,25.0,30,0.95,none,,0,0,0,0.0,0.0,0.0,0.0,0.0,0.0,0.0,0.0,0.0,True,True,True,non-critical dormant: review
500220048,dormant,none,False,,0.0,25.0,30,0.95,none,,0,0,0,0.0,0.0,0.0,0.0,0.0,0.0,0.0,0.0,0.0,True,True,True,non-critical dormant: review
500220049,dormant,none,False,,0.0,25.0,30,0.95,none,,0,0,0,0.0,0.0,0.0,0.0,0.0,0.0,0.0,0.0,0.0,True,True,True,non-critical dormant: review
500220050,dormant,none,False,,0.0,25.0,30,0.95,none,,0,0,0,0.0,0.0,0.0,0.0,0.0,0.0,0.0,0.0,0.0,True,True,True,non-critical dormant: review
500220051,dormant,none,False,,0.0,25.0,30,0.95,none,,0,0,0,0.0,0.0,0.0,0.0,0.0,0.0,0.0,0.0,0.0,True,True,True,non-critical dormant: review
500220052,dormant,none,False,,0.0,25.0,30,0.95,none,,0,0,0,0.0,0.0,0.0,0.0,0.0,0.0,0.0,0.0,0.0,True,True,True,non-critical dormant: review
500220053,dormant,none,False,,0.0,25.0,30,0.95,none,,0,0,0,0.0,0.0,0.0,0.0,0.0,0.0,0.0,0.0,0.0,True,True,True,non-critical dormant: review
500220054,dormant,none,False,,0.0,25.0,30,0.95,none,,0,0,0,0.0,0.0,0.0,0.0,0.0,0.0,0.0,0.0,0.0,True,True,True,non-critical dormant: review
500220055,dormant,none,False,,0.0,25.0,30,0.95,none,,0,0,0,0.0,0.0,0.0,0.0,0.0,0.0,0.0,0.0,0.0,True,True,True,non-critical dormant: review
500220056,dormant,none,False,,0.0,25.0,30,0.95,none,,0,0,0,0.0,0.0,0.0,0.0,0.0,0.0,0.0,0.0,0.0,True,True,True,non-critical dormant: review
500220057,dormant,none,False,,0.0,25.0,30,0.95,none,,0,0,0,0.0,0.0,0.0,0.0,0.0,0.0,0.0,0.0,0.0,True,True,True,non-critical dormant: review
500220058,dormant,none,False,,0.0,25.0,30,0.95,none,,0,0,0,0.0,0.0,0.0,0.0,0.0,0.0,0.0,0.0,0.0,True,True,True,non-critical dormant: review
500220059,dormant,none,False,,0.0,25.0,30,0.95,none,,0,0,0,0.0,0.0,0.0,0.0,0.0,0.0,0.0,0.0,0.0,True,True,True,non-critical dormant: review
500220060,dormant,none,False,,0.0,25.0,30,0.95,none,,0,0,0,0.0,0.0,0.0,0.0,0.0,0.0,0.0,0.0,0.0,True,True,True,non-critical dormant: review
500220061,dormant,none,False,,0.0,25.0,30,0.95,none,,0,0,0,0.0,0.0,0.0,0.0,0.0,0.0,0.0,0.0,0.0,True,True,True,non-critical dormant: review
500220062,dormant,none,False,,0.0,25.0,30,0.95,none,,0,0,0,0.0,0.0,0.0,0.0,0.0,0.0,0.0,0.0,0.0,True,True,True,non-critical dormant: review
500220063,dormant,none,False,,0.0,25.0,30,0.95,none,,0,0,0,0.0,0.0,0.0,0.0,0.0,0.0,0.0,0.0,0.0,True,True,True,non-critical dormant: review
500220064,dormant,none,False,,0.0,25.0,30,0.95,none,,0,0,0,0.0,0.0,0.0,0.0,0.0,0.0,0.0,0.0,0.0,True,True,True,non-critical dormant: review
500220065,dormant,none,False,,0.0,25.0,30,0.95,none,,0,0,0,0.0,0.0,0.0,0.0,0.0,0.0,0.0,0.0,0.0,True,True,True,non-critical dormant: review
500220066,dormant,none,False,,0.0,25.0,30,0.95,none,,0,0,0,0.0,0.0,0.0,0.0,0.0,0.0,0.0,0.0,0.0,True,True,True,non-critical dormant: review
500220067,dormant,none,False,D,0.0,25.0,30,0.9,none,,0,0,0,0.0,0.0,0.0,0.0,0.0,0.0,0.0,0.0,0.0,True,True,True,non-critical dormant: review
500220068,dormant,none,False,,0.0,25.0,30,0.95,none,,0,0,0,0.0,0.0,0.0,0.0,0.0,0.0,0.0,0.0,0.0,True,True,True,non-critical dormant: review
500220069,dormant,none,False,,0.0,25.0,30,0.95,none,,0,0,0,0.0,0.0,0.0,0.0,0.0,0.0,0.0,0.0,0.0,True,True,True,non-critical dormant: review
500220070,dormant,none,False,,0.0,25.0,30,0.95,none,,0,0,0,0.0,0.0,0.0,0.0,0.0,0.0,0.0,0.0,0.0,True,True,True,non-critical dormant: review
500220071,dormant,none,False,,0.0,25.0,30,0.95,none,,0,0,0,0.0,0.0,0.0,0.0,0.0,0.0,0.0,0.0,0.0,True,True,True,non-critical dormant: review
500220072,dormant,none,False,,0.0,25.0,30,0.95,none,,0,0,0,0.0,0.0,0.0,0.0,0.0,0.0,0.0,0.0,0.0,True,True,True,non-critical dormant: review
500220073,dormant,none,False,D,0.0,15.0,30,0.9,none,,0,0,0,0.0,0.0,0.0,0.0,0.0,0.0,0.0,0.0,0.0,True,True,True,non-critical dormant: review
500220074,dormant,none,False,,0.0,25.0,30,0.95,none,,0,0,0,0.0,0.0,0.0,0.0,0.0,0.0,0.0,0.0,0.0,True,True,True,non-critical dormant: review
500220075,dormant,none,False,D,0.0,25.0,30,0.9,none,,0,0,0,0.0,0.0,0.0,0.0,0.0,0.0,0.0,0.0,0.0,True,True,True,non-critical dormant: review
500220076,dormant,none,False,,0.0,25.0,30,0.95,none,,0,0,0,0.0,0.0,0.0,0.0,0.0,0.0,0.0,0.0,0.0,True,True,True,non-critical dormant: review
500220077,dormant,none,False,,0.0,15.0,30,0.95,none,,0,0,0,0.0,0.0,0.0,0.0,0.0,0.0,0.0,0.0,0.0,True,True,True,non-critical dormant: review
500220078,dormant,none,False,,0.0,25.0,30,0.95,none,,0,0,0,0.0,0.0,0.0,0.0,0.0,0.0,0.0,0.0,0.0,True,True,True,non-critical dormant: review
500220079,dormant,none,False,D,0.0,25.0,30,0.9,none,,0,0,0,0.0,0.0,0.0,0.0,0.0,0.0,0.0,0.0,0.0,True,True,True,non-critical dormant: review
500220080,dormant,none,False,,0.0,25.0,30,0.95,none,,0,0,0,0.0,0.0,0.0,0.0,0.0,0.0,0.0,0.0,0.0,True,True,True,non-critical dormant: review
500220081,dormant,none,False,,0.0,25.0,30,0.95,none,,0,0,0,0.0,0.0,0.0,0.0,0.0,0.0,0.0,0.0,0.0,True,True,True,non-critical dormant: review
500220082,dormant,none,False,,0.0,25.0,30,0.95,none,,0,0,0,0.0,0.0,0.0,0.0,0.0,0.0,0.0,0.0,0.0,True,True,True,non-critical dormant: review
500220083,dormant,none,False,,0.0,25.0,30,0.95,none,,0,0,0,0.0,0.0,0.0,0.0,0.0,0.0,0.0,0.0,0.0,True,True,True,non-critical dormant: review
500220084,dormant,none,False,,0.0,25.0,30,0.95,none,,0,0,0,0.0,0.0,0.0,0.0,0.0,0.0,0.0,0.0,0.0,True,True,True,non-critical dormant: review
500220085,dormant,none,False,,0.0,25.0,30,0.95,none,,0,0,0,0.0,0.0,0.0,0.0,0.0,0.0,0.0,0.0,0.0,True,True,True,non-critical dormant: review
500220086,dormant,none,False,,0.0,25.0,30,0.95,none,,0,0,0,0.0,0.0,0.0,0.0,0.0,0.0,0.0,0.0,0.0,True,True,True,non-critical dormant: review
500220161,dormant,none,False,,0.0,45.0,30,0.95,none,,0,0,0,0.0,0.0,0.0,0.0,0.0,0.0,0.0,0.0,0.0,True,True,True,non-critical dormant: review
500220164,dying,dying,False,L,0.0027397260273972603,15.0,30,0.9,nbinom,5.0,0,0,1,0.0,0.0,1.0,0.0,0.0,1.0,0.0,0.0,0.0,True,True,True,"dying: demand ceased, review"
500220166,dying,dying,False,L,0.005479452054794521,15.0,30,0.9,nbinom,3.411,0,0,1,0.0,0.0,1.0,0.0,0.0,1.0,0.0,0.0,0.0,True,True,True,"dying: demand ceased, review"
500220167,dormant,none,False,D,0.0,10.0,30,0.9,none,,0,0,0,0.0,0.0,0.0,0.0,0.0,0.0,0.0,0.0,0.0,True,True,True,non-critical dormant: review
500220355,dormant,none,False,D,0.0,70.0,30,0.9,none,,0,0,0,0.0,0.0,1.0,0.0,0.0,1.0,0.0,0.0,-1.0,True,True,True,non-critical dormant: review
500220356,dying,dying,False,L,0.0027397260273972603,75.0,30,0.9,nbinom,3.0,1,1,2,0.0,0.0,1.0,0.0,0.0,1.0,1.0,1.0,1.0,True,True,True,"dying: demand ceased, review"
500220357,dormant,none,False,D,0.0,25.0,30,0.9,none,,0,0,0,0.0,0.0,1.0,0.0,0.0,1.0,0.0,0.0,-1.0,True,True,True,non-critical dormant: review
500220358,dormant,none,False,,0.0,25.0,30,0.95,none,,0,0,0,0.0,0.0,0.0,0.0,0.0,0.0,0.0,0.0,0.0,True,True,True,non-critical dormant: review
500220359,dormant,none,False,,0.0,25.0,30,0.95,none,,0,0,0,0.0,0.0,0.0,0.0,0.0,0.0,0.0,0.0,0.0,True,True,True,non-critical dormant: review
500220360,dormant,none,False,,0.0,25.0,30,0.95,none,,0,0,0,0.0,0.0,0.0,0.0,0.0,0.0,0.0,0.0,0.0,True,True,True,non-critical dormant: review
500220361,dormant,none,False,,0.0,25.0,30,0.95,none,,0,0,0,0.0,0.0,0.0,0.0,0.0,0.0,0.0,0.0,0.0,True,True,True,non-critical dormant: review
500220362,dormant,none,False,,0.0,25.0,30,0.95,none,,0,0,0,0.0,0.0,0.0,0.0,0.0,0.0,0.0,0.0,0.0,True,True,True,non-critical dormant: review
500220363,dormant,none,False,,0.0,25.0,30,0.95,none,,0,0,0,0.0,0.0,0.0,0.0,0.0,0.0,0.0,0.0,0.0,True,True,True,non-critical dormant: review
500220364,dormant,none,False,,0.0,25.0,30,0.95,none,,0,0,0,0.0,0.0,0.0,0.0,0.0,0.0,0.0,0.0,0.0,True,True,True,non-critical dormant: review
500220365,dormant,none,False,,0.0,25.0,30,0.95,none,,0,0,0,0.0,0.0,0.0,0.0,0.0,0.0,0.0,0.0,0.0,True,True,True,non-critical dormant: review
500220366,dormant,none,False,,0.0,25.0,30,0.95,none,,0,0,0,0.0,0.0,0.0,0.0,0.0,0.0,0.0,0.0,0.0,True,True,True,non-critical dormant: review
500220367,dormant,none,False,,0.0,25.0,30,0.95,none,,0,0,0,0.0,0.0,0.0,0.0,0.0,0.0,0.0,0.0,0.0,True,True,True,non-critical dormant: review
500220368,dormant,none,False,,0.0,15.0,30,0.95,none,,0,0,0,0.0,0.0,0.0,0.0,0.0,0.0,0.0,0.0,0.0,True,True,True,non-critical dormant: review
500220369,dormant,none,False,,0.0,25.0,30,0.95,none,,0,0,0,0.0,0.0,0.0,0.0,0.0,0.0,0.0,0.0,0.0,True,True,True,non-critical dormant: review
500220370,dormant,none,False,,0.0,25.0,30,0.95,none,,0,0,0,0.0,0.0,0.0,0.0,0.0,0.0,0.0,0.0,0.0,True,True,True,non-critical dormant: review
500220371,dormant,none,False,,0.0,25.0,30,0.95,none,,0,0,0,0.0,0.0,0.0,0.0,0.0,0.0,0.0,0.0,0.0,True,True,True,non-critical dormant: review
500220372,dormant,none,False,,0.0,25.0,30,0.95,none,,0,0,0,0.0,0.0,0.0,0.0,0.0,0.0,0.0,0.0,0.0,True,True,True,non-critical dormant: review
500220373,dormant,none,False,,0.0,25.0,30,0.95,none,,0,0,0,0.0,0.0,0.0,0.0,0.0,0.0,0.0,0.0,0.0,True,True,True,non-critical dormant: review
500220374,dormant,none,False,,0.0,25.0,30,0.95,none,,0,0,0,0.0,0.0,0.0,0.0,0.0,0.0,0.0,0.0,0.0,True,True,True,non-critical dormant: review
500220376,dormant,none,False,,0.0,25.0,30,0.95,none,,0,0,0,0.0,0.0,0.0,0.0,0.0,0.0,0.0,0.0,0.0,True,True,True,non-critical dormant: review
500220377,dormant,none,False,,0.0,25.0,30,0.95,none,,0,0,0,0.0,0.0,0.0,0.0,0.0,0.0,0.0,0.0,0.0,True,True,True,non-critical dormant: review
500220378,dormant,none,False,,0.0,25.0,30,0.95,none,,0,0,0,0.0,0.0,0.0,0.0,0.0,0.0,0.0,0.0,0.0,True,True,True,non-critical dormant: review
500220379,dormant,none,False,,0.0,25.0,30,0.95,none,,0,0,0,0.0,0.0,0.0,0.0,0.0,0.0,0.0,0.0,0.0,True,True,True,non-critical dormant: review
500220380,dormant,none,False,,0.0,25.0,30,0.95,none,,0,0,0,0.0,0.0,0.0,0.0,0.0,0.0,0.0,0.0,0.0,True,True,True,non-critical dormant: review
500220381,dormant,none,False,,0.0,25.0,30,0.95,none,,0,0,0,0.0,0.0,0.0,0.0,0.0,0.0,0.0,0.0,0.0,True,True,True,non-critical dormant: review
500220382,dormant,none,False,,0.0,25.0,30,0.95,none,,0,0,0,0.0,0.0,0.0,0.0,0.0,0.0,0.0,0.0,0.0,True,True,True,non-critical dormant: review
500220383,dormant,none,False,,0.0,25.0,30,0.95,none,,0,0,0,0.0,0.0,0.0,0.0,0.0,0.0,0.0,0.0,0.0,True,True,True,non-critical dormant: review
500220384,dormant,none,False,,0.0,25.0,30,0.95,none,,0,0,0,0.0,0.0,0.0,0.0,0.0,0.0,0.0,0.0,0.0,True,True,True,non-critical dormant: review
500220385,dormant,none,False,,0.0,25.0,30,0.95,none,,0,0,0,0.0,0.0,0.0,0.0,0.0,0.0,0.0,0.0,0.0,True,True,True,non-critical dormant: review
500220386,dormant,none,False,,0.0,25.0,30,0.95,none,,0,0,0,0.0,0.0,0.0,0.0,0.0,0.0,0.0,0.0,0.0,True,True,True,non-critical dormant: review
500220387,dormant,none,False,,0.0,25.0,30,0.95,none,,0,0,0,0.0,0.0,0.0,0.0,0.0,0.0,0.0,0.0,0.0,True,True,True,non-critical dormant: review
500220388,dormant,none,False,,0.0,25.0,30,0.95,none,,0,0,0,0.0,0.0,0.0,0.0,0.0,0.0,0.0,0.0,0.0,True,True,True,non-critical dormant: review
500220389,dormant,none,False,,0.0,25.0,30,0.95,none,,0,0,0,0.0,0.0,0.0,0.0,0.0,0.0,0.0,0.0,0.0,True,True,True,non-critical dormant: review
500220390,dormant,none,False,,0.0,25.0,30,0.95,none,,0,0,0,0.0,0.0,0.0,0.0,0.0,0.0,0.0,0.0,0.0,True,True,True,non-critical dormant: review
500220391,dormant,none,False,,0.0,25.0,30,0.95,none,,0,0,0,0.0,0.0,0.0,0.0,0.0,0.0,0.0,0.0,0.0,True,True,True,non-critical dormant: review
500220392,dormant,none,False,,0.0,25.0,30,0.95,none,,0,0,0,0.0,0.0,0.0,0.0,0.0,0.0,0.0,0.0,0.0,True,True,True,non-critical dormant: review
500220393,dormant,none,False,,0.0,25.0,30,0.95,none,,0,0,0,0.0,0.0,0.0,0.0,0.0,0.0,0.0,0.0,0.0,True,True,True,non-critical dormant: review
500220394,dormant,none,False,,0.0,25.0,30,0.95,none,,0,0,0,0.0,0.0,0.0,0.0,0.0,0.0,0.0,0.0,0.0,True,True,True,non-critical dormant: review
500220395,dormant,none,False,,0.0,25.0,30,0.95,none,,0,0,0,0.0,0.0,0.0,0.0,0.0,0.0,0.0,0.0,0.0,True,True,True,non-critical dormant: review
500220396,dormant,none,False,,0.0,25.0,30,0.95,none,,0,0,0,0.0,0.0,0.0,0.0,0.0,0.0,0.0,0.0,0.0,True,True,True,non-critical dormant: review
500220397,dormant,none,False,,0.0,15.0,30,0.95,none,,0,0,0,0.0,0.0,0.0,0.0,0.0,0.0,0.0,0.0,0.0,True,True,True,non-critical dormant: review
500220398,dormant,none,False,,0.0,25.0,30,0.95,none,,0,0,0,0.0,0.0,0.0,0.0,0.0,0.0,0.0,0.0,0.0,True,True,True,non-critical dormant: review
500220399,dormant,none,False,,0.0,25.0,30,0.95,none,,0,0,0,0.0,0.0,0.0,0.0,0.0,0.0,0.0,0.0,0.0,True,True,True,non-critical dormant: review
500220400,dormant,none,False,,0.0,25.0,30,0.95,none,,0,0,0,0.0,0.0,0.0,0.0,0.0,0.0,0.0,0.0,0.0,True,True,True,non-critical dormant: review
500220401,dormant,none,False,,0.0,15.0,30,0.95,none,,0,0,0,0.0,0.0,0.0,0.0,0.0,0.0,0.0,0.0,0.0,True,True,True,non-critical dormant: review
500220402,dormant,none,False,,0.0,25.0,30,0.95,none,,0,0,0,0.0,0.0,0.0,0.0,0.0,0.0,0.0,0.0,0.0,True,True,True,non-critical dormant: review
500220403,dormant,none,False,,0.0,25.0,30,0.95,none,,0,0,0,0.0,0.0,0.0,0.0,0.0,0.0,0.0,0.0,0.0,True,True,True,non-critical dormant: review
500220404,dormant,none,False,,0.0,25.0,30,0.95,none,,0,0,0,0.0,0.0,0.0,0.0,0.0,0.0,0.0,0.0,0.0,True,True,True,non-critical dormant: review
500220405,dormant,none,False,,0.0,25.0,30,0.95,none,,0,0,0,0.0,0.0,0.0,0.0,0.0,0.0,0.0,0.0,0.0,True,True,True,non-critical dormant: review
500220407,dormant,none,False,,0.0,25.0,30,0.95,none,,0,0,0,0.0,0.0,0.0,0.0,0.0,0.0,0.0,0.0,0.0,True,True,True,non-critical dormant: review
500220408,dormant,none,False,,0.0,25.0,30,0.95,none,,0,0,0,0.0,0.0,0.0,0.0,0.0,0.0,0.0,0.0,0.0,True,True,True,non-critical dormant: review
500220409,dormant,none,False,,0.0,25.0,30,0.95,none,,0,0,0,0.0,0.0,0.0,0.0,0.0,0.0,0.0,0.0,0.0,True,True,True,non-critical dormant: review
500220410,dormant,none,False,,0.0,25.0,30,0.95,none,,0,0,0,0.0,0.0,0.0,0.0,0.0,0.0,0.0,0.0,0.0,True,True,True,non-critical dormant: review
500220411,dormant,none,False,,0.0,25.0,30,0.95,none,,0,0,0,0.0,0.0,0.0,0.0,0.0,0.0,0.0,0.0,0.0,True,True,True,non-critical dormant: review
500220412,dormant,none,False,,0.0,25.0,30,0.95,none,,0,0,0,0.0,0.0,0.0,0.0,0.0,0.0,0.0,0.0,0.0,True,True,True,non-critical dormant: review
500220413,dormant,none,False,,0.0,25.0,30,0.95,none,,0,0,0,0.0,0.0,0.0,0.0,0.0,0.0,0.0,0.0,0.0,True,True,True,non-critical dormant: review
500220414,dormant,none,False,,0.0,25.0,30,0.95,none,,0,0,0,0.0,0.0,0.0,0.0,0.0,0.0,0.0,0.0,0.0,True,True,True,non-critical dormant: review
500220415,dormant,none,False,,0.0,25.0,30,0.95,none,,0,0,0,0.0,0.0,0.0,0.0,0.0,0.0,0.0,0.0,0.0,True,True,True,non-critical dormant: review
500220416,dormant,none,False,,0.0,25.0,30,0.95,none,,0,0,0,0.0,0.0,0.0,0.0,0.0,0.0,0.0,0.0,0.0,True,True,True,non-critical dormant: review
500220417,dormant,none,False,,0.0,25.0,30,0.95,none,,0,0,0,0.0,0.0,0.0,0.0,0.0,0.0,0.0,0.0,0.0,True,True,True,non-critical dormant: review
500220418,dormant,none,False,,0.0,25.0,30,0.95,none,,0,0,0,0.0,0.0,0.0,0.0,0.0,0.0,0.0,0.0,0.0,True,True,True,non-critical dormant: review
500220419,dormant,none,False,,0.0,15.0,30,0.95,none,,0,0,0,0.0,0.0,0.0,0.0,0.0,0.0,0.0,0.0,0.0,True,True,True,non-critical dormant: review
500220420,dormant,none,False,,0.0,55.0,30,0.95,none,,0,0,0,0.0,0.0,0.0,0.0,0.0,0.0,0.0,0.0,0.0,True,True,True,non-critical dormant: review
500220421,dormant,none,False,,0.0,15.0,30,0.95,none,,0,0,0,0.0,0.0,0.0,0.0,0.0,0.0,0.0,0.0,0.0,True,True,True,non-critical dormant: review
500220422,dormant,none,False,,0.0,15.0,30,0.95,none,,0,0,0,0.0,0.0,0.0,0.0,0.0,0.0,0.0,0.0,0.0,True,True,True,non-critical dormant: review
500220423,dormant,none,False,,0.0,25.0,30,0.95,none,,0,0,0,0.0,0.0,0.0,0.0,0.0,0.0,0.0,0.0,0.0,True,True,True,non-critical dormant: review
500220424,dormant,none,False,,0.0,55.0,30,0.95,none,,0,0,0,0.0,0.0,0.0,0.0,0.0,0.0,0.0,0.0,0.0,True,True,True,non-critical dormant: review
500220425,dormant,none,False,,0.0,25.0,30,0.95,none,,0,0,0,0.0,0.0,0.0,0.0,0.0,0.0,0.0,0.0,0.0,True,True,True,non-critical dormant: review
500220426,dormant,none,False,,0.0,25.0,30,0.95,none,,0,0,0,0.0,0.0,0.0,0.0,0.0,0.0,0.0,0.0,0.0,True,True,True,non-critical dormant: review
500220427,dormant,none,False,,0.0,25.0,30,0.95,none,,0,0,0,0.0,0.0,0.0,0.0,0.0,0.0,0.0,0.0,0.0,True,True,True,non-critical dormant: review
500220428,dormant,none,False,,0.0,25.0,30,0.95,none,,0,0,0,0.0,0.0,0.0,0.0,0.0,0.0,0.0,0.0,0.0,True,True,True,non-critical dormant: review
500220429,dormant,none,False,,0.0,25.0,30,0.95,none,,0,0,0,0.0,0.0,0.0,0.0,0.0,0.0,0.0,0.0,0.0,True,True,True,non-critical dormant: review
500220430,dormant,none,False,,0.0,25.0,30,0.95,none,,0,0,0,0.0,0.0,0.0,0.0,0.0,0.0,0.0,0.0,0.0,True,True,True,non-critical dormant: review
500220431,dormant,none,False,,0.0,25.0,30,0.95,none,,0,0,0,0.0,0.0,0.0,0.0,0.0,0.0,0.0,0.0,0.0,True,True,True,non-critical dormant: review
500220432,dormant,none,False,,0.0,25.0,30,0.95,none,,0,0,0,0.0,0.0,0.0,0.0,0.0,0.0,0.0,0.0,0.0,True,True,True,non-critical dormant: review
500220433,dormant,none,False,,0.0,25.0,30,0.95,none,,0,0,0,0.0,0.0,0.0,0.0,0.0,0.0,0.0,0.0,0.0,True,True,True,non-critical dormant: review
500220434,dormant,none,False,,0.0,25.0,30,0.95,none,,0,0,0,0.0,0.0,0.0,0.0,0.0,0.0,0.0,0.0,0.0,True,True,True,non-critical dormant: review
500220435,dormant,none,False,,0.0,25.0,30,0.95,none,,0,0,0,0.0,0.0,0.0,0.0,0.0,0.0,0.0,0.0,0.0,True,True,True,non-critical dormant: review
500220436,dormant,none,False,,0.0,25.0,30,0.95,none,,0,0,0,0.0,0.0,0.0,0.0,0.0,0.0,0.0,0.0,0.0,True,True,True,non-critical dormant: review
500220438,dormant,none,False,,0.0,25.0,30,0.95,none,,0,0,0,0.0,0.0,0.0,0.0,0.0,0.0,0.0,0.0,0.0,True,True,True,non-critical dormant: review
500220439,dormant,none,False,,0.0,25.0,30,0.95,none,,0,0,0,0.0,0.0,0.0,0.0,0.0,0.0,0.0,0.0,0.0,True,True,True,non-critical dormant: review
500220440,dormant,none,False,,0.0,25.0,30,0.95,none,,0,0,0,0.0,0.0,0.0,0.0,0.0,0.0,0.0,0.0,0.0,True,True,True,non-critical dormant: review
500220441,dormant,none,False,,0.0,25.0,30,0.95,none,,0,0,0,0.0,0.0,0.0,0.0,0.0,0.0,0.0,0.0,0.0,True,True,True,non-critical dormant: review
500220442,dormant,none,False,,0.0,25.0,30,0.95,none,,0,0,0,0.0,0.0,0.0,0.0,0.0,0.0,0.0,0.0,0.0,True,True,True,non-critical dormant: review
500220443,dormant,none,False,,0.0,25.0,30,0.95,none,,0,0,0,0.0,0.0,0.0,0.0,0.0,0.0,0.0,0.0,0.0,True,True,True,non-critical dormant: review
500220444,dormant,none,False,,0.0,25.0,30,0.95,none,,0,0,0,0.0,0.0,0.0,0.0,0.0,0.0,0.0,0.0,0.0,True,True,True,non-critical dormant: review
500220445,dormant,none,False,,0.0,25.0,30,0.95,none,,0,0,0,0.0,0.0,0.0,0.0,0.0,0.0,0.0,0.0,0.0,True,True,True,non-critical dormant: review
500220446,dormant,none,False,D,0.0,25.0,30,0.9,none,,0,0,0,0.0,0.0,0.0,0.0,0.0,0.0,0.0,0.0,0.0,True,True,True,non-critical dormant: review
500220447,dormant,none,False,D,0.0,15.0,30,0.9,none,,0,0,0,0.0,0.0,0.0,0.0,0.0,0.0,0.0,0.0,0.0,True,True,True,non-critical dormant: review
500220448,dormant,none,False,,0.0,25.0,30,0.95,none,,0,0,0,0.0,0.0,0.0,0.0,0.0,0.0,0.0,0.0,0.0,True,True,True,non-critical dormant: review
500220449,dormant,none,False,D,0.0,25.0,30,0.9,none,,0,0,0,0.0,0.0,0.0,0.0,0.0,0.0,0.0,0.0,0.0,True,True,True,non-critical dormant: review
500220450,dormant,none,False,,0.0,25.0,30,0.95,none,,0,0,0,0.0,0.0,0.0,0.0,0.0,0.0,0.0,0.0,0.0,True,True,True,non-critical dormant: review
500220451,dormant,none,False,,0.0,25.0,30,0.95,none,,0,0,0,0.0,0.0,0.0,0.0,0.0,0.0,0.0,0.0,0.0,True,True,True,non-critical dormant: review
500220452,dormant,none,False,,0.0,25.0,30,0.95,none,,0,0,0,0.0,0.0,0.0,0.0,0.0,0.0,0.0,0.0,0.0,True,True,True,non-critical dormant: review
500220453,dormant,none,False,,0.0,25.0,30,0.95,none,,0,0,0,0.0,0.0,0.0,0.0,0.0,0.0,0.0,0.0,0.0,True,True,True,non-critical dormant: review
500220454,dormant,none,False,,0.0,25.0,30,0.95,none,,0,0,0,0.0,0.0,0.0,0.0,0.0,0.0,0.0,0.0,0.0,True,True,True,non-critical dormant: review
500220455,dormant,none,False,,0.0,25.0,30,0.95,none,,0,0,0,0.0,0.0,0.0,0.0,0.0,0.0,0.0,0.0,0.0,True,True,True,non-critical dormant: review
500220456,dormant,none,False,,0.0,25.0,30,0.95,none,,0,0,0,0.0,0.0,0.0,0.0,0.0,0.0,0.0,0.0,0.0,True,True,True,non-critical dormant: review
500220457,dormant,none,False,,0.0,25.0,30,0.95,none,,0,0,0,0.0,0.0,0.0,0.0,0.0,0.0,0.0,0.0,0.0,True,True,True,non-critical dormant: review
500220458,dormant,none,False,,0.0,25.0,30,0.95,none,,0,0,0,0.0,0.0,0.0,0.0,0.0,0.0,0.0,0.0,0.0,True,True,True,non-critical dormant: review
500220459,dormant,none,False,,0.0,25.0,30,0.95,none,,0,0,0,0.0,0.0,0.0,0.0,0.0,0.0,0.0,0.0,0.0,True,True,True,non-critical dormant: review
500220465,dormant,none,False,,0.0,25.0,30,0.95,none,,0,0,0,0.0,0.0,0.0,0.0,0.0,0.0,0.0,0.0,0.0,True,True,True,non-critical dormant: review
500220466,dormant,none,False,,0.0,25.0,30,0.95,none,,0,0,0,0.0,0.0,0.0,0.0,0.0,0.0,0.0,0.0,0.0,True,True,True,non-critical dormant: review
500220467,dormant,none,False,D,0.0,15.0,30,0.9,none,,0,0,0,0.0,0.0,0.0,0.0,0.0,0.0,0.0,0.0,0.0,True,True,True,non-critical dormant: review
500220468,dormant,none,False,,0.0,25.0,30,0.95,none,,0,0,0,0.0,0.0,0.0,0.0,0.0,0.0,0.0,0.0,0.0,True,True,True,non-critical dormant: review
500220469,dormant,none,False,,0.0,25.0,30,0.95,none,,0,0,0,0.0,0.0,0.0,0.0,0.0,0.0,0.0,0.0,0.0,True,True,True,non-critical dormant: review
500220470,dormant,none,False,,0.0,15.0,30,0.95,none,,0,0,0,0.0,0.0,0.0,0.0,0.0,0.0,0.0,0.0,0.0,True,True,True,non-critical dormant: review
500220471,dormant,none,False,,0.0,25.0,30,0.95,none,,0,0,0,0.0,0.0,0.0,0.0,0.0,0.0,0.0,0.0,0.0,True,True,True,non-critical dormant: review
500220472,dormant,none,False,,0.0,15.0,30,0.95,none,,0,0,0,0.0,0.0,0.0,0.0,0.0,0.0,0.0,0.0,0.0,True,True,True,non-critical dormant: review
500220473,dormant,none,False,,0.0,25.0,30,0.95,none,,0,0,0,0.0,0.0,0.0,0.0,0.0,0.0,0.0,0.0,0.0,True,True,True,non-critical dormant: review
500220474,dormant,none,False,,0.0,25.0,30,0.95,none,,0,0,0,0.0,0.0,0.0,0.0,0.0,0.0,0.0,0.0,0.0,True,True,True,non-critical dormant: review
500220475,dormant,none,False,,0.0,25.0,30,0.95,none,,0,0,0,0.0,0.0,0.0,0.0,0.0,0.0,0.0,0.0,0.0,True,True,True,non-critical dormant: review
500220476,dormant,none,False,,0.0,25.0,30,0.95,none,,0,0,0,0.0,0.0,0.0,0.0,0.0,0.0,0.0,0.0,0.0,True,True,True,non-critical dormant: review
500220477,dormant,none,False,,0.0,25.0,30,0.95,none,,0,0,0,0.0,0.0,0.0,0.0,0.0,0.0,0.0,0.0,0.0,True,True,True,non-critical dormant: review
500220478,dormant,none,False,,0.0,25.0,30,0.95,none,,0,0,0,0.0,0.0,0.0,0.0,0.0,0.0,0.0,0.0,0.0,True,True,True,non-critical dormant: review
500220479,dormant,none,False,,0.0,25.0,30,0.95,none,,0,0,0,0.0,0.0,0.0,0.0,0.0,0.0,0.0,0.0,0.0,True,True,True,non-critical dormant: review
500220480,dormant,none,False,,0.0,25.0,30,0.95,none,,0,0,0,0.0,0.0,0.0,0.0,0.0,0.0,0.0,0.0,0.0,True,True,True,non-critical dormant: review
500220481,dormant,none,False,,0.0,55.0,30,0.95,none,,0,0,0,0.0,0.0,0.0,0.0,0.0,0.0,0.0,0.0,0.0,True,True,True,non-critical dormant: review
500220482,dormant,none,False,,0.0,25.0,30,0.95,none,,0,0,0,0.0,0.0,0.0,0.0,0.0,0.0,0.0,0.0,0.0,True,True,True,non-critical dormant: review
500220483,dormant,none,False,,0.0,25.0,30,0.95,none,,0,0,0,0.0,0.0,0.0,0.0,0.0,0.0,0.0,0.0,0.0,True,True,True,non-critical dormant: review
500220484,dormant,none,False,,0.0,75.0,30,0.95,none,,0,0,0,0.0,0.0,0.0,0.0,0.0,0.0,0.0,0.0,0.0,True,True,True,non-critical dormant: review
500220485,dormant,none,False,,0.0,15.0,30,0.95,none,,0,0,0,0.0,0.0,0.0,0.0,0.0,0.0,0.0,0.0,0.0,True,True,True,non-critical dormant: review
500220486,dormant,none,False,,0.0,25.0,30,0.95,none,,0,0,0,0.0,0.0,0.0,0.0,0.0,0.0,0.0,0.0,0.0,True,True,True,non-critical dormant: review
500220487,dormant,none,False,D,0.0,15.0,30,0.9,none,,0,0,0,0.0,0.0,0.0,0.0,0.0,0.0,0.0,0.0,0.0,True,True,True,non-critical dormant: review
500220488,dormant,none,False,,0.0,25.0,30,0.95,none,,0,0,0,0.0,0.0,0.0,0.0,0.0,0.0,0.0,0.0,0.0,True,True,True,non-critical dormant: review
500220489,dormant,none,False,,0.0,25.0,30,0.95,none,,0,0,0,0.0,0.0,0.0,0.0,0.0,0.0,0.0,0.0,0.0,True,True,True,non-critical dormant: review
500220490,dormant,none,False,,0.0,25.0,30,0.95,none,,0,0,0,0.0,0.0,0.0,0.0,0.0,0.0,0.0,0.0,0.0,True,True,True,non-critical dormant: review
500220491,dormant,none,False,,0.0,25.0,30,0.95,none,,0,0,0,0.0,0.0,0.0,0.0,0.0,0.0,0.0,0.0,0.0,True,True,True,non-critical dormant: review
500220492,dormant,none,False,,0.0,25.0,30,0.95,none,,0,0,0,0.0,0.0,0.0,0.0,0.0,0.0,0.0,0.0,0.0,True,True,True,non-critical dormant: review
500220493,dormant,none,False,,0.0,25.0,30,0.95,none,,0,0,0,0.0,0.0,0.0,0.0,0.0,0.0,0.0,0.0,0.0,True,True,True,non-critical dormant: review
500220494,dormant,none,False,,0.0,25.0,30,0.95,none,,0,0,0,0.0,0.0,0.0,0.0,0.0,0.0,0.0,0.0,0.0,True,True,True,non-critical dormant: review
500220495,dormant,none,False,,0.0,25.0,30,0.95,none,,0,0,0,0.0,0.0,0.0,0.0,0.0,0.0,0.0,0.0,0.0,True,True,True,non-critical dormant: review
500220496,dormant,none,False,,0.0,25.0,30,0.95,none,,0,0,0,0.0,0.0,0.0,0.0,0.0,0.0,0.0,0.0,0.0,True,True,True,non-critical dormant: review
500220497,dormant,none,False,,0.0,25.0,30,0.95,none,,0,0,0,0.0,0.0,0.0,0.0,0.0,0.0,0.0,0.0,0.0,True,True,True,non-critical dormant: review
500220498,dormant,none,False,,0.0,25.0,30,0.95,none,,0,0,0,0.0,0.0,0.0,0.0,0.0,0.0,0.0,0.0,0.0,True,True,True,non-critical dormant: review
500220499,dormant,none,False,,0.0,25.0,30,0.95,none,,0,0,0,0.0,0.0,0.0,0.0,0.0,0.0,0.0,0.0,0.0,True,True,True,non-critical dormant: review
500220500,dormant,none,False,,0.0,25.0,30,0.95,none,,0,0,0,0.0,0.0,0.0,0.0,0.0,0.0,0.0,0.0,0.0,True,True,True,non-critical dormant: review
500220501,dormant,none,False,,0.0,25.0,30,0.95,none,,0,0,0,0.0,0.0,0.0,0.0,0.0,0.0,0.0,0.0,0.0,True,True,True,non-critical dormant: review
500220502,dormant,none,False,,0.0,25.0,30,0.95,none,,0,0,0,0.0,0.0,0.0,0.0,0.0,0.0,0.0,0.0,0.0,True,True,True,non-critical dormant: review
500220503,dormant,none,False,,0.0,25.0,30,0.95,none,,0,0,0,0.0,0.0,0.0,0.0,0.0,0.0,0.0,0.0,0.0,True,True,True,non-critical dormant: review
500220504,dormant,none,False,,0.0,25.0,30,0.95,none,,0,0,0,0.0,0.0,0.0,0.0,0.0,0.0,0.0,0.0,0.0,True,True,True,non-critical dormant: review
500220505,dormant,none,False,,0.0,25.0,30,0.95,none,,0,0,0,0.0,0.0,0.0,0.0,0.0,0.0,0.0,0.0,0.0,True,True,True,non-critical dormant: review
500220506,dormant,none,False,,0.0,25.0,30,0.95,none,,0,0,0,0.0,0.0,0.0,0.0,0.0,0.0,0.0,0.0,0.0,True,True,True,non-critical dormant: review
500220507,dormant,none,False,,0.0,25.0,30,0.95,none,,0,0,0,0.0,0.0,0.0,0.0,0.0,0.0,0.0,0.0,0.0,True,True,True,non-critical dormant: review
500220508,dormant,none,False,,0.0,25.0,30,0.95,none,,0,0,0,0.0,0.0,0.0,0.0,0.0,0.0,0.0,0.0,0.0,True,True,True,non-critical dormant: review
500220509,dormant,none,False,,0.0,45.0,30,0.95,none,,0,0,0,0.0,0.0,0.0,0.0,0.0,0.0,0.0,0.0,0.0,True,True,True,non-critical dormant: review
500220510,dormant,none,False,,0.0,25.0,30,0.95,none,,0,0,0,0.0,0.0,0.0,0.0,0.0,0.0,0.0,0.0,0.0,True,True,True,non-critical dormant: review
500220511,dormant,none,False,,0.0,75.0,30,0.95,none,,0,0,0,0.0,0.0,0.0,0.0,0.0,0.0,0.0,0.0,0.0,True,True,True,non-critical dormant: review
500220512,dormant,none,False,,0.0,25.0,30,0.95,none,,0,0,0,0.0,0.0,0.0,0.0,0.0,0.0,0.0,0.0,0.0,True,True,True,non-critical dormant: review
500220513,dormant,none,False,,0.0,25.0,30,0.95,none,,0,0,0,0.0,0.0,0.0,0.0,0.0,0.0,0.0,0.0,0.0,True,True,True,non-critical dormant: review
500220514,dormant,none,False,,0.0,25.0,30,0.95,none,,0,0,0,0.0,0.0,0.0,0.0,0.0,0.0,0.0,0.0,0.0,True,True,True,non-critical dormant: review
500220515,dormant,none,False,,0.0,25.0,30,0.95,none,,0,0,0,0.0,0.0,0.0,0.0,0.0,0.0,0.0,0.0,0.0,True,True,True,non-critical dormant: review
500220516,dormant,none,False,,0.0,25.0,30,0.95,none,,0,0,0,0.0,0.0,0.0,0.0,0.0,0.0,0.0,0.0,0.0,True,True,True,non-critical dormant: review
500220517,dormant,none,False,,0.0,25.0,30,0.95,none,,0,0,0,0.0,0.0,0.0,0.0,0.0,0.0,0.0,0.0,0.0,True,True,True,non-critical dormant: review
500220518,dormant,none,False,,0.0,25.0,30,0.95,none,,0,0,0,0.0,0.0,0.0,0.0,0.0,0.0,0.0,0.0,0.0,True,True,True,non-critical dormant: review
500220519,dormant,none,False,,0.0,25.0,30,0.95,none,,0,0,0,0.0,0.0,0.0,0.0,0.0,0.0,0.0,0.0,0.0,True,True,True,non-critical dormant: review
500220520,dormant,none,False,,0.0,25.0,30,0.95,none,,0,0,0,0.0,0.0,0.0,0.0,0.0,0.0,0.0,0.0,0.0,True,True,True,non-critical dormant: review
500220521,dormant,none,False,,0.0,15.0,30,0.95,none,,0,0,0,0.0,0.0,0.0,0.0,0.0,0.0,0.0,0.0,0.0,True,True,True,non-critical dormant: review
500220522,dormant,none,False,,0.0,25.0,30,0.95,none,,0,0,0,0.0,0.0,0.0,0.0,0.0,0.0,0.0,0.0,0.0,True,True,True,non-critical dormant: review
500220523,dormant,none,False,D,0.0,55.0,30,0.9,none,,0,0,0,0.0,0.0,0.0,0.0,0.0,0.0,0.0,0.0,0.0,True,True,True,non-critical dormant: review
500220524,dormant,none,False,,0.0,25.0,30,0.95,none,,0,0,0,0.0,0.0,0.0,0.0,0.0,0.0,0.0,0.0,0.0,True,True,True,non-critical dormant: review
500220525,dormant,none,False,,0.0,15.0,30,0.95,none,,0,0,0,0.0,0.0,0.0,0.0,0.0,0.0,0.0,0.0,0.0,True,True,True,non-critical dormant: review
500220526,dormant,none,False,,0.0,25.0,30,0.95,none,,0,0,0,0.0,0.0,0.0,0.0,0.0,0.0,0.0,0.0,0.0,True,True,True,non-critical dormant: review
500220527,dormant,none,False,,0.0,25.0,30,0.95,none,,0,0,0,0.0,0.0,0.0,0.0,0.0,0.0,0.0,0.0,0.0,True,True,True,non-critical dormant: review
500220528,dormant,none,False,,0.0,15.0,30,0.95,none,,0,0,0,0.0,0.0,0.0,0.0,0.0,0.0,0.0,0.0,0.0,True,True,True,non-critical dormant: review
500220529,dormant,none,False,,0.0,25.0,30,0.95,none,,0,0,0,0.0,0.0,0.0,0.0,0.0,0.0,0.0,0.0,0.0,True,True,True,non-critical dormant: review
500220530,dormant,none,False,,0.0,25.0,30,0.95,none,,0,0,0,0.0,0.0,0.0,0.0,0.0,0.0,0.0,0.0,0.0,True,True,True,non-critical dormant: review
500220531,dormant,none,False,,0.0,25.0,30,0.95,none,,0,0,0,0.0,0.0,0.0,0.0,0.0,0.0,0.0,0.0,0.0,True,True,True,non-critical dormant: review
500220532,dormant,none,False,,0.0,25.0,30,0.95,none,,0,0,0,0.0,0.0,0.0,0.0,0.0,0.0,0.0,0.0,0.0,True,True,True,non-critical dormant: review
500220533,dormant,none,False,,0.0,135.0,30,0.95,none,,0,0,0,0.0,0.0,0.0,0.0,0.0,0.0,0.0,0.0,0.0,True,True,True,non-critical dormant: review
500220534,dormant,none,False,,0.0,70.0,30,0.95,none,,0,0,0,0.0,0.0,0.0,0.0,0.0,0.0,0.0,0.0,0.0,True,True,True,non-critical dormant: review
500220535,dormant,none,False,,0.0,70.0,30,0.95,none,,0,0,0,0.0,0.0,0.0,0.0,0.0,0.0,0.0,0.0,0.0,True,True,True,non-critical dormant: review
500220536,dormant,none,False,,0.0,25.0,30,0.95,none,,0,0,0,0.0,0.0,0.0,0.0,0.0,0.0,0.0,0.0,0.0,True,True,True,non-critical dormant: review
500220537,dormant,none,False,,0.0,25.0,30,0.95,none,,0,0,0,0.0,0.0,0.0,0.0,0.0,0.0,0.0,0.0,0.0,True,True,True,non-critical dormant: review
500220538,dormant,none,False,,0.0,25.0,30,0.95,none,,0,0,0,0.0,0.0,0.0,0.0,0.0,0.0,0.0,0.0,0.0,True,True,True,non-critical dormant: review
500220539,dormant,none,False,,0.0,25.0,30,0.95,none,,0,0,0,0.0,0.0,0.0,0.0,0.0,0.0,0.0,0.0,0.0,True,True,True,non-critical dormant: review
500220540,dormant,none,False,,0.0,25.0,30,0.95,none,,0,0,0,0.0,0.0,0.0,0.0,0.0,0.0,0.0,0.0,0.0,True,True,True,non-critical dormant: review
500220541,dormant,none,False,,0.0,25.0,30,0.95,none,,0,0,0,0.0,0.0,0.0,0.0,0.0,0.0,0.0,0.0,0.0,True,True,True,non-critical dormant: review
500220542,dormant,none,False,,0.0,25.0,30,0.95,none,,0,0,0,0.0,0.0,0.0,0.0,0.0,0.0,0.0,0.0,0.0,True,True,True,non-critical dormant: review
500220543,dormant,none,False,,0.0,25.0,30,0.95,none,,0,0,0,0.0,0.0,0.0,0.0,0.0,0.0,0.0,0.0,0.0,True,True,True,non-critical dormant: review
500220544,dormant,none,False,,0.0,25.0,30,0.95,none,,0,0,0,0.0,0.0,0.0,0.0,0.0,0.0,0.0,0.0,0.0,True,True,True,non-critical dormant: review
500220545,dormant,none,False,,0.0,25.0,30,0.95,none,,0,0,0,0.0,0.0,0.0,0.0,0.0,0.0,0.0,0.0,0.0,True,True,True,non-critical dormant: review
500220546,dormant,none,False,,0.0,25.0,30,0.95,none,,0,0,0,0.0,0.0,0.0,0.0,0.0,0.0,0.0,0.0,0.0,True,True,True,non-critical dormant: review
500220547,dormant,none,False,,0.0,25.0,30,0.95,none,,0,0,0,0.0,0.0,0.0,0.0,0.0,0.0,0.0,0.0,0.0,True,True,True,non-critical dormant: review
500220548,dormant,none,False,,0.0,25.0,30,0.95,none,,0,0,0,0.0,0.0,0.0,0.0,0.0,0.0,0.0,0.0,0.0,True,True,True,non-critical dormant: review
500220549,dormant,none,False,,0.0,25.0,30,0.95,none,,0,0,0,0.0,0.0,0.0,0.0,0.0,0.0,0.0,0.0,0.0,True,True,True,non-critical dormant: review
500220550,dormant,none,False,,0.0,25.0,30,0.95,none,,0,0,0,0.0,0.0,0.0,0.0,0.0,0.0,0.0,0.0,0.0,True,True,True,non-critical dormant: review
500220551,dormant,none,False,,0.0,25.0,30,0.95,none,,0,0,0,0.0,0.0,0.0,0.0,0.0,0.0,0.0,0.0,0.0,True,True,True,non-critical dormant: review
500220552,dormant,none,False,,0.0,25.0,30,0.95,none,,0,0,0,0.0,0.0,0.0,0.0,0.0,0.0,0.0,0.0,0.0,True,True,True,non-critical dormant: review
500220553,dormant,none,False,,0.0,25.0,30,0.95,none,,0,0,0,0.0,0.0,0.0,0.0,0.0,0.0,0.0,0.0,0.0,True,True,True,non-critical dormant: review
500220554,dormant,none,False,,0.0,15.0,30,0.95,none,,0,0,0,0.0,0.0,0.0,0.0,0.0,0.0,0.0,0.0,0.0,True,True,True,non-critical dormant: review
500220555,dormant,none,False,,0.0,25.0,30,0.95,none,,0,0,0,0.0,0.0,0.0,0.0,0.0,0.0,0.0,0.0,0.0,True,True,True,non-critical dormant: review
500220556,dormant,none,False,,0.0,70.0,30,0.95,none,,0,0,0,0.0,0.0,0.0,0.0,0.0,0.0,0.0,0.0,0.0,True,True,True,non-critical dormant: review
500220557,dormant,none,False,,0.0,38.0,30,0.95,none,,0,0,0,0.0,0.0,0.0,0.0,0.0,0.0,0.0,0.0,0.0,True,True,True,non-critical dormant: review
500220558,dormant,none,False,,0.0,25.0,30,0.95,none,,0,0,0,0.0,0.0,0.0,0.0,0.0,0.0,0.0,0.0,0.0,True,True,True,non-critical dormant: review
500220559,dormant,none,False,,0.0,38.0,30,0.95,none,,0,0,0,0.0,0.0,0.0,0.0,0.0,0.0,0.0,0.0,0.0,True,True,True,non-critical dormant: review
500220560,dormant,none,False,D,0.0,47.0,30,0.9,none,,0,0,0,0.0,0.0,0.0,0.0,0.0,0.0,0.0,0.0,0.0,True,True,True,non-critical dormant: review
500220561,dormant,none,False,D,0.0,38.0,30,0.9,none,,0,0,0,0.0,0.0,0.0,0.0,0.0,0.0,0.0,0.0,0.0,True,True,True,non-critical dormant: review
500220564,dormant,none,False,,0.0,25.0,30,0.95,none,,0,0,0,0.0,0.0,0.0,0.0,0.0,0.0,0.0,0.0,0.0,True,True,True,non-critical dormant: review
500220565,dormant,none,False,,0.0,25.0,30,0.95,none,,0,0,0,0.0,0.0,0.0,0.0,0.0,0.0,0.0,0.0,0.0,True,True,True,non-critical dormant: review
500220566,dormant,none,False,,0.0,25.0,30,0.95,none,,0,0,0,0.0,0.0,0.0,0.0,0.0,0.0,0.0,0.0,0.0,True,True,True,non-critical dormant: review
500220567,dormant,none,False,,0.0,25.0,30,0.95,none,,0,0,0,0.0,0.0,0.0,0.0,0.0,0.0,0.0,0.0,0.0,True,True,True,non-critical dormant: review
500220568,dormant,none,False,,0.0,25.0,30,0.95,none,,0,0,0,0.0,0.0,0.0,0.0,0.0,0.0,0.0,0.0,0.0,True,True,True,non-critical dormant: review
500220569,dormant,none,False,,0.0,25.0,30,0.95,none,,0,0,0,0.0,0.0,0.0,0.0,0.0,0.0,0.0,0.0,0.0,True,True,True,non-critical dormant: review
500220570,dormant,none,False,,0.0,25.0,30,0.95,none,,0,0,0,0.0,0.0,0.0,0.0,0.0,0.0,0.0,0.0,0.0,True,True,True,non-critical dormant: review
500220571,dormant,none,False,,0.0,25.0,30,0.95,none,,0,0,0,0.0,0.0,0.0,0.0,0.0,0.0,0.0,0.0,0.0,True,True,True,non-critical dormant: review
500220572,dormant,none,False,,0.0,25.0,30,0.95,none,,0,0,0,0.0,0.0,0.0,0.0,0.0,0.0,0.0,0.0,0.0,True,True,True,non-critical dormant: review
500220573,dormant,none,False,,0.0,25.0,30,0.95,none,,0,0,0,0.0,0.0,0.0,0.0,0.0,0.0,0.0,0.0,0.0,True,True,True,non-critical dormant: review
500220574,dormant,none,False,,0.0,25.0,30,0.95,none,,0,0,0,0.0,0.0,0.0,0.0,0.0,0.0,0.0,0.0,0.0,True,True,True,non-critical dormant: review
500220575,dormant,none,False,,0.0,25.0,30,0.95,none,,0,0,0,0.0,0.0,0.0,0.0,0.0,0.0,0.0,0.0,0.0,True,True,True,non-critical dormant: review
500220576,dormant,none,False,,0.0,25.0,30,0.95,none,,0,0,0,0.0,0.0,0.0,0.0,0.0,0.0,0.0,0.0,0.0,True,True,True,non-critical dormant: review
500220577,dormant,none,False,,0.0,25.0,30,0.95,none,,0,0,0,0.0,0.0,0.0,0.0,0.0,0.0,0.0,0.0,0.0,True,True,True,non-critical dormant: review
500220578,dormant,none,False,,0.0,70.0,30,0.95,none,,0,0,0,0.0,0.0,0.0,0.0,0.0,0.0,0.0,0.0,0.0,True,True,True,non-critical dormant: review
500220579,dormant,none,False,D,0.0,25.0,30,0.9,none,,0,0,0,0.0,0.0,0.0,0.0,0.0,0.0,0.0,0.0,0.0,True,True,True,non-critical dormant: review
500220621,dormant,none,False,,0.0,25.0,30,0.95,none,,0,0,0,0.0,0.0,0.0,0.0,0.0,0.0,0.0,0.0,0.0,True,True,True,non-critical dormant: review
500220622,dormant,none,False,,0.0,25.0,30,0.95,none,,0,0,0,0.0,0.0,0.0,0.0,0.0,0.0,0.0,0.0,0.0,True,True,True,non-critical dormant: review
500220623,dormant,none,False,,0.0,25.0,30,0.95,none,,0,0,0,0.0,0.0,0.0,0.0,0.0,0.0,0.0,0.0,0.0,True,True,True,non-critical dormant: review
500220624,dormant,none,False,,0.0,25.0,30,0.95,none,,0,0,0,0.0,0.0,0.0,0.0,0.0,0.0,0.0,0.0,0.0,True,True,True,non-critical dormant: review
500220625,dormant,none,False,,0.0,25.0,30,0.95,none,,0,0,0,0.0,0.0,0.0,0.0,0.0,0.0,0.0,0.0,0.0,True,True,True,non-critical dormant: review
500220626,dormant,none,False,,0.0,25.0,30,0.95,none,,0,0,0,0.0,0.0,0.0,0.0,0.0,0.0,0.0,0.0,0.0,True,True,True,non-critical dormant: review
500220627,dormant,none,False,D,0.0,91.0,30,0.9,none,,0,0,0,0.0,0.0,0.0,0.0,0.0,0.0,0.0,0.0,0.0,True,True,True,non-critical dormant: review
500220628,dormant,none,False,,0.0,25.0,30,0.95,none,,0,0,0,0.0,0.0,0.0,0.0,0.0,0.0,0.0,0.0,0.0,True,True,True,non-critical dormant: review
500220629,dormant,none,False,,0.0,25.0,30,0.95,none,,0,0,0,0.0,0.0,0.0,0.0,0.0,0.0,0.0,0.0,0.0,True,True,True,non-critical dormant: review
500220630,dormant,none,False,,0.0,25.0,30,0.95,none,,0,0,0,0.0,0.0,0.0,0.0,0.0,0.0,0.0,0.0,0.0,True,True,True,non-critical dormant: review
500220631,dormant,none,False,,0.0,25.0,30,0.95,none,,0,0,0,0.0,0.0,0.0,0.0,0.0,0.0,0.0,0.0,0.0,True,True,True,non-critical dormant: review
500220632,dormant,none,False,,0.0,25.0,30,0.95,none,,0,0,0,0.0,0.0,0.0,0.0,0.0,0.0,0.0,0.0,0.0,True,True,True,non-critical dormant: review
500220633,dormant,none,False,,0.0,25.0,30,0.95,none,,0,0,0,0.0,0.0,0.0,0.0,0.0,0.0,0.0,0.0,0.0,True,True,True,non-critical dormant: review
500220634,dormant,none,False,,0.0,25.0,30,0.95,none,,0,0,0,0.0,0.0,0.0,0.0,0.0,0.0,0.0,0.0,0.0,True,True,True,non-critical dormant: review
500220635,dormant,none,False,,0.0,25.0,30,0.95,none,,0,0,0,0.0,0.0,0.0,0.0,0.0,0.0,0.0,0.0,0.0,True,True,True,non-critical dormant: review
500220636,dormant,none,False,,0.0,25.0,30,0.95,none,,0,0,0,0.0,0.0,0.0,0.0,0.0,0.0,0.0,0.0,0.0,True,True,True,non-critical dormant: review
500220637,dormant,none,False,,0.0,25.0,30,0.95,none,,0,0,0,0.0,0.0,0.0,0.0,0.0,0.0,0.0,0.0,0.0,True,True,True,non-critical dormant: review
500220638,dormant,none,False,,0.0,25.0,30,0.95,none,,0,0,0,0.0,0.0,0.0,0.0,0.0,0.0,0.0,0.0,0.0,True,True,True,non-critical dormant: review
500220639,dormant,none,False,,0.0,25.0,30,0.95,none,,0,0,0,0.0,0.0,0.0,0.0,0.0,0.0,0.0,0.0,0.0,True,True,True,non-critical dormant: review
500220640,dormant,none,False,,0.0,25.0,30,0.95,none,,0,0,0,0.0,0.0,0.0,0.0,0.0,0.0,0.0,0.0,0.0,True,True,True,non-critical dormant: review
500220641,dormant,none,False,,0.0,25.0,30,0.95,none,,0,0,0,0.0,0.0,0.0,0.0,0.0,0.0,0.0,0.0,0.0,True,True,True,non-critical dormant: review
500220642,dormant,none,False,,0.0,25.0,30,0.95,none,,0,0,0,0.0,0.0,0.0,0.0,0.0,0.0,0.0,0.0,0.0,True,True,True,non-critical dormant: review
500220643,dormant,none,False,,0.0,25.0,30,0.95,none,,0,0,0,0.0,0.0,0.0,0.0,0.0,0.0,0.0,0.0,0.0,True,True,True,non-critical dormant: review
500220644,dormant,none,False,,0.0,25.0,30,0.95,none,,0,0,0,0.0,0.0,0.0,0.0,0.0,0.0,0.0,0.0,0.0,True,True,True,non-critical dormant: review
500220645,dormant,none,False,,0.0,25.0,30,0.95,none,,0,0,0,0.0,0.0,0.0,0.0,0.0,0.0,0.0,0.0,0.0,True,True,True,non-critical dormant: review
500220646,dormant,none,False,,0.0,25.0,30,0.95,none,,0,0,0,0.0,0.0,0.0,0.0,0.0,0.0,0.0,0.0,0.0,True,True,True,non-critical dormant: review
500220647,dormant,none,False,,0.0,25.0,30,0.95,none,,0,0,0,0.0,0.0,0.0,0.0,0.0,0.0,0.0,0.0,0.0,True,True,True,non-critical dormant: review
500220648,dormant,none,False,,0.0,25.0,30,0.95,none,,0,0,0,0.0,0.0,0.0,0.0,0.0,0.0,0.0,0.0,0.0,True,True,True,non-critical dormant: review
500220649,dormant,none,False,,0.0,25.0,30,0.95,none,,0,0,0,0.0,0.0,0.0,0.0,0.0,0.0,0.0,0.0,0.0,True,True,True,non-critical dormant: review
500220650,dormant,none,False,,0.0,25.0,30,0.95,none,,0,0,0,0.0,0.0,0.0,0.0,0.0,0.0,0.0,0.0,0.0,True,True,True,non-critical dormant: review
500220651,dormant,none,False,,0.0,25.0,30,0.95,none,,0,0,0,0.0,0.0,0.0,0.0,0.0,0.0,0.0,0.0,0.0,True,True,True,non-critical dormant: review
500220652,dormant,none,False,,0.0,25.0,30,0.95,none,,0,0,0,0.0,0.0,0.0,0.0,0.0,0.0,0.0,0.0,0.0,True,True,True,non-critical dormant: review
500220653,dormant,none,False,,0.0,25.0,30,0.95,none,,0,0,0,0.0,0.0,0.0,0.0,0.0,0.0,0.0,0.0,0.0,True,True,True,non-critical dormant: review
500220654,dormant,none,False,,0.0,25.0,30,0.95,none,,0,0,0,0.0,0.0,0.0,0.0,0.0,0.0,0.0,0.0,0.0,True,True,True,non-critical dormant: review
500220655,dormant,none,False,,0.0,15.0,30,0.95,none,,0,0,0,0.0,0.0,0.0,0.0,0.0,0.0,0.0,0.0,0.0,True,True,True,non-critical dormant: review
500220656,dormant,none,False,,0.0,25.0,30,0.95,none,,0,0,0,0.0,0.0,0.0,0.0,0.0,0.0,0.0,0.0,0.0,True,True,True,non-critical dormant: review
500220657,dormant,none,False,,0.0,25.0,30,0.95,none,,0,0,0,0.0,0.0,0.0,0.0,0.0,0.0,0.0,0.0,0.0,True,True,True,non-critical dormant: review
500220658,dormant,none,False,,0.0,25.0,30,0.95,none,,0,0,0,0.0,0.0,0.0,0.0,0.0,0.0,0.0,0.0,0.0,True,True,True,non-critical dormant: review
500220659,dormant,none,False,,0.0,25.0,30,0.95,none,,0,0,0,0.0,0.0,0.0,0.0,0.0,0.0,0.0,0.0,0.0,True,True,True,non-critical dormant: review
500220660,dormant,none,False,,0.0,25.0,30,0.95,none,,0,0,0,0.0,0.0,0.0,0.0,0.0,0.0,0.0,0.0,0.0,True,True,True,non-critical dormant: review
500220661,dormant,none,False,,0.0,25.0,30,0.95,none,,0,0,0,0.0,0.0,0.0,0.0,0.0,0.0,0.0,0.0,0.0,True,True,True,non-critical dormant: review
500220662,dormant,none,False,,0.0,25.0,30,0.95,none,,0,0,0,0.0,0.0,0.0,0.0,0.0,0.0,0.0,0.0,0.0,True,True,True,non-critical dormant: review
500220663,dormant,none,False,,0.0,25.0,30,0.95,none,,0,0,0,0.0,0.0,0.0,0.0,0.0,0.0,0.0,0.0,0.0,True,True,True,non-critical dormant: review
500220664,dormant,none,False,,0.0,25.0,30,0.95,none,,0,0,0,0.0,0.0,0.0,0.0,0.0,0.0,0.0,0.0,0.0,True,True,True,non-critical dormant: review
500220665,dormant,none,False,,0.0,25.0,30,0.95,none,,0,0,0,0.0,0.0,0.0,0.0,0.0,0.0,0.0,0.0,0.0,True,True,True,non-critical dormant: review
500220666,dormant,none,False,,0.0,25.0,30,0.95,none,,0,0,0,0.0,0.0,0.0,0.0,0.0,0.0,0.0,0.0,0.0,True,True,True,non-critical dormant: review
500220667,dormant,none,False,,0.0,25.0,30,0.95,none,,0,0,0,0.0,0.0,0.0,0.0,0.0,0.0,0.0,0.0,0.0,True,True,True,non-critical dormant: review
500220668,dormant,none,False,,0.0,25.0,30,0.95,none,,0,0,0,0.0,0.0,0.0,0.0,0.0,0.0,0.0,0.0,0.0,True,True,True,non-critical dormant: review
500220669,dormant,none,False,,0.0,25.0,30,0.95,none,,0,0,0,0.0,0.0,0.0,0.0,0.0,0.0,0.0,0.0,0.0,True,True,True,non-critical dormant: review
500220670,dormant,none,False,,0.0,25.0,30,0.95,none,,0,0,0,0.0,0.0,0.0,0.0,0.0,0.0,0.0,0.0,0.0,True,True,True,non-critical dormant: review
500220671,dormant,none,False,,0.0,25.0,30,0.95,none,,0,0,0,0.0,0.0,0.0,0.0,0.0,0.0,0.0,0.0,0.0,True,True,True,non-critical dormant: review
500220672,dormant,none,False,,0.0,25.0,30,0.95,none,,0,0,0,0.0,0.0,0.0,0.0,0.0,0.0,0.0,0.0,0.0,True,True,True,non-critical dormant: review
500220673,dormant,none,False,,0.0,25.0,30,0.95,none,,0,0,0,0.0,0.0,0.0,0.0,0.0,0.0,0.0,0.0,0.0,True,True,True,non-critical dormant: review
500220674,dormant,none,False,,0.0,25.0,30,0.95,none,,0,0,0,0.0,0.0,0.0,0.0,0.0,0.0,0.0,0.0,0.0,True,True,True,non-critical dormant: review
500220675,dormant,none,False,,0.0,25.0,30,0.95,none,,0,0,0,0.0,0.0,0.0,0.0,0.0,0.0,0.0,0.0,0.0,True,True,True,non-critical dormant: review
500220676,dormant,none,False,,0.0,25.0,30,0.95,none,,0,0,0,0.0,0.0,0.0,0.0,0.0,0.0,0.0,0.0,0.0,True,True,True,non-critical dormant: review
500220677,dormant,none,False,,0.0,25.0,30,0.95,none,,0,0,0,0.0,0.0,0.0,0.0,0.0,0.0,0.0,0.0,0.0,True,True,True,non-critical dormant: review
500220678,dormant,none,False,,0.0,25.0,30,0.95,none,,0,0,0,0.0,0.0,0.0,0.0,1.0,2.0,0.0,-1.0,-2.0,True,True,False,non-critical dormant: review
500220679,dormant,none,False,,0.0,25.0,30,0.95,none,,0,0,0,0.0,0.0,0.0,0.0,0.0,0.0,0.0,0.0,0.0,True,True,True,non-critical dormant: review
500220680,dormant,none,False,,0.0,25.0,30,0.95,none,,0,0,0,0.0,0.0,0.0,0.0,0.0,0.0,0.0,0.0,0.0,True,True,True,non-critical dormant: review
500220681,dormant,none,False,,0.0,25.0,30,0.95,none,,0,0,0,0.0,0.0,0.0,0.0,0.0,0.0,0.0,0.0,0.0,True,True,True,non-critical dormant: review
500220682,dormant,none,False,,0.0,25.0,30,0.95,none,,0,0,0,0.0,0.0,0.0,0.0,0.0,0.0,0.0,0.0,0.0,True,True,True,non-critical dormant: review
500220683,dormant,none,False,,0.0,25.0,30,0.95,none,,0,0,0,0.0,0.0,0.0,0.0,0.0,0.0,0.0,0.0,0.0,True,True,True,non-critical dormant: review
500220684,dormant,none,False,,0.0,25.0,30,0.95,none,,0,0,0,0.0,0.0,0.0,0.0,0.0,0.0,0.0,0.0,0.0,True,True,True,non-critical dormant: review
500220685,dormant,none,False,,0.0,15.0,30,0.95,none,,0,0,0,0.0,0.0,0.0,0.0,0.0,0.0,0.0,0.0,0.0,True,True,True,non-critical dormant: review
500220686,dormant,none,False,,0.0,25.0,30,0.95,none,,0,0,0,0.0,0.0,0.0,0.0,0.0,0.0,0.0,0.0,0.0,True,True,True,non-critical dormant: review
500220687,dormant,none,False,,0.0,15.0,30,0.95,none,,0,0,0,0.0,0.0,0.0,0.0,0.0,0.0,0.0,0.0,0.0,True,True,True,non-critical dormant: review
500220688,dormant,none,False,,0.0,25.0,30,0.95,none,,0,0,0,0.0,0.0,0.0,0.0,0.0,0.0,0.0,0.0,0.0,True,True,True,non-critical dormant: review
500220689,dormant,none,False,,0.0,25.0,30,0.95,none,,0,0,0,0.0,0.0,0.0,0.0,0.0,0.0,0.0,0.0,0.0,True,True,True,non-critical dormant: review
500220690,dormant,none,False,,0.0,25.0,30,0.95,none,,0,0,0,0.0,0.0,0.0,0.0,0.0,0.0,0.0,0.0,0.0,True,True,True,non-critical dormant: review
500220691,dormant,none,False,,0.0,25.0,30,0.95,none,,0,0,0,0.0,0.0,0.0,0.0,0.0,0.0,0.0,0.0,0.0,True,True,True,non-critical dormant: review
500220692,dormant,none,False,,0.0,25.0,30,0.95,none,,0,0,0,0.0,0.0,0.0,0.0,0.0,0.0,0.0,0.0,0.0,True,True,True,non-critical dormant: review
500220693,dormant,none,False,,0.0,25.0,30,0.95,none,,0,0,0,0.0,0.0,0.0,0.0,0.0,0.0,0.0,0.0,0.0,True,True,True,non-critical dormant: review
500220694,dormant,none,False,,0.0,25.0,30,0.95,none,,0,0,0,0.0,0.0,0.0,0.0,0.0,0.0,0.0,0.0,0.0,True,True,True,non-critical dormant: review
500220695,dormant,none,False,,0.0,25.0,30,0.95,none,,0,0,0,0.0,0.0,0.0,0.0,0.0,0.0,0.0,0.0,0.0,True,True,True,non-critical dormant: review
500220696,dormant,none,False,,0.0,25.0,30,0.95,none,,0,0,0,0.0,0.0,0.0,0.0,0.0,0.0,0.0,0.0,0.0,True,True,True,non-critical dormant: review
500220697,dormant,none,False,,0.0,25.0,30,0.95,none,,0,0,0,0.0,0.0,0.0,0.0,0.0,0.0,0.0,0.0,0.0,True,True,True,non-critical dormant: review
500220698,dormant,none,False,,0.0,25.0,30,0.95,none,,0,0,0,0.0,0.0,0.0,0.0,0.0,0.0,0.0,0.0,0.0,True,True,True,non-critical dormant: review
500220699,dormant,none,False,,0.0,25.0,30,0.95,none,,0,0,0,0.0,0.0,0.0,0.0,0.0,0.0,0.0,0.0,0.0,True,True,True,non-critical dormant: review
500220700,dormant,none,False,,0.0,25.0,30,0.95,none,,0,0,0,0.0,0.0,0.0,0.0,0.0,0.0,0.0,0.0,0.0,True,True,True,non-critical dormant: review
500220701,dormant,none,False,,0.0,25.0,30,0.95,none,,0,0,0,0.0,0.0,0.0,0.0,0.0,0.0,0.0,0.0,0.0,True,True,True,non-critical dormant: review
500220702,dormant,none,False,,0.0,25.0,30,0.95,none,,0,0,0,0.0,0.0,0.0,0.0,0.0,0.0,0.0,0.0,0.0,True,True,True,non-critical dormant: review
500220703,dormant,none,False,,0.0,25.0,30,0.95,none,,0,0,0,0.0,0.0,0.0,0.0,0.0,0.0,0.0,0.0,0.0,True,True,True,non-critical dormant: review
500220704,dormant,none,False,,0.0,25.0,30,0.95,none,,0,0,0,0.0,0.0,0.0,0.0,0.0,0.0,0.0,0.0,0.0,True,True,True,non-critical dormant: review
500220705,dormant,none,False,,0.0,25.0,30,0.95,none,,0,0,0,0.0,0.0,0.0,0.0,0.0,0.0,0.0,0.0,0.0,True,True,True,non-critical dormant: review
500220706,dormant,none,False,,0.0,25.0,30,0.95,none,,0,0,0,0.0,0.0,0.0,0.0,0.0,0.0,0.0,0.0,0.0,True,True,True,non-critical dormant: review
500220707,dormant,none,False,,0.0,25.0,30,0.95,none,,0,0,0,0.0,0.0,0.0,0.0,0.0,0.0,0.0,0.0,0.0,True,True,True,non-critical dormant: review
500220708,dormant,none,False,,0.0,25.0,30,0.95,none,,0,0,0,0.0,0.0,0.0,0.0,0.0,0.0,0.0,0.0,0.0,True,True,True,non-critical dormant: review
500220709,dormant,none,False,,0.0,25.0,30,0.95,none,,0,0,0,0.0,0.0,0.0,0.0,0.0,0.0,0.0,0.0,0.0,True,True,True,non-critical dormant: review
500220710,dormant,none,False,,0.0,25.0,30,0.95,none,,0,0,0,0.0,0.0,0.0,0.0,0.0,0.0,0.0,0.0,0.0,True,True,True,non-critical dormant: review
500220711,dormant,none,False,,0.0,25.0,30,0.95,none,,0,0,0,0.0,0.0,0.0,0.0,0.0,0.0,0.0,0.0,0.0,True,True,True,non-critical dormant: review
500220712,dormant,none,False,,0.0,25.0,30,0.95,none,,0,0,0,0.0,0.0,0.0,0.0,0.0,0.0,0.0,0.0,0.0,True,True,True,non-critical dormant: review
500220713,dormant,none,False,,0.0,25.0,30,0.95,none,,0,0,0,0.0,0.0,0.0,0.0,0.0,0.0,0.0,0.0,0.0,True,True,True,non-critical dormant: review
500220714,dormant,none,False,,0.0,25.0,30,0.95,none,,0,0,0,0.0,0.0,0.0,0.0,0.0,0.0,0.0,0.0,0.0,True,True,True,non-critical dormant: review
500220715,dormant,none,False,,0.0,25.0,30,0.95,none,,0,0,0,0.0,0.0,0.0,0.0,0.0,0.0,0.0,0.0,0.0,True,True,True,non-critical dormant: review
500220716,dormant,none,False,,0.0,25.0,30,0.95,none,,0,0,0,0.0,0.0,0.0,0.0,0.0,0.0,0.0,0.0,0.0,True,True,True,non-critical dormant: review
500220717,dormant,none,False,,0.0,25.0,30,0.95,none,,0,0,0,0.0,0.0,0.0,0.0,0.0,0.0,0.0,0.0,0.0,True,True,True,non-critical dormant: review
500220718,dormant,none,False,,0.0,25.0,30,0.95,none,,0,0,0,0.0,0.0,0.0,0.0,0.0,0.0,0.0,0.0,0.0,True,True,True,non-critical dormant: review
500220719,dormant,none,False,,0.0,25.0,30,0.95,none,,0,0,0,0.0,0.0,0.0,0.0,0.0,0.0,0.0,0.0,0.0,True,True,True,non-critical dormant: review
500220720,dormant,none,False,,0.0,25.0,30,0.95,none,,0,0,0,0.0,0.0,0.0,0.0,0.0,0.0,0.0,0.0,0.0,True,True,True,non-critical dormant: review
500220721,dormant,none,False,,0.0,25.0,30,0.95,none,,0,0,0,0.0,0.0,0.0,0.0,0.0,0.0,0.0,0.0,0.0,True,True,True,non-critical dormant: review
500220722,dormant,none,False,,0.0,25.0,30,0.95,none,,0,0,0,0.0,0.0,0.0,0.0,0.0,0.0,0.0,0.0,0.0,True,True,True,non-critical dormant: review
500220723,dormant,none,False,,0.0,25.0,30,0.95,none,,0,0,0,0.0,0.0,0.0,0.0,0.0,0.0,0.0,0.0,0.0,True,True,True,non-critical dormant: review
500220724,dormant,none,False,,0.0,25.0,30,0.95,none,,0,0,0,0.0,0.0,0.0,0.0,0.0,0.0,0.0,0.0,0.0,True,True,True,non-critical dormant: review
500220725,dormant,none,False,,0.0,25.0,30,0.95,none,,0,0,0,0.0,0.0,0.0,0.0,0.0,0.0,0.0,0.0,0.0,True,True,True,non-critical dormant: review
500220726,dormant,none,False,,0.0,25.0,30,0.95,none,,0,0,0,0.0,0.0,0.0,0.0,0.0,0.0,0.0,0.0,0.0,True,True,True,non-critical dormant: review
500220727,dormant,none,False,,0.0,75.0,30,0.95,none,,0,0,0,0.0,0.0,0.0,0.0,0.0,0.0,0.0,0.0,0.0,True,True,True,non-critical dormant: review
500220728,dormant,none,False,,0.0,25.0,30,0.95,none,,0,0,0,0.0,0.0,0.0,0.0,0.0,0.0,0.0,0.0,0.0,True,True,True,non-critical dormant: review
500220729,dormant,none,False,,0.0,25.0,30,0.95,none,,0,0,0,0.0,0.0,0.0,0.0,0.0,0.0,0.0,0.0,0.0,True,True,True,non-critical dormant: review
500220730,dormant,none,False,,0.0,25.0,30,0.95,none,,0,0,0,0.0,0.0,0.0,0.0,0.0,0.0,0.0,0.0,0.0,True,True,True,non-critical dormant: review
500220731,dormant,none,False,,0.0,25.0,30,0.95,none,,0,0,0,0.0,0.0,0.0,0.0,0.0,0.0,0.0,0.0,0.0,True,True,True,non-critical dormant: review
500220732,dormant,none,False,D,0.0,15.0,30,0.9,none,,0,0,0,0.0,0.0,0.0,0.0,0.0,0.0,0.0,0.0,0.0,True,True,True,non-critical dormant: review
500220733,dormant,none,False,,0.0,25.0,30,0.95,none,,0,0,0,0.0,0.0,0.0,0.0,0.0,0.0,0.0,0.0,0.0,True,True,True,non-critical dormant: review
500221634,active,constant,True,M,0.0410958904109589,10.0,30,0.95,nbinom,1.783,2,2,5,0.0,1.0,2.0,0.0,2.0,4.0,2.0,0.0,1.0,False,True,True,active
500222110,dormant,none,False,,0.0,10.0,30,0.95,none,,0,0,0,0.0,0.0,0.0,0.0,0.0,0.0,0.0,0.0,0.0,True,True,True,non-critical dormant: review
500222215,dormant,none,False,,0.0,15.0,30,0.95,none,,0,0,0,0.0,0.0,0.0,0.0,0.0,0.0,0.0,0.0,0.0,True,True,True,non-critical dormant: review
500222216,dormant,none,False,,0.0,25.0,30,0.95,none,,0,0,0,0.0,0.0,0.0,0.0,0.0,0.0,0.0,0.0,0.0,True,True,True,non-critical dormant: review
500222217,dormant,none,False,,0.0,25.0,30,0.95,none,,0,0,0,0.0,0.0,0.0,0.0,0.0,0.0,0.0,0.0,0.0,True,True,True,non-critical dormant: review
500222218,dormant,none,False,,0.0,70.0,30,0.95,none,,0,0,0,0.0,0.0,0.0,0.0,0.0,0.0,0.0,0.0,0.0,True,True,True,non-critical dormant: review
500222219,dormant,none,False,,0.0,25.0,30,0.95,none,,0,0,0,0.0,0.0,0.0,0.0,0.0,0.0,0.0,0.0,0.0,True,True,True,non-critical dormant: review
500222220,dormant,none,False,,0.0,25.0,30,0.95,none,,0,0,0,0.0,0.0,0.0,0.0,0.0,0.0,0.0,0.0,0.0,True,True,True,non-critical dormant: review
500222221,dormant,none,False,,0.0,25.0,30,0.95,none,,0,0,0,0.0,0.0,0.0,0.0,0.0,0.0,0.0,0.0,0.0,True,True,True,non-critical dormant: review
500222222,dormant,none,False,,0.0,25.0,30,0.95,none,,0,0,0,0.0,0.0,0.0,0.0,0.0,0.0,0.0,0.0,0.0,True,True,True,non-critical dormant: review
500222223,dormant,none,False,,0.0,25.0,30,0.95,none,,0,0,0,0.0,0.0,0.0,0.0,0.0,0.0,0.0,0.0,0.0,True,True,True,non-critical dormant: review
500222224,dormant,none,False,,0.0,25.0,30,0.95,none,,0,0,0,0.0,0.0,0.0,0.0,0.0,0.0,0.0,0.0,0.0,True,True,True,non-critical dormant: review
500222225,dormant,none,False,,0.0,15.0,30,0.95,none,,0,0,0,0.0,0.0,0.0,0.0,0.0,0.0,0.0,0.0,0.0,True,True,True,non-critical dormant: review
500222226,dormant,none,False,,0.0,25.0,30,0.95,none,,0,0,0,0.0,0.0,0.0,0.0,0.0,0.0,0.0,0.0,0.0,True,True,True,non-critical dormant: review
500222227,dormant,none,False,,0.0,15.0,30,0.95,none,,0,0,0,0.0,0.0,0.0,0.0,0.0,0.0,0.0,0.0,0.0,True,True,True,non-critical dormant: review
500222228,dormant,none,False,,0.0,25.0,30,0.95,none,,0,0,0,0.0,0.0,0.0,0.0,0.0,0.0,0.0,0.0,0.0,True,True,True,non-critical dormant: review
500222229,dormant,none,False,,0.0,25.0,30,0.95,none,,0,0,0,0.0,0.0,0.0,0.0,0.0,0.0,0.0,0.0,0.0,True,True,True,non-critical dormant: review
500222230,dormant,none,False,,0.0,25.0,30,0.95,none,,0,0,0,0.0,0.0,0.0,0.0,0.0,0.0,0.0,0.0,0.0,True,True,True,non-critical dormant: review
500222231,dormant,none,False,,0.0,25.0,30,0.95,none,,0,0,0,0.0,0.0,0.0,0.0,0.0,0.0,0.0,0.0,0.0,True,True,True,non-critical dormant: review
500222232,dormant,none,False,D,0.0,25.0,30,0.9,none,,0,0,0,0.0,0.0,0.0,0.0,0.0,0.0,0.0,0.0,0.0,True,True,True,non-critical dormant: review
500222233,dormant,none,False,,0.0,25.0,30,0.95,none,,0,0,0,0.0,0.0,0.0,0.0,0.0,0.0,0.0,0.0,0.0,True,True,True,non-critical dormant: review
500222234,dormant,none,False,D,0.0,59.0,30,0.9,none,,0,0,0,0.0,0.0,0.0,0.0,0.0,0.0,0.0,0.0,0.0,True,True,True,non-critical dormant: review
500222235,dormant,none,False,,0.0,25.0,30,0.95,none,,0,0,0,0.0,0.0,0.0,0.0,0.0,0.0,0.0,0.0,0.0,True,True,True,non-critical dormant: review
500222236,dormant,none,False,,0.0,25.0,30,0.95,none,,0,0,0,0.0,0.0,0.0,0.0,0.0,0.0,0.0,0.0,0.0,True,True,True,non-critical dormant: review
500222237,dormant,none,False,,0.0,25.0,30,0.95,none,,0,0,0,0.0,0.0,0.0,0.0,0.0,0.0,0.0,0.0,0.0,True,True,True,non-critical dormant: review
500222238,dormant,none,False,D,0.0,47.0,30,0.9,none,,0,0,0,0.0,0.0,0.0,0.0,0.0,0.0,0.0,0.0,0.0,True,True,True,non-critical dormant: review
500222239,dormant,none,False,,0.0,70.0,30,0.95,none,,0,0,0,0.0,0.0,0.0,0.0,0.0,0.0,0.0,0.0,0.0,True,True,True,non-critical dormant: review
500222240,dormant,none,False,,0.0,75.0,30,0.95,none,,0,0,0,0.0,0.0,0.0,0.0,0.0,0.0,0.0,0.0,0.0,True,True,True,non-critical dormant: review
500222241,dormant,none,False,,0.0,25.0,30,0.95,none,,0,0,0,0.0,0.0,0.0,0.0,0.0,0.0,0.0,0.0,0.0,True,True,True,non-critical dormant: review
500222242,dormant,none,False,,0.0,25.0,30,0.95,none,,0,0,0,0.0,0.0,0.0,0.0,0.0,0.0,0.0,0.0,0.0,True,True,True,non-critical dormant: review
500222243,dormant,none,False,,0.0,25.0,30,0.95,none,,0,0,0,0.0,0.0,0.0,0.0,0.0,0.0,0.0,0.0,0.0,True,True,True,non-critical dormant: review
500222244,dormant,none,False,,0.0,25.0,30,0.95,none,,0,0,0,0.0,0.0,0.0,0.0,0.0,0.0,0.0,0.0,0.0,True,True,True,non-critical dormant: review
500222245,dormant,none,False,,0.0,25.0,30,0.95,none,,0,0,0,0.0,0.0,0.0,0.0,0.0,0.0,0.0,0.0,0.0,True,True,True,non-critical dormant: review
500222246,dormant,none,False,,0.0,25.0,30,0.95,none,,0,0,0,0.0,0.0,0.0,0.0,0.0,0.0,0.0,0.0,0.0,True,True,True,non-critical dormant: review
500222247,dormant,none,False,,0.0,25.0,30,0.95,none,,0,0,0,0.0,0.0,0.0,0.0,0.0,0.0,0.0,0.0,0.0,True,True,True,non-critical dormant: review
500222248,dormant,none,False,,0.0,25.0,30,0.95,none,,0,0,0,0.0,0.0,0.0,0.0,0.0,0.0,0.0,0.0,0.0,True,True,True,non-critical dormant: review
500222249,dormant,none,False,,0.0,25.0,30,0.95,none,,0,0,0,0.0,0.0,0.0,0.0,0.0,0.0,0.0,0.0,0.0,True,True,True,non-critical dormant: review
500222250,dormant,none,False,,0.0,25.0,30,0.95,none,,0,0,0,0.0,0.0,0.0,0.0,0.0,0.0,0.0,0.0,0.0,True,True,True,non-critical dormant: review
500222251,dormant,none,False,,0.0,25.0,30,0.95,none,,0,0,0,0.0,0.0,0.0,0.0,0.0,0.0,0.0,0.0,0.0,True,True,True,non-critical dormant: review
500222252,dormant,none,False,D,0.0,65.0,30,0.9,none,,0,0,0,0.0,0.0,0.0,0.0,0.0,0.0,0.0,0.0,0.0,True,True,True,non-critical dormant: review
500222253,dormant,none,False,D,0.0,40.0,30,0.9,none,,0,0,0,0.0,0.0,0.0,0.0,0.0,0.0,0.0,0.0,0.0,True,True,True,non-critical dormant: review
500222254,dormant,none,False,D,0.0,75.0,30,0.9,none,,0,0,0,0.0,0.0,0.0,0.0,0.0,0.0,0.0,0.0,0.0,True,True,True,non-critical dormant: review
500222255,dormant,none,False,,0.0,70.0,30,0.95,none,,0,0,0,0.0,0.0,0.0,0.0,0.0,0.0,0.0,0.0,0.0,True,True,True,non-critical dormant: review
500222256,dormant,none,False,D,0.0,15.0,30,0.9,none,,0,0,0,0.0,0.0,0.0,0.0,0.0,0.0,0.0,0.0,0.0,True,True,True,non-critical dormant: review
500222257,dormant,none,False,D,0.0,75.0,30,0.9,none,,0,0,0,0.0,0.0,0.0,0.0,0.0,0.0,0.0,0.0,0.0,True,True,True,non-critical dormant: review
500222258,dormant,none,False,D,0.0,75.0,30,0.9,none,,0,0,0,0.0,0.0,0.0,0.0,0.0,0.0,0.0,0.0,0.0,True,True,True,non-critical dormant: review
500222259,dormant,none,False,D,0.0,55.0,30,0.9,none,,0,0,0,0.0,0.0,0.0,0.0,0.0,0.0,0.0,0.0,0.0,True,True,True,non-critical dormant: review
500222260,dormant,none,False,D,0.0,155.0,30,0.9,none,,0,0,0,0.0,0.0,0.0,0.0,0.0,0.0,0.0,0.0,0.0,True,True,True,non-critical dormant: review
500222261,dormant,none,False,,0.0,15.0,30,0.95,none,,0,0,0,0.0,0.0,0.0,0.0,0.0,0.0,0.0,0.0,0.0,True,True,True,non-critical dormant: review
500222262,dormant,none,False,,0.0,25.0,30,0.95,none,,0,0,0,0.0,0.0,0.0,0.0,0.0,0.0,0.0,0.0,0.0,True,True,True,non-critical dormant: review
500222263,dormant,none,False,,0.0,25.0,30,0.95,none,,0,0,0,0.0,0.0,0.0,0.0,0.0,0.0,0.0,0.0,0.0,True,True,True,non-critical dormant: review
500222264,dormant,none,False,,0.0,25.0,30,0.95,none,,0,0,0,0.0,0.0,0.0,0.0,0.0,0.0,0.0,0.0,0.0,True,True,True,non-critical dormant: review
500222265,dormant,none,False,,0.0,25.0,30,0.95,none,,0,0,0,0.0,0.0,0.0,0.0,0.0,0.0,0.0,0.0,0.0,True,True,True,non-critical dormant: review
500222266,dormant,none,False,,0.0,25.0,30,0.95,none,,0,0,0,0.0,0.0,0.0,0.0,0.0,0.0,0.0,0.0,0.0,True,True,True,non-critical dormant: review
500222267,dormant,none,False,,0.0,25.0,30,0.95,none,,0,0,0,0.0,0.0,0.0,0.0,0.0,0.0,0.0,0.0,0.0,True,True,True,non-critical dormant: review
500222268,dormant,none,False,D,0.0,15.0,30,0.9,none,,0,0,0,0.0,0.0,0.0,0.0,0.0,0.0,0.0,0.0,0.0,True,True,True,non-critical dormant: review
500222269,dormant,none,False,,0.0,75.0,30,0.95,none,,0,0,0,0.0,0.0,0.0,0.0,0.0,0.0,0.0,0.0,0.0,True,True,True,non-critical dormant: review
500222270,dormant,none,False,,0.0,25.0,30,0.95,none,,0,0,0,0.0,0.0,0.0,0.0,0.0,0.0,0.0,0.0,0.0,True,True,True,non-critical dormant: review
500222271,dormant,none,False,D,0.0,15.0,30,0.9,none,,0,0,0,0.0,0.0,0.0,0.0,0.0,0.0,0.0,0.0,0.0,True,True,True,non-critical dormant: review
500222272,dormant,none,False,,0.0,25.0,30,0.95,none,,0,0,0,0.0,0.0,0.0,0.0,0.0,0.0,0.0,0.0,0.0,True,True,True,non-critical dormant: review
500222273,dormant,none,False,,0.0,25.0,30,0.95,none,,0,0,0,0.0,0.0,0.0,0.0,0.0,0.0,0.0,0.0,0.0,True,True,True,non-critical dormant: review
500222274,dormant,none,False,,0.0,25.0,30,0.95,none,,0,0,0,0.0,0.0,0.0,0.0,0.0,0.0,0.0,0.0,0.0,True,True,True,non-critical dormant: review
500222275,dormant,none,False,,0.0,25.0,30,0.95,none,,0,0,0,0.0,0.0,0.0,0.0,0.0,0.0,0.0,0.0,0.0,True,True,True,non-critical dormant: review
500222276,dormant,none,False,,0.0,25.0,30,0.95,none,,0,0,0,0.0,0.0,0.0,0.0,0.0,0.0,0.0,0.0,0.0,True,True,True,non-critical dormant: review
500222277,dormant,none,False,,0.0,25.0,30,0.95,none,,0,0,0,0.0,0.0,0.0,0.0,0.0,0.0,0.0,0.0,0.0,True,True,True,non-critical dormant: review
500222278,dormant,none,False,,0.0,25.0,30,0.95,none,,0,0,0,0.0,0.0,0.0,0.0,0.0,0.0,0.0,0.0,0.0,True,True,True,non-critical dormant: review
500222279,dormant,none,False,,0.0,25.0,30,0.95,none,,0,0,0,0.0,0.0,0.0,0.0,0.0,0.0,0.0,0.0,0.0,True,True,True,non-critical dormant: review
500222280,dormant,none,False,,0.0,25.0,30,0.95,none,,0,0,0,0.0,0.0,0.0,0.0,0.0,0.0,0.0,0.0,0.0,True,True,True,non-critical dormant: review
500222281,dormant,none,False,,0.0,25.0,30,0.95,none,,0,0,0,0.0,0.0,0.0,0.0,0.0,0.0,0.0,0.0,0.0,True,True,True,non-critical dormant: review
500222282,dormant,none,False,,0.0,25.0,30,0.95,none,,0,0,0,0.0,0.0,0.0,0.0,0.0,0.0,0.0,0.0,0.0,True,True,True,non-critical dormant: review
500222283,dormant,none,False,,0.0,25.0,30,0.95,none,,0,0,0,0.0,0.0,0.0,0.0,0.0,0.0,0.0,0.0,0.0,True,True,True,non-critical dormant: review
500222284,dormant,none,False,,0.0,25.0,30,0.95,none,,0,0,0,0.0,0.0,0.0,0.0,0.0,0.0,0.0,0.0,0.0,True,True,True,non-critical dormant: review
500222285,dormant,none,False,,0.0,25.0,30,0.95,none,,0,0,0,0.0,0.0,0.0,0.0,0.0,0.0,0.0,0.0,0.0,True,True,True,non-critical dormant: review
500222286,dormant,none,False,,0.0,25.0,30,0.95,none,,0,0,0,0.0,0.0,0.0,0.0,0.0,0.0,0.0,0.0,0.0,True,True,True,non-critical dormant: review
500222287,dormant,none,False,D,0.0,10.0,30,0.9,none,,0,0,0,0.0,0.0,0.0,0.0,0.0,0.0,0.0,0.0,0.0,True,True,True,non-critical dormant: review
500222288,dormant,none,False,,0.0,25.0,30,0.95,none,,0,0,0,0.0,0.0,0.0,0.0,0.0,0.0,0.0,0.0,0.0,True,True,True,non-critical dormant: review
500222289,dormant,none,False,,0.0,25.0,30,0.95,none,,0,0,0,0.0,0.0,0.0,0.0,0.0,0.0,0.0,0.0,0.0,True,True,True,non-critical dormant: review
500222290,dormant,none,False,,0.0,15.0,30,0.95,none,,0,0,0,0.0,0.0,0.0,0.0,0.0,0.0,0.0,0.0,0.0,True,True,True,non-critical dormant: review
500222291,dormant,none,False,,0.0,25.0,30,0.95,none,,0,0,0,0.0,0.0,0.0,0.0,0.0,0.0,0.0,0.0,0.0,True,True,True,non-critical dormant: review
500222292,dormant,none,False,,0.0,25.0,30,0.95,none,,0,0,0,0.0,0.0,0.0,0.0,0.0,0.0,0.0,0.0,0.0,True,True,True,non-critical dormant: review
500222293,dormant,none,False,,0.0,25.0,30,0.95,none,,0,0,0,0.0,0.0,0.0,0.0,0.0,0.0,0.0,0.0,0.0,True,True,True,non-critical dormant: review
500222294,dormant,none,False,,0.0,25.0,30,0.95,none,,0,0,0,0.0,0.0,0.0,0.0,0.0,0.0,0.0,0.0,0.0,True,True,True,non-critical dormant: review
500222295,dormant,none,False,,0.0,25.0,30,0.95,none,,0,0,0,0.0,0.0,0.0,0.0,0.0,0.0,0.0,0.0,0.0,True,True,True,non-critical dormant: review
500222296,dormant,none,False,,0.0,25.0,30,0.95,none,,0,0,0,0.0,0.0,0.0,0.0,0.0,0.0,0.0,0.0,0.0,True,True,True,non-critical dormant: review
500222297,dormant,none,False,,0.0,25.0,30,0.95,none,,0,0,0,0.0,0.0,0.0,0.0,0.0,0.0,0.0,0.0,0.0,True,True,True,non-critical dormant: review
500222298,dormant,none,False,,0.0,25.0,30,0.95,none,,0,0,0,0.0,0.0,0.0,0.0,0.0,0.0,0.0,0.0,0.0,True,True,True,non-critical dormant: review
500222299,dormant,none,False,,0.0,25.0,30,0.95,none,,0,0,0,0.0,0.0,0.0,0.0,0.0,0.0,0.0,0.0,0.0,True,True,True,non-critical dormant: review
500222300,dormant,none,False,,0.0,15.0,30,0.95,none,,0,0,0,0.0,0.0,0.0,0.0,0.0,0.0,0.0,0.0,0.0,True,True,True,non-critical dormant: review
500222301,dormant,none,False,D,0.0,15.0,30,0.9,none,,0,0,0,0.0,0.0,0.0,0.0,0.0,0.0,0.0,0.0,0.0,True,True,True,non-critical dormant: review
500222302,dormant,none,False,,0.0,25.0,30,0.95,none,,0,0,0,0.0,0.0,0.0,0.0,0.0,0.0,0.0,0.0,0.0,True,True,True,non-critical dormant: review
500222303,dormant,none,False,,0.0,25.0,30,0.95,none,,0,0,0,0.0,0.0,0.0,0.0,0.0,0.0,0.0,0.0,0.0,True,True,True,non-critical dormant: review
500222304,dormant,none,False,,0.0,25.0,30,0.95,none,,0,0,0,0.0,0.0,0.0,0.0,0.0,0.0,0.0,0.0,0.0,True,True,True,non-critical dormant: review
500222305,dormant,none,False,,0.0,25.0,30,0.95,none,,0,0,0,0.0,0.0,0.0,0.0,0.0,0.0,0.0,0.0,0.0,True,True,True,non-critical dormant: review
500222306,dormant,none,False,,0.0,70.0,30,0.95,none,,0,0,0,0.0,0.0,0.0,0.0,0.0,0.0,0.0,0.0,0.0,True,True,True,non-critical dormant: review
500222307,dormant,none,False,,0.0,25.0,30,0.95,none,,0,0,0,0.0,0.0,0.0,0.0,0.0,0.0,0.0,0.0,0.0,True,True,True,non-critical dormant: review
500222308,dormant,none,False,,0.0,25.0,30,0.95,none,,0,0,0,0.0,0.0,0.0,0.0,0.0,0.0,0.0,0.0,0.0,True,True,True,non-critical dormant: review
500222309,dormant,none,False,,0.0,25.0,30,0.95,none,,0,0,0,0.0,0.0,0.0,0.0,0.0,0.0,0.0,0.0,0.0,True,True,True,non-critical dormant: review
500222310,dormant,none,False,,0.0,25.0,30,0.95,none,,0,0,0,0.0,0.0,0.0,0.0,0.0,0.0,0.0,0.0,0.0,True,True,True,non-critical dormant: review
500222311,dying,dying,False,L,0.0027397260273972603,15.0,30,0.9,nbinom,5.0,0,0,1,0.0,1.0,2.0,0.0,0.0,1.0,0.0,0.0,0.0,True,True,True,"dying: demand ceased, review"
500222312,dormant,none,False,D,0.0,25.0,30,0.9,none,,0,0,0,0.0,0.0,1.0,0.0,0.0,1.0,0.0,0.0,-1.0,True,True,True,non-critical dormant: review
500222313,dormant,none,False,,0.0,15.0,30,0.95,none,,0,0,0,0.0,0.0,0.0,0.0,0.0,0.0,0.0,0.0,0.0,True,True,True,non-critical dormant: review
500222314,dormant,none,False,,0.0,25.0,30,0.95,none,,0,0,0,0.0,0.0,0.0,0.0,0.0,0.0,0.0,0.0,0.0,True,True,True,non-critical dormant: review
500222315,dormant,none,False,,0.0,25.0,30,0.95,none,,0,0,0,0.0,0.0,0.0,0.0,0.0,0.0,0.0,0.0,0.0,True,True,True,non-critical dormant: review
500222316,dormant,none,False,,0.0,25.0,30,0.95,none,,0,0,0,0.0,0.0,0.0,0.0,0.0,0.0,0.0,0.0,0.0,True,True,True,non-critical dormant: review
500222317,dormant,none,False,,0.0,25.0,30,0.95,none,,0,0,0,0.0,0.0,0.0,0.0,0.0,0.0,0.0,0.0,0.0,True,True,True,non-critical dormant: review
500222318,dormant,none,False,,0.0,25.0,30,0.95,none,,0,0,0,0.0,0.0,0.0,0.0,0.0,0.0,0.0,0.0,0.0,True,True,True,non-critical dormant: review
500222319,dormant,none,False,,0.0,25.0,30,0.95,none,,0,0,0,0.0,0.0,0.0,0.0,0.0,0.0,0.0,0.0,0.0,True,True,True,non-critical dormant: review
500222320,dormant,none,False,,0.0,25.0,30,0.95,none,,0,0,0,0.0,0.0,0.0,0.0,0.0,0.0,0.0,0.0,0.0,True,True,True,non-critical dormant: review
500222321,dormant,none,False,,0.0,25.0,30,0.95,none,,0,0,0,0.0,0.0,0.0,0.0,0.0,0.0,0.0,0.0,0.0,True,True,True,non-critical dormant: review
500222322,dormant,none,False,,0.0,25.0,30,0.95,none,,0,0,0,0.0,0.0,0.0,0.0,0.0,0.0,0.0,0.0,0.0,True,True,True,non-critical dormant: review
500222323,dormant,none,False,,0.0,25.0,30,0.95,none,,0,0,0,0.0,0.0,0.0,0.0,0.0,0.0,0.0,0.0,0.0,True,True,True,non-critical dormant: review
500222324,dormant,none,False,,0.0,25.0,30,0.95,none,,0,0,0,0.0,0.0,0.0,0.0,0.0,0.0,0.0,0.0,0.0,True,True,True,non-critical dormant: review
500222325,dormant,none,False,,0.0,25.0,30,0.95,none,,0,0,0,0.0,0.0,0.0,0.0,0.0,0.0,0.0,0.0,0.0,True,True,True,non-critical dormant: review
500222326,dormant,none,False,,0.0,25.0,30,0.95,none,,0,0,0,0.0,0.0,0.0,0.0,0.0,0.0,0.0,0.0,0.0,True,True,True,non-critical dormant: review
500222327,dormant,none,False,,0.0,25.0,30,0.95,none,,0,0,0,0.0,0.0,0.0,0.0,0.0,0.0,0.0,0.0,0.0,True,True,True,non-critical dormant: review
500222328,dormant,none,False,,0.0,25.0,30,0.95,none,,0,0,0,0.0,0.0,0.0,0.0,0.0,0.0,0.0,0.0,0.0,True,True,True,non-critical dormant: review
500222329,dormant,none,False,D,0.0,25.0,30,0.9,none,,0,0,0,0.0,0.0,0.0,0.0,0.0,0.0,0.0,0.0,0.0,True,True,True,non-critical dormant: review
500222330,dormant,none,False,D,0.0,25.0,30,0.9,none,,0,0,0,0.0,0.0,0.0,0.0,0.0,0.0,0.0,0.0,0.0,True,True,True,non-critical dormant: review
500222331,dormant,none,False,,0.0,25.0,30,0.95,none,,0,0,0,0.0,0.0,0.0,0.0,0.0,0.0,0.0,0.0,0.0,True,True,True,non-critical dormant: review
500222332,dormant,none,False,,0.0,55.0,30,0.95,none,,0,0,0,0.0,0.0,0.0,0.0,0.0,0.0,0.0,0.0,0.0,True,True,True,non-critical dormant: review
500222333,dormant,none,False,,0.0,15.0,30,0.95,none,,0,0,0,0.0,0.0,1.0,0.0,0.0,0.0,0.0,0.0,0.0,True,True,True,non-critical dormant: review
500222334,dormant,none,False,,0.0,25.0,30,0.95,none,,0,0,0,0.0,0.0,0.0,0.0,0.0,0.0,0.0,0.0,0.0,True,True,True,non-critical dormant: review
500222335,dormant,none,False,,0.0,25.0,30,0.95,none,,0,0,0,0.0,0.0,0.0,0.0,0.0,0.0,0.0,0.0,0.0,True,True,True,non-critical dormant: review
500222336,dormant,none,False,,0.0,25.0,30,0.95,none,,0,0,0,0.0,0.0,0.0,0.0,0.0,0.0,0.0,0.0,0.0,True,True,True,non-critical dormant: review
500222337,dormant,none,False,,0.0,25.0,30,0.95,none,,0,0,0,0.0,0.0,0.0,0.0,0.0,0.0,0.0,0.0,0.0,True,True,True,non-critical dormant: review
500222338,dormant,none,False,,0.0,25.0,30,0.95,none,,0,0,0,0.0,0.0,1.0,0.0,0.0,1.0,0.0,0.0,-1.0,True,True,True,non-critical dormant: review
500222339,dormant,none,False,,0.0,25.0,30,0.95,none,,0,0,0,0.0,0.0,0.0,0.0,0.0,0.0,0.0,0.0,0.0,True,True,True,non-critical dormant: review
500222340,dormant,none,False,,0.0,25.0,30,0.95,none,,0,0,0,0.0,0.0,0.0,0.0,0.0,0.0,0.0,0.0,0.0,True,True,True,non-critical dormant: review
500222341,dormant,none,False,,0.0,25.0,30,0.95,none,,0,0,0,0.0,0.0,0.0,0.0,0.0,0.0,0.0,0.0,0.0,True,True,True,non-critical dormant: review
500222342,dormant,none,False,,0.0,25.0,30,0.95,none,,0,0,0,0.0,0.0,0.0,0.0,0.0,0.0,0.0,0.0,0.0,True,True,True,non-critical dormant: review
500222343,dormant,none,False,,0.0,25.0,30,0.95,none,,0,0,0,0.0,0.0,0.0,0.0,0.0,0.0,0.0,0.0,0.0,True,True,True,non-critical dormant: review
500222344,dormant,none,False,,0.0,25.0,30,0.95,none,,0,0,0,0.0,0.0,0.0,0.0,0.0,0.0,0.0,0.0,0.0,True,True,True,non-critical dormant: review
500222345,dormant,none,False,,0.0,25.0,30,0.95,none,,0,0,0,0.0,0.0,0.0,0.0,0.0,0.0,0.0,0.0,0.0,True,True,True,non-critical dormant: review
500222346,dormant,none,False,,0.0,25.0,30,0.95,none,,0,0,0,0.0,0.0,0.0,0.0,0.0,0.0,0.0,0.0,0.0,True,True,True,non-critical dormant: review
500222347,dormant,none,False,,0.0,25.0,30,0.95,none,,0,0,0,0.0,0.0,0.0,0.0,0.0,0.0,0.0,0.0,0.0,True,True,True,non-critical dormant: review
500222348,dormant,none,False,,0.0,25.0,30,0.95,none,,0,0,0,0.0,0.0,0.0,0.0,0.0,0.0,0.0,0.0,0.0,True,True,True,non-critical dormant: review
500222349,dormant,none,False,,0.0,25.0,30,0.95,none,,0,0,0,0.0,0.0,0.0,0.0,0.0,0.0,0.0,0.0,0.0,True,True,True,non-critical dormant: review
500222350,dormant,none,False,,0.0,25.0,30,0.95,none,,0,0,0,0.0,0.0,0.0,0.0,0.0,0.0,0.0,0.0,0.0,True,True,True,non-critical dormant: review
500222351,dormant,none,False,,0.0,25.0,30,0.95,none,,0,0,0,0.0,0.0,0.0,0.0,0.0,0.0,0.0,0.0,0.0,True,True,True,non-critical dormant: review
500222352,dormant,none,False,,0.0,25.0,30,0.95,none,,0,0,0,0.0,0.0,0.0,0.0,0.0,0.0,0.0,0.0,0.0,True,True,True,non-critical dormant: review
500222353,dormant,none,False,,0.0,25.0,30,0.95,none,,0,0,0,0.0,0.0,0.0,0.0,0.0,0.0,0.0,0.0,0.0,True,True,True,non-critical dormant: review
500222354,dormant,none,False,,0.0,15.0,30,0.95,none,,0,0,0,0.0,0.0,0.0,0.0,0.0,0.0,0.0,0.0,0.0,True,True,True,non-critical dormant: review
500222355,dormant,none,False,,0.0,25.0,30,0.95,none,,0,0,0,0.0,0.0,0.0,0.0,0.0,0.0,0.0,0.0,0.0,True,True,True,non-critical dormant: review
500222356,dormant,none,False,,0.0,25.0,30,0.95,none,,0,0,0,0.0,0.0,0.0,0.0,0.0,0.0,0.0,0.0,0.0,True,True,True,non-critical dormant: review
500222357,dormant,none,False,,0.0,25.0,30,0.95,none,,0,0,0,0.0,0.0,0.0,0.0,0.0,0.0,0.0,0.0,0.0,True,True,True,non-critical dormant: review
500222358,dormant,none,False,,0.0,25.0,30,0.95,none,,0,0,0,0.0,0.0,0.0,0.0,0.0,0.0,0.0,0.0,0.0,True,True,True,non-critical dormant: review
500222359,dormant,none,False,,0.0,25.0,30,0.95,none,,0,0,0,0.0,0.0,0.0,0.0,0.0,0.0,0.0,0.0,0.0,True,True,True,non-critical dormant: review
500222360,dormant,none,False,,0.0,25.0,30,0.95,none,,0,0,0,0.0,0.0,0.0,0.0,0.0,0.0,0.0,0.0,0.0,True,True,True,non-critical dormant: review
500222361,dormant,none,False,,0.0,25.0,30,0.95,none,,0,0,0,0.0,0.0,0.0,0.0,0.0,0.0,0.0,0.0,0.0,True,True,True,non-critical dormant: review
500222362,dormant,none,False,,0.0,25.0,30,0.95,none,,0,0,0,0.0,0.0,0.0,0.0,0.0,0.0,0.0,0.0,0.0,True,True,True,non-critical dormant: review
500222363,dormant,none,False,,0.0,25.0,30,0.95,none,,0,0,0,0.0,0.0,0.0,0.0,0.0,0.0,0.0,0.0,0.0,True,True,True,non-critical dormant: review
500222364,dormant,none,False,,0.0,25.0,30,0.95,none,,0,0,0,0.0,0.0,0.0,0.0,0.0,0.0,0.0,0.0,0.0,True,True,True,non-critical dormant: review
500222365,dormant,none,False,,0.0,25.0,30,0.95,none,,0,0,0,0.0,0.0,0.0,0.0,0.0,0.0,0.0,0.0,0.0,True,True,True,non-critical dormant: review
500222366,dormant,none,False,D,0.0,30.0,30,0.9,none,,0,0,0,0.0,0.0,0.0,0.0,0.0,0.0,0.0,0.0,0.0,True,True,True,non-critical dormant: review
500222415,dormant,none,False,,0.0,15.0,30,0.95,none,,0,0,0,0.0,0.0,1.0,0.0,0.0,1.0,0.0,0.0,-1.0,True,True,True,non-critical dormant: review
500222481,dormant,none,False,,0.0,25.0,30,0.95,none,,0,0,0,0.0,0.0,0.0,0.0,0.0,0.0,0.0,0.0,0.0,True,True,True,non-critical dormant: review
500222482,dormant,none,False,D,0.0,15.0,30,0.9,none,,0,0,0,0.0,0.0,0.0,0.0,0.0,0.0,0.0,0.0,0.0,True,True,True,non-critical dormant: review
500222483,dormant,none,False,,0.0,25.0,30,0.95,none,,0,0,0,0.0,0.0,0.0,0.0,0.0,0.0,0.0,0.0,0.0,True,True,True,non-critical dormant: review
500222484,dormant,none,False,,0.0,25.0,30,0.95,none,,0,0,0,0.0,0.0,0.0,0.0,0.0,0.0,0.0,0.0,0.0,True,True,True,non-critical dormant: review
500222485,dormant,none,False,,0.0,25.0,30,0.95,none,,0,0,0,0.0,0.0,0.0,0.0,0.0,0.0,0.0,0.0,0.0,True,True,True,non-critical dormant: review
500222486,dormant,none,False,,0.0,15.0,30,0.95,none,,0,0,0,0.0,0.0,0.0,0.0,0.0,0.0,0.0,0.0,0.0,True,True,True,non-critical dormant: review
500222487,dormant,none,False,D,0.0,15.0,30,0.9,none,,0,0,0,0.0,0.0,0.0,0.0,0.0,0.0,0.0,0.0,0.0,True,True,True,non-critical dormant: review
500222488,dormant,none,False,,0.0,15.0,30,0.95,none,,0,0,0,0.0,0.0,0.0,0.0,0.0,0.0,0.0,0.0,0.0,True,True,True,non-critical dormant: review
500222489,dormant,none,False,,0.0,15.0,30,0.95,none,,0,0,0,0.0,0.0,0.0,0.0,0.0,0.0,0.0,0.0,0.0,True,True,True,non-critical dormant: review
500222490,dormant,none,False,,0.0,15.0,30,0.95,none,,0,0,0,0.0,0.0,0.0,0.0,0.0,0.0,0.0,0.0,0.0,True,True,True,non-critical dormant: review
500222491,dormant,none,False,,0.0,25.0,30,0.95,none,,0,0,0,0.0,0.0,0.0,0.0,0.0,0.0,0.0,0.0,0.0,True,True,True,non-critical dormant: review
500222492,dormant,none,False,,0.0,25.0,30,0.95,none,,0,0,0,0.0,0.0,0.0,0.0,0.0,0.0,0.0,0.0,0.0,True,True,True,non-critical dormant: review
500222493,dormant,none,False,,0.0,25.0,30,0.95,none,,0,0,0,0.0,0.0,0.0,0.0,0.0,0.0,0.0,0.0,0.0,True,True,True,non-critical dormant: review
500222494,dormant,none,False,,0.0,25.0,30,0.95,none,,0,0,0,0.0,0.0,0.0,0.0,0.0,0.0,0.0,0.0,0.0,True,True,True,non-critical dormant: review
500222495,dormant,none,False,,0.0,15.0,30,0.95,none,,0,0,0,0.0,0.0,0.0,0.0,0.0,0.0,0.0,0.0,0.0,True,True,True,non-critical dormant: review
500222496,dormant,none,False,,0.0,25.0,30,0.95,none,,0,0,0,0.0,0.0,0.0,0.0,0.0,0.0,0.0,0.0,0.0,True,True,True,non-critical dormant: review
500222497,dormant,none,False,,0.0,25.0,30,0.95,none,,0,0,0,0.0,0.0,0.0,0.0,0.0,0.0,0.0,0.0,0.0,True,True,True,non-critical dormant: review
500222498,dormant,none,False,,0.0,25.0,30,0.95,none,,0,0,0,0.0,0.0,0.0,0.0,0.0,0.0,0.0,0.0,0.0,True,True,True,non-critical dormant: review
500222499,dormant,none,False,,0.0,25.0,30,0.95,none,,0,0,0,0.0,0.0,0.0,0.0,0.0,0.0,0.0,0.0,0.0,True,True,True,non-critical dormant: review
500222500,dormant,none,False,,0.0,25.0,30,0.95,none,,0,0,0,0.0,0.0,0.0,0.0,0.0,0.0,0.0,0.0,0.0,True,True,True,non-critical dormant: review
500222501,dormant,none,False,,0.0,25.0,30,0.95,none,,0,0,0,0.0,0.0,0.0,0.0,0.0,0.0,0.0,0.0,0.0,True,True,True,non-critical dormant: review
500222502,dormant,none,False,,0.0,25.0,30,0.95,none,,0,0,0,0.0,0.0,0.0,0.0,0.0,0.0,0.0,0.0,0.0,True,True,True,non-critical dormant: review
500222503,dormant,none,False,,0.0,25.0,30,0.95,none,,0,0,0,0.0,0.0,0.0,0.0,0.0,0.0,0.0,0.0,0.0,True,True,True,non-critical dormant: review
500222504,dormant,none,False,,0.0,25.0,30,0.95,none,,0,0,0,0.0,0.0,0.0,0.0,0.0,0.0,0.0,0.0,0.0,True,True,True,non-critical dormant: review
500222505,dormant,none,False,,0.0,25.0,30,0.95,none,,0,0,0,0.0,0.0,0.0,0.0,0.0,0.0,0.0,0.0,0.0,True,True,True,non-critical dormant: review
500222506,dormant,none,False,,0.0,25.0,30,0.95,none,,0,0,0,0.0,0.0,0.0,0.0,1.0,2.0,0.0,-1.0,-2.0,True,True,False,non-critical dormant: review
500222507,dormant,none,False,,0.0,25.0,30,0.95,none,,0,0,0,0.0,0.0,0.0,0.0,0.0,0.0,0.0,0.0,0.0,True,True,True,non-critical dormant: review
500222508,dormant,none,False,,0.0,25.0,30,0.95,none,,0,0,0,0.0,0.0,0.0,0.0,1.0,2.0,0.0,-1.0,-2.0,True,True,False,non-critical dormant: review
500222509,dormant,none,False,D,0.0,15.0,30,0.9,none,,0,0,0,0.0,0.0,0.0,0.0,0.0,0.0,0.0,0.0,0.0,True,True,True,non-critical dormant: review
500222510,dormant,none,False,,0.0,25.0,30,0.95,none,,0,0,0,0.0,0.0,0.0,0.0,0.0,0.0,0.0,0.0,0.0,True,True,True,non-critical dormant: review
500222511,dormant,none,False,,0.0,25.0,30,0.95,none,,0,0,0,0.0,0.0,0.0,0.0,0.0,0.0,0.0,0.0,0.0,True,True,True,non-critical dormant: review
500222512,dormant,none,False,,0.0,25.0,30,0.95,none,,0,0,0,0.0,0.0,0.0,0.0,0.0,0.0,0.0,0.0,0.0,True,True,True,non-critical dormant: review
500222513,dormant,none,False,,0.0,25.0,30,0.95,none,,0,0,0,0.0,0.0,0.0,0.0,0.0,0.0,0.0,0.0,0.0,True,True,True,non-critical dormant: review
500222514,dormant,none,False,,0.0,25.0,30,0.95,none,,0,0,0,0.0,0.0,0.0,0.0,0.0,0.0,0.0,0.0,0.0,True,True,True,non-critical dormant: review
500222515,dormant,none,False,,0.0,25.0,30,0.95,none,,0,0,0,0.0,0.0,0.0,0.0,0.0,0.0,0.0,0.0,0.0,True,True,True,non-critical dormant: review
500222516,dormant,none,False,,0.0,25.0,30,0.95,none,,0,0,0,0.0,0.0,0.0,0.0,0.0,0.0,0.0,0.0,0.0,True,True,True,non-critical dormant: review
500222517,dormant,none,False,,0.0,25.0,30,0.95,none,,0,0,0,0.0,0.0,0.0,0.0,0.0,0.0,0.0,0.0,0.0,True,True,True,non-critical dormant: review
500222518,dormant,none,False,,0.0,25.0,30,0.95,none,,0,0,0,0.0,0.0,0.0,0.0,0.0,0.0,0.0,0.0,0.0,True,True,True,non-critical dormant: review
500222519,dormant,none,False,,0.0,25.0,30,0.95,none,,0,0,0,0.0,0.0,0.0,0.0,0.0,0.0,0.0,0.0,0.0,True,True,True,non-critical dormant: review
500222520,dormant,none,False,,0.0,25.0,30,0.95,none,,0,0,0,0.0,0.0,0.0,0.0,0.0,0.0,0.0,0.0,0.0,True,True,True,non-critical dormant: review
500222521,dormant,none,False,,0.0,25.0,30,0.95,none,,0,0,0,0.0,0.0,0.0,0.0,0.0,0.0,0.0,0.0,0.0,True,True,True,non-critical dormant: review
500222522,dormant,none,False,,0.0,25.0,30,0.95,none,,0,0,0,0.0,0.0,0.0,0.0,0.0,0.0,0.0,0.0,0.0,True,True,True,non-critical dormant: review
500222523,dormant,none,False,,0.0,25.0,30,0.95,none,,0,0,0,0.0,0.0,0.0,0.0,0.0,0.0,0.0,0.0,0.0,True,True,True,non-critical dormant: review
500222524,dormant,none,False,,0.0,25.0,30,0.95,none,,0,0,0,0.0,0.0,0.0,0.0,0.0,0.0,0.0,0.0,0.0,True,True,True,non-critical dormant: review
500222525,dormant,none,False,,0.0,25.0,30,0.95,none,,0,0,0,0.0,0.0,0.0,0.0,0.0,0.0,0.0,0.0,0.0,True,True,True,non-critical dormant: review
500222526,dormant,none,False,,0.0,25.0,30,0.95,none,,0,0,0,0.0,0.0,0.0,0.0,0.0,0.0,0.0,0.0,0.0,True,True,True,non-critical dormant: review
500222527,dormant,none,False,,0.0,25.0,30,0.95,none,,0,0,0,0.0,0.0,0.0,0.0,0.0,0.0,0.0,0.0,0.0,True,True,True,non-critical dormant: review
500222528,dormant,none,False,,0.0,25.0,30,0.95,none,,0,0,0,0.0,0.0,0.0,0.0,0.0,0.0,0.0,0.0,0.0,True,True,True,non-critical dormant: review
500222529,dormant,none,False,,0.0,25.0,30,0.95,none,,0,0,0,0.0,0.0,0.0,0.0,0.0,0.0,0.0,0.0,0.0,True,True,True,non-critical dormant: review
500222530,dormant,none,False,,0.0,25.0,30,0.95,none,,0,0,0,0.0,0.0,0.0,0.0,0.0,0.0,0.0,0.0,0.0,True,True,True,non-critical dormant: review
500222531,dormant,none,False,,0.0,25.0,30,0.95,none,,0,0,0,0.0,0.0,0.0,0.0,0.0,0.0,0.0,0.0,0.0,True,True,True,non-critical dormant: review
500222532,dormant,none,False,,0.0,25.0,30,0.95,none,,0,0,0,0.0,0.0,0.0,0.0,0.0,0.0,0.0,0.0,0.0,True,True,True,non-critical dormant: review
500222533,dormant,none,False,,0.0,25.0,30,0.95,none,,0,0,0,0.0,0.0,0.0,0.0,0.0,0.0,0.0,0.0,0.0,True,True,True,non-critical dormant: review
500222534,dormant,none,False,D,0.0,25.0,30,0.9,none,,0,0,0,0.0,0.0,0.0,0.0,0.0,0.0,0.0,0.0,0.0,True,True,True,non-critical dormant: review
500222535,dormant,none,False,,0.0,25.0,30,0.95,none,,0,0,0,0.0,0.0,0.0,0.0,0.0,0.0,0.0,0.0,0.0,True,True,True,non-critical dormant: review
500222536,dormant,none,False,,0.0,25.0,30,0.95,none,,0,0,0,0.0,0.0,0.0,0.0,0.0,0.0,0.0,0.0,0.0,True,True,True,non-critical dormant: review
500222537,dormant,none,False,,0.0,25.0,30,0.95,none,,0,0,0,0.0,0.0,0.0,0.0,0.0,0.0,0.0,0.0,0.0,True,True,True,non-critical dormant: review
500222538,dormant,none,False,,0.0,25.0,30,0.95,none,,0,0,0,0.0,0.0,0.0,0.0,0.0,0.0,0.0,0.0,0.0,True,True,True,non-critical dormant: review
500222539,dormant,none,False,,0.0,25.0,30,0.95,none,,0,0,0,0.0,0.0,0.0,0.0,0.0,0.0,0.0,0.0,0.0,True,True,True,non-critical dormant: review
500222540,dormant,none,False,,0.0,25.0,30,0.95,none,,0,0,0,0.0,0.0,0.0,0.0,0.0,0.0,0.0,0.0,0.0,True,True,True,non-critical dormant: review
500222541,dormant,none,False,,0.0,25.0,30,0.95,none,,0,0,0,0.0,0.0,0.0,0.0,0.0,0.0,0.0,0.0,0.0,True,True,True,non-critical dormant: review
500222542,dormant,none,False,,0.0,25.0,30,0.95,none,,0,0,0,0.0,0.0,0.0,0.0,0.0,0.0,0.0,0.0,0.0,True,True,True,non-critical dormant: review
500222543,dormant,none,False,,0.0,25.0,30,0.95,none,,0,0,0,0.0,0.0,0.0,0.0,0.0,0.0,0.0,0.0,0.0,True,True,True,non-critical dormant: review
500222544,dormant,none,False,,0.0,25.0,30,0.95,none,,0,0,0,0.0,0.0,0.0,0.0,0.0,0.0,0.0,0.0,0.0,True,True,True,non-critical dormant: review
500222545,dormant,none,False,,0.0,25.0,30,0.95,none,,0,0,0,0.0,0.0,0.0,0.0,0.0,0.0,0.0,0.0,0.0,True,True,True,non-critical dormant: review
500222546,dormant,none,False,,0.0,25.0,30,0.95,none,,0,0,0,0.0,0.0,0.0,0.0,0.0,0.0,0.0,0.0,0.0,True,True,True,non-critical dormant: review
500222547,dormant,none,False,,0.0,25.0,30,0.95,none,,0,0,0,0.0,0.0,0.0,0.0,0.0,0.0,0.0,0.0,0.0,True,True,True,non-critical dormant: review
500222548,dormant,none,False,,0.0,25.0,30,0.95,none,,0,0,0,0.0,0.0,0.0,0.0,0.0,0.0,0.0,0.0,0.0,True,True,True,non-critical dormant: review
500222549,dormant,none,False,,0.0,25.0,30,0.95,none,,0,0,0,0.0,0.0,0.0,0.0,0.0,0.0,0.0,0.0,0.0,True,True,True,non-critical dormant: review
500222550,dormant,none,False,,0.0,25.0,30,0.95,none,,0,0,0,0.0,0.0,0.0,0.0,0.0,0.0,0.0,0.0,0.0,True,True,True,non-critical dormant: review
500222551,dormant,none,False,,0.0,25.0,30,0.95,none,,0,0,0,0.0,0.0,0.0,0.0,0.0,0.0,0.0,0.0,0.0,True,True,True,non-critical dormant: review
500222552,dormant,none,False,,0.0,25.0,30,0.95,none,,0,0,0,0.0,0.0,0.0,0.0,0.0,0.0,0.0,0.0,0.0,True,True,True,non-critical dormant: review
500222553,dormant,none,False,,0.0,25.0,30,0.95,none,,0,0,0,0.0,0.0,0.0,0.0,0.0,0.0,0.0,0.0,0.0,True,True,True,non-critical dormant: review
500222554,dormant,none,False,,0.0,25.0,30,0.95,none,,0,0,0,0.0,0.0,0.0,0.0,0.0,0.0,0.0,0.0,0.0,True,True,True,non-critical dormant: review
500222555,dormant,none,False,,0.0,25.0,30,0.95,none,,0,0,0,0.0,0.0,0.0,0.0,0.0,0.0,0.0,0.0,0.0,True,True,True,non-critical dormant: review
500222556,active,constant,True,D,0.01643835616438356,15.0,30,0.9,nbinom,5.0,0,0,2,0.0,0.0,0.0,0.0,0.0,0.0,0.0,0.0,2.0,True,True,False,active
500222557,dormant,none,False,D,0.0,25.0,30,0.9,none,,0,0,0,0.0,0.0,0.0,0.0,0.0,0.0,0.0,0.0,0.0,True,True,True,non-critical dormant: review
500222558,dormant,none,False,,0.0,25.0,30,0.95,none,,0,0,0,0.0,0.0,0.0,0.0,0.0,0.0,0.0,0.0,0.0,True,True,True,non-critical dormant: review
500222559,dormant,none,False,,0.0,25.0,30,0.95,none,,0,0,0,0.0,0.0,0.0,0.0,0.0,0.0,0.0,0.0,0.0,True,True,True,non-critical dormant: review
500222560,dormant,none,False,,0.0,25.0,30,0.95,none,,0,0,0,0.0,0.0,0.0,0.0,0.0,0.0,0.0,0.0,0.0,True,True,True,non-critical dormant: review
500222561,dormant,none,False,,0.0,15.0,30,0.95,none,,0,0,0,0.0,0.0,0.0,0.0,0.0,0.0,0.0,0.0,0.0,True,True,True,non-critical dormant: review
500222562,dormant,none,False,,0.0,15.0,30,0.95,none,,0,0,0,0.0,0.0,0.0,0.0,0.0,0.0,0.0,0.0,0.0,True,True,True,non-critical dormant: review
500222563,dormant,none,False,,0.0,25.0,30,0.95,none,,0,0,0,0.0,0.0,0.0,0.0,0.0,0.0,0.0,0.0,0.0,True,True,True,non-critical dormant: review
500222564,dormant,none,False,,0.0,25.0,30,0.95,none,,0,0,0,0.0,0.0,0.0,0.0,0.0,0.0,0.0,0.0,0.0,True,True,True,non-critical dormant: review
500222565,dormant,none,False,,0.0,25.0,30,0.95,none,,0,0,0,0.0,0.0,0.0,0.0,0.0,0.0,0.0,0.0,0.0,True,True,True,non-critical dormant: review
500222566,dormant,none,False,D,0.0,15.0,30,0.9,none,,0,0,0,0.0,0.0,0.0,0.0,0.0,0.0,0.0,0.0,0.0,True,True,True,non-critical dormant: review
500222567,dormant,none,False,D,0.0,15.0,30,0.9,none,,0,0,0,0.0,0.0,0.0,0.0,0.0,0.0,0.0,0.0,0.0,True,True,True,non-critical dormant: review
500222568,dormant,none,False,,0.0,25.0,30,0.95,none,,0,0,0,0.0,0.0,0.0,0.0,0.0,0.0,0.0,0.0,0.0,True,True,True,non-critical dormant: review
500222569,dormant,none,False,,0.0,25.0,30,0.95,none,,0,0,0,0.0,0.0,0.0,0.0,0.0,0.0,0.0,0.0,0.0,True,True,True,non-critical dormant: review
500222570,dormant,none,False,,0.0,25.0,30,0.95,none,,0,0,0,0.0,0.0,0.0,0.0,0.0,0.0,0.0,0.0,0.0,True,True,True,non-critical dormant: review
500222571,dormant,none,False,,0.0,25.0,30,0.95,none,,0,0,0,0.0,0.0,0.0,0.0,0.0,0.0,0.0,0.0,0.0,True,True,True,non-critical dormant: review
500222572,dormant,none,False,,0.0,25.0,30,0.95,none,,0,0,0,0.0,0.0,0.0,0.0,0.0,0.0,0.0,0.0,0.0,True,True,True,non-critical dormant: review
500222573,dormant,none,False,,0.0,25.0,30,0.95,none,,0,0,0,0.0,0.0,0.0,0.0,0.0,0.0,0.0,0.0,0.0,True,True,True,non-critical dormant: review
500222574,dormant,none,False,D,0.0,15.0,30,0.9,none,,0,0,0,0.0,0.0,0.0,0.0,0.0,0.0,0.0,0.0,0.0,True,True,True,non-critical dormant: review
500222575,dormant,none,False,,0.0,25.0,30,0.95,none,,0,0,0,0.0,0.0,0.0,0.0,1.0,2.0,0.0,-1.0,-2.0,True,True,False,non-critical dormant: review
500222576,dormant,none,False,,0.0,25.0,30,0.95,none,,0,0,0,0.0,0.0,0.0,0.0,0.0,0.0,0.0,0.0,0.0,True,True,True,non-critical dormant: review
500222577,dormant,none,False,,0.0,55.0,30,0.95,none,,0,0,0,0.0,0.0,0.0,0.0,1.0,2.0,0.0,-1.0,-2.0,True,True,False,non-critical dormant: review
500222578,dormant,none,False,,0.0,55.0,30,0.95,none,,0,0,0,0.0,0.0,0.0,0.0,1.0,2.0,0.0,-1.0,-2.0,True,True,False,non-critical dormant: review
500222579,dormant,none,False,,0.0,75.0,30,0.95,none,,0,0,0,0.0,0.0,0.0,0.0,1.0,2.0,0.0,-1.0,-2.0,True,True,False,non-critical dormant: review
500222580,dormant,none,False,,0.0,15.0,30,0.95,none,,0,0,0,0.0,0.0,0.0,0.0,0.0,0.0,0.0,0.0,0.0,True,True,True,non-critical dormant: review
500222581,dormant,none,False,,0.0,25.0,30,0.95,none,,0,0,0,0.0,0.0,0.0,0.0,0.0,0.0,0.0,0.0,0.0,True,True,True,non-critical dormant: review
500222582,dormant,none,False,,0.0,25.0,30,0.95,none,,0,0,0,0.0,0.0,0.0,0.0,0.0,0.0,0.0,0.0,0.0,True,True,True,non-critical dormant: review
500222583,dormant,none,False,,0.0,25.0,30,0.95,none,,0,0,0,0.0,0.0,0.0,0.0,0.0,0.0,0.0,0.0,0.0,True,True,True,non-critical dormant: review
500222584,dormant,none,False,D,0.0,134.0,30,0.9,none,,0,0,0,0.0,0.0,0.0,0.0,0.0,0.0,0.0,0.0,0.0,True,True,True,non-critical dormant: review
500222585,dormant,none,False,D,0.0,15.0,30,0.9,none,,0,0,0,0.0,0.0,0.0,0.0,0.0,0.0,0.0,0.0,0.0,True,True,True,non-critical dormant: review
500222586,dormant,none,False,D,0.0,91.0,30,0.9,none,,0,0,0,0.0,0.0,0.0,0.0,0.0,0.0,0.0,0.0,0.0,True,True,True,non-critical dormant: review
500222587,dormant,none,False,,0.0,15.0,30,0.95,none,,0,0,0,0.0,0.0,0.0,0.0,0.0,0.0,0.0,0.0,0.0,True,True,True,non-critical dormant: review
500222588,dormant,none,False,,0.0,25.0,30,0.95,none,,0,0,0,0.0,0.0,0.0,0.0,0.0,0.0,0.0,0.0,0.0,True,True,True,non-critical dormant: review
500222589,dormant,none,False,,0.0,25.0,30,0.95,none,,0,0,0,0.0,0.0,0.0,0.0,0.0,0.0,0.0,0.0,0.0,True,True,True,non-critical dormant: review
500222590,dormant,none,False,D,0.0,105.0,30,0.9,none,,0,0,0,0.0,0.0,0.0,0.0,0.0,0.0,0.0,0.0,0.0,True,True,True,non-critical dormant: review
500222592,dormant,none,False,,0.0,25.0,30,0.95,none,,0,0,0,0.0,0.0,0.0,0.0,0.0,0.0,0.0,0.0,0.0,True,True,True,non-critical dormant: review
500222593,dormant,none,False,,0.0,25.0,30,0.95,none,,0,0,0,0.0,0.0,0.0,0.0,0.0,0.0,0.0,0.0,0.0,True,True,True,non-critical dormant: review
500222594,dormant,none,False,,0.0,25.0,30,0.95,none,,0,0,0,0.0,0.0,0.0,0.0,0.0,0.0,0.0,0.0,0.0,True,True,True,non-critical dormant: review
500222595,dormant,none,False,,0.0,25.0,30,0.95,none,,0,0,0,0.0,0.0,0.0,0.0,0.0,0.0,0.0,0.0,0.0,True,True,True,non-critical dormant: review
500222596,dormant,none,False,,0.0,25.0,30,0.95,none,,0,0,0,0.0,0.0,0.0,0.0,0.0,0.0,0.0,0.0,0.0,True,True,True,non-critical dormant: review
500222597,dormant,none,False,,0.0,25.0,30,0.95,none,,0,0,0,0.0,0.0,0.0,0.0,0.0,0.0,0.0,0.0,0.0,True,True,True,non-critical dormant: review
500222598,dormant,none,False,,0.0,25.0,30,0.95,none,,0,0,0,0.0,0.0,0.0,0.0,0.0,0.0,0.0,0.0,0.0,True,True,True,non-critical dormant: review
500222599,dormant,none,False,,0.0,55.0,30,0.95,none,,0,0,0,0.0,0.0,0.0,0.0,0.0,0.0,0.0,0.0,0.0,True,True,True,non-critical dormant: review
500222600,dormant,none,False,,0.0,15.0,30,0.95,none,,0,0,0,0.0,0.0,0.0,0.0,0.0,0.0,0.0,0.0,0.0,True,True,True,non-critical dormant: review
500222601,dormant,none,False,,0.0,25.0,30,0.95,none,,0,0,0,0.0,0.0,0.0,0.0,0.0,0.0,0.0,0.0,0.0,True,True,True,non-critical dormant: review
500222602,dormant,none,False,,0.0,25.0,30,0.95,none,,0,0,0,0.0,0.0,0.0,0.0,0.0,0.0,0.0,0.0,0.0,True,True,True,non-critical dormant: review
500222603,dormant,none,False,,0.0,25.0,30,0.95,none,,0,0,0,0.0,0.0,0.0,0.0,0.0,0.0,0.0,0.0,0.0,True,True,True,non-critical dormant: review
500222604,dormant,none,False,,0.0,10.0,30,0.95,none,,0,0,0,0.0,0.0,0.0,0.0,0.0,0.0,0.0,0.0,0.0,True,True,True,non-critical dormant: review
500222605,dormant,none,False,,0.0,15.0,30,0.95,none,,0,0,0,0.0,0.0,0.0,0.0,0.0,0.0,0.0,0.0,0.0,True,True,True,non-critical dormant: review
500222606,dormant,none,False,D,0.0,15.0,30,0.9,none,,0,0,0,0.0,0.0,1.0,0.0,0.0,1.0,0.0,0.0,-1.0,True,True,True,non-critical dormant: review
500222607,dormant,none,False,,0.0,25.0,30,0.95,none,,0,0,0,0.0,0.0,0.0,0.0,0.0,0.0,0.0,0.0,0.0,True,True,True,non-critical dormant: review
500222608,dormant,none,False,D,0.0,15.0,30,0.9,none,,0,0,0,0.0,0.0,0.0,0.0,0.0,0.0,0.0,0.0,0.0,True,True,True,non-critical dormant: review
500222609,dormant,none,False,,0.0,25.0,30,0.95,none,,0,0,0,0.0,0.0,0.0,0.0,0.0,0.0,0.0,0.0,0.0,True,True,True,non-critical dormant: review
500222610,dormant,none,False,,0.0,25.0,30,0.95,none,,0,0,0,0.0,0.0,0.0,0.0,0.0,0.0,0.0,0.0,0.0,True,True,True,non-critical dormant: review
500222612,dormant,none,False,D,0.0,15.0,30,0.9,none,,0,0,0,0.0,0.0,0.0,0.0,0.0,0.0,0.0,0.0,0.0,True,True,True,non-critical dormant: review
500222613,dormant,none,False,,0.0,25.0,30,0.95,none,,0,0,0,0.0,0.0,0.0,0.0,0.0,0.0,0.0,0.0,0.0,True,True,True,non-critical dormant: review
500222614,dormant,none,False,D,0.0,15.0,30,0.9,none,,0,0,0,0.0,0.0,0.0,0.0,0.0,0.0,0.0,0.0,0.0,True,True,True,non-critical dormant: review
500222615,dormant,none,False,,0.0,15.0,30,0.95,none,,0,0,0,0.0,0.0,0.0,0.0,0.0,0.0,0.0,0.0,0.0,True,True,True,non-critical dormant: review
500222616,dormant,none,False,D,0.0,65.0,30,0.9,none,,0,0,0,0.0,0.0,0.0,0.0,0.0,0.0,0.0,0.0,0.0,True,True,True,non-critical dormant: review
500222617,dormant,none,False,D,0.0,10.0,30,0.9,none,,0,0,0,0.0,0.0,1.0,0.0,0.0,1.0,0.0,0.0,-1.0,True,True,True,non-critical dormant: review
500222618,dormant,none,False,,0.0,25.0,30,0.95,none,,0,0,0,0.0,0.0,0.0,0.0,0.0,0.0,0.0,0.0,0.0,True,True,True,non-critical dormant: review
500222619,dormant,none,False,D,0.0,15.0,30,0.9,none,,0,0,0,0.0,0.0,0.0,0.0,0.0,0.0,0.0,0.0,0.0,True,True,True,non-critical dormant: review
500222620,dormant,none,False,D,0.0,15.0,30,0.9,none,,0,0,0,0.0,0.0,0.0,0.0,0.0,0.0,0.0,0.0,0.0,True,True,True,non-critical dormant: review
500222621,dying,dying,False,L,0.0,15.0,30,0.9,nbinom,5.0,0,0,1,0.0,0.0,1.0,0.0,0.0,1.0,0.0,0.0,0.0,True,True,True,"dying: demand ceased, review"
500222622,dormant,none,False,D,0.0,25.0,30,0.9,none,,0,0,0,0.0,0.0,0.0,0.0,0.0,0.0,0.0,0.0,0.0,True,True,True,non-critical dormant: review
500222623,dying,dying,False,L,0.0,15.0,30,0.9,nbinom,5.0,0,0,1,0.0,0.0,1.0,0.0,0.0,1.0,0.0,0.0,0.0,True,True,True,"dying: demand ceased, review"
500222624,dormant,none,False,D,0.0,70.0,30,0.9,none,,0,0,0,0.0,0.0,0.0,0.0,0.0,0.0,0.0,0.0,0.0,True,True,True,non-critical dormant: review
500222625,dormant,none,False,,0.0,25.0,30,0.95,none,,0,0,0,0.0,0.0,0.0,0.0,0.0,0.0,0.0,0.0,0.0,True,True,True,non-critical dormant: review
500222626,dormant,none,False,,0.0,25.0,30,0.95,none,,0,0,0,0.0,0.0,0.0,0.0,0.0,0.0,0.0,0.0,0.0,True,True,True,non-critical dormant: review
500222627,dormant,none,False,,0.0,25.0,30,0.95,none,,0,0,0,0.0,0.0,0.0,0.0,0.0,0.0,0.0,0.0,0.0,True,True,True,non-critical dormant: review
500222628,dormant,none,False,,0.0,25.0,30,0.95,none,,0,0,0,0.0,0.0,0.0,0.0,0.0,0.0,0.0,0.0,0.0,True,True,True,non-critical dormant: review
500222629,dormant,none,False,,0.0,25.0,30,0.95,none,,0,0,0,0.0,0.0,0.0,0.0,0.0,0.0,0.0,0.0,0.0,True,True,True,non-critical dormant: review
500222630,dormant,none,False,,0.0,25.0,30,0.95,none,,0,0,0,0.0,0.0,0.0,0.0,0.0,0.0,0.0,0.0,0.0,True,True,True,non-critical dormant: review
500222631,dormant,none,False,D,0.0,15.0,30,0.9,none,,0,0,0,0.0,0.0,0.0,0.0,0.0,0.0,0.0,0.0,0.0,True,True,True,non-critical dormant: review
500222632,dormant,none,False,,0.0,55.0,30,0.95,none,,0,0,0,0.0,0.0,0.0,0.0,0.0,0.0,0.0,0.0,0.0,True,True,True,non-critical dormant: review
500222633,dormant,none,False,,0.0,15.0,30,0.95,none,,0,0,0,0.0,0.0,0.0,0.0,0.0,0.0,0.0,0.0,0.0,True,True,True,non-critical dormant: review
500222634,dormant,none,False,D,0.0,48.0,30,0.9,none,,0,0,0,0.0,0.0,0.0,0.0,0.0,0.0,0.0,0.0,0.0,True,True,True,non-critical dormant: review
500222635,dormant,none,False,D,0.0,25.0,30,0.9,none,,0,0,0,0.0,0.0,0.0,0.0,0.0,0.0,0.0,0.0,0.0,True,True,True,non-critical dormant: review
500222636,dormant,none,False,D,0.0,15.0,30,0.9,none,,0,0,0,0.0,0.0,0.0,0.0,0.0,0.0,0.0,0.0,0.0,True,True,True,non-critical dormant: review
500222637,dormant,none,False,,0.0,25.0,30,0.95,none,,0,0,0,0.0,0.0,0.0,0.0,0.0,0.0,0.0,0.0,0.0,True,True,True,non-critical dormant: review
500222638,dormant,none,False,D,0.0,15.0,30,0.9,none,,0,0,0,0.0,0.0,0.0,0.0,0.0,0.0,0.0,0.0,0.0,True,True,True,non-critical dormant: review
500222639,dormant,none,False,,0.0,15.0,30,0.95,none,,0,0,0,0.0,0.0,0.0,0.0,0.0,0.0,0.0,0.0,0.0,True,True,True,non-critical dormant: review
500222641,dormant,none,False,,0.0,45.0,30,0.95,none,,0,0,0,0.0,0.0,0.0,0.0,0.0,0.0,0.0,0.0,0.0,True,True,True,non-critical dormant: review
500222642,dormant,none,False,,0.0,25.0,30,0.95,none,,0,0,0,0.0,0.0,0.0,0.0,0.0,0.0,0.0,0.0,0.0,True,True,True,non-critical dormant: review
500222643,dormant,none,False,D,0.0,10.0,30,0.9,none,,0,0,0,0.0,0.0,0.0,0.0,0.0,0.0,0.0,0.0,0.0,True,True,True,non-critical dormant: review
500222644,dormant,none,False,,0.0,25.0,30,0.95,none,,0,0,0,0.0,0.0,0.0,0.0,0.0,0.0,0.0,0.0,0.0,True,True,True,non-critical dormant: review
500222645,dormant,none,False,,0.0,25.0,30,0.95,none,,0,0,0,0.0,0.0,0.0,0.0,0.0,0.0,0.0,0.0,0.0,True,True,True,non-critical dormant: review
500222646,dormant,none,False,,0.0,25.0,30,0.95,none,,0,0,0,0.0,0.0,0.0,0.0,0.0,0.0,0.0,0.0,0.0,True,True,True,non-critical dormant: review
500222647,dormant,none,False,,0.0,25.0,30,0.95,none,,0,0,0,0.0,0.0,0.0,0.0,0.0,0.0,0.0,0.0,0.0,True,True,True,non-critical dormant: review
500222648,dormant,none,False,,0.0,25.0,30,0.95,none,,0,0,0,0.0,0.0,0.0,0.0,0.0,0.0,0.0,0.0,0.0,True,True,True,non-critical dormant: review
500222649,dormant,none,False,,0.0,25.0,30,0.95,none,,0,0,0,0.0,0.0,0.0,0.0,0.0,0.0,0.0,0.0,0.0,True,True,True,non-critical dormant: review
500222650,dormant,none,False,,0.0,25.0,30,0.95,none,,0,0,0,0.0,0.0,0.0,0.0,0.0,0.0,0.0,0.0,0.0,True,True,True,non-critical dormant: review
500222651,dormant,none,False,,0.0,25.0,30,0.95,none,,0,0,0,0.0,0.0,0.0,0.0,0.0,0.0,0.0,0.0,0.0,True,True,True,non-critical dormant: review
500222652,dormant,none,False,,0.0,25.0,30,0.95,none,,0,0,0,0.0,0.0,0.0,0.0,0.0,0.0,0.0,0.0,0.0,True,True,True,non-critical dormant: review
500222653,dormant,none,False,D,0.0,10.0,30,0.9,none,,0,0,0,0.0,0.0,0.0,0.0,0.0,0.0,0.0,0.0,0.0,True,True,True,non-critical dormant: review
500222654,dormant,none,False,D,0.0,15.0,30,0.9,none,,0,0,0,0.0,0.0,0.0,0.0,0.0,0.0,0.0,0.0,0.0,True,True,True,non-critical dormant: review
500222655,dormant,none,False,,0.0,25.0,30,0.95,none,,0,0,0,0.0,0.0,0.0,0.0,0.0,0.0,0.0,0.0,0.0,True,True,True,non-critical dormant: review
500222656,dormant,none,False,D,0.0,15.0,30,0.9,none,,0,0,0,0.0,0.0,0.0,0.0,0.0,0.0,0.0,0.0,0.0,True,True,True,non-critical dormant: review
500222657,dormant,none,False,,0.0,25.0,30,0.95,none,,0,0,0,0.0,0.0,0.0,0.0,0.0,0.0,0.0,0.0,0.0,True,True,True,non-critical dormant: review
500222658,dormant,none,False,D,0.0,15.0,30,0.9,none,,0,0,0,0.0,0.0,0.0,0.0,0.0,0.0,0.0,0.0,0.0,True,True,True,non-critical dormant: review
500222659,dormant,none,False,,0.0,25.0,30,0.95,none,,0,0,0,0.0,0.0,0.0,0.0,0.0,0.0,0.0,0.0,0.0,True,True,True,non-critical dormant: review
500222660,dormant,none,False,,0.0,25.0,30,0.95,none,,0,0,0,0.0,0.0,0.0,0.0,0.0,0.0,0.0,0.0,0.0,True,True,True,non-critical dormant: review
500222662,dormant,none,False,D,0.0,15.0,30,0.9,none,,0,0,0,0.0,0.0,0.0,0.0,0.0,0.0,0.0,0.0,0.0,True,True,True,non-critical dormant: review
500222663,dormant,none,False,D,0.0,10.0,30,0.9,none,,0,0,0,0.0,0.0,0.0,0.0,0.0,0.0,0.0,0.0,0.0,True,True,True,non-critical dormant: review
500222664,dormant,none,False,,0.0,25.0,30,0.95,none,,0,0,0,0.0,0.0,0.0,0.0,0.0,0.0,0.0,0.0,0.0,True,True,True,non-critical dormant: review
500222665,dormant,none,False,,0.0,25.0,30,0.95,none,,0,0,0,0.0,0.0,0.0,0.0,0.0,0.0,0.0,0.0,0.0,True,True,True,non-critical dormant: review
500222666,dormant,none,False,,0.0,25.0,30,0.95,none,,0,0,0,0.0,0.0,0.0,0.0,0.0,0.0,0.0,0.0,0.0,True,True,True,non-critical dormant: review
500222667,dormant,none,False,,0.0,25.0,30,0.95,none,,0,0,0,0.0,0.0,0.0,0.0,0.0,0.0,0.0,0.0,0.0,True,True,True,non-critical dormant: review
500222668,dormant,none,False,,0.0,25.0,30,0.95,none,,0,0,0,0.0,0.0,0.0,0.0,0.0,0.0,0.0,0.0,0.0,True,True,True,non-critical dormant: review
500222669,dormant,none,False,,0.0,25.0,30,0.95,none,,0,0,0,0.0,0.0,0.0,0.0,0.0,0.0,0.0,0.0,0.0,True,True,True,non-critical dormant: review
500222670,dormant,none,False,,0.0,25.0,30,0.95,none,,0,0,0,0.0,0.0,0.0,0.0,0.0,0.0,0.0,0.0,0.0,True,True,True,non-critical dormant: review
500222671,dormant,none,False,,0.0,25.0,30,0.95,none,,0,0,0,0.0,0.0,0.0,0.0,0.0,0.0,0.0,0.0,0.0,True,True,True,non-critical dormant: review
500222672,dormant,none,False,,0.0,25.0,30,0.95,none,,0,0,0,0.0,0.0,0.0,0.0,0.0,0.0,0.0,0.0,0.0,True,True,True,non-critical dormant: review
500222673,dormant,none,False,,0.0,25.0,30,0.95,none,,0,0,0,0.0,0.0,0.0,0.0,0.0,0.0,0.0,0.0,0.0,True,True,True,non-critical dormant: review
500222674,dormant,none,False,,0.0,25.0,30,0.95,none,,0,0,0,0.0,0.0,0.0,0.0,0.0,0.0,0.0,0.0,0.0,True,True,True,non-critical dormant: review
500222675,dormant,none,False,,0.0,25.0,30,0.95,none,,0,0,0,0.0,0.0,0.0,0.0,0.0,0.0,0.0,0.0,0.0,True,True,True,non-critical dormant: review
500222676,dormant,none,False,,0.0,25.0,30,0.95,none,,0,0,0,0.0,0.0,0.0,0.0,0.0,0.0,0.0,0.0,0.0,True,True,True,non-critical dormant: review
500222677,dormant,none,False,,0.0,25.0,30,0.95,none,,0,0,0,0.0,0.0,0.0,0.0,0.0,0.0,0.0,0.0,0.0,True,True,True,non-critical dormant: review
500222678,dormant,none,False,,0.0,25.0,30,0.95,none,,0,0,0,0.0,0.0,0.0,0.0,0.0,0.0,0.0,0.0,0.0,True,True,True,non-critical dormant: review
500222679,dormant,none,False,,0.0,25.0,30,0.95,none,,0,0,0,0.0,0.0,0.0,0.0,0.0,0.0,0.0,0.0,0.0,True,True,True,non-critical dormant: review
500222680,dormant,none,False,,0.0,25.0,30,0.95,none,,0,0,0,0.0,0.0,0.0,0.0,0.0,0.0,0.0,0.0,0.0,True,True,True,non-critical dormant: review
500222684,dormant,none,False,,0.0,15.0,30,0.95,none,,0,0,0,0.0,0.0,0.0,0.0,0.0,0.0,0.0,0.0,0.0,True,True,True,non-critical dormant: review
500222685,dormant,none,False,,0.0,25.0,30,0.95,none,,0,0,0,0.0,0.0,0.0,0.0,0.0,0.0,0.0,0.0,0.0,True,True,True,non-critical dormant: review
500222686,dormant,none,False,,0.0,25.0,30,0.95,none,,0,0,0,0.0,0.0,0.0,0.0,0.0,0.0,0.0,0.0,0.0,True,True,True,non-critical dormant: review
500222687,dormant,none,False,,0.0,15.0,30,0.95,none,,0,0,0,0.0,0.0,0.0,0.0,0.0,0.0,0.0,0.0,0.0,True,True,True,non-critical dormant: review
500222688,dormant,none,False,,0.0,25.0,30,0.95,none,,0,0,0,0.0,0.0,0.0,0.0,0.0,0.0,0.0,0.0,0.0,True,True,True,non-critical dormant: review
500222689,dormant,none,False,,0.0,25.0,30,0.95,none,,0,0,0,0.0,0.0,0.0,0.0,0.0,0.0,0.0,0.0,0.0,True,True,True,non-critical dormant: review
500222690,dormant,none,False,,0.0,25.0,30,0.95,none,,0,0,0,0.0,0.0,0.0,0.0,0.0,0.0,0.0,0.0,0.0,True,True,True,non-critical dormant: review
500222691,dormant,none,False,,0.0,25.0,30,0.95,none,,0,0,0,0.0,0.0,0.0,0.0,0.0,0.0,0.0,0.0,0.0,True,True,True,non-critical dormant: review
500222692,dormant,none,False,,0.0,25.0,30,0.95,none,,0,0,0,0.0,0.0,0.0,0.0,0.0,0.0,0.0,0.0,0.0,True,True,True,non-critical dormant: review
500222693,dormant,none,False,,0.0,25.0,30,0.95,none,,0,0,0,0.0,0.0,0.0,0.0,0.0,0.0,0.0,0.0,0.0,True,True,True,non-critical dormant: review
500222694,dormant,none,False,,0.0,25.0,30,0.95,none,,0,0,0,0.0,0.0,0.0,0.0,0.0,0.0,0.0,0.0,0.0,True,True,True,non-critical dormant: review
500222695,dormant,none,False,,0.0,15.0,30,0.95,none,,0,0,0,0.0,0.0,0.0,0.0,0.0,0.0,0.0,0.0,0.0,True,True,True,non-critical dormant: review
500222696,dormant,none,False,D,0.0,15.0,30,0.9,none,,0,0,0,0.0,0.0,0.0,0.0,0.0,0.0,0.0,0.0,0.0,True,True,True,non-critical dormant: review
500222697,dormant,none,False,,0.0,25.0,30,0.95,none,,0,0,0,0.0,0.0,0.0,0.0,0.0,0.0,0.0,0.0,0.0,True,True,True,non-critical dormant: review
500222698,dormant,none,False,,0.0,75.0,30,0.95,none,,0,0,0,0.0,0.0,0.0,0.0,0.0,0.0,0.0,0.0,0.0,True,True,True,non-critical dormant: review
500222699,dormant,none,False,D,0.0,15.0,30,0.9,none,,0,0,0,0.0,0.0,0.0,0.0,0.0,0.0,0.0,0.0,0.0,True,True,True,non-critical dormant: review
500222700,dormant,none,False,,0.0,25.0,30,0.95,none,,0,0,0,0.0,0.0,0.0,0.0,0.0,0.0,0.0,0.0,0.0,True,True,True,non-critical dormant: review
500222701,dormant,none,False,,0.0,25.0,30,0.95,none,,0,0,0,0.0,0.0,0.0,0.0,0.0,0.0,0.0,0.0,0.0,True,True,True,non-critical dormant: review
500222702,dormant,none,False,,0.0,25.0,30,0.95,none,,0,0,0,0.0,0.0,0.0,0.0,0.0,0.0,0.0,0.0,0.0,True,True,True,non-critical dormant: review
500222703,dormant,none,False,,0.0,25.0,30,0.95,none,,0,0,0,0.0,0.0,0.0,0.0,0.0,0.0,0.0,0.0,0.0,True,True,True,non-critical dormant: review
500222704,dormant,none,False,,0.0,25.0,30,0.95,none,,0,0,0,0.0,0.0,0.0,0.0,0.0,0.0,0.0,0.0,0.0,True,True,True,non-critical dormant: review
500222705,dormant,none,False,,0.0,25.0,30,0.95,none,,0,0,0,0.0,0.0,0.0,0.0,0.0,0.0,0.0,0.0,0.0,True,True,True,non-critical dormant: review
500222706,dormant,none,False,,0.0,25.0,30,0.95,none,,0,0,0,0.0,0.0,0.0,0.0,0.0,0.0,0.0,0.0,0.0,True,True,True,non-critical dormant: review
500222707,dormant,none,False,,0.0,25.0,30,0.95,none,,0,0,0,0.0,0.0,0.0,0.0,0.0,0.0,0.0,0.0,0.0,True,True,True,non-critical dormant: review
500222708,dormant,none,False,D,0.0,25.0,30,0.9,none,,0,0,0,0.0,0.0,0.0,0.0,0.0,0.0,0.0,0.0,0.0,True,True,True,non-critical dormant: review
500222709,dormant,none,False,,0.0,25.0,30,0.95,none,,0,0,0,0.0,0.0,0.0,0.0,0.0,0.0,0.0,0.0,0.0,True,True,True,non-critical dormant: review
500222710,dormant,none,False,,0.0,25.0,30,0.95,none,,0,0,0,0.0,0.0,0.0,0.0,0.0,0.0,0.0,0.0,0.0,True,True,True,non-critical dormant: review
500222711,dormant,none,False,,0.0,25.0,30,0.95,none,,0,0,0,0.0,0.0,0.0,0.0,0.0,0.0,0.0,0.0,0.0,True,True,True,non-critical dormant: review
500222712,dormant,none,False,,0.0,25.0,30,0.95,none,,0,0,0,0.0,0.0,0.0,0.0,0.0,0.0,0.0,0.0,0.0,True,True,True,non-critical dormant: review
500222713,dormant,none,False,,0.0,25.0,30,0.95,none,,0,0,0,0.0,0.0,0.0,0.0,0.0,0.0,0.0,0.0,0.0,True,True,True,non-critical dormant: review
500222714,dormant,none,False,,0.0,25.0,30,0.95,none,,0,0,0,0.0,0.0,0.0,0.0,0.0,0.0,0.0,0.0,0.0,True,True,True,non-critical dormant: review
500222715,dormant,none,False,,0.0,25.0,30,0.95,none,,0,0,0,0.0,0.0,0.0,0.0,0.0,0.0,0.0,0.0,0.0,True,True,True,non-critical dormant: review
500222716,dormant,none,False,,0.0,25.0,30,0.95,none,,0,0,0,0.0,0.0,0.0,0.0,0.0,0.0,0.0,0.0,0.0,True,True,True,non-critical dormant: review
500222717,dormant,none,False,,0.0,25.0,30,0.95,none,,0,0,0,0.0,0.0,0.0,0.0,0.0,0.0,0.0,0.0,0.0,True,True,True,non-critical dormant: review
500222718,dormant,none,False,,0.0,25.0,30,0.95,none,,0,0,0,0.0,0.0,0.0,0.0,0.0,0.0,0.0,0.0,0.0,True,True,True,non-critical dormant: review
500222719,dormant,none,False,,0.0,25.0,30,0.95,none,,0,0,0,0.0,0.0,0.0,0.0,0.0,0.0,0.0,0.0,0.0,True,True,True,non-critical dormant: review
500222720,dormant,none,False,,0.0,25.0,30,0.95,none,,0,0,0,0.0,0.0,0.0,0.0,0.0,0.0,0.0,0.0,0.0,True,True,True,non-critical dormant: review
500222721,dormant,none,False,,0.0,25.0,30,0.95,none,,0,0,0,0.0,0.0,0.0,0.0,0.0,0.0,0.0,0.0,0.0,True,True,True,non-critical dormant: review
500222722,dormant,none,False,,0.0,25.0,30,0.95,none,,0,0,0,0.0,0.0,0.0,0.0,0.0,0.0,0.0,0.0,0.0,True,True,True,non-critical dormant: review
500222723,dormant,none,False,,0.0,25.0,30,0.95,none,,0,0,0,0.0,0.0,0.0,0.0,0.0,0.0,0.0,0.0,0.0,True,True,True,non-critical dormant: review
500222724,dormant,none,False,,0.0,25.0,30,0.95,none,,0,0,0,0.0,0.0,0.0,0.0,0.0,0.0,0.0,0.0,0.0,True,True,True,non-critical dormant: review
500222725,dormant,none,False,,0.0,25.0,30,0.95,none,,0,0,0,0.0,0.0,0.0,0.0,0.0,0.0,0.0,0.0,0.0,True,True,True,non-critical dormant: review
500222726,dormant,none,False,,0.0,25.0,30,0.95,none,,0,0,0,0.0,0.0,0.0,0.0,0.0,0.0,0.0,0.0,0.0,True,True,True,non-critical dormant: review
500222727,dormant,none,False,,0.0,25.0,30,0.95,none,,0,0,0,0.0,0.0,0.0,0.0,0.0,0.0,0.0,0.0,0.0,True,True,True,non-critical dormant: review
500222728,dormant,none,False,,0.0,25.0,30,0.95,none,,0,0,0,0.0,0.0,0.0,0.0,0.0,0.0,0.0,0.0,0.0,True,True,True,non-critical dormant: review
500222729,dormant,none,False,,0.0,25.0,30,0.95,none,,0,0,0,0.0,0.0,0.0,0.0,0.0,0.0,0.0,0.0,0.0,True,True,True,non-critical dormant: review
500222730,dormant,none,False,,0.0,25.0,30,0.95,none,,0,0,0,0.0,0.0,0.0,0.0,0.0,0.0,0.0,0.0,0.0,True,True,True,non-critical dormant: review
500222731,dormant,none,False,,0.0,25.0,30,0.95,none,,0,0,0,0.0,0.0,0.0,0.0,0.0,0.0,0.0,0.0,0.0,True,True,True,non-critical dormant: review
500222732,dormant,none,False,,0.0,25.0,30,0.95,none,,0,0,0,0.0,0.0,0.0,0.0,0.0,0.0,0.0,0.0,0.0,True,True,True,non-critical dormant: review
500222733,dormant,none,False,,0.0,25.0,30,0.95,none,,0,0,0,0.0,0.0,0.0,0.0,0.0,0.0,0.0,0.0,0.0,True,True,True,non-critical dormant: review
500222734,dormant,none,False,,0.0,25.0,30,0.95,none,,0,0,0,0.0,0.0,0.0,0.0,0.0,0.0,0.0,0.0,0.0,True,True,True,non-critical dormant: review
500222735,dormant,none,False,,0.0,25.0,30,0.95,none,,0,0,0,0.0,0.0,0.0,0.0,0.0,0.0,0.0,0.0,0.0,True,True,True,non-critical dormant: review
500222736,dormant,none,False,,0.0,25.0,30,0.95,none,,0,0,0,0.0,0.0,0.0,0.0,0.0,0.0,0.0,0.0,0.0,True,True,True,non-critical dormant: review
500222737,dormant,none,False,,0.0,25.0,30,0.95,none,,0,0,0,0.0,0.0,0.0,0.0,0.0,0.0,0.0,0.0,0.0,True,True,True,non-critical dormant: review
500222738,dormant,none,False,,0.0,25.0,30,0.95,none,,0,0,0,0.0,0.0,0.0,0.0,0.0,0.0,0.0,0.0,0.0,True,True,True,non-critical dormant: review
500222739,dormant,none,False,,0.0,55.0,30,0.95,none,,0,0,0,0.0,0.0,0.0,0.0,1.0,2.0,0.0,-1.0,-2.0,True,True,False,non-critical dormant: review
500222740,dormant,none,False,,0.0,25.0,30,0.95,none,,0,0,0,0.0,0.0,0.0,0.0,1.0,2.0,0.0,-1.0,-2.0,True,True,False,non-critical dormant: review
500222741,dying,dying,False,L,0.010958904109589041,25.0,30,0.9,nbinom,5.0,1,1,2,0.0,0.0,0.0,0.0,0.0,1.0,1.0,1.0,1.0,True,True,True,"dying: demand ceased, review"
500222742,dormant,none,False,,0.0,25.0,30,0.95,none,,0,0,0,0.0,0.0,0.0,0.0,0.0,0.0,0.0,0.0,0.0,True,True,True,non-critical dormant: review
500222743,dormant,none,False,,0.0,25.0,30,0.95,none,,0,0,0,0.0,0.0,0.0,0.0,1.0,2.0,0.0,-1.0,-2.0,True,True,False,non-critical dormant: review
500222744,dormant,none,False,D,0.0,25.0,30,0.9,none,,0,0,0,0.0,0.0,0.0,0.0,1.0,2.0,0.0,-1.0,-2.0,True,True,False,non-critical dormant: review
500222745,dormant,none,False,,0.0,25.0,30,0.95,none,,0,0,0,0.0,0.0,0.0,0.0,0.0,0.0,0.0,0.0,0.0,True,True,True,non-critical dormant: review
500222746,dormant,none,False,,0.0,25.0,30,0.95,none,,0,0,0,0.0,0.0,0.0,0.0,0.0,0.0,0.0,0.0,0.0,True,True,True,non-critical dormant: review
500222747,dormant,none,False,,0.0,90.0,30,0.95,none,,0,0,0,0.0,0.0,0.0,0.0,0.0,0.0,0.0,0.0,0.0,True,True,True,non-critical dormant: review
500222748,dormant,none,False,,0.0,15.0,30,0.95,none,,0,0,0,0.0,0.0,0.0,0.0,0.0,0.0,0.0,0.0,0.0,True,True,True,non-critical dormant: review
500222749,dormant,none,False,,0.0,25.0,30,0.95,none,,0,0,0,0.0,0.0,0.0,0.0,0.0,0.0,0.0,0.0,0.0,True,True,True,non-critical dormant: review
500222750,dormant,none,False,,0.0,25.0,30,0.95,none,,0,0,0,0.0,0.0,0.0,0.0,0.0,0.0,0.0,0.0,0.0,True,True,True,non-critical dormant: review
500222751,dormant,none,False,,0.0,25.0,30,0.95,none,,0,0,0,0.0,0.0,0.0,0.0,0.0,0.0,0.0,0.0,0.0,True,True,True,non-critical dormant: review
500222752,dormant,none,False,,0.0,25.0,30,0.95,none,,0,0,0,0.0,0.0,0.0,0.0,0.0,0.0,0.0,0.0,0.0,True,True,True,non-critical dormant: review
500222753,dormant,none,False,,0.0,25.0,30,0.95,none,,0,0,0,0.0,0.0,0.0,0.0,0.0,0.0,0.0,0.0,0.0,True,True,True,non-critical dormant: review
500222754,dormant,none,False,D,0.0,38.0,30,0.9,none,,0,0,0,0.0,0.0,0.0,0.0,0.0,0.0,0.0,0.0,0.0,True,True,True,non-critical dormant: review
500222755,dormant,none,False,,0.0,25.0,30,0.95,none,,0,0,0,0.0,0.0,0.0,0.0,0.0,0.0,0.0,0.0,0.0,True,True,True,non-critical dormant: review
500222756,dormant,none,False,,0.0,25.0,30,0.95,none,,0,0,0,0.0,0.0,0.0,0.0,0.0,0.0,0.0,0.0,0.0,True,True,True,non-critical dormant: review
500222757,dormant,none,False,,0.0,25.0,30,0.95,none,,0,0,0,0.0,0.0,0.0,0.0,0.0,0.0,0.0,0.0,0.0,True,True,True,non-critical dormant: review
500222758,dormant,none,False,,0.0,25.0,30,0.95,none,,0,0,0,0.0,0.0,0.0,0.0,0.0,0.0,0.0,0.0,0.0,True,True,True,non-critical dormant: review
500222759,dormant,none,False,,0.0,25.0,30,0.95,none,,0,0,0,0.0,0.0,0.0,0.0,0.0,0.0,0.0,0.0,0.0,True,True,True,non-critical dormant: review
500222760,dormant,none,False,,0.0,15.0,30,0.95,none,,0,0,0,0.0,0.0,0.0,0.0,0.0,1.0,0.0,0.0,-1.0,True,True,True,non-critical dormant: review
500222761,dormant,none,False,,0.0,15.0,30,0.95,none,,0,0,0,0.0,0.0,0.0,0.0,0.0,1.0,0.0,0.0,-1.0,True,True,True,non-critical dormant: review
500222762,active,constant,True,D,0.0027397260273972603,15.0,30,0.9,nbinom,5.0,0,0,1,0.0,0.0,0.0,0.0,0.0,1.0,0.0,0.0,0.0,True,True,True,active
500222763,dormant,none,False,D,0.0,15.0,30,0.9,none,,0,0,0,0.0,0.0,0.0,0.0,0.0,1.0,0.0,0.0,-1.0,True,True,True,non-critical dormant: review
500222764,dormant,none,False,,0.0,15.0,30,0.95,none,,0,0,0,0.0,0.0,0.0,0.0,0.0,1.0,0.0,0.0,-1.0,True,True,True,non-critical dormant: review
500222765,dormant,none,False,D,0.0,15.0,30,0.9,none,,0,0,0,0.0,0.0,0.0,0.0,0.0,1.0,0.0,0.0,-1.0,True,True,True,non-critical dormant: review
500222766,dormant,none,False,,0.0,15.0,30,0.95,none,,0,0,0,0.0,0.0,0.0,0.0,0.0,1.0,0.0,0.0,-1.0,True,True,True,non-critical dormant: review
500222767,dormant,none,False,D,0.0,15.0,30,0.9,none,,0,0,0,0.0,0.0,0.0,0.0,0.0,1.0,0.0,0.0,-1.0,True,True,True,non-critical dormant: review
500222768,dormant,none,False,,0.0,15.0,30,0.95,none,,0,0,0,0.0,0.0,0.0,0.0,0.0,0.0,0.0,0.0,0.0,True,True,True,non-critical dormant: review
500222769,dormant,none,False,,0.0,25.0,30,0.95,none,,0,0,0,0.0,0.0,0.0,0.0,0.0,0.0,0.0,0.0,0.0,True,True,True,non-critical dormant: review
500222770,dormant,none,False,D,0.0,15.0,30,0.9,none,,0,0,0,0.0,0.0,0.0,0.0,0.0,0.0,0.0,0.0,0.0,True,True,True,non-critical dormant: review
500222771,dormant,none,False,D,0.0,25.0,30,0.9,none,,0,0,0,0.0,0.0,0.0,0.0,0.0,0.0,0.0,0.0,0.0,True,True,True,non-critical dormant: review
500222772,dormant,none,False,,0.0,25.0,30,0.95,none,,0,0,0,0.0,0.0,0.0,0.0,0.0,0.0,0.0,0.0,0.0,True,True,True,non-critical dormant: review
500222773,dormant,none,False,,0.0,25.0,30,0.95,none,,0,0,0,0.0,0.0,0.0,0.0,0.0,0.0,0.0,0.0,0.0,True,True,True,non-critical dormant: review
500222774,dormant,none,False,,0.0,25.0,30,0.95,none,,0,0,0,0.0,0.0,0.0,0.0,0.0,0.0,0.0,0.0,0.0,True,True,True,non-critical dormant: review
500222775,dormant,none,False,,0.0,25.0,30,0.95,none,,0,0,0,0.0,0.0,0.0,0.0,0.0,0.0,0.0,0.0,0.0,True,True,True,non-critical dormant: review
500222776,dormant,none,False,,0.0,25.0,30,0.95,none,,0,0,0,0.0,0.0,0.0,0.0,0.0,0.0,0.0,0.0,0.0,True,True,True,non-critical dormant: review
500222777,dormant,none,False,,0.0,25.0,30,0.95,none,,0,0,0,0.0,0.0,0.0,0.0,0.0,0.0,0.0,0.0,0.0,True,True,True,non-critical dormant: review
500222778,dormant,none,False,,0.0,25.0,30,0.95,none,,0,0,0,0.0,0.0,0.0,0.0,0.0,0.0,0.0,0.0,0.0,True,True,True,non-critical dormant: review
500222779,dormant,none,False,,0.0,25.0,30,0.95,none,,0,0,0,0.0,0.0,0.0,0.0,0.0,0.0,0.0,0.0,0.0,True,True,True,non-critical dormant: review
500222780,dormant,none,False,D,0.0,15.0,30,0.9,none,,0,0,0,0.0,0.0,0.0,0.0,0.0,0.0,0.0,0.0,0.0,True,True,True,non-critical dormant: review
500222781,dormant,none,False,,0.0,25.0,30,0.95,none,,0,0,0,0.0,0.0,0.0,0.0,0.0,0.0,0.0,0.0,0.0,True,True,True,non-critical dormant: review
500222782,dormant,none,False,,0.0,25.0,30,0.95,none,,0,0,0,0.0,0.0,0.0,0.0,0.0,0.0,0.0,0.0,0.0,True,True,True,non-critical dormant: review
500222783,dormant,none,False,,0.0,25.0,30,0.95,none,,0,0,0,0.0,0.0,0.0,0.0,0.0,0.0,0.0,0.0,0.0,True,True,True,non-critical dormant: review
500222784,dormant,none,False,D,0.0,15.0,30,0.9,none,,0,0,0,0.0,0.0,0.0,0.0,0.0,0.0,0.0,0.0,0.0,True,True,True,non-critical dormant: review
500222785,active,constant,True,L,0.0027397260273972603,15.0,30,0.9,nbinom,5.0,0,0,1,0.0,0.0,0.0,0.0,1.0,2.0,0.0,-1.0,-1.0,True,True,True,active
500222786,dormant,none,False,,0.0,70.0,30,0.95,none,,0,0,0,0.0,0.0,0.0,0.0,0.0,0.0,0.0,0.0,0.0,True,True,True,non-critical dormant: review
500222787,dormant,none,False,,0.0,25.0,30,0.95,none,,0,0,0,0.0,0.0,0.0,0.0,0.0,0.0,0.0,0.0,0.0,True,True,True,non-critical dormant: review
500222788,dormant,none,False,,0.0,25.0,30,0.95,none,,0,0,0,0.0,0.0,0.0,0.0,0.0,0.0,0.0,0.0,0.0,True,True,True,non-critical dormant: review
500222832,dormant,none,False,,0.0,10.0,30,0.95,none,,0,0,0,0.0,0.0,0.0,0.0,0.0,0.0,0.0,0.0,0.0,True,True,True,non-critical dormant: review
500222833,dormant,none,False,,0.0,10.0,30,0.95,none,,0,0,0,0.0,0.0,0.0,0.0,0.0,0.0,0.0,0.0,0.0,True,True,True,non-critical dormant: review
500222834,dormant,none,False,,0.0,10.0,30,0.95,none,,0,0,0,0.0,0.0,0.0,0.0,0.0,0.0,0.0,0.0,0.0,True,True,True,non-critical dormant: review
500222835,dormant,none,False,,0.0,10.0,30,0.95,none,,0,0,0,0.0,0.0,0.0,0.0,0.0,0.0,0.0,0.0,0.0,True,True,True,non-critical dormant: review
500223013,dormant,none,False,,0.0,10.0,30,0.95,none,,0,0,0,0.0,0.0,0.0,0.0,0.0,0.0,0.0,0.0,0.0,True,True,True,non-critical dormant: review
500223017,dormant,none,False,,0.0,10.0,30,0.95,none,,0,0,0,0.0,0.0,0.0,0.0,0.0,0.0,0.0,0.0,0.0,True,True,True,non-critical dormant: review
500223018,dormant,none,False,D,0.0,13.0,30,0.9,none,,0,0,0,0.0,0.0,1.0,0.0,0.0,1.0,0.0,0.0,-1.0,True,True,True,non-critical dormant: review
500223021,dormant,none,False,,0.0,10.0,30,0.95,none,,0,0,0,0.0,0.0,0.0,0.0,0.0,0.0,0.0,0.0,0.0,True,True,True,non-critical dormant: review
500223022,dormant,none,False,,0.0,10.0,30,0.95,none,,0,0,0,0.0,0.0,0.0,0.0,0.0,0.0,0.0,0.0,0.0,True,True,True,non-critical dormant: review
500223023,dormant,none,False,,0.0,10.0,30,0.95,none,,0,0,0,0.0,0.0,0.0,0.0,0.0,0.0,0.0,0.0,0.0,True,True,True,non-critical dormant: review
500223024,dormant,none,False,,0.0,10.0,30,0.95,none,,0,0,0,0.0,0.0,0.0,0.0,0.0,0.0,0.0,0.0,0.0,True,True,True,non-critical dormant: review
500223045,dying,dying,False,L,0.01643835616438356,13.0,30,0.9,nbinom,5.0,0,0,2,0.0,1.0,2.0,0.0,1.0,2.0,0.0,-1.0,0.0,True,True,True,"dying: demand ceased, review"
500224527,dormant,none,False,,0.0,61.0,30,0.95,none,,0,0,0,0.0,0.0,0.0,0.0,0.0,0.0,0.0,0.0,0.0,True,True,True,non-critical dormant: review
500225177,dormant,none,False,D,0.0,9.0,30,0.9,none,,0,0,0,0.0,0.0,1.0,0.0,0.0,1.0,0.0,0.0,-1.0,True,True,True,non-critical dormant: review
500229419,active,constant,True,M,0.13424657534246576,15.0,30,0.95,nbinom,1.688,4,6,12,4.0,7.0,10.0,4.0,7.0,10.0,0.0,-1.0,2.0,True,True,False,active
500229563,dormant,none,False,D,0.0,25.0,30,0.9,none,,0,0,0,0.0,0.0,0.0,0.0,0.0,0.0,0.0,0.0,0.0,True,True,True,non-critical dormant: review
500229809,dormant,none,False,,0.0,25.0,30,0.95,none,,0,0,0,0.0,0.0,0.0,0.0,0.0,0.0,0.0,0.0,0.0,True,True,True,non-critical dormant: review
500229810,dormant,none,False,,0.0,10.0,30,0.95,none,,0,0,0,0.0,0.0,0.0,0.0,0.0,0.0,0.0,0.0,0.0,True,True,True,non-critical dormant: review
500229811,dormant,none,False,,0.0,25.0,30,0.95,none,,0,0,0,0.0,0.0,0.0,0.0,0.0,0.0,0.0,0.0,0.0,True,True,True,non-critical dormant: review
500229812,dormant,none,False,,0.0,25.0,30,0.95,none,,0,0,0,0.0,0.0,0.0,0.0,0.0,0.0,0.0,0.0,0.0,True,True,True,non-critical dormant: review
500229813,dormant,none,False,,0.0,25.0,30,0.95,none,,0,0,0,0.0,0.0,0.0,0.0,0.0,0.0,0.0,0.0,0.0,True,True,True,non-critical dormant: review
500229814,dormant,none,False,,0.0,10.0,30,0.95,none,,0,0,0,0.0,0.0,1.0,0.0,0.0,1.0,0.0,0.0,-1.0,True,True,True,non-critical dormant: review
500229815,dormant,none,False,,0.0,10.0,30,0.95,none,,0,0,0,0.0,0.0,1.0,0.0,0.0,1.0,0.0,0.0,-1.0,True,True,True,non-critical dormant: review
500229816,dormant,none,False,,0.0,10.0,30,0.95,none,,0,0,0,0.0,0.0,0.0,0.0,0.0,0.0,0.0,0.0,0.0,True,True,True,non-critical dormant: review
500230162,dormant,none,False,D,0.0,75.0,30,0.9,none,,0,0,0,0.0,0.0,1.0,0.0,0.0,1.0,0.0,0.0,-1.0,True,True,True,non-critical dormant: review
500230166,dormant,none,False,D,0.0,15.0,30,0.9,none,,0,0,0,0.0,0.0,1.0,0.0,0.0,1.0,0.0,0.0,-1.0,True,True,True,non-critical dormant: review
500230201,dormant,none,False,,0.0,35.0,30,0.95,none,,0,0,0,0.0,0.0,1.0,0.0,0.0,1.0,0.0,0.0,-1.0,True,True,True,non-critical dormant: review
500230203,dormant,none,False,D,0.0,30.0,30,0.9,none,,0,0,0,0.0,0.0,1.0,0.0,0.0,1.0,0.0,0.0,-1.0,True,True,True,non-critical dormant: review
500230204,dormant,none,False,,0.0,35.0,30,0.95,none,,0,0,0,0.0,0.0,0.0,0.0,0.0,0.0,0.0,0.0,0.0,True,True,True,non-critical dormant: review
500230205,dormant,none,False,,0.0,30.0,30,0.95,none,,0,0,0,0.0,0.0,1.0,0.0,0.0,1.0,0.0,0.0,-1.0,True,True,True,non-critical dormant: review
500230210,dormant,none,False,,0.0,20.0,30,0.95,none,,0,0,0,0.0,0.0,1.0,0.0,0.0,1.0,0.0,0.0,-1.0,True,True,True,non-critical dormant: review
500230965,dormant,none,False,,0.0,15.0,30,0.95,none,,0,0,0,0.0,0.0,0.0,0.0,0.0,0.0,0.0,0.0,0.0,True,True,True,non-critical dormant: review
500230967,dormant,none,False,D,0.0,25.0,30,0.9,none,,0,0,0,0.0,0.0,0.0,0.0,0.0,0.0,0.0,0.0,0.0,True,True,True,non-critical dormant: review
500230968,dormant,none,False,,0.0,20.0,30,0.95,none,,0,0,0,0.0,0.0,0.0,0.0,0.0,0.0,0.0,0.0,0.0,True,True,True,non-critical dormant: review
500230969,dormant,none,False,,0.0,20.0,30,0.95,none,,0,0,0,0.0,0.0,0.0,0.0,0.0,0.0,0.0,0.0,0.0,True,True,True,non-critical dormant: review
500230970,dormant,none,False,,0.0,63.0,30,0.95,none,,0,0,0,0.0,0.0,0.0,0.0,0.0,0.0,0.0,0.0,0.0,True,True,True,non-critical dormant: review
500230972,dying,dying,False,L,0.0027397260273972603,30.0,30,0.9,nbinom,5.0,0,0,1,0.0,0.0,1.0,0.0,0.0,1.0,0.0,0.0,0.0,True,True,True,"dying: demand ceased, review"
500230974,dormant,none,False,D,0.0,30.0,30,0.9,none,,0,0,0,0.0,0.0,0.0,0.0,0.0,0.0,0.0,0.0,0.0,True,True,True,non-critical dormant: review
500230976,dormant,none,False,D,0.0,30.0,30,0.9,none,,0,0,0,0.0,0.0,0.0,0.0,0.0,0.0,0.0,0.0,0.0,True,True,True,non-critical dormant: review
500231923,dormant,none,False,,0.0,55.0,30,0.95,none,,0,0,0,0.0,0.0,0.0,0.0,0.0,0.0,0.0,0.0,0.0,True,True,True,non-critical dormant: review
500233452,dormant,none,False,,0.0,14.0,30,0.95,none,,0,0,0,0.0,0.0,0.0,0.0,0.0,0.0,0.0,0.0,0.0,True,True,True,non-critical dormant: review
500233453,dormant,none,False,,0.0,14.0,30,0.95,none,,0,0,0,0.0,0.0,0.0,0.0,0.0,0.0,0.0,0.0,0.0,True,True,True,non-critical dormant: review
500233454,active,constant,True,L,0.005479452054794521,15.0,30,0.9,nbinom,4.297,0,0,1,0.0,0.0,1.0,0.0,0.0,1.0,0.0,0.0,0.0,True,True,True,active
500233455,dormant,none,False,,0.0,14.0,30,0.95,none,,0,0,0,0.0,0.0,0.0,0.0,0.0,0.0,0.0,0.0,0.0,True,True,True,non-critical dormant: review
500233456,dormant,none,False,,0.0,14.0,30,0.95,none,,0,0,0,0.0,0.0,0.0,0.0,0.0,0.0,0.0,0.0,0.0,True,True,True,non-critical dormant: review
500233565,dormant,none,False,,0.0,14.0,30,0.95,none,,0,0,0,0.0,0.0,0.0,0.0,0.0,0.0,0.0,0.0,0.0,True,True,True,non-critical dormant: review
500234199,dying,dying,False,L,0.021917808219178082,13.0,30,0.9,nbinom,3.0,1,1,3,1.0,2.0,3.0,1.0,2.0,3.0,0.0,-1.0,0.0,True,True,True,"dying: demand ceased, review"
500234200,dormant,none,False,,0.0,10.0,30,0.95,none,,0,0,0,0.0,0.0,0.0,0.0,0.0,0.0,0.0,0.0,0.0,True,True,True,non-critical dormant: review
500234316,dormant,none,False,,0.0,30.0,30,0.95,none,,0,0,0,0.0,0.0,0.0,0.0,0.0,0.0,0.0,0.0,0.0,True,True,True,non-critical dormant: review
500234529,dormant,none,False,,0.0,30.0,30,0.95,none,,0,0,0,0.0,0.0,0.0,0.0,0.0,0.0,0.0,0.0,0.0,True,True,True,non-critical dormant: review
500234539,dormant,none,False,,0.0,11.0,30,0.95,none,,0,0,0,0.0,0.0,1.0,0.0,0.0,1.0,0.0,0.0,-1.0,True,True,True,non-critical dormant: review
500234540,dormant,none,False,,0.0,10.0,30,0.95,none,,0,0,0,0.0,0.0,0.0,0.0,0.0,0.0,0.0,0.0,0.0,True,True,True,non-critical dormant: review
500235202,dormant,none,False,,0.0,15.0,30,0.95,none,,0,0,0,0.0,0.0,0.0,0.0,0.0,0.0,0.0,0.0,0.0,True,True,True,non-critical dormant: review
500236307,dormant,none,False,D,0.0,19.0,30,0.9,none,,0,0,0,0.0,0.0,0.0,0.0,0.0,0.0,0.0,0.0,0.0,True,True,True,non-critical dormant: review
500236579,dormant,none,False,,0.0,25.0,30,0.95,none,,0,0,0,0.0,0.0,0.0,0.0,0.0,0.0,0.0,0.0,0.0,True,True,True,non-critical dormant: review
500236580,dormant,none,False,,0.0,25.0,30,0.95,none,,0,0,0,0.0,0.0,0.0,0.0,0.0,0.0,0.0,0.0,0.0,True,True,True,non-critical dormant: review
500236581,dormant,none,False,,0.0,25.0,30,0.95,none,,0,0,0,0.0,0.0,0.0,0.0,0.0,0.0,0.0,0.0,0.0,True,True,True,non-critical dormant: review
500236582,dormant,none,False,,0.0,25.0,30,0.95,none,,0,0,0,0.0,0.0,0.0,0.0,0.0,0.0,0.0,0.0,0.0,True,True,True,non-critical dormant: review
500236583,dormant,none,False,,0.0,25.0,30,0.95,none,,0,0,0,0.0,0.0,0.0,0.0,0.0,0.0,0.0,0.0,0.0,True,True,True,non-critical dormant: review
500236584,dormant,none,False,,0.0,25.0,30,0.95,none,,0,0,0,0.0,0.0,0.0,0.0,0.0,0.0,0.0,0.0,0.0,True,True,True,non-critical dormant: review
500236724,dormant,none,False,D,0.0,30.0,30,0.9,none,,0,0,0,0.0,0.0,1.0,0.0,0.0,1.0,0.0,0.0,-1.0,True,True,True,non-critical dormant: review
500236750,dormant,none,False,D,0.0,30.0,30,0.9,none,,0,0,0,0.0,0.0,0.0,0.0,0.0,0.0,0.0,0.0,0.0,True,True,True,non-critical dormant: review
500236918,dying,dying,False,L,0.0027397260273972603,30.0,30,0.9,nbinom,5.0,0,0,1,0.0,2.0,3.0,0.0,1.0,2.0,0.0,-1.0,-1.0,True,True,True,"dying: demand ceased, review"
500236919,active,constant,True,H,0.1643835616438356,13.0,30,0.99,poisson,1.0,4,6,14,3.0,8.0,9.0,3.0,6.0,8.0,1.0,0.0,6.0,True,True,False,active
500236984,dying,dying,False,L,0.0,30.0,30,0.9,nbinom,5.0,0,0,1,0.0,0.0,1.0,0.0,0.0,1.0,0.0,0.0,0.0,True,True,True,"dying: demand ceased, review"
500237173,dormant,none,False,D,0.0,13.0,30,0.9,none,,0,0,0,0.0,0.0,1.0,0.0,0.0,1.0,0.0,0.0,-1.0,True,True,True,non-critical dormant: review
500237174,dormant,none,False,,0.0,10.0,30,0.95,none,,0,0,0,0.0,0.0,0.0,0.0,0.0,0.0,0.0,0.0,0.0,True,True,True,non-critical dormant: review
500237175,dormant,none,False,,0.0,10.0,30,0.95,none,,0,0,0,0.0,0.0,0.0,0.0,0.0,0.0,0.0,0.0,0.0,True,True,True,non-critical dormant: review
500237176,dying,dying,False,L,0.273972602739726,13.0,30,0.9,nbinom,4.713,6,9,22,0.0,6.0,8.0,0.0,4.0,5.0,6.0,5.0,17.0,False,False,False,"dying: demand ceased, review"
500237264,dying,dying,False,L,0.005479452054794521,23.0,30,0.9,nbinom,3.0,0,0,10,0.0,0.0,1.0,0.0,0.0,1.0,0.0,0.0,9.0,True,True,False,"dying: demand ceased, review"
500237418,dormant,none,False,D,0.0,25.0,30,0.9,none,,0,0,0,0.0,0.0,0.0,0.0,0.0,0.0,0.0,0.0,0.0,True,True,True,non-critical dormant: review
500237420,active,constant,True,M,1.2602739726027397,10.0,30,0.95,poisson,1.0,7,19,62,50.0,150.0,200.0,150.0,250.0,400.0,-143.0,-231.0,-338.0,False,False,False,active
500237476,dormant,none,False,,0.0,10.0,30,0.95,none,,0,0,0,0.0,0.0,0.0,0.0,0.0,0.0,0.0,0.0,0.0,True,True,True,non-critical dormant: review
500238804,dormant,none,False,,0.0,14.0,30,0.95,none,,0,0,0,0.0,0.0,0.0,0.0,0.0,0.0,0.0,0.0,0.0,True,True,True,non-critical dormant: review
500238806,dormant,none,False,D,0.0,13.0,30,0.9,none,,0,0,0,0.0,0.0,1.0,0.0,0.0,1.0,0.0,0.0,-1.0,True,True,True,non-critical dormant: review
500238807,dormant,none,False,D,0.0,10.0,30,0.9,none,,0,0,0,0.0,0.0,1.0,0.0,0.0,1.0,0.0,0.0,-1.0,True,True,True,non-critical dormant: review
500239202,dormant,none,False,D,0.0,20.0,30,0.9,none,,0,0,0,0.0,0.0,0.0,0.0,0.0,0.0,0.0,0.0,0.0,True,True,True,non-critical dormant: review
500240040,dormant,none,False,D,0.0,13.0,30,0.9,none,,0,0,0,0.0,0.0,1.0,0.0,0.0,1.0,0.0,0.0,-1.0,True,True,True,non-critical dormant: review
500240041,dormant,none,False,,0.0,13.0,30,0.95,none,,0,0,0,0.0,0.0,0.0,0.0,0.0,0.0,0.0,0.0,0.0,True,True,True,non-critical dormant: review
500240084,dormant,none,False,D,0.0,15.0,30,0.9,none,,0,0,0,0.0,0.0,0.0,0.0,0.0,0.0,0.0,0.0,0.0,True,True,True,non-critical dormant: review
500240095,dying,dying,False,L,0.0027397260273972603,15.0,30,0.9,nbinom,5.0,0,0,1,0.0,0.0,0.0,0.0,0.0,0.0,0.0,0.0,1.0,True,True,True,"dying: demand ceased, review"
500240135,dormant,none,False,,0.0,15.0,30,0.95,none,,0,0,0,0.0,0.0,0.0,0.0,0.0,0.0,0.0,0.0,0.0,True,True,True,non-critical dormant: review
500240189,dormant,none,False,D,0.0,15.0,30,0.9,none,,0,0,0,0.0,0.0,0.0,0.0,0.0,0.0,0.0,0.0,0.0,True,True,True,non-critical dormant: review
500240191,dormant,none,False,,0.0,15.0,30,0.95,none,,0,0,0,0.0,0.0,0.0,0.0,0.0,0.0,0.0,0.0,0.0,True,True,True,non-critical dormant: review
500240284,dormant,none,False,,0.0,15.0,30,0.95,none,,0,0,0,0.0,0.0,0.0,0.0,0.0,0.0,0.0,0.0,0.0,True,True,True,non-critical dormant: review
500240364,dormant,none,False,,0.0,15.0,30,0.95,none,,0,0,0,0.0,0.0,0.0,0.0,0.0,0.0,0.0,0.0,0.0,True,True,True,non-critical dormant: review
500240430,active,constant,True,L,0.0027397260273972603,10.0,30,0.9,nbinom,5.0,0,0,1,0.0,0.0,0.0,0.0,1.0,2.0,0.0,-1.0,-1.0,True,True,True,active
500240440,dormant,none,False,D,0.0,15.0,30,0.9,none,,0,0,0,0.0,0.0,0.0,0.0,0.0,0.0,0.0,0.0,0.0,True,True,True,non-critical dormant: review
500240825,dormant,none,False,,0.0,25.0,30,0.95,none,,0,0,0,0.0,0.0,0.0,0.0,0.0,0.0,0.0,0.0,0.0,True,True,True,non-critical dormant: review
500240827,dormant,none,False,D,0.0,30.0,30,0.9,none,,0,0,0,0.0,0.0,1.0,0.0,0.0,1.0,0.0,0.0,-1.0,True,True,True,non-critical dormant: review
500241348,dormant,none,False,,0.0,40.0,30,0.95,none,,0,0,0,0.0,0.0,0.0,0.0,0.0,0.0,0.0,0.0,0.0,True,True,True,non-critical dormant: review
500242839,dormant,none,False,,0.0,30.0,30,0.95,none,,0,0,0,0.0,0.0,0.0,0.0,0.0,0.0,0.0,0.0,0.0,True,True,True,non-critical dormant: review
500243010,dormant,none,False,,0.0,13.0,30,0.95,none,,0,0,0,0.0,0.0,0.0,0.0,0.0,0.0,0.0,0.0,0.0,True,True,True,non-critical dormant: review
500243011,dormant,none,False,,0.0,10.0,30,0.95,none,,0,0,0,0.0,0.0,0.0,0.0,0.0,0.0,0.0,0.0,0.0,True,True,True,non-critical dormant: review
500243012,dormant,none,False,,0.0,10.0,30,0.95,none,,0,0,0,0.0,0.0,0.0,0.0,0.0,0.0,0.0,0.0,0.0,True,True,True,non-critical dormant: review
500244823,dormant,none,False,,0.0,25.0,30,0.95,none,,0,0,0,0.0,0.0,0.0,0.0,0.0,0.0,0.0,0.0,0.0,True,True,True,non-critical dormant: review
500244824,dormant,none,False,,0.0,25.0,30,0.95,none,,0,0,0,0.0,0.0,0.0,0.0,0.0,0.0,0.0,0.0,0.0,True,True,True,non-critical dormant: review
500245046,dormant,none,False,,0.0,10.0,30,0.95,none,,0,0,0,0.0,0.0,0.0,0.0,0.0,0.0,0.0,0.0,0.0,True,True,True,non-critical dormant: review
500245048,dormant,none,False,,0.0,70.0,30,0.95,none,,0,0,0,0.0,0.0,0.0,0.0,0.0,0.0,0.0,0.0,0.0,True,True,True,non-critical dormant: review
500245049,dormant,none,False,,0.0,13.0,30,0.95,none,,0,0,0,0.0,0.0,0.0,0.0,0.0,0.0,0.0,0.0,0.0,True,True,True,non-critical dormant: review
500245550,dormant,none,False,,0.0,10.0,30,0.95,none,,0,0,0,0.0,0.0,0.0,0.0,0.0,0.0,0.0,0.0,0.0,True,True,True,non-critical dormant: review
500245614,dormant,none,False,D,0.0,28.0,30,0.9,none,,0,0,0,0.0,0.0,1.0,0.0,0.0,1.0,0.0,0.0,-1.0,True,True,True,non-critical dormant: review
500245860,dormant,none,False,,0.0,77.0,30,0.95,none,,0,0,0,0.0,0.0,1.0,0.0,0.0,1.0,0.0,0.0,-1.0,True,True,True,non-critical dormant: review
500246016,dormant,none,False,D,0.0,20.0,30,0.9,none,,0,0,0,0.0,0.0,0.0,0.0,0.0,0.0,0.0,0.0,0.0,True,True,True,non-critical dormant: review
500246017,dormant,none,False,,0.0,15.0,30,0.95,none,,0,0,0,0.0,0.0,0.0,0.0,0.0,0.0,0.0,0.0,0.0,True,True,True,non-critical dormant: review
500246018,dormant,none,False,,0.0,20.0,30,0.95,none,,0,0,0,0.0,0.0,0.0,0.0,0.0,0.0,0.0,0.0,0.0,True,True,True,non-critical dormant: review
500246019,dormant,none,False,,0.0,15.0,30,0.95,none,,0,0,0,0.0,0.0,0.0,0.0,0.0,0.0,0.0,0.0,0.0,True,True,True,non-critical dormant: review
500246020,dormant,none,False,,0.0,15.0,30,0.95,none,,0,0,0,0.0,0.0,0.0,0.0,0.0,0.0,0.0,0.0,0.0,True,True,True,non-critical dormant: review
500246021,dormant,none,False,,0.0,20.0,30,0.95,none,,0,0,0,0.0,0.0,0.0,0.0,0.0,0.0,0.0,0.0,0.0,True,True,True,non-critical dormant: review
500246022,dormant,none,False,,0.0,20.0,30,0.95,none,,0,0,0,0.0,0.0,0.0,0.0,0.0,0.0,0.0,0.0,0.0,True,True,True,non-critical dormant: review
500246023,dormant,none,False,,0.0,20.0,30,0.95,none,,0,0,0,0.0,0.0,0.0,0.0,0.0,0.0,0.0,0.0,0.0,True,True,True,non-critical dormant: review
500246024,dormant,none,False,D,0.0,20.0,30,0.9,none,,0,0,0,0.0,0.0,0.0,0.0,0.0,0.0,0.0,0.0,0.0,True,True,True,non-critical dormant: review
500246025,dormant,none,False,,0.0,15.0,30,0.95,none,,0,0,0,0.0,0.0,0.0,0.0,0.0,0.0,0.0,0.0,0.0,True,True,True,non-critical dormant: review
500246026,dormant,none,False,D,0.0,20.0,30,0.9,none,,0,0,0,0.0,0.0,0.0,0.0,0.0,0.0,0.0,0.0,0.0,True,True,True,non-critical dormant: review
500246027,dormant,none,False,,0.0,15.0,30,0.95,none,,0,0,0,0.0,0.0,0.0,0.0,0.0,0.0,0.0,0.0,0.0,True,True,True,non-critical dormant: review
500246028,dormant,none,False,,0.0,20.0,30,0.95,none,,0,0,0,0.0,0.0,0.0,0.0,0.0,0.0,0.0,0.0,0.0,True,True,True,non-critical dormant: review
500246029,dormant,none,False,,0.0,15.0,30,0.95,none,,0,0,0,0.0,0.0,0.0,0.0,0.0,0.0,0.0,0.0,0.0,True,True,True,non-critical dormant: review
500246030,dormant,none,False,,0.0,15.0,30,0.95,none,,0,0,0,0.0,0.0,0.0,0.0,0.0,0.0,0.0,0.0,0.0,True,True,True,non-critical dormant: review
500246031,dormant,none,False,,0.0,20.0,30,0.95,none,,0,0,0,0.0,0.0,0.0,0.0,0.0,0.0,0.0,0.0,0.0,True,True,True,non-critical dormant: review
500246032,dormant,none,False,,0.0,15.0,30,0.95,none,,0,0,0,0.0,0.0,0.0,0.0,0.0,0.0,0.0,0.0,0.0,True,True,True,non-critical dormant: review
500246033,dormant,none,False,D,0.0,15.0,30,0.9,none,,0,0,0,0.0,0.0,0.0,0.0,0.0,0.0,0.0,0.0,0.0,True,True,True,non-critical dormant: review
500246035,dying,dying,False,L,0.0,20.0,30,0.9,nbinom,5.0,0,0,1,0.0,0.0,0.0,0.0,0.0,0.0,0.0,0.0,1.0,True,True,True,"dying: demand ceased, review"
500246036,active,constant,True,M,0.0027397260273972603,15.0,30,0.95,nbinom,2.547,0,0,1,0.0,0.0,1.0,0.0,0.0,1.0,0.0,0.0,0.0,True,True,True,active
500246037,dormant,none,False,,0.0,15.0,30,0.95,none,,0,0,0,0.0,0.0,0.0,0.0,0.0,0.0,0.0,0.0,0.0,True,True,True,non-critical dormant: review
500246038,dormant,none,False,D,0.0,20.0,30,0.9,none,,0,0,0,0.0,0.0,0.0,0.0,0.0,0.0,0.0,0.0,0.0,True,True,True,non-critical dormant: review
500246039,dormant,none,False,D,0.0,15.0,30,0.9,none,,0,0,0,0.0,0.0,0.0,0.0,0.0,0.0,0.0,0.0,0.0,True,True,True,non-critical dormant: review
500246040,dormant,none,False,D,0.0,15.0,30,0.9,none,,0,0,0,0.0,0.0,0.0,0.0,0.0,0.0,0.0,0.0,0.0,True,True,True,non-critical dormant: review
500246041,dormant,none,False,D,0.0,20.0,30,0.9,none,,0,0,0,0.0,0.0,0.0,0.0,0.0,0.0,0.0,0.0,0.0,True,True,True,non-critical dormant: review
500246043,dormant,none,False,D,0.0,15.0,30,0.9,none,,0,0,0,0.0,0.0,0.0,0.0,0.0,0.0,0.0,0.0,0.0,True,True,True,non-critical dormant: review
500246044,dormant,none,False,,0.0,15.0,30,0.95,none,,0,0,0,0.0,0.0,0.0,0.0,0.0,0.0,0.0,0.0,0.0,True,True,True,non-critical dormant: review
500246045,dormant,none,False,,0.0,20.0,30,0.95,none,,0,0,0,0.0,0.0,0.0,0.0,0.0,0.0,0.0,0.0,0.0,True,True,True,non-critical dormant: review
500246046,dormant,none,False,,0.0,15.0,30,0.95,none,,0,0,0,0.0,0.0,0.0,0.0,0.0,0.0,0.0,0.0,0.0,True,True,True,non-critical dormant: review
500246047,dormant,none,False,,0.0,15.0,30,0.95,none,,0,0,0,0.0,0.0,0.0,0.0,0.0,0.0,0.0,0.0,0.0,True,True,True,non-critical dormant: review
500246048,dormant,none,False,,0.0,15.0,30,0.95,none,,0,0,0,0.0,0.0,0.0,0.0,0.0,0.0,0.0,0.0,0.0,True,True,True,non-critical dormant: review
500246049,dormant,none,False,,0.0,15.0,30,0.95,none,,0,0,0,0.0,0.0,0.0,0.0,0.0,0.0,0.0,0.0,0.0,True,True,True,non-critical dormant: review
500246050,dormant,none,False,D,0.0,15.0,30,0.9,none,,0,0,0,0.0,0.0,0.0,0.0,0.0,0.0,0.0,0.0,0.0,True,True,True,non-critical dormant: review
500246051,dying,dying,False,L,0.0,50.0,30,0.9,nbinom,5.0,0,0,1,0.0,0.0,0.0,0.0,0.0,0.0,0.0,0.0,1.0,True,True,True,"dying: demand ceased, review"
500246052,dormant,none,False,,0.0,30.0,30,0.95,none,,0,0,0,0.0,0.0,0.0,0.0,0.0,0.0,0.0,0.0,0.0,True,True,True,non-critical dormant: review
500246054,dormant,none,False,D,0.0,30.0,30,0.9,none,,0,0,0,0.0,0.0,0.0,0.0,0.0,0.0,0.0,0.0,0.0,True,True,True,non-critical dormant: review
500246055,dormant,none,False,,0.0,30.0,30,0.95,none,,0,0,0,0.0,0.0,0.0,0.0,0.0,0.0,0.0,0.0,0.0,True,True,True,non-critical dormant: review
500246056,dormant,none,False,D,0.0,45.0,30,0.9,none,,0,0,0,0.0,0.0,0.0,0.0,0.0,0.0,0.0,0.0,0.0,True,True,True,non-critical dormant: review
500246057,dormant,none,False,,0.0,30.0,30,0.95,none,,0,0,0,0.0,0.0,0.0,0.0,0.0,0.0,0.0,0.0,0.0,True,True,True,non-critical dormant: review
500246058,dormant,none,False,,0.0,15.0,30,0.95,none,,0,0,0,0.0,0.0,0.0,0.0,0.0,0.0,0.0,0.0,0.0,True,True,True,non-critical dormant: review
500246059,dormant,none,False,,0.0,20.0,30,0.95,none,,0,0,0,0.0,0.0,0.0,0.0,0.0,0.0,0.0,0.0,0.0,True,True,True,non-critical dormant: review
500246061,dormant,none,False,,0.0,20.0,30,0.95,none,,0,0,0,0.0,0.0,0.0,0.0,0.0,0.0,0.0,0.0,0.0,True,True,True,non-critical dormant: review
500246062,dormant,none,False,,0.0,20.0,30,0.95,none,,0,0,0,0.0,0.0,0.0,0.0,0.0,0.0,0.0,0.0,0.0,True,True,True,non-critical dormant: review
500246063,dormant,none,False,,0.0,20.0,30,0.95,none,,0,0,0,0.0,0.0,0.0,0.0,0.0,0.0,0.0,0.0,0.0,True,True,True,non-critical dormant: review
500246064,dormant,none,False,D,0.0,20.0,30,0.9,none,,0,0,0,0.0,0.0,0.0,0.0,0.0,0.0,0.0,0.0,0.0,True,True,True,non-critical dormant: review
500246065,dormant,none,False,,0.0,20.0,30,0.95,none,,0,0,0,0.0,0.0,0.0,0.0,0.0,0.0,0.0,0.0,0.0,True,True,True,non-critical dormant: review
500246067,dormant,none,False,,0.0,20.0,30,0.95,none,,0,0,0,0.0,0.0,0.0,0.0,0.0,0.0,0.0,0.0,0.0,True,True,True,non-critical dormant: review
500246068,dying,dying,False,L,0.0,30.0,30,0.9,nbinom,5.0,0,0,1,0.0,0.0,0.0,0.0,0.0,0.0,0.0,0.0,1.0,True,True,True,"dying: demand ceased, review"
500246069,dormant,none,False,,0.0,30.0,30,0.95,none,,0,0,0,0.0,0.0,0.0,0.0,0.0,0.0,0.0,0.0,0.0,True,True,True,non-critical dormant: review
500246071,dormant,none,False,,0.0,30.0,30,0.95,none,,0,0,0,0.0,0.0,0.0,0.0,0.0,0.0,0.0,0.0,0.0,True,True,True,non-critical dormant: review
500246072,dormant,none,False,,0.0,30.0,30,0.95,none,,0,0,0,0.0,0.0,0.0,0.0,0.0,0.0,0.0,0.0,0.0,True,True,True,non-critical dormant: review
500246073,dormant,none,False,,0.0,30.0,30,0.95,none,,0,0,0,0.0,0.0,0.0,0.0,0.0,0.0,0.0,0.0,0.0,True,True,True,non-critical dormant: review
500246074,dormant,none,False,,0.0,30.0,30,0.95,none,,0,0,0,0.0,0.0,0.0,0.0,0.0,0.0,0.0,0.0,0.0,True,True,True,non-critical dormant: review
500246075,dormant,none,False,,0.0,30.0,30,0.95,none,,0,0,0,0.0,0.0,0.0,0.0,0.0,0.0,0.0,0.0,0.0,True,True,True,non-critical dormant: review
500246076,dormant,none,False,D,0.0,30.0,30,0.9,none,,0,0,0,0.0,0.0,1.0,0.0,0.0,1.0,0.0,0.0,-1.0,True,True,True,non-critical dormant: review
500246077,dormant,none,False,,0.0,30.0,30,0.95,none,,0,0,0,0.0,0.0,0.0,0.0,0.0,0.0,0.0,0.0,0.0,True,True,True,non-critical dormant: review
500246078,dormant,none,False,,0.0,30.0,30,0.95,none,,0,0,0,0.0,0.0,0.0,0.0,0.0,0.0,0.0,0.0,0.0,True,True,True,non-critical dormant: review
500246079,dormant,none,False,,0.0,30.0,30,0.95,none,,0,0,0,0.0,0.0,0.0,0.0,0.0,0.0,0.0,0.0,0.0,True,True,True,non-critical dormant: review
500246080,dormant,none,False,,0.0,30.0,30,0.95,none,,0,0,0,0.0,0.0,0.0,0.0,0.0,0.0,0.0,0.0,0.0,True,True,True,non-critical dormant: review
500246081,dormant,none,False,,0.0,30.0,30,0.95,none,,0,0,0,0.0,0.0,0.0,0.0,0.0,0.0,0.0,0.0,0.0,True,True,True,non-critical dormant: review
500246082,dormant,none,False,D,0.0,35.0,30,0.9,none,,0,0,0,0.0,0.0,0.0,0.0,0.0,0.0,0.0,0.0,0.0,True,True,True,non-critical dormant: review
500246083,dying,dying,False,D,0.005479452054794521,30.0,30,0.9,nbinom,5.0,0,0,1,0.0,0.0,0.0,0.0,0.0,0.0,0.0,0.0,1.0,True,True,True,"dying: demand ceased, review"
500246084,dying,dying,False,D,0.005479452054794521,30.0,30,0.9,nbinom,5.0,0,0,1,0.0,0.0,0.0,0.0,0.0,0.0,0.0,0.0,1.0,True,True,True,"dying: demand ceased, review"
500246085,active,constant,True,L,0.0027397260273972603,30.0,30,0.9,nbinom,3.785,0,0,1,0.0,0.0,1.0,0.0,0.0,1.0,0.0,0.0,0.0,True,True,True,active
500246086,dying,dying,False,L,0.0,30.0,30,0.9,nbinom,5.0,0,0,1,0.0,0.0,0.0,0.0,0.0,0.0,0.0,0.0,1.0,True,True,True,"dying: demand ceased, review"
500246087,dormant,none,False,,0.0,30.0,30,0.95,none,,0,0,0,0.0,0.0,0.0,0.0,0.0,0.0,0.0,0.0,0.0,True,True,True,non-critical dormant: review
500246088,dormant,none,False,,0.0,90.0,30,0.95,none,,0,0,0,0.0,0.0,0.0,0.0,0.0,0.0,0.0,0.0,0.0,True,True,True,non-critical dormant: review
500246089,dormant,none,False,D,0.0,30.0,30,0.9,none,,0,0,0,0.0,0.0,0.0,0.0,0.0,0.0,0.0,0.0,0.0,True,True,True,non-critical dormant: review
500246090,dormant,none,False,D,0.0,30.0,30,0.9,none,,0,0,0,0.0,0.0,1.0,0.0,0.0,1.0,0.0,0.0,-1.0,True,True,True,non-critical dormant: review
500246091,dying,dying,False,L,0.005479452054794521,30.0,30,0.9,nbinom,5.0,0,0,1,0.0,0.0,0.0,0.0,0.0,0.0,0.0,0.0,1.0,True,True,True,"dying: demand ceased, review"
500246092,dormant,none,False,D,0.0,30.0,30,0.9,none,,0,0,0,0.0,0.0,0.0,0.0,0.0,0.0,0.0,0.0,0.0,True,True,True,non-critical dormant: review
500246093,dormant,none,False,,0.0,30.0,30,0.95,none,,0,0,0,0.0,0.0,0.0,0.0,0.0,0.0,0.0,0.0,0.0,True,True,True,non-critical dormant: review
500246094,dormant,none,False,D,0.0,30.0,30,0.9,none,,0,0,0,0.0,0.0,0.0,0.0,0.0,0.0,0.0,0.0,0.0,True,True,True,non-critical dormant: review
500246095,dormant,none,False,D,0.0,30.0,30,0.9,none,,0,0,0,0.0,0.0,0.0,0.0,0.0,0.0,0.0,0.0,0.0,True,True,True,non-critical dormant: review
500246096,dormant,none,False,,0.0,40.0,30,0.95,none,,0,0,0,0.0,0.0,0.0,0.0,0.0,0.0,0.0,0.0,0.0,True,True,True,non-critical dormant: review
500246097,dormant,none,False,,0.0,30.0,30,0.95,none,,0,0,0,0.0,0.0,0.0,0.0,0.0,0.0,0.0,0.0,0.0,True,True,True,non-critical dormant: review
500246098,dormant,none,False,,0.0,30.0,30,0.95,none,,0,0,0,0.0,0.0,0.0,0.0,0.0,0.0,0.0,0.0,0.0,True,True,True,non-critical dormant: review
500246099,dormant,none,False,D,0.0,20.0,30,0.9,none,,0,0,0,0.0,0.0,0.0,0.0,0.0,0.0,0.0,0.0,0.0,True,True,True,non-critical dormant: review
500246100,dormant,none,False,,0.0,30.0,30,0.95,none,,0,0,0,0.0,0.0,0.0,0.0,0.0,0.0,0.0,0.0,0.0,True,True,True,non-critical dormant: review
500246101,dormant,none,False,,0.0,20.0,30,0.95,none,,0,0,0,0.0,0.0,0.0,0.0,0.0,0.0,0.0,0.0,0.0,True,True,True,non-critical dormant: review
500246102,dormant,none,False,,0.0,30.0,30,0.95,none,,0,0,0,0.0,0.0,0.0,0.0,0.0,0.0,0.0,0.0,0.0,True,True,True,non-critical dormant: review
500246103,dormant,none,False,,0.0,35.0,30,0.95,none,,0,0,0,0.0,0.0,0.0,0.0,0.0,0.0,0.0,0.0,0.0,True,True,True,non-critical dormant: review
500246104,dormant,none,False,,0.0,30.0,30,0.95,none,,0,0,0,0.0,0.0,0.0,0.0,0.0,0.0,0.0,0.0,0.0,True,True,True,non-critical dormant: review
500246105,dormant,none,False,,0.0,20.0,30,0.95,none,,0,0,0,0.0,0.0,0.0,0.0,0.0,0.0,0.0,0.0,0.0,True,True,True,non-critical dormant: review
500246106,dormant,none,False,,0.0,30.0,30,0.95,none,,0,0,0,0.0,0.0,0.0,0.0,0.0,0.0,0.0,0.0,0.0,True,True,True,non-critical dormant: review
500246107,dormant,none,False,,0.0,20.0,30,0.95,none,,0,0,0,0.0,0.0,0.0,0.0,0.0,0.0,0.0,0.0,0.0,True,True,True,non-critical dormant: review
500246108,dormant,none,False,,0.0,30.0,30,0.95,none,,0,0,0,0.0,0.0,0.0,0.0,0.0,0.0,0.0,0.0,0.0,True,True,True,non-critical dormant: review
500246109,dormant,none,False,,0.0,20.0,30,0.95,none,,0,0,0,0.0,0.0,0.0,0.0,0.0,0.0,0.0,0.0,0.0,True,True,True,non-critical dormant: review
500246110,dormant,none,False,,0.0,15.0,30,0.95,none,,0,0,0,0.0,0.0,0.0,0.0,0.0,0.0,0.0,0.0,0.0,True,True,True,non-critical dormant: review
500246111,dormant,none,False,D,0.0,20.0,30,0.9,none,,0,0,0,0.0,0.0,0.0,0.0,0.0,0.0,0.0,0.0,0.0,True,True,True,non-critical dormant: review
500246112,dormant,none,False,,0.0,15.0,30,0.95,none,,0,0,0,0.0,0.0,0.0,0.0,0.0,0.0,0.0,0.0,0.0,True,True,True,non-critical dormant: review
500247508,dormant,none,False,,0.0,30.0,30,0.95,none,,0,0,0,0.0,0.0,0.0,0.0,0.0,0.0,0.0,0.0,0.0,True,True,True,non-critical dormant: review
500247509,dormant,none,False,,0.0,30.0,30,0.95,none,,0,0,0,0.0,0.0,0.0,0.0,0.0,0.0,0.0,0.0,0.0,True,True,True,non-critical dormant: review
500247510,active,constant,True,L,0.005479452054794521,30.0,30,0.9,nbinom,5.0,0,0,1,0.0,0.0,1.0,0.0,2.0,4.0,0.0,-2.0,-3.0,True,False,False,active
500247511,dormant,none,False,D,0.0,30.0,30,0.9,none,,0,0,0,0.0,0.0,1.0,0.0,0.0,1.0,0.0,0.0,-1.0,True,True,True,non-critical dormant: review
500247512,dormant,none,False,,0.0,30.0,30,0.95,none,,0,0,0,0.0,0.0,0.0,0.0,0.0,0.0,0.0,0.0,0.0,True,True,True,non-critical dormant: review
500247513,active,constant,True,L,0.00821917808219178,30.0,30,0.9,nbinom,1.54,1,1,2,0.0,0.0,1.0,0.0,0.0,1.0,1.0,1.0,1.0,True,True,True,active
500247514,dormant,none,False,,0.0,30.0,30,0.95,none,,0,0,0,0.0,0.0,0.0,0.0,0.0,0.0,0.0,0.0,0.0,True,True,True,non-critical dormant: review
500247515,dormant,none,False,,0.0,30.0,30,0.95,none,,0,0,0,0.0,0.0,0.0,0.0,0.0,0.0,0.0,0.0,0.0,True,True,True,non-critical dormant: review
500247516,dormant,none,False,,0.0,30.0,30,0.95,none,,0,0,0,0.0,0.0,0.0,0.0,0.0,0.0,0.0,0.0,0.0,True,True,True,non-critical dormant: review
500247517,dormant,none,False,,0.0,30.0,30,0.95,none,,0,0,0,0.0,0.0,0.0,0.0,0.0,0.0,0.0,0.0,0.0,True,True,True,non-critical dormant: review
500247518,dormant,none,False,D,0.0,30.0,30,0.9,none,,0,0,0,0.0,0.0,0.0,0.0,0.0,0.0,0.0,0.0,0.0,True,True,True,non-critical dormant: review
500247519,active,constant,True,L,0.0027397260273972603,30.0,30,0.9,nbinom,5.0,0,0,1,0.0,0.0,0.0,0.0,2.0,3.0,0.0,-2.0,-2.0,True,False,False,active
500247520,dormant,none,False,D,0.0,30.0,30,0.9,none,,0,0,0,0.0,0.0,0.0,0.0,0.0,0.0,0.0,0.0,0.0,True,True,True,non-critical dormant: review
500247521,dormant,none,False,,0.0,30.0,30,0.95,none,,0,0,0,0.0,0.0,0.0,0.0,0.0,0.0,0.0,0.0,0.0,True,True,True,non-critical dormant: review
500247522,dormant,none,False,,0.0,30.0,30,0.95,none,,0,0,0,0.0,0.0,0.0,0.0,0.0,0.0,0.0,0.0,0.0,True,True,True,non-critical dormant: review
500247523,dormant,none,False,,0.0,30.0,30,0.95,none,,0,0,0,0.0,0.0,0.0,0.0,0.0,0.0,0.0,0.0,0.0,True,True,True,non-critical dormant: review
500247524,dormant,none,False,,0.0,30.0,30,0.95,none,,0,0,0,0.0,0.0,0.0,0.0,0.0,0.0,0.0,0.0,0.0,True,True,True,non-critical dormant: review
500247525,dormant,none,False,,0.0,30.0,30,0.95,none,,0,0,0,0.0,0.0,0.0,0.0,0.0,0.0,0.0,0.0,0.0,True,True,True,non-critical dormant: review
500247526,dormant,none,False,,0.0,30.0,30,0.95,none,,0,0,0,0.0,0.0,0.0,0.0,0.0,0.0,0.0,0.0,0.0,True,True,True,non-critical dormant: review
500247527,dying,dying,False,L,0.0,30.0,30,0.9,nbinom,5.0,0,0,1,0.0,0.0,0.0,0.0,0.0,0.0,0.0,0.0,1.0,True,True,True,"dying: demand ceased, review"
500247529,dormant,none,False,D,0.0,30.0,30,0.9,none,,0,0,0,0.0,0.0,1.0,0.0,0.0,1.0,0.0,0.0,-1.0,True,True,True,non-critical dormant: review
500247530,dormant,none,False,D,0.0,30.0,30,0.9,none,,0,0,0,0.0,0.0,1.0,0.0,0.0,1.0,0.0,0.0,-1.0,True,True,True,non-critical dormant: review
500247531,dormant,none,False,,0.0,30.0,30,0.95,none,,0,0,0,0.0,0.0,0.0,0.0,0.0,0.0,0.0,0.0,0.0,True,True,True,non-critical dormant: review
500247532,dying,dying,False,L,0.0027397260273972603,30.0,30,0.9,nbinom,5.0,0,0,1,0.0,0.0,0.0,0.0,0.0,0.0,0.0,0.0,1.0,True,True,True,"dying: demand ceased, review"
500247533,dormant,none,False,,0.0,30.0,30,0.95,none,,0,0,0,0.0,0.0,0.0,0.0,0.0,0.0,0.0,0.0,0.0,True,True,True,non-critical dormant: review
500247534,dormant,none,False,,0.0,30.0,30,0.95,none,,0,0,0,0.0,0.0,0.0,0.0,0.0,0.0,0.0,0.0,0.0,True,True,True,non-critical dormant: review
500247998,dormant,none,False,,0.0,15.0,30,0.95,none,,0,0,0,0.0,0.0,0.0,0.0,0.0,0.0,0.0,0.0,0.0,True,True,True,non-critical dormant: review
500247999,dormant,none,False,D,0.0,15.0,30,0.9,none,,0,0,0,0.0,0.0,0.0,0.0,0.0,0.0,0.0,0.0,0.0,True,True,True,non-critical dormant: review
500248000,dormant,none,False,,0.0,15.0,30,0.95,none,,0,0,0,0.0,0.0,0.0,0.0,0.0,0.0,0.0,0.0,0.0,True,True,True,non-critical dormant: review
500248042,dormant,none,False,,0.0,85.0,30,0.95,none,,0,0,0,0.0,0.0,1.0,0.0,0.0,1.0,0.0,0.0,-1.0,True,True,True,non-critical dormant: review
500248043,dying,dying,False,L,0.005479452054794521,10.0,30,0.9,nbinom,5.0,0,0,1,0.0,0.0,1.0,0.0,0.0,1.0,0.0,0.0,0.0,True,True,True,"dying: demand ceased, review"
500248044,dormant,none,False,,0.0,20.0,30,0.95,none,,0,0,0,0.0,0.0,1.0,0.0,0.0,1.0,0.0,0.0,-1.0,True,True,True,non-critical dormant: review
500248088,dormant,none,False,D,0.0,25.0,30,0.9,none,,0,0,0,0.0,0.0,0.0,0.0,0.0,0.0,0.0,0.0,0.0,True,True,True,non-critical dormant: review
500248089,dormant,none,False,,0.0,59.0,30,0.95,none,,0,0,0,0.0,0.0,0.0,0.0,0.0,0.0,0.0,0.0,0.0,True,True,True,non-critical dormant: review
500248090,dormant,none,False,,0.0,50.0,30,0.95,none,,0,0,0,0.0,0.0,0.0,0.0,0.0,0.0,0.0,0.0,0.0,True,True,True,non-critical dormant: review
500248091,dormant,none,False,,0.0,25.0,30,0.95,none,,0,0,0,0.0,0.0,0.0,0.0,0.0,0.0,0.0,0.0,0.0,True,True,True,non-critical dormant: review
500248092,dormant,none,False,,0.0,25.0,30,0.95,none,,0,0,0,0.0,0.0,0.0,0.0,0.0,0.0,0.0,0.0,0.0,True,True,True,non-critical dormant: review
500248591,dormant,none,False,,0.0,10.0,30,0.95,none,,0,0,0,0.0,0.0,0.0,0.0,0.0,0.0,0.0,0.0,0.0,True,True,True,non-critical dormant: review
500248756,dormant,none,False,,0.0,25.0,30,0.95,none,,0,0,0,0.0,0.0,0.0,0.0,0.0,0.0,0.0,0.0,0.0,True,True,True,non-critical dormant: review
500248757,dormant,none,False,,0.0,59.0,30,0.95,none,,0,0,0,0.0,0.0,0.0,0.0,0.0,0.0,0.0,0.0,0.0,True,True,True,non-critical dormant: review
500250013,dormant,none,False,,0.0,45.0,30,0.95,none,,0,0,0,0.0,0.0,0.0,0.0,0.0,0.0,0.0,0.0,0.0,True,True,True,non-critical dormant: review
500250325,dormant,none,False,D,0.0,33.0,30,0.9,none,,0,0,0,0.0,0.0,1.0,0.0,0.0,1.0,0.0,0.0,-1.0,True,True,True,non-critical dormant: review
500250389,dormant,none,False,D,0.0,13.0,30,0.9,none,,0,0,0,0.0,0.0,0.0,0.0,0.0,0.0,0.0,0.0,0.0,True,True,True,non-critical dormant: review
500250390,dying,dying,False,L,0.0027397260273972603,13.0,30,0.9,nbinom,5.0,0,0,1,0.0,1.0,2.0,0.0,1.0,2.0,0.0,-1.0,-1.0,True,True,True,"dying: demand ceased, review"
500250395,dormant,none,False,,0.0,30.0,30,0.95,none,,0,0,0,0.0,0.0,0.0,0.0,0.0,0.0,0.0,0.0,0.0,True,True,True,non-critical dormant: review
500250632,dormant,none,False,,0.0,25.0,30,0.95,none,,0,0,0,0.0,0.0,0.0,0.0,0.0,0.0,0.0,0.0,0.0,True,True,True,non-critical dormant: review
500250633,dormant,none,False,,0.0,25.0,30,0.95,none,,0,0,0,0.0,0.0,0.0,0.0,0.0,0.0,0.0,0.0,0.0,True,True,True,non-critical dormant: review
500250634,dormant,none,False,,0.0,59.0,30,0.95,none,,0,0,0,0.0,0.0,0.0,0.0,0.0,0.0,0.0,0.0,0.0,True,True,True,non-critical dormant: review
500250643,dormant,none,False,D,0.0,45.0,30,0.9,none,,0,0,0,0.0,0.0,0.0,0.0,0.0,0.0,0.0,0.0,0.0,True,True,True,non-critical dormant: review
500250705,dormant,none,False,D,0.0,15.0,30,0.9,none,,0,0,0,0.0,0.0,0.0,0.0,0.0,0.0,0.0,0.0,0.0,True,True,True,non-critical dormant: review
500252737,dormant,none,False,D,0.0,30.0,30,0.9,none,,0,0,0,0.0,0.0,1.0,0.0,0.0,1.0,0.0,0.0,-1.0,True,True,True,non-critical dormant: review
500252738,dormant,none,False,D,0.0,30.0,30,0.9,none,,0,0,0,0.0,0.0,1.0,0.0,0.0,1.0,0.0,0.0,-1.0,True,True,True,non-critical dormant: review
500252739,dormant,none,False,D,0.0,16.0,30,0.9,none,,0,0,0,0.0,0.0,1.0,0.0,0.0,1.0,0.0,0.0,-1.0,True,True,True,non-critical dormant: review
500252740,dormant,none,False,,0.0,10.0,30,0.95,none,,0,0,0,0.0,0.0,1.0,0.0,0.0,1.0,0.0,0.0,-1.0,True,True,True,non-critical dormant: review
500252781,dormant,none,False,,0.0,25.0,30,0.95,none,,0,0,0,0.0,0.0,0.0,0.0,0.0,0.0,0.0,0.0,0.0,True,True,True,non-critical dormant: review
500252783,dormant,none,False,,0.0,25.0,30,0.95,none,,0,0,0,0.0,0.0,0.0,0.0,0.0,0.0,0.0,0.0,0.0,True,True,True,non-critical dormant: review
500253615,dormant,none,False,D,0.0,13.0,30,0.9,none,,0,0,0,0.0,0.0,1.0,0.0,0.0,1.0,0.0,0.0,-1.0,True,True,True,non-critical dormant: review
500253619,active,constant,True,M,0.021917808219178082,13.0,30,0.95,nbinom,3.297,2,2,4,1.0,2.0,3.0,0.0,1.0,3.0,2.0,1.0,1.0,False,True,True,active
500253621,active,constant,True,M,0.00821917808219178,13.0,30,0.95,nbinom,2.205,1,1,2,0.0,1.0,2.0,0.0,0.0,1.0,1.0,1.0,1.0,True,True,True,active
500253629,dormant,none,False,D,0.0,13.0,30,0.9,none,,0,0,0,0.0,0.0,1.0,0.0,0.0,1.0,0.0,0.0,-1.0,True,True,True,non-critical dormant: review
500253630,dormant,none,False,D,0.0,13.0,30,0.9,none,,0,0,0,0.0,0.0,1.0,0.0,0.0,1.0,0.0,0.0,-1.0,True,True,True,non-critical dormant: review
500253774,dormant,none,False,D,0.0,28.0,30,0.9,none,,0,0,0,0.0,0.0,1.0,0.0,0.0,1.0,0.0,0.0,-1.0,True,True,True,non-critical dormant: review
500255236,dormant,none,False,D,0.0,15.0,30,0.9,none,,0,0,0,0.0,0.0,0.0,0.0,0.0,0.0,0.0,0.0,0.0,True,True,True,non-critical dormant: review
500255237,dormant,none,False,D,0.0,15.0,30,0.9,none,,0,0,0,0.0,0.0,0.0,0.0,0.0,0.0,0.0,0.0,0.0,True,True,True,non-critical dormant: review
500255239,dormant,none,False,D,0.0,55.0,30,0.9,none,,0,0,0,0.0,0.0,1.0,0.0,0.0,1.0,0.0,0.0,-1.0,True,True,True,non-critical dormant: review
500255240,dormant,none,False,D,0.0,15.0,30,0.9,none,,0,0,0,0.0,0.0,0.0,0.0,0.0,0.0,0.0,0.0,0.0,True,True,True,non-critical dormant: review
500256480,dormant,none,False,,0.0,15.0,30,0.95,none,,0,0,0,0.0,0.0,0.0,0.0,0.0,0.0,0.0,0.0,0.0,True,True,True,non-critical dormant: review
500257174,dormant,none,False,D,0.0,10.0,30,0.9,none,,0,0,0,0.0,0.0,0.0,0.0,0.0,0.0,0.0,0.0,0.0,True,True,True,non-critical dormant: review
500257184,dormant,none,False,,0.0,35.0,30,0.95,none,,0,0,0,0.0,0.0,0.0,0.0,0.0,0.0,0.0,0.0,0.0,True,True,True,non-critical dormant: review
500258615,dormant,none,False,D,0.0,13.0,30,0.9,none,,0,0,0,0.0,0.0,0.0,0.0,0.0,0.0,0.0,0.0,0.0,True,True,True,non-critical dormant: review
500258616,dormant,none,False,D,0.0,13.0,30,0.9,none,,0,0,0,0.0,0.0,0.0,0.0,0.0,0.0,0.0,0.0,0.0,True,True,True,non-critical dormant: review
500258849,dormant,none,False,,0.0,15.0,30,0.95,none,,0,0,0,0.0,0.0,0.0,0.0,0.0,0.0,0.0,0.0,0.0,True,True,True,non-critical dormant: review
500258850,dormant,none,False,D,0.0,38.0,30,0.9,none,,0,0,0,0.0,0.0,0.0,0.0,0.0,0.0,0.0,0.0,0.0,True,True,True,non-critical dormant: review
500258851,dormant,none,False,,0.0,25.0,30,0.95,none,,0,0,0,0.0,0.0,0.0,0.0,0.0,0.0,0.0,0.0,0.0,True,True,True,non-critical dormant: review
500258852,dormant,none,False,,0.0,15.0,30,0.95,none,,0,0,0,0.0,0.0,0.0,0.0,0.0,0.0,0.0,0.0,0.0,True,True,True,non-critical dormant: review
500258853,dormant,none,False,,0.0,15.0,30,0.95,none,,0,0,0,0.0,0.0,0.0,0.0,0.0,0.0,0.0,0.0,0.0,True,True,True,non-critical dormant: review
500258854,dormant,none,False,D,0.0,38.0,30,0.9,none,,0,0,0,0.0,0.0,0.0,0.0,0.0,0.0,0.0,0.0,0.0,True,True,True,non-critical dormant: review
500258855,dormant,none,False,,0.0,25.0,30,0.95,none,,0,0,0,0.0,0.0,0.0,0.0,0.0,0.0,0.0,0.0,0.0,True,True,True,non-critical dormant: review
500258856,dormant,none,False,,0.0,15.0,30,0.95,none,,0,0,0,0.0,0.0,0.0,0.0,0.0,0.0,0.0,0.0,0.0,True,True,True,non-critical dormant: review
500258857,dying,dying,False,L,0.0,15.0,30,0.9,nbinom,5.0,0,0,1,0.0,0.0,1.0,0.0,0.0,1.0,0.0,0.0,0.0,True,True,True,"dying: demand ceased, review"
500258858,dormant,none,False,,0.0,25.0,30,0.95,none,,0,0,0,0.0,0.0,0.0,0.0,0.0,0.0,0.0,0.0,0.0,True,True,True,non-critical dormant: review
500258859,dormant,none,False,,0.0,15.0,30,0.95,none,,0,0,0,0.0,0.0,0.0,0.0,0.0,0.0,0.0,0.0,0.0,True,True,True,non-critical dormant: review
500258860,dormant,none,False,,0.0,25.0,30,0.95,none,,0,0,0,0.0,0.0,0.0,0.0,0.0,0.0,0.0,0.0,0.0,True,True,True,non-critical dormant: review
500258861,dormant,none,False,,0.0,25.0,30,0.95,none,,0,0,0,0.0,0.0,1.0,0.0,0.0,1.0,0.0,0.0,-1.0,True,True,True,non-critical dormant: review
500258862,dormant,none,False,,0.0,25.0,30,0.95,none,,0,0,0,0.0,0.0,1.0,0.0,0.0,0.0,0.0,0.0,0.0,True,True,True,non-critical dormant: review
500258863,dormant,none,False,,0.0,25.0,30,0.95,none,,0,0,0,0.0,0.0,0.0,0.0,0.0,0.0,0.0,0.0,0.0,True,True,True,non-critical dormant: review
500258864,dormant,none,False,,0.0,25.0,30,0.95,none,,0,0,0,0.0,0.0,0.0,0.0,0.0,0.0,0.0,0.0,0.0,True,True,True,non-critical dormant: review
500259248,active,constant,True,H,0.03561643835616438,17.0,30,0.99,poisson,1.0,3,3,5,1.0,2.0,3.0,1.0,3.0,5.0,2.0,0.0,0.0,False,True,True,active
500259249,active,constant,True,M,0.01643835616438356,15.0,30,0.95,poisson,1.0,1,1,2,0.0,0.0,1.0,0.0,6.0,8.0,1.0,-5.0,-6.0,True,False,False,active
500259250,dormant,none,False,,0.0,10.0,30,0.95,none,,0,0,0,0.0,0.0,1.0,0.0,0.0,1.0,0.0,0.0,-1.0,True,True,True,non-critical dormant: review
500259251,dormant,none,False,,0.0,10.0,30,0.95,none,,0,0,0,0.0,0.0,1.0,0.0,0.0,1.0,0.0,0.0,-1.0,True,True,True,non-critical dormant: review
500259297,dormant,none,False,,0.0,10.0,30,0.95,none,,0,0,0,0.0,0.0,0.0,0.0,0.0,0.0,0.0,0.0,0.0,True,True,True,non-critical dormant: review
500259598,dormant,none,False,D,0.0,25.0,30,0.9,none,,0,0,0,0.0,0.0,0.0,0.0,0.0,0.0,0.0,0.0,0.0,True,True,True,non-critical dormant: review
500259787,dormant,none,False,,0.0,10.0,30,0.95,none,,0,0,0,0.0,0.0,0.0,0.0,0.0,0.0,0.0,0.0,0.0,True,True,True,non-critical dormant: review
500260179,dormant,none,False,,0.0,15.0,30,0.95,none,,0,0,0,0.0,0.0,0.0,0.0,0.0,0.0,0.0,0.0,0.0,True,True,True,non-critical dormant: review
500260180,dormant,none,False,,0.0,77.0,30,0.95,none,,0,0,0,0.0,0.0,0.0,0.0,0.0,0.0,0.0,0.0,0.0,True,True,True,non-critical dormant: review
500260181,dormant,none,False,D,0.0,15.0,30,0.9,none,,0,0,0,0.0,0.0,0.0,0.0,0.0,0.0,0.0,0.0,0.0,True,True,True,non-critical dormant: review
500260182,dormant,none,False,,0.0,15.0,30,0.95,none,,0,0,0,0.0,0.0,0.0,0.0,0.0,0.0,0.0,0.0,0.0,True,True,True,non-critical dormant: review
500260183,dormant,none,False,,0.0,15.0,30,0.95,none,,0,0,0,0.0,0.0,0.0,0.0,0.0,0.0,0.0,0.0,0.0,True,True,True,non-critical dormant: review
500260187,dormant,none,False,D,0.0,28.0,30,0.9,none,,0,0,0,0.0,0.0,1.0,0.0,0.0,1.0,0.0,0.0,-1.0,True,True,True,non-critical dormant: review
500260227,dying,dying,False,L,0.0,14.0,30,0.9,nbinom,5.0,0,0,1,0.0,0.0,0.0,0.0,0.0,1.0,0.0,0.0,0.0,True,True,True,"dying: demand ceased, review"
500260228,dormant,none,False,D,0.0,18.0,30,0.9,none,,0,0,0,0.0,0.0,0.0,0.0,0.0,0.0,0.0,0.0,0.0,True,True,True,non-critical dormant: review
500260236,dormant,none,False,D,0.0,13.0,30,0.9,none,,0,0,0,0.0,0.0,0.0,0.0,0.0,0.0,0.0,0.0,0.0,True,True,True,non-critical dormant: review
500260237,dying,dying,False,M,0.019178082191780823,13.0,30,0.95,nbinom,3.0,2,2,4,0.0,0.0,1.0,0.0,0.0,1.0,2.0,2.0,3.0,False,False,False,"dying: demand ceased, review"
500260397,dormant,none,False,D,0.0,9.0,30,0.9,none,,0,0,0,0.0,0.0,0.0,0.0,0.0,0.0,0.0,0.0,0.0,True,True,True,non-critical dormant: review
500261644,dormant,none,False,,0.0,10.0,30,0.95,none,,0,0,0,0.0,0.0,0.0,0.0,0.0,0.0,0.0,0.0,0.0,True,True,True,non-critical dormant: review
500261847,dormant,none,False,,0.0,13.0,30,0.95,none,,0,0,0,0.0,0.0,0.0,0.0,0.0,0.0,0.0,0.0,0.0,True,True,True,non-critical dormant: review
500262533,dormant,none,False,D,0.0,25.0,30,0.9,none,,0,0,0,0.0,0.0,0.0,0.0,0.0,0.0,0.0,0.0,0.0,True,True,True,non-critical dormant: review
500263347,dying,dying,False,L,0.0,13.0,30,0.9,nbinom,5.0,0,0,1,0.0,0.0,1.0,0.0,0.0,1.0,0.0,0.0,0.0,True,True,True,"dying: demand ceased, review"
500265676,dormant,none,False,,0.0,13.0,30,0.95,none,,0,0,0,0.0,0.0,0.0,0.0,0.0,0.0,0.0,0.0,0.0,True,True,True,non-critical dormant: review
500265724,dormant,none,False,,0.0,25.0,30,0.95,none,,0,0,0,0.0,0.0,1.0,0.0,0.0,1.0,0.0,0.0,-1.0,True,True,True,non-critical dormant: review
500265725,dormant,none,False,,0.0,25.0,30,0.95,none,,0,0,0,0.0,0.0,1.0,0.0,0.0,1.0,0.0,0.0,-1.0,True,True,True,non-critical dormant: review
500266693,dormant,none,False,D,0.0,90.0,30,0.9,none,,0,0,0,0.0,0.0,0.0,0.0,0.0,0.0,0.0,0.0,0.0,True,True,True,non-critical dormant: review
500266694,dormant,none,False,D,0.0,25.0,30,0.9,none,,0,0,0,0.0,0.0,0.0,0.0,0.0,0.0,0.0,0.0,0.0,True,True,True,non-critical dormant: review
500266800,dormant,none,False,,0.0,10.0,30,0.95,none,,0,0,0,0.0,0.0,0.0,0.0,0.0,0.0,0.0,0.0,0.0,True,True,True,non-critical dormant: review
500266801,dormant,none,False,L,0.0,13.0,30,0.9,none,,0,0,0,0.0,0.0,1.0,0.0,0.0,1.0,0.0,0.0,-1.0,True,True,True,non-critical dormant: review
500266975,dormant,none,False,D,0.0,55.0,30,0.9,none,,0,0,0,0.0,0.0,0.0,0.0,0.0,0.0,0.0,0.0,0.0,True,True,True,non-critical dormant: review
500266976,dormant,none,False,D,0.0,90.0,30,0.9,none,,0,0,0,0.0,0.0,0.0,0.0,0.0,0.0,0.0,0.0,0.0,True,True,True,non-critical dormant: review
500267829,dormant,none,False,,0.0,15.0,30,0.95,none,,0,0,0,0.0,0.0,0.0,0.0,0.0,0.0,0.0,0.0,0.0,True,True,True,non-critical dormant: review
500267830,dormant,none,False,D,0.0,15.0,30,0.9,none,,0,0,0,0.0,0.0,0.0,0.0,0.0,0.0,0.0,0.0,0.0,True,True,True,non-critical dormant: review
500267831,dormant,none,False,D,0.0,55.0,30,0.9,none,,0,0,0,0.0,0.0,0.0,0.0,0.0,0.0,0.0,0.0,0.0,True,True,True,non-critical dormant: review
500268051,dormant,none,False,,0.0,113.0,30,0.95,none,,0,0,0,0.0,0.0,0.0,0.0,0.0,0.0,0.0,0.0,0.0,True,True,True,non-critical dormant: review
500269891,active,constant,True,L,0.005479452054794521,77.0,30,0.9,nbinom,3.125,1,1,2,0.0,0.0,1.0,0.0,0.0,1.0,1.0,1.0,1.0,True,True,True,active
500269892,dormant,none,False,D,0.0,27.0,30,0.9,none,,0,0,0,0.0,0.0,1.0,0.0,0.0,1.0,0.0,0.0,-1.0,True,True,True,non-critical dormant: review
500269893,dormant,none,False,D,0.0,30.0,30,0.9,none,,0,0,0,0.0,0.0,1.0,0.0,0.0,1.0,0.0,0.0,-1.0,True,True,True,non-critical dormant: review
500269894,dormant,none,False,D,0.0,13.0,30,0.9,none,,0,0,0,0.0,0.0,1.0,0.0,0.0,1.0,0.0,0.0,-1.0,True,True,True,non-critical dormant: review
500269895,dormant,none,False,D,0.0,42.0,30,0.9,none,,0,0,0,0.0,0.0,1.0,0.0,0.0,1.0,0.0,0.0,-1.0,True,True,True,non-critical dormant: review
500269896,dormant,none,False,D,0.0,30.0,30,0.9,none,,0,0,0,0.0,0.0,0.0,0.0,0.0,0.0,0.0,0.0,0.0,True,True,True,non-critical dormant: review
500269897,dormant,none,False,,0.0,15.0,30,0.95,none,,0,0,0,0.0,0.0,1.0,0.0,0.0,1.0,0.0,0.0,-1.0,True,True,True,non-critical dormant: review
500269898,dormant,none,False,D,0.0,42.0,30,0.9,none,,0,0,0,0.0,0.0,1.0,0.0,0.0,1.0,0.0,0.0,-1.0,True,True,True,non-critical dormant: review
500269899,dormant,none,False,D,0.0,42.0,30,0.9,none,,0,0,0,0.0,0.0,1.0,0.0,0.0,1.0,0.0,0.0,-1.0,True,True,True,non-critical dormant: review
500269900,dormant,none,False,,0.0,35.0,30,0.95,none,,0,0,0,0.0,0.0,1.0,0.0,0.0,1.0,0.0,0.0,-1.0,True,True,True,non-critical dormant: review
500269901,dormant,none,False,D,0.0,15.0,30,0.9,none,,0,0,0,0.0,0.0,1.0,0.0,0.0,1.0,0.0,0.0,-1.0,True,True,True,non-critical dormant: review
500270119,dormant,none,False,,0.0,15.0,30,0.95,none,,0,0,0,0.0,0.0,0.0,0.0,0.0,0.0,0.0,0.0,0.0,True,True,True,non-critical dormant: review
500270120,dormant,none,False,L,0.0,75.0,30,0.9,none,,0,0,0,0.0,0.0,1.0,0.0,0.0,1.0,0.0,0.0,-1.0,True,True,True,non-critical dormant: review
500271117,dormant,none,False,,0.0,15.0,30,0.95,none,,0,0,0,0.0,0.0,1.0,0.0,0.0,1.0,0.0,0.0,-1.0,True,True,True,non-critical dormant: review
500271211,dormant,none,False,,0.0,70.0,30,0.95,none,,0,0,0,0.0,0.0,0.0,0.0,0.0,0.0,0.0,0.0,0.0,True,True,True,non-critical dormant: review
500271740,dormant,none,False,,0.0,15.0,30,0.95,none,,0,0,0,0.0,0.0,0.0,0.0,0.0,0.0,0.0,0.0,0.0,True,True,True,non-critical dormant: review
500271899,dormant,none,False,,0.0,20.0,30,0.95,none,,0,0,0,0.0,0.0,0.0,0.0,0.0,0.0,0.0,0.0,0.0,True,True,True,non-critical dormant: review
500271900,dormant,none,False,D,0.0,30.0,30,0.9,none,,0,0,0,0.0,0.0,1.0,0.0,0.0,1.0,0.0,0.0,-1.0,True,True,True,non-critical dormant: review
500272529,dormant,none,False,D,0.0,30.0,30,0.9,none,,0,0,0,0.0,0.0,1.0,0.0,0.0,1.0,0.0,0.0,-1.0,True,True,True,non-critical dormant: review
500272673,dormant,none,False,,0.0,56.0,30,0.95,none,,0,0,0,0.0,0.0,0.0,0.0,0.0,0.0,0.0,0.0,0.0,True,True,True,non-critical dormant: review
500272675,dormant,none,False,D,0.0,20.0,30,0.9,none,,0,0,0,0.0,0.0,1.0,0.0,0.0,1.0,0.0,0.0,-1.0,True,True,True,non-critical dormant: review
500272676,dormant,none,False,,0.0,56.0,30,0.95,none,,0,0,0,0.0,0.0,0.0,0.0,0.0,0.0,0.0,0.0,0.0,True,True,True,non-critical dormant: review
500272677,dormant,none,False,D,0.0,30.0,30,0.9,none,,0,0,0,0.0,0.0,0.0,0.0,0.0,0.0,0.0,0.0,0.0,True,True,True,non-critical dormant: review
500272678,dormant,none,False,,0.0,15.0,30,0.95,none,,0,0,0,0.0,0.0,0.0,0.0,0.0,0.0,0.0,0.0,0.0,True,True,True,non-critical dormant: review
500272679,dormant,none,False,,0.0,15.0,30,0.95,none,,0,0,0,0.0,0.0,0.0,0.0,0.0,0.0,0.0,0.0,0.0,True,True,True,non-critical dormant: review
500272680,dormant,none,False,D,0.0,20.0,30,0.9,none,,0,0,0,0.0,0.0,0.0,0.0,0.0,0.0,0.0,0.0,0.0,True,True,True,non-critical dormant: review
500272681,dormant,none,False,D,0.0,30.0,30,0.9,none,,0,0,0,0.0,0.0,0.0,0.0,0.0,0.0,0.0,0.0,0.0,True,True,True,non-critical dormant: review
500272682,dormant,none,False,,0.0,45.0,30,0.95,none,,0,0,0,0.0,0.0,0.0,0.0,0.0,0.0,0.0,0.0,0.0,True,True,True,non-critical dormant: review
500272683,dying,dying,False,L,0.0,30.0,30,0.9,nbinom,5.0,0,0,1,0.0,0.0,0.0,0.0,0.0,0.0,0.0,0.0,1.0,True,True,True,"dying: demand ceased, review"
500272684,dormant,none,False,,0.0,30.0,30,0.95,none,,0,0,0,0.0,0.0,0.0,0.0,0.0,0.0,0.0,0.0,0.0,True,True,True,non-critical dormant: review
500272685,dying,dying,False,L,0.0,20.0,30,0.9,nbinom,5.0,0,0,1,0.0,0.0,0.0,0.0,0.0,0.0,0.0,0.0,1.0,True,True,True,"dying: demand ceased, review"
500272686,dormant,none,False,D,0.0,45.0,30,0.9,none,,0,0,0,0.0,0.0,0.0,0.0,0.0,0.0,0.0,0.0,0.0,True,True,True,non-critical dormant: review
500273164,dormant,none,False,D,0.0,40.0,30,0.9,none,,0,0,0,0.0,0.0,0.0,0.0,0.0,0.0,0.0,0.0,0.0,True,True,True,non-critical dormant: review
500273593,dormant,none,False,D,0.0,25.0,30,0.9,none,,0,0,0,0.0,0.0,0.0,0.0,0.0,0.0,0.0,0.0,0.0,True,True,True,non-critical dormant: review
500273681,dormant,none,False,,0.0,10.0,30,0.95,none,,0,0,0,0.0,0.0,0.0,0.0,0.0,0.0,0.0,0.0,0.0,True,True,True,non-critical dormant: review
500273682,dormant,none,False,,0.0,10.0,30,0.95,none,,0,0,0,0.0,0.0,1.0,0.0,0.0,1.0,0.0,0.0,-1.0,True,True,True,non-critical dormant: review
500274890,dormant,none,False,,0.0,20.0,30,0.95,none,,0,0,0,0.0,0.0,0.0,0.0,0.0,0.0,0.0,0.0,0.0,True,True,True,non-critical dormant: review
500275027,dormant,none,False,,0.0,35.0,30,0.95,none,,0,0,0,0.0,0.0,1.0,0.0,0.0,1.0,0.0,0.0,-1.0,True,True,True,non-critical dormant: review
500275392,dormant,none,False,,0.0,21.0,30,0.95,none,,0,0,0,0.0,0.0,0.0,0.0,0.0,0.0,0.0,0.0,0.0,True,True,True,non-critical dormant: review
500275393,dormant,none,False,,0.0,21.0,30,0.95,none,,0,0,0,0.0,0.0,0.0,0.0,0.0,0.0,0.0,0.0,0.0,True,True,True,non-critical dormant: review
500275596,dormant,none,False,,0.0,30.0,30,0.95,none,,0,0,0,0.0,0.0,0.0,0.0,0.0,0.0,0.0,0.0,0.0,True,True,True,non-critical dormant: review
500275597,dormant,none,False,D,0.0,30.0,30,0.9,none,,0,0,0,0.0,0.0,0.0,0.0,0.0,0.0,0.0,0.0,0.0,True,True,True,non-critical dormant: review
500275897,dormant,none,False,,0.0,13.0,30,0.95,none,,0,0,0,0.0,0.0,0.0,0.0,0.0,0.0,0.0,0.0,0.0,True,True,True,non-critical dormant: review
500276145,dormant,none,False,D,0.0,20.0,30,0.9,none,,0,0,0,0.0,0.0,0.0,0.0,0.0,0.0,0.0,0.0,0.0,True,True,True,non-critical dormant: review
500276777,dormant,none,False,D,0.0,21.0,30,0.9,none,,0,0,0,0.0,0.0,1.0,0.0,0.0,1.0,0.0,0.0,-1.0,True,True,True,non-critical dormant: review
500276779,dormant,none,False,,0.0,21.0,30,0.95,none,,0,0,0,0.0,0.0,1.0,0.0,0.0,1.0,0.0,0.0,-1.0,True,True,True,non-critical dormant: review
500276780,dormant,none,False,D,0.0,20.0,30,0.9,none,,0,0,0,0.0,0.0,1.0,0.0,0.0,1.0,0.0,0.0,-1.0,True,True,True,non-critical dormant: review
500276781,dormant,none,False,,0.0,21.0,30,0.95,none,,0,0,0,0.0,0.0,1.0,0.0,0.0,1.0,0.0,0.0,-1.0,True,True,True,non-critical dormant: review
500276783,dormant,none,False,,0.0,21.0,30,0.95,none,,0,0,0,0.0,0.0,1.0,0.0,0.0,1.0,0.0,0.0,-1.0,True,True,True,non-critical dormant: review
500276786,dormant,none,False,D,0.0,21.0,30,0.9,none,,0,0,0,0.0,0.0,1.0,0.0,0.0,1.0,0.0,0.0,-1.0,True,True,True,non-critical dormant: review
500276790,dormant,none,False,,0.0,21.0,30,0.95,none,,0,0,0,0.0,0.0,1.0,0.0,0.0,1.0,0.0,0.0,-1.0,True,True,True,non-critical dormant: review
500276791,dormant,none,False,,0.0,21.0,30,0.95,none,,0,0,0,0.0,0.0,1.0,0.0,0.0,1.0,0.0,0.0,-1.0,True,True,True,non-critical dormant: review
500276792,dormant,none,False,,0.0,21.0,30,0.95,none,,0,0,0,0.0,0.0,1.0,0.0,0.0,1.0,0.0,0.0,-1.0,True,True,True,non-critical dormant: review
500277048,dormant,none,False,D,0.0,20.0,30,0.9,none,,0,0,0,0.0,0.0,0.0,0.0,0.0,0.0,0.0,0.0,0.0,True,True,True,non-critical dormant: review
500277049,dormant,none,False,,0.0,35.0,30,0.95,none,,0,0,0,0.0,0.0,0.0,0.0,0.0,0.0,0.0,0.0,0.0,True,True,True,non-critical dormant: review
500277050,dormant,none,False,,0.0,55.0,30,0.95,none,,0,0,0,0.0,0.0,0.0,0.0,0.0,0.0,0.0,0.0,0.0,True,True,True,non-critical dormant: review
500277051,dormant,none,False,,0.0,55.0,30,0.95,none,,0,0,0,0.0,0.0,0.0,0.0,0.0,0.0,0.0,0.0,0.0,True,True,True,non-critical dormant: review
500277053,dormant,none,False,D,0.0,48.0,30,0.9,none,,0,0,0,0.0,0.0,0.0,0.0,0.0,0.0,0.0,0.0,0.0,True,True,True,non-critical dormant: review
500277054,dormant,none,False,,0.0,30.0,30,0.95,none,,0,0,0,0.0,0.0,0.0,0.0,0.0,0.0,0.0,0.0,0.0,True,True,True,non-critical dormant: review
500277471,dying,dying,False,L,0.0027397260273972603,14.0,30,0.9,nbinom,5.0,0,0,1,0.0,0.0,1.0,0.0,0.0,1.0,0.0,0.0,0.0,True,True,True,"dying: demand ceased, review"
500278202,dormant,none,False,D,0.0,20.0,30,0.9,none,,0,0,0,0.0,0.0,1.0,0.0,0.0,1.0,0.0,0.0,-1.0,True,True,True,non-critical dormant: review
500278769,dormant,none,False,,0.0,35.0,30,0.95,none,,0,0,0,0.0,0.0,1.0,0.0,0.0,1.0,0.0,0.0,-1.0,True,True,True,non-critical dormant: review
500278770,dormant,none,False,D,0.0,15.0,30,0.9,none,,0,0,0,0.0,0.0,1.0,0.0,0.0,1.0,0.0,0.0,-1.0,True,True,True,non-critical dormant: review
500278771,dormant,none,False,D,0.0,30.0,30,0.9,none,,0,0,0,0.0,0.0,1.0,0.0,0.0,1.0,0.0,0.0,-1.0,True,True,True,non-critical dormant: review
500278772,dormant,none,False,,0.0,19.0,30,0.95,none,,0,0,0,0.0,0.0,0.0,0.0,0.0,0.0,0.0,0.0,0.0,True,True,True,non-critical dormant: review
500278773,dormant,none,False,,0.0,35.0,30,0.95,none,,0,0,0,0.0,0.0,1.0,0.0,0.0,1.0,0.0,0.0,-1.0,True,True,True,non-critical dormant: review
500278774,dormant,none,False,,0.0,35.0,30,0.95,none,,0,0,0,0.0,0.0,1.0,0.0,0.0,1.0,0.0,0.0,-1.0,True,True,True,non-critical dormant: review
500278775,dormant,none,False,,0.0,35.0,30,0.95,none,,0,0,0,0.0,0.0,1.0,0.0,0.0,1.0,0.0,0.0,-1.0,True,True,True,non-critical dormant: review
500278776,dormant,none,False,,0.0,35.0,30,0.95,none,,0,0,0,0.0,0.0,1.0,0.0,0.0,1.0,0.0,0.0,-1.0,True,True,True,non-critical dormant: review
500278777,dormant,none,False,,0.0,35.0,30,0.95,none,,0,0,0,0.0,0.0,1.0,0.0,0.0,1.0,0.0,0.0,-1.0,True,True,True,non-critical dormant: review
500278778,dormant,none,False,,0.0,15.0,30,0.95,none,,0,0,0,0.0,0.0,1.0,0.0,0.0,1.0,0.0,0.0,-1.0,True,True,True,non-critical dormant: review
500278779,dormant,none,False,,0.0,35.0,30,0.95,none,,0,0,0,0.0,0.0,1.0,0.0,0.0,1.0,0.0,0.0,-1.0,True,True,True,non-critical dormant: review
500278924,dying,dying,False,L,0.0,30.0,30,0.9,nbinom,5.0,0,0,1,0.0,0.0,0.0,0.0,0.0,0.0,0.0,0.0,1.0,True,True,True,"dying: demand ceased, review"
500278925,dormant,none,False,,0.0,15.0,30,0.95,none,,0,0,0,0.0,0.0,0.0,0.0,0.0,0.0,0.0,0.0,0.0,True,True,True,non-critical dormant: review
500278926,dormant,none,False,,0.0,20.0,30,0.95,none,,0,0,0,0.0,0.0,0.0,0.0,0.0,0.0,0.0,0.0,0.0,True,True,True,non-critical dormant: review
500278927,dying,dying,False,L,0.0,30.0,30,0.9,nbinom,5.0,0,0,1,0.0,0.0,0.0,0.0,0.0,0.0,0.0,0.0,1.0,True,True,True,"dying: demand ceased, review"
500278928,dormant,none,False,D,0.0,33.0,30,0.9,none,,0,0,0,0.0,0.0,0.0,0.0,0.0,0.0,0.0,0.0,0.0,True,True,True,non-critical dormant: review
500278929,dormant,none,False,D,0.0,20.0,30,0.9,none,,0,0,0,0.0,0.0,0.0,0.0,0.0,0.0,0.0,0.0,0.0,True,True,True,non-critical dormant: review
500278930,dormant,none,False,,0.0,20.0,30,0.95,none,,0,0,0,0.0,0.0,0.0,0.0,0.0,0.0,0.0,0.0,0.0,True,True,True,non-critical dormant: review
500278931,dormant,none,False,,0.0,15.0,30,0.95,none,,0,0,0,0.0,0.0,0.0,0.0,0.0,0.0,0.0,0.0,0.0,True,True,True,non-critical dormant: review
500278932,dying,dying,False,L,0.0,20.0,30,0.9,nbinom,5.0,0,0,1,0.0,0.0,1.0,0.0,0.0,1.0,0.0,0.0,0.0,True,True,True,"dying: demand ceased, review"
500278935,dormant,none,False,,0.0,35.0,30,0.95,none,,0,0,0,0.0,0.0,0.0,0.0,0.0,0.0,0.0,0.0,0.0,True,True,True,non-critical dormant: review
500278936,dormant,none,False,D,0.0,30.0,30,0.9,none,,0,0,0,0.0,0.0,1.0,0.0,0.0,1.0,0.0,0.0,-1.0,True,True,True,non-critical dormant: review
500278938,dying,dying,False,L,0.010958904109589041,20.0,30,0.9,nbinom,5.0,0,0,2,0.0,2.0,4.0,0.0,0.0,1.0,0.0,0.0,1.0,True,True,True,"dying: demand ceased, review"
500278939,active,constant,True,M,0.010958904109589041,20.0,30,0.95,nbinom,2.112,1,1,3,0.0,1.0,3.0,0.0,0.0,1.0,1.0,1.0,2.0,True,True,False,active
500278940,dormant,none,False,,0.0,20.0,30,0.95,none,,0,0,0,0.0,0.0,0.0,0.0,0.0,0.0,0.0,0.0,0.0,True,True,True,non-critical dormant: review
500278941,dormant,none,False,,0.0,20.0,30,0.95,none,,0,0,0,0.0,0.0,0.0,0.0,0.0,0.0,0.0,0.0,0.0,True,True,True,non-critical dormant: review
500278942,dormant,none,False,,0.0,30.0,30,0.95,none,,0,0,0,0.0,0.0,0.0,0.0,0.0,0.0,0.0,0.0,0.0,True,True,True,non-critical dormant: review
500278943,dormant,none,False,D,0.0,30.0,30,0.9,none,,0,0,0,0.0,0.0,0.0,0.0,0.0,0.0,0.0,0.0,0.0,True,True,True,non-critical dormant: review
500279406,dormant,none,False,,0.0,20.0,30,0.95,none,,0,0,0,0.0,0.0,0.0,0.0,0.0,0.0,0.0,0.0,0.0,True,True,True,non-critical dormant: review
500279417,dormant,none,False,D,0.0,20.0,30,0.9,none,,0,0,0,0.0,0.0,0.0,0.0,0.0,0.0,0.0,0.0,0.0,True,True,True,non-critical dormant: review
500279424,dormant,none,False,,0.0,20.0,30,0.95,none,,0,0,0,0.0,0.0,1.0,0.0,0.0,1.0,0.0,0.0,-1.0,True,True,True,non-critical dormant: review
500280785,dying,dying,False,L,0.0,15.0,30,0.9,nbinom,5.0,0,0,1,0.0,0.0,1.0,0.0,0.0,1.0,0.0,0.0,0.0,True,True,True,"dying: demand ceased, review"
500280786,active,constant,True,M,0.0958904109589041,35.0,30,0.95,nbinom,1.5,5,8,12,0.0,17.0,34.0,0.0,9.0,18.0,5.0,-1.0,-6.0,False,True,False,active
500280787,dormant,none,False,,0.0,30.0,30,0.95,none,,0,0,0,0.0,0.0,0.0,0.0,0.0,0.0,0.0,0.0,0.0,True,True,True,non-critical dormant: review
500280788,dormant,none,False,,0.0,40.0,30,0.95,none,,0,0,0,0.0,0.0,0.0,0.0,0.0,0.0,0.0,0.0,0.0,True,True,True,non-critical dormant: review
500280789,dormant,none,False,D,0.0,20.0,30,0.9,none,,0,0,0,0.0,0.0,1.0,0.0,0.0,1.0,0.0,0.0,-1.0,True,True,True,non-critical dormant: review
500280791,active,constant,True,D,0.0027397260273972603,20.0,30,0.9,nbinom,5.0,0,0,1,0.0,0.0,1.0,0.0,0.0,0.0,0.0,0.0,1.0,True,True,True,active
500282046,dormant,none,False,,0.0,16.0,30,0.95,none,,0,0,0,0.0,0.0,1.0,0.0,0.0,1.0,0.0,0.0,-1.0,True,True,True,non-critical dormant: review
500282545,dormant,none,False,,0.0,105.0,30,0.95,none,,0,0,0,0.0,0.0,0.0,0.0,0.0,0.0,0.0,0.0,0.0,True,True,True,non-critical dormant: review
500282710,dormant,none,False,D,0.0,15.0,30,0.9,none,,0,0,0,0.0,0.0,0.0,0.0,0.0,0.0,0.0,0.0,0.0,True,True,True,non-critical dormant: review
500282711,dormant,none,False,D,0.0,30.0,30,0.9,none,,0,0,0,0.0,0.0,0.0,0.0,0.0,0.0,0.0,0.0,0.0,True,True,True,non-critical dormant: review
500282984,dormant,none,False,,0.0,15.0,30,0.95,none,,0,0,0,0.0,0.0,0.0,0.0,0.0,0.0,0.0,0.0,0.0,True,True,True,non-critical dormant: review
500283721,dying,dying,False,L,0.0136986301369863,20.0,30,0.9,nbinom,3.0,1,1,2,0.0,1.0,2.0,0.0,0.0,1.0,1.0,1.0,1.0,True,True,True,"dying: demand ceased, review"
500283722,dormant,none,False,D,0.0,15.0,30,0.9,none,,0,0,0,0.0,0.0,0.0,0.0,0.0,0.0,0.0,0.0,0.0,True,True,True,non-critical dormant: review
500283799,dying,dying,False,H,0.03561643835616438,13.0,30,0.99,nbinom,3.0,6,6,10,2.0,3.0,4.0,2.0,3.0,4.0,4.0,3.0,6.0,False,False,False,"dying: demand ceased, review"
500283945,dormant,none,False,,0.0,30.0,30,0.95,none,,0,0,0,0.0,0.0,0.0,0.0,0.0,0.0,0.0,0.0,0.0,True,True,True,non-critical dormant: review
500283946,dormant,none,False,D,0.0,31.0,30,0.9,none,,0,0,0,0.0,0.0,1.0,0.0,0.0,1.0,0.0,0.0,-1.0,True,True,True,non-critical dormant: review
500283947,dormant,none,False,,0.0,35.0,30,0.95,none,,0,0,0,0.0,0.0,1.0,0.0,0.0,1.0,0.0,0.0,-1.0,True,True,True,non-critical dormant: review
500284208,dormant,none,False,D,0.0,70.0,30,0.9,none,,0,0,0,0.0,0.0,0.0,0.0,0.0,0.0,0.0,0.0,0.0,True,True,True,non-critical dormant: review
500284210,dormant,none,False,,0.0,25.0,30,0.95,none,,0,0,0,0.0,0.0,0.0,0.0,0.0,0.0,0.0,0.0,0.0,True,True,True,non-critical dormant: review
500284211,dormant,none,False,,0.0,10.0,30,0.95,none,,0,0,0,0.0,0.0,0.0,0.0,0.0,0.0,0.0,0.0,0.0,True,True,True,non-critical dormant: review
500284212,dormant,none,False,,0.0,25.0,30,0.95,none,,0,0,0,0.0,0.0,0.0,0.0,0.0,0.0,0.0,0.0,0.0,True,True,True,non-critical dormant: review
500284213,dormant,none,False,D,0.0,15.0,30,0.9,none,,0,0,0,0.0,0.0,0.0,0.0,0.0,0.0,0.0,0.0,0.0,True,True,True,non-critical dormant: review
500284214,dormant,none,False,,0.0,25.0,30,0.95,none,,0,0,0,0.0,0.0,0.0,0.0,0.0,0.0,0.0,0.0,0.0,True,True,True,non-critical dormant: review
500284215,dormant,none,False,,0.0,15.0,30,0.95,none,,0,0,0,0.0,0.0,0.0,0.0,0.0,0.0,0.0,0.0,0.0,True,True,True,non-critical dormant: review
500284217,dormant,none,False,,0.0,25.0,30,0.95,none,,0,0,0,0.0,0.0,0.0,0.0,0.0,0.0,0.0,0.0,0.0,True,True,True,non-critical dormant: review
500284218,dormant,none,False,,0.0,25.0,30,0.95,none,,0,0,0,0.0,0.0,0.0,0.0,0.0,0.0,0.0,0.0,0.0,True,True,True,non-critical dormant: review
500284219,dormant,none,False,,0.0,25.0,30,0.95,none,,0,0,0,0.0,0.0,0.0,0.0,0.0,0.0,0.0,0.0,0.0,True,True,True,non-critical dormant: review
500284220,dormant,none,False,,0.0,15.0,30,0.95,none,,0,0,0,0.0,0.0,0.0,0.0,0.0,0.0,0.0,0.0,0.0,True,True,True,non-critical dormant: review
500284221,dormant,none,False,,0.0,25.0,30,0.95,none,,0,0,0,0.0,0.0,0.0,0.0,0.0,0.0,0.0,0.0,0.0,True,True,True,non-critical dormant: review
500284222,dormant,none,False,D,0.0,10.0,30,0.9,none,,0,0,0,0.0,0.0,0.0,0.0,0.0,0.0,0.0,0.0,0.0,True,True,True,non-critical dormant: review
500284223,dormant,none,False,,0.0,10.0,30,0.95,none,,0,0,0,0.0,0.0,0.0,0.0,0.0,0.0,0.0,0.0,0.0,True,True,True,non-critical dormant: review
500284517,dormant,none,False,,0.0,27.0,30,0.95,none,,0,0,0,0.0,0.0,1.0,0.0,0.0,1.0,0.0,0.0,-1.0,True,True,True,non-critical dormant: review
500284540,dormant,none,False,D,0.0,30.0,30,0.9,none,,0,0,0,0.0,0.0,1.0,0.0,0.0,1.0,0.0,0.0,-1.0,True,True,True,non-critical dormant: review
500284541,dormant,none,False,,0.0,31.0,30,0.95,none,,0,0,0,0.0,0.0,1.0,0.0,0.0,1.0,0.0,0.0,-1.0,True,True,True,non-critical dormant: review
500284542,dormant,none,False,,0.0,35.0,30,0.95,none,,0,0,0,0.0,0.0,1.0,0.0,0.0,1.0,0.0,0.0,-1.0,True,True,True,non-critical dormant: review
500288614,dormant,none,False,,0.0,30.0,30,0.95,none,,0,0,0,0.0,0.0,1.0,0.0,0.0,1.0,0.0,0.0,-1.0,True,True,True,non-critical dormant: review
500288615,dormant,none,False,D,0.0,48.0,30,0.9,none,,0,0,0,0.0,0.0,1.0,0.0,0.0,1.0,0.0,0.0,-1.0,True,True,True,non-critical dormant: review
500288616,dormant,none,False,D,0.0,15.0,30,0.9,none,,0,0,0,0.0,0.0,1.0,0.0,0.0,1.0,0.0,0.0,-1.0,True,True,True,non-critical dormant: review
500288617,dormant,none,False,L,0.0,65.0,30,0.9,none,,0,0,0,0.0,0.0,1.0,0.0,0.0,1.0,0.0,0.0,-1.0,True,True,True,non-critical dormant: review
500288618,dormant,none,False,,0.0,35.0,30,0.95,none,,0,0,0,0.0,0.0,1.0,0.0,0.0,1.0,0.0,0.0,-1.0,True,True,True,non-critical dormant: review
500290650,dying,dying,False,L,0.0,15.0,30,0.9,nbinom,5.0,0,0,1,0.0,0.0,1.0,0.0,0.0,1.0,0.0,0.0,0.0,True,True,True,"dying: demand ceased, review"
500290651,dormant,none,False,,0.0,25.0,30,0.95,none,,0,0,0,0.0,0.0,0.0,0.0,0.0,0.0,0.0,0.0,0.0,True,True,True,non-critical dormant: review
500290652,dormant,none,False,,0.0,25.0,30,0.95,none,,0,0,0,0.0,0.0,0.0,0.0,0.0,0.0,0.0,0.0,0.0,True,True,True,non-critical dormant: review
500291033,dormant,none,False,,0.0,70.0,30,0.95,none,,0,0,0,0.0,0.0,0.0,0.0,0.0,0.0,0.0,0.0,0.0,True,True,True,non-critical dormant: review
500295949,active,constant,True,L,0.005479452054794521,18.0,30,0.9,nbinom,3.799,0,0,1,0.0,0.0,1.0,0.0,0.0,1.0,0.0,0.0,0.0,True,True,True,active
500295950,active,constant,True,H,0.03287671232876712,18.0,30,0.99,poisson,1.0,3,3,5,1.0,2.0,3.0,1.0,2.0,3.0,2.0,1.0,2.0,False,True,False,active
500295951,dormant,none,False,,0.0,15.0,30,0.95,none,,0,0,0,0.0,0.0,0.0,0.0,0.0,0.0,0.0,0.0,0.0,True,True,True,non-critical dormant: review
500295952,dying,dying,False,L,0.0,18.0,30,0.9,nbinom,5.0,0,0,1,0.0,0.0,1.0,0.0,0.0,1.0,0.0,0.0,0.0,True,True,True,"dying: demand ceased, review"
500295953,dormant,none,False,,0.0,15.0,30,0.95,none,,0,0,0,0.0,0.0,0.0,0.0,0.0,0.0,0.0,0.0,0.0,True,True,True,non-critical dormant: review
500295954,dormant,none,False,D,0.0,15.0,30,0.9,none,,0,0,0,0.0,0.0,0.0,0.0,0.0,0.0,0.0,0.0,0.0,True,True,True,non-critical dormant: review
500295955,dormant,none,False,,0.0,15.0,30,0.95,none,,0,0,0,0.0,0.0,0.0,0.0,0.0,0.0,0.0,0.0,0.0,True,True,True,non-critical dormant: review
500295956,dormant,none,False,,0.0,15.0,30,0.95,none,,0,0,0,0.0,0.0,1.0,0.0,0.0,1.0,0.0,0.0,-1.0,True,True,True,non-critical dormant: review
500295957,dormant,none,False,,0.0,15.0,30,0.95,none,,0,0,0,0.0,0.0,1.0,0.0,0.0,1.0,0.0,0.0,-1.0,True,True,True,non-critical dormant: review
500295958,dormant,none,False,D,0.0,15.0,30,0.9,none,,0,0,0,0.0,0.0,1.0,0.0,0.0,1.0,0.0,0.0,-1.0,True,True,True,non-critical dormant: review
500295959,dormant,none,False,D,0.0,15.0,30,0.9,none,,0,0,0,0.0,0.0,0.0,0.0,0.0,0.0,0.0,0.0,0.0,True,True,True,non-critical dormant: review
500295960,dormant,none,False,,0.0,15.0,30,0.95,none,,0,0,0,0.0,0.0,0.0,0.0,0.0,0.0,0.0,0.0,0.0,True,True,True,non-critical dormant: review
500295961,dormant,none,False,,0.0,17.0,30,0.95,none,,0,0,0,0.0,0.0,1.0,0.0,0.0,1.0,0.0,0.0,-1.0,True,True,True,non-critical dormant: review
500295962,dormant,none,False,,0.0,15.0,30,0.95,none,,0,0,0,0.0,0.0,1.0,0.0,0.0,1.0,0.0,0.0,-1.0,True,True,True,non-critical dormant: review
500295963,dormant,none,False,,0.0,15.0,30,0.95,none,,0,0,0,0.0,0.0,0.0,0.0,0.0,0.0,0.0,0.0,0.0,True,True,True,non-critical dormant: review
500295966,dormant,none,False,,0.0,18.0,30,0.95,none,,0,0,0,0.0,0.0,1.0,0.0,0.0,1.0,0.0,0.0,-1.0,True,True,True,non-critical dormant: review
500295967,dying,dying,False,M,0.0027397260273972603,42.0,30,0.95,nbinom,3.411,1,1,2,0.0,0.0,1.0,0.0,0.0,1.0,1.0,1.0,1.0,True,True,True,"dying: demand ceased, review"
500295969,dying,dying,False,L,0.0,15.0,30,0.9,nbinom,5.0,0,0,1,0.0,0.0,1.0,0.0,0.0,1.0,0.0,0.0,0.0,True,True,True,"dying: demand ceased, review"
500295970,dormant,none,False,,0.0,17.0,30,0.95,none,,0,0,0,0.0,0.0,0.0,0.0,0.0,0.0,0.0,0.0,0.0,True,True,True,non-critical dormant: review
500295971,dormant,none,False,D,0.0,15.0,30,0.9,none,,0,0,0,0.0,0.0,0.0,0.0,0.0,0.0,0.0,0.0,0.0,True,True,True,non-critical dormant: review
500295972,dormant,none,False,,0.0,15.0,30,0.95,none,,0,0,0,0.0,0.0,0.0,0.0,0.0,0.0,0.0,0.0,0.0,True,True,True,non-critical dormant: review
500295973,dormant,none,False,,0.0,15.0,30,0.95,none,,0,0,0,0.0,0.0,0.0,0.0,0.0,0.0,0.0,0.0,0.0,True,True,True,non-critical dormant: review
500295974,dying,dying,False,L,0.0,15.0,30,0.9,nbinom,5.0,0,0,1,0.0,0.0,1.0,0.0,0.0,1.0,0.0,0.0,0.0,True,True,True,"dying: demand ceased, review"
500295975,dormant,none,False,,0.0,18.0,30,0.95,none,,0,0,0,0.0,0.0,1.0,0.0,0.0,1.0,0.0,0.0,-1.0,True,True,True,non-critical dormant: review
500295976,dormant,none,False,,0.0,18.0,30,0.95,none,,0,0,0,0.0,0.0,0.0,0.0,0.0,0.0,0.0,0.0,0.0,True,True,True,non-critical dormant: review
500295977,dormant,none,False,,0.0,18.0,30,0.95,none,,0,0,0,0.0,0.0,1.0,0.0,0.0,1.0,0.0,0.0,-1.0,True,True,True,non-critical dormant: review
500295981,dormant,none,False,,0.0,15.0,30,0.95,none,,0,0,0,0.0,0.0,1.0,0.0,0.0,1.0,0.0,0.0,-1.0,True,True,True,non-critical dormant: review
500295984,dormant,none,False,,0.0,15.0,30,0.95,none,,0,0,0,0.0,0.0,1.0,0.0,0.0,1.0,0.0,0.0,-1.0,True,True,True,non-critical dormant: review
500295985,dormant,none,False,,0.0,15.0,30,0.95,none,,0,0,0,0.0,0.0,1.0,0.0,0.0,1.0,0.0,0.0,-1.0,True,True,True,non-critical dormant: review
500295986,dormant,none,False,,0.0,15.0,30,0.95,none,,0,0,0,0.0,0.0,0.0,0.0,0.0,0.0,0.0,0.0,0.0,True,True,True,non-critical dormant: review
500295987,dormant,none,False,,0.0,15.0,30,0.95,none,,0,0,0,0.0,0.0,0.0,0.0,0.0,0.0,0.0,0.0,0.0,True,True,True,non-critical dormant: review
500296194,dormant,none,False,D,0.0,30.0,30,0.9,none,,0,0,0,0.0,0.0,0.0,0.0,0.0,0.0,0.0,0.0,0.0,True,True,True,non-critical dormant: review
500296357,dying,dying,False,L,0.0027397260273972603,18.0,30,0.9,nbinom,5.0,0,0,1,0.0,0.0,1.0,0.0,0.0,1.0,0.0,0.0,0.0,True,True,True,"dying: demand ceased, review"
500296363,dormant,none,False,,0.0,30.0,30,0.95,none,,0,0,0,0.0,0.0,1.0,0.0,0.0,1.0,0.0,0.0,-1.0,True,True,True,non-critical dormant: review
500296364,dormant,none,False,,0.0,10.0,30,0.95,none,,0,0,0,0.0,0.0,1.0,0.0,0.0,1.0,0.0,0.0,-1.0,True,True,True,non-critical dormant: review
500296365,dormant,none,False,,0.0,10.0,30,0.95,none,,0,0,0,0.0,0.0,1.0,0.0,0.0,1.0,0.0,0.0,-1.0,True,True,True,non-critical dormant: review
500296366,dormant,none,False,,0.0,10.0,30,0.95,none,,0,0,0,0.0,0.0,0.0,0.0,0.0,0.0,0.0,0.0,0.0,True,True,True,non-critical dormant: review
500296368,dormant,none,False,,0.0,10.0,30,0.95,none,,0,0,0,0.0,0.0,0.0,0.0,0.0,0.0,0.0,0.0,0.0,True,True,True,non-critical dormant: review
500296370,dormant,none,False,D,0.0,13.0,30,0.9,none,,0,0,0,0.0,0.0,1.0,0.0,0.0,1.0,0.0,0.0,-1.0,True,True,True,non-critical dormant: review
500296371,dying,dying,False,L,0.0,13.0,30,0.9,nbinom,5.0,0,0,1,0.0,0.0,1.0,0.0,0.0,1.0,0.0,0.0,0.0,True,True,True,"dying: demand ceased, review"
500296373,dormant,none,False,,0.0,10.0,30,0.95,none,,0,0,0,0.0,0.0,0.0,0.0,0.0,0.0,0.0,0.0,0.0,True,True,True,non-critical dormant: review
500296596,dying,dying,False,L,0.0,48.0,30,0.9,nbinom,5.0,0,0,1,0.0,0.0,1.0,0.0,0.0,1.0,0.0,0.0,0.0,True,True,True,"dying: demand ceased, review"
500296597,dormant,none,False,D,0.0,28.0,30,0.9,none,,0,0,0,0.0,0.0,1.0,0.0,0.0,1.0,0.0,0.0,-1.0,True,True,True,non-critical dormant: review
500296598,dormant,none,False,,0.0,30.0,30,0.95,none,,0,0,0,0.0,0.0,1.0,0.0,0.0,1.0,0.0,0.0,-1.0,True,True,True,non-critical dormant: review
500296599,dormant,none,False,D,0.0,10.0,30,0.9,none,,0,0,0,0.0,0.0,1.0,0.0,0.0,1.0,0.0,0.0,-1.0,True,True,True,non-critical dormant: review
500296600,dormant,none,False,,0.0,35.0,30,0.95,none,,0,0,0,0.0,0.0,0.0,0.0,0.0,0.0,0.0,0.0,0.0,True,True,True,non-critical dormant: review
500296601,dormant,none,False,,0.0,30.0,30,0.95,none,,0,0,0,0.0,0.0,1.0,0.0,0.0,1.0,0.0,0.0,-1.0,True,True,True,non-critical dormant: review
500296612,dying,dying,False,L,0.0027397260273972603,10.0,30,0.9,nbinom,5.0,0,0,1,0.0,0.0,1.0,0.0,0.0,1.0,0.0,0.0,0.0,True,True,True,"dying: demand ceased, review"
500298454,dormant,none,False,D,0.0,65.0,30,0.9,none,,0,0,0,0.0,0.0,0.0,0.0,0.0,0.0,0.0,0.0,0.0,True,True,True,non-critical dormant: review
500298457,dormant,none,False,,0.0,25.0,30,0.95,none,,0,0,0,0.0,0.0,0.0,0.0,0.0,0.0,0.0,0.0,0.0,True,True,True,non-critical dormant: review
500298469,dormant,none,False,D,0.0,65.0,30,0.9,none,,0,0,0,0.0,0.0,0.0,0.0,0.0,0.0,0.0,0.0,0.0,True,True,True,non-critical dormant: review
500298699,dormant,none,False,D,0.0,30.0,30,0.9,none,,0,0,0,0.0,0.0,1.0,0.0,0.0,1.0,0.0,0.0,-1.0,True,True,True,non-critical dormant: review
500298700,dying,dying,False,L,0.0,30.0,30,0.9,nbinom,5.0,0,0,1,0.0,0.0,1.0,0.0,0.0,1.0,0.0,0.0,0.0,True,True,True,"dying: demand ceased, review"
500298701,dormant,none,False,,0.0,30.0,30,0.95,none,,0,0,0,0.0,0.0,1.0,0.0,0.0,1.0,0.0,0.0,-1.0,True,True,True,non-critical dormant: review
500298702,dormant,none,False,,0.0,35.0,30,0.95,none,,0,0,0,0.0,0.0,1.0,0.0,0.0,1.0,0.0,0.0,-1.0,True,True,True,non-critical dormant: review
500299015,dormant,none,False,,0.0,8.0,30,0.95,none,,0,0,0,0.0,0.0,0.0,0.0,0.0,0.0,0.0,0.0,0.0,True,True,True,non-critical dormant: review
500299016,dormant,none,False,,0.0,8.0,30,0.95,none,,0,0,0,0.0,0.0,1.0,0.0,0.0,1.0,0.0,0.0,-1.0,True,True,True,non-critical dormant: review
500299017,dormant,none,False,,0.0,8.0,30,0.95,none,,0,0,0,0.0,0.0,0.0,0.0,0.0,0.0,0.0,0.0,0.0,True,True,True,non-critical dormant: review
500299018,dormant,none,False,,0.0,8.0,30,0.95,none,,0,0,0,0.0,0.0,0.0,0.0,0.0,0.0,0.0,0.0,0.0,True,True,True,non-critical dormant: review
500299020,dormant,none,False,,0.0,8.0,30,0.95,none,,0,0,0,0.0,0.0,0.0,0.0,0.0,0.0,0.0,0.0,0.0,True,True,True,non-critical dormant: review
500299021,dormant,none,False,,0.0,15.0,30,0.95,none,,0,0,0,0.0,0.0,1.0,0.0,0.0,1.0,0.0,0.0,-1.0,True,True,True,non-critical dormant: review
500299022,dormant,none,False,,0.0,15.0,30,0.95,none,,0,0,0,0.0,0.0,0.0,0.0,0.0,0.0,0.0,0.0,0.0,True,True,True,non-critical dormant: review
500299023,dormant,none,False,,0.0,8.0,30,0.95,none,,0,0,0,0.0,0.0,0.0,0.0,0.0,0.0,0.0,0.0,0.0,True,True,True,non-critical dormant: review
500300144,dormant,none,False,D,0.0,75.0,30,0.9,none,,0,0,0,0.0,0.0,0.0,0.0,0.0,0.0,0.0,0.0,0.0,True,True,True,non-critical dormant: review
500300623,dormant,none,False,D,0.0,98.0,30,0.9,none,,0,0,0,0.0,0.0,0.0,0.0,0.0,0.0,0.0,0.0,0.0,True,True,True,non-critical dormant: review
500300624,dormant,none,False,D,0.0,75.0,30,0.9,none,,0,0,0,0.0,0.0,0.0,0.0,0.0,0.0,0.0,0.0,0.0,True,True,True,non-critical dormant: review
500301541,active,constant,True,M,0.25753424657534246,75.0,30,0.95,nbinom,1.739,10,29,39,13.0,37.0,61.0,0.0,44.0,88.0,10.0,-15.0,-49.0,False,False,False,active
500302272,active,constant,True,L,0.010958904109589041,45.0,30,0.9,nbinom,4.513,2,2,3,7.0,15.0,20.0,0.0,3.0,6.0,2.0,-1.0,-3.0,False,True,False,active
500302601,dormant,none,False,D,0.0,70.0,30,0.9,none,,0,0,0,0.0,0.0,1.0,0.0,0.0,1.0,0.0,0.0,-1.0,True,True,True,non-critical dormant: review
500302604,dormant,none,False,D,0.0,15.0,30,0.9,none,,0,0,0,0.0,0.0,0.0,0.0,0.0,1.0,0.0,0.0,-1.0,True,True,True,non-critical dormant: review
500302606,dying,dying,False,L,0.0,15.0,30,0.9,nbinom,5.0,0,0,1,0.0,0.0,0.0,0.0,0.0,1.0,0.0,0.0,0.0,True,True,True,"dying: demand ceased, review"
500302607,dying,dying,False,L,0.0,15.0,30,0.9,nbinom,5.0,0,0,1,0.0,0.0,0.0,0.0,0.0,1.0,0.0,0.0,0.0,True,True,True,"dying: demand ceased, review"
500302608,dormant,none,False,D,0.0,45.0,30,0.9,none,,0,0,0,0.0,0.0,0.0,0.0,0.0,0.0,0.0,0.0,0.0,True,True,True,non-critical dormant: review
500302609,dormant,none,False,D,0.0,45.0,30,0.9,none,,0,0,0,0.0,0.0,0.0,0.0,0.0,0.0,0.0,0.0,0.0,True,True,True,non-critical dormant: review
500302611,dormant,none,False,D,0.0,45.0,30,0.9,none,,0,0,0,0.0,0.0,0.0,0.0,0.0,0.0,0.0,0.0,0.0,True,True,True,non-critical dormant: review
500302615,dormant,none,False,D,0.0,15.0,30,0.9,none,,0,0,0,0.0,0.0,0.0,0.0,0.0,1.0,0.0,0.0,-1.0,True,True,True,non-critical dormant: review
500302666,dormant,none,False,,0.0,15.0,30,0.95,none,,0,0,0,0.0,0.0,0.0,0.0,0.0,0.0,0.0,0.0,0.0,True,True,True,non-critical dormant: review
500303281,active,constant,True,L,0.00821917808219178,66.0,30,0.9,nbinom,3.125,2,2,3,0.0,0.0,1.0,0.0,0.0,1.0,2.0,2.0,2.0,False,False,False,active
500303571,active,constant,True,L,0.010958904109589041,28.0,30,0.9,nbinom,2.778,1,1,2,0.0,0.0,1.0,0.0,0.0,1.0,1.0,1.0,1.0,True,True,True,active
500303805,dormant,none,False,D,0.0,55.0,30,0.9,none,,0,0,0,0.0,0.0,0.0,0.0,1.0,2.0,0.0,-1.0,-2.0,True,True,False,non-critical dormant: review
500303806,dormant,none,False,,0.0,25.0,30,0.95,none,,0,0,0,0.0,0.0,0.0,0.0,0.0,0.0,0.0,0.0,0.0,True,True,True,non-critical dormant: review
500304157,dormant,none,False,,0.0,20.0,30,0.95,none,,0,0,0,0.0,0.0,0.0,0.0,0.0,0.0,0.0,0.0,0.0,True,True,True,non-critical dormant: review
500304158,dormant,none,False,,0.0,21.0,30,0.95,none,,0,0,0,0.0,0.0,0.0,0.0,0.0,0.0,0.0,0.0,0.0,True,True,True,non-critical dormant: review
500304159,dormant,none,False,D,0.0,20.0,30,0.9,none,,0,0,0,0.0,0.0,0.0,0.0,0.0,0.0,0.0,0.0,0.0,True,True,True,non-critical dormant: review
500304160,dormant,none,False,,0.0,15.0,30,0.95,none,,0,0,0,0.0,0.0,0.0,0.0,0.0,0.0,0.0,0.0,0.0,True,True,True,non-critical dormant: review
500304161,dormant,none,False,D,0.0,15.0,30,0.9,none,,0,0,0,0.0,0.0,0.0,0.0,0.0,0.0,0.0,0.0,0.0,True,True,True,non-critical dormant: review
500304162,dormant,none,False,D,0.0,15.0,30,0.9,none,,0,0,0,0.0,0.0,0.0,0.0,0.0,0.0,0.0,0.0,0.0,True,True,True,non-critical dormant: review
500304163,dormant,none,False,D,0.0,15.0,30,0.9,none,,0,0,0,0.0,0.0,0.0,0.0,0.0,0.0,0.0,0.0,0.0,True,True,True,non-critical dormant: review
500304164,dormant,none,False,,0.0,15.0,30,0.95,none,,0,0,0,0.0,0.0,0.0,0.0,0.0,0.0,0.0,0.0,0.0,True,True,True,non-critical dormant: review
500304165,dormant,none,False,D,0.0,15.0,30,0.9,none,,0,0,0,0.0,0.0,0.0,0.0,0.0,0.0,0.0,0.0,0.0,True,True,True,non-critical dormant: review
500305749,dormant,none,False,,0.0,60.0,30,0.95,none,,0,0,0,0.0,0.0,1.0,0.0,0.0,1.0,0.0,0.0,-1.0,True,True,True,non-critical dormant: review
500307631,dormant,none,False,,0.0,56.0,30,0.95,none,,0,0,0,0.0,0.0,1.0,0.0,0.0,1.0,0.0,0.0,-1.0,True,True,True,non-critical dormant: review
500307675,dormant,none,False,,0.0,30.0,30,0.95,none,,0,0,0,0.0,0.0,1.0,0.0,0.0,1.0,0.0,0.0,-1.0,True,True,True,non-critical dormant: review
500307676,dormant,none,False,,0.0,30.0,30,0.95,none,,0,0,0,0.0,0.0,1.0,0.0,0.0,1.0,0.0,0.0,-1.0,True,True,True,non-critical dormant: review
500307677,dormant,none,False,D,0.0,28.0,30,0.9,none,,0,0,0,0.0,0.0,1.0,0.0,0.0,1.0,0.0,0.0,-1.0,True,True,True,non-critical dormant: review
500307678,dormant,none,False,D,0.0,40.0,30,0.9,none,,0,0,0,0.0,0.0,1.0,0.0,0.0,1.0,0.0,0.0,-1.0,True,True,True,non-critical dormant: review
500307679,active,constant,True,L,0.0027397260273972603,55.0,30,0.9,nbinom,5.0,0,0,1,0.0,0.0,1.0,0.0,0.0,1.0,0.0,0.0,0.0,True,True,True,active
500307680,dormant,none,False,,0.0,35.0,30,0.95,none,,0,0,0,0.0,0.0,1.0,0.0,0.0,1.0,0.0,0.0,-1.0,True,True,True,non-critical dormant: review
500307681,dormant,none,False,D,0.0,30.0,30,0.9,none,,0,0,0,0.0,0.0,0.0,0.0,0.0,0.0,0.0,0.0,0.0,True,True,True,non-critical dormant: review
500307682,dormant,none,False,,0.0,35.0,30,0.95,none,,0,0,0,0.0,0.0,1.0,0.0,0.0,1.0,0.0,0.0,-1.0,True,True,True,non-critical dormant: review
500307683,dying,dying,False,L,0.0,41.0,30,0.9,nbinom,5.0,0,0,1,0.0,0.0,1.0,0.0,0.0,1.0,0.0,0.0,0.0,True,True,True,"dying: demand ceased, review"
500307684,dormant,none,False,,0.0,35.0,30,0.95,none,,0,0,0,0.0,0.0,1.0,0.0,0.0,1.0,0.0,0.0,-1.0,True,True,True,non-critical dormant: review
500307686,dormant,none,False,,0.0,30.0,30,0.95,none,,0,0,0,0.0,0.0,1.0,0.0,0.0,1.0,0.0,0.0,-1.0,True,True,True,non-critical dormant: review
500307687,dormant,none,False,,0.0,30.0,30,0.95,none,,0,0,0,0.0,0.0,1.0,0.0,0.0,1.0,0.0,0.0,-1.0,True,True,True,non-critical dormant: review
500307932,active,constant,True,M,0.0547945205479452,63.0,30,0.95,nbinom,1.5,5,8,12,4.0,7.0,9.0,4.0,7.0,9.0,1.0,1.0,3.0,True,True,False,active
500307943,dormant,none,False,D,0.0,78.0,30,0.9,none,,0,0,0,0.0,0.0,0.0,0.0,0.0,0.0,0.0,0.0,0.0,True,True,True,non-critical dormant: review
500307955,active,constant,True,L,0.00821917808219178,95.0,30,0.9,nbinom,2.991,3,3,6,0.0,0.0,1.0,0.0,11.0,15.0,3.0,-8.0,-9.0,False,False,False,active
500308249,dormant,none,False,D,0.0,25.0,30,0.9,none,,0,0,0,0.0,0.0,0.0,0.0,0.0,0.0,0.0,0.0,0.0,True,True,True,non-critical dormant: review
500308250,dormant,none,False,D,0.0,25.0,30,0.9,none,,0,0,0,0.0,1.0,2.0,0.0,0.0,1.0,0.0,0.0,-1.0,True,True,True,non-critical dormant: review
500308254,dormant,none,False,,0.0,25.0,30,0.95,none,,0,0,0,0.0,0.0,0.0,0.0,0.0,0.0,0.0,0.0,0.0,True,True,True,non-critical dormant: review
500308255,dormant,none,False,,0.0,50.0,30,0.95,none,,0,0,0,0.0,0.0,0.0,0.0,0.0,0.0,0.0,0.0,0.0,True,True,True,non-critical dormant: review
500308256,dormant,none,False,,0.0,50.0,30,0.95,none,,0,0,0,0.0,0.0,0.0,0.0,0.0,0.0,0.0,0.0,0.0,True,True,True,non-critical dormant: review
500308257,dormant,none,False,,0.0,15.0,30,0.95,none,,0,0,0,0.0,0.0,0.0,0.0,0.0,0.0,0.0,0.0,0.0,True,True,True,non-critical dormant: review
500309240,dormant,none,False,,0.0,20.0,30,0.95,none,,0,0,0,0.0,0.0,1.0,0.0,0.0,1.0,0.0,0.0,-1.0,True,True,True,non-critical dormant: review
500309241,dormant,none,False,,0.0,20.0,30,0.95,none,,0,0,0,0.0,0.0,1.0,0.0,0.0,1.0,0.0,0.0,-1.0,True,True,True,non-critical dormant: review
500309242,active,constant,True,H,0.04657534246575343,20.0,30,0.99,nbinom,1.504,5,5,8,1.0,3.0,4.0,1.0,2.0,3.0,4.0,3.0,5.0,False,False,False,active
500309243,dormant,none,False,D,0.0,20.0,30,0.9,none,,0,0,0,0.0,0.0,1.0,0.0,0.0,1.0,0.0,0.0,-1.0,True,True,True,non-critical dormant: review
500309244,active,constant,True,L,0.005479452054794521,20.0,30,0.9,nbinom,3.151,0,0,1,0.0,0.0,1.0,0.0,0.0,1.0,0.0,0.0,0.0,True,True,True,active
500309245,dormant,none,False,,0.0,20.0,30,0.95,none,,0,0,0,0.0,0.0,1.0,0.0,0.0,1.0,0.0,0.0,-1.0,True,True,True,non-critical dormant: review
500309246,dormant,none,False,D,0.0,20.0,30,0.9,none,,0,0,0,0.0,0.0,1.0,0.0,0.0,1.0,0.0,0.0,-1.0,True,True,True,non-critical dormant: review
500309248,dormant,none,False,,0.0,20.0,30,0.95,none,,0,0,0,0.0,0.0,1.0,0.0,0.0,1.0,0.0,0.0,-1.0,True,True,True,non-critical dormant: review
500310519,dormant,none,False,,0.0,25.0,30,0.95,none,,0,0,0,0.0,0.0,0.0,0.0,0.0,0.0,0.0,0.0,0.0,True,True,True,non-critical dormant: review
500310543,dying,dying,False,L,0.0,15.0,30,0.9,nbinom,5.0,0,0,1,0.0,0.0,1.0,0.0,0.0,1.0,0.0,0.0,0.0,True,True,True,"dying: demand ceased, review"
500310544,dying,dying,False,L,0.0,15.0,30,0.9,nbinom,5.0,0,0,1,0.0,0.0,1.0,0.0,0.0,1.0,0.0,0.0,0.0,True,True,True,"dying: demand ceased, review"
500311819,dormant,none,False,D,0.0,95.0,30,0.9,none,,0,0,0,0.0,0.0,0.0,0.0,0.0,0.0,0.0,0.0,0.0,True,True,True,non-critical dormant: review
500311823,dormant,none,False,L,0.0,55.0,30,0.9,none,,0,0,0,0.0,0.0,0.0,0.0,0.0,1.0,0.0,0.0,-1.0,True,True,True,non-critical dormant: review
500312345,dormant,none,False,D,0.0,15.0,30,0.9,none,,0,0,0,0.0,0.0,1.0,0.0,0.0,1.0,0.0,0.0,-1.0,True,True,True,non-critical dormant: review
500312458,dormant,none,False,,0.0,55.0,30,0.95,none,,0,0,0,0.0,0.0,0.0,0.0,0.0,0.0,0.0,0.0,0.0,True,True,True,non-critical dormant: review
500312770,dormant,none,False,,0.0,35.0,30,0.95,none,,0,0,0,0.0,0.0,0.0,0.0,0.0,0.0,0.0,0.0,0.0,True,True,True,non-critical dormant: review
500312771,dormant,none,False,,0.0,25.0,30,0.95,none,,0,0,0,0.0,0.0,0.0,0.0,0.0,0.0,0.0,0.0,0.0,True,True,True,non-critical dormant: review
500312773,dormant,none,False,,0.0,25.0,30,0.95,none,,0,0,0,0.0,0.0,1.0,0.0,0.0,1.0,0.0,0.0,-1.0,True,True,True,non-critical dormant: review
500312774,dormant,none,False,,0.0,25.0,30,0.95,none,,0,0,0,0.0,0.0,0.0,0.0,0.0,0.0,0.0,0.0,0.0,True,True,True,non-critical dormant: review
500312776,dormant,none,False,,0.0,84.0,30,0.95,none,,0,0,0,0.0,0.0,0.0,0.0,0.0,0.0,0.0,0.0,0.0,True,True,True,non-critical dormant: review
500312777,dormant,none,False,,0.0,25.0,30,0.95,none,,0,0,0,0.0,0.0,0.0,0.0,0.0,0.0,0.0,0.0,0.0,True,True,True,non-critical dormant: review
500312778,dormant,none,False,,0.0,55.0,30,0.95,none,,0,0,0,0.0,0.0,0.0,0.0,0.0,0.0,0.0,0.0,0.0,True,True,True,non-critical dormant: review
500312779,dormant,none,False,,0.0,25.0,30,0.95,none,,0,0,0,0.0,0.0,0.0,0.0,0.0,0.0,0.0,0.0,0.0,True,True,True,non-critical dormant: review
500312781,dormant,none,False,,0.0,25.0,30,0.95,none,,0,0,0,0.0,0.0,0.0,0.0,0.0,0.0,0.0,0.0,0.0,True,True,True,non-critical dormant: review
500312782,dormant,none,False,,0.0,25.0,30,0.95,none,,0,0,0,0.0,0.0,0.0,0.0,0.0,0.0,0.0,0.0,0.0,True,True,True,non-critical dormant: review
500312783,dormant,none,False,,0.0,25.0,30,0.95,none,,0,0,0,0.0,0.0,0.0,0.0,0.0,0.0,0.0,0.0,0.0,True,True,True,non-critical dormant: review
500312784,dormant,none,False,,0.0,25.0,30,0.95,none,,0,0,0,0.0,0.0,1.0,0.0,0.0,1.0,0.0,0.0,-1.0,True,True,True,non-critical dormant: review
500312927,dormant,none,False,,0.0,55.0,30,0.95,none,,0,0,0,0.0,0.0,0.0,0.0,0.0,1.0,0.0,0.0,-1.0,True,True,True,non-critical dormant: review
500313019,dormant,none,False,,0.0,120.0,30,0.95,none,,0,0,0,0.0,0.0,0.0,0.0,0.0,0.0,0.0,0.0,0.0,True,True,True,non-critical dormant: review
500313178,dormant,none,False,D,0.0,70.0,30,0.9,none,,0,0,0,0.0,0.0,0.0,0.0,0.0,0.0,0.0,0.0,0.0,True,True,True,non-critical dormant: review
500313179,dormant,none,False,,0.0,84.0,30,0.95,none,,0,0,0,0.0,0.0,0.0,0.0,0.0,0.0,0.0,0.0,0.0,True,True,True,non-critical dormant: review
500313180,dormant,none,False,D,0.0,70.0,30,0.9,none,,0,0,0,0.0,0.0,0.0,0.0,0.0,0.0,0.0,0.0,0.0,True,True,True,non-critical dormant: review
500313313,dormant,none,False,,0.0,70.0,30,0.95,none,,0,0,0,0.0,0.0,0.0,0.0,0.0,0.0,0.0,0.0,0.0,True,True,True,non-critical dormant: review
500313781,dormant,none,False,,0.0,25.0,30,0.95,none,,0,0,0,0.0,0.0,0.0,0.0,1.0,2.0,0.0,-1.0,-2.0,True,True,False,non-critical dormant: review
500313950,dormant,none,False,,0.0,25.0,30,0.95,none,,0,0,0,0.0,0.0,0.0,0.0,0.0,0.0,0.0,0.0,0.0,True,True,True,non-critical dormant: review
500313951,dormant,none,False,,0.0,25.0,30,0.95,none,,0,0,0,0.0,0.0,0.0,0.0,0.0,0.0,0.0,0.0,0.0,True,True,True,non-critical dormant: review
500313952,dormant,none,False,,0.0,25.0,30,0.95,none,,0,0,0,0.0,0.0,0.0,0.0,0.0,0.0,0.0,0.0,0.0,True,True,True,non-critical dormant: review
500315046,dormant,none,False,,0.0,10.0,30,0.95,none,,0,0,0,0.0,0.0,0.0,0.0,0.0,0.0,0.0,0.0,0.0,True,True,True,non-critical dormant: review
500315048,dormant,none,False,D,0.0,53.0,30,0.9,none,,0,0,0,0.0,0.0,0.0,0.0,0.0,0.0,0.0,0.0,0.0,True,True,True,non-critical dormant: review
500315055,dormant,none,False,D,0.0,15.0,30,0.9,none,,0,0,0,0.0,0.0,0.0,0.0,0.0,0.0,0.0,0.0,0.0,True,True,True,non-critical dormant: review
500315752,active,constant,True,L,0.0027397260273972603,10.0,30,0.9,nbinom,3.135,0,0,1,0.0,0.0,0.0,0.0,0.0,0.0,0.0,0.0,1.0,True,True,True,active
500316165,dormant,none,False,D,0.0,35.0,30,0.9,none,,0,0,0,0.0,0.0,0.0,0.0,0.0,0.0,0.0,0.0,0.0,True,True,True,non-critical dormant: review
500316431,dormant,none,False,,0.0,15.0,30,0.95,none,,0,0,0,0.0,0.0,1.0,0.0,0.0,1.0,0.0,0.0,-1.0,True,True,True,non-critical dormant: review
500316432,dormant,none,False,,0.0,15.0,30,0.95,none,,0,0,0,0.0,0.0,0.0,0.0,0.0,0.0,0.0,0.0,0.0,True,True,True,non-critical dormant: review
500316433,dormant,none,False,,0.0,65.0,30,0.95,none,,0,0,0,0.0,0.0,0.0,0.0,0.0,0.0,0.0,0.0,0.0,True,True,True,non-critical dormant: review
500316483,dormant,none,False,D,0.0,45.0,30,0.9,none,,0,0,0,0.0,0.0,1.0,0.0,0.0,1.0,0.0,0.0,-1.0,True,True,True,non-critical dormant: review
500316485,dormant,none,False,,0.0,62.0,30,0.95,none,,0,0,0,0.0,0.0,1.0,0.0,0.0,1.0,0.0,0.0,-1.0,True,True,True,non-critical dormant: review
500316488,dormant,none,False,,0.0,70.0,30,0.95,none,,0,0,0,0.0,0.0,0.0,0.0,0.0,0.0,0.0,0.0,0.0,True,True,True,non-critical dormant: review
500316650,dormant,none,False,D,0.0,57.0,30,0.9,none,,0,0,0,0.0,0.0,0.0,0.0,1.0,2.0,0.0,-1.0,-2.0,True,True,False,non-critical dormant: review
500316909,dying,dying,False,D,0.0,55.0,30,0.9,nbinom,5.0,0,0,1,0.0,0.0,0.0,0.0,0.0,0.0,0.0,0.0,1.0,True,True,True,"dying: demand ceased, review"
500316923,dormant,none,False,,0.0,10.0,30,0.95,none,,0,0,0,0.0,0.0,0.0,0.0,0.0,0.0,0.0,0.0,0.0,True,True,True,non-critical dormant: review
500317475,dormant,none,False,,0.0,10.0,30,0.95,none,,0,0,0,0.0,0.0,0.0,0.0,0.0,0.0,0.0,0.0,0.0,True,True,True,non-critical dormant: review
500318018,dormant,none,False,,0.0,15.0,30,0.95,none,,0,0,0,0.0,0.0,0.0,0.0,0.0,0.0,0.0,0.0,0.0,True,True,True,non-critical dormant: review
500318166,dormant,none,False,,0.0,25.0,30,0.95,none,,0,0,0,0.0,0.0,1.0,0.0,0.0,1.0,0.0,0.0,-1.0,True,True,True,non-critical dormant: review
500318170,dormant,none,False,,0.0,25.0,30,0.95,none,,0,0,0,0.0,0.0,1.0,0.0,0.0,1.0,0.0,0.0,-1.0,True,True,True,non-critical dormant: review
500318174,dormant,none,False,,0.0,25.0,30,0.95,none,,0,0,0,0.0,0.0,0.0,0.0,0.0,0.0,0.0,0.0,0.0,True,True,True,non-critical dormant: review
500318188,dormant,none,False,,0.0,25.0,30,0.95,none,,0,0,0,0.0,0.0,0.0,0.0,0.0,0.0,0.0,0.0,0.0,True,True,True,non-critical dormant: review
500318193,dormant,none,False,,0.0,68.0,30,0.95,none,,0,0,0,0.0,0.0,0.0,0.0,0.0,0.0,0.0,0.0,0.0,True,True,True,non-critical dormant: review
500318195,dormant,none,False,,0.0,60.0,30,0.95,none,,0,0,0,0.0,0.0,0.0,0.0,0.0,0.0,0.0,0.0,0.0,True,True,True,non-critical dormant: review
500318197,dormant,none,False,,0.0,25.0,30,0.95,none,,0,0,0,0.0,0.0,0.0,0.0,0.0,0.0,0.0,0.0,0.0,True,True,True,non-critical dormant: review
500318198,dormant,none,False,,0.0,25.0,30,0.95,none,,0,0,0,0.0,0.0,0.0,0.0,0.0,0.0,0.0,0.0,0.0,True,True,True,non-critical dormant: review
500318199,dormant,none,False,D,0.0,77.0,30,0.9,none,,0,0,0,0.0,0.0,1.0,0.0,0.0,1.0,0.0,0.0,-1.0,True,True,True,non-critical dormant: review
500318205,dormant,none,False,D,0.0,128.0,30,0.9,none,,0,0,0,0.0,0.0,0.0,0.0,0.0,0.0,0.0,0.0,0.0,True,True,True,non-critical dormant: review
500318240,dormant,none,False,,0.0,70.0,30,0.95,none,,0,0,0,0.0,0.0,0.0,0.0,0.0,0.0,0.0,0.0,0.0,True,True,True,non-critical dormant: review
500318254,dying,dying,False,L,0.0027397260273972603,28.0,30,0.9,nbinom,5.0,0,0,1,0.0,0.0,0.0,0.0,0.0,0.0,0.0,0.0,1.0,True,True,True,"dying: demand ceased, review"
500318255,dormant,none,False,,0.0,20.0,30,0.95,none,,0,0,0,0.0,0.0,0.0,0.0,0.0,0.0,0.0,0.0,0.0,True,True,True,non-critical dormant: review
500318256,dormant,none,False,D,0.0,15.0,30,0.9,none,,0,0,0,0.0,0.0,0.0,0.0,0.0,0.0,0.0,0.0,0.0,True,True,True,non-critical dormant: review
500318257,dormant,none,False,,0.0,14.0,30,0.95,none,,0,0,0,0.0,0.0,0.0,0.0,0.0,0.0,0.0,0.0,0.0,True,True,True,non-critical dormant: review
500318258,active,constant,True,M,0.0136986301369863,20.0,30,0.95,nbinom,2.213,2,2,3,0.0,0.0,1.0,0.0,0.0,1.0,2.0,2.0,2.0,False,False,False,active
500318259,dying,dying,False,L,0.030136986301369864,15.0,30,0.9,nbinom,5.0,1,1,4,0.0,0.0,0.0,0.0,0.0,0.0,1.0,1.0,4.0,True,True,False,"dying: demand ceased, review"
500318260,dormant,none,False,D,0.0,14.0,30,0.9,none,,0,0,0,0.0,0.0,0.0,0.0,0.0,0.0,0.0,0.0,0.0,True,True,True,non-critical dormant: review
500318261,dying,dying,False,L,0.005479452054794521,15.0,30,0.9,nbinom,3.0,0,0,1,0.0,3.0,4.0,0.0,3.0,4.0,0.0,-3.0,-3.0,True,False,False,"dying: demand ceased, review"
500318262,dormant,none,False,,0.0,21.0,30,0.95,none,,0,0,0,0.0,0.0,0.0,0.0,0.0,0.0,0.0,0.0,0.0,True,True,True,non-critical dormant: review
500318263,dying,dying,False,M,0.010958904109589041,15.0,30,0.95,nbinom,3.89,1,1,3,0.0,2.0,3.0,0.0,2.0,3.0,1.0,-1.0,0.0,True,True,True,"dying: demand ceased, review"
500318264,dying,dying,False,L,0.0,30.0,30,0.9,nbinom,5.0,0,0,1,0.0,0.0,0.0,0.0,0.0,0.0,0.0,0.0,1.0,True,True,True,"dying: demand ceased, review"
500318265,dormant,none,False,D,0.0,20.0,30,0.9,none,,0,0,0,0.0,0.0,0.0,0.0,0.0,0.0,0.0,0.0,0.0,True,True,True,non-critical dormant: review
500318266,dormant,none,False,D,0.0,15.0,30,0.9,none,,0,0,0,0.0,0.0,0.0,0.0,0.0,0.0,0.0,0.0,0.0,True,True,True,non-critical dormant: review
500318267,dormant,none,False,,0.0,15.0,30,0.95,none,,0,0,0,0.0,0.0,0.0,0.0,0.0,0.0,0.0,0.0,0.0,True,True,True,non-critical dormant: review
500318268,dormant,none,False,,0.0,30.0,30,0.95,none,,0,0,0,0.0,0.0,0.0,0.0,0.0,0.0,0.0,0.0,0.0,True,True,True,non-critical dormant: review
500318269,dormant,none,False,L,0.0,30.0,30,0.9,none,,0,0,0,0.0,0.0,0.0,0.0,0.0,0.0,0.0,0.0,0.0,True,True,True,non-critical dormant: review
500319164,dormant,none,False,D,0.0,73.0,30,0.9,none,,0,0,0,0.0,0.0,0.0,0.0,0.0,0.0,0.0,0.0,0.0,True,True,True,non-critical dormant: review
500319166,dormant,none,False,D,0.0,15.0,30,0.9,none,,0,0,0,0.0,0.0,0.0,0.0,0.0,0.0,0.0,0.0,0.0,True,True,True,non-critical dormant: review
500319180,dormant,none,False,,0.0,35.0,30,0.95,none,,0,0,0,0.0,0.0,1.0,0.0,0.0,1.0,0.0,0.0,-1.0,True,True,True,non-critical dormant: review
500319181,dormant,none,False,,0.0,35.0,30,0.95,none,,0,0,0,0.0,0.0,1.0,0.0,0.0,1.0,0.0,0.0,-1.0,True,True,True,non-critical dormant: review
500319182,dormant,none,False,,0.0,35.0,30,0.95,none,,0,0,0,0.0,0.0,1.0,0.0,0.0,1.0,0.0,0.0,-1.0,True,True,True,non-critical dormant: review
500319859,dormant,none,False,D,0.0,65.0,30,0.9,none,,0,0,0,0.0,0.0,0.0,0.0,0.0,0.0,0.0,0.0,0.0,True,True,True,non-critical dormant: review
500320265,dying,dying,False,L,0.0,78.0,30,0.9,nbinom,5.0,0,0,1,0.0,1.0,2.0,1.0,2.0,4.0,-1.0,-2.0,-3.0,True,False,False,"dying: demand ceased, review"
500320316,dormant,none,False,D,0.0,75.0,30,0.9,none,,0,0,0,0.0,0.0,1.0,0.0,0.0,1.0,0.0,0.0,-1.0,True,True,True,non-critical dormant: review
500320319,dormant,none,False,D,0.0,66.0,30,0.9,none,,0,0,0,0.0,0.0,1.0,0.0,0.0,1.0,0.0,0.0,-1.0,True,True,True,non-critical dormant: review
500320434,dormant,none,False,,0.0,20.0,30,0.95,none,,0,0,0,0.0,0.0,0.0,0.0,0.0,0.0,0.0,0.0,0.0,True,True,True,non-critical dormant: review
500320435,dormant,none,False,,0.0,20.0,30,0.95,none,,0,0,0,0.0,0.0,0.0,0.0,0.0,0.0,0.0,0.0,0.0,True,True,True,non-critical dormant: review
500320723,dormant,none,False,D,0.0,30.0,30,0.9,none,,0,0,0,0.0,0.0,0.0,0.0,0.0,0.0,0.0,0.0,0.0,True,True,True,non-critical dormant: review
500320724,dormant,none,False,D,0.0,48.0,30,0.9,none,,0,0,0,0.0,0.0,1.0,0.0,0.0,1.0,0.0,0.0,-1.0,True,True,True,non-critical dormant: review
500320779,dormant,none,False,D,0.0,70.0,30,0.9,none,,0,0,0,0.0,0.0,0.0,0.0,0.0,0.0,0.0,0.0,0.0,True,True,True,non-critical dormant: review
500320856,dormant,none,False,D,0.0,15.0,30,0.9,none,,0,0,0,0.0,0.0,1.0,0.0,0.0,1.0,0.0,0.0,-1.0,True,True,True,non-critical dormant: review
500320858,dying,dying,False,L,0.0,17.0,30,0.9,nbinom,5.0,0,0,1,0.0,1.0,2.0,0.0,1.0,2.0,0.0,-1.0,-1.0,True,True,True,"dying: demand ceased, review"
500321134,dormant,none,False,,0.0,15.0,30,0.95,none,,0,0,0,0.0,0.0,1.0,0.0,0.0,1.0,0.0,0.0,-1.0,True,True,True,non-critical dormant: review
500321135,dormant,none,False,D,0.0,25.0,30,0.9,none,,0,0,0,0.0,0.0,1.0,0.0,0.0,1.0,0.0,0.0,-1.0,True,True,True,non-critical dormant: review
500321289,dormant,none,False,D,0.0,30.0,30,0.9,none,,0,0,0,0.0,0.0,0.0,0.0,0.0,0.0,0.0,0.0,0.0,True,True,True,non-critical dormant: review
500321452,dormant,none,False,D,0.0,25.0,30,0.9,none,,0,0,0,0.0,0.0,0.0,0.0,0.0,0.0,0.0,0.0,0.0,True,True,True,non-critical dormant: review
500321608,dormant,none,False,,0.0,35.0,30,0.95,none,,0,0,0,0.0,0.0,0.0,0.0,0.0,0.0,0.0,0.0,0.0,True,True,True,non-critical dormant: review
500321717,dormant,none,False,,0.0,30.0,30,0.95,none,,0,0,0,0.0,0.0,1.0,0.0,0.0,1.0,0.0,0.0,-1.0,True,True,True,non-critical dormant: review
500321718,dormant,none,False,,0.0,42.0,30,0.95,none,,0,0,0,0.0,0.0,1.0,0.0,0.0,1.0,0.0,0.0,-1.0,True,True,True,non-critical dormant: review
500321723,active,constant,True,M,0.01643835616438356,30.0,30,0.95,nbinom,2.0,2,2,4,0.0,1.0,3.0,0.0,1.0,2.0,2.0,1.0,2.0,False,True,False,active
500321724,dormant,none,False,,0.0,35.0,30,0.95,none,,0,0,0,0.0,0.0,0.0,0.0,0.0,0.0,0.0,0.0,0.0,True,True,True,non-critical dormant: review
500321939,active,constant,True,H,0.2547945205479452,13.0,30,0.99,nbinom,1.662,7,10,24,7.0,11.0,15.0,1.0,8.0,10.0,6.0,2.0,14.0,False,False,False,active
500322620,dormant,none,False,,0.0,35.0,30,0.95,none,,0,0,0,0.0,0.0,0.0,0.0,0.0,0.0,0.0,0.0,0.0,True,True,True,non-critical dormant: review
500324107,dormant,none,False,D,0.0,10.0,30,0.9,none,,0,0,0,0.0,0.0,1.0,0.0,0.0,1.0,0.0,0.0,-1.0,True,True,True,non-critical dormant: review
500324459,dormant,none,False,,0.0,10.0,30,0.95,none,,0,0,0,0.0,0.0,0.0,0.0,0.0,0.0,0.0,0.0,0.0,True,True,True,non-critical dormant: review
500324503,dying,dying,False,L,0.0,25.0,30,0.9,nbinom,5.0,0,0,1,0.0,0.0,1.0,0.0,0.0,1.0,0.0,0.0,0.0,True,True,True,"dying: demand ceased, review"
500324631,dormant,none,False,,0.0,85.0,30,0.95,none,,0,0,0,0.0,0.0,0.0,0.0,0.0,0.0,0.0,0.0,0.0,True,True,True,non-critical dormant: review
500324947,dormant,none,False,D,0.0,55.0,30,0.9,none,,0,0,0,0.0,0.0,0.0,0.0,0.0,0.0,0.0,0.0,0.0,True,True,True,non-critical dormant: review
500324948,dormant,none,False,D,0.0,55.0,30,0.9,none,,0,0,0,0.0,0.0,0.0,0.0,0.0,0.0,0.0,0.0,0.0,True,True,True,non-critical dormant: review
500324949,dormant,none,False,D,0.0,55.0,30,0.9,none,,0,0,0,0.0,0.0,0.0,0.0,0.0,0.0,0.0,0.0,0.0,True,True,True,non-critical dormant: review
500324950,dormant,none,False,D,0.0,55.0,30,0.9,none,,0,0,0,0.0,0.0,0.0,0.0,0.0,0.0,0.0,0.0,0.0,True,True,True,non-critical dormant: review
500324977,dormant,none,False,,0.0,25.0,30,0.95,none,,0,0,0,0.0,0.0,0.0,0.0,0.0,0.0,0.0,0.0,0.0,True,True,True,non-critical dormant: review
500326781,dormant,none,False,,0.0,30.0,30,0.95,none,,0,0,0,0.0,0.0,0.0,0.0,0.0,0.0,0.0,0.0,0.0,True,True,True,non-critical dormant: review
500326783,dormant,none,False,,0.0,20.0,30,0.95,none,,0,0,0,0.0,0.0,0.0,0.0,0.0,0.0,0.0,0.0,0.0,True,True,True,non-critical dormant: review
500326896,dormant,none,False,D,0.0,40.0,30,0.9,none,,0,0,0,0.0,0.0,1.0,0.0,0.0,1.0,0.0,0.0,-1.0,True,True,True,non-critical dormant: review
500327261,dormant,none,False,D,0.0,13.0,30,0.9,none,,0,0,0,0.0,0.0,1.0,0.0,0.0,1.0,0.0,0.0,-1.0,True,True,True,non-critical dormant: review
500327496,dormant,none,False,D,0.0,10.0,30,0.9,none,,0,0,0,0.0,0.0,1.0,0.0,0.0,1.0,0.0,0.0,-1.0,True,True,True,non-critical dormant: review
500327891,dormant,none,False,L,0.0,13.0,30,0.9,none,,0,0,0,0.0,0.0,1.0,0.0,0.0,1.0,0.0,0.0,-1.0,True,True,True,non-critical dormant: review
500328179,dormant,none,False,D,0.0,10.0,30,0.9,none,,0,0,0,0.0,0.0,0.0,0.0,0.0,0.0,0.0,0.0,0.0,True,True,True,non-critical dormant: review
500328181,dormant,none,False,D,0.0,13.0,30,0.9,none,,0,0,0,0.0,0.0,1.0,0.0,0.0,1.0,0.0,0.0,-1.0,True,True,True,non-critical dormant: review
500328182,dormant,none,False,D,0.0,13.0,30,0.9,none,,0,0,0,0.0,0.0,1.0,0.0,0.0,1.0,0.0,0.0,-1.0,True,True,True,non-critical dormant: review
500328938,dormant,none,False,L,0.0,30.0,30,0.9,none,,0,0,0,0.0,0.0,1.0,0.0,1.0,2.0,0.0,-1.0,-2.0,True,True,False,non-critical dormant: review
500328939,dormant,none,False,,0.0,35.0,30,0.95,none,,0,0,0,0.0,0.0,0.0,0.0,0.0,0.0,0.0,0.0,0.0,True,True,True,non-critical dormant: review
500328940,dormant,none,False,D,0.0,78.0,30,0.9,none,,0,0,0,0.0,0.0,0.0,0.0,0.0,1.0,0.0,0.0,-1.0,True,True,True,non-critical dormant: review
500328941,dormant,none,False,,0.0,78.0,30,0.95,none,,0,0,0,0.0,0.0,0.0,0.0,0.0,0.0,0.0,0.0,0.0,True,True,True,non-critical dormant: review
500328942,dormant,none,False,L,0.0,30.0,30,0.9,none,,0,0,0,0.0,0.0,1.0,0.0,0.0,1.0,0.0,0.0,-1.0,True,True,True,non-critical dormant: review
500329063,dormant,none,False,,0.0,10.0,30,0.95,none,,0,0,0,0.0,0.0,0.0,0.0,0.0,0.0,0.0,0.0,0.0,True,True,True,non-critical dormant: review
500329926,dormant,none,False,D,0.0,13.0,30,0.9,none,,0,0,0,0.0,0.0,0.0,0.0,0.0,0.0,0.0,0.0,0.0,True,True,True,non-critical dormant: review
500330194,dormant,none,False,,0.0,65.0,30,0.95,none,,0,0,0,0.0,0.0,0.0,0.0,0.0,0.0,0.0,0.0,0.0,True,True,True,non-critical dormant: review
500330197,dormant,none,False,D,0.0,55.0,30,0.9,none,,0,0,0,0.0,0.0,0.0,0.0,0.0,0.0,0.0,0.0,0.0,True,True,True,non-critical dormant: review
500330198,dormant,none,False,,0.0,59.0,30,0.95,none,,0,0,0,0.0,0.0,0.0,0.0,0.0,0.0,0.0,0.0,0.0,True,True,True,non-critical dormant: review
500331735,dormant,none,False,D,0.0,10.0,30,0.9,none,,0,0,0,0.0,0.0,1.0,0.0,0.0,1.0,0.0,0.0,-1.0,True,True,True,non-critical dormant: review
500331736,dying,dying,False,L,0.0027397260273972603,10.0,30,0.9,nbinom,3.0,0,0,1,0.0,0.0,1.0,0.0,0.0,1.0,0.0,0.0,0.0,True,True,True,"dying: demand ceased, review"
500331818,dormant,none,False,,0.0,59.0,30,0.95,none,,0,0,0,0.0,0.0,0.0,0.0,0.0,0.0,0.0,0.0,0.0,True,True,True,non-critical dormant: review
500331819,dormant,none,False,,0.0,25.0,30,0.95,none,,0,0,0,0.0,0.0,0.0,0.0,0.0,0.0,0.0,0.0,0.0,True,True,True,non-critical dormant: review
500331820,dormant,none,False,D,0.0,25.0,30,0.9,none,,0,0,0,0.0,0.0,0.0,0.0,0.0,0.0,0.0,0.0,0.0,True,True,True,non-critical dormant: review
500331821,dormant,none,False,D,0.0,25.0,30,0.9,none,,0,0,0,0.0,0.0,0.0,0.0,0.0,0.0,0.0,0.0,0.0,True,True,True,non-critical dormant: review
500331823,dormant,none,False,,0.0,48.0,30,0.95,none,,0,0,0,0.0,0.0,0.0,0.0,0.0,0.0,0.0,0.0,0.0,True,True,True,non-critical dormant: review
500331895,dormant,none,False,,0.0,15.0,30,0.95,none,,0,0,0,0.0,0.0,1.0,0.0,0.0,1.0,0.0,0.0,-1.0,True,True,True,non-critical dormant: review
500331896,dormant,none,False,D,0.0,15.0,30,0.9,none,,0,0,0,0.0,0.0,1.0,0.0,0.0,1.0,0.0,0.0,-1.0,True,True,True,non-critical dormant: review
500331897,dormant,none,False,D,0.0,15.0,30,0.9,none,,0,0,0,0.0,0.0,1.0,0.0,0.0,1.0,0.0,0.0,-1.0,True,True,True,non-critical dormant: review
500332017,dormant,none,False,,0.0,48.0,30,0.95,none,,0,0,0,0.0,0.0,0.0,0.0,0.0,0.0,0.0,0.0,0.0,True,True,True,non-critical dormant: review
500332026,dormant,none,False,D,0.0,13.0,30,0.9,none,,0,0,0,0.0,0.0,1.0,0.0,0.0,1.0,0.0,0.0,-1.0,True,True,True,non-critical dormant: review
500332508,dormant,none,False,,0.0,40.0,30,0.95,none,,0,0,0,0.0,0.0,1.0,0.0,0.0,1.0,0.0,0.0,-1.0,True,True,True,non-critical dormant: review
500332592,dormant,none,False,,0.0,38.0,30,0.95,none,,0,0,0,0.0,0.0,0.0,0.0,0.0,0.0,0.0,0.0,0.0,True,True,True,non-critical dormant: review
500334789,dormant,none,False,D,0.0,15.0,30,0.9,none,,0,0,0,0.0,0.0,1.0,0.0,0.0,1.0,0.0,0.0,-1.0,True,True,True,non-critical dormant: review
500334838,active,constant,True,M,0.019178082191780823,20.0,30,0.95,nbinom,1.794,2,2,4,0.0,0.0,1.0,0.0,0.0,1.0,2.0,2.0,3.0,False,False,False,active
500335600,dormant,none,False,D,0.0,75.0,30,0.9,none,,0,0,0,0.0,0.0,0.0,0.0,0.0,0.0,0.0,0.0,0.0,True,True,True,non-critical dormant: review
500335734,dormant,none,False,D,0.0,13.0,30,0.9,none,,0,0,0,0.0,0.0,0.0,0.0,0.0,0.0,0.0,0.0,0.0,True,True,True,non-critical dormant: review
500335735,active,constant,True,H,0.25205479452054796,30.0,30,0.99,poisson,1.0,8,15,25,9.0,12.0,14.0,7.0,16.0,25.0,1.0,-1.0,0.0,True,True,True,active
500335736,active,constant,True,H,0.0410958904109589,13.0,30,0.99,poisson,1.0,3,3,5,1.0,3.0,5.0,1.0,2.0,3.0,2.0,1.0,2.0,False,True,False,active
500335737,dormant,none,False,D,0.0,13.0,30,0.9,none,,0,0,0,0.0,0.0,1.0,0.0,0.0,1.0,0.0,0.0,-1.0,True,True,True,non-critical dormant: review
500335739,active,constant,True,H,0.0547945205479452,13.0,30,0.99,poisson,1.0,3,3,7,1.0,2.0,3.0,1.0,2.0,3.0,2.0,1.0,4.0,False,True,False,active
500335740,dormant,none,False,D,0.0,10.0,30,0.9,none,,0,0,0,0.0,0.0,0.0,0.0,0.0,0.0,0.0,0.0,0.0,True,True,True,non-critical dormant: review
500335741,dying,dying,False,L,0.0,13.0,30,0.9,nbinom,5.0,0,0,1,0.0,0.0,1.0,0.0,0.0,1.0,0.0,0.0,0.0,True,True,True,"dying: demand ceased, review"
500336758,dormant,none,False,,0.0,95.0,30,0.95,none,,0,0,0,0.0,0.0,0.0,0.0,0.0,0.0,0.0,0.0,0.0,True,True,True,non-critical dormant: review
500336949,dormant,none,False,D,0.0,55.0,30,0.9,none,,0,0,0,0.0,0.0,0.0,0.0,0.0,0.0,0.0,0.0,0.0,True,True,True,non-critical dormant: review
500337076,dormant,none,False,,0.0,25.0,30,0.95,none,,0,0,0,0.0,0.0,0.0,0.0,0.0,0.0,0.0,0.0,0.0,True,True,True,non-critical dormant: review
500337190,dying,dying,False,L,0.0027397260273972603,35.0,30,0.9,nbinom,5.0,0,0,1,0.0,0.0,1.0,0.0,0.0,1.0,0.0,0.0,0.0,True,True,True,"dying: demand ceased, review"
500337286,dormant,none,False,,0.0,30.0,30,0.95,none,,0,0,0,0.0,0.0,1.0,0.0,0.0,1.0,0.0,0.0,-1.0,True,True,True,non-critical dormant: review
500337311,dormant,none,False,,0.0,25.0,30,0.95,none,,0,0,0,0.0,0.0,0.0,0.0,0.0,0.0,0.0,0.0,0.0,True,True,True,non-critical dormant: review
500337312,dormant,none,False,L,0.0,141.0,30,0.9,none,,0,0,0,0.0,0.0,0.0,0.0,0.0,0.0,0.0,0.0,0.0,True,True,True,non-critical dormant: review
500337635,dormant,none,False,,0.0,13.0,30,0.95,none,,0,0,0,0.0,0.0,0.0,0.0,0.0,0.0,0.0,0.0,0.0,True,True,True,non-critical dormant: review
500338403,dormant,none,False,,0.0,35.0,30,0.95,none,,0,0,0,0.0,0.0,1.0,0.0,0.0,1.0,0.0,0.0,-1.0,True,True,True,non-critical dormant: review
500338404,dormant,none,False,,0.0,31.0,30,0.95,none,,0,0,0,0.0,0.0,1.0,0.0,0.0,1.0,0.0,0.0,-1.0,True,True,True,non-critical dormant: review
500338556,dormant,none,False,D,0.0,75.0,30,0.9,none,,0,0,0,0.0,0.0,0.0,0.0,1.0,2.0,0.0,-1.0,-2.0,True,True,False,non-critical dormant: review
500338562,dormant,none,False,D,0.0,30.0,30,0.9,none,,0,0,0,0.0,0.0,0.0,0.0,0.0,0.0,0.0,0.0,0.0,True,True,True,non-critical dormant: review
500338563,dormant,none,False,D,0.0,20.0,30,0.9,none,,0,0,0,0.0,0.0,0.0,0.0,0.0,0.0,0.0,0.0,0.0,True,True,True,non-critical dormant: review
500338824,dormant,none,False,D,0.0,30.0,30,0.9,none,,0,0,0,0.0,0.0,0.0,0.0,0.0,0.0,0.0,0.0,0.0,True,True,True,non-critical dormant: review
500338915,dormant,none,False,D,0.0,75.0,30,0.9,none,,0,0,0,0.0,0.0,0.0,0.0,0.0,0.0,0.0,0.0,0.0,True,True,True,non-critical dormant: review
500338916,dormant,none,False,,0.0,48.0,30,0.95,none,,0,0,0,0.0,0.0,0.0,0.0,0.0,1.0,0.0,0.0,-1.0,True,True,True,non-critical dormant: review
500339306,dormant,none,False,D,0.0,10.0,30,0.9,none,,0,0,0,0.0,0.0,1.0,0.0,0.0,1.0,0.0,0.0,-1.0,True,True,True,non-critical dormant: review
500339307,dormant,none,False,D,0.0,45.0,30,0.9,none,,0,0,0,0.0,0.0,0.0,0.0,0.0,0.0,0.0,0.0,0.0,True,True,True,non-critical dormant: review
500339308,dormant,none,False,,0.0,15.0,30,0.95,none,,0,0,0,0.0,0.0,0.0,0.0,0.0,0.0,0.0,0.0,0.0,True,True,True,non-critical dormant: review
500339309,dormant,none,False,,0.0,25.0,30,0.95,none,,0,0,0,0.0,0.0,0.0,0.0,0.0,0.0,0.0,0.0,0.0,True,True,True,non-critical dormant: review
500339311,dormant,none,False,,0.0,15.0,30,0.95,none,,0,0,0,0.0,0.0,0.0,0.0,0.0,0.0,0.0,0.0,0.0,True,True,True,non-critical dormant: review
500339313,dormant,none,False,,0.0,10.0,30,0.95,none,,0,0,0,0.0,0.0,0.0,0.0,0.0,0.0,0.0,0.0,0.0,True,True,True,non-critical dormant: review
500339314,dormant,none,False,,0.0,48.0,30,0.95,none,,0,0,0,0.0,0.0,0.0,0.0,0.0,0.0,0.0,0.0,0.0,True,True,True,non-critical dormant: review
500339315,dormant,none,False,,0.0,10.0,30,0.95,none,,0,0,0,0.0,0.0,0.0,0.0,0.0,0.0,0.0,0.0,0.0,True,True,True,non-critical dormant: review
500339316,dormant,none,False,,0.0,15.0,30,0.95,none,,0,0,0,0.0,0.0,0.0,0.0,0.0,0.0,0.0,0.0,0.0,True,True,True,non-critical dormant: review
500339317,dormant,none,False,,0.0,15.0,30,0.95,none,,0,0,0,0.0,0.0,0.0,0.0,0.0,0.0,0.0,0.0,0.0,True,True,True,non-critical dormant: review
500339318,dormant,none,False,,0.0,25.0,30,0.95,none,,0,0,0,0.0,0.0,0.0,0.0,0.0,0.0,0.0,0.0,0.0,True,True,True,non-critical dormant: review
500339319,dormant,none,False,D,0.0,38.0,30,0.9,none,,0,0,0,0.0,0.0,1.0,0.0,0.0,1.0,0.0,0.0,-1.0,True,True,True,non-critical dormant: review
500339320,dormant,none,False,,0.0,10.0,30,0.95,none,,0,0,0,0.0,0.0,0.0,0.0,0.0,1.0,0.0,0.0,-1.0,True,True,True,non-critical dormant: review
500339321,dormant,none,False,D,0.0,10.0,30,0.9,none,,0,0,0,0.0,0.0,0.0,0.0,0.0,0.0,0.0,0.0,0.0,True,True,True,non-critical dormant: review
500339322,dormant,none,False,,0.0,10.0,30,0.95,none,,0,0,0,0.0,0.0,0.0,0.0,0.0,0.0,0.0,0.0,0.0,True,True,True,non-critical dormant: review
500339323,dormant,none,False,,0.0,88.0,30,0.95,none,,0,0,0,0.0,0.0,0.0,0.0,0.0,0.0,0.0,0.0,0.0,True,True,True,non-critical dormant: review
500339324,dormant,none,False,,0.0,59.0,30,0.95,none,,0,0,0,0.0,0.0,0.0,0.0,0.0,0.0,0.0,0.0,0.0,True,True,True,non-critical dormant: review
500339328,dormant,none,False,,0.0,10.0,30,0.95,none,,0,0,0,0.0,0.0,0.0,0.0,0.0,0.0,0.0,0.0,0.0,True,True,True,non-critical dormant: review
500339329,dormant,none,False,,0.0,15.0,30,0.95,none,,0,0,0,0.0,0.0,0.0,0.0,0.0,0.0,0.0,0.0,0.0,True,True,True,non-critical dormant: review
500339330,dormant,none,False,,0.0,15.0,30,0.95,none,,0,0,0,0.0,0.0,0.0,0.0,0.0,0.0,0.0,0.0,0.0,True,True,True,non-critical dormant: review
500339331,dormant,none,False,,0.0,38.0,30,0.95,none,,0,0,0,0.0,0.0,0.0,0.0,0.0,0.0,0.0,0.0,0.0,True,True,True,non-critical dormant: review
500339334,dormant,none,False,D,0.0,15.0,30,0.9,none,,0,0,0,0.0,0.0,0.0,0.0,0.0,0.0,0.0,0.0,0.0,True,True,True,non-critical dormant: review
500339335,dormant,none,False,,0.0,15.0,30,0.95,none,,0,0,0,0.0,0.0,0.0,0.0,0.0,0.0,0.0,0.0,0.0,True,True,True,non-critical dormant: review
500339336,dormant,none,False,,0.0,15.0,30,0.95,none,,0,0,0,0.0,0.0,0.0,0.0,0.0,0.0,0.0,0.0,0.0,True,True,True,non-critical dormant: review
500339338,dormant,none,False,,0.0,15.0,30,0.95,none,,0,0,0,0.0,0.0,0.0,0.0,0.0,0.0,0.0,0.0,0.0,True,True,True,non-critical dormant: review
500339339,dormant,none,False,,0.0,25.0,30,0.95,none,,0,0,0,0.0,0.0,0.0,0.0,0.0,0.0,0.0,0.0,0.0,True,True,True,non-critical dormant: review
500339340,dormant,none,False,,0.0,25.0,30,0.95,none,,0,0,0,0.0,0.0,0.0,0.0,0.0,0.0,0.0,0.0,0.0,True,True,True,non-critical dormant: review
500339341,dormant,none,False,D,0.0,15.0,30,0.9,none,,0,0,0,0.0,0.0,0.0,0.0,0.0,0.0,0.0,0.0,0.0,True,True,True,non-critical dormant: review
500339342,dormant,none,False,D,0.0,15.0,30,0.9,none,,0,0,0,0.0,0.0,0.0,0.0,0.0,0.0,0.0,0.0,0.0,True,True,True,non-critical dormant: review
500339343,dormant,none,False,D,0.0,15.0,30,0.9,none,,0,0,0,0.0,0.0,0.0,0.0,0.0,1.0,0.0,0.0,-1.0,True,True,True,non-critical dormant: review
500339344,dormant,none,False,D,0.0,15.0,30,0.9,none,,0,0,0,0.0,0.0,0.0,0.0,0.0,1.0,0.0,0.0,-1.0,True,True,True,non-critical dormant: review
500339345,dormant,none,False,,0.0,10.0,30,0.95,none,,0,0,0,0.0,0.0,0.0,0.0,0.0,1.0,0.0,0.0,-1.0,True,True,True,non-critical dormant: review
500339346,dormant,none,False,D,0.0,15.0,30,0.9,none,,0,0,0,0.0,0.0,0.0,0.0,0.0,0.0,0.0,0.0,0.0,True,True,True,non-critical dormant: review
500339347,dormant,none,False,,0.0,15.0,30,0.95,none,,0,0,0,0.0,0.0,0.0,0.0,0.0,0.0,0.0,0.0,0.0,True,True,True,non-critical dormant: review
500339348,dormant,none,False,,0.0,25.0,30,0.95,none,,0,0,0,0.0,0.0,0.0,0.0,0.0,0.0,0.0,0.0,0.0,True,True,True,non-critical dormant: review
500339349,dormant,none,False,,0.0,25.0,30,0.95,none,,0,0,0,0.0,0.0,0.0,0.0,0.0,0.0,0.0,0.0,0.0,True,True,True,non-critical dormant: review
500339350,dormant,none,False,,0.0,25.0,30,0.95,none,,0,0,0,0.0,0.0,0.0,0.0,0.0,0.0,0.0,0.0,0.0,True,True,True,non-critical dormant: review
500339421,dormant,none,False,D,0.0,14.0,30,0.9,none,,0,0,0,0.0,0.0,1.0,0.0,0.0,1.0,0.0,0.0,-1.0,True,True,True,non-critical dormant: review
500339614,dormant,none,False,D,0.0,25.0,30,0.9,none,,0,0,0,0.0,0.0,0.0,0.0,0.0,0.0,0.0,0.0,0.0,True,True,True,non-critical dormant: review
500339615,dormant,none,False,D,0.0,15.0,30,0.9,none,,0,0,0,0.0,0.0,0.0,0.0,0.0,0.0,0.0,0.0,0.0,True,True,True,non-critical dormant: review
500339616,dormant,none,False,,0.0,55.0,30,0.95,none,,0,0,0,0.0,0.0,0.0,0.0,0.0,0.0,0.0,0.0,0.0,True,True,True,non-critical dormant: review
500340386,dormant,none,False,,0.0,27.0,30,0.95,none,,0,0,0,0.0,0.0,0.0,0.0,0.0,0.0,0.0,0.0,0.0,True,True,True,non-critical dormant: review
500340387,dormant,none,False,D,0.0,28.0,30,0.9,none,,0,0,0,0.0,0.0,1.0,0.0,0.0,1.0,0.0,0.0,-1.0,True,True,True,non-critical dormant: review
500340709,dying,dying,False,D,0.0,19.0,30,0.9,nbinom,5.0,0,0,1,0.0,0.0,0.0,0.0,0.0,0.0,0.0,0.0,1.0,True,True,True,"dying: demand ceased, review"
500340731,active,constant,True,H,1.1178082191780823,30.0,30,0.99,poisson,1.0,15,48,87,17.0,50.0,74.0,22.0,55.0,74.0,-7.0,-7.0,13.0,False,False,False,active
500340732,dormant,none,False,,0.0,20.0,30,0.95,none,,0,0,0,0.0,0.0,1.0,0.0,0.0,1.0,0.0,0.0,-1.0,True,True,True,non-critical dormant: review
500340892,dormant,none,False,,0.0,25.0,30,0.95,none,,0,0,0,0.0,0.0,0.0,0.0,0.0,0.0,0.0,0.0,0.0,True,True,True,non-critical dormant: review
500340893,dormant,none,False,,0.0,15.0,30,0.95,none,,0,0,0,0.0,0.0,0.0,0.0,0.0,0.0,0.0,0.0,0.0,True,True,True,non-critical dormant: review
500340894,dormant,none,False,D,0.0,45.0,30,0.9,none,,0,0,0,0.0,0.0,0.0,0.0,0.0,0.0,0.0,0.0,0.0,True,True,True,non-critical dormant: review
500340895,dormant,none,False,D,0.0,10.0,30,0.9,none,,0,0,0,0.0,0.0,0.0,0.0,0.0,0.0,0.0,0.0,0.0,True,True,True,non-critical dormant: review
500341824,dormant,none,False,D,0.0,25.0,30,0.9,none,,0,0,0,0.0,0.0,1.0,0.0,0.0,1.0,0.0,0.0,-1.0,True,True,True,non-critical dormant: review
500342099,dormant,none,False,,0.0,20.0,30,0.95,none,,0,0,0,0.0,0.0,1.0,0.0,0.0,1.0,0.0,0.0,-1.0,True,True,True,non-critical dormant: review
500342104,dormant,none,False,,0.0,20.0,30,0.95,none,,0,0,0,0.0,0.0,0.0,0.0,0.0,0.0,0.0,0.0,0.0,True,True,True,non-critical dormant: review
500342345,dormant,none,False,D,0.0,25.0,30,0.9,none,,0,0,0,0.0,0.0,1.0,0.0,0.0,1.0,0.0,0.0,-1.0,True,True,True,non-critical dormant: review
500342400,dormant,none,False,D,0.0,25.0,30,0.9,none,,0,0,0,0.0,0.0,1.0,0.0,0.0,1.0,0.0,0.0,-1.0,True,True,True,non-critical dormant: review
500342401,dormant,none,False,D,0.0,25.0,30,0.9,none,,0,0,0,0.0,0.0,0.0,0.0,0.0,0.0,0.0,0.0,0.0,True,True,True,non-critical dormant: review
500342478,dormant,none,False,,0.0,25.0,30,0.95,none,,0,0,0,0.0,0.0,0.0,0.0,0.0,0.0,0.0,0.0,0.0,True,True,True,non-critical dormant: review
500342530,dormant,none,False,D,0.0,39.0,30,0.9,none,,0,0,0,0.0,0.0,1.0,0.0,0.0,1.0,0.0,0.0,-1.0,True,True,True,non-critical dormant: review
500343362,dormant,none,False,D,0.0,30.0,30,0.9,none,,0,0,0,0.0,0.0,1.0,0.0,0.0,1.0,0.0,0.0,-1.0,True,True,True,non-critical dormant: review
500343756,dying,dying,False,L,0.0,13.0,30,0.9,nbinom,5.0,0,0,1,0.0,0.0,1.0,0.0,0.0,1.0,0.0,0.0,0.0,True,True,True,"dying: demand ceased, review"
500344300,dormant,none,False,,0.0,55.0,30,0.95,none,,0,0,0,0.0,0.0,0.0,0.0,0.0,0.0,0.0,0.0,0.0,True,True,True,non-critical dormant: review
500344490,active,constant,True,L,0.005479452054794521,100.0,30,0.9,nbinom,3.125,2,2,3,0.0,0.0,0.0,0.0,1.0,2.0,2.0,1.0,1.0,False,True,True,active
500344512,dormant,none,False,,0.0,25.0,30,0.95,none,,0,0,0,0.0,0.0,0.0,0.0,0.0,0.0,0.0,0.0,0.0,True,True,True,non-critical dormant: review
500344804,dormant,none,False,,0.0,20.0,30,0.95,none,,0,0,0,0.0,0.0,0.0,0.0,0.0,0.0,0.0,0.0,0.0,True,True,True,non-critical dormant: review
500344941,active,constant,True,M,0.01643835616438356,11.0,30,0.95,nbinom,3.233,1,1,4,0.0,1.0,2.0,0.0,1.0,2.0,1.0,0.0,2.0,True,True,False,active
500344943,dying,dying,False,L,0.005479452054794521,13.0,30,0.9,nbinom,3.0,0,0,1,0.0,1.0,2.0,0.0,0.0,1.0,0.0,0.0,0.0,True,True,True,"dying: demand ceased, review"
500344944,dormant,none,False,,0.0,20.0,30,0.95,none,,0,0,0,0.0,0.0,0.0,0.0,0.0,0.0,0.0,0.0,0.0,True,True,True,non-critical dormant: review
500344945,dormant,none,False,,0.0,10.0,30,0.95,none,,0,0,0,0.0,0.0,0.0,0.0,0.0,0.0,0.0,0.0,0.0,True,True,True,non-critical dormant: review
500344946,dying,dying,False,L,0.0027397260273972603,13.0,30,0.9,nbinom,3.0,0,0,1,0.0,0.0,1.0,0.0,0.0,1.0,0.0,0.0,0.0,True,True,True,"dying: demand ceased, review"
500345051,dormant,none,False,,0.0,70.0,30,0.95,none,,0,0,0,0.0,0.0,0.0,0.0,0.0,0.0,0.0,0.0,0.0,True,True,True,non-critical dormant: review
500345052,dormant,none,False,,0.0,70.0,30,0.95,none,,0,0,0,0.0,0.0,0.0,0.0,0.0,0.0,0.0,0.0,0.0,True,True,True,non-critical dormant: review
500345054,dormant,none,False,,0.0,70.0,30,0.95,none,,0,0,0,0.0,0.0,0.0,0.0,0.0,0.0,0.0,0.0,0.0,True,True,True,non-critical dormant: review
500345421,dying,dying,False,L,0.010958904109589041,15.0,30,0.9,nbinom,5.0,0,0,1,0.0,0.0,1.0,0.0,0.0,1.0,0.0,0.0,0.0,True,True,True,"dying: demand ceased, review"
500345422,dormant,none,False,,0.0,35.0,30,0.95,none,,0,0,0,0.0,0.0,0.0,0.0,0.0,0.0,0.0,0.0,0.0,True,True,True,non-critical dormant: review
500345576,dormant,none,False,,0.0,30.0,30,0.95,none,,0,0,0,0.0,0.0,1.0,0.0,0.0,1.0,0.0,0.0,-1.0,True,True,True,non-critical dormant: review
500345640,dormant,none,False,D,0.0,13.0,30,0.9,none,,0,0,0,0.0,0.0,0.0,0.0,0.0,0.0,0.0,0.0,0.0,True,True,True,non-critical dormant: review
500345758,dormant,none,False,D,0.0,80.0,30,0.9,none,,0,0,0,0.0,0.0,1.0,0.0,0.0,1.0,0.0,0.0,-1.0,True,True,True,non-critical dormant: review
500345759,dormant,none,False,D,0.0,80.0,30,0.9,none,,0,0,0,0.0,0.0,1.0,0.0,0.0,1.0,0.0,0.0,-1.0,True,True,True,non-critical dormant: review
500345760,active,constant,True,L,0.0027397260273972603,25.0,30,0.9,nbinom,5.0,0,0,1,0.0,0.0,1.0,0.0,0.0,1.0,0.0,0.0,0.0,True,True,True,active
500346104,dormant,none,False,D,0.0,13.0,30,0.9,none,,0,0,0,0.0,0.0,1.0,0.0,0.0,1.0,0.0,0.0,-1.0,True,True,True,non-critical dormant: review
500347065,active,constant,True,L,0.0027397260273972603,80.0,30,0.9,nbinom,5.0,0,0,1,0.0,0.0,1.0,0.0,0.0,1.0,0.0,0.0,0.0,True,True,True,active
500347066,active,constant,True,L,0.0027397260273972603,80.0,30,0.9,nbinom,5.0,0,0,1,0.0,0.0,1.0,0.0,0.0,1.0,0.0,0.0,0.0,True,True,True,active
500348338,dormant,none,False,,0.0,30.0,30,0.95,none,,0,0,0,0.0,0.0,0.0,0.0,0.0,0.0,0.0,0.0,0.0,True,True,True,non-critical dormant: review
500348843,dormant,none,False,,0.0,20.0,30,0.95,none,,0,0,0,0.0,0.0,0.0,0.0,0.0,0.0,0.0,0.0,0.0,True,True,True,non-critical dormant: review
500348844,dormant,none,False,D,0.0,30.0,30,0.9,none,,0,0,0,0.0,0.0,0.0,0.0,0.0,0.0,0.0,0.0,0.0,True,True,True,non-critical dormant: review
500349443,dying,dying,False,L,0.0027397260273972603,18.0,30,0.9,nbinom,5.0,0,0,1,0.0,0.0,1.0,0.0,0.0,1.0,0.0,0.0,0.0,True,True,True,"dying: demand ceased, review"
500349495,dying,dying,False,M,0.0027397260273972603,20.0,30,0.95,nbinom,3.416,0,0,1,0.0,0.0,1.0,0.0,0.0,1.0,0.0,0.0,0.0,True,True,True,"dying: demand ceased, review"
500349977,dormant,none,False,D,0.0,15.0,30,0.9,none,,0,0,0,0.0,0.0,0.0,0.0,0.0,0.0,0.0,0.0,0.0,True,True,True,non-critical dormant: review
500349978,dormant,none,False,,0.0,15.0,30,0.95,none,,0,0,0,0.0,0.0,0.0,0.0,0.0,0.0,0.0,0.0,0.0,True,True,True,non-critical dormant: review
500349979,dormant,none,False,D,0.0,15.0,30,0.9,none,,0,0,0,0.0,0.0,0.0,0.0,0.0,0.0,0.0,0.0,0.0,True,True,True,non-critical dormant: review
500349980,dormant,none,False,D,0.0,15.0,30,0.9,none,,0,0,0,0.0,0.0,0.0,0.0,0.0,0.0,0.0,0.0,0.0,True,True,True,non-critical dormant: review
500349981,dormant,none,False,,0.0,30.0,30,0.95,none,,0,0,0,0.0,0.0,0.0,0.0,0.0,0.0,0.0,0.0,0.0,True,True,True,non-critical dormant: review
500349982,dormant,none,False,,0.0,40.0,30,0.95,none,,0,0,0,0.0,0.0,0.0,0.0,0.0,0.0,0.0,0.0,0.0,True,True,True,non-critical dormant: review
500349983,dying,dying,False,L,0.0,30.0,30,0.9,nbinom,5.0,0,0,1,0.0,0.0,0.0,0.0,0.0,0.0,0.0,0.0,1.0,True,True,True,"dying: demand ceased, review"
500349984,dormant,none,False,,0.0,35.0,30,0.95,none,,0,0,0,0.0,0.0,0.0,0.0,0.0,0.0,0.0,0.0,0.0,True,True,True,non-critical dormant: review
500349985,dormant,none,False,,0.0,35.0,30,0.95,none,,0,0,0,0.0,0.0,0.0,0.0,0.0,0.0,0.0,0.0,0.0,True,True,True,non-critical dormant: review
500349986,dormant,none,False,,0.0,35.0,30,0.95,none,,0,0,0,0.0,0.0,0.0,0.0,0.0,0.0,0.0,0.0,0.0,True,True,True,non-critical dormant: review
500349988,dormant,none,False,,0.0,20.0,30,0.95,none,,0,0,0,0.0,0.0,0.0,0.0,0.0,0.0,0.0,0.0,0.0,True,True,True,non-critical dormant: review
500350011,dormant,none,False,,0.0,15.0,30,0.95,none,,0,0,0,0.0,0.0,0.0,0.0,0.0,0.0,0.0,0.0,0.0,True,True,True,non-critical dormant: review
500350012,dormant,none,False,,0.0,25.0,30,0.95,none,,0,0,0,0.0,0.0,0.0,0.0,0.0,0.0,0.0,0.0,0.0,True,True,True,non-critical dormant: review
500350014,dormant,none,False,,0.0,15.0,30,0.95,none,,0,0,0,0.0,0.0,0.0,0.0,0.0,0.0,0.0,0.0,0.0,True,True,True,non-critical dormant: review
500350015,dormant,none,False,D,0.0,10.0,30,0.9,none,,0,0,0,0.0,0.0,0.0,0.0,0.0,0.0,0.0,0.0,0.0,True,True,True,non-critical dormant: review
500350016,dormant,none,False,D,0.0,10.0,30,0.9,none,,0,0,0,0.0,0.0,0.0,0.0,0.0,0.0,0.0,0.0,0.0,True,True,True,non-critical dormant: review
500350017,dormant,none,False,,0.0,25.0,30,0.95,none,,0,0,0,0.0,0.0,0.0,0.0,0.0,0.0,0.0,0.0,0.0,True,True,True,non-critical dormant: review
500350018,dormant,none,False,,0.0,15.0,30,0.95,none,,0,0,0,0.0,0.0,0.0,0.0,0.0,0.0,0.0,0.0,0.0,True,True,True,non-critical dormant: review
500350019,dormant,none,False,,0.0,15.0,30,0.95,none,,0,0,0,0.0,0.0,0.0,0.0,0.0,0.0,0.0,0.0,0.0,True,True,True,non-critical dormant: review
500350100,dying,dying,False,L,0.0027397260273972603,20.0,30,0.9,nbinom,5.0,0,0,1,0.0,0.0,0.0,0.0,0.0,0.0,0.0,0.0,1.0,True,True,True,"dying: demand ceased, review"
500350402,dormant,none,False,,0.0,13.0,30,0.95,none,,0,0,0,0.0,0.0,0.0,0.0,0.0,0.0,0.0,0.0,0.0,True,True,True,non-critical dormant: review
500350724,dormant,none,False,D,0.0,35.0,30,0.9,none,,0,0,0,0.0,0.0,0.0,0.0,0.0,0.0,0.0,0.0,0.0,True,True,True,non-critical dormant: review
500351181,dormant,none,False,,0.0,25.0,30,0.95,none,,0,0,0,0.0,0.0,0.0,0.0,0.0,0.0,0.0,0.0,0.0,True,True,True,non-critical dormant: review
500351182,dormant,none,False,,0.0,90.0,30,0.95,none,,0,0,0,0.0,0.0,0.0,0.0,0.0,0.0,0.0,0.0,0.0,True,True,True,non-critical dormant: review
500351183,dormant,none,False,,0.0,25.0,30,0.95,none,,0,0,0,0.0,0.0,0.0,0.0,0.0,0.0,0.0,0.0,0.0,True,True,True,non-critical dormant: review
500351184,dormant,none,False,,0.0,70.0,30,0.95,none,,0,0,0,0.0,0.0,0.0,0.0,0.0,0.0,0.0,0.0,0.0,True,True,True,non-critical dormant: review
500351185,dormant,none,False,D,0.0,90.0,30,0.9,none,,0,0,0,0.0,0.0,0.0,0.0,0.0,0.0,0.0,0.0,0.0,True,True,True,non-critical dormant: review
500351186,dormant,none,False,,0.0,55.0,30,0.95,none,,0,0,0,0.0,0.0,0.0,0.0,0.0,0.0,0.0,0.0,0.0,True,True,True,non-critical dormant: review
500351499,active,constant,True,M,0.0136986301369863,65.0,30,0.95,nbinom,2.023,4,4,6,0.0,1.0,2.0,0.0,7.0,9.0,4.0,-3.0,-3.0,False,False,False,active
500352221,dormant,none,False,,0.0,10.0,30,0.95,none,,0,0,0,0.0,0.0,0.0,0.0,0.0,0.0,0.0,0.0,0.0,True,True,True,non-critical dormant: review
500352222,dormant,none,False,,0.0,10.0,30,0.95,none,,0,0,0,0.0,0.0,0.0,0.0,0.0,0.0,0.0,0.0,0.0,True,True,True,non-critical dormant: review
500352223,dormant,none,False,,0.0,15.0,30,0.95,none,,0,0,0,0.0,0.0,0.0,0.0,0.0,0.0,0.0,0.0,0.0,True,True,True,non-critical dormant: review
500352224,dormant,none,False,,0.0,15.0,30,0.95,none,,0,0,0,0.0,0.0,0.0,0.0,0.0,0.0,0.0,0.0,0.0,True,True,True,non-critical dormant: review
500352225,dormant,none,False,,0.0,15.0,30,0.95,none,,0,0,0,0.0,0.0,0.0,0.0,0.0,0.0,0.0,0.0,0.0,True,True,True,non-critical dormant: review
500352226,dormant,none,False,,0.0,10.0,30,0.95,none,,0,0,0,0.0,0.0,0.0,0.0,0.0,0.0,0.0,0.0,0.0,True,True,True,non-critical dormant: review
500352227,dormant,none,False,D,0.0,48.0,30,0.9,none,,0,0,0,0.0,0.0,0.0,0.0,0.0,0.0,0.0,0.0,0.0,True,True,True,non-critical dormant: review
500353244,dormant,none,False,,0.0,35.0,30,0.95,none,,0,0,0,0.0,0.0,0.0,0.0,0.0,0.0,0.0,0.0,0.0,True,True,True,non-critical dormant: review
500353887,dormant,none,False,D,0.0,30.0,30,0.9,none,,0,0,0,0.0,0.0,0.0,0.0,0.0,0.0,0.0,0.0,0.0,True,True,True,non-critical dormant: review
500353888,dormant,none,False,D,0.0,20.0,30,0.9,none,,0,0,0,0.0,0.0,0.0,0.0,0.0,0.0,0.0,0.0,0.0,True,True,True,non-critical dormant: review
500354192,dying,dying,False,L,0.0027397260273972603,59.0,30,0.9,nbinom,5.0,0,0,1,0.0,0.0,0.0,0.0,0.0,1.0,0.0,0.0,0.0,True,True,True,"dying: demand ceased, review"
500354219,dormant,none,False,D,0.0,10.0,30,0.9,none,,0,0,0,0.0,0.0,1.0,0.0,0.0,1.0,0.0,0.0,-1.0,True,True,True,non-critical dormant: review
500354290,dormant,none,False,,0.0,15.0,30,0.95,none,,0,0,0,0.0,0.0,0.0,0.0,0.0,0.0,0.0,0.0,0.0,True,True,True,non-critical dormant: review
500354293,dormant,none,False,D,0.0,15.0,30,0.9,none,,0,0,0,0.0,0.0,0.0,0.0,0.0,0.0,0.0,0.0,0.0,True,True,True,non-critical dormant: review
500354363,dormant,none,False,D,0.0,32.0,30,0.9,none,,0,0,0,0.0,0.0,1.0,0.0,0.0,1.0,0.0,0.0,-1.0,True,True,True,non-critical dormant: review
500354422,dormant,none,False,D,0.0,80.0,30,0.9,none,,0,0,0,0.0,0.0,0.0,0.0,0.0,0.0,0.0,0.0,0.0,True,True,True,non-critical dormant: review
500354423,dormant,none,False,D,0.0,15.0,30,0.9,none,,0,0,0,0.0,0.0,0.0,0.0,0.0,0.0,0.0,0.0,0.0,True,True,True,non-critical dormant: review
500354424,dormant,none,False,D,0.0,15.0,30,0.9,none,,0,0,0,0.0,0.0,0.0,0.0,0.0,1.0,0.0,0.0,-1.0,True,True,True,non-critical dormant: review
500354425,dormant,none,False,,0.0,25.0,30,0.95,none,,0,0,0,0.0,0.0,0.0,0.0,0.0,1.0,0.0,0.0,-1.0,True,True,True,non-critical dormant: review
500354426,dormant,none,False,D,0.0,45.0,30,0.9,none,,0,0,0,0.0,0.0,0.0,0.0,0.0,1.0,0.0,0.0,-1.0,True,True,True,non-critical dormant: review
500354427,dormant,none,False,D,0.0,45.0,30,0.9,none,,0,0,0,0.0,0.0,0.0,0.0,0.0,1.0,0.0,0.0,-1.0,True,True,True,non-critical dormant: review
500354428,dormant,none,False,D,0.0,45.0,30,0.9,none,,0,0,0,0.0,0.0,0.0,0.0,0.0,1.0,0.0,0.0,-1.0,True,True,True,non-critical dormant: review
500354429,dormant,none,False,D,0.0,15.0,30,0.9,none,,0,0,0,0.0,0.0,0.0,0.0,0.0,1.0,0.0,0.0,-1.0,True,True,True,non-critical dormant: review
500354430,dormant,none,False,D,0.0,10.0,30,0.9,none,,0,0,0,0.0,0.0,0.0,0.0,0.0,1.0,0.0,0.0,-1.0,True,True,True,non-critical dormant: review
500354431,dormant,none,False,D,0.0,10.0,30,0.9,none,,0,0,0,0.0,0.0,0.0,0.0,0.0,1.0,0.0,0.0,-1.0,True,True,True,non-critical dormant: review
500354432,dormant,none,False,D,0.0,10.0,30,0.9,none,,0,0,0,0.0,0.0,0.0,0.0,0.0,1.0,0.0,0.0,-1.0,True,True,True,non-critical dormant: review
500354433,dormant,none,False,D,0.0,10.0,30,0.9,none,,0,0,0,0.0,0.0,0.0,0.0,0.0,1.0,0.0,0.0,-1.0,True,True,True,non-critical dormant: review
500354434,dormant,none,False,,0.0,10.0,30,0.95,none,,0,0,0,0.0,0.0,0.0,0.0,0.0,1.0,0.0,0.0,-1.0,True,True,True,non-critical dormant: review
500354435,dormant,none,False,D,0.0,10.0,30,0.9,none,,0,0,0,0.0,0.0,0.0,0.0,0.0,1.0,0.0,0.0,-1.0,True,True,True,non-critical dormant: review
500354436,dormant,none,False,,0.0,15.0,30,0.95,none,,0,0,0,0.0,0.0,0.0,0.0,0.0,1.0,0.0,0.0,-1.0,True,True,True,non-critical dormant: review
500354437,dormant,none,False,D,0.0,10.0,30,0.9,none,,0,0,0,0.0,0.0,0.0,0.0,0.0,1.0,0.0,0.0,-1.0,True,True,True,non-critical dormant: review
500354438,dormant,none,False,D,0.0,15.0,30,0.9,none,,0,0,0,0.0,0.0,0.0,0.0,0.0,0.0,0.0,0.0,0.0,True,True,True,non-critical dormant: review
500354439,dormant,none,False,,0.0,15.0,30,0.95,none,,0,0,0,0.0,0.0,0.0,0.0,0.0,0.0,0.0,0.0,0.0,True,True,True,non-critical dormant: review
500354440,dormant,none,False,,0.0,25.0,30,0.95,none,,0,0,0,0.0,0.0,0.0,0.0,0.0,0.0,0.0,0.0,0.0,True,True,True,non-critical dormant: review
500354758,dormant,none,False,D,0.0,70.0,30,0.9,none,,0,0,0,0.0,0.0,0.0,0.0,0.0,0.0,0.0,0.0,0.0,True,True,True,non-critical dormant: review
500354759,dormant,none,False,D,0.0,55.0,30,0.9,none,,0,0,0,0.0,0.0,1.0,0.0,0.0,1.0,0.0,0.0,-1.0,True,True,True,non-critical dormant: review
500354760,dormant,none,False,,0.0,98.0,30,0.95,none,,0,0,0,0.0,0.0,0.0,0.0,0.0,0.0,0.0,0.0,0.0,True,True,True,non-critical dormant: review
500354762,dormant,none,False,D,0.0,55.0,30,0.9,none,,0,0,0,0.0,0.0,0.0,0.0,0.0,0.0,0.0,0.0,0.0,True,True,True,non-critical dormant: review
500354763,dormant,none,False,,0.0,25.0,30,0.95,none,,0,0,0,0.0,0.0,0.0,0.0,0.0,0.0,0.0,0.0,0.0,True,True,True,non-critical dormant: review
500354981,dormant,none,False,,0.0,10.0,30,0.95,none,,0,0,0,0.0,0.0,0.0,0.0,0.0,0.0,0.0,0.0,0.0,True,True,True,non-critical dormant: review
500356726,dormant,none,False,D,0.0,15.0,30,0.9,none,,0,0,0,0.0,0.0,0.0,0.0,0.0,0.0,0.0,0.0,0.0,True,True,True,non-critical dormant: review
500356727,dormant,none,False,D,0.0,15.0,30,0.9,none,,0,0,0,0.0,0.0,1.0,0.0,0.0,1.0,0.0,0.0,-1.0,True,True,True,non-critical dormant: review
500356728,dormant,none,False,D,0.0,15.0,30,0.9,none,,0,0,0,0.0,0.0,0.0,0.0,0.0,0.0,0.0,0.0,0.0,True,True,True,non-critical dormant: review
500356793,active,constant,True,L,0.0273972602739726,65.0,30,0.9,nbinom,2.793,4,5,6,0.0,0.0,1.0,0.0,13.0,19.0,4.0,-8.0,-13.0,False,False,False,active
500356794,dormant,none,False,,0.0,30.0,30,0.95,none,,0,0,0,0.0,0.0,1.0,0.0,0.0,1.0,0.0,0.0,-1.0,True,True,True,non-critical dormant: review
500357438,dying,dying,False,L,0.0,45.0,30,0.9,nbinom,5.0,0,0,1,0.0,0.0,0.0,0.0,1.0,2.0,0.0,-1.0,-1.0,True,True,True,"dying: demand ceased, review"
500357456,dormant,none,False,,0.0,20.0,30,0.95,none,,0,0,0,0.0,0.0,0.0,0.0,0.0,0.0,0.0,0.0,0.0,True,True,True,non-critical dormant: review
500357457,dying,dying,False,L,0.0027397260273972603,30.0,30,0.9,nbinom,5.0,0,0,1,0.0,0.0,1.0,0.0,0.0,1.0,0.0,0.0,0.0,True,True,True,"dying: demand ceased, review"
500357587,dormant,none,False,,0.0,40.0,30,0.95,none,,0,0,0,0.0,0.0,0.0,0.0,0.0,0.0,0.0,0.0,0.0,True,True,True,non-critical dormant: review
500357588,dormant,none,False,,0.0,40.0,30,0.95,none,,0,0,0,0.0,0.0,0.0,0.0,0.0,0.0,0.0,0.0,0.0,True,True,True,non-critical dormant: review
500357589,dormant,none,False,,0.0,40.0,30,0.95,none,,0,0,0,0.0,0.0,0.0,0.0,0.0,0.0,0.0,0.0,0.0,True,True,True,non-critical dormant: review
500357590,dormant,none,False,,0.0,40.0,30,0.95,none,,0,0,0,0.0,0.0,0.0,0.0,0.0,0.0,0.0,0.0,0.0,True,True,True,non-critical dormant: review
500357591,dormant,none,False,,0.0,40.0,30,0.95,none,,0,0,0,0.0,0.0,0.0,0.0,0.0,0.0,0.0,0.0,0.0,True,True,True,non-critical dormant: review
500357592,dormant,none,False,,0.0,40.0,30,0.95,none,,0,0,0,0.0,0.0,0.0,0.0,0.0,0.0,0.0,0.0,0.0,True,True,True,non-critical dormant: review
500357593,dormant,none,False,,0.0,40.0,30,0.95,none,,0,0,0,0.0,0.0,0.0,0.0,0.0,0.0,0.0,0.0,0.0,True,True,True,non-critical dormant: review
500357594,dormant,none,False,,0.0,27.0,30,0.95,none,,0,0,0,0.0,0.0,0.0,0.0,0.0,0.0,0.0,0.0,0.0,True,True,True,non-critical dormant: review
500357595,dormant,none,False,,0.0,40.0,30,0.95,none,,0,0,0,0.0,0.0,0.0,0.0,0.0,0.0,0.0,0.0,0.0,True,True,True,non-critical dormant: review
500357596,dormant,none,False,,0.0,40.0,30,0.95,none,,0,0,0,0.0,0.0,0.0,0.0,0.0,0.0,0.0,0.0,0.0,True,True,True,non-critical dormant: review
500357597,dormant,none,False,,0.0,40.0,30,0.95,none,,0,0,0,0.0,0.0,0.0,0.0,0.0,0.0,0.0,0.0,0.0,True,True,True,non-critical dormant: review
500357598,dormant,none,False,,0.0,40.0,30,0.95,none,,0,0,0,0.0,0.0,0.0,0.0,0.0,0.0,0.0,0.0,0.0,True,True,True,non-critical dormant: review
500357599,dormant,none,False,,0.0,40.0,30,0.95,none,,0,0,0,0.0,0.0,0.0,0.0,0.0,0.0,0.0,0.0,0.0,True,True,True,non-critical dormant: review
500357600,dormant,none,False,,0.0,40.0,30,0.95,none,,0,0,0,0.0,0.0,0.0,0.0,0.0,0.0,0.0,0.0,0.0,True,True,True,non-critical dormant: review
500357601,dormant,none,False,,0.0,40.0,30,0.95,none,,0,0,0,0.0,0.0,0.0,0.0,0.0,0.0,0.0,0.0,0.0,True,True,True,non-critical dormant: review
500357602,dormant,none,False,,0.0,40.0,30,0.95,none,,0,0,0,0.0,0.0,0.0,0.0,0.0,0.0,0.0,0.0,0.0,True,True,True,non-critical dormant: review
500357603,dormant,none,False,,0.0,40.0,30,0.95,none,,0,0,0,0.0,0.0,0.0,0.0,0.0,0.0,0.0,0.0,0.0,True,True,True,non-critical dormant: review
500357604,dormant,none,False,,0.0,40.0,30,0.95,none,,0,0,0,0.0,0.0,0.0,0.0,0.0,0.0,0.0,0.0,0.0,True,True,True,non-critical dormant: review
500357605,dying,dying,False,L,0.0027397260273972603,27.0,30,0.9,nbinom,5.0,0,0,1,0.0,0.0,1.0,0.0,0.0,1.0,0.0,0.0,0.0,True,True,True,"dying: demand ceased, review"
500357606,dormant,none,False,,0.0,40.0,30,0.95,none,,0,0,0,0.0,0.0,0.0,0.0,0.0,0.0,0.0,0.0,0.0,True,True,True,non-critical dormant: review
500357717,dormant,none,False,L,0.0,13.0,30,0.9,none,,0,0,0,0.0,0.0,0.0,0.0,0.0,0.0,0.0,0.0,0.0,True,True,True,non-critical dormant: review
500357718,dormant,none,False,,0.0,10.0,30,0.95,none,,0,0,0,0.0,0.0,0.0,0.0,0.0,0.0,0.0,0.0,0.0,True,True,True,non-critical dormant: review
500357823,dormant,none,False,,0.0,10.0,30,0.95,none,,0,0,0,0.0,0.0,1.0,0.0,0.0,1.0,0.0,0.0,-1.0,True,True,True,non-critical dormant: review
500357877,dormant,none,False,D,0.0,19.0,30,0.9,none,,0,0,0,0.0,0.0,1.0,0.0,0.0,1.0,0.0,0.0,-1.0,True,True,True,non-critical dormant: review
500358169,dormant,none,False,D,0.0,10.0,30,0.9,none,,0,0,0,0.0,0.0,0.0,0.0,0.0,0.0,0.0,0.0,0.0,True,True,True,non-critical dormant: review
500358170,dormant,none,False,,0.0,20.0,30,0.95,none,,0,0,0,0.0,0.0,0.0,0.0,0.0,0.0,0.0,0.0,0.0,True,True,True,non-critical dormant: review
500358171,dormant,none,False,D,0.0,48.0,30,0.9,none,,0,0,0,0.0,0.0,0.0,0.0,0.0,0.0,0.0,0.0,0.0,True,True,True,non-critical dormant: review
500358172,dormant,none,False,,0.0,25.0,30,0.95,none,,0,0,0,0.0,0.0,0.0,0.0,0.0,0.0,0.0,0.0,0.0,True,True,True,non-critical dormant: review
500358173,dormant,none,False,D,0.0,12.0,30,0.9,none,,0,0,0,0.0,0.0,0.0,0.0,0.0,0.0,0.0,0.0,0.0,True,True,True,non-critical dormant: review
500359481,dormant,none,False,,0.0,13.0,30,0.95,none,,0,0,0,0.0,0.0,0.0,0.0,0.0,0.0,0.0,0.0,0.0,True,True,True,non-critical dormant: review
500359482,dormant,none,False,,0.0,13.0,30,0.95,none,,0,0,0,0.0,0.0,0.0,0.0,0.0,0.0,0.0,0.0,0.0,True,True,True,non-critical dormant: review
500359483,dormant,none,False,,0.0,13.0,30,0.95,none,,0,0,0,0.0,0.0,0.0,0.0,0.0,0.0,0.0,0.0,0.0,True,True,True,non-critical dormant: review
500359484,dormant,none,False,D,0.0,13.0,30,0.9,none,,0,0,0,0.0,0.0,1.0,0.0,0.0,1.0,0.0,0.0,-1.0,True,True,True,non-critical dormant: review
500359485,dormant,none,False,,0.0,13.0,30,0.95,none,,0,0,0,0.0,0.0,0.0,0.0,0.0,0.0,0.0,0.0,0.0,True,True,True,non-critical dormant: review
500359486,dying,dying,False,L,0.0136986301369863,13.0,30,0.9,nbinom,5.0,0,0,2,0.0,0.0,1.0,0.0,0.0,1.0,0.0,0.0,1.0,True,True,True,"dying: demand ceased, review"
500359487,dormant,none,False,,0.0,13.0,30,0.95,none,,0,0,0,0.0,0.0,1.0,0.0,0.0,1.0,0.0,0.0,-1.0,True,True,True,non-critical dormant: review
500359488,dormant,none,False,,0.0,13.0,30,0.95,none,,0,0,0,0.0,0.0,0.0,0.0,0.0,0.0,0.0,0.0,0.0,True,True,True,non-critical dormant: review
500359489,dying,dying,False,L,0.0,30.0,30,0.9,nbinom,5.0,0,0,1,0.0,0.0,0.0,0.0,0.0,1.0,0.0,0.0,0.0,True,True,True,"dying: demand ceased, review"
500359490,active,constant,True,M,0.01643835616438356,13.0,30,0.95,nbinom,1.578,1,1,3,1.0,2.0,3.0,1.0,2.0,3.0,0.0,-1.0,0.0,True,True,True,active
500359491,active,constant,True,M,0.010958904109589041,13.0,30,0.95,nbinom,2.153,1,1,2,0.0,1.0,2.0,0.0,1.0,2.0,1.0,0.0,0.0,True,True,True,active
500359492,dormant,none,False,,0.0,13.0,30,0.95,none,,0,0,0,0.0,0.0,1.0,0.0,0.0,1.0,0.0,0.0,-1.0,True,True,True,non-critical dormant: review
500359493,dormant,none,False,D,0.0,13.0,30,0.9,none,,0,0,0,0.0,0.0,1.0,0.0,0.0,1.0,0.0,0.0,-1.0,True,True,True,non-critical dormant: review
500359494,dormant,none,False,,0.0,30.0,30,0.95,none,,0,0,0,0.0,0.0,0.0,0.0,0.0,0.0,0.0,0.0,0.0,True,True,True,non-critical dormant: review
500359495,dormant,none,False,,0.0,30.0,30,0.95,none,,0,0,0,0.0,0.0,0.0,0.0,0.0,0.0,0.0,0.0,0.0,True,True,True,non-critical dormant: review
500359496,dormant,none,False,,0.0,13.0,30,0.95,none,,0,0,0,0.0,0.0,1.0,0.0,0.0,1.0,0.0,0.0,-1.0,True,True,True,non-critical dormant: review
500359497,dormant,none,False,,0.0,10.0,30,0.95,none,,0,0,0,0.0,0.0,0.0,0.0,0.0,0.0,0.0,0.0,0.0,True,True,True,non-critical dormant: review
500359498,dormant,none,False,,0.0,13.0,30,0.95,none,,0,0,0,0.0,0.0,1.0,0.0,0.0,1.0,0.0,0.0,-1.0,True,True,True,non-critical dormant: review
500359499,dormant,none,False,,0.0,60.0,30,0.95,none,,0,0,0,0.0,0.0,0.0,0.0,0.0,0.0,0.0,0.0,0.0,True,True,True,non-critical dormant: review
500359500,active,constant,True,D,0.0027397260273972603,13.0,30,0.9,nbinom,5.0,0,0,1,0.0,0.0,1.0,0.0,0.0,1.0,0.0,0.0,0.0,True,True,True,active
500359520,dormant,none,False,,0.0,25.0,30,0.95,none,,0,0,0,0.0,0.0,0.0,0.0,0.0,0.0,0.0,0.0,0.0,True,True,True,non-critical dormant: review
500359522,dormant,none,False,,0.0,25.0,30,0.95,none,,0,0,0,0.0,0.0,0.0,0.0,0.0,0.0,0.0,0.0,0.0,True,True,True,non-critical dormant: review
500359523,dormant,none,False,,0.0,25.0,30,0.95,none,,0,0,0,0.0,0.0,0.0,0.0,0.0,0.0,0.0,0.0,0.0,True,True,True,non-critical dormant: review
500359524,dormant,none,False,D,0.0,90.0,30,0.9,none,,0,0,0,0.0,0.0,0.0,0.0,0.0,0.0,0.0,0.0,0.0,True,True,True,non-critical dormant: review
500359525,dormant,none,False,D,0.0,25.0,30,0.9,none,,0,0,0,0.0,0.0,0.0,0.0,0.0,0.0,0.0,0.0,0.0,True,True,True,non-critical dormant: review
500359530,dormant,none,False,,0.0,25.0,30,0.95,none,,0,0,0,0.0,0.0,0.0,0.0,0.0,0.0,0.0,0.0,0.0,True,True,True,non-critical dormant: review
500359531,dormant,none,False,,0.0,55.0,30,0.95,none,,0,0,0,0.0,0.0,0.0,0.0,0.0,0.0,0.0,0.0,0.0,True,True,True,non-critical dormant: review
500359854,dormant,none,False,,0.0,10.0,30,0.95,none,,0,0,0,0.0,0.0,0.0,0.0,0.0,0.0,0.0,0.0,0.0,True,True,True,non-critical dormant: review
500359918,dormant,none,False,,0.0,15.0,30,0.95,none,,0,0,0,0.0,0.0,0.0,0.0,0.0,0.0,0.0,0.0,0.0,True,True,True,non-critical dormant: review
500362351,dormant,none,False,,0.0,61.0,30,0.95,none,,0,0,0,0.0,0.0,0.0,0.0,0.0,0.0,0.0,0.0,0.0,True,True,True,non-critical dormant: review
500362830,dormant,none,False,,0.0,36.0,30,0.95,none,,0,0,0,0.0,0.0,0.0,0.0,0.0,0.0,0.0,0.0,0.0,True,True,True,non-critical dormant: review
500362833,dormant,none,False,,0.0,36.0,30,0.95,none,,0,0,0,0.0,0.0,0.0,0.0,0.0,0.0,0.0,0.0,0.0,True,True,True,non-critical dormant: review
500362836,dormant,none,False,,0.0,36.0,30,0.95,none,,0,0,0,0.0,0.0,0.0,0.0,0.0,0.0,0.0,0.0,0.0,True,True,True,non-critical dormant: review
500362931,dying,dying,False,L,0.0,65.0,30,0.9,nbinom,5.0,0,0,1,0.0,0.0,1.0,0.0,0.0,1.0,0.0,0.0,0.0,True,True,True,"dying: demand ceased, review"
500364188,dormant,none,False,D,0.0,13.0,30,0.9,none,,0,0,0,0.0,0.0,0.0,0.0,0.0,0.0,0.0,0.0,0.0,True,True,True,non-critical dormant: review
500364368,dormant,none,False,D,0.0,70.0,30,0.9,none,,0,0,0,0.0,0.0,0.0,0.0,0.0,0.0,0.0,0.0,0.0,True,True,True,non-critical dormant: review
500364369,dormant,none,False,D,0.0,55.0,30,0.9,none,,0,0,0,0.0,0.0,0.0,0.0,0.0,0.0,0.0,0.0,0.0,True,True,True,non-critical dormant: review
500365940,dormant,none,False,,0.0,20.0,30,0.95,none,,0,0,0,0.0,0.0,0.0,0.0,0.0,0.0,0.0,0.0,0.0,True,True,True,non-critical dormant: review
500367100,dormant,none,False,D,0.0,15.0,30,0.9,none,,0,0,0,0.0,0.0,0.0,0.0,0.0,0.0,0.0,0.0,0.0,True,True,True,non-critical dormant: review
500367101,dormant,none,False,,0.0,15.0,30,0.95,none,,0,0,0,0.0,0.0,0.0,0.0,0.0,0.0,0.0,0.0,0.0,True,True,True,non-critical dormant: review
500367103,dormant,none,False,,0.0,15.0,30,0.95,none,,0,0,0,0.0,0.0,0.0,0.0,0.0,0.0,0.0,0.0,0.0,True,True,True,non-critical dormant: review
500367105,dormant,none,False,D,0.0,88.0,30,0.9,none,,0,0,0,0.0,0.0,0.0,0.0,0.0,0.0,0.0,0.0,0.0,True,True,True,non-critical dormant: review
500367106,dormant,none,False,,0.0,10.0,30,0.95,none,,0,0,0,0.0,0.0,0.0,0.0,0.0,0.0,0.0,0.0,0.0,True,True,True,non-critical dormant: review
500367107,dormant,none,False,,0.0,10.0,30,0.95,none,,0,0,0,0.0,0.0,0.0,0.0,0.0,0.0,0.0,0.0,0.0,True,True,True,non-critical dormant: review
500367108,dormant,none,False,,0.0,10.0,30,0.95,none,,0,0,0,0.0,0.0,0.0,0.0,0.0,0.0,0.0,0.0,0.0,True,True,True,non-critical dormant: review
500367109,dormant,none,False,,0.0,25.0,30,0.95,none,,0,0,0,0.0,0.0,0.0,0.0,0.0,0.0,0.0,0.0,0.0,True,True,True,non-critical dormant: review
500367110,dormant,none,False,,0.0,15.0,30,0.95,none,,0,0,0,0.0,0.0,0.0,0.0,0.0,0.0,0.0,0.0,0.0,True,True,True,non-critical dormant: review
500367111,dormant,none,False,,0.0,15.0,30,0.95,none,,0,0,0,0.0,0.0,0.0,0.0,0.0,0.0,0.0,0.0,0.0,True,True,True,non-critical dormant: review
500367112,dormant,none,False,,0.0,25.0,30,0.95,none,,0,0,0,0.0,0.0,0.0,0.0,0.0,0.0,0.0,0.0,0.0,True,True,True,non-critical dormant: review
500367113,dormant,none,False,,0.0,15.0,30,0.95,none,,0,0,0,0.0,0.0,0.0,0.0,0.0,0.0,0.0,0.0,0.0,True,True,True,non-critical dormant: review
500367114,dormant,none,False,,0.0,15.0,30,0.95,none,,0,0,0,0.0,0.0,0.0,0.0,0.0,0.0,0.0,0.0,0.0,True,True,True,non-critical dormant: review
500367115,dormant,none,False,,0.0,15.0,30,0.95,none,,0,0,0,0.0,0.0,0.0,0.0,0.0,0.0,0.0,0.0,0.0,True,True,True,non-critical dormant: review
500367117,dormant,none,False,,0.0,15.0,30,0.95,none,,0,0,0,0.0,0.0,0.0,0.0,0.0,0.0,0.0,0.0,0.0,True,True,True,non-critical dormant: review
500367119,dormant,none,False,,0.0,15.0,30,0.95,none,,0,0,0,0.0,0.0,0.0,0.0,0.0,0.0,0.0,0.0,0.0,True,True,True,non-critical dormant: review
500367120,dormant,none,False,,0.0,15.0,30,0.95,none,,0,0,0,0.0,0.0,0.0,0.0,0.0,0.0,0.0,0.0,0.0,True,True,True,non-critical dormant: review
500367121,dormant,none,False,,0.0,15.0,30,0.95,none,,0,0,0,0.0,0.0,0.0,0.0,0.0,0.0,0.0,0.0,0.0,True,True,True,non-critical dormant: review
500367123,dormant,none,False,,0.0,15.0,30,0.95,none,,0,0,0,0.0,0.0,0.0,0.0,0.0,0.0,0.0,0.0,0.0,True,True,True,non-critical dormant: review
500367125,dormant,none,False,,0.0,10.0,30,0.95,none,,0,0,0,0.0,0.0,0.0,0.0,0.0,0.0,0.0,0.0,0.0,True,True,True,non-critical dormant: review
500367126,dormant,none,False,D,0.0,10.0,30,0.9,none,,0,0,0,0.0,0.0,0.0,0.0,0.0,0.0,0.0,0.0,0.0,True,True,True,non-critical dormant: review
500367523,dormant,none,False,,0.0,25.0,30,0.95,none,,0,0,0,0.0,0.0,0.0,0.0,0.0,0.0,0.0,0.0,0.0,True,True,True,non-critical dormant: review
500368188,dormant,none,False,,0.0,25.0,30,0.95,none,,0,0,0,0.0,0.0,0.0,0.0,0.0,0.0,0.0,0.0,0.0,True,True,True,non-critical dormant: review
500368421,dormant,none,False,,0.0,25.0,30,0.95,none,,0,0,0,0.0,0.0,0.0,0.0,0.0,0.0,0.0,0.0,0.0,True,True,True,non-critical dormant: review
500368422,dormant,none,False,,0.0,73.0,30,0.95,none,,0,0,0,0.0,0.0,0.0,0.0,0.0,0.0,0.0,0.0,0.0,True,True,True,non-critical dormant: review
500368423,dormant,none,False,,0.0,25.0,30,0.95,none,,0,0,0,0.0,0.0,0.0,0.0,0.0,0.0,0.0,0.0,0.0,True,True,True,non-critical dormant: review
500368424,dormant,none,False,,0.0,25.0,30,0.95,none,,0,0,0,0.0,0.0,0.0,0.0,0.0,0.0,0.0,0.0,0.0,True,True,True,non-critical dormant: review
500368453,dormant,none,False,D,0.0,17.0,30,0.9,none,,0,0,0,0.0,0.0,1.0,0.0,0.0,1.0,0.0,0.0,-1.0,True,True,True,non-critical dormant: review
500369972,dying,dying,False,M,0.043835616438356165,13.0,30,0.95,nbinom,3.0,3,3,10,0.0,2.0,4.0,0.0,1.0,2.0,3.0,2.0,8.0,False,False,False,"dying: demand ceased, review"
500370864,dormant,none,False,,0.0,15.0,30,0.95,none,,0,0,0,0.0,0.0,0.0,0.0,0.0,0.0,0.0,0.0,0.0,True,True,True,non-critical dormant: review
500370886,dormant,none,False,,0.0,25.0,30,0.95,none,,0,0,0,0.0,0.0,0.0,0.0,0.0,0.0,0.0,0.0,0.0,True,True,True,non-critical dormant: review
500370887,dormant,none,False,,0.0,55.0,30,0.95,none,,0,0,0,0.0,0.0,0.0,0.0,0.0,0.0,0.0,0.0,0.0,True,True,True,non-critical dormant: review
500370888,dormant,none,False,,0.0,25.0,30,0.95,none,,0,0,0,0.0,0.0,0.0,0.0,0.0,0.0,0.0,0.0,0.0,True,True,True,non-critical dormant: review
500370946,dying,dying,False,L,0.005479452054794521,185.0,30,0.9,nbinom,3.0,2,3,4,0.0,0.0,1.0,0.0,0.0,1.0,2.0,3.0,3.0,False,False,False,"dying: demand ceased, review"
500370948,dormant,none,False,,0.0,25.0,30,0.95,none,,0,0,0,0.0,0.0,0.0,0.0,0.0,0.0,0.0,0.0,0.0,True,True,True,non-critical dormant: review
500371222,dormant,none,False,,0.0,90.0,30,0.95,none,,0,0,0,0.0,0.0,0.0,0.0,0.0,0.0,0.0,0.0,0.0,True,True,True,non-critical dormant: review
500371911,dormant,none,False,,0.0,25.0,30,0.95,none,,0,0,0,0.0,0.0,0.0,0.0,0.0,0.0,0.0,0.0,0.0,True,True,True,non-critical dormant: review
500372127,dormant,none,False,,0.0,25.0,30,0.95,none,,0,0,0,0.0,0.0,0.0,0.0,0.0,0.0,0.0,0.0,0.0,True,True,True,non-critical dormant: review
500372273,dormant,none,False,,0.0,35.0,30,0.95,none,,0,0,0,0.0,0.0,0.0,0.0,0.0,0.0,0.0,0.0,0.0,True,True,True,non-critical dormant: review
500372274,dormant,none,False,,0.0,35.0,30,0.95,none,,0,0,0,0.0,0.0,0.0,0.0,0.0,0.0,0.0,0.0,0.0,True,True,True,non-critical dormant: review
500372275,dormant,none,False,,0.0,35.0,30,0.95,none,,0,0,0,0.0,0.0,0.0,0.0,0.0,0.0,0.0,0.0,0.0,True,True,True,non-critical dormant: review
500372325,dying,dying,False,M,0.0,17.0,30,0.95,nbinom,3.115,0,0,1,0.0,1.0,2.0,0.0,1.0,2.0,0.0,-1.0,-1.0,True,True,True,"dying: demand ceased, review"
500372793,dormant,none,False,,0.0,25.0,30,0.95,none,,0,0,0,0.0,0.0,0.0,0.0,0.0,0.0,0.0,0.0,0.0,True,True,True,non-critical dormant: review
500372794,dormant,none,False,,0.0,25.0,30,0.95,none,,0,0,0,0.0,0.0,0.0,0.0,0.0,0.0,0.0,0.0,0.0,True,True,True,non-critical dormant: review
500372795,dormant,none,False,,0.0,25.0,30,0.95,none,,0,0,0,0.0,0.0,0.0,0.0,0.0,0.0,0.0,0.0,0.0,True,True,True,non-critical dormant: review
500372796,dormant,none,False,,0.0,25.0,30,0.95,none,,0,0,0,0.0,0.0,0.0,0.0,0.0,0.0,0.0,0.0,0.0,True,True,True,non-critical dormant: review
500373276,dormant,none,False,,0.0,10.0,30,0.95,none,,0,0,0,0.0,0.0,0.0,0.0,0.0,0.0,0.0,0.0,0.0,True,True,True,non-critical dormant: review
500373364,dormant,none,False,,0.0,35.0,30,0.95,none,,0,0,0,0.0,0.0,0.0,0.0,0.0,0.0,0.0,0.0,0.0,True,True,True,non-critical dormant: review
500373365,dormant,none,False,,0.0,30.0,30,0.95,none,,0,0,0,0.0,0.0,1.0,0.0,0.0,1.0,0.0,0.0,-1.0,True,True,True,non-critical dormant: review
500373366,dormant,none,False,,0.0,13.0,30,0.95,none,,0,0,0,0.0,0.0,1.0,0.0,0.0,1.0,0.0,0.0,-1.0,True,True,True,non-critical dormant: review
500373367,dormant,none,False,,0.0,30.0,30,0.95,none,,0,0,0,0.0,0.0,1.0,0.0,0.0,1.0,0.0,0.0,-1.0,True,True,True,non-critical dormant: review
500373368,dormant,none,False,,0.0,19.0,30,0.95,none,,0,0,0,0.0,0.0,1.0,0.0,0.0,1.0,0.0,0.0,-1.0,True,True,True,non-critical dormant: review
500373369,dormant,none,False,,0.0,12.0,30,0.95,none,,0,0,0,0.0,0.0,1.0,0.0,0.0,1.0,0.0,0.0,-1.0,True,True,True,non-critical dormant: review
500373371,dormant,none,False,,0.0,30.0,30,0.95,none,,0,0,0,0.0,0.0,0.0,0.0,0.0,0.0,0.0,0.0,0.0,True,True,True,non-critical dormant: review
500373513,dormant,none,False,,0.0,10.0,30,0.95,none,,0,0,0,0.0,0.0,0.0,0.0,0.0,0.0,0.0,0.0,0.0,True,True,True,non-critical dormant: review
500373836,dormant,none,False,D,0.0,20.0,30,0.9,none,,0,0,0,0.0,0.0,1.0,0.0,0.0,1.0,0.0,0.0,-1.0,True,True,True,non-critical dormant: review
500374416,dormant,none,False,,0.0,25.0,30,0.95,none,,0,0,0,0.0,0.0,0.0,0.0,0.0,0.0,0.0,0.0,0.0,True,True,True,non-critical dormant: review
500374417,dormant,none,False,,0.0,70.0,30,0.95,none,,0,0,0,0.0,0.0,0.0,0.0,0.0,0.0,0.0,0.0,0.0,True,True,True,non-critical dormant: review
500374652,dormant,none,False,,0.0,40.0,30,0.95,none,,0,0,0,0.0,0.0,0.0,0.0,0.0,0.0,0.0,0.0,0.0,True,True,True,non-critical dormant: review
500374835,dormant,none,False,,0.0,55.0,30,0.95,none,,0,0,0,0.0,0.0,0.0,0.0,0.0,0.0,0.0,0.0,0.0,True,True,True,non-critical dormant: review
500374836,dormant,none,False,D,0.0,25.0,30,0.9,none,,0,0,0,0.0,0.0,0.0,0.0,0.0,0.0,0.0,0.0,0.0,True,True,True,non-critical dormant: review
500374837,dormant,none,False,,0.0,70.0,30,0.95,none,,0,0,0,0.0,0.0,0.0,0.0,0.0,0.0,0.0,0.0,0.0,True,True,True,non-critical dormant: review
500374889,dormant,none,False,,0.0,10.0,30,0.95,none,,0,0,0,0.0,0.0,0.0,0.0,0.0,0.0,0.0,0.0,0.0,True,True,True,non-critical dormant: review
500374893,dormant,none,False,,0.0,10.0,30,0.95,none,,0,0,0,0.0,0.0,0.0,0.0,0.0,0.0,0.0,0.0,0.0,True,True,True,non-critical dormant: review
500374961,dormant,none,False,D,0.0,13.0,30,0.9,none,,0,0,0,0.0,0.0,1.0,0.0,0.0,1.0,0.0,0.0,-1.0,True,True,True,non-critical dormant: review
500374962,dormant,none,False,D,0.0,10.0,30,0.9,none,,0,0,0,0.0,0.0,1.0,0.0,0.0,1.0,0.0,0.0,-1.0,True,True,True,non-critical dormant: review
500374987,dormant,none,False,,0.0,35.0,30,0.95,none,,0,0,0,0.0,0.0,0.0,0.0,0.0,0.0,0.0,0.0,0.0,True,True,True,non-critical dormant: review
500375090,active,constant,True,H,1.158904109589041,25.0,30,0.99,poisson,1.0,14,42,83,26.0,49.0,80.0,27.0,55.0,83.0,-13.0,-13.0,0.0,False,False,True,active
500375230,dormant,none,False,D,0.0,45.0,30,0.9,none,,0,0,0,0.0,0.0,0.0,0.0,0.0,0.0,0.0,0.0,0.0,True,True,True,non-critical dormant: review
500375275,dying,dying,False,L,0.0027397260273972603,65.0,30,0.9,nbinom,5.0,0,0,1,0.0,0.0,0.0,0.0,0.0,0.0,0.0,0.0,1.0,True,True,True,"dying: demand ceased, review"
500375337,dormant,none,False,D,0.0,65.0,30,0.9,none,,0,0,0,0.0,0.0,1.0,0.0,0.0,1.0,0.0,0.0,-1.0,True,True,True,non-critical dormant: review
500375359,active,constant,True,L,0.005479452054794521,65.0,30,0.9,nbinom,5.0,1,1,2,0.0,0.0,0.0,0.0,4.0,5.0,1.0,-3.0,-3.0,True,False,False,active
500375697,dying,dying,False,L,0.0027397260273972603,20.0,30,0.9,nbinom,5.0,0,0,1,0.0,0.0,0.0,0.0,0.0,0.0,0.0,0.0,1.0,True,True,True,"dying: demand ceased, review"
500376460,dormant,none,False,D,0.0,75.0,30,0.9,none,,0,0,0,0.0,0.0,0.0,0.0,0.0,0.0,0.0,0.0,0.0,True,True,True,non-critical dormant: review
500376659,dormant,none,False,D,0.0,28.0,30,0.9,none,,0,0,0,0.0,0.0,0.0,0.0,0.0,0.0,0.0,0.0,0.0,True,True,True,non-critical dormant: review
500376660,dormant,none,False,D,0.0,31.0,30,0.9,none,,0,0,0,0.0,0.0,0.0,0.0,0.0,0.0,0.0,0.0,0.0,True,True,True,non-critical dormant: review
500377639,dying,dying,False,L,0.0,30.0,30,0.9,nbinom,5.0,0,0,1,0.0,0.0,1.0,0.0,0.0,1.0,0.0,0.0,0.0,True,True,True,"dying: demand ceased, review"
500378016,active,constant,True,M,0.00821917808219178,13.0,30,0.95,nbinom,1.587,1,1,2,0.0,1.0,2.0,0.0,1.0,2.0,1.0,0.0,0.0,True,True,True,active
500378153,dormant,none,False,,0.0,25.0,30,0.95,none,,0,0,0,0.0,0.0,0.0,0.0,0.0,0.0,0.0,0.0,0.0,True,True,True,non-critical dormant: review
500378204,dormant,none,False,D,0.0,38.0,30,0.9,none,,0,0,0,0.0,0.0,0.0,0.0,0.0,0.0,0.0,0.0,0.0,True,True,True,non-critical dormant: review
500378256,active,constant,True,L,0.0027397260273972603,45.0,30,0.9,nbinom,3.135,0,0,1,0.0,0.0,0.0,0.0,1.0,2.0,0.0,-1.0,-1.0,True,True,True,active
500378539,dormant,none,False,D,0.0,31.0,30,0.9,none,,0,0,0,0.0,0.0,0.0,0.0,0.0,0.0,0.0,0.0,0.0,True,True,True,non-critical dormant: review
500378540,dormant,none,False,D,0.0,35.0,30,0.9,none,,0,0,0,0.0,0.0,0.0,0.0,1.0,2.0,0.0,-1.0,-2.0,True,True,False,non-critical dormant: review
500378541,dormant,none,False,,0.0,59.0,30,0.95,none,,0,0,0,0.0,0.0,0.0,0.0,0.0,0.0,0.0,0.0,0.0,True,True,True,non-critical dormant: review
500379499,dormant,none,False,,0.0,50.0,30,0.95,none,,0,0,0,0.0,0.0,0.0,0.0,0.0,0.0,0.0,0.0,0.0,True,True,True,non-critical dormant: review
500379500,dormant,none,False,,0.0,25.0,30,0.95,none,,0,0,0,0.0,0.0,0.0,0.0,0.0,0.0,0.0,0.0,0.0,True,True,True,non-critical dormant: review
500379501,dormant,none,False,,0.0,25.0,30,0.95,none,,0,0,0,0.0,0.0,0.0,0.0,0.0,0.0,0.0,0.0,0.0,True,True,True,non-critical dormant: review
500379502,dormant,none,False,D,0.0,25.0,30,0.9,none,,0,0,0,0.0,0.0,1.0,0.0,0.0,1.0,0.0,0.0,-1.0,True,True,True,non-critical dormant: review
500380828,dying,dying,False,L,0.0027397260273972603,30.0,30,0.9,nbinom,5.0,0,0,1,0.0,0.0,1.0,0.0,0.0,1.0,0.0,0.0,0.0,True,True,True,"dying: demand ceased, review"
500381179,dormant,none,False,,0.0,15.0,30,0.95,none,,0,0,0,0.0,0.0,0.0,0.0,0.0,0.0,0.0,0.0,0.0,True,True,True,non-critical dormant: review
500381180,dormant,none,False,D,0.0,75.0,30,0.9,none,,0,0,0,0.0,0.0,0.0,0.0,0.0,0.0,0.0,0.0,0.0,True,True,True,non-critical dormant: review
500383999,dormant,none,False,,0.0,30.0,30,0.95,none,,0,0,0,0.0,0.0,0.0,0.0,0.0,0.0,0.0,0.0,0.0,True,True,True,non-critical dormant: review
500384000,dormant,none,False,,0.0,30.0,30,0.95,none,,0,0,0,0.0,0.0,0.0,0.0,0.0,0.0,0.0,0.0,0.0,True,True,True,non-critical dormant: review
500384202,dormant,none,False,D,0.0,13.0,30,0.9,none,,0,0,0,0.0,0.0,1.0,0.0,0.0,1.0,0.0,0.0,-1.0,True,True,True,non-critical dormant: review
500384259,dormant,none,False,D,0.0,20.0,30,0.9,none,,0,0,0,0.0,0.0,0.0,0.0,0.0,1.0,0.0,0.0,-1.0,True,True,True,non-critical dormant: review
500385088,active,constant,True,H,0.04657534246575343,13.0,30,0.99,poisson,1.0,3,3,6,1.0,3.0,5.0,1.0,3.0,5.0,2.0,0.0,1.0,False,True,True,active
500385089,active,constant,True,H,0.0684931506849315,13.0,30,0.99,nbinom,1.536,5,5,9,2.0,5.0,8.0,1.0,4.0,5.0,4.0,1.0,4.0,False,True,False,active
500385090,active,constant,True,L,0.0027397260273972603,13.0,30,0.9,nbinom,3.135,0,0,1,0.0,0.0,0.0,0.0,3.0,4.0,0.0,-3.0,-3.0,True,False,False,active
500385091,dormant,none,False,D,0.0,13.0,30,0.9,none,,0,0,0,0.0,0.0,1.0,0.0,0.0,1.0,0.0,0.0,-1.0,True,True,True,non-critical dormant: review
500385175,dying,dying,False,L,0.0027397260273972603,15.0,30,0.9,nbinom,5.0,0,0,1,0.0,0.0,1.0,0.0,0.0,1.0,0.0,0.0,0.0,True,True,True,"dying: demand ceased, review"
500385611,dormant,none,False,,0.0,10.0,30,0.95,none,,0,0,0,0.0,0.0,0.0,0.0,0.0,0.0,0.0,0.0,0.0,True,True,True,non-critical dormant: review
500385613,dormant,none,False,D,0.0,10.0,30,0.9,none,,0,0,0,0.0,0.0,0.0,0.0,0.0,0.0,0.0,0.0,0.0,True,True,True,non-critical dormant: review
500386215,dying,dying,False,L,0.0027397260273972603,45.0,30,0.9,nbinom,5.0,0,0,1,0.0,0.0,1.0,0.0,0.0,1.0,0.0,0.0,0.0,True,True,True,"dying: demand ceased, review"
500387145,dormant,none,False,D,0.0,18.0,30,0.9,none,,0,0,0,0.0,0.0,1.0,0.0,0.0,1.0,0.0,0.0,-1.0,True,True,True,non-critical dormant: review
500387153,dormant,none,False,,0.0,13.0,30,0.95,none,,0,0,0,0.0,0.0,0.0,0.0,0.0,0.0,0.0,0.0,0.0,True,True,True,non-critical dormant: review
500387606,dormant,none,False,,0.0,15.0,30,0.95,none,,0,0,0,0.0,0.0,0.0,0.0,0.0,0.0,0.0,0.0,0.0,True,True,True,non-critical dormant: review
500387608,dormant,none,False,,0.0,35.0,30,0.95,none,,0,0,0,0.0,0.0,0.0,0.0,0.0,0.0,0.0,0.0,0.0,True,True,True,non-critical dormant: review
500387609,dormant,none,False,,0.0,35.0,30,0.95,none,,0,0,0,0.0,0.0,0.0,0.0,0.0,0.0,0.0,0.0,0.0,True,True,True,non-critical dormant: review
500387843,dormant,none,False,D,0.0,20.0,30,0.9,none,,0,0,0,0.0,0.0,0.0,0.0,0.0,0.0,0.0,0.0,0.0,True,True,True,non-critical dormant: review
500387923,dormant,none,False,,0.0,13.0,30,0.95,none,,0,0,0,0.0,0.0,1.0,0.0,0.0,1.0,0.0,0.0,-1.0,True,True,True,non-critical dormant: review
500387940,dormant,none,False,,0.0,10.0,30,0.95,none,,0,0,0,0.0,0.0,0.0,0.0,0.0,0.0,0.0,0.0,0.0,True,True,True,non-critical dormant: review
500387948,dormant,none,False,,0.0,19.0,30,0.95,none,,0,0,0,0.0,0.0,0.0,0.0,0.0,0.0,0.0,0.0,0.0,True,True,True,non-critical dormant: review
500387949,dormant,none,False,,0.0,30.0,30,0.95,none,,0,0,0,0.0,0.0,1.0,0.0,0.0,1.0,0.0,0.0,-1.0,True,True,True,non-critical dormant: review
500387950,dormant,none,False,,0.0,12.0,30,0.95,none,,0,0,0,0.0,0.0,0.0,0.0,0.0,0.0,0.0,0.0,0.0,True,True,True,non-critical dormant: review
500387951,dormant,none,False,,0.0,12.0,30,0.95,none,,0,0,0,0.0,0.0,0.0,0.0,0.0,0.0,0.0,0.0,0.0,True,True,True,non-critical dormant: review
500387952,dormant,none,False,,0.0,75.0,30,0.95,none,,0,0,0,0.0,0.0,1.0,0.0,0.0,1.0,0.0,0.0,-1.0,True,True,True,non-critical dormant: review
500387953,dormant,none,False,,0.0,19.0,30,0.95,none,,0,0,0,0.0,0.0,1.0,0.0,0.0,1.0,0.0,0.0,-1.0,True,True,True,non-critical dormant: review
500387954,dormant,none,False,D,0.0,20.0,30,0.9,none,,0,0,0,0.0,0.0,1.0,0.0,0.0,1.0,0.0,0.0,-1.0,True,True,True,non-critical dormant: review
500387955,dormant,none,False,D,0.0,42.0,30,0.9,none,,0,0,0,0.0,0.0,1.0,0.0,0.0,1.0,0.0,0.0,-1.0,True,True,True,non-critical dormant: review
500387956,dormant,none,False,,0.0,26.0,30,0.95,none,,0,0,0,0.0,0.0,0.0,0.0,0.0,0.0,0.0,0.0,0.0,True,True,True,non-critical dormant: review
500387957,dormant,none,False,D,0.0,40.0,30,0.9,none,,0,0,0,0.0,0.0,1.0,0.0,0.0,1.0,0.0,0.0,-1.0,True,True,True,non-critical dormant: review
500387958,dormant,none,False,,0.0,12.0,30,0.95,none,,0,0,0,0.0,0.0,1.0,0.0,0.0,1.0,0.0,0.0,-1.0,True,True,True,non-critical dormant: review
500387959,dormant,none,False,,0.0,26.0,30,0.95,none,,0,0,0,0.0,0.0,0.0,0.0,0.0,0.0,0.0,0.0,0.0,True,True,True,non-critical dormant: review
500387960,dormant,none,False,D,0.0,20.0,30,0.9,none,,0,0,0,0.0,0.0,1.0,0.0,0.0,1.0,0.0,0.0,-1.0,True,True,True,non-critical dormant: review
500388553,dormant,none,False,,0.0,20.0,30,0.95,none,,0,0,0,0.0,0.0,0.0,0.0,0.0,0.0,0.0,0.0,0.0,True,True,True,non-critical dormant: review
500388554,dormant,none,False,,0.0,27.0,30,0.95,none,,0,0,0,0.0,0.0,0.0,0.0,0.0,0.0,0.0,0.0,0.0,True,True,True,non-critical dormant: review
500388555,dormant,none,False,,0.0,15.0,30,0.95,none,,0,0,0,0.0,0.0,0.0,0.0,0.0,0.0,0.0,0.0,0.0,True,True,True,non-critical dormant: review
500388556,dormant,none,False,,0.0,91.0,30,0.95,none,,0,0,0,0.0,0.0,0.0,0.0,0.0,0.0,0.0,0.0,0.0,True,True,True,non-critical dormant: review
500388557,dormant,none,False,,0.0,27.0,30,0.95,none,,0,0,0,0.0,0.0,0.0,0.0,0.0,0.0,0.0,0.0,0.0,True,True,True,non-critical dormant: review
500388559,dormant,none,False,D,0.0,19.0,30,0.9,none,,0,0,0,0.0,0.0,1.0,0.0,0.0,1.0,0.0,0.0,-1.0,True,True,True,non-critical dormant: review
500388562,dormant,none,False,,0.0,29.0,30,0.95,none,,0,0,0,0.0,0.0,1.0,0.0,0.0,1.0,0.0,0.0,-1.0,True,True,True,non-critical dormant: review
500388734,dormant,none,False,,0.0,35.0,30,0.95,none,,0,0,0,0.0,0.0,1.0,0.0,0.0,1.0,0.0,0.0,-1.0,True,True,True,non-critical dormant: review
500388735,dormant,none,False,,0.0,35.0,30,0.95,none,,0,0,0,0.0,0.0,1.0,0.0,0.0,1.0,0.0,0.0,-1.0,True,True,True,non-critical dormant: review
500388736,dormant,none,False,,0.0,48.0,30,0.95,none,,0,0,0,0.0,0.0,1.0,0.0,0.0,1.0,0.0,0.0,-1.0,True,True,True,non-critical dormant: review
500388737,dormant,none,False,,0.0,35.0,30,0.95,none,,0,0,0,0.0,0.0,0.0,0.0,0.0,0.0,0.0,0.0,0.0,True,True,True,non-critical dormant: review
500388738,dormant,none,False,,0.0,35.0,30,0.95,none,,0,0,0,0.0,0.0,1.0,0.0,0.0,1.0,0.0,0.0,-1.0,True,True,True,non-critical dormant: review
500388739,dormant,none,False,D,0.0,35.0,30,0.9,none,,0,0,0,0.0,0.0,1.0,0.0,0.0,1.0,0.0,0.0,-1.0,True,True,True,non-critical dormant: review
500389256,dormant,none,False,,0.0,35.0,30,0.95,none,,0,0,0,0.0,0.0,1.0,0.0,0.0,1.0,0.0,0.0,-1.0,True,True,True,non-critical dormant: review
500390101,active,constant,True,L,0.0027397260273972603,20.0,30,0.9,nbinom,5.0,0,0,1,0.0,0.0,1.0,0.0,0.0,1.0,0.0,0.0,0.0,True,True,True,active
500390598,dormant,none,False,L,0.0,54.0,30,0.9,none,,0,0,0,0.0,0.0,1.0,0.0,0.0,1.0,0.0,0.0,-1.0,True,True,True,non-critical dormant: review
500390599,dormant,none,False,L,0.0,50.0,30,0.9,none,,0,0,0,0.0,0.0,1.0,0.0,0.0,1.0,0.0,0.0,-1.0,True,True,True,non-critical dormant: review
500390600,dormant,none,False,,0.0,30.0,30,0.95,none,,0,0,0,0.0,0.0,1.0,0.0,0.0,1.0,0.0,0.0,-1.0,True,True,True,non-critical dormant: review
500390601,dormant,none,False,,0.0,30.0,30,0.95,none,,0,0,0,0.0,0.0,1.0,0.0,0.0,1.0,0.0,0.0,-1.0,True,True,True,non-critical dormant: review
500390602,dormant,none,False,D,0.0,50.0,30,0.9,none,,0,0,0,0.0,0.0,1.0,0.0,0.0,1.0,0.0,0.0,-1.0,True,True,True,non-critical dormant: review
500390603,dormant,none,False,,0.0,27.0,30,0.95,none,,0,0,0,0.0,0.0,1.0,0.0,0.0,1.0,0.0,0.0,-1.0,True,True,True,non-critical dormant: review
500390604,dormant,none,False,,0.0,12.0,30,0.95,none,,0,0,0,0.0,0.0,1.0,0.0,0.0,1.0,0.0,0.0,-1.0,True,True,True,non-critical dormant: review
500390810,dormant,none,False,,0.0,20.0,30,0.95,none,,0,0,0,0.0,0.0,0.0,0.0,0.0,0.0,0.0,0.0,0.0,True,True,True,non-critical dormant: review
500390892,dormant,none,False,,0.0,25.0,30,0.95,none,,0,0,0,0.0,0.0,0.0,0.0,0.0,0.0,0.0,0.0,0.0,True,True,True,non-critical dormant: review
500390893,dormant,none,False,,0.0,75.0,30,0.95,none,,0,0,0,0.0,0.0,0.0,0.0,0.0,0.0,0.0,0.0,0.0,True,True,True,non-critical dormant: review
500391825,dormant,none,False,D,0.0,70.0,30,0.9,none,,0,0,0,0.0,0.0,0.0,0.0,0.0,0.0,0.0,0.0,0.0,True,True,True,non-critical dormant: review
500391841,dying,dying,False,L,0.00821917808219178,25.0,30,0.9,nbinom,5.0,0,0,1,0.0,0.0,0.0,0.0,2.0,2.0,0.0,-2.0,-1.0,True,False,True,"dying: demand ceased, review"
500392465,dormant,none,False,,0.0,13.0,30,0.95,none,,0,0,0,0.0,0.0,1.0,0.0,0.0,1.0,0.0,0.0,-1.0,True,True,True,non-critical dormant: review
500392466,dying,dying,False,L,0.043835616438356165,13.0,30,0.9,nbinom,5.0,2,2,6,2.0,5.0,6.0,2.0,5.0,6.0,0.0,-3.0,0.0,True,False,True,"dying: demand ceased, review"
500392469,dormant,none,False,D,0.0,13.0,30,0.9,none,,0,0,0,0.0,0.0,1.0,0.0,0.0,1.0,0.0,0.0,-1.0,True,True,True,non-critical dormant: review
500392470,active,constant,True,H,0.14246575342465753,13.0,30,0.99,nbinom,1.624,6,7,15,6.0,9.0,12.0,1.0,2.0,3.0,5.0,5.0,12.0,False,False,False,active
500392485,active,constant,True,H,0.07945205479452055,13.0,30,0.99,nbinom,1.743,5,6,11,1.0,2.0,3.0,1.0,2.0,3.0,4.0,4.0,8.0,False,False,False,active
500393029,dying,dying,False,L,0.0,25.0,30,0.9,nbinom,5.0,0,0,1,4.0,5.0,6.0,0.0,0.0,1.0,0.0,0.0,0.0,True,True,True,"dying: demand ceased, review"
500393459,dormant,none,False,D,0.0,55.0,30,0.9,none,,0,0,0,0.0,0.0,0.0,0.0,0.0,0.0,0.0,0.0,0.0,True,True,True,non-critical dormant: review
500393549,dormant,none,False,,0.0,26.0,30,0.95,none,,0,0,0,0.0,0.0,0.0,0.0,0.0,0.0,0.0,0.0,0.0,True,True,True,non-critical dormant: review
500393731,dormant,none,False,,0.0,10.0,30,0.95,none,,0,0,0,0.0,0.0,1.0,0.0,0.0,1.0,0.0,0.0,-1.0,True,True,True,non-critical dormant: review
500393816,dormant,none,False,D,0.0,30.0,30,0.9,none,,0,0,0,0.0,0.0,0.0,0.0,0.0,0.0,0.0,0.0,0.0,True,True,True,non-critical dormant: review
500393817,dormant,none,False,D,0.0,20.0,30,0.9,none,,0,0,0,0.0,0.0,1.0,0.0,0.0,1.0,0.0,0.0,-1.0,True,True,True,non-critical dormant: review
500393818,active,constant,True,L,0.005479452054794521,20.0,30,0.9,nbinom,1.949,0,0,1,0.0,0.0,1.0,0.0,1.0,2.0,0.0,-1.0,-1.0,True,True,True,active
500394167,dormant,none,False,D,0.0,35.0,30,0.9,none,,0,0,0,0.0,0.0,1.0,0.0,0.0,1.0,0.0,0.0,-1.0,True,True,True,non-critical dormant: review
500394174,dormant,none,False,,0.0,27.0,30,0.95,none,,0,0,0,0.0,0.0,1.0,0.0,0.0,1.0,0.0,0.0,-1.0,True,True,True,non-critical dormant: review
500394175,active,constant,True,H,0.46301369863013697,18.0,30,0.99,poisson,1.0,8,16,34,1.0,28.0,37.0,1.0,28.0,37.0,7.0,-12.0,-3.0,False,False,True,active
500394366,dormant,none,False,D,0.0,55.0,30,0.9,none,,0,0,0,0.0,0.0,0.0,0.0,0.0,0.0,0.0,0.0,0.0,True,True,True,non-critical dormant: review
500394367,dormant,none,False,,0.0,15.0,30,0.95,none,,0,0,0,0.0,0.0,0.0,0.0,0.0,0.0,0.0,0.0,0.0,True,True,True,non-critical dormant: review
500394440,dormant,none,False,D,0.0,55.0,30,0.9,none,,0,0,0,0.0,0.0,1.0,0.0,0.0,1.0,0.0,0.0,-1.0,True,True,True,non-critical dormant: review
500394441,dormant,none,False,,0.0,35.0,30,0.95,none,,0,0,0,0.0,0.0,0.0,0.0,0.0,0.0,0.0,0.0,0.0,True,True,True,non-critical dormant: review
500394606,active,constant,True,M,0.01643835616438356,65.0,30,0.95,nbinom,1.717,3,4,5,0.0,0.0,0.0,0.0,2.0,2.0,3.0,2.0,3.0,False,False,False,active
500394653,dying,dying,False,L,0.0273972602739726,15.0,30,0.9,nbinom,3.0,1,1,8,0.0,0.0,1.0,0.0,0.0,1.0,1.0,1.0,7.0,True,True,False,"dying: demand ceased, review"
500394932,dying,dying,False,L,0.0,70.0,30,0.9,nbinom,5.0,0,0,1,0.0,0.0,1.0,0.0,0.0,1.0,0.0,0.0,0.0,True,True,True,"dying: demand ceased, review"
500394967,dormant,none,False,,0.0,25.0,30,0.95,none,,0,0,0,0.0,0.0,1.0,0.0,0.0,1.0,0.0,0.0,-1.0,True,True,True,non-critical dormant: review
500395003,active,constant,True,L,0.021917808219178082,13.0,30,0.9,nbinom,3.512,1,1,3,0.0,0.0,1.0,0.0,0.0,1.0,1.0,1.0,2.0,True,True,False,active
500395308,active,constant,True,L,0.005479452054794521,35.0,30,0.9,nbinom,3.785,0,0,1,0.0,0.0,1.0,0.0,0.0,1.0,0.0,0.0,0.0,True,True,True,active
500395338,dying,dying,False,M,0.0027397260273972603,35.0,30,0.95,nbinom,3.0,1,1,2,0.0,0.0,1.0,0.0,0.0,1.0,1.0,1.0,1.0,True,True,True,"dying: demand ceased, review"
500395339,active,constant,True,M,0.005479452054794521,35.0,30,0.95,nbinom,1.947,1,1,2,0.0,1.0,2.0,0.0,1.0,3.0,1.0,0.0,-1.0,True,True,True,active
500395340,dying,dying,False,M,0.00821917808219178,35.0,30,0.95,nbinom,3.0,2,2,3,0.0,2.0,3.0,0.0,2.0,4.0,2.0,0.0,-1.0,False,True,True,"dying: demand ceased, review"
500395567,dormant,none,False,,0.0,35.0,30,0.95,none,,0,0,0,0.0,0.0,1.0,0.0,0.0,1.0,0.0,0.0,-1.0,True,True,True,non-critical dormant: review
500395572,dormant,none,False,,0.0,42.0,30,0.95,none,,0,0,0,0.0,0.0,0.0,0.0,0.0,0.0,0.0,0.0,0.0,True,True,True,non-critical dormant: review
500395580,dormant,none,False,D,0.0,9.0,30,0.9,none,,0,0,0,0.0,0.0,0.0,0.0,0.0,0.0,0.0,0.0,0.0,True,True,True,non-critical dormant: review
500395650,dormant,none,False,D,0.0,30.0,30,0.9,none,,0,0,0,0.0,0.0,0.0,0.0,0.0,0.0,0.0,0.0,0.0,True,True,True,non-critical dormant: review
500395755,dormant,none,False,,0.0,28.0,30,0.95,none,,0,0,0,0.0,0.0,1.0,0.0,0.0,1.0,0.0,0.0,-1.0,True,True,True,non-critical dormant: review
500395840,dormant,none,False,,0.0,26.0,30,0.95,none,,0,0,0,0.0,0.0,0.0,0.0,0.0,0.0,0.0,0.0,0.0,True,True,True,non-critical dormant: review
500396010,active,constant,True,L,0.0136986301369863,85.0,30,0.9,nbinom,2.283,2,3,4,0.0,1.0,2.0,2.0,8.0,9.0,0.0,-5.0,-5.0,True,False,False,active
500396049,dormant,none,False,D,0.0,20.0,30,0.9,none,,0,0,0,0.0,0.0,1.0,0.0,0.0,1.0,0.0,0.0,-1.0,True,True,True,non-critical dormant: review
500396332,dormant,none,False,,0.0,55.0,30,0.95,none,,0,0,0,0.0,0.0,0.0,0.0,0.0,0.0,0.0,0.0,0.0,True,True,True,non-critical dormant: review
500396602,dormant,none,False,D,0.0,75.0,30,0.9,none,,0,0,0,0.0,0.0,0.0,0.0,0.0,0.0,0.0,0.0,0.0,True,True,True,non-critical dormant: review
500396607,dormant,none,False,,0.0,20.0,30,0.95,none,,0,0,0,0.0,0.0,0.0,0.0,0.0,0.0,0.0,0.0,0.0,True,True,True,non-critical dormant: review
500397191,dormant,none,False,D,0.0,13.0,30,0.9,none,,0,0,0,0.0,0.0,0.0,0.0,0.0,0.0,0.0,0.0,0.0,True,True,True,non-critical dormant: review
500397327,dormant,none,False,D,0.0,25.0,30,0.9,none,,0,0,0,0.0,0.0,1.0,0.0,0.0,1.0,0.0,0.0,-1.0,True,True,True,non-critical dormant: review
500397501,dormant,none,False,D,0.0,55.0,30,0.9,none,,0,0,0,0.0,0.0,0.0,0.0,0.0,0.0,0.0,0.0,0.0,True,True,True,non-critical dormant: review
500398179,dormant,none,False,D,0.0,30.0,30,0.9,none,,0,0,0,0.0,0.0,1.0,0.0,0.0,1.0,0.0,0.0,-1.0,True,True,True,non-critical dormant: review
500398570,dormant,none,False,D,0.0,65.0,30,0.9,none,,0,0,0,0.0,0.0,0.0,0.0,0.0,0.0,0.0,0.0,0.0,True,True,True,non-critical dormant: review
500399041,dormant,none,False,,0.0,20.0,30,0.95,none,,0,0,0,0.0,0.0,0.0,0.0,0.0,0.0,0.0,0.0,0.0,True,True,True,non-critical dormant: review
500399043,dormant,none,False,,0.0,10.0,30,0.95,none,,0,0,0,0.0,0.0,0.0,0.0,0.0,0.0,0.0,0.0,0.0,True,True,True,non-critical dormant: review
500399044,dormant,none,False,D,0.0,59.0,30,0.9,none,,0,0,0,0.0,0.0,0.0,0.0,0.0,0.0,0.0,0.0,0.0,True,True,True,non-critical dormant: review
500399152,dying,dying,False,L,0.0027397260273972603,10.0,30,0.9,nbinom,5.0,0,0,1,0.0,0.0,1.0,0.0,0.0,1.0,0.0,0.0,0.0,True,True,True,"dying: demand ceased, review"
500399552,dormant,none,False,,0.0,15.0,30,0.95,none,,0,0,0,0.0,0.0,1.0,0.0,0.0,1.0,0.0,0.0,-1.0,True,True,True,non-critical dormant: review
500400770,dormant,none,False,,0.0,10.0,30,0.95,none,,0,0,0,0.0,0.0,1.0,0.0,0.0,1.0,0.0,0.0,-1.0,True,True,True,non-critical dormant: review
500400771,dormant,none,False,,0.0,10.0,30,0.95,none,,0,0,0,0.0,0.0,1.0,0.0,0.0,1.0,0.0,0.0,-1.0,True,True,True,non-critical dormant: review
500400772,dormant,none,False,,0.0,10.0,30,0.95,none,,0,0,0,0.0,0.0,1.0,0.0,0.0,1.0,0.0,0.0,-1.0,True,True,True,non-critical dormant: review
500400773,dormant,none,False,,0.0,25.0,30,0.95,none,,0,0,0,0.0,0.0,1.0,0.0,0.0,1.0,0.0,0.0,-1.0,True,True,True,non-critical dormant: review
500400887,dormant,none,False,,0.0,30.0,30,0.95,none,,0,0,0,0.0,0.0,1.0,0.0,0.0,1.0,0.0,0.0,-1.0,True,True,True,non-critical dormant: review
500400888,dying,dying,False,L,0.0027397260273972603,30.0,30,0.9,nbinom,5.0,0,0,1,0.0,0.0,1.0,0.0,0.0,1.0,0.0,0.0,0.0,True,True,True,"dying: demand ceased, review"
500400889,dormant,none,False,,0.0,30.0,30,0.95,none,,0,0,0,0.0,0.0,0.0,0.0,0.0,0.0,0.0,0.0,0.0,True,True,True,non-critical dormant: review
500400890,dying,dying,False,M,0.010958904109589041,10.0,30,0.95,nbinom,3.0,1,1,3,0.0,0.0,1.0,0.0,0.0,1.0,1.0,1.0,2.0,True,True,False,"dying: demand ceased, review"
500400891,dormant,none,False,D,0.0,13.0,30,0.9,none,,0,0,0,0.0,0.0,1.0,0.0,0.0,1.0,0.0,0.0,-1.0,True,True,True,non-critical dormant: review
500400892,dying,dying,False,L,0.0027397260273972603,10.0,30,0.9,nbinom,5.0,0,0,1,0.0,1.0,2.0,0.0,0.0,1.0,0.0,0.0,0.0,True,True,True,"dying: demand ceased, review"
500400894,dormant,none,False,,0.0,45.0,30,0.95,none,,0,0,0,0.0,0.0,1.0,0.0,0.0,1.0,0.0,0.0,-1.0,True,True,True,non-critical dormant: review
500400895,dying,dying,False,L,0.0027397260273972603,25.0,30,0.9,nbinom,5.0,0,0,1,0.0,0.0,1.0,0.0,0.0,1.0,0.0,0.0,0.0,True,True,True,"dying: demand ceased, review"
500400896,dormant,none,False,,0.0,9.0,30,0.95,none,,0,0,0,0.0,0.0,0.0,0.0,0.0,0.0,0.0,0.0,0.0,True,True,True,non-critical dormant: review
500400897,dormant,none,False,,0.0,10.0,30,0.95,none,,0,0,0,0.0,0.0,0.0,0.0,0.0,0.0,0.0,0.0,0.0,True,True,True,non-critical dormant: review
500400899,dormant,none,False,,0.0,10.0,30,0.95,none,,0,0,0,0.0,0.0,1.0,0.0,0.0,1.0,0.0,0.0,-1.0,True,True,True,non-critical dormant: review
500400900,dormant,none,False,D,0.0,10.0,30,0.9,none,,0,0,0,0.0,0.0,1.0,0.0,0.0,1.0,0.0,0.0,-1.0,True,True,True,non-critical dormant: review
500400901,dormant,none,False,,0.0,10.0,30,0.95,none,,0,0,0,0.0,0.0,1.0,0.0,0.0,1.0,0.0,0.0,-1.0,True,True,True,non-critical dormant: review
500400902,dormant,none,False,,0.0,30.0,30,0.95,none,,0,0,0,0.0,0.0,1.0,0.0,0.0,1.0,0.0,0.0,-1.0,True,True,True,non-critical dormant: review
500400903,dormant,none,False,,0.0,35.0,30,0.95,none,,0,0,0,0.0,0.0,1.0,0.0,0.0,1.0,0.0,0.0,-1.0,True,True,True,non-critical dormant: review
500400904,dormant,none,False,,0.0,35.0,30,0.95,none,,0,0,0,0.0,0.0,1.0,0.0,0.0,1.0,0.0,0.0,-1.0,True,True,True,non-critical dormant: review
500400905,dormant,none,False,,0.0,10.0,30,0.95,none,,0,0,0,0.0,0.0,1.0,0.0,0.0,1.0,0.0,0.0,-1.0,True,True,True,non-critical dormant: review
500400906,dormant,none,False,L,0.0,10.0,30,0.9,none,,0,0,0,0.0,0.0,1.0,0.0,0.0,1.0,0.0,0.0,-1.0,True,True,True,non-critical dormant: review
500400907,dormant,none,False,L,0.0,10.0,30,0.9,none,,0,0,0,0.0,0.0,1.0,0.0,0.0,1.0,0.0,0.0,-1.0,True,True,True,non-critical dormant: review
500400908,dormant,none,False,,0.0,10.0,30,0.95,none,,0,0,0,0.0,0.0,1.0,0.0,0.0,1.0,0.0,0.0,-1.0,True,True,True,non-critical dormant: review
500400909,dormant,none,False,,0.0,10.0,30,0.95,none,,0,0,0,0.0,0.0,1.0,0.0,0.0,1.0,0.0,0.0,-1.0,True,True,True,non-critical dormant: review
500400910,dormant,none,False,,0.0,10.0,30,0.95,none,,0,0,0,0.0,0.0,1.0,0.0,0.0,1.0,0.0,0.0,-1.0,True,True,True,non-critical dormant: review
500400911,active,constant,True,L,0.00821917808219178,10.0,30,0.9,nbinom,2.614,0,0,1,0.0,0.0,1.0,0.0,0.0,1.0,0.0,0.0,0.0,True,True,True,active
500400912,dying,dying,False,L,0.0027397260273972603,13.0,30,0.9,nbinom,3.0,0,0,1,0.0,0.0,1.0,0.0,0.0,1.0,0.0,0.0,0.0,True,True,True,"dying: demand ceased, review"
500400913,dying,dying,False,M,0.010958904109589041,10.0,30,0.95,nbinom,3.948,0,0,3,0.0,1.0,2.0,0.0,0.0,1.0,0.0,0.0,2.0,True,True,False,"dying: demand ceased, review"
500400914,dying,dying,False,M,0.0027397260273972603,30.0,30,0.95,nbinom,5.0,0,0,1,0.0,1.0,2.0,0.0,1.0,2.0,0.0,-1.0,-1.0,True,True,True,"dying: demand ceased, review"
500400916,active,constant,True,H,0.005479452054794521,10.0,30,0.99,nbinom,2.933,2,2,4,0.0,0.0,1.0,0.0,0.0,1.0,2.0,2.0,3.0,False,False,False,active
500401825,active,constant,True,M,0.00821917808219178,55.0,30,0.95,nbinom,2.711,3,3,10,0.0,0.0,1.0,0.0,2.0,3.0,3.0,1.0,7.0,False,True,False,active
500401863,dying,dying,False,L,0.0027397260273972603,30.0,30,0.9,nbinom,5.0,0,0,1,0.0,0.0,1.0,0.0,0.0,1.0,0.0,0.0,0.0,True,True,True,"dying: demand ceased, review"
500401864,dormant,none,False,,0.0,30.0,30,0.95,none,,0,0,0,0.0,0.0,1.0,0.0,0.0,1.0,0.0,0.0,-1.0,True,True,True,non-critical dormant: review
500401865,dormant,none,False,,0.0,30.0,30,0.95,none,,0,0,0,0.0,0.0,1.0,0.0,0.0,1.0,0.0,0.0,-1.0,True,True,True,non-critical dormant: review
500401866,dormant,none,False,,0.0,10.0,30,0.95,none,,0,0,0,0.0,0.0,1.0,0.0,0.0,1.0,0.0,0.0,-1.0,True,True,True,non-critical dormant: review
500401867,dormant,none,False,D,0.0,10.0,30,0.9,none,,0,0,0,0.0,0.0,1.0,0.0,0.0,1.0,0.0,0.0,-1.0,True,True,True,non-critical dormant: review
500401868,active,constant,True,L,0.0027397260273972603,30.0,30,0.9,nbinom,3.785,0,0,1,0.0,0.0,1.0,0.0,0.0,1.0,0.0,0.0,0.0,True,True,True,active
500401869,dormant,none,False,,0.0,13.0,30,0.95,none,,0,0,0,0.0,0.0,0.0,0.0,0.0,0.0,0.0,0.0,0.0,True,True,True,non-critical dormant: review
500401870,dying,dying,False,L,0.005479452054794521,13.0,30,0.9,nbinom,5.0,0,0,1,0.0,0.0,0.0,0.0,2.0,2.0,0.0,-2.0,-1.0,True,False,True,"dying: demand ceased, review"
500401871,dormant,none,False,,0.0,10.0,30,0.95,none,,0,0,0,0.0,0.0,0.0,0.0,0.0,0.0,0.0,0.0,0.0,True,True,True,non-critical dormant: review
500401872,dormant,none,False,,0.0,30.0,30,0.95,none,,0,0,0,0.0,0.0,0.0,0.0,0.0,0.0,0.0,0.0,0.0,True,True,True,non-critical dormant: review
500401873,dormant,none,False,,0.0,30.0,30,0.95,none,,0,0,0,0.0,0.0,1.0,0.0,0.0,1.0,0.0,0.0,-1.0,True,True,True,non-critical dormant: review
500401874,dormant,none,False,,0.0,10.0,30,0.95,none,,0,0,0,0.0,0.0,1.0,0.0,0.0,1.0,0.0,0.0,-1.0,True,True,True,non-critical dormant: review
500401875,dying,dying,False,L,0.0027397260273972603,10.0,30,0.9,nbinom,5.0,0,0,1,0.0,0.0,1.0,0.0,0.0,1.0,0.0,0.0,0.0,True,True,True,"dying: demand ceased, review"
500401876,active,constant,True,L,0.010958904109589041,30.0,30,0.9,nbinom,2.933,1,1,2,0.0,0.0,1.0,0.0,2.0,4.0,1.0,-1.0,-2.0,True,True,False,active
500401878,dormant,none,False,,0.0,30.0,30,0.95,none,,0,0,0,0.0,0.0,0.0,0.0,0.0,0.0,0.0,0.0,0.0,True,True,True,non-critical dormant: review
500401879,dormant,none,False,,0.0,30.0,30,0.95,none,,0,0,0,0.0,0.0,0.0,0.0,0.0,0.0,0.0,0.0,0.0,True,True,True,non-critical dormant: review
500401881,dormant,none,False,,0.0,10.0,30,0.95,none,,0,0,0,0.0,0.0,1.0,0.0,0.0,1.0,0.0,0.0,-1.0,True,True,True,non-critical dormant: review
500401882,dormant,none,False,,0.0,10.0,30,0.95,none,,0,0,0,0.0,0.0,0.0,0.0,0.0,0.0,0.0,0.0,0.0,True,True,True,non-critical dormant: review
500401883,dormant,none,False,D,0.0,10.0,30,0.9,none,,0,0,0,0.0,0.0,1.0,0.0,0.0,1.0,0.0,0.0,-1.0,True,True,True,non-critical dormant: review
500401884,dormant,none,False,L,0.0,13.0,30,0.9,none,,0,0,0,0.0,0.0,1.0,0.0,0.0,1.0,0.0,0.0,-1.0,True,True,True,non-critical dormant: review
500401885,active,constant,True,L,0.0027397260273972603,47.0,30,0.9,nbinom,5.0,0,0,1,0.0,0.0,1.0,0.0,0.0,1.0,0.0,0.0,0.0,True,True,True,active
500401886,dormant,none,False,,0.0,10.0,30,0.95,none,,0,0,0,0.0,0.0,1.0,0.0,0.0,1.0,0.0,0.0,-1.0,True,True,True,non-critical dormant: review
500402202,dormant,none,False,D,0.0,55.0,30,0.9,none,,0,0,0,0.0,0.0,0.0,0.0,0.0,0.0,0.0,0.0,0.0,True,True,True,non-critical dormant: review
500402203,dormant,none,False,D,0.0,70.0,30,0.9,none,,0,0,0,0.0,0.0,0.0,0.0,0.0,0.0,0.0,0.0,0.0,True,True,True,non-critical dormant: review
500402315,dormant,none,False,,0.0,20.0,30,0.95,none,,0,0,0,0.0,0.0,1.0,0.0,0.0,1.0,0.0,0.0,-1.0,True,True,True,non-critical dormant: review
500402316,dormant,none,False,,0.0,20.0,30,0.95,none,,0,0,0,0.0,0.0,0.0,0.0,0.0,0.0,0.0,0.0,0.0,True,True,True,non-critical dormant: review
500402317,active,constant,True,H,0.2136986301369863,13.0,30,0.99,poisson,1.0,5,7,17,3.0,8.0,13.0,3.0,8.0,13.0,2.0,-1.0,4.0,False,True,False,active
500402318,active,constant,True,H,0.13972602739726028,13.0,30,0.99,nbinom,1.701,6,7,15,1.0,4.0,6.0,7.0,15.0,20.0,-1.0,-8.0,-5.0,True,False,False,active
500402361,dormant,none,False,,0.0,15.0,30,0.95,none,,0,0,0,0.0,0.0,0.0,0.0,0.0,0.0,0.0,0.0,0.0,True,True,True,non-critical dormant: review
500402634,dormant,none,False,,0.0,10.0,30,0.95,none,,0,0,0,0.0,0.0,1.0,0.0,0.0,1.0,0.0,0.0,-1.0,True,True,True,non-critical dormant: review
500403191,dormant,none,False,D,0.0,10.0,30,0.9,none,,0,0,0,0.0,0.0,0.0,0.0,0.0,0.0,0.0,0.0,0.0,True,True,True,non-critical dormant: review
500403583,dormant,none,False,,0.0,184.0,30,0.95,none,,0,0,0,0.0,0.0,0.0,0.0,0.0,0.0,0.0,0.0,0.0,True,True,True,non-critical dormant: review
500403692,dormant,none,False,,0.0,15.0,30,0.95,none,,0,0,0,0.0,0.0,1.0,0.0,0.0,1.0,0.0,0.0,-1.0,True,True,True,non-critical dormant: review
500403693,dormant,none,False,,0.0,27.0,30,0.95,none,,0,0,0,0.0,0.0,1.0,0.0,0.0,1.0,0.0,0.0,-1.0,True,True,True,non-critical dormant: review
500403785,active,constant,True,H,0.0547945205479452,45.0,30,0.99,poisson,1.0,5,7,9,2.0,6.0,10.0,0.0,6.0,10.0,5.0,1.0,-1.0,False,True,True,active
500403838,dormant,none,False,D,0.0,13.0,30,0.9,none,,0,0,0,0.0,0.0,1.0,0.0,0.0,1.0,0.0,0.0,-1.0,True,True,True,non-critical dormant: review
500403841,dormant,none,False,,0.0,10.0,30,0.95,none,,0,0,0,0.0,0.0,1.0,0.0,0.0,1.0,0.0,0.0,-1.0,True,True,True,non-critical dormant: review
500404213,dormant,none,False,,0.0,70.0,30,0.95,none,,0,0,0,0.0,0.0,1.0,0.0,0.0,1.0,0.0,0.0,-1.0,True,True,True,non-critical dormant: review
500404733,dying,dying,False,L,0.0027397260273972603,38.0,30,0.9,nbinom,3.0,0,0,1,0.0,0.0,1.0,0.0,0.0,1.0,0.0,0.0,0.0,True,True,True,"dying: demand ceased, review"
500405337,dormant,none,False,D,0.0,38.0,30,0.9,none,,0,0,0,0.0,0.0,0.0,0.0,0.0,1.0,0.0,0.0,-1.0,True,True,True,non-critical dormant: review
500405983,dormant,none,False,,0.0,19.0,30,0.95,none,,0,0,0,0.0,0.0,0.0,0.0,0.0,0.0,0.0,0.0,0.0,True,True,True,non-critical dormant: review
500406056,dormant,none,False,D,0.0,141.0,30,0.9,none,,0,0,0,0.0,0.0,0.0,0.0,0.0,0.0,0.0,0.0,0.0,True,True,True,non-critical dormant: review
500406113,dormant,none,False,,0.0,13.0,30,0.95,none,,0,0,0,0.0,0.0,1.0,0.0,0.0,1.0,0.0,0.0,-1.0,True,True,True,non-critical dormant: review
500406140,dormant,none,False,,0.0,25.0,30,0.95,none,,0,0,0,0.0,0.0,0.0,0.0,0.0,0.0,0.0,0.0,0.0,True,True,True,non-critical dormant: review
500406561,dormant,none,False,,0.0,70.0,30,0.95,none,,0,0,0,0.0,0.0,0.0,0.0,0.0,0.0,0.0,0.0,0.0,True,True,True,non-critical dormant: review
500406904,dormant,none,False,D,0.0,19.0,30,0.9,none,,0,0,0,0.0,0.0,0.0,0.0,0.0,0.0,0.0,0.0,0.0,True,True,True,non-critical dormant: review
500407329,dormant,none,False,L,0.0,9.0,30,0.9,none,,0,0,0,0.0,0.0,1.0,0.0,0.0,1.0,0.0,0.0,-1.0,True,True,True,non-critical dormant: review
500407785,dormant,none,False,D,0.0,25.0,30,0.9,none,,0,0,0,0.0,0.0,0.0,0.0,0.0,0.0,0.0,0.0,0.0,True,True,True,non-critical dormant: review
500408304,dormant,none,False,D,0.0,10.0,30,0.9,none,,0,0,0,0.0,0.0,1.0,0.0,0.0,1.0,0.0,0.0,-1.0,True,True,True,non-critical dormant: review
500408572,dormant,none,False,,0.0,16.0,30,0.95,none,,0,0,0,0.0,0.0,0.0,0.0,0.0,0.0,0.0,0.0,0.0,True,True,True,non-critical dormant: review
500408926,dormant,none,False,,0.0,25.0,30,0.95,none,,0,0,0,0.0,0.0,0.0,0.0,0.0,0.0,0.0,0.0,0.0,True,True,True,non-critical dormant: review
500409445,dormant,none,False,,0.0,35.0,30,0.95,none,,0,0,0,0.0,0.0,0.0,0.0,0.0,0.0,0.0,0.0,0.0,True,True,True,non-critical dormant: review
500409785,dormant,none,False,,0.0,100.0,30,0.95,none,,0,0,0,0.0,0.0,1.0,0.0,0.0,1.0,0.0,0.0,-1.0,True,True,True,non-critical dormant: review
500409786,dormant,none,False,D,0.0,66.0,30,0.9,none,,0,0,0,0.0,0.0,1.0,0.0,0.0,1.0,0.0,0.0,-1.0,True,True,True,non-critical dormant: review
500410461,dormant,none,False,D,0.0,30.0,30,0.9,none,,0,0,0,0.0,0.0,1.0,0.0,0.0,1.0,0.0,0.0,-1.0,True,True,True,non-critical dormant: review
500410587,dormant,none,False,,0.0,35.0,30,0.95,none,,0,0,0,0.0,0.0,0.0,0.0,0.0,0.0,0.0,0.0,0.0,True,True,True,non-critical dormant: review
500411039,dormant,none,False,,0.0,25.0,30,0.95,none,,0,0,0,0.0,0.0,0.0,0.0,0.0,0.0,0.0,0.0,0.0,True,True,True,non-critical dormant: review
500411040,dormant,none,False,,0.0,25.0,30,0.95,none,,0,0,0,0.0,0.0,0.0,0.0,0.0,0.0,0.0,0.0,0.0,True,True,True,non-critical dormant: review
500411041,dormant,none,False,D,0.0,45.0,30,0.9,none,,0,0,0,0.0,0.0,0.0,0.0,0.0,0.0,0.0,0.0,0.0,True,True,True,non-critical dormant: review
500411042,dormant,none,False,D,0.0,180.0,30,0.9,none,,0,0,0,0.0,0.0,0.0,0.0,0.0,0.0,0.0,0.0,0.0,True,True,True,non-critical dormant: review
500411043,dormant,none,False,D,0.0,70.0,30,0.9,none,,0,0,0,0.0,0.0,0.0,0.0,0.0,0.0,0.0,0.0,0.0,True,True,True,non-critical dormant: review
500411044,dormant,none,False,D,0.0,70.0,30,0.9,none,,0,0,0,0.0,0.0,0.0,0.0,0.0,0.0,0.0,0.0,0.0,True,True,True,non-critical dormant: review
500411045,dormant,none,False,,0.0,98.0,30,0.95,none,,0,0,0,0.0,0.0,0.0,0.0,0.0,0.0,0.0,0.0,0.0,True,True,True,non-critical dormant: review
500411048,dormant,none,False,D,0.0,45.0,30,0.9,none,,0,0,0,0.0,0.0,1.0,0.0,0.0,1.0,0.0,0.0,-1.0,True,True,True,non-critical dormant: review
500411667,dormant,none,False,D,0.0,13.0,30,0.9,none,,0,0,0,0.0,0.0,1.0,0.0,0.0,1.0,0.0,0.0,-1.0,True,True,True,non-critical dormant: review
500412263,dormant,none,False,,0.0,30.0,30,0.95,none,,0,0,0,0.0,0.0,0.0,0.0,0.0,0.0,0.0,0.0,0.0,True,True,True,non-critical dormant: review
500412264,dormant,none,False,,0.0,30.0,30,0.95,none,,0,0,0,0.0,0.0,0.0,0.0,0.0,0.0,0.0,0.0,0.0,True,True,True,non-critical dormant: review
500412719,dying,dying,False,L,0.0,20.0,30,0.9,nbinom,5.0,0,0,1,0.0,0.0,1.0,0.0,0.0,1.0,0.0,0.0,0.0,True,True,True,"dying: demand ceased, review"
500412720,active,constant,True,M,0.03287671232876712,20.0,30,0.95,nbinom,1.5,3,3,5,0.0,3.0,7.0,0.0,2.0,4.0,3.0,1.0,1.0,False,True,True,active
500412721,dormant,none,False,,0.0,20.0,30,0.95,none,,0,0,0,0.0,0.0,1.0,0.0,0.0,1.0,0.0,0.0,-1.0,True,True,True,non-critical dormant: review
500412722,dormant,none,False,D,0.0,15.0,30,0.9,none,,0,0,0,0.0,0.0,1.0,0.0,0.0,1.0,0.0,0.0,-1.0,True,True,True,non-critical dormant: review
500412723,dying,dying,False,D,0.0,20.0,30,0.9,nbinom,5.0,0,0,1,0.0,0.0,1.0,0.0,0.0,1.0,0.0,0.0,0.0,True,True,True,"dying: demand ceased, review"
500412724,dormant,none,False,,0.0,15.0,30,0.95,none,,0,0,0,0.0,0.0,1.0,0.0,0.0,1.0,0.0,0.0,-1.0,True,True,True,non-critical dormant: review
500412725,dormant,none,False,,0.0,20.0,30,0.95,none,,0,0,0,0.0,0.0,1.0,0.0,0.0,1.0,0.0,0.0,-1.0,True,True,True,non-critical dormant: review
500412726,dormant,none,False,D,0.0,20.0,30,0.9,none,,0,0,0,0.0,0.0,1.0,0.0,0.0,1.0,0.0,0.0,-1.0,True,True,True,non-critical dormant: review
500412727,dormant,none,False,L,0.0,15.0,30,0.9,none,,0,0,0,0.0,0.0,1.0,0.0,0.0,1.0,0.0,0.0,-1.0,True,True,True,non-critical dormant: review
500412728,dormant,none,False,,0.0,20.0,30,0.95,none,,0,0,0,0.0,0.0,1.0,0.0,0.0,1.0,0.0,0.0,-1.0,True,True,True,non-critical dormant: review
500412729,dormant,none,False,,0.0,20.0,30,0.95,none,,0,0,0,0.0,0.0,1.0,0.0,0.0,1.0,0.0,0.0,-1.0,True,True,True,non-critical dormant: review
500412730,dormant,none,False,,0.0,20.0,30,0.95,none,,0,0,0,0.0,0.0,1.0,0.0,0.0,1.0,0.0,0.0,-1.0,True,True,True,non-critical dormant: review
500412731,dormant,none,False,,0.0,20.0,30,0.95,none,,0,0,0,0.0,0.0,1.0,0.0,0.0,1.0,0.0,0.0,-1.0,True,True,True,non-critical dormant: review
500412732,dying,dying,False,L,0.005479452054794521,20.0,30,0.9,nbinom,5.0,0,0,1,0.0,0.0,1.0,0.0,0.0,1.0,0.0,0.0,0.0,True,True,True,"dying: demand ceased, review"
500412733,dying,dying,False,L,0.005479452054794521,15.0,30,0.9,nbinom,5.0,0,0,1,0.0,0.0,1.0,0.0,0.0,1.0,0.0,0.0,0.0,True,True,True,"dying: demand ceased, review"
500412734,dormant,none,False,D,0.0,20.0,30,0.9,none,,0,0,0,0.0,0.0,1.0,0.0,0.0,1.0,0.0,0.0,-1.0,True,True,True,non-critical dormant: review
500412735,dormant,none,False,,0.0,15.0,30,0.95,none,,0,0,0,0.0,0.0,1.0,0.0,0.0,1.0,0.0,0.0,-1.0,True,True,True,non-critical dormant: review
500412736,dormant,none,False,D,0.0,25.0,30,0.9,none,,0,0,0,0.0,0.0,1.0,0.0,0.0,1.0,0.0,0.0,-1.0,True,True,True,non-critical dormant: review
500412737,dying,dying,False,L,0.0027397260273972603,20.0,30,0.9,nbinom,3.0,0,0,1,0.0,2.0,3.0,0.0,2.0,3.0,0.0,-2.0,-2.0,True,False,False,"dying: demand ceased, review"
500412738,dormant,none,False,D,0.0,25.0,30,0.9,none,,0,0,0,0.0,0.0,1.0,0.0,0.0,1.0,0.0,0.0,-1.0,True,True,True,non-critical dormant: review
500412739,dormant,none,False,,0.0,15.0,30,0.95,none,,0,0,0,0.0,0.0,1.0,0.0,0.0,1.0,0.0,0.0,-1.0,True,True,True,non-critical dormant: review
500412740,dormant,none,False,,0.0,15.0,30,0.95,none,,0,0,0,0.0,0.0,1.0,0.0,0.0,1.0,0.0,0.0,-1.0,True,True,True,non-critical dormant: review
500412741,dormant,none,False,,0.0,20.0,30,0.95,none,,0,0,0,0.0,0.0,1.0,0.0,0.0,1.0,0.0,0.0,-1.0,True,True,True,non-critical dormant: review
500412742,dormant,none,False,,0.0,20.0,30,0.95,none,,0,0,0,0.0,0.0,1.0,0.0,0.0,1.0,0.0,0.0,-1.0,True,True,True,non-critical dormant: review
500412743,dormant,none,False,,0.0,20.0,30,0.95,none,,0,0,0,0.0,0.0,1.0,0.0,0.0,1.0,0.0,0.0,-1.0,True,True,True,non-critical dormant: review
500412744,dormant,none,False,,0.0,20.0,30,0.95,none,,0,0,0,0.0,0.0,1.0,0.0,0.0,1.0,0.0,0.0,-1.0,True,True,True,non-critical dormant: review
500412745,dormant,none,False,,0.0,20.0,30,0.95,none,,0,0,0,0.0,0.0,1.0,0.0,0.0,1.0,0.0,0.0,-1.0,True,True,True,non-critical dormant: review
500412746,dormant,none,False,,0.0,15.0,30,0.95,none,,0,0,0,0.0,0.0,1.0,0.0,0.0,1.0,0.0,0.0,-1.0,True,True,True,non-critical dormant: review
500412747,dormant,none,False,L,0.0,15.0,30,0.9,none,,0,0,0,0.0,0.0,1.0,0.0,0.0,1.0,0.0,0.0,-1.0,True,True,True,non-critical dormant: review
500412748,dormant,none,False,,0.0,15.0,30,0.95,none,,0,0,0,0.0,0.0,1.0,0.0,0.0,1.0,0.0,0.0,-1.0,True,True,True,non-critical dormant: review
500412750,dormant,none,False,,0.0,20.0,30,0.95,none,,0,0,0,0.0,0.0,1.0,0.0,0.0,1.0,0.0,0.0,-1.0,True,True,True,non-critical dormant: review
500412751,dying,dying,False,L,0.0,15.0,30,0.9,nbinom,5.0,0,0,1,0.0,0.0,1.0,0.0,0.0,1.0,0.0,0.0,0.0,True,True,True,"dying: demand ceased, review"
500412752,dormant,none,False,,0.0,25.0,30,0.95,none,,0,0,0,0.0,0.0,1.0,0.0,0.0,1.0,0.0,0.0,-1.0,True,True,True,non-critical dormant: review
500412753,dying,dying,False,L,0.0,35.0,30,0.9,nbinom,5.0,0,0,1,0.0,0.0,1.0,0.0,0.0,1.0,0.0,0.0,0.0,True,True,True,"dying: demand ceased, review"
500412754,dormant,none,False,,0.0,25.0,30,0.95,none,,0,0,0,0.0,0.0,1.0,0.0,0.0,1.0,0.0,0.0,-1.0,True,True,True,non-critical dormant: review
500412755,dormant,none,False,,0.0,65.0,30,0.95,none,,0,0,0,0.0,0.0,1.0,0.0,0.0,1.0,0.0,0.0,-1.0,True,True,True,non-critical dormant: review
500412756,dormant,none,False,D,0.0,20.0,30,0.9,none,,0,0,0,0.0,0.0,1.0,0.0,0.0,1.0,0.0,0.0,-1.0,True,True,True,non-critical dormant: review
500412757,dormant,none,False,,0.0,20.0,30,0.95,none,,0,0,0,0.0,0.0,1.0,0.0,0.0,1.0,0.0,0.0,-1.0,True,True,True,non-critical dormant: review
500412758,dormant,none,False,,0.0,25.0,30,0.95,none,,0,0,0,0.0,0.0,1.0,0.0,0.0,1.0,0.0,0.0,-1.0,True,True,True,non-critical dormant: review
500412759,dying,dying,False,L,0.00821917808219178,20.0,30,0.9,nbinom,3.426,0,0,1,0.0,0.0,1.0,0.0,0.0,1.0,0.0,0.0,0.0,True,True,True,"dying: demand ceased, review"
500412760,dormant,none,False,D,0.0,25.0,30,0.9,none,,0,0,0,0.0,0.0,1.0,0.0,0.0,1.0,0.0,0.0,-1.0,True,True,True,non-critical dormant: review
500412761,dormant,none,False,,0.0,20.0,30,0.95,none,,0,0,0,0.0,0.0,1.0,0.0,0.0,1.0,0.0,0.0,-1.0,True,True,True,non-critical dormant: review
500412762,dormant,none,False,,0.0,25.0,30,0.95,none,,0,0,0,0.0,0.0,1.0,0.0,0.0,1.0,0.0,0.0,-1.0,True,True,True,non-critical dormant: review
500413179,dormant,none,False,,0.0,25.0,30,0.95,none,,0,0,0,0.0,0.0,1.0,0.0,0.0,1.0,0.0,0.0,-1.0,True,True,True,non-critical dormant: review
500413268,active,constant,True,L,0.0027397260273972603,15.0,30,0.9,nbinom,5.0,0,0,1,0.0,0.0,1.0,0.0,0.0,1.0,0.0,0.0,0.0,True,True,True,active
500413540,dormant,none,False,D,0.0,20.0,30,0.9,none,,0,0,0,0.0,0.0,1.0,0.0,0.0,1.0,0.0,0.0,-1.0,True,True,True,non-critical dormant: review
500413575,dormant,none,False,D,0.0,15.0,30,0.9,none,,0,0,0,0.0,0.0,0.0,0.0,0.0,0.0,0.0,0.0,0.0,True,True,True,non-critical dormant: review
500414034,dormant,none,False,D,0.0,35.0,30,0.9,none,,0,0,0,0.0,0.0,1.0,0.0,0.0,1.0,0.0,0.0,-1.0,True,True,True,non-critical dormant: review
500414109,dormant,none,False,D,0.0,20.0,30,0.9,none,,0,0,0,0.0,0.0,1.0,0.0,0.0,1.0,0.0,0.0,-1.0,True,True,True,non-critical dormant: review
500414842,dormant,none,False,,0.0,20.0,30,0.95,none,,0,0,0,0.0,0.0,1.0,0.0,0.0,1.0,0.0,0.0,-1.0,True,True,True,non-critical dormant: review
500414843,dormant,none,False,D,0.0,20.0,30,0.9,none,,0,0,0,0.0,0.0,1.0,0.0,0.0,1.0,0.0,0.0,-1.0,True,True,True,non-critical dormant: review
500414844,dormant,none,False,,0.0,80.0,30,0.95,none,,0,0,0,0.0,0.0,1.0,0.0,0.0,1.0,0.0,0.0,-1.0,True,True,True,non-critical dormant: review
500414845,dormant,none,False,,0.0,15.0,30,0.95,none,,0,0,0,0.0,0.0,0.0,0.0,0.0,0.0,0.0,0.0,0.0,True,True,True,non-critical dormant: review
500414846,dormant,none,False,,0.0,25.0,30,0.95,none,,0,0,0,0.0,0.0,1.0,0.0,0.0,1.0,0.0,0.0,-1.0,True,True,True,non-critical dormant: review
500414847,dormant,none,False,,0.0,25.0,30,0.95,none,,0,0,0,0.0,0.0,1.0,0.0,0.0,1.0,0.0,0.0,-1.0,True,True,True,non-critical dormant: review
500414848,dormant,none,False,,0.0,20.0,30,0.95,none,,0,0,0,0.0,0.0,1.0,0.0,0.0,1.0,0.0,0.0,-1.0,True,True,True,non-critical dormant: review
500414849,dormant,none,False,,0.0,45.0,30,0.95,none,,0,0,0,0.0,0.0,1.0,0.0,0.0,1.0,0.0,0.0,-1.0,True,True,True,non-critical dormant: review
500414850,dormant,none,False,D,0.0,15.0,30,0.9,none,,0,0,0,0.0,0.0,1.0,0.0,0.0,1.0,0.0,0.0,-1.0,True,True,True,non-critical dormant: review
500414851,dormant,none,False,,0.0,15.0,30,0.95,none,,0,0,0,0.0,0.0,1.0,0.0,0.0,1.0,0.0,0.0,-1.0,True,True,True,non-critical dormant: review
500414852,dormant,none,False,,0.0,20.0,30,0.95,none,,0,0,0,0.0,0.0,1.0,0.0,0.0,1.0,0.0,0.0,-1.0,True,True,True,non-critical dormant: review
500414853,dying,dying,False,L,0.0027397260273972603,20.0,30,0.9,nbinom,5.0,0,0,1,0.0,0.0,1.0,0.0,0.0,1.0,0.0,0.0,0.0,True,True,True,"dying: demand ceased, review"
500414854,dormant,none,False,,0.0,15.0,30,0.95,none,,0,0,0,0.0,0.0,1.0,0.0,0.0,1.0,0.0,0.0,-1.0,True,True,True,non-critical dormant: review
500414855,dormant,none,False,,0.0,15.0,30,0.95,none,,0,0,0,0.0,0.0,1.0,0.0,0.0,1.0,0.0,0.0,-1.0,True,True,True,non-critical dormant: review
500414856,dormant,none,False,,0.0,25.0,30,0.95,none,,0,0,0,0.0,0.0,1.0,0.0,0.0,1.0,0.0,0.0,-1.0,True,True,True,non-critical dormant: review
500414857,dormant,none,False,,0.0,15.0,30,0.95,none,,0,0,0,0.0,0.0,1.0,0.0,0.0,1.0,0.0,0.0,-1.0,True,True,True,non-critical dormant: review
500414858,dormant,none,False,,0.0,15.0,30,0.95,none,,0,0,0,0.0,0.0,1.0,0.0,0.0,1.0,0.0,0.0,-1.0,True,True,True,non-critical dormant: review
500414859,dormant,none,False,,0.0,20.0,30,0.95,none,,0,0,0,0.0,0.0,1.0,0.0,0.0,1.0,0.0,0.0,-1.0,True,True,True,non-critical dormant: review
500414860,dormant,none,False,,0.0,20.0,30,0.95,none,,0,0,0,0.0,0.0,1.0,0.0,0.0,1.0,0.0,0.0,-1.0,True,True,True,non-critical dormant: review
500414861,dormant,none,False,,0.0,30.0,30,0.95,none,,0,0,0,0.0,0.0,1.0,0.0,0.0,1.0,0.0,0.0,-1.0,True,True,True,non-critical dormant: review
500414862,dormant,none,False,,0.0,20.0,30,0.95,none,,0,0,0,0.0,0.0,1.0,0.0,0.0,1.0,0.0,0.0,-1.0,True,True,True,non-critical dormant: review
500414863,dormant,none,False,,0.0,35.0,30,0.95,none,,0,0,0,0.0,0.0,0.0,0.0,0.0,0.0,0.0,0.0,0.0,True,True,True,non-critical dormant: review
500414864,dormant,none,False,,0.0,50.0,30,0.95,none,,0,0,0,0.0,0.0,1.0,0.0,0.0,1.0,0.0,0.0,-1.0,True,True,True,non-critical dormant: review
500414865,dormant,none,False,,0.0,20.0,30,0.95,none,,0,0,0,0.0,0.0,0.0,0.0,0.0,0.0,0.0,0.0,0.0,True,True,True,non-critical dormant: review
500414866,dormant,none,False,,0.0,35.0,30,0.95,none,,0,0,0,0.0,0.0,1.0,0.0,0.0,1.0,0.0,0.0,-1.0,True,True,True,non-critical dormant: review
500414867,dormant,none,False,,0.0,35.0,30,0.95,none,,0,0,0,0.0,0.0,1.0,0.0,0.0,1.0,0.0,0.0,-1.0,True,True,True,non-critical dormant: review
500414868,dormant,none,False,,0.0,35.0,30,0.95,none,,0,0,0,0.0,0.0,1.0,0.0,0.0,1.0,0.0,0.0,-1.0,True,True,True,non-critical dormant: review
500414869,dormant,none,False,D,0.0,20.0,30,0.9,none,,0,0,0,0.0,0.0,1.0,0.0,0.0,1.0,0.0,0.0,-1.0,True,True,True,non-critical dormant: review
500414870,dormant,none,False,D,0.0,40.0,30,0.9,none,,0,0,0,0.0,0.0,0.0,0.0,0.0,0.0,0.0,0.0,0.0,True,True,True,non-critical dormant: review
500414871,dying,dying,False,L,0.0027397260273972603,15.0,30,0.9,nbinom,3.416,0,0,1,0.0,0.0,1.0,0.0,0.0,1.0,0.0,0.0,0.0,True,True,True,"dying: demand ceased, review"
500414872,dormant,none,False,,0.0,15.0,30,0.95,none,,0,0,0,0.0,0.0,0.0,0.0,0.0,0.0,0.0,0.0,0.0,True,True,True,non-critical dormant: review
500414898,dormant,none,False,,0.0,55.0,30,0.95,none,,0,0,0,0.0,0.0,0.0,0.0,0.0,0.0,0.0,0.0,0.0,True,True,True,non-critical dormant: review
500415155,dormant,none,False,D,0.0,70.0,30,0.9,none,,0,0,0,0.0,0.0,0.0,0.0,0.0,0.0,0.0,0.0,0.0,True,True,True,non-critical dormant: review
500416008,dormant,none,False,,0.0,20.0,30,0.95,none,,0,0,0,0.0,0.0,0.0,0.0,0.0,0.0,0.0,0.0,0.0,True,True,True,non-critical dormant: review
500416009,dormant,none,False,,0.0,20.0,30,0.95,none,,0,0,0,0.0,0.0,0.0,0.0,0.0,0.0,0.0,0.0,0.0,True,True,True,non-critical dormant: review
500416010,dormant,none,False,,0.0,20.0,30,0.95,none,,0,0,0,0.0,0.0,0.0,0.0,0.0,0.0,0.0,0.0,0.0,True,True,True,non-critical dormant: review
500416011,dormant,none,False,,0.0,15.0,30,0.95,none,,0,0,0,0.0,0.0,1.0,0.0,0.0,1.0,0.0,0.0,-1.0,True,True,True,non-critical dormant: review
500416012,dormant,none,False,,0.0,15.0,30,0.95,none,,0,0,0,0.0,0.0,1.0,0.0,0.0,1.0,0.0,0.0,-1.0,True,True,True,non-critical dormant: review
500416451,active,constant,True,M,0.10410958904109589,13.0,30,0.95,nbinom,2.058,4,5,10,0.0,3.0,6.0,0.0,3.0,4.0,4.0,2.0,6.0,False,False,False,active
500417148,dormant,none,False,,0.0,55.0,30,0.95,none,,0,0,0,0.0,0.0,0.0,0.0,0.0,0.0,0.0,0.0,0.0,True,True,True,non-critical dormant: review
500417149,dormant,none,False,,0.0,55.0,30,0.95,none,,0,0,0,0.0,0.0,0.0,0.0,0.0,0.0,0.0,0.0,0.0,True,True,True,non-critical dormant: review
500417150,dormant,none,False,,0.0,90.0,30,0.95,none,,0,0,0,0.0,0.0,0.0,0.0,0.0,0.0,0.0,0.0,0.0,True,True,True,non-critical dormant: review
500417256,dormant,none,False,,0.0,15.0,30,0.95,none,,0,0,0,0.0,0.0,1.0,0.0,0.0,1.0,0.0,0.0,-1.0,True,True,True,non-critical dormant: review
500417257,dormant,none,False,,0.0,15.0,30,0.95,none,,0,0,0,0.0,0.0,1.0,0.0,0.0,1.0,0.0,0.0,-1.0,True,True,True,non-critical dormant: review
500417258,dormant,none,False,,0.0,15.0,30,0.95,none,,0,0,0,0.0,0.0,1.0,0.0,0.0,1.0,0.0,0.0,-1.0,True,True,True,non-critical dormant: review
500417259,dormant,none,False,,0.0,15.0,30,0.95,none,,0,0,0,0.0,0.0,1.0,0.0,0.0,1.0,0.0,0.0,-1.0,True,True,True,non-critical dormant: review
500417260,dormant,none,False,,0.0,20.0,30,0.95,none,,0,0,0,0.0,0.0,0.0,0.0,0.0,0.0,0.0,0.0,0.0,True,True,True,non-critical dormant: review
500417261,dormant,none,False,,0.0,20.0,30,0.95,none,,0,0,0,0.0,0.0,1.0,0.0,0.0,1.0,0.0,0.0,-1.0,True,True,True,non-critical dormant: review
500417295,dormant,none,False,,0.0,90.0,30,0.95,none,,0,0,0,0.0,0.0,0.0,0.0,0.0,0.0,0.0,0.0,0.0,True,True,True,non-critical dormant: review
500417374,dormant,none,False,,0.0,20.0,30,0.95,none,,0,0,0,0.0,0.0,0.0,0.0,0.0,0.0,0.0,0.0,0.0,True,True,True,non-critical dormant: review
500417461,dormant,none,False,,0.0,95.0,30,0.95,none,,0,0,0,0.0,0.0,1.0,0.0,0.0,1.0,0.0,0.0,-1.0,True,True,True,non-critical dormant: review
500417462,dormant,none,False,,0.0,33.0,30,0.95,none,,0,0,0,0.0,0.0,1.0,0.0,0.0,1.0,0.0,0.0,-1.0,True,True,True,non-critical dormant: review
500417463,dormant,none,False,,0.0,25.0,30,0.95,none,,0,0,0,0.0,0.0,1.0,0.0,0.0,1.0,0.0,0.0,-1.0,True,True,True,non-critical dormant: review
500417464,dormant,none,False,,0.0,30.0,30,0.95,none,,0,0,0,0.0,0.0,1.0,0.0,0.0,1.0,0.0,0.0,-1.0,True,True,True,non-critical dormant: review
500417465,dormant,none,False,D,0.0,27.0,30,0.9,none,,0,0,0,0.0,0.0,1.0,0.0,0.0,1.0,0.0,0.0,-1.0,True,True,True,non-critical dormant: review
500417466,dormant,none,False,,0.0,15.0,30,0.95,none,,0,0,0,0.0,0.0,1.0,0.0,0.0,1.0,0.0,0.0,-1.0,True,True,True,non-critical dormant: review
500418076,dormant,none,False,,0.0,20.0,30,0.95,none,,0,0,0,0.0,0.0,0.0,0.0,0.0,0.0,0.0,0.0,0.0,True,True,True,non-critical dormant: review
500418345,dormant,none,False,D,0.0,25.0,30,0.9,none,,0,0,0,0.0,0.0,1.0,0.0,0.0,1.0,0.0,0.0,-1.0,True,True,True,non-critical dormant: review
500418496,dormant,none,False,,0.0,35.0,30,0.95,none,,0,0,0,0.0,0.0,0.0,0.0,0.0,0.0,0.0,0.0,0.0,True,True,True,non-critical dormant: review
500418762,dying,dying,False,L,0.0,10.0,30,0.9,nbinom,5.0,0,0,1,0.0,0.0,1.0,0.0,0.0,1.0,0.0,0.0,0.0,True,True,True,"dying: demand ceased, review"
500418769,dormant,none,False,,0.0,30.0,30,0.95,none,,0,0,0,0.0,0.0,0.0,0.0,0.0,0.0,0.0,0.0,0.0,True,True,True,non-critical dormant: review
500418770,dormant,none,False,,0.0,27.0,30,0.95,none,,0,0,0,0.0,0.0,0.0,0.0,0.0,0.0,0.0,0.0,0.0,True,True,True,non-critical dormant: review
500418771,dormant,none,False,,0.0,27.0,30,0.95,none,,0,0,0,0.0,0.0,0.0,0.0,0.0,0.0,0.0,0.0,0.0,True,True,True,non-critical dormant: review
500418772,dormant,none,False,,0.0,38.0,30,0.95,none,,0,0,0,0.0,0.0,0.0,0.0,0.0,0.0,0.0,0.0,0.0,True,True,True,non-critical dormant: review
500418883,dying,dying,False,L,0.0,34.0,30,0.9,nbinom,5.0,0,0,1,0.0,0.0,1.0,0.0,0.0,1.0,0.0,0.0,0.0,True,True,True,"dying: demand ceased, review"
500418884,dormant,none,False,,0.0,10.0,30,0.95,none,,0,0,0,0.0,0.0,1.0,0.0,0.0,1.0,0.0,0.0,-1.0,True,True,True,non-critical dormant: review
500418885,dormant,none,False,L,0.0,10.0,30,0.9,none,,0,0,0,0.0,0.0,1.0,0.0,0.0,1.0,0.0,0.0,-1.0,True,True,True,non-critical dormant: review
500418886,dormant,none,False,,0.0,10.0,30,0.95,none,,0,0,0,0.0,0.0,1.0,0.0,0.0,1.0,0.0,0.0,-1.0,True,True,True,non-critical dormant: review
500418887,dormant,none,False,,0.0,35.0,30,0.95,none,,0,0,0,0.0,0.0,1.0,0.0,0.0,1.0,0.0,0.0,-1.0,True,True,True,non-critical dormant: review
500418889,dormant,none,False,D,0.0,30.0,30,0.9,none,,0,0,0,0.0,0.0,1.0,0.0,0.0,1.0,0.0,0.0,-1.0,True,True,True,non-critical dormant: review
500418890,dormant,none,False,,0.0,10.0,30,0.95,none,,0,0,0,0.0,0.0,1.0,0.0,0.0,1.0,0.0,0.0,-1.0,True,True,True,non-critical dormant: review
500418891,dormant,none,False,,0.0,10.0,30,0.95,none,,0,0,0,0.0,0.0,1.0,0.0,0.0,1.0,0.0,0.0,-1.0,True,True,True,non-critical dormant: review
500418892,dying,dying,False,L,0.0027397260273972603,10.0,30,0.9,nbinom,5.0,0,0,1,0.0,0.0,1.0,0.0,0.0,1.0,0.0,0.0,0.0,True,True,True,"dying: demand ceased, review"
500418893,dormant,none,False,D,0.0,10.0,30,0.9,none,,0,0,0,0.0,0.0,1.0,0.0,0.0,1.0,0.0,0.0,-1.0,True,True,True,non-critical dormant: review
500418894,dormant,none,False,,0.0,10.0,30,0.95,none,,0,0,0,0.0,0.0,1.0,0.0,0.0,1.0,0.0,0.0,-1.0,True,True,True,non-critical dormant: review
500418895,dormant,none,False,,0.0,10.0,30,0.95,none,,0,0,0,0.0,0.0,1.0,0.0,0.0,1.0,0.0,0.0,-1.0,True,True,True,non-critical dormant: review
500418896,dormant,none,False,,0.0,10.0,30,0.95,none,,0,0,0,0.0,0.0,1.0,0.0,0.0,1.0,0.0,0.0,-1.0,True,True,True,non-critical dormant: review
500418899,dormant,none,False,,0.0,45.0,30,0.95,none,,0,0,0,0.0,0.0,0.0,0.0,0.0,0.0,0.0,0.0,0.0,True,True,True,non-critical dormant: review
500419773,dormant,none,False,D,0.0,10.0,30,0.9,none,,0,0,0,0.0,0.0,1.0,0.0,0.0,1.0,0.0,0.0,-1.0,True,True,True,non-critical dormant: review
500419967,dormant,none,False,,0.0,115.0,30,0.95,none,,0,0,0,0.0,0.0,0.0,0.0,0.0,0.0,0.0,0.0,0.0,True,True,True,non-critical dormant: review
500420684,dormant,none,False,D,0.0,25.0,30,0.9,none,,0,0,0,0.0,0.0,0.0,0.0,0.0,0.0,0.0,0.0,0.0,True,True,True,non-critical dormant: review
500420685,dormant,none,False,D,0.0,25.0,30,0.9,none,,0,0,0,0.0,0.0,0.0,0.0,0.0,0.0,0.0,0.0,0.0,True,True,True,non-critical dormant: review
500420690,dying,dying,False,L,0.0027397260273972603,30.0,30,0.9,nbinom,5.0,0,0,1,0.0,0.0,1.0,0.0,0.0,1.0,0.0,0.0,0.0,True,True,True,"dying: demand ceased, review"
500420779,dying,dying,False,L,0.0273972602739726,30.0,30,0.9,nbinom,5.0,3,3,60,0.0,0.0,1.0,0.0,2.0,3.0,3.0,1.0,57.0,False,True,False,"dying: demand ceased, review"
500420782,dormant,none,False,,0.0,55.0,30,0.95,none,,0,0,0,0.0,0.0,0.0,0.0,0.0,0.0,0.0,0.0,0.0,True,True,True,non-critical dormant: review
500421092,dormant,none,False,,0.0,55.0,30,0.95,none,,0,0,0,0.0,0.0,1.0,0.0,0.0,1.0,0.0,0.0,-1.0,True,True,True,non-critical dormant: review
500421093,dormant,none,False,,0.0,10.0,30,0.95,none,,0,0,0,0.0,0.0,0.0,0.0,0.0,0.0,0.0,0.0,0.0,True,True,True,non-critical dormant: review
500421094,dormant,none,False,,0.0,10.0,30,0.95,none,,0,0,0,0.0,0.0,0.0,0.0,0.0,0.0,0.0,0.0,0.0,True,True,True,non-critical dormant: review
500421194,dormant,none,False,,0.0,50.0,30,0.95,none,,0,0,0,0.0,0.0,0.0,0.0,0.0,0.0,0.0,0.0,0.0,True,True,True,non-critical dormant: review
500421705,dormant,none,False,D,0.0,95.0,30,0.9,none,,0,0,0,0.0,0.0,0.0,0.0,0.0,0.0,0.0,0.0,0.0,True,True,True,non-critical dormant: review
500421706,dormant,none,False,D,0.0,50.0,30,0.9,none,,0,0,0,0.0,0.0,0.0,0.0,0.0,0.0,0.0,0.0,0.0,True,True,True,non-critical dormant: review
500421707,dormant,none,False,,0.0,65.0,30,0.95,none,,0,0,0,0.0,0.0,0.0,0.0,0.0,0.0,0.0,0.0,0.0,True,True,True,non-critical dormant: review
500421839,dormant,none,False,D,0.0,65.0,30,0.9,none,,0,0,0,0.0,0.0,1.0,0.0,0.0,1.0,0.0,0.0,-1.0,True,True,True,non-critical dormant: review
500421916,dormant,none,False,,0.0,35.0,30,0.95,none,,0,0,0,0.0,0.0,1.0,0.0,0.0,0.0,0.0,0.0,0.0,True,True,True,non-critical dormant: review
500422545,dying,dying,False,L,0.0,30.0,30,0.9,nbinom,5.0,0,0,1,4.0,5.0,6.0,0.0,0.0,1.0,0.0,0.0,0.0,True,True,True,"dying: demand ceased, review"
500422899,dormant,none,False,,0.0,15.0,30,0.95,none,,0,0,0,0.0,0.0,0.0,0.0,0.0,0.0,0.0,0.0,0.0,True,True,True,non-critical dormant: review
500422900,dormant,none,False,,0.0,23.0,30,0.95,none,,0,0,0,0.0,0.0,1.0,0.0,0.0,1.0,0.0,0.0,-1.0,True,True,True,non-critical dormant: review
500422901,dormant,none,False,,0.0,25.0,30,0.95,none,,0,0,0,0.0,0.0,0.0,0.0,0.0,0.0,0.0,0.0,0.0,True,True,True,non-critical dormant: review
500422902,dormant,none,False,,0.0,25.0,30,0.95,none,,0,0,0,0.0,0.0,0.0,0.0,0.0,0.0,0.0,0.0,0.0,True,True,True,non-critical dormant: review
500422959,dormant,none,False,,0.0,16.0,30,0.95,none,,0,0,0,0.0,0.0,0.0,0.0,0.0,0.0,0.0,0.0,0.0,True,True,True,non-critical dormant: review
500423491,dormant,none,False,,0.0,90.0,30,0.95,none,,0,0,0,0.0,0.0,0.0,0.0,0.0,0.0,0.0,0.0,0.0,True,True,True,non-critical dormant: review
500423492,dormant,none,False,,0.0,105.0,30,0.95,none,,0,0,0,0.0,0.0,0.0,0.0,0.0,0.0,0.0,0.0,0.0,True,True,True,non-critical dormant: review
500423493,dormant,none,False,D,0.0,80.0,30,0.9,none,,0,0,0,0.0,0.0,0.0,0.0,0.0,0.0,0.0,0.0,0.0,True,True,True,non-critical dormant: review
500423494,dormant,none,False,,0.0,90.0,30,0.95,none,,0,0,0,0.0,0.0,0.0,0.0,0.0,0.0,0.0,0.0,0.0,True,True,True,non-critical dormant: review
500423560,dormant,none,False,D,0.0,30.0,30,0.9,none,,0,0,0,0.0,0.0,0.0,0.0,0.0,0.0,0.0,0.0,0.0,True,True,True,non-critical dormant: review
500423561,dormant,none,False,D,0.0,30.0,30,0.9,none,,0,0,0,0.0,0.0,1.0,0.0,0.0,1.0,0.0,0.0,-1.0,True,True,True,non-critical dormant: review
500423562,dormant,none,False,D,0.0,30.0,30,0.9,none,,0,0,0,0.0,0.0,0.0,0.0,0.0,0.0,0.0,0.0,0.0,True,True,True,non-critical dormant: review
500423563,dormant,none,False,D,0.0,30.0,30,0.9,none,,0,0,0,0.0,0.0,1.0,0.0,0.0,1.0,0.0,0.0,-1.0,True,True,True,non-critical dormant: review
500423564,dying,dying,False,L,0.0,30.0,30,0.9,nbinom,5.0,0,0,1,0.0,0.0,1.0,0.0,0.0,1.0,0.0,0.0,0.0,True,True,True,"dying: demand ceased, review"
500423565,dormant,none,False,D,0.0,30.0,30,0.9,none,,0,0,0,0.0,0.0,0.0,0.0,0.0,0.0,0.0,0.0,0.0,True,True,True,non-critical dormant: review
500423566,dormant,none,False,D,0.0,30.0,30,0.9,none,,0,0,0,0.0,0.0,1.0,0.0,0.0,1.0,0.0,0.0,-1.0,True,True,True,non-critical dormant: review
500423569,active,constant,True,H,0.8301369863013699,30.0,30,0.99,poisson,1.0,13,37,67,23.0,82.0,102.0,19.0,64.0,84.0,-6.0,-27.0,-17.0,False,False,False,active
500423570,dormant,none,False,,0.0,30.0,30,0.95,none,,0,0,0,0.0,0.0,0.0,0.0,0.0,0.0,0.0,0.0,0.0,True,True,True,non-critical dormant: review
500423571,dormant,none,False,D,0.0,30.0,30,0.9,none,,0,0,0,0.0,0.0,0.0,0.0,0.0,0.0,0.0,0.0,0.0,True,True,True,non-critical dormant: review
500423572,dormant,none,False,D,0.0,30.0,30,0.9,none,,0,0,0,0.0,0.0,1.0,0.0,0.0,1.0,0.0,0.0,-1.0,True,True,True,non-critical dormant: review
500423573,dormant,none,False,D,0.0,30.0,30,0.9,none,,0,0,0,0.0,0.0,1.0,0.0,0.0,1.0,0.0,0.0,-1.0,True,True,True,non-critical dormant: review
500423574,dormant,none,False,,0.0,30.0,30,0.95,none,,0,0,0,0.0,0.0,0.0,0.0,0.0,0.0,0.0,0.0,0.0,True,True,True,non-critical dormant: review
500423575,dormant,none,False,,0.0,30.0,30,0.95,none,,0,0,0,0.0,0.0,0.0,0.0,0.0,0.0,0.0,0.0,0.0,True,True,True,non-critical dormant: review
500423576,dormant,none,False,D,0.0,30.0,30,0.9,none,,0,0,0,0.0,0.0,1.0,0.0,0.0,1.0,0.0,0.0,-1.0,True,True,True,non-critical dormant: review
500423577,dormant,none,False,D,0.0,30.0,30,0.9,none,,0,0,0,0.0,0.0,1.0,0.0,0.0,1.0,0.0,0.0,-1.0,True,True,True,non-critical dormant: review
500423591,dormant,none,False,,0.0,25.0,30,0.95,none,,0,0,0,0.0,0.0,0.0,0.0,0.0,0.0,0.0,0.0,0.0,True,True,True,non-critical dormant: review
500423592,dormant,none,False,,0.0,30.0,30,0.95,none,,0,0,0,0.0,0.0,0.0,0.0,0.0,0.0,0.0,0.0,0.0,True,True,True,non-critical dormant: review
500423593,dormant,none,False,,0.0,85.0,30,0.95,none,,0,0,0,0.0,0.0,0.0,0.0,0.0,0.0,0.0,0.0,0.0,True,True,True,non-critical dormant: review
500423594,dying,dying,False,L,0.0027397260273972603,45.0,30,0.9,nbinom,5.0,0,0,1,0.0,0.0,0.0,0.0,0.0,0.0,0.0,0.0,1.0,True,True,True,"dying: demand ceased, review"
500423595,dying,dying,False,L,0.0027397260273972603,35.0,30,0.9,nbinom,5.0,0,0,1,0.0,0.0,0.0,0.0,0.0,1.0,0.0,0.0,0.0,True,True,True,"dying: demand ceased, review"
500423596,dormant,none,False,,0.0,35.0,30,0.95,none,,0,0,0,0.0,0.0,1.0,0.0,0.0,1.0,0.0,0.0,-1.0,True,True,True,non-critical dormant: review
500423597,dormant,none,False,,0.0,35.0,30,0.95,none,,0,0,0,0.0,0.0,0.0,0.0,0.0,0.0,0.0,0.0,0.0,True,True,True,non-critical dormant: review
500423598,dormant,none,False,,0.0,35.0,30,0.95,none,,0,0,0,0.0,0.0,0.0,0.0,0.0,0.0,0.0,0.0,0.0,True,True,True,non-critical dormant: review
500423875,dormant,none,False,D,0.0,45.0,30,0.9,none,,0,0,0,0.0,0.0,1.0,0.0,0.0,1.0,0.0,0.0,-1.0,True,True,True,non-critical dormant: review
500423876,dormant,none,False,D,0.0,45.0,30,0.9,none,,0,0,0,0.0,0.0,1.0,0.0,0.0,1.0,0.0,0.0,-1.0,True,True,True,non-critical dormant: review
500423877,dormant,none,False,,0.0,45.0,30,0.95,none,,0,0,0,0.0,0.0,1.0,0.0,0.0,1.0,0.0,0.0,-1.0,True,True,True,non-critical dormant: review
500423878,dormant,none,False,,0.0,35.0,30,0.95,none,,0,0,0,0.0,0.0,1.0,0.0,0.0,1.0,0.0,0.0,-1.0,True,True,True,non-critical dormant: review
500424829,dormant,none,False,,0.0,63.0,30,0.95,none,,0,0,0,0.0,0.0,0.0,0.0,0.0,0.0,0.0,0.0,0.0,True,True,True,non-critical dormant: review
500425220,dormant,none,False,,0.0,26.0,30,0.95,none,,0,0,0,0.0,0.0,0.0,0.0,0.0,0.0,0.0,0.0,0.0,True,True,True,non-critical dormant: review
500425221,dormant,none,False,,0.0,20.0,30,0.95,none,,0,0,0,0.0,0.0,0.0,0.0,0.0,0.0,0.0,0.0,0.0,True,True,True,non-critical dormant: review
500425509,dormant,none,False,,0.0,25.0,30,0.95,none,,0,0,0,0.0,0.0,0.0,0.0,0.0,0.0,0.0,0.0,0.0,True,True,True,non-critical dormant: review
500425510,dormant,none,False,,0.0,25.0,30,0.95,none,,0,0,0,0.0,0.0,0.0,0.0,0.0,0.0,0.0,0.0,0.0,True,True,True,non-critical dormant: review
500426305,dormant,none,False,L,0.0,52.0,30,0.9,none,,0,0,0,0.0,0.0,0.0,0.0,0.0,0.0,0.0,0.0,0.0,True,True,True,non-critical dormant: review
500426460,dormant,none,False,D,0.0,70.0,30,0.9,none,,0,0,0,0.0,0.0,0.0,0.0,0.0,0.0,0.0,0.0,0.0,True,True,True,non-critical dormant: review
500426591,active,constant,True,M,0.0273972602739726,20.0,30,0.95,nbinom,1.627,2,2,4,2.0,3.0,4.0,1.0,2.0,3.0,1.0,0.0,1.0,True,True,True,active
500426733,dormant,none,False,,0.0,30.0,30,0.95,none,,0,0,0,0.0,0.0,0.0,0.0,0.0,0.0,0.0,0.0,0.0,True,True,True,non-critical dormant: review
500426912,dormant,none,False,,0.0,16.0,30,0.95,none,,0,0,0,0.0,0.0,0.0,0.0,0.0,0.0,0.0,0.0,0.0,True,True,True,non-critical dormant: review
500427305,active,constant,True,L,0.0027397260273972603,40.0,30,0.9,nbinom,3.785,0,0,1,0.0,0.0,1.0,0.0,0.0,1.0,0.0,0.0,0.0,True,True,True,active
500427306,active,constant,True,D,0.0027397260273972603,30.0,30,0.9,nbinom,5.0,0,0,1,0.0,0.0,0.0,0.0,0.0,0.0,0.0,0.0,1.0,True,True,True,active
500427307,dormant,none,False,,0.0,30.0,30,0.95,none,,0,0,0,0.0,0.0,1.0,0.0,0.0,1.0,0.0,0.0,-1.0,True,True,True,non-critical dormant: review
500427308,dormant,none,False,,0.0,30.0,30,0.95,none,,0,0,0,0.0,0.0,1.0,0.0,0.0,1.0,0.0,0.0,-1.0,True,True,True,non-critical dormant: review
500427418,dormant,none,False,,0.0,35.0,30,0.95,none,,0,0,0,0.0,0.0,0.0,0.0,0.0,0.0,0.0,0.0,0.0,True,True,True,non-critical dormant: review
500427419,dormant,none,False,,0.0,35.0,30,0.95,none,,0,0,0,0.0,0.0,0.0,0.0,0.0,0.0,0.0,0.0,0.0,True,True,True,non-critical dormant: review
500427420,dormant,none,False,,0.0,35.0,30,0.95,none,,0,0,0,0.0,0.0,0.0,0.0,0.0,0.0,0.0,0.0,0.0,True,True,True,non-critical dormant: review
500427666,dormant,none,False,,0.0,10.0,30,0.95,none,,0,0,0,0.0,0.0,1.0,0.0,0.0,1.0,0.0,0.0,-1.0,True,True,True,non-critical dormant: review
500427667,dormant,none,False,,0.0,10.0,30,0.95,none,,0,0,0,0.0,0.0,1.0,0.0,0.0,1.0,0.0,0.0,-1.0,True,True,True,non-critical dormant: review
500427668,dormant,none,False,,0.0,10.0,30,0.95,none,,0,0,0,0.0,0.0,1.0,0.0,0.0,1.0,0.0,0.0,-1.0,True,True,True,non-critical dormant: review
500427669,dormant,none,False,,0.0,10.0,30,0.95,none,,0,0,0,0.0,0.0,1.0,0.0,0.0,1.0,0.0,0.0,-1.0,True,True,True,non-critical dormant: review
500428797,dying,dying,False,L,0.0,45.0,30,0.9,nbinom,3.416,0,0,1,0.0,0.0,1.0,0.0,0.0,1.0,0.0,0.0,0.0,True,True,True,"dying: demand ceased, review"
500429302,dormant,none,False,,0.0,40.0,30,0.95,none,,0,0,0,0.0,0.0,1.0,0.0,0.0,1.0,0.0,0.0,-1.0,True,True,True,non-critical dormant: review
500429393,dying,dying,False,L,0.0,30.0,30,0.9,nbinom,5.0,0,0,1,0.0,0.0,1.0,0.0,0.0,1.0,0.0,0.0,0.0,True,True,True,"dying: demand ceased, review"
500429394,dormant,none,False,D,0.0,13.0,30,0.9,none,,0,0,0,0.0,0.0,1.0,0.0,0.0,1.0,0.0,0.0,-1.0,True,True,True,non-critical dormant: review
500429470,dormant,none,False,,0.0,90.0,30,0.95,none,,0,0,0,0.0,0.0,0.0,0.0,0.0,0.0,0.0,0.0,0.0,True,True,True,non-critical dormant: review
500430136,dying,dying,False,M,0.0273972602739726,30.0,30,0.95,nbinom,3.0,4,4,6,0.0,2.0,3.0,0.0,2.0,3.0,4.0,2.0,3.0,False,False,False,"dying: demand ceased, review"
500430137,dying,dying,False,L,0.010958904109589041,30.0,30,0.9,nbinom,3.0,1,1,2,0.0,1.0,2.0,0.0,1.0,2.0,1.0,0.0,0.0,True,True,True,"dying: demand ceased, review"
500430291,dormant,none,False,D,0.0,45.0,30,0.9,none,,0,0,0,0.0,0.0,0.0,0.0,0.0,0.0,0.0,0.0,0.0,True,True,True,non-critical dormant: review
500430505,dormant,none,False,D,0.0,35.0,30,0.9,none,,0,0,0,0.0,0.0,0.0,0.0,0.0,0.0,0.0,0.0,0.0,True,True,True,non-critical dormant: review
500430634,dormant,none,False,,0.0,45.0,30,0.95,none,,0,0,0,0.0,0.0,1.0,0.0,0.0,1.0,0.0,0.0,-1.0,True,True,True,non-critical dormant: review
500430635,dormant,none,False,,0.0,20.0,30,0.95,none,,0,0,0,0.0,0.0,0.0,0.0,0.0,0.0,0.0,0.0,0.0,True,True,True,non-critical dormant: review
500430636,dormant,none,False,,0.0,20.0,30,0.95,none,,0,0,0,0.0,0.0,1.0,0.0,0.0,1.0,0.0,0.0,-1.0,True,True,True,non-critical dormant: review
500431069,dormant,none,False,,0.0,70.0,30,0.95,none,,0,0,0,0.0,0.0,0.0,0.0,0.0,0.0,0.0,0.0,0.0,True,True,True,non-critical dormant: review
500431377,dormant,none,False,D,0.0,35.0,30,0.9,none,,0,0,0,0.0,0.0,1.0,0.0,0.0,1.0,0.0,0.0,-1.0,True,True,True,non-critical dormant: review
500432513,dormant,none,False,,0.0,40.0,30,0.95,none,,0,0,0,0.0,0.0,0.0,0.0,0.0,0.0,0.0,0.0,0.0,True,True,True,non-critical dormant: review
500433611,dormant,none,False,D,0.0,30.0,30,0.9,none,,0,0,0,0.0,0.0,1.0,0.0,0.0,1.0,0.0,0.0,-1.0,True,True,True,non-critical dormant: review
500433612,dying,dying,False,H,0.03561643835616438,9.0,30,0.99,nbinom,3.0,5,5,9,1.0,2.0,3.0,1.0,2.0,3.0,4.0,3.0,6.0,False,False,False,"dying: demand ceased, review"
500435315,dying,dying,False,L,0.0027397260273972603,13.0,30,0.9,nbinom,4.185,0,0,1,0.0,0.0,1.0,0.0,0.0,1.0,0.0,0.0,0.0,True,True,True,"dying: demand ceased, review"
500461081,dying,dying,False,H,0.35342465753424657,35.0,30,0.99,nbinom,3.0,18,30,50,1.0,23.0,36.0,1.0,23.0,35.0,17.0,7.0,15.0,False,False,False,"dying: demand ceased, review"
500462479,dormant,none,False,,0.0,75.0,30,0.95,none,,0,0,0,0.0,0.0,0.0,0.0,0.0,0.0,0.0,0.0,0.0,True,True,True,non-critical dormant: review
500462481,dormant,none,False,,0.0,90.0,30,0.95,none,,0,0,0,0.0,0.0,0.0,0.0,0.0,0.0,0.0,0.0,0.0,True,True,True,non-critical dormant: review
500462483,dormant,none,False,D,0.0,55.0,30,0.9,none,,0,0,0,0.0,0.0,0.0,0.0,0.0,0.0,0.0,0.0,0.0,True,True,True,non-critical dormant: review
500610218,dormant,none,False,D,0.0,70.0,30,0.9,none,,0,0,0,0.0,0.0,0.0,0.0,0.0,0.0,0.0,0.0,0.0,True,True,True,non-critical dormant: review
500610221,active,constant,True,L,0.0027397260273972603,70.0,30,0.9,nbinom,5.0,0,0,1,0.0,0.0,0.0,0.0,0.0,0.0,0.0,0.0,1.0,True,True,True,active
500610222,dormant,none,False,D,0.0,70.0,30,0.9,none,,0,0,0,0.0,0.0,0.0,0.0,0.0,0.0,0.0,0.0,0.0,True,True,True,non-critical dormant: review
500610223,dormant,none,False,,0.0,55.0,30,0.95,none,,0,0,0,0.0,0.0,0.0,0.0,0.0,0.0,0.0,0.0,0.0,True,True,True,non-critical dormant: review
500610224,dormant,none,False,D,0.0,55.0,30,0.9,none,,0,0,0,0.0,0.0,0.0,0.0,0.0,0.0,0.0,0.0,0.0,True,True,True,non-critical dormant: review
500610226,dormant,none,False,D,0.0,70.0,30,0.9,none,,0,0,0,0.0,0.0,0.0,0.0,0.0,0.0,0.0,0.0,0.0,True,True,True,non-critical dormant: review
500679686,active,constant,True,L,0.010958904109589041,16.0,30,0.9,nbinom,2.798,0,0,2,0.0,0.0,1.0,0.0,0.0,1.0,0.0,0.0,1.0,True,True,True,active
500679687,active,constant,True,D,0.0027397260273972603,45.0,30,0.9,nbinom,5.0,0,0,1,0.0,0.0,1.0,0.0,0.0,1.0,0.0,0.0,0.0,True,True,True,active
500679749,dormant,none,False,D,0.0,35.0,30,0.9,none,,0,0,0,0.0,0.0,0.0,0.0,0.0,0.0,0.0,0.0,0.0,True,True,True,non-critical dormant: review
500681671,dormant,none,False,,0.0,48.0,30,0.95,none,,0,0,0,0.0,0.0,0.0,0.0,0.0,0.0,0.0,0.0,0.0,True,True,True,non-critical dormant: review
500681672,dormant,none,False,,0.0,27.0,30,0.95,none,,0,0,0,0.0,0.0,0.0,0.0,0.0,0.0,0.0,0.0,0.0,True,True,True,non-critical dormant: review
500681803,active,constant,True,,0.0027397260273972603,35.0,30,0.95,nbinom,5.0,0,0,1,0.0,0.0,1.0,0.0,0.0,1.0,0.0,0.0,0.0,True,True,True,active
500682070,dying,dying,False,L,0.0,10.0,30,0.9,nbinom,5.0,0,0,1,0.0,0.0,1.0,0.0,0.0,1.0,0.0,0.0,0.0,True,True,True,"dying: demand ceased, review"
500682256,dying,dying,False,L,0.0027397260273972603,75.0,30,0.9,nbinom,5.0,0,0,1,0.0,0.0,0.0,0.0,0.0,0.0,0.0,0.0,1.0,True,True,True,"dying: demand ceased, review"
500682257,dying,dying,False,L,0.0027397260273972603,75.0,30,0.9,nbinom,5.0,0,0,1,0.0,0.0,0.0,0.0,0.0,0.0,0.0,0.0,1.0,True,True,True,"dying: demand ceased, review"
500682321,dormant,none,False,D,0.0,40.0,30,0.9,none,,0,0,0,0.0,0.0,0.0,0.0,0.0,0.0,0.0,0.0,0.0,True,True,True,non-critical dormant: review
500682335,dormant,none,False,,0.0,15.0,30,0.95,none,,0,0,0,0.0,0.0,1.0,0.0,0.0,1.0,0.0,0.0,-1.0,True,True,True,non-critical dormant: review
500682346,dormant,none,False,,0.0,30.0,30,0.95,none,,0,0,0,0.0,0.0,0.0,0.0,0.0,0.0,0.0,0.0,0.0,True,True,True,non-critical dormant: review
500682347,dormant,none,False,D,0.0,66.0,30,0.9,none,,0,0,0,0.0,0.0,0.0,0.0,0.0,0.0,0.0,0.0,0.0,True,True,True,non-critical dormant: review
500682349,dormant,none,False,D,0.0,66.0,30,0.9,none,,0,0,0,0.0,0.0,0.0,0.0,0.0,0.0,0.0,0.0,0.0,True,True,True,non-critical dormant: review
500682686,dormant,none,False,D,0.0,75.0,30,0.9,none,,0,0,0,0.0,0.0,0.0,0.0,0.0,0.0,0.0,0.0,0.0,True,True,True,non-critical dormant: review
500682687,dormant,none,False,D,0.0,75.0,30,0.9,none,,0,0,0,0.0,0.0,0.0,0.0,0.0,0.0,0.0,0.0,0.0,True,True,True,non-critical dormant: review
500682688,dormant,none,False,D,0.0,75.0,30,0.9,none,,0,0,0,0.0,0.0,0.0,0.0,0.0,0.0,0.0,0.0,0.0,True,True,True,non-critical dormant: review
500682689,dormant,none,False,D,0.0,75.0,30,0.9,none,,0,0,0,0.0,0.0,0.0,0.0,0.0,0.0,0.0,0.0,0.0,True,True,True,non-critical dormant: review
500682792,dormant,none,False,D,0.0,35.0,30,0.9,none,,0,0,0,0.0,0.0,0.0,0.0,1.0,2.0,0.0,-1.0,-2.0,True,True,False,non-critical dormant: review
500682793,dormant,none,False,L,0.0,20.0,30,0.9,none,,0,0,0,0.0,0.0,1.0,0.0,0.0,1.0,0.0,0.0,-1.0,True,True,True,non-critical dormant: review
500682954,dormant,none,False,D,0.0,30.0,30,0.9,none,,0,0,0,0.0,0.0,1.0,0.0,0.0,1.0,0.0,0.0,-1.0,True,True,True,non-critical dormant: review
500683239,dormant,none,False,,0.0,65.0,30,0.95,none,,0,0,0,0.0,0.0,0.0,0.0,0.0,0.0,0.0,0.0,0.0,True,True,True,non-critical dormant: review
500683240,dormant,none,False,,0.0,55.0,30,0.95,none,,0,0,0,0.0,0.0,0.0,0.0,0.0,0.0,0.0,0.0,0.0,True,True,True,non-critical dormant: review
500683241,dormant,none,False,D,0.0,55.0,30,0.9,none,,0,0,0,0.0,0.0,0.0,0.0,0.0,0.0,0.0,0.0,0.0,True,True,True,non-critical dormant: review
500683242,dormant,none,False,,0.0,55.0,30,0.95,none,,0,0,0,0.0,0.0,0.0,0.0,0.0,0.0,0.0,0.0,0.0,True,True,True,non-critical dormant: review
500683305,dormant,none,False,D,0.0,11.0,30,0.9,none,,0,0,0,0.0,0.0,0.0,0.0,0.0,0.0,0.0,0.0,0.0,True,True,True,non-critical dormant: review
500683306,dormant,none,False,D,0.0,34.0,30,0.9,none,,0,0,0,0.0,0.0,1.0,0.0,0.0,1.0,0.0,0.0,-1.0,True,True,True,non-critical dormant: review
500683307,dying,dying,False,L,0.005479452054794521,13.0,30,0.9,nbinom,3.0,0,0,1,0.0,0.0,1.0,0.0,0.0,1.0,0.0,0.0,0.0,True,True,True,"dying: demand ceased, review"
500683309,dying,dying,False,L,0.005479452054794521,10.0,30,0.9,nbinom,3.0,0,0,1,0.0,0.0,1.0,0.0,2.0,3.0,0.0,-2.0,-2.0,True,False,False,"dying: demand ceased, review"
500683310,dormant,none,False,,0.0,10.0,30,0.95,none,,0,0,0,0.0,0.0,0.0,0.0,0.0,0.0,0.0,0.0,0.0,True,True,True,non-critical dormant: review
500683311,dormant,none,False,,0.0,45.0,30,0.95,none,,0,0,0,0.0,0.0,1.0,0.0,0.0,1.0,0.0,0.0,-1.0,True,True,True,non-critical dormant: review
500683313,dormant,none,False,D,0.0,13.0,30,0.9,none,,0,0,0,0.0,0.0,1.0,0.0,0.0,1.0,0.0,0.0,-1.0,True,True,True,non-critical dormant: review
500683314,dying,dying,False,L,0.005479452054794521,38.0,30,0.9,nbinom,5.0,0,0,1,0.0,0.0,1.0,0.0,0.0,1.0,0.0,0.0,0.0,True,True,True,"dying: demand ceased, review"
500683315,dormant,none,False,D,0.0,10.0,30,0.9,none,,0,0,0,0.0,0.0,1.0,0.0,0.0,1.0,0.0,0.0,-1.0,True,True,True,non-critical dormant: review
500684067,dormant,none,False,,0.0,15.0,30,0.95,none,,0,0,0,0.0,0.0,1.0,0.0,0.0,1.0,0.0,0.0,-1.0,True,True,True,non-critical dormant: review
500684686,dormant,none,False,D,0.0,45.0,30,0.9,none,,0,0,0,0.0,0.0,1.0,0.0,0.0,1.0,0.0,0.0,-1.0,True,True,True,non-critical dormant: review
500684687,dormant,none,False,D,0.0,45.0,30,0.9,none,,0,0,0,0.0,0.0,0.0,0.0,0.0,0.0,0.0,0.0,0.0,True,True,True,non-critical dormant: review
500685810,dormant,none,False,D,0.0,30.0,30,0.9,none,,0,0,0,0.0,0.0,0.0,0.0,0.0,0.0,0.0,0.0,0.0,True,True,True,non-critical dormant: review
500686029,dormant,none,False,D,0.0,110.0,30,0.9,none,,0,0,0,0.0,0.0,1.0,0.0,0.0,1.0,0.0,0.0,-1.0,True,True,True,non-critical dormant: review
500686116,active,constant,True,M,0.0136986301369863,45.0,30,0.95,nbinom,1.813,3,3,4,0.0,0.0,2.0,0.0,0.0,2.0,3.0,3.0,2.0,False,False,False,active
500686941,dormant,none,False,D,0.0,20.0,30,0.9,none,,0,0,0,0.0,0.0,0.0,0.0,1.0,2.0,0.0,-1.0,-2.0,True,True,False,non-critical dormant: review
500686954,dormant,none,False,,0.0,25.0,30,0.95,none,,0,0,0,0.0,0.0,1.0,0.0,0.0,1.0,0.0,0.0,-1.0,True,True,True,non-critical dormant: review
500687154,dormant,none,False,D,0.0,45.0,30,0.9,none,,0,0,0,0.0,0.0,1.0,0.0,0.0,1.0,0.0,0.0,-1.0,True,True,True,non-critical dormant: review
500687333,dormant,none,False,,0.0,60.0,30,0.95,none,,0,0,0,0.0,0.0,0.0,0.0,0.0,0.0,0.0,0.0,0.0,True,True,True,non-critical dormant: review
500687560,dormant,none,False,,0.0,45.0,30,0.95,none,,0,0,0,0.0,0.0,1.0,0.0,0.0,1.0,0.0,0.0,-1.0,True,True,True,non-critical dormant: review
500687797,dormant,none,False,,0.0,45.0,30,0.95,none,,0,0,0,0.0,0.0,0.0,0.0,0.0,0.0,0.0,0.0,0.0,True,True,True,non-critical dormant: review
500688142,dormant,none,False,D,0.0,75.0,30,0.9,none,,0,0,0,0.0,0.0,0.0,0.0,0.0,0.0,0.0,0.0,0.0,True,True,True,non-critical dormant: review
500688305,dormant,none,False,,0.0,25.0,30,0.95,none,,0,0,0,0.0,0.0,0.0,0.0,0.0,0.0,0.0,0.0,0.0,True,True,True,non-critical dormant: review
500688559,dormant,none,False,D,0.0,20.0,30,0.9,none,,0,0,0,0.0,0.0,1.0,0.0,0.0,1.0,0.0,0.0,-1.0,True,True,True,non-critical dormant: review
500688560,dormant,none,False,L,0.0,20.0,30,0.9,none,,0,0,0,0.0,0.0,1.0,0.0,0.0,1.0,0.0,0.0,-1.0,True,True,True,non-critical dormant: review
500688561,active,constant,True,L,0.0027397260273972603,20.0,30,0.9,nbinom,5.0,0,0,1,0.0,0.0,1.0,0.0,1.0,2.0,0.0,-1.0,-1.0,True,True,True,active
500688562,dormant,none,False,D,0.0,20.0,30,0.9,none,,0,0,0,0.0,0.0,1.0,0.0,0.0,1.0,0.0,0.0,-1.0,True,True,True,non-critical dormant: review
500688563,dormant,none,False,L,0.0,20.0,30,0.9,none,,0,0,0,0.0,0.0,1.0,0.0,0.0,1.0,0.0,0.0,-1.0,True,True,True,non-critical dormant: review
500688564,dormant,none,False,L,0.0,20.0,30,0.9,none,,0,0,0,0.0,0.0,1.0,0.0,0.0,1.0,0.0,0.0,-1.0,True,True,True,non-critical dormant: review
500688565,dormant,none,False,L,0.0,20.0,30,0.9,none,,0,0,0,0.0,0.0,1.0,0.0,0.0,1.0,0.0,0.0,-1.0,True,True,True,non-critical dormant: review
500688566,dormant,none,False,L,0.0,20.0,30,0.9,none,,0,0,0,0.0,0.0,1.0,0.0,0.0,1.0,0.0,0.0,-1.0,True,True,True,non-critical dormant: review
500688567,dormant,none,False,,0.0,20.0,30,0.95,none,,0,0,0,0.0,0.0,0.0,0.0,0.0,0.0,0.0,0.0,0.0,True,True,True,non-critical dormant: review
500688568,dormant,none,False,,0.0,15.0,30,0.95,none,,0,0,0,0.0,0.0,0.0,0.0,0.0,0.0,0.0,0.0,0.0,True,True,True,non-critical dormant: review
500688569,dormant,none,False,,0.0,35.0,30,0.95,none,,0,0,0,0.0,0.0,0.0,0.0,1.0,2.0,0.0,-1.0,-2.0,True,True,False,non-critical dormant: review
500688570,dormant,none,False,,0.0,35.0,30,0.95,none,,0,0,0,0.0,0.0,0.0,0.0,0.0,0.0,0.0,0.0,0.0,True,True,True,non-critical dormant: review
500688571,dormant,none,False,,0.0,15.0,30,0.95,none,,0,0,0,0.0,0.0,0.0,0.0,0.0,0.0,0.0,0.0,0.0,True,True,True,non-critical dormant: review
500688572,dormant,none,False,,0.0,20.0,30,0.95,none,,0,0,0,0.0,0.0,0.0,0.0,0.0,0.0,0.0,0.0,0.0,True,True,True,non-critical dormant: review
500688577,dormant,none,False,,0.0,20.0,30,0.95,none,,0,0,0,0.0,0.0,0.0,0.0,0.0,0.0,0.0,0.0,0.0,True,True,True,non-critical dormant: review
500688578,dormant,none,False,,0.0,20.0,30,0.95,none,,0,0,0,0.0,0.0,0.0,0.0,0.0,0.0,0.0,0.0,0.0,True,True,True,non-critical dormant: review
500688579,dormant,none,False,,0.0,15.0,30,0.95,none,,0,0,0,0.0,0.0,0.0,0.0,0.0,0.0,0.0,0.0,0.0,True,True,True,non-critical dormant: review
500688580,dormant,none,False,,0.0,15.0,30,0.95,none,,0,0,0,0.0,0.0,0.0,0.0,0.0,0.0,0.0,0.0,0.0,True,True,True,non-critical dormant: review
500688581,dormant,none,False,,0.0,15.0,30,0.95,none,,0,0,0,0.0,0.0,0.0,0.0,0.0,0.0,0.0,0.0,0.0,True,True,True,non-critical dormant: review
500688582,dormant,none,False,,0.0,15.0,30,0.95,none,,0,0,0,0.0,0.0,0.0,0.0,0.0,1.0,0.0,0.0,-1.0,True,True,True,non-critical dormant: review
500688583,dormant,none,False,,0.0,15.0,30,0.95,none,,0,0,0,0.0,0.0,0.0,0.0,1.0,2.0,0.0,-1.0,-2.0,True,True,False,non-critical dormant: review
500688584,dormant,none,False,D,0.0,25.0,30,0.9,none,,0,0,0,0.0,0.0,0.0,1.0,2.0,3.0,-1.0,-2.0,-3.0,True,False,False,non-critical dormant: review
500688585,dormant,none,False,,0.0,25.0,30,0.95,none,,0,0,0,0.0,0.0,0.0,1.0,2.0,3.0,-1.0,-2.0,-3.0,True,False,False,non-critical dormant: review
500688586,dormant,none,False,,0.0,25.0,30,0.95,none,,0,0,0,0.0,0.0,0.0,0.0,0.0,1.0,0.0,0.0,-1.0,True,True,True,non-critical dormant: review
500688587,dormant,none,False,,0.0,25.0,30,0.95,none,,0,0,0,0.0,0.0,0.0,0.0,0.0,1.0,0.0,0.0,-1.0,True,True,True,non-critical dormant: review
500688589,dormant,none,False,,0.0,25.0,30,0.95,none,,0,0,0,0.0,0.0,0.0,1.0,2.0,3.0,-1.0,-2.0,-3.0,True,False,False,non-critical dormant: review
500688590,dormant,none,False,,0.0,25.0,30,0.95,none,,0,0,0,0.0,0.0,0.0,1.0,2.0,3.0,-1.0,-2.0,-3.0,True,False,False,non-critical dormant: review
500688591,dormant,none,False,,0.0,15.0,30,0.95,none,,0,0,0,0.0,0.0,0.0,0.0,0.0,0.0,0.0,0.0,0.0,True,True,True,non-critical dormant: review
500688592,dormant,none,False,,0.0,15.0,30,0.95,none,,0,0,0,0.0,0.0,0.0,0.0,0.0,0.0,0.0,0.0,0.0,True,True,True,non-critical dormant: review
500688593,dormant,none,False,,0.0,15.0,30,0.95,none,,0,0,0,0.0,0.0,0.0,0.0,0.0,0.0,0.0,0.0,0.0,True,True,True,non-critical dormant: review
500688594,dormant,none,False,,0.0,15.0,30,0.95,none,,0,0,0,0.0,0.0,0.0,0.0,0.0,1.0,0.0,0.0,-1.0,True,True,True,non-critical dormant: review
500688595,dormant,none,False,,0.0,15.0,30,0.95,none,,0,0,0,0.0,0.0,0.0,0.0,0.0,0.0,0.0,0.0,0.0,True,True,True,non-critical dormant: review
500688596,dormant,none,False,,0.0,15.0,30,0.95,none,,0,0,0,0.0,0.0,0.0,0.0,0.0,0.0,0.0,0.0,0.0,True,True,True,non-critical dormant: review
500688597,dormant,none,False,,0.0,15.0,30,0.95,none,,0,0,0,0.0,0.0,0.0,0.0,0.0,0.0,0.0,0.0,0.0,True,True,True,non-critical dormant: review
500688598,dormant,none,False,,0.0,15.0,30,0.95,none,,0,0,0,0.0,0.0,0.0,0.0,0.0,0.0,0.0,0.0,0.0,True,True,True,non-critical dormant: review
500688599,dormant,none,False,L,0.0,20.0,30,0.9,none,,0,0,0,0.0,0.0,0.0,0.0,1.0,2.0,0.0,-1.0,-2.0,True,True,False,non-critical dormant: review
500688601,dormant,none,False,,0.0,15.0,30,0.95,none,,0,0,0,0.0,0.0,0.0,0.0,0.0,0.0,0.0,0.0,0.0,True,True,True,non-critical dormant: review
500688602,dormant,none,False,,0.0,25.0,30,0.95,none,,0,0,0,0.0,0.0,0.0,0.0,0.0,0.0,0.0,0.0,0.0,True,True,True,non-critical dormant: review
500688603,dying,dying,False,L,0.0027397260273972603,20.0,30,0.9,nbinom,3.0,0,0,1,0.0,0.0,1.0,0.0,1.0,2.0,0.0,-1.0,-1.0,True,True,True,"dying: demand ceased, review"
500688604,dying,dying,False,L,0.0,20.0,30,0.9,nbinom,5.0,0,0,1,0.0,0.0,1.0,0.0,1.0,2.0,0.0,-1.0,-1.0,True,True,True,"dying: demand ceased, review"
500688605,dormant,none,False,L,0.0,15.0,30,0.9,none,,0,0,0,0.0,0.0,1.0,0.0,0.0,1.0,0.0,0.0,-1.0,True,True,True,non-critical dormant: review
500688606,dormant,none,False,D,0.0,15.0,30,0.9,none,,0,0,0,0.0,0.0,1.0,0.0,0.0,1.0,0.0,0.0,-1.0,True,True,True,non-critical dormant: review
500688607,active,constant,True,M,0.0273972602739726,15.0,30,0.95,nbinom,1.888,2,2,4,0.0,0.0,1.0,0.0,1.0,2.0,2.0,1.0,2.0,False,True,False,active
500688608,dormant,none,False,D,0.0,15.0,30,0.9,none,,0,0,0,0.0,0.0,1.0,0.0,0.0,1.0,0.0,0.0,-1.0,True,True,True,non-critical dormant: review
500688609,dormant,none,False,,0.0,15.0,30,0.95,none,,0,0,0,0.0,0.0,1.0,0.0,0.0,1.0,0.0,0.0,-1.0,True,True,True,non-critical dormant: review
500688610,dying,dying,False,L,0.005479452054794521,15.0,30,0.9,nbinom,5.0,0,0,1,0.0,0.0,1.0,0.0,1.0,2.0,0.0,-1.0,-1.0,True,True,True,"dying: demand ceased, review"
500688611,active,constant,True,M,0.06575342465753424,15.0,30,0.95,nbinom,1.548,3,3,7,0.0,2.0,4.0,0.0,2.0,4.0,3.0,1.0,3.0,False,True,False,active
500688613,dormant,none,False,,0.0,15.0,30,0.95,none,,0,0,0,0.0,0.0,0.0,0.0,1.0,2.0,0.0,-1.0,-2.0,True,True,False,non-critical dormant: review
500688614,dormant,none,False,D,0.0,15.0,30,0.9,none,,0,0,0,0.0,0.0,1.0,0.0,0.0,1.0,0.0,0.0,-1.0,True,True,True,non-critical dormant: review
500688615,dormant,none,False,,0.0,15.0,30,0.95,none,,0,0,0,0.0,0.0,0.0,0.0,0.0,0.0,0.0,0.0,0.0,True,True,True,non-critical dormant: review
500688616,dormant,none,False,L,0.0,15.0,30,0.9,none,,0,0,0,0.0,0.0,1.0,0.0,0.0,1.0,0.0,0.0,-1.0,True,True,True,non-critical dormant: review
500688617,dying,dying,False,L,0.0027397260273972603,20.0,30,0.9,nbinom,5.0,0,0,1,0.0,1.0,2.0,0.0,1.0,2.0,0.0,-1.0,-1.0,True,True,True,"dying: demand ceased, review"
500688618,dormant,none,False,,0.0,15.0,30,0.95,none,,0,0,0,0.0,0.0,0.0,0.0,0.0,0.0,0.0,0.0,0.0,True,True,True,non-critical dormant: review
500688619,dormant,none,False,L,0.0,15.0,30,0.9,none,,0,0,0,0.0,0.0,1.0,0.0,0.0,1.0,0.0,0.0,-1.0,True,True,True,non-critical dormant: review
500688620,dormant,none,False,,0.0,25.0,30,0.95,none,,0,0,0,0.0,0.0,0.0,0.0,0.0,0.0,0.0,0.0,0.0,True,True,True,non-critical dormant: review
500688621,dormant,none,False,,0.0,25.0,30,0.95,none,,0,0,0,0.0,0.0,0.0,0.0,0.0,0.0,0.0,0.0,0.0,True,True,True,non-critical dormant: review
500688622,dormant,none,False,,0.0,25.0,30,0.95,none,,0,0,0,0.0,0.0,0.0,0.0,0.0,0.0,0.0,0.0,0.0,True,True,True,non-critical dormant: review
500688623,dormant,none,False,,0.0,25.0,30,0.95,none,,0,0,0,0.0,0.0,0.0,0.0,0.0,0.0,0.0,0.0,0.0,True,True,True,non-critical dormant: review
500688624,dormant,none,False,,0.0,25.0,30,0.95,none,,0,0,0,0.0,0.0,0.0,0.0,0.0,0.0,0.0,0.0,0.0,True,True,True,non-critical dormant: review
500688625,dormant,none,False,,0.0,25.0,30,0.95,none,,0,0,0,0.0,0.0,0.0,0.0,0.0,0.0,0.0,0.0,0.0,True,True,True,non-critical dormant: review
500688626,dormant,none,False,,0.0,20.0,30,0.95,none,,0,0,0,0.0,0.0,0.0,0.0,0.0,1.0,0.0,0.0,-1.0,True,True,True,non-critical dormant: review
500688627,dormant,none,False,,0.0,25.0,30,0.95,none,,0,0,0,0.0,0.0,0.0,0.0,0.0,0.0,0.0,0.0,0.0,True,True,True,non-critical dormant: review
500688628,dormant,none,False,,0.0,20.0,30,0.95,none,,0,0,0,0.0,0.0,0.0,0.0,0.0,0.0,0.0,0.0,0.0,True,True,True,non-critical dormant: review
500688629,dormant,none,False,,0.0,20.0,30,0.95,none,,0,0,0,0.0,0.0,0.0,0.0,0.0,0.0,0.0,0.0,0.0,True,True,True,non-critical dormant: review
500688630,dormant,none,False,,0.0,15.0,30,0.95,none,,0,0,0,0.0,0.0,0.0,0.0,1.0,2.0,0.0,-1.0,-2.0,True,True,False,non-critical dormant: review
500688631,dormant,none,False,,0.0,15.0,30,0.95,none,,0,0,0,0.0,0.0,0.0,0.0,1.0,2.0,0.0,-1.0,-2.0,True,True,False,non-critical dormant: review
500688632,dormant,none,False,,0.0,15.0,30,0.95,none,,0,0,0,0.0,0.0,0.0,1.0,2.0,4.0,-1.0,-2.0,-4.0,True,False,False,non-critical dormant: review
500688633,dormant,none,False,,0.0,15.0,30,0.95,none,,0,0,0,0.0,0.0,0.0,0.0,0.0,0.0,0.0,0.0,0.0,True,True,True,non-critical dormant: review
500688634,dormant,none,False,,0.0,15.0,30,0.95,none,,0,0,0,0.0,0.0,0.0,0.0,0.0,0.0,0.0,0.0,0.0,True,True,True,non-critical dormant: review
500688635,dormant,none,False,,0.0,15.0,30,0.95,none,,0,0,0,0.0,0.0,0.0,0.0,0.0,0.0,0.0,0.0,0.0,True,True,True,non-critical dormant: review
500688636,dormant,none,False,,0.0,15.0,30,0.95,none,,0,0,0,0.0,0.0,0.0,0.0,0.0,0.0,0.0,0.0,0.0,True,True,True,non-critical dormant: review
500688637,active,constant,True,M,0.019178082191780823,15.0,30,0.95,nbinom,1.571,2,2,3,0.0,1.0,2.0,1.0,2.0,3.0,1.0,0.0,0.0,True,True,True,active
500688835,dying,dying,False,L,0.0273972602739726,75.0,30,0.9,nbinom,5.0,4,6,8,0.0,0.0,0.0,0.0,0.0,0.0,4.0,6.0,8.0,False,False,False,"dying: demand ceased, review"
500689110,dormant,none,False,D,0.0,30.0,30,0.9,none,,0,0,0,0.0,0.0,1.0,0.0,0.0,1.0,0.0,0.0,-1.0,True,True,True,non-critical dormant: review
500689307,dormant,none,False,,0.0,75.0,30,0.95,none,,0,0,0,0.0,0.0,0.0,0.0,0.0,0.0,0.0,0.0,0.0,True,True,True,non-critical dormant: review
500689308,dormant,none,False,,0.0,59.0,30,0.95,none,,0,0,0,0.0,0.0,0.0,0.0,0.0,0.0,0.0,0.0,0.0,True,True,True,non-critical dormant: review
500690515,active,constant,True,M,0.024657534246575342,35.0,30,0.95,nbinom,1.954,3,3,5,0.0,1.0,2.0,0.0,5.0,7.0,3.0,-2.0,-2.0,False,False,False,active
500691593,dormant,none,False,D,0.0,38.0,30,0.9,none,,0,0,0,0.0,0.0,1.0,0.0,0.0,1.0,0.0,0.0,-1.0,True,True,True,non-critical dormant: review
500693449,dormant,none,False,D,0.0,45.0,30,0.9,none,,0,0,0,0.0,0.0,0.0,0.0,0.0,0.0,0.0,0.0,0.0,True,True,True,non-critical dormant: review
500693654,active,constant,True,L,0.005479452054794521,45.0,30,0.9,nbinom,5.0,0,0,1,0.0,0.0,0.0,1.0,5.0,7.0,-1.0,-5.0,-6.0,True,False,False,active
500694753,active,constant,True,L,0.0027397260273972603,38.0,30,0.9,nbinom,5.0,0,0,1,0.0,0.0,1.0,0.0,0.0,1.0,0.0,0.0,0.0,True,True,True,active
500695126,dormant,none,False,,0.0,15.0,30,0.95,none,,0,0,0,0.0,0.0,1.0,0.0,0.0,1.0,0.0,0.0,-1.0,True,True,True,non-critical dormant: review
500695321,dormant,none,False,D,0.0,34.0,30,0.9,none,,0,0,0,0.0,0.0,1.0,0.0,0.0,1.0,0.0,0.0,-1.0,True,True,True,non-critical dormant: review
500695338,dying,dying,False,L,0.005479452054794521,34.0,30,0.9,nbinom,3.0,0,0,1,0.0,0.0,1.0,0.0,0.0,1.0,0.0,0.0,0.0,True,True,True,"dying: demand ceased, review"
500695340,dormant,none,False,,0.0,56.0,30,0.95,none,,0,0,0,0.0,0.0,0.0,0.0,0.0,0.0,0.0,0.0,0.0,True,True,True,non-critical dormant: review
500695341,active,constant,True,M,0.010958904109589041,34.0,30,0.95,nbinom,2.112,2,2,3,0.0,0.0,1.0,0.0,0.0,1.0,2.0,2.0,2.0,False,False,False,active
500695419,dormant,none,False,D,0.0,56.0,30,0.9,none,,0,0,0,0.0,0.0,1.0,0.0,0.0,1.0,0.0,0.0,-1.0,True,True,True,non-critical dormant: review
500695586,dormant,none,False,,0.0,30.0,30,0.95,none,,0,0,0,0.0,0.0,1.0,0.0,0.0,1.0,0.0,0.0,-1.0,True,True,True,non-critical dormant: review
500695587,dormant,none,False,,0.0,30.0,30,0.95,none,,0,0,0,0.0,0.0,1.0,0.0,0.0,1.0,0.0,0.0,-1.0,True,True,True,non-critical dormant: review
500695665,dormant,none,False,D,0.0,13.0,30,0.9,none,,0,0,0,0.0,0.0,0.0,0.0,0.0,0.0,0.0,0.0,0.0,True,True,True,non-critical dormant: review
500696223,dormant,none,False,D,0.0,45.0,30,0.9,none,,0,0,0,0.0,0.0,0.0,0.0,0.0,0.0,0.0,0.0,0.0,True,True,True,non-critical dormant: review
500696402,dormant,none,False,,0.0,10.0,30,0.95,none,,0,0,0,0.0,0.0,1.0,0.0,0.0,1.0,0.0,0.0,-1.0,True,True,True,non-critical dormant: review
500696403,dying,dying,False,L,0.0027397260273972603,10.0,30,0.9,nbinom,5.0,0,0,1,0.0,0.0,1.0,0.0,0.0,1.0,0.0,0.0,0.0,True,True,True,"dying: demand ceased, review"
500697609,dormant,none,False,D,0.0,30.0,30,0.9,none,,0,0,0,0.0,0.0,0.0,0.0,0.0,0.0,0.0,0.0,0.0,True,True,True,non-critical dormant: review
500697938,dormant,none,False,D,0.0,21.0,30,0.9,none,,0,0,0,0.0,0.0,0.0,0.0,0.0,0.0,0.0,0.0,0.0,True,True,True,non-critical dormant: review
500699047,dormant,none,False,D,0.0,45.0,30,0.9,none,,0,0,0,0.0,0.0,0.0,0.0,0.0,0.0,0.0,0.0,0.0,True,True,True,non-critical dormant: review
500699048,active,constant,True,L,0.0136986301369863,45.0,30,0.9,nbinom,5.0,2,2,3,0.0,0.0,0.0,0.0,0.0,0.0,2.0,2.0,3.0,False,False,False,active
500699255,dormant,none,False,,0.0,20.0,30,0.95,none,,0,0,0,0.0,0.0,0.0,0.0,0.0,0.0,0.0,0.0,0.0,True,True,True,non-critical dormant: review
500699690,dormant,none,False,D,0.0,49.0,30,0.9,none,,0,0,0,0.0,0.0,0.0,0.0,0.0,0.0,0.0,0.0,0.0,True,True,True,non-critical dormant: review
500699962,dormant,none,False,D,0.0,30.0,30,0.9,none,,0,0,0,0.0,0.0,0.0,0.0,0.0,0.0,0.0,0.0,0.0,True,True,True,non-critical dormant: review
500700499,dormant,none,False,L,0.0,20.0,30,0.9,none,,0,0,0,0.0,0.0,1.0,0.0,0.0,1.0,0.0,0.0,-1.0,True,True,True,non-critical dormant: review
500700500,dormant,none,False,,0.0,30.0,30,0.95,none,,0,0,0,0.0,0.0,1.0,0.0,0.0,1.0,0.0,0.0,-1.0,True,True,True,non-critical dormant: review
500700501,dormant,none,False,,0.0,20.0,30,0.95,none,,0,0,0,0.0,0.0,1.0,0.0,0.0,1.0,0.0,0.0,-1.0,True,True,True,non-critical dormant: review
500700502,dormant,none,False,,0.0,20.0,30,0.95,none,,0,0,0,0.0,0.0,1.0,0.0,0.0,1.0,0.0,0.0,-1.0,True,True,True,non-critical dormant: review
500700503,dying,dying,False,L,0.0,20.0,30,0.9,nbinom,5.0,0,0,1,0.0,0.0,1.0,0.0,0.0,1.0,0.0,0.0,0.0,True,True,True,"dying: demand ceased, review"
500700870,dormant,none,False,,0.0,40.0,30,0.95,none,,0,0,0,0.0,0.0,0.0,0.0,0.0,0.0,0.0,0.0,0.0,True,True,True,non-critical dormant: review
500701107,dormant,none,False,,0.0,25.0,30,0.95,none,,0,0,0,0.0,0.0,1.0,0.0,0.0,1.0,0.0,0.0,-1.0,True,True,True,non-critical dormant: review
500701618,dormant,none,False,D,0.0,35.0,30,0.9,none,,0,0,0,0.0,0.0,1.0,0.0,0.0,1.0,0.0,0.0,-1.0,True,True,True,non-critical dormant: review
500701633,dormant,none,False,D,0.0,15.0,30,0.9,none,,0,0,0,0.0,0.0,1.0,0.0,0.0,1.0,0.0,0.0,-1.0,True,True,True,non-critical dormant: review
500702041,active,constant,True,M,0.019178082191780823,30.0,30,0.95,nbinom,1.74,3,3,4,0.0,5.0,7.0,0.0,5.0,7.0,3.0,-2.0,-3.0,False,False,False,active
500702043,dormant,none,False,,0.0,35.0,30,0.95,none,,0,0,0,0.0,0.0,1.0,0.0,0.0,1.0,0.0,0.0,-1.0,True,True,True,non-critical dormant: review
500702084,dying,dying,False,L,0.005479452054794521,38.0,30,0.9,nbinom,5.0,0,0,1,0.0,1.0,2.0,0.0,0.0,1.0,0.0,0.0,0.0,True,True,True,"dying: demand ceased, review"
500702085,active,constant,True,M,0.3013698630136986,30.0,30,0.95,poisson,1.0,5,14,25,12.0,28.0,33.0,10.0,38.0,61.0,-5.0,-24.0,-36.0,False,False,False,active
500702258,dormant,none,False,D,0.0,45.0,30,0.9,none,,0,0,0,0.0,0.0,0.0,0.0,0.0,0.0,0.0,0.0,0.0,True,True,True,non-critical dormant: review
500702355,dormant,none,False,,0.0,50.0,30,0.95,none,,0,0,0,0.0,0.0,1.0,0.0,0.0,1.0,0.0,0.0,-1.0,True,True,True,non-critical dormant: review
500702938,dormant,none,False,,0.0,35.0,30,0.95,none,,0,0,0,0.0,0.0,0.0,0.0,0.0,0.0,0.0,0.0,0.0,True,True,True,non-critical dormant: review
500703131,dormant,none,False,D,0.0,25.0,30,0.9,none,,0,0,0,0.0,0.0,0.0,0.0,0.0,0.0,0.0,0.0,0.0,True,True,True,non-critical dormant: review
500704366,dormant,none,False,,0.0,70.0,30,0.95,none,,0,0,0,0.0,0.0,1.0,0.0,0.0,1.0,0.0,0.0,-1.0,True,True,True,non-critical dormant: review
500705046,dormant,none,False,,0.0,75.0,30,0.95,none,,0,0,0,0.0,0.0,0.0,0.0,0.0,0.0,0.0,0.0,0.0,True,True,True,non-critical dormant: review
500705047,dormant,none,False,,0.0,75.0,30,0.95,none,,0,0,0,0.0,0.0,0.0,0.0,0.0,0.0,0.0,0.0,0.0,True,True,True,non-critical dormant: review
500705120,dormant,none,False,D,0.0,20.0,30,0.9,none,,0,0,0,0.0,0.0,1.0,0.0,0.0,1.0,0.0,0.0,-1.0,True,True,True,non-critical dormant: review
500705121,dormant,none,False,D,0.0,25.0,30,0.9,none,,0,0,0,0.0,0.0,1.0,0.0,0.0,1.0,0.0,0.0,-1.0,True,True,True,non-critical dormant: review
500705122,dormant,none,False,D,0.0,25.0,30,0.9,none,,0,0,0,0.0,0.0,1.0,0.0,0.0,1.0,0.0,0.0,-1.0,True,True,True,non-critical dormant: review
500705123,dying,dying,False,L,0.005479452054794521,15.0,30,0.9,nbinom,3.0,0,0,1,0.0,0.0,1.0,0.0,0.0,1.0,0.0,0.0,0.0,True,True,True,"dying: demand ceased, review"
500705124,dormant,none,False,,0.0,15.0,30,0.95,none,,0,0,0,0.0,0.0,1.0,0.0,0.0,1.0,0.0,0.0,-1.0,True,True,True,non-critical dormant: review
500705125,dormant,none,False,,0.0,15.0,30,0.95,none,,0,0,0,0.0,0.0,1.0,0.0,0.0,1.0,0.0,0.0,-1.0,True,True,True,non-critical dormant: review
500705126,dormant,none,False,,0.0,15.0,30,0.95,none,,0,0,0,0.0,0.0,1.0,0.0,0.0,1.0,0.0,0.0,-1.0,True,True,True,non-critical dormant: review
500705265,active,constant,True,D,0.0027397260273972603,45.0,30,0.9,nbinom,5.0,0,0,1,0.0,0.0,0.0,0.0,0.0,0.0,0.0,0.0,1.0,True,True,True,active
500705266,active,constant,True,D,0.0027397260273972603,45.0,30,0.9,nbinom,5.0,0,0,1,0.0,0.0,0.0,0.0,0.0,0.0,0.0,0.0,1.0,True,True,True,active
500705267,dormant,none,False,D,0.0,45.0,30,0.9,none,,0,0,0,0.0,0.0,0.0,0.0,0.0,0.0,0.0,0.0,0.0,True,True,True,non-critical dormant: review
500706037,dormant,none,False,,0.0,65.0,30,0.95,none,,0,0,0,0.0,0.0,0.0,0.0,0.0,0.0,0.0,0.0,0.0,True,True,True,non-critical dormant: review
500706669,dormant,none,False,D,0.0,15.0,30,0.9,none,,0,0,0,0.0,0.0,1.0,0.0,0.0,1.0,0.0,0.0,-1.0,True,True,True,non-critical dormant: review
500706824,dormant,none,False,D,0.0,30.0,30,0.9,none,,0,0,0,0.0,0.0,1.0,0.0,0.0,1.0,0.0,0.0,-1.0,True,True,True,non-critical dormant: review
500707206,dormant,none,False,L,0.0,15.0,30,0.9,none,,0,0,0,0.0,0.0,1.0,0.0,0.0,1.0,0.0,0.0,-1.0,True,True,True,non-critical dormant: review
500707207,dormant,none,False,,0.0,15.0,30,0.95,none,,0,0,0,0.0,0.0,0.0,0.0,0.0,1.0,0.0,0.0,-1.0,True,True,True,non-critical dormant: review
500707208,dormant,none,False,,0.0,20.0,30,0.95,none,,0,0,0,0.0,0.0,0.0,0.0,0.0,0.0,0.0,0.0,0.0,True,True,True,non-critical dormant: review
500707209,dormant,none,False,D,0.0,15.0,30,0.9,none,,0,0,0,0.0,0.0,0.0,0.0,0.0,0.0,0.0,0.0,0.0,True,True,True,non-critical dormant: review
500707210,dormant,none,False,,0.0,15.0,30,0.95,none,,0,0,0,0.0,0.0,0.0,0.0,0.0,0.0,0.0,0.0,0.0,True,True,True,non-critical dormant: review
500707211,dying,dying,False,L,0.0027397260273972603,15.0,30,0.9,nbinom,5.0,0,0,1,0.0,0.0,1.0,0.0,1.0,2.0,0.0,-1.0,-1.0,True,True,True,"dying: demand ceased, review"
500707286,dormant,none,False,,0.0,45.0,30,0.95,none,,0,0,0,0.0,0.0,0.0,0.0,0.0,0.0,0.0,0.0,0.0,True,True,True,non-critical dormant: review
500707288,dying,dying,False,L,0.0027397260273972603,45.0,30,0.9,nbinom,5.0,0,0,1,0.0,0.0,0.0,0.0,0.0,0.0,0.0,0.0,1.0,True,True,True,"dying: demand ceased, review"
500708030,active,constant,True,H,0.989041095890411,40.0,30,0.99,poisson,1.0,16,55,89,21.0,85.0,132.0,17.0,90.0,147.0,-1.0,-35.0,-58.0,True,False,False,active
500708184,dormant,none,False,D,0.0,25.0,30,0.9,none,,0,0,0,0.0,0.0,1.0,0.0,0.0,1.0,0.0,0.0,-1.0,True,True,True,non-critical dormant: review
500708185,dormant,none,False,D,0.0,25.0,30,0.9,none,,0,0,0,0.0,0.0,1.0,0.0,0.0,1.0,0.0,0.0,-1.0,True,True,True,non-critical dormant: review
500708317,dormant,none,False,D,0.0,20.0,30,0.9,none,,0,0,0,0.0,0.0,1.0,0.0,0.0,1.0,0.0,0.0,-1.0,True,True,True,non-critical dormant: review
500708898,dormant,none,False,D,0.0,27.0,30,0.9,none,,0,0,0,0.0,0.0,1.0,0.0,0.0,1.0,0.0,0.0,-1.0,True,True,True,non-critical dormant: review
500709143,dormant,none,False,D,0.0,15.0,30,0.9,none,,0,0,0,0.0,0.0,1.0,0.0,0.0,1.0,0.0,0.0,-1.0,True,True,True,non-critical dormant: review
500709144,dormant,none,False,,0.0,45.0,30,0.95,none,,0,0,0,0.0,0.0,1.0,0.0,0.0,1.0,0.0,0.0,-1.0,True,True,True,non-critical dormant: review
500709145,dormant,none,False,,0.0,45.0,30,0.95,none,,0,0,0,0.0,0.0,1.0,0.0,0.0,1.0,0.0,0.0,-1.0,True,True,True,non-critical dormant: review
500709167,dormant,none,False,,0.0,15.0,30,0.95,none,,0,0,0,0.0,0.0,0.0,0.0,0.0,1.0,0.0,0.0,-1.0,True,True,True,non-critical dormant: review
500709286,dormant,none,False,,0.0,30.0,30,0.95,none,,0,0,0,0.0,0.0,0.0,0.0,0.0,0.0,0.0,0.0,0.0,True,True,True,non-critical dormant: review
500709451,dormant,none,False,,0.0,30.0,30,0.95,none,,0,0,0,0.0,0.0,1.0,0.0,0.0,1.0,0.0,0.0,-1.0,True,True,True,non-critical dormant: review
500709847,dormant,none,False,,0.0,35.0,30,0.95,none,,0,0,0,0.0,0.0,1.0,0.0,0.0,1.0,0.0,0.0,-1.0,True,True,True,non-critical dormant: review
500710184,dying,dying,False,L,0.0027397260273972603,35.0,30,0.9,nbinom,5.0,0,0,1,0.0,0.0,1.0,0.0,0.0,1.0,0.0,0.0,0.0,True,True,True,"dying: demand ceased, review"
500710188,dormant,none,False,D,0.0,45.0,30,0.9,none,,0,0,0,0.0,0.0,1.0,0.0,0.0,1.0,0.0,0.0,-1.0,True,True,True,non-critical dormant: review
500710516,dying,dying,False,L,0.273972602739726,45.0,30,0.9,nbinom,3.0,8,20,100,0.0,0.0,1.0,1.0,4.0,5.0,7.0,16.0,95.0,False,False,False,"dying: demand ceased, review"
500710517,dormant,none,False,,0.0,45.0,30,0.95,none,,0,0,0,0.0,0.0,1.0,0.0,0.0,0.0,0.0,0.0,0.0,True,True,True,non-critical dormant: review
500710710,dormant,none,False,,0.0,25.0,30,0.95,none,,0,0,0,0.0,0.0,0.0,0.0,0.0,0.0,0.0,0.0,0.0,True,True,True,non-critical dormant: review
500710979,active,constant,True,H,0.1780821917808219,30.0,30,0.99,nbinom,1.616,9,14,22,8.0,15.0,21.0,6.0,15.0,21.0,3.0,-1.0,1.0,False,True,True,active
500710980,dying,dying,False,L,0.0027397260273972603,27.0,30,0.9,nbinom,3.0,0,0,1,0.0,0.0,1.0,0.0,0.0,1.0,0.0,0.0,0.0,True,True,True,"dying: demand ceased, review"
500710981,dormant,none,False,D,0.0,27.0,30,0.9,none,,0,0,0,0.0,0.0,1.0,0.0,0.0,1.0,0.0,0.0,-1.0,True,True,True,non-critical dormant: review
500711045,dormant,none,False,D,0.0,40.0,30,0.9,none,,0,0,0,0.0,0.0,0.0,0.0,0.0,0.0,0.0,0.0,0.0,True,True,True,non-critical dormant: review
500711046,dormant,none,False,D,0.0,40.0,30,0.9,none,,0,0,0,0.0,0.0,0.0,0.0,0.0,0.0,0.0,0.0,0.0,True,True,True,non-critical dormant: review
500711192,dormant,none,False,D,0.0,25.0,30,0.9,none,,0,0,0,0.0,0.0,1.0,0.0,0.0,1.0,0.0,0.0,-1.0,True,True,True,non-critical dormant: review
500712338,active,constant,True,M,0.024657534246575342,30.0,30,0.95,poisson,1.0,2,2,4,1.0,3.0,4.0,2.0,3.0,4.0,0.0,-1.0,0.0,True,True,True,active
500712385,dormant,none,False,,0.0,40.0,30,0.95,none,,0,0,0,0.0,0.0,1.0,0.0,0.0,1.0,0.0,0.0,-1.0,True,True,True,non-critical dormant: review
500712914,dormant,none,False,,0.0,45.0,30,0.95,none,,0,0,0,0.0,0.0,1.0,0.0,0.0,1.0,0.0,0.0,-1.0,True,True,True,non-critical dormant: review
500712915,dying,dying,False,L,0.0027397260273972603,20.0,30,0.9,nbinom,5.0,0,0,1,0.0,0.0,1.0,0.0,0.0,1.0,0.0,0.0,0.0,True,True,True,"dying: demand ceased, review"
500712916,dormant,none,False,,0.0,45.0,30,0.95,none,,0,0,0,0.0,0.0,1.0,0.0,0.0,1.0,0.0,0.0,-1.0,True,True,True,non-critical dormant: review
500712917,dying,dying,False,L,0.0027397260273972603,20.0,30,0.9,nbinom,5.0,0,0,1,0.0,0.0,1.0,0.0,0.0,1.0,0.0,0.0,0.0,True,True,True,"dying: demand ceased, review"
500712918,dying,dying,False,M,0.005479452054794521,35.0,30,0.95,nbinom,3.0,1,1,2,0.0,0.0,1.0,0.0,0.0,1.0,1.0,1.0,1.0,True,True,True,"dying: demand ceased, review"
500712973,dormant,none,False,D,0.0,20.0,30,0.9,none,,0,0,0,0.0,0.0,1.0,0.0,0.0,1.0,0.0,0.0,-1.0,True,True,True,non-critical dormant: review
500714599,dying,dying,False,L,0.0,14.0,30,0.9,nbinom,5.0,0,0,2,0.0,0.0,1.0,0.0,0.0,1.0,0.0,0.0,1.0,True,True,True,"dying: demand ceased, review"
500715733,dormant,none,False,,0.0,15.0,30,0.95,none,,0,0,0,0.0,0.0,1.0,0.0,0.0,1.0,0.0,0.0,-1.0,True,True,True,non-critical dormant: review
500715734,dormant,none,False,,0.0,30.0,30,0.95,none,,0,0,0,0.0,0.0,0.0,0.0,0.0,0.0,0.0,0.0,0.0,True,True,True,non-critical dormant: review
500715735,dormant,none,False,,0.0,25.0,30,0.95,none,,0,0,0,0.0,0.0,0.0,0.0,0.0,0.0,0.0,0.0,0.0,True,True,True,non-critical dormant: review
500715736,dormant,none,False,,0.0,30.0,30,0.95,none,,0,0,0,0.0,0.0,0.0,0.0,0.0,0.0,0.0,0.0,0.0,True,True,True,non-critical dormant: review
500716454,dormant,none,False,D,0.0,15.0,30,0.9,none,,0,0,0,0.0,0.0,1.0,0.0,0.0,1.0,0.0,0.0,-1.0,True,True,True,non-critical dormant: review
500716455,active,constant,True,M,0.010958904109589041,9.0,30,0.95,nbinom,1.884,1,1,2,0.0,1.0,2.0,0.0,1.0,2.0,1.0,0.0,0.0,True,True,True,active
500716456,dying,dying,False,,0.0,8.0,30,0.95,nbinom,5.0,0,0,1,0.0,0.0,0.0,0.0,0.0,0.0,0.0,0.0,1.0,True,True,True,"dying: demand ceased, review"
500716560,dormant,none,False,,0.0,20.0,30,0.95,none,,0,0,0,0.0,0.0,1.0,0.0,0.0,1.0,0.0,0.0,-1.0,True,True,True,non-critical dormant: review
500716561,dormant,none,False,,0.0,25.0,30,0.95,none,,0,0,0,0.0,0.0,1.0,0.0,0.0,1.0,0.0,0.0,-1.0,True,True,True,non-critical dormant: review
500716562,dormant,none,False,,0.0,20.0,30,0.95,none,,0,0,0,0.0,0.0,1.0,0.0,0.0,1.0,0.0,0.0,-1.0,True,True,True,non-critical dormant: review
500716757,dormant,none,False,,0.0,30.0,30,0.95,none,,0,0,0,0.0,0.0,1.0,0.0,0.0,1.0,0.0,0.0,-1.0,True,True,True,non-critical dormant: review
500716783,dying,dying,False,H,0.0410958904109589,30.0,30,0.99,nbinom,3.0,8,9,12,1.0,3.0,5.0,2.0,3.0,4.0,6.0,6.0,8.0,False,False,False,"dying: demand ceased, review"
500716890,dormant,none,False,,0.0,20.0,30,0.95,none,,0,0,0,0.0,0.0,1.0,0.0,0.0,1.0,0.0,0.0,-1.0,True,True,True,non-critical dormant: review
500716891,dormant,none,False,,0.0,20.0,30,0.95,none,,0,0,0,0.0,0.0,1.0,0.0,0.0,1.0,0.0,0.0,-1.0,True,True,True,non-critical dormant: review
500717051,dormant,none,False,,0.0,30.0,30,0.95,none,,0,0,0,0.0,0.0,1.0,0.0,0.0,1.0,0.0,0.0,-1.0,True,True,True,non-critical dormant: review
500717052,dormant,none,False,,0.0,25.0,30,0.95,none,,0,0,0,0.0,0.0,1.0,0.0,0.0,1.0,0.0,0.0,-1.0,True,True,True,non-critical dormant: review
500717053,dormant,none,False,D,0.0,30.0,30,0.9,none,,0,0,0,0.0,0.0,1.0,0.0,0.0,1.0,0.0,0.0,-1.0,True,True,True,non-critical dormant: review
500717054,dormant,none,False,,0.0,15.0,30,0.95,none,,0,0,0,0.0,0.0,1.0,0.0,0.0,1.0,0.0,0.0,-1.0,True,True,True,non-critical dormant: review
500717055,dormant,none,False,D,0.0,15.0,30,0.9,none,,0,0,0,0.0,0.0,1.0,0.0,0.0,1.0,0.0,0.0,-1.0,True,True,True,non-critical dormant: review
500717056,dormant,none,False,,0.0,20.0,30,0.95,none,,0,0,0,0.0,0.0,1.0,0.0,0.0,1.0,0.0,0.0,-1.0,True,True,True,non-critical dormant: review
500717057,dormant,none,False,,0.0,20.0,30,0.95,none,,0,0,0,0.0,0.0,1.0,0.0,0.0,1.0,0.0,0.0,-1.0,True,True,True,non-critical dormant: review
500717058,dormant,none,False,,0.0,30.0,30,0.95,none,,0,0,0,0.0,0.0,1.0,0.0,0.0,1.0,0.0,0.0,-1.0,True,True,True,non-critical dormant: review
500717059,dormant,none,False,D,0.0,15.0,30,0.9,none,,0,0,0,0.0,0.0,0.0,0.0,0.0,0.0,0.0,0.0,0.0,True,True,True,non-critical dormant: review
500717060,dormant,none,False,D,0.0,15.0,30,0.9,none,,0,0,0,0.0,0.0,0.0,0.0,0.0,0.0,0.0,0.0,0.0,True,True,True,non-critical dormant: review
500717146,dying,dying,False,D,0.0,15.0,30,0.9,nbinom,5.0,0,0,1,0.0,0.0,0.0,0.0,0.0,0.0,0.0,0.0,1.0,True,True,True,"dying: demand ceased, review"
500717523,dormant,none,False,D,0.0,55.0,30,0.9,none,,0,0,0,0.0,0.0,1.0,0.0,0.0,1.0,0.0,0.0,-1.0,True,True,True,non-critical dormant: review
500717700,dying,dying,False,L,0.005479452054794521,20.0,30,0.9,nbinom,5.0,0,0,1,0.0,0.0,1.0,0.0,0.0,1.0,0.0,0.0,0.0,True,True,True,"dying: demand ceased, review"
500717701,dying,dying,False,L,0.0,20.0,30,0.9,nbinom,5.0,0,0,1,0.0,0.0,1.0,0.0,0.0,1.0,0.0,0.0,0.0,True,True,True,"dying: demand ceased, review"
500717702,dying,dying,False,L,0.0,20.0,30,0.9,nbinom,5.0,0,0,1,0.0,0.0,1.0,0.0,0.0,1.0,0.0,0.0,0.0,True,True,True,"dying: demand ceased, review"
500717924,dormant,none,False,,0.0,9.0,30,0.95,none,,0,0,0,0.0,0.0,1.0,0.0,0.0,1.0,0.0,0.0,-1.0,True,True,True,non-critical dormant: review
500717926,active,constant,True,L,0.3835616438356164,9.0,30,0.9,nbinom,3.919,5,8,25,0.0,70.0,150.0,0.0,2.0,5.0,5.0,6.0,20.0,False,False,False,active
500717927,dormant,none,False,,0.0,9.0,30,0.95,none,,0,0,0,0.0,0.0,1.0,0.0,0.0,1.0,0.0,0.0,-1.0,True,True,True,non-critical dormant: review
500717928,dormant,none,False,,0.0,9.0,30,0.95,none,,0,0,0,0.0,0.0,1.0,0.0,0.0,1.0,0.0,0.0,-1.0,True,True,True,non-critical dormant: review
500717929,dormant,none,False,,0.0,30.0,30,0.95,none,,0,0,0,0.0,0.0,0.0,0.0,0.0,0.0,0.0,0.0,0.0,True,True,True,non-critical dormant: review
500718068,dormant,none,False,D,0.0,30.0,30,0.9,none,,0,0,0,0.0,0.0,1.0,0.0,0.0,1.0,0.0,0.0,-1.0,True,True,True,non-critical dormant: review
500718141,dying,dying,False,L,0.0027397260273972603,20.0,30,0.9,nbinom,3.0,0,0,1,0.0,0.0,1.0,0.0,1.0,2.0,0.0,-1.0,-1.0,True,True,True,"dying: demand ceased, review"
500718342,dormant,none,False,,0.0,45.0,30,0.95,none,,0,0,0,0.0,0.0,1.0,0.0,0.0,1.0,0.0,0.0,-1.0,True,True,True,non-critical dormant: review
500718538,dying,dying,False,M,0.0136986301369863,9.0,30,0.95,nbinom,3.0,1,1,3,0.0,0.0,1.0,0.0,0.0,1.0,1.0,1.0,2.0,True,True,False,"dying: demand ceased, review"
500718554,dormant,none,False,,0.0,20.0,30,0.95,none,,0,0,0,0.0,0.0,1.0,0.0,0.0,1.0,0.0,0.0,-1.0,True,True,True,non-critical dormant: review
500718654,dormant,none,False,,0.0,45.0,30,0.95,none,,0,0,0,0.0,0.0,0.0,0.0,0.0,0.0,0.0,0.0,0.0,True,True,True,non-critical dormant: review
500718845,dormant,none,False,,0.0,45.0,30,0.95,none,,0,0,0,0.0,0.0,1.0,0.0,0.0,1.0,0.0,0.0,-1.0,True,True,True,non-critical dormant: review
500718846,dormant,none,False,,0.0,45.0,30,0.95,none,,0,0,0,0.0,0.0,1.0,0.0,0.0,1.0,0.0,0.0,-1.0,True,True,True,non-critical dormant: review
500718847,dormant,none,False,,0.0,45.0,30,0.95,none,,0,0,0,0.0,0.0,1.0,0.0,0.0,1.0,0.0,0.0,-1.0,True,True,True,non-critical dormant: review
500719444,dormant,none,False,,0.0,35.0,30,0.95,none,,0,0,0,0.0,0.0,0.0,0.0,0.0,0.0,0.0,0.0,0.0,True,True,True,non-critical dormant: review
500719445,dormant,none,False,,0.0,35.0,30,0.95,none,,0,0,0,0.0,0.0,0.0,0.0,0.0,0.0,0.0,0.0,0.0,True,True,True,non-critical dormant: review
500719446,dormant,none,False,,0.0,35.0,30,0.95,none,,0,0,0,0.0,0.0,0.0,0.0,0.0,0.0,0.0,0.0,0.0,True,True,True,non-critical dormant: review
500719447,dormant,none,False,,0.0,35.0,30,0.95,none,,0,0,0,0.0,0.0,0.0,0.0,0.0,0.0,0.0,0.0,0.0,True,True,True,non-critical dormant: review
500719780,dormant,none,False,,0.0,20.0,30,0.95,none,,0,0,0,0.0,0.0,0.0,0.0,0.0,0.0,0.0,0.0,0.0,True,True,True,non-critical dormant: review
500719781,dormant,none,False,,0.0,20.0,30,0.95,none,,0,0,0,0.0,0.0,0.0,0.0,0.0,0.0,0.0,0.0,0.0,True,True,True,non-critical dormant: review
500719782,dormant,none,False,,0.0,20.0,30,0.95,none,,0,0,0,0.0,0.0,0.0,0.0,0.0,0.0,0.0,0.0,0.0,True,True,True,non-critical dormant: review
500719783,dormant,none,False,,0.0,20.0,30,0.95,none,,0,0,0,0.0,0.0,0.0,0.0,0.0,0.0,0.0,0.0,0.0,True,True,True,non-critical dormant: review
500719784,dormant,none,False,,0.0,20.0,30,0.95,none,,0,0,0,0.0,0.0,0.0,0.0,0.0,0.0,0.0,0.0,0.0,True,True,True,non-critical dormant: review
500719870,dormant,none,False,D,0.0,100.0,30,0.9,none,,0,0,0,0.0,0.0,1.0,0.0,0.0,1.0,0.0,0.0,-1.0,True,True,True,non-critical dormant: review
500720039,dormant,none,False,D,0.0,45.0,30,0.9,none,,0,0,0,0.0,0.0,1.0,0.0,0.0,1.0,0.0,0.0,-1.0,True,True,True,non-critical dormant: review
500720040,active,constant,True,M,0.0027397260273972603,45.0,30,0.95,nbinom,2.547,1,1,2,0.0,0.0,1.0,0.0,0.0,1.0,1.0,1.0,1.0,True,True,True,active
500720247,dormant,none,False,,0.0,20.0,30,0.95,none,,0,0,0,0.0,0.0,0.0,0.0,0.0,0.0,0.0,0.0,0.0,True,True,True,non-critical dormant: review
500720248,dormant,none,False,,0.0,20.0,30,0.95,none,,0,0,0,0.0,0.0,0.0,0.0,0.0,0.0,0.0,0.0,0.0,True,True,True,non-critical dormant: review
500720249,dormant,none,False,,0.0,20.0,30,0.95,none,,0,0,0,0.0,0.0,0.0,0.0,0.0,0.0,0.0,0.0,0.0,True,True,True,non-critical dormant: review
500720250,dormant,none,False,,0.0,20.0,30,0.95,none,,0,0,0,0.0,0.0,0.0,0.0,0.0,0.0,0.0,0.0,0.0,True,True,True,non-critical dormant: review
500720251,dormant,none,False,,0.0,20.0,30,0.95,none,,0,0,0,0.0,0.0,0.0,0.0,0.0,0.0,0.0,0.0,0.0,True,True,True,non-critical dormant: review
500720252,dormant,none,False,,0.0,20.0,30,0.95,none,,0,0,0,0.0,0.0,0.0,0.0,0.0,0.0,0.0,0.0,0.0,True,True,True,non-critical dormant: review
500720253,dormant,none,False,,0.0,20.0,30,0.95,none,,0,0,0,0.0,0.0,0.0,0.0,0.0,0.0,0.0,0.0,0.0,True,True,True,non-critical dormant: review
500720254,dormant,none,False,,0.0,20.0,30,0.95,none,,0,0,0,0.0,0.0,0.0,0.0,0.0,0.0,0.0,0.0,0.0,True,True,True,non-critical dormant: review
500720255,dormant,none,False,,0.0,20.0,30,0.95,none,,0,0,0,0.0,0.0,0.0,0.0,0.0,0.0,0.0,0.0,0.0,True,True,True,non-critical dormant: review
500720256,dormant,none,False,,0.0,20.0,30,0.95,none,,0,0,0,0.0,0.0,0.0,0.0,0.0,0.0,0.0,0.0,0.0,True,True,True,non-critical dormant: review
500720257,dormant,none,False,L,0.0,20.0,30,0.9,none,,0,0,0,0.0,0.0,1.0,0.0,0.0,1.0,0.0,0.0,-1.0,True,True,True,non-critical dormant: review
500720258,dormant,none,False,D,0.0,20.0,30,0.9,none,,0,0,0,0.0,0.0,1.0,0.0,0.0,1.0,0.0,0.0,-1.0,True,True,True,non-critical dormant: review
500720259,dormant,none,False,,0.0,20.0,30,0.95,none,,0,0,0,0.0,0.0,0.0,0.0,0.0,0.0,0.0,0.0,0.0,True,True,True,non-critical dormant: review
500720260,dormant,none,False,,0.0,20.0,30,0.95,none,,0,0,0,0.0,0.0,0.0,0.0,0.0,0.0,0.0,0.0,0.0,True,True,True,non-critical dormant: review
500720261,dormant,none,False,,0.0,20.0,30,0.95,none,,0,0,0,0.0,0.0,0.0,0.0,0.0,0.0,0.0,0.0,0.0,True,True,True,non-critical dormant: review
500720295,dormant,none,False,,0.0,15.0,30,0.95,none,,0,0,0,0.0,0.0,0.0,0.0,0.0,0.0,0.0,0.0,0.0,True,True,True,non-critical dormant: review
500720296,dormant,none,False,,0.0,15.0,30,0.95,none,,0,0,0,0.0,0.0,0.0,0.0,0.0,0.0,0.0,0.0,0.0,True,True,True,non-critical dormant: review
500720297,dying,dying,False,L,0.005479452054794521,14.0,30,0.9,nbinom,5.0,0,0,1,0.0,0.0,1.0,0.0,0.0,1.0,0.0,0.0,0.0,True,True,True,"dying: demand ceased, review"
500720299,dormant,none,False,,0.0,15.0,30,0.95,none,,0,0,0,0.0,0.0,0.0,0.0,0.0,0.0,0.0,0.0,0.0,True,True,True,non-critical dormant: review
500720300,dormant,none,False,,0.0,15.0,30,0.95,none,,0,0,0,0.0,0.0,1.0,0.0,0.0,1.0,0.0,0.0,-1.0,True,True,True,non-critical dormant: review
500720301,dormant,none,False,,0.0,15.0,30,0.95,none,,0,0,0,0.0,0.0,1.0,0.0,0.0,1.0,0.0,0.0,-1.0,True,True,True,non-critical dormant: review
500720302,dormant,none,False,,0.0,15.0,30,0.95,none,,0,0,0,0.0,0.0,0.0,0.0,0.0,0.0,0.0,0.0,0.0,True,True,True,non-critical dormant: review
500720303,dormant,none,False,,0.0,14.0,30,0.95,none,,0,0,0,0.0,0.0,1.0,0.0,0.0,1.0,0.0,0.0,-1.0,True,True,True,non-critical dormant: review
500720339,active,constant,True,L,0.01643835616438356,30.0,30,0.9,nbinom,3.322,2,2,3,1.0,3.0,5.0,0.0,3.0,5.0,2.0,-1.0,-2.0,False,True,False,active
500720348,dormant,none,False,D,0.0,65.0,30,0.9,none,,0,0,0,0.0,0.0,0.0,0.0,0.0,0.0,0.0,0.0,0.0,True,True,True,non-critical dormant: review
500720349,dormant,none,False,,0.0,65.0,30,0.95,none,,0,0,0,0.0,0.0,0.0,0.0,0.0,0.0,0.0,0.0,0.0,True,True,True,non-critical dormant: review
500720350,dormant,none,False,,0.0,65.0,30,0.95,none,,0,0,0,0.0,0.0,0.0,0.0,0.0,0.0,0.0,0.0,0.0,True,True,True,non-critical dormant: review
500720370,dormant,none,False,,0.0,25.0,30,0.95,none,,0,0,0,0.0,0.0,1.0,0.0,0.0,1.0,0.0,0.0,-1.0,True,True,True,non-critical dormant: review
500720371,dormant,none,False,,0.0,25.0,30,0.95,none,,0,0,0,0.0,0.0,1.0,0.0,0.0,1.0,0.0,0.0,-1.0,True,True,True,non-critical dormant: review
500720372,dormant,none,False,,0.0,25.0,30,0.95,none,,0,0,0,0.0,0.0,1.0,0.0,0.0,1.0,0.0,0.0,-1.0,True,True,True,non-critical dormant: review
500720379,dying,dying,False,L,0.0,135.0,30,0.9,nbinom,5.0,0,0,1,0.0,0.0,1.0,0.0,0.0,1.0,0.0,0.0,0.0,True,True,True,"dying: demand ceased, review"
500720380,dormant,none,False,,0.0,25.0,30,0.95,none,,0,0,0,0.0,0.0,1.0,0.0,0.0,1.0,0.0,0.0,-1.0,True,True,True,non-critical dormant: review
500720381,dormant,none,False,,0.0,25.0,30,0.95,none,,0,0,0,0.0,0.0,1.0,0.0,0.0,1.0,0.0,0.0,-1.0,True,True,True,non-critical dormant: review
500720382,dormant,none,False,,0.0,25.0,30,0.95,none,,0,0,0,0.0,0.0,1.0,0.0,0.0,1.0,0.0,0.0,-1.0,True,True,True,non-critical dormant: review
500720383,dormant,none,False,,0.0,25.0,30,0.95,none,,0,0,0,0.0,0.0,1.0,0.0,0.0,1.0,0.0,0.0,-1.0,True,True,True,non-critical dormant: review
500720384,dormant,none,False,,0.0,25.0,30,0.95,none,,0,0,0,0.0,0.0,1.0,0.0,0.0,1.0,0.0,0.0,-1.0,True,True,True,non-critical dormant: review
500721166,dormant,none,False,D,0.0,30.0,30,0.9,none,,0,0,0,0.0,0.0,0.0,0.0,0.0,0.0,0.0,0.0,0.0,True,True,True,non-critical dormant: review
500721403,dormant,none,False,,0.0,20.0,30,0.95,none,,0,0,0,0.0,0.0,1.0,0.0,0.0,1.0,0.0,0.0,-1.0,True,True,True,non-critical dormant: review
500721620,dying,dying,False,L,0.0027397260273972603,44.0,30,0.9,nbinom,5.0,0,0,1,0.0,0.0,1.0,0.0,0.0,1.0,0.0,0.0,0.0,True,True,True,"dying: demand ceased, review"
500721756,dormant,none,False,D,0.0,15.0,30,0.9,none,,0,0,0,0.0,0.0,1.0,0.0,0.0,1.0,0.0,0.0,-1.0,True,True,True,non-critical dormant: review
500722045,dormant,none,False,,0.0,30.0,30,0.95,none,,0,0,0,0.0,0.0,0.0,0.0,0.0,0.0,0.0,0.0,0.0,True,True,True,non-critical dormant: review
500722105,dormant,none,False,D,0.0,15.0,30,0.9,none,,0,0,0,0.0,0.0,1.0,0.0,0.0,1.0,0.0,0.0,-1.0,True,True,True,non-critical dormant: review
500722373,active,constant,True,M,0.06027397260273973,45.0,30,0.95,nbinom,2.775,6,8,11,2.0,6.0,10.0,0.0,6.0,10.0,6.0,2.0,1.0,False,False,True,active
500722847,dying,dying,False,L,0.0,30.0,30,0.9,nbinom,5.0,0,0,1,0.0,0.0,1.0,0.0,0.0,1.0,0.0,0.0,0.0,True,True,True,"dying: demand ceased, review"
500722963,dormant,none,False,,0.0,20.0,30,0.95,none,,0,0,0,0.0,0.0,0.0,0.0,0.0,0.0,0.0,0.0,0.0,True,True,True,non-critical dormant: review
500722964,dormant,none,False,L,0.0,20.0,30,0.9,none,,0,0,0,0.0,0.0,1.0,0.0,0.0,1.0,0.0,0.0,-1.0,True,True,True,non-critical dormant: review
500723611,dying,dying,False,L,0.0027397260273972603,30.0,30,0.9,nbinom,3.0,0,0,1,0.0,0.0,0.0,0.0,2.0,2.0,0.0,-2.0,-1.0,True,False,True,"dying: demand ceased, review"
500723796,dormant,none,False,,0.0,45.0,30,0.95,none,,0,0,0,0.0,0.0,0.0,0.0,0.0,0.0,0.0,0.0,0.0,True,True,True,non-critical dormant: review
500723797,dormant,none,False,,0.0,45.0,30,0.95,none,,0,0,0,0.0,0.0,1.0,0.0,0.0,1.0,0.0,0.0,-1.0,True,True,True,non-critical dormant: review
500723924,dying,dying,False,L,0.00821917808219178,9.0,30,0.9,nbinom,5.0,0,0,1,0.0,1.0,2.0,0.0,0.0,1.0,0.0,0.0,0.0,True,True,True,"dying: demand ceased, review"
500724434,active,constant,True,,0.0027397260273972603,30.0,30,0.95,nbinom,5.0,0,0,1,0.0,0.0,1.0,0.0,0.0,1.0,0.0,0.0,0.0,True,True,True,active
500725805,dormant,none,False,D,0.0,30.0,30,0.9,none,,0,0,0,0.0,0.0,1.0,0.0,0.0,1.0,0.0,0.0,-1.0,True,True,True,non-critical dormant: review
500726315,dying,dying,False,L,0.0027397260273972603,15.0,30,0.9,nbinom,5.0,0,0,1,0.0,0.0,1.0,0.0,0.0,1.0,0.0,0.0,0.0,True,True,True,"dying: demand ceased, review"
500726375,dying,dying,False,L,0.0,35.0,30,0.9,nbinom,5.0,0,0,1,0.0,0.0,0.0,0.0,0.0,0.0,0.0,0.0,1.0,True,True,True,"dying: demand ceased, review"
500726576,dormant,none,False,D,0.0,35.0,30,0.9,none,,0,0,0,0.0,0.0,0.0,0.0,0.0,0.0,0.0,0.0,0.0,True,True,True,non-critical dormant: review
500727477,dying,dying,False,L,0.0027397260273972603,30.0,30,0.9,nbinom,3.416,0,0,1,0.0,0.0,1.0,0.0,0.0,1.0,0.0,0.0,0.0,True,True,True,"dying: demand ceased, review"
500727549,dormant,none,False,D,0.0,75.0,30,0.9,none,,0,0,0,0.0,0.0,1.0,0.0,0.0,1.0,0.0,0.0,-1.0,True,True,True,non-critical dormant: review
500727930,dormant,none,False,,0.0,15.0,30,0.95,none,,0,0,0,0.0,0.0,0.0,0.0,0.0,0.0,0.0,0.0,0.0,True,True,True,non-critical dormant: review
500728040,dormant,none,False,D,0.0,25.0,30,0.9,none,,0,0,0,0.0,0.0,1.0,0.0,0.0,1.0,0.0,0.0,-1.0,True,True,True,non-critical dormant: review
500728381,dying,dying,False,L,0.0,30.0,30,0.9,nbinom,5.0,0,0,1,0.0,0.0,0.0,0.0,2.0,2.0,0.0,-2.0,-1.0,True,False,True,"dying: demand ceased, review"
500728528,dormant,none,False,D,0.0,45.0,30,0.9,none,,0,0,0,0.0,0.0,1.0,0.0,0.0,1.0,0.0,0.0,-1.0,True,True,True,non-critical dormant: review
500728541,dormant,none,False,,0.0,25.0,30,0.95,none,,0,0,0,0.0,0.0,0.0,0.0,0.0,0.0,0.0,0.0,0.0,True,True,True,non-critical dormant: review
500728563,dormant,none,False,,0.0,10.0,30,0.95,none,,0,0,0,0.0,0.0,1.0,0.0,0.0,1.0,0.0,0.0,-1.0,True,True,True,non-critical dormant: review
500729636,dormant,none,False,,0.0,15.0,30,0.95,none,,0,0,0,0.0,0.0,0.0,0.0,0.0,0.0,0.0,0.0,0.0,True,True,True,non-critical dormant: review
500730839,dying,dying,False,L,0.0027397260273972603,10.0,30,0.9,nbinom,5.0,0,0,1,0.0,0.0,0.0,0.0,0.0,1.0,0.0,0.0,0.0,True,True,True,"dying: demand ceased, review"
500731564,dormant,none,False,D,0.0,155.0,30,0.9,none,,0,0,0,0.0,0.0,1.0,0.0,0.0,1.0,0.0,0.0,-1.0,True,True,True,non-critical dormant: review
500731961,dormant,none,False,D,0.0,20.0,30,0.9,none,,0,0,0,0.0,0.0,1.0,0.0,0.0,1.0,0.0,0.0,-1.0,True,True,True,non-critical dormant: review
500731962,dormant,none,False,D,0.0,20.0,30,0.9,none,,0,0,0,0.0,0.0,1.0,0.0,0.0,1.0,0.0,0.0,-1.0,True,True,True,non-critical dormant: review
500732027,dying,dying,False,L,0.0,30.0,30,0.9,nbinom,5.0,0,0,1,0.0,0.0,58.0,0.0,10.0,20.0,0.0,-10.0,-19.0,True,False,False,"dying: demand ceased, review"
500733058,dying,dying,False,L,0.0027397260273972603,20.0,30,0.9,nbinom,5.0,0,0,1,0.0,0.0,1.0,0.0,0.0,1.0,0.0,0.0,0.0,True,True,True,"dying: demand ceased, review"
500733059,dying,dying,False,L,0.005479452054794521,15.0,30,0.9,nbinom,3.0,0,0,1,0.0,0.0,1.0,0.0,0.0,1.0,0.0,0.0,0.0,True,True,True,"dying: demand ceased, review"
500734992,active,constant,True,L,0.0027397260273972603,33.0,30,0.9,nbinom,5.0,0,0,1,0.0,0.0,1.0,0.0,2.0,3.0,0.0,-2.0,-2.0,True,False,False,active
500734993,dormant,none,False,D,0.0,26.0,30,0.9,none,,0,0,0,0.0,0.0,1.0,0.0,0.0,1.0,0.0,0.0,-1.0,True,True,True,non-critical dormant: review
500734994,dormant,none,False,D,0.0,26.0,30,0.9,none,,0,0,0,0.0,0.0,1.0,0.0,0.0,1.0,0.0,0.0,-1.0,True,True,True,non-critical dormant: review
500735411,dormant,none,False,D,0.0,15.0,30,0.9,none,,0,0,0,0.0,0.0,1.0,0.0,0.0,1.0,0.0,0.0,-1.0,True,True,True,non-critical dormant: review
500735412,dying,dying,False,L,0.0027397260273972603,15.0,30,0.9,nbinom,5.0,0,0,1,0.0,0.0,1.0,0.0,0.0,1.0,0.0,0.0,0.0,True,True,True,"dying: demand ceased, review"
500735545,dormant,none,False,D,0.0,10.0,30,0.9,none,,0,0,0,0.0,0.0,1.0,0.0,0.0,1.0,0.0,0.0,-1.0,True,True,True,non-critical dormant: review
500737381,active,constant,True,L,0.005479452054794521,8.0,30,0.9,nbinom,2.6,0,0,1,0.0,0.0,1.0,0.0,0.0,1.0,0.0,0.0,0.0,True,True,True,active
500737382,active,constant,True,L,0.0027397260273972603,8.0,30,0.9,nbinom,5.0,0,0,1,0.0,0.0,1.0,0.0,0.0,1.0,0.0,0.0,0.0,True,True,True,active
500737833,dormant,none,False,,0.0,45.0,30,0.95,none,,0,0,0,0.0,0.0,0.0,0.0,0.0,0.0,0.0,0.0,0.0,True,True,True,non-critical dormant: review
500738800,dormant,none,False,D,0.0,35.0,30,0.9,none,,0,0,0,0.0,0.0,1.0,0.0,0.0,1.0,0.0,0.0,-1.0,True,True,True,non-critical dormant: review
500741182,dormant,none,False,,0.0,25.0,30,0.95,none,,0,0,0,0.0,0.0,1.0,0.0,0.0,1.0,0.0,0.0,-1.0,True,True,True,non-critical dormant: review
500744080,dying,dying,False,L,0.00821917808219178,45.0,30,0.9,nbinom,3.24,1,1,2,1.0,2.0,5.0,0.0,0.0,1.0,1.0,1.0,1.0,True,True,True,"dying: demand ceased, review"
500744932,dying,dying,False,L,0.0,30.0,30,0.9,nbinom,5.0,0,0,1,0.0,0.0,1.0,0.0,0.0,1.0,0.0,0.0,0.0,True,True,True,"dying: demand ceased, review"
500746531,dying,dying,False,L,0.0027397260273972603,20.0,30,0.9,nbinom,5.0,0,0,1,0.0,0.0,1.0,0.0,1.0,2.0,0.0,-1.0,-1.0,True,True,True,"dying: demand ceased, review"
500746537,dormant,none,False,,0.0,35.0,30,0.95,none,,0,0,0,0.0,0.0,0.0,0.0,0.0,0.0,0.0,0.0,0.0,True,True,True,non-critical dormant: review
500747395,dormant,none,False,D,0.0,25.0,30,0.9,none,,0,0,0,0.0,0.0,1.0,0.0,0.0,1.0,0.0,0.0,-1.0,True,True,True,non-critical dormant: review
500750200,active,constant,True,L,0.005479452054794521,55.0,30,0.9,nbinom,5.0,1,1,2,0.0,0.0,1.0,0.0,0.0,1.0,1.0,1.0,1.0,True,True,True,active
500750202,dying,dying,False,L,0.0136986301369863,25.0,30,0.9,nbinom,3.0,1,1,2,0.0,1.0,2.0,0.0,0.0,1.0,1.0,1.0,1.0,True,True,True,"dying: demand ceased, review"
500750225,dormant,none,False,,0.0,65.0,30,0.95,none,,0,0,0,0.0,0.0,0.0,0.0,0.0,0.0,0.0,0.0,0.0,True,True,True,non-critical dormant: review
500750226,dormant,none,False,D,0.0,20.0,30,0.9,none,,0,0,0,0.0,0.0,0.0,0.0,0.0,0.0,0.0,0.0,0.0,True,True,True,non-critical dormant: review
500750227,dormant,none,False,D,0.0,20.0,30,0.9,none,,0,0,0,0.0,0.0,0.0,0.0,0.0,0.0,0.0,0.0,0.0,True,True,True,non-critical dormant: review
500750265,dormant,none,False,,0.0,35.0,30,0.95,none,,0,0,0,0.0,0.0,0.0,0.0,0.0,0.0,0.0,0.0,0.0,True,True,True,non-critical dormant: review
500751478,dormant,none,False,,0.0,56.0,30,0.95,none,,0,0,0,0.0,0.0,1.0,0.0,0.0,0.0,0.0,0.0,0.0,True,True,True,non-critical dormant: review
500752463,dormant,none,False,,0.0,85.0,30,0.95,none,,0,0,0,0.0,0.0,0.0,0.0,0.0,0.0,0.0,0.0,0.0,True,True,True,non-critical dormant: review
500752477,dying,dying,False,L,0.0,85.0,30,0.9,nbinom,5.0,0,0,1,0.0,0.0,1.0,0.0,0.0,1.0,0.0,0.0,0.0,True,True,True,"dying: demand ceased, review"
500752478,dormant,none,False,,0.0,15.0,30,0.95,none,,0,0,0,0.0,0.0,1.0,0.0,0.0,1.0,0.0,0.0,-1.0,True,True,True,non-critical dormant: review
500752585,dormant,none,False,,0.0,65.0,30,0.95,none,,0,0,0,0.0,0.0,0.0,0.0,0.0,0.0,0.0,0.0,0.0,True,True,True,non-critical dormant: review
500752802,active,constant,True,M,0.010958904109589041,20.0,30,0.95,nbinom,1.711,1,1,2,0.0,1.0,2.0,0.0,1.0,2.0,1.0,0.0,0.0,True,True,True,active
500754375,dormant,none,False,D,0.0,55.0,30,0.9,none,,0,0,0,0.0,0.0,0.0,0.0,0.0,0.0,0.0,0.0,0.0,True,True,True,non-critical dormant: review
500754383,dormant,none,False,,0.0,95.0,30,0.95,none,,0,0,0,0.0,0.0,0.0,0.0,0.0,0.0,0.0,0.0,0.0,True,True,True,non-critical dormant: review
500754388,dying,dying,False,L,0.0,35.0,30,0.9,nbinom,5.0,0,0,1,0.0,1.0,2.0,0.0,2.0,3.0,0.0,-2.0,-2.0,True,False,False,"dying: demand ceased, review"
500754389,dying,dying,False,L,0.03561643835616438,35.0,30,0.9,nbinom,3.0,3,4,6,12.0,14.0,16.0,0.0,5.0,7.0,3.0,-1.0,-1.0,False,True,True,"dying: demand ceased, review"
500754390,active,constant,True,M,0.0273972602739726,35.0,30,0.95,nbinom,1.897,4,4,5,2.0,5.0,6.0,0.0,6.0,10.0,4.0,-2.0,-5.0,False,False,False,active
500756577,active,constant,True,,0.0027397260273972603,30.0,30,0.95,nbinom,5.0,0,0,1,0.0,0.0,0.0,0.0,0.0,0.0,0.0,0.0,1.0,True,True,True,active
500756849,dormant,none,False,,0.0,17.0,30,0.95,none,,0,0,0,0.0,0.0,1.0,0.0,0.0,1.0,0.0,0.0,-1.0,True,True,True,non-critical dormant: review
500757459,dormant,none,False,,0.0,30.0,30,0.95,none,,0,0,0,0.0,0.0,0.0,0.0,0.0,0.0,0.0,0.0,0.0,True,True,True,non-critical dormant: review
500758534,dormant,none,False,,0.0,20.0,30,0.95,none,,0,0,0,0.0,0.0,1.0,0.0,0.0,1.0,0.0,0.0,-1.0,True,True,True,non-critical dormant: review
500758585,dormant,none,False,D,0.0,15.0,30,0.9,none,,0,0,0,0.0,0.0,1.0,0.0,0.0,1.0,0.0,0.0,-1.0,True,True,True,non-critical dormant: review
500758586,dormant,none,False,D,0.0,15.0,30,0.9,none,,0,0,0,0.0,0.0,1.0,0.0,0.0,1.0,0.0,0.0,-1.0,True,True,True,non-critical dormant: review
500758665,dormant,none,False,,0.0,15.0,30,0.95,none,,0,0,0,0.0,0.0,0.0,0.0,0.0,0.0,0.0,0.0,0.0,True,True,True,non-critical dormant: review
500758713,dormant,none,False,L,0.0,20.0,30,0.9,none,,0,0,0,0.0,0.0,1.0,0.0,0.0,1.0,0.0,0.0,-1.0,True,True,True,non-critical dormant: review
500758736,dormant,none,False,,0.0,15.0,30,0.95,none,,0,0,0,0.0,0.0,0.0,0.0,0.0,0.0,0.0,0.0,0.0,True,True,True,non-critical dormant: review
500758768,dormant,none,False,,0.0,15.0,30,0.95,none,,0,0,0,0.0,0.0,0.0,0.0,0.0,0.0,0.0,0.0,0.0,True,True,True,non-critical dormant: review
500758770,dormant,none,False,,0.0,15.0,30,0.95,none,,0,0,0,0.0,0.0,0.0,0.0,0.0,0.0,0.0,0.0,0.0,True,True,True,non-critical dormant: review
500758773,dormant,none,False,,0.0,15.0,30,0.95,none,,0,0,0,0.0,0.0,0.0,0.0,0.0,0.0,0.0,0.0,0.0,True,True,True,non-critical dormant: review
500758808,dormant,none,False,,0.0,15.0,30,0.95,none,,0,0,0,0.0,0.0,0.0,0.0,0.0,0.0,0.0,0.0,0.0,True,True,True,non-critical dormant: review
500758835,dormant,none,False,,0.0,15.0,30,0.95,none,,0,0,0,0.0,0.0,0.0,0.0,0.0,0.0,0.0,0.0,0.0,True,True,True,non-critical dormant: review
500759761,dying,dying,False,L,0.0,20.0,30,0.9,nbinom,5.0,0,0,1,0.0,0.0,1.0,0.0,0.0,1.0,0.0,0.0,0.0,True,True,True,"dying: demand ceased, review"
500760331,dormant,none,False,,0.0,50.0,30,0.95,none,,0,0,0,0.0,0.0,1.0,0.0,0.0,1.0,0.0,0.0,-1.0,True,True,True,non-critical dormant: review
500761657,dormant,none,False,,0.0,35.0,30,0.95,none,,0,0,0,0.0,0.0,1.0,0.0,0.0,1.0,0.0,0.0,-1.0,True,True,True,non-critical dormant: review
500762299,dormant,none,False,D,0.0,35.0,30,0.9,none,,0,0,0,0.0,0.0,1.0,0.0,0.0,1.0,0.0,0.0,-1.0,True,True,True,non-critical dormant: review
500766994,dormant,none,False,,0.0,40.0,30,0.95,none,,0,0,0,0.0,0.0,0.0,0.0,0.0,0.0,0.0,0.0,0.0,True,True,True,non-critical dormant: review
500766995,dormant,none,False,,0.0,40.0,30,0.95,none,,0,0,0,0.0,0.0,0.0,0.0,0.0,0.0,0.0,0.0,0.0,True,True,True,non-critical dormant: review
500768613,dying,dying,False,M,0.010958904109589041,13.0,30,0.95,nbinom,4.274,1,1,3,1.0,2.0,3.0,0.0,0.0,1.0,1.0,1.0,2.0,True,True,False,"dying: demand ceased, review"
500772974,dormant,none,False,D,0.0,20.0,30,0.9,none,,0,0,0,0.0,0.0,1.0,0.0,0.0,1.0,0.0,0.0,-1.0,True,True,True,non-critical dormant: review
500772975,dormant,none,False,,0.0,20.0,30,0.95,none,,0,0,0,0.0,0.0,0.0,0.0,0.0,1.0,0.0,0.0,-1.0,True,True,True,non-critical dormant: review
500772976,dormant,none,False,D,0.0,20.0,30,0.9,none,,0,0,0,0.0,0.0,1.0,0.0,0.0,1.0,0.0,0.0,-1.0,True,True,True,non-critical dormant: review
500772977,dormant,none,False,D,0.0,20.0,30,0.9,none,,0,0,0,0.0,0.0,1.0,0.0,0.0,1.0,0.0,0.0,-1.0,True,True,True,non-critical dormant: review
500772978,dormant,none,False,,0.0,20.0,30,0.95,none,,0,0,0,0.0,0.0,0.0,0.0,0.0,0.0,0.0,0.0,0.0,True,True,True,non-critical dormant: review
500772979,dormant,none,False,D,0.0,20.0,30,0.9,none,,0,0,0,0.0,0.0,1.0,0.0,0.0,1.0,0.0,0.0,-1.0,True,True,True,non-critical dormant: review
500772980,dormant,none,False,D,0.0,20.0,30,0.9,none,,0,0,0,0.0,0.0,1.0,0.0,0.0,1.0,0.0,0.0,-1.0,True,True,True,non-critical dormant: review
500772981,dormant,none,False,,0.0,20.0,30,0.95,none,,0,0,0,0.0,0.0,0.0,0.0,0.0,0.0,0.0,0.0,0.0,True,True,True,non-critical dormant: review
500772982,dormant,none,False,,0.0,20.0,30,0.95,none,,0,0,0,0.0,0.0,0.0,0.0,0.0,0.0,0.0,0.0,0.0,True,True,True,non-critical dormant: review
500772983,dormant,none,False,D,0.0,20.0,30,0.9,none,,0,0,0,0.0,0.0,1.0,0.0,0.0,1.0,0.0,0.0,-1.0,True,True,True,non-critical dormant: review
500772984,dormant,none,False,D,0.0,20.0,30,0.9,none,,0,0,0,0.0,0.0,1.0,0.0,0.0,1.0,0.0,0.0,-1.0,True,True,True,non-critical dormant: review
500772985,dormant,none,False,D,0.0,20.0,30,0.9,none,,0,0,0,0.0,0.0,1.0,0.0,0.0,1.0,0.0,0.0,-1.0,True,True,True,non-critical dormant: review
500772986,dormant,none,False,,0.0,25.0,30,0.95,none,,0,0,0,0.0,0.0,0.0,0.0,0.0,0.0,0.0,0.0,0.0,True,True,True,non-critical dormant: review
500772987,dormant,none,False,,0.0,20.0,30,0.95,none,,0,0,0,0.0,0.0,0.0,0.0,0.0,0.0,0.0,0.0,0.0,True,True,True,non-critical dormant: review
500772988,dormant,none,False,,0.0,20.0,30,0.95,none,,0,0,0,0.0,0.0,0.0,0.0,0.0,0.0,0.0,0.0,0.0,True,True,True,non-critical dormant: review
500772989,dormant,none,False,,0.0,25.0,30,0.95,none,,0,0,0,0.0,0.0,0.0,0.0,0.0,0.0,0.0,0.0,0.0,True,True,True,non-critical dormant: review
500772990,dormant,none,False,,0.0,20.0,30,0.95,none,,0,0,0,0.0,0.0,0.0,0.0,0.0,0.0,0.0,0.0,0.0,True,True,True,non-critical dormant: review
500772991,dormant,none,False,,0.0,20.0,30,0.95,none,,0,0,0,0.0,0.0,0.0,0.0,0.0,0.0,0.0,0.0,0.0,True,True,True,non-critical dormant: review
500772992,dormant,none,False,,0.0,20.0,30,0.95,none,,0,0,0,0.0,0.0,0.0,0.0,0.0,0.0,0.0,0.0,0.0,True,True,True,non-critical dormant: review
500772993,dormant,none,False,,0.0,20.0,30,0.95,none,,0,0,0,0.0,0.0,0.0,0.0,0.0,0.0,0.0,0.0,0.0,True,True,True,non-critical dormant: review
500772994,dormant,none,False,L,0.0,20.0,30,0.9,none,,0,0,0,0.0,0.0,1.0,0.0,0.0,1.0,0.0,0.0,-1.0,True,True,True,non-critical dormant: review
500772995,dying,dying,False,L,0.005479452054794521,20.0,30,0.9,nbinom,5.0,0,0,1,0.0,0.0,2.0,0.0,0.0,1.0,0.0,0.0,0.0,True,True,True,"dying: demand ceased, review"
500772996,dying,dying,False,L,0.0027397260273972603,20.0,30,0.9,nbinom,5.0,0,0,1,0.0,0.0,1.0,0.0,0.0,1.0,0.0,0.0,0.0,True,True,True,"dying: demand ceased, review"
500772997,dormant,none,False,,0.0,55.0,30,0.95,none,,0,0,0,0.0,0.0,0.0,0.0,0.0,0.0,0.0,0.0,0.0,True,True,True,non-critical dormant: review
500773310,dormant,none,False,D,0.0,45.0,30,0.9,none,,0,0,0,0.0,0.0,1.0,0.0,0.0,1.0,0.0,0.0,-1.0,True,True,True,non-critical dormant: review
500774128,dormant,none,False,,0.0,55.0,30,0.95,none,,0,0,0,0.0,0.0,1.0,0.0,0.0,1.0,0.0,0.0,-1.0,True,True,True,non-critical dormant: review
500774647,dormant,none,False,D,0.0,25.0,30,0.9,none,,0,0,0,0.0,0.0,1.0,0.0,0.0,1.0,0.0,0.0,-1.0,True,True,True,non-critical dormant: review
500774648,dormant,none,False,D,0.0,25.0,30,0.9,none,,0,0,0,0.0,0.0,1.0,0.0,0.0,1.0,0.0,0.0,-1.0,True,True,True,non-critical dormant: review
500774649,dormant,none,False,,0.0,25.0,30,0.95,none,,0,0,0,0.0,0.0,1.0,0.0,0.0,1.0,0.0,0.0,-1.0,True,True,True,non-critical dormant: review
500774650,dying,dying,False,L,0.0,30.0,30,0.9,nbinom,5.0,0,0,1,0.0,0.0,1.0,0.0,0.0,1.0,0.0,0.0,0.0,True,True,True,"dying: demand ceased, review"
500774651,dying,dying,False,L,0.0,30.0,30,0.9,nbinom,5.0,0,0,1,0.0,0.0,1.0,0.0,0.0,1.0,0.0,0.0,0.0,True,True,True,"dying: demand ceased, review"
500774652,dormant,none,False,,0.0,15.0,30,0.95,none,,0,0,0,0.0,0.0,1.0,0.0,0.0,1.0,0.0,0.0,-1.0,True,True,True,non-critical dormant: review
500774653,dormant,none,False,,0.0,30.0,30,0.95,none,,0,0,0,0.0,0.0,1.0,0.0,0.0,1.0,0.0,0.0,-1.0,True,True,True,non-critical dormant: review
500774654,dormant,none,False,D,0.0,35.0,30,0.9,none,,0,0,0,0.0,0.0,1.0,0.0,0.0,1.0,0.0,0.0,-1.0,True,True,True,non-critical dormant: review
500774888,dormant,none,False,,0.0,30.0,30,0.95,none,,0,0,0,0.0,0.0,1.0,0.0,0.0,1.0,0.0,0.0,-1.0,True,True,True,non-critical dormant: review
500776125,dormant,none,False,,0.0,45.0,30,0.95,none,,0,0,0,0.0,0.0,1.0,0.0,0.0,1.0,0.0,0.0,-1.0,True,True,True,non-critical dormant: review
500776686,dying,dying,False,M,0.019178082191780823,35.0,30,0.95,nbinom,3.0,3,3,5,0.0,1.0,2.0,0.0,1.0,2.0,3.0,2.0,3.0,False,False,False,"dying: demand ceased, review"
500777191,dormant,none,False,,0.0,30.0,30,0.95,none,,0,0,0,0.0,0.0,1.0,0.0,0.0,1.0,0.0,0.0,-1.0,True,True,True,non-critical dormant: review
500778313,dormant,none,False,,0.0,89.0,30,0.95,none,,0,0,0,0.0,0.0,0.0,0.0,0.0,0.0,0.0,0.0,0.0,True,True,True,non-critical dormant: review
500779667,dormant,none,False,,0.0,45.0,30,0.95,none,,0,0,0,0.0,0.0,1.0,0.0,0.0,1.0,0.0,0.0,-1.0,True,True,True,non-critical dormant: review
500779668,dormant,none,False,,0.0,45.0,30,0.95,none,,0,0,0,0.0,0.0,1.0,0.0,0.0,1.0,0.0,0.0,-1.0,True,True,True,non-critical dormant: review
500779669,dormant,none,False,,0.0,45.0,30,0.95,none,,0,0,0,0.0,0.0,1.0,0.0,0.0,1.0,0.0,0.0,-1.0,True,True,True,non-critical dormant: review
500780429,active,constant,True,L,0.005479452054794521,30.0,30,0.9,nbinom,2.991,0,0,1,0.0,0.0,1.0,0.0,4.0,5.0,0.0,-4.0,-4.0,True,False,False,active
500780791,dormant,none,False,D,0.0,35.0,30,0.9,none,,0,0,0,0.0,0.0,1.0,0.0,0.0,1.0,0.0,0.0,-1.0,True,True,True,non-critical dormant: review
500780792,dormant,none,False,D,0.0,35.0,30,0.9,none,,0,0,0,0.0,0.0,1.0,0.0,0.0,1.0,0.0,0.0,-1.0,True,True,True,non-critical dormant: review
500781035,dormant,none,False,,0.0,30.0,30,0.95,none,,0,0,0,0.0,0.0,1.0,0.0,0.0,1.0,0.0,0.0,-1.0,True,True,True,non-critical dormant: review
500781038,dormant,none,False,,0.0,30.0,30,0.95,none,,0,0,0,0.0,0.0,1.0,0.0,0.0,1.0,0.0,0.0,-1.0,True,True,True,non-critical dormant: review
500781040,dying,dying,False,L,0.0136986301369863,30.0,30,0.9,nbinom,5.0,1,1,3,0.0,0.0,1.0,0.0,0.0,1.0,1.0,1.0,2.0,True,True,False,"dying: demand ceased, review"
500781041,dormant,none,False,,0.0,30.0,30,0.95,none,,0,0,0,0.0,0.0,1.0,0.0,0.0,1.0,0.0,0.0,-1.0,True,True,True,non-critical dormant: review
500781042,dormant,none,False,,0.0,30.0,30,0.95,none,,0,0,0,0.0,0.0,1.0,0.0,0.0,1.0,0.0,0.0,-1.0,True,True,True,non-critical dormant: review
500781043,dormant,none,False,,0.0,30.0,30,0.95,none,,0,0,0,0.0,0.0,1.0,0.0,0.0,1.0,0.0,0.0,-1.0,True,True,True,non-critical dormant: review
500781044,dormant,none,False,,0.0,30.0,30,0.95,none,,0,0,0,0.0,0.0,1.0,0.0,0.0,1.0,0.0,0.0,-1.0,True,True,True,non-critical dormant: review
500781045,active,constant,True,L,0.010958904109589041,30.0,30,0.9,nbinom,1.578,1,1,2,0.0,0.0,1.0,0.0,0.0,1.0,1.0,1.0,1.0,True,True,True,active
500781046,dormant,none,False,,0.0,30.0,30,0.95,none,,0,0,0,0.0,0.0,1.0,0.0,0.0,1.0,0.0,0.0,-1.0,True,True,True,non-critical dormant: review
500781162,dormant,none,False,,0.0,40.0,30,0.95,none,,0,0,0,0.0,0.0,1.0,0.0,0.0,1.0,0.0,0.0,-1.0,True,True,True,non-critical dormant: review
500781163,dormant,none,False,,0.0,40.0,30,0.95,none,,0,0,0,0.0,0.0,0.0,0.0,0.0,0.0,0.0,0.0,0.0,True,True,True,non-critical dormant: review
500781164,dormant,none,False,,0.0,40.0,30,0.95,none,,0,0,0,0.0,0.0,0.0,0.0,0.0,0.0,0.0,0.0,0.0,True,True,True,non-critical dormant: review
500781165,dormant,none,False,,0.0,40.0,30,0.95,none,,0,0,0,0.0,0.0,0.0,0.0,0.0,0.0,0.0,0.0,0.0,True,True,True,non-critical dormant: review
500781178,dormant,none,False,D,0.0,28.0,30,0.9,none,,0,0,0,0.0,0.0,1.0,0.0,0.0,1.0,0.0,0.0,-1.0,True,True,True,non-critical dormant: review
500781252,dormant,none,False,,0.0,35.0,30,0.95,none,,0,0,0,0.0,0.0,0.0,0.0,0.0,0.0,0.0,0.0,0.0,True,True,True,non-critical dormant: review
500782144,dormant,none,False,,0.0,56.0,30,0.95,none,,0,0,0,0.0,0.0,0.0,0.0,0.0,0.0,0.0,0.0,0.0,True,True,True,non-critical dormant: review
500784933,dying,dying,False,L,0.0027397260273972603,35.0,30,0.9,nbinom,5.0,0,0,1,0.0,0.0,0.0,0.0,2.0,3.0,0.0,-2.0,-2.0,True,False,False,"dying: demand ceased, review"
500784935,dormant,none,False,D,0.0,35.0,30,0.9,none,,0,0,0,0.0,0.0,1.0,0.0,0.0,1.0,0.0,0.0,-1.0,True,True,True,non-critical dormant: review
500785170,dying,dying,False,L,0.0,30.0,30,0.9,nbinom,5.0,0,0,1,0.0,0.0,1.0,0.0,0.0,1.0,0.0,0.0,0.0,True,True,True,"dying: demand ceased, review"
500788235,dormant,none,False,,0.0,20.0,30,0.95,none,,0,0,0,0.0,0.0,1.0,0.0,0.0,1.0,0.0,0.0,-1.0,True,True,True,non-critical dormant: review
500788236,dying,dying,False,L,0.0,20.0,30,0.9,nbinom,5.0,0,0,1,0.0,0.0,1.0,0.0,0.0,1.0,0.0,0.0,0.0,True,True,True,"dying: demand ceased, review"
500788237,dormant,none,False,,0.0,20.0,30,0.95,none,,0,0,0,0.0,0.0,1.0,0.0,0.0,1.0,0.0,0.0,-1.0,True,True,True,non-critical dormant: review
500788241,dormant,none,False,,0.0,45.0,30,0.95,none,,0,0,0,0.0,0.0,1.0,0.0,0.0,1.0,0.0,0.0,-1.0,True,True,True,non-critical dormant: review
500788777,dormant,none,False,D,0.0,56.0,30,0.9,none,,0,0,0,0.0,0.0,1.0,0.0,0.0,1.0,0.0,0.0,-1.0,True,True,True,non-critical dormant: review
500790606,active,constant,True,L,2.191780821917808,40.0,30,0.9,nbinom,3.547,24,111,300,0.0,0.0,1.0,0.0,454.0,566.0,24.0,-343.0,-266.0,False,False,False,active
500792083,dormant,none,False,D,0.0,55.0,30,0.9,none,,0,0,0,0.0,0.0,1.0,0.0,0.0,1.0,0.0,0.0,-1.0,True,True,True,non-critical dormant: review
500792333,dormant,none,False,,0.0,10.0,30,0.95,none,,0,0,0,0.0,0.0,0.0,0.0,0.0,0.0,0.0,0.0,0.0,True,True,True,non-critical dormant: review
500792336,dormant,none,False,,0.0,10.0,30,0.95,none,,0,0,0,0.0,0.0,1.0,0.0,0.0,1.0,0.0,0.0,-1.0,True,True,True,non-critical dormant: review
500793159,dormant,none,False,,0.0,10.0,30,0.95,none,,0,0,0,0.0,0.0,0.0,0.0,0.0,0.0,0.0,0.0,0.0,True,True,True,non-critical dormant: review
500794463,dormant,none,False,,0.0,85.0,30,0.95,none,,0,0,0,0.0,0.0,1.0,0.0,0.0,1.0,0.0,0.0,-1.0,True,True,True,non-critical dormant: review
500795539,dormant,none,False,,0.0,30.0,30,0.95,none,,0,0,0,0.0,0.0,1.0,0.0,0.0,1.0,0.0,0.0,-1.0,True,True,True,non-critical dormant: review
500795540,dormant,none,False,,0.0,30.0,30,0.95,none,,0,0,0,0.0,0.0,1.0,0.0,0.0,1.0,0.0,0.0,-1.0,True,True,True,non-critical dormant: review
500795541,dormant,none,False,,0.0,30.0,30,0.95,none,,0,0,0,0.0,0.0,1.0,0.0,0.0,1.0,0.0,0.0,-1.0,True,True,True,non-critical dormant: review
500797070,dormant,none,False,D,0.0,45.0,30,0.9,none,,0,0,0,0.0,0.0,1.0,0.0,0.0,0.0,0.0,0.0,0.0,True,True,True,non-critical dormant: review
500797637,dormant,none,False,D,0.0,35.0,30,0.9,none,,0,0,0,0.0,0.0,1.0,0.0,0.0,1.0,0.0,0.0,-1.0,True,True,True,non-critical dormant: review
500798937,dormant,none,False,,0.0,20.0,30,0.95,none,,0,0,0,0.0,0.0,1.0,0.0,0.0,1.0,0.0,0.0,-1.0,True,True,True,non-critical dormant: review
500798939,dying,dying,False,L,0.0027397260273972603,20.0,30,0.9,nbinom,5.0,0,0,1,0.0,0.0,1.0,0.0,0.0,1.0,0.0,0.0,0.0,True,True,True,"dying: demand ceased, review"
500798940,dormant,none,False,,0.0,20.0,30,0.95,none,,0,0,0,0.0,0.0,1.0,0.0,0.0,1.0,0.0,0.0,-1.0,True,True,True,non-critical dormant: review
500798941,dormant,none,False,,0.0,25.0,30,0.95,none,,0,0,0,0.0,0.0,0.0,0.0,0.0,0.0,0.0,0.0,0.0,True,True,True,non-critical dormant: review
500799870,dormant,none,False,,0.0,25.0,30,0.95,none,,0,0,0,0.0,0.0,1.0,0.0,0.0,1.0,0.0,0.0,-1.0,True,True,True,non-critical dormant: review
500802377,dying,dying,False,M,0.09315068493150686,20.0,30,0.95,nbinom,3.599,6,7,13,0.0,2.0,4.0,0.0,2.0,4.0,6.0,5.0,9.0,False,False,False,"dying: demand ceased, review"
500802434,dormant,none,False,,0.0,20.0,30,0.95,none,,0,0,0,0.0,0.0,1.0,0.0,0.0,1.0,0.0,0.0,-1.0,True,True,True,non-critical dormant: review
500802444,active,constant,True,,0.0027397260273972603,20.0,30,0.95,nbinom,5.0,0,0,1,0.0,0.0,1.0,0.0,0.0,1.0,0.0,0.0,0.0,True,True,True,active
500802445,active,constant,True,,0.0821917808219178,20.0,30,0.95,nbinom,5.0,6,7,13,0.0,0.0,1.0,0.0,0.0,1.0,6.0,7.0,12.0,False,False,False,active
500802456,dormant,none,False,,0.0,65.0,30,0.95,none,,0,0,0,0.0,0.0,0.0,0.0,0.0,0.0,0.0,0.0,0.0,True,True,True,non-critical dormant: review
500802625,dying,dying,False,L,0.0,20.0,30,0.9,nbinom,5.0,0,0,1,0.0,0.0,1.0,0.0,0.0,1.0,0.0,0.0,0.0,True,True,True,"dying: demand ceased, review"
500802629,dying,dying,False,L,0.005479452054794521,25.0,30,0.9,nbinom,3.0,0,0,1,0.0,0.0,1.0,0.0,0.0,1.0,0.0,0.0,0.0,True,True,True,"dying: demand ceased, review"
500802630,dying,dying,False,L,0.0,20.0,30,0.9,nbinom,5.0,0,0,1,0.0,0.0,1.0,0.0,0.0,1.0,0.0,0.0,0.0,True,True,True,"dying: demand ceased, review"
500802633,dormant,none,False,D,0.0,32.0,30,0.9,none,,0,0,0,0.0,0.0,1.0,0.0,0.0,1.0,0.0,0.0,-1.0,True,True,True,non-critical dormant: review
500804082,dying,dying,False,L,0.005479452054794521,25.0,30,0.9,nbinom,4.836,0,0,1,0.0,0.0,1.0,0.0,0.0,1.0,0.0,0.0,0.0,True,True,True,"dying: demand ceased, review"
500804250,dying,dying,False,L,0.0,20.0,30,0.9,nbinom,5.0,0,0,1,0.0,0.0,1.0,0.0,0.0,1.0,0.0,0.0,0.0,True,True,True,"dying: demand ceased, review"
500804251,dormant,none,False,,0.0,15.0,30,0.95,none,,0,0,0,0.0,0.0,0.0,0.0,0.0,0.0,0.0,0.0,0.0,True,True,True,non-critical dormant: review
500804252,dormant,none,False,,0.0,15.0,30,0.95,none,,0,0,0,0.0,0.0,0.0,0.0,0.0,0.0,0.0,0.0,0.0,True,True,True,non-critical dormant: review
500804253,dormant,none,False,,0.0,15.0,30,0.95,none,,0,0,0,0.0,0.0,0.0,0.0,0.0,0.0,0.0,0.0,0.0,True,True,True,non-critical dormant: review
500804254,dormant,none,False,,0.0,15.0,30,0.95,none,,0,0,0,0.0,0.0,0.0,0.0,0.0,0.0,0.0,0.0,0.0,True,True,True,non-critical dormant: review
500804300,dormant,none,False,,0.0,30.0,30,0.95,none,,0,0,0,0.0,0.0,1.0,0.0,0.0,1.0,0.0,0.0,-1.0,True,True,True,non-critical dormant: review
500804301,dormant,none,False,,0.0,20.0,30,0.95,none,,0,0,0,0.0,0.0,0.0,0.0,0.0,0.0,0.0,0.0,0.0,True,True,True,non-critical dormant: review
500804302,dormant,none,False,,0.0,30.0,30,0.95,none,,0,0,0,0.0,0.0,0.0,0.0,0.0,0.0,0.0,0.0,0.0,True,True,True,non-critical dormant: review
500804303,dormant,none,False,,0.0,30.0,30,0.95,none,,0,0,0,0.0,0.0,0.0,0.0,0.0,0.0,0.0,0.0,0.0,True,True,True,non-critical dormant: review
500804304,dormant,none,False,,0.0,40.0,30,0.95,none,,0,0,0,0.0,0.0,0.0,0.0,0.0,0.0,0.0,0.0,0.0,True,True,True,non-critical dormant: review
500804305,dormant,none,False,,0.0,25.0,30,0.95,none,,0,0,0,0.0,0.0,0.0,0.0,0.0,0.0,0.0,0.0,0.0,True,True,True,non-critical dormant: review
500804306,dormant,none,False,,0.0,20.0,30,0.95,none,,0,0,0,0.0,0.0,0.0,0.0,0.0,0.0,0.0,0.0,0.0,True,True,True,non-critical dormant: review
500804308,dormant,none,False,,0.0,20.0,30,0.95,none,,0,0,0,0.0,0.0,0.0,0.0,0.0,0.0,0.0,0.0,0.0,True,True,True,non-critical dormant: review
500804309,dormant,none,False,,0.0,40.0,30,0.95,none,,0,0,0,0.0,0.0,0.0,0.0,0.0,0.0,0.0,0.0,0.0,True,True,True,non-critical dormant: review
500804311,dormant,none,False,,0.0,25.0,30,0.95,none,,0,0,0,0.0,0.0,0.0,0.0,0.0,0.0,0.0,0.0,0.0,True,True,True,non-critical dormant: review
500804521,dormant,none,False,,0.0,45.0,30,0.95,none,,0,0,0,0.0,0.0,1.0,0.0,0.0,1.0,0.0,0.0,-1.0,True,True,True,non-critical dormant: review
500804523,dormant,none,False,,0.0,45.0,30,0.95,none,,0,0,0,0.0,0.0,1.0,0.0,0.0,1.0,0.0,0.0,-1.0,True,True,True,non-critical dormant: review
500806240,dormant,none,False,,0.0,45.0,30,0.95,none,,0,0,0,0.0,0.0,1.0,0.0,0.0,1.0,0.0,0.0,-1.0,True,True,True,non-critical dormant: review
500806241,dormant,none,False,,0.0,45.0,30,0.95,none,,0,0,0,0.0,0.0,1.0,0.0,0.0,1.0,0.0,0.0,-1.0,True,True,True,non-critical dormant: review
500808664,dying,dying,False,L,0.005479452054794521,20.0,30,0.9,nbinom,5.0,0,0,1,0.0,0.0,1.0,0.0,0.0,1.0,0.0,0.0,0.0,True,True,True,"dying: demand ceased, review"
500808666,active,constant,True,L,0.0027397260273972603,20.0,30,0.9,nbinom,5.0,0,0,10,0.0,0.0,1.0,0.0,0.0,1.0,0.0,0.0,9.0,True,True,False,active
500808667,active,constant,True,L,0.0027397260273972603,20.0,30,0.9,nbinom,5.0,0,0,1,0.0,0.0,1.0,0.0,0.0,1.0,0.0,0.0,0.0,True,True,True,active
500808782,dormant,none,False,L,0.0,35.0,30,0.9,none,,0,0,0,0.0,0.0,1.0,0.0,0.0,1.0,0.0,0.0,-1.0,True,True,True,non-critical dormant: review
500809717,active,constant,True,H,12.465753424657533,25.0,30,0.99,poisson,1.0,42,353,747,302.0,719.0,1136.0,1.0,606.0,781.0,41.0,-253.0,-34.0,False,False,True,active
500809726,dying,dying,False,L,0.0,15.0,30,0.9,nbinom,5.0,0,0,1,0.0,0.0,1.0,0.0,0.0,1.0,0.0,0.0,0.0,True,True,True,"dying: demand ceased, review"
500810756,dormant,none,False,,0.0,25.0,30,0.95,none,,0,0,0,0.0,0.0,0.0,0.0,0.0,0.0,0.0,0.0,0.0,True,True,True,non-critical dormant: review
500810775,dormant,none,False,,0.0,25.0,30,0.95,none,,0,0,0,0.0,0.0,1.0,0.0,0.0,1.0,0.0,0.0,-1.0,True,True,True,non-critical dormant: review
500811249,active,constant,True,M,0.010958904109589041,30.0,30,0.95,nbinom,1.5,2,2,3,0.0,0.0,1.0,0.0,0.0,1.0,2.0,2.0,2.0,False,False,False,active
500811475,dormant,none,False,,0.0,85.0,30,0.95,none,,0,0,0,0.0,0.0,0.0,0.0,0.0,0.0,0.0,0.0,0.0,True,True,True,non-critical dormant: review
500811476,dormant,none,False,,0.0,38.0,30,0.95,none,,0,0,0,0.0,0.0,0.0,0.0,0.0,0.0,0.0,0.0,0.0,True,True,True,non-critical dormant: review
500811477,dormant,none,False,,0.0,38.0,30,0.95,none,,0,0,0,0.0,0.0,0.0,0.0,0.0,0.0,0.0,0.0,0.0,True,True,True,non-critical dormant: review
500812783,dormant,none,False,,0.0,75.0,30,0.95,none,,0,0,0,0.0,0.0,0.0,0.0,0.0,0.0,0.0,0.0,0.0,True,True,True,non-critical dormant: review
500814228,dormant,none,False,,0.0,70.0,30,0.95,none,,0,0,0,0.0,0.0,1.0,0.0,0.0,1.0,0.0,0.0,-1.0,True,True,True,non-critical dormant: review
500814379,active,constant,True,L,0.005479452054794521,84.0,30,0.9,nbinom,2.219,2,2,3,0.0,0.0,1.0,0.0,0.0,1.0,2.0,2.0,2.0,False,False,False,active
500814380,dying,dying,False,L,0.0027397260273972603,84.0,30,0.9,nbinom,3.0,1,1,2,0.0,0.0,1.0,0.0,0.0,1.0,1.0,1.0,1.0,True,True,True,"dying: demand ceased, review"
500815283,dormant,none,False,,0.0,70.0,30,0.95,none,,0,0,0,0.0,0.0,0.0,0.0,0.0,0.0,0.0,0.0,0.0,True,True,True,non-critical dormant: review
500815517,dormant,none,False,,0.0,20.0,30,0.95,none,,0,0,0,0.0,0.0,0.0,0.0,0.0,0.0,0.0,0.0,0.0,True,True,True,non-critical dormant: review
500815520,dying,dying,False,,0.0027397260273972603,20.0,30,0.95,nbinom,5.0,0,0,1,0.0,0.0,0.0,0.0,0.0,0.0,0.0,0.0,1.0,True,True,True,"dying: demand ceased, review"
500816297,dormant,none,False,,0.0,25.0,30,0.95,none,,0,0,0,0.0,0.0,1.0,0.0,0.0,1.0,0.0,0.0,-1.0,True,True,True,non-critical dormant: review
500816298,dormant,none,False,,0.0,25.0,30,0.95,none,,0,0,0,0.0,0.0,1.0,0.0,0.0,1.0,0.0,0.0,-1.0,True,True,True,non-critical dormant: review
500816299,dormant,none,False,,0.0,25.0,30,0.95,none,,0,0,0,0.0,0.0,1.0,0.0,0.0,1.0,0.0,0.0,-1.0,True,True,True,non-critical dormant: review
500816300,dormant,none,False,,0.0,25.0,30,0.95,none,,0,0,0,0.0,0.0,1.0,0.0,0.0,1.0,0.0,0.0,-1.0,True,True,True,non-critical dormant: review
500816939,active,constant,True,,0.0027397260273972603,45.0,30,0.95,nbinom,5.0,0,0,1,0.0,0.0,1.0,0.0,0.0,1.0,0.0,0.0,0.0,True,True,True,active
500817204,active,constant,True,,0.0027397260273972603,45.0,30,0.95,nbinom,5.0,0,0,1,0.0,0.0,1.0,0.0,0.0,1.0,0.0,0.0,0.0,True,True,True,active
500818366,dying,dying,False,L,0.0547945205479452,15.0,30,0.9,nbinom,5.0,3,3,20,2.0,3.0,4.0,0.0,1.0,2.0,3.0,2.0,18.0,False,False,False,"dying: demand ceased, review"
500818371,dying,dying,False,,0.0,35.0,30,0.95,nbinom,5.0,0,0,1,0.0,0.0,0.0,0.0,0.0,0.0,0.0,0.0,1.0,True,True,True,"dying: demand ceased, review"
500818659,dormant,none,False,,0.0,28.0,30,0.95,none,,0,0,0,0.0,0.0,1.0,0.0,0.0,1.0,0.0,0.0,-1.0,True,True,True,non-critical dormant: review
500818661,dormant,none,False,,0.0,19.0,30,0.95,none,,0,0,0,0.0,0.0,0.0,0.0,0.0,0.0,0.0,0.0,0.0,True,True,True,non-critical dormant: review
500819325,dying,dying,False,L,0.01643835616438356,30.0,30,0.9,nbinom,5.0,1,1,3,0.0,0.0,1.0,0.0,0.0,1.0,1.0,1.0,2.0,True,True,False,"dying: demand ceased, review"
500819356,dying,dying,False,L,0.0027397260273972603,65.0,30,0.9,nbinom,4.734,0,0,1,0.0,0.0,1.0,0.0,0.0,1.0,0.0,0.0,0.0,True,True,True,"dying: demand ceased, review"
500819519,dormant,none,False,,0.0,20.0,30,0.95,none,,0,0,0,0.0,0.0,1.0,0.0,0.0,1.0,0.0,0.0,-1.0,True,True,True,non-critical dormant: review
500820883,active,constant,True,H,0.13972602739726028,36.0,30,0.99,poisson,1.0,6,11,17,13.0,18.0,23.0,5.0,18.0,23.0,1.0,-7.0,-6.0,True,False,False,active
500820911,dormant,none,False,L,0.0,45.0,30,0.9,none,,0,0,0,0.0,0.0,0.0,0.0,0.0,0.0,0.0,0.0,0.0,True,True,True,non-critical dormant: review
500821106,dormant,none,False,,0.0,20.0,30,0.95,none,,0,0,0,0.0,0.0,1.0,0.0,0.0,1.0,0.0,0.0,-1.0,True,True,True,non-critical dormant: review
500821107,dying,dying,False,L,0.005479452054794521,20.0,30,0.9,nbinom,5.0,0,0,1,0.0,0.0,1.0,0.0,0.0,1.0,0.0,0.0,0.0,True,True,True,"dying: demand ceased, review"
500821108,dormant,none,False,,0.0,20.0,30,0.95,none,,0,0,0,0.0,0.0,1.0,0.0,0.0,1.0,0.0,0.0,-1.0,True,True,True,non-critical dormant: review
500821192,dying,dying,False,,0.0027397260273972603,25.0,30,0.95,nbinom,5.0,0,0,1,0.0,0.0,0.0,0.0,0.0,0.0,0.0,0.0,1.0,True,True,True,"dying: demand ceased, review"
500821195,dying,dying,False,L,0.0,20.0,30,0.9,nbinom,5.0,0,0,1,0.0,0.0,1.0,0.0,0.0,1.0,0.0,0.0,0.0,True,True,True,"dying: demand ceased, review"
500822055,dormant,none,False,,0.0,15.0,30,0.95,none,,0,0,0,0.0,0.0,1.0,0.0,0.0,1.0,0.0,0.0,-1.0,True,True,True,non-critical dormant: review
500822947,dormant,none,False,,0.0,20.0,30,0.95,none,,0,0,0,0.0,0.0,1.0,0.0,0.0,1.0,0.0,0.0,-1.0,True,True,True,non-critical dormant: review
500823525,dying,dying,False,L,0.005479452054794521,30.0,30,0.9,nbinom,3.14,0,0,1,0.0,1.0,2.0,0.0,0.0,1.0,0.0,0.0,0.0,True,True,True,"dying: demand ceased, review"
500823526,active,constant,True,M,0.01643835616438356,30.0,30,0.95,nbinom,2.879,3,3,4,0.0,0.0,1.0,2.0,4.0,6.0,1.0,-1.0,-2.0,True,True,False,active
500824081,dying,dying,False,,0.0,20.0,30,0.95,nbinom,5.0,0,0,1,0.0,0.0,1.0,0.0,0.0,1.0,0.0,0.0,0.0,True,True,True,"dying: demand ceased, review"
500824300,dormant,none,False,,0.0,45.0,30,0.95,none,,0,0,0,0.0,0.0,0.0,0.0,0.0,0.0,0.0,0.0,0.0,True,True,True,non-critical dormant: review
500824301,dormant,none,False,,0.0,45.0,30,0.95,none,,0,0,0,0.0,0.0,0.0,0.0,0.0,0.0,0.0,0.0,0.0,True,True,True,non-critical dormant: review
500824490,dormant,none,False,,0.0,35.0,30,0.95,none,,0,0,0,0.0,0.0,0.0,0.0,0.0,0.0,0.0,0.0,0.0,True,True,True,non-critical dormant: review
500824533,dormant,none,False,,0.0,30.0,30,0.95,none,,0,0,0,0.0,0.0,0.0,0.0,0.0,0.0,0.0,0.0,0.0,True,True,True,non-critical dormant: review
500824549,dying,dying,False,L,0.0,30.0,30,0.9,nbinom,5.0,0,0,1,0.0,0.0,0.0,0.0,0.0,0.0,0.0,0.0,1.0,True,True,True,"dying: demand ceased, review"
500824563,dormant,none,False,,0.0,25.0,30,0.95,none,,0,0,0,0.0,0.0,0.0,0.0,0.0,0.0,0.0,0.0,0.0,True,True,True,non-critical dormant: review
500824564,dormant,none,False,,0.0,25.0,30,0.95,none,,0,0,0,0.0,0.0,0.0,0.0,0.0,0.0,0.0,0.0,0.0,True,True,True,non-critical dormant: review
500824967,dormant,none,False,D,0.0,70.0,30,0.9,none,,0,0,0,0.0,0.0,1.0,0.0,0.0,1.0,0.0,0.0,-1.0,True,True,True,non-critical dormant: review
500827495,dying,dying,False,L,0.0027397260273972603,30.0,30,0.9,nbinom,3.0,0,0,1,0.0,0.0,1.0,0.0,0.0,1.0,0.0,0.0,0.0,True,True,True,"dying: demand ceased, review"
500827496,dying,dying,False,L,0.005479452054794521,30.0,30,0.9,nbinom,3.0,0,0,1,0.0,0.0,1.0,0.0,1.0,2.0,0.0,-1.0,-1.0,True,True,True,"dying: demand ceased, review"
500828348,active,constant,True,H,0.7232876712328767,40.0,30,0.99,poisson,1.0,14,42,68,13.0,49.0,81.0,8.0,45.0,75.0,6.0,-3.0,-7.0,False,True,True,active
500828868,dormant,none,False,,0.0,45.0,30,0.95,none,,0,0,0,0.0,0.0,0.0,0.0,0.0,0.0,0.0,0.0,0.0,True,True,True,non-critical dormant: review
500829916,dormant,none,False,,0.0,15.0,30,0.95,none,,0,0,0,0.0,0.0,1.0,0.0,0.0,1.0,0.0,0.0,-1.0,True,True,True,non-critical dormant: review
500829917,active,constant,True,,0.005479452054794521,30.0,30,0.95,nbinom,5.0,1,1,2,0.0,0.0,1.0,0.0,0.0,1.0,1.0,1.0,1.0,True,True,True,active
500829918,active,constant,True,M,0.0410958904109589,45.0,30,0.95,poisson,1.0,3,4,6,2.0,5.0,8.0,0.0,5.0,8.0,3.0,-1.0,-2.0,False,True,False,active
500829949,dying,dying,False,M,0.0547945205479452,35.0,30,0.95,nbinom,3.737,6,7,11,23.0,31.0,39.0,0.0,0.0,1.0,6.0,7.0,10.0,False,False,False,"dying: demand ceased, review"
500829950,dying,dying,False,M,0.0547945205479452,35.0,30,0.95,nbinom,3.729,6,7,11,24.0,32.0,40.0,0.0,0.0,1.0,6.0,7.0,10.0,False,False,False,"dying: demand ceased, review"
500830020,dormant,none,False,,0.0,25.0,30,0.95,none,,0,0,0,0.0,0.0,0.0,0.0,0.0,0.0,0.0,0.0,0.0,True,True,True,non-critical dormant: review
500830021,dormant,none,False,,0.0,25.0,30,0.95,none,,0,0,0,0.0,0.0,0.0,0.0,0.0,0.0,0.0,0.0,0.0,True,True,True,non-critical dormant: review
500830022,dormant,none,False,,0.0,25.0,30,0.95,none,,0,0,0,0.0,0.0,0.0,0.0,0.0,0.0,0.0,0.0,0.0,True,True,True,non-critical dormant: review
500830113,dormant,none,False,,0.0,25.0,30,0.95,none,,0,0,0,0.0,0.0,1.0,0.0,0.0,1.0,0.0,0.0,-1.0,True,True,True,non-critical dormant: review
500830767,active,constant,True,M,0.019178082191780823,7.0,30,0.95,nbinom,2.509,1,1,3,0.0,1.0,2.0,0.0,1.0,2.0,1.0,0.0,1.0,True,True,True,active
500831400,dormant,none,False,,0.0,30.0,30,0.95,none,,0,0,0,0.0,0.0,1.0,0.0,0.0,1.0,0.0,0.0,-1.0,True,True,True,non-critical dormant: review
500832921,dying,dying,False,,0.0,15.0,30,0.95,nbinom,5.0,0,0,1,0.0,0.0,0.0,0.0,0.0,0.0,0.0,0.0,1.0,True,True,True,"dying: demand ceased, review"
500833065,dormant,none,False,,0.0,20.0,30,0.95,none,,0,0,0,0.0,0.0,0.0,0.0,0.0,0.0,0.0,0.0,0.0,True,True,True,non-critical dormant: review
500833066,dormant,none,False,,0.0,20.0,30,0.95,none,,0,0,0,0.0,0.0,0.0,0.0,0.0,0.0,0.0,0.0,0.0,True,True,True,non-critical dormant: review
500833144,dormant,none,False,,0.0,20.0,30,0.95,none,,0,0,0,0.0,0.0,0.0,0.0,0.0,0.0,0.0,0.0,0.0,True,True,True,non-critical dormant: review
500833147,dormant,none,False,,0.0,55.0,30,0.95,none,,0,0,0,0.0,0.0,0.0,0.0,0.0,0.0,0.0,0.0,0.0,True,True,True,non-critical dormant: review
500833148,dormant,none,False,D,0.0,20.0,30,0.9,none,,0,0,0,0.0,0.0,1.0,0.0,0.0,0.0,0.0,0.0,0.0,True,True,True,non-critical dormant: review
500833149,dormant,none,False,D,0.0,20.0,30,0.9,none,,0,0,0,0.0,0.0,1.0,0.0,0.0,0.0,0.0,0.0,0.0,True,True,True,non-critical dormant: review
500833150,dormant,none,False,D,0.0,20.0,30,0.9,none,,0,0,0,0.0,0.0,1.0,0.0,0.0,0.0,0.0,0.0,0.0,True,True,True,non-critical dormant: review
500833151,dormant,none,False,D,0.0,20.0,30,0.9,none,,0,0,0,0.0,0.0,1.0,0.0,0.0,0.0,0.0,0.0,0.0,True,True,True,non-critical dormant: review
500833152,dormant,none,False,D,0.0,20.0,30,0.9,none,,0,0,0,0.0,0.0,1.0,0.0,0.0,0.0,0.0,0.0,0.0,True,True,True,non-critical dormant: review
500833153,dormant,none,False,,0.0,20.0,30,0.95,none,,0,0,0,0.0,0.0,0.0,0.0,0.0,0.0,0.0,0.0,0.0,True,True,True,non-critical dormant: review
500833154,dormant,none,False,,0.0,25.0,30,0.95,none,,0,0,0,0.0,0.0,0.0,0.0,0.0,0.0,0.0,0.0,0.0,True,True,True,non-critical dormant: review
500833168,dormant,none,False,,0.0,35.0,30,0.95,none,,0,0,0,0.0,0.0,0.0,0.0,0.0,0.0,0.0,0.0,0.0,True,True,True,non-critical dormant: review
500833169,dormant,none,False,,0.0,45.0,30,0.95,none,,0,0,0,0.0,0.0,0.0,0.0,0.0,0.0,0.0,0.0,0.0,True,True,True,non-critical dormant: review
500833170,dormant,none,False,,0.0,25.0,30,0.95,none,,0,0,0,0.0,0.0,0.0,0.0,0.0,0.0,0.0,0.0,0.0,True,True,True,non-critical dormant: review
500833171,dormant,none,False,D,0.0,20.0,30,0.9,none,,0,0,0,0.0,0.0,1.0,0.0,0.0,0.0,0.0,0.0,0.0,True,True,True,non-critical dormant: review
500833172,dormant,none,False,,0.0,20.0,30,0.95,none,,0,0,0,0.0,0.0,0.0,0.0,0.0,0.0,0.0,0.0,0.0,True,True,True,non-critical dormant: review
500833173,dormant,none,False,,0.0,35.0,30,0.95,none,,0,0,0,0.0,0.0,0.0,0.0,0.0,0.0,0.0,0.0,0.0,True,True,True,non-critical dormant: review
500833358,dying,dying,False,L,0.00821917808219178,30.0,30,0.9,nbinom,3.0,1,1,2,2.0,5.0,6.0,0.0,0.0,1.0,1.0,1.0,1.0,True,True,True,"dying: demand ceased, review"
500833632,dormant,none,False,,0.0,25.0,30,0.95,none,,0,0,0,0.0,0.0,1.0,0.0,0.0,1.0,0.0,0.0,-1.0,True,True,True,non-critical dormant: review
500833765,dormant,none,False,D,0.0,55.0,30,0.9,none,,0,0,0,0.0,0.0,1.0,0.0,0.0,1.0,0.0,0.0,-1.0,True,True,True,non-critical dormant: review
500834857,dormant,none,False,,0.0,30.0,30,0.95,none,,0,0,0,0.0,0.0,1.0,0.0,0.0,1.0,0.0,0.0,-1.0,True,True,True,non-critical dormant: review
500834858,dying,dying,False,L,0.00821917808219178,30.0,30,0.9,nbinom,5.0,0,0,10,0.0,0.0,1.0,0.0,0.0,1.0,0.0,0.0,9.0,True,True,False,"dying: demand ceased, review"
500834859,dying,dying,False,L,0.00821917808219178,30.0,30,0.9,nbinom,5.0,0,0,10,0.0,0.0,1.0,0.0,0.0,1.0,0.0,0.0,9.0,True,True,False,"dying: demand ceased, review"
500834860,dormant,none,False,,0.0,30.0,30,0.95,none,,0,0,0,0.0,0.0,1.0,0.0,0.0,1.0,0.0,0.0,-1.0,True,True,True,non-critical dormant: review
500835007,active,constant,True,H,2.010958904109589,35.0,30,0.99,poisson,1.0,21,91,160,31.0,139.0,202.0,31.0,122.0,185.0,-10.0,-31.0,-25.0,False,False,False,active
500835027,dormant,none,False,L,0.0,125.0,30,0.9,none,,0,0,0,0.0,0.0,0.0,0.0,0.0,0.0,0.0,0.0,0.0,True,True,True,non-critical dormant: review
500835479,dormant,none,False,,0.0,70.0,30,0.95,none,,0,0,0,0.0,0.0,0.0,0.0,0.0,0.0,0.0,0.0,0.0,True,True,True,non-critical dormant: review
500835480,dormant,none,False,,0.0,70.0,30,0.95,none,,0,0,0,0.0,0.0,0.0,0.0,0.0,1.0,0.0,0.0,-1.0,True,True,True,non-critical dormant: review
500835481,dying,dying,False,L,0.0027397260273972603,70.0,30,0.9,nbinom,5.0,0,0,1,0.0,0.0,1.0,0.0,0.0,1.0,0.0,0.0,0.0,True,True,True,"dying: demand ceased, review"
500835482,dying,dying,False,L,0.0027397260273972603,70.0,30,0.9,nbinom,5.0,0,0,1,0.0,0.0,1.0,0.0,0.0,1.0,0.0,0.0,0.0,True,True,True,"dying: demand ceased, review"
500835483,dormant,none,False,,0.0,70.0,30,0.95,none,,0,0,0,0.0,0.0,0.0,0.0,0.0,1.0,0.0,0.0,-1.0,True,True,True,non-critical dormant: review
500835484,dormant,none,False,,0.0,70.0,30,0.95,none,,0,0,0,0.0,0.0,0.0,0.0,0.0,1.0,0.0,0.0,-1.0,True,True,True,non-critical dormant: review
500835485,dormant,none,False,,0.0,70.0,30,0.95,none,,0,0,0,0.0,0.0,0.0,0.0,0.0,1.0,0.0,0.0,-1.0,True,True,True,non-critical dormant: review
500835486,dormant,none,False,,0.0,70.0,30,0.95,none,,0,0,0,0.0,0.0,0.0,0.0,0.0,0.0,0.0,0.0,0.0,True,True,True,non-critical dormant: review
500835487,dormant,none,False,,0.0,70.0,30,0.95,none,,0,0,0,0.0,0.0,0.0,0.0,0.0,0.0,0.0,0.0,0.0,True,True,True,non-critical dormant: review
500835706,dormant,none,False,D,0.0,95.0,30,0.9,none,,0,0,0,0.0,0.0,1.0,0.0,0.0,1.0,0.0,0.0,-1.0,True,True,True,non-critical dormant: review
500838371,dormant,none,False,,0.0,30.0,30,0.95,none,,0,0,0,0.0,0.0,1.0,0.0,0.0,1.0,0.0,0.0,-1.0,True,True,True,non-critical dormant: review
500838372,dormant,none,False,,0.0,30.0,30,0.95,none,,0,0,0,0.0,0.0,1.0,0.0,0.0,1.0,0.0,0.0,-1.0,True,True,True,non-critical dormant: review
500838373,dormant,none,False,,0.0,30.0,30,0.95,none,,0,0,0,0.0,0.0,1.0,0.0,0.0,1.0,0.0,0.0,-1.0,True,True,True,non-critical dormant: review
500839501,active,constant,True,,0.00821917808219178,15.0,30,0.95,nbinom,5.0,0,0,2,0.0,0.0,1.0,0.0,0.0,1.0,0.0,0.0,1.0,True,True,True,active
500840205,dormant,none,False,,0.0,20.0,30,0.95,none,,0,0,0,0.0,0.0,1.0,0.0,0.0,1.0,0.0,0.0,-1.0,True,True,True,non-critical dormant: review
500840206,active,constant,True,L,0.005479452054794521,15.0,30,0.9,nbinom,5.0,0,0,1,0.0,2.0,4.0,0.0,2.0,4.0,0.0,-2.0,-3.0,True,False,False,active
500840207,dormant,none,False,,0.0,15.0,30,0.95,none,,0,0,0,0.0,0.0,1.0,0.0,0.0,1.0,0.0,0.0,-1.0,True,True,True,non-critical dormant: review
500840208,dormant,none,False,,0.0,15.0,30,0.95,none,,0,0,0,0.0,0.0,1.0,0.0,0.0,1.0,0.0,0.0,-1.0,True,True,True,non-critical dormant: review
500840209,dormant,none,False,,0.0,20.0,30,0.95,none,,0,0,0,0.0,0.0,1.0,0.0,0.0,1.0,0.0,0.0,-1.0,True,True,True,non-critical dormant: review
500840210,dying,dying,False,L,0.0027397260273972603,20.0,30,0.9,nbinom,5.0,0,0,1,0.0,0.0,1.0,0.0,0.0,1.0,0.0,0.0,0.0,True,True,True,"dying: demand ceased, review"
500840211,dormant,none,False,,0.0,20.0,30,0.95,none,,0,0,0,0.0,0.0,1.0,0.0,0.0,1.0,0.0,0.0,-1.0,True,True,True,non-critical dormant: review
500840212,dormant,none,False,,0.0,20.0,30,0.95,none,,0,0,0,0.0,0.0,1.0,0.0,0.0,1.0,0.0,0.0,-1.0,True,True,True,non-critical dormant: review
500840213,dormant,none,False,,0.0,20.0,30,0.95,none,,0,0,0,0.0,0.0,1.0,0.0,0.0,1.0,0.0,0.0,-1.0,True,True,True,non-critical dormant: review
500840214,dormant,none,False,,0.0,20.0,30,0.95,none,,0,0,0,0.0,0.0,1.0,0.0,0.0,1.0,0.0,0.0,-1.0,True,True,True,non-critical dormant: review
500840216,dormant,none,False,,0.0,20.0,30,0.95,none,,0,0,0,0.0,0.0,1.0,0.0,0.0,1.0,0.0,0.0,-1.0,True,True,True,non-critical dormant: review
500840217,dormant,none,False,,0.0,20.0,30,0.95,none,,0,0,0,0.0,0.0,1.0,0.0,0.0,1.0,0.0,0.0,-1.0,True,True,True,non-critical dormant: review
500840218,dormant,none,False,,0.0,15.0,30,0.95,none,,0,0,0,0.0,0.0,1.0,0.0,0.0,1.0,0.0,0.0,-1.0,True,True,True,non-critical dormant: review
500840219,dormant,none,False,,0.0,15.0,30,0.95,none,,0,0,0,0.0,0.0,1.0,0.0,0.0,1.0,0.0,0.0,-1.0,True,True,True,non-critical dormant: review
500841656,active,constant,True,L,0.0027397260273972603,10.0,30,0.9,nbinom,3.135,0,0,1,0.0,0.0,1.0,0.0,0.0,1.0,0.0,0.0,0.0,True,True,True,active
500841657,active,constant,True,L,0.0027397260273972603,10.0,30,0.9,nbinom,3.135,0,0,1,0.0,0.0,1.0,0.0,0.0,1.0,0.0,0.0,0.0,True,True,True,active
500841658,dormant,none,False,,0.0,10.0,30,0.95,none,,0,0,0,0.0,0.0,1.0,0.0,0.0,1.0,0.0,0.0,-1.0,True,True,True,non-critical dormant: review
500841800,dying,dying,False,L,0.005479452054794521,15.0,30,0.9,nbinom,5.0,0,0,1,0.0,0.0,1.0,0.0,0.0,1.0,0.0,0.0,0.0,True,True,True,"dying: demand ceased, review"
500842483,dormant,none,False,D,0.0,65.0,30,0.9,none,,0,0,0,0.0,0.0,1.0,0.0,0.0,1.0,0.0,0.0,-1.0,True,True,True,non-critical dormant: review
500842833,dormant,none,False,,0.0,30.0,30,0.95,none,,0,0,0,0.0,0.0,1.0,0.0,0.0,1.0,0.0,0.0,-1.0,True,True,True,non-critical dormant: review
500843281,active,constant,True,M,0.0136986301369863,35.0,30,0.95,nbinom,1.745,2,2,3,0.0,1.0,2.0,0.0,2.0,4.0,2.0,0.0,-1.0,False,True,True,active
500843282,active,constant,True,M,0.019178082191780823,35.0,30,0.95,nbinom,2.116,3,3,4,0.0,1.0,2.0,0.0,6.0,10.0,3.0,-3.0,-6.0,False,False,False,active
500843416,dying,dying,False,L,0.010958904109589041,40.0,30,0.9,nbinom,3.0,1,1,2,0.0,0.0,1.0,0.0,2.0,4.0,1.0,-1.0,-2.0,True,True,False,"dying: demand ceased, review"
500843470,dormant,none,False,,0.0,60.0,30,0.95,none,,0,0,0,0.0,0.0,0.0,0.0,0.0,0.0,0.0,0.0,0.0,True,True,True,non-critical dormant: review
500843786,dormant,none,False,,0.0,75.0,30,0.95,none,,0,0,0,0.0,0.0,0.0,0.0,0.0,0.0,0.0,0.0,0.0,True,True,True,non-critical dormant: review
500844318,dying,dying,False,L,0.0027397260273972603,15.0,30,0.9,nbinom,5.0,0,0,1,0.0,0.0,1.0,0.0,0.0,1.0,0.0,0.0,0.0,True,True,True,"dying: demand ceased, review"
500844320,dying,dying,False,M,0.18082191780821918,20.0,30,0.95,nbinom,4.197,8,11,200,0.0,16.0,17.0,0.0,11.0,12.0,8.0,0.0,188.0,False,True,False,"dying: demand ceased, review"
500844484,dormant,none,False,,0.0,35.0,30,0.95,none,,0,0,0,0.0,0.0,0.0,0.0,0.0,0.0,0.0,0.0,0.0,True,True,True,non-critical dormant: review
500844516,dormant,none,False,,0.0,25.0,30,0.95,none,,0,0,0,0.0,0.0,1.0,0.0,0.0,1.0,0.0,0.0,-1.0,True,True,True,non-critical dormant: review
500845082,dying,dying,False,L,0.0136986301369863,35.0,30,0.9,nbinom,3.0,2,2,3,0.0,1.0,2.0,0.0,1.0,2.0,2.0,1.0,1.0,False,True,True,"dying: demand ceased, review"
500845086,dormant,none,False,L,0.0,35.0,30,0.9,none,,0,0,0,0.0,0.0,1.0,0.0,0.0,1.0,0.0,0.0,-1.0,True,True,True,non-critical dormant: review
500846923,dormant,none,False,,0.0,20.0,30,0.95,none,,0,0,0,0.0,0.0,1.0,0.0,0.0,1.0,0.0,0.0,-1.0,True,True,True,non-critical dormant: review
500847332,dormant,none,False,,0.0,15.0,30,0.95,none,,0,0,0,0.0,0.0,0.0,0.0,0.0,0.0,0.0,0.0,0.0,True,True,True,non-critical dormant: review
500849250,active,constant,True,L,0.0027397260273972603,20.0,30,0.9,nbinom,5.0,0,0,10,0.0,0.0,1.0,2.0,3.0,5.0,-2.0,-3.0,5.0,False,False,False,active
500849317,dormant,none,False,,0.0,65.0,30,0.95,none,,0,0,0,0.0,0.0,0.0,0.0,0.0,0.0,0.0,0.0,0.0,True,True,True,non-critical dormant: review
500849318,dormant,none,False,,0.0,20.0,30,0.95,none,,0,0,0,0.0,0.0,1.0,0.0,0.0,1.0,0.0,0.0,-1.0,True,True,True,non-critical dormant: review
500849319,dormant,none,False,,0.0,20.0,30,0.95,none,,0,0,0,0.0,0.0,1.0,0.0,0.0,1.0,0.0,0.0,-1.0,True,True,True,non-critical dormant: review
500849320,dormant,none,False,,0.0,20.0,30,0.95,none,,0,0,0,0.0,0.0,1.0,0.0,0.0,1.0,0.0,0.0,-1.0,True,True,True,non-critical dormant: review
500849321,dormant,none,False,,0.0,20.0,30,0.95,none,,0,0,0,0.0,0.0,1.0,0.0,0.0,1.0,0.0,0.0,-1.0,True,True,True,non-critical dormant: review
500849322,dormant,none,False,,0.0,20.0,30,0.95,none,,0,0,0,0.0,0.0,1.0,0.0,0.0,1.0,0.0,0.0,-1.0,True,True,True,non-critical dormant: review
500849323,dormant,none,False,,0.0,25.0,30,0.95,none,,0,0,0,0.0,0.0,1.0,0.0,0.0,1.0,0.0,0.0,-1.0,True,True,True,non-critical dormant: review
500849324,dormant,none,False,,0.0,25.0,30,0.95,none,,0,0,0,0.0,0.0,1.0,0.0,0.0,1.0,0.0,0.0,-1.0,True,True,True,non-critical dormant: review
500849652,dormant,none,False,,0.0,25.0,30,0.95,none,,0,0,0,0.0,0.0,1.0,0.0,0.0,1.0,0.0,0.0,-1.0,True,True,True,non-critical dormant: review
500850070,dormant,none,False,,0.0,15.0,30,0.95,none,,0,0,0,0.0,0.0,1.0,0.0,0.0,1.0,0.0,0.0,-1.0,True,True,True,non-critical dormant: review
500852209,dormant,none,False,,0.0,20.0,30,0.95,none,,0,0,0,0.0,0.0,0.0,0.0,0.0,0.0,0.0,0.0,0.0,True,True,True,non-critical dormant: review
500852210,dormant,none,False,,0.0,20.0,30,0.95,none,,0,0,0,0.0,0.0,0.0,0.0,0.0,0.0,0.0,0.0,0.0,True,True,True,non-critical dormant: review
500852211,dormant,none,False,,0.0,20.0,30,0.95,none,,0,0,0,0.0,0.0,0.0,0.0,0.0,0.0,0.0,0.0,0.0,True,True,True,non-critical dormant: review
500852212,dormant,none,False,,0.0,20.0,30,0.95,none,,0,0,0,0.0,0.0,0.0,0.0,0.0,0.0,0.0,0.0,0.0,True,True,True,non-critical dormant: review
500852369,active,constant,True,,0.0027397260273972603,187.0,30,0.95,nbinom,5.0,3,3,4,0.0,0.0,1.0,0.0,0.0,1.0,3.0,3.0,3.0,False,False,False,active
500852370,dormant,none,False,,0.0,187.0,30,0.95,none,,0,0,0,0.0,0.0,1.0,0.0,0.0,1.0,0.0,0.0,-1.0,True,True,True,non-critical dormant: review
500852635,active,constant,True,M,0.019178082191780823,45.0,30,0.95,nbinom,2.354,4,4,5,0.0,1.0,2.0,0.0,1.0,2.0,4.0,3.0,3.0,False,False,False,active
500853131,active,constant,True,H,0.1726027397260274,70.0,30,0.99,poisson,1.0,9,21,28,10.0,15.0,20.0,10.0,25.0,30.0,-1.0,-4.0,-2.0,True,False,True,active
500853926,dying,dying,False,L,0.0027397260273972603,35.0,30,0.9,nbinom,5.0,0,0,1,0.0,2.0,3.0,0.0,2.0,3.0,0.0,-2.0,-2.0,True,False,False,"dying: demand ceased, review"
500854567,active,constant,True,,0.01643835616438356,15.0,30,0.95,nbinom,5.0,1,1,4,0.0,0.0,1.0,0.0,0.0,1.0,1.0,1.0,3.0,True,True,False,active
500854924,dying,dying,False,L,0.0136986301369863,35.0,30,0.9,nbinom,5.0,1,1,3,0.0,0.0,1.0,0.0,0.0,1.0,1.0,1.0,2.0,True,True,False,"dying: demand ceased, review"
500854930,dormant,none,False,,0.0,55.0,30,0.95,none,,0,0,0,0.0,2.0,3.0,0.0,2.0,3.0,0.0,-2.0,-3.0,True,False,False,non-critical dormant: review
500855197,dormant,none,False,,0.0,35.0,30,0.95,none,,0,0,0,0.0,0.0,1.0,0.0,0.0,0.0,0.0,0.0,0.0,True,True,True,non-critical dormant: review
500856850,active,constant,True,L,0.0027397260273972603,70.0,30,0.9,nbinom,5.0,0,0,1,0.0,0.0,1.0,0.0,0.0,1.0,0.0,0.0,0.0,True,True,True,active
500856879,dormant,none,False,,0.0,25.0,30,0.95,none,,0,0,0,0.0,0.0,1.0,0.0,0.0,1.0,0.0,0.0,-1.0,True,True,True,non-critical dormant: review
500856880,dormant,none,False,,0.0,25.0,30,0.95,none,,0,0,0,0.0,0.0,1.0,0.0,0.0,1.0,0.0,0.0,-1.0,True,True,True,non-critical dormant: review
500856881,dormant,none,False,,0.0,25.0,30,0.95,none,,0,0,0,0.0,0.0,1.0,0.0,0.0,1.0,0.0,0.0,-1.0,True,True,True,non-critical dormant: review
500856952,dormant,none,False,,0.0,20.0,30,0.95,none,,0,0,0,0.0,0.0,1.0,0.0,0.0,1.0,0.0,0.0,-1.0,True,True,True,non-critical dormant: review
500856953,dormant,none,False,,0.0,20.0,30,0.95,none,,0,0,0,0.0,0.0,1.0,0.0,0.0,1.0,0.0,0.0,-1.0,True,True,True,non-critical dormant: review
500856954,dormant,none,False,,0.0,20.0,30,0.95,none,,0,0,0,0.0,0.0,1.0,0.0,0.0,1.0,0.0,0.0,-1.0,True,True,True,non-critical dormant: review
500857447,active,constant,True,H,0.31232876712328766,35.0,30,0.99,nbinom,1.643,12,22,35,0.0,26.0,41.0,2.0,27.0,52.0,10.0,-5.0,-17.0,False,False,False,active
500858235,dormant,none,False,,0.0,70.0,30,0.95,none,,0,0,0,0.0,0.0,1.0,0.0,0.0,1.0,0.0,0.0,-1.0,True,True,True,non-critical dormant: review
500858236,active,constant,True,L,0.0027397260273972603,70.0,30,0.9,nbinom,5.0,0,0,1,0.0,0.0,1.0,0.0,0.0,1.0,0.0,0.0,0.0,True,True,True,active
500860319,dying,dying,False,L,0.0027397260273972603,45.0,30,0.9,nbinom,3.0,0,0,1,1.0,2.0,3.0,0.0,1.0,2.0,0.0,-1.0,-1.0,True,True,True,"dying: demand ceased, review"
500860321,active,constant,True,L,0.010958904109589041,45.0,30,0.9,nbinom,1.939,2,2,3,1.0,2.0,3.0,0.0,2.0,3.0,2.0,0.0,0.0,False,True,True,active
500860626,dormant,none,False,,0.0,20.0,30,0.95,none,,0,0,0,0.0,0.0,1.0,0.0,0.0,1.0,0.0,0.0,-1.0,True,True,True,non-critical dormant: review
500862153,dormant,none,False,,0.0,25.0,30,0.95,none,,0,0,0,0.0,0.0,0.0,0.0,0.0,0.0,0.0,0.0,0.0,True,True,True,non-critical dormant: review
500863433,dying,dying,False,L,0.0027397260273972603,45.0,30,0.9,nbinom,5.0,0,0,1,0.0,1.0,2.0,0.0,0.0,1.0,0.0,0.0,0.0,True,True,True,"dying: demand ceased, review"
500863434,dormant,none,False,,0.0,45.0,30,0.95,none,,0,0,0,0.0,0.0,1.0,0.0,0.0,1.0,0.0,0.0,-1.0,True,True,True,non-critical dormant: review
500863435,active,constant,True,L,0.010958904109589041,45.0,30,0.9,nbinom,3.151,2,2,3,0.0,1.0,2.0,0.0,2.0,4.0,2.0,0.0,-1.0,False,True,True,active
500863505,dormant,none,False,,0.0,35.0,30,0.95,none,,0,0,0,0.0,0.0,1.0,0.0,0.0,1.0,0.0,0.0,-1.0,True,True,True,non-critical dormant: review
500863506,dormant,none,False,,0.0,30.0,30,0.95,none,,0,0,0,0.0,1.0,2.0,0.0,0.0,1.0,0.0,0.0,-1.0,True,True,True,non-critical dormant: review
500863790,active,constant,True,M,0.18904109589041096,45.0,30,0.95,nbinom,1.866,8,16,23,15.0,23.0,35.0,15.0,30.0,40.0,-7.0,-14.0,-17.0,False,False,False,active
500864300,dormant,none,False,,0.0,18.0,30,0.95,none,,0,0,0,0.0,0.0,0.0,0.0,0.0,0.0,0.0,0.0,0.0,True,True,True,non-critical dormant: review
500864304,active,constant,True,M,0.29041095890410956,20.0,30,0.95,nbinom,2.533,8,13,26,1.0,48.0,72.0,24.0,90.0,100.0,-16.0,-77.0,-74.0,False,False,False,active
500864351,dormant,none,False,,0.0,20.0,30,0.95,none,,0,0,0,0.0,0.0,0.0,0.0,0.0,0.0,0.0,0.0,0.0,True,True,True,non-critical dormant: review
500865275,dying,dying,False,L,0.0027397260273972603,35.0,30,0.9,nbinom,5.0,0,0,1,0.0,1.0,2.0,0.0,1.0,2.0,0.0,-1.0,-1.0,True,True,True,"dying: demand ceased, review"
500865500,dormant,none,False,,0.0,25.0,30,0.95,none,,0,0,0,0.0,0.0,0.0,0.0,0.0,0.0,0.0,0.0,0.0,True,True,True,non-critical dormant: review
500865702,active,constant,True,,0.0027397260273972603,15.0,30,0.95,nbinom,5.0,0,0,1,0.0,2.0,3.0,0.0,2.0,3.0,0.0,-2.0,-2.0,True,False,False,active
500865737,dormant,none,False,,0.0,35.0,30,0.95,none,,0,0,0,0.0,0.0,0.0,0.0,0.0,0.0,0.0,0.0,0.0,True,True,True,non-critical dormant: review
500865738,dormant,none,False,,0.0,35.0,30,0.95,none,,0,0,0,0.0,0.0,0.0,0.0,0.0,0.0,0.0,0.0,0.0,True,True,True,non-critical dormant: review
500865739,dormant,none,False,,0.0,35.0,30,0.95,none,,0,0,0,0.0,0.0,0.0,0.0,0.0,0.0,0.0,0.0,0.0,True,True,True,non-critical dormant: review
500865740,dormant,none,False,D,0.0,35.0,30,0.9,none,,0,0,0,0.0,0.0,0.0,0.0,0.0,0.0,0.0,0.0,0.0,True,True,True,non-critical dormant: review
500865741,active,constant,True,L,0.0027397260273972603,35.0,30,0.9,nbinom,5.0,0,0,1,0.0,0.0,0.0,0.0,0.0,1.0,0.0,0.0,0.0,True,True,True,active
500867390,dormant,none,False,,0.0,500.0,30,0.95,none,,0,0,0,0.0,0.0,1.0,0.0,0.0,1.0,0.0,0.0,-1.0,True,True,True,non-critical dormant: review
500867435,active,constant,True,L,0.019178082191780823,40.0,30,0.9,nbinom,2.87,2,2,4,0.0,3.0,6.0,1.0,6.0,10.0,1.0,-4.0,-6.0,True,False,False,active
500867436,dormant,none,False,L,0.0,40.0,30,0.9,none,,0,0,0,0.0,2.0,4.0,0.0,1.0,2.0,0.0,-1.0,-2.0,True,True,False,non-critical dormant: review
500867718,dormant,none,False,,0.0,25.0,30,0.95,none,,0,0,0,0.0,0.0,0.0,0.0,0.0,0.0,0.0,0.0,0.0,True,True,True,non-critical dormant: review
500867719,dormant,none,False,,0.0,25.0,30,0.95,none,,0,0,0,0.0,0.0,0.0,0.0,0.0,0.0,0.0,0.0,0.0,True,True,True,non-critical dormant: review
500867720,dormant,none,False,,0.0,25.0,30,0.95,none,,0,0,0,0.0,0.0,0.0,0.0,0.0,0.0,0.0,0.0,0.0,True,True,True,non-critical dormant: review
500867721,dormant,none,False,,0.0,25.0,30,0.95,none,,0,0,0,0.0,0.0,0.0,0.0,0.0,0.0,0.0,0.0,0.0,True,True,True,non-critical dormant: review
500869716,dormant,none,False,,0.0,45.0,30,0.95,none,,0,0,0,0.0,7.0,10.0,0.0,0.0,0.0,0.0,0.0,0.0,True,True,True,non-critical dormant: review
500869717,dormant,none,False,,0.0,45.0,30,0.95,none,,0,0,0,0.0,4.0,7.0,0.0,0.0,1.0,0.0,0.0,-1.0,True,True,True,non-critical dormant: review
500872168,dormant,none,False,,0.0,15.0,30,0.95,none,,0,0,0,0.0,0.0,0.0,0.0,0.0,0.0,0.0,0.0,0.0,True,True,True,non-critical dormant: review
500872312,dormant,none,False,,0.0,35.0,30,0.95,none,,0,0,0,0.0,1.0,2.0,0.0,1.0,2.0,0.0,-1.0,-2.0,True,True,False,non-critical dormant: review
500872313,dormant,none,False,,0.0,35.0,30,0.95,none,,0,0,0,0.0,1.0,2.0,0.0,1.0,2.0,0.0,-1.0,-2.0,True,True,False,non-critical dormant: review
500872386,dormant,none,False,,0.0,80.0,30,0.95,none,,0,0,0,0.0,0.0,1.0,0.0,0.0,1.0,0.0,0.0,-1.0,True,True,True,non-critical dormant: review
500873481,active,constant,True,L,0.0027397260273972603,70.0,30,0.9,nbinom,5.0,0,0,1,0.0,0.0,0.0,0.0,0.0,1.0,0.0,0.0,0.0,True,True,True,active
500877404,dormant,none,False,,0.0,45.0,30,0.95,none,,0,0,0,0.0,2.0,3.0,0.0,0.0,1.0,0.0,0.0,-1.0,True,True,True,non-critical dormant: review
500877616,dormant,none,False,,0.0,35.0,30,0.95,none,,0,0,0,1.0,5.0,10.0,1.0,5.0,10.0,-1.0,-5.0,-10.0,True,False,False,non-critical dormant: review
500877958,dormant,none,False,,0.0,25.0,30,0.95,none,,0,0,0,0.0,0.0,1.0,0.0,0.0,0.0,0.0,0.0,0.0,True,True,True,non-critical dormant: review
500878951,dormant,none,False,,0.0,45.0,30,0.95,none,,0,0,0,1.0,2.0,3.0,1.0,2.0,3.0,-1.0,-2.0,-3.0,True,False,False,non-critical dormant: review
500879077,active,constant,True,L,0.01643835616438356,15.0,30,0.9,nbinom,5.0,0,0,2,0.0,0.0,1.0,0.0,5.0,10.0,0.0,-5.0,-8.0,True,False,False,active
500879196,dormant,none,False,,0.0,30.0,30,0.95,none,,0,0,0,1.0,3.0,5.0,1.0,3.0,4.0,-1.0,-3.0,-4.0,True,False,False,non-critical dormant: review
500879370,active,constant,True,,0.005479452054794521,35.0,30,0.95,nbinom,5.0,1,1,2,0.0,1.0,2.0,0.0,1.0,2.0,1.0,0.0,0.0,True,True,True,active
500879371,active,constant,True,,0.005479452054794521,35.0,30,0.95,nbinom,5.0,1,1,2,0.0,1.0,2.0,0.0,1.0,2.0,1.0,0.0,0.0,True,True,True,active
500879644,dormant,none,False,,0.0,45.0,30,0.95,none,,0,0,0,0.0,2.0,3.0,0.0,2.0,3.0,0.0,-2.0,-3.0,True,False,False,non-critical dormant: review
500879704,dormant,none,False,,0.0,30.0,30,0.95,none,,0,0,0,0.0,0.0,1.0,0.0,0.0,1.0,0.0,0.0,-1.0,True,True,True,non-critical dormant: review
500879894,dormant,none,False,,0.0,20.0,30,0.95,none,,0,0,0,0.0,2.0,3.0,0.0,0.0,1.0,0.0,0.0,-1.0,True,True,True,non-critical dormant: review
500881482,dormant,none,False,,0.0,30.0,30,0.95,none,,0,0,0,0.0,1.0,2.0,0.0,1.0,2.0,0.0,-1.0,-2.0,True,True,False,non-critical dormant: review
500881551,dormant,none,False,,0.0,35.0,30,0.95,none,,0,0,0,0.0,0.0,1.0,0.0,0.0,1.0,0.0,0.0,-1.0,True,True,True,non-critical dormant: review
500881943,dormant,none,False,,0.0,84.0,30,0.95,none,,0,0,0,0.0,1.0,2.0,0.0,1.0,2.0,0.0,-1.0,-2.0,True,True,False,non-critical dormant: review
500881944,dormant,none,False,,0.0,84.0,30,0.95,none,,0,0,0,0.0,1.0,2.0,0.0,1.0,2.0,0.0,-1.0,-2.0,True,True,False,non-critical dormant: review
