item_id,item_desc,module_tags,machine_type,sfm_criticality,route,consumable,priority,mu_day,rate_90,rate_365,momentum,recent_share,pseudo_cv2,yoy_rate,level_delta,trend_flag
233173035,PRESS DIFFERENTIAL SWITCH,Module-Epoxy,"BLUEM,BI-32i",M,active,constant,True,0.0136986301369863,0.022222222222222223,0.0136986301369863,1.6222222222222225,0.0,0.8907117941463226,,,unknown
233173068,THERMOCOUPLE TYPE J 12IN SHEATH,Module-Epoxy,"Subfab BCDS;BLUEM,BI-32i",D,dormant,none,False,0.0,0.0,0.0,,,0.0,,,unknown
233173191,SOLID STATE RELAY 75AMP,Module-Epoxy,"BLUEM,BI-32i",M,active,constant,True,0.03287671232876712,0.08888888888888889,0.03287671232876712,2.703703703703704,0.4166666666666667,0.8836638860493071,,,unknown
233305886,"PUN-4X0,75-BL, BLUE PURGE PIPE, 50 M",Module-Epoxy,GROHMANN MTS-605;Grohamnn MTS-605;Grohmann MTS-600,,dormant,none,False,0.0,0.0,0.0,,,0.0,,,unknown
233571199,FLOWMETER 60-600 SCFH,Module-Epoxy,"BLUEM,BI-32i;Tiros BTi 802",,dormant,none,False,0.0,0.0,0.0,,,0.0,,,unknown
233571200,CONTROL RELAY 12A 120V,Module-Epoxy,"BLUEM,BI-32i",M,active,constant,True,0.00821917808219178,0.011111111111111112,0.00821917808219178,1.351851851851852,0.0,0.9032787136537471,,,unknown
433007032,OMRON E32-D61 FIBRE OPTIC SENSORS,"Module-DP,Module-Epoxy,Module-IHS","ASYMTEK,M-600;ASYMTEK,M-FMCMIR-IN;Generic",,dormant,none,False,0.0,0.0,0.0,,,0.0,,,unknown
433014137,"BEARING,BALL","Module-Epoxy,Module-OLx,Module-TCB,Module-Test","Delta JLP, JTP;Delta,BLU;JLP Stacker/Destacker",,dormant,none,False,0.0,0.0,0.0,,,0.0,,,unknown
433014140,Bearing bib nest,"Module-Epoxy,Module-Test","Delta,BLU",,dormant,none,False,0.0,0.0,0.0,,,0.0,,,unknown
433014178,"PULLEY,IDLE,ASSY","Module-Burn In,Module-Epoxy","Delta,BLU",,dormant,none,False,0.0,0.0,0.0,,,0.0,,,unknown
433014199,"ENCODER,U,ROTARY","Module-Epoxy,Module-Test","Delta,BLU",,dormant,none,False,0.0,0.0,0.0,,,0.0,,,unknown
433014376,"VACUUM,CUP VAB-15 CP450","Module-DP,Module-Epoxy,Module-Test","Generic;Delta,BLU",,dormant,none,False,0.0,0.0,0.0,,,0.0,,,unknown
433029016,PAPER CUP 1OZ QTY 200,"Module-DP,Module-Epoxy",Asymtek-Jabil RA4 ASF;Asymtek S922;Generic,H,active,constant,True,1.7534246575342465,1.8111111111111111,1.7534246575342465,1.0328993055555555,0.084375,0.008105027364615446,,,unknown
433029019,"CABLE, FIBER OPTIC","Module-DxA,Module-Epoxy","ASYMTEK,M-2000;Asymtek S922",,dormant,none,False,0.0,0.0,0.0,,,0.0,,,unknown
433029122,"PULLEY,TIRE,ASSY,A-600","Module-DP,Module-DxA,Module-Epoxy,Module-IHS","ASYMTEK,M-FMCMIR-IN;Generic;ASYMTEK,M-600;Asymtek S902;Asymtek S922;ASYMTEK,M-2000",,dormant,none,False,0.0,0.0,0.0,,,0.0,,,unknown
433029136,"ELBOW, 1/4MNPTX1/4Q-DISC, SWIV","Module-DP,Module-DxA,Module-Epoxy","DLA_Generic;NordsonAsymtek,Vantage;Generic",D,dormant,none,False,0.0,0.0,0.0,,,0.0,,,unknown
433029182,"IDLE-PULLEY,A-600","Module-DP,Module-DxA,Module-Epoxy,Module-IHS","ASYMTEK,M-2000;ASYMTEK,M-FMCMIR-IN;Generic;ASYMTEK,M-600",,dormant,none,False,0.0,0.0,0.0,,,0.0,,,unknown
433029189,"STANDOFF,RING,INTEL.C4.","Module-DxA,Module-IHS,Module-TCB","ASYMTEK,M-2000;Asymtek,M-2022;ASYMTEK,M-600",,dormant,none,False,0.0,0.0,0.0,,,0.0,,,unknown
433029194,RUBBER VACUUM BOOT 120ID,"Module-DP,Module-Epoxy","Generic;NordsonAsymtek,Vantage;Asymtek S922;Asymtek-Jabil RA4 ASF",H,active,constant,True,7.5917808219178085,3.888888888888889,7.5917808219178085,0.5122498897309434,0.07217610970768676,1.9882009406480514,,,unknown
433029228,"NYLON PUMP CHAMBER,1CC,DP-3000","Module-DP,Module-DxA,Module-Epoxy,Module-IHS,Module-TCB","Asymtek,M-2022;Generic;ASYMTEK,M-FMCMIR-IN;ASYMTEK,M-2000;ASYMTEK,M-600",,dormant,none,False,0.0,0.0,0.0,,,0.0,,,unknown
433029235,"O-RING,#010,URETHANE","Module-DP,Module-DxA,Module-Epoxy,Module-IHS,Module-MHS,Module-TCB","ASYMTEK,M-2000;ASYMTEK,M-FMCMIR-IN;Generic;Hirata HTTT2009;ASYMTEK,M-600;Asymtek,M-2022",D,dormant,none,False,0.0,0.0,0.0,,,0.0,,,unknown
433029254,"ESR,MOLY-GRAPH 3OZ TAGGED","Module-DP,Module-TCB",Generic;Asymtek S932,L,dying,dying,False,0.0027397260273972603,0.0,0.0027397260273972603,0.0,0.0,1.5001670515038346,,,unknown
433029297,CONTACTOR 3PH 40A 600V 120V,Module-Epoxy,"BLUEM,BI-32i",D,dormant,none,False,0.0,0.0,0.0,,,0.0,,,unknown
433029327,"CONVEYOR,RAIL,HI-BLACK,OXIDE","Module-DxA,Module-Epoxy,Module-IHS","Asymtek S922;ASYMTEK,M-2000;ASYMTEK,M-600",,dormant,none,False,0.0,0.0,0.0,,,0.0,,,unknown
433029343,"1/4"" PISTON DP-3000","Module-DP,Module-DxA,Module-IHS,Module-TCB","ASYMTEK,M-2000;Asymtek,M-2022;ASYMTEK,M-600;Generic",,dormant,none,False,0.0,0.0,0.0,,,0.0,,,unknown
433033017,LEAD SCREW DP-3000,"Module-DP,Module-DxA,Module-IHS,Module-TCB","ASYMTEK,M-600;Generic;Asymtek,M-2022;ASYMTEK,M-2000",,dormant,none,False,0.0,0.0,0.0,,,0.0,,,unknown
433033029,MOTOR ENCODER DP-3000,"Module-DP,Module-DxA,Module-IHS,Module-TCB","ASYMTEK,M-2000;Asymtek,M-2022;Generic;ASYMTEK,M-600",,dormant,none,False,0.0,0.0,0.0,,,0.0,,,unknown
433040033,"O-RING, 1 7/8 OD X 1/16","Module-DP,Module-Epoxy","Generic;NordsonAsymtek,Vantage;Asymtek S922",H,active,constant,True,0.36164383561643837,0.16666666666666666,0.36164383561643837,0.4608585858585858,0.0,0.6238258488610554,,,unknown
433040104,FLOW CONTROL VALVE SL-940,"Module-DP,Module-DxA,Module-IHS,Module-TCB","ASYMTEK,M-2000;Asymtek S932;Generic;MARCH FasTrak;ASYMTEK,M-600;ASM ISLinDA Die Attach",D,dormant,none,False,0.0,0.0,0.0,,,0.0,,,unknown
433040115,"ASSY,RECEIVER HEAD,2.5/6 OZ","Module-DP,Module-DxA,Module-Epoxy,Module-IHS","ASYMTEK,M-2000;Generic;Asymtek S922;Asymtek S912",L,dying,dying,False,0.0027397260273972603,0.0,0.0027397260273972603,0.0,0.0,4.0,,,unknown
433040136,"FITTING, QUICK DISCONNECT MALE","Module-DP,Module-DxA,Module-Epoxy,Module-TCB","Asymtek S932;NordsonAsymtek,Vantage;Generic;DP Asymtek 300MM ADS;ASYMTEK,M-2000",L,active,constant,True,0.0136986301369863,0.05555555555555555,0.0136986301369863,4.055555555555555,0.0,4.0,,,unknown
433040178,SEAL REMOVAL TOOL DP-3000,Module-Epoxy,Asymtek S922,D,dormant,none,False,0.0,0.0,0.0,,,0.0,,,unknown
433040183,"LUER,FEMALE,LUG,10-32","Module-DP,Module-TCB","Generic;Asymtek,M-2022",,dormant,none,False,0.0,0.0,0.0,,,0.0,,,unknown
433040184,"O-RING,#012,VITON","Module-DP,Module-DxA,Module-Epoxy,Module-IHS","Asymtek S922;ASYMTEK,M-2000;Asymtek S912;Generic",M,active,constant,True,0.6027397260273972,0.1111111111111111,0.6027397260273972,0.18434343434343434,0.045454545454545456,1.7762493024986048,,,unknown
433040189,1/4 NPT TO LUER ELBOW FITTING,"Module-DP,Module-DxA,Module-TCB","Asymtek S932;Generic;ASYMTEK,M-2000",,dormant,none,False,0.0,0.0,0.0,,,0.0,,,unknown
433040202,"HANDHELD TUBE BRUSH 1/2""","Module-DP,Module-DxA,Module-TCB","Generic;Asymtek,M-2022;ASYMTEK,M-2000",,dormant,none,False,0.0,0.0,0.0,,,0.0,,,unknown
433040205,"LOCK RING,SNAP LUER (PKG OF 50)","Module-DP,Module-TCB","Asymtek,M-2022;Generic",,dormant,none,False,0.0,0.0,0.0,,,0.0,,,unknown
433040206,"ELBOW.LUER,M/F,W/O,RING(1PK=50EA).","Module-DP,Module-TCB","Asymtek,M-2022;Generic",,dormant,none,False,0.0,0.0,0.0,,,0.0,,,unknown
433040233,"O-RING, 13, VITON","Module-DP,Module-DxA,Module-Epoxy,Module-IHS","ASYMTEK,M-600;Asymtek S922;ASYMTEK,M-2000;Generic",D,dormant,none,False,0.0,0.0,0.0,,,0.0,,,unknown
433040236,PLASTIC O-RING PICK,"Module-DP,Module-DxA,Module-Epoxy,Module-IHS","Generic;APIC WLM;ASYMTEK,M-600;Asymtek S922;ASYMTEK,M-2000",D,dormant,none,False,0.0,0.0,0.0,,,0.0,,,unknown
433040239,"FRU, PWA,DP-3000 INTERCONNECT","Module-DP,Module-DxA,Module-TCB","ASYMTEK,M-2000;Generic;Asymtek,M-2022",,dormant,none,False,0.0,0.0,0.0,,,0.0,,,unknown
433040243,"PULLEY,TIRE,ASSEMBLY.","Module-Epoxy,Module-TCB",Asymtek S932;Asymtek S922,D,dormant,none,False,0.0,0.0,0.0,,,0.0,,,unknown
433040255,"SPRING,COMPRESSION,0.36OD.","Module-DP,Module-DxA,Module-Epoxy,Module-TCB","ASYMTEK,M-2000;ASYMTEK,M-FMCMIR-IN;Generic;Asymtek S932",L,dying,dying,False,0.0,0.0,0.0,,,4.0,,,unknown
433040258,"O RING,VITON,.208ID X .070W,BR,10409","Module-DP,Module-Epoxy,Module-IHS,Module-TCB",Asymtek S902;Asymtek S922;Generic;Asymtek S912;Asymtek S932,D,dormant,none,False,0.0,0.0,0.0,,,0.0,,,unknown
433040259,SPECTRUM AIR PISTON,"Module-DP,Module-DxA,Module-TCB","Asymtek S932;ASYMTEK,M-2000;Generic",M,dying,dying,False,0.010958904109589041,0.0,0.010958904109589041,0.0,0.0,2.1403577891963645,,,unknown
433040263,CHEMRAZ 515 O-RING .301X.070IN,"Module-DP,Module-DxA,Module-Epoxy,Module-TCB","Asymtek S932;Generic;ASYMTEK,M-2000;ASYMTEK,M-FMCMIR-IN",D,dormant,none,False,0.0,0.0,0.0,,,0.0,,,unknown
433040266,SOLENOID VALVE 3-WAY 24V,"Module-DP,Module-DxA,Module-Epoxy,Module-TCB","ASYMTEK,M-2000;Generic;Asymtek S932;ASYMTEK,M-FMCMIR-IN",H,active,constant,True,0.06027397260273973,0.06666666666666667,0.06027397260273973,1.106060606060606,0.0,0.6489141551006712,,,unknown
433040273,"ASSY,STOPCOCK,ACTUATOR,DP3K","Module-DxA,Module-Epoxy,Module-IHS,Module-TCB","ASYMTEK,M-600;ASYMTEK,M-FMCMIR-IN;ASYMTEK,M-2000;Asymtek,M-2022",,dormant,none,False,0.0,0.0,0.0,,,0.0,,,unknown
433040280,NOZZLE NUT DJ-2200,"Module-DP,Module-DxA,Module-Epoxy,Module-TCB","ASYMTEK,M-2000;Asymtek S932;Generic;ASYMTEK,M-FMCMIR-IN",L,dying,dying,False,0.0,0.0,0.0,,,4.0,,,unknown
433040290,"CONV.BELT H.TEMP 235CM 92""","Module-DP,Module-DxA,Module-Epoxy","Generic;ASYMTEK,M-2000;ASYMTEK,M-FMCMIR-IN",,dormant,none,False,0.0,0.0,0.0,,,0.0,,,unknown
433046099,"R-AXIS,MOTOR,ASSY.","Module-Epoxy,Module-Test","Delta,BLU",,dormant,none,False,0.0,0.0,0.0,,,0.0,,,unknown
433046106,THETA AXIS ASSY,"Module-Epoxy,Module-Test","Delta,BLU",,dormant,none,False,0.0,0.0,0.0,,,0.0,,,unknown
433046109,"CUP,VACUUM,ESD,LMT,6MM.","Module-DP,Module-Epoxy,Module-Test","Delta,BLU;Generic",,dormant,none,False,0.0,0.0,0.0,,,0.0,,,unknown
433046129,VALVE.,"Module-DP,Module-Epoxy,Module-Test","Generic;Delta,BLU",,dormant,none,False,0.0,0.0,0.0,,,0.0,,,unknown
433046171,"AMC,SERVO,DRIVE","Module-Epoxy,Module-Test","Delta,BLU",,dormant,none,False,0.0,0.0,0.0,,,0.0,,,unknown
433046172,CONFIGURED BITA NETW,"Module-Burn In,Module-Epoxy,Module-Test","Delta,BLU",,dormant,none,False,0.0,0.0,0.0,,,0.0,,,unknown
433046213,"CABLE,I/O,MOD,TRAY,GRP","Module-Epoxy,Module-Test","Delta,BLU",,dormant,none,False,0.0,0.0,0.0,,,0.0,,,unknown
433063234,"SCANNER,ELEVATOR","Module-Burn In,Module-Epoxy,Module-Test","Delta,BLU",,dormant,none,False,0.0,0.0,0.0,,,0.0,,,unknown
433063442,"KEYBOARD, CHERRY","Module-CAM,Module-Epoxy","Tiros,BTI 800;BTU Pyramax;BTU,PARAGON",,dormant,none,False,0.0,0.0,0.0,,,0.0,,,unknown
433063443,STEEL ROLLER SEAL 57.5MM BTI800,"Module-DP,Module-Epoxy","Tiros,BTI 800;Tiros BTi 802;Generic",,dormant,none,False,0.0,0.0,0.0,,,0.0,,,unknown
433070677,"2.5OZ,CARTRIDGE,HOLDER,WITH WINDOW.",Module-TCB,Asymtek S932,D,dormant,none,False,0.0,0.0,0.0,,,0.0,,,unknown
433070696,6OZ LOW FLUID SENSOR DJ-9000,"Module-DP,Module-Epoxy,Module-IHS,Module-TCB",Asymtek S912;Asymtek S932;Generic;Asymtek S922,L,dying,dying,False,0.0027397260273972603,0.0,0.0027397260273972603,0.0,0.0,4.0,,,unknown
433083014,"SWITCH,PROXIMITY","Module-DP,Module-Epoxy,Module-Test","Generic;Delta,BLU",,dormant,none,False,0.0,0.0,0.0,,,0.0,,,unknown
433090045,"FUSE,MDQ,3.0AMP,FAST,BLOW","Module-BA,Module-Epoxy,Module-MHS","CS Shuttle;SIMPLIMATIC,FIFO,20;Orbotech Sprint 100i;SIMPLIMATIC,LOAD/UNLOAD;CS Loader;CS Fifo;SIMPLIMATIC,CONVEYOR2010;SIMPLIMATIC,CONVEYOR",,dormant,none,False,0.0,0.0,0.0,,,0.0,,,unknown
433105010,"POWERSUPPLY,+24VDC,7.2A.","Module-DP,Module-Epoxy,Module-Test","Delta,BLU;Generic",,dormant,none,False,0.0,0.0,0.0,,,0.0,,,unknown
433105022,"PROXIMITY,SENSR,E2E-CR8C1.","Module-DP,Module-Epoxy,Module-Test","Delta,BLU;Generic",,dormant,none,False,0.0,0.0,0.0,,,0.0,,,unknown
433165011,STEEL ROLLER PINS BTI800,Module-Epoxy,"Tiros,BTI 800",,dormant,none,False,0.0,0.0,0.0,,,0.0,,,unknown
433165019,"MOTOR,X1/2-BELT.","Module-DP,Module-Epoxy","TIROS BTi 802;Generic;Tiros,BTI 800",D,dormant,none,False,0.0,0.0,0.0,,,0.0,,,unknown
433165022,EATON INCANDESCENT CLEAR BULB BA15D 24V,"Module-Epoxy,Module-Finish","Heller 1800SS;Tiros BTi 802;BLUEM,BI-32i;Rofin-Baasel,TH800,Vix;Tiros,BTI 800",D,dormant,none,False,0.0,0.0,0.0,,,0.0,,,unknown
433165023,BULB 30V 1.2W (FRONT PANEL),"Module-DP,Module-Epoxy","Tiros,BTI 800;Generic",,dormant,none,False,0.0,0.0,0.0,,,0.0,,,unknown
433165024,BULB (CHAMBER) - 15 WATT - 48MM LENGTH.,"Module-DP,Module-Epoxy","Generic;Tiros,BTI 800;TIROS BTi 802",,dormant,none,False,0.0,0.0,0.0,,,0.0,,,unknown
433165025,SS CABLE FOR SLED 25 FEET PER ROLL,Module-Epoxy,"BLUEM,BI-32i;Tiros BTi 802;Tiros,BTI 800",D,dormant,none,False,0.0,0.0,0.0,,,0.0,,,unknown
433165026,CABLE FOR COUNTERWEIGHT,Module-Epoxy,"TIROS BTi 802;Tiros,BTI 800",,dormant,none,False,0.0,0.0,0.0,,,0.0,,,unknown
433165034,POLYURATHANE BELT 468MXL100,"Module-DP,Module-Epoxy","TIROS BTi 802;Tiros,BTI 800;Generic",D,dormant,none,False,0.0,0.0,0.0,,,0.0,,,unknown
433165035,PLATFORM BELT Z BTI800,"Module-DP,Module-Epoxy","Generic;Tiros,BTI 800;TIROS BTi 802",D,dormant,none,False,0.0,0.0,0.0,,,0.0,,,unknown
433165045,"POWER,SUPPLY,24V,10A",Module-Epoxy,"Tiros,BTI 800;TIROS BTi 802",D,dormant,none,False,0.0,0.0,0.0,,,0.0,,,unknown
433165047,"PID CONTROLLER, P262, PLC.",Module-Epoxy,"Tiros,BTI 800",,dormant,none,False,0.0,0.0,0.0,,,0.0,,,unknown
433165055,STEEL ROLLER SEAL 57.5MM BTI800,Module-Epoxy,"Tiros,BTI 800;TIROS BTi 802",D,dormant,none,False,0.0,0.0,0.0,,,0.0,,,unknown
433165056,"ROLLER, STAINLESS, 57.5MM",Module-Epoxy,"TIROS BTi 802;Tiros,BTI 800",,dormant,none,False,0.0,0.0,0.0,,,0.0,,,unknown
433165067,CERAMIC ROLLERS.,"Module-DP,Module-Epoxy","Tiros,BTI 800;Tiros BTi 802;Generic",,dormant,none,False,0.0,0.0,0.0,,,0.0,,,unknown
433165069,PROXIMITY SENSOR 10-30VDC 200MA,"Module-DP,Module-Epoxy","Tiros,BTI 800;Generic;TIROS BTi 802",D,dormant,none,False,0.0,0.0,0.0,,,0.0,,,unknown
433165090,DC MOTOR W/BRAKE 90 W 12 V DC 3000 RPM,Module-Epoxy,"Tiros,BTI 800;TIROS BTi 802",D,dormant,none,False,0.0,0.0,0.0,,,0.0,,,unknown
433165097,"BELTS, HANDLER Z & Y AXIS",Module-Epoxy,"TIROS BTi 802;Tiros,BTI 800",,dormant,none,False,0.0,0.0,0.0,,,0.0,,,unknown
433165098,"BALL PIVOT, HANDLER GRIPPER","Module-DP,Module-Epoxy","TIROS BTi 802;Generic;Tiros,BTI 800",,dormant,none,False,0.0,0.0,0.0,,,0.0,,,unknown
433165099,SEALED METRIC BALL BEARING 10X26X8MM,Module-Epoxy,"Tiros,BTI 800",,dormant,none,False,0.0,0.0,0.0,,,0.0,,,unknown
433165100,SS FLANGED BALL BEARING 26X8MM,Module-Epoxy,"TIROS BTi 802;Tiros,BTI 800",,dormant,none,False,0.0,0.0,0.0,,,0.0,,,unknown
433165106,STEEL CLUTCH PULLEY ASSY Z AXLE BTI800,Module-Epoxy,"Tiros,BTI 800;TIROS BTi 802",,dormant,none,False,0.0,0.0,0.0,,,0.0,,,unknown
433165107,CLUTCH PULLEY ASSEMBLY FOR Y AXLE (BLACK,Module-Epoxy,"TIROS BTi 802;Tiros,BTI 800",,dormant,none,False,0.0,0.0,0.0,,,0.0,,,unknown
433165108,PCB FUSE 250MA 125VAC VERY FAST ACTING,"Module-DP,Module-Epoxy","Tiros,BTI 800;Tiros BTi 802;Generic",,dormant,none,False,0.0,0.0,0.0,,,0.0,,,unknown
433165111,"CONTROLLER,SERVO,X1/X2","Module-DP,Module-Epoxy","Generic;TIROS BTi 802;Tiros,BTI 800",D,dormant,none,False,0.0,0.0,0.0,,,0.0,,,unknown
433165121,"CABLE, Y AXIS PROXIMITY SWITCH.",Module-Epoxy,"TIROS BTi 802;Tiros,BTI 800",D,dormant,none,False,0.0,0.0,0.0,,,0.0,,,unknown
433165122,"CABLE,Y-AXIS,LIMIT SWITCH.","Module-DP,Module-Epoxy","TIROS BTi 802;Tiros,BTI 800;Generic",D,dormant,none,False,0.0,0.0,0.0,,,0.0,,,unknown
433165123,"TTC cable, Wire rod assembly w/ clamp","Module-DP,Module-Epoxy","Generic;Tiros,BTI 800",,dormant,none,False,0.0,0.0,0.0,,,0.0,,,unknown
433165131,STEEL GRIPPER SLED FOR BTI800,"Module-DP,Module-Epoxy","Tiros,BTI 800;Generic",,dormant,none,False,0.0,0.0,0.0,,,0.0,,,unknown
433165138,RUBBER CONTACT GRIPPER BTI800,"Module-DP,Module-Epoxy","TIROS BTi 802;Generic;Tiros,BTI 800",D,dormant,none,False,0.0,0.0,0.0,,,0.0,,,unknown
433165140,STEEL GUIDE RAIL X2 BTI800,Module-Epoxy,"TIROS BTi 802;Tiros,BTI 800",,dormant,none,False,0.0,0.0,0.0,,,0.0,,,unknown
433165142,"GUIDE,BELT,ROLLER,TEFLON",Module-Epoxy,"Tiros,BTI 800;TIROS BTi 802",,dormant,none,False,0.0,0.0,0.0,,,0.0,,,unknown
433173001,"SENSOR,PROX,E2E-X-1R5E1","Module-Epoxy,Module-Test","Delta,BLU",,dormant,none,False,0.0,0.0,0.0,,,0.0,,,unknown
433173005,"PHOTOSENSOR,FIBER,E32-DC2","Module-DP,Module-Epoxy,Module-Test","Delta,BLU;Generic",,dormant,none,False,0.0,0.0,0.0,,,0.0,,,unknown
433197563,"LIMIT SWITCH , CIPOSA HANDLER (OLD TPN:","Module-DP,Module-Epoxy","Tiros BTi 802;Tiros,BTI 800;Generic;BLUEM,BI-32i",D,dormant,none,False,0.0,0.0,0.0,,,0.0,,,unknown
433223011,PICO FUSE,"Module-Burn In,Module-Epoxy,Module-OLx,Module-Test","LKT,OLF4000;Reliability,C18 HP;Asymtek S922",D,dormant,none,False,0.0,0.0,0.0,,,0.0,,,unknown
433271036,HIGH LIMIT OVERTEMP CONTROL,Module-Epoxy,"BLUEM,BI-32i",L,dying,dying,False,0.005479452054794521,0.0,0.005479452054794521,0.0,0.0,1.798347107438016,,,unknown
433309119,OMRON REFLECTIVE SENSOR,"Module-BA,Module-DP,Module-Epoxy","Tiros,BTI 800;Generic;ASM Pacific,BP3000",,dormant,none,False,0.0,0.0,0.0,,,0.0,,,unknown
433315034,"spring,COMPRES,CENTURY-K-","Module-DP,Module-Epoxy,Module-Test","Generic;Delta,BLU",,dormant,none,False,0.0,0.0,0.0,,,0.0,,,unknown
433333004,POLYETHYLENE BELT 2680 X 10 X 1.5MM,"Module-DP,Module-Epoxy","Tiros,BTI 800;Tiros BTi 802;Generic",D,dormant,none,False,0.0,0.0,0.0,,,0.0,,,unknown
433333021,"CAP FOR SIGNAL LAMP, WHITE",Module-Epoxy,"Tiros,BTI 800",,dormant,none,False,0.0,0.0,0.0,,,0.0,,,unknown
433333026,"INSULATION, OVEN DOOR - SHORT, LENGTH 1.","Module-BA,Module-CAM,Module-Epoxy","DEK,265GSX;Tiros,BTI 800;DEK, INFINITY;DEK,265EX;DEK Galaxy",,dormant,none,False,0.0,0.0,0.0,,,0.0,,,unknown
433333027,"INSULATION, OVEN DOOR - LONG, LENGTH 32",Module-Epoxy,"TIROS BTi 802;Tiros,BTI 800",,dormant,none,False,0.0,0.0,0.0,,,0.0,,,unknown
433333060,SST DUAL BOAT TRAYBTI800,"Module-DP,Module-Epoxy","Generic;TIROS BTi 802;Tiros,BTI 800",,dormant,none,False,0.0,0.0,0.0,,,0.0,,,unknown
433333068,MAXON DRIVER PROTECTOR FUSE.,Module-Epoxy,"Tiros,BTI 800;TIROS BTi 802",D,dormant,none,False,0.0,0.0,0.0,,,0.0,,,unknown
433427062,PCA VACUUM SWITCH SENSOR,"Module-Epoxy,Module-Test","Delta,BLU",,dormant,none,False,0.0,0.0,0.0,,,0.0,,,unknown
433450423,"TC,K-TYPE,21',CHROMEL/ALM",Module-Epoxy,"BLUEM,BI-32i",D,dormant,none,False,0.0,0.0,0.0,,,0.0,,,unknown
433495047,"Valve,Kipp#651135 85psi","Module-BA,Module-CAM,Module-DP,Module-Epoxy,Module-MHS,Module-DP","Simplimatic,Pallet MHS;Simplimatic, Conveyor DL;SIMPLIMATIC,SHUTTLE;CS Shuttle;Orbotech Sprint 100i;SIMPLIMATIC,CONVEYOR2010;CS Fifo;Simplimatic 2070 Side Shuttle;SIMPLIMATIC,FIFO,40;SIMPLIMATIC,CONVEYOR;CS Loader;Simplimatic,RJ+Stacker;SIMPLIMATIC, 60DL FIFO;SIMPLIMATIC,FIFO,20;Simplimatic DL CVY 9011;Simplimatic 60 Slots FIFO;Simplimatic FIFO 60;SIMPLIMATIC,SHUTTLE1:4,4:1;Simplimatic Robotic Transfer S;SIMPLIMATIC,LOAD/UNLOAD",,dormant,none,False,0.0,0.0,0.0,,,0.0,,,unknown
433630060,"LATCH,SLEEVE","Module-Epoxy,Module-Test","Delta,BLU",,dormant,none,False,0.0,0.0,0.0,,,0.0,,,unknown
433749022,"CABLE,LIGHT CONDUCTIVE",Module-Epoxy,"Tiros,BTI 800;TIROS BTi 802",,dormant,none,False,0.0,0.0,0.0,,,0.0,,,unknown
433760000,ELECTRIC INTERLOCK SWITCH,Module-Epoxy,"BLUEM,BI-32i",D,dormant,none,False,0.0,0.0,0.0,,,0.0,,,unknown
433760002,PHOTOEYE ASY 600 F 120V BAN,Module-Epoxy,"BLUEM,BI-32i",D,dormant,none,False,0.0,0.0,0.0,,,0.0,,,unknown
433760006,"SOLENOID VALVE, SLOW CLOS",Module-Epoxy,"BLUEM,BI-32i",D,dormant,none,False,0.0,0.0,0.0,,,0.0,,,unknown
433760008,"CONTROLLER,MAIN TEMP..","Module-DP,Module-Epoxy","Generic;BLUEM,BI-32i",,dormant,none,False,0.0,0.0,0.0,,,0.0,,,unknown
433760011,MOTOR 3HP 1725RPM,Module-Epoxy,"BLUEM,BI-32i",D,dormant,none,False,0.0,0.0,0.0,,,0.0,,,unknown
433760012,SS THERMOCOUPLE TYPE K,Module-Epoxy,"BLUEM,BI-32i",D,dormant,none,False,0.0,0.0,0.0,,,0.0,,,unknown
433760014,PRESS RELIEF VALVE 125 PSIG,Module-Epoxy,"BLUEM,BI-32i",L,dying,dying,False,0.0027397260273972603,0.0,0.0027397260273972603,0.0,0.0,4.0,,,unknown
433760016,GASKET DOOR (160IN SILICONE RUBBER),"Module-DP,Module-Epoxy","Generic;BLUEM,BI-32i",L,dying,dying,False,0.8767123287671232,0.0,0.8767123287671232,0.0,0.0,4.0,,,unknown
433760017,TEFLON FRONT RIGHT GUIDE,Module-Epoxy,"BLUEM,BI-32i;GENERIC",D,dormant,none,False,0.0,0.0,0.0,,,0.0,,,unknown
433760018,WEAR PLATE CART GUIDE REAR RT,Module-Epoxy,"BLUEM,BI-32i;GENERIC",D,dormant,none,False,0.0,0.0,0.0,,,0.0,,,unknown
433760020,"STRIP,DOOR SWEEP",Module-Epoxy,"BLUEM,BI-32i",,dormant,none,False,0.0,0.0,0.0,,,0.0,,,unknown
433760021,HEATER FCE 10PLTS 59.6 OHMS,Module-Epoxy,"BLUEM,BI-32i",D,dormant,none,False,0.0,0.0,0.0,,,0.0,,,unknown
433760022,"SEAL, SHAFT  4X4"".",Module-Epoxy,"BLUEM,BI-32i",M,active,constant,True,0.01643835616438356,0.011111111111111112,0.01643835616438356,0.675925925925926,0.0,0.7289003956968271,,,unknown
433780394,FLANGED BEARING DOUBLE SHIELDED SST,"Module-Burn In,Module-Epoxy,Module-TCB,Module-Test","Delta JLP, JTP;Delta,BLU",D,dormant,none,False,0.0,0.0,0.0,,,0.0,,,unknown
433780396,"COUPLING,THETA,AXIS.","Module-DP,Module-Epoxy,Module-Test","Delta,BLU;Generic",,dormant,none,False,0.0,0.0,0.0,,,0.0,,,unknown
433780409,"SREW LEAD Z-AXIS, MTS","Module-Burn In,Module-Epoxy,Module-Test","Delta,BLU",,dormant,none,False,0.0,0.0,0.0,,,0.0,,,unknown
433786023,"CONTROLLER,SERVO,PCA","Module-Epoxy,Module-Test","Delta,BLU",,dormant,none,False,0.0,0.0,0.0,,,0.0,,,unknown
433786025,"INTERFACE,SERVO,PCA","Module-Epoxy,Module-Test","Delta,BLU",,dormant,none,False,0.0,0.0,0.0,,,0.0,,,unknown
433786144,"CABLE,ASSY,Z-ENCODER,NEW","Module-Epoxy,Module-Test","Delta,BLU",,dormant,none,False,0.0,0.0,0.0,,,0.0,,,unknown
433787046,"BELT,STEEL,Y-AXIS,ACS.","Module-Burn In,Module-DP,Module-Epoxy,Module-Test","Generic;Delta,BLU",,dormant,none,False,0.0,0.0,0.0,,,0.0,,,unknown
433787131,"BEARING,LINEAR,V-AXIS,NGH","Module-Burn In,Module-DP,Module-Epoxy,Module-Test","Generic;Delta,BLU",,dormant,none,False,0.0,0.0,0.0,,,0.0,,,unknown
433787132,"BEARING,LINEAR,TRAY,GRIPP","Module-Burn In,Module-DP,Module-Epoxy,Module-Test","Delta,BLU;Generic",,dormant,none,False,0.0,0.0,0.0,,,0.0,,,unknown
433788097,"LAMP,SIGNAL,TOWER,TLA","Module-Burn In,Module-DP,Module-Epoxy,Module-Test","Delta,BLU;Generic",,dormant,none,False,0.0,0.0,0.0,,,0.0,,,unknown
433789037,"BELT,ENCODER,U-AXIS.""","Module-DP,Module-Epoxy,Module-Test","Generic;Delta,BLU",,dormant,none,False,0.0,0.0,0.0,,,0.0,,,unknown
433789065,"PROXIMITY,SENSOR,X1C1.","Module-DP,Module-Epoxy,Module-Test","Delta,BLU;ASM,MP209;Generic",,dormant,none,False,0.0,0.0,0.0,,,0.0,,,unknown
433789075,"PCB,STEPPERR,MTR,CONTROL","Module-Epoxy,Module-Test","Delta,BLU",,dormant,none,False,0.0,0.0,0.0,,,0.0,,,unknown
433789079,"HARNESS,POWER,TRACK,ASSY","Module-Epoxy,Module-Test","Delta,BLU;Delta,Summit,ATC",,dormant,none,False,0.0,0.0,0.0,,,0.0,,,unknown
433789106,"SWITCH,PROX,BIB,DOCK,ASSY","Module-Epoxy,Module-Test","Delta,BLU",,dormant,none,False,0.0,0.0,0.0,,,0.0,,,unknown
433789111,"MAGNET,INTERLOCK.","Module-DP,Module-Epoxy,Module-Test","Generic;Delta,BLU",,dormant,none,False,0.0,0.0,0.0,,,0.0,,,unknown
433789137,"ENCODER,U/V,AXIS.","Module-DP,Module-Epoxy,Module-Test","Generic;Delta,BLU",,dormant,none,False,0.0,0.0,0.0,,,0.0,,,unknown
433789149,"DRIVER,R-AXIS","Module-Epoxy,Module-Test","Delta,BLU",,dormant,none,False,0.0,0.0,0.0,,,0.0,,,unknown
433789153,"PCB,BIB,HANDLER,I/O","Module-Burn In,Module-Epoxy,Module-Test","Delta,BLU",,dormant,none,False,0.0,0.0,0.0,,,0.0,,,unknown
433789154,"MOTOR,Y-AXIS","Module-Epoxy,Module-Test","Delta,BLU",,dormant,none,False,0.0,0.0,0.0,,,0.0,,,unknown
433789172,"IC,PA25A,DUAL,POWER,OPAMP","Module-Epoxy,Module-Test","Delta,BLU",,dormant,none,False,0.0,0.0,0.0,,,0.0,,,unknown
433789173,"PCA,I/O,PROCESSOR,BLU","Module-Burn In,Module-Epoxy,Module-Test","Delta,BLU",,dormant,none,False,0.0,0.0,0.0,,,0.0,,,unknown
433789203,"ENCODER,KIT,U-AXIS","Module-Epoxy,Module-Test","Delta,BLU",,dormant,none,False,0.0,0.0,0.0,,,0.0,,,unknown
433789216,"MOTOR,ENCODER,Z-AXIS,NEW","Module-Epoxy,Module-Test","Delta,BLU",,dormant,none,False,0.0,0.0,0.0,,,0.0,,,unknown
433789224,"CABLE,V-ENCODER,BLU","Module-Epoxy,Module-Test","Delta,BLU",,dormant,none,False,0.0,0.0,0.0,,,0.0,,,unknown
433789225,"CABLE,V-PHASING,BLU","Module-Epoxy,Module-Test","Delta,BLU",,dormant,none,False,0.0,0.0,0.0,,,0.0,,,unknown
433789226,"CABLE,V-MOTOR,BLU","Module-Epoxy,Module-Test","Delta,BLU",,dormant,none,False,0.0,0.0,0.0,,,0.0,,,unknown
433789229,"CABLE,DESC,I/O,MOD1,BLU",Module-Epoxy,"Delta,BLU",,dormant,none,False,0.0,0.0,0.0,,,0.0,,,unknown
433789231,"BRAKE,E-AXIS,FAIL,SAFE.","Module-DP,Module-Epoxy,Module-Test","Delta,BLU;Generic",,dormant,none,False,0.0,0.0,0.0,,,0.0,,,unknown
433789258,"FILTER,VACUUM,IN-LINE","Module-DP,Module-Epoxy,Module-Test","Delta,BLU;Generic",,dormant,none,False,0.0,0.0,0.0,,,0.0,,,unknown
433789265,"SERVOMOTOR/ENCODER,E-AXIS","Module-Epoxy,Module-Test","Delta,BLU",,dormant,none,False,0.0,0.0,0.0,,,0.0,,,unknown
433789266,"KIT,1/4 TURN,FASTENER","Module-Epoxy,Module-Test","Delta,BLU",,dormant,none,False,0.0,0.0,0.0,,,0.0,,,unknown
433789272,"CURTAIN,LIGHT,PWR,SUPPLY","Module-Epoxy,Module-Test","Delta,BLU",,dormant,none,False,0.0,0.0,0.0,,,0.0,,,unknown
433789285,"RECEPTACLE,INTERLOCK,BLU","Module-Epoxy,Module-Test","Delta,BLU",,dormant,none,False,0.0,0.0,0.0,,,0.0,,,unknown
433789320,"ELEVATOR,RODLESS,CYLINDER.","Module-DP,Module-Epoxy,Module-Test","Generic;Delta,BLU",,dormant,none,False,0.0,0.0,0.0,,,0.0,,,unknown
433789331,"SERVO MOTOR, V AXIS","Module-Epoxy,Module-Test","Delta,BLU",,dormant,none,False,0.0,0.0,0.0,,,0.0,,,unknown
433881046,"CABLE, SCANNER ELEV","Module-Epoxy,Module-Test","Delta,BLU",,dormant,none,False,0.0,0.0,0.0,,,0.0,,,unknown
500021811,12 LCD Monitor for M600 Platform,"Module-DxA,Module-Epoxy,Module-IHS,Module-TCB","Asymtek,M-2022;ASYMTEK,M-600;ASYMTEK,M-FMCMIR-IN;ASYMTEK,M-2000",,dormant,none,False,0.0,0.0,0.0,,,0.0,,,unknown
500028883,ENCODER STRIP,"Module-DxA,Module-Epoxy","ASYMTEK,M-2000;ASYMTEK,M-FMCMIR-IN",,dormant,none,False,0.0,0.0,0.0,,,0.0,,,unknown
500028886,COMPRESSION SPRING .18ODX.014WX38L,"Module-DP,Module-DxA,Module-Epoxy","Generic;ASYMTEK,M-FMCMIR-IN;ASYMTEK,M-2000",,dormant,none,False,0.0,0.0,0.0,,,0.0,,,unknown
500028888,ACETAL MALE GREY CONNECTOR 1/4X1/4IN,"Module-DP,Module-DxA,Module-Epoxy,Module-IHS","Asymtek S912;ASYMTEK,M-2000;Asymtek S922;Generic;ASYMTEK,M-FMCMIR-IN",H,active,constant,True,120.35616438356165,114.44444444444444,120.35616438356165,0.9508814528163492,0.08308672888686547,0.013277624095839033,,,unknown
500029787,CLUTCH CAP DV-8000,"Module-DP,Module-DxA,Module-Epoxy","Generic;ASYMTEK,M-2000;ASYMTEK,M-FMCMIR-IN",,dormant,none,False,0.0,0.0,0.0,,,0.0,,,unknown
500029789,LUER LOCK CAP DV-8000C,"Module-DP,Module-DxA,Module-Epoxy,Module-IHS","Asymtek S922;Generic;Asymtek S912;ASYMTEK,M-2000;ASYMTEK,M-FMCMIR-IN",H,active,constant,True,0.5780821917808219,0.4222222222222222,0.5780821917808219,0.7303844128488679,0.09004739336492891,0.06263330145596432,,,unknown
500030511,"PCA,FIELD WIRING INTERFACE","Module-Epoxy,Module-Test","Delta,BLU",,dormant,none,False,0.0,0.0,0.0,,,0.0,,,unknown
500030939,NOZZLE CLEANING KIT PROBE 1 VIAL .007IN,"Module-DP,Module-DxA,Module-Epoxy,Module-TCB","Generic;Asymtek S922;ASYMTEK,M-2000;Asymtek S932;ASYMTEK,M-FMCMIR-IN",M,dying,dying,False,0.005479452054794521,0.0,0.005479452054794521,0.0,0.0,1.850490265015662,,,unknown
500032840,"PS, MURR 5 AMP (120WATT).","Module-BA,Module-CAM,Module-Epoxy,Module-MHS,Module-DP","SIMPLIMATIC,SHUTTLE1:4,4:1;SIMPLIMATIC,CONVEYOR2010;Simplimatic 60 Slots FIFO;Orbotech Sprint 100i;Simplimatic 2070 Side Shuttle;SIMPLIMATIC,FIFO,20;View Inspection;SIMPLIMATIC, 60DL FIFO;SIMPLIMATIC,LOAD/UNLOAD;SIMPLIMATIC,FIFO,40;Simplimatic FIFO 60",L,dormant,none,False,0.0,0.0,0.0,,,0.0,,,unknown
500032845,POWER RELAY NON LATCHING 24V 6A,"Module-BA,Module-DP,Module-MHS,Module-Epoxy,Module-MHS","Simplimatic Robotic Transfer S;MQI;Orbotech Sprint 100iS;SIMPLIMATIC VISION INSPECTION;Orbotech Sprint 100i;SIMPLIMATIC,FIFO,20;View Inspection;SIMPLIMATIC,SHUTTLE1:4,4:1;SIMPLIMATIC,LOAD/UNLOAD",D,active,constant,True,0.0027397260273972603,0.011111111111111112,0.0027397260273972603,4.055555555555555,1.0,3.9999999999999996,,,unknown
500032846,COUPLING RELAY SPRING TERMINALS 24V 8A,"Module-BA,Module-CAM,Module-DP,Module-MHS,Module-Epoxy,Module-MHS","Simplimatic Robotic Transfer S;SIMPLIMATIC VISION INSPECTION;View Inspection;MQI;SIMPLIMATIC,FIFO,40;SIMPLIMATIC,LOAD/UNLOAD;SIMPLIMATIC,SHUTTLE1:4,4:1;Simplimatic 60 Slots FIFO;Simplimatic, Conveyor DL;Orbotech Sprint 100i;SIMPLIMATIC,FIFO,20;SIMPLIMATIC, 60DL FIFO",L,dying,dying,False,0.0027397260273972603,0.0,0.0027397260273972603,0.0,0.0,4.000000000000001,,,unknown
500032879,BLU 2K2 PART HANDLER PWRTRK,"Module-Epoxy,Module-Test","Delta,BLU",,dormant,none,False,0.0,0.0,0.0,,,0.0,,,unknown
500032880,"CABLE, R ENCODER","Module-Epoxy,Module-Test","Delta,BLU",,dormant,none,False,0.0,0.0,0.0,,,0.0,,,unknown
500032882,"CABLE, Y & Z ENCODER","Module-Epoxy,Module-Test","Delta,BLU",,dormant,none,False,0.0,0.0,0.0,,,0.0,,,unknown
500032884,X ENCODER POWER TRACK,"Module-Epoxy,Module-Test","Delta,BLU",,dormant,none,False,0.0,0.0,0.0,,,0.0,,,unknown
500032886,R ENCODER POWER TRACK,"Module-Epoxy,Module-Test","Delta,BLU",,dormant,none,False,0.0,0.0,0.0,,,0.0,,,unknown
500032887,R ENCODER THETA PWR TRK,"Module-Epoxy,Module-Test","Delta,BLU",,dormant,none,False,0.0,0.0,0.0,,,0.0,,,unknown
500032890,Z HALLS POWER TRACK,"Module-Epoxy,Module-Test","Delta,BLU",,dormant,none,False,0.0,0.0,0.0,,,0.0,,,unknown
500034650,"TUBING,PU,BLK 1/4OD 1/8ID","Module-DP,Module-Epoxy,Module-IHS",Asymtek S912;Asymtek-Jabil RA4 ASF;Asymtek S922;Generic,D,dormant,none,False,0.0,0.0,0.0,,,0.0,,,unknown
500034651,"TUBING,BLUE,POLYURTHANE","Module-Epoxy,Module-IHS",Asymtek-Jabil RA4 ASF;Asymtek S922;Asymtek S912,,dormant,none,False,0.0,0.0,0.0,,,0.0,,,unknown
500035612,"TUBING,PU,CLR 1/8OD 1/16ID","Module-DP,Module-DxA,Module-Epoxy,Module-TCB","Generic;Asymtek S922;Asymtek S932;DP Besi 300MM WTT;Asymtek-Jabil RA4 ASF;ASYMTEK,M-2000",L,dying,dying,False,0.0,0.0,0.0,,,4.0,,,unknown
500035613,"FITTING,QD-CUPLER TO 10-32","Module-DP,Module-TCB",Generic;Asymtek S932,L,dying,dying,False,0.0,0.0,0.0,,,4.0,,,unknown
500035614,"FITTING,COUPLER TO 2MM BARB","Module-DP,Module-DxA,Module-Epoxy,Module-TCB","Asymtek S932;Generic;ASYMTEK,M-FMCMIR-IN;ASYMTEK,M-2000",L,dying,dying,False,0.038356164383561646,0.0,0.038356164383561646,0.0,0.0,2.2559154871211984,,,unknown
500036200,"UNITED ELECTRIC, CHART PAPER.","Module-DP,Module-DxA,Module-TCB","Life Science/ ULT-1340-3A;OS,Common;Generic",,dormant,none,False,0.0,0.0,0.0,,,0.0,,,unknown
500036688,DISPENSE CARTRDIGE X4XX-XPX DV-8000,"Module-DP,Module-DxA,Module-Epoxy,Module-IHS,Module-TCB","Generic;Asymtek S2-912;Asymtek S932;Asymtek S912;ASYMTEK,M-600;Asymtek S922;ASYMTEK,M-2000",L,dying,dying,False,0.0,0.0,-0.005479452054794521,,,4.0,,,unknown
500036786,"STAINLESS,ELBOW,DJ2200,IHS.","Module-DP,Module-DxA,Module-Epoxy,Module-TCB","ASYMTEK,M-2000;Generic;Asymtek S932;ASYMTEK,M-FMCMIR-IN",,dormant,none,False,0.0,0.0,0.0,,,0.0,,,unknown
500037025,I/O TERMINAL CIRCUIT BOARD 8-CHANNEL,"Module-CAM,Module-DP,Module-Epoxy,Module-MHS","Generic;Grohmann,MFM-220;Grohamnn MTS-605;Grohmann,MFM-200;Grohmann MTS-600",D,dormant,none,False,0.0,0.0,0.0,,,0.0,,,unknown
500041272,"Nozzle, selective flux 22 gage","Module-DxA,Module-Epoxy","ASYMTEK,M-FMCMIR-IN;ASYMTEK,M-2000",M,active,constant,True,0.030136986301369864,0.03333333333333333,0.030136986301369864,1.106060606060606,0.0,0.3774000714715204,,,unknown
500041275,FLUID FITTING 1/4 NPT FEMALE X 1/4 TUBE,"Module-DP,Module-DxA,Module-TCB","ASYMTEK,M-2000;Asymtek-Jabil RA4 ASF;Asymtek S932;Generic",,dormant,none,False,0.0,0.0,0.0,,,0.0,,,unknown
500041276,"FITTING, QUICK DISCONNECT FEM.","Module-DxA,Module-Epoxy,Module-IHS,Module-TCB","Asymtek S912;Asymtek S932;ASYMTEK,M-2000;ASYMTEK,M-FMCMIR-IN",M,dying,dying,False,0.024657534246575342,0.0,0.024657534246575342,0.0,0.0,1.5004691311690754,,,unknown
500041281,"FITTING, LUERLOCK X 1/4MNPT-PL","Module-DP,Module-DxA,Module-Epoxy","DP Asymtek 300MM ADS;ASYMTEK,M-FMCMIR-IN;Asymtek S922;Generic;ASYMTEK,M-2000",D,dormant,none,False,0.0,0.0,0.0,,,0.0,,,unknown
500041283,"MICROMETER,MITUTOYO,METRIC","Module-DP,Module-DxA,Module-Epoxy,Module-IHS,Module-TCB","Asymtek S912;Asymtek S932;Asymtek S922;ASYMTEK,M-2000;Generic",M,active,constant,True,0.021917808219178082,0.011111111111111112,0.021917808219178082,0.5069444444444444,0.0,0.8560084660758395,0.5714285714285714,-6.0,decreasing
500041305,Modbus New Dual Program (260243),Module-Epoxy,"BLUEM,BI-32i",,dormant,none,False,0.0,0.0,0.0,,,0.0,,,unknown
500041306,COPPER GASKET FOR WATER COIL ASSY,"Module-DP,Module-Epoxy","Generic;BLUEM,BI-32i",M,dying,dying,False,0.0136986301369863,0.0,0.0136986301369863,0.0,0.0,0.7807028141443513,,,unknown
500041307,RUBBER GASKET FOR COOLING COIL,Module-Epoxy,"BLUEM,BI-32i",L,dying,dying,False,0.0,0.0,0.0,,,4.0,,,unknown
500041331,"SAFETY LABEL, BURN HAZARD",Module-Epoxy,"BLUEM,BI-32i",D,dormant,none,False,0.0,0.0,0.0,,,0.0,,,unknown
500042582,SERVO CONTROLLER 4VDC 50W BTI800,Module-Epoxy,"Tiros,BTI 800;TIROS BTi 802",,dormant,none,False,0.0,0.0,0.0,,,0.0,,,unknown
500042913,"SENSOR, FIBEROPTIC (MASS)","Module-DP,Module-Epoxy,Module-Test","Generic;Delta,BLU",,dormant,none,False,0.0,0.0,0.0,,,0.0,,,unknown
500042922,"VALVE ASSY,CO-AX AIR SOLENOID","Module-DP,Module-DxA,Module-TCB","ASYMTEK,M-2000;Generic;Asymtek S932;DP Asymtek 300MM ADS",M,dying,dying,False,0.0027397260273972603,0.0,0.0027397260273972603,0.0,0.0,3.0248508097039943,,,unknown
500043000,SPRING PRELOAD BOLT 303 STEEL,"Module-DxA,Module-Epoxy,Module-TCB","ASYMTEK,M-FMCMIR-IN;ASYMTEK,M-2000;DP Asymtek 300MM ADS;Asymtek S932",D,dormant,none,False,0.0,0.0,0.0,,,0.0,,,unknown
500043002,NOZZLE CLEANING KIT PROBE 1 VIAL .014IN,"Module-DP,Module-DxA,Module-Epoxy,Module-TCB","ASYMTEK,M-2000;Generic;Asymtek S922;Asymtek S932",L,active,constant,True,0.0027397260273972603,0.011111111111111112,0.0027397260273972603,4.055555555555555,0.0,3.9999999999999996,,,unknown
500043003,"ELBOW,M BARBED,M-5,ST STL","Module-DxA,Module-TCB","Heller HRF;ASYMTEK,M-2000;Asymtek S932",L,dying,dying,False,0.021917808219178082,0.0,0.021917808219178082,0.0,0.0,4.000000000000001,,,unknown
500043662,"SOLENOID INTERLOCK SWITCH 24V 0,1A","Module-CAM,Module-Epoxy,Module-MHS","Grohamnn MTS-605;Grohmann,MFM-220;Grohmann,MFM-200;Grohmann MTS-600;Grohmann, MFM-220.2",L,dormant,none,False,0.0,0.0,0.0,,,0.0,,,unknown
500043696,CAPACITIVE SENSOR 24V,"Module-CAM,Module-Epoxy,Module-Finish,Module-MHS","Grohamnn MTS-605;ICOS,CI9450;Grohmann MTS-600;Grohmann, MFM-220.2;Grohmann,MFM-220;Grohmann,MFM-200",L,active,constant,True,0.0027397260273972603,0.011111111111111112,0.0027397260273972603,4.055555555555555,0.0,3.9999999999999996,,,unknown
500046120,"DRIVE,PANASONIC_SERVO_400W_NEWSIDESH.","Module-BA,Module-CAM,Module-DP,Module-Epoxy,Module-MHS","SIMPLIMATIC,FIFO,40;View Inspection;Simplimatic,Pallet MHS;SIMPLIMATIC,LOAD/UNLOAD;SIMPLIMATIC,SHUTTLE1:4,4:1;Orbotech Sprint 100i;Simplimatic 2070 Side Shuttle;SIMPLIMATIC,SHUTTLE;SIMPLIMATIC, 60DL FIFO;Simplimatic 60 Slots FIFO;SIMPLIMATIC,CONVEYOR2010",,dying,dying,False,0.0,0.0,0.0,,,4.0,,,unknown
500049701,"ASSY,COOLING LINE,NEEDLE HEAT","Module-DP,Module-DxA,Module-IHS,Module-TCB","Asymtek,M-2022;Generic;ASYMTEK,M-600;ASYMTEK,M-2000",,dormant,none,False,0.0,0.0,0.0,,,0.0,,,unknown
500050530,LIGHT BEAM SPLITTER,"Module-DP,Module-DxA,Module-Epoxy,Module-TCB","Asymtek S922;Asymtek S932;Generic;ASYMTEK,M-FMCMIR-IN;ASYMTEK,M-2000",H,active,constant,True,0.06027397260273973,0.1111111111111111,0.06027397260273973,1.8434343434343432,0.09090909090909091,0.3850082663702572,,,unknown
500050534,"FITNG,Q-D BLKHD FEM 10-32 BLUE","Module-DP,Module-DxA,Module-Epoxy","Asymtek S922;ASYMTEK,M-FMCMIR-IN;ASYMTEK,M-2000;Generic",L,dying,dying,False,0.00821917808219178,0.0,0.00821917808219178,0.0,0.0,4.0,,,unknown
500050535,"FITNG,Q-D BLKHD FEM 10-32 BLK","Module-DP,Module-DxA,Module-Epoxy,Module-TCB","DP Asymtek 300MM ADS;Generic;Asymtek S922;ASYMTEK,M-2000;Asymtek S932",L,active,constant,True,0.00821917808219178,0.03333333333333333,0.00821917808219178,4.055555555555556,0.0,1.5103450634383233,,,unknown
500051359,FORK SENSOR (EE-SX673+EE-1001) ASSY,"Module-BA,Module-TCB","ASM-Pacific,Firebird;ASM Pacific,BP3000",,dormant,none,False,0.0,0.0,0.0,,,0.0,,,unknown
500051665,CABLE,"Module-TCB,Module-CAM","GROHMAN,TCB,MFM-200",,dormant,none,False,0.0,0.0,0.0,,,0.0,,,unknown
500051668,"SENSOR,OMRON","Module-CAM,Module-TCB,Module-CAM","Grohmann,MFM-200;GROHMAN,TCB,MFM-200",,dormant,none,False,0.0,0.0,0.0,,,0.0,,,unknown
500051680,"GASKET,SIMRIT","Module-DP,Module-TCB,Module-CAM","GROHMAN,TCB,MFM-200;Generic",,dormant,none,False,0.0,0.0,0.0,,,0.0,,,unknown
500051682,OMRON PROXIMITY SENSOR,"Module-TCB,Module-CAM","GROHMAN,TCB,MFM-200",D,dormant,none,False,0.0,0.0,0.0,,,0.0,,,unknown
500054186,"GENERATOR,VACUUM,PIAB M10","Module-DP,Module-DxA,Module-Epoxy","NordsonAsymtek,Vantage;Generic;ASYMTEK,M-2000;Asymtek S922",M,active,constant,True,0.010958904109589041,0.022222222222222223,0.010958904109589041,2.0277777777777777,0.0,1.0400000789262276,,,unknown
500056574,"ASSY,RECVR HEAD,CLR","Module-DxA,Module-TCB","ASYMTEK,M-2000;Asymtek,M-2022",,dormant,none,False,0.0,0.0,0.0,,,0.0,,,unknown
500056767,GROHMANN GAS STRUT,"Module-CAM,Module-Epoxy,Module-MHS","Grohmann, MFM-220.2;Grohmann,MFM-200;Grohamnn MTS-605;Grohmann,MFM-220;Grohmann MTS-600",D,dormant,none,False,0.0,0.0,0.0,,,0.0,,,unknown
500057023,FITTG  1/ 4 Q-DISC X 10 32 UNC,"Module-DP,Module-DxA,Module-Epoxy","Asymtek S922;ASYMTEK,M-2000;DP Asymtek 300MM ADS;Asymtek S902;Generic",L,dying,dying,False,0.010958904109589041,0.0,0.010958904109589041,0.0,0.0,2.9196109701039963,,,unknown
500057780,CONTACT BLOCK 10A 600V 2 POLE ZB4,"Module-CAM,Module-DP,Module-Epoxy,Module-MHS","SIMPLIMATIC,CONVEYOR;SIMPLIMATIC,SHUTTLE1:4,4:1;Simplimatic, Conveyor DL;SIMPLIMATIC,FIFO,40;SIMPLIMATIC,SHUTTLE;Orbotech Sprint 100i;Simplimatic 60 Slots FIFO;Generic;SIMPLIMATIC,LOAD/UNLOAD",,dormant,none,False,0.0,0.0,0.0,,,0.0,,,unknown
500058258,"FITTING, ELBOW, 1/4PX3/8T,BRAS","Module-DP,Module-DxA,Module-Epoxy,Module-TCB","Asymtek S932;ASYMTEK,M-2000;Asymtek S922;Generic",L,dying,dying,False,0.010958904109589041,0.0,0.010958904109589041,0.0,0.0,4.000000000000001,,,unknown
500058259,"FITTING,TUBE,MALE 3/8X1/4NPT","Module-DP,Module-DxA,Module-IHS,Module-TCB","ASYMTEK,M-2000;ASYMTEK,M-600;Generic;Asymtek S932",D,dormant,none,False,0.0,0.0,0.0,,,0.0,,,unknown
500058260,1/4 NPT POLYETHYLENE HEX NIPPLE,"Module-DP,Module-DxA,Module-TCB","Asymtek S932;ASYMTEK,M-2000;Generic",D,dormant,none,False,0.0,0.0,0.0,,,0.0,,,unknown
500058418,"SWITCH,ZB4BD2,NON-ILLUMINATED","Module-CAM,Module-DP,Module-Epoxy,Module-MHS","SIMPLIMATIC,SHUTTLE1:4,4:1;Simplimatic,Pallet MHS;Orbotech Sprint 100i;SIMPLIMATIC,SHUTTLE",,dormant,none,False,0.0,0.0,0.0,,,0.0,,,unknown
500062484,"BALL BEARING, FLANGED, 8X12X3.5","Module-DP,Module-OLx,Module-TCB,Module-Test","JLP Stacker/Destacker;Delta,OLB;Delta CTH-Pyramid 2008;Generic;Delta JLP, JTP",L,dying,dying,False,0.0027397260273972603,0.0,0.0027397260273972603,0.0,0.0,4.000000000000001,,,unknown
500062674,"linear encoder, Y Axis","Module-Epoxy,Module-Test","Delta,BLU",,dormant,none,False,0.0,0.0,0.0,,,0.0,,,unknown
500063506,"TUBE,POLYURETHANE.25X.16X6.5","Module-DP,Module-DxA,Module-TCB","Generic;ASYMTEK,M-2000;Asymtek S932",D,dormant,none,False,0.0,0.0,0.0,,,0.0,,,unknown
500064057,CONDUCTIVE SILICONE BELLOWS CUP 6MM,"Module-HDMT,Module-HDMX,Module-MHS,Module-TCB,Module-xPV","Evertech,TH9000B;HDMT_Handler_x30_LV;HDMx x30;MHS_Generic;Delta JLP, JTP",H,active,constant,True,0.5589041095890411,0.3333333333333333,0.5589041095890411,0.5964052287581698,0.14705882352941177,0.48661210967278046,,,unknown
500064866,Vacuum plate lid support config 2/4/5/6,"Module-Epoxy,Module-MHS","Grohmann MTS-600;Grohamnn MTS-605;Grohmann, MFM-220.2;Grohmann,MFM-220",,dormant,none,False,0.0,0.0,0.0,,,0.0,,,unknown
500065964,SMPS 40W UNIV > 24V,"Module-BA,Module-TCB","ASM-Pacific,Phoenix;ASM Pacific,BP3000;ASM-Pacific, Falcon",,dormant,none,False,0.0,0.0,0.0,,,0.0,,,unknown
500066407,SEAL KIT PGN50 NITRILE BUTADIENE RUBBER,"Module-CAM,Module-DP,Module-Epoxy,Module-MHS","Grohmann,MFM-200;Grohmann, MFM-220.2;Generic;Grohmann,MFM-220;Grohmann MTS-600;Grohamnn MTS-605",,dormant,none,False,0.0,0.0,0.0,,,0.0,,,unknown
500068038,TORQUE WRENCH 9/32OE,"Module-DP,Module-DxA,Module-Epoxy,Module-IHS","Asymtek S922;Generic;ASYMTEK,M-2000;Asymtek S912",D,dormant,none,False,0.0,0.0,0.0,,,0.0,,,unknown
500068043,"TUBING,PU,CLR 1/4OD 1/8ID (40-3530)","Module-DP,Module-DxA,Module-Epoxy,Module-IHS","Generic;Asymtek S922;Asymtek-Jabil RA4 ASF;Asymtek S912;ASYMTEK,M-2000",,dormant,none,False,0.0,0.0,0.0,,,0.0,,,unknown
500068965,"TUBING,PU,TR GRN 1/4OD 1/8ID (40-3522)","Module-DP,Module-Epoxy",Generic;Asymtek S922,L,dying,dying,False,0.0,0.0,0.0,,,4.0,,,unknown
500070865,"TOOTH,BELTS,SET,FOR,PCBA/ANALYSER",Module-TCB,"PhoenixXray,PCBAAnalyser160",,dormant,none,False,0.0,0.0,0.0,,,0.0,,,unknown
500070867,"LIMIT,SWITCH(STANDARD)",Module-TCB,"PhoenixXray,PCBAAnalyser160",,dormant,none,False,0.0,0.0,0.0,,,0.0,,,unknown
500070870,POWER SUPPLY TRIPLE OUTPUT 40W,Module-TCB,"PhoenixXray,PCBAAnalyser160",,dormant,none,False,0.0,0.0,0.0,,,0.0,,,unknown
500070871,"KNIFE SWITCH, X-RAY",Module-TCB,"PhoenixXray,PCBAAnalyser160",,dormant,none,False,0.0,0.0,0.0,,,0.0,,,unknown
500070885,B6 FLEXIBLE ACTUATOR KEY,"Module-CAM,Module-Epoxy,Module-MHS","Grohmann,MFM-200;Grohmann MTS-600;Grohmann,MFM-220",D,dormant,none,False,0.0,0.0,0.0,,,0.0,,,unknown
500076683,"Enclosure, Plastic Elec., Assembly","Module-Epoxy,Module-Test","Delta,BLU",,dormant,none,False,0.0,0.0,0.0,,,0.0,,,unknown
500077115,DV-7000 VISE PIN,"Module-BA,Module-CAM,Module-DP,Module-Epoxy,Module-TCB","Generic;DEK Galaxy;Asymtek S922;Asymtek S902;Asymtek S932;ASM-Pacific, Falcon",D,dormant,none,False,0.0,0.0,0.0,,,0.0,,,unknown
500078551,TIMING BELT  267-3M-9MM,"Module-BA,Module-DP,Module-TCB","ASM-Pacific,Phoenix;Generic;ASM Pacific,BP3000",D,dormant,none,False,0.0,0.0,0.0,,,0.0,,,unknown
500079239,"SCREW, M3X.05 FLAT",Module-Epoxy,Asymtek S922,L,dying,dying,False,0.0547945205479452,0.0,0.0547945205479452,0.0,0.0,4.0,,,unknown
500079240,"""SCREW, M3 X 0.5 SOCKET X 6""",Module-Epoxy,DP Asymtek 300MM ADS;Asymtek S922,L,active,constant,True,0.1095890410958904,0.2222222222222222,0.1095890410958904,2.0277777777777777,0.0,2.1507705122865475,,,unknown
500079255,"ASSY,CHAMBER,FLUID","Module-DP,Module-DxA,Module-Epoxy,Module-IHS,Module-TCB","Asymtek S932;Generic;Asymtek S912;ASYMTEK,M-2000;Asymtek S922",D,dormant,none,False,0.0,0.0,0.0,,,0.0,,,unknown
500079321,MINI ROUND TIP SWAB PKG OF 25,"Module-DxA,Module-Epoxy,Module-IHS","Asymtek S912;ASYMTEK,M-2000;Asymtek S922",D,dormant,none,False,0.0,0.0,0.0,,,0.0,,,unknown
500079887,DJ-2200 FLUX NOZZLE 24GA,"Module-DP,Module-DxA,Module-IHS,Module-TCB","Asymtek S932;Generic;Asymtek S912;ASYMTEK,M-2000",H,active,constant,True,0.1095890410958904,0.07777777777777778,0.1095890410958904,0.7097222222222223,0.0,0.26855993032488934,,,unknown
500080235,TRIAC VALVE.,Module-Epoxy,"BLUEM,BI-32i",D,dormant,none,False,0.0,0.0,0.0,,,0.0,,,unknown
500081604,SPRING 17-7PH DJ-9000,"Module-DP,Module-DxA,Module-Epoxy","Generic;ASYMTEK,M-2000;Asymtek S922",D,dormant,none,False,0.0,0.0,0.0,,,0.0,,0.0,unknown
500081606,NEEDLE ASSEMBLY 3.20MM TIP,"Module-DP,Module-DxA,Module-Epoxy","Generic;Asymtek S922;ASYMTEK,M-2000",D,dormant,none,False,0.0,0.0,0.0,,,0.0,,,unknown
500081607,DATA CABLE 14P- DJ-9000,"Module-DxA,Module-Epoxy","ASYMTEK,M-2000;Asymtek S922",,dormant,none,False,0.0,0.0,0.0,,,0.0,,,unknown
500084932,"LCD Monitor 15""","Module-CAM,Module-Epoxy,Module-MHS","Grohmann,MFM-200;Grohmann, MFM-220.2;Grohmann,MFM-220;Grohamnn MTS-605;Grohmann MTS-600",M,dormant,none,False,0.0,0.0,0.0,,,0.0,,,unknown
500085077,"DV-7000 DISPENSE NEEDLE 21GA 1/4""L SS",Module-TCB,Asymtek S932,L,dying,dying,False,0.010958904109589041,0.0,0.010958904109589041,0.0,0.0,1.798347107438016,,,unknown
500086071,"SWITCH,PRESSURE,AIRTROL","Module-DP,Module-Epoxy,Module-IHS","Sonoscan,Facts2;SONOSCAN,DF-2200;VERTICAL PREBAKE EPOXY OVEN;Generic;Heller VCO",,dormant,none,False,0.0,0.0,0.0,,,0.0,,,unknown
500087067,"TOWER LIGHT BULB, HANYOUNG HY-BL24V","Module-Epoxy,Module-MHS","LKT,2001;LKT,2000;Heller 1800SS",,dormant,none,False,0.0,0.0,0.0,,,0.0,,,unknown
500087776,"FILTER REGULATOR, METAL BOWL","Module-DxA,Module-Epoxy,Module-TCB","DISCO 7562 USP;Asymtek S932;ASYMTEK,M-2000;Asymtek S922",,dormant,none,False,0.0,0.0,0.0,,,0.0,,,unknown
500087778,"SMP,BLEND,LUBRICANT, DRY FILM PASTE.","Module-DxA,Module-Epoxy,Module-HDMX","Asymtek S922;Gas and Chemical Generic;ASYMTEK,M-2000",D,dormant,none,False,0.0,0.0,0.0,,,0.0,,,unknown
500088547,DJ-9000 JET BODY ASSEMBLY DETENT,"Module-DP,Module-DxA,Module-Epoxy","Generic;ASYMTEK,M-2000;Asymtek S922",,dormant,none,False,0.0,0.0,0.0,,,0.0,,,unknown
500088548,SOLENOID KIT W/WIRE COVER DJ-9000,"Module-DP,Module-DxA,Module-Epoxy,Module-TCB","Asymtek S922;Generic;Asymtek S932;ASYMTEK,M-2000",D,dormant,none,False,0.0,0.0,0.0,,,0.0,,,unknown
500088550,DJ-9000 NOZZLE 0.200,"Module-DP,Module-DxA,Module-Epoxy","Generic;ASYMTEK,M-2000;Asymtek S922",D,dormant,none,False,0.0,0.0,0.0,,,0.0,,,unknown
500088551,DJ-9000 NOZZLE 0.400,"Module-DP,Module-DxA,Module-Epoxy","Asymtek S902;Generic;ASYMTEK,M-2000;Asymtek S922",D,dormant,none,False,0.0,0.0,0.0,,,0.0,,,unknown
500088552,"SEAT, CARBIDE, DJ9000, 0.380 MM","Module-Epoxy,Module-IHS,Module-TCB","Asymtek,M-2000;Asymtek S932;Asymtek S922;Asymtek S912",,dormant,none,False,0.0,0.0,0.0,,,0.0,,,unknown
500088553,DK-9000 DISPENSER NEEDLE SEAT ASSEMBLY,"Module-DP,Module-DxA,Module-Epoxy","Asymtek S922;ASYMTEK,M-2000;Generic",D,dormant,none,False,0.0,0.0,0.0,,,0.0,,,unknown
500088982,TEFLON CART GUIDE 4-7/8IN,"Module-DP,Module-Epoxy","Generic;BLUEM,BI-32i",D,dormant,none,False,0.0,0.0,0.0,,,0.0,,,unknown
500088983,"CART GUIDE, TEFLON 39-3/8""",Module-Epoxy,"BLUEM,BI-32i",D,dormant,none,False,0.0,0.0,0.0,,,0.0,,,unknown
500088984,TEFLON CART GUIDE 47IN,Module-Epoxy,"BLUEM,BI-32i;GENERIC",D,dormant,none,False,0.0,0.0,0.0,,,0.0,,,unknown
500089209,VGA M/ TO F/ 15 PIN CABLE 4.5M,"Module-BA,Module-TCB","ASM,TCB,Y-SHUTTLE;ASM Pacific,BP3000;ASM-Pacific,Phoenix",D,dormant,none,False,0.0,0.0,0.0,,,0.0,,,unknown
500092280,SERVO DRIVER 380-480VAC 2400W,"Module-CAM,Module-MHS,Module-TCB","Grohmann,MFM-200;Grohmann,MFM-220;APPJ MFM-220",M,dormant,none,False,0.0,0.0,-0.0027397260273972603,,,4.0,,,unknown
500092296,FUSE 5X20 GLASS 250V 2AMP,"Module-DP,Module-MHS,Module-TCB","Grohmann, MFM-220.2;Generic;Grohmann,MFM-220;ASM-Pacific,Firebird",L,dying,dying,False,0.0,0.0,0.0,,,4.0,,,unknown
500093669,AIR COMBINATION SET,Module-TCB,"ASM-Pacific,Phoenix",,dormant,none,False,0.0,0.0,0.0,,,0.0,,,unknown
500093674,MALE ELBOW  KQ2L08-01AS,"Module-BA,Module-TCB","ASM Pacific,BP3000;ASM-Pacific,Phoenix;ASM-Pacific,Firebird",,dormant,none,False,0.0,0.0,0.0,,,0.0,,,unknown
500093675,MALE ELBOW KQ2L06-01AS,"Module-BA,Module-TCB","ASM-Pacific,Phoenix;ASM Pacific,BP3000;ASM-Pacific,Firebird",,dormant,none,False,0.0,0.0,0.0,,,0.0,,,unknown
500093676,FITTING MALE ELBOW KQ2L06-M5A,"Module-BA,Module-TCB","ASM-Pacific,Firebird;ASM Pacific,BP3000;ASM-Pacific,Phoenix",,active,constant,True,0.0273972602739726,0.1111111111111111,0.0273972602739726,4.055555555555555,1.0,4.0,,,unknown
500093680,ONE-TOUCH FITTING,"Module-BA,Module-TCB","ASM-Pacific,Firebird;ASM Pacific,BP3000;ASM-Pacific,Phoenix",,dormant,none,False,0.0,0.0,0.0,,,0.0,,,unknown
500093681,MALE ELBOW CONNECTOR,"Module-BA,Module-TCB","ASM Pacific,BP3000;ASM-Pacific,Firebird;ASM-Pacific,Phoenix",,dormant,none,False,0.0,0.0,0.0,,,0.0,,,unknown
500093685,"UNION ""Y""","Module-BA,Module-TCB","ASM Pacific,BP3000;ASM-Pacific,Phoenix",,dormant,none,False,0.0,0.0,0.0,,,0.0,,,unknown
500093686,MALE ELBOW CONNECTOR,"Module-BA,Module-TCB","ASM Pacific,BP3000;ASM-Pacific,Firebird",,dormant,none,False,0.0,0.0,0.0,,,0.0,,,unknown
500093724,POM SUPPORT BLOCK,"Module-Epoxy,Module-MHS","Grohamnn MTS-605;Grohmann,MFM-220;Grohmann, MFM-220.2;Grohmann MTS-600",,dormant,none,False,0.0,0.0,0.0,,,0.0,,,unknown
500093725,POM SUPPORT BLOCK,"Module-Epoxy,Module-MHS","Grohmann, MFM-220.2;Grohmann,MFM-220;Grohamnn MTS-605;Grohmann MTS-600",,dormant,none,False,0.0,0.0,0.0,,,0.0,,,unknown
500094448,DJ9K Intel Spare,"Module-DP,Module-Epoxy,Module-IHS,Module-TCB",Asymtek S932;Asymtek S912;Generic;Asymtek S922,D,dormant,none,False,0.0,0.0,-0.0027397260273972603,,,0.0,,,unknown
500098533,HIGH TEMPERTURE THERMOCOUPLE CABLE,Module-Epoxy,PCO520L,L,dying,dying,False,0.01643835616438356,0.0,0.01643835616438356,0.0,0.0,0.9569965829979231,,,unknown
500098576,KNOBBED TORQUE WRENCH,"Module-DP,Module-DxA,Module-Epoxy","Asymtek S922;Generic;ASYMTEK,M-2000",D,dormant,none,False,0.0,0.0,0.0,,,0.0,,,unknown
500098577,BRUSH BEARING QTY 50 DJ-9000,"Module-DP,Module-DxA,Module-Epoxy,Module-IHS","Asymtek S922;Asymtek S912;Generic;Asymtek-Jabil RA4 ASF;ASYMTEK,M-2000",L,active,constant,True,0.0027397260273972603,0.011111111111111112,0.0027397260273972603,4.055555555555555,0.0,3.9999999999999996,,,unknown
500098580,"30CC, SYRINGE","Module-DP,Module-TCB",Asymtek S932;Generic,,dormant,none,False,0.0,0.0,0.0,,,0.0,,,unknown
500100702,CALIBRATION GLASS PLATE,"Module-CAM,Module-DP,Module-Epoxy,Module-MHS","Generic;Grohmann,MFM-220;Grohmann,MFM-200;Grohmann MTS-600;Grohamnn MTS-605",L,active,constant,True,0.005479452054794521,0.011111111111111112,0.005479452054794521,2.0277777777777777,0.5,2.7993510005408333,,,unknown
500101066,FLOCKED SWAB TIP 1.5MM QTY 100,"Module-DP,Module-DxA,Module-Epoxy,Module-IHS","Asymtek S912;Generic;Asymtek-Jabil RA4 ASF;Asymtek S922;ASYMTEK,M-2000",L,dormant,none,False,0.0,-0.1,-0.024657534246575342,,,4.0,,24.0,unknown
500101067,DJ-9000 NEEDLE INSERTION TOOL,"Module-DP,Module-DxA,Module-Epoxy","Generic;ASYMTEK,M-2000;Asymtek S922",D,dormant,none,False,0.0,0.0,0.0,,,0.0,,,unknown
500102202,"BUMPER,RUBBER STEM","Module-TCB,Module-Test","Delta JLP, JTP;Delta CTH-Pyramid 2008",,dormant,none,False,0.0,0.0,0.0,,,0.0,,,unknown
500103949,"HANDLE,COVERS,FOR,TIROS,OVEN","Module-DP,Module-Epoxy","Generic;Tiros,BTI 800",,dormant,none,False,0.0,0.0,0.0,,,0.0,,,unknown
500106944,DRIVING BELT PU YELLOW ANTISTATIC,"Module-CAM,Module-DP,Module-MHS,Module-TCB","APPJ MFM-220;Grohmann, MFM-220.2;Grohmann,MFM-200;Generic;Grohmann,MFM-220",H,active,constant,True,0.27123287671232876,0.1111111111111111,0.27123287671232876,0.40965207631874295,0.0,0.4949134656940589,,,unknown
500106945,FLAT BELT PU10ESD YELLOW 600/590MM,"Module-DP,Module-MHS,Module-TCB","Grohmann,MFM-220;Generic;Grohmann, MFM-220.2;Delta JLP, JTP",L,dying,dying,False,0.0273972602739726,0.0,0.0273972602739726,0.0,0.0,3.1624430196329625,,,unknown
500107099,2 LITERS HDPE PLASTIC PURGE BOTTLE,"Module-DxA,Module-IHS,Module-TCB,Module-CAM","ASYMTEK,M-600;Asymtek S2-932;Asymtek S2-912",L,dying,dying,False,0.0027397260273972603,0.0,0.0027397260273972603,0.0,0.0,4.0,,,unknown
500107103,"AMPLIFIER,AIR FLOW","Module-DP,Module-DxA,Module-IHS,Module-TCB","ASYMTEK,M-600;Asymtek S912;Asymtek S932;ASYMTEK,M-2000;Generic",D,dormant,none,False,0.0,0.0,0.0,,,0.0,,,unknown
500107105,POLYETHYLENE LINED EVA TUBING 3/8 ID,"Module-DP,Module-DxA,Module-Epoxy,Module-IHS","ASYMTEK,M-600;Asymtek S922;ASYMTEK,M-2000;Generic;Asymtek S912",L,dying,dying,False,0.0,0.0,0.0,,,4.0,,,unknown
500109089,CERAMIC MAGNET 34.2ODX9IDX6.3THK,"Module-DP,Module-DxA,Module-Epoxy,Module-IHS","Asymtek S912;Generic;Asymtek S922;ASYMTEK,M-600;ASYMTEK,M-2000;Asymtek-Jabil RA4 ASF",L,active,constant,True,0.00821917808219178,0.03333333333333333,0.00821917808219178,4.055555555555556,1.0,4.0,,,unknown
500109376,"SCREW,SKT HD CAP,6-32X1.75,BLK",Module-TCB,Asymtek S932,D,dormant,none,False,0.0,0.0,0.0,,,0.0,,,unknown
500109915,"O-RING,VITON,3-905","Module-DP,Module-IHS,Module-TCB","Generic;Asymtek S932;ASYMTEK,M-600;DISCO,DGP8760",H,active,constant,True,0.8821917808219178,0.8222222222222222,0.8821917808219178,0.9320220841959972,0.062111801242236024,0.11023749941997685,,,unknown
500109979,O RING SEALS 3.5X1.5 NBR70,"Module-CAM,Module-Epoxy,Module-MHS","Grohmann, MFM-220.2;Grohamnn MTS-605;Grohmann,MFM-200;Grohmann,MFM-220;Grohmann MTS-600",,dormant,none,False,0.0,0.0,0.0,,,0.0,,,unknown
500110321,DISPENSE CARD 30MM SPECTRUM,"Module-DP,Module-DxA,Module-Epoxy","Generic;Asymtek S922;ASYMTEK,M-2000",L,dying,dying,False,0.0027397260273972603,0.0,0.0027397260273972603,0.0,0.0,4.000000000000001,,,unknown
500110322,"COVER,PURGE CUP,CLEAR","Module-DP,Module-DxA,Module-Epoxy,Module-IHS,Module-TCB","Generic;ASYMTEK,M-2000;Asymtek S912;Asymtek S932;Asymtek S922",M,dying,dying,False,0.0,0.0,0.0,,,4.0,,,unknown
500110325,"ASSY,SPECTRUM LIGHT SOURCE","Module-Epoxy,Module-IHS,Module-TCB",Asymtek S932;Asymtek S922;Asymtek S912,D,dormant,none,False,0.0,0.0,0.0,,,0.0,,,unknown
500110326,"ADAPTER,USB TO CAN","Module-Epoxy,Module-IHS,Module-TCB",Asymtek-Jabil RA4 ASF;Asymtek S902;Asymtek S922;Asymtek S932;Asymtek S912,D,dormant,none,False,0.0,0.0,0.0,,,0.0,,,unknown
500110327,PWA SERVO AMPLIFIER,"Module-Epoxy,Module-IHS,Module-TCB","ASYMTEK,M-600;Asymtek S932;Asymtek S922;Asymtek-Jabil RA4 ASF;Asymtek S912",L,dormant,none,False,0.0,0.0,0.0,,,0.0,,,unknown
500110328,SPECTRUM HOME SENSOR PCA,"Module-Epoxy,Module-IHS,Module-TCB",Asymtek S932;Asymtek-Jabil RA4 ASF;Asymtek S912;Asymtek S922,L,active,constant,True,0.00821917808219178,0.022222222222222223,0.00821917808219178,2.703703703703704,0.3333333333333333,1.3098023663163454,,,unknown
500110336,"ADAPTER,USB TO ETHERNET","Module-DxA,Module-Epoxy,Module-IHS,Module-TCB","Asymtek S912;ASYMTEK,M-2000;Asymtek S932;Asymtek S922",D,dormant,none,False,0.0,0.0,0.0,,,0.0,,,unknown
500110338,"POWER SUPPLY,600W,48VDC,SWITCH","Module-DxA,Module-Epoxy","ASYMTEK,M-2000;MARCH FasTrak;Asymtek S922",,dormant,none,False,0.0,0.0,0.0,,,0.0,,,unknown
500110352,"CABLE,HI FLEX CAT6 SHIELDED,5M","Module-DxA,Module-Epoxy","ASYMTEK,M-2000;Asymtek S922",L,dying,dying,False,0.0027397260273972603,0.0,0.0027397260273972603,0.0,0.0,4.000000000000001,,,unknown
500110402,SPECTRUM BOARD PRESENCE FIBRE SENSOR,"Module-DxA,Module-Epoxy,Module-IHS,Module-TCB","Asymtek S922;Asymtek S902;Asymtek S932;Asymtek S912;ASYMTEK,M-2000",D,dormant,none,False,0.0,0.0,-0.0027397260273972603,,,0.0,,,unknown
500110403,SPECTRUM CONVEYOR CONTROLLER MODULE,"Module-DP,Module-DxA,Module-Epoxy,Module-TCB","Asymtek S922;Asymtek S902;Asymtek S932;ASYMTEK,M-2000;Generic;Heller HRF",L,active,constant,True,0.005479452054794521,0.011111111111111112,0.005479452054794521,2.0277777777777777,0.0,1.6000000000000005,,2.0,unknown
500110404,CAMERA GIGA-E 640X480 PIXEL,"Module-Epoxy,Module-IHS,Module-TCB,Module-CAM",Asymtek S932;Asymtek-Jabil RA4 ASF;Asymtek S912;Asymtek S922;Asymtek S2-932,L,dormant,none,False,0.0,0.0,0.0,,,0.0,,0.0,unknown
500110407,"ENCODER,OPTICAL READHEAD 5UM","Module-DP,Module-DxA,Module-Epoxy,Module-IHS,Module-TCB","ASYMTEK,M-2000;Asymtek S922;Asymtek S932;Asymtek S912;Generic;Asymtek S902",L,active,constant,True,0.005479452054794521,0.022222222222222223,0.005479452054794521,4.055555555555555,0.5,1.7777777777777775,,,unknown
500110408,"LID,FIDUCIAL SCALE CMP",Module-Epoxy,"Asymtek S922;Asymtek,M-2000",,dormant,none,False,0.0,0.0,0.0,,,0.0,,,unknown
500110410,BULK FLUID FEED SYSTEM CONTROLLER,"Module-Epoxy,Module-IHS,Module-TCB",Asymtek S922;Asymtek-Jabil RA4 ASF;Asymtek S932;Asymtek S912,D,dormant,none,False,0.0,0.0,0.0,,,0.0,,,unknown
500110412,SPECTRUM STOP PIN ASSEMBLY,"Module-DP,Module-DxA,Module-Epoxy,Module-IHS,Module-TCB","Generic;Asymtek S902;Asymtek S932;ASYMTEK,M-2000;Asymtek S922;Asymtek S912",L,dormant,none,False,0.0,0.0,0.0,,,0.0,,,unknown
500110413,LASER HEIGHT SENSOR DATA CABLE,"Module-DP,Module-Epoxy,Module-IHS,Module-TCB",Generic;Asymtek S922;Asymtek S912;Asymtek S932,D,dormant,none,False,0.0,0.0,0.0,,,0.0,,,unknown
500110415,POWER CONTROLLER PCA,"Module-Epoxy,Module-IHS,Module-TCB",Asymtek-Jabil RA4 ASF;Asymtek S922;Asymtek S912;Asymtek S932;Asymtek S902,D,dormant,none,False,0.0,0.0,0.0,,,0.0,,,unknown
500110420,SOLENOID VALVE 3-WAY HIGH FLOW,"Module-DP,Module-Epoxy,Module-IHS,Module-TCB","Asymtek S932;Asymtek S912;Generic;NordsonAsymtek,Vantage;Asymtek S922",L,active,constant,True,0.010958904109589041,0.044444444444444446,0.010958904109589041,4.055555555555555,0.0,3.9999999999999996,,,unknown
500110424,S-9XX PRINTED WIRE ASSEMBLY,"Module-DP,Module-Epoxy,Module-IHS,Module-TCB",Asymtek S902;Asymtek S932;Asymtek S912;Generic;Asymtek S922,L,active,constant,True,0.0027397260273972603,0.011111111111111112,0.0027397260273972603,4.055555555555555,0.0,3.9999999999999996,,,unknown
500110425,"CABLE,CH1 HEATER FEEDBACK","Module-DxA,Module-Epoxy","ASYMTEK,M-2000;Asymtek S922",,dormant,none,False,0.0,0.0,0.0,,,0.0,,,unknown
500110426,"CABLE,CH2 HEATER FEED BACK",Module-Epoxy,"Asymtek S922;Asymtek,M-2000",,dormant,none,False,0.0,0.0,0.0,,,0.0,,,unknown
500110452,"CABLE,CH3 HEATER FEEDBACK",Module-Epoxy,"Asymtek S922;Asymtek,M-2000",,dormant,none,False,0.0,0.0,0.0,,,0.0,,,unknown
500110454,"CABLE,CH4 HEATER FEEDBACK","Module-DxA,Module-Epoxy","ASYMTEK,M-2000;Asymtek S922",,dormant,none,False,0.0,0.0,0.0,,,0.0,,,unknown
500110455,"CABLE,JET,LFS & HS.","Module-DxA,Module-Epoxy,Module-TCB","ASYMTEK,M-2000;Asymtek S922;Asymtek S932",D,dormant,none,False,0.0,0.0,-0.0027397260273972603,,,0.0,,,unknown
500110458,POWER CABLE 920 MOTOR EXTENSION,"Module-DxA,Module-Epoxy","ASYMTEK,M-2000;Asymtek S922",D,dormant,none,False,0.0,0.0,0.0,,,0.0,,,unknown
500110461,CAMERA CONTROL CABLE 9XX,"Module-Epoxy,Module-IHS,Module-TCB",Asymtek S932;Asymtek S912;Asymtek S922;Asymtek S902;Asymtek-Jabil RA4 ASF,D,dormant,none,False,0.0,0.0,0.0,,,0.0,,1.0,unknown
500110462,"CABLE,CAN COMM. CONV TO MAIN","Module-DxA,Module-Epoxy,Module-TCB","ASYMTEK,M-2000;Asymtek S932;Asymtek S902;Asymtek S922",D,active,constant,True,0.0027397260273972603,0.011111111111111112,0.0027397260273972603,4.055555555555555,0.0,3.9999999999999996,,,unknown
500111955,"O-RING,-008,VITON","Module-DP,Module-Epoxy",Generic;Asymtek S922,,dormant,none,False,0.0,0.0,0.0,,,0.0,,,unknown
500111956,"O-RING,020,VITON","Module-DP,Module-Epoxy",Generic;Asymtek S922,,dormant,none,False,0.0,0.0,0.0,,,0.0,,,unknown
500111957,DATA CABLE DJ-9000 7P,"Module-DP,Module-DxA,Module-Epoxy","Generic;Asymtek S922;ASYMTEK,M-2000",D,dormant,none,False,0.0,0.0,0.0,,,0.0,,,unknown
500111958,DJ-9500 STROKE ADJUSTER ASSEMBLY,"Module-DP,Module-DxA,Module-Epoxy","Generic;ASYMTEK,M-2000;Asymtek S922",D,dormant,none,False,0.0,0.0,0.0,,,0.0,,,unknown
500112337,Timing belt 665MXL3.2,"Module-BA,Module-TCB","ASM Pacific,BP3000;ASM-Pacific,Phoenix",M,active,constant,True,0.1095890410958904,0.1111111111111111,0.1095890410958904,1.0138888888888888,0.25,0.8453884903935382,,,unknown
500113368,EMO SWITCH ACTUATOR,"Module-DxA,Module-Epoxy,Module-IHS","Asymtek S922;Asymtek-Jabil RA4 ASF;ASYMTEK,M-2000;Asymtek S912",D,dormant,none,False,0.0,0.0,0.0,,,0.0,,,unknown
500113369,EMO SWITCH CONTACT BLOCK,"Module-DxA,Module-Epoxy,Module-IHS","ASYMTEK,M-2000;Asymtek-Jabil RA4 ASF;Asymtek S922;Asymtek S912",D,dormant,none,False,0.0,0.0,0.0,,,0.0,,,unknown
500113371,REGULATOR 0-100 PSI 0-6.8 BAR,"Module-DP,Module-Epoxy,Module-IHS,Module-TCB",Asymtek S932;Asymtek S922;Generic;Asymtek-Jabil RA4 ASF;Asymtek S912,,dormant,none,False,0.0,0.0,0.0,,,0.0,,0.0,unknown
500113373,DC SERVO MOTOR 90OZ-IN W/CONN,"Module-Epoxy,Module-IHS,Module-TCB",Asymtek S932;Asymtek S912;Asymtek S922,L,dormant,none,False,0.0,0.0,-0.0027397260273972603,,,4.0,,,unknown
500113374,"GAUGE,0-100 PSI/KPA","Module-Epoxy,Module-IHS,Module-TCB",Asymtek S922;Asymtek-Jabil RA4 ASF;Asymtek S902;Asymtek S932;Asymtek S912,,dormant,none,False,0.0,0.0,0.0,,,0.0,,,unknown
500113375,PUSHBUTTON SWITCH 3P-NO 24V LED GREEN,"Module-DxA,Module-Epoxy,Module-IHS,Module-TCB","Asymtek-Jabil RA4 ASF;Asymtek S912;ASYMTEK,M-2000;Asymtek S932;Asymtek S922",L,dormant,none,False,0.0,0.0,0.0,,,0.0,,,unknown
500113377,SAFETY INTERNLOCK SWITCH ASSEMBLY,"Module-Epoxy,Module-IHS,Module-TCB,Module-CAM",Asymtek S902;Asymtek S932;Asymtek S2-932;Asymtek S912;Asymtek S922;Asymtek-Jabil RA4 ASF,M,active,constant,True,0.021917808219178082,0.022222222222222223,0.021917808219178082,1.0138888888888888,0.0,0.5337271446881663,8.0,7.0,increasing
500113380,"LED LIGHT 6"" 12V","Module-DP,Module-Epoxy,Module-IHS,Module-TCB",Asymtek S922;Asymtek S932;Asymtek S912;Generic,D,dormant,none,False,0.0,0.0,0.0,,,0.0,,,unknown
500113389,"Assy, Servo Power Supply","Module-Epoxy,Module-IHS,Module-TCB",Asymtek-Jabil RA4 ASF;Asymtek S922;Asymtek S932;Asymtek S912,,dormant,none,False,0.0,0.0,0.0,,,0.0,,,unknown
500113391,"GAS SPRING 30LB 15.23"" LONG","Module-DP,Module-Epoxy,Module-IHS,Module-TCB",Asymtek S932;Asymtek-Jabil RA4 ASF;Asymtek S912;Generic;Asymtek S922;Asymtek S902,M,active,constant,True,0.03561643835616438,0.022222222222222223,0.03561643835616438,0.6239316239316239,0.0,0.8337540293193897,,,unknown
500113394,PNEUMATICS CONTROLLER PCA,"Module-DP,Module-Epoxy,Module-IHS,Module-TCB",Asymtek-Jabil RA4 ASF;Asymtek S922;Asymtek S902;Asymtek S932;Asymtek S912;Generic,L,dormant,none,False,0.0,0.0,0.0,,,0.0,,,unknown
500113397,"Cable, flux drawer","Module-IHS,Module-TCB,Module-CAM",Asymtek S2-932;Asymtek S912;Asymtek S932,D,dormant,none,False,0.0,0.0,0.0,,,0.0,,,unknown
500113399,"FRU, CONTROLLER,MASS FLOW","Module-Epoxy,Module-IHS,Module-TCB",Asymtek-Jabil RA4 ASF;Asymtek S922;Asymtek S912;Asymtek S932,D,dormant,none,False,0.0,0.0,0.0,,,0.0,,,unknown
500113400,"Lens, led look up","Module-Epoxy,Module-IHS,Module-TCB,Module-CAM",Asymtek S932;Asymtek S912;Asymtek S922;Asymtek S2-932,,dormant,none,False,0.0,0.0,0.0,,,0.0,,,unknown
500113401,"Brkt, mtg window camera","Module-Epoxy,Module-IHS,Module-TCB,Module-CAM",Asymtek S2-932;Asymtek S912;Asymtek S932;Asymtek S922,,dormant,none,False,0.0,0.0,0.0,,,0.0,,,unknown
500113402,BEAM SPLITTER 20X27X1 50/50,"Module-DxA,Module-Epoxy,Module-IHS,Module-TCB","Asymtek S922;ASYMTEK,M-2000;Asymtek S912;Asymtek S932",M,active,constant,True,0.01643835616438356,0.022222222222222223,0.01643835616438356,1.351851851851852,0.0,1.5510204081632655,,,unknown
500113403,"ASSY,ACTUATOR,LOOKUP CAMERA","Module-Epoxy,Module-IHS,Module-TCB,Module-CAM",Asymtek S922;Asymtek S932;Asymtek S2-932;Asymtek S912,,dormant,none,False,0.0,0.0,0.0,,,0.0,,,unknown
500113404,PRESSURE REGULATOR 130PSI 5V SPECTRUM,"Module-DP,Module-Epoxy,Module-IHS,Module-TCB","Asymtek-Jabil RA4 ASF;Asymtek S922;ASM-Pacific,Phoenix;Asymtek S912;Asymtek S932;Generic",M,active,constant,True,0.0136986301369863,0.022222222222222223,0.0136986301369863,1.6222222222222225,0.2,0.3843859014475882,1.6666666666666667,2.0,increasing
500113406,6MM BELT PULLEY S-9XX,"Module-DP,Module-DxA,Module-Epoxy,Module-IHS,Module-TCB","ASYMTEK,M-2000;Asymtek-Jabil RA4 ASF;Generic;Asymtek S922;Asymtek S932;Asymtek S912",L,dying,dying,False,0.0,0.0,0.0,,,4.0,,8.0,unknown
500113408,OPTICAL ENCODER STRIP 40um x 100mm,"Module-Epoxy,Module-IHS,Module-TCB",Asymtek S912;Asymtek-Jabil RA4 ASF;Asymtek S932;Asymtek S922,D,active,constant,True,0.0027397260273972603,0.011111111111111112,0.0027397260273972603,4.055555555555555,0.0,3.9999999999999996,,,unknown
500113409,OPTICAL ENCODER STRIP 40um x 410mm,"Module-DxA,Module-Epoxy,Module-IHS,Module-TCB","Asymtek S932;Asymtek S922;ASYMTEK,M-2000;Asymtek S912;Asymtek-Jabil RA4 ASF",L,active,constant,True,0.005479452054794521,0.011111111111111112,0.005479452054794521,2.0277777777777777,0.0,0.9485396852116825,,,unknown
500113410,OPTICAL ENCODER STRIP 40um x 600mm,"Module-DP,Module-Epoxy,Module-IHS,Module-TCB",Generic;Asymtek-Jabil RA4 ASF;Asymtek S912;Asymtek S922;Asymtek S932,L,active,constant,True,0.005479452054794521,0.011111111111111112,0.005479452054794521,2.0277777777777777,0.0,0.9485396852116825,1.0,0.0,stable
500113411,"PIN,DOWEL,3/32X5/8,SS","Module-DxA,Module-Epoxy,Module-IHS,Module-TCB","ASYMTEK,M-2000;Asymtek S912;Asymtek S932;Asymtek S922",,dormant,none,False,0.0,0.0,0.0,,,0.0,,,unknown
500113412,TOUCH-SCREEN MONITOR SPECTRUM,"Module-DP,Module-Epoxy,Module-IHS,Module-TCB",Asymtek S912;Asymtek S932;Asymtek S922;Generic;Asymtek S902,L,dormant,none,False,0.0,0.0,0.0,,,0.0,,0.0,unknown
500113413,SPECTRUM DISPENSE CONTROLLER PCA,"Module-Epoxy,Module-IHS,Module-TCB",Asymtek-Jabil RA4 ASF;Asymtek S932;Asymtek S922;Asymtek S912,D,dormant,none,False,0.0,0.0,0.0,,,0.0,,,unknown
500113414,"Cable 920, lookup camera led","Module-Epoxy,Module-IHS,Module-TCB",Asymtek S912;Asymtek S922;Asymtek S932,,dormant,none,False,0.0,0.0,0.0,,,0.0,,,unknown
500113415,ETHERNET SWITCH 8-PORT SPECTRUM,"Module-DP,Module-Epoxy,Module-IHS,Module-TCB",Asymtek S912;Asymtek S922;Asymtek S932;Asymtek S902;Generic,D,dormant,none,False,0.0,0.0,0.0,,,0.0,,,unknown
500113420,HIGH FLEXIBLE VGA CABLE M/M 10FT,"Module-DP,Module-Epoxy,Module-IHS,Module-TCB",Asymtek-Jabil RA4 ASF;Asymtek S922;Asymtek S932;Generic;Asymtek S912,D,dormant,none,False,0.0,0.0,0.0,,,0.0,,,unknown
500113422,"CABLE,BFS CPC TO INTERFACE","Module-Epoxy,Module-IHS,Module-TCB,Module-CAM",Asymtek S932;Asymtek S912;Asymtek S922;Asymtek S2-932,,dormant,none,False,0.0,0.0,0.0,,,0.0,,,unknown
500113423,FLUID CARTRIDGE 6OZ,Module-TCB,Asymtek S932,,dormant,none,False,0.0,0.0,0.0,,,0.0,,,unknown
500113424,"E-ASSY, FAN,24VDC BRSHLESS,80MM","Module-Epoxy,Module-IHS,Module-TCB",Asymtek S932;Asymtek S912;Asymtek S922,,dormant,none,False,0.0,0.0,0.0,,,0.0,,,unknown
500113426,EXTENSION SPRING .25 X .88 X .020,"Module-Epoxy,Module-IHS,Module-TCB",Asymtek S912;Asymtek-Jabil RA4 ASF;Asymtek S902;Asymtek S932;Asymtek S922,,dormant,none,False,0.0,0.0,0.0,,,0.0,,,unknown
500113455,SDP : A 6A 3-12DF02508,"Module-CAM,Module-Epoxy","Orbotech Sprint 100i;Simplimatic, Conveyor DL",,dormant,none,False,0.0,0.0,0.0,,,0.0,,,unknown
500113458,"IDLE PULLEY, 5MM EB","Module-BA,Module-CAM,Module-DP,Module-Epoxy","Generic;Simplimatic, Conveyor DL;Orbotech Sprint 100i;View Inspection",M,dying,dying,False,0.0136986301369863,0.0,0.0136986301369863,0.0,0.0,0.8615637996675111,,,unknown
500114565,"OPERATOR,INTERFACE,TOUCH",Module-Epoxy,Tiros BTi 802,,dormant,none,False,0.0,0.0,0.0,,,0.0,,,unknown
500117540,NOZZLE RETAINER ASSEMBLY DJ-900,"Module-DP,Module-DxA,Module-Epoxy","Generic;ASYMTEK,M-2000;Asymtek S922",D,dormant,none,False,0.0,0.0,0.0,,,0.0,,,unknown
500117541,FLUID FITTING QD FEMALE 10-32 GREEN,"Module-DP,Module-Epoxy,Module-TCB","NordsonAsymtek,Vantage;Asymtek-Jabil RA4 ASF;Asymtek S932;Asymtek S922;Generic",M,active,constant,True,0.043835616438356165,0.022222222222222223,0.043835616438356165,0.5069444444444444,0.0,0.43084694862443484,,,unknown
500118108,BRACKET MAC VALVE DJ-2200,Module-TCB,Asymtek S932,M,dying,dying,False,0.021917808219178082,0.0,0.021917808219178082,0.0,0.0,0.7272882879535627,,,unknown
500118110,GLASS SLIDE QUARTZ,"Module-DP,Module-Epoxy,Module-TCB",Generic;Asymtek S922;Asymtek S932,L,active,constant,True,0.0027397260273972603,0.011111111111111112,0.0027397260273972603,4.055555555555555,0.0,3.9999999999999996,,,unknown
500118113,"ASSY,DJ2200,LBH HF,14 PIN","Module-DP,Module-Epoxy,Module-IHS,Module-TCB",Asymtek S932;Asymtek S912;Generic;Asymtek S922,L,dying,dying,False,0.0027397260273972603,0.0,0.0027397260273972603,0.0,0.0,4.000000000000001,,,unknown
500118740,"FITNG,Q-D BLKHD FEM,M5 CLEAR","Module-DP,Module-Epoxy,Module-TCB","NordsonAsymtek,Vantage;Asymtek S922;Generic;Asymtek S932;Asymtek-Jabil RA4 ASF",M,active,constant,True,0.038356164383561646,0.03333333333333333,0.038356164383561646,0.869047619047619,0.0,0.6792041955717577,,,unknown
500118842,"FILTER,IN-LINE,VACUUM","Module-DP,Module-Epoxy",Asymtek S922;Generic;Asymtek-Jabil RA4 ASF,D,dormant,none,False,0.0,0.0,0.0,,,0.0,,,unknown
500118849,MAIN HANDLE CIRCUIT BREAKER,Module-Epoxy,"BLUEM,BI-32i",D,dormant,none,False,0.0,0.0,0.0,,,0.0,,,unknown
500119980,CARTRIDGE 2.5OZ,"Module-DP,Module-TCB",Generic;Asymtek S932,D,dormant,none,False,0.0,0.0,0.0,,,0.0,,,unknown
500119982,MOUNT DJ-2200 S930.,Module-TCB,Asymtek S932,,dormant,none,False,0.0,0.0,0.0,,,0.0,,,unknown
500119983,"O-RING, VITON, 2MM W X38MM ID","Module-DP,Module-Epoxy,Module-IHS,Module-TCB",Asymtek S932;Asymtek S922;Asymtek S902;Generic;Asymtek S912,M,active,constant,True,0.08493150684931507,0.06666666666666667,0.08493150684931507,0.7849462365591398,0.0,1.3233841829341857,,,unknown
500119984,"VALVE MOUNT,DOVETAIL,BASE","Module-DP,Module-Epoxy,Module-IHS,Module-TCB",Asymtek S932;Asymtek S912;Generic;Asymtek S902;Asymtek S922,D,dormant,none,False,0.0,0.0,0.0,,,0.0,,,unknown
500120034,"CLAMP,HOSE,TWO-EAR","Module-DP,Module-Epoxy,Module-TCB","NordsonAsymtek,Vantage;Asymtek S922;Generic;Asymtek S932",L,dying,dying,False,0.0684931506849315,0.0,0.0684931506849315,0.0,0.0,2.4234726366916806,,,unknown
500120114,COVER FOR SENSOR AMPLIFIERS SPECTRUM,"Module-Epoxy,Module-IHS,Module-TCB",Asymtek S922;Asymtek S932;Asymtek S912,D,dormant,none,False,0.0,0.0,0.0,,,0.0,,,unknown
500120115,"ELBOW,FLOW CONTROL,METER OUT","Module-Epoxy,Module-IHS",Asymtek S922;Asymtek-Jabil RA4 ASF;Asymtek S912;Asymtek S902,,dormant,none,False,0.0,0.0,0.0,,,0.0,,,unknown
500120116,"PROBE,VIAL,NZL CLEAN.,.011 IN.","Module-DP,Module-DxA,Module-TCB","ASYMTEK,M-2000;Asymtek S2-912;Asymtek S932;Generic",L,dying,dying,False,0.005479452054794521,0.0,0.005479452054794521,0.0,0.0,4.0,,,unknown
500120118,"NUT,SQUARE,M4,7X7X2","Module-Epoxy,Module-IHS",Asymtek-Jabil RA4 ASF;Asymtek S912;Asymtek S922,,dormant,none,False,0.0,0.0,0.0,,,0.0,,,unknown
500120120,4-WAY MANIFOLD MOUNT SOLENOID VALVE,"Module-Epoxy,Module-IHS,Module-TCB",Asymtek S912;Asymtek S902;Asymtek-Jabil RA4 ASF;EXP_Generic;Asymtek S922;Asymtek S932,H,active,constant,True,0.021917808219178082,0.03333333333333333,0.021917808219178082,1.5208333333333333,0.25,0.39265225542622334,0.5714285714285714,-6.0,decreasing
500120121,"VIAL WIRE,25PC.,.0024 DIA.","Module-Epoxy,Module-IHS,Module-TCB",Asymtek S932;Asymtek S922;Asymtek S912,D,dormant,none,False,0.0,0.0,0.0,,,0.0,,,unknown
500120122,DC STEPPER MOTOR 7 WATT,"Module-DP,Module-Epoxy,Module-IHS,Module-TCB",Asymtek S932;Generic;Asymtek S912;Asymtek S922;Asymtek S902,D,dormant,none,False,0.0,0.0,0.0,,,0.0,,,unknown
500120123,"COVER FRONT,S920 DUAL SCALE","Module-Epoxy,Module-IHS",Asymtek S922;Asymtek S912,,dormant,none,False,0.0,0.0,0.0,,,0.0,,,unknown
500120126,OPTICAL FIBRE AMPLIFIER E3X-HD11,"Module-Epoxy,Module-IHS",Asymtek S912;Asymtek S922;Asymtek S902;Asymtek-Jabil RA4 ASF,M,dormant,none,False,0.0,0.0,0.0,,,0.0,,,unknown
500120127,FLOW CONTROL 1/8,"Module-Epoxy,Module-IHS",Asymtek S912;Asymtek S922;Asymtek-Jabil RA4 ASF,D,dormant,none,False,0.0,0.0,0.0,,,0.0,,,unknown
500120128,"FITTING, ELBOW, 3/8 TUBE OD","Module-DP,Module-Epoxy,Module-IHS,Module-TCB","Generic;Asymtek S922;NordsonAsymtek,Vantage;Asymtek S932;Asymtek S912",D,dormant,none,False,0.0,0.0,0.0,,,0.0,,,unknown
500120129,"RAIL,CONVEYOR","Module-DxA,Module-Epoxy,Module-TCB",Asymtek S922;Asymtek S932;Asymtek S2-912,,dormant,none,False,0.0,0.0,0.0,,,0.0,,,unknown
500120133,IMPINGEMENT HEATER JEDEC,"Module-DP,Module-Epoxy,Module-TCB",Asymtek S922;Generic;Asymtek S932;Asymtek S902,D,dormant,none,False,0.0,0.0,0.0,,,0.0,,,unknown
500120205,Power Supply for KVM SWITCH,"Module-Epoxy,Module-MHS","Grohmann, MFM-220.2;Grohmann,MFM-220;Grohmann MTS-600;Grohamnn MTS-605",L,dying,dying,False,0.0027397260273972603,0.0,0.0027397260273972603,0.0,0.0,4.0,,,unknown
500120365,"SATA 2.5"" HARD DISK 500GB","Module-BA,Module-DP,Module-TCB","ASM Pacific,BP3000;ASM-Pacific,Firebird;Generic",D,dormant,none,False,0.0,0.0,0.0,,,0.0,,,unknown
500120488,SPECTRUM ME1401 LASER HEIGHT SENSOR,Module-Epoxy,Asymtek S922,D,dormant,none,False,0.0,0.0,0.0,,,0.0,,,unknown
500121377,"INSERT,RAIL","Module-DxA,Module-Epoxy,Module-TCB",Asymtek S922;Asymtek S932;Asymtek S2-912,,dormant,none,False,0.0,0.0,0.0,,,0.0,,,unknown
500121421,"CLAMP,JET CLEAR,X-1022.","Module-Epoxy,Module-IHS,Module-TCB,Module-CAM",Asymtek S912;Asymtek S922;Asymtek S2-932,,dormant,none,False,0.0,0.0,0.0,,,0.0,,,unknown
500121422,SPECTRRUM CAMERA OPTICAL FILTER,"Module-DP,Module-Epoxy,Module-IHS,Module-TCB",Generic;Asymtek S922;Asymtek S932;Asymtek S912,L,dying,dying,False,0.005479452054794521,0.0,0.005479452054794521,0.0,0.0,1.798347107438016,,,unknown
500121425,LIQUID LEVEL SENSOR 6OZ,"Module-DP,Module-DxA,Module-Epoxy,Module-IHS,Module-TCB",Asymtek S912;Asymtek S2-912;Asymtek S922;Asymtek-Jabil RA4 ASF;Asymtek S932;Generic,M,active,constant,True,0.0136986301369863,0.05555555555555555,0.0136986301369863,4.055555555555555,0.0,2.5533827729181136,,,unknown
500121427,"CABLE,6OZ FLUID SENSORS LEDS","Module-DP,Module-Epoxy",Asymtek S902;Asymtek S922;Generic,D,dormant,none,False,0.0,0.0,0.0,,,0.0,,,unknown
500121456,DATA CABLE 6OZ BULK TO ACCESSORIES,Module-Epoxy,Asymtek S922,D,dormant,none,False,0.0,0.0,0.0,,,0.0,,,unknown
500121464,"MUFFLER, 1/8 MPT","Module-DP,Module-Epoxy,Module-IHS,Module-TCB,Module-CAM",Asymtek S2-932;Asymtek S922;Asymtek-Jabil RA4 ASF;Generic;Asymtek S912,,dormant,none,False,0.0,0.0,0.0,,,0.0,,,unknown
500121465,"TUBING,PU,BLK 1/8OD .079ID","Module-Epoxy,Module-IHS",Asymtek S922;Asymtek S912;Asymtek S902;Asymtek-Jabil RA4 ASF,D,dormant,none,False,0.0,0.0,0.0,,,0.0,,,unknown
500121466,"POLYETHYLENE TUBE 3/8""OD 1/4""ID CLEAR","Module-DP,Module-Epoxy,Module-IHS",Generic;Asymtek-Jabil RA4 ASF;Asymtek S922;Asymtek S912,,dormant,none,False,0.0,0.0,0.0,,,0.0,,,unknown
500121467,"TUBING,PU,BLU 1/8OD 1/16ID","Module-Epoxy,Module-IHS",Asymtek-Jabil RA4 ASF;Asymtek S912;Asymtek S922,D,dormant,none,False,0.0,0.0,0.0,,,0.0,,,unknown
500121472,"SCREW, M4X0.7, PHILIPS FLAT,X8","Module-Epoxy,Module-IHS",Asymtek S912;Asymtek-Jabil RA4 ASF;Asymtek S922,,dormant,none,False,0.0,0.0,0.0,,,0.0,,,unknown
500121473,"ASSY,MNT BRKT,W/O HT SENSOR","Module-DP,Module-Epoxy,Module-IHS,Module-TCB",Asymtek S922;Asymtek S912;Generic;Asymtek S932,D,dormant,none,False,0.0,0.0,0.0,,,0.0,,,unknown
500121890,"SCREW, M3 X .05 PH. FLAT X 8",Module-TCB,Asymtek S932,M,dying,dying,False,0.684931506849315,0.0,0.684931506849315,0.0,0.0,0.9830196012618916,,,unknown
500121892,"NEEDLE, CARBI DE AND SEAT, TAPERED","Module-DP,Module-DxA,Module-TCB","Generic;Asymtek S932;ASYMTEK,M-2000",H,active,constant,True,0.052054794520547946,0.022222222222222223,0.052054794520547946,0.42690058479532167,0.0,1.6363365703192558,,,unknown
500121996,"GENERATOR,VACUUM,PIAB M20",Module-Epoxy,Asymtek-Jabil RA4 ASF;Asymtek S902;Asymtek S922,M,dying,dying,False,0.019178082191780823,0.0,0.019178082191780823,0.0,0.0,1.886340625383941,,,unknown
500122212,"ASSY,THERMAL CONTROL","Module-DP,Module-Epoxy",Generic;Asymtek S922,D,dormant,none,False,0.0,0.0,0.0,,,0.0,0.0,-2.0,decreasing
500122237,SPECTRUM  HEATED PURGE CUP ASSEMBLY,"Module-DP,Module-Epoxy,Module-TCB",Asymtek S932;Generic;Asymtek S922;Asymtek S902,H,active,constant,True,0.0410958904109589,0.05555555555555555,0.0410958904109589,1.3518518518518519,0.0,0.4123795380897169,,,unknown
500122238,HEATED WASTE HOSE ASSEMBLY,"Module-DP,Module-Epoxy,Module-TCB",Asymtek S932;Asymtek S922;Asymtek S902;Generic,M,active,constant,True,0.005479452054794521,0.011111111111111112,0.005479452054794521,2.0277777777777777,0.0,0.7859384997553539,,,unknown
500122239,"CABLE,AC HEATER",Module-Epoxy,Asymtek S902;Asymtek S922,L,dying,dying,False,0.0027397260273972603,0.0,0.0027397260273972603,0.0,0.0,4.0,,,unknown
500122822,SPECTRUM DIFFUSED FIBER ARRAY,"Module-DP,Module-Epoxy,Module-IHS,Module-TCB",Asymtek S902;Asymtek S922;Generic;Asymtek S912;Asymtek S932,M,dying,dying,False,0.0,-0.011111111111111112,-0.0027397260273972603,,,4.0,,,unknown
500122905,PRESSURE REGULATOR LRMA-QS-6      [23B3],"Module-BA,Module-TCB","ASM-Pacific,Phoenix;ASM Pacific,BP3000",D,dormant,none,False,0.0,0.0,0.0,,,0.0,,,unknown
500122906,BULK FEED TUBING SPECTRUM,"Module-Epoxy,Module-IHS",Asymtek S922;Asymtek S912,,dormant,none,False,0.0,0.0,0.0,,,0.0,,,unknown
500122955,"TOOL, FLUX NOZZLE CLOCKING",Module-TCB,Asymtek S932,D,dormant,none,False,0.0,0.0,0.0,,,0.0,,,unknown
500122956,NEEDLE HEATER DJ-2200,"Module-DP,Module-TCB",Generic;Asymtek S932,M,active,constant,True,0.03561643835616438,0.022222222222222223,0.03561643835616438,0.6239316239316239,0.0,0.37242935272939504,0.65,-7.0,decreasing
500122957,CAN MODULE TO MODULE DATA CABLE,"Module-Epoxy,Module-IHS",Asymtek S902;Asymtek S922;Asymtek-Jabil RA4 ASF;Asymtek S912,,dormant,none,False,0.0,0.0,0.0,,,0.0,,,unknown
500123496,CAMERA LENS 83.5MM LENGTH,"Module-MHS,Module-TCB","APPJ MFM-220;Grohmann,MFM-220",L,dying,dying,False,0.0027397260273972603,0.0,0.0027397260273972603,0.0,0.0,4.000000000000001,,,unknown
500126072,FIBER OPTIC CORD SENSOR,Module-Epoxy,"Tiros,BTI 800;BLUEM,BI-32i",M,active,constant,True,0.010958904109589041,0.011111111111111112,0.010958904109589041,1.0138888888888888,0.25,0.6949810332169555,,,unknown
500126186,"BELT,FLAT,5.7X1.4X2350","Module-DP,Module-Epoxy,Module-TCB",Asymtek S902;Generic;Asymtek S932;Asymtek S922,D,dormant,none,False,0.0,0.0,0.0,,,0.0,,,unknown
500126625,"POWER SUPPLY,24V,20A,1500W","Module-TCB,Module-Test","Delta CTH-Pyramid 2008;Delta JLP, JTP",D,dormant,none,False,0.0,0.0,0.0,,,0.0,,,unknown
500126626,"POWER SUPPLY,48V,20A,1500W","Module-TCB,Module-Test","Delta JLP, JTP;Delta CTH-Pyramid 2008",,dormant,none,False,0.0,0.0,0.0,,,0.0,,,unknown
500127220,THERMOCOUPLE ASSY CONTROL TC,"Module-BA,Module-Epoxy","Heller 1800SS;Heller HRF;Heller FAR;Heller 2017 MK III;Heller, MK7",L,active,constant,True,0.024657534246575342,0.022222222222222223,0.024657534246575342,0.9012345679012346,0.0,1.5100144207659032,,,unknown
500127221,"SOLIDSTATE,RELAY,1800","Module-BA,Module-Epoxy",Heller 2017 MK III;Heller 1800SS,L,dying,dying,False,0.005479452054794521,0.0,0.005479452054794521,0.0,0.0,2.4106037377011003,,,unknown
500127228,ENTRANCE/EXIT OPTIC SENSOR,"Module-BA,Module-DP,Module-Epoxy",Heller 2017 MK III;Heller HRF;Heller 1800SS;Generic;Heller FAR,L,dying,dying,False,0.005479452054794521,0.0,0.005479452054794521,0.0,0.0,1.7657672005069656,,,unknown
500128206,"FUSE,6.3A,5X20MM,250V,SLOW","Module-DP,Module-TCB","ASM-Pacific,Firebird;MARCH FasTrak;March,AP1000VLDM;Generic",D,dormant,none,False,0.0,0.0,0.0,,,0.0,,,unknown
500130048,"SCREW, M4X0.7, SOCKET CAP, X30",Module-TCB,Asymtek S932,,dying,dying,False,0.01643835616438356,0.0,0.01643835616438356,0.0,0.0,4.0,,,unknown
500130251,"VALVE,DJ2K LBH HF,SPRINT","Module-DP,Module-Epoxy,Module-IHS,Module-TCB",Asymtek S922;Asymtek S912;Asymtek S932;Generic,D,dormant,none,False,0.0,0.0,0.0,,,0.0,,,unknown
500130335,HOME SENSOR CABLE 920X,"Module-Epoxy,Module-IHS,Module-TCB",Asymtek S922;Asymtek S932;Asymtek S912,L,active,constant,True,0.005479452054794521,0.011111111111111112,0.005479452054794521,2.0277777777777777,0.0,2.150770512286547,,,unknown
500130339,"RETAINER,BELT,CMP",Module-Epoxy,Asymtek S922;Asymtek S902,D,dormant,none,False,0.0,0.0,0.0,,,0.0,,,unknown
500130342,"SHIM,SS,4X8X1MM THICK",Module-Epoxy,Asymtek S922;Asymtek S902,D,dormant,none,False,0.0,0.0,0.0,,,0.0,,,unknown
500130907,"BELT,18WIDE,LADDER,EPOXY,OVEN","Module-BA,Module-Epoxy",Heller 2017 MK III;Heller 1800SS,D,dormant,none,False,0.0,0.0,0.0,,,0.0,,,unknown
500130908,"BELT,INTERMEDIATE,ROLLER,S2M320,EPOXY","Module-BA,Module-Epoxy",Heller 1800SS;Heller 2017 MK III,,dormant,none,False,0.0,0.0,0.0,,,0.0,,,unknown
500130910,"FAN,MUFFIN,4INCH,240VOLT","Module-BA,Module-Epoxy,Module-Finish","Heller 2017 MK III;Heller HRF;Heller, VEFO-10D;ICOS,CIT130;Heller 1800SS;Heller FAR",D,dormant,none,False,0.0,0.0,0.0,,,0.0,,,unknown
500131052,"HC2,TEMPERATURE,CONTROLLER,SET","Module-BA,Module-Epoxy",Heller HRF;Heller 2017 MK III;Heller FAR;Heller 1800SS,,dormant,none,False,0.0,0.0,0.0,,,0.0,,,unknown
500131053,T/C DIGITIZER MODULE (TDM),"Module-BA,Module-Epoxy","Heller, MK7;Heller HRF;Heller 1800SS;Heller, VEFO-10D;Heller FAR;Heller 2017 MK III",D,dormant,none,False,0.0,0.0,0.0,,,0.0,,,unknown
500131054,Power Supply 24 VCD,"Module-BA,Module-Epoxy",Heller 2017 MK III;Heller 1800SS;Heller FAR;Heller HRF,L,dying,dying,False,0.0,0.0,0.0,,,4.0,,,unknown
500131055,Relay 2PDT 5A 24VDC,"Module-BA,Module-DP,Module-Epoxy","Generic;PCO520L;Heller HRF;Heller, VEFO-10D;Heller FAR;Heller 2017 MK III",L,active,constant,True,0.00821917808219178,0.022222222222222223,0.00821917808219178,2.703703703703704,0.6666666666666666,2.329704043493517,,,unknown
500131056,220 V RELAY,"Module-BA,Module-DP,Module-Epoxy",Heller FAR;Generic;Heller HRF;PCO520L;Heller 2017 MK III,D,dormant,none,False,0.0,0.0,0.0,,,0.0,,,unknown
500131065,CONVEYOR DRIVE MOTOR,"Module-BA,Module-Epoxy",Heller HRF;Heller FAR;Heller 2017 MK III;Heller 1800SS,D,dormant,none,False,0.0,0.0,0.0,,,0.0,,,unknown
500131067,"ENCODER,1000 PULSE W/1.5MCABLE","Module-BA,Module-Epoxy","Heller HRF;Heller FAR;Heller, MK7;Heller 2017 MK III;Heller 1800SS",D,dormant,none,False,0.0,0.0,0.0,,,0.0,,,unknown
500131072,CAPILLARY SWITCH ASSEMBLY,"Module-BA,Module-Epoxy",Heller HRF;Heller 1800SS;Heller FAR;Heller 2017 MK III,M,active,constant,True,0.00821917808219178,0.011111111111111112,0.00821917808219178,1.351851851851852,0.0,0.7942354204260763,,,unknown
500131083,SPECTRUM SERVICE STATION,"Module-DP,Module-Epoxy,Module-IHS",Asymtek-Jabil RA4 ASF;Generic;Asymtek S912;Asymtek S902;Asymtek S922,L,dormant,none,False,0.0,0.0,0.0,,,0.0,,,unknown
500131617,DJ-9000 AIR DEFLECTOR,"Module-Epoxy,Module-IHS,Module-TCB",Asymtek S922;Asymtek S912;Asymtek S932,D,dormant,none,False,0.0,0.0,0.0,,,0.0,,,unknown
500131753,"BLOWER GASKET, ORANGE, COOLING ZONE","Module-BA,Module-Epoxy",Heller HRF;Heller FAR;Heller 2017 MK III;Heller 1800SS,L,dying,dying,False,0.0027397260273972603,0.0,0.0027397260273972603,0.0,0.0,1.7899863474060067,0.5,-1.0,decreasing
500131929,"ADAPTER,USB TO PS/2","Module-Epoxy,Module-IHS",Asymtek S922;Asymtek S912,D,dormant,none,False,0.0,0.0,0.0,,,0.0,,,unknown
500132007,6OZ EFD SYRINGE COOLER DJ-9000,"Module-Epoxy,Module-IHS,Module-TCB",Asymtek S932;Asymtek S912;Asymtek-Jabil RA4 ASF;Asymtek S922,,dormant,none,False,0.0,0.0,0.0,,,0.0,,,unknown
500132012,PHASE SEQUENCE RELAY,Module-Epoxy,Tiros BTi 802,D,dormant,none,False,0.0,0.0,0.0,,,0.0,,,unknown
500132780,"CABLE,MODBUS CONVERTER",Module-Epoxy,"BLUEM,BI-32i",,dormant,none,False,0.0,0.0,0.0,,,0.0,,,unknown
500132918,"ASSY,RETAINER,6OZ EFD,W/COOLER.","Module-DP,Module-DxA,Module-Epoxy,Module-IHS","Asymtek S2-912;NordsonAsymtek,Vantage;ASYMTEK,M-2000;Generic;Asymtek-Jabil RA4 ASF;Asymtek S912;Asymtek S922",D,dormant,none,False,0.0,0.0,0.0,,,0.0,,,unknown
500132920,"FLUID FITTING QD 1/4NPT 1/4"" FLOW","Module-DxA,Module-Epoxy",Asymtek S922;DLA_Generic,L,active,constant,True,0.07397260273972603,0.1111111111111111,0.07397260273972603,1.5020576131687242,0.0,1.0622021869648473,,,unknown
500132922,SPECTRUM SYRINGE COOLER TUBING,"Module-DP,Module-Epoxy","Asymtek S922;Generic;Asymtek-Jabil RA4 ASF;NordsonAsymtek,Vantage",L,dying,dying,False,0.01643835616438356,0.0,0.01643835616438356,0.0,0.0,2.4262759924385633,,,unknown
500132923,"ASSY,TUBING,FLUID PRESSURE,6OZ.","Module-DP,Module-Epoxy,Module-IHS",Asymtek-Jabil RA4 ASF;Generic;Asymtek S922;Asymtek S912,M,dying,dying,False,0.030136986301369864,0.0,0.030136986301369864,0.0,0.0,0.6751712731258458,,,unknown
500132924,DJ-9000 6OZ CARTRIDGE RETAINER CLIP,"Module-DP,Module-Epoxy",Asymtek S922;Generic;Asymtek S902,,dormant,none,False,0.0,0.0,0.0,,,0.0,,,unknown
500132986,"KIT,RETROFIT CABLES T61-T400",Module-Epoxy,Asymtek S922,,dormant,none,False,0.0,0.0,0.0,,,0.0,,,unknown
500133009,"O RING,KALREZ,.563X.688X.063",Module-TCB,Asymtek S932,,dormant,none,False,0.0,0.0,0.0,,,0.0,,,unknown
500133124,MOTORIZED SPINDLE CAMERA AXIS SS,"Module-CAM,Module-Epoxy,Module-MHS","Grohmann, MFM-220.2;Grohmann,MFM-200;Grohmann MTS-600;Grohmann,MFM-220;Grohamnn MTS-605",,dormant,none,False,0.0,0.0,0.0,,,0.0,,,unknown
500133217,WATER FILTER CARTRIDGE,"Module-BA,Module-DP,Module-Epoxy",Heller FAR;Heller VCO;JABIL JAB;Heller HRF;Heller 2017 MK III;Generic,H,active,constant,True,0.1726027397260274,0.2777777777777778,0.1726027397260274,1.609347442680776,0.09523809523809523,0.31109412746466214,,,unknown
500133485,DJ-9000 FEED-TUBE CLAMP,Module-Epoxy,Asymtek S922;GENERIC,D,dormant,none,False,0.0,0.0,0.0,,,0.0,,,unknown
500133646,PNEUMATIC MANIFOLD 0.5KPA ASSEMBLY,"Module-DP,Module-TCB",Asymtek S932;Generic,D,dormant,none,False,0.0,0.0,0.0,,,0.0,,,unknown
500133650,POWER CABLE L6-6H 309 16FT,Module-Epoxy,Asymtek S902,,dormant,none,False,0.0,0.0,0.0,,,0.0,,,unknown
500133835,"""3M SCOTCH BRITE SIZE 6"" X 9"".",Module-Epoxy,"BLUEM,BI-32i;GENERIC",H,active,constant,True,0.052054794520547946,0.08888888888888889,0.052054794520547946,1.7076023391812867,0.0,0.6944357638364581,,,unknown
500134982,FEEDSCREW SS X442-CX9 DV-8000,"Module-DP,Module-DxA,Module-Epoxy,Module-IHS,Module-TCB","Asymtek S922;Asymtek S932;Generic;ASYMTEK,M-2000;Asymtek S912",H,dying,dying,False,0.03561643835616438,0.0,0.03561643835616438,0.0,0.0,0.9689364801829027,,,unknown
500134983,EPDM WASHER 5TX34ODX2ID (MM),"Module-DP,Module-Epoxy,Module-TCB",Generic;Asymtek-Jabil RA4 ASF;Asymtek S932;Asymtek S922,L,active,constant,True,0.01643835616438356,0.03333333333333333,0.01643835616438356,2.027777777777778,0.0,1.2185721041701463,0.3529411764705882,-11.0,decreasing
500135409,MACHINE COVER TRANSPARENT PLASTIC,"Module-Epoxy,Module-MHS","Grohmann MTS-600;Grohmann,MFM-220;Grohamnn MTS-605;Grohmann, MFM-220.2",,dormant,none,False,0.0,0.0,0.0,,,0.0,,,unknown
500135584,"SCREW,M3X.5X25 SOCKET CAP",Module-Epoxy,Asymtek S922,,dormant,none,False,0.0,0.0,0.0,,,0.0,,,unknown
500136569,"BATTERY LAPTOP, 4 CELL, LENOVO",Module-TCB,Asymtek S932,,dormant,none,False,0.0,0.0,0.0,,,0.0,,,unknown
500137940,GLASS FOR AUTO COMPENSATION 14X14MM,"Module-Epoxy,Module-MHS","Grohmann, MFM-220.2;Grohmann MTS-600;Grohamnn MTS-605;Grohmann,MFM-220",,dormant,none,False,0.0,0.0,0.0,,,0.0,,,unknown
500137941,GLASS FOR AUTO COMPENSAITON 20X20MM,"Module-CAM,Module-Epoxy,Module-MHS","Grohmann,MFM-200;Grohmann, MFM-220.2;Grohamnn MTS-605;Grohmann MTS-600;Grohmann,MFM-220",,dormant,none,False,0.0,0.0,0.0,,,0.0,,,unknown
500139356,FAN FOR MFM-200 CONTROL CABINET,"Module-CAM,Module-MHS,Module-TCB","APPJ MFM-220;Grohmann,MFM-200;Grohmann, MFM-220.2;Grohmann,MFM-220",D,dormant,none,False,0.0,0.0,0.0,,,0.0,,,unknown
500139437,LIMIT ADJUSTABLE SWITCH,Module-Epoxy,"BLUEM,BI-32i;Tiros,BTI 800",,dormant,none,False,0.0,0.0,0.0,,,0.0,,,unknown
500139446,NEEDLE ASSEMBLY DISPENSEJET S-6.4C,"Module-DP,Module-Epoxy",Generic;Asymtek S922,D,dormant,none,False,0.0,0.0,0.0,,,0.0,,,unknown
500139572,Polyamide Conveyor belt 10Wx993L,"Module-DP,Module-Epoxy,Module-MHS","Generic;Hirata HTTT2009;Hirata, Dual Lane Sorter;HLUL-725H;Hirata, Load/Unload;BLUEM,BI-32i",L,active,constant,True,0.01643835616438356,0.044444444444444446,0.01643835616438356,2.703703703703704,0.3333333333333333,1.1023089595068551,,,unknown
500140592,"ASSY,PRECISION SWITCH,S-900","Module-DxA,Module-Epoxy","Asymtek-Jabil RA4 ASF;Asymtek S922;Asymtek S902;ASYMTEK,M-2000",D,dormant,none,False,0.0,0.0,0.0,,,0.0,0.0,-4.0,decreasing
500140653,IDLER ASSEMBLY,Module-Epoxy,Heller 1800SS,,dormant,none,False,0.0,0.0,0.0,,,0.0,,,unknown
500140658,"PULLEY & IGUS ASSY 48T, 12 DIA",Module-Epoxy,Heller 1800SS,,dormant,none,False,0.0,0.0,0.0,,,0.0,,,unknown
500140659,"PULLEY MODIFICATION 25T, 10BORE",Module-Epoxy,Heller 1800SS,,dormant,none,False,0.0,0.0,0.0,,,0.0,,,unknown
500140661,SPROCKET 35B17T 3/4 BORE W/KEY,Module-Epoxy,Heller 1800SS,,dormant,none,False,0.0,0.0,0.0,,,0.0,,,unknown
500140662,SPROCKET 35B20 ALT,Module-Epoxy,Heller 1800SS,,dormant,none,False,0.0,0.0,0.0,,,0.0,,,unknown
500140665,"ZONE BARRIER, RAISE MESH, BOT",Module-Epoxy,Heller 1800SS,,dormant,none,False,0.0,0.0,0.0,,,0.0,,,unknown
500140666,CENTER ZONE BARRIER,Module-Epoxy,Heller 1800SS,,dormant,none,False,0.0,0.0,0.0,,,0.0,,,unknown
500140668,GEARTOOTH SPEED SENSOR,"Module-BA,Module-Epoxy",Heller 2017 MK III;Heller 1800SS;Heller FAR;Heller VCO;Heller HRF,,dormant,none,False,0.0,0.0,0.0,,,0.0,,,unknown
500140678,ZONE BARRIER ADJUSTABLE SIDE,Module-Epoxy,Heller 1800SS,,dormant,none,False,0.0,0.0,0.0,,,0.0,,,unknown
500140679,ZONE BARRIER ADJUSTABLE SIDE,Module-Epoxy,Heller 1800SS,,dormant,none,False,0.0,0.0,0.0,,,0.0,,,unknown
500140680,"OUTER GRILL, TOP, 9.75"" SIDE DRAW",Module-Epoxy,Heller 1800SS,,dormant,none,False,0.0,0.0,0.0,,,0.0,,,unknown
500140681,"OUTER GRILL, BOTTOM, 9.75"" SIDE DRAW",Module-Epoxy,Heller 1800SS,,dormant,none,False,0.0,0.0,0.0,,,0.0,,,unknown
500140683,"PULLEY 48T, 2MM PITCH",Module-Epoxy,Heller 1800SS,,dormant,none,False,0.0,0.0,0.0,,,0.0,,,unknown
500140684,"PULLEY 60T, 2MM PITCH",Module-Epoxy,Heller 1800SS,,dormant,none,False,0.0,0.0,0.0,,,0.0,,,unknown
500140965,"SCREW, M4 X 0.7, SOCKET CAP,X8","Module-DP,Module-TCB",Asymtek S932;Generic,,dormant,none,False,0.0,0.0,0.0,,,0.0,,,unknown
500140968,"ASSY,CABLE,SMEMA","Module-DxA,Module-Epoxy,Module-MHS,Module-TCB","Hirata, Load/Unload;Asymtek S932;Asymtek S902;ASYMTEK,M-2000;Asymtek S922",D,dormant,none,False,0.0,0.0,-0.0684931506849315,,,0.0,,,unknown
500141592,DIP TUBE WRENCH,Module-TCB,TCB_Generic;KnS TCX3,D,dormant,none,False,0.0,0.0,0.0,,,0.0,,,unknown
500141673,DJ-2200 AIR CAP COAX M3,Module-TCB,Asymtek S932,,dormant,none,False,0.0,0.0,0.0,,,0.0,,,unknown
500141936,"Screw, M3X0.5, PH Flat X 16",Module-Epoxy,Asymtek S922,,dormant,none,False,0.0,0.0,0.0,,,0.0,,,unknown
500141937,"SCREW,M3X4,FLT PT","Module-DP,Module-Epoxy,Module-IHS",Generic;Asymtek S912;Asymtek S922,,dormant,none,False,0.0,0.0,0.0,,,0.0,,,unknown
500141939,"SCREW, M5X20MM SHCS SS (49-5320)","Module-DP,Module-DxA,Module-Epoxy,Module-IHS,Module-TCB",Asymtek S912;Generic;DLA_Generic;Asymtek S932;Asymtek S902;Asymtek S922,L,dying,dying,False,0.0,0.0,0.0,,,4.0,,,unknown
500141944,DJ-9000 AIR DEFLECTOR BLADE,"Module-DP,Module-Epoxy,Module-IHS",Asymtek S922;Generic;Asymtek S912,,dormant,none,False,0.0,0.0,0.0,,,0.0,,,unknown
500141987,LIMIT SWITCH SS-1GL2-F-4,"Module-BA,Module-TCB","ASM Pacific,BP3000;ASM-Pacific,Phoenix",,dormant,none,False,0.0,0.0,0.0,,,0.0,,,unknown
500142352,"KIT,NOZZLE GASKET REPLACEMENT","Module-DP,Module-TCB",Generic;Asymtek S932,,dormant,none,False,0.0,0.0,0.0,,,0.0,,,unknown
500142356,"KIT,SEAL,DJ2200 APPLICATOR","Module-DP,Module-TCB",Asymtek S932;Generic,,dormant,none,False,0.0,0.0,0.0,,,0.0,,,unknown
500142358,"Chemraz, white O ring",Module-TCB,Asymtek S932,,dormant,none,False,0.0,0.0,0.0,,,0.0,,,unknown
500143717,"BASE, AIR SHIELD, DJ9K","Module-Epoxy,Module-IHS",Asymtek S922;Asymtek S912,,dormant,none,False,0.0,0.0,0.0,,,0.0,,,unknown
500144091,"NOZZLE,LOW VOL,0.075,DJ-9000","Module-DP,Module-Epoxy",Generic;Asymtek S922,,dormant,none,False,0.0,0.0,0.0,,,0.0,,,unknown
500144092,"NEEDLE ASSY,2.40MM TIP-DJ-9000","Module-DP,Module-Epoxy",Generic;Asymtek S922,,dormant,none,False,0.0,0.0,0.0,,,0.0,,,unknown
500144093,"SEAT,C TYPE,.20MM(.008 IN)",Module-Epoxy,Asymtek S922;GENERIC,,dormant,none,False,0.0,0.0,0.0,,,0.0,,,unknown
500146015,DJ-9000 6OZ CARTRIDGE FLUID SENSOR CLIP,"Module-DP,Module-Epoxy,Module-IHS,Module-TCB",Asymtek S912;Asymtek S922;Asymtek S932;Generic,D,dormant,none,False,0.0,0.0,0.0,,,0.0,,,unknown
500146288,Flex Tube,"Module-BA,Module-Epoxy",Heller 2017 MK III;Heller 1800SS;Heller FAR;Heller HRF,L,active,constant,True,0.00821917808219178,0.03333333333333333,0.00821917808219178,4.055555555555556,1.0,4.0,,,unknown
500146714,BRU cover interlock sensor,Module-TCB,"ASM-Pacific,Phoenix",,dormant,none,False,0.0,0.0,0.0,,,0.0,,,unknown
500146909,DOOR STOP PLUNGER,Module-Epoxy,"BLUEM,BI-32i",L,dying,dying,False,0.0136986301369863,0.0,0.0136986301369863,0.0,0.0,1.5610351562499998,,,unknown
500147013,CIRCUIT BREAKER 2 POLE 16 AMP,"Module-BA,Module-Epoxy",Heller HRF;Heller 1800SS;Heller 2017 MK III;Heller FAR,D,dormant,none,False,0.0,0.0,0.0,,,0.0,,,unknown
500147018,"N-TRON 105TX , NETWORK SWITCH","Module-BA,Module-DP,Module-Epoxy",Heller VCO;Heller HRF;Heller FAR;Generic;Heller 1913 MK111;Heller 2017 MK III,D,dormant,none,False,0.0,0.0,0.0,,,0.0,,,unknown
500147932,"KIT,CO-AXIAL AIR JET","Module-DP,Module-TCB",Asymtek S932;Generic,,dormant,none,False,0.0,0.0,0.0,,,0.0,,,unknown
500147933,"SOCKET CAP SCREW, M3 X 12",Module-TCB,Asymtek S932,D,dormant,none,False,0.0,0.0,0.0,,,0.0,,,unknown
500148391,INSULATOR PLATE DJ-2200,Module-TCB,Asymtek S932,,dormant,none,False,0.0,0.0,0.0,,,0.0,,,unknown
500148393,HEATSINK DJ-2200,Module-TCB,Asymtek S932,D,dormant,none,False,0.0,0.0,0.0,,,0.0,,,unknown
500148395,DJ-2200 JET BODY,"Module-DP,Module-TCB",Generic;Asymtek S932,,dormant,none,False,0.0,0.0,0.0,,,0.0,,,unknown
500148847,COPPER COOLING COIL,Module-Epoxy,"TPS ETCU-16;BLUEM,BI-32i",,dormant,none,False,0.0,0.0,0.0,,,0.0,,,unknown
500150464,MOUNTING BRACKET DOVETAIL SPECTRUM,"Module-DP,Module-DxA,Module-Epoxy,Module-IHS,Module-TCB","Asymtek S922;ASYMTEK,M-2000;Asymtek S932;Asymtek S912;Asymtek-Jabil RA4 ASF;Generic",L,dying,dying,False,0.005479452054794521,0.0,0.005479452054794521,0.0,0.0,4.000000000000001,,,unknown
500150465,BRACKET DOVETAIL DJ-9000,"Module-DP,Module-Epoxy",Generic;Asymtek S922,D,dormant,none,False,0.0,0.0,0.0,,,0.0,,,unknown
500150466,"KIT,BKT,6OZ,EFD,DJ9K","Module-Epoxy,Module-IHS,Module-TCB",Asymtek S932;Asymtek S912;Asymtek S922,D,dormant,none,False,0.0,0.0,0.0,,,0.0,,,unknown
500150467,"BKT,6OZ,EFD,DJ9K",Module-Epoxy,Asymtek S922;GENERIC,D,dormant,none,False,0.0,0.0,0.0,,,0.0,,,unknown
500150469,DJ-9000 O-RINGS AND SCREWS ASSEMBLY,"Module-DP,Module-DxA,Module-Epoxy","Generic;ASYMTEK,M-2000;Asymtek S922",D,dormant,none,False,0.0,0.0,0.0,,,0.0,,,unknown
500150647,"ASSY,FLUID SENSOR,6OZ EFD","Module-Epoxy,Module-IHS",Asymtek S922;Asymtek-Jabil RA4 ASF;Asymtek S912,,dormant,none,False,0.0,0.0,0.0,,,0.0,,,unknown
500150869,Metal TorqueFix Pre-Set Handle 25lbs,Module-Epoxy,"NordsonAsymtek,Vantage;Asymtek S922",D,dormant,none,False,0.0,0.0,0.0,,,0.0,,,unknown
500152407,HEXAGON SCREW FOR GRIPPER ROD,Module-Epoxy,"Tiros,BTI 800",,dormant,none,False,0.0,0.0,0.0,,,0.0,,,unknown
500152408,CIPOSA PLATFORM TRAY GUIDE,Module-Epoxy,"Tiros,BTI 800",,dormant,none,False,0.0,0.0,0.0,,,0.0,,,unknown
500152955,"ESR,KIT,PC-BASED OSCILLOSCOPE,PS2204A.",Module-Epoxy,Asymtek S922,,dormant,none,False,0.0,0.0,0.0,,,0.0,,,unknown
500152956,HIGH SPEED TRANSDUCER DJ-9000,"Module-DP,Module-Epoxy,Module-IHS,Module-TCB",Asymtek S912;Generic;Asymtek S922;Asymtek S902;Asymtek S932,,dormant,none,False,0.0,0.0,0.0,,,0.0,,,unknown
500152957,DATA CABLE JVT INTERCONNECT,Module-Epoxy,Asymtek S922;Asymtek S902,,dormant,none,False,0.0,0.0,0.0,,,0.0,,,unknown
500152958,"CABLE,BANANA TO BNC",Module-Epoxy,Asymtek S902;Asymtek S922,,dormant,none,False,0.0,0.0,0.0,,,0.0,,,unknown
500152959,"CABLE,BNC TO BNC",Module-Epoxy,"Asymtek S922;Asymtek,M-2000",,dormant,none,False,0.0,0.0,0.0,,,0.0,,,unknown
500152960,DJ-9000 STROKE ADJUSTER ASSEMBLY,"Module-DP,Module-Epoxy",Generic;Asymtek S922,,dormant,none,False,0.0,0.0,0.0,,,0.0,,,unknown
500152961,DOVETAIL ALIGNMENT TOOL DJ-9000,"Module-Epoxy,Module-IHS,Module-TCB",Asymtek S912;Asymtek S922;Asymtek S932;Asymtek S902,,dormant,none,False,0.0,0.0,0.0,,,0.0,,,unknown
500153502,SS MECHANICAL CABLE GRADE 1 38FT,Module-Epoxy,Asymtek S922,L,dying,dying,False,0.0,0.0,0.0,,,4.0,,,unknown
500153872,"HARDDISK SATA 500GB 3,5 INCH","Module-CAM,Module-DP,Module-Epoxy,Module-Finish,Module-MHS","Grohamnn MTS-605;Rofin-Baasel,TH800,Vix;MVP 850XHD;Hirata,ASRS;Grohmann,MFM-200;Grohmann,MFM-220;Grohmann MTS-600;Grohmann, MFM-220.2;Generic",L,active,constant,True,0.00821917808219178,0.03333333333333333,0.00821917808219178,4.055555555555556,1.0,4.0,,,unknown
500154096,"HOUSING,WATER,FILTER","Module-BA,Module-DP,Module-Epoxy",Heller 2017 MK III;Heller FAR;Heller VCO;Heller 1913 MK111;Generic;Heller HRF,L,dormant,none,False,0.0,0.0,0.0,,,0.0,,,unknown
500154225,"FITTING, 10-32 X 1/8 BARB","Module-DP,Module-Epoxy",Generic;Asymtek S922;Asymtek S902,D,dormant,none,False,0.0,0.0,0.0,,,0.0,,,unknown
500154226,"FITTING, 1/8 X 3/32 BARB",Module-Epoxy,Asymtek S902;Asymtek S922,,dormant,none,False,0.0,0.0,0.0,,,0.0,,,unknown
500154317,O-RING FOR NGACS FEEDER SBT MOTOR,"Module-CAM,Module-Epoxy,Module-MHS","Grohmann MTS-600;Grohmann,MFM-200;Grohamnn MTS-605;Grohmann,MFM-220;Grohmann, MFM-220.2",M,active,constant,True,0.4958904109589041,0.23333333333333334,0.4958904109589041,0.47053406998158376,0.055248618784530384,0.4701746902740506,,,unknown
500156341,KIT DJ9000 W/ 6 OZ EFD SYRINGE COOLER,"Module-DP,Module-Epoxy,Module-IHS,Module-TCB",Asymtek S932;Asymtek S922;Generic;Asymtek S912,,dormant,none,False,0.0,0.0,0.0,,,0.0,,,unknown
500156536,GLASS CARTRIDGE FUSE 250V 5A,"Module-DP,Module-TCB,Module-Test","Delta JLP, JTP;Delta CTH-Pyramid 2008;Generic",L,dying,dying,False,0.019178082191780823,0.0,0.019178082191780823,0.0,0.0,1.6135447460360117,,,unknown
500156914,"BOX,JUNTION-DJ-9000.","Module-DP,Module-Epoxy",Generic;Asymtek S922,,dormant,none,False,0.0,0.0,0.0,,,0.0,,,unknown
500157699,SATA HDD CASING,"Module-CAM,Module-Epoxy,Module-MHS","Grohmann,MFM-220;Grohamnn MTS-605;Grohmann MTS-600;Grohmann,MFM-200;Grohmann, MFM-220.2",,dormant,none,False,0.0,0.0,0.0,,,0.0,,,unknown
500158591,PRIMARY HC2 CONTROLLER.,"Module-BA,Module-Epoxy",Heller VEFO;Heller 2017 MK III;VERTICAL PREBAKE EPOXY OVEN;Heller VCO,L,dying,dying,False,0.0027397260273972603,0.0,0.0027397260273972603,0.0,0.0,4.0,,,unknown
500158876,CARRIAGE PULLEY SPECTRUM,"Module-DP,Module-DxA,Module-Epoxy,Module-TCB","Asymtek-Jabil RA4 ASF;Asymtek S932;ASYMTEK,M-2000;Generic;Asymtek S922",D,dormant,none,False,0.0,0.0,0.0,,,0.0,,,unknown
500163703,X1/X2 MOTOR GEAR,Module-Epoxy,"Tiros,BTI 800",,dormant,none,False,0.0,0.0,0.0,,,0.0,,,unknown
500163704,DOWEL PIN,Module-Epoxy,"Tiros,BTI 800",,dormant,none,False,0.0,0.0,0.0,,,0.0,,,unknown
500163860,"FITTING,1/4QD,1/8 NPT","Module-Epoxy,Module-IHS",Asymtek S902;Asymtek S922;Asymtek S912,D,dormant,none,False,0.0,0.0,0.0,,,0.0,,,unknown
500163863,"SCREW, 4-40 X 1-1/4 PH, PAN",Module-TCB,Asymtek S932,,dormant,none,False,0.0,0.0,0.0,,,0.0,,,unknown
500164025,"PIPE 4 MM BLACK; PUN-E-4X0,6-SW",Module-Epoxy,Grohamnn MTS-605;Grohmann MTS-600,,dormant,none,False,0.0,0.0,0.0,,,0.0,,,unknown
500164262,"POWERWARE BBU 230V, 2200VA","Module-BA,Module-Epoxy",Heller 1800SS;Heller 2017 MK III,,dormant,none,False,0.0,0.0,0.0,,,0.0,,,unknown
500165564,DATA CABLE Y-HOME SENSOR,"Module-Epoxy,Module-HDMX",Asymtek S902;Asymtek S922;HDMx x30,D,dormant,none,False,0.0,0.0,0.0,,,0.0,,,unknown
500166404,ETHERCAT TERMINAL 24VDC DIGITAL INPUT,"Module-DP,Module-Epoxy,Module-HDMX,Module-MHS","Generic;Grohamnn MTS-605;Grohmann,MFM-220;AEM, HDMx x30;Grohmann, MFM-220.2;Grohmann MTS-600;GROHMANN MTS-605",,dormant,none,False,0.0,0.0,0.0,,,0.0,,,unknown
500166405,BUS END COVER FOR E-BUS CONTACTS,"Module-DP,Module-Epoxy,Module-MHS","Grohamnn MTS-605;Grohmann MTS-600;GROHMANN MTS-605;Generic;Grohmann, MFM-220.2",D,dormant,none,False,0.0,0.0,0.0,,,0.0,,,unknown
500166408,ETHERCAT TERMINAL 24VDC DIGITAL INPUT,"Module-DP,Module-Epoxy,Module-MHS","Generic;Grohmann MTS-600;Grohmann,MFM-220;Grohmann, MFM-220.2;Grohamnn MTS-605",L,active,constant,True,0.0027397260273972603,0.011111111111111112,0.0027397260273972603,4.055555555555555,0.0,3.9999999999999996,,,unknown
500166409,ETHERCAT COUPLER 24V EK1100,"Module-Epoxy,Module-HDMT,Module-DS,Module-HDMX TRB,Module-MHS","Grohmann,MFM-220;HDMT x30;Grohmann MTS-600;Grohmann, MFM-220.2;HDMx_Handler_x30_x10;Intel HDMT Tester;Grohamnn MTS-605",D,dormant,none,False,0.0,0.0,0.0,,,0.0,,,unknown
500166412,"E-BUS STEPPER MOTOR CONTROLLER, EL7041","Module-Epoxy,Module-HDMX,Module-MHS","HDMx x30;Grohmann, MFM-220.2;Grohmann MTS-600;Grohmann,MFM-220;Grohamnn MTS-605",L,dying,dying,False,0.0,0.0,0.0,,,4.0,,,unknown
500166413,"KEYBOARD USB, CHERRY, C-ACS MFM220.2","Module-Epoxy,Module-MHS","Grohmann,MFM-220;Grohmann, MFM-220.2;Grohmann MTS-600;Grohamnn MTS-605",L,active,constant,True,0.0136986301369863,0.03333333333333333,0.0136986301369863,2.4333333333333336,0.0,2.5382716049382714,,,unknown
500166414,"ELECTRO PNEUMATIC VALVE G1/8"" VACUUM","Module-CAM,Module-Epoxy,Module-MHS","Grohmann,MFM-220;Grohmann MTS-600;Grohamnn MTS-605;Grohmann,MFM-200;Grohmann, MFM-220.2",,dormant,none,False,0.0,0.0,0.0,,,0.0,,,unknown
500166415,"Servo Amplifier, 3Phase, 400V, 6 Amp","Module-DS,Module-IHS,Module-Epoxy,Module-Finish,Module-MHS","Tesla PMM;Grohmann, MFM-220.2;PMM-L;PMM-R;Grohmann,MFM-220;GROHMANN MTS-605;Grohamnn MTS-605;Grohmann MTS-600;PMM-T",L,dormant,none,False,0.0,0.0,0.0,,,0.0,,,unknown
500166457,"NEEDLE ASSY,2.00MM TIP-DJ-9000",Module-Epoxy,Asymtek S922;GENERIC,,dormant,none,False,0.0,0.0,0.0,,,0.0,,,unknown
500168532,Cooling Coil,"Module-BA,Module-Epoxy",Heller 2017 MK III;Heller 1800SS,D,dormant,none,False,0.0,0.0,0.0,,,0.0,,,unknown
500168534,Secondary HC2 Controller,"Module-BA,Module-Epoxy","Heller VEFO;Heller FAR;Heller, MK7;EPOXY REFLOW OVEN W/ VACUUM AS;HFO50201;Heller HRF;Heller 2017 MK III;Heller VCO;VERTICAL PREBAKE EPOXY OVEN",L,dying,dying,False,0.0027397260273972603,-0.011111111111111112,0.0027397260273972603,-4.055555555555555,0.0,1.798347107438016,,,unknown
500168536,3PH AC Motor Speed Controller,"Module-BA,Module-Epoxy",VERTICAL PREBAKE EPOXY OVEN;Heller 2017 MK III;Heller VCO,D,dormant,none,False,0.0,0.0,0.0,,,0.0,,,unknown
500168537,"THERMOCOUPLE 1.59MM (1/16"") DIA","Module-BA,Module-Epoxy",Heller 2017 MK III;Heller 1800SS,,dormant,none,False,0.0,0.0,0.0,,,0.0,,,unknown
500169229,"HEAT SHRINKABLE POLYOLEFIN TUBE 1/8"" ID",Module-TCB,"Delta JLP, JTP",L,active,constant,True,0.024657534246575342,0.022222222222222223,0.024657534246575342,0.9012345679012346,0.0,1.5100144207659032,,,unknown
500170330,BULK FEED TUBING BUNDLE 8 SPECTRUM,"Module-DP,Module-TCB",Asymtek S932;Generic,M,dying,dying,False,0.0,0.0,0.0,,,4.0,,,unknown
500170333,GRIPPER FINGER STEEL HARDENED,"Module-Epoxy,Module-MHS","Grohmann MTS-600;Grohmann, MFM-220.2;Grohmann,MFM-220;Grohamnn MTS-605",,dormant,none,False,0.0,0.0,0.0,,,0.0,,,unknown
500170437,"FITTING,1/2-20 SAE TO SWAGE","Module-DP,Module-Epoxy,Module-TCB",Asymtek S922;Asymtek S932;Generic,M,active,constant,True,0.024657534246575342,0.011111111111111112,0.024657534246575342,0.4506172839506173,0.1111111111111111,2.0161108296252026,,,unknown
500170441,"FITTING,FML QC,SHUTOFF","Module-Epoxy,Module-TCB",Asymtek S932;Asymtek S922,M,dying,dying,False,0.01643835616438356,0.0,0.01643835616438356,0.0,0.0,1.1502666903195542,,,unknown
500170442,"FITTING,ML QC,SHUTOFF","Module-Epoxy,Module-TCB",Asymtek S932;Asymtek S922,M,dying,dying,False,0.024657534246575342,0.0,0.024657534246575342,0.0,0.0,2.319486694138758,,,unknown
500170459,"FITTING,1/4MNPT,FML QC","Module-Epoxy,Module-TCB",Asymtek-Jabil RA4 ASF;Asymtek S922;Asymtek S932,D,dormant,none,False,0.0,0.0,0.0,,,0.0,,,unknown
500170460,"POLYETHYLENE LINED EVA TUBING 1/8""X1/4""","Module-Epoxy,Module-TCB",Asymtek S932;Asymtek S922,,dormant,none,False,0.0,0.0,0.0,,,0.0,,,unknown
500170461,"FTG,1/8 BARB X 1/4 COMP","Module-Epoxy,Module-TCB",Asymtek S932;Asymtek S922,M,dying,dying,False,0.005479452054794521,0.0,0.005479452054794521,0.0,0.0,3.6066382793613383,,,unknown
500170813,O RING..,"Module-BA,Module-Epoxy",Heller 2017 MK III;Heller HRF;Heller FAR;Heller 1800SS,D,dormant,none,False,0.0,0.0,0.0,,,0.0,,,unknown
500170814,"4"" ID Hose Flexduct XLT","Module-BA,Module-DP,Module-Epoxy",Heller 1800SS;Generic;Heller 1913 MK111;Heller 2017 MK III,,dormant,none,False,0.0,0.0,0.0,,,0.0,,,unknown
500170815,QK CPL MALE LEGRIS 9287 25 13,"Module-BA,Module-Epoxy",Heller 1800SS;Heller 2017 MK III;Heller FAR;Heller HRF,L,active,constant,True,0.0273972602739726,0.1111111111111111,0.0273972602739726,4.055555555555555,1.0,4.0,,,unknown
500171763,MANUAL MOTOR CONTROLLER 40AMP 120/600V,"Module-DP,Module-Epoxy,Module-MHS","Generic;SIMPLIMATIC,LOAD/UNLOAD;Orbotech Sprint 100i;Simplimatic Robotic Transfer S",,dormant,none,False,0.0,0.0,0.0,,,0.0,,,unknown
500172257,"EPMD CUSHIONED CLAMP 1/4""","Module-DP,Module-TCB",Asymtek S932;Asymtek-Jabil RA4 ASF;Generic,,dormant,none,False,0.0,0.0,0.0,,,0.0,,,unknown
500174592,"VALVE,SOLENOID,5 PORT","Module-DP,Module-TCB,Module-Test","Generic;Delta CTH-Pyramid 2008;Delta JLP, JTP",D,dormant,none,False,0.0,0.0,0.0,,,0.0,,,unknown
500175684,"FERRULES NYLON 1/4""TUBE 10SETS","Module-DP,Module-TCB",Generic;Asymtek S932,H,active,constant,True,0.10136986301369863,0.1,0.10136986301369863,0.9864864864864865,0.0,0.33273868014322805,1.7619047619047619,16.0,increasing
500175747,FAN SPEED CONTROL PCB TACHSCAN 36,"Module-BA,Module-Epoxy",Heller FAR;Heller 1800SS;Heller 2017 MK III;Heller VCO;Heller HRF,D,dormant,none,False,0.0,0.0,0.0,,,0.0,,,unknown
500177168,"GASKET,HEATER",Module-Epoxy,Asymtek S922,L,dying,dying,False,0.0,0.0,0.0,,,4.0,,,unknown
500177169,SPECTRUM SHOCK MOUNT PROTECTOR,Module-Epoxy,Asymtek S922,D,dormant,none,False,0.0,0.0,0.0,,,0.0,,,unknown
500177170,"LEVELER,GUIDE,SCALE,M3",Module-Epoxy,Asymtek S922,,dormant,none,False,0.0,0.0,0.0,,,0.0,,,unknown
500177171,SPECTRUM WEIGHT SCALE LEVELER NUT,Module-Epoxy,Asymtek S922,,dormant,none,False,0.0,0.0,0.0,,,0.0,,,unknown
500177172,"SCREW,SET,CUP6-32X.75",Module-Epoxy,Asymtek S922,,dormant,none,False,0.0,0.0,0.0,,,0.0,,,unknown
500177183,TACKY ROLL MOP REFILL 9,Module-Epoxy,"EXP_Generic;BLUEM,BI-32i",D,dormant,none,False,0.0,0.0,0.0,,,0.0,,,unknown
500177285,"NUT, HEX M4 X 0.7 (49-4001)",Module-Epoxy,Asymtek S922,,dormant,none,False,0.0,0.0,0.0,,,0.0,,,unknown
500178047,"O-RING,#113,VITON 90 DUR","Module-DP,Module-Epoxy,Module-IHS,Module-TCB",Asymtek S932;Asymtek S922;Asymtek S912;Asymtek S902;Generic,H,dying,dying,False,0.4794520547945205,0.0,0.4794520547945205,0.0,0.0,0.7779279737623328,,,unknown
500178049,FLUID FITTING #5 SAE TO 1/4 NPT,"Module-DP,Module-Epoxy,Module-IHS,Module-TCB",Generic;Asymtek S902;Asymtek S922;Asymtek S932;Asymtek S912,D,dormant,none,False,0.0,0.0,0.0,,,0.0,,,unknown
500178470,BASE PLATE HEIGHT SENSOR MOUNT,"Module-DP,Module-Epoxy,Module-IHS,Module-TCB",Asymtek S902;Generic;Asymtek S922;Asymtek S912;Asymtek S932,D,dormant,none,False,0.0,0.0,0.0,,,0.0,,,unknown
500181765,PNEUMATIC PLUG NYLON MULTIPLE TOOLS,"Module-Epoxy,Module-MHS",Simplimatic Robotic Transfer S;Orbotech Sprint 100i,,dormant,none,False,0.0,0.0,0.0,,,0.0,,,unknown
500181786,SOLID STATE RELAY 24V DC 2A,"Module-BA,Module-DP,Module-MHS,Module-Epoxy,Module-MHS",Orbotech Sprint 100i;SIMPLIMATIC VISION INSPECTION;MQI;View Inspection;Simplimatic Robotic Transfer S,,dormant,none,False,0.0,0.0,0.0,,,0.0,,,unknown
500181787,"FILTER,Line,Qualtek 851-20/011","Module-BA,Module-DP,Module-MHS,Module-Epoxy,Module-MHS","Simplimatic Robotic Transfer S;View Inspection;SIMPLIMATIC VISION INSPECTION;SIMPLIMATIC,LOAD/UNLOAD;MQI;Orbotech Sprint 100i",D,dormant,none,False,0.0,0.0,0.0,,,0.0,,,unknown
500182523,NUT,"Module-DP,Module-Epoxy",Generic;Grohamnn MTS-605;Grohmann MTS-600;GROHMANN MTS-605,D,dormant,none,False,0.0,0.0,0.0,,,0.0,,,unknown
500182820,VECTRA ALPHASORB 10 9 X 9,"Module-DP,Module-Epoxy","BLUEM,BI-32i;Asymtek S922;Generic",L,dying,dying,False,0.00821917808219178,0.0,0.00821917808219178,0.0,0.0,1.5004691311690745,,,unknown
500183363,Mini Photohelic,"Module-BA,Module-Epoxy",Heller 2017 MK III;Heller 1800SS;Heller 1913 MK111,L,dying,dying,False,0.005479452054794521,0.0,0.005479452054794521,0.0,0.0,4.000000000000001,,,unknown
500183662,"CONTACTOR,HEATER,KM1,100A,24VDC",Module-Epoxy,Heller 2017 Formic Acid;Heller FAR;Heller 1800SS;Heller HRF,,dormant,none,False,0.0,0.0,0.0,,,0.0,0.0,-1.0,decreasing
500183790,IDLE CONVEYOR PULLEY,"Module-Epoxy,Module-IHS,Module-TCB",Asymtek S932;Asymtek S912;Asymtek S922,L,dying,dying,False,0.0,0.0,0.0,,,4.0,,,unknown
500184734,ASI,Module-TCB,"ASM-Pacific,Phoenix",,dormant,none,False,0.0,0.0,0.0,,,0.0,,,unknown
500184735,ASI,Module-TCB,"ASM-Pacific,Phoenix",,dying,dying,False,0.0027397260273972603,0.0,0.0027397260273972603,0.0,0.0,4.0,,,unknown
500184736,ASIO,"Module-BA,Module-TCB","ASM-Pacific,Phoenix;ASM-Pacific,Firebird;ASM-Pacific, Falcon",D,dormant,none,False,0.0,0.0,0.0,,,0.0,,,unknown
500184737,ASIO,Module-TCB,"ASM-Pacific,Phoenix;ASM-Pacific,Firebird",,dormant,none,False,0.0,0.0,0.0,,,0.0,,,unknown
500184738,ASIO3,Module-TCB,"ASM-Pacific,Firebird;ASM-Pacific,Phoenix",D,dormant,none,False,0.0,0.0,0.0,,,0.0,,,unknown
500184739,ASIO3,Module-TCB,"ASM-Pacific,Phoenix;ASM-Pacific,Firebird",L,active,constant,True,0.005479452054794521,0.011111111111111112,0.005479452054794521,2.0277777777777777,0.0,2.150770512286547,,,unknown
500184740,OMRON ELEC. ASSY,Module-TCB,"ASM-Pacific,Phoenix",,dormant,none,False,0.0,0.0,0.0,,,0.0,,,unknown
500184741,AIR BEARING PAD 40X80MM ASSY,Module-TCB,"ASM-Pacific,Phoenix",D,dormant,none,False,0.0,0.0,0.0,,,0.0,,,unknown
500184742,AIR BEARING PAD D50 ASSY,Module-TCB,"ASM-Pacific,Phoenix",D,dormant,none,False,0.0,0.0,0.0,,,0.0,,,unknown
500184743,"BELT,TIMING,10AT3/399.",Module-TCB,"GENERIC;ASM-Pacific,Phoenix",,dormant,none,False,0.0,0.0,0.0,,,0.0,,,unknown
500184744,AIR BEARING PAD D65 ASSY,Module-TCB,"ASM-Pacific,Firebird;ASM-Pacific,Phoenix",D,dormant,none,False,0.0,0.0,0.0,,,0.0,0.0,-2.0,decreasing
500184745,TIMING BELT 10AT5/670 GEN III,Module-TCB,"GENERIC;ASM-Pacific,Phoenix",D,dormant,none,False,0.0,0.0,0.0,,,0.0,,,unknown
500184746,"BELT,TIMING,189-3M-9MM","Module-DP,Module-TCB","ASM-Pacific,Phoenix;Generic;ASM-Pacific,Firebird",,dormant,none,False,0.0,0.0,0.0,,,0.0,,,unknown
500184747,TIMING BELT 516MXL3.2,"Module-DP,Module-TCB","ASM,TCB,Y-SHUTTLE;ASM-Pacific,Phoenix;Generic",D,dormant,none,False,0.0,0.0,0.0,,,0.0,,,unknown
500184748,TIMING BELT 6M/162,Module-TCB,"GENERIC;ASM-Pacific,Phoenix",D,dormant,none,False,0.0,0.0,0.0,,,0.0,,,unknown
500184749,BANDO TIMING BELT 350MXL3.2,"Module-DP,Module-TCB","ASM-Pacific,Phoenix;ASM-Pacific,Firebird;Generic",L,dying,dying,False,0.0027397260273972603,0.0,0.0027397260273972603,0.0,0.0,4.000000000000001,,,unknown
500184750,BANDO TIMING BELT 434MXL3.2,"Module-DP,Module-TCB","Generic;ASM-Pacific,Phoenix;ASM-Pacific,Firebird",D,dormant,none,False,0.0,0.0,0.0,,,0.0,,,unknown
500184751,BANDO TIMING BELT 591MXL3.2,"Module-DP,Module-TCB","ASM-Pacific,Phoenix;Generic;ASM-Pacific,Firebird",D,dormant,none,False,0.0,0.0,0.0,,,0.0,,,unknown
500184752,"BELT,TIMING,HTD,213-3M-09","Module-DP,Module-TCB","Generic;ASM-Pacific,Phoenix;ASM-Pacific,Firebird",,dormant,none,False,0.0,0.0,0.0,,,0.0,,,unknown
500184753,SYNCHROFLEX TIMING BELT 6M/113,"Module-DP,Module-TCB","ASM-Pacific,Phoenix;Generic;ASM-Pacific,Firebird",D,dormant,none,False,0.0,0.0,0.0,,,0.0,,,unknown
500184754,SYNCHROFLEX TIMING BELT 6M/182,"Module-DP,Module-TCB","ASM-Pacific,Phoenix;Generic;ASM,TCB,Y-SHUTTLE;ASM-Pacific,Firebird",D,dormant,none,False,0.0,0.0,0.0,,,0.0,,,unknown
500184755,SYNCHROFLEX TIMING BELT 6M/121,Module-TCB,"GENERIC;ASM-Pacific,Phoenix",D,dormant,none,False,0.0,0.0,0.0,,,0.0,,,unknown
500184756,ZERODUR BLOCK,Module-TCB,"ASM-Pacific,Firebird;ASM-Pacific,Phoenix",D,dormant,none,False,0.0,0.0,0.0,,,0.0,,,unknown
500184758,ZDS SENSOR BOARD,Module-TCB,"ASM-Pacific,Phoenix",D,dormant,none,False,0.0,0.0,0.0,,,0.0,,,unknown
500184759,TEC BOX,Module-TCB,"ASM-Pacific,Phoenix;ASM-Pacific,Firebird",D,dormant,none,False,0.0,0.0,0.0,,,0.0,0.0,-9.0,decreasing
500184760,AC POWER SUPPLY STEP DOWN BOARD,Module-TCB,"ASM-Pacific,Phoenix",D,dormant,none,False,0.0,0.0,0.0,,,0.0,,,unknown
500184761,"BOX,TEC,CONTROL",Module-TCB,"ASM-Pacific,Phoenix;ASM-Pacific,Firebird",D,dormant,none,False,0.0,0.0,0.0,,,0.0,,,unknown
500184763,"CABLE,VACUUM,SENSOR,DPA",Module-TCB,"ASM-Pacific,Phoenix",D,dormant,none,False,0.0,0.0,0.0,,,0.0,,,unknown
500184764,"CABLE,FAN,LOW,CHASSIS",Module-TCB,"ASM-Pacific,Phoenix;GENERIC",,dormant,none,False,0.0,0.0,0.0,,,0.0,,,unknown
500184765,(DPA) VACUUM SOLENOID VALVE CABLE,"Module-Epoxy,Module-TCB","Asymtek S922;ASM-Pacific,Phoenix;ASM-Pacific,Firebird",D,dormant,none,False,0.0,0.0,0.0,,,0.0,,,unknown
500184766,(DTA) X ENCODER CABLE,Module-TCB,"ASM-Pacific,Phoenix",,dormant,none,False,0.0,0.0,0.0,,,0.0,,,unknown
500184767,IO STEPPER MOTOR DRIVER ASSY,Module-TCB,"ASM-Pacific,Phoenix",,dormant,none,False,0.0,0.0,0.0,,,0.0,,,unknown
500184768,"EJECTOR,MULTISTAGE,ZL112",Module-TCB,"ASM-Pacific,Phoenix",,dormant,none,False,0.0,0.0,0.0,,,0.0,0.0,-3.0,decreasing
500184769,MULTISTAGE EJECTOR ZL212,Module-TCB,"ASM-Pacific,Phoenix",,dormant,none,False,0.0,0.0,0.0,,,0.0,,,unknown
500184770,STA-L Y ENC ASSY,Module-TCB,"ASM-Pacific,Phoenix",,dormant,none,False,0.0,0.0,0.0,,,0.0,,,unknown
500184771,"ENCODER,DISPENSE,Z,LEFT",Module-TCB,"GENERIC;ASM-Pacific,Phoenix",,dormant,none,False,0.0,0.0,0.0,,,0.0,,,unknown
500184772,Y SHUTTLE OT TABLE X ENCODER ASSY,Module-TCB,"ASM-Pacific,Phoenix",D,dormant,none,False,0.0,0.0,0.0,,,0.0,,,unknown
500184773,ESIO2,"Module-DP,Module-TCB","TCB_Generic;Generic;ASM-Pacific,Phoenix",D,dormant,none,False,0.0,0.0,0.0,,,0.0,,,unknown
500184774,ESIO5,Module-TCB,"ASM-Pacific,Phoenix;ASM-Pacific,Firebird",D,dormant,none,False,0.0,0.0,0.0,,,0.0,,,unknown
500184775,ESIO3,Module-TCB,"ASM-Pacific,Phoenix;ASM-Pacific,Firebird",D,dormant,none,False,0.0,0.0,0.0,,,0.0,,,unknown
500184777,FAN ASSY,Module-TCB,"ASM-Pacific,Phoenix",,dormant,none,False,0.0,0.0,0.0,,,0.0,,,unknown
500184778,OPTICAL FIBER 3M DUPLEX LC-LC,"Module-BA,Module-DP,Module-TCB","ASM Pacific,BP3000;ASM-Pacific,Phoenix;Generic;ASM-Pacific,Firebird",D,dormant,none,False,0.0,0.0,0.0,,,0.0,,,unknown
500184779,CARRIAGE VAC PRELOAD FMT(L),Module-TCB,"ASM-Pacific,Phoenix",,dormant,none,False,0.0,0.0,0.0,,,0.0,,,unknown
500184780,(DPA) Z PICK HEAD,Module-TCB,"ASM-Pacific,Firebird;ASM-Pacific,Phoenix",D,dormant,none,False,0.0,0.0,0.0,,,0.0,,,unknown
500184781,TCB PEDESTAL HEATER ZONE 1,Module-TCB,"ASM-Pacific,Phoenix",,dormant,none,False,0.0,0.0,0.0,,,0.0,,,unknown
500184782,AIR BEARING FLOWMETER(WAFER CHUCK),Module-TCB,"ASM-Pacific,Phoenix",,dormant,none,False,0.0,0.0,0.0,,,0.0,,,unknown
500184783,LINE VACUUM ASSY,Module-TCB,"ASM-Pacific,Phoenix",,dormant,none,False,0.0,0.0,0.0,,,0.0,,,unknown
500184786,MBH 1ST LAYER CONVEYOR MTR ASSY,Module-TCB,"ASM-Pacific,Phoenix;ASM-Pacific,Firebird",,dormant,none,False,0.0,0.0,0.0,,,0.0,,,unknown
500184787,MBH TRACK WIDTH MTR/ENC ASSY,"Module-DP,Module-TCB","ASM-Pacific,Phoenix;Generic;TCB_Generic",,dormant,none,False,0.0,0.0,0.0,,,0.0,,,unknown
500184788,HT WC COL FLOWMETER(L),Module-TCB,"ASM-Pacific,Phoenix",,dormant,none,False,0.0,0.0,0.0,,,0.0,,,unknown
500184789,"MODULE,CJC,ASSY",Module-TCB,"ASM-Pacific,Firebird;ASM-Pacific,Phoenix",D,dormant,none,False,0.0,0.0,0.0,,,0.0,,,unknown
500184790,MARKIIIS DRIVER MODULE,"Module-BA,Module-TCB","ASM-Pacific,Phoenix;ASM-Pacific, Falcon",,dormant,none,False,0.0,0.0,0.0,,,0.0,,,unknown
500184791,MARKIIIS DRIVER MODULE,Module-TCB,"ASM-Pacific,Phoenix",,dormant,none,False,0.0,0.0,0.0,,,0.0,,,unknown
500184792,MINISIO MODULE,Module-TCB,"ASM-Pacific,Phoenix",,dormant,none,False,0.0,0.0,0.0,,,0.0,,,unknown
500184793,"MODULE,POWER,CONTROL,NDIII","Module-DP,Module-TCB","TCB_Generic;Generic;ASM-Pacific,Phoenix",D,dormant,none,False,0.0,0.0,0.0,,,0.0,,,unknown
500184794,"MODULE,POWER,CONTROL,NDIII",Module-TCB,"ASM,TCB,Y-SHUTTLE;ASM-Pacific,Phoenix",D,dormant,none,False,0.0,0.0,0.0,,,0.0,,,unknown
500184795,LITEC AAD2 MODULE_PH,Module-TCB,"ASM,TCB,Y-SHUTTLE;ASM-Pacific,Phoenix",D,dormant,none,False,0.0,0.0,0.0,,,0.0,,,unknown
500184796,NDIII CONTROLPOWERMODULE,Module-TCB,"ASM-Pacific,Firebird;ASM-Pacific,Phoenix",D,dormant,none,False,0.0,0.0,0.0,,,0.0,,,unknown
500184797,NDIII CONTROLPOWERMODULE,"Module-DP,Module-TCB","Generic;ASM-Pacific,Phoenix;TCB_Generic",D,dormant,none,False,0.0,0.0,0.0,,,0.0,,,unknown
500184798,NDIII CONTROLPOWERMODULE,Module-TCB,"ASM-Pacific,Phoenix",D,dormant,none,False,0.0,0.0,0.0,,,0.0,,,unknown
500184799,NUDRIVE-III POWER MODULE,"Module-BA,Module-DP,Module-TCB","ASM-Pacific, Falcon;Generic;ASM-Pacific,Phoenix;ASM Pacific,BP3000;TCB_Generic",D,dormant,none,False,0.0,0.0,0.0,,,0.0,,,unknown
500184800,"MODULE,POWER,NUDRIVE-III","Module-DP,Module-TCB","TCB_Generic;ASM-Pacific,Phoenix;Generic",D,dormant,none,False,0.0,0.0,0.0,,,0.0,,,unknown
500184801,"MODULE,POWER,NUDRIVE-III","Module-BA,Module-DP,Module-TCB","TCB_Generic;Generic;ASM-Pacific, Falcon;ASM-Pacific,Phoenix;ASM Pacific,BP3000",D,dormant,none,False,0.0,0.0,0.0,,,0.0,,,unknown
500184802,NUDRIVE-III POWER MODULE,Module-TCB,"ASM-Pacific,Phoenix",D,dormant,none,False,0.0,0.0,0.0,,,0.0,,,unknown
500184803,NUDRIVE-III POWER MODULE,"Module-DP,Module-TCB","TCB_Generic;ASM-Pacific,Phoenix;Generic",D,dormant,none,False,0.0,0.0,0.0,,,0.0,,,unknown
500184804,"MODULE,POWER,NUDRIVE-III","Module-BA,Module-TCB","ASM-Pacific, Falcon;ASM-Pacific,Phoenix",D,dormant,none,False,0.0,0.0,0.0,,,0.0,,,unknown
500184805,NUDRIVE-III POWER MODULE,Module-TCB,"ASMP ACW;ASM-Pacific,Phoenix",D,dormant,none,False,0.0,0.0,0.0,,,0.0,,,unknown
500184807,STA-L Z MTR ASSY,Module-TCB,"ASM-Pacific,Phoenix",D,dormant,none,False,0.0,0.0,0.0,,,0.0,,,unknown
500184808,Z BUSHING MOTOR ASSY (RIGHT),Module-TCB,"ASM-Pacific,Phoenix",,dormant,none,False,0.0,0.0,0.0,,,0.0,,,unknown
500184809,MBH Z MTR ASSY,Module-TCB,"ASM-Pacific,Phoenix",,dormant,none,False,0.0,0.0,0.0,,,0.0,,,unknown
500184810,"OPTICS,ASSEMBLY,YSHUTTLE,FOV8",Module-TCB,"ASM-Pacific,Phoenix;ASM,TCB,Y-SHUTTLE",D,dormant,none,False,0.0,0.0,0.0,,,0.0,,,unknown
500184811,MICROE LINEAR SCALE 10MM 303-00169,Module-TCB,"ASM-Pacific,Firebird;ASMP ACW;ASM-Pacific,Phoenix",D,dormant,none,False,0.0,0.0,0.0,,,0.0,,,unknown
500184812,UP-LOOKING OPTICS W/ CG ASSY,Module-TCB,"ASM-Pacific,Phoenix",,dormant,none,False,0.0,0.0,0.0,,,0.0,,,unknown
500184813,SCALE LIF 401R ML 90 MM 373021-08,Module-TCB,"ASM-Pacific,Phoenix",D,dormant,none,False,0.0,0.0,0.0,,,0.0,,,unknown
500184815,"SCALE,LINEAR,RGSZ20-S,20UM,PITCH","Module-BA,Module-TCB","ASM-Pacific,Phoenix;ASM-Pacific, Falcon",,dormant,none,False,0.0,0.0,0.0,,,0.0,,,unknown
500184817,"SENSOR,ASSEMBLY,SHUTTLE,LIMIT,Y,TAB",Module-TCB,"ASM-Pacific,Phoenix",,dormant,none,False,0.0,0.0,0.0,,,0.0,,,unknown
500184818,POST HEAT STATION VAC SNR 1(L),Module-TCB,"ASM-Pacific,Phoenix",,dormant,none,False,0.0,0.0,0.0,,,0.0,,,unknown
500184819,BH MISSING DIE SNR,Module-TCB,"ASM-Pacific,Phoenix",D,dormant,none,False,0.0,0.0,0.0,,,0.0,,,unknown
500184820,"SENSOR,BONDHEAD,VACUUM,PRESSURE","Module-DP,Module-TCB","ASM-Pacific,Firebird;Generic;ASM-Pacific,Phoenix",D,dormant,none,False,0.0,0.0,0.0,,,0.0,,,unknown
500184821,CONTACT SENSOR ASSY,Module-TCB,"ASM-Pacific,Phoenix",,dormant,none,False,0.0,0.0,0.0,,,0.0,,,unknown
500184822,CAP SENSOR ASSY,Module-TCB,"ASM-Pacific,Phoenix",,dormant,none,False,0.0,0.0,0.0,,,0.0,,,unknown
500184823,CARRIAGE AB FLOW SNR(L),Module-TCB,"ASM-Pacific,Phoenix",,dormant,none,False,0.0,0.0,0.0,,,0.0,,,unknown
500184824,HEATED PEDESTAL VAC SNR 1(L),Module-TCB,"ASM-Pacific,Phoenix",,dormant,none,False,0.0,0.0,0.0,,,0.0,,,unknown
500184825,"SENSOR,INPUT,SHUTTLE,CONVEYOR,IN",Module-TCB,"ASM-Pacific,Phoenix",,dormant,none,False,0.0,0.0,0.0,,,0.0,,,unknown
500184826,"SENSOR,PHOTO,MICRO,EE-SX672","Module-OLx,Module-TCB","Delta,OLB;ASM-Pacific,Phoenix",D,dormant,none,False,0.0,0.0,0.0,,,0.0,,,unknown
500184827,PHOTOMICROSENSOR EE-SX673(A),Module-TCB,"ASM-Pacific,Phoenix",,dormant,none,False,0.0,0.0,0.0,,,0.0,,,unknown
500184828,REFLECTIVE PHOTO SNR EE-SPY302,Module-TCB,"ASM-Pacific,Phoenix",,dormant,none,False,0.0,0.0,0.0,,,0.0,,,unknown
500184829,CARRIAGE AB PRESS SNR(L),Module-TCB,"ASM-Pacific,Phoenix",,dormant,none,False,0.0,0.0,0.0,,,0.0,,,unknown
500184830,"SERVO,ASSEMBLY,AC,ZCOLUMN",Module-TCB,"ASM-Pacific,Phoenix",D,dormant,none,False,0.0,0.0,0.0,,,0.0,,,unknown
500184831,BH WEAK BLOW SOL,Module-TCB,"ASM-Pacific,Phoenix",D,active,constant,True,0.005479452054794521,0.022222222222222223,0.005479452054794521,4.055555555555555,0.0,3.9999999999999996,,,unknown
500184832,STA VAC SOL 1(L),Module-TCB,"ASM-Pacific,Phoenix",,dormant,none,False,0.0,0.0,0.0,,,0.0,,,unknown
500184833,COS-L TOP CLAMP SOL,Module-TCB,"ASM-Pacific,Phoenix",,dormant,none,False,0.0,0.0,0.0,,,0.0,,,unknown
500184834,HT WC COL SOL(L),Module-TCB,"ASM-Pacific,Phoenix",,dormant,none,False,0.0,0.0,0.0,,,0.0,,,unknown
500184835,IMPINGING COOLING SOL,Module-TCB,"ASM-Pacific,Phoenix",D,dormant,none,False,0.0,0.0,0.0,,,0.0,,,unknown
500184836,BH VAC SOL,Module-TCB,"ASM-Pacific,Phoenix",D,active,constant,True,0.005479452054794521,0.022222222222222223,0.005479452054794521,4.055555555555555,0.0,3.9999999999999996,,,unknown
500184838,CARRIAGE VAC PRELOAD SOL(L),Module-TCB,"ASM-Pacific,Phoenix",,dormant,none,False,0.0,0.0,0.0,,,0.0,,,unknown
500184839,COLLET CHANGE VAC SOL,Module-TCB,"ASM-Pacific,Firebird;ASM-Pacific,Phoenix",L,dying,dying,False,0.0027397260273972603,0.0,0.0027397260273972603,0.0,0.0,4.000000000000001,,,unknown
500184840,COS-L PRELOAD SOL,Module-TCB,"ASM-Pacific,Phoenix",,dormant,none,False,0.0,0.0,0.0,,,0.0,,,unknown
500184841,"SMPS 600W UNIV>24V3AX2,24V2.5A,24V5.5AX3",Module-TCB,"ASM-Pacific,Phoenix;ASM,TCB,Y-SHUTTLE;ASMP ACW",D,dormant,none,False,0.0,0.0,0.0,,,0.0,,,unknown
500184842,"SMPS 90W UNIV > 5V3.5A,24V1.5A,D15V1.2A","Module-BA,Module-TCB","ASM-Pacific,Phoenix;ASM Pacific,BP3000",,dormant,none,False,0.0,0.0,0.0,,,0.0,,,unknown
500184843,LNPS 4KVA 12AX3 AUTO OFF-NO MCB,"Module-DP,Module-TCB","ASM-Pacific,Phoenix;Generic;TCB_Generic",D,dormant,none,False,0.0,0.0,0.0,,,0.0,,,unknown
500184844,"SUPPLY,POWER,24V,48V",Module-TCB,"ASM-Pacific,Phoenix",D,dormant,none,False,0.0,0.0,0.0,,,0.0,,,unknown
500184845,HT LNPS 7KVA 110V&40V&220V,"Module-DP,Module-TCB","TCB_Generic;Generic;ASM-Pacific,Phoenix",D,dormant,none,False,0.0,0.0,0.0,,,0.0,,,unknown
500184847,"SUPPLY,POWER,MOTOR,SMPS,1KW,UNIVERSAL",Module-TCB,"ASM-Pacific,Phoenix",D,dormant,none,False,0.0,0.0,0.0,,,0.0,,,unknown
500184848,"SUPPLY,POWER,SMPS,150VDC,800W",Module-TCB,"ASM-Pacific,Phoenix",D,dormant,none,False,0.0,0.0,0.0,,,0.0,,,unknown
500184849,AIR SUPPLY I SWITCH,Module-TCB,"GENERIC;ASM-Pacific,Phoenix",,dormant,none,False,0.0,0.0,0.0,,,0.0,,,unknown
500184850,VCM AIR BEARING SWITCH,Module-TCB,"ASM-Pacific,Phoenix;GENERIC",,dormant,none,False,0.0,0.0,0.0,,,0.0,,,unknown
500184851,BH MISSING DIE SWITCH,Module-TCB,"ASM-Pacific,Phoenix;GENERIC",,dormant,none,False,0.0,0.0,0.0,,,0.0,,,unknown
500184852,BO AIR BEARING FLOW SWITCH,Module-TCB,"ASM-Pacific,Phoenix;GENERIC",,dormant,none,False,0.0,0.0,0.0,,,0.0,,,unknown
500184853,CARRIAGE VAC PRELOAD SWITCH(L),Module-TCB,"ASM-Pacific,Phoenix;GENERIC",,dormant,none,False,0.0,0.0,0.0,,,0.0,,,unknown
500184854,BD STAGE AB FLOW SWITCH(L),Module-TCB,"ASM-Pacific,Phoenix;GENERIC",,dormant,none,False,0.0,0.0,0.0,,,0.0,,,unknown
500184855,BD STAGE AB FLOW SWITCH(R),Module-TCB,"ASM-Pacific,Phoenix;GENERIC",,dormant,none,False,0.0,0.0,0.0,,,0.0,,,unknown
500184856,CARRIAGE VAC PRELOAD FLOW SWITCH,Module-TCB,"ASM-Pacific,Phoenix;GENERIC",,dormant,none,False,0.0,0.0,0.0,,,0.0,,,unknown
500184857,"SWITCH,PRESS,BOND,STAGE,AB,L",Module-TCB,"ASM-Pacific,Phoenix;GENERIC",,dormant,none,False,0.0,0.0,0.0,,,0.0,,,unknown
500184858,Z COLUMN AIR BEARING PRESS SWITCH,Module-TCB,"GENERIC;ASM-Pacific,Phoenix",,dormant,none,False,0.0,0.0,0.0,,,0.0,,,unknown
500184859,AUTOCOL AIR PRESS SWITCH,Module-TCB,"GENERIC;ASM-Pacific,Phoenix",,dormant,none,False,0.0,0.0,0.0,,,0.0,,,unknown
500184860,BH VAC PRESS SWITCH,Module-TCB,"GENERIC;ASM-Pacific,Phoenix",D,dormant,none,False,0.0,0.0,0.0,,,0.0,,,unknown
500184861,TCB PEDESTAL THERMOCOUPLE 1,Module-TCB,"ASM-Pacific,Phoenix;GENERIC",,dormant,none,False,0.0,0.0,0.0,,,0.0,,,unknown
500184862,TIP/ TILT ASSY,Module-TCB,"GENERIC;ASM-Pacific,Phoenix",,dormant,none,False,0.0,0.0,0.0,,,0.0,,,unknown
500184863,TIP TILT MICRO-E ELE ASSY,"Module-DP,Module-TCB","ASM-Pacific,Firebird;Generic;ASM-Pacific,Phoenix",D,dormant,none,False,0.0,0.0,0.0,,,0.0,,,unknown
500184864,DIE TRANSFER/PCIK ARM VAC SWITCH,Module-TCB,"GENERIC;ASM-Pacific,Phoenix",,dormant,none,False,0.0,0.0,0.0,,,0.0,,,unknown
500184865,"TRANSFORMER,ASSY,110V,220V",Module-TCB,"GENERIC;ASM-Pacific,Phoenix",,dormant,none,False,0.0,0.0,0.0,,,0.0,,,unknown
500184923,O2 ANALYZER ASSY,Module-TCB,"ASM-Pacific,Phoenix;ASMP ACW;ASM-Pacific,Firebird",L,dying,dying,False,0.0027397260273972603,0.0,0.0027397260273972603,0.0,0.0,4.0,,,unknown
500184927,X32 TAPE FEEDER,Module-TCB,"ASM-Pacific,Phoenix",,dormant,none,False,0.0,0.0,0.0,,,0.0,,,unknown
500184928,AIR FILTER AF20-A SERIES,Module-TCB,"ASM-Pacific,Firebird;ASMP ACW;ASM-Pacific,Phoenix",,dormant,none,False,0.0,0.0,0.0,,,0.0,,,unknown
500184929,AIR FILTER,Module-TCB,"ASM-Pacific,Firebird;ASMP ACW;ASM-Pacific,Phoenix",D,dormant,none,False,0.0,0.0,0.0,,,0.0,,,unknown
500184930,CLEAN AIR FILTER SFD100-C06,Module-TCB,"ASMP ACW;ASM-Pacific,Phoenix",L,dying,dying,False,0.03287671232876712,0.0,0.03287671232876712,0.0,0.0,1.5899752897509325,,,unknown
500184931,"FILTER,ULPA,999995,0.12UM,ASTROCELII",Module-TCB,"ASM-Pacific,Phoenix",D,dormant,none,False,0.0,0.0,0.0,,,0.0,0.0,-1.0,decreasing
500184932,RUBBER GASKET W/TAPE 7/32INCH X 3/8INCH,Module-TCB,"ASM-Pacific,Phoenix",,dormant,none,False,0.0,0.0,0.0,,,0.0,,,unknown
500184933,SEALING HEAD (VITON; OD=4; H=4),Module-TCB,"ASM-Pacific,Phoenix",,dormant,none,False,0.0,0.0,0.0,,,0.0,,,unknown
500184934,IN-LINE VACUUM FILTER ZFC 100-048,Module-TCB,"ASMP ACW;ASM-Pacific,Phoenix",L,dying,dying,False,0.0,0.0,0.0,,,4.0,,,unknown
500184935,IONIZER ASSEMBLY (BAR TYPE),Module-TCB,"ASM-Pacific,Phoenix",,dormant,none,False,0.0,0.0,0.0,,,0.0,,,unknown
500184936,NOZZLE - 2057 CPL.,Module-TCB,"ASM-Pacific,Phoenix",,dormant,none,False,0.0,0.0,0.0,,,0.0,,,unknown
500184937,IONIZER CABLE ASSY,Module-TCB,"ASM-Pacific,Phoenix",,dormant,none,False,0.0,0.0,0.0,,,0.0,,,unknown
500184938,"NOZZLE,2821CPL",Module-TCB,"ASM-Pacific,Phoenix",D,dormant,none,False,0.0,0.0,0.0,,,0.0,,,unknown
500184939,(DTA) ARRAY PATTERN NOZZLE PLATFORM,Module-TCB,"ASM-Pacific,Phoenix",,dormant,none,False,0.0,0.0,0.0,,,0.0,,,unknown
500184940,O-RING 1.5 X 4 ID MM,Module-TCB,"ASM-Pacific,Phoenix",,dormant,none,False,0.0,0.0,0.0,,,0.0,,,unknown
500184941,O-RING 1X ID12 MM,Module-TCB,"ASM-Pacific,Phoenix",,dormant,none,False,0.0,0.0,0.0,,,0.0,,,unknown
500184942,O-RING 1.00 X 6.00 ID FKM,Module-TCB,"ASM-Pacific,Phoenix;ASM-Pacific,Firebird",,dormant,none,False,0.0,0.0,0.0,,,0.0,,,unknown
500184943,O-RING 1.00 X 137.00 ID 70 BN,Module-TCB,"ASM-Pacific,Phoenix",,dormant,none,False,0.0,0.0,0.0,,,0.0,,,unknown
500184944,O-RING 3 X 24 ID MM,Module-TCB,"ASM-Pacific,Phoenix",,dormant,none,False,0.0,0.0,0.0,,,0.0,,,unknown
500184945,O-RING 1.8 X 6.00 ID 70 SILICONE,"Module-BA,Module-DP,Module-TCB","Generic;ASM Pacific,BP3000;ASM-Pacific,Phoenix",D,dormant,none,False,0.0,0.0,0.0,,,0.0,,,unknown
500184946,O-RING 1 X 3.00 ID 70 SILICONE,Module-TCB,"ASM-Pacific,Phoenix;ASM-Pacific,Firebird",D,dormant,none,False,0.0,0.0,0.0,,,0.0,,,unknown
500184947,"ORING,SILICONE,1X5ID,70",Module-TCB,"GENERIC;ASM-Pacific,Phoenix",D,dormant,none,False,0.0,0.0,0.0,,,0.0,,,unknown
500184948,O-RING 0.60 X 2.50ID 75 VITON,Module-TCB,"ASM-Pacific,Phoenix;ASM-Pacific,Firebird",D,dormant,none,False,0.0,0.0,0.0,,,0.0,,,unknown
500184949,O-RING 1 X 12.2 ID 70 VITON,Module-TCB,"ASM-Pacific,Phoenix",,dormant,none,False,0.0,0.0,0.0,,,0.0,,,unknown
500184950,O-RING 8X1 70 VITON,Module-TCB,"ASM-Pacific,Phoenix",,dormant,none,False,0.0,0.0,0.0,,,0.0,,,unknown
500184951,O-RING 1 X 32 ID 70 VITON,Module-TCB,"ASM-Pacific,Phoenix",,dormant,none,False,0.0,0.0,0.0,,,0.0,,,unknown
500184952,"SEAL,VACUUM,ID4MM",Module-TCB,"GENERIC;ASM-Pacific,Phoenix",,dormant,none,False,0.0,0.0,0.0,,,0.0,,,unknown
500184953,"VITON COLLECT (OD4, 8, ID 4) SHORE A60",Module-TCB,"ASM-Pacific,Phoenix",,dormant,none,False,0.0,0.0,0.0,,,0.0,,,unknown
500184954,"SUCTION CUP,VITON,OD2.6,ID2.2.",Module-TCB,"ASM-Pacific,Phoenix",,dormant,none,False,0.0,0.0,0.0,,,0.0,,,unknown
500184955,COMPRESSION SPRING D10800         [54B7],Module-TCB,"GENERIC;ASM-Pacific,Phoenix",,dormant,none,False,0.0,0.0,0.0,,,0.0,,,unknown
500184956,EXTENSION SPRING E1000-125-3000-S,Module-TCB,"ASM-Pacific,Phoenix;GENERIC",,dormant,none,False,0.0,0.0,0.0,,,0.0,,,unknown
500184957,EXTENSION SPRING T32110,"Module-DP,Module-TCB","Generic;ASM-Pacific,Phoenix;ASM-Pacific,Firebird",,dormant,none,False,0.0,0.0,0.0,,,0.0,,,unknown
500184958,EXTENSION SPRING T32030,Module-TCB,"GENERIC;ASM-Pacific,Phoenix",,dormant,none,False,0.0,0.0,0.0,,,0.0,,,unknown
500184960,EXTENSION SPRING T41960,Module-TCB,"ASM-Pacific,Phoenix;GENERIC",,dormant,none,False,0.0,0.0,0.0,,,0.0,,,unknown
500184961,(WH) LEVEL ADJ SPRING,"Module-DP,Module-TCB","Generic;ASM,TCB,Y-SHUTTLE;ASM-Pacific,Phoenix",,dormant,none,False,0.0,0.0,0.0,,,0.0,,,unknown
500184962,DEW POINT INDICATOR KIT IDG-DP01,Module-TCB,"ASM-Pacific,Phoenix",,dormant,none,False,0.0,0.0,0.0,,,0.0,,,unknown
500184963,AIR DRYER MEMBRANE IDG-EL5,Module-TCB,"ASM-Pacific,Phoenix",,dormant,none,False,0.0,0.0,0.0,,,0.0,,,unknown
500184964,VACUUM FILTER W/FITTING ZFC54-B,Module-TCB,"ASMP ACW;ASM-Pacific,Phoenix",D,dormant,none,False,0.0,0.0,0.0,,,0.0,,,unknown
500184980,HEIGHT SENSOR RIGID MOUNT SPECTRUM,"Module-Epoxy,Module-TCB",Asymtek S902;Asymtek S932;Asymtek S922,D,dormant,none,False,0.0,0.0,0.0,,,0.0,,,unknown
500185322,HEIGHT SENSOR LASER ME 1402 SPECTRUM,"Module-DP,Module-Epoxy,Module-IHS,Module-TCB",Asymtek S922;Asymtek S932;Asymtek S912;Asymtek S902;Generic,D,dormant,none,False,0.0,0.0,0.0,,,0.0,,,unknown
500185372,CERAMIC INSERT SPECTRUM,"Module-DP,Module-Epoxy,Module-IHS,Module-TCB",Asymtek S932;Asymtek S912;Asymtek S922;Generic,D,dormant,none,False,0.0,0.0,-0.00821917808219178,,,0.0,,,unknown
500185567,SCALE COMMUNICATION DATA CABLE,Module-Epoxy,"Asymtek S922;Asymtek,M-2000",D,dying,dying,False,0.0,0.0,0.0,,,4.0,,,unknown
500185568,"LATCH,PANEL 3 LB",Module-Epoxy,Asymtek S922;Asymtek S902,M,dying,dying,False,0.005479452054794521,0.0,0.005479452054794521,0.0,0.0,2.5278518164777313,,,unknown
500185569,"CABLE,TACTILE IN&2ND SCALE PWR","Module-DP,Module-Epoxy,Module-TCB,Module-CAM",Asymtek S2-932;Generic;Asymtek S922,D,dormant,none,False,0.0,0.0,0.0,,,0.0,,,unknown
500185570,"CABLE,THIN DROP,MALE/FEM 2M",Module-Epoxy,Asymtek S922,,dormant,none,False,0.0,0.0,0.0,,,0.0,,,unknown
500185571,"ASSY,SPRAYED RFID READER,NODE1","Module-Epoxy,Module-TCB",Asymtek S922;Asymtek S932,D,dormant,none,False,0.0,0.0,0.0,,,0.0,,,unknown
500185572,"BUSHING,TACTILE SENSOR",Module-Epoxy,Asymtek S922,,dormant,none,False,0.0,0.0,0.0,,,0.0,,,unknown
500185733,"JUMPER,2-POSITION","Module-DP,Module-TCB","Generic;Delta JLP, JTP",,dormant,none,False,0.0,0.0,0.0,,,0.0,,,unknown
500185956,"PEDESTAL,WZ SERIES SCALE",Module-Epoxy,Asymtek S922,,dormant,none,False,0.0,0.0,0.0,,,0.0,,,unknown
500186074,DATA CABLE ADAPTER 28P TO 7-14P S-9X2,"Module-Epoxy,Module-TCB",Asymtek S932;Asymtek S922,L,dying,dying,False,0.0027397260273972603,0.0,0.0027397260273972603,0.0,0.0,1.7860077854671281,,,unknown
500186179,"5V,POWERSUPPLY,TERMINAL","Module-DS,Module-IHS,Module-Epoxy,Module-Finish,Module-MHS","PMM-T;PMM-L;Grohamnn MTS-605;PMM-R;Grohmann MTS-600;Grohmann,MFM-220;Grohmann, MFM-220.2",,dormant,none,False,0.0,0.0,0.0,,,0.0,,,unknown
500186183,SPEED DRIVE CONTROLLER 480V 1200KVA,"Module-Epoxy,Module-MHS","Grohmann MTS-600;Grohamnn MTS-605;Grohmann, MFM-220.2;Grohmann,MFM-220",D,dormant,none,False,0.0,0.0,0.0,,,0.0,,,unknown
500186184,SERVO DRIVER 380-480VAC 2400W,"Module-DS,Module-IHS,Module-Epoxy,Module-Finish,Module-MHS,Module-TCB","APPJ MFM-220;PMM-T;Grohmann, MFM-220.2;PMM-R;Grohmann,MFM-220;Grohmann MTS-600;Grohamnn MTS-605;PMM-L",D,dormant,none,False,0.0,0.0,0.0,,,0.0,,,unknown
500186186,"AMPLIFIER,ELMO","Module-Epoxy,Module-MHS","Grohamnn MTS-605;Grohmann MTS-600;Grohmann,MFM-220;Grohmann, MFM-220.2",,dormant,none,False,0.0,0.0,0.0,,,0.0,,,unknown
500186224,(SM) BOND HEAD MODULE,Module-TCB,"ASM-Pacific,Phoenix",,dormant,none,False,0.0,0.0,0.0,,,0.0,,,unknown
500186234,HW INPUT DOWNLOOK OPTICS,"Module-BA,Module-TCB","ASM Pacific,BP3000;ASM-Pacific,Phoenix",,dormant,none,False,0.0,0.0,0.0,,,0.0,,,unknown
500186235,LINEAR MOTOR COIL ASSY (14.5 MM TRAVEL),Module-TCB,"ASM-Pacific,Phoenix",,dormant,none,False,0.0,0.0,0.0,,,0.0,,,unknown
500186237,WD20 0.42X FOV9.1X6.8 TELE LENS (SIDE),Module-TCB,"ASM-Pacific,Phoenix;ASM-Pacific,Firebird",,dormant,none,False,0.0,0.0,0.0,,,0.0,,,unknown
500186238,JOYSTICK CABLE ASSY,"Module-BA,Module-TCB","ASM Pacific,BP3000;ASM-Pacific,Phoenix",,dormant,none,False,0.0,0.0,0.0,,,0.0,,,unknown
500186240,WORKCHUCK X MOTOR COIL ASSY (LEFT),Module-TCB,"ASM-Pacific,Phoenix",,dormant,none,False,0.0,0.0,0.0,,,0.0,,,unknown
500186241,LEFT WC FRONT X ENC ASSY,Module-TCB,"ASM-Pacific,Phoenix",,dormant,none,False,0.0,0.0,0.0,,,0.0,,,unknown
500186242,BH Z ENCODER ASSY,Module-TCB,"ASM-Pacific,Phoenix",D,dormant,none,False,0.0,0.0,0.0,,,0.0,,,unknown
500186243,LEFT WC REAR X ENC ASSY,"Module-BA,Module-TCB","ASM Pacific,BP3000;ASM-Pacific,Phoenix",,dormant,none,False,0.0,0.0,0.0,,,0.0,,,unknown
500186245,XFM 13.2KVA 208..480VX3>110V/40V20AX2X3P,Module-TCB,"GENERIC;ASM-Pacific,Phoenix",,dormant,none,False,0.0,0.0,0.0,,,0.0,,,unknown
500186246,"CABLE,HEPA,FRONT,FILTER,FAN,ASSEMBLY",Module-TCB,"ASM-Pacific,Phoenix",,dormant,none,False,0.0,0.0,0.0,,,0.0,,,unknown
500186247,"ENCODER,ASSY,Y,LEFT,WC","Module-BA,Module-TCB","ASM Pacific,BP3000;ASM-Pacific,Phoenix",D,dormant,none,False,0.0,0.0,0.0,,,0.0,,,unknown
500186248,REAR HEPA FILTER FAN CABLE ASSY,Module-TCB,"ASM-Pacific,Phoenix",,dormant,none,False,0.0,0.0,0.0,,,0.0,,,unknown
500186249,NAS 2-BAY 2-LAN DISKSTATION DS720+,Module-TCB,"ASM-Pacific,Phoenix;ASMP ACW;ASM,TCB,Y-SHUTTLE",L,dying,dying,False,0.0,0.0,0.0,,,4.0,,,unknown
500186250,SYRINGE LEVEL SENSOR,Module-TCB,"GENERIC;ASM-Pacific,Phoenix",,dormant,none,False,0.0,0.0,0.0,,,0.0,,,unknown
500186251,"SCALE,ZERODUR,LIF401R,ML=320MM","Module-DP,Module-TCB","ASM-Pacific,Phoenix;Generic;ASM-Pacific,Firebird",D,dormant,none,False,0.0,0.0,0.0,,,3.9999999999999996,,,unknown
500186252,"SCALE,ZERODUR,LIF401,ML=70MM,GO",Module-TCB,"GENERIC;ASM-Pacific,Phoenix",D,dormant,none,False,0.0,0.0,0.0,,,0.0,,,unknown
500186253,"SCALE,ZERODUR,LIF401R,ML=120MM",Module-TCB,"GENERIC;ASM-Pacific,Phoenix",,dormant,none,False,0.0,0.0,0.0,,,0.0,,,unknown
500186254,ZERODUR SCALE LIF401R ML=520MM G0,Module-TCB,"GENERIC;ASM-Pacific,Phoenix",,dormant,none,False,0.0,0.0,0.0,,,0.0,,,unknown
500186255,"SCALE,ZERODUR,LIF401R,ML=320MM",Module-TCB,"ASM-Pacific,Phoenix",,dormant,none,False,0.0,0.0,0.0,,,0.0,,,unknown
500186256,ZERODUR SCALE LIF409R ML=3MM,"Module-DP,Module-TCB","ASM-Pacific,Firebird;ASM-Pacific,Phoenix;Generic",L,dying,dying,False,0.0027397260273972603,0.0,0.0027397260273972603,0.0,0.0,4.000000000000001,,,unknown
500186257,UPS EOL UGK,Module-TCB,"GENERIC;ASM-Pacific,Phoenix",D,dormant,none,False,0.0,0.0,0.0,,,0.0,,,unknown
500186258,UPS 620VA 230V 5MIN,Module-TCB,"ASM,TCB,Y-SHUTTLE;TCB_Generic;ASM-Pacific,Firebird;Life Science/ ULT-1340-3A;ASM-Pacific,Phoenix",M,active,constant,True,0.00821917808219178,0.011111111111111112,0.00821917808219178,1.351851851851852,0.0,0.6107034782490367,,,unknown
500186310,"BEARING,17MMID,30MMOD,7MMTHK","Module-DP,Module-TCB,Module-Test","Delta JLP, JTP;Generic;Delta CTH-Pyramid 2008",D,dormant,none,False,0.0,0.0,0.0,,,0.0,,,unknown
500188942,"SEAL,O-RING,GRIPPER,SRM,MFM220","Module-Epoxy,Module-MHS","Grohmann MTS-600;Grohamnn MTS-605;Grohmann, MFM-220.2;Grohmann,MFM-220",D,dormant,none,False,0.0,0.0,0.0,,,0.0,,,unknown
500189625,VALVE COAX AIR JET ASSY DJ-2200,"Module-TCB,Module-CAM,Module-BA",Asymtek S2-932;Asymtek S932,H,dying,dying,False,0.04657534246575343,0.0,0.04657534246575343,0.0,0.0,0.7459350692520774,0.7391304347826086,-6.0,decreasing
500189925,"BALL,TRIAC VALVE REPAIR","Module-DP,Module-Epoxy","Generic;BLUEM,BI-32i",D,dormant,none,False,0.0,0.0,0.0,,,0.0,,,unknown
500189926,"STEM,TRIAC SOL VALVE REPAIR","Module-DP,Module-Epoxy","Generic;BLUEM,BI-32i",,dormant,none,False,0.0,0.0,0.0,,,0.0,,,unknown
500191848,FITTING KEY 2X2X10MM HARDENED STEEL,"Module-Epoxy,Module-MHS","Grohmann MTS-600;Grohamnn MTS-605;Grohmann,MFM-220;Grohmann, MFM-220.2",D,dormant,none,False,0.0,0.0,0.0,,,0.0,,,unknown
500191884,SUCTION CUP  DIA 4.5MM FKM,Module-TCB,"ASM-Pacific,Phoenix",D,dormant,none,False,0.0,0.0,0.0,,,0.0,,,unknown
500194605,Computer Slim Chasis,"Module-BA,Module-Epoxy",Heller 2017 MK III;Heller 1800SS,D,dormant,none,False,0.0,0.0,0.0,,,0.0,,,unknown
500194607,"LINAK Actuator, 125mm stroke","Module-BA,Module-Epoxy",Heller VCO;VERTICAL PREBAKE EPOXY OVEN;Heller FAR;Heller 2017 MK III;Heller HRF,D,dormant,none,False,0.0,0.0,0.0,,,0.0,,,unknown
500194609,"Exhaust hose clamp 4""","Module-BA,Module-Epoxy",Heller 1800SS;Heller HRF;Heller 2017 Formic Acid;Heller FAR;Heller 2017 MK III,,dormant,none,False,0.0,0.0,0.0,,,0.0,,,unknown
500194902,CALIBRATION GLASS #29 (12X12X1MM),Module-TCB,"ASM-Pacific,Firebird;ASM-Pacific,Phoenix",D,dormant,none,False,0.0,0.0,0.0,,,0.0,,,unknown
500194903,(DPA) CALIBRATION GLASS WITH HOLDER,"Module-DP,Module-TCB","Generic;ASM-Pacific,Phoenix;ASM-Pacific,Firebird",,dormant,none,False,0.0,0.0,0.0,,,0.0,,,unknown
500197788,PEDESTAL O-RING (9.6X2.5 RTV31),"Module-DP,Module-TCB","Generic;ASM-Pacific,Phoenix;ASM-Pacific,Firebird",D,dormant,none,False,0.0,0.0,0.0,,,0.0,,,unknown
500200433,Z PLATFORM ASSEMBLY,Module-Epoxy,"BLUEM,BI-32i",,dormant,none,False,0.0,0.0,0.0,,,0.0,,,unknown
500200637,PUSHER FINGER UNIT STAINLESS STEEL,"Module-CAM,Module-Epoxy","Grohamnn MTS-605;Grohmann MTS-600;Grohmann,MFM-200",L,active,constant,True,0.0027397260273972603,0.011111111111111112,0.0027397260273972603,4.055555555555555,0.0,3.9999999999999996,,,unknown
500200639,"STEEL BAND THICKNESS 0,1MM","Module-CAM,Module-Epoxy","Grohmann MTS-600;Grohamnn MTS-605;Grohmann,MFM-200",L,active,constant,True,0.0027397260273972603,0.011111111111111112,0.0027397260273972603,4.055555555555555,0.0,3.9999999999999996,,,unknown
500200640,"VENTILATOR DNG 2-2,5 S-TS RIGHT","Module-CAM,Module-Epoxy","Grohamnn MTS-605;Grohmann,MFM-200;Grohmann MTS-600",,dormant,none,False,0.0,0.0,0.0,,,0.0,,,unknown
500200641,"VENTILATOR DNG 2-2,5 S-TS LEFT",Module-Epoxy,Grohamnn MTS-605;GROHMANN MTS-605;Grohmann MTS-600,,dormant,none,False,0.0,0.0,0.0,,,0.0,,,unknown
500200647,"SERVO MOTOR AC W/O BRAKE 480V 0,29KW","Module-CAM,Module-DP,Module-Epoxy","Grohmann MTS-600;Grohamnn MTS-605;Generic;Grohmann,MFM-200;GROHMANN MTS-605",D,dormant,none,False,0.0,0.0,0.0,,,0.0,,,unknown
500200648,"FIFO,RAIL",Module-Epoxy,GROHMANN MTS-605;Grohamnn MTS-605;Grohmann MTS-600,L,dormant,none,False,0.0,0.0,0.0,,,0.0,,,unknown
500200649,"AMPLIFIER,SECONDARY,UNIT",Module-Epoxy,Grohamnn MTS-605;Grohmann MTS-600,D,dormant,none,False,0.0,0.0,0.0,,,0.0,,,unknown
500200650,"AMPLIFIER,PRIMARY,UNIT",Module-Epoxy,Grohamnn MTS-605;Grohmann MTS-600;Grohmann Vertical oven,D,dormant,none,False,0.0,0.0,0.0,,,0.0,,,unknown
500200651,OPTICAL FIBRE CABLE FU-87K,"Module-CAM,Module-DP,Module-Epoxy","Grohmann MTS-600;Grohmann,MFM-200;Grohamnn MTS-605;Generic",L,active,constant,True,0.005479452054794521,0.022222222222222223,0.005479452054794521,4.055555555555555,1.0,1.5029726516052313,,,unknown
500200652,"BELT,FLAT.","Module-CAM,Module-DP,Module-Epoxy","Grohmann Vertical oven;Grohamnn MTS-605;Grohmann,MFM-200;Generic;Grohmann MTS-600",L,active,constant,True,0.0547945205479452,0.15555555555555556,0.0547945205479452,2.838888888888889,0.7,2.906249999999999,,,unknown
500200653,CYLINDER SWITCH,Module-Epoxy,Grohmann MTS-600;Grohamnn MTS-605,D,dormant,none,False,0.0,0.0,0.0,,,0.0,,,unknown
500200656,EL6002 ETHERCAT TERMINAL COMMUNICATION,"Module-DS,Module-IHS,Module-Epoxy,Module-Finish",PMM-T;PMM-L;PMM-R;Grohmann MTS-600;GROHMANN MTS-605;Tesla PMM;Grohamnn MTS-605,D,dormant,none,False,0.0,0.0,0.0,,,0.0,,,unknown
500200657,POTENTIAL DISTRIBUTION TERMINAL 24VDC,"Module-DP,Module-Epoxy",Generic;Grohamnn MTS-605;Grohmann MTS-600;GROHMANN MTS-605,D,dormant,none,False,0.0,0.0,0.0,,,0.0,,,unknown
500200658,POWER SUPPLY TERMINAL WIRED 5V 2AMP,"Module-CAM,Module-Epoxy,Module-MHS","Grohmann Vertical oven;Grohmann MTS-600;GROHMANN MTS-605;Grohamnn MTS-605;Grohmann, MFM-220.2;Grohmann,MFM-200",D,dormant,none,False,0.0,0.0,0.0,,,0.0,,,unknown
500200659,"SPEED DRIVE CONTROLLER 480V 0,37 KVA","Module-Epoxy,Module-MHS,Module-TCB","Grohmann MTS-600;Grohamnn MTS-605;GROHMANN MTS-605;Grohmann,MFM-220;APPJ MFM-220",L,dormant,none,False,0.0,0.0,0.0,,,0.0,,,unknown
500200660,SOLID STATE RELAY 277V 30A,Module-Epoxy,Grohamnn MTS-605;Grohmann MTS-600;GROHMANN MTS-605,,dormant,none,False,0.0,0.0,0.0,,,0.0,,,unknown
500200662,ELECTRONIC CIRCUIT BREAKER 24V 3.7A,"Module-DP,Module-Epoxy",Generic;Grohmann MTS-600;GROHMANN MTS-605;Grohamnn MTS-605,,dormant,none,False,0.0,0.0,0.0,,,0.0,,,unknown
500200663,ETHERCAT TERMINAL 2CHANNEL ANALOG INPUT,Module-Epoxy,Grohamnn MTS-605;Grohmann MTS-600;GROHMANN MTS-605,,dormant,none,False,0.0,0.0,0.0,,,0.0,,,unknown
500200665,TEMPERATURE SENSOR PT100 4 WIRE,Module-Epoxy,Grohmann MTS-600;GROHMANN MTS-605;Grohamnn MTS-605,,dormant,none,False,0.0,0.0,0.0,,,0.0,,,unknown
500200666,"AIR FLOW,MONITOR",Module-Epoxy,Grohmann MTS-600;GROHMANN MTS-605;Grohamnn MTS-605,,dormant,none,False,0.0,0.0,0.0,,,0.0,,,unknown
500201345,SOC HD CAP SCREW M2X8,"Module-BA,Module-TCB","ASM Pacific,BP3000;ASM-Pacific,Phoenix",D,dormant,none,False,0.0,0.0,0.0,,,0.0,,,unknown
500201346,SHIM 0.01MM,"Module-BA,Module-TCB","ASM-Pacific,Firebird;ASM Pacific,BP3000;ASM-Pacific,Phoenix;TSMab",L,dying,dying,False,0.0,0.0,0.0,,,4.0,,,unknown
500201841,"WHEELS,NYLON,MET,CART,RIGID",Module-Epoxy,"BLUEM,BI-32i",D,dormant,none,False,0.0,0.0,0.0,,,0.0,,,unknown
500201893,SPECTRUM HATCH HANDLE ASSEMBLY,"Module-Epoxy,Module-TCB",Asymtek S932;Asymtek S922,D,dormant,none,False,0.0,0.0,0.0,,,0.0,,,unknown
500202806,"VIAL 25x TUNGSTEN WIRES 0.007""","Module-DP,Module-TCB",Asymtek S932;Generic,L,dying,dying,False,0.0027397260273972603,0.0,0.0027397260273972603,0.0,0.0,2.626217818938201,0.11111111111111112,-8.0,decreasing
500202807,DJ-2000 AIR CAP ASSEMBLY 22.5 DEGREE,"Module-DP,Module-DxA,Module-IHS,Module-TCB","ASYMTEK,M-2000;Asymtek S932;Generic;Asymtek S912",L,active,constant,True,0.00821917808219178,0.011111111111111112,0.00821917808219178,1.351851851851852,0.0,1.5510204081632655,,,unknown
500203804,SLED SQUARE SHAFT,Module-Epoxy,Tiros BTi 802,,dormant,none,False,0.0,0.0,0.0,,,0.0,,,unknown
500204074,JET HEAT DATA CABLE,"Module-Epoxy,Module-TCB",Asymtek S922;Asymtek S932,L,active,constant,True,0.0027397260273972603,0.011111111111111112,0.0027397260273972603,4.055555555555555,0.0,3.9999999999999996,,,unknown
500204075,AUGER VALVE DATA CABLE,"Module-Epoxy,Module-IHS,Module-TCB",Asymtek S932;Asymtek S912;Asymtek S922,L,dying,dying,False,0.0,0.0,0.0,,,4.0,,,unknown
500204116,"CABLE ASSY,POWER RFID +24V",Module-Epoxy,Asymtek S922,D,dormant,none,False,0.0,0.0,0.0,,,0.0,,,unknown
500204342,O-RING1.8X6IDMM SHARE A 50-EK NBR,Module-TCB,"ASM-Pacific,Phoenix",,dormant,none,False,0.0,0.0,0.0,,,0.0,,,unknown
500204343,STACKER UD LEADSCREW ASSY,Module-TCB,"ASM-Pacific,Phoenix",,dormant,none,False,0.0,0.0,0.0,,,0.0,,,unknown
500204344,CM CHOKE AND DUMMY LOADER ASSY,"Module-DP,Module-TCB","Generic;TCB_Generic;ASM-Pacific,Phoenix",,dormant,none,False,0.0,0.0,0.0,,,0.0,,,unknown
500204345,"ASSEMBLY,TIMING,PULLEY",Module-TCB,"ASM,TCB,Y-SHUTTLE;ASM-Pacific,Phoenix",D,dormant,none,False,0.0,0.0,0.0,,,0.0,,,unknown
500204346,"ASSEMBLY,Z,SERVO,48V,200W,ELE,BH","Module-DP,Module-TCB","ASM-Pacific,Phoenix;TCB_Generic;Generic",L,dying,dying,False,0.0027397260273972603,0.0,0.0027397260273972603,0.0,0.0,4.000000000000001,,,unknown
500204348,3P AC INPUT BOX,Module-TCB,"ASM-Pacific,Phoenix",,dormant,none,False,0.0,0.0,0.0,,,0.0,,,unknown
500204349,2 PIN 6CH DC PWR DIST BOX,Module-TCB,"ASM-Pacific,Phoenix;ASM-Pacific,Firebird",,dormant,none,False,0.0,0.0,0.0,,,0.0,,,unknown
500204350,OT UP/DN DC HT CABLE ASSY,Module-TCB,"ASM-Pacific,Phoenix",D,dormant,none,False,0.0,0.0,0.0,,,0.0,,,unknown
500204351,OT UP/DN DC HT CABLE ASSY,Module-TCB,"ASM-Pacific,Phoenix",D,dormant,none,False,0.0,0.0,0.0,,,0.0,,,unknown
500204352,"CABLE,SOLENOID,CABLE,DPA,WEAK,BLOW,Z",Module-TCB,"ASM-Pacific,Phoenix",D,dormant,none,False,0.0,0.0,0.0,,,0.0,,,unknown
500204353,IO STEPPER MOTOR DRIVER ASSY,"Module-DP,Module-TCB","Generic;ASM-Pacific,Phoenix;TCB_Generic",,dormant,none,False,0.0,0.0,0.0,,,0.0,,,unknown
500204354,(DPA) VACUUM SENSOR CABLE,Module-TCB,"ASM-Pacific,Firebird;ASM-Pacific,Phoenix",,dormant,none,False,0.0,0.0,0.0,,,0.0,,,unknown
500204355,ANTISTATIC MALE ELBOW KQ2L10-04AS,Module-TCB,"ASM-Pacific,Phoenix;ASM-Pacific,Firebird",D,dormant,none,False,0.0,0.0,0.0,,,0.0,,,unknown
500204356,E-RING FOR GROOVE DIA 5MM SST,Module-TCB,"ASM-Pacific,Phoenix;ASM-Pacific,Firebird",,dormant,none,False,0.0,0.0,0.0,,,0.0,,,unknown
500204357,"GUIDE,LM,AFF,Z,STAGE.LEFT",Module-TCB,"ASM-Pacific,Phoenix",,dormant,none,False,0.0,0.0,0.0,,,0.0,,,unknown
500204358,"ENCODER,ASSEMBLY,DPA,X,AXIS",Module-TCB,"ASM-Pacific,Phoenix",D,dormant,none,False,0.0,0.0,0.0,,,0.0,,,unknown
500204359,"ENCODER,ASSY,BH,MINI",Module-TCB,"ASM-Pacific,Phoenix",D,dormant,none,False,0.0,0.0,0.0,,,0.0,,,unknown
500204360,"ENCODER,ASSEMBLY,DPA,Y,AXIS",Module-TCB,"ASM-Pacific,Phoenix",,dormant,none,False,0.0,0.0,0.0,,,0.0,,,unknown
500204361,E-RING FOR GROOVE DIA 4MM SST,Module-TCB,"ASM-Pacific,Firebird;ASM-Pacific,Phoenix",,dormant,none,False,0.0,0.0,0.0,,,0.0,,,unknown
500204362,"HEAD,INSPECTION,ASSEMBLY,LEFT,DDLO",Module-TCB,"ASM-Pacific,Phoenix;ASM-Pacific,Firebird",,dormant,none,False,0.0,0.0,0.0,,,0.0,,,unknown
500204363,DDLO INSP HEAD ASSY RIGHT,Module-TCB,"ASM-Pacific,Phoenix",,dormant,none,False,0.0,0.0,0.0,,,0.0,,,unknown
500204364,"IDLER,ASSEMBLY,12DIA,YTRANS,CONVYR,SHUTL",Module-TCB,"ASM,TCB,Y-SHUTTLE;ASM-Pacific,Phoenix",,dormant,none,False,0.0,0.0,0.0,,,0.0,,,unknown
500204365,MANIFOLD VV5K3-20-04,Module-TCB,"ASM-Pacific,Phoenix",,dormant,none,False,0.0,0.0,0.0,,,0.0,,,unknown
500204366,MANIFOLD VV5K3-20-08,Module-TCB,"ASM-Pacific,Phoenix",,dormant,none,False,0.0,0.0,0.0,,,0.0,,,unknown
500204367,(PENU)AIR BEARING FLOWMETER (N2),Module-TCB,"ASM-Pacific,Firebird;ASM-Pacific,Phoenix",,dormant,none,False,0.0,0.0,0.0,,,0.0,,,unknown
500204368,Z COLUMN AIR BEARING FLOWMETER,Module-TCB,"ASM-Pacific,Phoenix",,dormant,none,False,0.0,0.0,0.0,,,0.0,,,unknown
500204369,(PENU)AIR BEARING FLOWMETER (WAFER CHUCK,Module-TCB,"ASM-Pacific,Phoenix",,dormant,none,False,0.0,0.0,0.0,,,0.0,,,unknown
500204370,(BH)COOLING BLOCK FLOWMETER,Module-TCB,"ASM-Pacific,Phoenix",,dormant,none,False,0.0,0.0,0.0,,,0.0,,,unknown
500204371,(BH)IMPINGING COL 1# FLOWMETER,Module-TCB,"ASM-Pacific,Firebird;ASM-Pacific,Phoenix",,dormant,none,False,0.0,0.0,0.0,,,0.0,,,unknown
500204372,"MODULE,DRIVER,MARKIIIS,ASSY,MK",Module-TCB,"ASMP ACW;ASM-Pacific,Phoenix;ASM-Pacific,Firebird",D,dormant,none,False,0.0,0.0,0.0,,,0.0,,,unknown
500204373,"METER,FLOW,IMPINGING,COL#2,BH",Module-TCB,"ASM-Pacific,Phoenix",,dormant,none,False,0.0,0.0,0.0,,,0.0,,,unknown
500204375,O-RING ID13 OD17,Module-TCB,"ASM-Pacific,Phoenix",,dormant,none,False,0.0,0.0,0.0,,,0.0,,,unknown
500204376,"ORING,SILICONE,3.00X10.00,40,PNUE,BOX.",Module-TCB,"ASM-Pacific,Phoenix;GENERIC",D,dormant,none,False,0.0,0.0,0.0,,,0.0,,,unknown
500204377,"PEDESTAL O-RING NUT (D6.5, M5)","Module-DP,Module-TCB","ASM-Pacific,Firebird;Generic;ASM-Pacific,Phoenix",,dormant,none,False,0.0,0.0,0.0,,,0.0,,,unknown
500204378,"PULLEY,CONVEYOR,BELT,DRIVING,LONG","Module-DP,Module-TCB","Generic;ASM-Pacific,Phoenix;ASM,TCB,Y-SHUTTLE",,dormant,none,False,0.0,0.0,0.0,,,0.0,,,unknown
500204379,CONVEYOR BELT PULLEY SET,"Module-DP,Module-TCB","ASM-Pacific,Phoenix;ASM-Pacific,Firebird;Generic",,dormant,none,False,0.0,0.0,0.0,,,0.0,,,unknown
500204380,"2.5"" REMOVABLE HARD DISK MOBILE RACK",Module-TCB,"ASM-Pacific,Phoenix",D,dormant,none,False,0.0,0.0,0.0,,,0.0,,,unknown
500204381,CONVEYOR BELT PULLEY SET (DRIVING),"Module-DP,Module-TCB","ASM-Pacific,Firebird;ASM-Pacific,Phoenix;Generic",,dormant,none,False,0.0,0.0,0.0,,,0.0,,,unknown
500204382,(BH)VACUUM REGULATOR,Module-TCB,"ASM-Pacific,Phoenix",D,dormant,none,False,0.0,0.0,0.0,,,0.0,,,unknown
500204383,(BS-L)VACUUM REGULATOR,Module-TCB,"ASM-Pacific,Phoenix",,dormant,none,False,0.0,0.0,0.0,,,0.0,,,unknown
500204384,"RINGLIGHT,ASSY,UD,OPTICS,Y,TABLE,HVMOT",Module-TCB,"ASM-Pacific,Phoenix;ASM-Pacific,Firebird",D,dormant,none,False,0.0,0.0,0.0,,,0.0,,,unknown
500204386,(BS-R)VACUUM REGULATOR,Module-TCB,"ASM-Pacific,Phoenix",,dormant,none,False,0.0,0.0,0.0,,,0.0,,,unknown
500204388,"SENSOR,FLOW,BEAM,BS,AB,LEFT",Module-TCB,"ASM-Pacific,Phoenix",,dormant,none,False,0.0,0.0,0.0,,,0.0,,,unknown
500204389,(BS-R)BEAM AB FLOW SNR(R),Module-TCB,"ASM-Pacific,Phoenix",,dormant,none,False,0.0,0.0,0.0,,,0.0,,,unknown
500204390,"SENSOR,FLOW,CARRIAGE,BS,AB,LEFT",Module-TCB,"ASM-Pacific,Phoenix",,dormant,none,False,0.0,0.0,0.0,,,0.0,,,unknown
500204391,"SENSOR,FLOW,CARRIAGE,BS,AB,RIGHT",Module-TCB,"ASM-Pacific,Phoenix",,dormant,none,False,0.0,0.0,0.0,,,0.0,,,unknown
500204392,"SENSOR,FLOW,Y,VERTICAL,BS,AB,RIGHT",Module-TCB,"ASM-Pacific,Phoenix",,dormant,none,False,0.0,0.0,0.0,,,0.0,,,unknown
500204393,"SENSOR,FLOW,VERTICAL,BS,AB,LEFT",Module-TCB,"ASM-Pacific,Phoenix",,dormant,none,False,0.0,0.0,0.0,,,0.0,,,unknown
500204394,DIE TRANSFER ARM VAC SENSOR,Module-TCB,"ASM-Pacific,Phoenix;ASM-Pacific,Firebird",,dormant,none,False,0.0,0.0,0.0,,,0.0,,,unknown
500204395,(BS-L)HEATED PEDESTAL VAC SNR 1(L),Module-TCB,"ASM-Pacific,Phoenix",D,dormant,none,False,0.0,0.0,0.0,,,0.0,,,unknown
500204396,PHOTOELECTRIC SENSOR OADM 12U6430/S35A,Module-TCB,"ASM-Pacific,Phoenix;ASM-Pacific,Firebird",,dormant,none,False,0.0,0.0,0.0,,,0.0,,,unknown
500204397,"SENSOR,VACUUM,PEDESTAL,HEATED,BS,LEFT,2",Module-TCB,"ASM-Pacific,Phoenix",D,dormant,none,False,0.0,0.0,0.0,,,0.0,,,unknown
500204398,"SENSOR,VACUUM,PEDESTAL,HEATED,BS,LEFT,3",Module-TCB,"ASM-Pacific,Phoenix",D,dormant,none,False,0.0,0.0,0.0,,,0.0,,,unknown
500204399,MASSFLOW SENSOR MCS100A108,Module-TCB,"ASM-Pacific,Phoenix",,dormant,none,False,0.0,0.0,0.0,,,0.0,,,unknown
500204400,"SENSOR,VACUUM,PEDESTAL,HEATED,BS,LEFT,4",Module-TCB,"ASM-Pacific,Phoenix",D,dormant,none,False,0.0,0.0,0.0,,,0.0,,,unknown
500204401,"SENSOR,VACUUM,PEDESTAL,HEATED,BS,RIGHT,1",Module-TCB,"ASM-Pacific,Phoenix;GENERIC",D,dormant,none,False,0.0,0.0,0.0,,,0.0,,0.0,unknown
500204402,"SENSOR,VACUUM,PEDESTAL,HEATED,BS,RIGHT,3",Module-TCB,"ASM-Pacific,Phoenix",D,dormant,none,False,0.0,0.0,0.0,,,0.0,,,unknown
500204403,(BH)BH AIR BEARING SOL,Module-TCB,"ASM-Pacific,Phoenix",,dormant,none,False,0.0,0.0,0.0,,,0.0,,,unknown
500204404,"SENSOR,VACUUM,PEDESTAL,HEATED,BS,RIGHT,2",Module-TCB,"ASM-Pacific,Phoenix",D,dormant,none,False,0.0,0.0,0.0,,,0.0,0.0,-2.0,decreasing
500204405,(DTA)DIE TRANSFER ARM BLOW SOL,Module-TCB,"ASM-Pacific,Firebird;ASM-Pacific,Phoenix",,dormant,none,False,0.0,0.0,0.0,,,0.0,,,unknown
500204406,"SENSOR,VACUUM,PEDESTAL,HEATED,BS,RIGHT,4",Module-TCB,"ASM-Pacific,Phoenix",D,dormant,none,False,0.0,0.0,0.0,,,0.0,,,unknown
500204407,"SENSOR,VAC,STA-L,COVER.STRIP,THETA,1(L)",Module-TCB,"ASM-Pacific,Phoenix;ASM-Pacific,Firebird",D,dormant,none,False,0.0,0.0,0.0,,,0.0,,,unknown
500204408,(STA-L)STA FOR COVER/STRIP VAC SNR 2(L),Module-TCB,"ASM-Pacific,Phoenix;ASM-Pacific,Firebird",D,dormant,none,False,0.0,0.0,0.0,,,0.0,,,unknown
500204409,POST HEAT STATION VAC SOL 4(R),Module-TCB,"ASM-Pacific,Phoenix",D,dormant,none,False,0.0,0.0,0.0,,,0.0,,,unknown
500204410,(STA-R)COVER VACUUM SOL,Module-TCB,"ASM-Pacific,Phoenix",D,dormant,none,False,0.0,0.0,0.0,,,0.0,,,unknown
500204411,(DTA)DIE TRANSFER ARM VAC SOL,"Module-DP,Module-TCB","ASM-Pacific,Firebird;Generic;ASM-Pacific,Phoenix",,dormant,none,False,0.0,0.0,0.0,,,0.0,,,unknown
500204412,"MCB 2P 400V 25A,5-10X25A",Module-TCB,"GENERIC;ASM-Pacific,Phoenix",,dormant,none,False,0.0,0.0,0.0,,,0.0,,,unknown
500204413,BD STAGE AB FLOW SWITCH(L),Module-TCB,"ASM-Pacific,Phoenix;GENERIC",,dormant,none,False,0.0,0.0,0.0,,,0.0,,,unknown
500204414,"SWITCH,FLOW,BS,AB,RIGHT",Module-TCB,"ASM-Pacific,Phoenix;GENERIC",,dormant,none,False,0.0,0.0,0.0,,,0.0,,,unknown
500204415,(STA-R)SUBSTRATE VACUUM SOL,Module-TCB,"ASM-Pacific,Phoenix;GENERIC",,dormant,none,False,0.0,0.0,0.0,,,0.0,,,unknown
500204416,Z  STOPPER,Module-TCB,"ASM-Pacific,Phoenix;GENERIC",,dormant,none,False,0.0,0.0,0.0,,,0.0,,,unknown
500204417,"MCB 4P 415V 25A,10-20X25A",Module-TCB,"ASM-Pacific,Phoenix",,dormant,none,False,0.0,0.0,0.0,,,0.0,,,unknown
500204418,"SWITCH,FLOW,VACUUM,CARRIAGE,PRELOAD,BH",Module-TCB,"GENERIC;ASM-Pacific,Phoenix",,dormant,none,False,0.0,0.0,0.0,,,0.0,,,unknown
500204419,3U SMPS-10 ASSY24V&48V)_NO FRONT PANEL.,"Module-DP,Module-TCB","TCB_Generic;Generic;ASM-Pacific,Phoenix",D,dormant,none,False,0.0,0.0,0.0,,,0.0,,,unknown
500204420,(IO)DIE TRANSFER/PICK ARM VAC SWITCH,Module-TCB,"GENERIC;ASM-Pacific,Phoenix",,dormant,none,False,0.0,0.0,0.0,,,0.0,,,unknown
500204421,BH VAC REGULATOR BYPASS SOL,"Module-DP,Module-TCB","ASM-Pacific,Firebird;Generic;ASM-Pacific,Phoenix",D,dormant,none,False,0.0,0.0,0.0,,,0.0,,,unknown
500204422,BRANCH TEE UNION,Module-TCB,"GENERIC;ASM-Pacific,Phoenix",,dormant,none,False,0.0,0.0,0.0,,,0.0,,,unknown
500204448,FEMALE CRIMP TERMINAL PIN,"Module-BA,Module-TCB","ASM-Pacific,Firebird;ASM-Pacific,Phoenix;ASM Pacific,BP3000",,dormant,none,False,0.0,0.0,0.0,,,0.0,,,unknown
500204966,3200X2200-W-N-L-20-A-YYMMDD-AXXXX,"Module-DP,Module-TCB","ASM-Pacific,Firebird;Generic;ASM-Pacific,Phoenix",D,dormant,none,False,0.0,0.0,0.0,,,0.0,,,unknown
500204967,0880X0880-W-N-L-20-A-YYMMDD-AXXXX,"Module-DP,Module-TCB","Generic;ASM-Pacific,Phoenix;ASM-Pacific,Firebird",,dormant,none,False,0.0,0.0,0.0,,,0.0,,,unknown
500204968,"NOZZLE SOKO 28XX 4KT2,7",Module-TCB,"ASM-Pacific,Phoenix;ASM-Pacific,Firebird",,dormant,none,False,0.0,0.0,0.0,,,0.0,,,unknown
500204969,NOZZLE SOKO 20XX 1.7X1.7,Module-TCB,"ASM-Pacific,Phoenix",,dormant,none,False,0.0,0.0,0.0,,,0.0,,,unknown
500204970,"COLLET,RUBBER,TIP,4.06X8.13MM",Module-TCB,"GENERIC;ASM-Pacific,Phoenix",L,dying,dying,False,0.00821917808219178,0.0,0.00821917808219178,0.0,0.0,1.6659560476023885,,,unknown
500205520,PIPE 6 MM BLACK  PUN-6x1-SW,Module-Epoxy,Grohmann MTS-600;Grohamnn MTS-605,,dormant,none,False,0.0,0.0,0.0,,,0.0,,,unknown
500205940,FEEDER FOR SPP 32MM,"Module-Epoxy,Module-MHS","Grohamnn MTS-605;Grohmann, MFM-220.2;Grohmann,MFM-220;Grohmann MTS-600",,dormant,none,False,0.0,0.0,0.0,,,0.0,,,unknown
500205941,FEEDER FOR SPP 44MM,"Module-CAM,Module-Epoxy,Module-MHS","Grohmann MTS-600;Grohmann,MFM-220;Grohmann, MFM-220.2;Grohamnn MTS-605;Grohmann,MFM-200",,dormant,none,False,0.0,0.0,0.0,,,0.0,,,unknown
500206263,bracket valve station,"Module-Epoxy,Module-TCB",Asymtek S922;Asymtek S932;Asymtek S902,,dormant,none,False,0.0,0.0,0.0,,,0.0,,,unknown
500206264,DRIVE PULLEY SPECTRUM,"Module-DxA,Module-Epoxy","Asymtek S902;ASYMTEK,M-2000;Asymtek S922",,dormant,none,False,0.0,0.0,0.0,,,0.0,,,unknown
500206265,pulley conv drive X1022,"Module-DxA,Module-Epoxy","Asymtek S902;ASYMTEK,M-2000;Asymtek S922",,dormant,none,False,0.0,0.0,0.0,,,0.0,,,unknown
500206266,LIGHT SOURCE POWER CABLE,"Module-Epoxy,Module-IHS,Module-TCB",Asymtek S932;Asymtek S912;Asymtek S922,L,dying,dying,False,0.0027397260273972603,0.0,0.0027397260273972603,0.0,0.0,1.7860077854671281,,,unknown
500206267,"FITTING,ELB,10-32X1/4QD",Module-Epoxy,Asymtek S922;Asymtek S902,L,dying,dying,False,0.0027397260273972603,0.0,0.0027397260273972603,0.0,0.0,4.000000000000001,,,unknown
500206604,"BOWL,FILTER,METAL",Module-Epoxy,Asymtek S922;GENERIC,,dormant,none,False,0.0,0.0,0.0,,,0.0,,,unknown
500206607,DJ-9000 LOAD PIN BUTTON HEAD,Module-Epoxy,Asymtek S922,D,dormant,none,False,0.0,0.0,0.0,,,0.0,,,unknown
500206926,"COMPUTER,INDUSTRIAL,HDD SPARE","Module-DP,Module-DxA,Module-Epoxy,Module-IHS,Module-TCB",Asymtek S922;Asymtek S902;Asymtek S2-912;Asymtek S932;Generic;Asymtek S912,L,dying,dying,False,0.0,0.0,0.0,,,4.0,,,unknown
500206927,HARDWARE KIT FOR INDUSTRIAL COMPUTER,"Module-DP,Module-Epoxy,Module-IHS,Module-TCB",Generic;Asymtek-Jabil RA4 ASF;Asymtek S912;Asymtek S932;Asymtek S922,D,dormant,none,False,0.0,0.0,0.0,,,0.0,,,unknown
500207208,SPECTRUM VALVE CLAMP,"Module-IHS,Module-TCB",Asymtek S912;Asymtek S932,,dormant,none,False,0.0,0.0,0.0,,,0.0,,,unknown
500207848,"BELT, TIMING 183MM X 9MM 3MM",Module-TCB,"Delta JLP, JTP",D,dormant,none,False,0.0,0.0,0.0,,,0.0,,,unknown
500207850,"CUP SEAL 1.5""OD,1-3/16'ID,5/32","Module-BA,Module-TCB","Delta JLP, JTP;JTP",,dormant,none,False,0.0,0.0,0.0,,,0.0,,,unknown
500207851,"CUP SEAL 1""OD,3/4""ID,1/8""W","Module-BA,Module-TCB","JTP;Delta JLP, JTP",,dormant,none,False,0.0,0.0,0.0,,,0.0,,,unknown
500207852,TIMING BELT 3MM PITCH 85T 15MM WIDTH,Module-TCB,"Delta JLP, JTP",,dormant,none,False,0.0,0.0,0.0,,,0.0,,,unknown
500207853,PVC METRIC FUSE COVER 8 X 32 MM BLUE,Module-TCB,"Delta JLP, JTP",,dormant,none,False,0.0,0.0,0.0,,,0.0,,,unknown
500207854,"FUSE,CARTRIDGE,15A,250V","Module-DP,Module-TCB,Module-Test","Delta JLP, JTP;DP Besi 300MM TTR",L,dying,dying,False,0.0027397260273972603,0.0,0.0027397260273972603,0.0,0.0,4.000000000000001,,,unknown
500207855,"SMP,BLEND,MOLYKOTE 55 O-RING GREASE",Module-TCB,"Delta JLP, JTP",L,dying,dying,False,0.0027397260273972603,0.0,0.0027397260273972603,0.0,0.0,4.000000000000001,,,unknown
500207856,"RUBBER O-RING 1.364"" ID NON-ELEC","Module-BA,Module-TCB","JTP;Delta JLP, JTP",,dormant,none,False,0.0,0.0,0.0,,,0.0,,,unknown
500207857,"TIMING BELT,3MM GT2, 25MM L",Module-TCB,"Delta JLP, JTP",,dormant,none,False,0.0,0.0,0.0,,,0.0,,,unknown
500207858,POLYETHYLENE LONG TOP PLATE GUIDE BLACK,Module-TCB,"Delta JLP, JTP",,dormant,none,False,0.0,0.0,0.0,,,0.0,,,unknown
500207859,SS AXLE BOLT 5.992MM NON ELEC,Module-TCB,"Delta JLP, JTP",,dormant,none,False,0.0,0.0,0.0,,,0.0,,,unknown
500207860,SS E-RING 4MM NON-ELEC,Module-TCB,"Delta JLP, JTP",D,dormant,none,False,0.0,0.0,0.0,,,0.0,,,unknown
500207861,SST TRAY PLATFORM DETECT FLAG,Module-TCB,"Delta JLP, JTP",L,dormant,none,False,0.0,0.0,0.0,,,0.0,,,unknown
500207862,"URETHANE BUMPER 1-3/4L,1W,3/4H",Module-TCB,"Delta JLP, JTP",,dormant,none,False,0.0,0.0,0.0,,,0.0,,,unknown
500207863,UHMWPE DOCKING TOP PLATE GUIDE BLACK,Module-TCB,"Delta JLP, JTP",,dormant,none,False,0.0,0.0,0.0,,,0.0,,,unknown
500207864,"CARBON STEEL BALL SCREW SPACER 15""ID",Module-TCB,"Delta JLP, JTP",,dormant,none,False,0.0,0.0,0.0,,,0.0,,,unknown
500207865,"TIMING BELT,3MM GT2,489T,15MM",Module-TCB,"Delta JLP, JTP",,dormant,none,False,0.0,0.0,0.0,,,0.0,,,unknown
500207866,FREE MOUNT SINGLE ROD CYLINDER 1.05MPA,Module-TCB,"Delta JLP, JTP",,dormant,none,False,0.0,0.0,0.0,,,0.0,,,unknown
500207867,PCA DIGITAL INPUT/OUTPUT ASSEMBLY 24V,Module-TCB,"Delta JLP, JTP",D,dormant,none,False,0.0,0.0,0.0,,,0.0,,,unknown
500207868,GROOVED TIMING PULLEY 3MM GT2 8MM BORE,Module-TCB,"Delta JLP, JTP",D,dormant,none,False,0.0,0.0,0.0,,,0.0,,,unknown
500207871,LOW SPEED CONTROL FITTING R1/8 6MM TUBE,Module-TCB,"Delta JLP, JTP",,dormant,none,False,0.0,0.0,0.0,,,0.0,,,unknown
500207872,SS DRIVE SHAFT 6MM DIA 81MM LENGTH,Module-TCB,"Delta JLP, JTP",D,dormant,none,False,0.0,0.0,0.0,,,0.0,,,unknown
500207873,ROLLED BALL SCREW 834MM NON-ELEC,Module-TCB,"Delta JLP, JTP",,dormant,none,False,0.0,0.0,0.0,,,0.0,,,unknown
500207874,"ASSY,AC/DC POWER MODULE,JLP","Module-TCB,Module-Test","Delta JLP, JTP",D,dormant,none,False,0.0,0.0,0.0,,,0.0,,,unknown
500207875,"DRIVE,COPLEY ACJ-090-12,JLP","Module-TCB,Module-Test","Delta JLP, JTP;Delta CTH-Pyramid 2008",L,dying,dying,False,0.0,0.0,0.0,,,4.0,,,unknown
500207877,ROLLED BALL SCREW 392MM NON ELEC,Module-TCB,"Delta JLP, JTP",L,dormant,none,False,0.0,0.0,0.0,,,0.0,,,unknown
500207878,"GRIPPER, ASSEMBLY 2","Module-DP,Module-TCB","Generic;Delta JLP, JTP",D,dormant,none,False,0.0,0.0,0.0,,,0.0,,,unknown
500207879,"MOTOR ASSY,TBNS604 TO ACJ,JLP",Module-TCB,"Delta JLP, JTP",D,dormant,none,False,0.0,0.0,0.0,,,0.0,,,unknown
500207880,"MOTOR ASSY,TBNS8017 TO ADP,JLP","Module-DP,Module-TCB,Module-Test","Delta JLP, JTP;Generic",D,dormant,none,False,0.0,0.0,0.0,,,4.000000000000001,,,unknown
500207881,"MOTOR ASSY,TONS402 TO ACJ,JLP",Module-TCB,"Delta JLP, JTP",L,dying,dying,False,0.0,0.0,0.0,,,4.0,,,unknown
500207882,ALUMINUM PNEUMATIC LIFT ASSEMBLY,"Module-BA,Module-DP,Module-TCB","Delta JLP, JTP;JTP;Generic",D,dormant,none,False,0.0,0.0,0.0,,,0.0,,,unknown
500207883,AL TIMING BELT PULLEY 36 TEETH GT2,Module-TCB,"Delta JLP, JTP",,dormant,none,False,0.0,0.0,0.0,,,0.0,,,unknown
500207884,"MOTOR ASSY,TONS8017 TO ADP,JLP",Module-TCB,"Delta JLP, JTP",,dormant,none,False,0.0,0.0,0.0,,,0.0,,,unknown
500207885,SERVO MOTOR 75VDC 22.3A ASSEMBLY,Module-TCB,"Delta JLP, JTP",D,dormant,none,False,0.0,0.0,0.0,,,0.0,,,unknown
500207886,AL PULLEY FLANGED 21MM DIA 13MM W,Module-TCB,"Delta JLP, JTP",,dormant,none,False,0.0,0.0,0.0,,,0.0,,,unknown
500207887,AL ALLOY PULLEY 36TOOTH 3MM GT2,Module-TCB,"Delta JLP, JTP",,dormant,none,False,0.0,0.0,0.0,,,0.0,,,unknown
500207888,AL LIFT BRACKET 143.5X144.7MM,Module-TCB,"Delta JLP, JTP",D,dormant,none,False,0.0,0.0,0.0,,,0.0,,,unknown
500207889,ALUMINUM PULLEY 72 TEETH 3MM PITCH GT2,Module-TCB,"Delta JLP, JTP",,dormant,none,False,0.0,0.0,0.0,,,0.0,,,unknown
500207890,TRAY PLATEN GRIPPER ASSY ALUMINUM,Module-TCB,"Delta JLP, JTP",,dormant,none,False,0.0,0.0,0.0,,,0.0,,,unknown
500207894,"RUNNER BLOCK,15MM,LONG",Module-TCB,"Delta JLP, JTP",D,dormant,none,False,0.0,0.0,0.0,,,0.0,,,unknown
500207895,ALUMINUM SHORT RAIL SLOTTED 156MM L,Module-TCB,"Delta JLP, JTP",,dormant,none,False,0.0,0.0,0.0,,,0.0,,,unknown
500207896,ALUMINUM SHORT RAIL SLOTTED 156MM L,Module-TCB,"Delta JLP, JTP",,dormant,none,False,0.0,0.0,0.0,,,0.0,,,unknown
500207897,INTERLOCK SWITCH ASSY 30-250V,Module-TCB,"Delta JLP, JTP",,dormant,none,False,0.0,0.0,0.0,,,0.0,,,unknown
500207898,ALUMINUM LONG RAIL 181MM L 10MM W,Module-TCB,"Delta JLP, JTP",,dormant,none,False,0.0,0.0,0.0,,,0.0,,,unknown
500207902,STEEL SHAFT SUPPORT UNIT 15MM DIA,Module-TCB,"Delta JLP, JTP",,dormant,none,False,0.0,0.0,0.0,,,0.0,,,unknown
500207903,"CONTACT,28-32AWG,GOLD PLATED",Module-TCB,"Delta JLP, JTP",,dormant,none,False,0.0,0.0,0.0,,,0.0,,,unknown
500207904,"COUPLING,RIGID",Module-TCB,"Delta JLP, JTP",,dormant,none,False,0.0,0.0,0.0,,,0.0,,,unknown
500207905,ZINC ALLOY DOOR LATCH LOW PROFILE,Module-TCB,"Delta JLP, JTP",,dormant,none,False,0.0,0.0,0.0,,,0.0,,,unknown
500207906,IGLIDUR? M250 PLAIN BEARING 20 ID 23 OD,Module-TCB,"Delta JLP, JTP",,dormant,none,False,0.0,0.0,0.0,,,0.0,,,unknown
500207907,"SENSOR ASSY,CYL MAG,MTE3M",Module-TCB,"Delta JLP, JTP",L,dying,dying,False,0.0,0.0,0.0,,,4.0,,,unknown
500207908,IGLIDUR? M250 PLAIN BEARING 3/4ID 7/8OD,Module-TCB,"Delta JLP, JTP",,dormant,none,False,0.0,0.0,0.0,,,0.0,,,unknown
500207910,2MM INDUCTIVE SENSOR ASSY 10-30VDC,"Module-DP,Module-TCB","Delta JLP, JTP;Generic",D,dormant,none,False,0.0,0.0,0.0,,,0.0,,,unknown
500207911,PHOTOELECTRIC SENSOR ASSY 5-24VDC 15MA,"Module-Epoxy,Module-OLx,Module-TCB","Delta JLP, JTP;Delta,OLB;Asymtek S922",,dormant,none,False,0.0,0.0,0.0,,,0.0,,,unknown
500207912,PHOTOELECTRIC SENSOR ASSY 5-24VDC 15MA,Module-TCB,"Delta JLP, JTP",,dormant,none,False,0.0,0.0,0.0,,,0.0,,,unknown
500207913,PHOTOELECTRIC SENSOR ASSY 5-24VDC 15MA,Module-TCB,"Delta JLP, JTP",,dormant,none,False,0.0,0.0,0.0,,,0.0,,,unknown
500207917,"SPACER, PULLEY LONG","Module-MHS,Module-TCB","Delta JLP, JTP;Grohmann,MFM-220",D,dormant,none,False,0.0,0.0,0.0,,,0.0,,,unknown
500207918,"SPACER, BEARING","Module-MHS,Module-TCB","Grohmann,MFM-220;Delta JLP, JTP",D,dormant,none,False,0.0,0.0,0.0,,,0.0,,,unknown
500208627,SEMI F47 ASSY BI32I 22KW,Module-Epoxy,"BLUEM,BI-32i;Tiros,BTI 800;Tiros BTi 802",,dormant,none,False,0.0,0.0,0.0,,,0.0,,,unknown
500208913,ROTATION CALIBRATION NOZZLE FOR SPP,"Module-Epoxy,Module-MHS","Grohmann, MFM-220.2;Grohmann MTS-600;Grohmann,MFM-220;Grohamnn MTS-605",,dormant,none,False,0.0,0.0,0.0,,,0.0,,,unknown
500209139,"TCB NOZZLE BDW ULT 2+3 U1,G37465 CVD",Module-TCB,"GENERIC;ASM-Pacific,Phoenix",,dormant,none,False,0.0,0.0,0.0,,,0.0,,,unknown
500209140,"TCB NOZZLE BDW ULT U2,G37470 CVD",Module-TCB,"ASM-Pacific,Phoenix",D,dormant,none,False,0.0,0.0,0.0,,,0.0,,,unknown
500210269,HEATING ELEMENT,Module-Epoxy,Grohamnn MTS-605;Grohmann MTS-600,,dormant,none,False,0.0,0.0,0.0,,,0.0,,,unknown
500210272,"GASKET, 10 METER",Module-Epoxy,Grohamnn MTS-605;Grohmann MTS-600,,dormant,none,False,0.0,0.0,0.0,,,0.0,,,unknown
500210278,3 WAY VALVE,Module-Epoxy,Grohmann MTS-600;Grohamnn MTS-605;GROHMANN MTS-605,,dormant,none,False,0.0,0.0,0.0,,,0.0,,,unknown
500210292,"SOLENIOD VALVE G1/8"" PLASTIC",Module-Epoxy,Grohamnn MTS-605;Grohmann MTS-600,,dormant,none,False,0.0,0.0,0.0,,,0.0,,,unknown
500210297,"VENTILATOR, FAN",Module-Epoxy,Grohmann MTS-605;Grohmann MTS-600,,dormant,none,False,0.0,0.0,0.0,,,0.0,,,unknown
500210462,EDGE PROTECTION FOR FEEDER FLOOR,"Module-Epoxy,Module-MHS","Grohmann, MFM-220.2;Grohmann,MFM-220;Grohmann MTS-600;Grohamnn MTS-605",,dormant,none,False,0.0,0.0,0.0,,,0.0,,,unknown
500210469,COVER SCREW FEEDER SET,"Module-CAM,Module-Epoxy,Module-MHS","Grohmann, MFM-220.2;Grohmann,MFM-200;Grohamnn MTS-605;Grohmann,MFM-220;Grohmann MTS-600",L,dying,dying,False,0.0,0.0,0.0,,,4.0,,,unknown
500210784,STOP PIN SPECTRUM,Module-Epoxy,Asymtek S922;GENERIC,,dormant,none,False,0.0,0.0,0.0,,,0.0,,,unknown
500210785,"SHIELD,ESD RFID READER INTEL",Module-Epoxy,Asymtek S922,,dormant,none,False,0.0,0.0,0.0,,,0.0,,,unknown
500210786,PURGE FILTER SPECTRUM,"Module-DP,Module-Epoxy",Asymtek-Jabil RA4 ASF;Generic;Asymtek S922,H,active,constant,True,0.0958904109589041,0.13333333333333333,0.0958904109589041,1.3904761904761906,0.11428571428571428,0.09747190736743278,,,unknown
500210787,COVER FOR X-BEAM SPECTRUM,"Module-Epoxy,Module-IHS",Asymtek S912;Asymtek S922,D,dormant,none,False,0.0,0.0,0.0,,,0.0,,,unknown
500211453,(DPA) NOZZLE 20XX RUBBER TIP D4.064,Module-TCB,"ASM-Pacific,Firebird;ASM-Pacific,Phoenix",D,dormant,none,False,0.0,0.0,0.0,,,0.0,,,unknown
500211456,"MOTOR ASSY,TONS6011 TO ACJ,JTP","Module-BA,Module-TCB","Delta JLP, JTP;JTP",L,dormant,none,False,0.0,0.0,0.0,,,0.0,,,unknown
500211588,FEEDER FOR SPP 24MM,"Module-CAM,Module-Epoxy,Module-MHS","Grohmann MTS-600;Grohamnn MTS-605;Grohmann, MFM-220.2;Grohmann,MFM-200;Grohmann,MFM-220",,dormant,none,False,0.0,0.0,0.0,,,0.0,,,unknown
500211594,"SCREW, M4X0.7 SOCKET FLAT X 10",Module-Epoxy,Asymtek S922,,dormant,none,False,0.0,0.0,0.0,,,0.0,,,unknown
500211778,VACUUM PLATE H1 CONFIG. 17A/18A/19,"Module-CAM,Module-Epoxy,Module-MHS","Grohamnn MTS-605;Grohmann,MFM-200;Grohmann MTS-600;Grohmann,MFM-220;Grohmann, MFM-220.2",,dormant,none,False,0.0,0.0,0.0,,,0.0,,,unknown
500211779,VACUUM PLATE H2 CONFIG. 17A/18A/19,"Module-CAM,Module-Epoxy,Module-MHS","Grohmann MTS-600;Grohamnn MTS-605;Grohmann,MFM-200;Grohmann,MFM-220;Grohmann, MFM-220.2",,dormant,none,False,0.0,0.0,0.0,,,0.0,,,unknown
500212204,"CAMERA,DIGITAL,INTENSIFIER",Module-TCB,"OMRON,3DXRAY,VT-X900",D,dormant,none,False,0.0,0.0,0.0,,,0.0,,,unknown
500212206,"DISK,TARGET,ORING,GLOBE",Module-TCB,"OMRON,3DXRAY,VT-X900",L,active,constant,True,0.005479452054794521,0.011111111111111112,0.005479452054794521,2.0277777777777777,0.5,2.7993510005408333,,,unknown
500212210,"FILAMENT,TUNGSTEN,CATHODE",Module-TCB,"OMRON,3DXRAY,VT-X900",L,active,constant,True,0.005479452054794521,0.022222222222222223,0.005479452054794521,4.055555555555555,0.0,3.9999999999999996,,,unknown
500212211,"GAUGE,VACUUM",Module-TCB,"OMRON,3DXRAY,VT-X900",D,dormant,none,False,0.0,0.0,0.0,,,0.0,,,unknown
500212227,"SENSOR,PHOTO","Module-TCB,Module-Test","Delta,Summit,ATC;OMRON,3DXRAY,VT-X900",,dormant,none,False,0.0,0.0,0.0,,,0.0,,,unknown
500212232,"SWITCH,2,SAFETY,DOOR",Module-TCB,"OMRON,3DXRAY,VT-X900",,dormant,none,False,0.0,0.0,0.0,,,0.0,,,unknown
500212235,CONTROLLER FOR OUTPUT VOLTAGE TO AN XRAY,Module-TCB,"OMRON,3DXRAY,VT-X900",D,dormant,none,False,0.0,0.0,0.0,,,0.0,,,unknown
500212256,NOZZLE CVD 1322X0582-B-P-S-05,Module-TCB,"GENERIC;ASM-Pacific,Phoenix",,dormant,none,False,0.0,0.0,0.0,,,0.0,,,unknown
500212257,PEDESTAL CONVERSION TOOL ASSY,Module-TCB,"GENERIC;ASM-Pacific,Phoenix",D,dormant,none,False,0.0,0.0,0.0,,,0.0,,,unknown
500212556,ADHESIVE-BACK FOAM CORNER & SURFACE GUAR,Module-Epoxy,"BLUEM,BI-32i",D,dormant,none,False,0.0,0.0,0.0,,,0.0,,,unknown
500212657,"SMP,BLEND,LOCTITE MR 5438","Module-DP,Module-Epoxy",Generic;Asymtek S922,L,dying,dying,False,0.0,0.0,0.0,,,4.0,,,unknown
500212770,CAP SENSOR MOTOR ASSY,Module-TCB,"ASM-Pacific,Firebird;ASM-Pacific,Phoenix",D,dormant,none,False,0.0,0.0,0.0,,,0.0,,,unknown
500212818,CABLE LIMIT SWITCH A AXIS,"Module-DP,Module-Epoxy",Tiros BTi 802;Generic,,dormant,none,False,0.0,0.0,0.0,,,0.0,,,unknown
500213187,"KIT, S-9X2 JDEC ROLLER REPLACE",Module-Epoxy,Asymtek S922;GENERIC,,dormant,none,False,0.0,0.0,0.0,,,0.0,,,unknown
500213188,LIGHT BEAM SPLITTER,"Module-DP,Module-Epoxy,Module-IHS,Module-TCB",Asymtek S932;Asymtek S922;Asymtek S912;Asymtek-Jabil RA4 ASF;Generic,L,dying,dying,False,0.0027397260273972603,0.0,0.0027397260273972603,0.0,0.0,1.5001670515038346,,,unknown
500213189,CONVEYOR INSERT W/ ROLLERS SPECTRUM,"Module-DP,Module-DxA,Module-Epoxy,Module-TCB",Asymtek S2-912;Asymtek S922;Asymtek S932;Generic,,dormant,none,False,0.0,0.0,0.0,,,0.0,,,unknown
500213191,"BRACKET,STOP PIN JDEC.",Module-Epoxy,Asymtek S922;GENERIC,,dormant,none,False,0.0,0.0,0.0,,,0.0,,,unknown
500213192,SPECTRUM CONVEYOR RAIL STOPPER,"Module-DP,Module-Epoxy,Module-TCB",Asymtek S902;Asymtek S922;Generic;Asymtek S932,L,dormant,none,False,0.0,0.0,0.0,,,0.0,,,unknown
500213193,CONVEYOR INSERT W/ ROLLERS SPECTRUM,"Module-DP,Module-DxA,Module-Epoxy,Module-TCB",Asymtek S2-912;Asymtek S932;Generic;Asymtek S922,,dormant,none,False,0.0,0.0,0.0,,,0.0,,,unknown
500213194,FIBER OPTIC SENSOR M3 RELECTIVE,"Module-DP,Module-Epoxy,Module-TCB",Asymtek S922;Asymtek S932;Generic;Asymtek S902,L,dying,dying,False,0.0027397260273972603,0.0,0.0027397260273972603,0.0,0.0,4.000000000000001,,,unknown
500213663,PNEUMATIC CONNECTOR POLYCARBONATE,Module-Epoxy,Grohamnn MTS-605;Grohmann MTS-600,,dormant,none,False,0.0,0.0,0.0,,,0.0,,,unknown
500213664,PNEUMATIC CONNECTOR POLYPROPYLEN,"Module-CAM,Module-Epoxy","Grohmann MTS-600;Grohamnn MTS-605;Grohmann,MFM-200",D,dormant,none,False,0.0,0.0,0.0,,,0.0,,,unknown
500213665,HARTING PNEUMATIC CONTACT MALE 4MM,"Module-CAM,Module-Epoxy","Grohmann,MFM-200;Grohamnn MTS-605;Grohmann MTS-600",D,dormant,none,False,0.0,0.0,0.0,,,0.0,,,unknown
500214051,PULLEY2 CLAMPTOR,Module-TCB,"ASM-Pacific,Firebird;ASM-Pacific,Phoenix",,dormant,none,False,0.0,0.0,0.0,,,0.0,,,unknown
500214054,BALL SCREW PULLEY,Module-TCB,"ASM-Pacific,Phoenix;ASM-Pacific,Firebird",,dormant,none,False,0.0,0.0,0.0,,,0.0,,,unknown
500214059,Y MOTOR PULLEY,"Module-BA,Module-TCB","ASM Pacific,BP3000;ASM-Pacific,Phoenix",,dormant,none,False,0.0,0.0,0.0,,,0.0,,,unknown
500214132,TIMING PULLEY ST126AT10/30-2,Module-TCB,"ASM-Pacific,Phoenix;ASM-Pacific,Firebird",,dormant,none,False,0.0,0.0,0.0,,,0.0,,,unknown
500214188,VACUUM GENERATOR VBE10-66P,Module-TCB,"ASMP Ideal Mold;ASM-Pacific,Phoenix",D,dormant,none,False,0.0,0.0,0.0,,,0.0,,,unknown
500214251,"BRACKET,DOVETAIL-DJ-9000",Module-Epoxy,Asymtek S922,,dormant,none,False,0.0,0.0,0.0,,,0.0,,,unknown
500214644,"ASSY,BULKHEAD,MODULE,INTEL","Module-DP,Module-Epoxy,Module-IHS",Asymtek S912;Asymtek S922;Generic,D,dormant,none,False,0.0,0.0,0.0,,,0.0,,,unknown
500214728,Misonix Hydrocarbon Filter 5704,Module-Epoxy,Fume Hood,,dormant,none,False,0.0,0.0,0.0,,,0.0,,,unknown
500214729,SAFETY HYDROCARBON FILTER AU-42,Module-Epoxy,Fume Hood,,dormant,none,False,0.0,0.0,0.0,,,0.0,,,unknown
500215364,"BUSHING,STRAIN RELIEF,.25-.29","Module-DP,Module-Epoxy",Generic;Asymtek S902;Asymtek S922,,dormant,none,False,0.0,0.0,0.0,,,0.0,,,unknown
500215365,"SCREW, M4 X 0.7, SET, CUP X 10",Module-Epoxy,Asymtek S902;Asymtek S922,,dormant,none,False,0.0,0.0,0.0,,,0.0,,,unknown
500215366,"SCREW, SET, 10-32 X 1/4""",Module-Epoxy,Asymtek S922;Asymtek S902,,dormant,none,False,0.0,0.0,0.0,,,0.0,,,unknown
500215367,"FITTING,UNION,10-32THD-1/8TUBE","Module-DP,Module-Epoxy,Module-TCB",Asymtek S932;Asymtek S902;Asymtek S922;Generic,M,dying,dying,False,0.0547945205479452,0.0,0.0547945205479452,0.0,0.0,1.1045434188038237,,,unknown
500215368,"COUPLING, 3/8 TO 1/8 NPT",Module-Epoxy,Asymtek S902;Asymtek S922,,dormant,none,False,0.0,0.0,0.0,,,0.0,,,unknown
500215998,MAIN HYDROCARBON FILTER (AC),"Module-DP,Module-Epoxy",Generic;Fume Hood,,dormant,none,False,0.0,0.0,0.0,,,0.0,,,unknown
500215999,PRE FILTERS,"Module-DP,Module-Epoxy",Fume Hood;Generic,D,dormant,none,False,0.0,0.0,0.0,,,0.0,,,unknown
500216250,"SLIMKIC 2000, IHS",Module-Epoxy,"BLUEM,BI-32i",,dormant,none,False,0.0,0.0,0.0,,,0.0,,,unknown
500216309,LENS IMAGE PROC INTERNAL MEM PCB CAMERA,Module-TCB,"Delta JLP, JTP",D,dormant,none,False,0.0,0.0,0.0,,,0.0,,,unknown
500216310,PROGRAMMED PCA ASSY LAMP CONTROL 5V,Module-TCB,"Delta JLP, JTP",,dormant,none,False,0.0,0.0,0.0,,,0.0,,,unknown
500216313,PCA INTERFACE CONTROLLER  24VDC,Module-TCB,"Delta JLP, JTP",D,dormant,none,False,0.0,0.0,0.0,,,0.0,,,unknown
500216314,COPPER CLAD EPOXY GLASS LED,Module-TCB,"Delta JLP, JTP",,dormant,none,False,0.0,0.0,0.0,,,0.0,,,unknown
500216316,"PCA,G2 CAN IO MOD,JLP","Module-TCB,Module-Test","Delta CTH-Pyramid 2008;Delta JLP, JTP",D,dormant,none,False,0.0,0.0,0.0,,,0.0,,,unknown
500216317,AL BASE LED LAMP ASSEMBLY 0.5W,"Module-BA,Module-TCB","JTP;Delta JLP, JTP",D,dormant,none,False,0.0,0.0,0.0,,,0.0,,,unknown
500216539,PHOTOELECTRIC SENSOR ASSY 640NM 30VDC,Module-TCB,"Delta JLP, JTP",,dormant,none,False,0.0,0.0,0.0,,,0.0,,,unknown
500216540,PHOTOELECTRIC SENSOR ASSY 10-30VDC 20MA,Module-TCB,"Delta JLP, JTP",,dormant,none,False,0.0,0.0,0.0,,,0.0,,,unknown
500216905,"CABLE,INTERLOCK","Module-Epoxy,Module-TCB",Asymtek S922;Asymtek S932;Asymtek S902,L,active,constant,True,0.0027397260273972603,0.011111111111111112,0.0027397260273972603,4.055555555555555,0.0,3.9999999999999996,,,unknown
500217339,SPP VC-29AC NOZZLE,"Module-Epoxy,Module-MHS","Grohamnn MTS-605;Grohmann MTS-600;Grohmann,MFM-220;Grohmann, MFM-220.2",,dormant,none,False,0.0,0.0,0.0,,,0.0,,,unknown
500217342,SPP VC-1000 NOZZLE,"Module-CAM,Module-Epoxy,Module-MHS","Grohmann,MFM-220;Grohmann,MFM-200;Grohmann MTS-600;Grohamnn MTS-605",,dormant,none,False,0.0,0.0,0.0,,,0.0,,,unknown
500218161,CALIBRATIION GLASS 22X33X2.3(MM),Module-TCB,"GENERIC;ASM-Pacific,Phoenix",D,dormant,none,False,0.0,0.0,0.0,,,0.0,,,unknown
500218162,"CALIBRATION GLASS ""BASE"" 66X66X2.3 (MM)",Module-TCB,"ASM-Pacific,Phoenix",D,dormant,none,False,0.0,0.0,0.0,,,0.0,,,unknown
500218163,USB PCIE CONTROLLER CARD,Module-TCB,"ASM-Pacific,Phoenix",D,dormant,none,False,0.0,0.0,0.0,,,0.0,,,unknown
500218164,"CAMERA, DDLO, WD20, CABLE-REAR",Module-TCB,"ASM-Pacific,Phoenix",D,dormant,none,False,0.0,0.0,0.0,,,0.0,,,unknown
500218165,"CAMERA, DDLO, WD20, CABLE-SIDE",Module-TCB,"ASM-Pacific,Phoenix;ASMP ACW",D,dormant,none,False,0.0,0.0,0.0,,,0.0,,,unknown
500218166,N2 SUPPLY 1 SWITCH SOL,Module-TCB,"ASM-Pacific,Phoenix",D,dormant,none,False,0.0,0.0,0.0,,,0.0,,,unknown
500218171,N2 SUPPLY 2 SWITCH SOL,Module-TCB,"GENERIC;ASM-Pacific,Phoenix",D,dormant,none,False,0.0,0.0,0.0,,,0.0,,,unknown
500218172,"CABLE,OXYGEN,MONITORING,SYSTEM,ASSEMBLY",Module-TCB,"ASM-Pacific,Phoenix",D,dormant,none,False,0.0,0.0,0.0,,,0.0,,,unknown
500218174,"OMRON X900 OIL, ROTARY PUMP",Module-TCB,"OMRON,3DXRAY,VT-X900",M,dying,dying,False,0.0136986301369863,0.0,0.0136986301369863,0.0,0.0,1.1252708566636014,,,unknown
500218661,SPP VC-1400 NOZZLE,"Module-Epoxy,Module-MHS","Grohmann MTS-600;Grohmann, MFM-220.2;Grohmann,MFM-220;Grohamnn MTS-605",,dormant,none,False,0.0,0.0,0.0,,,0.0,,,unknown
500219251,NOZZLE CVD 1007X0877-B-P-S-05,Module-TCB,"ASM-Pacific,Phoenix",,dormant,none,False,0.0,0.0,0.0,,,0.0,,,unknown
500219695,PLC BATTERY,Module-TCB,"OMRON,3DXRAY,VT-X900",,dormant,none,False,0.0,0.0,0.0,,,0.0,,,unknown
500219697,"BATTERY,UPS,PACK,1",Module-TCB,"OMRON,3DXRAY,VT-X900",D,dormant,none,False,0.0,0.0,0.0,,,0.0,,,unknown
500219698,"BATTERY,UPS,PACK,2",Module-TCB,"OMRON,3DXRAY,VT-X900",D,dormant,none,False,0.0,0.0,0.0,,,0.0,,,unknown
500219733,"MOTOR,STA,COS,SVR,STA-R,THETA,ASSEMBLY",Module-TCB,"ASM-Pacific,Firebird;ASM-Pacific,Phoenix",D,dormant,none,False,0.0,0.0,0.0,,,0.0,,,unknown
500219734,A/C BALL BEARING 10 X 26 X 8 C9,Module-TCB,"ASM-Pacific,Phoenix",,dormant,none,False,0.0,0.0,0.0,,,0.0,,,unknown
500219735,SOC HD CAP SCREW M3X10 ALLOY ST NI PLT,Module-TCB,"ASM-Pacific,Phoenix;GENERIC",,dormant,none,False,0.0,0.0,0.0,,,0.0,,,unknown
500219736,"B-SCREW 10-10X78.5X26D38, P-C3",Module-TCB,"GENERIC;ASM-Pacific,Phoenix",,dormant,none,False,0.0,0.0,0.0,,,0.0,,,unknown
500219737,LM GUIDE HSR10R2UUC1M+120LSPM-II,Module-TCB,"ASM-Pacific,Phoenix;ASM-Pacific,Firebird",,dormant,none,False,0.0,0.0,0.0,,,0.0,,,unknown
500219738,BEARING COVER,Module-TCB,"ASM-Pacific,Phoenix",,dormant,none,False,0.0,0.0,0.0,,,0.0,,,unknown
500219739,STZ MOTOR MOUNT,Module-TCB,"ASM-Pacific,Phoenix",,dormant,none,False,0.0,0.0,0.0,,,0.0,,,unknown
500219740,STA Z PLATE,Module-TCB,"ASM-Pacific,Phoenix",,dormant,none,False,0.0,0.0,0.0,,,0.0,,,unknown
500219741,NUT HOLDER MIRROR,Module-TCB,"ASM-Pacific,Phoenix",,dormant,none,False,0.0,0.0,0.0,,,0.0,,,unknown
500219742,SPRING HOLDING SHAFT,Module-TCB,"ASM-Pacific,Phoenix;GENERIC",,dormant,none,False,0.0,0.0,0.0,,,0.0,,,unknown
500219743,STA-R Z MOTOR MOUNT,Module-TCB,"ASM-Pacific,Phoenix",,dormant,none,False,0.0,0.0,0.0,,,0.0,,,unknown
500219744,(EW) M10X1 NUT 2,Module-TCB,"ASM-Pacific,Phoenix",,dormant,none,False,0.0,0.0,0.0,,,0.0,,,unknown
500219745,Z MOTOR PULLEY MOUNT R,Module-TCB,"ASM-Pacific,Phoenix",,dormant,none,False,0.0,0.0,0.0,,,0.0,,,unknown
500219746,PULLEY,Module-TCB,"ASM-Pacific,Phoenix",,dormant,none,False,0.0,0.0,0.0,,,0.0,,,unknown
500219747,"PULLEY,30,STA-L",Module-TCB,"ASM-Pacific,Phoenix",,dormant,none,False,0.0,0.0,0.0,,,0.0,,,unknown
500219748,PICKHEAD INTERFACE ASSY,Module-TCB,"ASM-Pacific,Phoenix",,dormant,none,False,0.0,0.0,0.0,,,0.0,,,unknown
500219749,PICKHEAD INTERFACE SHAFT,Module-TCB,"ASM-Pacific,Phoenix;GENERIC",,dormant,none,False,0.0,0.0,0.0,,,0.0,,,unknown
500219750,DOWEL PIN D3 X L15,Module-TCB,"ASM-Pacific,Phoenix",,dormant,none,False,0.0,0.0,0.0,,,0.0,,,unknown
500219751,MOD IDLER ASSY,Module-TCB,"ASM-Pacific,Phoenix",,dormant,none,False,0.0,0.0,0.0,,,0.0,,,unknown
500219752,PICKHEAD INTERFACE PLATE ASSY,Module-TCB,"ASM-Pacific,Phoenix",,dormant,none,False,0.0,0.0,0.0,,,0.0,,,unknown
500219753,MEDIA BUFFER HANDLER V2 (MBH),Module-TCB,"ASM-Pacific,Phoenix",,dormant,none,False,0.0,0.0,0.0,,,0.0,,,unknown
500219754,DIN MOUNTING RAIL NS35 (30MM),Module-TCB,"ASM-Pacific,Phoenix",,dormant,none,False,0.0,0.0,0.0,,,0.0,,,unknown
500219755,E-CHAIN MOUNTING Z FIXEND(R),Module-TCB,"ASM-Pacific,Phoenix",,dormant,none,False,0.0,0.0,0.0,,,0.0,,,unknown
500219756,CABLE SUPPORT(R),Module-TCB,"ASM-Pacific,Phoenix;GENERIC",,dormant,none,False,0.0,0.0,0.0,,,0.0,,,unknown
500219757,E-CHAIN MOUNTING Z MOVING(R),Module-TCB,"ASM-Pacific,Phoenix",,dormant,none,False,0.0,0.0,0.0,,,0.0,,,unknown
500219758,E-CHAIN MOUNTING Y FIXEND(R),Module-TCB,"ASM-Pacific,Phoenix",,dormant,none,False,0.0,0.0,0.0,,,0.0,,,unknown
500219759,E-CHAIN MOUNTING Y MOVING(R),Module-TCB,"ASM-Pacific,Phoenix",,dormant,none,False,0.0,0.0,0.0,,,0.0,,,unknown
500219760,E-CHAIN COVER(R),Module-TCB,"ASM-Pacific,Phoenix",,dormant,none,False,0.0,0.0,0.0,,,0.0,,,unknown
500219761,CONNECTOR MOUNTING (X),Module-TCB,"ASM-Pacific,Phoenix",,dormant,none,False,0.0,0.0,0.0,,,0.0,,,unknown
500219762,E-CHAIN MOUNTING Z FIXEND(L),Module-TCB,"ASM-Pacific,Phoenix",,dormant,none,False,0.0,0.0,0.0,,,0.0,,,unknown
500219763,E-CHAIN MOUNTING Z MOVING(L),Module-TCB,"ASM-Pacific,Phoenix",,dormant,none,False,0.0,0.0,0.0,,,0.0,,,unknown
500219764,CABLE SUPPORT(L),Module-TCB,"ASM-Pacific,Phoenix;GENERIC",,dormant,none,False,0.0,0.0,0.0,,,0.0,,,unknown
500219765,E-CHAIN MOUNTING Y MOVING(L),Module-TCB,"ASM-Pacific,Phoenix",,dormant,none,False,0.0,0.0,0.0,,,0.0,,,unknown
500219766,E-CHAIN MOUNTING Y FIXEND(L),Module-TCB,"ASM-Pacific,Phoenix",,dormant,none,False,0.0,0.0,0.0,,,0.0,,,unknown
500219767,E-CHAIN COVER(I),Module-TCB,"ASM-Pacific,Phoenix",,dormant,none,False,0.0,0.0,0.0,,,0.0,,,unknown
500219768,E-CHAIN SUPPORT Z MOVING(L&R),Module-TCB,"ASM-Pacific,Phoenix",,dormant,none,False,0.0,0.0,0.0,,,0.0,,,unknown
500219769,E-CHAIN SUPPORT Z FIXEND(L),Module-TCB,"ASM-Pacific,Phoenix",,dormant,none,False,0.0,0.0,0.0,,,0.0,,,unknown
500219770,CLAMP 1,Module-TCB,"ASM-Pacific,Phoenix",,dormant,none,False,0.0,0.0,0.0,,,0.0,,,unknown
500219771,CLAMP 2,Module-TCB,"ASM-Pacific,Phoenix",,dormant,none,False,0.0,0.0,0.0,,,0.0,,,unknown
500219772,E-CHAIN MOUNTING SUPPORT L,Module-TCB,"ASM-Pacific,Phoenix",,dormant,none,False,0.0,0.0,0.0,,,0.0,,,unknown
500219773,E-CHAIN MOUNTING SUPPORT R,Module-TCB,"ASM-Pacific,Phoenix",,dormant,none,False,0.0,0.0,0.0,,,0.0,,,unknown
500219774,E-CHAIN SUPPORT Z MOVING(L),Module-TCB,"ASM-Pacific,Phoenix",,dormant,none,False,0.0,0.0,0.0,,,0.0,,,unknown
500219775,MEDIA BUFFER TABLE (MBT),Module-TCB,"GENERIC;ASM-Pacific,Phoenix",,dormant,none,False,0.0,0.0,0.0,,,0.0,,,unknown
500219776,MBH Y SNR FLAG,Module-TCB,"GENERIC;ASM-Pacific,Phoenix",,dormant,none,False,0.0,0.0,0.0,,,0.0,,,unknown
500219777,MBH Z SNR FLAG,Module-TCB,"ASM-Pacific,Phoenix;GENERIC",,dormant,none,False,0.0,0.0,0.0,,,0.0,,,unknown
500219778,(WC) Z- BRAKE SHAFT ASSY,"Module-DP,Module-TCB","ASM-Pacific,Firebird;ASM-Pacific,Phoenix;Generic",,dormant,none,False,0.0,0.0,0.0,,,0.0,,,unknown
500219779,PARALLEL KEY B2 X H2 X L10,Module-TCB,"ASM-Pacific,Phoenix",,dormant,none,False,0.0,0.0,0.0,,,0.0,,,unknown
500219780,A/C BALL BEARING 10 X 26 X 8 C7 NSK,Module-TCB,"ASM-Pacific,Phoenix",,dormant,none,False,0.0,0.0,0.0,,,0.0,,,unknown
500219781,"SPACER,BEARING,OD13XID10,W1,WC,ZBRAKE",Module-TCB,"GENERIC;ASM-Pacific,Phoenix",,dormant,none,False,0.0,0.0,0.0,,,0.0,,,unknown
500219782,(WC) BRAKE SHAFT SPACER,Module-TCB,"GENERIC;ASM-Pacific,Phoenix",,dormant,none,False,0.0,0.0,0.0,,,0.0,,,unknown
500219783,(WC) BEARING COVER B26,Module-TCB,"ASM-Pacific,Phoenix",,dormant,none,False,0.0,0.0,0.0,,,0.0,,,unknown
500219784,"BELT,9MM,PARTS,ASSEMBLY,MBH,",Module-TCB,"ASM-Pacific,Phoenix",,dormant,none,False,0.0,0.0,0.0,,,0.0,,,unknown
500219785,RETAINING RING FOR DIA 8MM STW-8,Module-TCB,"ASM-Pacific,Phoenix",,dormant,none,False,0.0,0.0,0.0,,,0.0,,,unknown
500219786,"NUT,LOCK,800-90036,WBK10L-01,WC,ZBRAKE",Module-TCB,"ASM-Pacific,Phoenix",D,dormant,none,False,0.0,0.0,0.0,,,0.0,,,unknown
500219787,(WC) Z- BRAKE SHAFT,Module-TCB,"ASM-Pacific,Phoenix;GENERIC",,dormant,none,False,0.0,0.0,0.0,,,0.0,,,unknown
500219788,ROLLER CLUTCH FCB-8 8X14X20,Module-TCB,"ASM-Pacific,Phoenix",,dormant,none,False,0.0,0.0,0.0,,,0.0,,,unknown
500219789,"PULLEY,BRAKE,1,MBH",Module-TCB,"ASM-Pacific,Phoenix",,dormant,none,False,0.0,0.0,0.0,,,0.0,,,unknown
500219790,MEDIA BUFFER V2 (MB),Module-TCB,"ASM-Pacific,Phoenix",,dormant,none,False,0.0,0.0,0.0,,,0.0,,,unknown
500219791,MBH BRAKE PULLEY,Module-TCB,"ASM-Pacific,Phoenix",,dormant,none,False,0.0,0.0,0.0,,,0.0,,,unknown
500219792,MB FRONT PLATE ASSY,Module-TCB,"ASM-Pacific,Phoenix",,dormant,none,False,0.0,0.0,0.0,,,0.0,,,unknown
500219793,"MOTOR,CONVEYOR,3RDLAYER,MBH",Module-TCB,"ASM-Pacific,Firebird;ASM-Pacific,Phoenix",,dormant,none,False,0.0,0.0,0.0,,,0.0,,,unknown
500219794,MBH  2ND LAYER CONVEYOR MTR ASSY,Module-TCB,"ASM-Pacific,Phoenix",D,dormant,none,False,0.0,0.0,0.0,,,0.0,,,unknown
500219795,MBH 4TH LAYER CONVEYOR MTR ASSY,"Module-DP,Module-TCB","TCB_Generic;ASM-Pacific,Phoenix;Generic;ASM-Pacific,Firebird",D,dormant,none,False,0.0,0.0,0.0,,,0.0,,,unknown
500219796,MBH EXIST SNR (LEVEL1),"Module-DP,Module-TCB","ASM-Pacific,Phoenix;TCB_Generic;Generic",D,dormant,none,False,0.0,0.0,0.0,,,0.0,,,unknown
500219797,MBH EXIST SNR (LEVEL2),"Module-DP,Module-TCB","TCB_Generic;Generic;ASM-Pacific,Phoenix",,dormant,none,False,0.0,0.0,0.0,,,0.0,,,unknown
500219798,MBH EXIST SNR (LEVEL3),"Module-DP,Module-TCB","Generic;ASM-Pacific,Phoenix;TCB_Generic",D,dormant,none,False,0.0,0.0,0.0,,,0.0,,,unknown
500219799,MBH EXIST SNR (LEVEL4),"Module-DP,Module-TCB","Generic;ASM-Pacific,Phoenix;TCB_Generic",D,dormant,none,False,0.0,0.0,0.0,,,0.0,,,unknown
500219800,SPLINE SHAFT,Module-TCB,"GENERIC;ASM-Pacific,Phoenix",,dormant,none,False,0.0,0.0,0.0,,,0.0,,,unknown
500219801,MBH CONVEYOR MTR MOUNT,Module-TCB,"ASM-Pacific,Phoenix",,dormant,none,False,0.0,0.0,0.0,,,0.0,,,unknown
500219802,MBH BASE PLATE,Module-TCB,"ASM-Pacific,Phoenix",,dormant,none,False,0.0,0.0,0.0,,,0.0,,,unknown
500219804,MBH TRACK WIDTH MTR MOUNT,Module-TCB,"ASM-Pacific,Phoenix",,dormant,none,False,0.0,0.0,0.0,,,0.0,,,unknown
500219805,MBH LEADSCREW ADAPTOR,Module-TCB,"ASM-Pacific,Phoenix",,dormant,none,False,0.0,0.0,0.0,,,0.0,,,unknown
500219806,IDLER SPACER,Module-TCB,"ASM-Pacific,Phoenix;GENERIC",,dormant,none,False,0.0,0.0,0.0,,,0.0,,,unknown
500219807,MBH TRACK WIDTH TURNING NUT,Module-TCB,"ASM-Pacific,Phoenix",,dormant,none,False,0.0,0.0,0.0,,,0.0,,,unknown
500219808,MBH FRONT PLATE,Module-TCB,"ASM-Pacific,Phoenix",,dormant,none,False,0.0,0.0,0.0,,,0.0,,,unknown
500219809,"PULLEY,TRACK,WIDTH,HOLEDIA5,MBH",Module-TCB,"ASM-Pacific,Phoenix",,dormant,none,False,0.0,0.0,0.0,,,0.0,,,unknown
500219810,MBH FRONT SENSOR MOUNT (L SHAPE),Module-TCB,"ASM-Pacific,Phoenix;GENERIC",,dormant,none,False,0.0,0.0,0.0,,,0.0,,,unknown
500219811,MBH FRONT TOP SENSOR MOUNT (R),Module-TCB,"GENERIC;ASM-Pacific,Phoenix",,dormant,none,False,0.0,0.0,0.0,,,0.0,,,unknown
500219812,MBH FRONT TOP SENSOR MOUNT (L),Module-TCB,"ASM-Pacific,Phoenix;GENERIC",,dormant,none,False,0.0,0.0,0.0,,,0.0,,,unknown
500219813,MBH FRONT SENSOR MOUNT (L),Module-TCB,"ASM-Pacific,Phoenix;GENERIC",,dormant,none,False,0.0,0.0,0.0,,,0.0,,,unknown
500219814,MBH FRONT SENSOR MOUNT (R),Module-TCB,"GENERIC;ASM-Pacific,Phoenix",,dormant,none,False,0.0,0.0,0.0,,,0.0,,,unknown
500219815,MB REAR PLATE ASSY,Module-TCB,"ASM-Pacific,Phoenix",,dormant,none,False,0.0,0.0,0.0,,,0.0,,,unknown
500219816,MBH SUPPORT BAR,Module-TCB,"ASM-Pacific,Phoenix",,dormant,none,False,0.0,0.0,0.0,,,0.0,,,unknown
500219817,MBH UPWARD STOPPER,Module-TCB,"ASM-Pacific,Phoenix;GENERIC",,dormant,none,False,0.0,0.0,0.0,,,0.0,,,unknown
500219818,MBH TRACK COVER,Module-TCB,"ASM-Pacific,Phoenix",,dormant,none,False,0.0,0.0,0.0,,,0.0,,,unknown
500219819,MBH REAR TOP SENSOR MOUNT,Module-TCB,"ASM-Pacific,Phoenix;GENERIC",,dormant,none,False,0.0,0.0,0.0,,,0.0,,,unknown
500219820,MBH REAR PLATE,Module-TCB,"ASM-Pacific,Phoenix",,dormant,none,False,0.0,0.0,0.0,,,0.0,,,unknown
500219821,MBH TOP TRACK COVER,Module-TCB,"ASM-Pacific,Phoenix",,dormant,none,False,0.0,0.0,0.0,,,0.0,,,unknown
500219822,MBH REAR SENSOR MOUNT,Module-TCB,"GENERIC;ASM-Pacific,Phoenix",,dormant,none,False,0.0,0.0,0.0,,,0.0,,,unknown
500219823,MBH REAR SENSOR MOUNT,Module-TCB,"ASM-Pacific,Phoenix",,dormant,none,False,0.0,0.0,0.0,,,0.0,,,unknown
500219824,POST HEAT STATION - L (PS-L),Module-TCB,"ASM-Pacific,Phoenix;GENERIC",,dormant,none,False,0.0,0.0,0.0,,,0.0,,,unknown
500219825,"PULLEY,SLIDING,MBH,ASSEMBLY",Module-TCB,"ASM-Pacific,Firebird;ASM-Pacific,Phoenix",,dormant,none,False,0.0,0.0,0.0,,,0.0,,,unknown
500219826,PS COVER ASSY,Module-TCB,"ASM-Pacific,Phoenix",,dormant,none,False,0.0,0.0,0.0,,,0.0,,,unknown
500219827,CONDENSER,Module-TCB,"ASM-Pacific,Phoenix",,dormant,none,False,0.0,0.0,0.0,,,0.0,,,unknown
500219828,PS L COVER ASSY,Module-TCB,"ASM-Pacific,Phoenix",,dormant,none,False,0.0,0.0,0.0,,,0.0,,,unknown
500219829,CYLINDER MOUNT LEFT,Module-TCB,"ASM-Pacific,Phoenix",,dormant,none,False,0.0,0.0,0.0,,,0.0,,,unknown
500219830,PS COVER CYLINDER ASSY LEFT,Module-TCB,"ASM-Pacific,Phoenix",,dormant,none,False,0.0,0.0,0.0,,,0.0,,,unknown
500219831,POST HEAT STATION - R (PS-R),Module-TCB,"ASM-Pacific,Phoenix;GENERIC",,dormant,none,False,0.0,0.0,0.0,,,0.0,,,unknown
500219832,BS &PS TH SW CABLE ASSY,Module-TCB,"ASM-Pacific,Phoenix;ASM-Pacific,Firebird",,dormant,none,False,0.0,0.0,0.0,,,0.0,,,unknown
500219833,TCB PEDESTAL TORLON SPACER 2,Module-TCB,"ASM-Pacific,Phoenix;GENERIC",,dormant,none,False,0.0,0.0,0.0,,,0.0,,,unknown
500219834,PS BASE,Module-TCB,"ASM-Pacific,Phoenix",,dormant,none,False,0.0,0.0,0.0,,,0.0,,,unknown
500219835,HEATER BLOCK INSULATION,Module-TCB,"ASM-Pacific,Phoenix",,dormant,none,False,0.0,0.0,0.0,,,0.0,,,unknown
500219836,VAC ADAPTOR (BOTTOM),Module-TCB,"ASM-Pacific,Phoenix",,dormant,none,False,0.0,0.0,0.0,,,0.0,,,unknown
500219837,VAC ADAPTOR (SIDE),Module-TCB,"ASM-Pacific,Phoenix",,dormant,none,False,0.0,0.0,0.0,,,0.0,,,unknown
500219838,NEW TORLON SPACER,Module-TCB,"ASM-Pacific,Phoenix;GENERIC",,dormant,none,False,0.0,0.0,0.0,,,0.0,,,unknown
500219839,CONDENSER  RIGHT,Module-TCB,"ASM-Pacific,Phoenix",,dormant,none,False,0.0,0.0,0.0,,,0.0,,,unknown
500219840,PS THERMOSTAT MOUNT,Module-TCB,"GENERIC;ASM-Pacific,Phoenix",,dormant,none,False,0.0,0.0,0.0,,,0.0,,,unknown
500219841,HOSE ELBOW FITTING M-5HLH-4,Module-TCB,"ASM-Pacific,Phoenix;ASM-Pacific,Firebird",,dormant,none,False,0.0,0.0,0.0,,,0.0,,,unknown
500219842,HOSE NIPPLE,"Module-BA,Module-TCB","ASM Pacific,BP3000;ASM-Pacific,Phoenix",,dormant,none,False,0.0,0.0,0.0,,,0.0,,,unknown
500219843,"BLOCK,HEATED,TCB,PEDESTAL,ASSEMBLY",Module-TCB,"ASM-Pacific,Phoenix",,dormant,none,False,0.0,0.0,0.0,,,0.0,,,unknown
500219844,TCB PEDESTAL HEATER ZONE 1,Module-TCB,"ASM-Pacific,Phoenix",,dormant,none,False,0.0,0.0,0.0,,,0.0,,,unknown
500219846,TCB PEDESTAL THERMOCOUPLE 2,Module-TCB,"ASM-Pacific,Phoenix;GENERIC",,dormant,none,False,0.0,0.0,0.0,,,0.0,,,unknown
500219847,TCB PEDESTAL HEATER ZONE 2,Module-TCB,"ASM-Pacific,Firebird;ASM-Pacific,Phoenix",,dormant,none,False,0.0,0.0,0.0,,,0.0,,,unknown
500219848,TCB PEDESTAL THERMOCOUPLE 4,Module-TCB,"GENERIC;ASM-Pacific,Phoenix",,dormant,none,False,0.0,0.0,0.0,,,0.0,,,unknown
500219849,"HEATER,TCB,PEDESTAL,ZONE,4",Module-TCB,"ASM-Pacific,Phoenix",,dormant,none,False,0.0,0.0,0.0,,,0.0,,,unknown
500219850,TCB PEDESTAL HEATER ZONE 3,Module-TCB,"ASM-Pacific,Phoenix;ASM-Pacific,Firebird",,dormant,none,False,0.0,0.0,0.0,,,0.0,,,unknown
500219851,THERMOCOUPLR FIXTURE,Module-TCB,"ASM-Pacific,Phoenix",,dormant,none,False,0.0,0.0,0.0,,,0.0,,,unknown
500219852,HEATER FIXTURE,Module-TCB,"ASM-Pacific,Phoenix",,dormant,none,False,0.0,0.0,0.0,,,0.0,,,unknown
500219854,COS-R X PUSHER ASSY,Module-TCB,"ASM-Pacific,Phoenix",,dormant,none,False,0.0,0.0,0.0,,,0.0,,,unknown
500219855,HW OUTPUT CONVEYOR,Module-TCB,"ASM-Pacific,Phoenix",,dormant,none,False,0.0,0.0,0.0,,,0.0,,,unknown
500219856,CONNECTOR MOUNTING (HWL),Module-TCB,"ASM-Pacific,Phoenix",,dormant,none,False,0.0,0.0,0.0,,,0.0,,,unknown
500219857,CABLE MOUNTING FIX END(HWM FRONT),Module-TCB,"ASM-Pacific,Phoenix",,dormant,none,False,0.0,0.0,0.0,,,0.0,,,unknown
500219858,HW BASE ASSY,Module-TCB,"ASM-Pacific,Phoenix",,dormant,none,False,0.0,0.0,0.0,,,0.0,,,unknown
500219859,HW BASE,Module-TCB,"ASM-Pacific,Phoenix",,dormant,none,False,0.0,0.0,0.0,,,0.0,,,unknown
500219860,HW Y ADJUSTMENT BASE,Module-TCB,"ASM-Pacific,Phoenix",,dormant,none,False,0.0,0.0,0.0,,,0.0,,,unknown
500219861,HW Z ADJUSTMENT BASE,Module-TCB,"ASM-Pacific,Phoenix",,dormant,none,False,0.0,0.0,0.0,,,0.0,,,unknown
500219862,HW Y ADJUSTMENT BLOCK,Module-TCB,"ASM-Pacific,Phoenix",,dormant,none,False,0.0,0.0,0.0,,,0.0,,,unknown
500219863,HW CONVEYOR TRACK WIDTH STOPPER,Module-TCB,"ASM-Pacific,Phoenix;GENERIC",,dormant,none,False,0.0,0.0,0.0,,,0.0,,,unknown
500219864,TRAY COPLANARITY ADJUSTMENT ASSY,Module-TCB,"ASM-Pacific,Phoenix;GENERIC",,dormant,none,False,0.0,0.0,0.0,,,0.0,,,unknown
500219865,CAH 58-00044 MTR ASSY,"Module-DP,Module-TCB","TCB_Generic;ASM-Pacific,Phoenix;Generic",,dormant,none,False,0.0,0.0,0.0,,,0.0,,,unknown
500219866,TRACK WIDTH MTR&ENC ASSY,"Module-DP,Module-TCB","ASM-Pacific,Phoenix;Generic;TCB_Generic",,dormant,none,False,0.0,0.0,0.0,,,0.0,,,unknown
500219867,HWOP FRONT TRACK ASSY,Module-TCB,"GENERIC;ASM-Pacific,Phoenix",,dormant,none,False,0.0,0.0,0.0,,,0.0,,,unknown
500219868,"SENSOR,CONVEYOR,OUT,HWOP","Module-DP,Module-TCB","TCB_Generic;Generic;ASM-Pacific,Phoenix",,dormant,none,False,0.0,0.0,0.0,,,0.0,,,unknown
500219869,HWOP OUT SNR,"Module-DP,Module-TCB","TCB_Generic;Generic;ASM-Pacific,Phoenix",,dormant,none,False,0.0,0.0,0.0,,,0.0,,,unknown
500219870,HWOP (BY PASS) MID,"Module-DP,Module-TCB","TCB_Generic;Generic;ASM-Pacific,Phoenix",,dormant,none,False,0.0,0.0,0.0,,,0.0,,,unknown
500219871,(HW)OP CONVEYOR IN UP,"Module-DP,Module-TCB","Generic;ASM-Pacific,Phoenix;TCB_Generic",,dormant,none,False,0.0,0.0,0.0,,,0.0,,,unknown
500219872,(HW)OP CONVEYOR IN DOWN,"Module-DP,Module-TCB","ASM-Pacific,Phoenix;Generic;TCB_Generic",D,dormant,none,False,0.0,0.0,0.0,,,0.0,,,unknown
500219873,HWOP (BY PASS) IN,"Module-DP,Module-TCB","TCB_Generic;Generic;ASM-Pacific,Phoenix",,dormant,none,False,0.0,0.0,0.0,,,0.0,,,unknown
500219875,HWIP TRACK SNR DOWN MOUNT,Module-TCB,"GENERIC;ASM-Pacific,Phoenix",,dormant,none,False,0.0,0.0,0.0,,,0.0,,,unknown
500219876,MOUNTING BASE (R),Module-TCB,"ASM-Pacific,Phoenix",,dormant,none,False,0.0,0.0,0.0,,,0.0,,,unknown
500219877,HW DN SNR MNT,Module-TCB,"ASM-Pacific,Phoenix;GENERIC",,dormant,none,False,0.0,0.0,0.0,,,0.0,,,unknown
500219878,HWOP OUT SNR MNT,Module-TCB,"ASM-Pacific,Phoenix;GENERIC",,dormant,none,False,0.0,0.0,0.0,,,0.0,,,unknown
500219879,HW OP MID SNR MOUNT,Module-TCB,"GENERIC;ASM-Pacific,Phoenix",,dormant,none,False,0.0,0.0,0.0,,,0.0,,,unknown
500219880,HWOP REAR TRACK ASSY,Module-TCB,"GENERIC;ASM-Pacific,Phoenix",,dormant,none,False,0.0,0.0,0.0,,,0.0,,,unknown
500219881,HWOP REAR TRACK,Module-TCB,"ASM-Pacific,Phoenix",,dormant,none,False,0.0,0.0,0.0,,,0.0,,,unknown
500219882,HWOP FRONT TRACK,Module-TCB,"GENERIC;ASM-Pacific,Phoenix",,dormant,none,False,0.0,0.0,0.0,,,0.0,,,unknown
500219883,HW TRACK COVER,Module-TCB,"ASM-Pacific,Phoenix",,dormant,none,False,0.0,0.0,0.0,,,0.0,,,unknown
500219884,CONVEYOR BELT PULLEY (CONNECTION),"Module-BA,Module-DP,Module-TCB","ASM Pacific,BP3000;ASM-Pacific,Phoenix;Generic",,dormant,none,False,0.0,0.0,0.0,,,0.0,,,unknown
500219885,DIA 12 IDLER ASSY,Module-TCB,"ASM-Pacific,Phoenix",,dormant,none,False,0.0,0.0,0.0,,,0.0,,,unknown
500219886,HW IN/OUTPUT TRACK WIDTH FLAG,Module-TCB,"ASM-Pacific,Phoenix",,dormant,none,False,0.0,0.0,0.0,,,0.0,,,unknown
500219887,SUBSTRATE TRANSFER ARM - L (STA-L),Module-TCB,"ASM-Pacific,Phoenix",,dormant,none,False,0.0,0.0,0.0,,,0.0,,,unknown
500219888,STA-L MODULE BASE,Module-TCB,"ASM-Pacific,Phoenix",,dormant,none,False,0.0,0.0,0.0,,,0.0,,,unknown
500219889,COVER 3(STA_L),Module-TCB,"ASM-Pacific,Phoenix",,dormant,none,False,0.0,0.0,0.0,,,0.0,,,unknown
500219890,E_CHAIN MOUNTING(Z FIXEND)(STA_L),Module-TCB,"ASM-Pacific,Phoenix",,dormant,none,False,0.0,0.0,0.0,,,0.0,,,unknown
500219891,CABLE COVER 1(STA L),Module-TCB,"ASM-Pacific,Phoenix",,dormant,none,False,0.0,0.0,0.0,,,0.0,,,unknown
500219892,CABLE COVER 2(STA L),Module-TCB,"ASM-Pacific,Phoenix",,dormant,none,False,0.0,0.0,0.0,,,0.0,,,unknown
500219893,CABLE COVER 3(STA L),Module-TCB,"ASM-Pacific,Phoenix",,dormant,none,False,0.0,0.0,0.0,,,0.0,,,unknown
500219894,STA-L Y MOTOR SUPPORT BASE,Module-TCB,"ASM-Pacific,Phoenix",,dormant,none,False,0.0,0.0,0.0,,,0.0,,,unknown
500219895,Y MOVING END (STA L),Module-TCB,"ASM-Pacific,Phoenix",,dormant,none,False,0.0,0.0,0.0,,,0.0,,,unknown
500219896,Y CONNECTOR MOUNTING(STA L),Module-TCB,"ASM-Pacific,Phoenix",,dormant,none,False,0.0,0.0,0.0,,,0.0,,,unknown
500219897,BRACKET 1(L),Module-TCB,"ASM-Pacific,Phoenix",,dormant,none,False,0.0,0.0,0.0,,,0.0,,,unknown
500219898,TUBE COVER,Module-TCB,"ASM-Pacific,Phoenix",,dormant,none,False,0.0,0.0,0.0,,,0.0,,,unknown
500219899,ESIO AND CAMERA MOUNING(STA L),Module-TCB,"ASM-Pacific,Phoenix",,dormant,none,False,0.0,0.0,0.0,,,0.0,,,unknown
500219900,STA L Y CONNECTOR COVER,Module-TCB,"ASM-Pacific,Phoenix",,dormant,none,False,0.0,0.0,0.0,,,0.0,,,unknown
500219901,STA-L Y TABLE ASSY,Module-TCB,"GENERIC;ASM-Pacific,Phoenix",,dormant,none,False,0.0,0.0,0.0,,,0.0,,,unknown
500219902,STA Y MOTOR ASSY,Module-TCB,"ASM-Pacific,Phoenix;ASM-Pacific,Firebird",,dormant,none,False,0.0,0.0,0.0,,,0.0,,,unknown
500219903,SOC HD CAP SCREW M4X14 ALLOY ST NI PLT,Module-TCB,"ASM-Pacific,Phoenix;GENERIC",D,dormant,none,False,0.0,0.0,0.0,,,0.0,,,unknown
500219904,LM GUIDE SHS15V2UUC1+1000LP-II,Module-TCB,"ASM-Pacific,Phoenix",,dormant,none,False,0.0,0.0,0.0,,,0.0,,,unknown
500219905,STA-L Y MOTOR BASE,Module-TCB,"ASM-Pacific,Phoenix",,dormant,none,False,0.0,0.0,0.0,,,0.0,,,unknown
500219906,Z LIMIT SNR MNT,Module-TCB,"GENERIC;ASM-Pacific,Phoenix",,dormant,none,False,0.0,0.0,0.0,,,0.0,,,unknown
500219907,STA Y MOVING PLATE,Module-TCB,"ASM-Pacific,Phoenix",,dormant,none,False,0.0,0.0,0.0,,,0.0,,,unknown
500219908,STA ENCODER MOUNT,Module-TCB,"ASM-Pacific,Phoenix",,dormant,none,False,0.0,0.0,0.0,,,0.0,,,unknown
500219909,Y MTR BASE COVER,Module-TCB,"ASM-Pacific,Phoenix",,dormant,none,False,0.0,0.0,0.0,,,0.0,,,unknown
500219910,STA L HOME SENSOR FLAG,Module-TCB,"GENERIC;ASM-Pacific,Phoenix",,dormant,none,False,0.0,0.0,0.0,,,0.0,,,unknown
500219911,STA-L Z TABLE ASSY,Module-TCB,"ASM-Pacific,Phoenix;GENERIC",,dormant,none,False,0.0,0.0,0.0,,,0.0,,,unknown
500219912,STA & COS SVR MTR ASSY,Module-TCB,"ASM-Pacific,Firebird;ASM-Pacific,Phoenix",D,dormant,none,False,0.0,0.0,0.0,,,0.0,,,unknown
500219913,STA L HOME SENSOR MOUNT,Module-TCB,"GENERIC;ASM-Pacific,Phoenix",,dormant,none,False,0.0,0.0,0.0,,,0.0,,,unknown
500219914,STA Y STOPPER,Module-TCB,"GENERIC;ASM-Pacific,Phoenix",,dormant,none,False,0.0,0.0,0.0,,,0.0,,,unknown
500219915,Z MOTOR PULLEY MOUNT,Module-TCB,"ASM-Pacific,Phoenix",,dormant,none,False,0.0,0.0,0.0,,,0.0,,,unknown
500219916,STA-L Z MOTOR MOUNT,Module-TCB,"ASM-Pacific,Phoenix",,dormant,none,False,0.0,0.0,0.0,,,0.0,,,unknown
500219917,NUT HOLDER,Module-TCB,"ASM-Pacific,Phoenix",,dormant,none,False,0.0,0.0,0.0,,,0.0,,,unknown
500219918,STA-L THETA ASSY,Module-TCB,"GENERIC;ASM-Pacific,Phoenix",,dormant,none,False,0.0,0.0,0.0,,,0.0,,,unknown
500219920,"BALL,BEARING,25X42X9,A/C,STA-L,THETA",Module-TCB,"ASM-Pacific,Phoenix",,dormant,none,False,0.0,0.0,0.0,,,0.0,,,unknown
500219921,MOTOR PULLEY CLAMP,Module-TCB,"ASM-Pacific,Phoenix",,dormant,none,False,0.0,0.0,0.0,,,0.0,,,unknown
500219922,PULLEY (PD DIA 42.67),Module-TCB,"ASM-Pacific,Phoenix",,dormant,none,False,0.0,0.0,0.0,,,0.0,,,unknown
500219923,PULLEY (PD DIA 18.8),Module-TCB,"ASM-Pacific,Phoenix",,dormant,none,False,0.0,0.0,0.0,,,0.0,,,unknown
500219924,BEARING COVER,Module-TCB,"ASM-Pacific,Phoenix",,dormant,none,False,0.0,0.0,0.0,,,0.0,,,unknown
500219925,VACUUM SENSOR CONNECTOR,Module-TCB,"ASM-Pacific,Phoenix;GENERIC",,dormant,none,False,0.0,0.0,0.0,,,0.0,,,unknown
500219926,LOCK NUT M24,Module-TCB,"ASM-Pacific,Phoenix",,dormant,none,False,0.0,0.0,0.0,,,0.0,,,unknown
500219927,E_CHAIN MOUNTING(Z MOVING)(STA_L),Module-TCB,"ASM-Pacific,Phoenix",,dormant,none,False,0.0,0.0,0.0,,,0.0,,,unknown
500219928,BRACKET 2(L),Module-TCB,"ASM-Pacific,Phoenix",,dormant,none,False,0.0,0.0,0.0,,,0.0,,,unknown
500219929,THETA SNR FLAG (135 DEG),Module-TCB,"GENERIC;ASM-Pacific,Phoenix",,dormant,none,False,0.0,0.0,0.0,,,0.0,,,unknown
500219930,VACUUM SNR MOUNTING,Module-TCB,"ASM-Pacific,Phoenix;GENERIC",,dormant,none,False,0.0,0.0,0.0,,,0.0,,,unknown
500219931,TUBE SUPPORT,Module-TCB,"GENERIC;ASM-Pacific,Phoenix",,dormant,none,False,0.0,0.0,0.0,,,0.0,,,unknown
500219932,THETA STOPPER BLOCK (FRONT),Module-TCB,"ASM-Pacific,Phoenix",,dormant,none,False,0.0,0.0,0.0,,,0.0,,,unknown
500219933,STA Z SNR FLAG,Module-TCB,"GENERIC;ASM-Pacific,Phoenix",,dormant,none,False,0.0,0.0,0.0,,,0.0,,,unknown
500219934,STA L OPTICS MOUNT,Module-TCB,"ASM-Pacific,Phoenix",,dormant,none,False,0.0,0.0,0.0,,,0.0,,,unknown
500219935,THETA STOPPER BLOCK (REAR),Module-TCB,"ASM-Pacific,Phoenix",,dormant,none,False,0.0,0.0,0.0,,,0.0,,,unknown
500219936,THETA SNR MOUNT,Module-TCB,"ASM-Pacific,Phoenix;GENERIC",,dormant,none,False,0.0,0.0,0.0,,,0.0,,,unknown
500219937,STA L  THETA TABLE BASE,Module-TCB,"ASM-Pacific,Phoenix",,dormant,none,False,0.0,0.0,0.0,,,0.0,,,unknown
500219938,STA L THETA TABLE PLATE,Module-TCB,"ASM-Pacific,Phoenix",,dormant,none,False,0.0,0.0,0.0,,,0.0,,,unknown
500219939,STA L BELT COVER 2,Module-TCB,"ASM-Pacific,Phoenix",,dormant,none,False,0.0,0.0,0.0,,,0.0,,,unknown
500219940,STA L THETA MOTOR MOUNT,Module-TCB,"ASM-Pacific,Phoenix",,dormant,none,False,0.0,0.0,0.0,,,0.0,,,unknown
500219941,STA L THETA BELT COVER 1,Module-TCB,"ASM-Pacific,Phoenix",,dormant,none,False,0.0,0.0,0.0,,,0.0,,,unknown
500219942,LEFT PICKHEAD INTERFACE PLATE ASSY,Module-TCB,"ASM-Pacific,Phoenix",,dormant,none,False,0.0,0.0,0.0,,,0.0,,,unknown
500219943,LEFT PICKHEAD INTERFACE ASSY,Module-TCB,"ASM-Pacific,Phoenix",,dormant,none,False,0.0,0.0,0.0,,,0.0,,,unknown
500219944,SUBSTRATE TRANSFER ARM - R (STA-R),Module-TCB,"ASM-Pacific,Phoenix",,dormant,none,False,0.0,0.0,0.0,,,0.0,,,unknown
500219945,STA-R Y TABLE ASSY,Module-TCB,"ASM-Pacific,Phoenix;GENERIC",,dormant,none,False,0.0,0.0,0.0,,,0.0,,,unknown
500219946,Y CASTING COVER,Module-TCB,"ASM-Pacific,Phoenix",,dormant,none,False,0.0,0.0,0.0,,,0.0,,,unknown
500219947,STA Y MOTOR SUPPORT,Module-TCB,"ASM-Pacific,Phoenix",,dormant,none,False,0.0,0.0,0.0,,,0.0,,,unknown
500219948,STA-R MODULE BASE,Module-TCB,"ASM-Pacific,Phoenix",,dormant,none,False,0.0,0.0,0.0,,,0.0,,,unknown
500219949,STA CASTING STAND,Module-TCB,"ASM-Pacific,Phoenix;GENERIC",,dormant,none,False,0.0,0.0,0.0,,,0.0,,,unknown
500219950,COVER 3 (STA_R),Module-TCB,"ASM-Pacific,Phoenix",,dormant,none,False,0.0,0.0,0.0,,,0.0,,,unknown
500219951,STA-R Y MOTOR SUPPORT BASE,Module-TCB,"ASM-Pacific,Phoenix",,dormant,none,False,0.0,0.0,0.0,,,0.0,,,unknown
500219952,CABLE COVER 1(STA R),Module-TCB,"ASM-Pacific,Phoenix",,dormant,none,False,0.0,0.0,0.0,,,0.0,,,unknown
500219953,E_CHAIN MOUNTING(Z FIXEND)(STA_R),Module-TCB,"ASM-Pacific,Phoenix",,dormant,none,False,0.0,0.0,0.0,,,0.0,,,unknown
500219954,CABLE COVER 2(STA R),Module-TCB,"ASM-Pacific,Phoenix",,dormant,none,False,0.0,0.0,0.0,,,0.0,,,unknown
500219955,CABLE COVER 3(STA R),Module-TCB,"ASM-Pacific,Phoenix",,dormant,none,False,0.0,0.0,0.0,,,0.0,,,unknown
500219956,Y MOVING END (STA R),Module-TCB,"ASM-Pacific,Phoenix",,dormant,none,False,0.0,0.0,0.0,,,0.0,,,unknown
500219957,Y CONNECTOR MOUNTING(STA R),Module-TCB,"ASM-Pacific,Phoenix",,dormant,none,False,0.0,0.0,0.0,,,0.0,,,unknown
500219958,STA R Y CONNECTOR COVER,Module-TCB,"ASM-Pacific,Phoenix",,dormant,none,False,0.0,0.0,0.0,,,0.0,,,unknown
500219959,ESIO AND CAMERA MOUNING(STA R),Module-TCB,"ASM-Pacific,Phoenix",,dormant,none,False,0.0,0.0,0.0,,,0.0,,,unknown
500219960,STA-R Z TABLE ASSY,Module-TCB,"ASM-Pacific,Phoenix;GENERIC",,dormant,none,False,0.0,0.0,0.0,,,0.0,,,unknown
500219961,STA-R THETA ASSY,Module-TCB,"ASM-Pacific,Phoenix;GENERIC",,dormant,none,False,0.0,0.0,0.0,,,0.0,,,unknown
500219963,COVER OPENING STATION -L (COS-L),Module-TCB,"GENERIC;ASM-Pacific,Phoenix",,dormant,none,False,0.0,0.0,0.0,,,0.0,,,unknown
500219964,CONNECTOR MOUNTING (COS L),Module-TCB,"ASM-Pacific,Phoenix",,dormant,none,False,0.0,0.0,0.0,,,0.0,,,unknown
500219965,COS-L FRONT TRACK ASSY,Module-TCB,"GENERIC;ASM-Pacific,Phoenix",,dormant,none,False,0.0,0.0,0.0,,,0.0,,,unknown
500219966,"MOTOR,CAH,58-00044,ASSEMBLY,LEFT","Module-DP,Module-TCB","ASM-Pacific,Phoenix;Generic;TCB_Generic",D,dormant,none,False,0.0,0.0,0.0,,,0.0,,,unknown
500219967,TRACK WIDTH MTR&ENC ASSY,"Module-DP,Module-TCB","Generic;ASM-Pacific,Phoenix;TCB_Generic",,dormant,none,False,0.0,0.0,0.0,,,0.0,,,unknown
500219968,(COS-L)IN SENSOR UP,"Module-DP,Module-TCB","Generic;ASM-Pacific,Phoenix;TCB_Generic",,dormant,none,False,0.0,0.0,0.0,,,0.0,,,unknown
500219969,(COS-L)IN SENSOR DOWN,"Module-DP,Module-TCB","Generic;TCB_Generic;ASM-Pacific,Phoenix",,dormant,none,False,0.0,0.0,0.0,,,0.0,,,unknown
500219970,"SENSOR,EXIST,COS-L","Module-DP,Module-TCB","ASM-Pacific,Phoenix;Generic;TCB_Generic",D,dormant,none,False,0.0,0.0,0.0,,,0.0,,,unknown
500219971,COS-L FRONT TRACK,Module-TCB,"GENERIC;ASM-Pacific,Phoenix",,dormant,none,False,0.0,0.0,0.0,,,0.0,,,unknown
500219972,COS-L SAFETY SNR MNT,Module-TCB,"GENERIC;ASM-Pacific,Phoenix",,dormant,none,False,0.0,0.0,0.0,,,0.0,,,unknown
500219973,COS L FRONT TRACK COVER,Module-TCB,"ASM-Pacific,Phoenix;GENERIC",,dormant,none,False,0.0,0.0,0.0,,,0.0,,,unknown
500219974,COS X STOPPER MOUNT L,Module-TCB,"GENERIC;ASM-Pacific,Phoenix",,dormant,none,False,0.0,0.0,0.0,,,0.0,,,unknown
500219975,COS-L CONVEYOR MTR MOUNT,Module-TCB,"ASM-Pacific,Phoenix",,dormant,none,False,0.0,0.0,0.0,,,0.0,,,unknown
500219976,COS-L REAR TRACK ASSY,Module-TCB,"GENERIC;ASM-Pacific,Phoenix",,dormant,none,False,0.0,0.0,0.0,,,0.0,,,unknown
500219977,COS-L TRACKWIDTH MTR MOUNT,Module-TCB,"ASM-Pacific,Phoenix",,dormant,none,False,0.0,0.0,0.0,,,0.0,,,unknown
500219978,COS L TRACK WIDTH FLAG,Module-TCB,"ASM-Pacific,Phoenix",,dormant,none,False,0.0,0.0,0.0,,,0.0,,,unknown
500219979,COS-L REAR TRACK,Module-TCB,"GENERIC;ASM-Pacific,Phoenix",,dormant,none,False,0.0,0.0,0.0,,,0.0,,,unknown
500219980,COS L PUSHER ASSY,Module-TCB,"ASM-Pacific,Phoenix",,dormant,none,False,0.0,0.0,0.0,,,0.0,,,unknown
500219981,COS-L REAR TRACK COVER,Module-TCB,"ASM-Pacific,Phoenix",,dormant,none,False,0.0,0.0,0.0,,,0.0,,,unknown
500219982,COVER OPENING STATION -R (COS-R),Module-TCB,"GENERIC;ASM-Pacific,Phoenix",,dormant,none,False,0.0,0.0,0.0,,,0.0,,,unknown
500219983,TUBE MOUNTING MOVING (COS),Module-TCB,"ASM-Pacific,Phoenix",,dormant,none,False,0.0,0.0,0.0,,,0.0,,,unknown
500219984,TUBE MOUNTING FIX END 2 (COS),Module-TCB,"ASM-Pacific,Phoenix",,dormant,none,False,0.0,0.0,0.0,,,0.0,,,unknown
500219985,NYLON (COS),Module-TCB,"ASM-Pacific,Phoenix",,dormant,none,False,0.0,0.0,0.0,,,0.0,,,unknown
500219986,CABLE SUPPORT,Module-TCB,"GENERIC;ASM-Pacific,Phoenix",,dormant,none,False,0.0,0.0,0.0,,,0.0,,,unknown
500219987,TUBE MOUNTING FIX END 1 (COS),Module-TCB,"ASM-Pacific,Phoenix",,dormant,none,False,0.0,0.0,0.0,,,0.0,,,unknown
500219988,COS CAL GLASS MOUNT ASSY,Module-TCB,"ASM-Pacific,Phoenix",D,dormant,none,False,0.0,0.0,0.0,,,0.0,,,unknown
500219989,CONNECTOR MOUNTING (COS R),Module-TCB,"ASM-Pacific,Phoenix",,dormant,none,False,0.0,0.0,0.0,,,0.0,,,unknown
500219990,CAH 58-00044 MTR ASSY,"Module-DP,Module-TCB","TCB_Generic;Generic;ASM-Pacific,Phoenix",,dormant,none,False,0.0,0.0,0.0,,,0.0,,,unknown
500219991,TRACK WIDTH MTR&ENC ASSY,"Module-DP,Module-TCB","ASM-Pacific,Phoenix;Generic;TCB_Generic",,dormant,none,False,0.0,0.0,0.0,,,0.0,,,unknown
500219992,COS-R FRONT TRACK ASSY,Module-TCB,"ASM-Pacific,Phoenix;GENERIC",,dormant,none,False,0.0,0.0,0.0,,,0.0,,,unknown
500219993,(COS-R)IN SENSOR DOWN,"Module-DP,Module-TCB","Generic;ASM-Pacific,Phoenix;TCB_Generic",,dormant,none,False,0.0,0.0,0.0,,,0.0,,,unknown
500219994,(COS-R)IN SENSOR UP,"Module-DP,Module-TCB","Generic;TCB_Generic;ASM-Pacific,Phoenix",,dormant,none,False,0.0,0.0,0.0,,,0.0,,,unknown
500219995,(COS-R)EXIST SENSOR,Module-TCB,"GENERIC;ASM-Pacific,Phoenix",,dormant,none,False,0.0,0.0,0.0,,,0.0,,,unknown
500219996,CALIBRATION GLASS BACK PLATE,Module-TCB,"ASM-Pacific,Phoenix",,dormant,none,False,0.0,0.0,0.0,,,0.0,,,unknown
500219997,COS-L CONVEYOR MTR MOUNT,Module-TCB,"ASM-Pacific,Phoenix",,dormant,none,False,0.0,0.0,0.0,,,0.0,,,unknown
500219998,COS-R FRONT TRACK,Module-TCB,"ASM-Pacific,Phoenix;GENERIC",,dormant,none,False,0.0,0.0,0.0,,,0.0,,,unknown
500219999,COS-R TRACK WIDTH MTR MOUNT,Module-TCB,"ASM-Pacific,Phoenix",,dormant,none,False,0.0,0.0,0.0,,,0.0,,,unknown
500220000,COS TRACK WIDTH MTR MOUNT BASE,Module-TCB,"ASM-Pacific,Phoenix",,dormant,none,False,0.0,0.0,0.0,,,0.0,,,unknown
500220001,COS-R SAFETY SNR MNT,Module-TCB,"GENERIC;ASM-Pacific,Phoenix",,dormant,none,False,0.0,0.0,0.0,,,0.0,,,unknown
500220002,COS EXIST SNR MNT,Module-TCB,"GENERIC;ASM-Pacific,Phoenix",,dormant,none,False,0.0,0.0,0.0,,,0.0,,,unknown
500220003,COS X STOPPER,Module-TCB,"GENERIC;ASM-Pacific,Phoenix",,dormant,none,False,0.0,0.0,0.0,,,0.0,,,unknown
500220004,COS X STOPPER MOUNT R,Module-TCB,"GENERIC;ASM-Pacific,Phoenix",,dormant,none,False,0.0,0.0,0.0,,,0.0,,,unknown
500220005,COS CALIBRATION GLASS BASE,Module-TCB,"ASM-Pacific,Phoenix",,dormant,none,False,0.0,0.0,0.0,,,0.0,,,unknown
500220006,COS R FRONT TRACK COVER,Module-TCB,"ASM-Pacific,Phoenix",,dormant,none,False,0.0,0.0,0.0,,,0.0,,,unknown
500220007,COS-R REAR TRACK ASSY,Module-TCB,"ASM-Pacific,Phoenix;GENERIC",,dormant,none,False,0.0,0.0,0.0,,,0.0,,,unknown
500220008,COS-R REAR TRACK,Module-TCB,"GENERIC;ASM-Pacific,Phoenix",,dormant,none,False,0.0,0.0,0.0,,,0.0,,,unknown
500220009,COS SUPPORTING BAR,Module-TCB,"ASM-Pacific,Phoenix",,dormant,none,False,0.0,0.0,0.0,,,0.0,,,unknown
500220010,COS R TRACK WIDTH FLAG,Module-TCB,"ASM-Pacific,Phoenix",,dormant,none,False,0.0,0.0,0.0,,,0.0,,,unknown
500220011,COS REAR TRACK COVER 1,Module-TCB,"GENERIC;ASM-Pacific,Phoenix",,dormant,none,False,0.0,0.0,0.0,,,0.0,,,unknown
500220012,COS REAR TRACK COVER 2,Module-TCB,"ASM-Pacific,Phoenix",,dormant,none,False,0.0,0.0,0.0,,,0.0,,,unknown
500220013,IDLER ASSY,Module-TCB,"ASM-Pacific,Phoenix",,dormant,none,False,0.0,0.0,0.0,,,0.0,,,unknown
500220014,COS-R REAR TRACK COVER,Module-TCB,"ASM-Pacific,Phoenix",,dormant,none,False,0.0,0.0,0.0,,,0.0,,,unknown
500220015,"PUSHER,COS-R,ASSEMBLY",Module-TCB,"ASM-Pacific,Phoenix",,dormant,none,False,0.0,0.0,0.0,,,0.0,,,unknown
500220016,COS BASE ASSY,Module-TCB,"ASM-Pacific,Phoenix",,dormant,none,False,0.0,0.0,0.0,,,0.0,,,unknown
500220017,COS CONVEYOR TRACK WIDTH STOPPER,Module-TCB,"ASM-Pacific,Phoenix;GENERIC",,dormant,none,False,0.0,0.0,0.0,,,0.0,,,unknown
500220018,COS UP DOWN LOADER ASSY,Module-TCB,"ASM-Pacific,Phoenix",,dormant,none,False,0.0,0.0,0.0,,,0.0,,,unknown
500220019,COS Z MTR CABLE ASSY,Module-TCB,"ASM-Pacific,Phoenix",,dormant,none,False,0.0,0.0,0.0,,,0.0,,,unknown
500220020,COS BASE,Module-TCB,"ASM-Pacific,Phoenix",,dormant,none,False,0.0,0.0,0.0,,,0.0,,,unknown
500220021,DOWEL PIN D4 X L20,Module-TCB,"ASM-Pacific,Firebird;ASM-Pacific,Phoenix",,dormant,none,False,0.0,0.0,0.0,,,0.0,,,unknown
500220022,LINEAR BUSHING 12X22X32,Module-TCB,"ASM-Pacific,Phoenix;ASM-Pacific,Firebird",,dormant,none,False,0.0,0.0,0.0,,,0.0,,,unknown
500220023,(EJ) SET COLLAR D10,Module-TCB,"ASM-Pacific,Phoenix",,dormant,none,False,0.0,0.0,0.0,,,0.0,,,unknown
500220024,(EW) UD ANVIL BLOCK MOTOR MOUNT,Module-TCB,"ASM-Pacific,Phoenix",,dormant,none,False,0.0,0.0,0.0,,,0.0,,,unknown
500220025,(EW) PLATFORM-LM SHAFT MOUNT,Module-TCB,"ASM-Pacific,Phoenix",,dormant,none,False,0.0,0.0,0.0,,,0.0,,,unknown
500220026,(EW) UD ANVIL BLOCK MOTOR PULLEY,Module-TCB,"ASM-Pacific,Phoenix",,dormant,none,False,0.0,0.0,0.0,,,0.0,,,unknown
500220027,(EW) LM BUSH HOUSE,Module-TCB,"ASM-Pacific,Phoenix",,dormant,none,False,0.0,0.0,0.0,,,0.0,,,unknown
500220028,STACKER UP/DOWN GUIDE ROD,Module-TCB,"ASM-Pacific,Phoenix;GENERIC",,dormant,none,False,0.0,0.0,0.0,,,0.0,,,unknown
500220029,UP DOWN LOADER BASE,Module-TCB,"ASM-Pacific,Phoenix",,dormant,none,False,0.0,0.0,0.0,,,0.0,,,unknown
500220030,STACKER UP/DOWN HOME SENSOR MOUNT,Module-TCB,"GENERIC;ASM-Pacific,Phoenix",,dormant,none,False,0.0,0.0,0.0,,,0.0,,,unknown
500220031,UP DOWN BASE PLATE,Module-TCB,"ASM-Pacific,Phoenix",,dormant,none,False,0.0,0.0,0.0,,,0.0,,,unknown
500220032,COS UP DN SNR FLAG,Module-TCB,"ASM-Pacific,Phoenix;GENERIC",,dormant,none,False,0.0,0.0,0.0,,,0.0,,,unknown
500220033,COS ADAPTOR ASSY,Module-TCB,"ASM-Pacific,Phoenix",,dormant,none,False,0.0,0.0,0.0,,,0.0,,,unknown
500220035,COS Z SENSOR MOUNT,Module-TCB,"ASM-Pacific,Phoenix",,dormant,none,False,0.0,0.0,0.0,,,0.0,,,unknown
500220036,COS UD ASSY FOR METAL TRAY,Module-TCB,"ASM-Pacific,Phoenix;GENERIC",,dormant,none,False,0.0,0.0,0.0,,,0.0,,,unknown
500220037,COS UD ASSY FOR JEDEC TRAY,Module-TCB,"ASM-Pacific,Phoenix;GENERIC",,dormant,none,False,0.0,0.0,0.0,,,0.0,,,unknown
500220038,HIGHWAY (HW),Module-TCB,"ASM-Pacific,Phoenix",,dormant,none,False,0.0,0.0,0.0,,,0.0,,,unknown
500220039,HW LOAD-UNLOAD CONVEYOR,Module-TCB,"ASM-Pacific,Phoenix",,dormant,none,False,0.0,0.0,0.0,,,0.0,,,unknown
500220040,"MOTOR,ASSEMBLY,CAH,58-00044","Module-DP,Module-TCB","ASM-Pacific,Phoenix;TCB_Generic;Generic;ASM-Pacific,Firebird",D,dormant,none,False,0.0,0.0,0.0,,,0.0,,,unknown
500220041,HW MID FRONT TRACK ASSY,Module-TCB,"ASM-Pacific,Phoenix;GENERIC",,dormant,none,False,0.0,0.0,0.0,,,0.0,,,unknown
500220042,(HW)MID BYPASS SENSOR,"Module-DP,Module-TCB","TCB_Generic;ASM-Pacific,Phoenix;Generic",,dormant,none,False,0.0,0.0,0.0,,,0.0,,,unknown
500220043,HW MID BASE PLATE,Module-TCB,"ASM-Pacific,Phoenix",,dormant,none,False,0.0,0.0,0.0,,,0.0,,,unknown
500220044,(HW)MID EXIST SENSOR,"Module-DP,Module-TCB","ASM-Pacific,Phoenix;Generic;TCB_Generic",,dormant,none,False,0.0,0.0,0.0,,,0.0,,,unknown
500220045,BUSH HOLDER (L),Module-TCB,"ASM-Pacific,Phoenix",,dormant,none,False,0.0,0.0,0.0,,,0.0,,,unknown
500220046,HW MID CONVEYOR MTR MOUNT,Module-TCB,"ASM-Pacific,Phoenix",,dormant,none,False,0.0,0.0,0.0,,,0.0,,,unknown
500220047,HW MID FRONT TRACK,Module-TCB,"ASM-Pacific,Phoenix;GENERIC",,dormant,none,False,0.0,0.0,0.0,,,0.0,,,unknown
500220048,BUSH HOLDER (R),Module-TCB,"ASM-Pacific,Phoenix",,dormant,none,False,0.0,0.0,0.0,,,0.0,,,unknown
500220049,FRONT TRACK CONNECTION BLOCK,Module-TCB,"ASM-Pacific,Phoenix",,dormant,none,False,0.0,0.0,0.0,,,0.0,,,unknown
500220050,CONNECTION BAR (L),Module-TCB,"ASM-Pacific,Phoenix",,dormant,none,False,0.0,0.0,0.0,,,0.0,,,unknown
500220051,CONNECTION BAR (R),Module-TCB,"ASM-Pacific,Phoenix",,dormant,none,False,0.0,0.0,0.0,,,0.0,,,unknown
500220052,UP DN ROD ADAPTOR,Module-TCB,"ASM-Pacific,Phoenix",,dormant,none,False,0.0,0.0,0.0,,,0.0,,,unknown
500220053,HW MID BY PASS SNR MNT,Module-TCB,"ASM-Pacific,Phoenix;GENERIC",,dormant,none,False,0.0,0.0,0.0,,,0.0,,,unknown
500220054,SENSOR MOUNT,Module-TCB,"GENERIC;ASM-Pacific,Phoenix",,dormant,none,False,0.0,0.0,0.0,,,0.0,,,unknown
500220055,SNR MNT BLOCK,Module-TCB,"ASM-Pacific,Phoenix;GENERIC",,dormant,none,False,0.0,0.0,0.0,,,0.0,,,unknown
500220056,HW MID REAR TRACK ASSY,Module-TCB,"GENERIC;ASM-Pacific,Phoenix",,dormant,none,False,0.0,0.0,0.0,,,0.0,,,unknown
500220057,"HW MID (FRONT GUIDE ROD D10, 308MM)",Module-TCB,"GENERIC;ASM-Pacific,Phoenix",,dormant,none,False,0.0,0.0,0.0,,,0.0,,,unknown
500220058,LINEAR BUSHING LM10-AJ,Module-TCB,"ASM-Pacific,Phoenix;ASM-Pacific,Firebird",,dormant,none,False,0.0,0.0,0.0,,,0.0,,,unknown
500220059,"SCREW,NYLON,TIP,M5X10,SOC,SET",Module-TCB,"ASM-Pacific,Phoenix;GENERIC",,dormant,none,False,0.0,0.0,0.0,,,0.0,,,unknown
500220060,HW MID TRACK COVER,Module-TCB,"ASM-Pacific,Phoenix",,dormant,none,False,0.0,0.0,0.0,,,0.0,,,unknown
500220061,HW MID REAR TRACK,Module-TCB,"ASM-Pacific,Phoenix;GENERIC",,dormant,none,False,0.0,0.0,0.0,,,0.0,,,unknown
500220062,HW MID BUSH HOLDER,Module-TCB,"ASM-Pacific,Phoenix",,dormant,none,False,0.0,0.0,0.0,,,0.0,,,unknown
500220063,HW MID TRACK WIDTH CONNECTION BAR,Module-TCB,"ASM-Pacific,Phoenix",,dormant,none,False,0.0,0.0,0.0,,,0.0,,,unknown
500220064,UP DN STOPPER,Module-TCB,"ASM-Pacific,Phoenix;GENERIC",,dormant,none,False,0.0,0.0,0.0,,,0.0,,,unknown
500220065,HW MID SHAFT HOLDER,Module-TCB,"ASM-Pacific,Phoenix",,dormant,none,False,0.0,0.0,0.0,,,0.0,,,unknown
500220066,CONVEYOR BELT PULLEY DRIVING (HW-MID),Module-TCB,"ASM-Pacific,Firebird;ASM-Pacific,Phoenix",,dormant,none,False,0.0,0.0,0.0,,,0.0,,,unknown
500220067,DIA 10 GUIDE ROD,Module-TCB,"ASM-Pacific,Phoenix;GENERIC",D,dormant,none,False,0.0,0.0,0.0,,,0.0,,,unknown
500220068,HWIP FRONT TRACK ASSY,Module-TCB,"GENERIC;ASM-Pacific,Phoenix",,dormant,none,False,0.0,0.0,0.0,,,0.0,,,unknown
500220069,HW INPUT CONVEYOR,Module-TCB,"ASM-Pacific,Phoenix",,dormant,none,False,0.0,0.0,0.0,,,0.0,,,unknown
500220070,CABLE MOUNTING MOVING(HWM BACK),Module-TCB,"ASM-Pacific,Phoenix",,dormant,none,False,0.0,0.0,0.0,,,0.0,,,unknown
500220071,HWIP INDEXING STOPPER ASSY,Module-TCB,"ASM-Pacific,Phoenix;GENERIC",,dormant,none,False,0.0,0.0,0.0,,,0.0,,,unknown
500220072,HWIP CONVEYOR MTR ASSY,"Module-DP,Module-TCB","Generic;TCB_Generic;ASM-Pacific,Phoenix",,dormant,none,False,0.0,0.0,0.0,,,0.0,,,unknown
500220073,(HW)IP EXIST SENSOR,"Module-DP,Module-TCB","Generic;ASM-Pacific,Phoenix;TCB_Generic",D,dormant,none,False,0.0,0.0,0.0,,,0.0,,,unknown
500220074,TRACK WIDTH MTR&ENC ASSY,"Module-DP,Module-TCB","TCB_Generic;Generic;ASM-Pacific,Phoenix",,dormant,none,False,0.0,0.0,0.0,,,0.0,,,unknown
500220075,(HW)IP CONVEYOR OUT UP,"Module-DP,Module-TCB","TCB_Generic;Generic;ASM-Pacific,Phoenix",D,dormant,none,False,0.0,0.0,0.0,,,0.0,,,unknown
500220076,(HW)IP CONVEYOR IN,"Module-DP,Module-TCB","TCB_Generic;ASM-Pacific,Phoenix;Generic",,dormant,none,False,0.0,0.0,0.0,,,0.0,,,unknown
500220077,(HW)IP CONVEYOR OUT DOWN,"Module-DP,Module-TCB","TCB_Generic;Generic;ASM-Pacific,Phoenix",,dormant,none,False,0.0,0.0,0.0,,,0.0,,,unknown
500220078,HWIP (BY-PASS) IN SNR,"Module-DP,Module-TCB","ASM-Pacific,Phoenix;TCB_Generic;Generic",,dormant,none,False,0.0,0.0,0.0,,,0.0,,,unknown
500220079,HWIP (BY-PASS) OUT SNR,"Module-DP,Module-TCB","ASM-Pacific,Phoenix;Generic;TCB_Generic",D,dormant,none,False,0.0,0.0,0.0,,,0.0,,,unknown
500220080,HWIP (BY-PASS) MID SNR,"Module-DP,Module-TCB","Generic;ASM-Pacific,Phoenix;TCB_Generic",,dormant,none,False,0.0,0.0,0.0,,,0.0,,,unknown
500220081,MOUNTING BASE,Module-TCB,"ASM-Pacific,Phoenix",,dormant,none,False,0.0,0.0,0.0,,,0.0,,,unknown
500220082,HWIP EXIST SNR MNT,Module-TCB,"ASM-Pacific,Phoenix;GENERIC",,dormant,none,False,0.0,0.0,0.0,,,0.0,,,unknown
500220083,HWIP FRONT TRACK,Module-TCB,"ASM-Pacific,Phoenix;GENERIC",,dormant,none,False,0.0,0.0,0.0,,,0.0,,,unknown
500220084,HWIP IN SNR MNT,Module-TCB,"GENERIC;ASM-Pacific,Phoenix",,dormant,none,False,0.0,0.0,0.0,,,0.0,,,unknown
500220085,HWIP REAR TRACK ASSY,Module-TCB,"ASM-Pacific,Phoenix;GENERIC",,dormant,none,False,0.0,0.0,0.0,,,0.0,,,unknown
500220086,HWIP REAR TRACK,Module-TCB,"GENERIC;ASM-Pacific,Phoenix",,dormant,none,False,0.0,0.0,0.0,,,0.0,,,unknown
500220161,WORKCHUCK X PRELOAD MAGNET ASSY (BOTTOM),Module-TCB,"ASM-Pacific,Phoenix;ASM-Pacific,Firebird",,dormant,none,False,0.0,0.0,0.0,,,0.0,,,unknown
500220164,RIGHT HEATED PEDESTAL ASSY,Module-TCB,"ASM-Pacific,Phoenix;ASM-Pacific,Firebird",L,dying,dying,False,0.0027397260273972603,0.0,0.0027397260273972603,0.0,0.0,4.000000000000001,,,unknown
500220166,"PEDESTAL,LEFT,HEATED,ASSEMBLY",Module-TCB,"ASM-Pacific,Firebird;ASM-Pacific,Phoenix",L,dying,dying,False,0.005479452054794521,0.0,0.005479452054794521,0.0,0.0,2.4106037377011003,,,unknown
500220167,"CAMERA,DTA,WD20,CABLE-REAR",Module-TCB,"ASM-Pacific,Phoenix",D,dormant,none,False,0.0,0.0,0.0,,,0.0,,,unknown
500220355,AMPING SCREW M4X6 FSM4-6,Module-TCB,"GENERIC;ASM-Pacific,Phoenix",D,dormant,none,False,0.0,0.0,0.0,,,0.0,,,unknown
500220356,ROD ASSY (NOT USE FOR BONDSTAGE),Module-TCB,"ASM-Pacific,Phoenix",L,dying,dying,False,0.0027397260273972603,0.0,0.0027397260273972603,0.0,0.0,1.50007631024694,,,unknown
500220357,"PIN,DOWEL,D5XL10,SST,HEATED,BLOCK",Module-TCB,"ASM-Pacific,Phoenix",D,dormant,none,False,0.0,0.0,0.0,,,0.0,0.0,-50.0,decreasing
500220358,TCB PEDESTAL HEATED BLOCK,Module-TCB,"ASM-Pacific,Phoenix",,dormant,none,False,0.0,0.0,0.0,,,0.0,,,unknown
500220359,PS COVER CYLINDER ASSY RIGHT,Module-TCB,"ASM-Pacific,Phoenix",,dormant,none,False,0.0,0.0,0.0,,,0.0,,,unknown
500220360,PS COVER OPEN SWITCH,Module-TCB,"ASM-Pacific,Phoenix;GENERIC",,dormant,none,False,0.0,0.0,0.0,,,0.0,,,unknown
500220361,TCB PEDESTAL HEATED BLOCK MAGNET ASSY,Module-TCB,"ASM-Pacific,Phoenix",,dormant,none,False,0.0,0.0,0.0,,,0.0,,,unknown
500220362,PS COVER CLOSE SWITCH,Module-TCB,"GENERIC;ASM-Pacific,Phoenix",,dormant,none,False,0.0,0.0,0.0,,,0.0,,,unknown
500220363,ROD END NHS 5T,Module-TCB,"ASM-Pacific,Phoenix;GENERIC",,dormant,none,False,0.0,0.0,0.0,,,0.0,,,unknown
500220364,LOCK NUT M5X0.8,Module-TCB,"ASM-Pacific,Phoenix",,dormant,none,False,0.0,0.0,0.0,,,0.0,,,unknown
500220365,CYLINDER SHOULDER SCREW,Module-TCB,"ASM-Pacific,Phoenix;GENERIC",,dormant,none,False,0.0,0.0,0.0,,,0.0,,,unknown
500220366,CYLINER ADAPTOR,Module-TCB,"ASM-Pacific,Phoenix",,dormant,none,False,0.0,0.0,0.0,,,0.0,,,unknown
500220367,CYLINDER MOUNT,Module-TCB,"ASM-Pacific,Phoenix",,dormant,none,False,0.0,0.0,0.0,,,0.0,,,unknown
500220368,"PNEU. CYLINDER, D-ACT, 10X45, DC",Module-TCB,"ASM-Pacific,Phoenix",,dormant,none,False,0.0,0.0,0.0,,,0.0,,,unknown
500220369,AUTO SWITCH MOUNTING BAND BJ2-010,Module-TCB,"GENERIC;ASM-Pacific,Phoenix",,dormant,none,False,0.0,0.0,0.0,,,0.0,,,unknown
500220370,PS R COVER ASSY,Module-TCB,"ASM-Pacific,Phoenix",,dormant,none,False,0.0,0.0,0.0,,,0.0,,,unknown
500220371,PS R COVER ASSY,Module-TCB,"ASM-Pacific,Phoenix",,dormant,none,False,0.0,0.0,0.0,,,0.0,,,unknown
500220372,E-RING ETW-4,Module-TCB,"ASM-Pacific,Phoenix",,dormant,none,False,0.0,0.0,0.0,,,0.0,,,unknown
500220373,PS COVER 2,Module-TCB,"ASM-Pacific,Phoenix",,dormant,none,False,0.0,0.0,0.0,,,0.0,,,unknown
500220374,PS COVER 3,Module-TCB,"ASM-Pacific,Phoenix",,dormant,none,False,0.0,0.0,0.0,,,0.0,,,unknown
500220376,CONDENSER COVER,Module-TCB,"ASM-Pacific,Phoenix",,dormant,none,False,0.0,0.0,0.0,,,0.0,,,unknown
500220377,COVER HINGE BUSH,Module-TCB,"ASM-Pacific,Phoenix",,dormant,none,False,0.0,0.0,0.0,,,0.0,,,unknown
500220378,PS COVER 4,Module-TCB,"ASM-Pacific,Phoenix",,dormant,none,False,0.0,0.0,0.0,,,0.0,,,unknown
500220379,COVER 1 ADD-ON,Module-TCB,"ASM-Pacific,Phoenix",,dormant,none,False,0.0,0.0,0.0,,,0.0,,,unknown
500220380,COVER HINGE SHAFT,Module-TCB,"ASM-Pacific,Phoenix;GENERIC",,dormant,none,False,0.0,0.0,0.0,,,0.0,,,unknown
500220381,3MM SPACER,Module-TCB,"ASM-Pacific,Phoenix;GENERIC",,dormant,none,False,0.0,0.0,0.0,,,0.0,,,unknown
500220382,PS COVER 1,Module-TCB,"ASM-Pacific,Phoenix",,dormant,none,False,0.0,0.0,0.0,,,0.0,,,unknown
500220383,CONDENSER COVER,Module-TCB,"ASM-Pacific,Phoenix",,dormant,none,False,0.0,0.0,0.0,,,0.0,,,unknown
500220384,PS CONDENSER DUMMY PLATE,Module-TCB,"ASM-Pacific,Phoenix",,dormant,none,False,0.0,0.0,0.0,,,0.0,,,unknown
500220385,PS Stopper,Module-TCB,"ASM-Pacific,Phoenix;GENERIC",,dormant,none,False,0.0,0.0,0.0,,,0.0,,,unknown
500220386,DDLO Z MOVING END COVER-01(L),Module-TCB,"ASM-Pacific,Phoenix",,dormant,none,False,0.0,0.0,0.0,,,0.0,,,unknown
500220387,DDLO Z MOVING END MOUNT-01(L),Module-TCB,"ASM-Pacific,Phoenix",,dormant,none,False,0.0,0.0,0.0,,,0.0,,,unknown
500220388,DDLO X MOVING END MOUNT-01(L),Module-TCB,"ASM-Pacific,Phoenix",,dormant,none,False,0.0,0.0,0.0,,,0.0,,,unknown
500220389,DDLO X MOVING END COVER-01(L),Module-TCB,"ASM-Pacific,Phoenix",,dormant,none,False,0.0,0.0,0.0,,,0.0,,,unknown
500220390,DDLO X MTR&ENC CABLE COVER(L),Module-TCB,"ASM-Pacific,Phoenix",,dormant,none,False,0.0,0.0,0.0,,,0.0,,,unknown
500220391,DDLO X FIXED END MOUNT-01(L),Module-TCB,"ASM-Pacific,Phoenix",,dormant,none,False,0.0,0.0,0.0,,,0.0,,,unknown
500220392,DDLO X FIXED END COVER-01(L),Module-TCB,"ASM-Pacific,Phoenix",,dormant,none,False,0.0,0.0,0.0,,,0.0,,,unknown
500220393,DDLO X FIXED END MOUNT-02(L),Module-TCB,"ASM-Pacific,Phoenix",,dormant,none,False,0.0,0.0,0.0,,,0.0,,,unknown
500220394,Z ENCODER COVER LEFT,Module-TCB,"ASM-Pacific,Phoenix",,dormant,none,False,0.0,0.0,0.0,,,0.0,,,unknown
500220395,L&R DDLO RUBBER SPACER-01(G2),Module-TCB,"ASM-Pacific,Phoenix;GENERIC",,dormant,none,False,0.0,0.0,0.0,,,0.0,,,unknown
500220396,Z STAGE LEFT,Module-TCB,"GENERIC;ASM-Pacific,Phoenix",,dormant,none,False,0.0,0.0,0.0,,,0.0,,,unknown
500220397,DDLO Z MOTOR LEFT,Module-TCB,"ASM-Pacific,Phoenix",,dormant,none,False,0.0,0.0,0.0,,,0.0,,,unknown
500220398,DDLO Z TABLE BASE LEFT,Module-TCB,"ASM-Pacific,Phoenix",,dormant,none,False,0.0,0.0,0.0,,,0.0,,,unknown
500220399,Z MOVING TABLE LEFT,Module-TCB,"ASM-Pacific,Phoenix;GENERIC",,dormant,none,False,0.0,0.0,0.0,,,0.0,,,unknown
500220400,L&R DDLO CABLE CLAMP-01(G2),Module-TCB,"ASM-Pacific,Phoenix",,dormant,none,False,0.0,0.0,0.0,,,0.0,,,unknown
500220401,DDLO ENC CABLE ASSY,Module-TCB,"ASM-Pacific,Phoenix",,dormant,none,False,0.0,0.0,0.0,,,0.0,,,unknown
500220402,Z MOTOR COVER LEFT,Module-TCB,"ASM-Pacific,Phoenix",,dormant,none,False,0.0,0.0,0.0,,,0.0,,,unknown
500220403,Z ENCODER MOUNT LEFT,Module-TCB,"ASM-Pacific,Phoenix",,dormant,none,False,0.0,0.0,0.0,,,0.0,,,unknown
500220404,OPTICS&LG MOUNTING ARM LEFT,Module-TCB,"ASM-Pacific,Phoenix",,dormant,none,False,0.0,0.0,0.0,,,0.0,,,unknown
500220405,LG MOUNT LEFT,Module-TCB,"ASM-Pacific,Phoenix",,dormant,none,False,0.0,0.0,0.0,,,0.0,,,unknown
500220407,HEX SPACER M3X20 STUD/HOLE,Module-TCB,"GENERIC;ASM-Pacific,Phoenix",,dormant,none,False,0.0,0.0,0.0,,,0.0,,,unknown
500220408,SOC HD ATTACHING SCREW M3X8,Module-TCB,"ASM-Pacific,Phoenix;GENERIC",,dormant,none,False,0.0,0.0,0.0,,,0.0,,,unknown
500220409,DL OPTICS MOUNT LEFT,Module-TCB,"ASM-Pacific,Phoenix",,dormant,none,False,0.0,0.0,0.0,,,0.0,,,unknown
500220410,SOC HD ATTACHING SCREW M3X6,Module-TCB,"GENERIC;ASM-Pacific,Phoenix",,dormant,none,False,0.0,0.0,0.0,,,0.0,,,unknown
500220411,DDLO X MTR&ENC CABLE COVER(R),Module-TCB,"ASM-Pacific,Phoenix",,dormant,none,False,0.0,0.0,0.0,,,0.0,,,unknown
500220412,DDLO Z MOVING END MOUNT-01(R),Module-TCB,"ASM-Pacific,Phoenix",,dormant,none,False,0.0,0.0,0.0,,,0.0,,,unknown
500220413,DDLO Z MOVING END COVER-01(R),Module-TCB,"ASM-Pacific,Phoenix",,dormant,none,False,0.0,0.0,0.0,,,0.0,,,unknown
500220414,DDLO X FIXED END MOUNT-01(R),Module-TCB,"ASM-Pacific,Phoenix",,dormant,none,False,0.0,0.0,0.0,,,0.0,,,unknown
500220415,DDLO X MOVING END MOUNT-01(R),Module-TCB,"ASM-Pacific,Phoenix",,dormant,none,False,0.0,0.0,0.0,,,0.0,,,unknown
500220416,DDLO X MOVING END COVER-01(R),Module-TCB,"ASM-Pacific,Phoenix",,dormant,none,False,0.0,0.0,0.0,,,0.0,,,unknown
500220417,Z ENCODER COVER RIGHT,Module-TCB,"ASM-Pacific,Phoenix",,dormant,none,False,0.0,0.0,0.0,,,0.0,,,unknown
500220418,DDLO X FIXED END MOUNT-02(R),Module-TCB,"ASM-Pacific,Phoenix",,dormant,none,False,0.0,0.0,0.0,,,0.0,,,unknown
500220419,DDLO ENC CABLE ASSY,Module-TCB,"ASM-Pacific,Phoenix",,dormant,none,False,0.0,0.0,0.0,,,0.0,,,unknown
500220420,Z STAGE RIGHT,Module-TCB,"GENERIC;ASM-Pacific,Phoenix",,dormant,none,False,0.0,0.0,0.0,,,0.0,,,unknown
500220421,"MAGNETIC SPRING (20N, 49MM)",Module-TCB,"ASM-Pacific,Phoenix;GENERIC",,dormant,none,False,0.0,0.0,0.0,,,0.0,,,unknown
500220422,"MOTOR,DDLO,Z,RIGHT",Module-TCB,"ASM-Pacific,Phoenix",,dormant,none,False,0.0,0.0,0.0,,,0.0,,,unknown
500220423,DDLO X FIXED END COVER-01(R),Module-TCB,"ASM-Pacific,Phoenix",,dormant,none,False,0.0,0.0,0.0,,,0.0,,,unknown
500220424,DDLO Z TABLE RIGHT,Module-TCB,"GENERIC;ASM-Pacific,Phoenix",,dormant,none,False,0.0,0.0,0.0,,,0.0,,,unknown
500220425,Z MOVING TABLE RIGHT,Module-TCB,"GENERIC;ASM-Pacific,Phoenix",,dormant,none,False,0.0,0.0,0.0,,,0.0,,,unknown
500220426,OPTICS&LG MOUTING ARM RIGHT,Module-TCB,"ASM-Pacific,Phoenix",,dormant,none,False,0.0,0.0,0.0,,,0.0,,,unknown
500220427,Z MOTOR COVER RIGHT,Module-TCB,"ASM-Pacific,Phoenix",,dormant,none,False,0.0,0.0,0.0,,,0.0,,,unknown
500220428,OPTICS&LG SCREW RETAINING PLATE,Module-TCB,"ASM-Pacific,Phoenix",,dormant,none,False,0.0,0.0,0.0,,,0.0,,,unknown
500220429,Z ENCODER MOUNT RIGHT,Module-TCB,"ASM-Pacific,Phoenix",,dormant,none,False,0.0,0.0,0.0,,,0.0,,,unknown
500220430,REFERENCE MARK INTERFACE,Module-TCB,"ASM-Pacific,Phoenix",,dormant,none,False,0.0,0.0,0.0,,,0.0,,,unknown
500220431,LG MOUNT RIGHT,Module-TCB,"ASM-Pacific,Phoenix",,dormant,none,False,0.0,0.0,0.0,,,0.0,,,unknown
500220432,DL OPTICS SCREW RETAINING PLATE,Module-TCB,"ASM-Pacific,Phoenix",,dormant,none,False,0.0,0.0,0.0,,,0.0,,,unknown
500220433,DL OPTICS MOUNT RIGHT,Module-TCB,"ASM-Pacific,Phoenix",,dormant,none,False,0.0,0.0,0.0,,,0.0,,,unknown
500220434,4 PIN M8 ST PLUG SCR FLEX CORD 5M,Module-TCB,"ASM-Pacific,Phoenix",,dormant,none,False,0.0,0.0,0.0,,,0.0,,,unknown
500220435,Y SHUTTLE OPTICS TABLE ASSY,Module-TCB,"ASM-Pacific,Phoenix;GENERIC",,dormant,none,False,0.0,0.0,0.0,,,0.0,,,unknown
500220436,Z MOVING  (INPUTSHUTTLE X TABLE),Module-TCB,"ASM-Pacific,Phoenix;GENERIC",,dormant,none,False,0.0,0.0,0.0,,,0.0,,,unknown
500220438,Z FIXEND(INPUTSHUTTLE X TABLE),Module-TCB,"GENERIC;ASM-Pacific,Phoenix",,dormant,none,False,0.0,0.0,0.0,,,0.0,,,unknown
500220439,COVER 1 (INPUTSHUTTLE X TABLE),Module-TCB,"GENERIC;ASM-Pacific,Phoenix",,dormant,none,False,0.0,0.0,0.0,,,0.0,,,unknown
500220440,COVER 2 (INPUTSHUTTLE X TABLE),Module-TCB,"ASM-Pacific,Phoenix;GENERIC",,dormant,none,False,0.0,0.0,0.0,,,0.0,,,unknown
500220441,E-CHAIN MOUNTING SUPPORT,Module-TCB,"ASM-Pacific,Phoenix",,dormant,none,False,0.0,0.0,0.0,,,0.0,,,unknown
500220442,X FIXEND (INPUTSHUTTLE X TABLE),Module-TCB,"ASM-Pacific,Phoenix;GENERIC",,dormant,none,False,0.0,0.0,0.0,,,0.0,,,unknown
500220443,E-CHAIN Z MOUNTING SUPPORT,Module-TCB,"ASM-Pacific,Phoenix",,dormant,none,False,0.0,0.0,0.0,,,0.0,,,unknown
500220444,Y SHUTTLE OT X TABLE ASSY,Module-TCB,"GENERIC;ASM-Pacific,Phoenix",,dormant,none,False,0.0,0.0,0.0,,,0.0,,,unknown
500220445,Y SHUTTLE OT Z TABLE ASSY,Module-TCB,"ASM-Pacific,Phoenix;GENERIC",,dormant,none,False,0.0,0.0,0.0,,,0.0,,,unknown
500220446,Y SHUTTLE OT TABLE Z ENCODER ASSY,Module-TCB,"ASM-Pacific,Phoenix",D,dormant,none,False,0.0,0.0,0.0,,,0.0,,,unknown
500220447,"MOTOR,BHZ,ROD,Y,SHUTTLE,OT,ZTABLE",Module-TCB,"ASM,TCB,Y-SHUTTLE;ASM-Pacific,Phoenix",D,dormant,none,False,0.0,0.0,0.0,,,0.0,,,unknown
500220448,LM GUIDE 2SRS9MUUC1E+95LPM-II (B),Module-TCB,"ASM-Pacific,Phoenix",,dormant,none,False,0.0,0.0,0.0,,,0.0,,,unknown
500220449,SOC HD CAP SCREW M2X4,Module-TCB,"ASM-Pacific,Phoenix;GENERIC",D,dormant,none,False,0.0,0.0,0.0,,,0.0,,,unknown
500220450,MS (MAGNET MOUNT),Module-TCB,"ASM-Pacific,Phoenix",,dormant,none,False,0.0,0.0,0.0,,,0.0,,,unknown
500220451,MS (JACKET MOUNT),Module-TCB,"ASM-Pacific,Phoenix",,dormant,none,False,0.0,0.0,0.0,,,0.0,,,unknown
500220452,"MAGNETIC SPRING (8N, 32MM)",Module-TCB,"ASM-Pacific,Phoenix;GENERIC",,dormant,none,False,0.0,0.0,0.0,,,0.0,,,unknown
500220453,BHZ SCALE MOUNT,Module-TCB,"ASM-Pacific,Phoenix",,dormant,none,False,0.0,0.0,0.0,,,0.0,,,unknown
500220454,Y SHUTTLE OT Z BASE,Module-TCB,"ASM-Pacific,Phoenix",,dormant,none,False,0.0,0.0,0.0,,,0.0,,,unknown
500220455,FOV8 OPTICS BASE MOUNT,Module-TCB,"ASM-Pacific,Phoenix",,dormant,none,False,0.0,0.0,0.0,,,0.0,,,unknown
500220456,Y SHUTTLE OT X ADAPTOR,Module-TCB,"GENERIC;ASM-Pacific,Phoenix",,dormant,none,False,0.0,0.0,0.0,,,0.0,,,unknown
500220457,Y SHUTTLE OT MOUNT,Module-TCB,"ASM-Pacific,Phoenix",,dormant,none,False,0.0,0.0,0.0,,,0.0,,,unknown
500220458,FOV8 OPTICS ADAPTOR,Module-TCB,"ASM-Pacific,Phoenix",,dormant,none,False,0.0,0.0,0.0,,,0.0,,,unknown
500220459,Y SHUTTLE OT 25MM SPACER,Module-TCB,"GENERIC;ASM-Pacific,Phoenix",,dormant,none,False,0.0,0.0,0.0,,,0.0,,,unknown
500220465,INPUT Y TRANSFER CONVEYOR,Module-TCB,"ASM-Pacific,Phoenix",,dormant,none,False,0.0,0.0,0.0,,,0.0,,,unknown
500220466,IP SHUTTLE TRACK WIDTH MTR ASSY,Module-TCB,"ASM-Pacific,Phoenix",,dormant,none,False,0.0,0.0,0.0,,,0.0,,,unknown
500220467,"MOTOR,IP,SHUTTLE,CONVEYOR,ASSEMBLY",Module-TCB,"ASM-Pacific,Phoenix",D,dormant,none,False,0.0,0.0,0.0,,,0.0,,,unknown
500220468,INPUT SHUTTLE CONVEYOR IN SNR,Module-TCB,"ASM-Pacific,Phoenix",,dormant,none,False,0.0,0.0,0.0,,,0.0,,,unknown
500220469,INPUT SHUTTLE CONVEYOR MID SNR,Module-TCB,"GENERIC;ASM-Pacific,Phoenix",,dormant,none,False,0.0,0.0,0.0,,,0.0,,,unknown
500220470,INPUT SHUTTLE CONVEYOR OUT SNR,Module-TCB,"ASM-Pacific,Phoenix",,dormant,none,False,0.0,0.0,0.0,,,0.0,,,unknown
500220471,COS-L REAR TRACK COVER MID,Module-TCB,"ASM-Pacific,Phoenix",,dormant,none,False,0.0,0.0,0.0,,,0.0,,,unknown
500220472,INPUT SHUTTLE CONVEYOR INSP POSN SNR,Module-TCB,"GENERIC;ASM-Pacific,Phoenix",,dormant,none,False,0.0,0.0,0.0,,,0.0,,,unknown
500220473,IP SHUTTLE FRONT TRACK COVER,Module-TCB,"ASM-Pacific,Phoenix",,dormant,none,False,0.0,0.0,0.0,,,0.0,,,unknown
500220474,INSP SNR & STOPPER MOUNT,Module-TCB,"ASM-Pacific,Phoenix",,dormant,none,False,0.0,0.0,0.0,,,0.0,,,unknown
500220475,IP SHUTTLE REAR TRACK COVER 2,Module-TCB,"ASM-Pacific,Phoenix",,dormant,none,False,0.0,0.0,0.0,,,0.0,,,unknown
500220476,LINEAR BUSHING 3X4.5X6 METRIC,Module-TCB,"ASM-Pacific,Phoenix",,dormant,none,False,0.0,0.0,0.0,,,0.0,,,unknown
500220477,TOP CLAMP GUIDE ROD,Module-TCB,"ASM-Pacific,Phoenix;GENERIC",,dormant,none,False,0.0,0.0,0.0,,,0.0,,,unknown
500220478,INSP SNR MOUNT,Module-TCB,"ASM-Pacific,Phoenix",,dormant,none,False,0.0,0.0,0.0,,,0.0,,,unknown
500220479,TOP CLAMP BASE,Module-TCB,"ASM-Pacific,Phoenix",,dormant,none,False,0.0,0.0,0.0,,,0.0,,,unknown
500220480,IP SHUTTLE REAR TRACK COVER 1,Module-TCB,"ASM-Pacific,Phoenix",,dormant,none,False,0.0,0.0,0.0,,,0.0,,,unknown
500220481,TOP CLAMP PLATE BASE,Module-TCB,"ASM-Pacific,Phoenix",,dormant,none,False,0.0,0.0,0.0,,,0.0,,,unknown
500220482,TOP CLAMP QUICK RELEASE,Module-TCB,"ASM-Pacific,Phoenix",,dormant,none,False,0.0,0.0,0.0,,,0.0,,,unknown
500220483,TOP CLAMP ASSY,"Module-DP,Module-TCB","ASM-Pacific,Phoenix;TCB_Generic;Generic",,dormant,none,False,0.0,0.0,0.0,,,0.0,,,unknown
500220484,"PNEU.,CYLINDER,D-ACT,10X6",Module-TCB,"ASM-Pacific,Phoenix",,dormant,none,False,0.0,0.0,0.0,,,0.0,,,unknown
500220485,BARB FITTING M-3ALU-3,Module-TCB,"ASM-Pacific,Phoenix",,dormant,none,False,0.0,0.0,0.0,,,0.0,,,unknown
500220486,OUTPUT Y TRANSFER CONVEYOR,Module-TCB,"ASM-Pacific,Phoenix",,dormant,none,False,0.0,0.0,0.0,,,0.0,,,unknown
500220487,PUSHER ASSY,"Module-DP,Module-TCB","ASM-Pacific,Firebird;Generic;TCB_Generic;ASM-Pacific,Phoenix",D,dormant,none,False,0.0,0.0,0.0,,,0.0,,,unknown
500220488,MA MODEL MOUNTING ASSY,Module-TCB,"ASM-Pacific,Phoenix",,dormant,none,False,0.0,0.0,0.0,,,0.0,,,unknown
500220489,CASSETTE SET UP KIT,Module-TCB,"ASM-Pacific,Phoenix",,dormant,none,False,0.0,0.0,0.0,,,0.0,,,unknown
500220490,OUTPUT SHUTTLE CONVEYOR IN SNR,Module-TCB,"ASM-Pacific,Phoenix;GENERIC",,dormant,none,False,0.0,0.0,0.0,,,0.0,,,unknown
500220491,OUTPUT SHUTTLE CONVEYOR MID SNR,Module-TCB,"ASM-Pacific,Phoenix;GENERIC",,dormant,none,False,0.0,0.0,0.0,,,0.0,,,unknown
500220492,OUTPUT SHUTTLE CONVEYOR OUT SNR,Module-TCB,"GENERIC;ASM-Pacific,Phoenix",,dormant,none,False,0.0,0.0,0.0,,,0.0,,,unknown
500220493,ENCODER MOUNTING PLATE,Module-TCB,"ASM-Pacific,Phoenix",,dormant,none,False,0.0,0.0,0.0,,,0.0,,,unknown
500220494,HWIP TRACK MID SNR MOUNT,Module-TCB,"ASM-Pacific,Phoenix",,dormant,none,False,0.0,0.0,0.0,,,0.0,,,unknown
500220495,CONVEYOR IN SNR MNT,Module-TCB,"ASM-Pacific,Phoenix",,dormant,none,False,0.0,0.0,0.0,,,0.0,,,unknown
500220496,SNR MOUNTING BASE,Module-TCB,"ASM-Pacific,Phoenix",,dormant,none,False,0.0,0.0,0.0,,,0.0,,,unknown
500220497,OP SHUTTLE FRONT TRACK COVER,Module-TCB,"ASM-Pacific,Phoenix",,dormant,none,False,0.0,0.0,0.0,,,0.0,,,unknown
500220498,HWIP TRACK SNR UP MOUNT,Module-TCB,"ASM-Pacific,Phoenix",,dormant,none,False,0.0,0.0,0.0,,,0.0,,,unknown
500220499,OP SHUTTLE REAR TRACK COVER,Module-TCB,"ASM-Pacific,Phoenix",,dormant,none,False,0.0,0.0,0.0,,,0.0,,,unknown
500220500,Y TRANSFER CONVEYOR,Module-TCB,"ASM-Pacific,Phoenix",,dormant,none,False,0.0,0.0,0.0,,,0.0,,,unknown
500220501,CONVEYOR TRACK WIDTH STOPPER,Module-TCB,"ASM-Pacific,Phoenix;GENERIC",,dormant,none,False,0.0,0.0,0.0,,,0.0,,,unknown
500220502,Y TRANSFER CONVEYOR BASE ASSY,Module-TCB,"ASM-Pacific,Phoenix",,dormant,none,False,0.0,0.0,0.0,,,0.0,,,unknown
500220503,"LM GUIDE 2SRS12WGMUUC1+200LPM(OH, AFF)",Module-TCB,"ASM-Pacific,Firebird;ASM-Pacific,Phoenix",,dormant,none,False,0.0,0.0,0.0,,,0.0,,,unknown
500220504,(WH) SHOULDER SCREW M3 DIA4X5,Module-TCB,"GENERIC;ASM-Pacific,Phoenix",,dormant,none,False,0.0,0.0,0.0,,,0.0,,,unknown
500220505,(WH) LEVEL ADJ SPANNER,Module-TCB,"GENERIC;ASM-Pacific,Phoenix",,dormant,none,False,0.0,0.0,0.0,,,0.0,,,unknown
500220506,TRAY COPLANARITY ADJUSTMENT SCREW,Module-TCB,"ASM-Pacific,Phoenix;GENERIC",,dormant,none,False,0.0,0.0,0.0,,,0.0,,,unknown
500220507,Y TRANSFER CONVEYOR BASE PLATE,Module-TCB,"ASM-Pacific,Phoenix",,dormant,none,False,0.0,0.0,0.0,,,0.0,,,unknown
500220508,Y TRANSFER CONVEYOR FRONT TRACK ASSY,Module-TCB,"GENERIC;ASM-Pacific,Phoenix",,dormant,none,False,0.0,0.0,0.0,,,0.0,,,unknown
500220509,IDLER ASSY,Module-TCB,"ASM-Pacific,Phoenix",,dormant,none,False,0.0,0.0,0.0,,,0.0,,,unknown
500220510,C-CLAMP(DISC),Module-TCB,"ASM-Pacific,Phoenix",,dormant,none,False,0.0,0.0,0.0,,,0.0,,,unknown
500220511,"PULLEY,MODIFIED,HWOP,FRONT,TRACK,",Module-TCB,"ASM-Pacific,Phoenix",,dormant,none,False,0.0,0.0,0.0,,,0.0,,,unknown
500220512,A/C BEARING COVER OD22,Module-TCB,"ASM-Pacific,Phoenix",,dormant,none,False,0.0,0.0,0.0,,,0.0,,,unknown
500220513,BEARING HOLDER MOUNT,Module-TCB,"ASM-Pacific,Phoenix",,dormant,none,False,0.0,0.0,0.0,,,0.0,,,unknown
500220514,TRACK WIDTH PULLEY,Module-TCB,"ASM-Pacific,Phoenix",,dormant,none,False,0.0,0.0,0.0,,,0.0,,,unknown
500220515,HW CONVEYOR MTR MOUNT,Module-TCB,"ASM-Pacific,Phoenix",,dormant,none,False,0.0,0.0,0.0,,,0.0,,,unknown
500220516,SHUTTLE CONVEYOR FRONT TRACK,Module-TCB,"ASM-Pacific,Phoenix;GENERIC",,dormant,none,False,0.0,0.0,0.0,,,0.0,,,unknown
500220517,MTR MNT SPACER,Module-TCB,"GENERIC;ASM-Pacific,Phoenix",,dormant,none,False,0.0,0.0,0.0,,,0.0,,,unknown
500220518,LOCK NUT M8 THICKNESS 4MM,Module-TCB,"ASM-Pacific,Phoenix",,dormant,none,False,0.0,0.0,0.0,,,0.0,,,unknown
500220519,TRACK WIDTH PULLEY (HOLE DIA 6.35),Module-TCB,"ASM-Pacific,Phoenix",,dormant,none,False,0.0,0.0,0.0,,,0.0,,,unknown
500220520,HW TRACK WIDTH MTR MOUNT,Module-TCB,"ASM-Pacific,Phoenix",,dormant,none,False,0.0,0.0,0.0,,,0.0,,,unknown
500220521,"PULLEY,CONV,BELT,SET,DRIVING,Y,TRANSFER","Module-DP,Module-TCB","ASM-Pacific,Firebird;ASM-Pacific,Phoenix;Generic",,dormant,none,False,0.0,0.0,0.0,,,0.0,,,unknown
500220522,Y TRANSFER CONVEYOR REAR TRACK ASSY,Module-TCB,"GENERIC;ASM-Pacific,Phoenix",,dormant,none,False,0.0,0.0,0.0,,,0.0,,,unknown
500220523,"PULLEY,BELT,DRIVE,MOTOR,SET,ASSEMBLY",Module-TCB,"ASM,TCB,Y-SHUTTLE;ASM-Pacific,Phoenix",D,dormant,none,False,0.0,0.0,0.0,,,0.0,,,unknown
500220524,"IDLER,Y,TRANSFER,CONVEYOR",Module-TCB,"ASM-Pacific,Phoenix",,dormant,none,False,0.0,0.0,0.0,,,0.0,,,unknown
500220525,CONVEYOR BELT PULLEY SET,Module-TCB,"ASM-Pacific,Phoenix",,dormant,none,False,0.0,0.0,0.0,,,0.0,,,unknown
500220526,TRACK WIDTH LEADSCREW ASSY,Module-TCB,"ASM-Pacific,Phoenix",,dormant,none,False,0.0,0.0,0.0,,,0.0,,,unknown
500220527,LM GUIDE MOUNT,Module-TCB,"ASM-Pacific,Phoenix",,dormant,none,False,0.0,0.0,0.0,,,0.0,,,unknown
500220528,"PULLEY,SLIDING,ASSEMBLY,",Module-TCB,"ASM-Pacific,Phoenix;ASM-Pacific,Firebird",,dormant,none,False,0.0,0.0,0.0,,,0.0,,,unknown
500220529,LM GUIDE MOUNT (MIRROR),Module-TCB,"ASM-Pacific,Phoenix",,dormant,none,False,0.0,0.0,0.0,,,0.0,,,unknown
500220530,SHUTTLE CONVEYOR REAR TRACK,Module-TCB,"ASM-Pacific,Phoenix;GENERIC",,dormant,none,False,0.0,0.0,0.0,,,0.0,,,unknown
500220531,SHUTTLE TRACK WIDTH SNR FLAG,Module-TCB,"ASM-Pacific,Phoenix",,dormant,none,False,0.0,0.0,0.0,,,0.0,,,unknown
500220532,(IES) FLUX EXHAUST (G2),Module-TCB,"ASM-Pacific,Phoenix",,dormant,none,False,0.0,0.0,0.0,,,0.0,,,unknown
500220533,"PLATE,COOLING,V3,ASSY",Module-TCB,"ASM-Pacific,Phoenix",,dormant,none,False,0.0,0.0,0.0,,,0.0,,,unknown
500220534,"(IES) DISP PROCESS WINDOW FULL, LEFT V2",Module-TCB,"GENERIC;ASM-Pacific,Phoenix",,dormant,none,False,0.0,0.0,0.0,,,0.0,,,unknown
500220535,"WINDOW,PROCESS,FULL,RIGHT,V2,IES,MICRO",Module-TCB,"GENERIC;ASM-Pacific,Phoenix",,dormant,none,False,0.0,0.0,0.0,,,0.0,,,unknown
500220536,"(IES) DISP PROCESS WINDOW, LEFT",Module-TCB,"GENERIC;ASM-Pacific,Phoenix",,dormant,none,False,0.0,0.0,0.0,,,0.0,,,unknown
500220537,"(IES) DISP PROCESS WINDOW, RIGHT",Module-TCB,"ASM-Pacific,Phoenix",,dormant,none,False,0.0,0.0,0.0,,,0.0,,,unknown
500220538,(IES) MIDDLE BAR ASSY,Module-TCB,"ASM-Pacific,Phoenix",,dormant,none,False,0.0,0.0,0.0,,,0.0,,,unknown
500220539,"ADAPTOR,COOLING,BLOCK,PNUEMATIC,ASSY",Module-TCB,"ASM-Pacific,Phoenix",,dormant,none,False,0.0,0.0,0.0,,,0.0,,,unknown
500220540,(IES) MACRO INERT COVER,Module-TCB,"ASM-Pacific,Phoenix",,dormant,none,False,0.0,0.0,0.0,,,0.0,,,unknown
500220541,(IES) REAR ADAPTOR BAR,Module-TCB,"ASM-Pacific,Phoenix",,dormant,none,False,0.0,0.0,0.0,,,0.0,,,unknown
500220542,(IES) ADAPTOR BRACKET FOR OPTICS TABLE,Module-TCB,"ASM-Pacific,Phoenix",,dormant,none,False,0.0,0.0,0.0,,,0.0,,,unknown
500220543,(IES) BACK COVER,Module-TCB,"ASM-Pacific,Phoenix",,dormant,none,False,0.0,0.0,0.0,,,0.0,,,unknown
500220544,"(IES) CABLE COVER, FRONT",Module-TCB,"ASM-Pacific,Phoenix",,dormant,none,False,0.0,0.0,0.0,,,0.0,,,unknown
500220545,"(IES) SIDE COVER FOR OT, LEFT",Module-TCB,"ASM-Pacific,Phoenix",,dormant,none,False,0.0,0.0,0.0,,,0.0,,,unknown
500220546,"(IES) SIDE COVER FOR OT, RIGHT",Module-TCB,"ASM-Pacific,Phoenix",,dormant,none,False,0.0,0.0,0.0,,,0.0,,,unknown
500220547,(IES) ENGAGE BRACKET FOR SIDE COVER,Module-TCB,"ASM-Pacific,Phoenix",,dormant,none,False,0.0,0.0,0.0,,,0.0,,,unknown
500220548,(IES) SCREW WITH GROOVE,Module-TCB,"ASM-Pacific,Phoenix;GENERIC",,dormant,none,False,0.0,0.0,0.0,,,0.0,,,unknown
500220549,"(IES) WINDOW COVER, REAR",Module-TCB,"ASM-Pacific,Phoenix",,dormant,none,False,0.0,0.0,0.0,,,0.0,,,unknown
500220550,(IES) BACK COVER MOUNT,Module-TCB,"ASM-Pacific,Phoenix",,dormant,none,False,0.0,0.0,0.0,,,0.0,,,unknown
500220551,"(IES) SIDE COVER, LEFT",Module-TCB,"ASM-Pacific,Phoenix",,dormant,none,False,0.0,0.0,0.0,,,0.0,,,unknown
500220552,(IES) SIDE WINDOW COVER FOR DDL,Module-TCB,"ASM-Pacific,Phoenix",,dormant,none,False,0.0,0.0,0.0,,,0.0,,,unknown
500220553,"(IES) SIDE COVER, RIGHT",Module-TCB,"ASM-Pacific,Phoenix",,dormant,none,False,0.0,0.0,0.0,,,0.0,,,unknown
500220554,CATCH CLIP HFQ73-42,Module-TCB,"ASM-Pacific,Phoenix",,dormant,none,False,0.0,0.0,0.0,,,0.0,,,unknown
500220555,"(IES) CEILING TACHE(DDL), RIGHT",Module-TCB,"GENERIC;ASM-Pacific,Phoenix",,dormant,none,False,0.0,0.0,0.0,,,0.0,,,unknown
500220556,KNOB FOR M5 SCREW,Module-TCB,"GENERIC;ASM-Pacific,Phoenix",,dormant,none,False,0.0,0.0,0.0,,,0.0,,,unknown
500220557,"DOOR,FRONT,IES,MACRO,INERT",Module-TCB,"ASM-Pacific,Phoenix",,dormant,none,False,0.0,0.0,0.0,,,0.0,,,unknown
500220558,"(IES) CEILING TACHE(DDL), LEFT",Module-TCB,"ASM-Pacific,Phoenix;GENERIC",,dormant,none,False,0.0,0.0,0.0,,,0.0,,,unknown
500220559,"(IES) DOOR LOCK, LOWER",Module-TCB,"ASM-Pacific,Phoenix",,dormant,none,False,0.0,0.0,0.0,,,0.0,,,unknown
500220560,MAGNET LOCK ELEC ASSY,Module-TCB,"ASM-Pacific,Phoenix",D,dormant,none,False,0.0,0.0,0.0,,,0.0,,,unknown
500220561,"(IES) DOOR LOCK, UPPER",Module-TCB,"ASM-Pacific,Phoenix",D,dormant,none,False,0.0,0.0,0.0,,,0.0,,,unknown
500220564,"(IES) FRONT DOOR, TOP BRACKET",Module-TCB,"ASM-Pacific,Phoenix",,dormant,none,False,0.0,0.0,0.0,,,0.0,,,unknown
500220565,"(IES) SAFETY SENSOR PLATE, LEFT",Module-TCB,"ASM-Pacific,Phoenix",,dormant,none,False,0.0,0.0,0.0,,,0.0,,,unknown
500220566,"(IES) SAFETY SENSOR PLATE, RIGHT",Module-TCB,"ASM-Pacific,Phoenix",,dormant,none,False,0.0,0.0,0.0,,,0.0,,,unknown
500220567,(IES) LIGHTING MOUNT,Module-TCB,"ASM-Pacific,Phoenix",,dormant,none,False,0.0,0.0,0.0,,,0.0,,,unknown
500220568,(IES) LIMIT BLOCK FOR FRONT DOOR,Module-TCB,"ASM-Pacific,Phoenix",,dormant,none,False,0.0,0.0,0.0,,,0.0,,,unknown
500220569,"(IES) KEY NOTCH, LOWER",Module-TCB,"ASM-Pacific,Phoenix",,dormant,none,False,0.0,0.0,0.0,,,0.0,,,unknown
500220570,"(IES) KEY NOTCH, UPPER",Module-TCB,"ASM-Pacific,Phoenix",,dormant,none,False,0.0,0.0,0.0,,,0.0,,,unknown
500220571,(IES) L-BRACKET FOR TUBE ADAPTOR,Module-TCB,"ASM-Pacific,Phoenix",,dormant,none,False,0.0,0.0,0.0,,,0.0,,,unknown
500220572,"(IES) ARMATURE FOR DOOR LOCK, LEFT",Module-TCB,"ASM-Pacific,Phoenix",,dormant,none,False,0.0,0.0,0.0,,,0.0,,,unknown
500220573,(IES) NUT PLATE FOR TUBE ADAPTOR,Module-TCB,"ASM-Pacific,Phoenix",,dormant,none,False,0.0,0.0,0.0,,,0.0,,,unknown
500220574,(IES) PROTECTIVE GUARD FOR MAGNETIC LOCK,Module-TCB,"ASM-Pacific,Phoenix",,dormant,none,False,0.0,0.0,0.0,,,0.0,,,unknown
500220575,"(IES) FRONT COVER WITH WINDOW, V3",Module-TCB,"ASM-Pacific,Phoenix",,dormant,none,False,0.0,0.0,0.0,,,0.0,,,unknown
500220576,(IES) L-BRACKET FOR MAGNETIC LOCK,Module-TCB,"ASM-Pacific,Phoenix",,dormant,none,False,0.0,0.0,0.0,,,0.0,,,unknown
500220577,"(IES) ARMATURE FOR DOOR LOCK, RIGHT",Module-TCB,"ASM-Pacific,Phoenix",,dormant,none,False,0.0,0.0,0.0,,,0.0,,,unknown
500220578,(IES) FRONT COVER HANDLE 2,Module-TCB,"ASM-Pacific,Phoenix",,dormant,none,False,0.0,0.0,0.0,,,0.0,,,unknown
500220579,STAINLESS FLAT TORQUE HINGE B-1109-3,Module-TCB,"ASM-Pacific,Phoenix",D,dormant,none,False,0.0,0.0,0.0,,,0.0,,,unknown
500220621,(IES) CONDENSER (G2) AND DUCT,Module-TCB,"ASM-Pacific,Phoenix",,dormant,none,False,0.0,0.0,0.0,,,0.0,,,unknown
500220622,"WINDOW,BONDING EXHAUST,BEW,IES,FLUX",Module-TCB,"GENERIC;ASM-Pacific,Phoenix",,dormant,none,False,0.0,0.0,0.0,,,0.0,,,unknown
500220623,"(IES) EXH, LINE-VAC & UNION ASSY",Module-TCB,"ASM-Pacific,Phoenix",,dormant,none,False,0.0,0.0,0.0,,,0.0,,,unknown
500220624,(IES) CDS EXTENDED DUCT & VALVE ASSY,Module-TCB,"ASM-Pacific,Phoenix",,dormant,none,False,0.0,0.0,0.0,,,0.0,,,unknown
500220625,(IES) CDS EXH DUCT WITH 2ND CDS ASSY,Module-TCB,"ASM-Pacific,Phoenix",,dormant,none,False,0.0,0.0,0.0,,,0.0,,,unknown
500220626,"(IES)CDS, EXH. VALVE ASSY",Module-TCB,"ASM-Pacific,Phoenix;GENERIC",,dormant,none,False,0.0,0.0,0.0,,,0.0,,,unknown
500220627,"ENVIRONEMTN, CORE,INERT,CIE,G2,IES",Module-TCB,"ASM-Pacific,Phoenix",D,dormant,none,False,0.0,0.0,0.0,,,0.0,,,unknown
500220628,(IES) PRE HEAT SLIDE COVER LEFT,Module-TCB,"ASM-Pacific,Phoenix",,dormant,none,False,0.0,0.0,0.0,,,0.0,,,unknown
500220629,(IES) PRE HEAT SLIDE COVER,Module-TCB,"ASM-Pacific,Phoenix",,dormant,none,False,0.0,0.0,0.0,,,0.0,,,unknown
500220630,(IES) PH FRONT EXH DUCT ASSY LEFT (G2),Module-TCB,"ASM-Pacific,Phoenix",,dormant,none,False,0.0,0.0,0.0,,,0.0,,,unknown
500220631,(IES) PH COVER Y-SHUTTLE BASE ASSY LEFT,Module-TCB,"ASM-Pacific,Phoenix",,dormant,none,False,0.0,0.0,0.0,,,0.0,,,unknown
500220632,(IES) PRE HEAT SLIDE COVER RIGHT,Module-TCB,"ASM-Pacific,Phoenix",,dormant,none,False,0.0,0.0,0.0,,,0.0,,,unknown
500220633,(IES) PH COVER Y-SHUTTLE BASE ASSY RIGHT,Module-TCB,"ASM-Pacific,Phoenix",,dormant,none,False,0.0,0.0,0.0,,,0.0,,,unknown
500220634,(IES) PH FRONT EXH DUCT ASSY RIGH (G2),Module-TCB,"ASM-Pacific,Phoenix",,dormant,none,False,0.0,0.0,0.0,,,0.0,,,unknown
500220635,(DFH) DNL DOCKING UNIT,Module-TCB,"ASM-Pacific,Phoenix",,dormant,none,False,0.0,0.0,0.0,,,0.0,,,unknown
500220636,(DFH) DNL MECH ASSY,Module-TCB,"ASM-Pacific,Phoenix",,dormant,none,False,0.0,0.0,0.0,,,0.0,,,unknown
500220637,DFH SIDE GUIDE,Module-TCB,"ASM-Pacific,Phoenix",,dormant,none,False,0.0,0.0,0.0,,,0.0,,,unknown
500220638,(CAH) DNL MECH ASSY,Module-TCB,"ASM-Pacific,Phoenix",,dormant,none,False,0.0,0.0,0.0,,,0.0,,,unknown
500220639,CHAMFER BLOCK C,Module-TCB,"ASM-Pacific,Phoenix",,dormant,none,False,0.0,0.0,0.0,,,0.0,,,unknown
500220640,SIDE GUIDE BAR,Module-TCB,"ASM-Pacific,Phoenix",,dormant,none,False,0.0,0.0,0.0,,,0.0,,,unknown
500220641,DNL DOCKING UNIT LEFT,Module-TCB,"ASM-Pacific,Phoenix",,dormant,none,False,0.0,0.0,0.0,,,0.0,,,unknown
500220642,CHAMFER BLOCK B,Module-TCB,"ASM-Pacific,Phoenix",,dormant,none,False,0.0,0.0,0.0,,,0.0,,,unknown
500220643,DNL BASE PLATE LEFT,Module-TCB,"ASM-Pacific,Phoenix",,dormant,none,False,0.0,0.0,0.0,,,0.0,,,unknown
500220644,DOCK CYL SNR CABLE ASSY,Module-TCB,"ASM-Pacific,Phoenix",,dormant,none,False,0.0,0.0,0.0,,,0.0,,,unknown
500220645,DNL PROFILE GUIDE A,Module-TCB,"ASM-Pacific,Phoenix",,dormant,none,False,0.0,0.0,0.0,,,0.0,,,unknown
500220646,DNL LOCKING HOOK A,Module-TCB,"ASM-Pacific,Phoenix",,dormant,none,False,0.0,0.0,0.0,,,0.0,,,unknown
500220647,DNL HANDLE A,Module-TCB,"ASM-Pacific,Phoenix",,dormant,none,False,0.0,0.0,0.0,,,0.0,,,unknown
500220648,DNL PILOT PIN BLK A,Module-TCB,"ASM-Pacific,Phoenix",,dormant,none,False,0.0,0.0,0.0,,,0.0,,,unknown
500220649,DNL HANDLE COVER A,Module-TCB,"ASM-Pacific,Phoenix",,dormant,none,False,0.0,0.0,0.0,,,0.0,,,unknown
500220650,DNL DOCKING UNIT RIGHT,Module-TCB,"ASM-Pacific,Phoenix;GENERIC",,dormant,none,False,0.0,0.0,0.0,,,0.0,,,unknown
500220651,DNL BASE PLATE RIGHT,Module-TCB,"ASM-Pacific,Phoenix",,dormant,none,False,0.0,0.0,0.0,,,0.0,,,unknown
500220652,DNL COMPENSATION PLATE (DFH),Module-TCB,"ASM-Pacific,Phoenix",,dormant,none,False,0.0,0.0,0.0,,,0.0,,,unknown
500220653,DOCK CYL SNR CABLE ASSY,Module-TCB,"ASM-Pacific,Phoenix",,dormant,none,False,0.0,0.0,0.0,,,0.0,,,unknown
500220654,DNL HOOK PIVOT WASHER,Module-TCB,"GENERIC;ASM-Pacific,Phoenix",,dormant,none,False,0.0,0.0,0.0,,,0.0,,,unknown
500220655,"BEARING,BALL,5X10X4,DNL",Module-TCB,"ASM-Pacific,Phoenix;ASM-Pacific,Firebird",,dormant,none,False,0.0,0.0,0.0,,,0.0,,,unknown
500220656,DNL PROFILE GUIDE B,Module-TCB,"ASM-Pacific,Phoenix",,dormant,none,False,0.0,0.0,0.0,,,0.0,,,unknown
500220657,DNL LOCKING HOOK B,Module-TCB,"ASM-Pacific,Phoenix",,dormant,none,False,0.0,0.0,0.0,,,0.0,,,unknown
500220658,DNL HOOK PIVOT,Module-TCB,"ASM-Pacific,Phoenix",,dormant,none,False,0.0,0.0,0.0,,,0.0,,,unknown
500220659,DNL LOCATING BULLET,Module-TCB,"ASM-Pacific,Phoenix",,dormant,none,False,0.0,0.0,0.0,,,0.0,,,unknown
500220660,DNL PILOT PIN BLK B,Module-TCB,"ASM-Pacific,Phoenix",,dormant,none,False,0.0,0.0,0.0,,,0.0,,,unknown
500220661,DNL RESTRICTION HOOK,Module-TCB,"ASM-Pacific,Phoenix",,dormant,none,False,0.0,0.0,0.0,,,0.0,,,unknown
500220662,DNL LINKAGE,Module-TCB,"ASM-Pacific,Phoenix",,dormant,none,False,0.0,0.0,0.0,,,0.0,,,unknown
500220663,DNL HANDLE B,Module-TCB,"ASM-Pacific,Phoenix",,dormant,none,False,0.0,0.0,0.0,,,0.0,,,unknown
500220664,DNL HANDLE COVER B,Module-TCB,"ASM-Pacific,Phoenix",,dormant,none,False,0.0,0.0,0.0,,,0.0,,,unknown
500220665,DNL AXIAL FOOT FOR CYLINDER,Module-TCB,"ASM-Pacific,Phoenix",,dormant,none,False,0.0,0.0,0.0,,,0.0,,,unknown
500220666,DNL PILOT PIN PLATE,Module-TCB,"ASM-Pacific,Phoenix",,dormant,none,False,0.0,0.0,0.0,,,0.0,,,unknown
500220667,DNL ROLLER GUIDE,Module-TCB,"ASM-Pacific,Phoenix",,dormant,none,False,0.0,0.0,0.0,,,0.0,,,unknown
500220668,DNL KNUCKLE JOINT FOR CYLINDER,Module-TCB,"ASM-Pacific,Phoenix",,dormant,none,False,0.0,0.0,0.0,,,0.0,,,unknown
500220669,DNL LINKAGE PIN A,Module-TCB,"ASM-Pacific,Phoenix",,dormant,none,False,0.0,0.0,0.0,,,0.0,,,unknown
500220670,DNL LINKAGE WASHER,Module-TCB,"ASM-Pacific,Phoenix;GENERIC",,dormant,none,False,0.0,0.0,0.0,,,0.0,,,unknown
500220671,DNL GROOVE PIN,Module-TCB,"ASM-Pacific,Phoenix",,dormant,none,False,0.0,0.0,0.0,,,0.0,,,unknown
500220672,DNL LINKAGE PIN B,Module-TCB,"ASM-Pacific,Phoenix",,dormant,none,False,0.0,0.0,0.0,,,0.0,,,unknown
500220673,DNL BEARING SHAFT,Module-TCB,"ASM-Pacific,Phoenix;GENERIC",,dormant,none,False,0.0,0.0,0.0,,,0.0,,,unknown
500220674,DNL BEARING WASHER,Module-TCB,"ASM-Pacific,Phoenix;GENERIC",,dormant,none,False,0.0,0.0,0.0,,,0.0,,,unknown
500220675,DNL PLASTIC GUIDE,Module-TCB,"ASM-Pacific,Phoenix",,dormant,none,False,0.0,0.0,0.0,,,0.0,,,unknown
500220676,DNL SETUP BLOCK B,Module-TCB,"ASM-Pacific,Phoenix",,dormant,none,False,0.0,0.0,0.0,,,0.0,,,unknown
500220677,"BLOCK,ALIGNMENT,DOCKING,DNL",Module-TCB,"ASM-Pacific,Phoenix",,dormant,none,False,0.0,0.0,0.0,,,0.0,,,unknown
500220678,ONE-TOUCH FITTING KQ2S06-M5A,Module-TCB,"ASM-Pacific,Phoenix",,dormant,none,False,0.0,0.0,0.0,,,0.0,,,unknown
500220679,DOWEL PIN D5X10,Module-TCB,"ASM-Pacific,Firebird;ASM-Pacific,Phoenix",,dormant,none,False,0.0,0.0,0.0,,,0.0,,,unknown
500220680,DNL SETUP BLOCK A,Module-TCB,"ASM-Pacific,Phoenix",,dormant,none,False,0.0,0.0,0.0,,,0.0,,,unknown
500220681,CAH DOCKING INSERT ASSY,Module-TCB,"ASM-Pacific,Phoenix",,dormant,none,False,0.0,0.0,0.0,,,0.0,,,unknown
500220682,CHAMFER BLOCK,Module-TCB,"ASM-Pacific,Phoenix",,dormant,none,False,0.0,0.0,0.0,,,0.0,,,unknown
500220683,Z PARKING PAD,Module-TCB,"ASM-Pacific,Phoenix",,dormant,none,False,0.0,0.0,0.0,,,0.0,,,unknown
500220684,HEX NUT M6                        [10C2],Module-TCB,"ASM-Pacific,Phoenix",,dormant,none,False,0.0,0.0,0.0,,,0.0,,,unknown
500220685,DOWEL PIN D6 X L16,Module-TCB,"ASM-Pacific,Phoenix",,dormant,none,False,0.0,0.0,0.0,,,0.0,,,unknown
500220686,BEARING WASHER A,Module-TCB,"GENERIC;ASM-Pacific,Phoenix",,dormant,none,False,0.0,0.0,0.0,,,0.0,,,unknown
500220687,DOWEL PIN D8 X L16,Module-TCB,"ASM-Pacific,Phoenix;ASM-Pacific,Firebird",,dormant,none,False,0.0,0.0,0.0,,,0.0,,,unknown
500220688,CAH SIDE GUIDE,Module-TCB,"ASM-Pacific,Phoenix",,dormant,none,False,0.0,0.0,0.0,,,0.0,,,unknown
500220689,BEARING WASHER B,Module-TCB,"GENERIC;ASM-Pacific,Phoenix",,dormant,none,False,0.0,0.0,0.0,,,0.0,,,unknown
500220690,BEARING SHAFT B,Module-TCB,"GENERIC;ASM-Pacific,Phoenix",,dormant,none,False,0.0,0.0,0.0,,,0.0,,,unknown
500220691,BEARING SHAFT A,Module-TCB,"ASM-Pacific,Phoenix",,dormant,none,False,0.0,0.0,0.0,,,0.0,,,unknown
500220692,LOCATING BLOCK A,Module-TCB,"ASM-Pacific,Phoenix",,dormant,none,False,0.0,0.0,0.0,,,0.0,,,unknown
500220693,LOCATING BLOCK B,Module-TCB,"ASM-Pacific,Phoenix",,dormant,none,False,0.0,0.0,0.0,,,0.0,,,unknown
500220694,BEARING SPACER,Module-TCB,"GENERIC;ASM-Pacific,Phoenix",,dormant,none,False,0.0,0.0,0.0,,,0.0,,,unknown
500220695,STEP RING FOR LIMIT GUARD,Module-TCB,"ASM-Pacific,Phoenix",,dormant,none,False,0.0,0.0,0.0,,,0.0,,,unknown
500220696,LIMIT GUIDE SHT METAL,Module-TCB,"ASM-Pacific,Phoenix",,dormant,none,False,0.0,0.0,0.0,,,0.0,,,unknown
500220697,LOCKING SHT METAL,Module-TCB,"ASM-Pacific,Phoenix",,dormant,none,False,0.0,0.0,0.0,,,0.0,,,unknown
500220698,LOCK PIN,Module-TCB,"ASM-Pacific,Phoenix",,dormant,none,False,0.0,0.0,0.0,,,0.0,,,unknown
500220699,FLOATING UNIT,Module-TCB,"ASM-Pacific,Phoenix;GENERIC",,dormant,none,False,0.0,0.0,0.0,,,0.0,,,unknown
500220700,DATUM ROLLER ASSY,Module-TCB,"GENERIC;ASM-Pacific,Phoenix",,dormant,none,False,0.0,0.0,0.0,,,0.0,,,unknown
500220701,ROLLER ASSY,Module-TCB,"GENERIC;ASM-Pacific,Phoenix",,dormant,none,False,0.0,0.0,0.0,,,0.0,,,unknown
500220702,SPRING HOLDER,Module-TCB,"ASM-Pacific,Phoenix",,dormant,none,False,0.0,0.0,0.0,,,0.0,,,unknown
500220703,FLATING GUIDE ROLLER HOLDER,Module-TCB,"ASM-Pacific,Phoenix",,dormant,none,False,0.0,0.0,0.0,,,0.0,,,unknown
500220704,ROD HOLDER,Module-TCB,"ASM-Pacific,Phoenix",,dormant,none,False,0.0,0.0,0.0,,,0.0,,,unknown
500220705,GUIDE ROD,Module-TCB,"ASM-Pacific,Phoenix;GENERIC",,dormant,none,False,0.0,0.0,0.0,,,0.0,,,unknown
500220706,DIE SPING TL18X75,Module-TCB,"GENERIC;ASM-Pacific,Phoenix",,dormant,none,False,0.0,0.0,0.0,,,0.0,,,unknown
500220707,VIBRATION ISOLATION ASSY,Module-TCB,"GENERIC;ASM-Pacific,Phoenix",,dormant,none,False,0.0,0.0,0.0,,,0.0,,,unknown
500220708,GRANITE PARKING PAD,Module-TCB,"ASM-Pacific,Phoenix",,dormant,none,False,0.0,0.0,0.0,,,0.0,,,unknown
500220709,ISOLATOR VALVE IMPROVEMENT KIT,Module-TCB,"ASM-Pacific,Phoenix;GENERIC",,dormant,none,False,0.0,0.0,0.0,,,0.0,,,unknown
500220710,(CH) SLIM LOCATOR SET,Module-TCB,"ASM-Pacific,Phoenix",,dormant,none,False,0.0,0.0,0.0,,,0.0,,,unknown
500220711,(CH) LOCATOR TOOL,Module-TCB,"GENERIC;ASM-Pacific,Phoenix",,dormant,none,False,0.0,0.0,0.0,,,0.0,,,unknown
500220712,ISOLATOR PLATFORM LOCATOR,Module-TCB,"ASM-Pacific,Phoenix",,dormant,none,False,0.0,0.0,0.0,,,0.0,,,unknown
500220713,ISOLATOR SENSOR BRACKET,Module-TCB,"ASM-Pacific,Phoenix",,dormant,none,False,0.0,0.0,0.0,,,0.0,,,unknown
500220714,PRECISION HEIGHT CONTROL VALVES W/ METER,Module-TCB,"GENERIC;ASM-Pacific,Phoenix",,dormant,none,False,0.0,0.0,0.0,,,0.0,,,unknown
500220715,"PNEUMATIC ISOLATOR 2500LB W7.52""XH11.58""",Module-TCB,"ASM-Pacific,Phoenix",,dormant,none,False,0.0,0.0,0.0,,,0.0,,,unknown
500220716,TIE BAR SYSTEM V2,Module-TCB,"ASM-Pacific,Phoenix;GENERIC",,dormant,none,False,0.0,0.0,0.0,,,0.0,,,unknown
500220717,TIE U-BAR V2,Module-TCB,"GENERIC;ASM-Pacific,Phoenix",,dormant,none,False,0.0,0.0,0.0,,,0.0,,,unknown
500220718,TIE BAR ADAPTOR BLOCK V2 (M10X1.25),Module-TCB,"ASM-Pacific,Phoenix",,dormant,none,False,0.0,0.0,0.0,,,0.0,,,unknown
500220719,S HD CAP SCW (M10X1.25 X16),Module-TCB,"GENERIC;ASM-Pacific,Phoenix",,dormant,none,False,0.0,0.0,0.0,,,0.0,,,unknown
500220720,LOCK NUT M10X1.25,Module-TCB,"ASM-Pacific,Phoenix",,dormant,none,False,0.0,0.0,0.0,,,0.0,,,unknown
500220721,TIE ROD V2,Module-TCB,"GENERIC;ASM-Pacific,Phoenix",,dormant,none,False,0.0,0.0,0.0,,,0.0,,,unknown
500220722,TIE BAR SPRING ASSY V2,Module-TCB,"ASM-Pacific,Phoenix;GENERIC",,dormant,none,False,0.0,0.0,0.0,,,0.0,,,unknown
500220723,SPRING PLATE OUTER V2,Module-TCB,"ASM-Pacific,Phoenix",,dormant,none,False,0.0,0.0,0.0,,,0.0,,,unknown
500220724,SPRING LOCK V2,Module-TCB,"ASM-Pacific,Phoenix",,dormant,none,False,0.0,0.0,0.0,,,0.0,,,unknown
500220725,S HD CAP SCW (M10X1.25 X65),Module-TCB,"ASM-Pacific,Phoenix;GENERIC",,dormant,none,False,0.0,0.0,0.0,,,0.0,,,unknown
500220726,SPRING PLATE INNER V2,Module-TCB,"ASM-Pacific,Phoenix",,dormant,none,False,0.0,0.0,0.0,,,0.0,,,unknown
500220727,TIE KNOB V2,Module-TCB,"ASM-Pacific,Phoenix",,dormant,none,False,0.0,0.0,0.0,,,0.0,,,unknown
500220728,HEX NUT (M10X1.25),Module-TCB,"ASM-Pacific,Phoenix",,dormant,none,False,0.0,0.0,0.0,,,0.0,,,unknown
500220729,EXTENSION SPRING LE-148J-01M,Module-TCB,"ASM-Pacific,Phoenix;GENERIC",,dormant,none,False,0.0,0.0,0.0,,,0.0,,,unknown
500220730,EXHAUST ASSY,Module-TCB,"ASM-Pacific,Phoenix",,dormant,none,False,0.0,0.0,0.0,,,0.0,,,unknown
500220731,LINE VAC ASSY,Module-TCB,"GENERIC;ASM-Pacific,Phoenix",,dormant,none,False,0.0,0.0,0.0,,,0.0,,,unknown
500220732,(DTA) DIE TRANSFER ARM,Module-TCB,"ASM-Pacific,Phoenix;ASM-Pacific,Firebird",D,dormant,none,False,0.0,0.0,0.0,,,0.0,,,unknown
500220733,"JOINT,FLOATING,TIE,BAR,SPRING,ASSY",Module-TCB,"ASM-Pacific,Phoenix",,dormant,none,False,0.0,0.0,0.0,,,0.0,,,unknown
500221634,Eveready AAA Battery (4pcs/pkt),"Module-DP,Module-Epoxy,Module-IHS",Generic;Asymtek S922;Asymtek M2000IHS,M,active,constant,True,0.0410958904109589,0.03333333333333333,0.0410958904109589,0.8111111111111111,0.2,0.7826669055356313,,,unknown
500222110,"BLADE,30MM,AIR DEFLECT,DJ9K",Module-Epoxy,Asymtek S922,,dormant,none,False,0.0,0.0,0.0,,,0.0,,,unknown
500222215,"SOLENOID,DTA,VACUUM,SECONDARY",Module-TCB,"GENERIC;ASM-Pacific,Phoenix",,dormant,none,False,0.0,0.0,0.0,,,0.0,,,unknown
500222216,DTA BLOW SOL(SECONDARY),Module-TCB,"ASM-Pacific,Phoenix;GENERIC",,dormant,none,False,0.0,0.0,0.0,,,0.0,,,unknown
500222217,DTA VAC SENSOR(SECONDARY),Module-TCB,"GENERIC;ASM-Pacific,Phoenix",,dormant,none,False,0.0,0.0,0.0,,,0.0,,,unknown
500222218,CABLE SUPPORT,Module-TCB,"ASM-Pacific,Firebird;ASM-Pacific,Phoenix",,dormant,none,False,0.0,0.0,0.0,,,0.0,,,unknown
500222219,EN FIXED END CABLE CLAMP_A,Module-TCB,"ASM-Pacific,Phoenix",,dormant,none,False,0.0,0.0,0.0,,,0.0,,,unknown
500222220,EN FIXED END CABLE CLAMP_B,Module-TCB,"ASM-Pacific,Phoenix",,dormant,none,False,0.0,0.0,0.0,,,0.0,,,unknown
500222221,EN_C MOVING END,Module-TCB,"ASM-Pacific,Phoenix",,dormant,none,False,0.0,0.0,0.0,,,0.0,,,unknown
500222222,VAC SENSOR MOUNT,Module-TCB,"GENERIC;ASM-Pacific,Phoenix",,dormant,none,False,0.0,0.0,0.0,,,0.0,,,unknown
500222223,(DTA) X MOVING COVER,Module-TCB,"ASM-Pacific,Phoenix",,dormant,none,False,0.0,0.0,0.0,,,0.0,,,unknown
500222224,TRANSFER AMR SOL MOUNT,Module-TCB,"GENERIC;ASM-Pacific,Phoenix",,dormant,none,False,0.0,0.0,0.0,,,0.0,,,unknown
500222225,R MOTOR ASSY CHANGE FROM THETA,Module-TCB,"ASM-Pacific,Firebird;ASM-Pacific,Phoenix",,dormant,none,False,0.0,0.0,0.0,,,0.0,,,unknown
500222226,PAN HD PHI SCREW M2X10,Module-TCB,"GENERIC;ASM-Pacific,Phoenix",,dormant,none,False,0.0,0.0,0.0,,,0.0,,,unknown
500222227,DTA ROBOT SHOULDER ARM SUB ASSY,Module-TCB,"ASM-Pacific,Phoenix",,dormant,none,False,0.0,0.0,0.0,,,0.0,,,unknown
500222228,CROSS ROLLER RING RB3510UUCCOP5,Module-TCB,"ASM-Pacific,Firebird;ASM-Pacific,Phoenix",,dormant,none,False,0.0,0.0,0.0,,,0.0,,,unknown
500222229,BALL BEARING 15X20X3.5 METRIC,Module-TCB,"ASM-Pacific,Firebird;ASM-Pacific,Phoenix",,dormant,none,False,0.0,0.0,0.0,,,0.0,,,unknown
500222230,BALL BEARING 20X27X4 METRIC,Module-TCB,"ASM-Pacific,Firebird;ASM-Pacific,Phoenix",,dormant,none,False,0.0,0.0,0.0,,,0.0,,,unknown
500222231,BALL BEARING 30 X 42 X 7 FAG61806,Module-TCB,"ASM-Pacific,Firebird;ASM-Pacific,Phoenix",,dormant,none,False,0.0,0.0,0.0,,,0.0,,,unknown
500222232,BALL BEARING 3X6X2.5 METRIC,Module-TCB,"ASM-Pacific,Phoenix",D,dormant,none,False,0.0,0.0,0.0,,,0.0,,,unknown
500222233,SENSOR MOUNTED  BASE,Module-TCB,"ASM-Pacific,Phoenix",,dormant,none,False,0.0,0.0,0.0,,,0.0,,,unknown
500222234,MAIN TENSION1 BASE,Module-TCB,"ASM-Pacific,Phoenix",D,dormant,none,False,0.0,0.0,0.0,,,0.0,,,unknown
500222235,CABLE PIPE1 CLAMP,Module-TCB,"ASM-Pacific,Phoenix",,dormant,none,False,0.0,0.0,0.0,,,0.0,,,unknown
500222236,CABLE PIPE2 CLAMP,Module-TCB,"ASM-Pacific,Phoenix",,dormant,none,False,0.0,0.0,0.0,,,0.0,,,unknown
500222237,AT5-22 PULLEY BOTTOM SUPPORT FLANGE,Module-TCB,"ASM-Pacific,Phoenix",,dormant,none,False,0.0,0.0,0.0,,,0.0,,,unknown
500222238,"BASE,MAIN,TENSION2",Module-TCB,"ASM-Pacific,Phoenix",D,dormant,none,False,0.0,0.0,0.0,,,0.0,,,unknown
500222239,END EFFECTOR MOUNTED FLANGE,Module-TCB,"ASM-Pacific,Phoenix",,dormant,none,False,0.0,0.0,0.0,,,0.0,,,unknown
500222240,PULLEY AT3-44,Module-TCB,"ASM-Pacific,Phoenix",,dormant,none,False,0.0,0.0,0.0,,,0.0,,,unknown
500222241,SHOULDER ARM COVER,Module-TCB,"ASM-Pacific,Phoenix",,dormant,none,False,0.0,0.0,0.0,,,0.0,,,unknown
500222242,SHOULDER ARM BASE,Module-TCB,"ASM-Pacific,Phoenix",,dormant,none,False,0.0,0.0,0.0,,,0.0,,,unknown
500222243,AT5-22 PULLEY BEARING SUPPORT FLANGE,Module-TCB,"ASM-Pacific,Phoenix",,dormant,none,False,0.0,0.0,0.0,,,0.0,,,unknown
500222244,AT5-22 PULLEY BEARING COVER FLANGE,Module-TCB,"ASM-Pacific,Phoenix",,dormant,none,False,0.0,0.0,0.0,,,0.0,,,unknown
500222245,PULLEY AT5-22 BOTTOM COVER FLANGE,Module-TCB,"ASM-Pacific,Phoenix",,dormant,none,False,0.0,0.0,0.0,,,0.0,,,unknown
500222246,PULLEY AT5-22*44,Module-TCB,"ASM-Pacific,Phoenix",,dormant,none,False,0.0,0.0,0.0,,,0.0,,,unknown
500222247,SHOULDER ARM CABLE PIPE SUPPORT SHAFT,Module-TCB,"GENERIC;ASM-Pacific,Phoenix",,dormant,none,False,0.0,0.0,0.0,,,0.0,,,unknown
500222248,PULLEY AT5-22 BOTTOM COVER,Module-TCB,"ASM-Pacific,Phoenix",,dormant,none,False,0.0,0.0,0.0,,,0.0,,,unknown
500222249,PULLEY AT5-22 TOP COVER FLANGE,Module-TCB,"ASM-Pacific,Phoenix",,dormant,none,False,0.0,0.0,0.0,,,0.0,,,unknown
500222250,CABLE PLANE CLAMP,Module-TCB,"ASM-Pacific,Phoenix",,dormant,none,False,0.0,0.0,0.0,,,0.0,,,unknown
500222251,CBALE PROTECT WALL,Module-TCB,"ASM-Pacific,Phoenix;GENERIC",,dormant,none,False,0.0,0.0,0.0,,,0.0,,,unknown
500222252,"BASE,TENSIONER,LEFT,HOLDER,DTA",Module-TCB,"ASM-Pacific,Phoenix",D,dormant,none,False,0.0,0.0,0.0,,,0.0,,,unknown
500222253,"SHAFT,NORMAL,TENSIONER,PIN",Module-TCB,"ASM-Pacific,Phoenix;GENERIC",D,dormant,none,False,0.0,0.0,0.0,,,0.0,,,unknown
500222254,"PULLEY,NORMAL,TENSION,IDLER",Module-TCB,"ASM-Pacific,Phoenix",D,dormant,none,False,0.0,0.0,0.0,,,0.0,,,unknown
500222255,(DTA) X STAGE,Module-TCB,"ASM-Pacific,Phoenix;GENERIC",,dormant,none,False,0.0,0.0,0.0,,,0.0,,,unknown
500222256,(DTA) X MOTOR D42,Module-TCB,"ASM-Pacific,Firebird;ASM-Pacific,Phoenix",D,dormant,none,False,0.0,0.0,0.0,,,0.0,,,unknown
500222257,"SPACER,SPECIAL,TENSIONER,.DTA",Module-TCB,"GENERIC;ASM-Pacific,Phoenix",D,dormant,none,False,0.0,0.0,0.0,,,0.0,,,unknown
500222258,NORMAL TENSIONER SPACER,Module-TCB,"ASM-Pacific,Phoenix;GENERIC",D,dormant,none,False,0.0,0.0,0.0,,,0.0,,,unknown
500222259,"TENSIONER,PIN,LEFT-NORMAL,ANTI-SLIDE",Module-TCB,"ASM-Pacific,Phoenix;GENERIC",D,dormant,none,False,0.0,0.0,0.0,,,0.0,,,unknown
500222260,LEFT SPECAL TENSION IDLER PULLEY,Module-TCB,"ASM-Pacific,Phoenix",D,dormant,none,False,0.0,0.0,0.0,,,0.0,,,unknown
500222261,LM GUIDE HRW21CA2UUC1M+580LM,Module-TCB,"ASM-Pacific,Phoenix",,dormant,none,False,0.0,0.0,0.0,,,0.0,,,unknown
500222262,(DTA) X BASE,Module-TCB,"ASM-Pacific,Phoenix",,dormant,none,False,0.0,0.0,0.0,,,0.0,,,unknown
500222263,(DTA) X SLIDE,Module-TCB,"GENERIC;ASM-Pacific,Phoenix",,dormant,none,False,0.0,0.0,0.0,,,0.0,,,unknown
500222264,(DTA) X ENCODER MOUNT,Module-TCB,"ASM-Pacific,Phoenix",,dormant,none,False,0.0,0.0,0.0,,,0.0,,,unknown
500222265,(DTA) X STOPPER MOUNT,Module-TCB,"ASM-Pacific,Phoenix",,dormant,none,False,0.0,0.0,0.0,,,0.0,,,unknown
500222266,(DTA) X COVER,Module-TCB,"ASM-Pacific,Phoenix",,dormant,none,False,0.0,0.0,0.0,,,0.0,,,unknown
500222267,(DTA) X TOP COVER,Module-TCB,"ASM-Pacific,Phoenix",,dormant,none,False,0.0,0.0,0.0,,,0.0,,,unknown
500222268,(DTA) DIE HOLD INSERT PLATFORM,"Module-DP,Module-TCB","ASM-Pacific,Phoenix;Generic;ASM-Pacific,Firebird",D,dormant,none,False,0.0,0.0,0.0,,,0.0,,,unknown
500222269,(DTA) END EFFECTOR MAIN BODY,Module-TCB,"ASM-Pacific,Phoenix",,dormant,none,False,0.0,0.0,0.0,,,0.0,,,unknown
500222270,(DTA) END EFFECTOR COVER,Module-TCB,"ASM-Pacific,Phoenix",,dormant,none,False,0.0,0.0,0.0,,,0.0,,,unknown
500222271,(DPA) DIE PICK ARM,Module-TCB,"ASM-Pacific,Phoenix",D,dormant,none,False,0.0,0.0,0.0,,,0.0,,,unknown
500222272,(DPA) GRANITE REFERENCE BLOCK KIT,Module-TCB,"ASM-Pacific,Phoenix",,dormant,none,False,0.0,0.0,0.0,,,0.0,,,unknown
500222273,CAMERA MOUNTING,Module-TCB,"ASM-Pacific,Phoenix",,dormant,none,False,0.0,0.0,0.0,,,0.0,,,unknown
500222274,(DPA) DIE PICK ARM STAND,Module-TCB,"GENERIC;ASM-Pacific,Phoenix",,dormant,none,False,0.0,0.0,0.0,,,0.0,,,unknown
500222275,(DPA) FRONT END MANIFOLD,Module-TCB,"ASM-Pacific,Phoenix",,dormant,none,False,0.0,0.0,0.0,,,0.0,,,unknown
500222276,Z FIXED END MNT,Module-TCB,"ASM-Pacific,Phoenix",,dormant,none,False,0.0,0.0,0.0,,,0.0,,,unknown
500222277,X MOVING END MNT,Module-TCB,"ASM-Pacific,Phoenix",,dormant,none,False,0.0,0.0,0.0,,,0.0,,,unknown
500222278,Y MTR CABLE CLAMP,Module-TCB,"ASM-Pacific,Phoenix",,dormant,none,False,0.0,0.0,0.0,,,0.0,,,unknown
500222279,Y MOVING END MNT,Module-TCB,"ASM-Pacific,Phoenix",,dormant,none,False,0.0,0.0,0.0,,,0.0,,,unknown
500222280,X FIXED END MNT,Module-TCB,"ASM-Pacific,Phoenix",,dormant,none,False,0.0,0.0,0.0,,,0.0,,,unknown
500222281,Y FIXED END MNT,Module-TCB,"ASM-Pacific,Phoenix",,dormant,none,False,0.0,0.0,0.0,,,0.0,,,unknown
500222282,DPA X MOVING END COVER,Module-TCB,"ASM-Pacific,Phoenix",,dormant,none,False,0.0,0.0,0.0,,,0.0,,,unknown
500222283,DPA Y MOVING END COVER-01,Module-TCB,"ASM-Pacific,Phoenix",,dormant,none,False,0.0,0.0,0.0,,,0.0,,,unknown
500222284,DPA Z MOVING END COVER,Module-TCB,"ASM-Pacific,Phoenix",,dormant,none,False,0.0,0.0,0.0,,,0.0,,,unknown
500222285,DPA X MOVING END COVER-02,Module-TCB,"ASM-Pacific,Phoenix",,dormant,none,False,0.0,0.0,0.0,,,0.0,,,unknown
500222286,(DPA) X STAGE,Module-TCB,"ASM-Pacific,Phoenix;GENERIC",,dormant,none,False,0.0,0.0,0.0,,,0.0,,,unknown
500222287,(DPA) X MOTOR,Module-TCB,"ASM-Pacific,Firebird;ASM-Pacific,Phoenix",D,dormant,none,False,0.0,0.0,0.0,,,0.0,,,unknown
500222288,SOC SET CUP SCREW M3 X 5          [06A6],Module-TCB,"GENERIC;ASM-Pacific,Phoenix",,dormant,none,False,0.0,0.0,0.0,,,0.0,,,unknown
500222289,SOC HD CAP SCREW M3X6 ALLOY ST NI PLT,Module-TCB,"GENERIC;ASM-Pacific,Phoenix",,dormant,none,False,0.0,0.0,0.0,,,0.0,,,unknown
500222290,LM GUIDE SHW12CRM2UUC1+430LPM,Module-TCB,"ASM-Pacific,Firebird;ASM-Pacific,Phoenix",,dormant,none,False,0.0,0.0,0.0,,,0.0,,,unknown
500222291,(DPA) X STAGE BODY,Module-TCB,"ASM-Pacific,Phoenix",,dormant,none,False,0.0,0.0,0.0,,,0.0,,,unknown
500222292,(DPA) X SIDE COVER B,Module-TCB,"ASM-Pacific,Phoenix",,dormant,none,False,0.0,0.0,0.0,,,0.0,,,unknown
500222293,(DPA) X MAGNET ROD CLAMP D25,Module-TCB,"ASM-Pacific,Phoenix",,dormant,none,False,0.0,0.0,0.0,,,0.0,,,unknown
500222294,(DPA) X ENCODER MOUNTING,Module-TCB,"ASM-Pacific,Phoenix",,dormant,none,False,0.0,0.0,0.0,,,0.0,,,unknown
500222295,(DPA) X ENC SCALE MOUNT W/ OPENING,Module-TCB,"ASM-Pacific,Phoenix",,dormant,none,False,0.0,0.0,0.0,,,0.0,,,unknown
500222296,(DPA) Y STAGE,Module-TCB,"GENERIC;ASM-Pacific,Phoenix",,dormant,none,False,0.0,0.0,0.0,,,0.0,,,unknown
500222297,(DPA) X GREASE HOLE COVER,Module-TCB,"ASM-Pacific,Phoenix",,dormant,none,False,0.0,0.0,0.0,,,0.0,,,unknown
500222298,SOC HD CAP SCREW M4X12 ALLOY ST NI PLT,Module-TCB,"GENERIC;ASM-Pacific,Phoenix",,dormant,none,False,0.0,0.0,0.0,,,0.0,,,unknown
500222299,(DPA) XY BRACKET,Module-TCB,"ASM-Pacific,Phoenix",,dormant,none,False,0.0,0.0,0.0,,,0.0,,,unknown
500222300,(DPA) Y MOTOR,Module-TCB,"ASM-Pacific,Phoenix;ASM-Pacific,Firebird",,dormant,none,False,0.0,0.0,0.0,,,0.0,,,unknown
500222301,LM GUIDE SSR15XW2UUC1+400LYSPM-II,Module-TCB,"ASM-Pacific,Firebird;ASM-Pacific,Phoenix",D,dormant,none,False,0.0,0.0,0.0,,,0.0,,,unknown
500222302,STANDARD STOPPER,Module-TCB,"ASM-Pacific,Phoenix;GENERIC",,dormant,none,False,0.0,0.0,0.0,,,0.0,,,unknown
500222303,(DPA) Y BASE,Module-TCB,"ASM-Pacific,Phoenix",,dormant,none,False,0.0,0.0,0.0,,,0.0,,,unknown
500222304,(DPA) Y ENCODER SCALE MOUNTING,Module-TCB,"ASM-Pacific,Phoenix",,dormant,none,False,0.0,0.0,0.0,,,0.0,,,unknown
500222305,(DPA) Y PLATE,Module-TCB,"ASM-Pacific,Phoenix",,dormant,none,False,0.0,0.0,0.0,,,0.0,,,unknown
500222306,(DPA) Z STAGE,Module-TCB,"GENERIC;ASM-Pacific,Phoenix",,dormant,none,False,0.0,0.0,0.0,,,0.0,,,unknown
500222307,(DPA) Y END SUPPORTING PLATE,Module-TCB,"ASM-Pacific,Phoenix",,dormant,none,False,0.0,0.0,0.0,,,0.0,,,unknown
500222308,(DPA) Y TOP COVER,Module-TCB,"ASM-Pacific,Phoenix",,dormant,none,False,0.0,0.0,0.0,,,0.0,,,unknown
500222309,"STOPPER ASSY (M3, L8)",Module-TCB,"GENERIC;ASM-Pacific,Phoenix",,dormant,none,False,0.0,0.0,0.0,,,0.0,,,unknown
500222310,(DPA) Y SIDE COVER,Module-TCB,"ASM-Pacific,Phoenix",,dormant,none,False,0.0,0.0,0.0,,,0.0,,,unknown
500222311,(DPA) Z MOTOR,Module-TCB,"ASM-Pacific,Phoenix",L,dying,dying,False,0.0027397260273972603,0.0,0.0027397260273972603,0.0,0.0,4.000000000000001,,,unknown
500222312,SOC HD CAP SCREW M3X8 ALLOY ST NI PLT,Module-TCB,"GENERIC;ASM-Pacific,Phoenix",D,dormant,none,False,0.0,0.0,0.0,,,0.0,,,unknown
500222313,"PIN,DOWEL,DIA3X10LG,X,STAGE,LEFT",Module-TCB,"ASM-Pacific,Phoenix",,dormant,none,False,0.0,0.0,0.0,,,0.0,,,unknown
500222314,(DPA) Z ENCODER MOUNT,Module-TCB,"ASM-Pacific,Phoenix",,dormant,none,False,0.0,0.0,0.0,,,0.0,,,unknown
500222315,(DPA) Z SLIDE,Module-TCB,"GENERIC;ASM-Pacific,Phoenix",,dormant,none,False,0.0,0.0,0.0,,,0.0,,,unknown
500222316,(DPA) VACUUM SENSOR MANIFOLD,Module-TCB,"GENERIC;ASM-Pacific,Phoenix",,dormant,none,False,0.0,0.0,0.0,,,0.0,,,unknown
500222317,(DPA) Z BASE,Module-TCB,"ASM-Pacific,Phoenix",,dormant,none,False,0.0,0.0,0.0,,,0.0,,,unknown
500222318,(DPA) MOUNTING FRAMEWORK,Module-TCB,"ASM-Pacific,Phoenix",,dormant,none,False,0.0,0.0,0.0,,,0.0,,,unknown
500222319,(DPA) PCB HOLDER,Module-TCB,"ASM-Pacific,Phoenix",,dormant,none,False,0.0,0.0,0.0,,,0.0,,,unknown
500222320,(DPA) SOLENOID VALVES BASE MOUNTING,Module-TCB,"ASM-Pacific,Phoenix",,dormant,none,False,0.0,0.0,0.0,,,0.0,,,unknown
500222321,(DPA) Z MOVING CABLE CLAMP,Module-TCB,"ASM-Pacific,Phoenix",,dormant,none,False,0.0,0.0,0.0,,,0.0,,,unknown
500222322,(DPA) Z MAGNETIC SPRING SLEEVE HOLDER,Module-TCB,"ASM-Pacific,Phoenix",,dormant,none,False,0.0,0.0,0.0,,,0.0,,,unknown
500222323,(DPA) Z MAGNETIC SPRING ROD HOLDER,Module-TCB,"ASM-Pacific,Phoenix",,dormant,none,False,0.0,0.0,0.0,,,0.0,,,unknown
500222324,(DPA) C-CLAMP MOUNT,Module-TCB,"ASM-Pacific,Phoenix",,dormant,none,False,0.0,0.0,0.0,,,0.0,,,unknown
500222325,(DPA) Z MAGNET SHIELD PLATE,Module-TCB,"ASM-Pacific,Phoenix",,dormant,none,False,0.0,0.0,0.0,,,0.0,,,unknown
500222326,(DPA) Z MAGNET SPRING JACKET,Module-TCB,"ASM-Pacific,Phoenix",,dormant,none,False,0.0,0.0,0.0,,,0.0,,,unknown
500222327,(DFH) FRONT PLATFORM,Module-TCB,"ASM-Pacific,Phoenix",,dormant,none,False,0.0,0.0,0.0,,,0.0,,,unknown
500222328,(DPA) Z UPPER STOPPER,Module-TCB,"ASM-Pacific,Phoenix;GENERIC",,dormant,none,False,0.0,0.0,0.0,,,0.0,,,unknown
500222329,MIRROR ASSY WITH PROTECTIVE GLASS,Module-TCB,"ASM-Pacific,Phoenix",D,dormant,none,False,0.0,0.0,0.0,,,0.0,,,unknown
500222330,(DPA) UL OPTICS MOUNTING V4,Module-TCB,"ASM-Pacific,Phoenix",D,dormant,none,False,0.0,0.0,0.0,,,0.0,,,unknown
500222331,"(DFH) BH NOZZLE BANK, 20XX",Module-TCB,"ASM-Pacific,Phoenix",,dormant,none,False,0.0,0.0,0.0,,,0.0,,,unknown
500222332,"(DFH) BH NOZZLE BANK, 28XX",Module-TCB,"ASM-Pacific,Phoenix",,dormant,none,False,0.0,0.0,0.0,,,0.0,,,unknown
500222333,NOZZLE MAGAZINE TYPE 20XX,Module-TCB,"ASM-Pacific,Phoenix;ASM-Pacific,Firebird",,dormant,none,False,0.0,0.0,0.0,,,0.0,,,unknown
500222334,NOZZLE CHANGER BASIS ASSEMBLY CPX LONG,Module-TCB,"ASM-Pacific,Phoenix",,dormant,none,False,0.0,0.0,0.0,,,0.0,,,unknown
500222335,(DFH) SDK REJECT BIN,Module-TCB,"ASM-Pacific,Phoenix",,dormant,none,False,0.0,0.0,0.0,,,0.0,,,unknown
500222336,(OUFC) KEY WAY_LONG,Module-TCB,"ASM-Pacific,Phoenix",,dormant,none,False,0.0,0.0,0.0,,,0.0,,,unknown
500222337,(OUFC) KEY WAY_SHORT,Module-TCB,"ASM-Pacific,Phoenix",,dormant,none,False,0.0,0.0,0.0,,,0.0,,,unknown
500222338,NOZZLE MAGAZINE TYPE 28XX,Module-TCB,"ASM-Pacific,Phoenix",,dormant,none,False,0.0,0.0,0.0,,,0.0,,,unknown
500222339,(DFH) NOZZLE CHANGER COVER,Module-TCB,"ASM-Pacific,Phoenix",,dormant,none,False,0.0,0.0,0.0,,,0.0,,,unknown
500222340,(DPA) UPLOOK CAMERA CABLE CLAMP,Module-TCB,"ASM-Pacific,Phoenix",,dormant,none,False,0.0,0.0,0.0,,,0.0,,,unknown
500222341,LEFT EPOXY WRITER (HVM),Module-TCB,"GENERIC;ASM-Pacific,Phoenix",,dormant,none,False,0.0,0.0,0.0,,,0.0,,,unknown
500222342,DISP Z MOUNT (LEFT),Module-TCB,"ASM-Pacific,Phoenix",,dormant,none,False,0.0,0.0,0.0,,,0.0,,,unknown
500222343,DISP Z ADAPTOR (LEFT),Module-TCB,"ASM-Pacific,Phoenix",,dormant,none,False,0.0,0.0,0.0,,,0.0,,,unknown
500222344,DISP DISPENSING HEAD BASE MOUNT L,Module-TCB,"ASM-Pacific,Phoenix",,dormant,none,False,0.0,0.0,0.0,,,0.0,,,unknown
500222345,DISP Z TABLE ASSY (LEFT),Module-TCB,"ASM-Pacific,Phoenix;GENERIC",,dormant,none,False,0.0,0.0,0.0,,,0.0,,,unknown
500222346,(EW)EPOXY WRITER Z ENC ASSY,Module-TCB,"ASM-Pacific,Phoenix",,dormant,none,False,0.0,0.0,0.0,,,0.0,,,unknown
500222347,DISP Z ENCORDER REF MOUNT (L),Module-TCB,"ASM-Pacific,Phoenix",,dormant,none,False,0.0,0.0,0.0,,,0.0,,,unknown
500222348,DISP HEAD QUICK RELEASE ASSY L,Module-TCB,"ASM-Pacific,Phoenix",,dormant,none,False,0.0,0.0,0.0,,,0.0,,,unknown
500222349,"DISP MINI Z ASSY L (D ACT, D8)",Module-TCB,"ASM-Pacific,Phoenix",,dormant,none,False,0.0,0.0,0.0,,,0.0,,,unknown
500222350,DISP D-ACT MXQ UPPER SENSOR L,Module-TCB,"GENERIC;ASM-Pacific,Phoenix",,dormant,none,False,0.0,0.0,0.0,,,0.0,,,unknown
500222351,RIGHT EPOXY WRITER (HVM),Module-TCB,"GENERIC;ASM-Pacific,Phoenix",,dormant,none,False,0.0,0.0,0.0,,,0.0,,,unknown
500222352,DOWEL PIN D5 X L12,Module-TCB,"ASM-Pacific,Phoenix",,dormant,none,False,0.0,0.0,0.0,,,0.0,,,unknown
500222353,DISP D-ACT MXQ LOWER SENSOR L,Module-TCB,"ASM-Pacific,Phoenix;GENERIC",,dormant,none,False,0.0,0.0,0.0,,,0.0,,,unknown
500222354,"DOWEL PIN D4 X L10, SST",Module-TCB,"ASM-Pacific,Phoenix",,dormant,none,False,0.0,0.0,0.0,,,0.0,,,unknown
500222355,DISP Z MOUNT (RIGHT),Module-TCB,"ASM-Pacific,Phoenix",,dormant,none,False,0.0,0.0,0.0,,,0.0,,,unknown
500222356,DISP Z ADAPTOR (RIGHT),Module-TCB,"ASM-Pacific,Phoenix",,dormant,none,False,0.0,0.0,0.0,,,0.0,,,unknown
500222357,DISP DISPENSING HEAD BASE MOUNT R,Module-TCB,"ASM-Pacific,Phoenix",,dormant,none,False,0.0,0.0,0.0,,,0.0,,,unknown
500222358,DISP Z TABLE ASSY (RIGHT),Module-TCB,"ASM-Pacific,Phoenix;GENERIC",,dormant,none,False,0.0,0.0,0.0,,,0.0,,,unknown
500222359,(EW)EPOXY WRITER Z ENC ASSY,Module-TCB,"ASM-Pacific,Phoenix",,dormant,none,False,0.0,0.0,0.0,,,0.0,,,unknown
500222360,"DOWEL PIN D3 X L8, SST",Module-TCB,"ASM-Pacific,Phoenix",,dormant,none,False,0.0,0.0,0.0,,,0.0,,,unknown
500222361,TCB DISP Z ROD MOTOR ASSY,Module-TCB,"ASM-Pacific,Phoenix",,dormant,none,False,0.0,0.0,0.0,,,0.0,,,unknown
500222362,COVER-STOPPER,Module-TCB,"ASM-Pacific,Phoenix;GENERIC",,dormant,none,False,0.0,0.0,0.0,,,0.0,,,unknown
500222363,DISP Z ENCODER MOUNT,Module-TCB,"ASM-Pacific,Phoenix",,dormant,none,False,0.0,0.0,0.0,,,0.0,,,unknown
500222364,DISP Z ENCORDER REF MOUNT (R),Module-TCB,"ASM-Pacific,Phoenix",,dormant,none,False,0.0,0.0,0.0,,,0.0,,,unknown
500222365,Reference mark A-9531-0250,"Module-BA,Module-TCB","ASM Pacific,BP3000;ASM-Pacific,Phoenix",,dormant,none,False,0.0,0.0,0.0,,,0.0,,,unknown
500222366,Monitor Power Cable 12V DC,"Module-CAM,Module-Epoxy,Module-MHS,Module-OLx","Grohmann MTS-600;Grohmann,MFM-220;Grohmann,MFM-200;Grohamnn MTS-605;GROHMANN MTS-605;Delta,OLB",D,dormant,none,False,0.0,0.0,0.0,,,0.0,,,unknown
500222415,"THERMAL,KIT,12TC-S-O-D-CAL","Module-BA,Module-DP,Module-Epoxy",Generic;Asymtek S922;Heller 2017 MK III,,dormant,none,False,0.0,0.0,0.0,,,0.0,,,unknown
500222481,PANEL MOUNT ADAPTOR ZS-35-C,Module-TCB,"ASM-Pacific,Phoenix",,dormant,none,False,0.0,0.0,0.0,,,0.0,,,unknown
500222482,IR PRECISION REGULATOR 1/4IN,Module-TCB,"ASM-Pacific,Phoenix;ASM-Pacific,Firebird",D,dormant,none,False,0.0,0.0,0.0,,,0.0,,,unknown
500222483,EPOXY WRITER PENU SYSTEM,Module-TCB,"ASM-Pacific,Phoenix;GENERIC",,dormant,none,False,0.0,0.0,0.0,,,0.0,,,unknown
500222484,REAR AIR IONIZER PNEU SOL(R),Module-TCB,"ASM-Pacific,Phoenix",,dormant,none,False,0.0,0.0,0.0,,,0.0,,,unknown
500222485,PANEL MOUNT ADAPPTER ZS-27-D,Module-TCB,"ASM-Pacific,Phoenix",,dormant,none,False,0.0,0.0,0.0,,,0.0,,,unknown
500222486,"SOLENOID,EPOXY,WRITER,CYL,EW-L,LEFT,2",Module-TCB,"GENERIC;ASM-Pacific,Phoenix",,dormant,none,False,0.0,0.0,0.0,,,0.0,,,unknown
500222487,FRONT N2 IONIZER PNEU SOL,Module-TCB,"ASM-Pacific,Phoenix;GENERIC",D,dormant,none,False,0.0,0.0,0.0,,,0.0,,,unknown
500222488,"SOLENOID,EPOXY,WRITER,CYL,EW-L,LEFT,1",Module-TCB,"GENERIC;ASM-Pacific,Phoenix",,dormant,none,False,0.0,0.0,0.0,,,0.0,,,unknown
500222489,(EW-L)EPOXY WRITER MINI-Z PENU SOL,Module-TCB,"ASM-Pacific,Phoenix;GENERIC",,dormant,none,False,0.0,0.0,0.0,,,0.0,,,unknown
500222490,"SOLENOID,EPOXY,WRITER,CYL,EW-L,LEFT,4",Module-TCB,"ASM-Pacific,Phoenix;GENERIC",,dormant,none,False,0.0,0.0,0.0,,,0.0,,,unknown
500222491,EPOXY WRITER SOL PANEL,Module-TCB,"ASM-Pacific,Phoenix",,dormant,none,False,0.0,0.0,0.0,,,0.0,,,unknown
500222492,EPOXY WRITER SOL FIX MOUNT,Module-TCB,"ASM-Pacific,Phoenix",,dormant,none,False,0.0,0.0,0.0,,,0.0,,,unknown
500222493,VIBRATION ISOLATOR MM-100-UC04-SL20300,Module-TCB,"ASM-Pacific,Phoenix",,dormant,none,False,0.0,0.0,0.0,,,0.0,,,unknown
500222494,Y TABLE,Module-TCB,"ASM-Pacific,Phoenix;GENERIC",,dormant,none,False,0.0,0.0,0.0,,,0.0,,,unknown
500222495,Y ENC ASSY,Module-TCB,"ASM-Pacific,Phoenix",,dormant,none,False,0.0,0.0,0.0,,,0.0,,,unknown
500222496,"SENSOR,LIMIT,Y-TABLE,SHUTTLE",Module-TCB,"ASM-Pacific,Phoenix;GENERIC",,dormant,none,False,0.0,0.0,0.0,,,0.0,,,unknown
500222497,Y SHUTTLE Y MOTOR ASSY,Module-TCB,"ASM-Pacific,Phoenix",,dormant,none,False,0.0,0.0,0.0,,,0.0,,,unknown
500222498,SOC HD CAP SCREW M4X10 ALLOY ST NI PLT,Module-TCB,"GENERIC;ASM-Pacific,Phoenix",,dormant,none,False,0.0,0.0,0.0,,,0.0,,,unknown
500222499,SOC HD CAP SCREW M4X16 ALLOY ST NI PLT,Module-TCB,"GENERIC;ASM-Pacific,Phoenix",,dormant,none,False,0.0,0.0,0.0,,,0.0,,,unknown
500222500,HGL15CA4R940ZAPII,Module-TCB,"ASM-Pacific,Phoenix",,dormant,none,False,0.0,0.0,0.0,,,0.0,,,unknown
500222501,DISP HEAD QUICK RELEASE ASSY R,Module-TCB,"ASM-Pacific,Phoenix",,dormant,none,False,0.0,0.0,0.0,,,0.0,,,unknown
500222502,DISP D-ACT MXQ UPPER SENSOR R,Module-TCB,"GENERIC;ASM-Pacific,Phoenix",,dormant,none,False,0.0,0.0,0.0,,,0.0,,,unknown
500222503,"DISP MINI Z ASSY R (D ACT, D8)",Module-TCB,"ASM-Pacific,Phoenix",,dormant,none,False,0.0,0.0,0.0,,,0.0,,,unknown
500222504,DISP D-ACT MXQ LOWER SENSOR R,Module-TCB,"GENERIC;ASM-Pacific,Phoenix",,dormant,none,False,0.0,0.0,0.0,,,0.0,,,unknown
500222505,AIR SLIDE TABLE MXQ8-10,Module-TCB,"GENERIC;ASM-Pacific,Phoenix",,dormant,none,False,0.0,0.0,0.0,,,0.0,,,unknown
500222506,MINATURE FITTINGS 10-M-5ALU-4,Module-TCB,"ASM-Pacific,Phoenix",,dormant,none,False,0.0,0.0,0.0,,,0.0,,,unknown
500222507,TCB DUAL WORKCHUCK X MOTOR,Module-TCB,"ASM-Pacific,Phoenix",,dormant,none,False,0.0,0.0,0.0,,,0.0,,,unknown
500222508,"HOSE ELBOW FITTING M-5HL-6, 17C8",Module-TCB,"ASM-Pacific,Phoenix;ASM-Pacific,Firebird",,dormant,none,False,0.0,0.0,0.0,,,0.0,,,unknown
500222509,"BLOCK,HEATED,TCB,PEDESTAL,ASSY,",Module-TCB,"ASM-Pacific,Phoenix",D,dormant,none,False,0.0,0.0,0.0,,,0.0,,,unknown
500222510,TCB PEDESTAL INERT SEAL 1,Module-TCB,"GENERIC;ASM-Pacific,Phoenix",,dormant,none,False,0.0,0.0,0.0,,,0.0,,,unknown
500222511,ISOLATOR PLATE X,Module-TCB,"ASM-Pacific,Phoenix",,dormant,none,False,0.0,0.0,0.0,,,0.0,,,unknown
500222512,Y READHEAD MOUNT,Module-TCB,"ASM-Pacific,Phoenix",,dormant,none,False,0.0,0.0,0.0,,,0.0,,,unknown
500222513,STOPPER HOLDER (Y),Module-TCB,"ASM-Pacific,Phoenix",,dormant,none,False,0.0,0.0,0.0,,,0.0,,,unknown
500222514,LM RAIL END PLATE,Module-TCB,"ASM-Pacific,Phoenix",,dormant,none,False,0.0,0.0,0.0,,,0.0,,,unknown
500222515,Y TABLE BASE,Module-TCB,"ASM-Pacific,Phoenix",,dormant,none,False,0.0,0.0,0.0,,,0.0,,,unknown
500222516,Y MOVING PLATE,Module-TCB,"ASM-Pacific,Phoenix",,dormant,none,False,0.0,0.0,0.0,,,0.0,,,unknown
500222517,Y TABLE HOME FLAG,Module-TCB,"ASM-Pacific,Phoenix",,dormant,none,False,0.0,0.0,0.0,,,0.0,,,unknown
500222518,Y TABLE SNR FLAG,Module-TCB,"ASM-Pacific,Phoenix",,dormant,none,False,0.0,0.0,0.0,,,0.0,,,unknown
500222519,Y TABLE STOPPER,Module-TCB,"ASM-Pacific,Phoenix;GENERIC",,dormant,none,False,0.0,0.0,0.0,,,0.0,,,unknown
500222520,90 DEGREE REFERENCE MARK A-9541-0037,Module-TCB,"ASM-Pacific,Phoenix",,dormant,none,False,0.0,0.0,0.0,,,0.0,,,unknown
500222521,TCB PEDESTAL TORLON SPACER 1,Module-TCB,"GENERIC;ASM-Pacific,Phoenix",,dormant,none,False,0.0,0.0,0.0,,,0.0,,,unknown
500222522,TCB PEDESTAL TORLON SPACER 3,Module-TCB,"GENERIC;ASM-Pacific,Phoenix",,dormant,none,False,0.0,0.0,0.0,,,0.0,,,unknown
500222523,CABLE CLAMP,Module-TCB,"ASM-Pacific,Phoenix",,dormant,none,False,0.0,0.0,0.0,,,0.0,,,unknown
500222524,PEDESTAL INERT SEAL W/ NOZZLE BANK,Module-TCB,"GENERIC;ASM-Pacific,Phoenix",,dormant,none,False,0.0,0.0,0.0,,,0.0,,,unknown
500222525,TCB BS NERT SEAL 2 (LARGE AREA),Module-TCB,"ASM-Pacific,Phoenix;GENERIC",,dormant,none,False,0.0,0.0,0.0,,,0.0,,,unknown
500222526,PEDESTAL TORLON SPACER 2 (22.5MM),Module-TCB,"ASM-Pacific,Phoenix;GENERIC",,dormant,none,False,0.0,0.0,0.0,,,0.0,,,unknown
500222527,DISC ON ZERODUR,Module-TCB,"ASM-Pacific,Phoenix;GENERIC",,dormant,none,False,0.0,0.0,0.0,,,0.0,,,unknown
500222528,SPACER,Module-TCB,"ASM-Pacific,Phoenix;GENERIC",,dormant,none,False,0.0,0.0,0.0,,,0.0,,,unknown
500222529,EPOXY SERVICE STATION ASSY RIGHT,Module-TCB,"ASM-Pacific,Phoenix;GENERIC",,dormant,none,False,0.0,0.0,0.0,,,0.0,,,unknown
500222530,"STATION,SERVICE,EPOXY,ASSY,LEFT",Module-TCB,"GENERIC;ASM-Pacific,Phoenix",,dormant,none,False,0.0,0.0,0.0,,,0.0,,,unknown
500222531,IP Y SHUTTLE AIR SUPPLY ASSY,Module-TCB,"ASM-Pacific,Phoenix;GENERIC",,dormant,none,False,0.0,0.0,0.0,,,0.0,,,unknown
500222532,IP Y SHUTTLE PNEUMATICS,Module-TCB,"ASM-Pacific,Phoenix",,dormant,none,False,0.0,0.0,0.0,,,0.0,,,unknown
500222533,IP Y SHUTTLE TOP CLAMP PNEU ASSY,Module-TCB,"ASM-Pacific,Phoenix",,dormant,none,False,0.0,0.0,0.0,,,0.0,,,unknown
500222534,IP Y SHUTTLE INSP STOPPER PNEU ASSY,Module-TCB,"ASM-Pacific,Phoenix",D,dormant,none,False,0.0,0.0,0.0,,,0.0,,,unknown
500222535,IP Y SHUTTLE PRELOAD PNEU ASSY,Module-TCB,"ASM-Pacific,Phoenix",,dormant,none,False,0.0,0.0,0.0,,,0.0,,,unknown
500222536,(IP)AIR IONIZER 1 PNEU SOL,Module-TCB,"GENERIC;ASM-Pacific,Phoenix",,dormant,none,False,0.0,0.0,0.0,,,0.0,,,unknown
500222537,(IP)AIR IONIZER 2 PNEU SOL,Module-TCB,"ASM-Pacific,Phoenix;GENERIC",,dormant,none,False,0.0,0.0,0.0,,,0.0,,,unknown
500222538,OP Y SHUTTLE PNEUMATICS,Module-TCB,"ASM-Pacific,Phoenix",,dormant,none,False,0.0,0.0,0.0,,,0.0,,,unknown
500222539,OP Y SHUTTLE AIR SUPPLY PNEU ASSY,Module-TCB,"ASM-Pacific,Phoenix",,dormant,none,False,0.0,0.0,0.0,,,0.0,,,unknown
500222540,(OP)AIR IONIZER 1 PNEU SOL,Module-TCB,"ASM-Pacific,Phoenix;GENERIC",,dormant,none,False,0.0,0.0,0.0,,,0.0,,,unknown
500222541,EPOXY SERVICE STATION PURGE BIN,Module-TCB,"ASM-Pacific,Phoenix",,dormant,none,False,0.0,0.0,0.0,,,0.0,,,unknown
500222542,EPOXY SERVICE STATION DUMMY PLATE,Module-TCB,"ASM-Pacific,Phoenix",,dormant,none,False,0.0,0.0,0.0,,,0.0,,,unknown
500222543,EPOXY SERVICE STATION MOUNT,Module-TCB,"ASM-Pacific,Phoenix",,dormant,none,False,0.0,0.0,0.0,,,0.0,,,unknown
500222544,NOZZLE CLEANING STATION ASSY,Module-TCB,"ASM-Pacific,Phoenix;GENERIC",,dormant,none,False,0.0,0.0,0.0,,,0.0,,,unknown
500222545,NOZZLE CLEANING AND CONTACT SNR (RIGHT),Module-TCB,"ASM-Pacific,Phoenix;GENERIC",,dormant,none,False,0.0,0.0,0.0,,,0.0,,,unknown
500222546,SENSOR AND NOZZLE CLEANER MOUNTING BASE,Module-TCB,"ASM-Pacific,Phoenix",,dormant,none,False,0.0,0.0,0.0,,,0.0,,,unknown
500222547,M3 INSULATION WASHER (TEFLON),Module-TCB,"GENERIC;ASM-Pacific,Phoenix",,dormant,none,False,0.0,0.0,0.0,,,0.0,,,unknown
500222548,"BANK,VACUUM,NOZZLE,BOND,STAGE",Module-TCB,"ASM-Pacific,Phoenix",,dormant,none,False,0.0,0.0,0.0,,,0.0,,,unknown
500222549,NOZZLE CLEANING AND CONTACT SNR (LEFT),Module-TCB,"ASM-Pacific,Phoenix;GENERIC",,dormant,none,False,0.0,0.0,0.0,,,0.0,,,unknown
500222550,VACUUM NOZZLE BANK BASE ASSY,Module-TCB,"ASM-Pacific,Phoenix;ASM-Pacific,Firebird",,dormant,none,False,0.0,0.0,0.0,,,0.0,,,unknown
500222551,(OP)AIR IONIZER 2 PNEU SOL,Module-TCB,"ASM-Pacific,Phoenix;GENERIC",,dormant,none,False,0.0,0.0,0.0,,,0.0,,,unknown
500222552,AIR SUPPLY ONOFF MOUNT,Module-TCB,"ASM-Pacific,Phoenix",,dormant,none,False,0.0,0.0,0.0,,,0.0,,,unknown
500222553,IONIZER SOL MOUNT,Module-TCB,"ASM-Pacific,Phoenix",,dormant,none,False,0.0,0.0,0.0,,,0.0,,,unknown
500222554,SAFETY LOCK FOR VALVE,Module-TCB,"GENERIC;ASM-Pacific,Phoenix",,dormant,none,False,0.0,0.0,0.0,,,0.0,,,unknown
500222555,3-2 SELECTOR M-VALVE HAND VALVE,Module-TCB,"ASM-Pacific,Phoenix",,dormant,none,False,0.0,0.0,0.0,,,0.0,,,unknown
500222556,MALE ELBOW FITTING KPQL06-M5,Module-TCB,"ASM-Pacific,Firebird;ASM-Pacific,Phoenix",D,active,constant,True,0.01643835616438356,0.06666666666666667,0.01643835616438356,4.055555555555556,0.0,4.0,,,unknown
500222557,CLEAN ONE-TOUCH CONNECTOR: KPQH08-02,Module-TCB,"ASM-Pacific,Phoenix",D,dormant,none,False,0.0,0.0,0.0,,,0.0,,,unknown
500222558,ELBOW FEMALE CONNECTOR QSLF-1/4-8-B,Module-TCB,"ASM-Pacific,Phoenix",,dormant,none,False,0.0,0.0,0.0,,,0.0,,,unknown
500222559,(DFH) PNEUMATIC ASSY,Module-TCB,"ASM-Pacific,Phoenix",,dormant,none,False,0.0,0.0,0.0,,,0.0,,,unknown
500222560,DIE PICK/TRANSFER ARM PNEU PANEL,Module-TCB,"ASM-Pacific,Phoenix",,dormant,none,False,0.0,0.0,0.0,,,0.0,,,unknown
500222561,"BANK,VACUUM,NOZZLE,34X24,ASSY","Module-DP,Module-TCB","ASM-Pacific,Phoenix;Generic;ASM-Pacific,Firebird",,dormant,none,False,0.0,0.0,0.0,,,0.0,,,unknown
500222562,"BANK,VACUUM,NOZZLE,28X19,ASSY",Module-TCB,"ASM-Pacific,Firebird;ASM-Pacific,Phoenix",,dormant,none,False,0.0,0.0,0.0,,,0.0,,,unknown
500222563,"CAL GLASS BANK ASSY (33X22, 12X12, 9X9)",Module-TCB,"ASM-Pacific,Phoenix",,dormant,none,False,0.0,0.0,0.0,,,0.0,,,unknown
500222564,LEFT WC FRONT X ENC ASSY,Module-TCB,"ASM-Pacific,Phoenix",,dormant,none,False,0.0,0.0,0.0,,,0.0,,,unknown
500222565,LEFT WC REAR X ENC ASSY,Module-TCB,"ASM-Pacific,Phoenix",,dormant,none,False,0.0,0.0,0.0,,,0.0,,,unknown
500222566,CARRIAGE MOTOR,Module-TCB,"ASM-Pacific,Firebird;ASM-Pacific,Phoenix",D,dormant,none,False,0.0,0.0,0.0,,,0.0,,,unknown
500222567,LEFT WC Y ENC ASSY,Module-TCB,"ASM-Pacific,Phoenix",D,dormant,none,False,0.0,0.0,0.0,,,0.0,,,unknown
500222568,"MOUNT,ENCODER,CARRIAGE",Module-TCB,"ASM-Pacific,Phoenix",,dormant,none,False,0.0,0.0,0.0,,,0.0,,,unknown
500222569,CABLE CLAMP 1 FOR WORKCHUCK (FIXED END),Module-TCB,"ASM-Pacific,Phoenix",,dormant,none,False,0.0,0.0,0.0,,,0.0,,,unknown
500222570,CABLE CLAMP 2 FOR WORKCHUCK (FIXED END),Module-TCB,"ASM-Pacific,Phoenix",,dormant,none,False,0.0,0.0,0.0,,,0.0,,,unknown
500222571,DPA/DTA PNEU BOX FIX MOUNT 1,Module-TCB,"ASM-Pacific,Phoenix",,dormant,none,False,0.0,0.0,0.0,,,0.0,,,unknown
500222572,DPA/DTA VAC GEN MOUNT,Module-TCB,"ASM-Pacific,Phoenix",,dormant,none,False,0.0,0.0,0.0,,,0.0,,,unknown
500222573,DPA/DTA PNEU BOX FIX MOUNT 2,Module-TCB,"ASM-Pacific,Phoenix",,dormant,none,False,0.0,0.0,0.0,,,0.0,,,unknown
500222574,FLOW CTL P-VALVE AS1001F-04-3,Module-TCB,"ASM-Pacific,Firebird;ASM-Pacific,Phoenix",D,dormant,none,False,0.0,0.0,0.0,,,0.0,,,unknown
500222575,UNION Y KPGU06-00,Module-TCB,"GENERIC;ASM-Pacific,Phoenix",,dormant,none,False,0.0,0.0,0.0,,,0.0,,,unknown
500222576,DIE PICK\TRANSFER ARM PNEU COVER,Module-TCB,"ASM-Pacific,Phoenix",,dormant,none,False,0.0,0.0,0.0,,,0.0,,,unknown
500222577,CLEAN ONE-TOUCH CONNECTOR: KPQH06-01,Module-TCB,"ASM-Pacific,Phoenix",,dormant,none,False,0.0,0.0,0.0,,,0.0,,,unknown
500222578,CLEAN ONE-TOUCH CONNECTOR: KPQH08-01,Module-TCB,"ASM-Pacific,Phoenix",,dormant,none,False,0.0,0.0,0.0,,,0.0,,,unknown
500222579,CLEAN ONE-TOUCH CONNECTOR: KPQL04-01,Module-TCB,"ASM-Pacific,Phoenix;ASM-Pacific,Firebird",,dormant,none,False,0.0,0.0,0.0,,,0.0,,,unknown
500222580,MANIFOLD (FR-4-1/8-B),Module-TCB,"ASM-Pacific,Phoenix",,dormant,none,False,0.0,0.0,0.0,,,0.0,,,unknown
500222581,WORKCHUCK X PRELOAD MAGNET ASSY (SIDE),Module-TCB,"ASM-Pacific,Phoenix",,dormant,none,False,0.0,0.0,0.0,,,0.0,,,unknown
500222582,RIGHT WC FRONT X ENC ASSY,Module-TCB,"ASM-Pacific,Phoenix",,dormant,none,False,0.0,0.0,0.0,,,0.0,,,unknown
500222583,RIGHT WC REAR X ENC ASSY,Module-TCB,"ASM-Pacific,Phoenix",,dormant,none,False,0.0,0.0,0.0,,,0.0,,,unknown
500222584,"SUPPORT,WORKCHUCK,Y,CARRIAGE",Module-TCB,"ASM-Pacific,Phoenix;GENERIC",D,dormant,none,False,0.0,0.0,0.0,,,0.0,,,unknown
500222585,"ENCODER,RIGHT,WC,Y",Module-TCB,"ASM-Pacific,Phoenix",D,dormant,none,False,0.0,0.0,0.0,,,0.0,,,unknown
500222586,HIGH PRECISION THETA DDR MOTOR,Module-TCB,"ASM-Pacific,Firebird;ASM-Pacific,Phoenix;ASMP ACW",D,dormant,none,False,0.0,0.0,0.0,,,0.0,,,unknown
500222587,"MODULE,BONDHEAD",Module-TCB,"ASM-Pacific,Phoenix",,dormant,none,False,0.0,0.0,0.0,,,0.0,,,unknown
500222588,BH Z COLUMN ASSEMBLY,Module-TCB,"ASM-Pacific,Phoenix",,dormant,none,False,0.0,0.0,0.0,,,0.0,,,unknown
500222589,U/D OPTICS MODULE (HVM),Module-TCB,"ASM-Pacific,Phoenix",,dormant,none,False,0.0,0.0,0.0,,,0.0,,,unknown
500222590,(CIE) CORE INERT ENVIRONMENT,Module-TCB,"ASM-Pacific,Phoenix",D,dormant,none,False,0.0,0.0,0.0,,,0.0,,,unknown
500222592,PLUG-IN REDUCER,Module-TCB,"ASM-Pacific,Phoenix",,dormant,none,False,0.0,0.0,0.0,,,0.0,,,unknown
500222593,PRECISION REGULATOR 10-IR1000-01,Module-TCB,"ASM-Pacific,Phoenix",,dormant,none,False,0.0,0.0,0.0,,,0.0,,,unknown
500222594,CAH SOL MOUNT,Module-TCB,"ASM-Pacific,Phoenix",,dormant,none,False,0.0,0.0,0.0,,,0.0,,,unknown
500222595,SPEED CONTROLLER 10-AS1201F-M5-04A,Module-TCB,"ASM-Pacific,Phoenix",,dormant,none,False,0.0,0.0,0.0,,,0.0,,,unknown
500222596,SOL PIN CONNENCTOR MOUNT (8EA),Module-TCB,"ASM-Pacific,Phoenix",,dormant,none,False,0.0,0.0,0.0,,,0.0,,,unknown
500222597,CLEAN ONE-TOUCH CONNECTOR: KPQL06-01,Module-TCB,"ASM-Pacific,Phoenix",,dormant,none,False,0.0,0.0,0.0,,,0.0,,,unknown
500222598,PANEL MOUNT ADAPTER ZS-26-B,Module-TCB,"ASM-Pacific,Phoenix",,dormant,none,False,0.0,0.0,0.0,,,0.0,,,unknown
500222599,"PLUG R 1/8"" BSP",Module-TCB,"ASM-Pacific,Phoenix",,dormant,none,False,0.0,0.0,0.0,,,0.0,,,unknown
500222600,FLOW CTL D-VALVE AS1211F-M5-06,Module-TCB,"ASM-Pacific,Phoenix",,dormant,none,False,0.0,0.0,0.0,,,0.0,,,unknown
500222601,OXYGEN ANALYZER MODEL EC913,Module-TCB,"ASM-Pacific,Phoenix",,dormant,none,False,0.0,0.0,0.0,,,0.0,,,unknown
500222602,OTZ ASSY RGT (HVM),Module-TCB,"ASM-Pacific,Phoenix",,dormant,none,False,0.0,0.0,0.0,,,0.0,,,unknown
500222603,OTZ ASSY LFT (HVM),Module-TCB,"ASM-Pacific,Phoenix",,dormant,none,False,0.0,0.0,0.0,,,0.0,,,unknown
500222604,"ENCODER,OT,RIGHT",Module-TCB,"ASM-Pacific,Firebird;ASM-Pacific,Phoenix",,dormant,none,False,0.0,0.0,0.0,,,0.0,,,unknown
500222605,OT-Z (LEFT) MOTOR CABLE ASSY,Module-TCB,"ASM-Pacific,Phoenix",,dormant,none,False,0.0,0.0,0.0,,,0.0,,,unknown
500222606,"ENCODER,HVMOTX,U/D,OPTICS,X-TABLE",Module-TCB,"ASM-Pacific,Phoenix",D,dormant,none,False,0.0,0.0,0.0,,,0.0,,,unknown
500222607,OT-Z (RIGHT) MOTOR CABLE ASSY,Module-TCB,"ASM-Pacific,Phoenix",,dormant,none,False,0.0,0.0,0.0,,,0.0,,,unknown
500222608,FLAT ROUND AIR BEARING (D50),Module-TCB,"ASM-Pacific,Phoenix;ASM-Pacific,Firebird",D,dormant,none,False,0.0,0.0,0.0,,,0.0,0.0,-2.0,decreasing
500222609,HVMOTY ENCODER ASSY,Module-TCB,"ASM-Pacific,Phoenix",,dormant,none,False,0.0,0.0,0.0,,,0.0,,,unknown
500222610,THERMOSTAT ASSY,Module-TCB,"ASM-Pacific,Phoenix;GENERIC",,dormant,none,False,0.0,0.0,0.0,,,0.0,,,unknown
500222612,SMPS 600W UNIV +/-48V&+/-15V,"Module-DP,Module-TCB","Generic;ASM-Pacific,Phoenix;ASM-Pacific,Firebird",D,dormant,none,False,0.0,0.0,0.0,,,0.0,,,unknown
500222613,CAT5 USB 2.0 EXTENDER,Module-TCB,"ASM-Pacific,Firebird;ASM-Pacific,Phoenix",,dormant,none,False,0.0,0.0,0.0,,,0.0,,,unknown
500222614,LITEC AAD2 HIGH POWER MODULE,"Module-DP,Module-TCB","Generic;ASM-Pacific,Phoenix;TCB_Generic",D,dormant,none,False,0.0,0.0,0.0,,,0.0,,,unknown
500222615,IZS31 SERIES BAR TYPE IONIZER,Module-TCB,"ASM-Pacific,Phoenix",,dormant,none,False,0.0,0.0,0.0,,,0.0,,,unknown
500222616,"MODULE,POWER,NDIII,CONTROL",Module-TCB,"ASM-Pacific,Phoenix",D,dormant,none,False,0.0,0.0,0.0,,,0.0,,,unknown
500222617,USB TO 16X RS232 CONVERTER,Module-TCB,"ASM-Pacific,Firebird;ASM-Pacific,Phoenix;ASMP ACW",D,dormant,none,False,0.0,0.0,0.0,,,0.0,,,unknown
500222618,TWIN ARCHERFISH DISPENSER (ELEC. VACUUM),Module-TCB,"ASM-Pacific,Phoenix",,dormant,none,False,0.0,0.0,0.0,,,0.0,,,unknown
500222619,"MODULE,POWER,NUDRIVE-III,ND#2-1",Module-TCB,"ASM-Pacific,Firebird;ASM-Pacific,Phoenix;ASMP ACW",D,dormant,none,False,0.0,0.0,0.0,,,0.0,,,unknown
500222620,SMPS 600W UNIV 18V,"Module-DP,Module-TCB","ASM-Pacific,Firebird;ASM-Pacific,Phoenix;Generic",D,dormant,none,False,0.0,0.0,0.0,,,0.0,,,unknown
500222621,LITEC HIGH POWER MODULE_PH,Module-TCB,"ASM-Pacific,Phoenix",L,dying,dying,False,0.0,0.0,0.0,,,4.0,,,unknown
500222622,"SCREW,SHC,M2X6",Module-TCB,"ASM-Pacific,Phoenix;GENERIC",D,dormant,none,False,0.0,0.0,0.0,,,0.0,,,unknown
500222623,UPLOOKING RING LIGHT,Module-TCB,"ASM-Pacific,Phoenix;ASM-Pacific,Firebird",L,dying,dying,False,0.0,0.0,0.0,,,4.0,,,unknown
500222624,"LIGHT,RING,DOWNLOOKING,HVMOT,U/D",Module-TCB,"ASM-Pacific,Firebird;ASM-Pacific,Phoenix",D,dormant,none,False,0.0,0.0,0.0,,,0.0,,,unknown
500222625,COOLING BLOCK MOUNT (R),Module-TCB,"ASM-Pacific,Phoenix",,dormant,none,False,0.0,0.0,0.0,,,0.0,,,unknown
500222626,COOLING BLOCK MOUNT (L),Module-TCB,"ASM-Pacific,Phoenix",,dormant,none,False,0.0,0.0,0.0,,,0.0,,,unknown
500222627,RING LT FRONT MOUNT,Module-TCB,"ASM-Pacific,Phoenix",,dormant,none,False,0.0,0.0,0.0,,,0.0,,,unknown
500222628,RINGLIGHT COOL RTD CLAMP,Module-TCB,"ASM-Pacific,Phoenix",,dormant,none,False,0.0,0.0,0.0,,,0.0,,,unknown
500222629,HVMOT RING LT COOLING BLOCK,Module-TCB,"ASM-Pacific,Phoenix",,dormant,none,False,0.0,0.0,0.0,,,0.0,,,unknown
500222630,MOUNTING INSULATOR,Module-TCB,"ASM-Pacific,Phoenix",,dormant,none,False,0.0,0.0,0.0,,,0.0,,,unknown
500222631,"SPRING,MAGNET,2.5N,HVM,CAP,SENSOR","Module-DP,Module-TCB","Generic;ASM-Pacific,Phoenix;ASM-Pacific,Firebird",D,dormant,none,False,0.0,0.0,0.0,,,0.0,,,unknown
500222632,CA_2.2-CONTROLLER BOX ASSY,Module-TCB,"ASM-Pacific,Phoenix",,dormant,none,False,0.0,0.0,0.0,,,0.0,,,unknown
500222633,"BOX,SWITCH,STEP,DRIVE","Module-DP,Module-TCB","Generic;ASM-Pacific,Phoenix;ASM-Pacific,Firebird;TCB_Generic",,dormant,none,False,0.0,0.0,0.0,,,0.0,,,unknown
500222634,CM CHOKE AND DUMMY LOAD BOX,"Module-DP,Module-TCB","ASM-Pacific,Firebird;Generic;ASM-Pacific,Phoenix;TCB_Generic",D,dormant,none,False,0.0,0.0,0.0,,,0.0,,,unknown
500222635,POWER MONITOR ELEC. ASSY,Module-TCB,"ASM-Pacific,Phoenix",D,dormant,none,False,0.0,0.0,0.0,,,0.0,,,unknown
500222636,"ESIO7,ES#2",Module-TCB,"ASM-Pacific,Phoenix",D,dormant,none,False,0.0,0.0,0.0,,,0.0,,,unknown
500222637,LAMP CONTROLLER BOX,Module-TCB,"ASM-Pacific,Phoenix",,dormant,none,False,0.0,0.0,0.0,,,0.0,,,unknown
500222638,"SUPPLY,POWER,600W,UNIV,26.8V,SMPS#6",Module-TCB,"ASM-Pacific,Phoenix;ASMP ACW",D,dormant,none,False,0.0,0.0,0.0,,,0.0,,,unknown
500222639,"BOX,BD,HARDWARE,LOGIC,TRIGGER",Module-TCB,"ASM-Pacific,Phoenix",,dormant,none,False,0.0,0.0,0.0,,,0.0,,,unknown
500222641,"LAMP,FLOURESCENT,LM-31,W-CABLE",Module-TCB,"ASM-Pacific,Phoenix",,dormant,none,False,0.0,0.0,0.0,,,0.0,,,unknown
500222642,HEATED WAFER CHUCK COOLING(R),Module-TCB,"ASM-Pacific,Phoenix;ASM-Pacific,Firebird",,dormant,none,False,0.0,0.0,0.0,,,0.0,,,unknown
500222643,"MOTOR,LINEAR,MOVING,MAGNET,CAP,SENSE",Module-TCB,"ASM-Pacific,Firebird;ASM-Pacific,Phoenix",D,dormant,none,False,0.0,0.0,0.0,,,0.0,,,unknown
500222644,"CABLE,ENCODER,CAP,SENSOR,MOTOR",Module-TCB,"ASM-Pacific,Firebird;ASM-Pacific,Phoenix",,dormant,none,False,0.0,0.0,0.0,,,0.0,,,unknown
500222645,(BS-R)CARRIAGE AB PRESS SNR(R),Module-TCB,"ASM-Pacific,Phoenix;GENERIC",,dormant,none,False,0.0,0.0,0.0,,,0.0,,,unknown
500222646,(BS-L)CARRIAGE AB PRESS SNR(L),Module-TCB,"ASM-Pacific,Phoenix;GENERIC",,dormant,none,False,0.0,0.0,0.0,,,0.0,,,unknown
500222647,(BS-L)BEAM AB PRESS SNR(L),Module-TCB,"ASM-Pacific,Phoenix;GENERIC",,dormant,none,False,0.0,0.0,0.0,,,0.0,,,unknown
500222648,(BS-R)HEATED PEDESTAL VAC SNR,Module-TCB,"GENERIC;ASM-Pacific,Phoenix",,dormant,none,False,0.0,0.0,0.0,,,0.0,,,unknown
500222649,(BS-R)BEAM AB PRESS SNR(R),Module-TCB,"ASM-Pacific,Phoenix;GENERIC",,dormant,none,False,0.0,0.0,0.0,,,0.0,,,unknown
500222650,(PHS-R)HEATED PEDESTAL VAC SNR,Module-TCB,"GENERIC;ASM-Pacific,Phoenix",,dormant,none,False,0.0,0.0,0.0,,,0.0,,,unknown
500222651,HEATED WAFER CHUCK COOLING(L),Module-TCB,"ASM-Pacific,Phoenix",,dormant,none,False,0.0,0.0,0.0,,,0.0,,,unknown
500222652,SMALL SIZE UPS RLY ASSY,Module-TCB,"ASM-Pacific,Phoenix",,dormant,none,False,0.0,0.0,0.0,,,0.0,,,unknown
500222653,"BOX,PWR,EXTENSION,6PIN-6CH,DCTB#1,DCTB#2","Module-BA,Module-TCB","ASM-Pacific, Falcon;ASM Pacific,BP3000;ASM-Pacific,Phoenix",D,dormant,none,False,0.0,0.0,0.0,,,0.0,,,unknown
500222654,"BOX,DC,PWR,EXTEN,2PIN-8WAY-W-FUSE,DCTB#8","Module-BA,Module-TCB","ASM-Pacific, Falcon;ASM-Pacific,Phoenix",D,dormant,none,False,0.0,0.0,0.0,,,0.0,,,unknown
500222655,RED ILLUMINATED ROCKER SWITCH DPST,Module-TCB,"GENERIC;ASM-Pacific,Phoenix",,dormant,none,False,0.0,0.0,0.0,,,0.0,,,unknown
500222656,IONIZER CONTROL RELAY BOARD,Module-TCB,"ASM-Pacific,Phoenix",D,dormant,none,False,0.0,0.0,0.0,,,0.0,,,unknown
500222657,HVM CAP SENSOR ASSEMBLY,Module-TCB,"ASM-Pacific,Phoenix;GENERIC",,dormant,none,False,0.0,0.0,0.0,,,0.0,,,unknown
500222658,IONIZER CONTROL RELAY BOARD,Module-TCB,"ASM-Pacific,Phoenix",D,dormant,none,False,0.0,0.0,0.0,,,0.0,,,unknown
500222659,SWITCHING BOARD FOR HEATERS,Module-TCB,"ASM-Pacific,Phoenix",,dormant,none,False,0.0,0.0,0.0,,,0.0,,,unknown
500222660,LOCON CAPACITIVE SENSOR ADDIN BOARD,"Module-BA,Module-DP,Module-TCB","TCB_Generic;ASM-Pacific, Falcon;Generic;ASM-Pacific,Phoenix",,dormant,none,False,0.0,0.0,0.0,,,0.0,,,unknown
500222662,O2 ANALYZE CHANG SOL,"Module-DP,Module-TCB","ASM-Pacific,Firebird;ASM-Pacific,Phoenix;Generic",D,dormant,none,False,0.0,0.0,0.0,,,0.0,,,unknown
500222663,"SOLENOID,OXYGEN,ANALYZER,BH","Module-DP,Module-TCB","Generic;ASM-Pacific,Firebird;ASM-Pacific,Phoenix",D,dormant,none,False,0.0,0.0,0.0,,,0.0,0.0,-2.0,decreasing
500222664,COMPRESS AIR INLET MANIFOLD,Module-TCB,"ASM-Pacific,Phoenix",,dormant,none,False,0.0,0.0,0.0,,,0.0,,,unknown
500222665,AIR INLET PNEU ASSY,Module-TCB,"ASM-Pacific,Phoenix",,dormant,none,False,0.0,0.0,0.0,,,0.0,,,unknown
500222666,VAC LINE ZNLEF MANIFOLD,Module-TCB,"ASM-Pacific,Phoenix",,dormant,none,False,0.0,0.0,0.0,,,0.0,,,unknown
500222667,"PLUG R I/4"" BSP [17C3]",Module-TCB,"ASM-Pacific,Phoenix",,dormant,none,False,0.0,0.0,0.0,,,0.0,,,unknown
500222668,(STA-L)COVER VACUUM SOL,Module-TCB,"ASM-Pacific,Phoenix;GENERIC",,dormant,none,False,0.0,0.0,0.0,,,0.0,,,unknown
500222669,(STA-L)SUBSTRATE VACUUM SOL,Module-TCB,"GENERIC;ASM-Pacific,Phoenix",,dormant,none,False,0.0,0.0,0.0,,,0.0,,,unknown
500222670,STA BLOW PNEU SOL(L),Module-TCB,"ASM-Pacific,Phoenix;GENERIC",,dormant,none,False,0.0,0.0,0.0,,,0.0,,,unknown
500222671,STA BLOW PNEU SOL(R),Module-TCB,"ASM-Pacific,Phoenix;GENERIC",,dormant,none,False,0.0,0.0,0.0,,,0.0,,,unknown
500222672,STA COVER FLOW LEAKAGE DETECT SNR(L),Module-TCB,"GENERIC;ASM-Pacific,Phoenix",,dormant,none,False,0.0,0.0,0.0,,,0.0,,,unknown
500222673,STA COVER FLOW LEAKAGE DETECT SNR(R),Module-TCB,"ASM-Pacific,Phoenix;GENERIC",,dormant,none,False,0.0,0.0,0.0,,,0.0,,,unknown
500222674,STA STRIP FLOW LEAKAGE DETECT SNR(L),Module-TCB,"ASM-Pacific,Phoenix;GENERIC",,dormant,none,False,0.0,0.0,0.0,,,0.0,,,unknown
500222675,STA STRIP FLOW LEAKAGE DETECT SNR(R),Module-TCB,"GENERIC;ASM-Pacific,Phoenix",,dormant,none,False,0.0,0.0,0.0,,,0.0,,,unknown
500222676,SOL MOUNT(R),Module-TCB,"ASM-Pacific,Phoenix",,dormant,none,False,0.0,0.0,0.0,,,0.0,,,unknown
500222677,POST VAC SOL MOUNT(L),Module-TCB,"ASM-Pacific,Phoenix",,dormant,none,False,0.0,0.0,0.0,,,0.0,,,unknown
500222678,STA BLOW/ION SOL MOUNT(LEFT),Module-TCB,"ASM-Pacific,Phoenix",,dormant,none,False,0.0,0.0,0.0,,,0.0,,,unknown
500222679,STA BLOW/ION SOL MOUNT(RIGHT),Module-TCB,"ASM-Pacific,Phoenix",,dormant,none,False,0.0,0.0,0.0,,,0.0,,,unknown
500222680,FLOW CONTROL WITH FITTING M5X0.8,Module-TCB,"ASM-Pacific,Firebird;ASM-Pacific,Phoenix",,dormant,none,False,0.0,0.0,0.0,,,0.0,,,unknown
500222684,REAR AIR IONIZER PNEU SOL(R),Module-TCB,"GENERIC;ASM-Pacific,Phoenix",,dormant,none,False,0.0,0.0,0.0,,,0.0,,,unknown
500222685,SOL PIN CONNENCTOR MOUNT(10EA),Module-TCB,"ASM-Pacific,Phoenix",,dormant,none,False,0.0,0.0,0.0,,,0.0,,,unknown
500222686,STA/POST VAC SOL MOUNT FIX PANEL,Module-TCB,"ASM-Pacific,Phoenix",,dormant,none,False,0.0,0.0,0.0,,,0.0,,,unknown
500222687,POST HEAT STATION VAC SOL 1(L),Module-TCB,"ASM-Pacific,Phoenix;GENERIC",,dormant,none,False,0.0,0.0,0.0,,,0.0,,,unknown
500222688,POST HEAT STATION VAC SOL 2(L),Module-TCB,"GENERIC;ASM-Pacific,Phoenix",,dormant,none,False,0.0,0.0,0.0,,,0.0,,,unknown
500222689,REAR AIR IONIZER PNEU SOL(R),Module-TCB,"GENERIC;ASM-Pacific,Phoenix",,dormant,none,False,0.0,0.0,0.0,,,0.0,,,unknown
500222690,STA/POST VAC SOL MOUNT,Module-TCB,"ASM-Pacific,Phoenix",,dormant,none,False,0.0,0.0,0.0,,,0.0,,,unknown
500222691,SOC HD ATTACHING SCREW M4X12,Module-TCB,"ASM-Pacific,Phoenix;GENERIC",,dormant,none,False,0.0,0.0,0.0,,,0.0,,,unknown
500222692,POST HEAT STATION VAC SOL 3(L),Module-TCB,"GENERIC;ASM-Pacific,Phoenix",,dormant,none,False,0.0,0.0,0.0,,,0.0,,,unknown
500222693,(BS-L)HEATED PEDESTAL VAC SNR 4(L),Module-TCB,"ASM-Pacific,Phoenix;GENERIC",,dormant,none,False,0.0,0.0,0.0,,,0.0,,,unknown
500222694,POST HEAT STATION VAC SOL 4(L),Module-TCB,"ASM-Pacific,Phoenix;GENERIC",,dormant,none,False,0.0,0.0,0.0,,,0.0,,,unknown
500222695,(BS-L)HEATED PEDESTAL VAC SNR 3(L),Module-TCB,"ASM-Pacific,Phoenix",,dormant,none,False,0.0,0.0,0.0,,,0.0,,,unknown
500222696,"SENSOR,VACUUM,HEATED,PED,BS-L,2,LEFT",Module-TCB,"GENERIC;ASM-Pacific,Phoenix",D,dormant,none,False,0.0,0.0,0.0,,,0.0,,,unknown
500222697,CLEAN ONE-TOUCH CONNECTOR: KPQH10-02,Module-TCB,"ASM-Pacific,Phoenix",,dormant,none,False,0.0,0.0,0.0,,,0.0,,,unknown
500222698,CLEAN ONE-TOUCH CONNECTOR: KPQL06-02,Module-TCB,"ASM-Pacific,Firebird;ASM-Pacific,Phoenix",,dormant,none,False,0.0,0.0,0.0,,,0.0,,,unknown
500222699,MALE ELBOW,Module-TCB,"ASM-Pacific,Phoenix;ASM-Pacific,Firebird",D,dormant,none,False,0.0,0.0,0.0,,,0.0,,,unknown
500222700,PLUG-IN REDUCER,Module-TCB,"ASM-Pacific,Phoenix",,dormant,none,False,0.0,0.0,0.0,,,0.0,,,unknown
500222701,2-2 SELECTOR M-VALVE VHK2-08F-08F,Module-TCB,"ASM-Pacific,Phoenix",,dormant,none,False,0.0,0.0,0.0,,,0.0,,,unknown
500222702,(PHS-L)HEATED PEDESTAL VAC SNR 1(L),Module-TCB,"ASM-Pacific,Phoenix",,dormant,none,False,0.0,0.0,0.0,,,0.0,,,unknown
500222703,"UNIT,AIR,SERVICE,AC40C-03","Module-DP,Module-TCB","ASM-Pacific,Phoenix;Generic;ASMP ACW",,dormant,none,False,0.0,0.0,0.0,,,0.0,,,unknown
500222704,SILENCER AN20-02,Module-TCB,"ASM-Pacific,Phoenix;GENERIC",,dormant,none,False,0.0,0.0,0.0,,,0.0,,,unknown
500222705,SLIDE RAIL KC-252-12,Module-TCB,"ASM-Pacific,Phoenix",,dormant,none,False,0.0,0.0,0.0,,,0.0,,,unknown
500222706,EXH ONOFF FIX MOUNT,Module-TCB,"ASM-Pacific,Phoenix",,dormant,none,False,0.0,0.0,0.0,,,0.0,,,unknown
500222707,MALE ELBOW KQ2L10-03AS,Module-TCB,"ASM-Pacific,Phoenix;ASM-Pacific,Firebird",,dormant,none,False,0.0,0.0,0.0,,,0.0,,,unknown
500222708,TOOL-OPEARTED STYLE X-5675,Module-TCB,"GENERIC;ASM-Pacific,Phoenix",D,dormant,none,False,0.0,0.0,0.0,,,0.0,,,unknown
500222709,AIR SUPPLY SERVICE UNIT PNEU FIX FRAME,Module-TCB,"ASM-Pacific,Phoenix",,dormant,none,False,0.0,0.0,0.0,,,0.0,,,unknown
500222710,AIR SUPPLY SERVICE UNIT PNEU FIX MOUNT,Module-TCB,"ASM-Pacific,Phoenix",,dormant,none,False,0.0,0.0,0.0,,,0.0,,,unknown
500222711,MAGNETIC CATCH FIX MOUNT,Module-TCB,"ASM-Pacific,Phoenix",,dormant,none,False,0.0,0.0,0.0,,,0.0,,,unknown
500222712,AIR SUPPLY SERVICE UNIT PNEU PANEL,Module-TCB,"ASM-Pacific,Phoenix",,dormant,none,False,0.0,0.0,0.0,,,0.0,,,unknown
500222713,AIR FILTER FIX MOUNT-2,Module-TCB,"ASM-Pacific,Phoenix",,dormant,none,False,0.0,0.0,0.0,,,0.0,,,unknown
500222714,AIR BOX E-CHAIN FIX MOUNT-1,Module-TCB,"ASM-Pacific,Phoenix",,dormant,none,False,0.0,0.0,0.0,,,0.0,,,unknown
500222715,AIR BEARING FILTER EXHAUST ON/OFF MOUNT,Module-TCB,"ASM-Pacific,Phoenix",,dormant,none,False,0.0,0.0,0.0,,,0.0,,,unknown
500222716,AIR FILTER FIX MOUNT-1,Module-TCB,"ASM-Pacific,Phoenix",,dormant,none,False,0.0,0.0,0.0,,,0.0,,,unknown
500222717,PNEU BOX LOWER SLIDE RALL FIX MOUNT-1,Module-TCB,"ASM-Pacific,Phoenix",,dormant,none,False,0.0,0.0,0.0,,,0.0,,,unknown
500222718,PNEU BOX LOWER SLIDE RALL FIX MOUNT-2,Module-TCB,"ASM-Pacific,Phoenix",,dormant,none,False,0.0,0.0,0.0,,,0.0,,,unknown
500222719,AIR SUPPLY PNEU DOOR PANEL,Module-TCB,"ASM-Pacific,Phoenix",,dormant,none,False,0.0,0.0,0.0,,,0.0,,,unknown
500222720,PNEU BOX LOCK MOUNT,Module-TCB,"ASM-Pacific,Phoenix",,dormant,none,False,0.0,0.0,0.0,,,0.0,,,unknown
500222721,AIR BEARING FLOWMETER MOUNT,Module-TCB,"ASM-Pacific,Phoenix",,dormant,none,False,0.0,0.0,0.0,,,0.0,,,unknown
500222722,PNEU TUBE FIX MOUNT,Module-TCB,"ASM-Pacific,Phoenix",,dormant,none,False,0.0,0.0,0.0,,,0.0,,,unknown
500222723,PREVENT WATER LEAK BOX-1,Module-TCB,"ASM-Pacific,Phoenix",,dormant,none,False,0.0,0.0,0.0,,,0.0,,,unknown
500222724,PREVENT WATER LEAK BOX FIX MOUNT,Module-TCB,"ASM-Pacific,Phoenix",,dormant,none,False,0.0,0.0,0.0,,,0.0,,,unknown
500222725,2 PIN 0.165 INCH PLUG MOUNT,Module-TCB,"ASM-Pacific,Phoenix",,dormant,none,False,0.0,0.0,0.0,,,0.0,,,unknown
500222726,PREVENT WATER LEAK BOX-2,Module-TCB,"ASM-Pacific,Phoenix",,dormant,none,False,0.0,0.0,0.0,,,0.0,,,unknown
500222727,PNEU BOX UPPER SLIDE RALL FIX MOUNT,Module-TCB,"ASM-Pacific,Phoenix",,dormant,none,False,0.0,0.0,0.0,,,0.0,,,unknown
500222728,AIR SUPPLY PNEU BOX MAIN SUPPORT PANEL,Module-TCB,"ASM-Pacific,Phoenix",,dormant,none,False,0.0,0.0,0.0,,,0.0,,,unknown
500222729,AIR/N2 SUPPLY SWITCH SOL MOUNT,Module-TCB,"ASM-Pacific,Phoenix",,dormant,none,False,0.0,0.0,0.0,,,0.0,,,unknown
500222730,AIR SUPPLY PNEU DOOR SUPPORT MOUNT,Module-TCB,"ASM-Pacific,Phoenix",,dormant,none,False,0.0,0.0,0.0,,,0.0,,,unknown
500222731,AIR SUPPLY PNEU BOX COVER,Module-TCB,"ASM-Pacific,Phoenix",,dormant,none,False,0.0,0.0,0.0,,,0.0,,,unknown
500222732,PREVENT WATER LEAK BOX FIX MOUNT-2,Module-TCB,"ASM-Pacific,Phoenix",,dormant,none,False,0.0,0.0,0.0,,,0.0,,,unknown
500222733,MAGNETIC CATCH,Module-TCB,"ASM-Pacific,Phoenix",,dormant,none,False,0.0,0.0,0.0,,,0.0,,,unknown
500222734,(PENU)AIR SUPPLY I SWITCH,Module-TCB,"ASM-Pacific,Phoenix;GENERIC",,dormant,none,False,0.0,0.0,0.0,,,0.0,,,unknown
500222735,(PENU)AIR SUPPLY III SWITCH,Module-TCB,"ASM-Pacific,Phoenix;GENERIC",,dormant,none,False,0.0,0.0,0.0,,,0.0,,,unknown
500222736,(PENU)AIR SUPPLY II SWITCH,Module-TCB,"GENERIC;ASM-Pacific,Phoenix",,dormant,none,False,0.0,0.0,0.0,,,0.0,,,unknown
500222737,(PENU)N2 SUPPLY SWITCH,Module-TCB,"GENERIC;ASM-Pacific,Phoenix",,dormant,none,False,0.0,0.0,0.0,,,0.0,,,unknown
500222738,(PENU)N2 SUPPLY SWITCH 2,Module-TCB,"GENERIC;ASM-Pacific,Phoenix",,dormant,none,False,0.0,0.0,0.0,,,0.0,,,unknown
500222739,CLEAN ONE-TOUCH CONNECTOR: KPQL10-02,Module-TCB,"ASM-Pacific,Firebird;ASM-Pacific,Phoenix",,dormant,none,False,0.0,0.0,0.0,,,0.0,,,unknown
500222740,FEMALE ELBOW FITTING KQ2LF10-02A,Module-TCB,"ASM-Pacific,Phoenix",,dormant,none,False,0.0,0.0,0.0,,,0.0,,,unknown
500222741,SILENCER U-1/4,Module-TCB,"ASM-Pacific,Phoenix;GENERIC",L,dying,dying,False,0.010958904109589041,0.0,0.010958904109589041,0.0,0.0,4.000000000000001,,,unknown
500222742,"(CV) PANEL, ON/OFF VALVE MOUNT",Module-TCB,"ASM-Pacific,Phoenix",,dormant,none,False,0.0,0.0,0.0,,,0.0,,,unknown
500222743,2-WAY PARALLEL CONNECTOR,Module-TCB,"ASM-Pacific,Phoenix",,dormant,none,False,0.0,0.0,0.0,,,0.0,,,unknown
500222744,CLEAN ONE-TOUCH CONNECTOR: KPQL08-02,Module-TCB,"ASM-Pacific,Firebird;ASM-Pacific,Phoenix",D,dormant,none,False,0.0,0.0,0.0,,,0.0,,,unknown
500222745,SMC MIST SEPARATOR AFM20-02-2-A,"Module-DP,Module-TCB","ASM-Pacific,Phoenix;Generic;ASM-Pacific,Firebird",,dormant,none,False,0.0,0.0,0.0,,,0.0,,,unknown
500222746,AIR DRYER IDG5-02-S,Module-TCB,"ASM-Pacific,Firebird;ASM-Pacific,Phoenix",,dormant,none,False,0.0,0.0,0.0,,,0.0,,,unknown
500222747,SMC SPACER WITH BRACKET,Module-TCB,"ASM-Pacific,Phoenix;ASM-Pacific,Firebird",,dormant,none,False,0.0,0.0,0.0,,,0.0,,,unknown
500222748,MIST SEPARATOR REGULATOR AWD20-02E-2,Module-TCB,"ASM-Pacific,Phoenix;KNS IConn MEM PLUS;ASM-Pacific,Firebird",,dormant,none,False,0.0,0.0,0.0,,,0.0,,,unknown
500222749,MIST SEPARATOR,"Module-DP,Module-TCB","Generic;ASM-Pacific,Phoenix;ASM-Pacific,Firebird",,dormant,none,False,0.0,0.0,0.0,,,0.0,,,unknown
500222750,AIR TANK SIDE COVER,Module-TCB,"ASM-Pacific,Phoenix",,dormant,none,False,0.0,0.0,0.0,,,0.0,,,unknown
500222751,AIR TANK INLET PANEL,Module-TCB,"ASM-Pacific,Phoenix",,dormant,none,False,0.0,0.0,0.0,,,0.0,,,unknown
500222752,AIR TANK OUTPUT PANEL,Module-TCB,"ASM-Pacific,Phoenix",,dormant,none,False,0.0,0.0,0.0,,,0.0,,,unknown
500222753,MID COVER,Module-TCB,"ASM-Pacific,Phoenix",,dormant,none,False,0.0,0.0,0.0,,,0.0,,,unknown
500222754,STA FOR COVER/STRIP VAC SNR,Module-TCB,"ASM-Pacific,Phoenix;GENERIC",D,dormant,none,False,0.0,0.0,0.0,,,0.0,,,unknown
500222755,BASE PLATE,Module-TCB,"ASM-Pacific,Phoenix",,dormant,none,False,0.0,0.0,0.0,,,0.0,,,unknown
500222756,AIR TANK VBAT10A1,Module-TCB,"ASM-Pacific,Phoenix;GENERIC",,dormant,none,False,0.0,0.0,0.0,,,0.0,,,unknown
500222757,(BS-L)HEATED PEDESTAL VAC SNR,Module-TCB,"GENERIC;ASM-Pacific,Phoenix",,dormant,none,False,0.0,0.0,0.0,,,0.0,,,unknown
500222758,(PHS-L)HEATED PEDESTAL VAC SNR,Module-TCB,"GENERIC;ASM-Pacific,Phoenix",,dormant,none,False,0.0,0.0,0.0,,,0.0,,,unknown
500222759,STA FLOW LEAKAGE DETECTION SWITCH,Module-TCB,"ASM-Pacific,Phoenix;GENERIC",,dormant,none,False,0.0,0.0,0.0,,,0.0,,,unknown
500222760,"SOLENOID,VACUUM,CLEAN,STATION,BS-L,LEFT",Module-TCB,"ASM-Pacific,Phoenix;GENERIC",,dormant,none,False,0.0,0.0,0.0,,,0.0,,,unknown
500222761,"SOLENOID,VACUUM,CLEAN,STATION,BS-R,RIGHT",Module-TCB,"GENERIC;ASM-Pacific,Phoenix",,dormant,none,False,0.0,0.0,0.0,,,0.0,,,unknown
500222762,"SOLENOID,VACUUM,HT,PEDESTAL,BS-L,1,LEFT",Module-TCB,"ASM-Pacific,Phoenix;GENERIC",D,active,constant,True,0.0027397260273972603,0.011111111111111112,0.0027397260273972603,4.055555555555555,0.0,3.9999999999999996,,,unknown
500222763,"SOLENOID,VACUUM,HT,PEDESTAL,BS-L,2,LEFT",Module-TCB,"ASM-Pacific,Phoenix;GENERIC",D,dormant,none,False,0.0,0.0,0.0,,,0.0,0.0,-6.0,decreasing
500222764,"SOLENOID,VACUUM,HT,PEDESTAL,BS-L,3,LEFT",Module-TCB,"ASM-Pacific,Phoenix;GENERIC",,dormant,none,False,0.0,0.0,0.0,,,0.0,,,unknown
500222765,"SOLENOID,VACUUM,HT,PEDESTAL,BS-R,1,RIGHT",Module-TCB,"ASM-Pacific,Phoenix;GENERIC",D,dormant,none,False,0.0,0.0,0.0,,,0.0,,,unknown
500222766,"SOLENOID,VACUUM,HT,PEDESTAL,BS-R,2,RIGHT",Module-TCB,"GENERIC;ASM-Pacific,Phoenix",,dormant,none,False,0.0,0.0,0.0,,,0.0,,,unknown
500222767,"SOLENOID,VACUUM,HT,PEDESTAL,BS-L,4,LEFT",Module-TCB,"ASM-Pacific,Phoenix;GENERIC",D,dormant,none,False,0.0,0.0,0.0,,,0.0,,,unknown
500222768,(BS-R)HT PEDESTAL VAC SOL 4(R),Module-TCB,"ASM-Pacific,Phoenix;GENERIC",,dormant,none,False,0.0,0.0,0.0,,,0.0,,,unknown
500222769,HETED PEDESTAL VAC DISPLAY(R),Module-TCB,"ASM-Pacific,Phoenix",,dormant,none,False,0.0,0.0,0.0,,,0.0,,,unknown
500222770,"SOLENOID,VACUUM,HT,PEDESTAL,BS-R,3,RIGHT",Module-TCB,"GENERIC;ASM-Pacific,Phoenix",D,dormant,none,False,0.0,0.0,0.0,,,0.0,,,unknown
500222771,BH WEAK BLOW REGULATOR(ELEC),Module-TCB,"ASM-Pacific,Phoenix",D,dormant,none,False,0.0,0.0,0.0,,,0.0,,,unknown
500222772,HETED PEDESTAL VAC DISPLAY(L),Module-TCB,"ASM-Pacific,Phoenix",,dormant,none,False,0.0,0.0,0.0,,,0.0,,,unknown
500222773,(BS-L)CARRIAGE VAC PRELOAD FMT(L),Module-TCB,"GENERIC;ASM-Pacific,Phoenix",,dormant,none,False,0.0,0.0,0.0,,,0.0,,,unknown
500222774,(BS-R)CARRIAGE VAC PRELOAD FMT(R),Module-TCB,"ASM-Pacific,Phoenix;GENERIC",,dormant,none,False,0.0,0.0,0.0,,,0.0,,,unknown
500222775,(BS-R)BD STAGE AIR BEARING SOL(R),Module-TCB,"GENERIC;ASM-Pacific,Phoenix",,dormant,none,False,0.0,0.0,0.0,,,0.0,,,unknown
500222776,(BS-L)CARRIAGE VAC PRELOAD SOL(L),Module-TCB,"ASM-Pacific,Phoenix;GENERIC",,dormant,none,False,0.0,0.0,0.0,,,0.0,,,unknown
500222777,(BS-L)CARRIAGE VAC PRELOAD SWITCH(L),Module-TCB,"ASM-Pacific,Phoenix;GENERIC",,dormant,none,False,0.0,0.0,0.0,,,0.0,,,unknown
500222778,(BS-R)CARRIAGE VAC PRELOAD SWITCH(R),Module-TCB,"GENERIC;ASM-Pacific,Phoenix",,dormant,none,False,0.0,0.0,0.0,,,0.0,,,unknown
500222779,(BH)BH WEAK BLOW PRES SWITCH,Module-TCB,"GENERIC;ASM-Pacific,Phoenix",,dormant,none,False,0.0,0.0,0.0,,,0.0,,,unknown
500222780,(BH)IMPINGING COL PRESS SWITCH,Module-TCB,"GENERIC;ASM-Pacific,Phoenix",D,dormant,none,False,0.0,0.0,0.0,,,0.0,,,unknown
500222781,(BH)VCM AIR BEARING SWITCH,Module-TCB,"ASM-Pacific,Phoenix;GENERIC",,dormant,none,False,0.0,0.0,0.0,,,0.0,,,unknown
500222782,(BH)Z COLUMN AIR BEARING PRESS?SWITCH,Module-TCB,"GENERIC;ASM-Pacific,Phoenix",,dormant,none,False,0.0,0.0,0.0,,,0.0,,,unknown
500222783,(BH)COOLING BLOCK PRESS SWITCH,Module-TCB,"ASM-Pacific,Phoenix;GENERIC",,dormant,none,False,0.0,0.0,0.0,,,0.0,,,unknown
500222784,NOZZLE CHANGE DISPLAY,Module-TCB,"ASM-Pacific,Phoenix;ASM-Pacific,Firebird",D,dormant,none,False,0.0,0.0,0.0,,,0.0,,,unknown
500222785,"SOLENOID,AIR-N2,COOLING,BLOCK,CHANGE",Module-TCB,"ASM-Pacific,Phoenix;GENERIC",L,active,constant,True,0.0027397260273972603,0.011111111111111112,0.0027397260273972603,4.055555555555555,0.0,3.9999999999999996,,,unknown
500222786,BULKHEAD UNION,"Module-DP,Module-TCB","Generic;ASM-Pacific,Phoenix;ASM-Pacific,Firebird",,dormant,none,False,0.0,0.0,0.0,,,0.0,,,unknown
500222787,SPEED CONTROLLER AS2051F-06-3,Module-TCB,"ASM-Pacific,Phoenix",,dormant,none,False,0.0,0.0,0.0,,,0.0,,,unknown
500222788,VACUUM REGULATOR IRV10-LC08,Module-TCB,"ASM-Pacific,Phoenix",,dormant,none,False,0.0,0.0,0.0,,,0.0,,,unknown
500222832,"Connecting Rod, 450mm Tri Chain MB","Module-BA,Module-Epoxy",Heller 2017 MK III;Heller 1913 MK111;Heller 1800SS,,dormant,none,False,0.0,0.0,0.0,,,0.0,,,unknown
500222833,"Cotter Pin, 1.4d, Misumi","Module-BA,Module-Epoxy",Heller 2017 MK III;Heller 1913 MK111;Heller 1800SS,,dormant,none,False,0.0,0.0,0.0,,,0.0,,,unknown
500222834,"Washer, 4ID,Misumi Wsss 8-4-1.5","Module-BA,Module-Epoxy",Heller 1800SS;Heller 2017 MK III;Heller 1913 MK111,,dormant,none,False,0.0,0.0,0.0,,,0.0,,,unknown
500222835,Spanner Wrench 45-50mm Range,"Module-BA,Module-Epoxy",Heller 1800SS;Heller 1913 MK111;Heller 2017 MK III,,dormant,none,False,0.0,0.0,0.0,,,0.0,,,unknown
500223013,SPECTRUM SEAL ASSEMBLY,Module-TCB,Asymtek S932,,dormant,none,False,0.0,0.0,0.0,,,0.0,,,unknown
500223017,"CABLE,RIBBON,SCALE",Module-TCB,Asymtek S932,,dormant,none,False,0.0,0.0,0.0,,,0.0,,,unknown
500223018,SPECTRUM WEIGHT SCALE CUP COVER,Module-TCB,Asymtek S932,D,dormant,none,False,0.0,0.0,0.0,,,0.0,,,unknown
500223021,"PEDISTAL,BOTTOM,S-932",Module-TCB,Asymtek S932,,dormant,none,False,0.0,0.0,0.0,,,0.0,,,unknown
500223022,"BRKT,WZ SCALE FID LOCK,CAM",Module-TCB,Asymtek S932,,dormant,none,False,0.0,0.0,0.0,,,0.0,,,unknown
500223023,"BRKT,WZ SCALE,ADJUSTMENT,CAM",Module-TCB,Asymtek S932,,dormant,none,False,0.0,0.0,0.0,,,0.0,,,unknown
500223024,"TOOL,ALIGNMENT,WZ SCALE,CAM",Module-TCB,Asymtek S932,,dormant,none,False,0.0,0.0,0.0,,,0.0,,,unknown
500223045,"DISPENSE CUP,SCALE,FLUX","Module-DxA,Module-TCB",Asymtek S932;JDC_Generic,L,dying,dying,False,0.01643835616438356,0.0,0.01643835616438356,0.0,0.0,4.0,,,unknown
500224527,SPECTRUM WEIGHT SCALE ASSEMBLY,"Module-Epoxy,Module-IHS,Module-TCB",Asymtek S912;Asymtek S922;Asymtek S932,,dormant,none,False,0.0,0.0,0.0,,,0.0,,,unknown
500225177,DISPENSE CARD 30MM SS,"Module-DP,Module-Epoxy,Module-TCB",Generic;Asymtek S922;Asymtek S932,D,dormant,none,False,0.0,0.0,0.0,,,0.0,,,unknown
500229419,SILICONE RUBBER VACUUM CUP 5MM,"Module-DP,Module-MHS,Module-TCB","Grohmann,MFM-220;Delta JLP, JTP;Generic",M,active,constant,True,0.13424657534246576,0.1111111111111111,0.13424657534246576,0.8276643990929704,0.0,0.6878756680646186,,,unknown
500229563,FILTER DISC CPL./CPP,Module-TCB,"ASM-Pacific,Phoenix",D,dormant,none,False,0.0,0.0,0.0,,,0.0,0.0,-38.0,decreasing
500229809,"SPROCKET 35B35, 3/4"" BORE,H.T.","Module-BA,Module-Epoxy",Heller 1913 MK111;Heller 2017 MK III;Heller 1800SS,,dormant,none,False,0.0,0.0,0.0,,,0.0,,,unknown
500229810,"SPROCKET, 40B18,5MM WIDE,ALTER","Module-BA,Module-Epoxy",Heller FAR;Heller 1913 MK111;Heller 1800SS;Heller 2017 MK III;Heller HRF,,dormant,none,False,0.0,0.0,0.0,,,0.0,,,unknown
500229811,"CLUTCH SPROCKET, 35A35","Module-BA,Module-Epoxy",Heller 2017 MK III;Heller 1800SS;Heller 1913 MK111,,dormant,none,False,0.0,0.0,0.0,,,0.0,,,unknown
500229812,"SPROCKET, 35B28,20MM BR,HARDND","Module-BA,Module-Epoxy",Heller 2017 MK III;Heller 1913 MK111;Heller 1800SS,,dormant,none,False,0.0,0.0,0.0,,,0.0,,,unknown
500229813,"SPROCKET 35B35 20MM BORE,HARDN","Module-BA,Module-Epoxy",Heller 1913 MK111;Heller 2017 MK III;Heller 1800SS,,dormant,none,False,0.0,0.0,0.0,,,0.0,,,unknown
500229814,"S.CHAIN WEAR ROD ASSY,3MM,ENTR","Module-BA,Module-Epoxy",Heller 2017 MK III;Heller 1913 MK111;Heller 1800SS,,dormant,none,False,0.0,0.0,0.0,,,0.0,,,unknown
500229815,"SC WEAR ROD ASSY,3MM,MIDDLE","Module-BA,Module-Epoxy",Heller 2017 MK III;Heller 1800SS;Heller 1913 MK111,,dormant,none,False,0.0,0.0,0.0,,,0.0,,,unknown
500229816,"S.CHAIN WEAR ROD ASSY,3MM,EXIT","Module-BA,Module-Epoxy",Heller 1913 MK111;Heller 2017 MK III;Heller 1800SS,,dormant,none,False,0.0,0.0,0.0,,,0.0,,,unknown
500230162,(DPA) NOZZLE 28XX RUBBER TIP 4.06X8.13,Module-TCB,"ASM-Pacific,Phoenix",D,dormant,none,False,0.0,0.0,0.0,,,0.0,,,unknown
500230166,Epoxy Nylon Feed Tube 10x3.48mm,"Module-DP,Module-DxA,Module-Epoxy","Generic;ASYMTEK,M-2000;Asymtek S922",D,dormant,none,False,0.0,0.0,0.0,,,0.0,,,unknown
500230201,TEMPERATURE LIMIT CONTROLLER TB45,"Module-DP,Module-Epoxy",Generic;Grohmann MTS-600;GROHMANN MTS-605;Grohamnn MTS-605,,dormant,none,False,0.0,0.0,0.0,,,0.0,,,unknown
500230203,PNEUMATIC CYLINDER LINEAR,"Module-CAM,Module-Epoxy","GROHMANN MTS-605;Grohmann Vertical oven;Grohmann,MFM-200;Grohmann MTS-600;Grohamnn MTS-605",D,dormant,none,False,0.0,0.0,0.0,,,0.0,,,unknown
500230204,PNEUMATIC CYLINDER,"Module-CAM,Module-Epoxy","Grohamnn MTS-605;Grohmann,MFM-200;Grohmann MTS-600",,dormant,none,False,0.0,0.0,0.0,,,0.0,,,unknown
500230205,LINEAR BALL GUIDING STAINLESS STEEL,Module-Epoxy,GROHMANN MTS-605;Grohmann MTS-600;Grohamnn MTS-605,,dormant,none,False,0.0,0.0,0.0,,,0.0,,,unknown
500230210,BATTERY FOR METROLOGY CARRIER,Module-Epoxy,Grohmann MTS-600;Grohmann Vertical oven;GROHMANN MTS-605,,dormant,none,False,0.0,0.0,0.0,,,0.0,,,unknown
500230965,THERMOPLASTIC CONNECTOR 2 POSITION,Module-TCB,"Delta JLP, JTP",,dormant,none,False,0.0,0.0,0.0,,,0.0,,,unknown
500230967,AL SENSOR BRACKET 1.02MM NON ELEC,"Module-TCB,Module-Test","Delta JLP, JTP;Delta CTH-Pyramid 2008",D,dormant,none,False,0.0,0.0,0.0,,,0.0,,,unknown
500230968,ALUMINUM SENSOR BRACKET 1.02 THICK,Module-TCB,"Delta JLP, JTP",,dormant,none,False,0.0,0.0,0.0,,,0.0,,,unknown
500230969,"ALUMINUM SENSOR BRACKET 1.02 THICK, JLP",Module-TCB,"Delta JLP, JTP",,dormant,none,False,0.0,0.0,0.0,,,0.0,,,unknown
500230970,2MM INDUCTIVE SENSOR ASSY 10-30VDC,Module-TCB,"Delta JLP, JTP",,dormant,none,False,0.0,0.0,0.0,,,0.0,,,unknown
500230972,INDUCTIVE YELLOW SENSOR ASSY 10-30VDC,"Module-DP,Module-TCB","Delta JLP, JTP;SIMPLIMATIC,LOAD/UNLOAD;Generic",L,dying,dying,False,0.0027397260273972603,0.0,0.0027397260273972603,0.0,0.0,4.000000000000001,,,unknown
500230974,MAGNETIC SWITCH SENSOR ASSY 4.5-28VDC,Module-TCB,"Delta JLP, JTP",D,dormant,none,False,0.0,0.0,0.0,,,0.0,,,unknown
500230976,"SENSOR ASSY,PM-R24, TRAY GUIDE",Module-TCB,"Delta JLP, JTP",D,dormant,none,False,0.0,0.0,0.0,,,0.0,,,unknown
500231923,MALE CONNECTOR,Module-TCB,"ASM-Pacific,Phoenix",,dormant,none,False,0.0,0.0,0.0,,,0.0,0.0,-2.0,decreasing
500233452,"SINGLE,AUTO,COMPENSATION,PLATE,GLASS,SPP","Module-Epoxy,Module-MHS","Grohmann,MFM-220;Grohmann, MFM-220.2;Grohamnn MTS-605;Grohmann MTS-600",,dormant,none,False,0.0,0.0,0.0,,,0.0,,,unknown
500233453,"SEISMIC,BRACKET,MFM-220.2","Module-Epoxy,Module-MHS","Grohmann, MFM-220.2;Grohmann MTS-600;Grohamnn MTS-605;Grohmann,MFM-220",,dormant,none,False,0.0,0.0,0.0,,,0.0,,,unknown
500233454,"STEPPER,MOTOR,ASSEMBLY,CONVEYOR,SPP","Module-Epoxy,Module-MHS","Grohmann,MFM-220;Grohmann, MFM-220.2;Grohmann MTS-600;Grohamnn MTS-605",L,active,constant,True,0.005479452054794521,0.022222222222222223,0.005479452054794521,4.055555555555555,1.0,3.29655492282718,,,unknown
500233455,"EDGE,PROTECTION,MONITOR,HOLDER,SPP","Module-Epoxy,Module-MHS","Grohamnn MTS-605;Grohmann MTS-600;Grohmann, MFM-220.2;Grohmann,MFM-220",,dormant,none,False,0.0,0.0,0.0,,,0.0,,,unknown
500233456,RUBBER BUFFER FOR MONITOR HOLDER,"Module-Epoxy,Module-MHS","Grohmann,MFM-220;Grohmann MTS-600;Grohamnn MTS-605;Grohmann, MFM-220.2",,dormant,none,False,0.0,0.0,0.0,,,0.0,,,unknown
500233565,"2ND,GENERATION,UP,LOOKING,CAMERA,AXIS","Module-CAM,Module-Epoxy,Module-MHS","Grohmann,MFM-200;Grohmann,MFM-220;Grohmann MTS-600;Grohamnn MTS-605;Grohmann, MFM-220.2",,dormant,none,False,0.0,0.0,0.0,,,0.0,,,unknown
500234199,EFD END CAPS 6OZ,"Module-DP,Module-Epoxy",Generic;Asymtek S922,L,dying,dying,False,0.021917808219178082,0.0,0.021917808219178082,0.0,0.0,0.7443838409114281,0.38095238095238093,-13.0,decreasing
500234200,"TORQUE WRENCH,18IN-LBS,5/8""",Module-Epoxy,Asymtek S922,,dormant,none,False,0.0,0.0,0.0,,,0.0,,,unknown
500234316,PVC POWER CABLE W CONN 1MM 24V,Module-TCB,"Delta JLP, JTP",,dormant,none,False,0.0,0.0,0.0,,,0.0,,,unknown
500234529,"SAFETY HEPA FILTER, AU-42",Module-Epoxy,Fume Hood,,dormant,none,False,0.0,0.0,0.0,,,0.0,,,unknown
500234539,CONVEYOR MOTOR POWER CABLE,"Module-Epoxy,Module-IHS,Module-TCB",Asymtek S932;Asymtek S922;Asymtek S902;Asymtek S912,,dormant,none,False,0.0,0.0,0.0,,,0.0,,,unknown
500234540,"CABLE,CONVEYOR MOTOR, REAR/WIDTH","Module-Epoxy,Module-TCB",Asymtek S922;Asymtek S932;Asymtek S902,,dormant,none,False,0.0,0.0,0.0,,,0.0,,,unknown
500235202,SS SOCKET HEAD SCREW M5-0.8 X 16MM,"Module-TCB,Module-Test","Delta CTH-Pyramid 2008;Delta JLP, JTP",,dormant,none,False,0.0,0.0,0.0,,,0.0,,,unknown
500236307,WIRETEK USB TO PS2 CONVERTER,"Module-DxA,Module-Epoxy,Module-TCB",Asymtek S922;Asymtek S2-912;Asymtek S932,D,dormant,none,False,0.0,0.0,-0.010958904109589041,,,0.0,,,unknown
500236579,"(IES) CDS, SEAL A FOR EXT. DUCT",Module-TCB,"ASM-Pacific,Phoenix",,dormant,none,False,0.0,0.0,0.0,,,0.0,,,unknown
500236580,"(IES) CDS, IO SEAL",Module-TCB,"ASM-Pacific,Phoenix",,dormant,none,False,0.0,0.0,0.0,,,0.0,,,unknown
500236581,"(IES) CDS, SEAL C FOR EXT. DUCT",Module-TCB,"ASM-Pacific,Phoenix",,dormant,none,False,0.0,0.0,0.0,,,0.0,,,unknown
500236582,"(IES) EXH, WINDOW SEAL FOR CDS-G2",Module-TCB,"ASM-Pacific,Phoenix",,dormant,none,False,0.0,0.0,0.0,,,0.0,,,unknown
500236583,(IES) CDS SEAL FOR FRONT COVER,Module-TCB,"ASM-Pacific,Phoenix",,dormant,none,False,0.0,0.0,0.0,,,0.0,,,unknown
500236584,FLUX CDS GROMMET (SEAL A/B),Module-TCB,"ASM-Pacific,Phoenix",,dormant,none,False,0.0,0.0,0.0,,,0.0,,,unknown
500236724,1 WIRELESS THERMAL METROLOGY CARRIER,Module-Epoxy,Grohamnn MTS-605;Grohmann MTS-600;GROHMANN MTS-605,D,dormant,none,False,0.0,0.0,0.0,,,0.0,,,unknown
500236750,"Heller Reflow Oven Lubrication Sys,IMR","Module-BA,Module-Epoxy",Heller 1800SS;Heller 1913 MK111;Heller 2017 MK III,D,dormant,none,False,0.0,0.0,0.0,,,0.0,,,unknown
500236918,PIN EXTRACTOR,"Module-DP,Module-TCB","Delta JLP, JTP;Generic;Asymtek S932",L,dying,dying,False,0.0027397260273972603,0.0,0.0027397260273972603,0.0,0.0,4.0,,,unknown
500236919,"SOLENOID,CO-AXIAL AIR JETTER","Module-DP,Module-TCB",Asymtek S932;Generic,H,active,constant,True,0.1643835616438356,0.13333333333333333,0.1643835616438356,0.8111111111111111,0.03333333333333333,0.08924422012954746,,,unknown
500236984,DOOR INTERLOCK JUMPER CABLE ASSEMBLY,Module-TCB,"Delta JLP, JTP",L,dying,dying,False,0.0,0.0,0.0,,,4.0,,,unknown
500237173,LED LIGHTING BOX ASSEMBLY,"Module-DxA,Module-Epoxy,Module-IHS",Asymtek S912;Asymtek S902;Asymtek S922;Asymtek S2-912,D,dormant,none,False,0.0,0.0,0.0,,,0.0,0.0,-1.0,decreasing
500237174,CARTRIDGE 6 OZ DV-7000,"Module-DP,Module-TCB",Generic;Asymtek S932,,dormant,none,False,0.0,0.0,0.0,,,0.0,,,unknown
500237175,"HELI-FLOW AUGER PUMP, NON-FLOAT","Module-DP,Module-TCB",Asymtek S932;Generic,,dormant,none,False,0.0,0.0,0.0,,,0.0,,,unknown
500237176,SPECTRUM SCALE CUP,"Module-DP,Module-DxA,Module-Epoxy,Module-IHS,Module-TCB",Asymtek S932;Asymtek S2-912;Asymtek S912;Generic;Asymtek S922,L,dying,dying,False,0.273972602739726,0.0,0.273972602739726,0.0,0.0,3.712835841305199,2.7027027027027026,63.0,increasing
500237264,"SMP,BLEND,LOCTITE 272","Module-Burn In,Module-DS,Module-DP,Module-HDMT,Module-HDMX TRB,Module-MHS,Module-TCB,Module-Test","Racal,LCBI;ASM-Pacific,Phoenix;Generic;Delta,Summit,ATC;HDMT LV x2;LKT,2000;HDMx_TRB_Generic",L,dying,dying,False,0.005479452054794521,0.0,0.005479452054794521,0.0,0.0,0.807098664250353,,,unknown
500237418,SMC BARB FITTING,Module-TCB,"ASM-Pacific,Phoenix",D,dormant,none,False,0.0,0.0,0.0,,,0.0,,,unknown
500237420,SILICONE SUCTION CUP 2.5MM,"Module-HDMX,Module-TCB","ASM-Pacific,Phoenix;HDMx x30;ASM-Pacific,Firebird;Delta JLP, JTP",M,active,constant,True,1.2602739726027397,1.7777777777777777,1.2602739726027397,1.4106280193236715,0.10869565217391304,0.07114485531020903,,,unknown
500237476,"RAIL,GUIDE,LU15 X 485,PAIR","Module-DP,Module-DxA,Module-Epoxy,Module-TCB","Asymtek S932;Asymtek S902;Generic;ASYMTEK,M-2000;Asymtek S922",,dormant,none,False,0.0,0.0,0.0,,,0.0,,,unknown
500238804,FLIP CHIP BOND HEAD NOZZLE 6MM.,"Module-Epoxy,Module-MHS","Grohmann MTS-600;Grohamnn MTS-605;Grohmann,MFM-220;Grohmann, MFM-220.2",,dormant,none,False,0.0,0.0,0.0,,,0.0,,,unknown
500238806,LEVEL SENSOR POSITION MAGNET,"Module-DP,Module-Epoxy,Module-IHS,Module-TCB",Asymtek S912;Asymtek S922;Asymtek S932;Generic,D,dormant,none,False,0.0,0.0,0.0,,,0.0,,,unknown
500238807,LIQUID LEVEL SENSOR ASSEMBLY,"Module-DP,Module-Epoxy,Module-IHS,Module-TCB",Asymtek S922;Generic;Asymtek S932;Asymtek S912,D,dormant,none,False,0.0,0.0,0.0,,,0.0,,,unknown
500239202,CABLE TO I/O TERMINAL BLOCK,"Module-CAM,Module-DP,Module-Epoxy","Grohamnn MTS-605;Generic;GROHMANN MTS-605;Grohmann,MFM-200;Grohmann MTS-600",D,dormant,none,False,0.0,0.0,0.0,,,0.0,,,unknown
500240040,DATA CABLE DJ-9K 28 PIN,"Module-DP,Module-Epoxy,Module-IHS,Module-TCB",Asymtek S912;Generic;Asymtek S922;Asymtek S932,D,dormant,none,False,0.0,0.0,0.0,,,0.0,,,unknown
500240041,DATA CABLE ADAPTER DJ-28 PIN TO 7 PIN,Module-Epoxy,Asymtek S922;GENERIC,,dormant,none,False,0.0,0.0,0.0,,,0.0,,,unknown
500240084,ESIO3,"Module-BA,Module-DP,Module-TCB","ASM-Pacific,Phoenix;ASM-Pacific, Falcon;Generic;ASM Pacific,BP3000",D,dormant,none,False,0.0,0.0,0.0,,,0.0,,,unknown
500240095,SMPS-19 SWITCH MODE POWER SUPPLY ASSY,"Module-BA,Module-TCB","ASM-Pacific, Falcon;ASM-Pacific,Phoenix",L,dying,dying,False,0.0027397260273972603,0.0,0.0027397260273972603,0.0,0.0,4.0,,,unknown
500240135,COMP AIR CAP CRVZS-0.75,"Module-BA,Module-TCB","ASM-Pacific,Phoenix;ASM-Pacific, Falcon",,dormant,none,False,0.0,0.0,0.0,,,0.0,,,unknown
500240189,"FILTER,99.99%,0.3UM,570X570X69MM","Module-BA,Module-TCB","ASM-Pacific,Phoenix;ASM-Pacific, Falcon",D,dormant,none,False,0.0,0.0,0.0,,,0.0,,,unknown
500240191,VAC. PUMP FILTER (NPK 0100),"Module-BA,Module-TCB","ASM-Pacific,Phoenix;ASM-Pacific, Falcon",,dormant,none,False,0.0,0.0,0.0,,,0.0,,,unknown
500240284,RELAY MOUNTING PTF08A,"Module-BA,Module-TCB","ASM-Pacific, Falcon;ASM-Pacific,Phoenix",,dormant,none,False,0.0,0.0,0.0,,,0.0,,,unknown
500240364,X LIMIT SENSOR,"Module-BA,Module-TCB","ASM-Pacific,Phoenix;ASM-Pacific, Falcon",,dormant,none,False,0.0,0.0,0.0,,,0.0,,,unknown
500240430,"SPRING,GAS,A4A4H52-115-347?0XX,700","Module-BA,Module-DP,Module-TCB","ASM-Pacific, Falcon;ASM-Pacific,Phoenix;Generic",L,active,constant,True,0.0027397260273972603,0.011111111111111112,0.0027397260273972603,4.055555555555555,0.0,3.9999999999999996,,,unknown
500240440,SAFETY DOOR SWITCH D4DL-1AFG-B,"Module-BA,Module-DP,Module-IHS,Module-TCB","ASM-Pacific, Falcon;ASM,TCB,Y-SHUTTLE;Besi DLA/DSA",D,dormant,none,False,0.0,0.0,0.0,,,0.0,,,unknown
500240825,FUSE TR5 T 5A 250V,Module-TCB,"ASM-Pacific,Firebird;ASM-Pacific,Phoenix",,dormant,none,False,0.0,0.0,0.0,,,0.0,,,unknown
500240827,FUSE 10A 250V SLO-BLO             [44B4],Module-TCB,"ASM-Pacific,Phoenix;ASM-Pacific,Firebird",D,dormant,none,False,0.0,0.0,0.0,,,0.0,,,unknown
500241348,"TEFLON COATED S/S BUSHING, 12X1.8X47",Module-TCB,"Delta JLP, JTP",,dormant,none,False,0.0,0.0,0.0,,,0.0,,,unknown
500242839,"BRACKET,SCREW,SET",Module-Epoxy,Asymtek S922,,dormant,none,False,0.0,0.0,0.0,,,0.0,,,unknown
500243010,DV-8000C BUSHING,"Module-Epoxy,Module-TCB","Asymtek S932;NordsonAsymtek,Vantage",,dormant,none,False,0.0,0.0,0.0,,,0.0,,,unknown
500243011,"ADAPTER, SUBREX LUER, DV-8000",Module-TCB,Asymtek S932,,dormant,none,False,0.0,0.0,0.0,,,0.0,,,unknown
500243012,CARTRIDGE SCREW SET X321-CL8 DV-8000,Module-TCB,Asymtek S932,,dormant,none,False,0.0,0.0,0.0,,,0.0,,,unknown
500244823,GAS SPRING D3D3-52-165-407/170N,Module-TCB,"ASM-Pacific,Phoenix",,dormant,none,False,0.0,0.0,0.0,,,0.0,,,unknown
500244824,GAS SPRING J4J4-50-150-398-350N,Module-TCB,"ASM-Pacific,Phoenix",,dormant,none,False,0.0,0.0,0.0,,,0.0,,,unknown
500245046,DJ-2200 FLUX NOZZLE 30GA,"Module-DP,Module-Epoxy,Module-TCB",Asymtek S932;Generic;Asymtek S922,,dormant,none,False,0.0,0.0,0.0,,,0.0,,,unknown
500245048,"TCB NOZZLE BDX EP HCC U1, 1826X2553, CVD",Module-TCB,"ASM-Pacific,Phoenix",,dormant,none,False,0.0,0.0,0.0,,,0.0,,,unknown
500245049,SPECTRUM PURGE CUP COVER,Module-Epoxy,Asymtek S922,,dormant,none,False,0.0,0.0,0.0,,,0.0,,,unknown
500245550,"BULKHEAD ADAPTER 1"" NPT","Module-BA,Module-Epoxy",Heller 1800SS;Heller 2017 MK III;Heller FAR;Heller HRF,,dormant,none,False,0.0,0.0,0.0,,,0.0,,,unknown
500245614,STOPPER PIN,"Module-Epoxy,Module-TCB",Asymtek S922;Asymtek S902;Asymtek S932,D,dormant,none,False,0.0,0.0,0.0,,,0.0,,,unknown
500245860,"EtherCat Terminal Analog Input, 0V to 10","Module-DS,Module-IHS,Module-Epoxy,Module-Finish",PMM-T;Tesla PMM;PMM-L;PMM-R;GROHMANN MTS-605;Grohmann MTS-600,,dormant,none,False,0.0,0.0,0.0,,,0.0,,,unknown
500246016,"REEL, BASE MOUNTED",Module-TCB,"Delta JLP, JTP",D,dormant,none,False,0.0,0.0,0.0,,,0.0,,,unknown
500246017,CB 2 POLE 30A K CRV UL489,Module-TCB,"Delta JLP, JTP",,dormant,none,False,0.0,0.0,0.0,,,0.0,,,unknown
500246018,"COUPLER MODULE,RELAY",Module-TCB,"Delta JLP, JTP",,dormant,none,False,0.0,0.0,0.0,,,0.0,,,unknown
500246019,"CIRCUIT BREAKER,10A,250VDC,1P",Module-TCB,"Delta JLP, JTP",,dormant,none,False,0.0,0.0,0.0,,,0.0,,,unknown
500246020,"CIRCUIT BREAKER,32A,1POLE",Module-TCB,"Delta JLP, JTP",,dormant,none,False,0.0,0.0,0.0,,,0.0,,,unknown
500246021,SWITCH MOUNTING BAND ASSY 10MM BORE,Module-TCB,"Delta JLP, JTP",,dormant,none,False,0.0,0.0,0.0,,,0.0,,,unknown
500246022,SINGLE OUTPUT POWER SUPPLY 24V 2.5A 60W,Module-TCB,"Delta JLP, JTP",,dormant,none,False,0.0,0.0,0.0,,,0.0,,,unknown
500246023,SS AUTO SWITCH BAND MOUNTING BRACKET,Module-TCB,"Delta JLP, JTP",,dormant,none,False,0.0,0.0,0.0,,,0.0,,,unknown
500246024,SS RETAINING RING 7MM BORE,Module-TCB,"Delta JLP, JTP",D,dormant,none,False,0.0,0.0,0.0,,,0.0,,,unknown
500246025,URETHANE BUMPER 11MML 7MM OD 3MM ID,Module-TCB,"Delta JLP, JTP",,dormant,none,False,0.0,0.0,0.0,,,0.0,,,unknown
500246026,CAM FOLLOWER,Module-TCB,"Delta JLP, JTP",D,dormant,none,False,0.0,0.0,0.0,,,0.0,,,unknown
500246027,"TUBE,RIBBON,MULTICOLOR,2X4MMOD",Module-TCB,"Delta JLP, JTP",,dormant,none,False,0.0,0.0,0.0,,,0.0,,,unknown
500246028,"MAGNET,CODED MAGNET INTERLOCK",Module-TCB,"Delta JLP, JTP",,dormant,none,False,0.0,0.0,0.0,,,0.0,,,unknown
500246029,SS HEX LOCKNUT 3MM,"Module-DS,Module-DP,Module-TCB","Delta JLP, JTP;TCR2",,dormant,none,False,0.0,0.0,0.0,,,0.0,,,unknown
500246030,THRUST WASHER 4MM 11MM 0.5MM,Module-TCB,"Delta JLP, JTP",,dormant,none,False,0.0,0.0,0.0,,,0.0,,,unknown
500246031,3 PORT SOLENOID VALVE 24V 0.7MPA,Module-TCB,"Delta JLP, JTP",,dormant,none,False,0.0,0.0,0.0,,,0.0,,,unknown
500246032,STEEL PARALLEL KEYS 3X15MM,Module-TCB,"Delta JLP, JTP",,dormant,none,False,0.0,0.0,0.0,,,0.0,,,unknown
500246033,"LUBRICANT,LITHU BASE(MSDS REQ)",Module-TCB,"Delta JLP, JTP",D,dormant,none,False,0.0,0.0,0.0,,,0.0,,,unknown
500246035,STEEL SHAFT SUPPORT UNIT 8MM DIA,Module-TCB,"Delta JLP, JTP",L,dying,dying,False,0.0,0.0,0.0,,,4.0,,,unknown
500246036,"BELT, TIMING 159MM X 9MM 3MM",Module-TCB,"Delta JLP, JTP",M,active,constant,True,0.0027397260273972603,0.011111111111111112,0.0027397260273972603,4.055555555555555,0.0,1.5472249051009634,,,unknown
500246037,NEOPRANE TIMING BELT 3MM GT2 537MM L,Module-TCB,"Delta JLP, JTP",,dormant,none,False,0.0,0.0,0.0,,,0.0,,,unknown
500246038,"BEARING,.7500 BORE,1.6250OD",Module-TCB,"Delta JLP, JTP",D,dormant,none,False,0.0,0.0,0.0,,,0.0,,,unknown
500246039,IGLIDUR SLEEVE BEARING 5MMID 7MMOD 5MML,Module-TCB,"Delta JLP, JTP",D,dormant,none,False,0.0,0.0,0.0,,,0.0,,,unknown
500246040,"SLEEVE BEARING,5MM ID,15MM L",Module-TCB,"Delta JLP, JTP",D,dormant,none,False,0.0,0.0,0.0,,,0.0,,,unknown
500246041,ALUMINUM PULLEY TIMING BELT 3MM GT2,Module-TCB,"Delta JLP, JTP",D,dormant,none,False,0.0,0.0,0.0,,,0.0,,,unknown
500246043,"FLANGE BUSHING,6MM",Module-TCB,"Delta JLP, JTP",D,dormant,none,False,0.0,0.0,0.0,,,0.0,,,unknown
500246044,NICKEL PLATED SOCKET 14-20AWG WIRE,Module-TCB,"Delta JLP, JTP",,dormant,none,False,0.0,0.0,0.0,,,0.0,,,unknown
500246045,"CYLINDER, CJ2 ROUND BODY",Module-TCB,"Delta JLP, JTP",,dormant,none,False,0.0,0.0,0.0,,,0.0,,,unknown
500246046,"GASKET, EMI",Module-TCB,"Delta JLP, JTP",,dormant,none,False,0.0,0.0,0.0,,,0.0,,,unknown
500246047,"MUSIC WIRE HELICAL SPRING 0.156""",Module-TCB,"Delta JLP, JTP",,dormant,none,False,0.0,0.0,0.0,,,0.0,,,unknown
500246048,"MUSIC WIRE HELICAL SPRING 0.437""",Module-TCB,"Delta JLP, JTP",,dormant,none,False,0.0,0.0,0.0,,,0.0,,,unknown
500246049,BRASS M5 MALE TO FEMALE THREAD ORIFICE,Module-TCB,"Delta JLP, JTP",,dormant,none,False,0.0,0.0,0.0,,,0.0,,,unknown
500246050,"NITRILE ROD SEAL 3/16"" ID NON-ELEC",Module-TCB,"Delta JLP, JTP",D,dormant,none,False,0.0,0.0,0.0,,,0.0,,,unknown
500246051,AL TIMING BELT PULLEY 3MM PITCH GT2,Module-TCB,"Delta JLP, JTP",L,dying,dying,False,0.0,0.0,0.0,,,4.0,,,unknown
500246052,"CABLE ASSY, 30CKT, 2 ROW JST",Module-TCB,"Delta JLP, JTP",,dormant,none,False,0.0,0.0,0.0,,,0.0,,,unknown
500246054,AC/DC POWER SOURCE MODULE ASSEMBLY,Module-TCB,"Delta JLP, JTP",D,dormant,none,False,0.0,0.0,0.0,,,0.0,,,unknown
500246055,PHOTOELECTRIC SENSOR ASSY 10-30VDC 20MA,Module-TCB,"Delta JLP, JTP",,dormant,none,False,0.0,0.0,0.0,,,0.0,,,unknown
500246056,PLASTIC STOP PIN M4X0.7MM,Module-TCB,"Delta JLP, JTP",D,dormant,none,False,0.0,0.0,0.0,,,0.0,,,unknown
500246057,3 PORT NC VALVE ASSY NON-ELEC,Module-TCB,"Delta JLP, JTP",,dormant,none,False,0.0,0.0,0.0,,,0.0,,,unknown
500246058,POLYETHYLENE CART BUMPER 12MM THICK,Module-TCB,"Delta JLP, JTP",,dormant,none,False,0.0,0.0,0.0,,,0.0,,,unknown
500246059,DELRIN AF WEAR PLATE 12.5MM X 25MM,Module-TCB,"Delta JLP, JTP",,dormant,none,False,0.0,0.0,0.0,,,0.0,,,unknown
500246061,AL TIMING PULLEY 36TOOTH 3MM GT2,Module-TCB,"Delta JLP, JTP",,dormant,none,False,0.0,0.0,0.0,,,0.0,,,unknown
500246062,ALUMINUM LONG RAIL 176MM LENGTH,Module-TCB,"Delta JLP, JTP",,dormant,none,False,0.0,0.0,0.0,,,0.0,,,unknown
500246063,ALUMINUM SHORT RAIL 154MM LENGTH,Module-TCB,"Delta JLP, JTP",,dormant,none,False,0.0,0.0,0.0,,,0.0,,,unknown
500246064,"FINGER, TXP, JLP",Module-TCB,"Delta JLP, JTP",D,dormant,none,False,0.0,0.0,0.0,,,0.0,,,unknown
500246065,SS TRAY TRANSPORT FINGER TOOL 28MM L,Module-TCB,"Delta JLP, JTP",,dormant,none,False,0.0,0.0,0.0,,,0.0,,,unknown
500246067,ALUMINUM SHORT RAIL 154MM LENGTH MIRROR,Module-TCB,"Delta JLP, JTP",,dormant,none,False,0.0,0.0,0.0,,,0.0,,,unknown
500246068,PVC POWER CABLE W CONN 8.3MM 24V,Module-TCB,"Delta JLP, JTP",L,dying,dying,False,0.0,0.0,0.0,,,4.0,,,unknown
500246069,PVC INTERLOCK CABLE ASSEMBLY 24AWG,Module-TCB,"Delta JLP, JTP",,dormant,none,False,0.0,0.0,0.0,,,0.0,,,unknown
500246071,TPU CAN TRUNK CABLE ASSEMBLY 60V 4A,Module-TCB,"Delta JLP, JTP",,dormant,none,False,0.0,0.0,0.0,,,0.0,,,unknown
500246072,HPF ECHAIN CABLE ASSEMBLY 150-600VDC,Module-TCB,"Delta JLP, JTP",,dormant,none,False,0.0,0.0,0.0,,,0.0,,,unknown
500246073,PVC CAN CABLE ASSEMBLY 4A 250V,Module-TCB,"Delta JLP, JTP",,dormant,none,False,0.0,0.0,0.0,,,0.0,,,unknown
500246074,PVC CAT 5 CAN CABLE ASSEMBLY 26AWG,Module-TCB,"Delta JLP, JTP",,dormant,none,False,0.0,0.0,0.0,,,0.0,,,unknown
500246075,TFE DC POWER CABLE ASSEMBLY 18AWG,Module-TCB,"Delta JLP, JTP",,dormant,none,False,0.0,0.0,0.0,,,0.0,,,unknown
500246076,TPU CAN BUS CABLE ASSEMBLY 24AWG 30V,Module-TCB,"Delta JLP, JTP",D,dormant,none,False,0.0,0.0,0.0,,,0.0,,,unknown
500246077,TPU CAN BUS CABLE ASSEMBLY 24AWG 30V,Module-TCB,"Delta JLP, JTP",,dormant,none,False,0.0,0.0,0.0,,,0.0,,,unknown
500246078,PVC HIGH FLEX RIBBON CABLE ASSY 28AWG,Module-TCB,"Delta JLP, JTP",,dormant,none,False,0.0,0.0,0.0,,,0.0,,,unknown
500246079,CABLE ASSY RIBBON20 JLP2,Module-TCB,"Delta JLP, JTP",,dormant,none,False,0.0,0.0,0.0,,,0.0,,,unknown
500246080,PVC VALVE EXTENSION CABLE ASSY 24V,Module-TCB,"Delta JLP, JTP",,dormant,none,False,0.0,0.0,0.0,,,0.0,,,unknown
500246081,PTFE DETECTION CABLE ASSEMBLY 600V MAX,Module-TCB,"Delta JLP, JTP",,dormant,none,False,0.0,0.0,0.0,,,0.0,,,unknown
500246082,PCA DIGITAL INPUT/OUTPUT ASSEMBLY 24V,Module-TCB,"Delta JLP, JTP",D,dormant,none,False,0.0,0.0,0.0,,,0.0,,,unknown
500246083,PHOTOELECTRIC SENSOR ASSY 640NM 10-30V,Module-TCB,"Delta JLP, JTP",D,dying,dying,False,0.005479452054794521,0.0,0.005479452054794521,0.0,0.0,4.000000000000001,,,unknown
500246084,PHOTOELECTRIC SENSOR ASSY 10-30VDC 20MA,Module-TCB,"Delta JLP, JTP",D,dying,dying,False,0.005479452054794521,0.0,0.005479452054794521,0.0,0.0,4.000000000000001,,,unknown
500246085,"MOTOR ASSY,TONS402 TO ACJ,JLP","Module-TCB,Module-Test","Delta CTH-Pyramid 2008;Delta JLP, JTP",L,active,constant,True,0.0027397260273972603,0.011111111111111112,0.0027397260273972603,4.055555555555555,1.0,2.7851548593805626,,,unknown
500246086,"MOTOR ASSY,TBNS604 TO ACJ,JLP2",Module-TCB,"Delta JLP, JTP",L,dying,dying,False,0.0,0.0,0.0,,,4.0,,,unknown
500246087,"MOTOR ASSY,TBNS604 TO ACJ,JLP2",Module-TCB,"Delta JLP, JTP",,dormant,none,False,0.0,0.0,0.0,,,0.0,,,unknown
500246088,AL SERVO MOTOR ASSEMBLY 75VDC 600W,Module-TCB,"Delta JLP, JTP",,dormant,none,False,0.0,0.0,0.0,,,0.0,,,unknown
500246089,PHOTOELECTRIC SENSOR ASSY 5-24VDC 15MA,Module-TCB,"Delta JLP, JTP",D,dormant,none,False,0.0,0.0,0.0,,,0.0,,,unknown
500246090,PHOTOELECTRIC SENSOR ASSY 5-24VDC 15MA,Module-TCB,"Delta JLP, JTP",D,dormant,none,False,0.0,0.0,0.0,,,0.0,,,unknown
500246091,PHOTOELECTRIC SENSOR ASSY 640NM 10-30V,Module-TCB,"Delta JLP, JTP",L,dying,dying,False,0.005479452054794521,0.0,0.005479452054794521,0.0,0.0,4.0,,,unknown
500246092,PHOTOELECTRIC SENSOR ASSY 640NM 30VDC,Module-TCB,"Delta JLP, JTP",D,dormant,none,False,0.0,0.0,0.0,,,0.0,,,unknown
500246093,"SENSOR ASSY,PM-F24, TRAY GUIDE",Module-TCB,"Delta JLP, JTP",,dormant,none,False,0.0,0.0,0.0,,,0.0,,,unknown
500246094,PHOTOELECTRIC SENSOR ASSY 5-24VDC 15MA,Module-TCB,"Delta JLP, JTP",D,dormant,none,False,0.0,0.0,0.0,,,0.0,,,unknown
500246095,PHOTOELECTRIC SENSOR ASSY 5-24VDC 15MA,Module-TCB,"Delta JLP, JTP",D,dormant,none,False,0.0,0.0,0.0,,,0.0,,,unknown
500246096,PBT PRESSURE SENSOR ASSEMBLY 10-24V,Module-TCB,"Delta JLP, JTP",,dormant,none,False,0.0,0.0,0.0,,,0.0,,,unknown
500246097,"LOCK ASSY,DOOR INRLK JLP2",Module-TCB,"Delta JLP, JTP",,dormant,none,False,0.0,0.0,0.0,,,0.0,,,unknown
500246098,SS IDLER PULLEY ASSEMBLY,Module-TCB,"Delta JLP, JTP",,dormant,none,False,0.0,0.0,0.0,,,0.0,,,unknown
500246099,"SHAFT, FLIPPER PISTION",Module-TCB,"Delta JLP, JTP",D,dormant,none,False,0.0,0.0,0.0,,,0.0,,,unknown
500246100,ALUM K100 RING FLIP TRAY ASSY,Module-TCB,"Delta JLP, JTP",,dormant,none,False,0.0,0.0,0.0,,,0.0,,,unknown
500246101,ALUMINUM PULLEY 80 TEETH 75.6MM OD,Module-TCB,"Delta JLP, JTP",,dormant,none,False,0.0,0.0,0.0,,,0.0,,,unknown
500246102,ACTUATOR JIG 12MM THK NON-ELEC,Module-TCB,"Delta JLP, JTP",,dormant,none,False,0.0,0.0,0.0,,,0.0,,,unknown
500246103,ALUMINUM SENSOR BRACKET 4.35MM THICK,Module-TCB,"Delta JLP, JTP",,dormant,none,False,0.0,0.0,0.0,,,0.0,,,unknown
500246104,FLIPPER END BRACKET ASSY LEFT/RIGHT,Module-TCB,"Delta JLP, JTP",,dormant,none,False,0.0,0.0,0.0,,,0.0,,,unknown
500246105,CRS SENSOR BRACKET NON ELEC,Module-TCB,"Delta JLP, JTP",,dormant,none,False,0.0,0.0,0.0,,,0.0,,,unknown
500246106,FLIPPER SIDE CLAMP ASSY,Module-TCB,"Delta JLP, JTP",,dormant,none,False,0.0,0.0,0.0,,,0.0,,,unknown
500246107,"BRKT,SENSOR,PLATTEN TRAY",Module-TCB,"Delta JLP, JTP",,dormant,none,False,0.0,0.0,0.0,,,0.0,,,unknown
500246108,AL SERVO MOTOR ASSEMBLY 75VDC 120W,Module-TCB,"Delta JLP, JTP",,dormant,none,False,0.0,0.0,0.0,,,0.0,,,unknown
500246109,BR BLACK OXIDE TIP SET SCREW M4 X 0.7MM,Module-TCB,"Delta JLP, JTP",,dormant,none,False,0.0,0.0,0.0,,,0.0,,,unknown
500246110,"CONTACT,PIN,18-14AWG",Module-TCB,"Delta JLP, JTP",,dormant,none,False,0.0,0.0,0.0,,,0.0,,,unknown
500246111,STEEL LOCKNUT W NYLON INSERT 4MM,Module-TCB,"Delta JLP, JTP",D,dormant,none,False,0.0,0.0,0.0,,,0.0,,,unknown
500246112,PBT CAST MALE CONNECTOR M5X0.8MM,Module-TCB,"Delta JLP, JTP",,dormant,none,False,0.0,0.0,0.0,,,0.0,,,unknown
500247508,PHOTOELECTRIC SENSOR ASSY 5-24VDC 15MA,Module-TCB,"Delta JLP, JTP",,dormant,none,False,0.0,0.0,0.0,,,0.0,,,unknown
500247509,PHOTOELECTRIC SENSOR ASSY 5-24VDC 15MA,Module-TCB,"Delta JLP, JTP",,dormant,none,False,0.0,0.0,0.0,,,0.0,,,unknown
500247510,PHOTOELECTRIC SENSOR ASSY 5-24VDC 15MA,Module-TCB,"Delta JLP, JTP",L,active,constant,True,0.005479452054794521,0.022222222222222223,0.005479452054794521,4.055555555555555,1.0,3.9999999999999996,,,unknown
500247511,PHOTOELECTRIC SENSOR ASSY 5-24VDC 15MA,Module-TCB,"Delta JLP, JTP",D,dormant,none,False,0.0,0.0,0.0,,,0.0,,,unknown
500247512,PHOTOELECTRIC SENSOR ASSY 5-24VDC 15MA,Module-TCB,"Delta JLP, JTP",,dormant,none,False,0.0,0.0,0.0,,,0.0,,,unknown
500247513,PHOTOELECTRIC SENSOR ASSY 10-30VDC 20MA,Module-TCB,"Delta JLP, JTP",L,active,constant,True,0.00821917808219178,0.011111111111111112,0.00821917808219178,1.351851851851852,0.0,0.5396182289503383,,,unknown
500247514,PHOTOELECTRIC SENSOR ASSY 5-24VDC 15MA,Module-TCB,"Delta JLP, JTP",,dormant,none,False,0.0,0.0,0.0,,,0.0,,,unknown
500247515,PVC SENSOR CABLE W CONN 4.8MM 24V,Module-TCB,"Delta JLP, JTP",,dormant,none,False,0.0,0.0,0.0,,,0.0,,,unknown
500247516,PHOTOELECTRIC SENSOR ASSY 10-30VDC 20MA,Module-TCB,"Delta JLP, JTP",,dormant,none,False,0.0,0.0,0.0,,,0.0,,,unknown
500247517,PHOTOELECTRIC SENSOR ASSY 10-30VDC 20MA,Module-TCB,"Delta JLP, JTP",,dormant,none,False,0.0,0.0,0.0,,,0.0,,,unknown
500247518,PHOTOELECTRIC SENSOR ASSY 10-30VDC 20MA,Module-TCB,"Delta JLP, JTP",D,dormant,none,False,0.0,0.0,0.0,,,0.0,,,unknown
500247519,PVC SENSOR CABLE W CONN 4.8MM 30V,Module-TCB,"Delta JLP, JTP",L,active,constant,True,0.0027397260273972603,0.011111111111111112,0.0027397260273972603,4.055555555555555,0.0,3.9999999999999996,,,unknown
500247520,PHOTOELECTRIC SENSOR ASSY 10-30VDC 20MA,"Module-DP,Module-TCB","Generic;Delta JLP, JTP",D,dormant,none,False,0.0,0.0,0.0,,,0.0,,,unknown
500247521,PHOTOELECTRIC SENSOR ASSY 10-30VDC 20MA,Module-TCB,"Delta JLP, JTP",,dormant,none,False,0.0,0.0,0.0,,,0.0,,,unknown
500247522,PHOTOELECTRIC SENSOR ASSY 10-30VDC 20MA,Module-TCB,"Delta JLP, JTP",,dormant,none,False,0.0,0.0,0.0,,,0.0,,,unknown
500247523,MAGNETIC SWITCH SENSOR ASSY 4.5-28VDC,Module-TCB,"Delta JLP, JTP",,dormant,none,False,0.0,0.0,0.0,,,0.0,,,unknown
500247524,MAGNETIC SWITCH SENSOR ASSY 4.5-28VDC,Module-TCB,"Delta JLP, JTP",,dormant,none,False,0.0,0.0,0.0,,,0.0,,,unknown
500247525,MAGNETIC SWITCH SENSOR ASSY 4.5-28VDC,Module-TCB,"Delta JLP, JTP",,dormant,none,False,0.0,0.0,0.0,,,0.0,,,unknown
500247526,MAGNETIC SWITCH SENSOR ASSY 4.5-28VDC,Module-TCB,"Delta JLP, JTP",,dormant,none,False,0.0,0.0,0.0,,,0.0,,,unknown
500247527,PHOTOELECTRIC SENSOR ASSY 10-30VDC 20MA,Module-TCB,"Delta JLP, JTP",L,dying,dying,False,0.0,0.0,0.0,,,4.0,,,unknown
500247529,PHOTOELECTRIC SENSOR ASSY 10-30VDC 20MA,Module-TCB,"Delta JLP, JTP",D,dormant,none,False,0.0,0.0,0.0,,,0.0,,,unknown
500247530,PHOTOELECTRIC SENSOR ASSY 10-30VDC 20MA,Module-TCB,"Delta JLP, JTP",D,dormant,none,False,0.0,0.0,0.0,,,0.0,,,unknown
500247531,PHOTOELECTRIC SENSOR ASSY 10-30VDC 20MA,Module-TCB,"Delta JLP, JTP",,dormant,none,False,0.0,0.0,0.0,,,0.0,,,unknown
500247532,PHOTOELECTRIC SENSOR ASSY 10-30VDC 20MA,Module-TCB,"Delta JLP, JTP",L,dying,dying,False,0.0027397260273972603,0.0,0.0027397260273972603,0.0,0.0,4.0,,,unknown
500247533,SENSOR ASSY CART LIFT R/E,Module-TCB,"Delta JLP, JTP",,dormant,none,False,0.0,0.0,0.0,,,0.0,,,unknown
500247534,PHOTOELECTRIC SENSOR ASSY 5-24VDC 15MA,Module-TCB,"Delta JLP, JTP",,dormant,none,False,0.0,0.0,0.0,,,0.0,,,unknown
500247998,SMPS-11 SWITCH MODE POWER SUPPLY ASSY.,"Module-DP,Module-TCB","Generic;ASM-Pacific,Phoenix;Phoenix Xray,NUF",,dormant,none,False,0.0,0.0,0.0,,,0.0,,,unknown
500247999,N2 PURGE AND DIFFUSER SWITCHING SOLENOID,Module-TCB,"ASM-Pacific,Phoenix",D,dormant,none,False,0.0,0.0,0.0,,,0.0,,,unknown
500248000,2500VA  XFM BOX ASSY,Module-TCB,"ASM-Pacific,Phoenix",,dormant,none,False,0.0,0.0,0.0,,,0.0,,,unknown
500248042,MODULE INPUT ANALOG 8 PT,Module-Epoxy,"BLUEM,BI-32i",,dormant,none,False,0.0,0.0,0.0,,,0.0,,,unknown
500248043,FUSE 20A 600V GOULD ATDR20,Module-Epoxy,"BLUEM,BI-32i",L,dying,dying,False,0.005479452054794521,0.0,0.005479452054794521,0.0,0.0,4.000000000000001,,,unknown
500248044,MODULE PLC DC OUTPUT 8 POINT,Module-Epoxy,"BLUEM,BI-32i",,dormant,none,False,0.0,0.0,0.0,,,0.0,,,unknown
500248088,GASKET FOR DOOR FC-779-1-1,Module-TCB,"ASM,TCB,Y-SHUTTLE",D,dormant,none,False,0.0,0.0,0.0,,,0.0,,,unknown
500248089,EMO PB RED MUSHROOM (52-00082),Module-TCB,"ASM,TCB,Y-SHUTTLE",,dormant,none,False,0.0,0.0,0.0,,,0.0,,,unknown
500248090,PRECISION HEIGHT CONTROL VALVES W/ METER,Module-TCB,"ASM,TCB,Y-SHUTTLE",,dormant,none,False,0.0,0.0,0.0,,,0.0,,,unknown
500248091,KVM LAMP CABLE ASSY,Module-TCB,"ASM-Pacific,Phoenix;ASM,TCB,Y-SHUTTLE",,dormant,none,False,0.0,0.0,0.0,,,0.0,,,unknown
500248092,OT Y MOVING END COVER-03,Module-TCB,"ASM,TCB,Y-SHUTTLE",,dormant,none,False,0.0,0.0,0.0,,,0.0,,,unknown
500248591,"GASKET,35 SERIES MAC SOLENOID",Module-TCB,Asymtek S932,,dormant,none,False,0.0,0.0,0.0,,,0.0,,,unknown
500248756,VACUUM SEAL PRESSOR V2,Module-TCB,"ASM,TCB,Y-SHUTTLE",,dormant,none,False,0.0,0.0,0.0,,,0.0,,,unknown
500248757,NEW VACUUM SEAL (ID 4MM),Module-TCB,"ASM,TCB,Y-SHUTTLE",,dormant,none,False,0.0,0.0,0.0,,,0.0,,,unknown
500250013,TMS HTR DDPE 080D 080L MON,Module-TCB,"ASM-Pacific,Firebird",,dormant,none,False,0.0,0.0,0.0,,,0.0,,,unknown
500250325,DISPOSABLE IN-LINE AIR FILTER NON-ELEC,Module-TCB,"ASM-Pacific,Phoenix",D,dormant,none,False,0.0,0.0,0.0,,,0.0,,,unknown
500250389,SENSOR CABLE ADAPTER 6OZ,"Module-Epoxy,Module-TCB",Asymtek S922;Asymtek S932,D,dormant,none,False,0.0,0.0,0.0,,,0.0,,,unknown
500250390,LIGHT SOURCE EXTENSION POWER CABLE,"Module-Epoxy,Module-TCB",Asymtek S922;Asymtek S932,L,dying,dying,False,0.0027397260273972603,0.0,0.0027397260273972603,0.0,0.0,4.0,,,unknown
500250395,EPOXY SEAL FITTING WRENCH,Module-Epoxy,Asymtek S922,,dormant,none,False,0.0,0.0,0.0,,,0.0,,,unknown
500250632,CAH ND POWER CABLE2,"Module-DP,Module-TCB","TCB_Generic;ASM-Pacific,Phoenix;Generic",,dormant,none,False,0.0,0.0,0.0,,,0.0,,,unknown
500250633,"PWR&CTRL TO CAH SMPS, LT CABLE2","Module-DP,Module-TCB","Generic;ASM-Pacific,Phoenix;TCB_Generic",,dormant,none,False,0.0,0.0,0.0,,,0.0,,,unknown
500250634,SMPS#5 AC INPUT PWR CABLE ASSY,"Module-DP,Module-TCB","Generic;TCB_Generic;ASM-Pacific,Phoenix",,dormant,none,False,0.0,0.0,0.0,,,0.0,,,unknown
500250643,DFH 24V PWR&LT&TRI CABLE2,Module-TCB,"ASM-Pacific,Phoenix",D,dormant,none,False,0.0,0.0,0.0,,,0.0,,,unknown
500250705,"INERT,FRONT,DOOR,RIGHT",Module-TCB,"ASM-Pacific,Firebird;ASM-Pacific,Phoenix",D,dormant,none,False,0.0,0.0,0.0,,,0.0,,,unknown
500252737,AIR TUBE FOR SBT CYLINDER BLUE 1 METER,Module-Epoxy,Grohmann Vertical oven;Grohmann MTS-600;GROHMANN MTS-605,D,dormant,none,False,0.0,0.0,0.0,,,0.0,,,unknown
500252738,AIR TUBE FOR SBT CYLINDER BLACK 1 METER,Module-Epoxy,Grohmann Vertical oven;Grohmann MTS-600;Grohamnn MTS-605,D,dormant,none,False,0.0,0.0,0.0,,,0.0,,,unknown
500252739,Air tube connector,Module-Epoxy,GROHMANN MTS-605;Grohmann MTS-600;Grohmann Vertical oven,D,dormant,none,False,0.0,0.0,0.0,,,0.0,,,unknown
500252740,(1) set of (5) Filter for cabinet,Module-Epoxy,Grohmann MTS-600;Grohamnn MTS-605;Grohmann Vertical oven,,dormant,none,False,0.0,0.0,0.0,,,0.0,0.0,-3.0,decreasing
500252781,NOZZLE CVD 1647X0904-B-P-S-05,Module-TCB,"ASM-Pacific,Phoenix",,dormant,none,False,0.0,0.0,0.0,,,0.0,,,unknown
500252783,NOZZLE CVD 0373X1139-B-P-S-05,Module-TCB,"ASM-Pacific,Phoenix",,dormant,none,False,0.0,0.0,0.0,,,0.0,,,unknown
500253615,DATA CABLE INTERFACE TO MAIN,"Module-IHS,Module-TCB",Asymtek S912;Asymtek-Jabil RA4 ASF;Asymtek S932,D,dormant,none,False,0.0,0.0,0.0,,,0.0,,,unknown
500253619,"FRU, CABLE,6OZ FLUID SENSOR LEDS","Module-DP,Module-DxA,Module-Epoxy,Module-IHS,Module-TCB",Asymtek S912;Asymtek S922;Asymtek-Jabil RA4 ASF;Asymtek S932;Asymtek S2-912;Generic,M,active,constant,True,0.021917808219178082,0.07777777777777778,0.021917808219178082,3.548611111111111,0.75,2.2969393575535046,0.6666666666666667,-4.0,decreasing
500253621,GLASS SLIDE QUARTZ,"Module-DP,Module-Epoxy,Module-IHS",Generic;Asymtek S922;Asymtek-Jabil RA4 ASF;Asymtek S912,M,active,constant,True,0.00821917808219178,0.022222222222222223,0.00821917808219178,2.703703703703704,0.0,1.2053115721244347,,,unknown
500253629,SPECTRUM LED CONTROLLER PCA,"Module-Epoxy,Module-IHS",Asymtek S912;Asymtek S922,D,dormant,none,False,0.0,0.0,0.0,,,0.0,,,unknown
500253630,S2-9XX PRINTED WIRE ASSEMBLY,"Module-DP,Module-Epoxy,Module-IHS,Module-TCB",Asymtek S902;Asymtek S932;Generic;Asymtek S912;Asymtek S922,D,dormant,none,False,0.0,0.0,0.0,,,0.0,,,unknown
500253774,"CUP,SUCTION,STA,1.5MM,SMC","Module-DP,Module-TCB","Generic;ASM-Pacific,Firebird;TCB_Generic;ASM-Pacific,Phoenix",D,dormant,none,False,0.0,0.0,0.0,,,0.0,,,unknown
500255236,WD20 1X FOV3.8X2.8 TELE LENS (REAR),"Module-DP,Module-TCB","Generic;TCB_Generic;ASM-Pacific,Phoenix",D,dormant,none,False,0.0,0.0,0.0,,,0.0,,,unknown
500255237,SMPS 1KW UNIV>MOTOR POWER,"Module-DP,Module-TCB","ASM-Pacific,Firebird;Generic;ASM-Pacific,Phoenix",D,dormant,none,False,0.0,0.0,0.0,,,0.0,,,unknown
500255239,BH MICROE ENCODER CABLE ASSY,Module-TCB,"ASM-Pacific,Phoenix",D,dormant,none,False,0.0,0.0,0.0,,,0.0,,,unknown
500255240,SILENCER AN10-C06,Module-TCB,"ASM-Pacific,Phoenix;GENERIC",D,dormant,none,False,0.0,0.0,0.0,,,0.0,,,unknown
500256480,HEXAPOD_ASSY_RAXIS_AND_HEAD,Module-TCB,"Delta JLP, JTP",,dormant,none,False,0.0,0.0,0.0,,,0.0,,,unknown
500257174,USB 2.0 HUB 7 PORTS,"Module-HDMT,Module-HDMX,Module-TCB","ASM-Pacific,Phoenix;HDMT_Handler_x30_LV;ASMP ACW;HDMx x30",D,dormant,none,False,0.0,0.0,0.0,,,0.0,,,unknown
500257184,Sensor for Exhaust Air Flow,Module-TCB,APPJ MFM-220,,dormant,none,False,0.0,0.0,0.0,,,0.0,,,unknown
500258615,SPARES PIEZO DATA CABLE,"Module-DP,Module-Epoxy,Module-TCB",Asymtek S922;Asymtek S932;Generic,D,dormant,none,False,0.0,0.0,0.0,,,0.0,,,unknown
500258616,"CABLE,R/B LIGHT SOURCE ADPTR","Module-Epoxy,Module-TCB",Asymtek S922;Asymtek S932,D,dormant,none,False,0.0,0.0,0.0,,,0.0,,,unknown
500258849,LNPS 230V ND AUTO OFF W SF START,Module-TCB,"ASM-Pacific,Phoenix;ASM,TCB,Y-SHUTTLE",,dormant,none,False,0.0,0.0,0.0,,,0.0,,,unknown
500258850,LNPS 7KVA 110V&40V&220V REMOTE-NO MCB,Module-TCB,"ASM-Pacific,Phoenix",D,dormant,none,False,0.0,0.0,0.0,,,0.0,,,unknown
500258851,58-35117 ASSY,Module-TCB,"ASM-Pacific,Phoenix;ASM-Pacific,Firebird",,dormant,none,False,0.0,0.0,0.0,,,0.0,,,unknown
500258852,(STA)SUBSTRATE TRANSFER ARM Y ENC ASSY,Module-TCB,"ASM-Pacific,Phoenix",,dormant,none,False,0.0,0.0,0.0,,,0.0,,,unknown
500258853,STA-L PICKHEAD INTERFACE ASSY,"Module-DP,Module-TCB","ASM-Pacific,Firebird;Generic;ASM-Pacific,Phoenix",,dormant,none,False,0.0,0.0,0.0,,,0.0,,,unknown
500258854,BONDSTAGE PEDESTAL HEATER ZONE 1,Module-TCB,"ASM-Pacific,Phoenix",D,dormant,none,False,0.0,0.0,0.0,,,0.0,,,unknown
500258855,LEFT WORKCHUCK X MOTOR COIL,Module-TCB,"ASM-Pacific,Firebird;ASM-Pacific,Phoenix",,dormant,none,False,0.0,0.0,0.0,,,0.0,,,unknown
500258856,ESIO7,Module-TCB,"ASM-Pacific,Phoenix",,dormant,none,False,0.0,0.0,0.0,,,0.0,,,unknown
500258857,BH COOLING BLOCK OFA AND N2 SWITCH SOL,Module-TCB,"ASM-Pacific,Phoenix;ASM-Pacific,Firebird",L,dying,dying,False,0.0,0.0,0.0,,,4.0,,,unknown
500258858,(COS-L)COS-L TOP CLAMP SOL,"Module-DP,Module-TCB","ASM-Pacific,Phoenix;Generic;TCB_Generic",,dormant,none,False,0.0,0.0,0.0,,,0.0,,,unknown
500258859,(BS-L)HT WC COOLING SOL(L),Module-TCB,"ASM-Pacific,Phoenix",,dormant,none,False,0.0,0.0,0.0,,,0.0,,,unknown
500258860,(COS-L)COS-L PUSHER SOL,"Module-DP,Module-TCB","ASM-Pacific,Phoenix;TCB_Generic;Generic",,dormant,none,False,0.0,0.0,0.0,,,0.0,,,unknown
500258861,DFH BH NOZZLE BANK PLATE 20XX V2,Module-TCB,"ASM-Pacific,Phoenix",,dormant,none,False,0.0,0.0,0.0,,,0.0,,,unknown
500258862,DFH BH NOZZLE BANK PLATE 28XX V2,Module-TCB,"ASM-Pacific,Phoenix",,dormant,none,False,0.0,0.0,0.0,,,0.0,,,unknown
500258863,(BS-L)HT WC COOLING FLOWMETER(L),Module-TCB,"ASM-Pacific,Phoenix",,dormant,none,False,0.0,0.0,0.0,,,0.0,,,unknown
500258864,OMRON ELEC. ASSY,Module-TCB,"ASM-Pacific,Phoenix",,dormant,none,False,0.0,0.0,0.0,,,0.0,,,unknown
500259248,STANLEY SINGLE EDGE RAZOR BLADES 39MM,Module-Epoxy,"BLUEM,BI-32i;GENERIC",H,active,constant,True,0.03561643835616438,0.05555555555555555,0.03561643835616438,1.5598290598290598,0.15384615384615385,0.125605609320658,,,unknown
500259249,STANLEY 1-1/2IN RAZOR SCRAPER W 5 BLADE,"Module-DP,Module-Epoxy","Asymtek S922;BLUEM,BI-32i;Generic",M,active,constant,True,0.01643835616438356,0.044444444444444446,0.01643835616438356,2.703703703703704,0.16666666666666666,0.49093246423005005,,,unknown
500259250,"CLIP,GUARD DRIVE PULLEY CONV",Module-Epoxy,Asymtek S922,,dormant,none,False,0.0,0.0,0.0,,,0.0,,,unknown
500259251,GUARD DRIVE PULLEY CONV,Module-Epoxy,Asymtek S922,,dormant,none,False,0.0,0.0,0.0,,,0.0,,,unknown
500259297,HW MID STEP MTR CABLE ASSY,Module-TCB,"ASM-Pacific,Phoenix",,dormant,none,False,0.0,0.0,0.0,,,0.0,,,unknown
500259598,IN-LINE AIR FILTER ZFC77B,Module-TCB,"ASM-Pacific,Firebird;ASMP ACW;ASM-Pacific,Phoenix",D,dormant,none,False,0.0,0.0,0.0,,,0.0,,,unknown
500259787,"ASSY,NOZZLE,DJ, 125 UM","Module-DP,Module-TCB",Asymtek S932;Generic,,dormant,none,False,0.0,0.0,0.0,,,0.0,,,unknown
500260179,BANK 1 WITH KINEMATICS ASSY (28X19),Module-TCB,"ASM-Pacific,Phoenix",,dormant,none,False,0.0,0.0,0.0,,,0.0,,,unknown
500260180,BANK 2 WITH KINEMATICS ASSY (28X19),Module-TCB,"ASM-Pacific,Phoenix;ASM-Pacific,Firebird",,dormant,none,False,0.0,0.0,0.0,,,0.0,,,unknown
500260181,OFA/N2 SWITCH SOLECOID,Module-TCB,"ASM-Pacific,Phoenix",D,dormant,none,False,0.0,0.0,0.0,,,0.0,,,unknown
500260182,USB KVM SWITCH BOARD,Module-TCB,"ASM-Pacific,Phoenix;GENERIC",,dormant,none,False,0.0,0.0,0.0,,,0.0,,,unknown
500260183,DPA CAM AND LT CABLE V2,Module-TCB,"ASM-Pacific,Phoenix",,dormant,none,False,0.0,0.0,0.0,,,0.0,,,unknown
500260187,Fluid Chamber Recondition,"Module-DP,Module-DxA,Module-Epoxy","ASYMTEK,M-2000;Asymtek S922;Generic;Asymtek S902",D,dormant,none,False,0.0,0.0,0.0,,,0.0,,,unknown
500260227,"ASSY,SCALE W/ELECT,S-932",Module-TCB,Asymtek S932,L,dying,dying,False,0.0,0.0,0.0,,,4.0,,,unknown
500260228,"KIT, HARDWARE, S932 SINGLE SCALE","Module-Epoxy,Module-IHS,Module-TCB",Asymtek S922;Asymtek S912;Asymtek S932,D,dormant,none,False,0.0,0.0,0.0,,,0.0,,,unknown
500260236,SPECTRUM WEIGHT SCALE ASSEMBLY,"Module-Epoxy,Module-TCB",Asymtek S932;Asymtek S922,D,dormant,none,False,0.0,0.0,0.0,,,0.0,,,unknown
500260237,VANTAGE WEIGHT SCALE ASSEMBLY,"Module-DxA,Module-Epoxy,Module-TCB",Asymtek S2-912;Asymtek S922;Asymtek S932,M,dying,dying,False,0.019178082191780823,0.0,0.019178082191780823,0.0,0.0,0.7311549725078774,,,unknown
500260397,SPECTRUM WEIGHT SCALE ASSEMBLY,"Module-DP,Module-Epoxy,Module-TCB",Asymtek S932;Generic;Asymtek S922,D,dormant,none,False,0.0,0.0,0.0,,,0.0,,,unknown
500261644,"ASSY,JET BODY,REAR, DJ-9500",Module-Epoxy,Asymtek S902,,dormant,none,False,0.0,0.0,0.0,,,0.0,,,unknown
500261847,Tqe Wrench 30 lb.in,Module-Epoxy,Asymtek S922,,dormant,none,False,0.0,0.0,0.0,,,0.0,,,unknown
500262533,"BRUSH, BRISTLE BRASS, L=101.6MM","Module-DP,Module-TCB","ASM-Pacific,Firebird;Generic;ASM-Pacific,Phoenix",D,dormant,none,False,0.0,0.0,0.0,,,0.0,,,unknown
500263347,O-RING VITON 568-906,"Module-DP,Module-TCB",Generic;Asymtek S932,L,dying,dying,False,0.0,0.0,0.0,,,4.0,0.0,-63.0,decreasing
500265676,"SCREW, 6-32X1.00, SOCK HD,SST",Module-TCB,Asymtek S932,,dormant,none,False,0.0,0.0,0.0,,,0.0,,,unknown
500265724,"TORX SCREW,SECURITY HEAD,M4 0.07 X 16","Module-DP,Module-TCB",Asymtek S932;Generic,,dormant,none,False,0.0,0.0,0.0,,,0.0,,,unknown
500265725,"TORX SCREW,SECURITY HEAD,M4 0.07 X 20","Module-DP,Module-TCB",Asymtek S932;Generic,,dormant,none,False,0.0,0.0,0.0,,,0.0,,,unknown
500266693,MBHZ ENC FLEX CABLE,"Module-DP,Module-TCB","ASM-Pacific,Phoenix;Generic;TCB_Generic",D,dormant,none,False,0.0,0.0,0.0,,,0.0,0.0,-4.0,decreasing
500266694,MBH Z FLEX MTR CABLE,Module-TCB,"ASM-Pacific,Phoenix",D,dormant,none,False,0.0,0.0,0.0,,,0.0,,,unknown
500266800,"ESR,ASSY,LFS EPX,EFD6OZCLR,RGB",Module-Epoxy,Asymtek S922,,dormant,none,False,0.0,0.0,0.0,,,0.0,,,unknown
500266801,CAMERA PROTECTIVE COVER,"Module-Epoxy,Module-IHS,Module-TCB",Asymtek S902;Asymtek S912;Asymtek S922;Asymtek S932,L,dormant,none,False,0.0,0.0,0.0,,,0.0,,,unknown
500266975,BS TC CONN FLEX CABLE,Module-TCB,"ASM-Pacific,Phoenix;GENERIC",D,dormant,none,False,0.0,0.0,0.0,,,0.0,,,unknown
500266976,BS TC CABLE ASSY,Module-TCB,"ASM-Pacific,Phoenix",D,dormant,none,False,0.0,0.0,0.0,,,0.0,,,unknown
500267829,MOP BD PWR CABLE,Module-TCB,"ASM-Pacific,Phoenix",,dormant,none,False,0.0,0.0,0.0,,,0.0,,,unknown
500267830,DPA MOP LINK FLEX CABLE,Module-TCB,"ASM-Pacific,Phoenix",D,dormant,none,False,0.0,0.0,0.0,,,0.0,,,unknown
500267831,DPA PICK ARM T MTR FLEX CABLE,Module-TCB,"ASM-Pacific,Phoenix",D,dormant,none,False,0.0,0.0,0.0,,,0.0,,,unknown
500268051,NOZZLE 3400X2400-W-N-L-0-A-YYMMDD-AXXXX,Module-TCB,"ASM-Pacific,Phoenix",,dormant,none,False,0.0,0.0,0.0,,,0.0,,,unknown
500269891,STEPPER MOTOR 24V 0.67A 16W,"Module-Epoxy,Module-MHS","Grohmann Vertical oven;GROHMANN MTS-605;Grohmann MTS-600;Grohmann,MFM-220",L,active,constant,True,0.005479452054794521,0.011111111111111112,0.005479452054794521,2.0277777777777777,0.5,2.125,,,unknown
500269892,UNINTERRUPTIBLE POWER SUPPLY,"Module-CAM,Module-Epoxy","Grohmann,MFM-200;Grohamnn MTS-605;Grohmann MTS-600",D,dormant,none,False,0.0,0.0,0.0,,,0.0,,,unknown
500269893,Flexi Soft EtherCat diagnostic gateway,Module-Epoxy,GROHMANN MTS-605;Grohamnn MTS-605;Grohmann MTS-600,D,dormant,none,False,0.0,0.0,0.0,,,0.0,,,unknown
500269894,Cylinder Switch(SBT Y axis),"Module-CAM,Module-Epoxy","Grohmann,MFM-200;Grohmann MTS-600;Grohamnn MTS-605",D,dormant,none,False,0.0,0.0,0.0,,,0.0,,,unknown
500269895,DIGITAL SAFETY RELAY MODULE 24V 2A,Module-Epoxy,Grohmann MTS-600;Grohmann MTS-605,D,dormant,none,False,0.0,0.0,0.0,,,0.0,,,unknown
500269896,SPEED DRIVE CONTROLLER 24V 5A,"Module-Epoxy,Module-MHS","Grohmann,MFM-220;Grohamnn MTS-605;GROHMANN MTS-605;Grohmann MTS-600",D,dormant,none,False,0.0,0.0,0.0,,,0.0,,,unknown
500269897,DOCKING FRAME 4-FOLD A--F,Module-Epoxy,Grohamnn MTS-605;Grohmann MTS-600,,dormant,none,False,0.0,0.0,0.0,,,0.0,,,unknown
500269898,SICK FLEXI SOFT INPUT MODULE 8 INPUTS,Module-Epoxy,Grohmann MTS-600;Grohmann MTS-605,D,dormant,none,False,0.0,0.0,0.0,,,0.0,,,unknown
500269899,Flexi Soft Main module,Module-Epoxy,Grohamnn MTS-605;Grohmann MTS-600;GROHMANN MTS-605,D,dormant,none,False,0.0,0.0,0.0,,,0.0,,,unknown
500269900,EtherCat Terminal - 2-channel,Module-Epoxy,Grohmann MTS-605;Grohmann MTS-600,,dormant,none,False,0.0,0.0,0.0,,,0.0,,,unknown
500269901,DOCKING FRAME 4-FOLD A--F,Module-Epoxy,Grohamnn MTS-605;Grohmann MTS-600,D,dormant,none,False,0.0,0.0,0.0,,,0.0,,,unknown
500270119,Bank 3 with Kinematics Assy (28X19),Module-TCB,"ASM-Pacific,Phoenix;GENERIC",,dormant,none,False,0.0,0.0,0.0,,,0.0,,,unknown
500270120,Soft Polyurethane Tube Tus,Module-TCB,"ASM-Pacific,Phoenix",L,dormant,none,False,0.0,0.0,0.0,,,0.0,,,unknown
500271117,"SMP,COMPOUND,SODIUM ACETATE, TRIHYDRATE",Module-Epoxy,Grohamnn MTS-605;Grohmann MTS-600,,dormant,none,False,0.0,0.0,0.0,,,0.0,,,unknown
500271211,TCB NOZZLE SKX-XCC U1 CVD,Module-TCB,"ASM-Pacific,Phoenix",,dormant,none,False,0.0,0.0,0.0,,,0.0,,,unknown
500271740,ADJUST BRACKET,Module-TCB,"ASM-Pacific,Phoenix;GENERIC",,dormant,none,False,0.0,0.0,0.0,,,0.0,,,unknown
500271899,WIFI NODE WITH WIRE AERAL,Module-Epoxy,Grohmann MTS-600;Grohmann MTS-605,,dormant,none,False,0.0,0.0,0.0,,,0.0,,,unknown
500271900,THERMAL SENSOR WITH SUPPORT,Module-Epoxy,Grohmann MTS-600;Grohamnn MTS-605,D,dormant,none,False,0.0,0.0,0.0,,,0.0,,,unknown
500272529,UPGRD KIT. INT LiGT. JLP1/JTP,"Module-MHS,Module-OLx,Module-TCB","JLP Stacker/Destacker;MHS_Generic;Delta JLP, JTP",D,dormant,none,False,0.0,0.0,0.0,,,0.0,,,unknown
500272673,RIGHT COLUMN SENSOR BRACKET ASSEMBLY,Module-TCB,"Delta JLP, JTP",,dormant,none,False,0.0,0.0,0.0,,,0.0,,,unknown
500272675,AL SIDE PLATE 262MMX270MM NON ELEC,"Module-DP,Module-TCB","Delta JLP, JTP;Generic",D,dormant,none,False,0.0,0.0,0.0,,,0.0,,,unknown
500272676,LEFT COLUMN SENSOR BRACKET ASSEMBLY,Module-TCB,"Delta JLP, JTP",,dormant,none,False,0.0,0.0,0.0,,,0.0,,,unknown
500272677,PVC POWER CORD SPLITTER 10A 250V 18AWG,Module-TCB,"Delta JLP, JTP",D,dormant,none,False,0.0,0.0,0.0,,,0.0,,,unknown
500272678,"TUBE,RIBBON,MULTICOLOR,3X6MMOD",Module-TCB,"Delta JLP, JTP",,dormant,none,False,0.0,0.0,0.0,,,0.0,,,unknown
500272679,SS SPRING POST PIN 2.38MM,Module-TCB,"Delta JLP, JTP",,dormant,none,False,0.0,0.0,0.0,,,0.0,,,unknown
500272680,ALUMINUM KEY SWITCH DOOR INTERLOCK,Module-TCB,"Delta JLP, JTP",D,dormant,none,False,0.0,0.0,0.0,,,0.0,,,unknown
500272681,MONITOR POWER SUPPLY 60W ASSY,Module-TCB,"Delta JLP, JTP",D,dormant,none,False,0.0,0.0,0.0,,,0.0,,,unknown
500272682,JLP EXIT SENSOR BRACKET ASSEMBLY,Module-TCB,"Delta JLP, JTP",,dormant,none,False,0.0,0.0,0.0,,,0.0,,,unknown
500272683,"LIFT FLOOR,TRAY FLIP ASSY",Module-TCB,"Delta JLP, JTP",L,dying,dying,False,0.0,0.0,0.0,,,4.0,,,unknown
500272684,ALUMINUM CONVEYOR SPACER ASSEMBLY,Module-TCB,"Delta JLP, JTP",,dormant,none,False,0.0,0.0,0.0,,,0.0,,,unknown
500272685,ALUM BAR LOWER FLIP TRAY ASSY,Module-TCB,"Delta JLP, JTP",L,dying,dying,False,0.0,0.0,0.0,,,4.0,,,unknown
500272686,ABS IONIZER ASSEMBLY 24V 2000MM RANGE,Module-TCB,"Delta JLP, JTP",D,dormant,none,False,0.0,0.0,0.0,,,0.0,,,unknown
500273164,"WONDERWARE,PC,BI32I,WIN7,UPGRADE,EPX",Module-Epoxy,"BLUEM,BI-32i",D,dormant,none,False,0.0,0.0,0.0,,,0.0,,,unknown
500273593,"DOOR SWITCH,SAFETY,ASM,BONDER","Module-TCB,Module-Test","ASM-Pacific,Phoenix",D,dormant,none,False,0.0,0.0,0.0,,,0.0,,,unknown
500273681,"CONTACTOR,24VAC","Module-BA,Module-Epoxy",Heller 2017 MK III;VERTICAL PREBAKE EPOXY OVEN;Heller FAR;Heller HRF,,dormant,none,False,0.0,0.0,0.0,,,0.0,,,unknown
500273682,"COIL,SUPPRESSOR",Module-Epoxy,Heller FAR;VERTICAL PREBAKE EPOXY OVEN;Heller HRF;Heller VCO,,dormant,none,False,0.0,0.0,0.0,,,0.0,,,unknown
500274890,"LIFT,CYLINDER,W/THROTTLE VALVE",Module-Epoxy,Grohmann MTS-600;Grohamnn MTS-605,,dormant,none,False,0.0,0.0,0.0,,,0.0,,,unknown
500275027,"FEMALE CONNECTOR, SCREW TERMINATION",Module-Epoxy,Grohmann MTS-605;Grohmann MTS-600,,dormant,none,False,0.0,0.0,0.0,,,0.0,,,unknown
500275392,"LINEAR RAIL,SS 400MM LG",Module-TCB,"Delta JLP, JTP",,dormant,none,False,0.0,0.0,0.0,,,0.0,,,unknown
500275393,CARRIAGE 15MM SERIES,Module-TCB,"Delta JLP, JTP",,dormant,none,False,0.0,0.0,0.0,,,0.0,,,unknown
500275596,PHOTOELECTRIC SENSOR ASSEMBLY 24VDC,"Module-OLx,Module-TCB","JLP Stacker/Destacker;Delta JLP, JTP",,dormant,none,False,0.0,0.0,0.0,,,0.0,,,unknown
500275597,PHOTOELECTRIC SENSOR ASSEMBLY 24VDC,Module-TCB,"Delta JLP, JTP",D,dormant,none,False,0.0,0.0,0.0,,,0.0,,,unknown
500275897,SPECTRUM CAT-TRACK END-BRACKET,Module-Epoxy,Asymtek S922,,dormant,none,False,0.0,0.0,0.0,,,0.0,,,unknown
500276145,"O-RING, .22ID X .032 CS,70EP","Module-Assy FOL,Module-DP,Module-DxA,Module-Epoxy","Generic;ASYMTEK,M-2000;Asymtek S922",D,dormant,none,False,0.0,0.0,0.0,,,0.0,,,unknown
500276777,"THERMOCOUPLE,OVER,TEMP",Module-Epoxy,PCO520L,D,dormant,none,False,0.0,0.0,0.0,,,0.0,,,unknown
500276779,"THERMOCOUPLE,ENVIRONMENT,TEMP",Module-Epoxy,PCO520L,,dormant,none,False,0.0,0.0,0.0,,,0.0,,,unknown
500276780,"MECHANICAL,SEAL",Module-Epoxy,PCO520L,D,dormant,none,False,0.0,0.0,0.0,,,0.0,,,unknown
500276781,HEATER,Module-Epoxy,PCO520L,,dormant,none,False,0.0,0.0,0.0,,,0.0,,,unknown
500276783,"VACUUM,PUMP,FILTER,",Module-Epoxy,PCO520L,,dormant,none,False,0.0,0.0,0.0,,,0.0,,,unknown
500276786,DISK COUPLING-520L,Module-Epoxy,PCO520L,D,dormant,none,False,0.0,0.0,0.0,,,0.0,,,unknown
500276790,BOOSTER,Module-Epoxy,PCO520L,,dormant,none,False,0.0,0.0,0.0,,,0.0,,,unknown
500276791,"ANGLE,SEAT,VALVE,A,G1",Module-Epoxy,PCO520L,,dormant,none,False,0.0,0.0,0.0,,,0.0,,,unknown
500276792,"ANGLE,SEAT,VALVE,B,G12",Module-Epoxy,PCO520L,,dormant,none,False,0.0,0.0,0.0,,,0.0,,,unknown
500277048,"BEARING,FLANGED,8MM ID,16MM OD","Module-BA,Module-TCB","JTP;Delta JLP, JTP",D,dormant,none,False,0.0,0.0,0.0,,,0.0,,,unknown
500277049,"BELT,TAM-Y",Module-TCB,"Delta JLP, JTP",,dormant,none,False,0.0,0.0,0.0,,,0.0,,,unknown
500277050,AL PULLEY 32TOOTH 3MM GT2,Module-TCB,"Delta JLP, JTP",,dormant,none,False,0.0,0.0,0.0,,,0.0,,,unknown
500277051,"PULLEY,14MM SFT,3MMGT 32T,15MM",Module-TCB,"Delta JLP, JTP",,dormant,none,False,0.0,0.0,0.0,,,0.0,,,unknown
500277053,"TIMING BELT.3MM GT2,158T,15MM,",Module-TCB,"Delta JLP, JTP",D,dormant,none,False,0.0,0.0,0.0,,,0.0,,,unknown
500277054,"GASKET,TAM-Y",Module-TCB,"Delta JLP, JTP",,dormant,none,False,0.0,0.0,0.0,,,0.0,,,unknown
500277471,6OZ EFD REATINER ASSEMBLY DJ-9000,"Module-Epoxy,Module-IHS,Module-TCB",Asymtek S932;Asymtek S912;Asymtek S922,L,dying,dying,False,0.0027397260273972603,0.0,0.0027397260273972603,0.0,0.0,4.000000000000001,0.0625,-15.0,decreasing
500278202,Delrin Nozzle Head Protective Cover,"Module-DP,Module-Epoxy",Generic;Asymtek S922,D,dormant,none,False,0.0,0.0,0.0,,,0.0,,,unknown
500278769,CONTACT PIN FEMALE FOR CONN 10A,Module-Epoxy,Grohamnn MTS-605;Grohmann MTS-600,,dormant,none,False,0.0,0.0,0.0,,,0.0,,,unknown
500278770,CONN PIN CONTACT AWG 20 10A AG,Module-Epoxy,Grohmann MTS-605;Grohmann MTS-600,D,dormant,none,False,0.0,0.0,0.0,,,0.0,,,unknown
500278771,Relay located in power supply,"Module-CAM,Module-Epoxy,Module-MHS","Grohmann,MFM-200;Grohmann,MFM-220;GROHMANN MTS-605;Grohamnn MTS-605;Grohmann MTS-600",D,dormant,none,False,0.0,0.0,0.0,,,0.0,,,unknown
500278772,Switchblock located in power,"Module-CAM,Module-Epoxy","Grohmann,MFM-200;Grohamnn MTS-605;Grohmann MTS-600;GROHMANN MTS-605",,dormant,none,False,0.0,0.0,0.0,,,0.0,,,unknown
500278773,Fixing unit,Module-Epoxy,Grohmann MTS-605;Grohmann MTS-600,,dormant,none,False,0.0,0.0,0.0,,,0.0,,,unknown
500278774,CONN HOUSING MALE 25P W/O CONTACTS,Module-Epoxy,Grohmann MTS-600;Grohamnn MTS-605,,dormant,none,False,0.0,0.0,0.0,,,0.0,,,unknown
500278775,CONN RECTANGULAR FEMALE 50V 4A,Module-Epoxy,Grohmann MTS-600;Grohmann MTS-605,,dormant,none,False,0.0,0.0,0.0,,,0.0,,,unknown
500278776,Pin Contact,Module-Epoxy,Grohamnn MTS-605;Grohmann MTS-600;Asymtek S922,,dormant,none,False,0.0,0.0,0.0,,,0.0,,,unknown
500278777,Socket Contact,Module-Epoxy,Grohmann MTS-600;Grohmann MTS-605,,dormant,none,False,0.0,0.0,0.0,,,0.0,,,unknown
500278778,CONN HOUSING MALE 12P W/O CONTACTS,Module-Epoxy,Grohamnn MTS-605;Grohmann MTS-600,,dormant,none,False,0.0,0.0,0.0,,,0.0,,,unknown
500278779,CONN RECTANGULAR FEMALE 250V 10A,Module-Epoxy,Grohmann MTS-605;Grohmann MTS-600,,dormant,none,False,0.0,0.0,0.0,,,0.0,,,unknown
500278924,GEN3 PNEUMATIC LIFT ASSY,Module-TCB,"Delta JLP, JTP",L,dying,dying,False,0.0,0.0,0.0,,,4.0,,,unknown
500278925,USB MODULE TO ETHERNET ADAPTER,Module-TCB,"Delta JLP, JTP",,dormant,none,False,0.0,0.0,0.0,,,0.0,,,unknown
500278926,ALUMINUM CONVEYOR DRIVE PULLEY 16.5MM W,Module-TCB,"Delta JLP, JTP",,dormant,none,False,0.0,0.0,0.0,,,0.0,,,unknown
500278927,SINGLE G3 CONVEYOR PULLEY ASSY,"Module-DP,Module-TCB","Delta JLP, JTP;Generic",L,dying,dying,False,0.0,0.0,0.0,,,4.0,,,unknown
500278928,"DOUBLE CHECK BLOCK,6MM,M5",Module-TCB,"Delta JLP, JTP",D,dormant,none,False,0.0,0.0,0.0,,,0.0,,,unknown
500278929,POWER SUPPLY 960W 24VDC 40A,Module-TCB,"Delta JLP, JTP",D,dormant,none,False,0.0,0.0,0.0,,,0.0,,,unknown
500278930,"E-RING,EXTERNAL,SS",Module-TCB,"Delta JLP, JTP",,dormant,none,False,0.0,0.0,0.0,,,0.0,,,unknown
500278931,SPIRAL HOUSING RING 19MM ID SST,Module-TCB,"Delta JLP, JTP",,dormant,none,False,0.0,0.0,0.0,,,0.0,,,unknown
500278932,3 POSITION SOLENOID VALVE 24V 0.7MPA,"Module-DP,Module-OLx,Module-TCB","Delta,OLB;Delta JLP, JTP;Generic",L,dying,dying,False,0.0,0.0,0.0,,,4.0,,,unknown
500278935,PVC USB DATA CABLE W CONN 5MM 480MBPS,Module-TCB,"Delta JLP, JTP",,dormant,none,False,0.0,0.0,0.0,,,0.0,,,unknown
500278936,BRASS NEUTRAL LINE SUPPORT ROD ASSEMBLY,Module-TCB,"Delta JLP, JTP",D,dormant,none,False,0.0,0.0,0.0,,,0.0,,,unknown
500278938,SS GAS SPRING W BALL-JOINT FITTINGS,Module-TCB,"Delta JLP, JTP",L,dying,dying,False,0.010958904109589041,0.0,0.010958904109589041,0.0,0.0,4.0,,,unknown
500278939,SST TRAY PLATFORM DETECT FLAG,Module-TCB,"Delta JLP, JTP",M,active,constant,True,0.010958904109589041,0.022222222222222223,0.010958904109589041,2.0277777777777777,0.0,1.1122704610181349,,,unknown
500278940,FREE MOUNT CYLINDER ROD 40MM BORE,Module-TCB,"Delta JLP, JTP",,dormant,none,False,0.0,0.0,0.0,,,0.0,,,unknown
500278941,FREE MOUNT CYLINDER ROD 20MM BORE,Module-TCB,"Delta JLP, JTP",,dormant,none,False,0.0,0.0,0.0,,,0.0,,,unknown
500278942,INDUCTIVE SENSOR ASSY 24VDC 20MML CABLE,Module-TCB,"Delta JLP, JTP",,dormant,none,False,0.0,0.0,0.0,,,0.0,,,unknown
500278943,LOADPORT JLP-G3 CONVEYOR ASSY,Module-TCB,"Delta JLP, JTP",D,dormant,none,False,0.0,0.0,0.0,,,0.0,,,unknown
500279406,FULL MOTION DISPLAY ARM 13-27'',Module-TCB,"Delta JLP, JTP",,dormant,none,False,0.0,0.0,0.0,,,0.0,,,unknown
500279417,"BEARING, BALL, STAINLESS","Module-MHS,Module-TCB","Delta JLP, JTP;Grohmann,MFM-220",D,dormant,none,False,0.0,0.0,0.0,,,0.0,,,unknown
500279424,"BEARING,BALL 6ID 19OD 6W SHLD",Module-TCB,"Delta JLP, JTP",,dormant,none,False,0.0,0.0,0.0,,,0.0,,,unknown
500280785,SST HINGE PIN WITH RETAINER 3MM DIA,"Module-DP,Module-TCB","Delta JLP, JTP;Generic",L,dying,dying,False,0.0,0.0,0.0,,,4.0,,,unknown
500280786,SILICONE RUBBER CAP SEAL 44.5MM ID,"Module-DP,Module-TCB","Delta JLP, JTP;Generic",M,active,constant,True,0.0958904109589041,0.1111111111111111,0.0958904109589041,1.1587301587301588,0.0,0.42655758426626733,,,unknown
500280787,CLEVIS PINS W RETAINING RING GROOVE SST,Module-TCB,"Delta JLP, JTP",,dormant,none,False,0.0,0.0,0.0,,,0.0,,,unknown
500280788,SST HINGE PIN WITH RETAINER 3MM DIA,Module-TCB,"Delta JLP, JTP",,dormant,none,False,0.0,0.0,0.0,,,0.0,,,unknown
500280789,"E-CLIP,5/16"" SHAFT,SS",Module-TCB,"Delta JLP, JTP",D,dormant,none,False,0.0,0.0,0.0,,,0.0,,,unknown
500280791,GALVANIZED WIRE ROPE ASSEMBLY 24MM,"Module-DP,Module-TCB","Delta JLP, JTP;Generic",D,active,constant,True,0.0027397260273972603,0.011111111111111112,0.0027397260273972603,4.055555555555555,1.0,3.9999999999999996,,,unknown
500282046,"Safety relay UE10-2FG, 24VDC, 2NO",Module-Epoxy,Grohamnn MTS-605;GROHMANN MTS-605;Grohmann MTS-600,,dormant,none,False,0.0,0.0,0.0,,,0.0,,,unknown
500282545,NOZZLE CVD 0445X0993-B-P-S-05,Module-TCB,"ASM-Pacific,Phoenix",,dormant,none,False,0.0,0.0,0.0,,,0.0,,,unknown
500282710,ELEC SS HOUSING ASSEMBLY FOR IONIZATION,Module-Epoxy,GROHMANN MTS-605;Grohmann MTS-600;Grohamnn MTS-605;Grohmann Vertical oven,D,dormant,none,False,0.0,0.0,0.0,,,0.0,,,unknown
500282711,power supply 115V for ionizer knife,"Module-CAM,Module-Epoxy","Grohamnn MTS-605;Grohmann MTS-600;Grohmann,MFM-200;Grohmann Vertical oven;GROHMANN MTS-605",D,dormant,none,False,0.0,0.0,0.0,,,0.0,,,unknown
500282984,RLY MC 3PNO 690V 40A 24VDC,"Module-BA,Module-TCB","ASM-Pacific, Falcon;ASM-Pacific,Phoenix",,dormant,none,False,0.0,0.0,0.0,,,0.0,,,unknown
500283721,HELLER INVERTER (ODE-2) 7 AMP,"Module-BA,Module-Epoxy","Heller 1800SS;Heller, MK7;Heller 2017 MK III",L,dying,dying,False,0.0136986301369863,0.0,0.0136986301369863,0.0,0.0,1.9449462890625002,2.5,3.0,increasing
500283722,HVMOTX MOTOR COIL ASSY,Module-TCB,"ASM-Pacific,Phoenix",D,dormant,none,False,0.0,0.0,0.0,,,0.0,,,unknown
500283799,"ESR,POWER ADAPTOR,INDUSTRIAL PC","Module-DP,Module-Epoxy,Module-IHS,Module-TCB",Generic;Asymtek S902;Asymtek S932;Asymtek S912;Asymtek S922,H,dying,dying,False,0.03561643835616438,0.0,0.03561643835616438,0.0,0.0,0.6901099629095355,,,unknown
500283945,"Contactor for relay, 4-pole","Module-CAM,Module-Epoxy","Grohamnn MTS-605;Grohmann,MFM-200;GROHMANN MTS-605;Grohmann MTS-600",,dormant,none,False,0.0,0.0,0.0,,,0.0,,,unknown
500283946,POWER SUPPLY 48V 20A 960VA,Module-Epoxy,Grohmann MTS-600;Grohmann MTS-605,D,dormant,none,False,0.0,0.0,0.0,,,0.0,,,unknown
500283947,POWER SUPPLY 12V 5A,Module-Epoxy,Grohmann MTS-600;Tesla PMM;Grohamnn MTS-605;GROHMANN MTS-605,,dormant,none,False,0.0,0.0,0.0,,,0.0,,,unknown
500284208,VAC. PUMP 27-150-0.75,"Module-BA,Module-TCB","ASM-Pacific, Falcon;ASM-Pacific,Phoenix",D,dormant,none,False,0.0,0.0,0.0,,,0.0,,,unknown
500284210,EIOH-00,"Module-BA,Module-TCB","ASM-Pacific, Falcon;ASM-Pacific,Phoenix",,dormant,none,False,0.0,0.0,0.0,,,0.0,,,unknown
500284211,VAC. PUMP 4.68-80-250,"Module-BA,Module-TCB","ASM-Pacific, Falcon;ASM-Pacific,Phoenix",,dormant,none,False,0.0,0.0,0.0,,,0.0,,,unknown
500284212,DIODE RECT 50V 1A 1.1V,"Module-BA,Module-TCB,Module-xPV","ASM-Pacific, Falcon;ASM-Pacific,Phoenix;Evertech,TH9000B",,dormant,none,False,0.0,0.0,0.0,,,0.0,,,unknown
500284213,OPTICAL FIBER ADAPTOR ALCLCMPD-PEAR,"Module-BA,Module-DP,Module-TCB","ASM-Pacific,Phoenix;ASM-Pacific, Falcon;Generic",D,dormant,none,False,0.0,0.0,0.0,,,0.0,,,unknown
500284214,RLY-SUPPORT PYC-A1 36MM HEIGHT,"Module-BA,Module-TCB","ASM-Pacific,Phoenix;ASM-Pacific, Falcon",,dormant,none,False,0.0,0.0,0.0,,,0.0,,,unknown
500284215,RLY-SAFETY 4PNO 24VDC PNOZ S5,"Module-BA,Module-TCB","ASM-Pacific,Phoenix;ASM-Pacific, Falcon",,dormant,none,False,0.0,0.0,0.0,,,0.0,,,unknown
500284217,NDIII CONTROLPOWERMODULE,"Module-BA,Module-TCB","ASM-Pacific,Phoenix;ASM Pacific,BP3000;ASM-Pacific, Falcon",,dormant,none,False,0.0,0.0,0.0,,,0.0,,,unknown
500284218,BP FLAT/FIBER CABLE & NETWORK CABLE,"Module-BA,Module-TCB","ASM-Pacific, Falcon;ASM-Pacific,Phoenix",,dormant,none,False,0.0,0.0,0.0,,,0.0,,,unknown
500284219,+/-48VDC LONG HOLD UP BOX,"Module-BA,Module-TCB","ASM-Pacific,Phoenix;ASM-Pacific, Falcon",,dormant,none,False,0.0,0.0,0.0,,,0.0,,,unknown
500284220,DISCHARGE BOX ASSY,"Module-BA,Module-TCB","ASM-Pacific,Phoenix;ASM-Pacific, Falcon",,dormant,none,False,0.0,0.0,0.0,,,0.0,,,unknown
500284221,NU USG CONNECTION CABLE ASSY,"Module-BA,Module-TCB","ASM-Pacific, Falcon;ASM-Pacific,Phoenix",,dormant,none,False,0.0,0.0,0.0,,,0.0,,,unknown
500284222,48VDC LONG HOLD UP BOX,"Module-BA,Module-TCB","ASM-Pacific, Falcon;ASM-Pacific,Phoenix",D,dormant,none,False,0.0,0.0,0.0,,,0.0,,,unknown
500284223,SMPS48V ASSY,"Module-BA,Module-TCB","ASM Pacific,BP3000;ASM-Pacific,Phoenix;ASM-Pacific, Falcon",,dormant,none,False,0.0,0.0,0.0,,,0.0,,,unknown
500284517,INSULATION TECHNOFOAM 250,Module-Epoxy,Grohmann MTS-600;Grohamnn MTS-605,,dormant,none,False,0.0,0.0,0.0,,,0.0,,,unknown
500284540,BALL BEARING AND FIXING SCREW,Module-Epoxy,Grohmann MTS-605;Grohmann MTS-600,D,dormant,none,False,0.0,0.0,0.0,,,0.0,,,unknown
500284541,POWER SUPPLY 24V 40A 960VA,Module-Epoxy,Grohamnn MTS-605;GROHMANN MTS-605;Grohmann MTS-600,,dormant,none,False,0.0,0.0,0.0,,,0.0,,,unknown
500284542,"Circuit Breaker 1,4A ? 2A",Module-Epoxy,Grohmann MTS-600;Grohmann MTS-605,,dormant,none,False,0.0,0.0,0.0,,,0.0,,,unknown
500288614,Leakage detection foil for Thermal,Module-Epoxy,Grohamnn MTS-605;Grohmann MTS-600,,dormant,none,False,0.0,0.0,0.0,,,0.0,,,unknown
500288615,PVC CABLE DATA W CONN 5MM 24V,Module-Epoxy,Grohmann Vertical oven;Grohamnn MTS-605;Grohmann MTS-600;GROHMANN MTS-605,D,dormant,none,False,0.0,0.0,0.0,,,0.0,,,unknown
500288616,Insulation Set,Module-Epoxy,Grohmann MTS-600;Grohamnn MTS-605,D,dormant,none,False,0.0,0.0,0.0,,,0.0,,,unknown
500288617,"SERVO MOTOR AC WITH BRAKE 480V 0,29KW",Module-Epoxy,Grohmann MTS-600;Grohamnn MTS-605;GROHMANN MTS-605,L,dormant,none,False,0.0,0.0,0.0,,,0.0,,,unknown
500288618,REMOVER TOOL FOR CONNECTORS,Module-Epoxy,GROHMANN MTS-605;Grohamnn MTS-605;Grohmann MTS-600,,dormant,none,False,0.0,0.0,0.0,,,0.0,,,unknown
500290650,FSL T58W FLUORESCENT LIGHT,"Module-DP,Module-Finish,Module-TCB","ASM-Pacific,Phoenix;ICOS,CIT130;Generic",L,dying,dying,False,0.0,0.0,0.0,,,4.0,,,unknown
500290651,HEPA FILTER FRONT STOPPER L,Module-TCB,"GENERIC;ASM-Pacific,Phoenix",,dormant,none,False,0.0,0.0,0.0,,,0.0,,,unknown
500290652,HEPA FILTER FRONT STOPPER R,Module-TCB,"GENERIC;ASM-Pacific,Phoenix",,dormant,none,False,0.0,0.0,0.0,,,0.0,,,unknown
500291033,TCB NOZZLE SKX-HCC U1 CVD,Module-TCB,"ASM-Pacific,Phoenix;GENERIC",,dormant,none,False,0.0,0.0,0.0,,,0.0,,,unknown
500295949,THERMOCOUPLE,"Module-BA,Module-DP,Module-Epoxy",PCO520L;Generic;Heller 2017 MK III;Asymtek S922,L,active,constant,True,0.005479452054794521,0.011111111111111112,0.005479452054794521,2.0277777777777777,0.5,2.7993510005408333,,,unknown
500295950,"DOOR,PACKING","Module-BA,Module-DP,Module-Epoxy",PCO520L;Generic;Heller 2017 MK III,H,active,constant,True,0.03287671232876712,0.022222222222222223,0.03287671232876712,0.675925925925926,0.08333333333333333,0.1034282134778745,,,unknown
500295951,HEATER,"Module-BA,Module-DP,Module-Epoxy",Generic;Heller 2017 MK III;PCO520L,,dormant,none,False,0.0,0.0,0.0,,,0.0,,,unknown
500295952,"RELAY,MY2-24VDC","Module-BA,Module-DP,Module-Epoxy","Heller 2017 MK III;Generic;Heller HRF;Heller, VEFO-10D;Heller FAR;PCO520L",L,dying,dying,False,0.0,0.0,0.0,,,4.0,,,unknown
500295953,"RELAY,DC24V, 4POL","Module-BA,Module-DP,Module-Epoxy",PCO520L;Heller 2017 MK III;Generic,,dormant,none,False,0.0,0.0,0.0,,,0.0,,,unknown
500295954,"SAFETY,RELAY,G7SA-2A2B,DC24V","Module-BA,Module-DP,Module-Epoxy",PCO520L;Heller 2017 MK III;Generic,D,dormant,none,False,0.0,0.0,0.0,,,0.0,,,unknown
500295955,"SAFETY,RELAY,G7SA-3A1B,DC24V","Module-BA,Module-DP,Module-Epoxy",Heller 2017 MK III;Generic;PCO520L,,dormant,none,False,0.0,0.0,0.0,,,0.0,,,unknown
500295956,"TIMER,DC24V, H3Y-2, 3S","Module-BA,Module-DP,Module-Epoxy",Heller 2017 MK III;PCO520L;Generic,,dormant,none,False,0.0,0.0,0.0,,,0.0,,,unknown
500295957,"TIMER, SOCKET, 2POL, PYF08A","Module-BA,Module-DP,Module-Epoxy",PCO520L;Generic;Heller 2017 MK III,,dormant,none,False,0.0,0.0,0.0,,,0.0,,,unknown
500295958,"SAFETY,RELAY,SOCKET,G7SA","Module-BA,Module-DP,Module-Epoxy",PCO520L;Generic;Heller 2017 MK III,D,dormant,none,False,0.0,0.0,0.0,,,0.0,,,unknown
500295959,"SSR,1PH,HEATSINK","Module-BA,Module-DP,Module-Epoxy",PCO520L;Heller 2017 MK III;Generic,D,dormant,none,False,0.0,0.0,0.0,,,0.0,,,unknown
500295960,"EOCR,GMP,40-3T,40A","Module-BA,Module-DP,Module-Epoxy",PCO520L;Heller 2017 MK III;Generic,,dormant,none,False,0.0,0.0,0.0,,,0.0,,,unknown
500295961,"SSR,ASSY,SGT947360D","Module-BA,Module-DP,Module-Epoxy",PCO520L;Heller 2017 MK III;Generic,,dormant,none,False,0.0,0.0,0.0,,,0.0,,,unknown
500295962,INDUCTION MOTOR,"Module-BA,Module-DP,Module-Epoxy",PCO520L;Heller 2017 MK III;Generic,,dormant,none,False,0.0,0.0,0.0,,,0.0,,,unknown
500295963,LIMIT SWITCH,"Module-BA,Module-DP,Module-Epoxy",Generic;PCO520L;Heller 2017 MK III,,dormant,none,False,0.0,0.0,0.0,,,0.0,,,unknown
500295966,"ANGLE,SEAT,VALVE,1"",FESTO","Module-BA,Module-DP,Module-Epoxy",PCO520L;Generic;Heller 2017 MK III,,dormant,none,False,0.0,0.0,0.0,,,0.0,,,unknown
500295967,MECHANICAL SEAL-L,"Module-BA,Module-DP,Module-Epoxy",Heller 2017 MK III;PCO520L;Generic,M,dying,dying,False,0.0027397260273972603,-0.011111111111111112,0.0027397260273972603,-4.055555555555555,0.0,2.4106037377011003,,,unknown
500295969,"CHECK,VALVE,25A,TUBE","Module-BA,Module-DP,Module-Epoxy",Generic;PCO520L;Heller 2017 MK III,L,dying,dying,False,0.0,0.0,0.0,,,4.0,,,unknown
500295970,"REGULATOR,AIRFLOW","Module-BA,Module-DP,Module-Epoxy",Generic;PCO520L;Heller 2017 MK III,,dormant,none,False,0.0,0.0,0.0,,,0.0,,,unknown
500295971,"BOOSTER,AIR PUMP","Module-BA,Module-DP,Module-Epoxy",PCO520L;Generic;Heller 2017 MK III,D,dormant,none,False,0.0,0.0,0.0,,,0.0,,,unknown
500295972,"CHECK VALVE, 10A, TUBE","Module-BA,Module-DP,Module-Epoxy",Generic;PCO520L;Heller 2017 MK III,,dormant,none,False,0.0,0.0,0.0,,,0.0,,,unknown
500295973,"CHECK VALVE, 20A, TUBE","Module-BA,Module-DP,Module-Epoxy",PCO520L;Heller 2017 MK III;Generic,,dormant,none,False,0.0,0.0,0.0,,,0.0,,,unknown
500295974,"SOLENOID VALVE,SY5120-5LZ-C6","Module-BA,Module-DP,Module-Epoxy",PCO520L;Generic;Heller 2017 MK III,L,dying,dying,False,0.0,0.0,0.0,,,4.0,,,unknown
500295975,HPO EXTERNAL CONVEYOR COUPLING,"Module-BA,Module-DP,Module-Epoxy",Heller 2017 MK III;PCO520L;Generic,,dormant,none,False,0.0,0.0,0.0,,,0.0,,,unknown
500295976,"GEARD,MOTOR,1/30","Module-BA,Module-DP,Module-Epoxy",Heller 2017 MK III;Generic;PCO520L,,dormant,none,False,0.0,0.0,0.0,,,0.0,,,unknown
500295977,"CV,MECHANICAL,SEAL","Module-BA,Module-DP,Module-Epoxy",Generic;Heller 2017 MK III;PCO520L,,dormant,none,False,0.0,0.0,0.0,,,0.0,,,unknown
500295981,FAN MOTOR COUPLING,"Module-BA,Module-DP,Module-Epoxy",Generic;PCO520L;Heller 2017 MK III,,dormant,none,False,0.0,0.0,0.0,,,0.0,,,unknown
500295984,VACUUM PUMP FILTER (VACUUM OPTION),"Module-BA,Module-DP,Module-Epoxy",PCO520L;Generic;Heller 2017 MK III,,dormant,none,False,0.0,0.0,0.0,,,0.0,,,unknown
500295985,"FUSE, SLOWBLOW, CLASS CC 3A","Module-BA,Module-DP,Module-Epoxy",PCO520L;Generic;Heller 2017 MK III,,dormant,none,False,0.0,0.0,0.0,,,0.0,,,unknown
500295986,"FUSE,600VAC,1.5A","Module-BA,Module-DP,Module-Epoxy",Generic;PCO520L;Heller 2017 MK III,,dormant,none,False,0.0,0.0,0.0,,,0.0,,,unknown
500295987,"FUSE, SLOWBLOW, CLASS CC 5A","Module-BA,Module-DP,Module-Epoxy",Heller 2017 MK III;Generic;PCO520L,,dormant,none,False,0.0,0.0,0.0,,,0.0,,,unknown
500296194,CONVEYOR ASSY AL UPGRADE KIT,"Module-DP,Module-TCB","Delta JLP, JTP;Generic",D,dormant,none,False,0.0,0.0,0.0,,,0.0,,,unknown
500296357,HPO INTERNAL CONVEYOR COUPLING KLH50,"Module-BA,Module-DP,Module-Epoxy",PCO520L;Heller 2017 MK III;Generic,L,dying,dying,False,0.0027397260273972603,0.0,0.0027397260273972603,0.0,0.0,4.000000000000001,,,unknown
500296363,"SCREW,.5X4 P-FLAT M/S S/S",Module-Epoxy,Asymtek S902,,dormant,none,False,0.0,0.0,0.0,,,0.0,,,unknown
500296364,"CONNECTOR,THINT,5P M12/M12/F,RFID",Module-Epoxy,Asymtek S922,,dormant,none,False,0.0,0.0,0.0,,,0.0,,,unknown
500296365,"RESISTOR,TERMINATING,MALE,RFID",Module-Epoxy,Asymtek S922,,dormant,none,False,0.0,0.0,0.0,,,0.0,,,unknown
500296366,"CABLE,THIN DROP,MALE/MALE 1M,RFID",Module-Epoxy,Asymtek S922,,dormant,none,False,0.0,0.0,0.0,,,0.0,,,unknown
500296368,HUB GATEWAY PROGRAMED SPECTRUM,"Module-Epoxy,Module-IHS,Module-TCB",Asymtek S912;Asymtek S932;Asymtek S922,,dormant,none,False,0.0,0.0,0.0,,,0.0,,,unknown
500296370,SIDE CLAMP JDEC TOOL SPECTRUM,Module-Epoxy,Asymtek S922,D,dormant,none,False,0.0,0.0,0.0,,,0.0,,,unknown
500296371,IMPINGEMENT HEATER JEDEC,Module-Epoxy,Asymtek S902;EPX FORTE HEATER MODULE,L,dying,dying,False,0.0,0.0,0.0,,,4.0,,,unknown
500296373,"UK, Z STOP, ADJUSTABLE","Module-Epoxy,Module-TCB",Asymtek S932;Asymtek S902;Asymtek S922,,dormant,none,False,0.0,0.0,0.0,,,0.0,,,unknown
500296596,"BALLBEARING,SBT,DRIVEPULLEY,MOTORSIDE",Module-Epoxy,Grohmann MTS-600;GENERIC;Grohmann MTS-605,L,dying,dying,False,0.0,0.0,0.0,,,4.0,,,unknown
500296597,"BALLBEARING,SBT,DRIVEPULLEY,OUTERSIDE",Module-Epoxy,Grohamnn MTS-605;GROHMANN MTS-605;Grohmann MTS-600,D,dormant,none,False,0.0,0.0,0.0,,,0.0,,,unknown
500296598,"BALLBEARING,SBT,TENSIONER",Module-Epoxy,Grohmann MTS-600;Grohmann MTS-605,,dormant,none,False,0.0,0.0,0.0,,,0.0,,,unknown
500296599,PULLEY FOR CONVEYOR STAINLESS STEEL,"Module-Epoxy,Module-MHS","Grohamnn MTS-605;GROHMANN MTS-605;Grohmann MTS-600;Grohmann,MFM-220",D,dormant,none,False,0.0,0.0,0.0,,,0.0,,,unknown
500296600,"MOTORSIDE,PULLEY,SBT,CONVEYOR",Module-Epoxy,Grohmann MTS-605;Grohmann MTS-600,,dormant,none,False,0.0,0.0,0.0,,,0.0,,,unknown
500296601,"LOCKWASHER,(C-CLIP)",Module-Epoxy,GROHMANN MTS-605;Grohamnn MTS-605;Grohmann MTS-600,,dormant,none,False,0.0,0.0,0.0,,,0.0,,,unknown
500296612,LINAK HOOD CONTROLLER BOX,Module-Epoxy,Heller 1800SS;Heller HRF;Heller FAR,L,dying,dying,False,0.0027397260273972603,0.0,0.0027397260273972603,0.0,0.0,4.0,,,unknown
500298454,ENERGY-DATA INTERFACE CPL. /X-SERIES,Module-TCB,"ASM-Pacific,Phoenix;GENERIC",D,dormant,none,False,0.0,0.0,-0.0027397260273972603,,,0.0,,,unknown
500298457,PCB/EDIF  SECONDARY IRDA BOARD,Module-TCB,"ASM-Pacific,Phoenix;GENERIC",,dormant,none,False,0.0,0.0,0.0,,,0.0,,,unknown
500298469,FLAP CPL / FOIL DISPOSAL X32,Module-TCB,"GENERIC;ASM-Pacific,Phoenix",D,dormant,none,False,0.0,0.0,-0.0547945205479452,,,0.0,,,unknown
500298699,CIRCUIT BREAKER 24V,Module-Epoxy,Grohmann MTS-600;GENERIC;Grohmann MTS-605,D,dormant,none,False,0.0,0.0,0.0,,,0.0,,,unknown
500298700,YSRT-8-8-C; 1988988,"Module-DP,Module-Epoxy",DP Besi 300MM TTR;Grohamnn MTS-605;Grohmann MTS-600;GROHMANN MTS-605;Generic,L,dying,dying,False,0.0,0.0,0.0,,,4.0,,,unknown
500298701,CIRCUIT BREAKER 24V,"Module-DP,Module-Epoxy",Grohmann MTS-600;GROHMANN MTS-605;Generic,,dormant,none,False,0.0,0.0,0.0,,,0.0,,,unknown
500298702,CIRCUIT BREAKER 24V,Module-Epoxy,Grohmann MTS-600;Grohamnn MTS-605;GROHMANN MTS-605,,dormant,none,False,0.0,0.0,0.0,,,0.0,,,unknown
500299015,"HOSE,FIXBLOCK,1","Module-BA,Module-DP,Module-Epoxy",Generic;Heller 2017 MK III;PCO520L,,dormant,none,False,0.0,0.0,0.0,,,0.0,,,unknown
500299016,"HOSE,FIXBLOCK,2","Module-BA,Module-DP,Module-Epoxy",PCO520L;Heller 2017 MK III;Generic,,dormant,none,False,0.0,0.0,0.0,,,0.0,,,unknown
500299017,"UNION,ELBOW,15A","Module-BA,Module-DP,Module-Epoxy",Heller 2017 MK III;Generic;PCO520L,,dormant,none,False,0.0,0.0,0.0,,,0.0,,,unknown
500299018,"MALE, ELBOW,12TUBE,15APT","Module-BA,Module-DP,Module-Epoxy",Generic;Heller 2017 MK III;PCO520L,,dormant,none,False,0.0,0.0,0.0,,,0.0,,,unknown
500299020,"IDLER, ROLLER","Module-BA,Module-DP,Module-Epoxy",PCO520L;Generic;Heller 2017 MK III,,dormant,none,False,0.0,0.0,0.0,,,0.0,,,unknown
500299021,"MALE, ELBOW,ONETOUCH,FITTING","Module-BA,Module-DP,Module-Epoxy",Generic;Heller 2017 MK III;PCO520L,,dormant,none,False,0.0,0.0,0.0,,,0.0,,,unknown
500299022,SPRING/SWU31-190/MISUMI,"Module-BA,Module-DP,Module-Epoxy",Heller 2017 MK III;Generic;PCO520L,,dormant,none,False,0.0,0.0,0.0,,,0.0,,,unknown
500299023,"SILENCER,6A","Module-BA,Module-DP,Module-Epoxy",Heller 2017 MK III;PCO520L;Generic,,dormant,none,False,0.0,0.0,0.0,,,0.0,,,unknown
500300144,SOFT SILICON TUBE OD=18MM ID=12MM,Module-TCB,"ASM-Pacific,Phoenix;GENERIC",D,dormant,none,False,0.0,0.0,0.0,,,0.0,,,unknown
500300623,ADJUSTMENT PEDESTAL,Module-TCB,"ASM-Pacific,Phoenix",D,dormant,none,False,0.0,0.0,0.0,,,0.0,,,unknown
500300624,3MM X3MM PROBE NOZZLE,"Module-DP,Module-TCB","ASM-Pacific,Phoenix;Generic;ASM-Pacific,Firebird",D,dormant,none,False,0.0,0.0,0.0,,,0.0,,,unknown
500301541,REED SWITCH,Module-TCB,Asymtek S932,M,active,constant,True,0.25753424657534246,0.4111111111111111,0.25753424657534246,1.596335697399527,0.0,0.7390142252979622,,,unknown
500302272,"NALGENE_BOTTLE,15ML,PACKOF12","Module-Epoxy,Module-IHS,Module-TCB",Asymtek S912;Asymtek S932;Asymtek S922,L,active,constant,True,0.010958904109589041,0.03333333333333333,0.010958904109589041,3.0416666666666665,0.75,3.513477975016437,,,unknown
500302601,CHARGE AMPLIFIER 5039A 500PC,Module-TCB,"ASM-Pacific,Phoenix",D,dormant,none,False,0.0,0.0,0.0,,,0.0,,,unknown
500302604,SHIM 0.09MM,Module-TCB,"ASM-Pacific,Phoenix;ASM-Pacific,Firebird",D,dormant,none,False,0.0,0.0,0.0,,,0.0,,,unknown
500302606,SHIM 0.07MM,Module-TCB,"ASM-Pacific,Firebird;ASM-Pacific,Phoenix",L,dying,dying,False,0.0,0.0,0.0,,,4.0,,,unknown
500302607,SHIM 0.1MM,Module-TCB,"ASM-Pacific,Phoenix;ASM-Pacific,Firebird",L,dying,dying,False,0.0,0.0,0.0,,,4.0,,,unknown
500302608,SHIM RING CIMRS5-10-0.01,"Module-CAM,Module-TCB","DEK Galaxy;ASM-Pacific,Firebird;ASM-Pacific,Phoenix",D,dormant,none,False,0.0,0.0,0.0,,,0.0,,,unknown
500302609,SHIM RING CIMRS5-10-0.02,"Module-CAM,Module-TCB","ASM-Pacific,Firebird;ASM-Pacific,Phoenix;DEK Galaxy",D,dormant,none,False,0.0,0.0,0.0,,,0.0,,,unknown
500302611,SHIM RING CIMRS5-10-0.1,Module-TCB,"ASM-Pacific,Phoenix;ASM-Pacific,Firebird",D,dormant,none,False,0.0,0.0,0.0,,,0.0,,,unknown
500302615,SHIM 0.03MM,Module-TCB,"ASM-Pacific,Phoenix;ASM-Pacific,Firebird;TSMab",D,dormant,none,False,0.0,0.0,0.0,,,0.0,0.0,-3.0,decreasing
500302666,FUSED SILICA OPTICAL WINDOW D12.5,Module-TCB,"ASM-Pacific,Firebird;ASM-Pacific,Phoenix",,dormant,none,False,0.0,0.0,0.0,,,0.0,,,unknown
500303281,APC REPLACEMENT BATTERY CARTRIDGE #140,Module-TCB,"ASM-Pacific,Phoenix;GENERIC",L,active,constant,True,0.00821917808219178,0.022222222222222223,0.00821917808219178,2.703703703703704,0.0,2.125,,,unknown
500303571,FILTER ELEMENT ZFC77,Module-TCB,"ASM-Pacific,Phoenix",L,active,constant,True,0.010958904109589041,0.044444444444444446,0.010958904109589041,4.055555555555555,0.5,1.7777777777777775,,,unknown
500303805,FITTING (KQ2P-06),Module-TCB,"ASM-Pacific,Phoenix;ASM-Pacific,Firebird",D,dormant,none,False,0.0,0.0,0.0,,,0.0,,,unknown
500303806,(AT) ADAPTOR FOR TUBE D6,Module-TCB,"ASM-Pacific,Phoenix",,dormant,none,False,0.0,0.0,0.0,,,0.0,,,unknown
500304157,SS SHAFTGUIDE SIDE CLAMP 5MM NON ELEC,Module-TCB,"Delta JLP, JTP",,dormant,none,False,0.0,0.0,0.0,,,0.0,,,unknown
500304158,AL BASE OF TRAY CLAMP ACTUATOR,Module-TCB,"Delta JLP, JTP",,dormant,none,False,0.0,0.0,0.0,,,0.0,,,unknown
500304159,TORLON PISTON TRAY CLAMP ACTUATOR,Module-TCB,"Delta JLP, JTP",D,dormant,none,False,0.0,0.0,0.0,,,0.0,,,unknown
500304160,SS DOWEL PIN 3MM DIA X 10MML NON ELEC,Module-TCB,"Delta JLP, JTP",,dormant,none,False,0.0,0.0,0.0,,,0.0,,,unknown
500304161,SS SOCKET M2X12MM HEX SCREW,Module-TCB,"Delta JLP, JTP",D,dormant,none,False,0.0,0.0,0.0,,,0.0,,,unknown
500304162,"SHIM WASHER,6MM ID,12 OD,0.3 T",Module-TCB,"Delta JLP, JTP",D,dormant,none,False,0.0,0.0,0.0,,,0.0,,,unknown
500304163,RUBBER O-RING 7/31 INCH NON-ELEC,Module-TCB,"Delta JLP, JTP",D,dormant,none,False,0.0,0.0,0.0,,,0.0,,,unknown
500304164,SS SOCKET M2X4MM HEX SCREW,Module-TCB,"Delta JLP, JTP",,dormant,none,False,0.0,0.0,0.0,,,0.0,,,unknown
500304165,ALLOY STEEL HELICAL SPRING 6.35MM,Module-TCB,"Delta JLP, JTP",D,dormant,none,False,0.0,0.0,0.0,,,0.0,,,unknown
500305749,FLAT BELT  L-596,"Module-CAM,Module-Epoxy","Grohmann MTS-600;GROHMANN MTS-605;Grohmann Vertical oven;Grohamnn MTS-605;Grohmann,MFM-200",,dormant,none,False,0.0,0.0,0.0,,,0.0,,,unknown
500307631,SOLID STATE RELAY 24V 6.3A,"Module-DP,Module-Epoxy",Grohmann Vertical oven;Grohmann MTS-600;Generic;GROHMANN MTS-605,,dormant,none,False,0.0,0.0,0.0,,,0.0,,,unknown
500307675,"BLOWER,FAN",Module-Epoxy,Grohmann Vertical oven,,dormant,none,False,0.0,0.0,0.0,,,0.0,,,unknown
500307676,"BALLBEARING,8/16MM,DIAMETER",Module-Epoxy,GROHMANN MTS-605;Grohmann MTS-600;Grohmann Vertical oven,,dormant,none,False,0.0,0.0,0.0,,,0.0,,,unknown
500307677,OPTICAL FIBRE CABLE FU-85H,"Module-DP,Module-Epoxy",Grohmann MTS-600;Grohamnn MTS-605;Grohmann Vertical oven;Generic,D,dormant,none,False,0.0,0.0,0.0,,,0.0,,,unknown
500307678,"MOTORGEAR,COMBO,SBT,CONV","Module-DP,Module-Epoxy",Grohmann MTS-600;Grohmann Vertical oven;Grohamnn MTS-605;GROHMANN MTS-605;Generic,D,dormant,none,False,0.0,0.0,0.0,,,0.0,,,unknown
500307679,"ETHERCAT TERMINAL, 48?V?DC, 3.5?A",Module-Epoxy,Grohmann Vertical oven;Tesla PMM;GROHMANN MTS-605;Grohmann MTS-600,L,active,constant,True,0.0027397260273972603,0.011111111111111112,0.0027397260273972603,4.055555555555555,0.0,3.9999999999999996,,,unknown
500307680,ALUMINIUM RAIL 304MM,Module-Epoxy,GROHMANN MTS-605;Grohmann MTS-600;Grohmann Vertical oven,,dormant,none,False,0.0,0.0,0.0,,,0.0,,,unknown
500307681,DIGITAL FLOW SWITCH FOR AIR-GASES 24VDC,Module-Epoxy,Grohmann Vertical oven,D,dormant,none,False,0.0,0.0,0.0,,,0.0,,,unknown
500307682,"HEATING,CARTRIDGE,RUNOUT,HEATER",Module-Epoxy,Grohmann Vertical oven,,dormant,none,False,0.0,0.0,0.0,,,0.0,,,unknown
500307683,"FLATBELT,S5150,600X8X1.7MM","Module-DP,Module-Epoxy",Generic;Grohmann MTS-600;GROHMANN MTS-605;Grohmann Vertical oven,L,dying,dying,False,0.0,0.0,0.0,,,4.0,,,unknown
500307684,TEMPERATURE SENSOR PT100 4 WIRE,Module-Epoxy,GROHMANN MTS-605;Grohmann Vertical oven;Grohmann MTS-600,,dormant,none,False,0.0,0.0,0.0,,,0.0,,,unknown
500307686,"FLATBELT,S5150,740X8X1.7MM","Module-DP,Module-Epoxy",Grohmann Vertical oven;GROHMANN MTS-605;Generic;Grohmann MTS-600,,dormant,none,False,0.0,0.0,0.0,,,0.0,,,unknown
500307687,"FLATBELT,S5150,820X8X1.7MM","Module-DP,Module-Epoxy",Grohamnn MTS-605;Grohmann MTS-600;Grohmann Vertical oven;Generic,,dormant,none,False,0.0,0.0,0.0,,,0.0,,,unknown
500307932,INTERNAL CARBON BRUSH,"Module-CAM,Module-MHS,Module-TCB","APPJ MFM-220;Grohmann,MFM-220;Grohmann,MFM-200",M,active,constant,True,0.0547945205479452,0.044444444444444446,0.0547945205479452,0.8111111111111112,0.0,0.4462878392824928,,20.0,unknown
500307943,ORING SEAL,"Module-CAM,Module-MHS,Module-TCB","Grohmann,MFM-200;Grohmann,MFM-220;APPJ MFM-220",D,dormant,none,False,0.0,0.0,0.0,,,0.0,,,unknown
500307955,DRIVING BELT,"Module-CAM,Module-MHS,Module-TCB","APPJ MFM-220;Grohmann,MFM-200;Grohmann,MFM-220",L,active,constant,True,0.00821917808219178,0.022222222222222223,0.00821917808219178,2.703703703703704,0.0,1.9912377002602408,,,unknown
500308249,"BDW DE, PICKHEAD, TEMPLATE",Module-TCB,"ASM-Pacific,Phoenix",D,dormant,none,False,0.0,0.0,0.0,,,0.0,,,unknown
500308250,"BDW DE, BALLHEAD, TEMPLATE",Module-TCB,"ASM-Pacific,Phoenix",D,dormant,none,False,0.0,0.0,0.0,,,0.0,,,unknown
500308254,I/P SHUT OT  Z MTR FLEX CABLE,Module-TCB,"ASM-Pacific,Phoenix",,dormant,none,False,0.0,0.0,0.0,,,0.0,,,unknown
500308255,Y SHUTTLE OT TABLE X ENC FLEX ASSY,Module-TCB,"ASM-Pacific,Phoenix",,dormant,none,False,0.0,0.0,0.0,,,0.0,,,unknown
500308256,I/P SHUT OT  X MTR FLEX CABLE,Module-TCB,"ASM-Pacific,Phoenix",,dormant,none,False,0.0,0.0,0.0,,,0.0,,,unknown
500308257,I/P SHUT ENC FLEX CABLE,Module-TCB,"ASM-Pacific,Phoenix",,dormant,none,False,0.0,0.0,0.0,,,0.0,,,unknown
500309240,TOP RAIL - LEFT,Module-Epoxy,PCO520L,,dormant,none,False,0.0,0.0,0.0,,,0.0,,,unknown
500309241,TOP RAIL - RIGHT,Module-Epoxy,PCO520L,,dormant,none,False,0.0,0.0,0.0,,,0.0,,,unknown
500309242,STEPPED BOLT,Module-Epoxy,PCO520L,H,active,constant,True,0.04657534246575343,0.011111111111111112,0.04657534246575343,0.23856209150326796,0.058823529411764705,0.5041577019361203,,,unknown
500309243,12 TOOTH 35 PITCH IDLER SPROCKET,Module-Epoxy,PCO520L,D,dormant,none,False,0.0,0.0,0.0,,,0.0,,,unknown
500309244,REFLECTIVE SENSOR,Module-Epoxy,PCO520L,L,active,constant,True,0.005479452054794521,0.011111111111111112,0.005479452054794521,2.0277777777777777,0.0,2.150770512286547,,,unknown
500309245,COROSION RESISTANT ROLLER CHAIN - 35,Module-Epoxy,PCO520L,,dormant,none,False,0.0,0.0,0.0,,,0.0,,,unknown
500309246,U-SHAPED PHOTO SENSOR,Module-Epoxy,PCO520L,D,dormant,none,False,0.0,0.0,0.0,,,0.0,,,unknown
500309248,GEARD MOTOR/ H2F22R015/ NISSEI,Module-Epoxy,PCO520L,,dormant,none,False,0.0,0.0,0.0,,,0.0,,,unknown
500310519,"BAR-POP-U1-500-SIC,40121","Module-DP,Module-TCB","ASM-Pacific,Firebird;Generic",,dormant,none,False,0.0,0.0,0.0,,,0.0,,,unknown
500310543,"BUSHING,LOCATING-16MM ID","Module-DP,Module-TCB","Generic;Delta JLP, JTP",L,dying,dying,False,0.0,0.0,0.0,,,4.0,,,unknown
500310544,"BUSHING,LOCATING-16MM ID","Module-DP,Module-TCB","Delta JLP, JTP;Generic",L,dying,dying,False,0.0,0.0,0.0,,,4.0,,,unknown
500311819,AKBEW (MAGNET TOP PLATE VER) UGK,Module-TCB,"ASM-Pacific,Phoenix",D,dormant,none,False,0.0,0.0,0.0,,,0.0,,,unknown
500311823,ROD ASSY,Module-TCB,"ASM-Pacific,Firebird;ASM-Pacific,Phoenix",L,dormant,none,False,0.0,0.0,0.0,,,0.0,,,unknown
500312345,"PRESSURE SENSOR,8A/PF",Module-Epoxy,PCO520L,D,dormant,none,False,0.0,0.0,0.0,,,0.0,,,unknown
500312458,RELA LINEAR SCALE ML=20MM,Module-TCB,"ASM-Pacific,Phoenix;ASM-Pacific,Firebird",,dormant,none,False,0.0,0.0,0.0,,,0.0,,,unknown
500312770,"BS PEDESTAL ASSY (BDW, ULT) (40X24X0.17)",Module-TCB,"ASM-Pacific,Phoenix",,dormant,none,False,0.0,0.0,0.0,,,0.0,,,unknown
500312771,STA PICKHEAD ASSY SET (BDW),Module-TCB,"ASM-Pacific,Phoenix",,dormant,none,False,0.0,0.0,0.0,,,0.0,,,unknown
500312773,STA PICKHEAD ASSY SET (ANNIE),Module-TCB,"ASM-Pacific,Phoenix;GENERIC",,dormant,none,False,0.0,0.0,0.0,,,0.0,,,unknown
500312774,PEDESTAL -SKL ULT 2+2,Module-TCB,"ASM-Pacific,Phoenix",,dormant,none,False,0.0,0.0,0.0,,,0.0,,,unknown
500312776,BS PEDESTAL ASSY (ND5) 50X50X0.17,Module-TCB,"GENERIC;ASM-Pacific,Phoenix",,dormant,none,False,0.0,0.0,0.0,,,0.0,,,unknown
500312777,STA PICKHEAD ASSY SET (CHT),Module-TCB,"GENERIC;ASM-Pacific,Phoenix",,dormant,none,False,0.0,0.0,0.0,,,0.0,,,unknown
500312778,TCB STA ND5  HYBRID 4UP 50X50,Module-TCB,"GENERIC;ASM-Pacific,Phoenix",,dormant,none,False,0.0,0.0,0.0,,,0.0,,,unknown
500312779,BS PEDESTAL ASSY (CHT) (74X227.6X0.17),Module-TCB,"ASM-Pacific,Phoenix;GENERIC",,dormant,none,False,0.0,0.0,0.0,,,0.0,,,unknown
500312781,BS PED ASSY (SKY ULT 2+3E)(24X42X0.17),Module-TCB,"ASM-Pacific,Phoenix;GENERIC",,dormant,none,False,0.0,0.0,0.0,,,0.0,,,unknown
500312782,"STA PICKHEAD ASSY SET(SKY A0, STIFFENER)",Module-TCB,"ASM-Pacific,Phoenix;GENERIC",,dormant,none,False,0.0,0.0,0.0,,,0.0,,,unknown
500312783,BS P ASSY (HALO 4+4E REV1) (42X28X0.17),Module-TCB,"GENERIC;ASM-Pacific,Phoenix",,dormant,none,False,0.0,0.0,0.0,,,0.0,,,unknown
500312784,STA PICKHEAD ASSY SET (SKY HALO 4+4E),Module-TCB,"GENERIC;ASM-Pacific,Phoenix",,dormant,none,False,0.0,0.0,0.0,,,0.0,,,unknown
500312927,FUSE 5X20MM T 10A 250V,Module-TCB,"ASM-Pacific,Firebird;ASM-Pacific,Phoenix",,dormant,none,False,0.0,0.0,0.0,,,0.0,,,unknown
500313019,BS PEDESTAL ASSY  (PPARK) (66X230X0.17),Module-TCB,"ASM-Pacific,Phoenix",,dormant,none,False,0.0,0.0,0.0,,,0.0,,,unknown
500313178,BANK 2 WITH KINEMATICS ASSY (34X24),Module-TCB,"GENERIC;ASM-Pacific,Phoenix",D,dormant,none,False,0.0,0.0,0.0,,,0.0,,,unknown
500313179,BANK 1 WITH KINEMATICS ASSY (34X24),Module-TCB,"ASM-Pacific,Phoenix;GENERIC",,dormant,none,False,0.0,0.0,0.0,,,0.0,,,unknown
500313180,BANK 3 WITH KINEMATICS ASSY (34X24),Module-TCB,"ASM-Pacific,Phoenix;GENERIC",D,dormant,none,False,0.0,0.0,0.0,,,0.0,,,unknown
500313313,SUB EXI L FLEX CABLE ASSY,"Module-DP,Module-TCB","Generic;ASM-Pacific,Phoenix;TCB_Generic",,dormant,none,False,0.0,0.0,0.0,,,0.0,,,unknown
500313781,STRAIGHT UNION,Module-TCB,"ASM-Pacific,Phoenix;GENERIC",,dormant,none,False,0.0,0.0,0.0,,,0.0,,,unknown
500313950,RIGHT WORKCHUCK X MOTOR COIL,Module-TCB,"ASM-Pacific,Firebird;ASM-Pacific,Phoenix",,dormant,none,False,0.0,0.0,0.0,,,0.0,,,unknown
500313951,LEFT WORKCHUCK X AUX MOTOR COIL,Module-TCB,"ASM-Pacific,Phoenix;ASM-Pacific,Firebird",,dormant,none,False,0.0,0.0,0.0,,,0.0,,,unknown
500313952,RIGHT WORKCHUCK X AUX MOTOR COIL,Module-TCB,"ASM-Pacific,Phoenix;ASM-Pacific,Firebird",,dormant,none,False,0.0,0.0,0.0,,,0.0,,,unknown
500315046,NDIIIS CONTROLPOWERMODULE,Module-TCB,"ASM-Pacific,Firebird",,dormant,none,False,0.0,0.0,0.0,,,0.0,,,unknown
500315048,NUDRIVE-3S: EXTENDED POWER MODULE,Module-TCB,"ASM-Pacific,Firebird",D,dormant,none,False,0.0,0.0,0.0,,,0.0,,,unknown
500315055,NUDRIVE-3S: EXTENDED POWER MODULE,Module-TCB,"ASM-Pacific,Firebird",D,dormant,none,False,0.0,0.0,0.0,,,0.0,0.0,-2.0,decreasing
500315752,"OPTICAL,SENSOR,E040,EE-SX674","Module-Finish,Module-TCB",TCB_Generic;Lot-5000 Tray Laser Marker,L,active,constant,True,0.0027397260273972603,0.011111111111111112,0.0027397260273972603,4.055555555555555,0.0,2.1353732668533567,,,unknown
500316165,"1/2"" ID, H/T Hose",Module-Epoxy,Heller FAR;Heller 2017 Formic Acid;Heller HRF;Heller VCO,D,dormant,none,False,0.0,0.0,0.0,,,0.0,,,unknown
500316431,1/4 RC SWIVEL STREET ELBOW,Module-Epoxy,VERTICAL PREBAKE EPOXY OVEN;Heller VCO,,dormant,none,False,0.0,0.0,0.0,,,0.0,,,unknown
500316432,"ASSEMBLY,1/4,WAVE,MOUNT,355NM",Module-Epoxy,VERTICAL PREBAKE EPOXY OVEN;Heller HRF;Heller FAR,,dormant,none,False,0.0,0.0,0.0,,,0.0,,,unknown
500316433,"ASSEMBLY,1/2, WAVE,PLATE,AOR",Module-Epoxy,VERTICAL PREBAKE EPOXY OVEN;Heller FAR;Heller HRF,,dormant,none,False,0.0,0.0,0.0,,,0.0,,,unknown
500316483,PEDESTAL-BRD-EP,Module-TCB,"ASM-Pacific,Phoenix",D,dormant,none,False,0.0,0.0,0.0,,,0.0,,,unknown
500316485,STA PICKHEAD ASSY SET (SKX_XCC),Module-TCB,"GENERIC;ASM-Pacific,Phoenix",,dormant,none,False,0.0,0.0,0.0,,,0.0,,,unknown
500316488,BS PEDESTAL A (SKX_XCC_CP)(48X37.5X0.17),Module-TCB,"ASM-Pacific,Firebird;ASM-Pacific,Phoenix",,dormant,none,False,0.0,0.0,0.0,,,0.0,,,unknown
500316650,HONEYWELL OXYGEN O2 SENSOR CARTRIDGE,Module-TCB,"ASM-Pacific,Firebird;ASM-Pacific,Phoenix",D,dormant,none,False,0.0,0.0,0.0,,,0.0,,,unknown
500316909,RITA 12V 7.2AH BATTERY,"Module-CAM,Module-DP,Module-TCB","Delta JLP, JTP;Generic;BTU,PARAGON",D,dying,dying,False,0.0,0.0,0.0,,,4.0,,,unknown
500316923,BAR TYPE IONIZER,Module-TCB,"ASM-Pacific,Phoenix",,dormant,none,False,0.0,0.0,0.0,,,0.0,0.0,-2.0,decreasing
500317475,NU MOTION CONTROLLER BOARD,Module-TCB,"ASM,TCB,Y-SHUTTLE;ASM-Pacific,Phoenix",,dormant,none,False,0.0,0.0,0.0,,,0.0,,,unknown
500318018,2 PORT VIDEO SPLITTER LONG DISTANCE,"Module-BA,Module-TCB","ASM-Pacific,Firebird;ASM-Pacific, Falcon",,dormant,none,False,0.0,0.0,0.0,,,0.0,,,unknown
500318166,STA PICKHEAD ASSY SET (CCRK),"Module-DP,Module-TCB","ASM-Pacific,Phoenix;ASM-Pacific,Firebird;Generic",,dormant,none,False,0.0,0.0,0.0,,,0.0,,,unknown
500318170,STA PICKHEAD ASSY SET (ANF),Module-TCB,"ASM-Pacific,Phoenix",,dormant,none,False,0.0,0.0,0.0,,,0.0,,,unknown
500318174,TCB PEDESTAL SDP 4UP 55X55,Module-TCB,"ASM-Pacific,Phoenix",,dormant,none,False,0.0,0.0,0.0,,,0.0,,,unknown
500318188,STA PICKHEAD ASSY SET (CNL TMTV),Module-TCB,"ASM-Pacific,Phoenix",,dormant,none,False,0.0,0.0,0.0,,,0.0,,,unknown
500318193,TCB PEDESTAL ND5 2XCVR 5UP 42.5X42.5,Module-TCB,"ASM-Pacific,Phoenix",,dormant,none,False,0.0,0.0,0.0,,,0.0,,,unknown
500318195,TCB STA ND5 2XCVR 5UP 42.5X42.5,Module-TCB,"ASM-Pacific,Phoenix",,dormant,none,False,0.0,0.0,0.0,,,0.0,,,unknown
500318197,BS PEDESTAL ASSY (CNL U22) (24X45X0.17),Module-TCB,"ASM-Pacific,Phoenix",,dormant,none,False,0.0,0.0,0.0,,,0.0,,,unknown
500318198,STA - PER PAIR - CNL U22,Module-TCB,"ASM-Pacific,Phoenix",,dormant,none,False,0.0,0.0,0.0,,,0.0,,,unknown
500318199,TCB PEDESTAL SKX DE 52.5X45,Module-TCB,"ASM-Pacific,Phoenix",D,dormant,none,False,0.0,0.0,0.0,,,0.0,,,unknown
500318205,COG PEDESTAL ASSY FOR CAP SENSOR,Module-TCB,"ASM-Pacific,Phoenix",D,dormant,none,False,0.0,0.0,0.0,,,0.0,,,unknown
500318240,STEEL WIRE CLAMP,Module-TCB,"ASM-Pacific,Phoenix;ASM-Pacific,Firebird",,dormant,none,False,0.0,0.0,0.0,,,0.0,,,unknown
500318254,"IONIZER BAR,MODEL 5710,400MM","Module-OLx,Module-TCB,Module-Test","JLP Stacker/Destacker;Delta JLP, JTP",L,dying,dying,False,0.0027397260273972603,0.0,0.0027397260273972603,0.0,0.0,4.000000000000001,,,unknown
500318255,"LATCH,SINGLE HOLE MOUNT",Module-TCB,"Delta JLP, JTP",,dormant,none,False,0.0,0.0,0.0,,,0.0,,,unknown
500318256,SILICONE VACUUM PAD 8MM,Module-TCB,"Delta JLP, JTP",D,dormant,none,False,0.0,0.0,0.0,,,0.0,,,unknown
500318257,"THUMBSCREW, M5X25, KNURL KNOB",Module-TCB,"Delta JLP, JTP",,dormant,none,False,0.0,0.0,0.0,,,0.0,,,unknown
500318258,SENSOR APERTURE VERTICAL 0.5MM ELEC,Module-TCB,"Delta JLP, JTP",M,active,constant,True,0.0136986301369863,0.022222222222222223,0.0136986301369863,1.6222222222222225,0.0,1.2131970699432892,,,unknown
500318259,SILICONE VACUUM PAD 10MM,Module-TCB,"Delta JLP, JTP",L,dying,dying,False,0.030136986301369864,0.0,0.030136986301369864,0.0,0.0,4.0,,,unknown
500318260,BRASS BULKHEAD UNION FITTING 4MM OD,Module-TCB,"Delta JLP, JTP",D,dormant,none,False,0.0,0.0,0.0,,,0.0,,,unknown
500318261,FEP UNION BULKHEAD FITTING 3.2MM,Module-TCB,"Delta JLP, JTP",L,dying,dying,False,0.005479452054794521,0.0,0.005479452054794521,0.0,0.0,1.798347107438016,,,unknown
500318262,STEEL STEPPED SPACER 5.5MM ID 9.5MM OD,Module-TCB,"Delta JLP, JTP",,dormant,none,False,0.0,0.0,0.0,,,0.0,,,unknown
500318263,"SPRING,FLAT,DBL-BEND","Module-DP,Module-MHS,Module-TCB","Delta JLP, JTP;Generic;Grohmann,MFM-220",M,dying,dying,False,0.010958904109589041,0.0,0.010958904109589041,0.0,0.0,2.8897535835868813,,,unknown
500318264,PVC VIDEO CABLE W CONN 9MM 24V,"Module-OLx,Module-TCB,Module-Test","Delta,Summit,ATC;Delta JLP, JTP;Delta,OLB",L,dying,dying,False,0.0,0.0,0.0,,,4.0,,,unknown
500318265,"BLOCK, BEARING","Module-DP,Module-TCB","Delta JLP, JTP;Generic",D,dormant,none,False,0.0,0.0,0.0,,,0.0,,,unknown
500318266,"SPACER,PULLEY,6.07IDX2.00L",Module-TCB,"Delta JLP, JTP",D,dormant,none,False,0.0,0.0,0.0,,,0.0,,,unknown
500318267,SS GUIDE PIN W TOP PLATE DIAMETER 4MM,Module-TCB,"Delta JLP, JTP",,dormant,none,False,0.0,0.0,0.0,,,0.0,,,unknown
500318268,PVC SENSOR CABLE W CONN 2.5MM 24V,Module-TCB,"Delta JLP, JTP",,dormant,none,False,0.0,0.0,0.0,,,0.0,,,unknown
500318269,PVC SENSOR CABLE W CONN 2.5MM 24V,Module-TCB,"Delta JLP, JTP",L,dormant,none,False,0.0,0.0,0.0,,,0.0,,,unknown
500319164,HVMOTY MOTOR,Module-TCB,"ASM-Pacific,Firebird;ASM-Pacific,Phoenix",D,dormant,none,False,0.0,0.0,0.0,,,0.0,,,unknown
500319166,HVMOTX MOTOR,Module-TCB,"ASM-Pacific,Firebird;ASM-Pacific,Phoenix",D,dormant,none,False,0.0,0.0,0.0,,,0.0,,,unknown
500319180,MOLDED AUTO CIRCUIT BREAKER 277V 10A,Module-Epoxy,Grohmann MTS-600;Grohmann MTS-605,,dormant,none,False,0.0,0.0,0.0,,,0.0,,,unknown
500319181,MOLDED AUTO CIRCUIT BREAKER 277V 4A,Module-Epoxy,GROHMANN MTS-605;Grohamnn MTS-605;Grohmann MTS-600,,dormant,none,False,0.0,0.0,0.0,,,0.0,,,unknown
500319182,MOLDED AUTO CIRCUIT BREAKER 277V 8A,Module-Epoxy,Grohmann MTS-600;Grohmann MTS-605,,dormant,none,False,0.0,0.0,0.0,,,0.0,,,unknown
500319859,ACTUATOR,Module-TCB,"ASM-Pacific,Phoenix",D,dormant,none,False,0.0,0.0,0.0,,,0.0,,,unknown
500320265,PLASMA JET NOZZLE PTF 2651-2,"Module-MHS,Module-TCB","Grohmann,MFM-220;APPJ MFM-220",L,dying,dying,False,0.0,0.0,0.0,,,4.0,,,unknown
500320316,TCB STA SKX LCC 34.5 X 37.5,Module-TCB,"ASM-Pacific,Phoenix",D,dormant,none,False,0.0,0.0,0.0,,,0.0,,,unknown
500320319,TCB PEDESTAL SKX LCC 34.5 X 37.5,Module-TCB,"ASM-Pacific,Phoenix",D,dormant,none,False,0.0,0.0,0.0,,,0.0,,,unknown
500320434,0.6MM CLEANING ROD,Module-TCB,"ASM-Pacific,Phoenix",,dormant,none,False,0.0,0.0,0.0,,,0.0,,,unknown
500320435,0.7 MM CLEANING ROD,Module-TCB,"ASM-Pacific,Phoenix",,dormant,none,False,0.0,0.0,0.0,,,0.0,,,unknown
500320723,GAS STRUT 100 N,"Module-CAM,Module-Epoxy,Module-MHS","Grohamnn MTS-605;Grohmann,MFM-200;Grohmann MTS-600;Grohmann,MFM-220",D,dormant,none,False,0.0,0.0,0.0,,,0.0,,,unknown
500320724,GAS STRUT 50 N,"Module-CAM,Module-Epoxy","Grohmann MTS-600;GROHMANN MTS-605;Grohmann,MFM-200;Grohmann Vertical oven",D,dormant,none,False,0.0,0.0,0.0,,,0.0,,,unknown
500320779,BH HEATER COVER (STRAIGHT CUT VER.),Module-TCB,"ASM-Pacific,Firebird;ASM-Pacific,Phoenix",D,dormant,none,False,0.0,0.0,0.0,,,0.0,,,unknown
500320856,".11HP NIDEC MTR, 4.75'' IMP,FS,EXHAUST","Module-BA,Module-Epoxy",Heller 1800SS;Heller 2017 MK III,D,dormant,none,False,0.0,0.0,0.0,,,0.0,,,unknown
500320858,".11HP NIDEC MTR, 4.75'' IMP,FS,HEAT ZONE","Module-BA,Module-Epoxy",Heller 2017 MK III;Heller 1800SS,L,dying,dying,False,0.0,0.0,0.0,,,4.0,,,unknown
500321134,METROLOGY CARRIER SCREW,Module-Epoxy,Grohmann MTS-600;Grohamnn MTS-605,,dormant,none,False,0.0,0.0,0.0,,,0.0,,,unknown
500321135,WASHER FOR SBT BEARING 1 SET/100,Module-Epoxy,Grohmann MTS-600;Grohmann MTS-605,D,dormant,none,False,0.0,0.0,0.0,,,0.0,,,unknown
500321289,ASM PULLEY WITH SHAFT,Module-TCB,"Delta JLP, JTP",D,dormant,none,False,0.0,0.0,0.0,,,0.0,,,unknown
500321452,SURFACE PROBE TYPE K,Module-TCB,"GENERIC;ASM-Pacific,Phoenix",D,dormant,none,False,0.0,0.0,0.0,,,0.0,,,unknown
500321608,(1) SET OF (10) CABINET LOCKER KEY,"Module-CAM,Module-Epoxy,Module-MHS","Grohmann,MFM-200;Grohmann, MFM-220.2;Grohmann MTS-600;Grohamnn MTS-605",,dormant,none,False,0.0,0.0,0.0,,,0.0,,,unknown
500321717,GAS STRUT 100 N PUSHER FLAP,"Module-CAM,Module-Epoxy","Grohamnn MTS-605;Grohmann MTS-600;Grohmann,MFM-200",,dormant,none,False,0.0,0.0,0.0,,,0.0,,,unknown
500321718,BALL BEARING LOCATED AT SBT CONV,Module-Epoxy,Grohmann MTS-600;Grohmann MTS-605,,dormant,none,False,0.0,0.0,0.0,,,0.0,,,unknown
500321723,IONIZER AIR KNIFE INCL CABLE,"Module-CAM,Module-Epoxy","Grohmann Vertical oven;Grohamnn MTS-605;GROHMANN MTS-605;Grohmann MTS-600;Grohmann,MFM-200",M,active,constant,True,0.01643835616438356,0.011111111111111112,0.01643835616438356,0.675925925925926,0.16666666666666666,1.0002128528830538,,,unknown
500321724,COMPLETE STATIC AIR KNIFE,Module-Epoxy,Grohmann Vertical oven;Grohmann MTS-600,,dormant,none,False,0.0,0.0,0.0,,,0.0,,,unknown
500321939,PACK OF 10 POPPET SPRINGS 301/302 SS,"Module-DP,Module-Epoxy",Generic;Asymtek-Jabil RA4 ASF;Asymtek S922,H,active,constant,True,0.2547945205479452,0.07777777777777778,0.2547945205479452,0.3052568697729988,0.0,0.6617372938023502,,,unknown
500322620,ELEC SS HOUSING ASSEMBLY FOR IONIZATION,Module-Epoxy,Grohmann MTS-605;Grohmann MTS-600,,dormant,none,False,0.0,0.0,0.0,,,0.0,,,unknown
500324107,HPO DOOR CLUTCH ASSEMBLY COUPLING.,Module-Epoxy,PCO520L,D,dormant,none,False,0.0,0.0,0.0,,,0.0,,,unknown
500324459,LOCK WASHER DIAMETER 7MM,Module-Epoxy,Grohmann MTS-600;Grohamnn MTS-605,,dormant,none,False,0.0,0.0,0.0,,,0.0,,,unknown
500324503,RFIDEAS USB RFID READER,"Module-DP,Module-Epoxy,Module-TCB",Asymtek S932;Asymtek S922;Generic,L,dying,dying,False,0.0,0.0,0.0,,,4.0,,,unknown
500324631,SWING DOOR IMPROVEMENT,Module-TCB,"ASM-Pacific,Phoenix",,dormant,none,False,0.0,0.0,0.0,,,0.0,,,unknown
500324947,NUDRIVE FLAT  MODULE CABLE,Module-TCB,"ASM-Pacific,Phoenix",D,dormant,none,False,0.0,0.0,0.0,,,0.0,,,unknown
500324948,NUDRIVE FLAT  MODULE CABLE,Module-TCB,"ASM-Pacific,Phoenix",D,dormant,none,False,0.0,0.0,0.0,,,0.0,,,unknown
500324949,NUDRIVE FLAT  MODULE CABLE,Module-TCB,"ASM-Pacific,Phoenix",D,dormant,none,False,0.0,0.0,0.0,,,0.0,,,unknown
500324950,NUDRIVE FLAT  MODULE CABLE,Module-TCB,"ASM-Pacific,Phoenix",D,dormant,none,False,0.0,0.0,0.0,,,0.0,,,unknown
500324977,NU MOTION CONTROLLER BOARD,Module-TCB,"ASM-Pacific,Phoenix",,dormant,none,False,0.0,0.0,0.0,,,0.0,,,unknown
500326781,AL BEARING INSTALLATION TOOL,Module-TCB,"Delta JLP, JTP",,dormant,none,False,0.0,0.0,0.0,,,0.0,,,unknown
500326783,"PVC GROUNDING CABLE ASSEMBLY 7.25"" L","Module-DP,Module-TCB","Generic;Delta JLP, JTP",,dormant,none,False,0.0,0.0,0.0,,,0.0,,,unknown
500326896,TIP TILT SOL ASSY,"Module-DP,Module-TCB","TCB_Generic;Generic;ASM-Pacific,Phoenix",D,dormant,none,False,0.0,0.0,0.0,,,0.0,,,unknown
500327261,"COMPUTER,INDUSTRIAL,SSD SPARE","Module-DP,Module-IHS,Module-TCB,Module-CAM",Asymtek S912;Generic;Asymtek-Jabil RA4 ASF;Asymtek S2-932,D,dormant,none,False,0.0,0.0,0.0,,,0.0,,,unknown
500327496,AIR REGULATOR SBT LIFTER CYLINDER,"Module-CAM,Module-Epoxy,Module-MHS","Grohmann Vertical oven;GROHMANN MTS-605;Grohmann MTS-600;Grohmann,MFM-220;Grohmann,MFM-200",D,dormant,none,False,0.0,0.0,0.0,,,0.0,0.0,-15.0,decreasing
500327891,"ASSY,BULKHEAD,MODULE,INTEL NJ8","Module-DP,Module-Epoxy,Module-TCB",Asymtek S922;Generic;Asymtek S932,L,dormant,none,False,0.0,0.0,0.0,,,0.0,,,unknown
500328179,INTELLIJET CARTRIDGE INSERT,"Module-DP,Module-Epoxy",Generic;Asymtek S922;Heller HRF,D,dormant,none,False,0.0,0.0,0.0,,,0.0,,,unknown
500328181,JET CARTRIDGE ASSEMBLY,Module-Epoxy,Asymtek S922;DP Operating Supplies,D,dormant,none,False,0.0,0.0,0.0,,,0.0,0.0,-22.0,decreasing
500328182,DISPENSE CARTRIDGE RS-68,"Module-DP,Module-Epoxy",Generic;Asymtek S922,D,dormant,none,False,0.0,0.0,0.0,,,0.0,,,unknown
500328938,PLASMA JET RD1004S ASSEMBLY UNIT,"Module-CAM,Module-MHS,Module-TCB","Grohmann,MFM-220;APPJ MFM-220;Grohmann,MFM-200",L,dormant,none,False,0.0,0.0,0.0,,,0.0,,,unknown
500328939,"HUMAN MACHINE INTERFACE,DUAL HEAD ONLY","Module-CAM,Module-MHS,Module-TCB","Grohmann,MFM-220;APPJ MFM-220;Grohmann,MFM-200",,dormant,none,False,0.0,0.0,0.0,,,0.0,,,unknown
500328940,WRS1501MODULE CAN MFM-220 APPJ DUAL HEAD,"Module-CAM,Module-MHS,Module-TCB","Grohmann,MFM-200;APPJ MFM-220;Grohmann,MFM-220",D,dormant,none,False,0.0,0.0,0.0,,,0.0,,,unknown
500328941,AMPLIFIER 360-510V,"Module-CAM,Module-MHS,Module-TCB","Grohmann,MFM-220;APPJ MFM-220;Grohmann,MFM-200",,dormant,none,False,0.0,0.0,0.0,,,0.0,,,unknown
500328942,"PCU 1604,DUAL HEAD ONLY","Module-CAM,Module-MHS,Module-TCB","APPJ MFM-220;Grohmann,MFM-220;Grohmann,MFM-200",L,dormant,none,False,0.0,0.0,0.0,,,0.0,,,unknown
500329063,"ASSY,MAC VALVE","Module-DxA,Module-TCB","ASYMTEK,M-2000;Asymtek,M-2022",,dormant,none,False,0.0,0.0,0.0,,,0.0,,,unknown
500329926,HDPE WEAR STRIP 670 x 36mm,"Module-Epoxy,Module-TCB",Asymtek S932;Asymtek S922,D,dormant,none,False,0.0,0.0,0.0,,,0.0,,,unknown
500330194,STA PICKHEAD ASSY SET (CFL U23E),Module-TCB,"GENERIC;ASM-Pacific,Phoenix",,dormant,none,False,0.0,0.0,0.0,,,0.0,,,unknown
500330197,VACUUM SENSOR MOUNT (SENSOR ABOVE),Module-TCB,"ASM-Pacific,Phoenix",D,dormant,none,False,0.0,0.0,0.0,,,0.0,,,unknown
500330198,TAPERED ROLLER BEARING 15X35X11.75,Module-TCB,"ASM-Pacific,Phoenix",,dormant,none,False,0.0,0.0,0.0,,,0.0,,,unknown
500331735,"PRESSURE,CONTROLLER / SP790-01",Module-Epoxy,PCO520L,D,dormant,none,False,0.0,0.0,0.0,,,0.0,,,unknown
500331736,CONTROLLER / ST540E-00/RS,Module-Epoxy,PCO520L,L,dying,dying,False,0.0027397260273972603,0.0,0.0027397260273972603,0.0,0.0,1.50007631024694,,,unknown
500331818,SPACER (3MM),"Module-BA,Module-TCB","ASM-Pacific, Falcon;ASM-Pacific,Phoenix",,dormant,none,False,0.0,0.0,0.0,,,0.0,,,unknown
500331819,S SHR SCW M5-D6X12,"Module-BA,Module-TCB","ASM-Pacific,Phoenix;ASM-Pacific, Falcon",,dormant,none,False,0.0,0.0,0.0,,,0.0,,,unknown
500331820,SKX LCC SKTP PICK HD TEMPLATE,Module-TCB,"ASM-Pacific,Phoenix",D,dormant,none,False,0.0,0.0,0.0,,,0.0,,,unknown
500331821,SKX LCC SKTP BSU TEMPLATE,Module-TCB,"ASM-Pacific,Phoenix",D,dormant,none,False,0.0,0.0,0.0,,,0.0,,,unknown
500331823,SKX HCC SKTP BSU TEMPLATE,Module-TCB,"ASM-Pacific,Phoenix",,dormant,none,False,0.0,0.0,0.0,,,0.0,,,unknown
500331895,"PIN,CONNECTOR,FEM,HYPER",Module-Epoxy,PCO520L,,dormant,none,False,0.0,0.0,0.0,,,0.0,,,unknown
500331896,"PIN,CONNECTOR,MALE,HYPER",Module-Epoxy,PCO520L,D,dormant,none,False,0.0,0.0,0.0,,,0.0,,,unknown
500331897,HYPERBOLOID PIN EXTRACTOR,Module-Epoxy,PCO520L,D,dormant,none,False,0.0,0.0,0.0,,,0.0,,,unknown
500332017,STA PICKHEAD ASSY SET (SKX FPGA),Module-TCB,"ASM-Pacific,Phoenix",,dormant,none,False,0.0,0.0,0.0,,,0.0,,,unknown
500332026,DISPENSE CARTRIDGE RS-99,Module-Epoxy,Asymtek S922;GENERIC,D,dormant,none,False,0.0,0.0,0.0,,,0.0,,,unknown
500332508,"40180,S,1MM, 07.761 X 11.76","Module-DP,Module-TCB","Generic;ASM-Pacific,Phoenix;ASM-Pacific,Firebird",,dormant,none,False,0.0,0.0,0.0,,,0.0,,,unknown
500332592,TIMING PULLEY,Module-TCB,"ASM-Pacific,Firebird;ASM-Pacific,Phoenix",,dormant,none,False,0.0,0.0,0.0,,,0.0,,,unknown
500334789,"SPRING,COMP,MW,.77""OD,1.25""L",Module-TCB,"Delta JLP, JTP",D,dormant,none,False,0.0,0.0,0.0,,,0.0,,,unknown
500334838,"SENSOR,FIBER,MAGAZINE,POSITION",Module-Epoxy,PCO520L,M,active,constant,True,0.019178082191780823,0.044444444444444446,0.019178082191780823,2.317460317460317,0.2857142857142857,0.7943008789384943,,,unknown
500335600,SELF-SEAL BULKHEAD UNION KCE06-00,"Module-DP,Module-TCB","ASM-Pacific,Firebird;ASM-Pacific,Phoenix;Generic",D,dormant,none,False,0.0,0.0,0.0,,,0.0,,,unknown
500335734,DRIVE-PIN INSERTION TOOL INTELLIJET,Module-Epoxy,Asymtek S922;GENERIC,D,dormant,none,False,0.0,0.0,0.0,,,0.0,,,unknown
500335735,SOLENOID VALVE 3-WAY HIGH FLOW,Module-Epoxy,Asymtek S922;GENERIC,H,active,constant,True,0.25205479452054796,0.24444444444444444,0.25205479452054796,0.969806763285024,0.06521739130434782,0.07520192401831689,,,unknown
500335736,SEAL SHAFT 2.02MM PNEUMATIC,"Module-DP,Module-Epoxy,Module-TCB",Asymtek S932;Asymtek S922;Generic,H,active,constant,True,0.0410958904109589,0.044444444444444446,0.0410958904109589,1.0814814814814815,0.06666666666666667,0.1030027072616995,,,unknown
500335737,SEAL PRESS TOOL NEXJET 7,"Module-DP,Module-Epoxy",Generic;Asymtek S922,D,dormant,none,False,0.0,0.0,0.0,,,0.0,,,unknown
500335739,NJ8 DRIVE PIN ASSEMBLY,Module-Epoxy,Asymtek S922;GENERIC,H,active,constant,True,0.0547945205479452,0.03333333333333333,0.0547945205479452,0.6083333333333334,0.05,0.28907368949275075,,,unknown
500335740,STROKE ADJUSTMENT TOOL NEXJET 8,"Module-DP,Module-Epoxy",Generic;Asymtek S922,D,dormant,none,False,0.0,0.0,0.0,,,0.0,,,unknown
500335741,SEAL REMOVAL TOOL NEXJET 8,"Module-DP,Module-Epoxy,Module-TCB",Asymtek S932;Asymtek S922;Generic,L,dying,dying,False,0.0,0.0,0.0,,,4.0,0.0,-2.0,decreasing
500336758,CONVERSION ADAPTOR ASSY RIGHT,Module-TCB,"ASM-Pacific,Phoenix",,dormant,none,False,0.0,0.0,0.0,,,0.0,,,unknown
500336949,"ADAPTOR,ASSY,LEFT,CONVERSION,HARDSTOP",Module-TCB,"ASM-Pacific,Phoenix",D,dormant,none,False,0.0,0.0,0.0,,,0.0,,,unknown
500337076,BALLSCREW CONICAL FLEXURE ASSEMBLY,Module-TCB,"ASM-Pacific,Phoenix",,dormant,none,False,0.0,0.0,0.0,,,0.0,,,unknown
500337190,"SMP,BLEND,DUPONT KRYTOX PFPE/PTFE GREASE",Module-Epoxy,Grohmann Vertical oven;Grohmann MTS-600,L,dying,dying,False,0.0027397260273972603,0.0,0.0027397260273972603,0.0,0.0,4.000000000000001,,,unknown
500337286,"SLIDEPLATE,DOOR,FLANGE",Module-Epoxy,PCO520L,,dormant,none,False,0.0,0.0,0.0,,,0.0,,,unknown
500337311,CONVEYOR MOTOR PULLEY,Module-TCB,"ASM-Pacific,Phoenix;ASM-Pacific,Firebird",,dormant,none,False,0.0,0.0,0.0,,,0.0,,,unknown
500337312,UP- DOWN-LOOKING OPTICS,"Module-BA,Module-TCB","ASM-Pacific, Falcon;ASM-Pacific,Phoenix",L,dormant,none,False,0.0,0.0,0.0,,,0.0,,,unknown
500337635,"COVER PLATE,LBH W/FINS",Module-TCB,Asymtek S932,,dormant,none,False,0.0,0.0,0.0,,,0.0,,,unknown
500338403,FAN FOR CONTROL CABINET AT MTS600,Module-Epoxy,Grohmann MTS-605;Grohmann MTS-600,,dormant,none,False,0.0,0.0,0.0,,,0.0,,,unknown
500338404,GAS STRUT 100 N LOCATED AT PUSHER FLAP,Module-Epoxy,Grohmann MTS-600;Grohamnn MTS-605,,dormant,none,False,0.0,0.0,0.0,,,0.0,,,unknown
500338556,O-RING 1.00 X 1.50 ID 70 NBR,Module-TCB,"ASM-Pacific,Firebird",D,dormant,none,False,0.0,0.0,0.0,,,0.0,,,unknown
500338562,"TOOL, INSTL PISTON USEAL ASSY",Module-TCB,"Delta JLP, JTP",D,dormant,none,False,0.0,0.0,0.0,,,0.0,,,unknown
500338563,"TOOL, INSTL SEAL",Module-TCB,"Delta JLP, JTP",D,dormant,none,False,0.0,0.0,0.0,,,0.0,,,unknown
500338824,"IDLER ASSY, Y DRIVE","Module-DP,Module-TCB","Delta JLP, JTP;Generic",D,dormant,none,False,0.0,0.0,0.0,,,0.0,,,unknown
500338915,THERMA S/W CABLE ASSY,Module-TCB,"ASM-Pacific,Phoenix",D,dormant,none,False,0.0,0.0,0.0,,,0.0,,,unknown
500338916,FUSE 5X20MM T 4A 250V,Module-TCB,"ASM-Pacific,Phoenix",,dormant,none,False,0.0,0.0,0.0,,,0.0,,,unknown
500339306,NOZZLE BANK ASSY (34X24),Module-TCB,"ASM-Pacific,Firebird;ASM-Pacific,Phoenix",D,dormant,none,False,0.0,0.0,0.0,,,0.0,,,unknown
500339307,TIP TILT CAM DRIVE ASSY,Module-TCB,"ASM-Pacific,Firebird",D,dormant,none,False,0.0,0.0,0.0,,,0.0,,,unknown
500339308,HVMOT UD RINGLIGHT ASSY (NON CE),Module-TCB,"ASM-Pacific,Firebird",,dormant,none,False,0.0,0.0,0.0,,,0.0,,,unknown
500339309,(IES) FRONT FLAT COVER,Module-TCB,"ASM-Pacific,Firebird",,dormant,none,False,0.0,0.0,0.0,,,0.0,,,unknown
500339311,(MFE) AKBEW RAIKIRI ASSY (FB),Module-TCB,"ASM-Pacific,Firebird",,dormant,none,False,0.0,0.0,0.0,,,0.0,,,unknown
500339313,NDIII CONTROLPOWERMODULE,Module-TCB,"ASM-Pacific,Firebird",,dormant,none,False,0.0,0.0,0.0,,,0.0,,,unknown
500339314,ASIO2 MODULE 2TC 400HZ,Module-TCB,"ASMP ACW;ASM-Pacific,Firebird",,dormant,none,False,0.0,0.0,0.0,,,0.0,,,unknown
500339315,NDIII HIGH POWER EPM,Module-TCB,"ASM-Pacific,Firebird",,dormant,none,False,0.0,0.0,0.0,,,0.0,,,unknown
500339316,TEC AND CONTROL BOX ASSY,Module-TCB,"ASM-Pacific,Firebird",,dormant,none,False,0.0,0.0,0.0,,,0.0,,,unknown
500339317,5V ADAPTER POWER CABLE ASSY,Module-TCB,"ASM-Pacific,Firebird",,dormant,none,False,0.0,0.0,0.0,,,0.0,,,unknown
500339318,AA 1 DISP UD SOL,Module-TCB,"ASM-Pacific,Firebird",,dormant,none,False,0.0,0.0,0.0,,,0.0,,,unknown
500339319,USB 2.0 HUB 7 PORTS ASSY,Module-TCB,"ASM-Pacific,Firebird;TCB_Generic",D,dormant,none,False,0.0,0.0,0.0,,,0.0,,,unknown
500339320,ESIO3,Module-TCB,"ASM-Pacific,Firebird",,dormant,none,False,0.0,0.0,0.0,,,0.0,,,unknown
500339321,NDIIIS CONTROLPOWERMODULE,Module-TCB,"ASM-Pacific,Firebird",D,dormant,none,False,0.0,0.0,0.0,,,0.0,,,unknown
500339322,NDIIIS CONTROLPOWERMODULE,Module-TCB,"ASM-Pacific,Firebird",,dormant,none,False,0.0,0.0,0.0,,,0.0,,,unknown
500339323,NUDRIVE-3S: EXTENDED POWER MODULE,Module-TCB,"ASM-Pacific,Firebird",,dormant,none,False,0.0,0.0,0.0,,,0.0,,,unknown
500339324,VISION PC ASSEMBLY,Module-TCB,"ASM-Pacific,Firebird",,dormant,none,False,0.0,0.0,0.0,,,0.0,,,unknown
500339328,NUDRIVE-3S: EXTENDED POWER MODULE,Module-TCB,"ASM-Pacific,Firebird",,dormant,none,False,0.0,0.0,0.0,,,0.0,0.0,-1.0,decreasing
500339329,NUDRIVE-3S: EXTENDED POWER MODULE,Module-TCB,"ASM-Pacific,Firebird",,dormant,none,False,0.0,0.0,0.0,,,0.0,,,unknown
500339330,NUDRIVE-3S: EXTENDED POWER MODULE,Module-TCB,"ASM-Pacific,Firebird",,dormant,none,False,0.0,0.0,0.0,,,0.0,,,unknown
500339331,NUDRIVE-3S: EXTENDED POWER MODULE,Module-TCB,"ASM-Pacific,Firebird",,dormant,none,False,0.0,0.0,0.0,,,0.0,,,unknown
500339334,MINI Z ENCODER,Module-TCB,"ASM-Pacific,Firebird",D,dormant,none,False,0.0,0.0,0.0,,,0.0,,,unknown
500339335,BH HEATER THERMAL SWITCH,Module-TCB,"ASM-Pacific,Firebird",,dormant,none,False,0.0,0.0,0.0,,,0.0,,,unknown
500339336,3P AC INPUT BOX,Module-TCB,"ASM-Pacific,Firebird",,dormant,none,False,0.0,0.0,0.0,,,0.0,,,unknown
500339338,3G LED LIGHTING (370MM),Module-TCB,"ASM-Pacific,Firebird",,dormant,none,False,0.0,0.0,0.0,,,0.0,,,unknown
500339339,3G LED LT (370MM) MACRO INERT CHAMBER,Module-TCB,"ASM-Pacific,Firebird",,dormant,none,False,0.0,0.0,0.0,,,0.0,,,unknown
500339340,3 PORT FUSE MOUNTING WITH FUSE,Module-TCB,"ASM-Pacific,Firebird",,dormant,none,False,0.0,0.0,0.0,,,0.0,,,unknown
500339341,DP-DRIVE CPL / CPP,Module-TCB,"ASM-Pacific,Firebird",D,dormant,none,False,0.0,0.0,-0.0027397260273972603,,,0.0,,,unknown
500339342,HIGH PRECISION DDR MOTOR,Module-TCB,"ASM-Pacific,Firebird;ASM-Pacific,Phoenix",D,dormant,none,False,0.0,0.0,0.0,,,0.0,,,unknown
500339343,CAPACITIVE SENSOR (PROBE ONLY) D8 RA,Module-TCB,"ASM-Pacific,Phoenix;ASM-Pacific,Firebird",D,dormant,none,False,0.0,0.0,0.0,,,0.0,,,unknown
500339344,CAPACITIVE SENSOR (PROBE ONLY) D8 ST,Module-TCB,"ASM-Pacific,Phoenix;ASM-Pacific,Firebird",D,dormant,none,False,0.0,0.0,0.0,,,0.0,,,unknown
500339345,CAPACITANCE SENSOR DIGITAL AMPLIFIER,Module-TCB,"ASM-Pacific,Firebird;ASM-Pacific,Phoenix;ASMP ACW",,dormant,none,False,0.0,0.0,0.0,,,0.0,,,unknown
500339346,CAPACITANCE SENSOR EXTENSION CABLE 2M,Module-TCB,"ASM-Pacific,Phoenix;ASM-Pacific,Firebird",D,dormant,none,False,0.0,0.0,0.0,,,0.0,,,unknown
500339347,OT CAP SNR&BH FORCE SNR ASSY,Module-TCB,"ASM-Pacific,Firebird",,dormant,none,False,0.0,0.0,0.0,,,0.0,,,unknown
500339348,2 WAY TERMINAL STRIP 15 A 750V,Module-TCB,"ASM-Pacific,Firebird",,dormant,none,False,0.0,0.0,0.0,,,0.0,,,unknown
500339349,LAQBEL-GROUND SIGN,Module-TCB,"ASM-Pacific,Firebird",,dormant,none,False,0.0,0.0,0.0,,,0.0,,,unknown
500339350,COUPLING BLOCKS FOR D-SUB CONNECTOR,Module-TCB,"ASM-Pacific,Firebird",,dormant,none,False,0.0,0.0,0.0,,,0.0,,,unknown
500339421,TIROS BTI802 SEC/GEM PC,Module-Epoxy,Tiros BTi 802,D,dormant,none,False,0.0,0.0,0.0,,,0.0,,,unknown
500339614,OT UP/DN RTD CABLE ASSY,Module-TCB,"ASM-Pacific,Phoenix",D,dormant,none,False,0.0,0.0,0.0,,,0.0,,,unknown
500339615,OT MIN Z MTR COIL CABLE,Module-TCB,"ASM-Pacific,Phoenix",D,dormant,none,False,0.0,0.0,0.0,,,0.0,,,unknown
500339616,OT UP/DN RTD CABLE ASSY,Module-TCB,"ASM-Pacific,Phoenix",,dormant,none,False,0.0,0.0,0.0,,,0.0,,,unknown
500340386,PNEUMATIC SHOCK ABSORBER 18MM,"Module-CAM,Module-Epoxy","GROHMANN MTS-605;Grohmann,MFM-200;Grohmann MTS-600",,dormant,none,False,0.0,0.0,0.0,,,0.0,0.0,-2.0,decreasing
500340387,CAPACITIVE SENSOR 24V,"Module-CAM,Module-Epoxy","Grohmann,MFM-200;Grohmann MTS-600;Grohamnn MTS-605",D,dormant,none,False,0.0,0.0,0.0,,,0.0,,,unknown
500340709,"WD BLUE 2.5"" 500GB SATA HARD DRIVE","Module-BA,Module-Epoxy,Module-TCB","ASM Pacific,BP3000;Asymtek S932;Asymtek S922;Delta JLP, JTP",D,dying,dying,False,0.0,0.0,0.0,,,4.0,,,unknown
500340731,TUBE 1/4 FOR DLA MODULE,"Module-DP,Module-Epoxy,Module-IHS",Generic;Asymtek S922;Asymtek S912,H,active,constant,True,1.1178082191780823,0.4444444444444444,1.1178082191780823,0.3976034858387799,0.0,0.37149730147644905,,,unknown
500340732,DV8500 VALVE DISPENSING SYSTEM,Module-Epoxy,Asymtek S922,,dormant,none,False,0.0,0.0,0.0,,,0.0,,,unknown
500340892,WORKCHUCK X PRELOAD MAGNET ASSY (SIDE 2),Module-TCB,"ASM-Pacific,Firebird;ASM-Pacific,Phoenix",,dormant,none,False,0.0,0.0,0.0,,,0.0,,,unknown
500340893,PEDESTAL HEATED BLOCK ASSY (150W),Module-TCB,"ASM-Pacific,Phoenix;ASM-Pacific,Firebird",,dormant,none,False,0.0,0.0,0.0,,,0.0,,,unknown
500340894,ESIO12,Module-TCB,"ASM-Pacific,Phoenix;ASM-Pacific,Firebird",D,dormant,none,False,0.0,0.0,0.0,,,0.0,,,unknown
500340895,ZDS SENSOR BOARD,Module-TCB,"ASM-Pacific,Firebird;ASM-Pacific,Phoenix",D,dormant,none,False,0.0,0.0,0.0,,,0.0,,,unknown
500341824,UPS BRACKETS UGK,Module-TCB,"ASM-Pacific,Phoenix",D,dormant,none,False,0.0,0.0,0.0,,,0.0,,,unknown
500342099,GROOVED TIMING PULLEY 3MM GT2 6MM BORE,Module-TCB,"Delta JLP, JTP",,dormant,none,False,0.0,0.0,0.0,,,0.0,,,unknown
500342104,"GRIP PIN, LONG",Module-TCB,"Delta JLP, JTP",,dormant,none,False,0.0,0.0,0.0,,,0.0,,,unknown
500342345,".11HP NIDEC MTR ASSY 10K, EPOXY","Module-BA,Module-Epoxy",Heller 1800SS;Heller 1913 MK111,D,dormant,none,False,0.0,0.0,0.0,,,0.0,,,unknown
500342400,LEGACY COMMUNICATIONS SMARTSLOT CARD,Module-TCB,"GENERIC;ASM-Pacific,Phoenix",D,dormant,none,False,0.0,0.0,0.0,,,0.0,,,unknown
500342401,APC SMART-UPS SRT 5000VA RM 230V,Module-TCB,"GENERIC;ASM-Pacific,Phoenix",D,dormant,none,False,0.0,0.0,0.0,,,0.0,,,unknown
500342478,(SM) BOND STAGE MODULE,Module-TCB,"ASM-Pacific,Phoenix",,dormant,none,False,0.0,0.0,0.0,,,0.0,,,unknown
500342530,DV-8000 6OZ CARTRIDGE RETAINER CLIP,"Module-DP,Module-Epoxy,Module-IHS,Module-TCB",Asymtek S912;Asymtek S922;Asymtek S932;Generic,D,dormant,none,False,0.0,0.0,0.0,,,0.0,,,unknown
500343362,"SCREW,M4X0.7X10,TMPPRF TORX",Module-Epoxy,Asymtek S922,D,dormant,none,False,0.0,0.0,0.0,,,0.0,,,unknown
500343756,"LED LIGHT 6"" 12V","Module-DxA,Module-Epoxy,Module-TCB","Asymtek S932;ASM-Pacific,Phoenix;Asymtek-Jabil RA4 ASF;Asymtek S922;OS,Common",L,dying,dying,False,0.0,0.0,0.0,,,4.0,,,unknown
500344300,STEEL SHIM PLATE 1MM THICK,Module-TCB,"Delta JLP, JTP",,dormant,none,False,0.0,0.0,0.0,,,0.0,,,unknown
500344490,THERMOCOUPLE PROBE 88401 - K TYPE,"Module-Finish,Module-TCB","ICOS,CI9450;ASM-Pacific,Firebird;ICOS, CIT790;BESI TSMaa;ASM-Pacific,Phoenix",L,active,constant,True,0.005479452054794521,0.011111111111111112,0.005479452054794521,2.0277777777777777,0.5,2.125,,,unknown
500344512,SMARTFEEDER X16MM,"Module-DP,Module-TCB","TCB_Generic;ASM-Pacific,Phoenix;ASM-Pacific,Firebird;Generic;ASMP ACW",,dormant,none,False,0.0,0.0,0.0,,,0.0,,,unknown
500344804,"SENSOR,PM-L25","Module-BA,Module-TCB","ASU-7000;Delta JLP, JTP;SSP Singulated Placement Equip",,dormant,none,False,0.0,0.0,0.0,,,0.0,,,unknown
500344941,NOZZLE HEATER ASSEMBLY NEXJET8,"Module-DP,Module-Epoxy",Generic;Asymtek S922,M,active,constant,True,0.01643835616438356,0.05555555555555555,0.01643835616438356,3.3796296296296298,0.0,2.233411980235565,,,unknown
500344943,NOZZLE HEATER ASSEMBLY INTELLIJET,"Module-DP,Module-Epoxy",Generic;Asymtek S922,L,dying,dying,False,0.005479452054794521,0.0,0.005479452054794521,0.0,0.0,1.5001670515038346,,,unknown
500344944,"NJ-8,RS-68,6OZ COOL EFD","Module-DP,Module-Epoxy",Generic;Asymtek S922,,dormant,none,False,0.0,0.0,0.0,,,0.0,,,unknown
500344945,INTELLIJET SYSTEM,"Module-DP,Module-Epoxy","Generic;NORDSON EDM;NordsonAsymtek,Vantage",,dormant,none,False,0.0,0.0,0.0,,,0.0,,,unknown
500344946,INTELLIJET CALIBRATION TOOL,Module-Epoxy,Asymtek-Jabil RA4 ASF;Asymtek S922,L,dying,dying,False,0.0027397260273972603,0.0,0.0027397260273972603,0.0,0.0,1.5001670515038346,,,unknown
500345051,UPS CABLE COVER 2,"Module-TCB,Module-Test","Delta CTH-Pyramid 2008;ASM-Pacific,Phoenix",,dormant,none,False,0.0,0.0,0.0,,,0.0,,,unknown
500345052,UPS SUPPORT MOUNT FRONT 2,"Module-BA,Module-TCB","ASM-Pacific,Phoenix;ASM Pacific,BP3000",,dormant,none,False,0.0,0.0,0.0,,,0.0,0.0,-5.0,decreasing
500345054,UPS CABLE CONNECTOR MOUNT 2,"Module-BA,Module-TCB","ASM Pacific,BP3000;ASM-Pacific,Phoenix",,dormant,none,False,0.0,0.0,0.0,,,0.0,0.0,-5.0,decreasing
500345421,MOTOR COUPLING SPROCKET,"Module-CAM,Module-Epoxy","Grohamnn MTS-605;Grohmann,MFM-200;Grohmann MTS-600",L,dying,dying,False,0.010958904109589041,0.0,0.010958904109589041,0.0,0.0,4.000000000000001,,,unknown
500345422,DOOR HINGE STOPPER,Module-Epoxy,Grohmann MTS-605;Grohmann MTS-600,,dormant,none,False,0.0,0.0,0.0,,,0.0,,,unknown
500345576,"FUSE-TH,5A 125V 280MIL PICO II","Module-DP,Module-Epoxy,Module-TCB",Asymtek S932;Asymtek-Jabil RA4 ASF;Asymtek S922;Generic,,dormant,none,False,0.0,0.0,0.0,,,0.0,,,unknown
500345640,"ASSY,PZD PROGRAMMED",Module-Epoxy,"NordsonAsymtek,Vantage;Asymtek S922;Asymtek-Jabil RA4 ASF",D,dormant,none,False,0.0,0.0,0.0,,,0.0,,,unknown
500345758,ANGULAR GEAR K080-1336-002,"Module-CAM,Module-Epoxy","Grohmann Vertical oven;Grohamnn MTS-605;Grohmann MTS-600;Grohmann,MFM-200",D,dormant,none,False,0.0,0.0,0.0,,,0.0,,,unknown
500345759,ANGULAR GEAR K080-1336-001,"Module-CAM,Module-Epoxy","Grohmann Vertical oven;GROHMANN MTS-605;Grohmann,MFM-200;Grohmann MTS-600",D,dormant,none,False,0.0,0.0,0.0,,,0.0,,,unknown
500345760,CLUTCH FOR FIFO TOWER,Module-Epoxy,Grohmann MTS-600;Grohamnn MTS-605,L,active,constant,True,0.0027397260273972603,0.011111111111111112,0.0027397260273972603,4.055555555555555,1.0,3.9999999999999996,,,unknown
500346104,"CAMERA,GIGAE,NOSWLIC,1.4AMP","Module-DP,Module-Epoxy","NordsonAsymtek,Vantage;Generic",D,dormant,none,False,0.0,0.0,0.0,,,0.0,,,unknown
500347065,ANGULAR GEAR K080-1336-004 TYPE 322/3,"Module-CAM,Module-Epoxy","Grohmann MTS-600;Grohmann,MFM-200;GROHMANN MTS-605;Grohamnn MTS-605;Grohmann Vertical oven",L,active,constant,True,0.0027397260273972603,0.011111111111111112,0.0027397260273972603,4.055555555555555,1.0,3.9999999999999996,,,unknown
500347066,ANGULAR GEAR K080-1336-003 TYPE 211/4,"Module-CAM,Module-Epoxy","Grohamnn MTS-605;GROHMANN MTS-605;Grohmann MTS-600;Grohmann Vertical oven;Grohmann,MFM-200",L,active,constant,True,0.0027397260273972603,0.011111111111111112,0.0027397260273972603,4.055555555555555,1.0,3.9999999999999996,,,unknown
500348338,"40231,L,1MM,30.941X20.459",Module-TCB,"TCB_Generic;ASM-Pacific,Phoenix",,dormant,none,False,0.0,0.0,0.0,,,0.0,,,unknown
500348843,ROLLED BALL SCREW 834MM NON-ELEC,Module-TCB,"Delta JLP, JTP",,dormant,none,False,0.0,0.0,0.0,,,0.0,,,unknown
500348844,"LEAD SCREW, FLIPPER",Module-TCB,"Delta JLP, JTP",D,dormant,none,False,0.0,0.0,0.0,,,0.0,,,unknown
500349443,NETWORK COMPUTER CARD/GEM-SECS,Module-Epoxy,Heller 1800SS;Heller HRF;Heller VCO;Heller FAR,L,dying,dying,False,0.0027397260273972603,0.0,0.0027397260273972603,0.0,0.0,4.000000000000001,,,unknown
500349495,"MONITOR, 17""  TOUCHPANEL VGA USB-B","Module-DP,Module-TCB","Delta JLP, JTP;Generic",M,dying,dying,False,0.0027397260273972603,0.0,0.0027397260273972603,0.0,0.0,2.415685979267931,,,unknown
500349977,SILICONE RUBBER O-RING 3.68MM NON-ELEC,Module-TCB,"Delta JLP, JTP",D,dormant,none,False,0.0,0.0,0.0,,,0.0,,,unknown
500349978,SS HEX SOCKET SCREW M3 X 0.5MM,Module-TCB,"Delta JLP, JTP",,dormant,none,False,0.0,0.0,0.0,,,0.0,,,unknown
500349979,IGLIDE PLAIN BEARING 4MMID 5.5OD,Module-TCB,"Delta JLP, JTP",D,dormant,none,False,0.0,0.0,0.0,,,0.0,,,unknown
500349980,ALLOY STEEL HELICAL SPRING 6.35MM,Module-TCB,"Delta JLP, JTP",D,dormant,none,False,0.0,0.0,0.0,,,0.0,,,unknown
500349981,SS SOCKET HEAD SCREW 2.5 X 8MM,Module-TCB,"Delta JLP, JTP",,dormant,none,False,0.0,0.0,0.0,,,0.0,,,unknown
500349982,PHOTOELECTRIC SENSOR ASSY 10-30VDC 20MA,Module-TCB,"Delta JLP, JTP",,dormant,none,False,0.0,0.0,0.0,,,0.0,,,unknown
500349983,PHOTOELECTRIC SENSOR ASSY 5-24VDC 15MA,Module-TCB,"Delta JLP, JTP",L,dying,dying,False,0.0,0.0,0.0,,,4.0,,,unknown
500349984,PHOTOELECTRIC SENSOR ASSY 5-24VDC 15MA,Module-TCB,"Delta JLP, JTP",,dormant,none,False,0.0,0.0,0.0,,,0.0,,,unknown
500349985,PHOTOELECTRIC SENSOR ASSY 5-24VDC 15MA,Module-TCB,"Delta JLP, JTP",,dormant,none,False,0.0,0.0,0.0,,,0.0,,,unknown
500349986,PHOTOELECTRIC SENSOR ASSY 5-24VDC 15MA,Module-TCB,"Delta JLP, JTP",,dormant,none,False,0.0,0.0,0.0,,,0.0,,,unknown
500349988,SS PULL BAR SCREW NON-ELEC,Module-TCB,"Delta JLP, JTP",,dormant,none,False,0.0,0.0,0.0,,,0.0,,,unknown
500350011,(BH) ROT X ENC INTERPOLATOR,Module-TCB,"ASM-Pacific,Firebird",,dormant,none,False,0.0,0.0,0.0,,,0.0,,,unknown
500350012,HPP BONDHEAD MINI Z VCM,Module-TCB,"ASM-Pacific,Firebird",,dormant,none,False,0.0,0.0,0.0,,,0.0,,,unknown
500350014,150V SMPS FPC CTR CABLE ASSY,Module-TCB,"ASM-Pacific,Firebird",,dormant,none,False,0.0,0.0,0.0,,,0.0,,,unknown
500350015,ELBOW FITTING,"Module-HDMT,Module-TCB","HDMx_Handler_x30_x10;ASM-Pacific,Firebird",D,dormant,none,False,0.0,0.0,0.0,,,0.0,0.0,-4.0,decreasing
500350016,PRECISION REGULATOR,Module-TCB,"ASM-Pacific,Firebird;ASMP ACW",D,dormant,none,False,0.0,0.0,0.0,,,0.0,,,unknown
500350017,LINE FILTER 3P+E 480VAC 50A,Module-TCB,"ASM-Pacific,Firebird",,dormant,none,False,0.0,0.0,0.0,,,0.0,,,unknown
500350018,SOCKET CRIMP CONTACT FOR AWG#20-24,Module-TCB,"ASM-Pacific,Firebird",,dormant,none,False,0.0,0.0,0.0,,,0.0,,,unknown
500350019,AWG#26 3 CORE FLEX E-CHAIN RD CABLE,Module-TCB,"ASM-Pacific,Firebird",,dormant,none,False,0.0,0.0,0.0,,,0.0,,,unknown
500350100,COPLEY USB CAN MODULE 5V ELEC,Module-TCB,"Delta JLP, JTP",L,dying,dying,False,0.0027397260273972603,0.0,0.0027397260273972603,0.0,0.0,4.000000000000001,,,unknown
500350402,PULLEY ON AXLE,"Module-Epoxy,Module-TCB",Asymtek S922;Asymtek S932,,dormant,none,False,0.0,0.0,0.0,,,0.0,,,unknown
500350724,DUPONT KRYTOX PFPE/PTFE GREASES GPL 20X,Module-Epoxy,Grohmann MTS-600;Tiros BTi 802,D,dormant,none,False,0.0,0.0,0.0,,,0.0,,,unknown
500351181,SOC HD CAP SCREW M2X5,Module-TCB,"ASM-Pacific,Phoenix",,dormant,none,False,0.0,0.0,0.0,,,0.0,,,unknown
500351182,SOC HD CAP SCREW M2.5X8,Module-TCB,"ASM-Pacific,Phoenix",,dormant,none,False,0.0,0.0,0.0,,,0.0,,,unknown
500351183,WASHER FLAT M2,Module-TCB,"ASM-Pacific,Phoenix",,dormant,none,False,0.0,0.0,0.0,,,0.0,,,unknown
500351184,WASHER FLAT M2.5,Module-TCB,"ASM-Pacific,Phoenix",,dormant,none,False,0.0,0.0,0.0,,,0.0,,,unknown
500351185,WASHER SPRING M2          [11A2],Module-TCB,"ASM-Pacific,Phoenix;ASM-Pacific,Firebird",D,dormant,none,False,0.0,0.0,0.0,,,0.0,,,unknown
500351186,MBH Z TABLE PULLEY (9MM),Module-TCB,"ASM-Pacific,Phoenix;ASM-Pacific,Firebird",,dormant,none,False,0.0,0.0,0.0,,,0.0,,,unknown
500351499,"SMP,BLEND,WHITE LIGHTNING High Heat 100%",Module-Epoxy,"BLUEM,BI-32i",M,active,constant,True,0.0136986301369863,0.011111111111111112,0.0136986301369863,0.8111111111111112,0.0,1.022662965378555,,,unknown
500352221,STA-R Z TABLE ASSY (SW),Module-TCB,"ASM-Pacific,Firebird",,dormant,none,False,0.0,0.0,0.0,,,0.0,,,unknown
500352222,Z MOTOR ASSY,Module-TCB,"ASM-Pacific,Firebird",,dormant,none,False,0.0,0.0,0.0,,,0.0,,,unknown
500352223,FIREBIRD SW MPS&HT BOX,Module-TCB,"ASM-Pacific,Firebird",,dormant,none,False,0.0,0.0,0.0,,,0.0,,,unknown
500352224,CAH ENC EXT CABLE ASSY NORMAL,Module-TCB,"ASM-Pacific,Firebird",,dormant,none,False,0.0,0.0,0.0,,,0.0,,,unknown
500352225,BHZ MTR AND BRAKE CABLE ASSY,Module-TCB,"ASM-Pacific,Firebird",,dormant,none,False,0.0,0.0,0.0,,,0.0,,,unknown
500352226,MICROE MERCURY 2000 SENSOR M2120H,Module-TCB,"ASM-Pacific,Firebird",,dormant,none,False,0.0,0.0,0.0,,,0.0,,,unknown
500352227,LIF 48R G0 SCANNING HEAD (0.5 M),Module-TCB,"ASM-Pacific,Firebird",D,dormant,none,False,0.0,0.0,0.0,,,0.0,,,unknown
500353244,END PLUG FOR PCU,"Module-MHS,Module-TCB","APPJ MFM-220;Grohmann,MFM-220",,dormant,none,False,0.0,0.0,0.0,,,0.0,,,unknown
500353887,SS DOWEL PIN M1.5 DIAMETER 10MM,Module-TCB,"Delta JLP, JTP",D,dormant,none,False,0.0,0.0,0.0,,,0.0,,,unknown
500353888,TORLON PISTON BAR ACTIVE TRAY,Module-TCB,"Delta JLP, JTP",D,dormant,none,False,0.0,0.0,0.0,,,0.0,,,unknown
500354192,"COUPLER (D1 10, D2 14)",Module-TCB,"ASM-Pacific,Phoenix",L,dying,dying,False,0.0027397260273972603,0.0,0.0027397260273972603,0.0,0.0,4.000000000000001,,,unknown
500354219,"NEEDLE,23GA,1/4'',SS(12)",Module-Epoxy,Asymtek S922,D,dormant,none,False,0.0,0.0,0.0,,,0.0,,,unknown
500354290,ASIO2 MODULE 2TC 400HZ,Module-TCB,"ASM-Pacific,Firebird",,dormant,none,False,0.0,0.0,0.0,,,0.0,,,unknown
500354293,L STA MODULE TRACKLESS CABLE ASSY,Module-TCB,"ASM-Pacific,Firebird;ASM-Pacific,Phoenix",D,dormant,none,False,0.0,0.0,0.0,,,0.0,,,unknown
500354363,EATON 5P 1550,"Module-BA,Module-Epoxy",Heller 2017 MK III;Heller 1800SS,D,dormant,none,False,0.0,0.0,0.0,,,0.0,,,unknown
500354422,EB ACTUATOR ASSY,Module-TCB,"ASM-Pacific,Firebird",D,dormant,none,False,0.0,0.0,0.0,,,0.0,,,unknown
500354423,EB ACTUATOR ASSY - REAR LEFT,Module-TCB,"ASM-Pacific,Phoenix;ASM-Pacific,Firebird",D,dormant,none,False,0.0,0.0,0.0,,,0.0,,,unknown
500354424,(MBH)MEDIA BUFFER HANDLER Y&Z MTR ASSY,"Module-DP,Module-TCB","TCB_Generic;ASM-Pacific,Firebird;Generic",D,dormant,none,False,0.0,0.0,0.0,,,0.0,,,unknown
500354425,(MBH)MEDIA BUFFER HANDLER Y&Z MTR ASSY,"Module-DP,Module-TCB","Generic;TCB_Generic;ASM-Pacific,Firebird",,dormant,none,False,0.0,0.0,0.0,,,0.0,,,unknown
500354426,(BH) ROT Y ENC,Module-TCB,"ASM-Pacific,Firebird",D,dormant,none,False,0.0,0.0,0.0,,,0.0,,,unknown
500354427,(BH) ROT X AUX ENC,Module-TCB,"ASM-Pacific,Firebird",D,dormant,none,False,0.0,0.0,0.0,,,0.0,0.0,-1.0,decreasing
500354428,(BH) ROT Y AUX ENC,Module-TCB,"ASM-Pacific,Firebird",D,dormant,none,False,0.0,0.0,0.0,,,0.0,,,unknown
500354429,(BH) ROT X ENC,Module-TCB,"ASM-Pacific,Firebird",D,dormant,none,False,0.0,0.0,0.0,,,0.0,,,unknown
500354430,(BH) ROT Y ROTARY ENC,Module-TCB,"ASM-Pacific,Firebird",D,dormant,none,False,0.0,0.0,0.0,,,0.0,,,unknown
500354431,(BH) ROT X AUX ROTARY ENC,Module-TCB,"ASM-Pacific,Firebird",D,dormant,none,False,0.0,0.0,0.0,,,0.0,,,unknown
500354432,(BH) ROT Y AUX ROTARY ENC,Module-TCB,"ASM-Pacific,Firebird",D,dormant,none,False,0.0,0.0,0.0,,,0.0,,,unknown
500354433,(BH) ROT X ROTARY ENC,Module-TCB,"ASM-Pacific,Firebird",D,dormant,none,False,0.0,0.0,0.0,,,0.0,,,unknown
500354434,(BH) ROT Y MOTOR,Module-TCB,"ASM-Pacific,Firebird",,dormant,none,False,0.0,0.0,0.0,,,0.0,,,unknown
500354435,(BH) ROT X AUX MOTOR,Module-TCB,"ASM-Pacific,Phoenix;ASM-Pacific,Firebird",D,dormant,none,False,0.0,0.0,0.0,,,0.0,,,unknown
500354436,(BH) ROT Y AUX MOTOR,Module-TCB,"ASM-Pacific,Firebird",,dormant,none,False,0.0,0.0,0.0,,,0.0,,,unknown
500354437,(BH) ROT X MOTOR,Module-TCB,"ASM-Pacific,Phoenix;ASM-Pacific,Firebird",D,dormant,none,False,0.0,0.0,0.0,,,0.0,,,unknown
500354438,"3-2 S-SOL V-VALVE VK332V-5G-M5, 24VDC",Module-TCB,"ASM-Pacific,Firebird",D,dormant,none,False,0.0,0.0,0.0,,,0.0,,,unknown
500354439,N2S1 N2S2 SWITCHING SOLENOID,Module-TCB,"ASM-Pacific,Firebird",,dormant,none,False,0.0,0.0,0.0,,,0.0,,,unknown
500354440,MALE ELBOW COCNECTOR KPQL04-M5,Module-TCB,"ASM-Pacific,Phoenix;ASM-Pacific,Firebird",,dormant,none,False,0.0,0.0,0.0,,,0.0,,,unknown
500354758,PCI MARKIIIS BOARD,Module-TCB,"ASM-Pacific,Phoenix",D,dormant,none,False,0.0,0.0,0.0,,,0.0,,,unknown
500354759,HAND HELD 1-D USB BARCODE SCANNER,"Module-MHS,Module-TCB","ASMP ACW;ASM-Pacific,Phoenix;Hirata, Load/Unload",D,dormant,none,False,0.0,0.0,0.0,,,0.0,,,unknown
500354760,CAN CARD COM168V2-PCI,Module-TCB,"ASM-Pacific,Phoenix",,dormant,none,False,0.0,0.0,0.0,,,0.0,,,unknown
500354762,VGA CABLE ASSY,Module-TCB,"ASM-Pacific,Phoenix",D,dormant,none,False,0.0,0.0,0.0,,,0.0,,,unknown
500354763,VGA CABLE ASSY,Module-TCB,"ASM-Pacific,Phoenix",,dormant,none,False,0.0,0.0,0.0,,,0.0,,,unknown
500354981,"ESR,LHS AMP,S2-9XX",Module-TCB,Asymtek S932,,dormant,none,False,0.0,0.0,0.0,,,0.0,,,unknown
500356726,ALLOY STEEL HELICAL SPRING 4.78MM,Module-TCB,"Delta JLP, JTP",D,dormant,none,False,0.0,0.0,0.0,,,0.0,,,unknown
500356727,NITRILE U-CUP SEAL 0.125 ID NON-ELEC,Module-TCB,"Delta JLP, JTP",D,dormant,none,False,0.0,0.0,0.0,,,0.0,,,unknown
500356728,TUBING  6MM  BLUE,"Module-HDMX TRB,Module-TCB","HDMx_Collateral_AP_TSP;Delta JLP, JTP",D,dormant,none,False,0.0,0.0,0.0,,,0.0,,,unknown
500356793,"SLA BATTERY, 12V@ 12AH","Module-DP,Module-Epoxy,Module-Test",Generic;Delta CTH-Pyramid 2008;Heller 1800SS,L,active,constant,True,0.0273972602739726,0.044444444444444446,0.0273972602739726,1.6222222222222225,0.4,1.7934196113432594,,,unknown
500356794,WIRELESS TEMP MB STAT WSDA-BASE-102-SK,Module-Epoxy,Grohmann MTS-600;Grohmann MTS-605,,dormant,none,False,0.0,0.0,0.0,,,0.0,,,unknown
500357438,WASTE CONTAINER /COMPONENTSCARRIAGE,Module-TCB,"ASM-Pacific,Phoenix",L,dying,dying,False,0.0,0.0,0.0,,,4.0,,,unknown
500357456,ABS COUPLER RJ45 PANEL MOUNT ELEC,Module-TCB,"Delta JLP, JTP",,dormant,none,False,0.0,0.0,0.0,,,0.0,,,unknown
500357457,2 PORT SOLENOID VALVE 24VDC ASSY,"Module-DP,Module-TCB","Delta JLP, JTP;Generic",L,dying,dying,False,0.0027397260273972603,0.0,0.0027397260273972603,0.0,0.0,4.000000000000001,,,unknown
500357587,SWITCHING POWER SUPPLY WITH CABLES,"Module-DP,Module-TCB",DSA 100S;Generic,,dormant,none,False,0.0,0.0,0.0,,,0.0,,,unknown
500357588,KCN BUS 2 VER.1 REV.1 KOMPL. BESTUCKT,"Module-DP,Module-TCB",Generic;DSA 100S,,dormant,none,False,0.0,0.0,0.0,,,0.0,,,unknown
500357589,KCN BUS 9 VER.1 REV.1,"Module-DP,Module-TCB",DSA 100S;Generic,,dormant,none,False,0.0,0.0,0.0,,,0.0,,,unknown
500357590,MOTION CONTROLLER SERIELL,"Module-DP,Module-TCB",DSA 100S;Generic,,dormant,none,False,0.0,0.0,0.0,,,0.0,,,unknown
500357591,EC MOTOR,"Module-DP,Module-TCB",Generic;DSA 100S,,dormant,none,False,0.0,0.0,0.0,,,0.0,,,unknown
500357592,"MOTOR CONTROLLER VER.7, REV. 1","Module-DP,Module-TCB",Generic;DSA 100S,,dormant,none,False,0.0,0.0,0.0,,,0.0,,,unknown
500357593,KCN SER ADPTR FEM V1 RV1,"Module-DP,Module-TCB",DSA 100S;Generic,,dormant,none,False,0.0,0.0,0.0,,,0.0,,,unknown
500357594,"D03211, SYRINGE DOSING, SW-CONTROLLED","Module-DP,Module-TCB",DSA 100S;Generic,,dormant,none,False,0.0,0.0,0.0,,,0.0,,,unknown
500357595,"EM3201, ELECTONIC MOD,DOSING SYS 4","Module-DP,Module-TCB",DSA 100S;Generic,,dormant,none,False,0.0,0.0,0.0,,,0.0,,,unknown
500357596,"EM3210, ELEC MOD, FOR SW-CONTR AXES","Module-DP,Module-TCB",Generic;DSA 100S,,dormant,none,False,0.0,0.0,0.0,,,0.0,,,unknown
500357597,"NM3211, NEEDLE LIFT FOR 1 LIQUID, 110 MM","Module-DP,Module-TCB",DSA 100S;Generic,,dormant,none,False,0.0,0.0,0.0,,,0.0,,,unknown
500357598,"CM3250, PRISM SAMPLE UP TO 250MM","Module-DP,Module-TCB",DSA 100S;Generic,,dormant,none,False,0.0,0.0,0.0,,,0.0,,,unknown
500357599,KCN BUS INTERFACE SERIAL,"Module-DP,Module-TCB",DSA 100S;Generic,,dormant,none,False,0.0,0.0,0.0,,,0.0,,,unknown
500357600,"SP3203, PTFE TUBING SET 55/75 CM W/B/G","Module-DP,Module-TCB",DSA 100S;Generic,,dormant,none,False,0.0,0.0,0.0,,,0.0,,,unknown
500357601,"SP3204, PTFE TUBING SET 55/75 CM Y/G/BK","Module-DP,Module-TCB",Generic;DSA 100S,,dormant,none,False,0.0,0.0,0.0,,,0.0,,,unknown
500357602,LED LAMP MATRIX 13X16,"Module-DP,Module-TCB",DSA 100S;Generic,,dormant,none,False,0.0,0.0,0.0,,,0.0,,,unknown
500357603,CF03 HIGH RES& HIGH SPEED CAMERA USB 3.0,"Module-DP,Module-TCB",DSA 100S;Generic,,dormant,none,False,0.0,0.0,0.0,,,0.0,,,unknown
500357604,EM11 PWR SUPPLY(88-264 V 120 W 50-60 HZ),"Module-DP,Module-TCB",Generic;DSA 100S,,dormant,none,False,0.0,0.0,0.0,,,0.0,,,unknown
500357605,"DISPOSABLE DOSING NEEDLES 50, 0.5MM 38MM","Module-DP,Module-TCB",Generic;DSA 100S,L,dying,dying,False,0.0027397260273972603,0.0,0.0027397260273972603,0.0,0.0,4.0,,,unknown
500357606,500 ML GLASS SYRINGE W LUER-LK CONNECTR,"Module-DP,Module-TCB",Generic;DSA 100S,,dormant,none,False,0.0,0.0,0.0,,,0.0,,,unknown
500357717,MAIN AIR REGULATOR 120 PSI SPECTRUM,"Module-DP,Module-Epoxy,Module-IHS","Generic;NordsonAsymtek,Vantage;Asymtek S922;Asymtek S912",L,dormant,none,False,0.0,0.0,0.0,,,0.0,,,unknown
500357718,"KIT,VACUUM GAUGE UPGD",Module-Epoxy,Asymtek S922,,dormant,none,False,0.0,0.0,0.0,,,0.0,,,unknown
500357823,"ASSY, FEED TUBE,65MM,PU,PKG 50",Module-Epoxy,Asymtek S922,,dormant,none,False,0.0,0.0,0.0,,,0.0,,,unknown
500357877,DEFINITE-REFLECTIVE FIBER UNIT FU-38,Module-Epoxy,"Tiros,BTI 800;TIROS BTi 802",D,dormant,none,False,0.0,0.0,0.0,,,0.0,,,unknown
500358169,"FILTER,OFA,OUTLET",Module-TCB,APPJ MFM-220,D,dormant,none,False,0.0,0.0,-0.0027397260273972603,,,0.0,,,unknown
500358170,"FILTER,SEPARATOR,MIST,MICRO",Module-TCB,APPJ MFM-220,,dormant,none,False,0.0,0.0,0.0,,,0.0,,,unknown
500358171,"FILTER,SEPARATOR,MIST",Module-TCB,APPJ MFM-220,D,dormant,none,False,0.0,0.0,-0.0027397260273972603,,,0.0,,,unknown
500358172,"PNEUMATIC AIR FILTER G1/2""",Module-TCB,APPJ MFM-220,,dormant,none,False,0.0,0.0,0.0,,,0.0,,,unknown
500358173,REGULATOR WITH BACKFLOW FUNCTION,Module-TCB,APPJ MFM-220,D,dormant,none,False,0.0,0.0,-0.005479452054794521,,,0.0,,,unknown
500359481,"CRADLE,LATCH,DRAWBAR NEXJET",Module-Epoxy,Asymtek S922,,dormant,none,False,0.0,0.0,0.0,,,0.0,,,unknown
500359482,COMPRESSION SPRING .50 X .051 X 4.0,Module-Epoxy,Asymtek S922,,dormant,none,False,0.0,0.0,0.0,,,0.0,,,unknown
500359483,"BUTTON,LATCH,NEXJET",Module-Epoxy,Asymtek S922,,dormant,none,False,0.0,0.0,0.0,,,0.0,,,unknown
500359484,INTELLIJET PAWL LATCH,Module-Epoxy,Asymtek S922,D,dormant,none,False,0.0,0.0,0.0,,,0.0,,,unknown
500359485,"LEVER,LATCHING NEXJET",Module-Epoxy,Asymtek S922,,dormant,none,False,0.0,0.0,0.0,,,0.0,,,unknown
500359486,BRACKET FOR Z-CONNECT CABLE,Module-Epoxy,Asymtek S922;GENERIC,L,dying,dying,False,0.0136986301369863,0.0,0.0136986301369863,0.0,0.0,4.0,,,unknown
500359487,NEXJET7 AIR MANAGEMENT BLOCK,"Module-DP,Module-Epoxy",Generic;Asymtek S922,,dormant,none,False,0.0,0.0,0.0,,,0.0,,,unknown
500359488,NJ-7 STROKE ADJUSTER ASSEMBLY,"Module-DP,Module-Epoxy",Generic;Asymtek S922,,dormant,none,False,0.0,0.0,0.0,,,0.0,,,unknown
500359489,"MUFFLER,POROUS PLASTIC,1/8NPTM","Module-DP,Module-Epoxy",Generic;Asymtek S922,L,dying,dying,False,0.0,0.0,0.0,,,4.0,,,unknown
500359490,PWA CONTROLLER NJ-8,Module-Epoxy,Asymtek S922;GENERIC,M,active,constant,True,0.01643835616438356,0.011111111111111112,0.01643835616438356,0.675925925925926,0.0,0.5775492077343558,2.0,3.0,increasing
500359491,"PLATE, STRUT, NJ-7","Module-DP,Module-Epoxy",Generic;EPOXY JET VALVE;Asymtek S922,M,active,constant,True,0.010958904109589041,0.03333333333333333,0.010958904109589041,3.0416666666666665,0.0,1.1525234385278622,,,unknown
500359492,"COVER, NEXJET",Module-Epoxy,Asymtek S922;GENERIC,,dormant,none,False,0.0,0.0,0.0,,,0.0,,,unknown
500359493,"COMPRESSION SPRING .19"" X 1.8"" X 3.5",Module-Epoxy,Asymtek S922,D,dormant,none,False,0.0,0.0,0.0,,,0.0,,,unknown
500359494,"WASHER,BELLEVILLE,.13ID,.39OD",Module-Epoxy,Asymtek S922,,dormant,none,False,0.0,0.0,0.0,,,0.0,,,unknown
500359495,"STUD,M4 X 0.7,100MM LG,SS",Module-Epoxy,Asymtek S922,,dormant,none,False,0.0,0.0,0.0,,,0.0,,,unknown
500359496,DOVETAIL MOUNTING PLATE NEXJET-7,Module-Epoxy,Asymtek S922;GENERIC,,dormant,none,False,0.0,0.0,0.0,,,0.0,,,unknown
500359497,"PLATE,TOP,NJ-7",Module-Epoxy,Asymtek S922,,dormant,none,False,0.0,0.0,0.0,,,0.0,,,unknown
500359498,"UPHAUL,TINES,NJ-7",Module-Epoxy,Asymtek S922;GENERIC,,dormant,none,False,0.0,0.0,0.0,,,0.0,,,unknown
500359499,"FITTING,ELBOW 1/8 X 1/8 BARB NEXJET",Module-Epoxy,Asymtek S922;GENERIC,,dormant,none,False,0.0,0.0,0.0,,,0.0,,,unknown
500359500,HEATER MODULE COVER NEXTJET8,Module-Epoxy,Asymtek S922,D,active,constant,True,0.0027397260273972603,0.011111111111111112,0.0027397260273972603,4.055555555555555,1.0,3.9999999999999996,,,unknown
500359520,LEDI CABLE ASSY,Module-TCB,"ASM-Pacific,Phoenix",,dormant,none,False,0.0,0.0,0.0,,,0.0,,,unknown
500359522,BOARD AND CABLE ASSY FOR LOW RING LIGHT,Module-TCB,"ASM-Pacific,Phoenix",,dormant,none,False,0.0,0.0,0.0,,,0.0,,,unknown
500359523,SOCKET SET SCREW M4X6,Module-TCB,"ASM-Pacific,Phoenix",,dormant,none,False,0.0,0.0,0.0,,,0.0,,,unknown
500359524,SOC HD CAP SCREW M4X45,Module-TCB,"ASM-Pacific,Phoenix",D,dormant,none,False,0.0,0.0,0.0,,,0.0,,,unknown
500359525,SOC HD CAP SCREW M5X40,Module-TCB,"ASM-Pacific,Phoenix",D,dormant,none,False,0.0,0.0,0.0,,,0.0,,,unknown
500359530,SENSOR BOARD ASSY FOR TCB,Module-TCB,"ASM-Pacific,Phoenix",,dormant,none,False,0.0,0.0,0.0,,,0.0,,,unknown
500359531,SOC HD CAP SCREW M4X40,Module-TCB,"ASM-Pacific,Phoenix",,dormant,none,False,0.0,0.0,0.0,,,0.0,,,unknown
500359854,SAFETY SWITCH 2X NC+NO W/ CODED MAGNET,Module-TCB,"ASM-Pacific,Firebird",,dormant,none,False,0.0,0.0,0.0,,,0.0,,,unknown
500359918,SNAP RING,Module-TCB,"ASM-Pacific,Phoenix",,dormant,none,False,0.0,0.0,0.0,,,0.0,,,unknown
500362351,PURGE CUP VACUUM SENSOR ASSEMBLY,"Module-Epoxy,Module-IHS,Module-TCB",Asymtek S932;Asymtek S912;Asymtek S922,,dormant,none,False,0.0,0.0,0.0,,,0.0,,,unknown
500362830,KIT EXHAUST PORT (SET C),Module-TCB,"OMRON,3DXRAY,VT-X900",,dormant,none,False,0.0,0.0,0.0,,,0.0,,,unknown
500362833,KIT OIL LEVER GLASS (SET B),Module-TCB,"OMRON,3DXRAY,VT-X900",,dormant,none,False,0.0,0.0,0.0,,,0.0,,,unknown
500362836,KIT OIL BOX (SET A),Module-TCB,"OMRON,3DXRAY,VT-X900",,dormant,none,False,0.0,0.0,0.0,,,0.0,,,unknown
500362931,"SMP,BLEND,LOCTITE SI 5900 INSTANT GASKET","Module-BA,Module-Epoxy",Heller VCO;Heller 2017 MK III,L,dying,dying,False,0.0,0.0,0.0,,,4.0,,,unknown
500364188,DATA CABLE BH 28-10,Module-Epoxy,Asymtek S922,D,dormant,none,False,0.0,0.0,0.0,,,0.0,,,unknown
500364368,OPTICS TBLE 1MMPKT NZZL BNK(OTNB)(28X16),Module-TCB,"ASM-Pacific,Phoenix",D,dormant,none,False,0.0,0.0,0.0,,,0.0,,,unknown
500364369,OPTICS TBLE 1MMPKT NZZL BNK(OTNB)(34X24),Module-TCB,"ASM-Pacific,Phoenix",D,dormant,none,False,0.0,0.0,0.0,,,0.0,,,unknown
500365940,"WASHER , M5 FORM A S/S","Module-CAM,Module-TCB","ASM-Pacific,Phoenix;ASM-Pacific,Firebird;DEK Galaxy",,dormant,none,False,0.0,0.0,0.0,,,0.0,,,unknown
500367100,DTA UL OPTICS ASSY,Module-TCB,"ASM-Pacific,Firebird",D,dormant,none,False,0.0,0.0,0.0,,,0.0,,,unknown
500367101,(CIE4S) WALL ASSY REAR,Module-TCB,"ASM-Pacific,Firebird",,dormant,none,False,0.0,0.0,0.0,,,0.0,,,unknown
500367103,LED SIGNAL TOWER LIGHT W/ BUZZER (110MM),Module-TCB,"ASM-Pacific,Firebird",,dormant,none,False,0.0,0.0,0.0,,,0.0,,,unknown
500367105,DFH TO MAIN BONDER SPARE CABLE,Module-TCB,"ASM-Pacific,Firebird",D,dormant,none,False,0.0,0.0,0.0,,,0.0,,,unknown
500367106,REMOTE HARD DISK WITH OS,Module-TCB,"ASM-Pacific,Firebird",,dormant,none,False,0.0,0.0,0.0,,,0.0,,,unknown
500367107,NUDRIVE-3S BOX(HAVE FUSE),Module-TCB,"ASM-Pacific,Firebird",,dormant,none,False,0.0,0.0,0.0,,,0.0,,,unknown
500367108,NUDRIVE-3S BOX(HAVE FUSE),Module-TCB,"ASM-Pacific,Firebird",,dormant,none,False,0.0,0.0,0.0,,,0.0,,,unknown
500367109,HT LNPS 7KVA 110V&40V&220V,Module-TCB,"ASM-Pacific,Firebird",,dormant,none,False,0.0,0.0,0.0,,,0.0,,,unknown
500367110,(OT) AB ON/OFF SOL,Module-TCB,"ASM-Pacific,Firebird",,dormant,none,False,0.0,0.0,0.0,,,0.0,,,unknown
500367111,CAH TO MAIN BONDER SPARE CABLE (FB),Module-TCB,"ASM-Pacific,Firebird",,dormant,none,False,0.0,0.0,0.0,,,0.0,,,unknown
500367112,ENC EXT CABLE ASSY NORMAL,Module-TCB,"ASM-Pacific,Firebird",,dormant,none,False,0.0,0.0,0.0,,,0.0,,,unknown
500367113,TEC AND DM FAN POWER CABLE ASSY,Module-TCB,"ASM-Pacific,Firebird",,dormant,none,False,0.0,0.0,0.0,,,0.0,,,unknown
500367114,OT Z ENC CONN CABLE ASSY,Module-TCB,"ASM-Pacific,Firebird",,dormant,none,False,0.0,0.0,0.0,,,0.0,,,unknown
500367115,HARD DISK AND USB HUB 5V CABLE ASSY,Module-TCB,"ASM-Pacific,Firebird",,dormant,none,False,0.0,0.0,0.0,,,0.0,,,unknown
500367117,DPA CAM AND LT CABLE V2,Module-TCB,"ASM-Pacific,Firebird",,dormant,none,False,0.0,0.0,0.0,,,0.0,,,unknown
500367119,CAH DOCKING BASE PLATE,Module-TCB,"ASM-Pacific,Firebird",,dormant,none,False,0.0,0.0,0.0,,,0.0,,,unknown
500367120,CABLE MOUNTING FIX END(HWM BACK)NON CE,Module-TCB,"ASM-Pacific,Firebird",,dormant,none,False,0.0,0.0,0.0,,,0.0,,,unknown
500367121,"(IES) LARGE SIDE COVER FOR OT, RIGHT",Module-TCB,"ASM-Pacific,Firebird",,dormant,none,False,0.0,0.0,0.0,,,0.0,,,unknown
500367123,SINGLE DOOR MAGNETIC MINI LOCK YM-70,Module-TCB,"ASM-Pacific,Firebird",,dormant,none,False,0.0,0.0,0.0,,,0.0,,,unknown
500367125,15 PIN SATA TO 4PIN HD PWR ADAPTOR 110MM,Module-TCB,"ASM-Pacific,Firebird",,dormant,none,False,0.0,0.0,0.0,,,0.0,,,unknown
500367126,"SATA CABLE W/ LATCH 36""",Module-TCB,"ASM-Pacific,Phoenix;ASM-Pacific,Firebird",D,dormant,none,False,0.0,0.0,-0.0027397260273972603,,,0.0,,,unknown
500367523,(ECPP-369) FRONT SWING COVER UGK,Module-TCB,"ASM-Pacific,Phoenix",,dormant,none,False,0.0,0.0,0.0,,,0.0,,,unknown
500368188,PC STATION STOPPER PLATE-45,Module-TCB,"ASM-Pacific,Phoenix",,dormant,none,False,0.0,0.0,0.0,,,0.0,,,unknown
500368421,STA PICKHEAD ASSY SET (ND5 2XCVR) L&R,Module-TCB,"ASM-Pacific,Firebird;ASM-Pacific,Phoenix",,dormant,none,False,0.0,0.0,0.0,,,0.0,,,unknown
500368422,STA PICKHEAD ASSY SET (ND5) L&R,Module-TCB,"ASM-Pacific,Phoenix",,dormant,none,False,0.0,0.0,0.0,,,0.0,,,unknown
500368423,STA PICKHEAD ASSY SET (APOLLONIA ND4)L&R,Module-TCB,"ASM-Pacific,Phoenix",,dormant,none,False,0.0,0.0,0.0,,,0.0,,,unknown
500368424,STA PICKHEAD ASSY SET (ANF) L&R,Module-TCB,"ASM-Pacific,Phoenix;ASM-Pacific,Firebird",,dormant,none,False,0.0,0.0,0.0,,,0.0,,,unknown
500368453,"EATON BBU 3000VA, 240VAC  W/RETROFIT KIT",Module-Epoxy,Heller 1800SS,D,dormant,none,False,0.0,0.0,0.0,,,0.0,,,unknown
500369972,JET CARTRIDGE ASSEMBLY,Module-Epoxy,Asymtek S922;GENERIC,M,dying,dying,False,0.043835616438356165,0.0,0.043835616438356165,0.0,0.0,0.7894024303683913,2.666666666666667,10.0,increasing
500370864,BOLTED PEDESTAL LOCK SCREW,Module-TCB,"ASM-Pacific,Phoenix",,dormant,none,False,0.0,0.0,0.0,,,0.0,,,unknown
500370886,BH & OT AIR BEARING PNEU ASSY (F),Module-TCB,"ASM-Pacific,Phoenix",,dormant,none,False,0.0,0.0,0.0,,,0.0,,,unknown
500370887,BS AIR BEARING PNEU ASSY (F),Module-TCB,"ASM-Pacific,Phoenix",,dormant,none,False,0.0,0.0,0.0,,,0.0,,,unknown
500370888,SELFCON FAN 220V 14M^3/M 575X1175X250MM,Module-TCB,"ASM-Pacific,Phoenix",,dormant,none,False,0.0,0.0,0.0,,,0.0,,,unknown
500370946,KRYTOX XHT 1000 PFPE OIL,"Module-BA,Module-Epoxy","Heller, VEFO-10D;Heller 2017 MK III;Heller VCO",L,dying,dying,False,0.005479452054794521,0.0,0.005479452054794521,0.0,0.0,1.7657672005069656,,,unknown
500370948,FRONT PLATFORM OPAL GLASS BANK,Module-TCB,"ASM-Pacific,Phoenix",,dormant,none,False,0.0,0.0,0.0,,,0.0,,,unknown
500371222,"VACUUM RING PRESS NUT (D6.5,M5,1.15)",Module-TCB,"ASM-Pacific,Firebird;ASM-Pacific,Phoenix",,dormant,none,False,0.0,0.0,0.0,,,0.0,,,unknown
500371911,TRACK GUIDE (1 SET 6 PCS),Module-TCB,"Delta JLP, JTP",,dormant,none,False,0.0,0.0,0.0,,,0.0,,,unknown
500372127,"(IES) CP,LINE-IN FRONT ADAPTOR ASSY (FB)",Module-TCB,"ASM-Pacific,Firebird;ASM-Pacific,Phoenix",,dormant,none,False,0.0,0.0,0.0,,,0.0,,,unknown
500372273,BALL BUTTON-10MM,Module-TCB,"Delta JLP, JTP",,dormant,none,False,0.0,0.0,0.0,,,0.0,,,unknown
500372274,SS CLAMPING SCREW BALL END TYPE M8,Module-TCB,"Delta JLP, JTP",,dormant,none,False,0.0,0.0,0.0,,,0.0,,,unknown
500372275,AL PLATFORM MOUNT BOSS 19.50MM THICK,Module-TCB,"Delta JLP, JTP",,dormant,none,False,0.0,0.0,0.0,,,0.0,,,unknown
500372325,"DISPENSE CARTRIDGE,RS2-99F",Module-Epoxy,Asymtek S922;GENERIC,M,dying,dying,False,0.0,0.0,0.0,,,2.1146553510178707,,,unknown
500372793,LED HEADLAMP FLASHLIGHT,Module-TCB,"ASM-Pacific,Phoenix;GENERIC",,dormant,none,False,0.0,0.0,0.0,,,0.0,,,unknown
500372794,FLASHLIGHTS LED FLASHLIGHT WITH BATTERY,Module-TCB,"ASM-Pacific,Phoenix;GENERIC",,dormant,none,False,0.0,0.0,0.0,,,0.0,,,unknown
500372795,MULTI-FIT WET DRY VACUUM ACCESSORIES,Module-TCB,"ASM-Pacific,Phoenix;GENERIC",,dormant,none,False,0.0,0.0,0.0,,,0.0,,,unknown
500372796,"PICKUP TOOL, VACUUM, ESD SAFE",Module-TCB,"ASM-Pacific,Phoenix;GENERIC",,dormant,none,False,0.0,0.0,0.0,,,0.0,,,unknown
500373276,"ALIGNMENT BRKT,SENSOR",Module-Epoxy,Asymtek S922,,dormant,none,False,0.0,0.0,0.0,,,0.0,,,unknown
500373364,EJECTOR,Module-Epoxy,Grohamnn MTS-605;Grohmann MTS-600,,dormant,none,False,0.0,0.0,0.0,,,0.0,,,unknown
500373365,KNEE LEVER,Module-Epoxy,Grohmann MTS-605;Grohmann MTS-600,,dormant,none,False,0.0,0.0,0.0,,,0.0,,,unknown
500373366,BALL BEARING,"Module-CAM,Module-Epoxy,Module-MHS","Grohmann MTS-600;Grohamnn MTS-605;Hirata HTTT2009;Grohmann,MFM-200",,dormant,none,False,0.0,0.0,0.0,,,0.0,,,unknown
500373367,HARD STOP,Module-Epoxy,Grohmann MTS-600;Grohmann MTS-605,,dormant,none,False,0.0,0.0,0.0,,,0.0,,,unknown
500373368,GUIDING WHEEL,Module-Epoxy,Grohmann Vertical oven;Grohamnn MTS-605;Grohmann MTS-600,,dormant,none,False,0.0,0.0,0.0,,,0.0,,,unknown
500373369,GUIDE WHEEL BEARING W2SS-227,Module-Epoxy,Grohmann Vertical oven;GROHMANN MTS-605;Grohmann MTS-600,,dormant,none,False,0.0,0.0,0.0,,,0.0,,,unknown
500373371,"CARD, COMM5",Module-Epoxy,Heller 1800SS,,dormant,none,False,0.0,0.0,0.0,,,0.0,,,unknown
500373513,SPECTRUM VACUUM TOOLING 56x88MM,"Module-DP,Module-IHS,Module-Epoxy,Module-TCB,Module-CAM",Asymtek S2-932;Asymtek S922;Asymtek S932;Besi DLA/DSA,,dormant,none,False,0.0,0.0,0.0,,,0.0,,,unknown
500373836,"HV-9500R,NOZZ_INSERT,CARB.,SB,150UM,FLAT","Module-DxA,Module-TCB","Asymtek S932;OS,Common;Asymtek S2-912",D,dormant,none,False,0.0,0.0,0.0,,,0.0,,,unknown
500374416,(BALDA) THETA ENC ASSY,Module-TCB,"ASM-Pacific,Firebird;ASM-Pacific,Phoenix",,dormant,none,False,0.0,0.0,0.0,,,0.0,,,unknown
500374417,ROTARY SCALE R3213 WITHOUT HUB 301-00056,Module-TCB,"ASM-Pacific,Firebird;ASM-Pacific,Phoenix",,dormant,none,False,0.0,0.0,0.0,,,0.0,,,unknown
500374652,"SENSOR,PM-L25-R","Module-Finish,Module-TCB","Intek Plus;Delta JLP, JTP;iIPIS-500",,dormant,none,False,0.0,0.0,0.0,,,0.0,,,unknown
500374835,BONDER BAR TYPE IONIZER,Module-TCB,"ASM-Pacific,Firebird;ASM-Pacific,Phoenix",,dormant,none,False,0.0,0.0,0.0,,,0.0,,,unknown
500374836,SOC BUTTON HD SCREW M3X4,Module-TCB,"ASM-Pacific,Phoenix",D,dormant,none,False,0.0,0.0,0.0,,,0.0,,,unknown
500374837,MINIATURE FITTINGS 10-M- 3ALU-4,Module-TCB,"ASM-Pacific,Firebird;ASM-Pacific,Phoenix",,dormant,none,False,0.0,0.0,0.0,,,0.0,,,unknown
500374889,NUDRIVE-3S BOX(HAVE FUSE),Module-TCB,"ASM-Pacific,Firebird",,dormant,none,False,0.0,0.0,0.0,,,0.0,,,unknown
500374893,70BHTT ROT ENC EXT.CABLE,Module-TCB,"ASM-Pacific,Firebird",,dormant,none,False,0.0,0.0,0.0,,,0.0,,,unknown
500374961,"TOOL,POPPET SEAL INSERTION","Module-DP,Module-Epoxy",Generic;Heller HRF;Asymtek S922,D,dormant,none,False,0.0,0.0,0.0,,,0.0,,,unknown
500374962,"ASSY,TOOL,POPPET INSERTION","Module-DP,Module-Epoxy",Asymtek S922;Asymtek-Jabil RA4 ASF;Generic,D,dormant,none,False,0.0,0.0,0.0,,,0.0,,,unknown
500374987,AL ADAPTER PLATE 18MM NON ELEC,Module-TCB,"Delta JLP, JTP",,dormant,none,False,0.0,0.0,0.0,,,0.0,,,unknown
500375090,"HV-9500RFX,FEED_TUBE","Module-DxA,Module-TCB","Asymtek S932;OS,Common;Asymtek S2-912",H,active,constant,True,1.158904109589041,0.5666666666666667,1.158904109589041,0.48896769109535065,0.0425531914893617,0.23410124505136368,,,unknown
500375230,30MHZ TRANSDUCER,Module-Epoxy,"PVA FPCSAM;PVA,SAMTRAY502",D,dormant,none,False,0.0,0.0,0.0,,,0.0,,,unknown
500375275,UV LAMP,Module-Epoxy,"PVA FPCSAM;PVA,SAMTRAY502",L,dying,dying,False,0.0027397260273972603,0.0,0.0027397260273972603,0.0,0.0,4.0,,,unknown
500375337,GEAR PUMP,Module-Epoxy,"PVA,SAMTRAY502;BLUEM,BI-32i;PVA FPCSAM",D,dormant,none,False,0.0,0.0,0.0,,,0.0,,,unknown
500375359,GEAR PUMP,Module-Epoxy,"PVA,SAMTRAY502;Asymtek S922;SAM In Line Tray 502",L,active,constant,True,0.005479452054794521,0.022222222222222223,0.005479452054794521,4.055555555555555,1.0,3.9999999999999996,,,unknown
500375697,"BEARING,6MM ID,15MM OD",Module-TCB,"Delta JLP, JTP",L,dying,dying,False,0.0027397260273972603,0.0,0.0027397260273972603,0.0,0.0,4.000000000000001,,,unknown
500376460,BEW FITTING KQ2U04-06A,Module-TCB,"ASM-Pacific,Phoenix",D,dormant,none,False,0.0,0.0,0.0,,,0.0,,,unknown
500376659,BRAKE ACTIVATOR,Module-TCB,APPJ MFM-220,D,dormant,none,False,0.0,0.0,0.0,,,0.0,,,unknown
500376660,"SOLENIOD VALVE G1/8"" PLASTIC AL",Module-TCB,APPJ MFM-220,D,dormant,none,False,0.0,0.0,0.0,,,0.0,,,unknown
500377639,BEARING (627ZZ),Module-TCB,"Delta JLP, JTP",L,dying,dying,False,0.0,0.0,0.0,,,4.0,,,unknown
500378016,EPDM RUBBER POPPET SEALS,"Module-DP,Module-Epoxy",Generic;Asymtek S922,M,active,constant,True,0.00821917808219178,0.022222222222222223,0.00821917808219178,2.703703703703704,0.3333333333333333,0.5874072231941699,,,unknown
500378153,(WT) V BEARING SHAFT,Module-TCB,"ASM-Pacific,Firebird",,dormant,none,False,0.0,0.0,0.0,,,0.0,,,unknown
500378204,D-LINK 8-PORT 10/100/1000MBPS SWITCH,Module-TCB,"ASM-Pacific,Phoenix",D,dormant,none,False,0.0,0.0,0.0,,,0.0,,,unknown
500378256,"SPARE UPGRADE KIT, BANNER SC22 TO SC26,J",Module-TCB,"Delta JLP, JTP",L,active,constant,True,0.0027397260273972603,0.011111111111111112,0.0027397260273972603,4.055555555555555,0.0,2.1353732668533567,,,unknown
500378539,SOLENOID VALVE MHE2-MS1H-5/2-QS-4,Module-TCB,APPJ MFM-220,D,dormant,none,False,0.0,0.0,0.0,,,0.0,,,unknown
500378540,TIMING BELT,Module-TCB,APPJ MFM-220,D,dormant,none,False,0.0,0.0,0.0,,,0.0,,,unknown
500378541,ELMO AMPLIFIER,Module-TCB,APPJ MFM-220,,dormant,none,False,0.0,0.0,0.0,,,0.0,0.0,-1.0,decreasing
500379499,PVC SENSOR EXTENSION CABLE ASSY 24AWG,Module-TCB,"Delta JLP, JTP",,dormant,none,False,0.0,0.0,0.0,,,0.0,,,unknown
500379500,STAHLWILLE COMBINATION SPANNER 17MM,"Module-DP,Module-TCB",Asymtek S932;Generic,,dormant,none,False,0.0,0.0,0.0,,,0.0,,,unknown
500379501,KNIPEX NEEDLE NOSE PLIERS STRAIGHT 160MM,"Module-IHS,Module-TCB",Asymtek M2000IHS;Asymtek S932,,dormant,none,False,0.0,0.0,0.0,,,0.0,,,unknown
500379502,FEELER GAUGE 0.05MM - 1.0MM,"Module-IHS,Module-TCB",Asymtek M2000IHS;Asymtek S932,D,dormant,none,False,0.0,0.0,0.0,,,0.0,,,unknown
500380828,AL COAXIAL VGA CABLE W/CONN 8.5MM OD,Module-TCB,"Delta JLP, JTP",L,dying,dying,False,0.0027397260273972603,0.0,0.0027397260273972603,0.0,0.0,4.000000000000001,,,unknown
500381179,"COT, DOCKING UNIT, X-SERIES, CPL, R2",Module-TCB,"ASM-Pacific,Phoenix",,dormant,none,False,0.0,0.0,0.0,,,0.0,,,unknown
500381180,OT NB PNEUMATIC MOUNT,Module-TCB,"ASM-Pacific,Phoenix",D,dormant,none,False,0.0,0.0,0.0,,,0.0,,,unknown
500383999,"SCREW, M3X40, SOCK.HD.CAP,SS","Module-DP,Module-Epoxy",Generic;Asymtek S922,,dormant,none,False,0.0,0.0,0.0,,,0.0,,,unknown
500384000,"SCREW,M3X20,FLATHEAD",Module-Epoxy,Asymtek S922;GENERIC,,dormant,none,False,0.0,0.0,0.0,,,0.0,,,unknown
500384202,DV8500 GAP TOOL 25x6x1.65MM 440C SS,"Module-Epoxy,Module-IHS,Module-TCB",Asymtek S932;Asymtek S922;Asymtek S912,D,dormant,none,False,0.0,0.0,0.0,,,0.0,,,unknown
500384259,Cable HDMI to DVI 3m,"Module-DP,Module-IHS,Module-TCB","Besi DLA/DSA;OMRON,3DXRAY,VT-X900",D,dormant,none,False,0.0,0.0,0.0,,,0.0,,,unknown
500385088,DATA CABLE NJ7,"Module-DP,Module-Epoxy",Generic;Epoxy_Generic;Asymtek S922;EXP_Generic,H,active,constant,True,0.04657534246575343,0.06666666666666667,0.04657534246575343,1.4313725490196076,0.11764705882352941,0.2620987582843696,,,unknown
500385089,JEWEL BEARING 0.08 ID 0.156 OD,Module-Epoxy,Asymtek S922;Heller HRF,H,active,constant,True,0.0684931506849315,0.044444444444444446,0.0684931506849315,0.648888888888889,0.0,0.5363532394234196,,,unknown
500385090,SPACER GUIDE ASSEMBLY INTELLIJET,"Module-DP,Module-Epoxy",Generic;Asymtek S922,L,active,constant,True,0.0027397260273972603,0.011111111111111112,0.0027397260273972603,4.055555555555555,0.0,2.1353732668533567,,,unknown
500385091,BALL BEARING 4MM 404SS,Module-Epoxy,Asymtek S922;EPOXY JET VALVE,D,dormant,none,False,0.0,0.0,0.0,,,0.0,,,unknown
500385175,"TUBE,6MM,BLUE",Module-TCB,"Delta JLP, JTP",L,dying,dying,False,0.0027397260273972603,0.0,0.0027397260273972603,0.0,0.0,4.0,,,unknown
500385611,NDIIIS CONTROLPOWERMODULE,Module-TCB,"ASM-Pacific,Firebird",,dormant,none,False,0.0,0.0,0.0,,,0.0,,,unknown
500385613,"NDIIIS CONTROLPOWERMODULE, ND#2-0",Module-TCB,"ASM-Pacific,Firebird",D,dormant,none,False,0.0,0.0,0.0,,,0.0,0.0,-1.0,decreasing
500386215,HEAT EXCHANGER ASSY BI32I,Module-Epoxy,"BLUEM,BI-32i",L,dying,dying,False,0.0027397260273972603,0.0,0.0027397260273972603,0.0,0.0,4.0,,,unknown
500387145,DIAPHRAGM VACUUM PUMP,"Module-BA,Module-DP,Module-Epoxy",PCO520L;Heller 2017 MK III;Generic,D,dormant,none,False,0.0,0.0,0.0,,,0.0,,,unknown
500387153,RETAINER CAP O 2.5/6/12OZ O-RING BUNA 2,"Module-DP,Module-Epoxy",Generic;Asymtek S922,,dormant,none,False,0.0,0.0,0.0,,,0.0,,,unknown
500387606,"HEX CAP SCRW, M6 X 30MM, BRIGHT ZINC",Module-Epoxy,Grohmann MTS-600,,dormant,none,False,0.0,0.0,0.0,,,0.0,,,unknown
500387608,"FUJI, 687Z BEARING",Module-Epoxy,Grohmann Vertical oven;Grohmann MTS-600,,dormant,none,False,0.0,0.0,0.0,,,0.0,,,unknown
500387609,SHIM WASHER 5X10X0.5,Module-Epoxy,Grohmann MTS-600,,dormant,none,False,0.0,0.0,0.0,,,0.0,,,unknown
500387843,BLACK CABLE CHAIN,Module-TCB,APPJ MFM-220,D,dormant,none,False,0.0,0.0,0.0,,,0.0,,,unknown
500387923,COVER FOR SENSOR AMPLIFIERS SPECTRUM,"Module-DP,Module-DxA,Module-Epoxy,Module-TCB",Asymtek S2-912;Asymtek S932;Asymtek-Jabil RA4 ASF;Asymtek S922;Generic,,dormant,none,False,0.0,0.0,0.0,,,0.0,,,unknown
500387940,SPECTRUM DISPENSE HEAD Z-AXIS MECHANISM,"Module-DP,Module-TCB",Asymtek-Jabil RA4 ASF;Generic;Asymtek S932,,dormant,none,False,0.0,0.0,0.0,,,0.0,,,unknown
500387948,FAN FOR CONTROL CABINET,Module-Epoxy,Grohmann MTS-600;Grohamnn MTS-605,,dormant,none,False,0.0,0.0,0.0,,,0.0,,,unknown
500387949,ELBOW PNEUMATIC FITTING M5X6,Module-Epoxy,Grohmann MTS-600;Grohamnn MTS-605,,dormant,none,False,0.0,0.0,0.0,,,0.0,,,unknown
500387950,"CONTACTOR FOR RELAY 4-POLE, 4NO, 24V DC",Module-Epoxy,Grohmann MTS-600;Grohamnn MTS-605,,dormant,none,False,0.0,0.0,0.0,,,0.0,,,unknown
500387951,MECHANICAL MAGNETIC MEASURING STAND,Module-Epoxy,Grohmann MTS-605;Grohmann MTS-600;GENERIC,,dormant,none,False,0.0,0.0,0.0,,,0.0,,,unknown
500387952,PLANETARY GEARBOX ALPHIRA 060-I,Module-Epoxy,Grohamnn MTS-605;Grohmann MTS-600,,dormant,none,False,0.0,0.0,0.0,,,0.0,,,unknown
500387953,ANALOG INPUT TERMINAL ON MTS-600,Module-Epoxy,Grohmann MTS-600;Grohmann MTS-605,,dormant,none,False,0.0,0.0,0.0,,,0.0,,,unknown
500387954,ETHERNET CARD 4 CHANNELS PCI,"Module-DP,Module-Epoxy",GROHMANN MTS-605;Generic;Grohamnn MTS-605;Grohmann MTS-600,D,dormant,none,False,0.0,0.0,0.0,,,0.0,,,unknown
500387955,FLEXI SOFT SAFETY CONTROL UNIT,Module-Epoxy,Grohamnn MTS-605;GROHMANN MTS-605;Grohmann MTS-600,D,dormant,none,False,0.0,0.0,0.0,,,0.0,,,unknown
500387956,TRANSFORMER 380-480V 7.5 KVA,Module-Epoxy,Grohmann MTS-605;Grohmann MTS-600,,dormant,none,False,0.0,0.0,0.0,,,0.0,,,unknown
500387957,CHAIN DRIVE GEARBOX,Module-Epoxy,GROHMANN MTS-605;Grohamnn MTS-605;Grohmann MTS-600,D,dormant,none,False,0.0,0.0,0.0,,,0.0,,,unknown
500387958,TESATAST LEVEL DIAL INDICATOR,"Module-DP,Module-Epoxy",Grohmann MTS-600;GROHMANN MTS-605;Grohmann Vertical oven;Generic,,dormant,none,False,0.0,0.0,0.0,,,0.0,,,unknown
500387959,STOPPER FOR DOOR HINGE SS,"Module-DP,Module-Epoxy",Grohmann Vertical oven;Generic,,dormant,none,False,0.0,0.0,0.0,,,0.0,,,unknown
500387960,MAINS PLUG 13A 230 V,"Module-DP,Module-Epoxy",GROHMANN MTS-605;Generic;Grohmann Vertical oven;Grohmann MTS-600,D,dormant,none,False,0.0,0.0,0.0,,,0.0,,,unknown
500388553,SCREWDRIVER BIT SOCKET 3 MM,Module-Epoxy,Grohmann MTS-600;GENERIC;Grohmann MTS-605,,dormant,none,False,0.0,0.0,0.0,,,0.0,,,unknown
500388554,SCREWDRIVER BIT SOCKET 4 MM,"Module-DP,Module-Epoxy",Grohamnn MTS-605;Grohmann MTS-600;Generic,,dormant,none,False,0.0,0.0,0.0,,,0.0,,,unknown
500388555,SCREWDRIVER BIT SOCKET 5 MM,"Module-DP,Module-Epoxy",Generic;Grohmann MTS-600;GROHMANN MTS-605,,dormant,none,False,0.0,0.0,0.0,,,0.0,,,unknown
500388556,SCREWDRIVER BIT SOCKET 6 MM,"Module-DP,Module-Epoxy",Grohamnn MTS-605;Generic;Grohmann MTS-600,,dormant,none,False,0.0,0.0,0.0,,,0.0,,,unknown
500388557,TORQUE WRENCH REVERSIBLE 1-3/8,Module-Epoxy,Grohmann MTS-605;Grohmann MTS-600;GENERIC,,dormant,none,False,0.0,0.0,0.0,,,0.0,,,unknown
500388559,AIR KNIFE PRESSURE GAUGE & AIR REGULATOR,"Module-DP,Module-Epoxy",Grohmann MTS-600;Generic;GROHMANN MTS-605;Grohamnn MTS-605,D,dormant,none,False,0.0,0.0,0.0,,,0.0,,,unknown
500388562,FAN HOUSING  ZONE 1-8 DNG 3-6 V2,Module-Epoxy,Grohmann MTS-600;GENERIC;Grohmann MTS-605,,dormant,none,False,0.0,0.0,0.0,,,0.0,,,unknown
500388734,RELAY AUXILIARY SWITCH 690V 1A,Module-Epoxy,GROHMANN MTS-605;Grohmann MTS-600;Grohamnn MTS-605,,dormant,none,False,0.0,0.0,0.0,,,0.0,,,unknown
500388735,"CB1,4A 2A FOR MOTOR PROTECTION CL10",Module-Epoxy,Grohmann MTS-600;Grohmann MTS-605,,dormant,none,False,0.0,0.0,0.0,,,0.0,,,unknown
500388736,AIR REGULATOR FOR SBT SINGLE MEDIA,Module-Epoxy,Grohamnn MTS-605;Grohmann MTS-600,,dormant,none,False,0.0,0.0,0.0,,,0.0,,,unknown
500388737,PLASTIC CALIBRATION TOOL,Module-Epoxy,Grohmann MTS-600;Grohamnn MTS-605;GROHMANN MTS-605,,dormant,none,False,0.0,0.0,0.0,,,0.0,,,unknown
500388738,LEAKAGE DETECTION FOIL MTS-600 THERMAL,Module-Epoxy,Grohmann MTS-600;Grohamnn MTS-605,,dormant,none,False,0.0,0.0,0.0,,,0.0,,,unknown
500388739,PULLEY FOR FLATBELT SS,Module-Epoxy,Grohmann MTS-605;Grohmann MTS-600,D,dormant,none,False,0.0,0.0,0.0,,,0.0,,,unknown
500389256,COUPLING FOR SBT CONVEYOR MOTOR,"Module-Epoxy,Module-MHS","Grohmann, MFM-220.2;Grohmann MTS-600;Grohamnn MTS-605;GROHMANN MTS-605",,dormant,none,False,0.0,0.0,0.0,,,0.0,,,unknown
500390101,POWER 32 I/O VAC IN PLC AC,Module-Epoxy,"BLUEM,BI-32i",L,active,constant,True,0.0027397260273972603,0.011111111111111112,0.0027397260273972603,4.055555555555555,0.0,3.9999999999999996,,,unknown
500390598,FAN ASSEMBLY ZONE 3-8 DNG 2-2.5 V2A MTS-,Module-Epoxy,Grohamnn MTS-605;Grohmann MTS-600;Grohmann Vertical oven,L,dormant,none,False,0.0,0.0,0.0,,,0.0,,,unknown
500390599,FAN ASSEMBLY ZONE 9-16 DNG 2-2.5 V2A MTS,Module-Epoxy,Grohmann MTS-600;Grohmann Vertical oven;Grohamnn MTS-605,L,dormant,none,False,0.0,0.0,0.0,,,0.0,,,unknown
500390600,FAN HOUSING ZONE 3-8 DNG 2-2.5 V2A MTS-6,"Module-CAM,Module-Epoxy","Grohmann,MFM-200;GROHMANN MTS-605;Grohmann MTS-600",,dormant,none,False,0.0,0.0,0.0,,,0.0,,,unknown
500390601,FAN HOUSING ZONE 9-16 DNG 2-2.5 V2A MTS-,"Module-CAM,Module-Epoxy","GROHMANN MTS-605;Grohamnn MTS-605;Grohmann MTS-600;Grohmann,MFM-200",,dormant,none,False,0.0,0.0,0.0,,,0.0,,,unknown
500390602,FAN ASSEMBLY ZONE 1-2 DNG 3-6 V2A MTS-60,Module-Epoxy,Grohmann Vertical oven;GROHMANN MTS-605;Grohmann MTS-600,D,dormant,none,False,0.0,0.0,0.0,,,0.0,,,unknown
500390603,FAN HOUSING ZONE 1-2 DNG 3-6 V2A MTS-600,"Module-CAM,Module-Epoxy","Grohamnn MTS-605;Grohmann,MFM-200;Grohmann MTS-600;GROHMANN MTS-605",,dormant,none,False,0.0,0.0,0.0,,,0.0,,,unknown
500390604,CABLE TRUNKING EDGE PROTECTION END CAP,Module-Epoxy,Grohmann MTS-600;GROHMANN MTS-605;Grohamnn MTS-605,,dormant,none,False,0.0,0.0,0.0,,,0.0,,,unknown
500390810,"X900,CHILLER",Module-TCB,"OMRON,3DXRAY,VT-X900",,dormant,none,False,0.0,0.0,0.0,,,0.0,,,unknown
500390892,R LCD AND USB HUB PWR CABLE,Module-TCB,"ASM-Pacific,Phoenix",,dormant,none,False,0.0,0.0,0.0,,,0.0,,,unknown
500390893,FRONT MONITOR PWR CABLE ASSYII,Module-TCB,"ASM-Pacific,Phoenix",,dormant,none,False,0.0,0.0,0.0,,,0.0,,,unknown
500391825,BH NOZZLE WITH PROBE PIN ASSY,Module-TCB,"ASM-Pacific,Phoenix",D,dormant,none,False,0.0,0.0,0.0,,,0.0,,,unknown
500391841,LOW FLUID SENSOR HOLDER(NEW),Module-Epoxy,Asymtek S922,L,dying,dying,False,0.00821917808219178,0.0,0.00821917808219178,0.0,0.0,3.9999999999999996,,,unknown
500392465,DISPENSE CARTRIDGE RS-38F,Module-Epoxy,Heller HRF;Asymtek S922,,dormant,none,False,0.0,0.0,0.0,,,0.0,,,unknown
500392466,DISPENSE CARTRIDGE RS-68F,Module-Epoxy,Heller HRF;Asymtek S922,L,dying,dying,False,0.043835616438356165,0.0,0.043835616438356165,0.0,0.0,4.000000000000001,,,unknown
500392469,LOWER NOZZLE ASSEMBLY RS-3YF,"Module-DP,Module-Epoxy","NordsonAsymtek,Vantage;Generic;Asymtek S922",D,dormant,none,False,0.0,0.0,0.0,,,0.0,,,unknown
500392470,LOWER NOZZLE ASSEMBLY RS-6YF,"Module-DP,Module-Epoxy",Asymtek S922;Generic;Asymtek-Jabil RA4 ASF,H,active,constant,True,0.14246575342465753,0.1,0.14246575342465753,0.701923076923077,-0.07692307692307693,0.6240749024096001,,,unknown
500392485,"PCA,HEATER INTERFACE",Module-Epoxy,Asymtek S922;Asymtek-Jabil RA4 ASF,H,active,constant,True,0.07945205479452055,0.011111111111111112,0.07945205479452055,0.13984674329501914,0.0,0.743438997151983,,,unknown
500393029,HELLER ON BUTTON BULB 24V 2W,Module-Epoxy,Heller 1800SS,L,dying,dying,False,0.0,0.0,0.0,,,4.000000000000001,,,unknown
500393459,DPA Z MOVING END COVER (OPTIONAL),Module-TCB,"ASM-Pacific,Phoenix",D,dormant,none,False,0.0,0.0,0.0,,,0.0,,,unknown
500393549,COPPER PASTE FOR APPJ,Module-TCB,APPJ MFM-220,,dormant,none,False,0.0,0.0,0.0,,,0.0,,,unknown
500393731,"HEATER,BUS,BAR","Module-BA,Module-DP,Module-Epoxy",Heller 2017 MK III;PCO520L;Generic,,dormant,none,False,0.0,0.0,0.0,,,0.0,,,unknown
500393816,"UPGRD KIT,BUMPER,HANDLE,CART",Module-TCB,"Delta JLP, JTP",D,dormant,none,False,0.0,0.0,0.0,,,0.0,,,unknown
500393817,"GATE, TRAY RETAINER","Module-BA,Module-MHS,Module-TCB","JTP;MHS_Generic;Delta JLP, JTP",D,dormant,none,False,0.0,0.0,0.0,,,0.0,,,unknown
500393818,TOP PLATE-TRAY CART,Module-TCB,"Delta JLP, JTP",L,active,constant,True,0.005479452054794521,0.011111111111111112,0.005479452054794521,2.0277777777777777,0.0,0.9485396852116825,,,unknown
500394167,BRUSHLESS AXIAL FAN,Module-TCB,"Delta JLP, JTP",D,dormant,none,False,0.0,0.0,0.0,,,0.0,,,unknown
500394174,REMOVAL ELECTRONIC PIN,Module-Epoxy,Grohamnn MTS-605;Grohmann Vertical oven;Grohmann MTS-600;GROHMANN MTS-605,,dormant,none,False,0.0,0.0,0.0,,,0.0,,,unknown
500394175,LOWER NOZZLE ASSEMBLY RS-9YF,"Module-DP,Module-Epoxy",Asymtek S922;EPOXY JET VALVE;Generic,H,active,constant,True,0.46301369863013697,0.6333333333333333,0.46301369863013697,1.3678500986193294,0.10650887573964497,0.04914042569833775,,,unknown
500394366,DAMPING TAPE GUIDE,Module-TCB,"ASM-Pacific,Phoenix",D,dormant,none,False,0.0,0.0,0.0,,,0.0,,,unknown
500394367,DAMPING TAPE,Module-TCB,"ASM-Pacific,Phoenix",,dormant,none,False,0.0,0.0,0.0,,,0.0,,,unknown
500394440,PULLEY 44T 3MM GT2 15MM,"Module-TCB,Module-Test","Delta JLP, JTP;Delta CTH-Pyramid 2008",D,dormant,none,False,0.0,0.0,0.0,,,0.0,,,unknown
500394441,PULLEY 44T 3MM GT2 15MM KEY,Module-TCB,"Delta JLP, JTP",,dormant,none,False,0.0,0.0,0.0,,,0.0,,,unknown
500394606,CHEMOURS KRYTOX XHT BDZ,"Module-CAM,Module-Epoxy","Heller VCO;BTU, Pyramax 98N",M,active,constant,True,0.01643835616438356,0.022222222222222223,0.01643835616438356,1.351851851851852,0.0,0.7171370714948828,,,unknown
500394653,NEXJET CARTRIDGE COVER,Module-Epoxy,Asymtek S922,L,dying,dying,False,0.0273972602739726,0.0,0.0273972602739726,0.0,0.0,1.2530145865738127,,,unknown
500394932,TOUCHSCREEN MONITOR 1915L,"Module-TCB,Module-Test","Delta CTH-Pyramid 2008;Delta JLP, JTP;Delta,Summit,ATC",L,dying,dying,False,0.0,0.0,0.0,,,4.0,,,unknown
500394967,FAN HOUSING ZONE 1-8 MTS-605,Module-Epoxy,Grohmann MTS-600;GROHMANN MTS-605;Grohamnn MTS-605,,dormant,none,False,0.0,0.0,0.0,,,0.0,,,unknown
500395003,INTELLIJET JETTING SYSTEM SPARE,"Module-DP,Module-Epoxy","Generic;NordsonAsymtek,Vantage;EXP_Generic",L,active,constant,True,0.021917808219178082,0.06666666666666667,0.021917808219178082,3.0416666666666665,0.0,2.5123966942148765,,,unknown
500395308,TRANSDUCER,Module-Epoxy,SAM In Line Tray 502;PVA FPCSAM,L,active,constant,True,0.005479452054794521,0.022222222222222223,0.005479452054794521,4.055555555555555,0.0,2.7851548593805626,,,unknown
500395338,"STERILE FILTER CARTRIDGE | 10"" | 0,2?m",Module-Epoxy,PVA FPCSAM;SAM In Line Tray 502,M,dying,dying,False,0.0027397260273972603,0.0,0.0027397260273972603,0.0,0.0,1.7899863474060067,,,unknown
500395339,PRE FILTER MODUL VMD,Module-Epoxy,PVA FPCSAM;SAM In Line Tray 502,M,active,constant,True,0.005479452054794521,0.011111111111111112,0.005479452054794521,2.0277777777777777,0.5,0.9465357374567475,,,unknown
500395340,FILTER MODUL POLISHER MFIIID,Module-Epoxy,PVA FPCSAM;SAM In Line Tray 502,M,dying,dying,False,0.00821917808219178,0.0,0.00821917808219178,0.0,0.0,1.789986347406007,,,unknown
500395567,MAIN HYDROCARBON (AC) FILTERS,Module-Epoxy,Fume Hood,,dormant,none,False,0.0,0.0,0.0,,,0.0,,,unknown
500395572,6OZ EFD SYRINGE BRACKET INTELLIJET,"Module-DP,Module-Epoxy","NordsonAsymtek,Vantage;Generic",,dormant,none,False,0.0,0.0,0.0,,,0.0,,,unknown
500395580,VANTAGE VISION CALIBRATION PLATES,Module-Epoxy,Asymtek S922;Heller HRF,D,dormant,none,False,0.0,0.0,0.0,,,0.0,,,unknown
500395650,"TRAY PLATEN QD, JTP-222052",Module-TCB,"Delta JLP, JTP",D,dormant,none,False,0.0,0.0,0.0,,,0.0,,,unknown
500395755,AIR REGULATOR ON MTS-600_MTS-605,Module-Epoxy,Grohamnn MTS-605;GROHMANN MTS-605;Grohmann MTS-600,,dormant,none,False,0.0,0.0,0.0,,,0.0,,,unknown
500395840,INTEL ETHERNET I210-T1 GBE NIC,"Module-Epoxy,Module-MHS","Asymtek S922;Hirata, Load/Unload",,dormant,none,False,0.0,0.0,0.0,,,0.0,,,unknown
500396010,"PULSE HEATER, DMC, CBS","Module-DP,Module-TCB","Generic;ASM-Pacific,Phoenix;ASMP ACW",L,active,constant,True,0.0136986301369863,0.044444444444444446,0.0136986301369863,3.244444444444445,0.4,1.2827300268166335,0.11627906976744186,-38.0,decreasing
500396049,VACUMN PEN PAC-VAC KIT,Module-TCB,"ASM-Pacific,Phoenix",D,dormant,none,False,0.0,0.0,0.0,,,0.0,,,unknown
500396332,86-70002 BRAIDED GROUND WIRE CABLE,Module-TCB,"ASM-Pacific,Phoenix",,dormant,none,False,0.0,0.0,0.0,,,0.0,,,unknown
500396602,THIN SOC HD CAP SCREW M3X4,Module-TCB,"ASM-Pacific,Phoenix;ASM-Pacific,Firebird",D,dormant,none,False,0.0,0.0,0.0,,,0.0,,,unknown
500396607,ETHERCAT COMMUNICATION MODULE,"Module-Epoxy,Module-TCB",APPJ MFM-220;GROHMANN MTS-605;Grohmann MTS-600,,dormant,none,False,0.0,0.0,0.0,,,0.0,,,unknown
500397191,COMPRESSION SPRING .029CSX.18ODX.375L,Module-Epoxy,Asymtek S922,D,dormant,none,False,0.0,0.0,0.0,,,0.0,,,unknown
500397327,C'SUNK SCREW M4X10,Module-Epoxy,Asymtek S922,D,dormant,none,False,0.0,0.0,0.0,,,0.0,,,unknown
500397501,BEW CLAMP ASSY,Module-TCB,"ASM-Pacific,Phoenix",D,dormant,none,False,0.0,0.0,0.0,,,0.0,0.0,-1.0,decreasing
500398179,SENSOR PM-Y65 JUMPER RETRO KIT,Module-TCB,"Delta JLP, JTP",D,dormant,none,False,0.0,0.0,0.0,,,0.0,,,unknown
500398570,CAMERA LINK CABLE SET FOR DCIIA,Module-TCB,"OMRON,3DXRAY,VT-X900",D,dormant,none,False,0.0,0.0,0.0,,,0.0,,,unknown
500399041,"PHOTOMICROSENSOR, SUNX, PM-Y65",Module-TCB,"Delta JLP, JTP",,dormant,none,False,0.0,0.0,0.0,,,0.0,,,unknown
500399043,"BRKT,FIXED LHS,S-9XX","Module-Epoxy,Module-IHS",Asymtek S912;Asymtek S922,,dormant,none,False,0.0,0.0,0.0,,,0.0,,,unknown
500399044,"PHOENIX-UGK,VISION PC ASSEMBLY",Module-TCB,"ASM-Pacific,Phoenix;ASM,TCB,Y-SHUTTLE",D,dormant,none,False,0.0,0.0,0.0,,,0.0,,,unknown
500399152,DATA CABLE NJ8 BH 28-10,"Module-DP,Module-Epoxy,Module-IHS,Module-TCB,Module-CAM",Asymtek S2-932;Generic;Asymtek S912;Asymtek S922,L,dying,dying,False,0.0027397260273972603,0.0,0.0027397260273972603,0.0,0.0,4.000000000000001,,,unknown
500399552,THROTTLE CHECK VALVE,Module-Epoxy,Grohmann MTS-600;Grohamnn MTS-605;GROHMANN MTS-605,,dormant,none,False,0.0,0.0,0.0,,,0.0,,,unknown
500400770,"MNT,ARM,MODIFIED",Module-Epoxy,Asymtek S922;Asymtek S902,,dormant,none,False,0.0,0.0,0.0,,,0.0,,,unknown
500400771,"PLUNGER,SPRING,M6",Module-Epoxy,Asymtek S902;Asymtek S922,,dormant,none,False,0.0,0.0,0.0,,,0.0,,,unknown
500400772,"BEARING,MNT",Module-Epoxy,Asymtek S902;Asymtek S922,,dormant,none,False,0.0,0.0,0.0,,,0.0,,,unknown
500400773,S/S C'SUNK TORX SCREW M4X10MM,Module-Epoxy,Asymtek S922,,dormant,none,False,0.0,0.0,0.0,,,0.0,,,unknown
500400887,"SCREW,M2X.40X6 FLTHD. PH. REC.","Module-DP,Module-Epoxy","Generic;NordsonAsymtek,Vantage",,dormant,none,False,0.0,0.0,0.0,,,0.0,,,unknown
500400888,"PUMP, NSK GREASE","Module-DP,Module-Epoxy",Generic;Asymtek S922,L,dying,dying,False,0.0027397260273972603,0.0,0.0027397260273972603,0.0,0.0,4.000000000000001,,,unknown
500400889,NSK GREASE NOZZLE 3MM,Module-Epoxy,Asymtek S922;GENERIC,,dormant,none,False,0.0,0.0,0.0,,,0.0,,,unknown
500400890,"PCA, BACKPLANE, TESTED","Module-DP,Module-Epoxy","NordsonAsymtek,Vantage;Generic",M,dying,dying,False,0.010958904109589041,0.0,0.010958904109589041,0.0,0.0,1.9912377002602408,,,unknown
500400891,"PCA, WHISTLE MODULE, TESTED","Module-DP,Module-Epoxy","Generic;NordsonAsymtek,Vantage",D,dormant,none,False,0.0,0.0,0.0,,,0.0,,,unknown
500400892,"PCA, TROMBONE MODULE, TESTED","Module-DP,Module-Epoxy","Generic;NordsonAsymtek,Vantage",L,dying,dying,False,0.0027397260273972603,0.0,0.0027397260273972603,0.0,0.0,4.000000000000001,,,unknown
500400894,VANTAGE LIFT TABLE ASSEMBLY,"Module-DP,Module-Epoxy","NordsonAsymtek,Vantage;Generic",,dormant,none,False,0.0,0.0,0.0,,,0.0,,,unknown
500400895,"CAMERA, 1456X1088 PIXEL","Module-DP,Module-Epoxy","Generic;NordsonAsymtek,Vantage",L,dying,dying,False,0.0027397260273972603,0.0,0.0027397260273972603,0.0,0.0,4.0,,,unknown
500400896,4-WAY AIR VALVE 24V,Module-Epoxy,Asymtek S922;GENERIC,,dormant,none,False,0.0,0.0,0.0,,,0.0,,,unknown
500400897,FUSE THERMAL 250V 6.3A,"Module-DP,Module-Epoxy","NordsonAsymtek,Vantage;Generic",,dormant,none,False,0.0,0.0,0.0,,,0.0,,,unknown
500400899,MOUNTING TOOL FORTE,"Module-DP,Module-Epoxy","NordsonAsymtek,Vantage;Generic",,dormant,none,False,0.0,0.0,0.0,,,0.0,,,unknown
500400900,POWER SUPPLY ELMO 20A 230VAC,"Module-DP,Module-Epoxy","DISCO 7562 USP;Generic;NordsonAsymtek,Vantage",D,dormant,none,False,0.0,0.0,0.0,,,0.0,,,unknown
500400901,"PCA, 24 VOLT EMI FILTER","Module-DP,Module-Epoxy","NordsonAsymtek,Vantage;Heller HRF;Generic",,dormant,none,False,0.0,0.0,0.0,,,0.0,,,unknown
500400902,4.25GBPS SFP OPTICAL TRANSCEIVER,"Module-DP,Module-Epoxy","NordsonAsymtek,Vantage;Generic",,dormant,none,False,0.0,0.0,0.0,,,0.0,,,unknown
500400903,PNEUMATIC CONTROL SYSTEM,"Module-DP,Module-Epoxy","Generic;NordsonAsymtek,Vantage",,dormant,none,False,0.0,0.0,0.0,,,0.0,,,unknown
500400904,"V1/V2 PNEUMATIC MODULE,VANTAGE","Module-DP,Module-Epoxy","Generic;NordsonAsymtek,Vantage",,dormant,none,False,0.0,0.0,0.0,,,0.0,,,unknown
500400905,VANTAGE DISTRIBUTION BOARD,"Module-DP,Module-Epoxy","NordsonAsymtek,Vantage;Generic",,dormant,none,False,0.0,0.0,0.0,,,0.0,,,unknown
500400906,"ENCODER READHEAD,TONIC 5M","Module-DP,Module-Epoxy","NordsonAsymtek,Vantage;Generic;DISCO 7562 USP",L,dormant,none,False,0.0,0.0,0.0,,,0.0,,,unknown
500400907,"PCA, SYSTEM PROGRAMMED","Module-DP,Module-Epoxy","Generic;NordsonAsymtek,Vantage",L,dormant,none,False,0.0,0.0,-0.0027397260273972603,,,4.0,,,unknown
500400908,"PCA, CAMERA LIGHT INTERCONN","Module-DP,Module-Epoxy","NordsonAsymtek,Vantage;Generic",,dormant,none,False,0.0,0.0,0.0,,,0.0,,,unknown
500400909,CAMERA CONTROL CABLE,"Module-DP,Module-Epoxy","Generic;NordsonAsymtek,Vantage",,dormant,none,False,0.0,0.0,0.0,,,0.0,,,unknown
500400910,POWER SUPPLY 48VDC 500W,"Module-DP,Module-Epoxy","NordsonAsymtek,Vantage;Generic",,dormant,none,False,0.0,0.0,0.0,,,0.0,,,unknown
500400911,GAS SPRING 70LB 15.23IN LONG,"Module-DP,Module-Epoxy","NordsonAsymtek,Vantage;Generic",L,active,constant,True,0.00821917808219178,0.011111111111111112,0.00821917808219178,1.351851851851852,0.0,1.6135447460360117,,,unknown
500400912,FUSE THERMAL 400V 5A,"Module-DP,Module-Epoxy","NordsonAsymtek,Vantage;Generic",L,dying,dying,False,0.0027397260273972603,0.0,0.0027397260273972603,0.0,0.0,1.50007631024694,,,unknown
500400913,"BELT, FLAT 6 MM X 1810 MM","Module-DP,Module-Epoxy","NordsonAsymtek,Vantage;Generic",M,dying,dying,False,0.010958904109589041,0.0,0.010958904109589041,0.0,0.0,2.947944262045414,,,unknown
500400914,"COMPUTER, PROGRAMMED, H1E","Module-DP,Module-Epoxy","Generic;Asymtek S922;NordsonAsymtek,Vantage",M,dying,dying,False,0.0027397260273972603,0.0,0.0027397260273972603,0.0,0.0,4.000000000000001,,,unknown
500400916,"PCA BULKHEAD, TESTED","Module-DP,Module-Epoxy","NordsonAsymtek,Vantage;Generic",H,active,constant,True,0.005479452054794521,0.022222222222222223,0.005479452054794521,4.055555555555555,1.0,1.93335251101455,0.4,-3.0,decreasing
500401825,"SMP,BLEND,LEYBONOL LVO 130",Module-Epoxy,"EPOXY REFLOW OVEN W/ VACUUM AS;Heller, VEFO-10D;Heller VEFO",M,active,constant,True,0.00821917808219178,0.03333333333333333,0.00821917808219178,4.055555555555556,1.0,1.7113827272270006,,,unknown
500401863,"FTG,ELB-3,1/4MNPT X 3/8","Module-DP,Module-Epoxy","Generic;NordsonAsymtek,Vantage",L,dying,dying,False,0.0027397260273972603,0.0,0.0027397260273972603,0.0,0.0,4.000000000000001,,,unknown
500401864,"FITTING,REDUCER,3/8T TO 1/4","Module-DP,Module-Epoxy","Generic;NordsonAsymtek,Vantage",,dormant,none,False,0.0,0.0,0.0,,,0.0,,,unknown
500401865,"FITTING,1/8NPT X DUAL-Y 1/4OD","Module-DP,Module-Epoxy","NordsonAsymtek,Vantage;Generic",,dormant,none,False,0.0,0.0,0.0,,,0.0,,,unknown
500401866,"ASSY, FAN 24V W/LEADS","Module-DP,Module-Epoxy","NordsonAsymtek,Vantage;Generic",,dormant,none,False,0.0,0.0,0.0,,,0.0,,,unknown
500401867,"MONITOR, 22"" WIDESCREEN, VANTAGE","Module-DP,Module-Epoxy","Generic;NordsonAsymtek,Vantage",D,dormant,none,False,0.0,0.0,0.0,,,0.0,,,unknown
500401868,VANTAGE CONVEYOR HEATER CONTROLLER,"Module-DP,Module-Epoxy","NordsonAsymtek,Vantage;Generic",L,active,constant,True,0.0027397260273972603,0.011111111111111112,0.0027397260273972603,4.055555555555555,1.0,2.7851548593805626,,,unknown
500401869,"CABLE, SMEMA UPSTREAM",Module-Epoxy,Asymtek S922;GENERIC,,dormant,none,False,0.0,0.0,0.0,,,0.0,,,unknown
500401870,"CABLE, SMEMA DOWNSTREAM",Module-Epoxy,Asymtek S922;GENERIC,L,dying,dying,False,0.005479452054794521,0.0,0.005479452054794521,0.0,0.0,4.000000000000001,,,unknown
500401871,SPECTRUM CONVEYOR PNEUMATIC PANEL,Module-Epoxy,Asymtek S922,,dormant,none,False,0.0,0.0,0.0,,,0.0,,,unknown
500401872,"FITTING,1/8NPT,3X1/4 QUICK","Module-DP,Module-Epoxy",Generic;Asymtek S922,,dormant,none,False,0.0,0.0,0.0,,,0.0,,,unknown
500401873,"FTG,MINI,FEM,BULKHEAD DUAL","Module-DP,Module-Epoxy","Generic;NordsonAsymtek,Vantage",,dormant,none,False,0.0,0.0,0.0,,,0.0,,,unknown
500401874,POWER LINE FILTER 10A 250VAC,"Module-DP,Module-Epoxy","Generic;NordsonAsymtek,Vantage",,dormant,none,False,0.0,0.0,0.0,,,0.0,,,unknown
500401875,"ASSY, STOP PIN","Module-DP,Module-Epoxy","NordsonAsymtek,Vantage;Generic;DISCO 7562 USP",L,dying,dying,False,0.0027397260273972603,0.0,0.0027397260273972603,0.0,0.0,4.0,,,unknown
500401876,"FITTING,STR,10-32X1/4 OD","Module-DP,Module-Epoxy","NordsonAsymtek,Vantage;Generic",L,active,constant,True,0.010958904109589041,0.044444444444444446,0.010958904109589041,4.055555555555555,0.0,1.93335251101455,,,unknown
500401878,"FITTING,MALE,3/8TUBE X1/8 NPT",Module-Epoxy,Asymtek S922;GENERIC,,dormant,none,False,0.0,0.0,0.0,,,0.0,,,unknown
500401879,FLUID FITTING 1/8Mx1/8Fx1/8FNPT STEEL,Module-Epoxy,Asymtek S922;GENERIC,,dormant,none,False,0.0,0.0,0.0,,,0.0,,,unknown
500401881,"ASSY,SRVC STN,MTL DISPCRD,VAPR","Module-DP,Module-Epoxy","NordsonAsymtek,Vantage;Generic",,dormant,none,False,0.0,0.0,0.0,,,0.0,,,unknown
500401882,"LED ASSEMBLY 12V 6""",Module-Epoxy,Asymtek S922;GENERIC,,dormant,none,False,0.0,0.0,0.0,,,0.0,,,unknown
500401883,Q-6800 OPTICAL BOARD PRESENCE SENSOR,"Module-DP,Module-Epoxy","Generic;NordsonAsymtek,Vantage",D,dormant,none,False,0.0,0.0,0.0,,,0.0,,,unknown
500401884,VANTAGE Z1 DISPENSE HEAD ASSEMBLY,"Module-DP,Module-Epoxy","NordsonAsymtek,Vantage;DISCO 7562 USP;Generic",L,dormant,none,False,0.0,0.0,-0.005479452054794521,,,0.0,,,unknown
500401885,"PNL 12,EMO SWITCH ASSY","Module-DP,Module-Epoxy","NordsonAsymtek,Vantage;Generic",L,active,constant,True,0.0027397260273972603,0.011111111111111112,0.0027397260273972603,4.055555555555555,0.0,3.9999999999999996,,,unknown
500401886,VANTAGE CONVEYOR PNEUMATIC PANEL,"Module-DP,Module-Epoxy","NordsonAsymtek,Vantage;Generic",,dormant,none,False,0.0,0.0,0.0,,,0.0,,,unknown
500402202,HEATER CABLE CLAMP - SYMMETRIC,Module-TCB,"ASM-Pacific,Phoenix",D,dormant,none,False,0.0,0.0,0.0,,,0.0,,,unknown
500402203,COOLING BLOCK ASSY FOR DMC - SYM,Module-TCB,"ASM-Pacific,Phoenix",D,dormant,none,False,0.0,0.0,0.0,,,0.0,,,unknown
500402315,HPO SURFBOARD POLY,Module-Epoxy,PCO520L,,dormant,none,False,0.0,0.0,0.0,,,0.0,,,unknown
500402316,HPO LOTO DEVICE ALUMINUM,Module-Epoxy,PCO520L,,dormant,none,False,0.0,0.0,0.0,,,0.0,,,unknown
500402317,EPDM RUBBER POPPET SEALS,"Module-DP,Module-Epoxy","NordsonAsymtek,Vantage;Asymtek-Jabil RA4 ASF;Generic",H,active,constant,True,0.2136986301369863,0.2222222222222222,0.2136986301369863,1.0398860398860397,0.07692307692307693,0.005074111724170505,,,unknown
500402318,LOWER NOZZLE ASSEMBLY RT-X8,"Module-DP,Module-Epoxy","Generic;NordsonAsymtek,Vantage",H,active,constant,True,0.13972602739726028,0.26666666666666666,0.13972602739726028,1.9084967320261437,0.0,0.7006361062631219,,,unknown
500402361,SMARTFEEDER 32MM,"Module-DP,Module-TCB","ASM-Pacific,Firebird;ASM-Pacific,Phoenix;ASMP ACW;Generic",,dormant,none,False,0.0,0.0,0.0,,,0.0,,,unknown
500402634,"LENS, TELECENTRIC, 1X, INLINE, 65MM","Module-DP,Module-Epoxy","NordsonAsymtek,Vantage;Generic",,dormant,none,False,0.0,0.0,0.0,,,0.0,,,unknown
500403191,SENSOR HEAD TO CAMERA BOARD CABLE -1000,Module-TCB,"ASM-Pacific,Firebird;ASM-Pacific,Phoenix",D,dormant,none,False,0.0,0.0,0.0,,,0.0,,,unknown
500403583,"PULSE HEATER 2ND SOURCE,DMC,N,PT COAT",Module-TCB,"ASM-Pacific,Firebird;ASM-Pacific,Phoenix",,dormant,none,False,0.0,0.0,0.0,,,0.0,,,unknown
500403692,ID MODULE 128 BYTES,Module-Epoxy,Grohamnn MTS-605;GROHMANN MTS-605;Grohmann MTS-600,,dormant,none,False,0.0,0.0,0.0,,,0.0,,,unknown
500403693,FIFO CHAIN BEARING,Module-Epoxy,Grohmann MTS-600;GROHMANN MTS-605;Grohamnn MTS-605,,dormant,none,False,0.0,0.0,0.0,,,0.0,,,unknown
500403785,POWER ADAPTER,Module-TCB,"Delta JLP, JTP",H,active,constant,True,0.0547945205479452,0.07777777777777778,0.0547945205479452,1.4194444444444445,0.05,0.16159515996775134,,,unknown
500403838,NOZZLE HEAT MONITOR DATA CABLE,"Module-Epoxy,Module-TCB",Asymtek S932;Asymtek S922,D,dormant,none,False,0.0,0.0,0.0,,,0.0,,,unknown
500403841,HEATER  END CLAMP SPECTRUM,Module-Epoxy,EPX FORTE HEATER MODULE;Asymtek S902,,dormant,none,False,0.0,0.0,0.0,,,0.0,,,unknown
500404213,TAR BAY (TB) -STA,Module-TCB,"ASM-Pacific,Phoenix",,dormant,none,False,0.0,0.0,0.0,,,0.0,,,unknown
500404733,"KIT, NJ HTR COOLING TUBE, BAG OF 20",Module-Epoxy,"NordsonAsymtek,Vantage;Asymtek S922;EPOXY JET VALVE",L,dying,dying,False,0.0027397260273972603,0.0,0.0027397260273972603,0.0,0.0,1.7860077854671281,0.33333333333333337,-2.0,decreasing
500405337,SHIM 0.08MM,Module-TCB,"ASM-Pacific,Phoenix",D,dormant,none,False,0.0,0.0,0.0,,,0.0,,,unknown
500405983,"FLANGED PLAIN BEARING D20 X D23 X 21,5",Module-Epoxy,GROHMANN MTS-605;Grohmann MTS-600;Grohamnn MTS-605,,dormant,none,False,0.0,0.0,0.0,,,0.0,,,unknown
500406056,2ND SOURCE HEATER W. SYMM CB,Module-TCB,"ASM-Pacific,Phoenix;ASM-Pacific,Firebird",D,dormant,none,False,0.0,0.0,0.0,,,0.0,,,unknown
500406113,STAINLESS STEEL DISC COUPLING .50X.375,"Module-DP,Module-Epoxy,Module-TCB,Module-CAM",Asymtek S2-932;Generic;Asymtek S922,,dormant,none,False,0.0,0.0,0.0,,,0.0,,,unknown
500406140,LIFTER PLATE-FRONT LANE,Module-Epoxy,Grohamnn MTS-605;Grohmann MTS-600;GROHMANN MTS-605,,dormant,none,False,0.0,0.0,0.0,,,0.0,,,unknown
500406561,MICROE ALIGNMENT TOOL FOR M2000,Module-TCB,"ASM-Pacific,Firebird;ASM-Pacific,Phoenix",,dormant,none,False,0.0,0.0,0.0,,,0.0,,,unknown
500406904,AIR FLOW SENSOR 8-15VDC,"Module-MHS,Module-TCB","Grohmann, MFM-220.2;APPJ MFM-220",D,dormant,none,False,0.0,0.0,0.0,,,0.0,,,unknown
500407329,BRUSH STRIP QTY 50 VANTAGE,"Module-DP,Module-Epoxy","Generic;NordsonAsymtek,Vantage",L,dormant,none,False,0.0,0.0,0.0,,,0.0,,,unknown
500407785,STATIC DISSIPATIVE PLASTIC TUBING 90A,Module-TCB,"ASM-Pacific,Firebird;ASM-Pacific,Phoenix",D,dormant,none,False,0.0,0.0,0.0,,,0.0,,,unknown
500408304,ADAPTER W WIRE 35MM,"Module-BA,Module-Epoxy","Blue-M;BLUEM,BI-32i",D,dormant,none,False,0.0,0.0,0.0,,,0.0,,,unknown
500408572,"FEED TUBE,UNITIZED,1/4 M LUER","Module-DP,Module-Epoxy","Generic;Asymtek-Jabil RA4 ASF;NordsonAsymtek,Vantage",,dormant,none,False,0.0,0.0,0.0,,,0.0,,,unknown
500408926,LIFTER PLATE-REAR LANE,Module-Epoxy,Grohamnn MTS-605;GROHMANN MTS-605;Grohmann MTS-600;Grohmann Vertical oven,,dormant,none,False,0.0,0.0,0.0,,,0.0,,,unknown
500409445,ASM PULLEY WITH SHAFT G3,Module-TCB,"Delta JLP, JTP",,dormant,none,False,0.0,0.0,0.0,,,0.0,,,unknown
500409785,BS PEDESTAL ASSY (SR XCC)77.5X56.5X0.67,"Module-DP,Module-TCB","ASM-Pacific,Firebird;ASM-Pacific,Phoenix;Generic",,dormant,none,False,0.0,0.0,0.0,,,0.0,,,unknown
500409786,STA PICKHEAD ASSY SET (SR XCC),"Module-DP,Module-TCB","Generic;ASM-Pacific,Firebird;ASM-Pacific,Phoenix",D,dormant,none,False,0.0,0.0,0.0,,,0.0,,,unknown
500410461,"ASSY,NEEDLE X-Y LOCATOR","Module-DP,Module-Epoxy","NordsonAsymtek,Vantage;Generic;DP Besi 300MM TTR;DP Besi 300MM WTT",D,dormant,none,False,0.0,0.0,0.0,,,0.0,,,unknown
500410587,RIGHT HEATED PEDESTAL ASSY (FIREBIRD),Module-TCB,"ASM-Pacific,Firebird",,dormant,none,False,0.0,0.0,0.0,,,0.0,,,unknown
500411039,(MFE) MAIN FLUX EXHAUST (CYCLONE CDS),Module-TCB,"ASM-Pacific,Phoenix",,dormant,none,False,0.0,0.0,0.0,,,0.0,,,unknown
500411040,(MFE) PIPE GUIDE ASSY,Module-TCB,"ASM-Pacific,Phoenix",,dormant,none,False,0.0,0.0,0.0,,,0.0,,,unknown
500411041,CAH TO MAIN BONDER SPARE CABLE,Module-TCB,"ASM-Pacific,Firebird;ASM-Pacific,Phoenix",D,dormant,none,False,0.0,0.0,0.0,,,0.0,,,unknown
500411042,DIGITAL CAP SENSOR,Module-TCB,"ASM-Pacific,Phoenix",D,dormant,none,False,0.0,0.0,0.0,,,0.0,,,unknown
500411043,AC TB TO ROUTER POWER CABLE,Module-TCB,"ASM-Pacific,Phoenix",D,dormant,none,False,0.0,0.0,0.0,,,0.0,,,unknown
500411044,AC TB TO ROUTER POWER CABLE,Module-TCB,"ASM-Pacific,Phoenix",D,dormant,none,False,0.0,0.0,0.0,,,0.0,,,unknown
500411045,F KVM AND JOY EXT CABLE2,Module-TCB,"ASM-Pacific,Phoenix",,dormant,none,False,0.0,0.0,0.0,,,0.0,,,unknown
500411048,3/8 INCH BENT PROBES (NON MARKING),Module-TCB,TCB_Generic,D,dormant,none,False,0.0,0.0,0.0,,,0.0,,,unknown
500411667,"SPRING,OD.18N,FR.68IN,K=75",Module-Epoxy,Asymtek S922,D,dormant,none,False,0.0,0.0,0.0,,,0.0,0.0,-6.0,decreasing
500412263,BELT RETURN UNIT ON MTS-605,Module-Epoxy,Grohmann MTS-600;Grohmann MTS-605,,dormant,none,False,0.0,0.0,0.0,,,0.0,,,unknown
500412264,BELT TENSIONING UNIT ON MTS-605,Module-Epoxy,Grohmann MTS-600;GROHMANN MTS-605;Grohamnn MTS-605,,dormant,none,False,0.0,0.0,0.0,,,0.0,,,unknown
500412719,DUAL POWER SSR,"Module-BA,Module-Epoxy","Heller HRF;Heller, MK7;Heller VCO;Heller, VEFO-10D;Heller FAR;VERTICAL PREBAKE EPOXY OVEN",L,dying,dying,False,0.0,0.0,0.0,,,4.0,,,unknown
500412720,15A FAST ACTING FUSE,Module-Epoxy,"Heller HRF;Heller VCO;Heller FAR;VERTICAL PREBAKE EPOXY OVEN;Heller, VEFO-10D;EPOXY REFLOW OVEN W/ VACUUM AS",M,active,constant,True,0.03287671232876712,0.022222222222222223,0.03287671232876712,0.675925925925926,0.16666666666666666,0.4482573751274438,0.7499999999999999,-4.0,decreasing
500412721,30A FAST ACTING FUSE,Module-Epoxy,Heller VCO;VERTICAL PREBAKE EPOXY OVEN;Heller HRF;Heller FAR,,dormant,none,False,0.0,0.0,0.0,,,0.0,,,unknown
500412722,LIMIT SWITCH,Module-Epoxy,Heller HRF;Heller FAR;VERTICAL PREBAKE EPOXY OVEN;Heller VCO,D,dormant,none,False,0.0,0.0,0.0,,,0.0,,,unknown
500412723,20A TIME DELAY FUSE,Module-Epoxy,"Heller VCO;Heller, VEFO-10D;VERTICAL PREBAKE EPOXY OVEN;EPOXY REFLOW OVEN W/ VACUUM AS",D,dying,dying,False,0.0,0.0,0.0,,,4.0,,,unknown
500412724,"DC VALVE 24V,1/8 NPT",Module-Epoxy,Heller VCO;Heller HRF;VERTICAL PREBAKE EPOXY OVEN;Heller FAR,,dormant,none,False,0.0,0.0,0.0,,,0.0,,,unknown
500412725,U-SHAPED PHOTO SENSOR,Module-Epoxy,VERTICAL PREBAKE EPOXY OVEN;Heller VCO,,dormant,none,False,0.0,0.0,0.0,,,0.0,,,unknown
500412726,LINAK CB9 CONTROL,Module-Epoxy,VERTICAL PREBAKE EPOXY OVEN;Heller VCO,D,dormant,none,False,0.0,0.0,0.0,,,0.0,,,unknown
500412727,WATER FLOW SWITCH,Module-Epoxy,Heller VCO;VERTICAL PREBAKE EPOXY OVEN,L,dormant,none,False,0.0,0.0,0.0,,,0.0,,,unknown
500412728,100A CLASS J TIME DELAY FUSE,"Module-BA,Module-Epoxy","Heller, MK7;Heller VCO;VERTICAL PREBAKE EPOXY OVEN;Heller, VEFO-10D;EPOXY REFLOW OVEN W/ VACUUM AS",,dormant,none,False,0.0,0.0,0.0,,,0.0,,,unknown
500412729,2.5A TIME DELAY FUSE,"Module-BA,Module-Epoxy","EPOXY REFLOW OVEN W/ VACUUM AS;VERTICAL PREBAKE EPOXY OVEN;Heller FAR;Heller HRF;Heller, MK7;Heller VCO;Heller, VEFO-10D",,dormant,none,False,0.0,0.0,0.0,,,0.0,,,unknown
500412730,"100A CONTACTOR, 24VDC",Module-Epoxy,Heller FAR;VERTICAL PREBAKE EPOXY OVEN;Heller VCO;Heller HRF,,dormant,none,False,0.0,0.0,0.0,,,0.0,,,unknown
500412731,COIL SUPPRESSOR,Module-Epoxy,VERTICAL PREBAKE EPOXY OVEN;Heller VCO;Heller HRF;Heller FAR,,dormant,none,False,0.0,0.0,0.0,,,0.0,,,unknown
500412732,QUICK DISCONNECT MALE,"Module-BA,Module-Epoxy","Heller VCO;Heller FAR;Heller, MK7;Heller HRF;VERTICAL PREBAKE EPOXY OVEN",L,dying,dying,False,0.005479452054794521,0.0,0.005479452054794521,0.0,0.0,4.0,,,unknown
500412733,"QUICK DISCONNECT FEMALE, 3/8NPT","Module-BA,Module-Epoxy","Heller VCO;Heller FAR;Heller HRF;Heller, MK7;VERTICAL PREBAKE EPOXY OVEN",L,dying,dying,False,0.005479452054794521,0.0,0.005479452054794521,0.0,0.0,4.0,,,unknown
500412734,WATER LEAK SENSOR,Module-Epoxy,Heller FAR;Heller VCO;VERTICAL PREBAKE EPOXY OVEN;Heller HRF,D,dormant,none,False,0.0,0.0,0.0,,,0.0,,,unknown
500412735,1PH MOTOR OVERLOAD RELAY,Module-Epoxy,Heller VCO;VERTICAL PREBAKE EPOXY OVEN,,dormant,none,False,0.0,0.0,0.0,,,0.0,,,unknown
500412736,MONITOR,Module-Epoxy,Heller VCO;VERTICAL PREBAKE EPOXY OVEN;Heller HRF;Heller FAR,D,dormant,none,False,0.0,0.0,0.0,,,0.0,,,unknown
500412737,SPDT 24VDC RELAY,Module-Epoxy,"Heller HRF;Heller VCO;Heller, VEFO-10D;Heller FAR;VERTICAL PREBAKE EPOXY OVEN",L,dying,dying,False,0.0027397260273972603,0.0,0.0027397260273972603,0.0,0.0,1.5001670515038346,,,unknown
500412738,COMPUTER,Module-Epoxy,Heller VCO;Heller HRF;VERTICAL PREBAKE EPOXY OVEN;Heller FAR,D,dormant,none,False,0.0,0.0,0.0,,,0.0,,,unknown
500412739,WHITE LED PUSHBUTTON,Module-Epoxy,Heller FAR;VERTICAL PREBAKE EPOXY OVEN;Heller VCO;Heller HRF,,dormant,none,False,0.0,0.0,0.0,,,0.0,,,unknown
500412740,BLUE RESET SWITCH,Module-Epoxy,VERTICAL PREBAKE EPOXY OVEN;Heller VCO;Heller HRF;Heller FAR,,dormant,none,False,0.0,0.0,0.0,,,0.0,,,unknown
500412741,EMO WHITE LAMP,Module-Epoxy,Heller VCO;VERTICAL PREBAKE EPOXY OVEN;Heller FAR;Heller HRF,,dormant,none,False,0.0,0.0,0.0,,,0.0,,,unknown
500412742,BLUE LAMP,Module-Epoxy,Heller HRF;Heller FAR;VERTICAL PREBAKE EPOXY OVEN;Heller VCO,,dormant,none,False,0.0,0.0,0.0,,,0.0,,,unknown
500412743,EMO GREEN LAMP,Module-Epoxy,Heller HRF;Heller FAR;VERTICAL PREBAKE EPOXY OVEN;Heller VCO,,dormant,none,False,0.0,0.0,0.0,,,0.0,,,unknown
500412744,AMBER LAMP,Module-Epoxy,"VERTICAL PREBAKE EPOXY OVEN;Heller VCO;Heller, VEFO-10D",,dormant,none,False,0.0,0.0,0.0,,,0.0,,,unknown
500412745,"MOTOR DRIVE CONTROLLER, 1 PH",Module-Epoxy,VERTICAL PREBAKE EPOXY OVEN;Heller VCO,,dormant,none,False,0.0,0.0,0.0,,,0.0,,,unknown
500412746,PNP MAIN POWER AMPLIFIER,Module-Epoxy,Heller VCO;VERTICAL PREBAKE EPOXY OVEN,,dormant,none,False,0.0,0.0,0.0,,,0.0,,,unknown
500412747,"PNP ADD -ON AMPLIFIER,DIGITAL",Module-Epoxy,VERTICAL PREBAKE EPOXY OVEN;Heller VCO,L,dormant,none,False,0.0,0.0,0.0,,,0.0,,,unknown
500412748,RAPID COOL CYLINDER AUTO SWITCH,Module-Epoxy,Heller VCO;VERTICAL PREBAKE EPOXY OVEN,,dormant,none,False,0.0,0.0,0.0,,,0.0,,,unknown
500412750,SHED LOCK CYLINDER REED SWITCH,Module-Epoxy,Heller VCO;VERTICAL PREBAKE EPOXY OVEN,,dormant,none,False,0.0,0.0,0.0,,,0.0,,,unknown
500412751,"9PX, EATON BBU 3000VA, 240VAC",Module-Epoxy,Heller HRF;Heller VCO;Heller FAR;VERTICAL PREBAKE EPOXY OVEN,L,dying,dying,False,0.0,0.0,0.0,,,4.0,,,unknown
500412752,GEAR MOTOR 6.5 RPM 25NM,Module-Epoxy,Heller VCO;VERTICAL PREBAKE EPOXY OVEN,,dormant,none,False,0.0,0.0,0.0,,,0.0,,,unknown
500412753,"HEATER ELEMENT,5400W,480V VCO (FOR CHAND",Module-Epoxy,VERTICAL PREBAKE EPOXY OVEN;Heller VCO,L,dying,dying,False,0.0,0.0,0.0,,,4.0,,,unknown
500412754,"HEATER ELEMENT,380V,4400W VCO (FOR KULIM",Module-Epoxy,Heller VCO;VERTICAL PREBAKE EPOXY OVEN,,dormant,none,False,0.0,0.0,0.0,,,0.0,,,unknown
500412755,"CAPILLARY SWITCH, 260C",Module-Epoxy,"VERTICAL PREBAKE EPOXY OVEN;Heller, VEFO-10D;Heller VCO",,dormant,none,False,0.0,0.0,0.0,,,0.0,,,unknown
500412756,"SENSOR, THRU BEAM, L-SHAPE",Module-Epoxy,Heller VCO;VERTICAL PREBAKE EPOXY OVEN,D,dormant,none,False,0.0,0.0,0.0,,,0.0,,,unknown
500412757,EHC MOTOR SG9R40GB-ES12,Module-Epoxy,VERTICAL PREBAKE EPOXY OVEN;Heller VCO,,dormant,none,False,0.0,0.0,0.0,,,0.0,,,unknown
500412758,"DRIVE MOTOR, 3PH 83RPM",Module-Epoxy,Heller VCO;VERTICAL PREBAKE EPOXY OVEN,,dormant,none,False,0.0,0.0,0.0,,,0.0,,,unknown
500412759,".11 HP NIDEC MOTOR ASSY, 4.75""",Module-Epoxy,Heller VCO;VERTICAL PREBAKE EPOXY OVEN,L,dying,dying,False,0.00821917808219178,0.0,0.00821917808219178,0.0,0.0,2.4262759924385633,,,unknown
500412760,IONIZER,Module-Epoxy,Heller VCO;VERTICAL PREBAKE EPOXY OVEN,D,dormant,none,False,0.0,0.0,0.0,,,0.0,,,unknown
500412761,THERMOCOUPLE ASSEMBLY,Module-Epoxy,VERTICAL PREBAKE EPOXY OVEN;Heller VCO,,dormant,none,False,0.0,0.0,0.0,,,0.0,,,unknown
500412762,IONIZER FEEDBACK SENSOR,Module-Epoxy,Heller VCO;VERTICAL PREBAKE EPOXY OVEN,,dormant,none,False,0.0,0.0,0.0,,,0.0,,,unknown
500413179,LFS ALIGNMENT BRACKET,Module-Epoxy,Asymtek S922,,dormant,none,False,0.0,0.0,0.0,,,0.0,,,unknown
500413268,SWITCH ETHERNET 8 PORT,Module-Epoxy,"BLUEM,BI-32i",L,active,constant,True,0.0027397260273972603,0.011111111111111112,0.0027397260273972603,4.055555555555555,0.0,3.9999999999999996,,,unknown
500413540,"3 PORT VALVE, BODY PORT, PILOT",Module-TCB,"Delta JLP, JTP",D,dormant,none,False,0.0,0.0,0.0,,,0.0,,,unknown
500413575,SS E-TYPE RETAINING RING 3MM ID,"Module-OLx,Module-TCB","Delta JLP, JTP;JLP Stacker/Destacker",D,dormant,none,False,0.0,0.0,0.0,,,0.0,,,unknown
500414034,SS Hex Button Head Screw M4X10,Module-Epoxy,"Asymtek S922;NordsonAsymtek,Vantage",D,dormant,none,False,0.0,0.0,0.0,,,0.0,,,unknown
500414109,"HV-9500,HAMMERGAP,CALIBRATIONGuide,0.150","Module-DP,Module-DxA,Module-TCB",Generic;Asymtek S2-912;Asymtek S932,D,dormant,none,False,0.0,0.0,0.0,,,0.0,,,unknown
500414842,TERTIARY HC2 CONTROLLER,"Module-DP,Module-Epoxy",EPOXY REFLOW OVEN W/ VACUUM AS;HFO50201;Generic,,dormant,none,False,0.0,0.0,0.0,,,0.0,,,unknown
500414843,QUATERNARY HC2 CONTROLLER,Module-Epoxy,EPOXY REFLOW OVEN W/ VACUUM AS;HFO50201,D,dormant,none,False,0.0,0.0,0.0,,,0.0,,,unknown
500414844,"ASM, TOP HEATER, KAPTON","Module-DP,Module-Epoxy",EPOXY REFLOW OVEN W/ VACUUM AS;HFO50201;Generic,,dormant,none,False,0.0,0.0,0.0,,,0.0,,,unknown
500414845,3000VA BBU UNIT,"Module-DP,Module-Epoxy",HFO50201;Generic;EPOXY REFLOW OVEN W/ VACUUM AS,,dormant,none,False,0.0,0.0,0.0,,,0.0,,,unknown
500414846,"VAC ROTARY FEEDTHROUGH ASSEM, VEFO","Module-DP,Module-Epoxy",EPOXY REFLOW OVEN W/ VACUUM AS;HFO50201;Generic,,dormant,none,False,0.0,0.0,0.0,,,0.0,,,unknown
500414847,"NIDEC BLOWER MOTOR ASSY, 6.5"" BW IMP","Module-DP,Module-Epoxy",EPOXY REFLOW OVEN W/ VACUUM AS;HFO50201;Generic,,dormant,none,False,0.0,0.0,0.0,,,0.0,,,unknown
500414848,PLATE EHC CHAIN,"Module-DP,Module-Epoxy","EPOXY REFLOW OVEN W/ VACUUM AS;Generic;Heller, VEFO-10D",,dormant,none,False,0.0,0.0,0.0,,,0.0,,,unknown
500414849,"SWITCH, LOW PRESSURE , PS113A","Module-DP,Module-Epoxy",HFO50201;Generic;EPOXY REFLOW OVEN W/ VACUUM AS,,dormant,none,False,0.0,0.0,0.0,,,0.0,,,unknown
500414850,AZBIL DIGITAL AMPLIFIER-SENSOR AMPLIFIER,"Module-DP,Module-Epoxy","HFO50201;Heller, VEFO-10D;Generic;EPOXY REFLOW OVEN W/ VACUUM AS;Heller HRF;Heller FAR",D,dormant,none,False,0.0,0.0,0.0,,,0.0,,,unknown
500414851,"DOUBLE CLAW CLAMP, ISO-K FLANGE","Module-DP,Module-Epoxy",EPOXY REFLOW OVEN W/ VACUUM AS;Heller FAR;Generic;HFO50201;Heller HRF,,dormant,none,False,0.0,0.0,0.0,,,0.0,,,unknown
500414852,"BI-METAL SW W/LEADWIRE, 220C","Module-DP,Module-Epoxy",HFO50201;Generic;EPOXY REFLOW OVEN W/ VACUUM AS,,dormant,none,False,0.0,0.0,0.0,,,0.0,,,unknown
500414853,"O-RING, 2-470, FKM (VITON)","Module-DP,Module-Epoxy","Generic;Heller, VEFO-10D;EPOXY REFLOW OVEN W/ VACUUM AS",L,dying,dying,False,0.0027397260273972603,0.0,0.0027397260273972603,0.0,0.0,4.0,,,unknown
500414854,90D THRU BEAM FIBER CABLE-250C- OUTSIDE,"Module-DP,Module-Epoxy","Generic;HFO50201;EPOXY REFLOW OVEN W/ VACUUM AS;Heller, VEFO-10D",,dormant,none,False,0.0,0.0,0.0,,,0.0,,,unknown
500414855,90D THRU BEAM FIBER CABLE-250C- INSIDE,"Module-DP,Module-Epoxy",EPOXY REFLOW OVEN W/ VACUUM AS;Generic;HFO50201,,dormant,none,False,0.0,0.0,0.0,,,0.0,,,unknown
500414856,"O-RING, 2-279, FFKM (KALREZ)","Module-DP,Module-Epoxy",Generic;HFO50201;EPOXY REFLOW OVEN W/ VACUUM AS,,dormant,none,False,0.0,0.0,0.0,,,0.0,,,unknown
500414857,"CLAMP, KF16","Module-DP,Module-Epoxy",EPOXY REFLOW OVEN W/ VACUUM AS;HFO50201;Generic,,dormant,none,False,0.0,0.0,0.0,,,0.0,,,unknown
500414858,"SEAL, KF16, W/CENTERING RING, VITON","Module-DP,Module-Epoxy","Generic;Heller, VEFO-10D;EPOXY REFLOW OVEN W/ VACUUM AS",,dormant,none,False,0.0,0.0,0.0,,,0.0,,,unknown
500414859,"CLAMP, KF25","Module-DP,Module-Epoxy",EPOXY REFLOW OVEN W/ VACUUM AS;Generic;HFO50201,,dormant,none,False,0.0,0.0,0.0,,,0.0,,,unknown
500414860,"SEAL, KF 25 WITH CENTERING RING, VITON","Module-DP,Module-Epoxy","Generic;EPOXY REFLOW OVEN W/ VACUUM AS;Heller, VEFO-10D",,dormant,none,False,0.0,0.0,0.0,,,0.0,,,unknown
500414861,"VALVE PRESSURE BALANCING, ISOLATION,KF25","Module-DP,Module-Epoxy",EPOXY REFLOW OVEN W/ VACUUM AS;Generic;HFO50201,,dormant,none,False,0.0,0.0,0.0,,,0.0,,,unknown
500414862,"SEAL, 63 ISO-K, W/CENTERING RING, VITON","Module-DP,Module-Epoxy","EPOXY REFLOW OVEN W/ VACUUM AS;Heller, VEFO-10D;Generic",,dormant,none,False,0.0,0.0,0.0,,,0.0,,,unknown
500414863,"VALVE, VAC ISOLATION, ISO63","Module-DP,Module-Epoxy",EPOXY REFLOW OVEN W/ VACUUM AS;HFO50201;Generic,,dormant,none,False,0.0,0.0,0.0,,,0.0,,,unknown
500414864,"VALVE, THROTTLE, ISO63, LIPSEAL","Module-DP,Module-Epoxy",Generic;EPOXY REFLOW OVEN W/ VACUUM AS;HFO50201,,dormant,none,False,0.0,0.0,0.0,,,0.0,,,unknown
500414865,"PRESSURE TRANSDUCER, 0-1000 TORR","Module-DP,Module-Epoxy",HFO50201;Generic;EPOXY REFLOW OVEN W/ VACUUM AS,,dormant,none,False,0.0,0.0,0.0,,,0.0,,,unknown
500414866,"AC MOTOR 15 RPM, 120:1","Module-DP,Module-Epoxy",HFO50201;EPOXY REFLOW OVEN W/ VACUUM AS;Generic,,dormant,none,False,0.0,0.0,0.0,,,0.0,,,unknown
500414867,"OIL LEVEL SENSOR, SOGE VAC PUMP","Module-DP,Module-Epoxy",HFO50201;EPOXY REFLOW OVEN W/ VACUUM AS;Generic,,dormant,none,False,0.0,0.0,0.0,,,0.0,,,unknown
500414868,"THERMAL SWITCH, SOGEVAC PUMP","Module-DP,Module-Epoxy",EPOXY REFLOW OVEN W/ VACUUM AS;HFO50201;Generic,,dormant,none,False,0.0,0.0,0.0,,,0.0,,,unknown
500414869,VAC PUMP EXHUAST FILTER,"Module-DP,Module-Epoxy","Generic;Heller, VEFO-10D;EPOXY REFLOW OVEN W/ VACUUM AS",D,dormant,none,False,0.0,0.0,0.0,,,0.0,,,unknown
500414870,TRANSFER VALVE PLATE - VAT VALVE,"Module-DP,Module-Epoxy","EPOXY REFLOW OVEN W/ VACUUM AS;Heller, VEFO-10D;Generic;HFO50201",D,dormant,none,False,0.0,0.0,0.0,,,0.0,,,unknown
500414871,"4.4KW HEATER COIL, 380-415V","Module-DP,Module-Epoxy",Heller FAR;EPOXY REFLOW OVEN W/ VACUUM AS;HFO50201;Generic,L,dying,dying,False,0.0027397260273972603,0.0,0.0027397260273972603,0.0,0.0,2.415685979267931,,,unknown
500414872,"5.4KW HEATER COIL, 480V","Module-DP,Module-Epoxy",HFO50201;Heller FAR;Generic;EPOXY REFLOW OVEN W/ VACUUM AS,,dormant,none,False,0.0,0.0,0.0,,,0.0,,,unknown
500414898,NYLON STRIP (INPUTSHUTTLE X TABLE),Module-TCB,"ASM-Pacific,Phoenix;ASM-Pacific,Firebird",,dormant,none,False,0.0,0.0,0.0,,,0.0,,,unknown
500415155,PROTECTIVE TUBE,Module-TCB,"ASM-Pacific,Phoenix",D,dormant,none,False,0.0,0.0,0.0,,,0.0,,,unknown
500416008,MAIN DISCONNECT ON MTS-600,Module-Epoxy,Grohmann MTS-600;Grohmann MTS-605,,dormant,none,False,0.0,0.0,0.0,,,0.0,,,unknown
500416009,STAINLESS STEEL TOWER FILTER ON MTS-600,Module-Epoxy,Grohamnn MTS-605;Grohmann MTS-600;GROHMANN MTS-605,,dormant,none,False,0.0,0.0,0.0,,,0.0,,,unknown
500416010,STAINLESS STEEL TOWER FILTER ON MTS-605,Module-Epoxy,GROHMANN MTS-605;Grohamnn MTS-605;Grohmann MTS-600,,dormant,none,False,0.0,0.0,0.0,,,0.0,,,unknown
500416011,MOUNTING KIT ON MTS-600,Module-Epoxy,Grohamnn MTS-605;Grohmann MTS-600,,dormant,none,False,0.0,0.0,0.0,,,0.0,,,unknown
500416012,MOUNTING KIT ON MTS-605,Module-Epoxy,Grohamnn MTS-605;GROHMANN MTS-605;Grohmann MTS-600,,dormant,none,False,0.0,0.0,0.0,,,0.0,,,unknown
500416451,NEODYMIUM MAGNET 35OD X 25ID X 5THK,"Module-DP,Module-Epoxy","Asymtek S922;NordsonAsymtek,Vantage;Generic;DISCO 7562 USP",M,active,constant,True,0.10410958904109589,0.044444444444444446,0.10410958904109589,0.42690058479532167,0.0,1.0582812414625167,1.5833333333333335,14.0,increasing
500417148,SCALE LOCATOR - CARRIAGE,Module-TCB,"ASM-Pacific,Phoenix",,dormant,none,False,0.0,0.0,0.0,,,0.0,,,unknown
500417149,BS Y SCALE PROTECT TOOL (BASE SUPPORT),Module-TCB,"ASM-Pacific,Phoenix",,dormant,none,False,0.0,0.0,0.0,,,0.0,,,unknown
500417150,SILENCER AN101-01,Module-TCB,"ASM-Pacific,Phoenix",,dormant,none,False,0.0,0.0,0.0,,,0.0,,,unknown
500417256,"AIR TUBING, BLUE COLOUR (6X1,0-BL)",Module-Epoxy,GROHMANN MTS-605;Grohmann MTS-600;Grohamnn MTS-605,,dormant,none,False,0.0,0.0,0.0,,,0.0,,,unknown
500417257,"AIR TUBING, BLUE COLOUR (8X1,5-BL)",Module-Epoxy,Grohmann MTS-600;GROHMANN MTS-605;Grohamnn MTS-605,,dormant,none,False,0.0,0.0,0.0,,,0.0,,,unknown
500417258,"AIR TUBING, BLACK COLOUR (8X1,25-SW)",Module-Epoxy,GROHMANN MTS-605;Grohamnn MTS-605;Grohmann MTS-600,,dormant,none,False,0.0,0.0,0.0,,,0.0,,,unknown
500417259,"AIR TUBING, BLACK COLOUR (10X1,5-900)",Module-Epoxy,Grohmann MTS-600;Grohamnn MTS-605;GROHMANN MTS-605,,dormant,none,False,0.0,0.0,0.0,,,0.0,,,unknown
500417260,MAIN DISCONNECT ON MTS-605,Module-Epoxy,GROHMANN MTS-605;Grohmann MTS-600;Grohamnn MTS-605,,dormant,none,False,0.0,0.0,0.0,,,0.0,,,unknown
500417261,POWER CIRCUIT BREAKER HANDLE ON MTS-605,Module-Epoxy,GROHMANN MTS-605;Grohmann MTS-600;Grohamnn MTS-605,,dormant,none,False,0.0,0.0,0.0,,,0.0,,,unknown
500417295,SECONDARY HANDLE (UGK),Module-TCB,"ASM-Pacific,Phoenix",,dormant,none,False,0.0,0.0,0.0,,,0.0,,,unknown
500417374,SHAFT ASSY W BEVEL GEAR BELT WHEEL FRONT,Module-Epoxy,Grohamnn MTS-605;Grohmann MTS-600;GROHMANN MTS-605,,dormant,none,False,0.0,0.0,0.0,,,0.0,,,unknown
500417461,CONTROL PRIMARY RELAY,Module-Epoxy,Grohmann MTS-600;Grohamnn MTS-605;GROHMANN MTS-605,,dormant,none,False,0.0,0.0,0.0,,,0.0,,,unknown
500417462,CONTROL PRIMARY RELAY HEAT ZONE 1-5,Module-Epoxy,Grohamnn MTS-605;Grohmann MTS-600;GROHMANN MTS-605,,dormant,none,False,0.0,0.0,0.0,,,0.0,,,unknown
500417463,SURGE SUPPRESSOR 24-48VAC 24-70VDC,Module-Epoxy,Grohamnn MTS-605;GROHMANN MTS-605;Grohmann MTS-600,,dormant,none,False,0.0,0.0,0.0,,,0.0,,,unknown
500417464,COMPACT MODULE CKK-110-NN-1,"Module-DP,Module-Epoxy",GROHMANN MTS-605;Generic;Grohmann MTS-600;Grohamnn MTS-605,,dormant,none,False,0.0,0.0,0.0,,,0.0,,,unknown
500417465,COMPACT MODULE FOR MTS-605,Module-Epoxy,Grohmann Vertical oven;GROHMANN MTS-605;Grohamnn MTS-605;Grohmann MTS-600,D,dormant,none,False,0.0,0.0,0.0,,,0.0,,,unknown
500417466,MOUNTING FOR PUSHER COMPACT MODULE,Module-Epoxy,Grohmann MTS-600;GROHMANN MTS-605;Grohamnn MTS-605,,dormant,none,False,0.0,0.0,0.0,,,0.0,,,unknown
500418076,TENSIONER FOR FIFO CHAIN,Module-Epoxy,Grohmann MTS-600;Grohmann MTS-605,,dormant,none,False,0.0,0.0,0.0,,,0.0,,,unknown
500418345,CABLE DOUBLE SHIELDED,Module-Epoxy,PVA FPCSAM,D,dormant,none,False,0.0,0.0,0.0,,,0.0,,,unknown
500418496,WATERNOZZLE DELAYLINE XDUCER CONICAL COM,Module-Epoxy,PVA FPCSAM,,dormant,none,False,0.0,0.0,0.0,,,0.0,,,unknown
500418762,DISPENSE CARTRIDGE RS-99F,Module-Epoxy,Asymtek S922,L,dying,dying,False,0.0,0.0,0.0,,,4.0,,,unknown
500418769,SHAFT ASSY W BEVEL GEAR BELT WHEEL REAR,Module-Epoxy,Grohamnn MTS-605;GROHMANN MTS-605;Grohmann MTS-600,,dormant,none,False,0.0,0.0,0.0,,,0.0,,,unknown
500418770,CONVEYOR TRANSMISSION UNIT MTS605,Module-Epoxy,Grohamnn MTS-605;Grohmann MTS-600;GROHMANN MTS-605,,dormant,none,False,0.0,0.0,0.0,,,0.0,,,unknown
500418771,CONVEYOR TRANSMISSION UNIT MTS600,Module-Epoxy,Grohamnn MTS-605;Grohmann MTS-600;GROHMANN MTS-605,,dormant,none,False,0.0,0.0,0.0,,,0.0,,,unknown
500418772,COMPUTER INDUSTRIAL DESKTOP,Module-Epoxy,GROHMANN MTS-605;Grohamnn MTS-605;Grohmann MTS-600,,dormant,none,False,0.0,0.0,0.0,,,0.0,,,unknown
500418883,HATCH SEAL REPLACEMENT KIT,"Module-DP,Module-Epoxy","DISCO 8761 MGD;NordsonAsymtek,Vantage;Generic",L,dying,dying,False,0.0,0.0,0.0,,,4.0,,,unknown
500418884,"FRU, CABLE, POWER CONTROLS","Module-DP,Module-Epoxy","Generic;NordsonAsymtek,Vantage",,dormant,none,False,0.0,0.0,0.0,,,0.0,,,unknown
500418885,VANTAGE 6 PORT MANIFOLD ASSEMBLY,"Module-DP,Module-Epoxy","Generic;NordsonAsymtek,Vantage",L,dormant,none,False,0.0,0.0,0.0,,,0.0,,,unknown
500418886,"PIN, FERRULE, 22G TURQ 8MM","Module-DP,Module-Epoxy","Heller HRF;Generic;NordsonAsymtek,Vantage",,dormant,none,False,0.0,0.0,0.0,,,0.0,,,unknown
500418887,PANEL MOUNT CABLE USB-A M TO F 1.8M,"Module-DP,Module-Epoxy","Generic;Heller HRF;NordsonAsymtek,Vantage",,dormant,none,False,0.0,0.0,0.0,,,0.0,,,unknown
500418889,"FITTING,STR,10-32 X 5/32OD","Module-DP,Module-Epoxy","Generic;NordsonAsymtek,Vantage",D,dormant,none,False,0.0,0.0,0.0,,,0.0,,,unknown
500418890,"CABLE, SYSTEM LIGHT BREAKOUT","Module-DP,Module-Epoxy","NordsonAsymtek,Vantage;Generic",,dormant,none,False,0.0,0.0,0.0,,,0.0,,,unknown
500418891,"CABLE, SYSTEM LIGHT EXTENSION","Module-DP,Module-Epoxy","NordsonAsymtek,Vantage;Generic",,dormant,none,False,0.0,0.0,0.0,,,0.0,,,unknown
500418892,HIGH SPEED LASER DISPLACEMENT SENSOR,"Module-DP,Module-Epoxy","NordsonAsymtek,Vantage;Generic",L,dying,dying,False,0.0027397260273972603,0.0,0.0027397260273972603,0.0,0.0,4.0,,,unknown
500418893,"KEYBOARD 104 KEYS, 2 USB PORTS","Module-DP,Module-Epoxy","Generic;NordsonAsymtek,Vantage",D,dormant,none,False,0.0,0.0,0.0,,,0.0,,,unknown
500418894,"COVER, KEYBOARD, KB522","Module-DP,Module-Epoxy","NordsonAsymtek,Vantage;Generic",,dormant,none,False,0.0,0.0,0.0,,,0.0,,,unknown
500418895,"CABLE, MONITOR POWER, 2000 MM","Module-DP,Module-Epoxy","NordsonAsymtek,Vantage;Generic",,dormant,none,False,0.0,0.0,0.0,,,0.0,,,unknown
500418896,"CABLE, COMPUTER/MONITOR, POWER","Module-DP,Module-Epoxy","NordsonAsymtek,Vantage;Generic",,dormant,none,False,0.0,0.0,0.0,,,0.0,,,unknown
500418899,"RAIL,LINEAR SIZE 15,340MM LG",Module-TCB,"Delta JLP, JTP",,dormant,none,False,0.0,0.0,0.0,,,0.0,,,unknown
500419773,"ASSY,SPARE MODEL,TESTED,NJ","Module-DP,Module-Epoxy",Generic;Asymtek S922,D,dormant,none,False,0.0,0.0,0.0,,,0.0,,,unknown
500419967,OT UPLOOK CAM GLASS & MOUNT (RETAINER),Module-TCB,"ASM-Pacific,Phoenix",,dormant,none,False,0.0,0.0,0.0,,,0.0,,,unknown
500420684,FEEDER UNLOCK DEVICE- 40 WAY,Module-TCB,"ASM-Pacific,Phoenix",D,dormant,none,False,0.0,0.0,0.0,,,0.0,,,unknown
500420685,FEEDER-CONTROLL -UNIT 80MHZ 40 SLOTS,Module-TCB,"ASM-Pacific,Phoenix",D,dormant,none,False,0.0,0.0,0.0,,,0.0,,,unknown
500420690,"GRIPPER SUPPORT PLATE, TXP",Module-TCB,"Delta JLP, JTP",L,dying,dying,False,0.0027397260273972603,0.0,0.0027397260273972603,0.0,0.0,4.0,,,unknown
500420779,BLUE PEDESTAL COVER,"Module-DxA,Module-IHS,Module-TCB,Module-CAM",Asymtek S2-932;Asymtek S912;Asymtek S932;Asymtek S2-912,L,dying,dying,False,0.0273972602739726,0.0,0.0273972602739726,0.0,0.0,4.0,,,unknown
500420782,UPS ASSEMBLY FOR 60-20319 AND 05-02454,Module-TCB,"ASM-Pacific,Phoenix",,dormant,none,False,0.0,0.0,0.0,,,0.0,,,unknown
500421092,TAPE SILICONE 1/4  ADHESIVE BACK,Module-Epoxy,Asymtek S902;EPX FORTE HEATER MODULE,,dormant,none,False,0.0,0.0,0.0,,,0.0,,,unknown
500421093,"COVER,DISPENSE AREA,HM",Module-Epoxy,Asymtek S902,,dormant,none,False,0.0,0.0,0.0,,,0.0,,,unknown
500421094,"COVER,SENSOR,HM",Module-Epoxy,Asymtek S902,,dormant,none,False,0.0,0.0,0.0,,,0.0,,,unknown
500421194,"CABLE ASSY,POWER/CAN WYE,JLP2",Module-TCB,"Delta JLP, JTP",,dormant,none,False,0.0,0.0,0.0,,,0.0,,,unknown
500421705,"CAMERA,DIGITAL,INTENSIFIER, NEW",Module-TCB,"OMRON,3DXRAY,VT-X900",D,dormant,none,False,0.0,0.0,0.0,,,0.0,,,unknown
500421706,"BOARD,IMAGE,CAPTURE, NEW",Module-TCB,"OMRON,3DXRAY,VT-X900",D,dormant,none,False,0.0,0.0,0.0,,,0.0,,,unknown
500421707,"PC, INSPECTION, NEW",Module-TCB,"OMRON,3DXRAY,VT-X900",,dormant,none,False,0.0,0.0,0.0,,,0.0,,,unknown
500421839,CHAIN MOTOR INCL. GEAR ON GVO OVEN,Module-Epoxy,Grohmann MTS-600;Grohamnn MTS-605;GROHMANN MTS-605,D,dormant,none,False,0.0,0.0,0.0,,,0.0,,,unknown
500421916,DOOR PLANK,Module-Epoxy,Asymtek S922,,dormant,none,False,0.0,0.0,0.0,,,0.0,,,unknown
500422545,"TWEEZERS, ROUND TIP-4.5IN,SS","Module-Epoxy,Module-TCB",Asymtek S932;Asymtek S922,L,dying,dying,False,0.0,0.0,0.0,,,4.0,,,unknown
500422899,REMOTE POWER OFF CABLE,Module-Epoxy,Grohmann MTS-605;Grohmann MTS-600,,dormant,none,False,0.0,0.0,0.0,,,0.0,,,unknown
500422900,SOLID STATE DRIVE D3-S4610,Module-Epoxy,Grohmann MTS-600;Grohmann MTS-605,,dormant,none,False,0.0,0.0,0.0,,,0.0,,,unknown
500422901,POWER SUPPLY FOR KD-GRO-40000-03,Module-Epoxy,Grohmann MTS-605;Grohmann MTS-600,,dormant,none,False,0.0,0.0,0.0,,,0.0,,,unknown
500422902,POWER SUPPLY FOR KD-GRO-70000-07,Module-Epoxy,Grohmann MTS-605;Grohmann MTS-600,,dormant,none,False,0.0,0.0,0.0,,,0.0,,,unknown
500422959,SPACER FOR BELT TENSIONING UNIT,Module-Epoxy,Grohmann MTS-605;Grohmann MTS-600,,dormant,none,False,0.0,0.0,0.0,,,0.0,,,unknown
500423491,KEYBOARD UGK FOR SHUTTLES,Module-TCB,"ASM,TCB,Y-SHUTTLE",,dormant,none,False,0.0,0.0,0.0,,,0.0,,,unknown
500423492,KEYBOARD UGK FOR PHX,Module-TCB,"ASM-Pacific,Phoenix",,dormant,none,False,0.0,0.0,0.0,,,0.0,,,unknown
500423493,FRONT HMI KEYBOARD UGK,Module-TCB,"ASM-Pacific,Phoenix",D,dormant,none,False,0.0,0.0,0.0,,,0.0,,,unknown
500423494,REAR HMI KEYBOARD UGK,Module-TCB,"ASM-Pacific,Phoenix",,dormant,none,False,0.0,0.0,0.0,,,0.0,,,unknown
500423560,"HV-9500,NOZZLE_PLATE,WC,3MM,PTLM,125UM","Module-DP,Module-DxA,Module-TCB",Asymtek S932;Generic;Asymtek S2-912,D,dormant,none,False,0.0,0.0,0.0,,,0.0,,,unknown
500423561,"HV-9500,NOZZLE_PLATE,WC,3MM,PFM,150UM","Module-DP,Module-DxA,Module-TCB",Asymtek S932;Asymtek S2-912;Generic,D,dormant,none,False,0.0,0.0,0.0,,,0.0,,,unknown
500423562,"HV-9500,FEEDTUBE,METAL,0.25_INCH_OD","Module-DP,Module-DxA,Module-TCB",Generic;Asymtek S932;Asymtek S2-912,D,dormant,none,False,0.0,0.0,0.0,,,0.0,,,unknown
500423563,"HV-9500,NOZZLE_PLATE_TORQUE_WRENCH,330MM","Module-DP,Module-DxA,Module-TCB",Asymtek S932;Generic;Asymtek S2-912,D,dormant,none,False,0.0,0.0,0.0,,,0.0,,,unknown
500423564,"HV-9500,CLEANING_WIRES,150UM,TUBEOF25","Module-DP,Module-DxA,Module-TCB",Generic;Asymtek S932;DLA_Generic,L,dying,dying,False,0.0,0.0,0.0,,,4.0,,,unknown
500423565,"HV-9500RFX,SYRINGE_BRACKET,6OZ,RFID","Module-DP,Module-DxA,Module-TCB",Generic;Asymtek S932;Asymtek S2-912,D,dormant,none,False,0.0,0.0,0.0,,,0.0,,,unknown
500423566,"HV-9500RFX,FEEDTUBE_CLIP,RFID","Module-DP,Module-DxA,Module-TCB",Asymtek S932;Generic;Asymtek S2-912,D,dormant,none,False,0.0,0.0,0.0,,,0.0,,,unknown
500423569,"HV-9500,SPRINGCLAMPS,0.25_INCH_OD","Module-DP,Module-DxA,Module-TCB",Asymtek S932;Generic;Asymtek S2-912,H,active,constant,True,0.8301369863013699,0.5666666666666667,0.8301369863013699,0.6826182618261826,0.033003300330033,0.15097797386864403,,,unknown
500423570,"HV-9500,SCREWS,M5,NYLON,RFID","Module-DP,Module-DxA,Module-TCB",Asymtek S932;Generic;Asymtek S2-912,,dormant,none,False,0.0,0.0,0.0,,,0.0,,,unknown
500423571,"HV-9500RFX,FLUSHING_TUBE_VALVED","Module-DP,Module-DxA,Module-TCB",Asymtek S932;Asymtek S2-912;Generic,D,dormant,none,False,0.0,0.0,0.0,,,0.0,,,unknown
500423572,"HV-9500,TORQUE_WRENCH,METAL_FEEDTUBE","Module-DP,Module-DxA,Module-TCB",Generic;Asymtek S2-912;Asymtek S932,D,dormant,none,False,0.0,0.0,0.0,,,0.0,,,unknown
500423573,"HV-9500,COVER,BLUE","Module-DP,Module-DxA,Module-TCB",Asymtek S932;Generic;Asymtek S2-912,D,dormant,none,False,0.0,0.0,0.0,,,0.0,,,unknown
500423574,"HV-9500,BRUSH,2MM,METAL_FEEDTUBE","Module-DP,Module-DxA,Module-TCB",Generic;Asymtek S2-912;Asymtek S932,,dormant,none,False,0.0,0.0,0.0,,,0.0,,,unknown
500423575,"HV-9500,BRUSH,3MM,METAL_FEEDTUBE","Module-DP,Module-DxA,Module-TCB",Asymtek S932;Generic;Asymtek S2-912,,dormant,none,False,0.0,0.0,0.0,,,0.0,,,unknown
500423576,"HV-9500,BRUSH,4MM,METAL_FEEDTUBE","Module-DP,Module-DxA,Module-TCB",Asymtek S2-912;Generic;Asymtek S932,D,dormant,none,False,0.0,0.0,0.0,,,0.0,,,unknown
500423577,"HV-9500,HEATER_REPAIR_KIT,COPPER,40WATT","Module-DP,Module-DxA,Module-TCB",Asymtek S932;Asymtek S2-912;Generic,D,dormant,none,False,0.0,0.0,0.0,,,0.0,,,unknown
500423591,XY STAGE,Module-Epoxy,PVA FPCSAM,,dormant,none,False,0.0,0.0,0.0,,,0.0,,,unknown
500423592,LTSM REFERENCE SAMPLE,Module-Epoxy,PVA FPCSAM,,dormant,none,False,0.0,0.0,0.0,,,0.0,,,unknown
500423593,COMPLETE OVEN,Module-Epoxy,PVA FPCSAM,,dormant,none,False,0.0,0.0,0.0,,,0.0,,,unknown
500423594,WINSAM PC,Module-Epoxy,"PVA FPCSAM;PVA,SAMTRAY502",L,dying,dying,False,0.0027397260273972603,0.0,0.0027397260273972603,0.0,0.0,4.000000000000001,,,unknown
500423595,WATERNOZZLE FOR 125MHZ|3|9 COMPLETE,Module-Epoxy,PVA FPCSAM,L,dying,dying,False,0.0027397260273972603,0.0,0.0027397260273972603,0.0,0.0,4.0,,,unknown
500423596,WATERNOZZLE FOR 30MHZ|6|12.7 COMPLETE,Module-Epoxy,PVA FPCSAM,,dormant,none,False,0.0,0.0,0.0,,,0.0,,,unknown
500423597,2TB HARD DRIVE HD,Module-Epoxy,PVA FPCSAM,,dormant,none,False,0.0,0.0,0.0,,,0.0,,,unknown
500423598,SSD HARD DRIVE 480GB HD,Module-Epoxy,PVA FPCSAM,,dormant,none,False,0.0,0.0,0.0,,,0.0,,,unknown
500423875,COMPUTER INDUSTRIAL LENOVO P340,"Module-DP,Module-Epoxy",EPX FORTE HEATER MODULE;Generic,D,dormant,none,False,0.0,0.0,0.0,,,0.0,,,unknown
500423876,"PCA,SYSTEM PROGRAMMED,FORTE","Module-DP,Module-Epoxy",EPX FORTE HEATER MODULE;Generic,D,dormant,none,False,0.0,0.0,0.0,,,4.000000000000001,,,unknown
500423877,"ASSY, 40A POWER MANAGER","Module-DP,Module-Epoxy",Generic;EPX FORTE HEATER MODULE,,dormant,none,False,0.0,0.0,0.0,,,0.0,,,unknown
500423878,"ASSY,PWR SUPPLY,24VDC,100W,HTR MODULE","Module-DP,Module-Epoxy",Generic;EPX FORTE HEATER MODULE,,dormant,none,False,0.0,0.0,0.0,,,0.0,,,unknown
500424829,LUBRICATION GREASE GADUS S2 V220 2,Module-Epoxy,Grohmann MTS-605;Grohmann MTS-600,,dormant,none,False,0.0,0.0,0.0,,,0.0,,,unknown
500425220,PUSHER ROD MTS-605 AL,Module-Epoxy,Grohmann MTS-600;Grohmann MTS-605,,dormant,none,False,0.0,0.0,0.0,,,0.0,,,unknown
500425221,O-RING GUIDE FOR PUSH BAR OF PUSHER,Module-Epoxy,Grohmann MTS-605;Grohmann MTS-600,,dormant,none,False,0.0,0.0,0.0,,,0.0,,,unknown
500425509,PUSHER PLATE FOR FRONT LANE,Module-Epoxy,Grohmann MTS-600;Grohamnn MTS-605;GROHMANN MTS-605,,dormant,none,False,0.0,0.0,0.0,,,0.0,,,unknown
500425510,PUSHER PLATE FOR REAR LANE,Module-Epoxy,Grohmann MTS-600;GROHMANN MTS-605;Grohamnn MTS-605,,dormant,none,False,0.0,0.0,0.0,,,0.0,,,unknown
500426305,PLASMA HEAD UNIT WITHOUT RD1004S,"Module-DP,Module-TCB",APPJ MFM-220;Generic,L,dormant,none,False,0.0,0.0,0.0,,,0.0,,,unknown
500426460,"BANK,NOZZLE,BS,40X30",Module-TCB,"ASM-Pacific,Firebird;ASM-Pacific,Phoenix",D,dormant,none,False,0.0,0.0,0.0,,,0.0,,,unknown
500426591,"TUBE,FEEDLINE,4M LONG","Module-DxA,Module-Epoxy,Module-IHS,Module-TCB",Asymtek S912;Asymtek S2-912;Asymtek S932;Asymtek S922,M,active,constant,True,0.0273972602739726,0.022222222222222223,0.0273972602739726,0.8111111111111112,0.0,0.6270817246569372,,,unknown
500426733,CHAIN BEARING WITH SPROCKET WHEEL,Module-Epoxy,Grohmann MTS-600;GROHMANN MTS-605;Grohamnn MTS-605,,dormant,none,False,0.0,0.0,0.0,,,0.0,,,unknown
500426912,"DRIVE BELT,LENGTH 500MM",Module-Epoxy,Grohamnn MTS-605;Grohmann MTS-600;GROHMANN MTS-605,,dormant,none,False,0.0,0.0,0.0,,,0.0,,,unknown
500427305,"TCB IR TARGET,SIC140",Module-TCB,"ASM-Pacific,Phoenix;ASM-Pacific,Firebird",L,active,constant,True,0.0027397260273972603,0.011111111111111112,0.0027397260273972603,4.055555555555555,1.0,2.7851548593805626,,,unknown
500427306,"HV-9500,NOZZLE PLATE,WC,3MM,PFM,125UM","Module-DxA,Module-TCB,Module-CAM",Asymtek S2-912;Asymtek S2-932,D,active,constant,True,0.0027397260273972603,0.011111111111111112,0.0027397260273972603,4.055555555555555,1.0,3.9999999999999996,,,unknown
500427307,"HV-9500,FEEDTUBE,METAL,0.125 INCH NPT","Module-DxA,Module-TCB,Module-CAM",Asymtek S2-912;Asymtek S2-932,,dormant,none,False,0.0,0.0,0.0,,,0.0,,,unknown
500427308,"HV-9500RFX,FEEDTUBE_METAL,BFS FITTING","Module-DxA,Module-TCB,Module-CAM",Asymtek S2-932;Asymtek S2-912,,dormant,none,False,0.0,0.0,0.0,,,0.0,,,unknown
500427418,"50492,S,1MM,10.81X9.81","Module-DP,Module-TCB","ASM-Pacific,Phoenix;ASM-Pacific,Firebird;Generic",,dormant,none,False,0.0,0.0,0.0,,,0.0,,,unknown
500427419,"50493,S,1MM,6.796X10.631","Module-DP,Module-TCB","ASM-Pacific,Phoenix;Generic;ASM-Pacific,Firebird",,dormant,none,False,0.0,0.0,0.0,,,0.0,,,unknown
500427420,"50494,L,1MM,28.389X22.317,REV3","Module-DP,Module-TCB","ASM-Pacific,Firebird;Generic;ASM-Pacific,Phoenix",,dormant,none,False,0.0,0.0,0.0,,,0.0,,,unknown
500427666,"CLIP,UPPER,6 OZ COOLER","Module-DP,Module-Epoxy","Generic;NordsonAsymtek,Vantage",,dormant,none,False,0.0,0.0,0.0,,,0.0,,,unknown
500427667,"CLIP,LOWER,6 OZ","Module-DP,Module-Epoxy","NordsonAsymtek,Vantage;Generic",,dormant,none,False,0.0,0.0,0.0,,,0.0,,,unknown
500427668,"BRKT,6 OZ EFD COOLER VANTAGE","Module-DP,Module-Epoxy","Generic;NordsonAsymtek,Vantage",,dormant,none,False,0.0,0.0,0.0,,,0.0,,,unknown
500427669,"COVER,LEVEL SENSOR,6 OZ","Module-DP,Module-Epoxy","Generic;NordsonAsymtek,Vantage",,dormant,none,False,0.0,0.0,0.0,,,0.0,,,unknown
500428797,COMPUTER ASSY CPU WINDOWS 2000,Module-TCB,"Delta JLP, JTP",L,dying,dying,False,0.0,0.0,0.0,,,2.415685979267931,,,unknown
500429302,"50515,L,1 MM,20.097X20.362","Module-DP,Module-TCB","ASM-Pacific,Firebird;Generic;ASM-Pacific,Phoenix",,dormant,none,False,0.0,0.0,0.0,,,0.0,,,unknown
500429393,"SCREW,M3X0.5 SOCKET FLAT X 6","Module-DP,Module-Epoxy","Generic;Asymtek-Jabil RA4 ASF;NordsonAsymtek,Vantage",L,dying,dying,False,0.0,0.0,0.0,,,4.0,,,unknown
500429394,"COVER,4 PIN HEATER","Module-DP,Module-Epoxy","Generic;NordsonAsymtek,Vantage",D,dormant,none,False,0.0,0.0,0.0,,,0.0,,,unknown
500429470,FLUX EXHAUST SUPPLY AIR FLOW SWITCH UGK,Module-TCB,"ASM-Pacific,Phoenix;ASM-Pacific,Firebird",,dormant,none,False,0.0,0.0,0.0,,,0.0,,,unknown
500430136,"SPACER,PULLEY,6.07IDX2.00L",Module-TCB,"Delta JLP, JTP",M,dying,dying,False,0.0273972602739726,0.0,0.0273972602739726,0.0,0.0,1.9449462890625002,,,unknown
500430137,"SPACER, BEARING",Module-TCB,"Delta JLP, JTP",L,dying,dying,False,0.010958904109589041,0.0,0.010958904109589041,0.0,0.0,1.9735435182582708,,,unknown
500430291,"LIGHTING,PANEL,FOV,30X60,WITH,SLOT",Module-TCB,"ASM-Pacific,Phoenix",D,dormant,none,False,0.0,0.0,0.0,,,0.0,,,unknown
500430505,CABLE FOR FLOW SENSOR,Module-TCB,APPJ MFM-220,D,dormant,none,False,0.0,0.0,0.0,,,0.0,,,unknown
500430634,HI TEMP RING TERMINAL,Module-Epoxy,Heller 2017 Formic Acid;Heller VCO;Heller FAR;Heller HRF,,dormant,none,False,0.0,0.0,0.0,,,0.0,,,unknown
500430635,T/C MALE CONNECTOR,Module-Epoxy,Heller 2017 Formic Acid;Heller FAR;Heller HRF;Heller VCO,,dormant,none,False,0.0,0.0,0.0,,,0.0,,,unknown
500430636,"GASKET EXTRUSION, 1",Module-Epoxy,"Heller HRF;Heller FAR;Heller VCO;Heller, VEFO-10D",,dormant,none,False,0.0,0.0,0.0,,,0.0,,,unknown
500431069,LEFT HEATED PEDESTAL ASSY (FIREBIRD),Module-TCB,"ASM-Pacific,Firebird",,dormant,none,False,0.0,0.0,0.0,,,0.0,,,unknown
500431377,NJ-7 JET BODY ASSEMBLY REFURBISHED,"Module-DP,Module-Epoxy",Generic;Asymtek S922,D,dormant,none,False,0.0,0.0,0.0,,,0.0,,,unknown
500432513,"50536,L,1 MM,19.604X19.709","Module-DP,Module-TCB","ASM-Pacific,Firebird;ASM-Pacific,Phoenix;Generic",,dormant,none,False,0.0,0.0,0.0,,,0.0,,,unknown
500433611,"ESR,PCB,TILE,XY OFFST & JDO,SNGL HD","Module-DP,Module-Epoxy","Generic;NordsonAsymtek,Vantage",D,dormant,none,False,0.0,0.0,0.0,,,0.0,,,unknown
500433612,"PCB,TILE,XY OFFST & JDO,DUAL HD","Module-DP,Module-Epoxy","Generic;NordsonAsymtek,Vantage",H,dying,dying,False,0.03561643835616438,0.0,0.03561643835616438,0.0,0.0,0.670210255928876,,,unknown
500435315,CAMERA PROTECTIVE COVER,"Module-TCB,Module-CAM",Asymtek S932;Asymtek S2-932,L,dying,dying,False,0.0027397260273972603,0.0,0.0027397260273972603,0.0,0.0,3.184553056606113,,,unknown
500461081,"POLYURETHANE TUBING 3/16""IDX98MM",Module-Epoxy,Asymtek S922;GENERIC,H,dying,dying,False,0.35342465753424657,0.0,0.35342465753424657,0.0,0.0,0.6904632436140216,,,unknown
500462479,(DPA)LIGHT SHIELD  DIE BOND-8,Module-TCB,"ASM-Pacific,Phoenix;ASM-Pacific,Firebird",,dormant,none,False,0.0,0.0,0.0,,,0.0,,,unknown
500462481,LBS TC CABLE ASSY,Module-TCB,"ASM-Pacific,Phoenix;ASM-Pacific,Firebird",,dormant,none,False,0.0,0.0,0.0,,,0.0,,,unknown
500462483,RBS TC CABLE ASSY,Module-TCB,"ASM-Pacific,Phoenix;ASM-Pacific,Firebird",D,dormant,none,False,0.0,0.0,0.0,,,0.0,,,unknown
500610218,BANK 1 WITH KINEMATICS ASSY (28X19 1MM),Module-TCB,"ASM-Pacific,Firebird;ASM-Pacific,Phoenix",D,dormant,none,False,0.0,0.0,0.0,,,0.0,,,unknown
500610221,BANK 2 WITH KINEMATICS ASSY (28X19 1MM),Module-TCB,"ASM-Pacific,Firebird;ASM-Pacific,Phoenix",L,active,constant,True,0.0027397260273972603,0.011111111111111112,0.0027397260273972603,4.055555555555555,0.0,3.9999999999999996,0.5,-1.0,decreasing
500610222,BANK 3 WITH KINEMATICS ASSY (28X19 1MM),Module-TCB,"ASM-Pacific,Firebird;ASM-Pacific,Phoenix",D,dormant,none,False,0.0,0.0,0.0,,,0.0,,,unknown
500610223,BANK 1 WITH KINEMATICS ASSY (34X24 1MM),Module-TCB,"ASM-Pacific,Firebird;ASM-Pacific,Phoenix",,dormant,none,False,0.0,0.0,0.0,,,0.0,,,unknown
500610224,BANK 2 WITH KINEMATICS ASSY (34X24 1MM),Module-TCB,"ASM-Pacific,Phoenix;ASM-Pacific,Firebird",D,dormant,none,False,0.0,0.0,0.0,,,0.0,,,unknown
500610226,BANK 3 WITH KINEMATICS ASSY (40X30 1MM),Module-TCB,"ASM-Pacific,Phoenix;ASM-Pacific,Firebird",D,dormant,none,False,0.0,0.0,0.0,,,0.0,,,unknown
500679686,"CABLE,6OZ FLUID SENSOR","Module-DP,Module-Epoxy","NordsonAsymtek,Vantage;Generic;Asymtek S922",L,active,constant,True,0.010958904109589041,0.011111111111111112,0.010958904109589041,1.0138888888888888,0.25,1.7983471074380166,,,unknown
500679687,"PCA,DIGITAL LEVEL SENSOR, VANTAGE LFS","Module-DP,Module-Epoxy","NordsonAsymtek,Vantage;Generic",D,active,constant,True,0.0027397260273972603,0.011111111111111112,0.0027397260273972603,4.055555555555555,1.0,3.9999999999999996,,,unknown
500679749,"ESR,CLAMP REFURB,NJ-8","Module-DP,Module-Epoxy",Generic;Asymtek S922,D,dormant,none,False,0.0,0.0,0.0,,,0.0,,,unknown
500681671,SBT PIN TYPE A (ROUND PIN),Module-Epoxy,Grohmann MTS-600;Grohmann MTS-605,,dormant,none,False,0.0,0.0,0.0,,,0.0,,,unknown
500681672,SBT PIN TYPE C (SWORD PIN),Module-Epoxy,Grohmann MTS-605;Grohmann MTS-600,,dormant,none,False,0.0,0.0,0.0,,,0.0,,,unknown
500681803,"HV-9500,SCREWS,METAL,FEEDTUBE,10PACK","Module-Epoxy,Module-IHS","Asymtek S922;Asymtek S912;NordsonAsymtek,Vantage",,active,constant,True,0.0027397260273972603,0.011111111111111112,0.0027397260273972603,4.055555555555555,1.0,3.9999999999999996,,,unknown
500682070,"ESR,TORQUE WRENCH,9MM,50IN-LB","Module-DP,Module-Epoxy","NordsonAsymtek,Vantage;DISCO 8761 MGD;Generic",L,dying,dying,False,0.0,0.0,0.0,,,4.0,,,unknown
500682256,"DL OPTICS MOUNT L EXT (PHX,SLOT)",Module-TCB,"ASM-Pacific,Phoenix",L,dying,dying,False,0.0027397260273972603,0.0,0.0027397260273972603,0.0,0.0,4.000000000000001,,,unknown
500682257,"DL OPTICS MOUNT R EXT (PHX,SLOT)",Module-TCB,"ASM-Pacific,Phoenix",L,dying,dying,False,0.0027397260273972603,0.0,0.0027397260273972603,0.0,0.0,4.000000000000001,,,unknown
500682321,EPOXY SEAL FITTING (ADJUSTABLE TORQUE),Module-Epoxy,Asymtek S922,D,dormant,none,False,0.0,0.0,0.0,,,0.0,,,unknown
500682335,INDUCTION SUPPORT PIECE,"Module-OLx,Module-TCB","Delta JLP, JTP;JLP Stacker/Destacker",,dormant,none,False,0.0,0.0,0.0,,,0.0,,,unknown
500682346,INSOR SENSOR 24VDC W ROUND CONNECTOR,Module-TCB,APPJ MFM-220,,dormant,none,False,0.0,0.0,0.0,,,0.0,,,unknown
500682347,AL 6061 FIXTURE -20-105C FOR IR SENSOR,Module-TCB,"ASM-Pacific,Phoenix",D,dormant,none,False,0.0,0.0,0.0,,,0.0,,,unknown
500682349,IR SENSOR CS-MINI KIT,Module-TCB,"ASM-Pacific,Phoenix",D,dormant,none,False,0.0,0.0,0.0,,,0.0,,,unknown
500682686,(BH) TIP TILT ROT X FULL ASSY,Module-TCB,"ASM-Pacific,Firebird",D,dormant,none,False,0.0,0.0,0.0,,,0.0,,,unknown
500682687,(BH) TIP TILT ROT X AUX FULL ASSY,Module-TCB,"ASM-Pacific,Firebird",D,dormant,none,False,0.0,0.0,0.0,,,0.0,,,unknown
500682688,(BH) TIP TILT ROT Y FULL ASSY,Module-TCB,"ASM-Pacific,Firebird",D,dormant,none,False,0.0,0.0,0.0,,,0.0,,,unknown
500682689,(BH) TIP TILT ROT Y AUX FULL ASSY,Module-TCB,"ASM-Pacific,Firebird",D,dormant,none,False,0.0,0.0,0.0,,,0.0,,,unknown
500682792,"EXHAUST GAS HOSE F20MM, 7.0METERS",Module-TCB,APPJ MFM-220,D,dormant,none,False,0.0,0.0,0.0,,,0.0,,,unknown
500682793,"EXHASUT GAS HOSE F32MM, 7.0METERS",Module-TCB,APPJ MFM-220,L,dormant,none,False,0.0,0.0,0.0,,,0.0,,,unknown
500682954,BUMPER BUTTON BLACK,"Module-DP,Module-Epoxy,Module-TCB,Module-CAM",Asymtek S2-932;Generic;EPX FORTE HEATER MODULE;Asymtek S922,D,dormant,none,False,0.0,0.0,0.0,,,0.0,,,unknown
500683239,(MFE) OD12 PIPE UNION,Module-TCB,"ASM-Pacific,Phoenix;ASM-Pacific,Firebird",,dormant,none,False,0.0,0.0,0.0,,,0.0,,,unknown
500683240,(IES)FLUX EXHAUST MANIFOLD ON MID BAR,Module-TCB,"ASM-Pacific,Firebird;ASM-Pacific,Phoenix",,dormant,none,False,0.0,0.0,0.0,,,0.0,,,unknown
500683241,POLYURETHANE TUBE TU1208C-20,Module-TCB,"ASM-Pacific,Phoenix;ASM-Pacific,Firebird",D,dormant,none,False,0.0,0.0,0.0,,,0.0,,,unknown
500683242,HEX.SOC.HD.MALE CONNECTOR,Module-TCB,"ASM-Pacific,Phoenix;ASM-Pacific,Firebird",,dormant,none,False,0.0,0.0,0.0,,,0.0,,,unknown
500683305,"ASSY, 30A CM POWER MANAGER C30","Module-DP,Module-Epoxy,Module-TCB,Module-CAM","NordsonAsymtek,Vantage;Asymtek S2-932;Generic",D,dormant,none,False,0.0,0.0,0.0,,,0.0,,,unknown
500683306,"CBL,ASSY,DV8000C,28P",Module-Epoxy,"NordsonAsymtek,Vantage",D,dormant,none,False,0.0,0.0,-0.00821917808219178,,,0.0,,,unknown
500683307,CERAMIC INSERT SPECTRUM,"Module-DP,Module-Epoxy","NordsonAsymtek,Vantage;Generic",L,dying,dying,False,0.005479452054794521,0.0,0.005479452054794521,0.0,0.0,1.7657672005069656,0.6666666666666667,-1.0,decreasing
500683309,"PSR,ASSY,MOTOR,LINEAR,Y","Module-DP,Module-Epoxy","NordsonAsymtek,Vantage;Generic",L,dying,dying,False,0.005479452054794521,0.0,0.005479452054794521,0.0,0.0,1.798347107438016,,,unknown
500683310,"ESR,ASSY,SHUTTER,OVAL,PRECISION DV",Module-Epoxy,"NordsonAsymtek,Vantage",,dormant,none,False,0.0,0.0,0.0,,,0.0,,,unknown
500683311,"ESR,WIPER,BANJO,WIDE,1.25"",PKG 10",Module-Epoxy,"NordsonAsymtek,Vantage",,dormant,none,False,0.0,0.0,0.0,,,0.0,,,unknown
500683313,INTELLIJET LOW-PROFILE RELEASE LEVER,Module-Epoxy,"Asymtek-Jabil RA4 ASF;NordsonAsymtek,Vantage",D,dormant,none,False,0.0,0.0,0.0,,,0.0,,,unknown
500683314,VANTAGE Z2 DISPENSE HEAD ASSEMBLY,"Module-DP,Module-Epoxy","DISCO 7562 USP;NordsonAsymtek,Vantage;DISCO 8761 BSP;Generic",L,dying,dying,False,0.005479452054794521,0.0,0.005479452054794521,0.0,0.0,4.000000000000001,,,unknown
500683315,DOVETAIL MOUNTING ASSEMBLY,"Module-DP,Module-Epoxy","NordsonAsymtek,Vantage;Generic",D,dormant,none,False,0.0,0.0,0.0,,,0.0,,,unknown
500684067,"SPACER, TUBE, TOP HTR MOUNT",Module-Epoxy,"HFO50201;EPOXY REFLOW OVEN W/ VACUUM AS;Heller, VEFO-10D",,dormant,none,False,0.0,0.0,0.0,,,0.0,,,unknown
500684686,INDUSTRIES MINI KEYBOARD,Module-TCB,"ASM-Pacific,Phoenix",D,dormant,none,False,0.0,0.0,0.0,,,0.0,,,unknown
500684687,SILICONE KEYBOARD PROTECTOR,Module-TCB,"ASM-Pacific,Phoenix",D,dormant,none,False,0.0,0.0,0.0,,,0.0,,,unknown
500685810,"SCREW,M4X0.7 BUTTON HEAD,X6",Module-Epoxy,Asymtek S922,D,dormant,none,False,0.0,0.0,0.0,,,0.0,,,unknown
500686029,CONVEYOR BELT,Module-Epoxy,Grohmann Vertical oven;Grohmann MTS-600;Grohamnn MTS-605;GROHMANN MTS-605,D,dormant,none,False,0.0,0.0,0.0,,,0.0,,,unknown
500686116,POWER SUPPLY UNIT,"Module-BA,Module-TCB","JTP;Delta JLP, JTP",M,active,constant,True,0.0136986301369863,0.011111111111111112,0.0136986301369863,0.8111111111111112,0.2,0.812803164991814,,,unknown
500686941,O-RING,Module-TCB,APPJ MFM-220,D,dormant,none,False,0.0,0.0,0.0,,,0.0,,,unknown
500686954,FABRICATE INTERPOLATOR BRACKET,Module-TCB,"ASM-Pacific,Firebird;ASM-Pacific,Phoenix",,dormant,none,False,0.0,0.0,0.0,,,0.0,,,unknown
500687154,ASYMTEK BOARD SENSOR SELF ALIGNER,Module-Epoxy,Asymtek S922,D,dormant,none,False,0.0,0.0,0.0,,,0.0,,,unknown
500687333,COT SAFETY SWITCH,Module-TCB,"ASM-Pacific,Phoenix",,dormant,none,False,0.0,0.0,0.0,,,0.0,,,unknown
500687560,SMC GATE O-RING,Module-Epoxy,"Heller, VEFO-10D;EPOXY REFLOW OVEN W/ VACUUM AS;Heller VEFO",,dormant,none,False,0.0,0.0,0.0,,,0.0,,,unknown
500687797,SMC GATE,Module-Epoxy,"EPOXY REFLOW OVEN W/ VACUUM AS;HFO50201;Heller, VEFO-10D",,dormant,none,False,0.0,0.0,0.0,,,0.0,,,unknown
500688142,SOFT POLYURETHANE TUBING TUS0604B-20,Module-TCB,"ASM-Pacific,Firebird;ASM-Pacific,Phoenix",D,dormant,none,False,0.0,0.0,0.0,,,0.0,,,unknown
500688305,PEDESTAL VACUUM CHECK JIG,Module-TCB,"ASM-Pacific,Firebird;ASM-Pacific,Phoenix",,dormant,none,False,0.0,0.0,0.0,,,0.0,,,unknown
500688559,16-CHANNEL DIG. INPUT TERMINAL 24V DC,Module-TCB,"GENERIC;PLASMATREAT, APPJ_PTU1612",D,dormant,none,False,0.0,0.0,0.0,,,0.0,,,unknown
500688560,"4CH,ANALOG,OUTPUT,TERMINAL,0..10 V",Module-TCB,"PLASMATREAT, APPJ_PTU1612;GENERIC",L,dormant,none,False,0.0,0.0,0.0,,,0.0,,,unknown
500688561,"ETHERCAT,COUPLER FOR,E-BUS,TERMINALS",Module-TCB,"PLASMATREAT, APPJ_PTU1612;GENERIC",L,active,constant,True,0.0027397260273972603,0.011111111111111112,0.0027397260273972603,4.055555555555555,0.0,3.9999999999999996,,,unknown
500688562,PS TERMINAL FOR E-BUS REFRESHMENT,Module-TCB,"GENERIC;PLASMATREAT, APPJ_PTU1612",D,dormant,none,False,0.0,0.0,0.0,,,0.0,,,unknown
500688563,"16-CHANNEL,DIG,OUTPUT,TERMINAL,24V,DC",Module-TCB,"PLASMATREAT, APPJ_PTU1612;GENERIC",L,dormant,none,False,0.0,0.0,0.0,,,0.0,,,unknown
500688564,"PROFINET,RT,CONTROLLER,TERMINAL,MASTER",Module-TCB,"PLASMATREAT, APPJ_PTU1612;GENERIC",L,dormant,none,False,0.0,0.0,0.0,,,0.0,,,unknown
500688565,"CAN,OPEN,MASTER,TERMINAL",Module-TCB,"GENERIC;PLASMATREAT, APPJ_PTU1612",L,dormant,none,False,0.0,0.0,0.0,,,0.0,,,unknown
500688566,"AS2022-0H10,STEPPER,MOTOR,24/50VDC",Module-TCB,"GENERIC;PLASMATREAT, APPJ_PTU1612",L,dormant,none,False,0.0,0.0,0.0,,,0.0,,,unknown
500688567,"COMPACT,INDUSTRIAL,-PC 2,8 GHZ,2CORES",Module-TCB,"PLASMATREAT, APPJ_PTU1612;GENERIC",,dormant,none,False,0.0,0.0,0.0,,,0.0,,,unknown
500688568,"DAE10,MAINTENANCE,UNIT,COMPLETE",Module-TCB,"GENERIC;PLASMATREAT, APPJ_PTU1612",,dormant,none,False,0.0,0.0,0.0,,,0.0,,,unknown
500688569,"EDGE,BELT,CONVEYOR,RAIL,KIT,2,DRIVE",Module-TCB,"GENERIC;PLASMATREAT, APPJ_PTU1612",,dormant,none,False,0.0,0.0,0.0,,,0.0,,,unknown
500688570,PLASMATREAT GANTRY,Module-TCB,"GENERIC;PLASMATREAT, APPJ_PTU1612",,dormant,none,False,0.0,0.0,0.0,,,0.0,,,unknown
500688571,"MACHINE,LIGHT,MSAL,90,SIP68,ALUMINIUM",Module-TCB,"GENERIC;PLASMATREAT, APPJ_PTU1612",,dormant,none,False,0.0,0.0,0.0,,,0.0,,,unknown
500688572,"ENERGY CHAIN, LENGTH = 644MM",Module-TCB,"GENERIC;PLASMATREAT, APPJ_PTU1612",,dormant,none,False,0.0,0.0,0.0,,,0.0,,,unknown
500688577,"EXPANSION,UNIT,(CV-X400,XG-X),CA-DC40E",Module-TCB,"GENERIC;PLASMATREAT, APPJ_PTU1612",,dormant,none,False,0.0,0.0,0.0,,,0.0,,,unknown
500688578,"LED,LIGHTING,ROD,TYPE,WHITE,CA-DBW24W",Module-TCB,"GENERIC;PLASMATREAT, APPJ_PTU1612",,dormant,none,False,0.0,0.0,0.0,,,0.0,,,unknown
500688579,"PTF15672-1,BRACKET,FLOW,SENSOR,PA6,BLK",Module-TCB,"PLASMATREAT, APPJ_PTU1612;GENERIC",,dormant,none,False,0.0,0.0,0.0,,,0.0,,,unknown
500688580,"SD,20,SIDE,CH,BLOWER,400V,FUK,VARIANT",Module-TCB,"GENERIC;PLASMATREAT, APPJ_PTU1612",,dormant,none,False,0.0,0.0,0.0,,,0.0,,,unknown
500688581,"PC,INTERFACE,CABLE,INVEOR(2M/M12)",Module-TCB,"PLASMATREAT, APPJ_PTU1612;GENERIC",,dormant,none,False,0.0,0.0,0.0,,,0.0,,,unknown
500688582,"CONVEYOR,OPT,SENSORS,V20.0",Module-TCB,"PLASMATREAT, APPJ_PTU1612;GENERIC",,dormant,none,False,0.0,0.0,0.0,,,0.0,,,unknown
500688583,"EXHAUST,HOSE,DN40,PUR,L",Module-TCB,"PLASMATREAT, APPJ_PTU1612;GENERIC",,dormant,none,False,0.0,0.0,0.0,,,0.0,,,unknown
500688584,"SDP:,A,6A,3-12DF02508,PULLEY",Module-TCB,"GENERIC;PLASMATREAT, APPJ_PTU1612",D,dormant,none,False,0.0,0.0,0.0,,,0.0,,,unknown
500688585,"IDLE,PULLEY,5MM,EB",Module-TCB,"GENERIC;PLASMATREAT, APPJ_PTU1612",,dormant,none,False,0.0,0.0,0.0,,,0.0,,,unknown
500688586,"WEARSTRIP;1.62M,EB,2DR-RH",Module-TCB,"PLASMATREAT, APPJ_PTU1612;GENERIC",,dormant,none,False,0.0,0.0,0.0,,,0.0,,,unknown
500688587,"WEARSTRIP;1.62M,EB,DR-LH",Module-TCB,"GENERIC;PLASMATREAT, APPJ_PTU1612",,dormant,none,False,0.0,0.0,0.0,,,0.0,,,unknown
500688589,"BELT,828XL,X.156X.2,PITCH",Module-TCB,"PLASMATREAT, APPJ_PTU1612;GENERIC",,dormant,none,False,0.0,0.0,0.0,,,0.0,,,unknown
500688590,"BELT,888XL,X.156X.2,PITCH",Module-TCB,"PLASMATREAT, APPJ_PTU1612;GENERIC",,dormant,none,False,0.0,0.0,0.0,,,0.0,,,unknown
500688591,"PTF16139-2,CYLINDRICAL,JETBODY,STAINLESS",Module-TCB,"PLASMATREAT, APPJ_PTU1612;GENERIC",,dormant,none,False,0.0,0.0,0.0,,,0.0,,,unknown
500688592,"GREASE,EP,ADDITIVES,400G,CARTRIDGE",Module-TCB,"GENERIC;PLASMATREAT, APPJ_PTU1612",,dormant,none,False,0.0,0.0,0.0,,,0.0,,,unknown
500688593,"PTF15533-3,PERFORATED,SHEET,FUNNEL,CUT",Module-TCB,"GENERIC;PLASMATREAT, APPJ_PTU1612",,dormant,none,False,0.0,0.0,0.0,,,0.0,,,unknown
500688594,"10PK,FUSE,600V,10X38MM,25A,15A,10A,5A",Module-TCB,"PLASMATREAT, APPJ_PTU1612;GENERIC",,dormant,none,False,0.0,0.0,0.0,,,0.0,,,unknown
500688595,"DIGITAL,FIBER,SENSOR,MAIN,UNIT,(M8TYPE)",Module-TCB,"PLASMATREAT, APPJ_PTU1612;GENERIC",,dormant,none,False,0.0,0.0,0.0,,,0.0,,,unknown
500688596,"SK,EXIT,FILTER,W:116.5XH: 116.5XD:16MM",Module-TCB,"GENERIC;PLASMATREAT, APPJ_PTU1612",,dormant,none,False,0.0,0.0,0.0,,,0.0,,,unknown
500688597,"SENSOR,CABINET,DOOR,MONITOR,ELEC.V20.0",Module-TCB,"GENERIC;PLASMATREAT, APPJ_PTU1612",,dormant,none,False,0.0,0.0,0.0,,,0.0,,,unknown
500688598,"LAMPS,FOR,SERVICE,SPACE,V20.0",Module-TCB,"PLASMATREAT, APPJ_PTU1612;GENERIC",,dormant,none,False,0.0,0.0,0.0,,,0.0,,,unknown
500688599,"RD1004-JETHEAD,DUSTCOVER,V20.0","Module-DP,Module-TCB","PLASMATREAT, APPJ_PTU1612;Epoxy_Generic;Generic",L,dormant,none,False,0.0,0.0,0.0,,,0.0,,,unknown
500688601,"SIGNAL,LIGHT,ELECTRICAL,V20.0",Module-TCB,"GENERIC;PLASMATREAT, APPJ_PTU1612",,dormant,none,False,0.0,0.0,0.0,,,0.0,,,unknown
500688602,"HMI,OPERATIONS,COMPLETE,ELECTR.",Module-TCB,"GENERIC;PLASMATREAT, APPJ_PTU1612",,dormant,none,False,0.0,0.0,0.0,,,0.0,,,unknown
500688603,PCU-M,Module-TCB,"GENERIC;PLASMATREAT, APPJ_PTU1612",L,dying,dying,False,0.0027397260273972603,0.0,0.0027397260273972603,0.0,0.0,1.5001670515038346,,,unknown
500688604,"STEPPER,MOTOR,TERMINALS,W,FR-50V,DC,5A",Module-TCB,"GENERIC;PLASMATREAT, APPJ_PTU1612",L,dying,dying,False,0.0,0.0,0.0,,,4.0,,,unknown
500688605,"SAFETY,SENSOR,BNS,260,LEFT,3O,2S",Module-TCB,"PLASMATREAT, APPJ_PTU1612;GENERIC",L,dormant,none,False,0.0,0.0,0.0,,,0.0,,,unknown
500688606,SECURE SAFETY GATE SYSTEM TRANSPONDER,Module-TCB,"GENERIC;PLASMATREAT, APPJ_PTU1612",D,dormant,none,False,0.0,0.0,0.0,,,0.0,,,unknown
500688607,NOZZLE HEAD 11 POTENTIAL FREE MOUNTED,Module-TCB,"GENERIC;PLASMATREAT, APPJ_PTU1612",M,active,constant,True,0.0273972602739726,0.022222222222222223,0.0273972602739726,0.8111111111111112,0.2,0.8883370290604616,,,unknown
500688608,"TIMING,BELT,JET,ROTATION",Module-TCB,"PLASMATREAT, APPJ_PTU1612;GENERIC",D,dormant,none,False,0.0,0.0,0.0,,,0.0,,,unknown
500688609,"AIR,ROTATION,W/ISOLATOR,RD1004/PFW10",Module-TCB,"GENERIC;PLASMATREAT, APPJ_PTU1612",,dormant,none,False,0.0,0.0,0.0,,,0.0,,,unknown
500688610,GLASS ROD 184MM DIA 5MM,Module-TCB,"PLASMATREAT, APPJ_PTU1612;GENERIC",L,dying,dying,False,0.005479452054794521,0.0,0.005479452054794521,0.0,0.0,4.000000000000001,,,unknown
500688611,"SMALL CARBON BRUSH RD1004,RD2010","Module-DP,Module-TCB","PLASMATREAT, APPJox_PTU1612;Generic;PLASMATREAT, APPJ_PTU1612",M,active,constant,True,0.06575342465753424,0.044444444444444446,0.06575342465753424,0.675925925925926,0.16666666666666666,0.5483526639577145,,,unknown
500688613,"MOTOR,M1004,DC",Module-TCB,"PLASMATREAT, APPJ_PTU1612;GENERIC",,dormant,none,False,0.0,0.0,0.0,,,0.0,,,unknown
500688614,"SAFETY,SENSOR,ACTUATOR,BPS,260-1",Module-TCB,"GENERIC;PLASMATREAT, APPJ_PTU1612",D,dormant,none,False,0.0,0.0,0.0,,,0.0,,,unknown
500688615,50 ASPIRATOR HOSE POLY ESD CONDUCTIVE,Module-TCB,"PLASMATREAT, APPJ_PTU1612;GENERIC",,dormant,none,False,0.0,0.0,0.0,,,0.0,,,unknown
500688616,"AIR,FLOW,SENSOR,FOR,AIR,10M/S",Module-TCB,"PLASMATREAT, APPJ_PTU1612;GENERIC",L,dormant,none,False,0.0,0.0,0.0,,,0.0,,,unknown
500688617,"WIDE,RANGE,MODULE/WRS1501",Module-TCB,"GENERIC;PLASMATREAT, APPJ_PTU1612",L,dying,dying,False,0.0027397260273972603,0.0,0.0027397260273972603,0.0,0.0,4.0,,,unknown
500688618,"INDUCTOR,DR-67",Module-TCB,"PLASMATREAT, APPJ_PTU1612;GENERIC",,dormant,none,False,0.0,0.0,0.0,,,0.0,,,unknown
500688619,"SAFETY,SENSOR,BNS,260,RIGHT,3O,2S",Module-TCB,"PLASMATREAT, APPJ_PTU1612;GENERIC",L,dormant,none,False,0.0,0.0,0.0,,,0.0,,,unknown
500688620,"FESTO,SPINDLE,AXIS,COMPLETE",Module-TCB,"PLASMATREAT, APPJ_PTU1612;GENERIC",,dormant,none,False,0.0,0.0,0.0,,,0.0,,,unknown
500688621,"FESTO,AXIAL,KIT,EAMM-A-S38-60P",Module-TCB,"GENERIC;PLASMATREAT, APPJ_PTU1612",,dormant,none,False,0.0,0.0,0.0,,,0.0,,,unknown
500688622,"Y-AXIS OF PT-GANTRY, TOOTHED BELT 36 NMY",Module-TCB,"GENERIC;PLASMATREAT, APPJ_PTU1612",,dormant,none,False,0.0,0.0,0.0,,,0.0,,,unknown
500688623,"AXIAL,KIT,EAMM-A-L48-60H",Module-TCB,"PLASMATREAT, APPJ_PTU1612;GENERIC",,dormant,none,False,0.0,0.0,0.0,,,0.0,,,unknown
500688624,"GEAR,BOX,EMGA-60-P-G5-EAS-60",Module-TCB,"GENERIC;PLASMATREAT, APPJ_PTU1612",,dormant,none,False,0.0,0.0,0.0,,,0.0,,,unknown
500688625,DC SERVOMOTOR 310W,Module-TCB,"GENERIC;PLASMATREAT, APPJ_PTU1612",,dormant,none,False,0.0,0.0,0.0,,,0.0,,,unknown
500688626,"SHOCK,ABSORBER,RETAINER,KYE-80",Module-TCB,"GENERIC;PLASMATREAT, APPJ_PTU1612",,dormant,none,False,0.0,0.0,0.0,,,0.0,,,unknown
500688627,"X-AXIS OF PT-GANTRY, TOOTHED BELT 36 NM",Module-TCB,"PLASMATREAT, APPJ_PTU1612;GENERIC",,dormant,none,False,0.0,0.0,0.0,,,0.0,,,unknown
500688628,"PROX,SWITCH,SIES-8M-PO-24V-K-0,3-M8D",Module-TCB,"GENERIC;PLASMATREAT, APPJ_PTU1612",,dormant,none,False,0.0,0.0,0.0,,,0.0,,,unknown
500688629,SERVO DRIVE 600W,Module-TCB,"GENERIC;PLASMATREAT, APPJ_PTU1612",,dormant,none,False,0.0,0.0,0.0,,,0.0,,,unknown
500688630,"ROTATION,PULLEY,FOR,MOTOR",Module-TCB,"PLASMATREAT, APPJ_PTU1612;GENERIC",,dormant,none,False,0.0,0.0,0.0,,,0.0,,,unknown
500688631,"6X14,CLAMPING,SET,4ROTATION,STAINLESS",Module-TCB,"GENERIC;PLASMATREAT, APPJ_PTU1612",,dormant,none,False,0.0,0.0,0.0,,,0.0,,,unknown
500688632,"O-SEAL,29.0X3.00/RED,O-RING",Module-TCB,"GENERIC;PLASMATREAT, APPJ_PTU1612",,dormant,none,False,0.0,0.0,0.0,,,0.0,,,unknown
500688633,SK FILTER FAN 55M/24V,Module-TCB,"GENERIC;PLASMATREAT, APPJ_PTU1612",,dormant,none,False,0.0,0.0,0.0,,,0.0,,,unknown
500688634,"SK,EXIT,FILTER,W:148.5XH:148.5XD:24MM",Module-TCB,"PLASMATREAT, APPJ_PTU1612;GENERIC",,dormant,none,False,0.0,0.0,0.0,,,0.0,,,unknown
500688635,FILTER FAN 20 M/H 24V DC,Module-TCB,"GENERIC;PLASMATREAT, APPJ_PTU1612",,dormant,none,False,0.0,0.0,0.0,,,0.0,,,unknown
500688636,"ROTATION,CONNECTOR,PIN",Module-TCB,"PLASMATREAT, APPJ_PTU1612;GENERIC",,dormant,none,False,0.0,0.0,0.0,,,0.0,,,unknown
500688637,SST ROTATION ROTOR / 53,Module-TCB,"GENERIC;PLASMATREAT, APPJ_PTU1612",M,active,constant,True,0.019178082191780823,0.011111111111111112,0.019178082191780823,0.5793650793650793,0.0,0.5710242766735518,,,unknown
500688835,"FEP TUBE, TH0604, OD 6MM, ID 4MM",Module-TCB,"ASM-Pacific,Firebird;ASM-Pacific,Phoenix",L,dying,dying,False,0.0273972602739726,0.0,0.0273972602739726,0.0,0.0,4.0,,,unknown
500689110,"SCREW,M4X0.7 BUTTON X16,SS (49-4616)",Module-Epoxy,Asymtek S922,D,dormant,none,False,0.0,0.0,0.0,,,0.0,,,unknown
500689307,EXCHANGE KIT FOR MTS-605,Module-Epoxy,Grohmann MTS-605;Grohmann MTS-600,,dormant,none,False,0.0,0.0,0.0,,,0.0,,,unknown
500689308,EXCHANGE KIT FOR MTS-600,Module-Epoxy,Grohmann MTS-600;Grohmann MTS-605,,dormant,none,False,0.0,0.0,0.0,,,0.0,,,unknown
500690515,3 POLE CONTACTOR,"Module-TCB,Module-Test","Delta JLP, JTP;Delta CTH-Pyramid 2008",M,active,constant,True,0.024657534246575342,0.03333333333333333,0.024657534246575342,1.3518518518518519,0.0,0.9539178110732061,,,unknown
500691593,MICROMETER LOCK MITUTOYO DJ220,"Module-TCB,Module-CAM",Asymtek S2-932;Asymtek S932,D,dormant,none,False,0.0,0.0,0.0,,,0.0,0.0,-3.0,decreasing
500693449,"SENSOR ASSY,REFLECTIVE,300MM","Module-MHS,Module-TCB","Delta JLP, JTP;MHS_Generic",D,dormant,none,False,0.0,0.0,0.0,,,0.0,,,unknown
500693654,DIE VACUUM SENSOR ASSY,Module-TCB,"ASM-Pacific,Firebird",L,active,constant,True,0.005479452054794521,0.022222222222222223,0.005479452054794521,4.055555555555555,1.0,3.9999999999999996,,,unknown
500694753,NUC COMPUTER 2.0GHZ 4GBRAM ASSY,Module-TCB,"Delta JLP, JTP",L,active,constant,True,0.0027397260273972603,0.011111111111111112,0.0027397260273972603,4.055555555555555,0.0,3.9999999999999996,,,unknown
500695126,"FLANGED BUSHING,8MM,SQUARE",Module-TCB,"Delta JLP, JTP",,dormant,none,False,0.0,0.0,0.0,,,0.0,,,unknown
500695321,"CABLE ASSY, VAC GAUGE TO I_F PCA","Module-DP,Module-Epoxy","NordsonAsymtek,Vantage;Generic",D,dormant,none,False,0.0,0.0,0.0,,,0.0,,,unknown
500695338,"INSERT,18X36 DISPENSE CARD HOLDER","Module-DP,Module-Epoxy","Generic;NordsonAsymtek,Vantage",L,dying,dying,False,0.005479452054794521,0.0,0.005479452054794521,0.0,0.0,1.5001670515038346,,,unknown
500695340,"TILE,CAMERA CALI & DUAL OFFSET, GLASS","Module-DP,Module-Epoxy","Generic;NordsonAsymtek,Vantage",,dormant,none,False,0.0,0.0,0.0,,,0.0,,,unknown
500695341,VANTAGE PURGE STATION,"Module-DP,Module-Epoxy","Generic;NordsonAsymtek,Vantage;DISCO 8761 MGD",M,active,constant,True,0.010958904109589041,0.022222222222222223,0.010958904109589041,2.0277777777777777,0.0,1.1122704610181349,,,unknown
500695419,"PCA,I_F,EXP VAC GAUGE+HTR CNTRL,PRGMD","Module-DP,Module-Epoxy","Generic;NordsonAsymtek,Vantage",D,dormant,none,False,0.0,0.0,0.0,,,0.0,,,unknown
500695586,PROPORTIONAL FLOW VALVE,Module-Epoxy,"EPOXY REFLOW OVEN W/ VACUUM AS;Heller, VEFO-10D",,dormant,none,False,0.0,0.0,0.0,,,0.0,,,unknown
500695587,"POWER AMPLIFIER, VALVE PROPORTIONAL",Module-Epoxy,"Heller, VEFO-10D;EPOXY REFLOW OVEN W/ VACUUM AS",,dormant,none,False,0.0,0.0,0.0,,,0.0,,,unknown
500695665,"ESR,GUIDE,TUBE,BULK FEED","Module-TCB,Module-CAM",Asymtek S932;Asymtek S2-932,D,dormant,none,False,0.0,0.0,0.0,,,0.0,,,unknown
500696223,I/P SHUT OT MODULE CABLE&MOUNTING,Module-TCB,"ASM,TCB,Y-SHUTTLE",D,dormant,none,False,0.0,0.0,0.0,,,0.0,,,unknown
500696402,"KEYBOARD, MINI, 2 USB PORTS","Module-DP,Module-Epoxy",Generic;EPX FORTE HEATER MODULE,,dormant,none,False,0.0,0.0,0.0,,,0.0,,,unknown
500696403,TRACKBALL MOUSE W/SCROLL,"Module-DP,Module-Epoxy",EPX FORTE HEATER MODULE;Generic,L,dying,dying,False,0.0027397260273972603,0.0,0.0027397260273972603,0.0,0.0,4.0,,,unknown
500697609,PEDESTAL JIG CLAMP,Module-TCB,"ASM-Pacific,Firebird;ASM-Pacific,Phoenix",D,dormant,none,False,0.0,0.0,0.0,,,0.0,,,unknown
500697938,"CABLE ASSY,EMO&INTRLK,JLP",Module-TCB,"Delta JLP, JTP",D,dormant,none,False,0.0,0.0,0.0,,,0.0,,,unknown
500699047,LOW HEAD CAP SCREW M3 X 6,Module-TCB,APPJ MFM-220,D,dormant,none,False,0.0,0.0,0.0,,,0.0,,,unknown
500699048,SET SCREW M4X10,Module-TCB,APPJ MFM-220,L,active,constant,True,0.0136986301369863,0.05555555555555555,0.0136986301369863,4.055555555555555,0.0,4.0,,,unknown
500699255,PLASMA Z-MOTOR ENCODER CABLE,Module-TCB,APPJ MFM-220,,dormant,none,False,0.0,0.0,0.0,,,0.0,,,unknown
500699690,"IJ DRIVE PIN CLEANING JIG, IMR",Module-Epoxy,"NordsonAsymtek,Vantage",D,dormant,none,False,0.0,0.0,0.0,,,0.0,,,unknown
500699962,ASYMTEK CERAMIC TILE,"Module-TCB,Module-CAM",Asymtek S932;Asymtek S2-932,D,dormant,none,False,0.0,0.0,0.0,,,0.0,,,unknown
500700499,SHAFT COUPLING,Module-Epoxy,VERTICAL PREBAKE EPOXY OVEN;Heller VCO,L,dormant,none,False,0.0,0.0,-0.0027397260273972603,,,4.0,,,unknown
500700500,COUPLING 12MM,Module-Epoxy,Heller VCO;VERTICAL PREBAKE EPOXY OVEN,,dormant,none,False,0.0,0.0,0.0,,,0.0,,,unknown
500700501,"REPLACE KIT, BOTTOM SHUTTLE, ENTRANCE",Module-Epoxy,VERTICAL PREBAKE EPOXY OVEN;Heller VCO,,dormant,none,False,0.0,0.0,0.0,,,0.0,,,unknown
500700502,"REPLACE KIT, BOTTOM SHUTTLE, EXIT",Module-Epoxy,VERTICAL PREBAKE EPOXY OVEN;Heller VCO,,dormant,none,False,0.0,0.0,0.0,,,0.0,,,unknown
500700503,"REPLACE KIT, TOP SHUTTLE ASSEMBLY",Module-Epoxy,Heller VCO;VERTICAL PREBAKE EPOXY OVEN,L,dying,dying,False,0.0,0.0,0.0,,,4.0,,,unknown
500700870,STA PICKHEAD ASSY SET (SLB),Module-TCB,TCB_Generic,,dormant,none,False,0.0,0.0,0.0,,,0.0,,,unknown
500701107,"4 LAMP Q-LIGHT LIGHT TOWER, RYGW",Module-Epoxy,VERTICAL PREBAKE EPOXY OVEN;Heller VCO,,dormant,none,False,0.0,0.0,0.0,,,0.0,,,unknown
500701618,ASM BEARING PULLEY,Module-TCB,"Delta JLP, JTP",D,dormant,none,False,0.0,0.0,0.0,,,0.0,,,unknown
500701633,Steel Oval Washer With Laser Marking,Module-Epoxy,"NordsonAsymtek,Vantage",D,dormant,none,False,0.0,0.0,0.0,,,0.0,,,unknown
500702041,"BELT, FLAT PU 11 1272MM X 9MM","Module-DP,Module-TCB","Delta JLP, JTP;Generic",M,active,constant,True,0.019178082191780823,0.03333333333333333,0.019178082191780823,1.738095238095238,0.0,0.7404592385705454,,,unknown
500702043,"SENSOR BRACKET, PLATEN, FWD",Module-TCB,"Delta JLP, JTP",,dormant,none,False,0.0,0.0,0.0,,,0.0,,,unknown
500702084,VALVE COMPL B SERIES,Module-TCB,"ASM-Pacific,Phoenix",L,dying,dying,False,0.005479452054794521,0.0,0.005479452054794521,0.0,0.0,4.000000000000001,,,unknown
500702085,"BUMPER,RECESS","Module-DP,Module-Epoxy","NordsonAsymtek,Vantage;Generic",M,active,constant,True,0.3013698630136986,0.3111111111111111,0.3013698630136986,1.0323232323232323,0.14545454545454545,0.43089377435541065,,,unknown
500702258,SUCTION HANDLE,Module-TCB,"ASM-Pacific,Phoenix;ASM-Pacific,Firebird",D,dormant,none,False,0.0,0.0,0.0,,,0.0,,,unknown
500702355,"CHECK VALVE, 3/8 NPT M, BRASS W FKM SEAL",Module-Epoxy,Heller VCO;PCO520L,,dormant,none,False,0.0,0.0,0.0,,,0.0,,,unknown
500702938,SLIDING FOR PUSHER HEAD,Module-Epoxy,Grohmann MTS-605;Grohmann MTS-600,,dormant,none,False,0.0,0.0,0.0,,,0.0,,,unknown
500703131,PULLEY WITH CLAMPING,Module-TCB,APPJ MFM-220,D,dormant,none,False,0.0,0.0,0.0,,,0.0,,,unknown
500704366,"CABLE ASSY, INTERLOCK EXT JLP3",Module-TCB,"Delta JLP, JTP",,dormant,none,False,0.0,0.0,0.0,,,0.0,,,unknown
500705046,EXCHANGE KIT FOR MTS-605 FOR 1 TOWER,Module-Epoxy,GROHMANN MTS-605;Grohmann MTS-600;Grohamnn MTS-605,,dormant,none,False,0.0,0.0,0.0,,,0.0,,,unknown
500705047,EXCHANGE KIT FOR MTS-600 FOR 1 TOWER,Module-Epoxy,Grohmann MTS-605;Grohmann MTS-600,,dormant,none,False,0.0,0.0,0.0,,,0.0,,,unknown
500705120,PROFILER TOP ASSY.,Module-Epoxy,VERTICAL PREBAKE EPOXY OVEN;Heller VCO,D,dormant,none,False,0.0,0.0,0.0,,,0.0,,,unknown
500705121,GEN VII SAT BAG BOTTOM,Module-Epoxy,Heller VCO;VERTICAL PREBAKE EPOXY OVEN,D,dormant,none,False,0.0,0.0,0.0,,,0.0,,,unknown
500705122,GEN VII SAT BAG TOP,Module-Epoxy,Heller VCO;VERTICAL PREBAKE EPOXY OVEN,D,dormant,none,False,0.0,0.0,0.0,,,0.0,,,unknown
500705123,"VALVE, PRESSURE RELIEF 1/2"" NPT",Module-Epoxy,Heller VCO;VERTICAL PREBAKE EPOXY OVEN,L,dying,dying,False,0.005479452054794521,0.0,0.005479452054794521,0.0,0.0,1.50007631024694,,,unknown
500705124,MOUNTING BRACKET ASSEMBLY,Module-Epoxy,VERTICAL PREBAKE EPOXY OVEN;Heller VCO,,dormant,none,False,0.0,0.0,0.0,,,0.0,,,unknown
500705125,"ASSY. SEALING, SHAFT(WALL BEARING)",Module-Epoxy,VERTICAL PREBAKE EPOXY OVEN;Heller VCO,,dormant,none,False,0.0,0.0,0.0,,,0.0,,,unknown
500705126,"MANIFOLD 1/2"" BSPT -POS 1/2"" PT",Module-Epoxy,Heller VCO;VERTICAL PREBAKE EPOXY OVEN,,dormant,none,False,0.0,0.0,0.0,,,0.0,,,unknown
500705265,BH TC CONN CABLE ASSY,Module-TCB,"ASM-Pacific,Phoenix",D,active,constant,True,0.0027397260273972603,0.011111111111111112,0.0027397260273972603,4.055555555555555,1.0,3.9999999999999996,,,unknown
500705266,BH TC CONN CABLE ASSY,Module-TCB,"ASM-Pacific,Phoenix",D,active,constant,True,0.0027397260273972603,0.011111111111111112,0.0027397260273972603,4.055555555555555,1.0,3.9999999999999996,,,unknown
500705267,DFH 24V PWRTRI CABLE1,Module-TCB,"ASM-Pacific,Phoenix",D,dormant,none,False,0.0,0.0,0.0,,,0.0,,,unknown
500706037,(CIE) FONT DOOR ASSY,Module-TCB,"ASM-Pacific,Firebird",,dormant,none,False,0.0,0.0,0.0,,,0.0,,,unknown
500706669,HPO CLUTCH GEAR BOX SCREW,Module-Epoxy,PCO520L,D,dormant,none,False,0.0,0.0,0.0,,,0.0,,,unknown
500706824,SBT SAFETY LOCK,Module-Epoxy,Grohmann MTS-605;Grohmann MTS-600,D,dormant,none,False,0.0,0.0,0.0,,,0.0,,,unknown
500707206,"PITOT TUBE, STAINLESS STEEL TPL-03-100",Module-TCB,"GENERIC;PLASMATREAT, APPJ_PTU1612",L,dormant,none,False,0.0,0.0,0.0,,,0.0,,,unknown
500707207,PVC HOSE 5 X 1.0 MM TRANSPARENT,Module-TCB,"GENERIC;PLASMATREAT, APPJ_PTU1612",,dormant,none,False,0.0,0.0,0.0,,,0.0,,,unknown
500707208,JUNCTION BOX RD1004 V20.0,Module-TCB,"PLASMATREAT, APPJ_PTU1612;GENERIC",,dormant,none,False,0.0,0.0,0.0,,,0.0,,,unknown
500707209,EMC CABLE SUSPENSION RD1004,Module-TCB,"PLASMATREAT, APPJ_PTU1612;GENERIC",D,dormant,none,False,0.0,0.0,0.0,,,0.0,,,unknown
500707210,"FERRULE SET 1/8"", 3,17MM",Module-TCB,"PLASMATREAT, APPJ_PTU1612;GENERIC",,dormant,none,False,0.0,0.0,0.0,,,0.0,,,unknown
500707211,ZIP1605 DC 100-400V 10A/AC 100-400V 10A,Module-TCB,"PLASMATREAT, APPJ_PTU1612;GENERIC",L,dying,dying,False,0.0027397260273972603,0.0,0.0027397260273972603,0.0,0.0,4.0,,,unknown
500707286,COLLET VACUUM SENSOR ASSY,Module-TCB,"ASM-Pacific,Firebird",,dormant,none,False,0.0,0.0,0.0,,,0.0,,,unknown
500707288,"SATA 3.5"" HARD DISK 2TB",Module-TCB,"ASM,TCB,Y-SHUTTLE;ASM-Pacific,Phoenix;ASM-Pacific,Firebird",L,dying,dying,False,0.0027397260273972603,0.0,0.0027397260273972603,0.0,0.0,4.0,,,unknown
500708030,PARKER O-RING 0.563X0.688IN,Module-TCB,Asymtek S932,H,active,constant,True,0.989041095890411,1.1111111111111112,0.989041095890411,1.1234225915666358,0.16620498614958448,0.16066200184943424,,,unknown
500708184,1PH SURGE SUPRESSOR,Module-Epoxy,Heller VCO,D,dormant,none,False,0.0,0.0,0.0,,,0.0,,,unknown
500708185,"1PH, RECTIFIER, 200VAC TO 90VDC",Module-Epoxy,Heller VCO,D,dormant,none,False,0.0,0.0,0.0,,,0.0,,,unknown
500708317,"ETHERCAT CABLE, 0,25M",Module-Epoxy,Grohmann MTS-600;Grohmann Vertical oven;Grohamnn MTS-605;GROHMANN MTS-605,D,dormant,none,False,0.0,0.0,0.0,,,0.0,,,unknown
500708898,"SERVO AXIS, DELTA-Y",Module-Epoxy,"NordsonAsymtek,Vantage",D,dormant,none,False,0.0,0.0,0.0,,,0.0,,,unknown
500709143,SPROCKET 35B 14T 14MM BORE,"Module-BA,Module-DP,Module-Epoxy",Generic;Heller 2017 MK III;PCO520L,D,dormant,none,False,0.0,0.0,0.0,,,0.0,,,unknown
500709144,"HEATING JACKET,PCO EXH LINE #1","Module-BA,Module-DP,Module-Epoxy",Generic;Heller 2017 MK III;PCO520L,,dormant,none,False,0.0,0.0,0.0,,,0.0,,,unknown
500709145,"HEATING JACKET,PCO EXH LINE #2","Module-BA,Module-DP,Module-Epoxy",Generic;PCO520L;Heller 2017 MK III,,dormant,none,False,0.0,0.0,0.0,,,0.0,,,unknown
500709167,FLOW SENSOR SA5000 UL,Module-TCB,"PLASMATREAT, APPJ_PTU1612;GENERIC",,dormant,none,False,0.0,0.0,0.0,,,0.0,,,unknown
500709286,DIGITAL DIFFERENTIAL PRESSURE TRANSMIT,Module-TCB,"GENERIC;PLASMATREAT, APPJ_PTU1612",,dormant,none,False,0.0,0.0,0.0,,,0.0,,,unknown
500709451,DIGITAL FLOW SWITCH,Module-Epoxy,PCO520L,,dormant,none,False,0.0,0.0,0.0,,,0.0,,,unknown
500709847,AL GIMBAL PLATE 12.7MM NON ELEC,Module-TCB,"Delta JLP, JTP",,dormant,none,False,0.0,0.0,0.0,,,0.0,,,unknown
500710184,"SENSOR ASSY,IND,CART PRESENT","Module-DP,Module-TCB","Delta JLP, JTP;Generic",L,dying,dying,False,0.0027397260273972603,0.0,0.0027397260273972603,0.0,0.0,4.0,,,unknown
500710188,TRANSPARENT TUBING M6,Module-TCB,"ASM-Pacific,Firebird;ASM-Pacific,Phoenix;ASM,TCB,Y-SHUTTLE",D,dormant,none,False,0.0,0.0,0.0,,,0.0,,,unknown
500710516,M6 ONE TOUCH FITTING STRAIGHT,"Module-Epoxy,Module-TCB,Module-CAM",Asymtek S932;Asymtek S2-932;Asymtek S922,L,dying,dying,False,0.273972602739726,0.0,0.273972602739726,0.0,0.0,1.7577644979378837,,,unknown
500710517,PHILIP (+) HEAD SCREW M3 X 8,"Module-Epoxy,Module-TCB,Module-CAM",Asymtek S2-932;Asymtek S932;Asymtek S922,,dormant,none,False,0.0,0.0,0.0,,,0.0,,,unknown
500710710,"LIGHT TOWER ASSEMBLY, 4 STAGE LED",Module-Epoxy,VERTICAL PREBAKE EPOXY OVEN;Heller VCO,,dormant,none,False,0.0,0.0,0.0,,,0.0,,,unknown
500710979,"SCREW,M5 X 1.0 X 20, LOW PRFL SOC",Module-Epoxy,"NordsonAsymtek,Vantage",H,active,constant,True,0.1780821917808219,0.06666666666666667,0.1780821917808219,0.37435897435897436,0.0,0.615960825279873,,,unknown
500710980,"ASSY, DOVETAIL MNT BRKT, LEFT, NARW","Module-DP,Module-Epoxy","Generic;NordsonAsymtek,Vantage",L,dying,dying,False,0.0027397260273972603,0.0,0.0027397260273972603,0.0,0.0,1.5001670515038346,,,unknown
500710981,"ATS,ASSY,DOVETAIL MNT BRKT,RIGHT,NARW","Module-DP,Module-Epoxy","Generic;NordsonAsymtek,Vantage",D,dormant,none,False,0.0,0.0,0.0,,,0.0,,,unknown
500711045,TRAY GUIDE BLOCK ACCESS,"Module-DP,Module-TCB","Delta JLP, JTP;Generic",D,dormant,none,False,0.0,0.0,0.0,,,0.0,,,unknown
500711046,TRAY GUIDE BLOCK ACCESS,"Module-DP,Module-TCB","Delta JLP, JTP;Generic",D,dormant,none,False,0.0,0.0,0.0,,,0.0,,,unknown
500711192,VALVE BODY 1/2 BPT,Module-Epoxy,Heller VCO;VERTICAL PREBAKE EPOXY OVEN,D,dormant,none,False,0.0,0.0,0.0,,,0.0,,0.0,unknown
500712338,MAINTENANCE KIT FOR DA-60S,"Module-BA,Module-DP,Module-Epoxy",Heller 2017 MK III;Generic;PCO520L,M,active,constant,True,0.024657534246575342,0.011111111111111112,0.024657534246575342,0.4506172839506173,0.0,0.49310798928987754,,,unknown
500712385,"BUSBAR REPAIR SET, ELEC",Module-Epoxy,Grohmann MTS-605;Grohmann MTS-600,,dormant,none,False,0.0,0.0,0.0,,,0.0,,,unknown
500712914,FAN MOTOR ASS'Y-R,Module-Epoxy,PCO520L,,dormant,none,False,0.0,0.0,0.0,,,0.0,,,unknown
500712915,"SIROCCO FAN-L (4'X8"")",Module-Epoxy,PCO520L,L,dying,dying,False,0.0027397260273972603,0.0,0.0027397260273972603,0.0,0.0,4.000000000000001,,,unknown
500712916,FAN MOTOR ASS'Y-L,Module-Epoxy,PCO520L,,dormant,none,False,0.0,0.0,0.0,,,0.0,,,unknown
500712917,"SIROCCO FAN-R (4'X8"")",Module-Epoxy,PCO520L,L,dying,dying,False,0.0027397260273972603,0.0,0.0027397260273972603,0.0,0.0,4.000000000000001,,,unknown
500712918,MECHANICAL SEAL-R,"Module-BA,Module-Epoxy",PCO520L;Heller 2017 MK III,M,dying,dying,False,0.005479452054794521,0.0,0.005479452054794521,0.0,0.0,1.7860077854671281,,,unknown
500712973,ALUMINUM FINGER 65.8MM FOR JTP,Module-TCB,"Delta JLP, JTP",D,dormant,none,False,0.0,0.0,0.0,,,0.0,,,unknown
500714599,STL TORQUE SCREWDRIVER 0.3NM 155MM,Module-Epoxy,"NordsonAsymtek,Vantage",L,dying,dying,False,0.0,0.0,0.0,,,4.0,,,unknown
500715733,"NEEDLE VALVE, 1/2"" BSPT, FEMALE",Module-Epoxy,Heller VCO;VERTICAL PREBAKE EPOXY OVEN,,dormant,none,False,0.0,0.0,0.0,,,0.0,,,unknown
500715734,MINI RADIATOR,Module-Epoxy,VERTICAL PREBAKE EPOXY OVEN;Heller VCO,,dormant,none,False,0.0,0.0,0.0,,,0.0,,,unknown
500715735,PRESSURE REGULATOR W/ GUAGE,Module-Epoxy,VERTICAL PREBAKE EPOXY OVEN;Heller VCO,,dormant,none,False,0.0,0.0,0.0,,,0.0,,,unknown
500715736,FLEX BRAIDED HOSE 10IDX 3000,Module-Epoxy,VERTICAL PREBAKE EPOXY OVEN;Heller VCO,,dormant,none,False,0.0,0.0,0.0,,,0.0,,,unknown
500716454,"CARTRIDGE,RT-68",Module-Epoxy,"NordsonAsymtek,Vantage;EXP_Generic",D,dormant,none,False,0.0,0.0,0.0,,,0.0,,,unknown
500716455,"ACTUATOR,.366 BORE,3"" STROKE",Module-Epoxy,"EXP_Generic;NordsonAsymtek,Vantage",M,active,constant,True,0.010958904109589041,0.011111111111111112,0.010958904109589041,1.0138888888888888,0.25,0.8843096399862305,,,unknown
500716456,"STOP,SHIPPING,IJ","Module-DP,Module-Epoxy","EXP_Generic;Generic;NordsonAsymtek,Vantage",,dying,dying,False,0.0,0.0,0.0,,,4.0,,,unknown
500716560,"ELEVATOR COUPLING, 78MM DISK",Module-Epoxy,Heller VCO,,dormant,none,False,0.0,0.0,0.0,,,0.0,,,unknown
500716561,FLOATING SHAFT SEAL ASSY,Module-Epoxy,Heller VCO,,dormant,none,False,0.0,0.0,0.0,,,0.0,,,unknown
500716562,GEAR MOTOR KIT,Module-Epoxy,Heller VCO,,dormant,none,False,0.0,0.0,0.0,,,0.0,,,unknown
500716757,POWERED IDLER ASSY,Module-Epoxy,"Heller, VEFO-10D;EPOXY REFLOW OVEN W/ VACUUM AS",,dormant,none,False,0.0,0.0,0.0,,,0.0,,,unknown
500716783,INDUCTIVE SENSOR,"Module-DP,Module-TCB","Generic;Delta JLP, JTP",H,dying,dying,False,0.0410958904109589,0.0,0.0410958904109589,0.0,0.0,1.0085393794500304,,,unknown
500716890,AUTO CLUTCH GEAR,Module-Epoxy,PCO520L,,dormant,none,False,0.0,0.0,0.0,,,0.0,,,unknown
500716891,AUTO CLUTCH MOTOR ASS'Y,Module-Epoxy,PCO520L,,dormant,none,False,0.0,0.0,0.0,,,0.0,,,unknown
500717051,MOTOR SHAFT,Module-Epoxy,PCO520L,,dormant,none,False,0.0,0.0,0.0,,,0.0,,,unknown
500717052,CART CONNECTOR CABLE ASSY,Module-Epoxy,PCO520L,,dormant,none,False,0.0,0.0,0.0,,,0.0,,,unknown
500717053,ESTOP SAFETY RELAY PHOENIX,Module-Epoxy,PCO520L,D,dormant,none,False,0.0,0.0,0.0,,,0.0,,,unknown
500717054,MAGNETIC CONTACTOR / SC-03C,Module-Epoxy,PCO520L,,dormant,none,False,0.0,0.0,0.0,,,0.0,,,unknown
500717055,NOISE FILTER / RMS-2016,Module-Epoxy,PCO520L,D,dormant,none,False,0.0,0.0,0.0,,,0.0,,,unknown
500717056,POWER SP/ CP E SNT 50W 24V,Module-Epoxy,PCO520L,,dormant,none,False,0.0,0.0,0.0,,,0.0,,,unknown
500717057,POWER SP/ CP E SNT 150W 24V,Module-Epoxy,PCO520L,,dormant,none,False,0.0,0.0,0.0,,,0.0,,,unknown
500717058,BALL BEARING,Module-Epoxy,PCO520L,,dormant,none,False,0.0,0.0,0.0,,,0.0,,,unknown
500717059,PRESSURE SWITCH,Module-Epoxy,PCO520L,D,dormant,none,False,0.0,0.0,0.0,,,0.0,,,unknown
500717060,PRESSURE SWITCH (VACUUM),Module-Epoxy,PCO520L,D,dormant,none,False,0.0,0.0,0.0,,,0.0,,,unknown
500717146,CLAMPING JIG BLOCK - ESD MATERIAL,"Module-Epoxy,Module-TCB",Asymtek S922;Asymtek S932,D,dying,dying,False,0.0,0.0,0.0,,,4.0,,,unknown
500717523,RFID CONTROLLER PKG BLUM OVEN,Module-Epoxy,"BLUEM,BI-32i;GENERIC",D,dormant,none,False,0.0,0.0,0.0,,,0.0,,,unknown
500717700,D GASKET,Module-Epoxy,Heller VCO;VERTICAL PREBAKE EPOXY OVEN,L,dying,dying,False,0.005479452054794521,0.0,0.005479452054794521,0.0,0.0,4.0,,,unknown
500717701,D GASKET FRONT SHED VCO755D (SIDE),Module-Epoxy,VERTICAL PREBAKE EPOXY OVEN;Heller VCO,L,dying,dying,False,0.0,0.0,0.0,,,4.0,,,unknown
500717702,D GASKET FRONT SHED VCO755D (TOP),Module-Epoxy,VERTICAL PREBAKE EPOXY OVEN;Heller VCO,L,dying,dying,False,0.0,0.0,0.0,,,4.0,,,unknown
500717924,"STAINLESS STEEL NEEDLE,30GA,NO FOOT",Module-Epoxy,"NordsonAsymtek,Vantage",,dormant,none,False,0.0,0.0,0.0,,,0.0,,,unknown
500717926,"SEAL,SPRING,WHITE,.250D.187ID",Module-Epoxy,"NordsonAsymtek,Vantage",L,active,constant,True,0.3835616438356164,0.13333333333333333,0.3835616438356164,0.34761904761904766,0.0,2.9191217864514925,,,unknown
500717927,"LOWER BEARING,LOW PRESSURE",Module-Epoxy,"NordsonAsymtek,Vantage",,dormant,none,False,0.0,0.0,0.0,,,0.0,,,unknown
500717928,223 AUGUR FOR DV8000C,Module-Epoxy,"NordsonAsymtek,Vantage",,dormant,none,False,0.0,0.0,0.0,,,0.0,,,unknown
500717929,"ESR,NEEDLE,32GA,.25,NO FOOT",Module-Epoxy,"NordsonAsymtek,Vantage",,dormant,none,False,0.0,0.0,0.0,,,0.0,,,unknown
500718068,SMART QD FITTING LATCH,Module-Epoxy,Asymtek S922,D,dormant,none,False,0.0,0.0,0.0,,,0.0,,,unknown
500718141,KIC PROFILER KIT- PTG-000740-000,Module-Epoxy,Heller VCO,L,dying,dying,False,0.0027397260273972603,0.0,0.0027397260273972603,0.0,0.0,1.50007631024694,,,unknown
500718342,FUSE CLASS J 250SP,"Module-BA,Module-CAM,Module-Epoxy","BTU, Pyramax 98N;Grohmann Vertical oven;Heller 2017 MK III",,dormant,none,False,0.0,0.0,0.0,,,0.0,,,unknown
500718538,"FRU,6138269,SCALE,PRECISION,VTG","Module-DP,Module-Epoxy","NordsonAsymtek,Vantage;Generic;Asymtek S922",M,dying,dying,False,0.0136986301369863,0.0,0.0136986301369863,0.0,0.2,0.5575209673703997,,,unknown
500718554,"LINAK, 450MM STROKE",Module-Epoxy,Heller 1800SS,,dormant,none,False,0.0,0.0,0.0,,,0.0,,,unknown
500718654,DKN 45/41-8H7-14H7 BELLOW COUPLING,Module-TCB,"ASM-Pacific,Phoenix",,dormant,none,False,0.0,0.0,0.0,,,0.0,,,unknown
500718845,FUSE CLASS J 100SP,"Module-BA,Module-CAM,Module-Epoxy","Grohmann Vertical oven;BTU, Pyramax 98N;Heller 2017 MK III",,dormant,none,False,0.0,0.0,0.0,,,0.0,,,unknown
500718846,FUSE CLASS J 175SP,"Module-BA,Module-CAM,Module-Epoxy","BTU, Pyramax 98N;Grohmann Vertical oven;Heller 2017 MK III",,dormant,none,False,0.0,0.0,0.0,,,0.0,,,unknown
500718847,FUSE CLASS J 60SP,"Module-BA,Module-CAM,Module-Epoxy","BTU, Pyramax 98N;Heller 2017 MK III;Grohmann Vertical oven",,dormant,none,False,0.0,0.0,0.0,,,0.0,,,unknown
500719444,"50719,L,1MM,16.051X18.221","Module-DP,Module-TCB","Generic;ASM-Pacific,Phoenix;ASM-Pacific,Firebird",,dormant,none,False,0.0,0.0,0.0,,,0.0,,,unknown
500719445,"50720,S,1MM,U3 8.935X4.805","Module-DP,Module-TCB","Generic;ASM-Pacific,Firebird;ASM-Pacific,Phoenix",,dormant,none,False,0.0,0.0,0.0,,,0.0,,,unknown
500719446,"50721,S,1MM,12.598X13.779","Module-DP,Module-TCB","ASM-Pacific,Firebird;ASM-Pacific,Phoenix;Generic",,dormant,none,False,0.0,0.0,0.0,,,0.0,,,unknown
500719447,"50722,S,1MM,4.765X8.89","Module-DP,Module-TCB","Generic;ASM-Pacific,Firebird;ASM-Pacific,Phoenix",,dormant,none,False,0.0,0.0,0.0,,,0.0,,,unknown
500719780,MOTOR-CABLE M23G15 - 5 MTR.,Module-TCB,"GENERIC;PLASMATREAT, APPJ_PTU1612",,dormant,none,False,0.0,0.0,0.0,,,0.0,,,unknown
500719781,CONNECTING SHAFT 80-630,Module-TCB,"GENERIC;PLASMATREAT, APPJ_PTU1612",,dormant,none,False,0.0,0.0,0.0,,,0.0,,,unknown
500719782,MOTOR-CABLE M23G15 - 10 MTR.,Module-TCB,"GENERIC;PLASMATREAT, APPJ_PTU1612",,dormant,none,False,0.0,0.0,0.0,,,0.0,,,unknown
500719783,MOTOR-CABLE M23G15 - 7.5 MTR.,Module-TCB,"PLASMATREAT, APPJ_PTU1612;GENERIC",,dormant,none,False,0.0,0.0,0.0,,,0.0,,,unknown
500719784,FLOW SENSOR SA5020 UL,Module-TCB,"PLASMATREAT, APPJ_PTU1612;GENERIC",,dormant,none,False,0.0,0.0,0.0,,,0.0,,,unknown
500719870,ETHERNET CABLE M12-ST.,Module-Epoxy,"PVA,SAMTRAY502;PVA FPCSAM;PVA Autowafer Sam 302",D,dormant,none,False,0.0,0.0,0.0,,,0.0,,,unknown
500720039,"ESD STICKY MAT, WHITE, 450*900MM",Module-Epoxy,"PCO520L;BLUEM,BI-32i",D,dormant,none,False,0.0,0.0,0.0,,,0.0,,,unknown
500720040,"ESD STICKY MAT, WHITE, 600*900MM",Module-Epoxy,"PCO520L;BLUEM,BI-32i",M,active,constant,True,0.0027397260273972603,0.011111111111111112,0.0027397260273972603,4.055555555555555,0.0,1.5472249051009634,,,unknown
500720247,ILUMINATED INDICATOR TITANIUM SIGN M22,Module-TCB,"PLASMATREAT, APPJ_PTU1612;GENERIC",,dormant,none,False,0.0,0.0,0.0,,,0.0,,,unknown
500720248,FASTENING ADAPTER RMQ TITANIUM M22-A,Module-TCB,"PLASMATREAT, APPJ_PTU1612;GENERIC",,dormant,none,False,0.0,0.0,0.0,,,0.0,,,unknown
500720249,CONTACT ELEMENT 1 O RMQ TITANIUM M22-K01,Module-TCB,"GENERIC;PLASMATREAT, APPJ_PTU1612",,dormant,none,False,0.0,0.0,0.0,,,0.0,,,unknown
500720250,CONTACT BASE 1 S M22-K10,Module-TCB,"PLASMATREAT, APPJ_PTU1612;GENERIC",,dormant,none,False,0.0,0.0,0.0,,,0.0,,,unknown
500720251,EREPLACENCY OFF BUTTON M22-PV RMQ,Module-TCB,"PLASMATREAT, APPJ_PTU1612;GENERIC",,dormant,none,False,0.0,0.0,0.0,,,0.0,,,unknown
500720252,"LED ELEMENT WHITE, RMQ TITANIUM",Module-TCB,"GENERIC;PLASMATREAT, APPJ_PTU1612",,dormant,none,False,0.0,0.0,0.0,,,0.0,,,unknown
500720253,PRESSURE ILLUMINATION WHEIT M22 DL W,Module-TCB,"PLASMATREAT, APPJ_PTU1612;GENERIC",,dormant,none,False,0.0,0.0,0.0,,,0.0,,,unknown
500720254,02SQ25 INLAYPLATE BLANK-ALU COLOURED,Module-TCB,"PLASMATREAT, APPJ_PTU1612;GENERIC",,dormant,none,False,0.0,0.0,0.0,,,0.0,,,unknown
500720255,FRONT ELEMENT FOR INDICATOR LIGHT 1,Module-TCB,"GENERIC;PLASMATREAT, APPJ_PTU1612",,dormant,none,False,0.0,0.0,0.0,,,0.0,,,unknown
500720256,GUARD-RING (YELLOW) EREPLACENCY SWITCHING,Module-TCB,"GENERIC;PLASMATREAT, APPJ_PTU1612",,dormant,none,False,0.0,0.0,0.0,,,0.0,,,unknown
500720257,"PNOZ S5 24VDC 2 N/02N/OT, SAFETY RELAY",Module-TCB,"PLASMATREAT, APPJ_PTU1612;GENERIC",L,dormant,none,False,0.0,0.0,0.0,,,0.0,,,unknown
500720258,"PNOZ S7 24VDC 4 N/01N/C, SAFETY RELAY",Module-TCB,"GENERIC;PLASMATREAT, APPJ_PTU1612",D,dormant,none,False,0.0,0.0,0.0,,,0.0,,,unknown
500720259,"SAFETY SCREW, ROUND HEAD WITH HEXAL",Module-TCB,"PLASMATREAT, APPJ_PTU1612;GENERIC",,dormant,none,False,0.0,0.0,0.0,,,0.0,,,unknown
500720260,M4 SCROLL NUT,Module-TCB,"GENERIC;PLASMATREAT, APPJ_PTU1612",,dormant,none,False,0.0,0.0,0.0,,,0.0,,,unknown
500720261,"M22-WRS-MS-20, KEY SWITCH SPECIAL",Module-TCB,"GENERIC;PLASMATREAT, APPJ_PTU1612",,dormant,none,False,0.0,0.0,0.0,,,0.0,,,unknown
500720295,SPROCKET 35B32 ALTERED,Module-Epoxy,VERTICAL PREBAKE EPOXY OVEN;Heller VCO,,dormant,none,False,0.0,0.0,0.0,,,0.0,,,unknown
500720296,BUSHING,Module-Epoxy,VERTICAL PREBAKE EPOXY OVEN;Heller VCO,,dormant,none,False,0.0,0.0,0.0,,,0.0,,,unknown
500720297,BEARING IGUS XFM-2023-075,Module-Epoxy,VERTICAL PREBAKE EPOXY OVEN;Heller VCO,L,dying,dying,False,0.005479452054794521,0.0,0.005479452054794521,0.0,0.0,4.0,,,unknown
500720299,TRANSMISSION SHAFT,Module-Epoxy,VERTICAL PREBAKE EPOXY OVEN;Heller VCO,,dormant,none,False,0.0,0.0,0.0,,,0.0,,,unknown
500720300,SHAFT TS CONNECTING,Module-Epoxy,Heller VCO;VERTICAL PREBAKE EPOXY OVEN,,dormant,none,False,0.0,0.0,0.0,,,0.0,,,unknown
500720301,"ASSY. SEALING, SHAFT(WALL BEARING)",Module-Epoxy,Heller VCO;VERTICAL PREBAKE EPOXY OVEN,,dormant,none,False,0.0,0.0,0.0,,,0.0,,,unknown
500720302,"ASSY. SEALING, SHAFT(WALL BEARING)",Module-Epoxy,VERTICAL PREBAKE EPOXY OVEN;Heller VCO,,dormant,none,False,0.0,0.0,0.0,,,0.0,,,unknown
500720303,IGUS XFM 1214-7,Module-Epoxy,Heller VCO;VERTICAL PREBAKE EPOXY OVEN,,dormant,none,False,0.0,0.0,0.0,,,0.0,,,unknown
500720339,"CABLE, DISPLAY PORT M-M, 10FT",Module-Epoxy,"NordsonAsymtek,Vantage",L,active,constant,True,0.01643835616438356,0.044444444444444446,0.01643835616438356,2.703703703703704,0.0,2.3218861186774236,,,unknown
500720348,CAP SENSOR COOLING PRESS SNR,Module-TCB,"ASM-Pacific,Phoenix",D,dormant,none,False,0.0,0.0,0.0,,,0.0,,,unknown
500720349,OT TABLE COOLING PRESS SNR,Module-TCB,"ASM-Pacific,Phoenix",,dormant,none,False,0.0,0.0,0.0,,,0.0,,,unknown
500720350,DOWN LOOK COOLING PRESS SNR,Module-TCB,"ASM-Pacific,Phoenix",,dormant,none,False,0.0,0.0,0.0,,,0.0,,,unknown
500720370,"CYLINDER SWITCH, ELEC",Module-Epoxy,Grohmann MTS-600;GROHMANN MTS-605;Grohamnn MTS-605,,dormant,none,False,0.0,0.0,0.0,,,0.0,,,unknown
500720371,"PUSH-IN FITTING, MECH., SET OF [10]",Module-Epoxy,Grohamnn MTS-605;Grohmann MTS-600;GROHMANN MTS-605,,dormant,none,False,0.0,0.0,0.0,,,0.0,,,unknown
500720372,"CYLINDER, MECH",Module-Epoxy,Grohmann MTS-600;Grohamnn MTS-605;GROHMANN MTS-605,,dormant,none,False,0.0,0.0,0.0,,,0.0,,,unknown
500720379,"SERVOMOTOR ON PUSHER AXIS, ELEC.",Module-Epoxy,Grohmann MTS-605;Grohmann MTS-600,L,dying,dying,False,0.0,0.0,0.0,,,4.0,,,unknown
500720380,"PULLEY ON PUSHER AXIS, MECH.AT3,Z=48",Module-Epoxy,Grohmann MTS-600;Grohmann MTS-605,,dormant,none,False,0.0,0.0,0.0,,,0.0,,,unknown
500720381,"PULLEY ON PUSHER AXIS, MECH.AT3,Z=48",Module-Epoxy,Grohmann MTS-600;Grohmann MTS-605,,dormant,none,False,0.0,0.0,0.0,,,0.0,,,unknown
500720382,"CLAMPING ON PUSHER AXIS, MECH.11-22",Module-Epoxy,Grohmann MTS-605;Grohmann MTS-600,,dormant,none,False,0.0,0.0,0.0,,,0.0,,,unknown
500720383,"CLAMPING ON PUSHER AXIS, MECH.9-20",Module-Epoxy,Grohmann MTS-605;Grohmann MTS-600,,dormant,none,False,0.0,0.0,0.0,,,0.0,,,unknown
500720384,"DRIVE BELT ON PUSHER AXIS, MECH.",Module-Epoxy,Grohmann MTS-600;GROHMANN MTS-605;Grohamnn MTS-605,,dormant,none,False,0.0,0.0,0.0,,,0.0,,,unknown
500721166,"CABLE ASSY,48VDC DIST,JLP",Module-TCB,"Delta JLP, JTP",D,dormant,none,False,0.0,0.0,0.0,,,0.0,,,unknown
500721403,"BREAKER,CIRCUIT,3P,50A,480V",Module-Epoxy,"BLUEM,BI-32i",,dormant,none,False,0.0,0.0,0.0,,,0.0,,,unknown
500721620,"COMPUTER ASSY, AIO, JLP2",Module-TCB,"Delta JLP, JTP",L,dying,dying,False,0.0027397260273972603,0.0,0.0027397260273972603,0.0,0.0,4.000000000000001,,,unknown
500721756,HPO CLUTCH GEAR BOX SET,Module-Epoxy,PCO520L,D,dormant,none,False,0.0,0.0,0.0,,,0.0,,,unknown
500722045,"SUB-CARRIAGE,X TWO RAIL X BEAM",Module-Epoxy,Asymtek S922,,dormant,none,False,0.0,0.0,0.0,,,0.0,,,unknown
500722105,"BULB, LIGHT TOWER",Module-Epoxy,"BLUEM,BI-32i",D,dormant,none,False,0.0,0.0,0.0,,,0.0,,,unknown
500722373,FLANGED METAL SHIELD BALL BEARING,"Module-MHS,Module-TCB","Grohmann,MFM-220;Delta JLP, JTP",M,active,constant,True,0.06027397260273973,0.022222222222222223,0.06027397260273973,0.3686868686868687,0.0,1.7752534503279722,,,unknown
500722847,"BROACH,NOZZLE,.003,VIAL OF 10",Module-Epoxy,"NordsonAsymtek,Vantage",L,dying,dying,False,0.0,0.0,0.0,,,4.0,,,unknown
500722963,FLOATING SHAFT SEAL ASSY,Module-Epoxy,VERTICAL PREBAKE EPOXY OVEN;Heller VCO,,dormant,none,False,0.0,0.0,0.0,,,0.0,,,unknown
500722964,"MOTOR SHAFT, 20MM",Module-Epoxy,VERTICAL PREBAKE EPOXY OVEN;Heller VCO,L,dormant,none,False,0.0,0.0,-0.0027397260273972603,,,4.0,,,unknown
500723611,CABLE CONNECTION LINE FOR ROBOT GRIPPER,Module-Epoxy,PVA FPCSAM,L,dying,dying,False,0.0027397260273972603,0.0,0.0027397260273972603,0.0,0.0,1.5001670515038346,,,unknown
500723796,"CLAMPING, MECH",Module-Epoxy,Grohamnn MTS-605;Grohmann MTS-600;GROHMANN MTS-605,,dormant,none,False,0.0,0.0,0.0,,,0.0,,,unknown
500723797,DC MOTOR CONNECTION CABLE,Module-Epoxy,GROHMANN MTS-605;Grohamnn MTS-605,,dormant,none,False,0.0,0.0,0.0,,,0.0,,,unknown
500723924,"ASSY,TACTILE SENSOR,DUAL SVC STN","Module-DP,Module-Epoxy","NordsonAsymtek,Vantage;Generic",L,dying,dying,False,0.00821917808219178,0.0,0.00821917808219178,0.0,0.0,4.0,,,unknown
500724434,FCU CAN BUS TO PC CABLE,Module-TCB,"ASM-Pacific,Firebird;ASM-Pacific,Phoenix",,active,constant,True,0.0027397260273972603,0.011111111111111112,0.0027397260273972603,4.055555555555555,0.0,3.9999999999999996,,,unknown
500725805,"CUP,SUCTION,BLUE,2MM,SUF2,STA",Module-TCB,"ASM-Pacific,Firebird;ASM-Pacific,Phoenix",D,dormant,none,False,0.0,0.0,0.0,,,0.0,,,unknown
500726315,"SCANNER, RFID, USB, VANTAGE","Module-DP,Module-Epoxy","NordsonAsymtek,Vantage;Generic",L,dying,dying,False,0.0027397260273972603,-0.011111111111111112,0.0027397260273972603,-4.055555555555555,0.0,4.0,,,unknown
500726375,"COMPUTER ASSY, JLPG1 & JTP",Module-TCB,"Delta JLP, JTP",L,dying,dying,False,0.0,0.0,0.0,,,4.0,,,unknown
500726576,"24"" PC MONITOR",Module-TCB,"OMRON,3DXRAY,VT-X900",D,dormant,none,False,0.0,0.0,0.0,,,0.0,,,unknown
500727477,HIGH TEMP GLOVE 390MM,"Module-DP,Module-TCB",Generic;KnS TCX3;TCB_Generic,L,dying,dying,False,0.0027397260273972603,0.0,0.0027397260273972603,0.0,0.0,2.415685979267931,,,unknown
500727549,3MM METRIC HEX BLADES,Module-Epoxy,"NordsonAsymtek,Vantage",D,dormant,none,False,0.0,0.0,0.0,,,0.0,,,unknown
500727930,"FRU,HATCH,S1/SS-920 ESD POLY","Module-DxA,Module-TCB,Module-CAM",Asymtek S2-912;Asymtek S2-932,,dormant,none,False,0.0,0.0,0.0,,,0.0,,,unknown
500728040,"ASSY, MOTOR, LINER, X",Module-Epoxy,"NordsonAsymtek,Vantage",D,dormant,none,False,0.0,0.0,0.0,,,0.0,,,unknown
500728381,"ESR,FRU,ASSY,EDDY CRNT SNSR",Module-Epoxy,Asymtek S922,L,dying,dying,False,0.0,0.0,0.0,,,4.0,,,unknown
500728528,"SMP,BLEND,Loctite LB 8150 SV AS known as",Module-TCB,"PLASMATREAT, APPJ_PTU1612",D,dormant,none,False,0.0,0.0,0.0,,,0.0,,,unknown
500728541,POWER SUPPLY ARPS 3 CS8C FOR ROBOT,Module-Epoxy,PVA FPCSAM,,dormant,none,False,0.0,0.0,0.0,,,0.0,,,unknown
500728563,LINEAR BUSHING DIA 25,Module-Epoxy,VERTICAL PREBAKE EPOXY OVEN;Heller VCO,,dormant,none,False,0.0,0.0,0.0,,,0.0,,,unknown
500729636,"ASSY,KEYBOARD & TRKBALL",Module-Epoxy,"NordsonAsymtek,Vantage",,dormant,none,False,0.0,0.0,0.0,,,0.0,,,unknown
500730839,"POPPET,RT3,8C",Module-Epoxy,"NordsonAsymtek,Vantage",L,dying,dying,False,0.0027397260273972603,0.0,0.0027397260273972603,0.0,0.0,4.0,,,unknown
500731564,SSR / SOM04060(DC),Module-Epoxy,PCO520L,D,dormant,none,False,0.0,0.0,0.0,,,0.0,,,unknown
500731961,"30PIN FEMALE RECEPTACLE, MALE PINS",Module-Epoxy,PCO520L,D,dormant,none,False,0.0,0.0,0.0,,,0.0,,,unknown
500731962,"25C, 18AWG SHIELDED CABLE",Module-Epoxy,PCO520L,D,dormant,none,False,0.0,0.0,0.0,,,0.0,,,unknown
500732027,SCHMALZCONNECTOR_ELEMENT_FOR_SUCTION_CUP,"Module-MHS,Module-TCB","ASM-Pacific,Firebird;Hirata,Fast2020;Grohmann,MFM-220;ASM-Pacific,Phoenix",L,dying,dying,False,0.0,0.0,0.0,,,4.0,,,unknown
500733058,HPO CART CHAIN DRIVE GUIDE,Module-Epoxy,PCO520L,L,dying,dying,False,0.0027397260273972603,0.0,0.0027397260273972603,0.0,0.0,4.000000000000001,,,unknown
500733059,HPO CLUTCH GEAR BOX SET-SMALL,Module-Epoxy,PCO520L,L,dying,dying,False,0.005479452054794521,0.0,0.005479452054794521,0.0,0.0,1.798347107438016,,,unknown
500734992,"ADAPTER FOR GEARBOX, MECH","Module-DP,Module-Epoxy",GROHMANN MTS-605;Generic;Grohmann Vertical oven;Grohmann MTS-600;Grohamnn MTS-605,L,active,constant,True,0.0027397260273972603,0.011111111111111112,0.0027397260273972603,4.055555555555555,1.0,3.9999999999999996,,,unknown
500734993,"ETHERCAT CABLE, 5 M, ELEC.",Module-Epoxy,Grohmann Vertical oven;Grohmann MTS-600;GROHMANN MTS-605,D,dormant,none,False,0.0,0.0,0.0,,,0.0,,,unknown
500734994,"ETHERCAT CABLE, 0,5 M, ELEC",Module-Epoxy,GROHMANN MTS-605;Grohmann MTS-600;Grohmann Vertical oven,D,dormant,none,False,0.0,0.0,0.0,,,0.0,,,unknown
500735411,OIL FREE BUSHING -FLANGED,Module-Epoxy,PCO520L,D,dormant,none,False,0.0,0.0,0.0,,,0.0,,,unknown
500735412,SPROCKET WITH BUSHING,Module-Epoxy,PCO520L,L,dying,dying,False,0.0027397260273972603,0.0,0.0027397260273972603,0.0,0.0,4.0,,,unknown
500735545,"COVER,VAC GAUGES,VTG",Module-Epoxy,"NordsonAsymtek,Vantage",D,dormant,none,False,0.0,0.0,0.0,,,0.0,,,unknown
500737381,"ASSY,RFID SCANNER,VTG DH,LEFT",Module-Epoxy,"NordsonAsymtek,Vantage",L,active,constant,True,0.005479452054794521,0.011111111111111112,0.005479452054794521,2.0277777777777777,0.0,1.6000000000000005,,,unknown
500737382,"ASSY,RFID SCANNER,VTG DH,RIGHT",Module-Epoxy,"NordsonAsymtek,Vantage",L,active,constant,True,0.0027397260273972603,0.011111111111111112,0.0027397260273972603,4.055555555555555,0.0,3.9999999999999996,,,unknown
500737833,CLEAR TUBING 20METER PER ROLL,Module-TCB,"ASM-Pacific,Phoenix;ASM-Pacific,Firebird",,dormant,none,False,0.0,0.0,0.0,,,0.0,,,unknown
500738800,"ESR,UK,ASSY,6 OZ EFD RETAINER W/LL",Module-TCB,Asymtek S932,D,dormant,none,False,0.0,0.0,0.0,,,0.0,,,unknown
500741182,BEARING ASSEMBLY,Module-Epoxy,Heller VCO;VERTICAL PREBAKE EPOXY OVEN,,dormant,none,False,0.0,0.0,0.0,,,0.0,,,unknown
500744080,PLATEN CYLINDER HOLDER ALUMINIUM BRACKET,Module-TCB,"Delta JLP, JTP",L,dying,dying,False,0.00821917808219178,0.0,0.00821917808219178,0.0,0.0,2.240494034297563,,,unknown
500744932,"CABLE,SAMTEC 30P TO CPC","Module-DP,Module-Epoxy","Generic;NordsonAsymtek,Vantage",L,dying,dying,False,0.0,0.0,0.0,,,4.0,,,unknown
500746531,2 PORTS SOLENOID VALVE,Module-Epoxy,PCO520L,L,dying,dying,False,0.0027397260273972603,0.0,0.0027397260273972603,0.0,0.0,4.0,,,unknown
500746537,"50766,L,1MM,8.931X4.805",Module-TCB,"GENERIC;ASM-Pacific,Phoenix",,dormant,none,False,0.0,0.0,0.0,,,0.0,,,unknown
500747395,CART CONV. MOT.PIN,Module-Epoxy,PCO520L,D,dormant,none,False,0.0,0.0,0.0,,,0.0,,,unknown
500750200,CYLINDER COMPACT DIA.20,Module-Epoxy,VERTICAL PREBAKE EPOXY OVEN;Heller VCO,L,active,constant,True,0.005479452054794521,0.022222222222222223,0.005479452054794521,4.055555555555555,0.0,3.9999999999999996,,,unknown
500750202,GASKET FOR D00041NL-R,"Module-DxA,Module-Epoxy","Asymtek S2-912;DLA_Generic;NordsonAsymtek,Vantage",L,dying,dying,False,0.0136986301369863,0.0,0.0136986301369863,0.0,0.0,1.9449462890625002,,,unknown
500750225,NI USB 6525 DAQ DEVICE,Module-TCB,"ASM,TCB,Y-SHUTTLE;ASM-Pacific,Firebird;ASM-Pacific,Phoenix",,dormant,none,False,0.0,0.0,0.0,,,0.0,,,unknown
500750226,APPJ SEPARATING STRIP CABLE CHAIN,Module-TCB,APPJ MFM-220,D,dormant,none,False,0.0,0.0,0.0,,,0.0,,,unknown
500750227,APPJ OPENING BAR CABLE CHAIN,Module-TCB,APPJ MFM-220,D,dormant,none,False,0.0,0.0,0.0,,,0.0,,,unknown
500750265,ADJUSTABLE TAPE COVER V2 FIREBIRD-UGK,Module-TCB,"ASM-Pacific,Phoenix;ASM-Pacific,Firebird",,dormant,none,False,0.0,0.0,0.0,,,0.0,,,unknown
500751478,"TRACE,LEVEL,O2,SENSOR,FOR,EC911,EC913",Module-TCB,"ASM-Pacific,Firebird;ASM-Pacific,Phoenix;TCB_Generic;KnS TCX3",,dormant,none,False,0.0,0.0,0.0,,,0.0,,,unknown
500752463,I/P SHUTTLER LT FLEX CABLE,Module-TCB,"ASM-Pacific,Phoenix",,dormant,none,False,0.0,0.0,0.0,,,0.0,,,unknown
500752477,19.5 WIDESCREEN LCD MONITOR,Module-TCB,"ASM-Pacific,Phoenix",L,dying,dying,False,0.0,0.0,0.0,,,4.0,,,unknown
500752478,PLASTIC FITTING - 00A (SIZE 6MM),Module-Epoxy,Grohmann MTS-605;Grohmann MTS-600,,dormant,none,False,0.0,0.0,0.0,,,0.0,,,unknown
500752585,EIS DAQ ASSY,Module-TCB,"ASM-Pacific,Firebird;ASM,TCB,Y-SHUTTLE;ASM-Pacific,Phoenix",,dormant,none,False,0.0,0.0,0.0,,,0.0,,,unknown
500752802,SOCKET-TORQUE-WRENCH,Module-Epoxy,Asymtek S922,M,active,constant,True,0.010958904109589041,0.022222222222222223,0.010958904109589041,2.0277777777777777,0.0,0.7114835640138408,,,unknown
500754375,BS PEDESTAL CLEANING,Module-TCB,"TCB_Generic;ASM-Pacific,Firebird;ASM-Pacific,Phoenix",D,dormant,none,False,0.0,0.0,0.0,,,0.0,,,unknown
500754383,AKBEW FLOW METER UGK,Module-TCB,"ASM-Pacific,Phoenix;ASM-Pacific,Firebird",,dormant,none,False,0.0,0.0,0.0,,,0.0,,,unknown
500754388,ALUMINIUM BRACKET,"Module-BA,Module-TCB","JTP;Delta JLP, JTP",L,dying,dying,False,0.0,0.0,0.0,,,4.0,,,unknown
500754389,TAPERED SHAPE PIN_PLATEN,"Module-BA,Module-TCB","JTP;Delta JLP, JTP",L,dying,dying,False,0.03561643835616438,0.0,0.03561643835616438,0.0,0.0,1.6209057222948924,,,unknown
500754390,THREAD PIN_PLATEN,"Module-BA,Module-TCB","JTP;Delta JLP, JTP",M,active,constant,True,0.0273972602739726,0.044444444444444446,0.0273972602739726,1.6222222222222225,0.4,0.8965486822705494,,,unknown
500756577,TORQUE WRENCH 10-50NM FOR NOZZLE HEAD,Module-TCB,"PLASMATREAT, APPJ_PTU1612",,active,constant,True,0.0027397260273972603,0.011111111111111112,0.0027397260273972603,4.055555555555555,0.0,3.9999999999999996,,,unknown
500756849,SHAFT ASSEMBLY,Module-Epoxy,VERTICAL PREBAKE EPOXY OVEN;Heller VCO,,dormant,none,False,0.0,0.0,0.0,,,0.0,,,unknown
500757459,"ASSY,AIR CAP,TAN 22.5DEG BARB",Module-TCB,Asymtek S932,,dormant,none,False,0.0,0.0,0.0,,,0.0,,,unknown
500758534,"CONTACTOR,24VDC,10A,3NO+2NC",Module-Epoxy,"Heller VCO;Heller, VEFO-10D",,dormant,none,False,0.0,0.0,0.0,,,0.0,,,unknown
500758585,AIR FILTER ELEMENT,Module-Epoxy,"Heller VCO;Heller, VEFO-10D",D,dormant,none,False,0.0,0.0,0.0,,,0.0,,,unknown
500758586,MIST SEPARATOR ELEMENT,Module-Epoxy,"Heller, VEFO-10D;Heller VCO",D,dormant,none,False,0.0,0.0,0.0,,,0.0,,,unknown
500758665,PROTECTIVE EARTH GROUND LABEL,Module-Epoxy,Heller HRF;VERTICAL PREBAKE EPOXY OVEN;Heller FAR,,dormant,none,False,0.0,0.0,0.0,,,0.0,,,unknown
500758713,"1"" BSPT REGULATOR W/ EXT. PRESSURE GAUGE",Module-Epoxy,Heller HRF;Heller VCO;Heller 2017 Formic Acid,L,dormant,none,False,0.0,0.0,0.0,,,0.0,,,unknown
500758736,LABEL- FAN SEAL,Module-Epoxy,Heller HRF;VERTICAL PREBAKE EPOXY OVEN;Heller FAR,,dormant,none,False,0.0,0.0,0.0,,,0.0,,,unknown
500758768,PINCH POINT HAZARD WARNING LABEL,Module-Epoxy,Heller HRF;Heller FAR;VERTICAL PREBAKE EPOXY OVEN,,dormant,none,False,0.0,0.0,0.0,,,0.0,,,unknown
500758770,HAZARDOUS VOLTAGE DANGER LABEL,Module-Epoxy,Heller FAR;Heller HRF;VERTICAL PREBAKE EPOXY OVEN,,dormant,none,False,0.0,0.0,0.0,,,0.0,,,unknown
500758773,ELECTRICAL & MECHANICAL WARNING LABEL,Module-Epoxy,Heller FAR;VERTICAL PREBAKE EPOXY OVEN;Heller HRF,,dormant,none,False,0.0,0.0,0.0,,,0.0,,,unknown
500758808,ELECTRIC ARC FLASH HAZARD LABEL,Module-Epoxy,Heller FAR;Heller HRF;VERTICAL PREBAKE EPOXY OVEN,,dormant,none,False,0.0,0.0,0.0,,,0.0,,,unknown
500758835,CABLE TIES,Module-Epoxy,Heller FAR;VERTICAL PREBAKE EPOXY OVEN;Heller HRF,,dormant,none,False,0.0,0.0,0.0,,,0.0,,,unknown
500759761,"6MM OD HIGH TEMP PFA TUBING, CLEAR","Module-BA,Module-Epoxy","Heller, MK7;Heller 1800SS",L,dying,dying,False,0.0,0.0,0.0,,,4.0,0.0,-10.0,decreasing
500760331,CB UPGRADE ASSEMBLY FOR EATON,Module-Epoxy,"BLUEM,BI-32i",,dormant,none,False,0.0,0.0,0.0,,,0.0,,,unknown
500761657,EBO DOOR HOLDER,Module-Epoxy,"BLUEM,BI-32i",,dormant,none,False,0.0,0.0,0.0,,,0.0,,,unknown
500762299,"STOP, HIGH TEMP CHART",Module-Epoxy,"BLUEM,BI-32i",D,dormant,none,False,0.0,0.0,0.0,,,0.0,,,unknown
500766994,"TEST_TUBING,PU,BLU 1/8""OD 1/16""ID",Module-TCB,Asymtek S932,,dormant,none,False,0.0,0.0,0.0,,,0.0,,,unknown
500766995,"TEST_SCREW, M3 X .05 PH. FLAT X 8",Module-TCB,Asymtek S932,,dormant,none,False,0.0,0.0,0.0,,,0.0,,,unknown
500768613,"LID,PURGE,ANTI-SPATTER",Module-Epoxy,"Asymtek S922;GENERIC;NordsonAsymtek,Vantage",M,dying,dying,False,0.010958904109589041,0.0,0.010958904109589041,0.0,0.0,3.274052818256211,0.03669724770642202,-105.0,decreasing
500772974,AUXILIARY CONTACTOR DC DILER,Module-TCB,"PLASMATREAT, APPJ_PTU1612;GENERIC",D,dormant,none,False,0.0,0.0,0.0,,,0.0,,,unknown
500772975,RELAIS 24 V DV 1W,Module-TCB,"GENERIC;PLASMATREAT, APPJ_PTU1612",,dormant,none,False,0.0,0.0,0.0,,,0.0,,,unknown
500772976,MAIN CONTACTOR 3H + 1S,Module-TCB,"PLASMATREAT, APPJ_PTU1612;GENERIC",D,dormant,none,False,0.0,0.0,0.0,,,0.0,,,unknown
500772977,AUXILIARY BLOCK 2C+2O,Module-TCB,"GENERIC;PLASMATREAT, APPJ_PTU1612",D,dormant,none,False,0.0,0.0,0.0,,,0.0,,,unknown
500772978,OPTOCOUPLER 6MM 24 / 3-30VDC 3A 2L,Module-TCB,"GENERIC;PLASMATREAT, APPJ_PTU1612",,dormant,none,False,0.0,0.0,0.0,,,0.0,,,unknown
500772979,SOCKET WITH RELAY 2XCHANGE OVER RT24VDC,Module-TCB,"GENERIC;PLASMATREAT, APPJ_PTU1612",D,dormant,none,False,0.0,0.0,0.0,,,0.0,,,unknown
500772980,RELAY MODULE 2XUM RT 24VDC SAFETY,Module-TCB,"PLASMATREAT, APPJ_PTU1612;GENERIC",D,dormant,none,False,0.0,0.0,0.0,,,0.0,,,unknown
500772981,SWITCHING POWER SUP.AC 3X380 (24V/40A),Module-TCB,"GENERIC;PLASMATREAT, APPJ_PTU1612",,dormant,none,False,0.0,0.0,0.0,,,0.0,,,unknown
500772982,SWITCHING POWER SUPPLY 400V (24V/20A),Module-TCB,"PLASMATREAT, APPJ_PTU1612;GENERIC",,dormant,none,False,0.0,0.0,0.0,,,0.0,,,unknown
500772983,"USV POWER SUPPLY DC-UPS 24V DC, 24V/10A",Module-TCB,"GENERIC;PLASMATREAT, APPJ_PTU1612",D,dormant,none,False,0.0,0.0,0.0,,,0.0,,,unknown
500772984,"LIGHTING CABLE 5M, CA-D5",Module-TCB,"GENERIC;PLASMATREAT, APPJ_PTU1612",D,dormant,none,False,0.0,0.0,0.0,,,0.0,,,unknown
500772985,Top-hat rail switching PS 24V/5A,Module-TCB,"PLASMATREAT, APPJ_PTU1612;GENERIC",D,dormant,none,False,0.0,0.0,0.0,,,0.0,,,unknown
500772986,"SWITCHING POWER SUPPLY 3- AC, 48V/40A",Module-TCB,"PLASMATREAT, APPJ_PTU1612;GENERIC",,dormant,none,False,0.0,0.0,0.0,,,0.0,,,unknown
500772987,ELECTRONIC CIRCUIT BREAKER DC48V,Module-TCB,"PLASMATREAT, APPJ_PTU1612;GENERIC",,dormant,none,False,0.0,0.0,0.0,,,0.0,,,unknown
500772988,CIRCUIT BREAKER 1-PIN B-CHAR FAZ-B4 / 1,Module-TCB,"GENERIC;PLASMATREAT, APPJ_PTU1612",,dormant,none,False,0.0,0.0,0.0,,,0.0,,,unknown
500772989,FRONTDOOR -SINGLE LEFT- (ESD),Module-TCB,"PLASMATREAT, APPJ_PTU1612;GENERIC",,dormant,none,False,0.0,0.0,0.0,,,0.0,,,unknown
500772990,MARKING CALIPER 300MM,Module-TCB,"PLASMATREAT, APPJ_PTU1612;GENERIC",,dormant,none,False,0.0,0.0,0.0,,,0.0,,,unknown
500772991,CAMERA SYSTEM CONTROLLER 21 MP,Module-TCB,"GENERIC;PLASMATREAT, APPJ_PTU1612",,dormant,none,False,0.0,0.0,0.0,,,0.0,,,unknown
500772992,"CAMERA 21 MP MONOCHROME, 85X HIGH SPPED",Module-TCB,"PLASMATREAT, APPJ_PTU1612;GENERIC",,dormant,none,False,0.0,0.0,0.0,,,0.0,,,unknown
500772993,HIGH RESOLUTION LENS CAMERA 21 MP,Module-TCB,"GENERIC;PLASMATREAT, APPJ_PTU1612",,dormant,none,False,0.0,0.0,0.0,,,0.0,,,unknown
500772994,HIGH-SPEED CAMERA CABLE (5M),Module-TCB,"PLASMATREAT, APPJ_PTU1612;GENERIC",L,dormant,none,False,0.0,0.0,0.0,,,0.0,,,unknown
500772995,1.2M EXHAUST HOSE PLASMAJET 1 - RD1004,Module-TCB,"PLASMATREAT, APPJ_PTU1612;GENERIC",L,dying,dying,False,0.005479452054794521,0.0,0.005479452054794521,0.0,0.0,4.0,,,unknown
500772996,0.88M EXHAUST HOSE PLASMAJET 2 - RD1004,Module-TCB,"GENERIC;PLASMATREAT, APPJ_PTU1612",L,dying,dying,False,0.0027397260273972603,0.0,0.0027397260273972603,0.0,0.0,4.000000000000001,,,unknown
500772997,RD1004 BACK PRESSURE TEST KIT,Module-TCB,"PLASMATREAT, APPJ_PTU1612;GENERIC",,dormant,none,False,0.0,0.0,0.0,,,0.0,,,unknown
500773310,"PULLEY, TIMING 3MM GT2 24MM",Module-TCB,"Delta JLP, JTP",D,dormant,none,False,0.0,0.0,0.0,,,0.0,,,unknown
500774128,"EPOXYWONDERWAREPC,WIN10",Module-Epoxy,"BLUEM,BI-32i",,dormant,none,False,0.0,0.0,0.0,,,0.0,,,unknown
500774647,DRIVE CHAIN #1,Module-Epoxy,PCO520L,D,dormant,none,False,0.0,0.0,0.0,,,0.0,,,unknown
500774648,DRIVE CHAIN #2,Module-Epoxy,PCO520L,D,dormant,none,False,0.0,0.0,0.0,,,0.0,,,unknown
500774649,IDEL ROLLER ASSY,Module-Epoxy,PCO520L,,dormant,none,False,0.0,0.0,0.0,,,0.0,,,unknown
500774650,PALLET GUIDE BAR A,Module-Epoxy,PCO520L;Epoxy_Generic,L,dying,dying,False,0.0,0.0,0.0,,,4.0,,,unknown
500774651,PALLET GUIDE BAR B,Module-Epoxy,Epoxy_Generic;PCO520L,L,dying,dying,False,0.0,0.0,0.0,,,4.0,,,unknown
500774652,PROXIMITY SENSOR BRK.,Module-Epoxy,PCO520L,,dormant,none,False,0.0,0.0,0.0,,,0.0,,,unknown
500774653,PROXIMITY SENSOR CABLE,Module-Epoxy,PCO520L,,dormant,none,False,0.0,0.0,0.0,,,0.0,,,unknown
500774654,MIDDLE CHAIN/ 232LINK (OVEN CHAIN),Module-Epoxy,PCO520L,D,dormant,none,False,0.0,0.0,0.0,,,0.0,,,unknown
500774888,CART CENTERING ALIGNMENT BEARING (REV01),Module-Epoxy,PCO520L,,dormant,none,False,0.0,0.0,0.0,,,0.0,,,unknown
500776125,PACKING OFF SOLENOID VALVE,Module-Epoxy,PCO520L,,dormant,none,False,0.0,0.0,0.0,,,0.0,,,unknown
500776686,PORT SOLENOID VALVE,"Module-OLx,Module-TCB","Delta JLP, JTP;Delta,OLB",M,dying,dying,False,0.019178082191780823,0.0,0.019178082191780823,0.0,0.0,0.9134951190903939,,,unknown
500777191,CART TO TOOL ALIGNMENT JIG,Module-Epoxy,PCO520L,,dormant,none,False,0.0,0.0,0.0,,,0.0,,,unknown
500778313,"TRAY PLATEN QD,JTP-302780","Module-DP,Module-TCB","Delta JLP, JTP;Generic",,dormant,none,False,0.0,0.0,0.0,,,0.0,,,unknown
500779667,SILENCER(STOPPER),Module-Epoxy,PCO520L,,dormant,none,False,0.0,0.0,0.0,,,0.0,,,unknown
500779668,FITTING A,Module-Epoxy,PCO520L,,dormant,none,False,0.0,0.0,0.0,,,0.0,,,unknown
500779669,FITTING B,Module-Epoxy,PCO520L,,dormant,none,False,0.0,0.0,0.0,,,0.0,,,unknown
500780429,GREY SLOTTED PVC TRUNKING (SMALL),"Module-Epoxy,Module-MHS",MHS_Generic;EXP_Generic,L,active,constant,True,0.005479452054794521,0.011111111111111112,0.005479452054794521,2.0277777777777777,0.5,1.9912377002602408,,,unknown
500780791,PANDUIT 1.5X3 WIREWAY COV,Module-Epoxy,"BLUEM,BI-32i",D,dormant,none,False,0.0,0.0,0.0,,,0.0,,,unknown
500780792,PANDUIT 1.5X2 WIREWAY,Module-Epoxy,"BLUEM,BI-32i",D,dormant,none,False,0.0,0.0,0.0,,,0.0,,,unknown
500781035,ONE-WAY FLOW CONTROL GR-M5-B,Module-Epoxy,GROHMANN MTS-605;Grohmann Vertical oven;Grohmann MTS-600;Grohamnn MTS-605,,dormant,none,False,0.0,0.0,0.0,,,0.0,,,unknown
500781038,FESTO PUSH-IN FITTING QSM-M5-6,Module-Epoxy,Grohmann MTS-600;GROHMANN MTS-605;Grohamnn MTS-605;Grohmann Vertical oven,,dormant,none,False,0.0,0.0,0.0,,,0.0,,,unknown
500781040,FESTO PUSH-IN L FITTING QSML-M5-6,Module-Epoxy,Grohmann Vertical oven;GROHMANN MTS-605;Grohamnn MTS-605;Grohmann MTS-600,L,dying,dying,False,0.0136986301369863,0.0,0.0136986301369863,0.0,0.0,4.0,,,unknown
500781041,"HIGH TEMP TELFON TUBING 6MM, 50METER",Module-Epoxy,GROHMANN MTS-605;Grohmann Vertical oven;Grohamnn MTS-605;Grohmann MTS-600,,dormant,none,False,0.0,0.0,0.0,,,0.0,,,unknown
500781042,FESTO CYLINDER SWITCH SME-10-KL-LED-24,Module-Epoxy,Grohamnn MTS-605;GROHMANN MTS-605;Grohmann MTS-600;Grohmann Vertical oven,,dormant,none,False,0.0,0.0,0.0,,,0.0,,,unknown
500781043,KEYENCE AMPLIFIER FS-N11P,Module-Epoxy,Grohamnn MTS-605;Grohmann MTS-600;Grohmann Vertical oven;GROHMANN MTS-605,,dormant,none,False,0.0,0.0,0.0,,,0.0,,,unknown
500781044,KEYENCE FIBRE OPTIC SENSOR FU-85H,Module-Epoxy,Grohmann MTS-600;GROHMANN MTS-605;Grohmann Vertical oven;Grohamnn MTS-605,,dormant,none,False,0.0,0.0,0.0,,,0.0,,,unknown
500781045,EATON SP 750 BATTERY REPLACEMENT,Module-Epoxy,Grohmann MTS-600;GROHMANN MTS-605;Grohmann Vertical oven;Grohamnn MTS-605,L,active,constant,True,0.010958904109589041,0.022222222222222223,0.010958904109589041,2.0277777777777777,0.25,0.5775492077343558,,,unknown
500781046,EATON 9PX 3000 BATTERY REPLACEMENT,Module-Epoxy,Grohmann Vertical oven;Grohmann MTS-600;GROHMANN MTS-605,,dormant,none,False,0.0,0.0,0.0,,,0.0,,,unknown
500781162,MTS-600 DISTANCE PART FOR GEARBOX,Module-Epoxy,Grohmann MTS-605;Grohmann MTS-600,,dormant,none,False,0.0,0.0,0.0,,,0.0,,,unknown
500781163,MTS-605 SSC DISTANCE PART FOR GEARBOX,Module-Epoxy,Grohmann MTS-600;Grohmann MTS-605,,dormant,none,False,0.0,0.0,0.0,,,0.0,,,unknown
500781164,MTS-600 REAR SIDE SEALING SHEET,Module-Epoxy,Grohmann MTS-600;Grohmann MTS-605,,dormant,none,False,0.0,0.0,0.0,,,0.0,,,unknown
500781165,MTS-605 SSC REAR SIDE SEALING SHEET,Module-Epoxy,Grohmann MTS-605;Grohmann MTS-600,,dormant,none,False,0.0,0.0,0.0,,,0.0,,,unknown
500781178,"ESR,FEED TB,UNI,3/16-5/16 ELBW PAC50",Module-Epoxy,"NordsonAsymtek,Vantage",D,dormant,none,False,0.0,0.0,-0.019178082191780823,,,0.0,,,unknown
500781252,RAPIDOX CL 3 CHANNEL 24VDC,"Module-BA,Module-Epoxy",Heller 1800SS;Heller 2017 MK III,,dormant,none,False,0.0,0.0,0.0,,,0.0,,,unknown
500782144,"ASSY, QD PLATERN","Module-BA,Module-TCB","JTP;Delta JLP, JTP",,dormant,none,False,0.0,0.0,0.0,,,0.0,,,unknown
500784933,SWIVEL/BRAKE WHEEL WITH BRACKET,Module-Epoxy,"BLUEM,BI-32i",L,dying,dying,False,0.0027397260273972603,0.0,0.0027397260273972603,0.0,0.0,4.000000000000001,,,unknown
500784935,RIGID WHEEL WITH BRACKET,Module-Epoxy,"BLUEM,BI-32i",D,dormant,none,False,0.0,0.0,0.0,,,0.0,,,unknown
500785170,"3 PORT SOL VALVE, 1/2""PT, NC",Module-Epoxy,"Heller, VEFO-10D;Heller VCO",L,dying,dying,False,0.0,0.0,0.0,,,4.0,,,unknown
500788235,"PCO520L PCW LINE,3/8""TUBE",Module-Epoxy,PCO520L,,dormant,none,False,0.0,0.0,0.0,,,0.0,,,unknown
500788236,"MALE CONNECTOR(10A,TUBE-PT)",Module-Epoxy,PCO520L,L,dying,dying,False,0.0,0.0,0.0,,,4.0,,,unknown
500788237,BALL VALVE(10A/PT),Module-Epoxy,PCO520L,,dormant,none,False,0.0,0.0,0.0,,,0.0,,,unknown
500788241,EBO DOOR INTERLOCK COVER,Module-Epoxy,"BLUEM,BI-32i",,dormant,none,False,0.0,0.0,0.0,,,0.0,,,unknown
500788777,"TRAY PLATEN QD 6,JTP-407522,","Module-BA,Module-TCB","Delta JLP, JTP;JTP",D,dormant,none,False,0.0,0.0,0.0,,,0.0,,,unknown
500790606,"BACAVI,TV,700GR",Module-TCB,"PLASMATREAT, APPJ_PTU1612;GENERIC",L,active,constant,True,2.191780821917808,1.1111111111111112,2.191780821917808,0.5069444444444445,0.0,2.5467128027681665,,,unknown
500792083,RFID SENS PKG BLUM OVEN (PG/KM),"Module-DP,Module-Epoxy","Generic;BLUEM,BI-32i",D,dormant,none,False,0.0,0.0,0.0,,,0.0,,,unknown
500792333,FRU BOTTLE 2L W/FULL SENS & VAC,Module-TCB,Asymtek S932,,dormant,none,False,0.0,0.0,0.0,,,0.0,,,unknown
500792336,"ESR,UK,PWR CABLES,CNVYR CNTRLS & TR",Module-Epoxy,"EPX FORTE HEATER MODULE;NordsonAsymtek,Vantage",,dormant,none,False,0.0,0.0,0.0,,,0.0,,,unknown
500793159,"RETAINER,BELT,BA END",Module-TCB,Asymtek S932,,dormant,none,False,0.0,0.0,0.0,,,0.0,,,unknown
500794463,PANEL MOUNT HOSE BARD (CPC PMCD16-02),"Module-Epoxy,Module-TCB,Module-xPV","AEM, SPPV;Asymtek S922;Asymtek S932;Evertech,PPV;Asymtek S902;PPV,TESTER",,dormant,none,False,0.0,0.0,0.0,,,0.0,,,unknown
500795539,CART GATE GUIDE,Module-Epoxy,PCO520L,,dormant,none,False,0.0,0.0,0.0,,,0.0,,,unknown
500795540,HPO CART GATE OLD VERSION,Module-Epoxy,PCO520L,,dormant,none,False,0.0,0.0,0.0,,,0.0,,,unknown
500795541,HPO CART GATE NEW VERSION,Module-Epoxy,PCO520L,,dormant,none,False,0.0,0.0,0.0,,,0.0,,,unknown
500797070,FIXING ROD,Module-TCB,"Delta JLP, JTP",D,dormant,none,False,0.0,0.0,0.0,,,0.0,,,unknown
500797637,WD 1TB NOTEBOOK HARD 7200 RPM,Module-TCB,"OMRON,3DXRAY,VT-X900",D,dormant,none,False,0.0,0.0,0.0,,,0.0,,,unknown
500798937,KEY 6X6X25,Module-Epoxy,Heller VCO;VERTICAL PREBAKE EPOXY OVEN,,dormant,none,False,0.0,0.0,0.0,,,0.0,,,unknown
500798939,CONNECTING CHAIN,Module-Epoxy,Heller VCO;VERTICAL PREBAKE EPOXY OVEN,L,dying,dying,False,0.0027397260273972603,0.0,0.0027397260273972603,0.0,0.0,4.000000000000001,,,unknown
500798940,"SPROCKET W/KEY & SSS, 35B12T, 18MM BORE",Module-Epoxy,Heller VCO;VERTICAL PREBAKE EPOXY OVEN,,dormant,none,False,0.0,0.0,0.0,,,0.0,,,unknown
500798941,BOTTOM SHUTTLE INDEXING DRIVES,Module-Epoxy,Heller VCO;VERTICAL PREBAKE EPOXY OVEN,,dormant,none,False,0.0,0.0,0.0,,,0.0,,,unknown
500799870,INSULATOR REPELLER,Module-Epoxy,VERTICAL PREBAKE EPOXY OVEN;Heller VCO,,dormant,none,False,0.0,0.0,0.0,,,0.0,,,unknown
500802377,RIGID CASTER HIGH TEMP STAINLESS STEEL,Module-Epoxy,"BLUEM,BI-32i",M,dying,dying,False,0.09315068493150686,0.0,0.09315068493150686,0.0,0.0,2.5986617851281406,,,unknown
500802434,EVE CHLORIDE BATTERY,Module-Epoxy,GROHMANN MTS-605;Grohamnn MTS-605;Grohmann MTS-600,,dormant,none,False,0.0,0.0,0.0,,,0.0,,,unknown
500802444,CIRCULAR CONNECTOR CLAMP (28 PIN),Module-Epoxy,EXP_Generic,,active,constant,True,0.0027397260273972603,0.011111111111111112,0.0027397260273972603,4.055555555555555,1.0,3.9999999999999996,,,unknown
500802445,"AMPLIMITE SERIES D SUB CONNECTORS, PINS",Module-Epoxy,EXP_Generic,,active,constant,True,0.0821917808219178,0.3333333333333333,0.0821917808219178,4.055555555555555,1.0,4.000000000000001,,,unknown
500802456,PLASTIC ENCODER SPACER 2.1MM,Module-Epoxy,"NordsonAsymtek,Vantage",,dormant,none,False,0.0,0.0,0.0,,,0.0,,,unknown
500802625,STAINLESS STEEL ADJUSTABLE TORQUE,Module-Epoxy,"NordsonAsymtek,Vantage",L,dying,dying,False,0.0,0.0,0.0,,,4.0,,,unknown
500802629,"ENCODER,STRIP,550MM,50MM",Module-Epoxy,"NordsonAsymtek,Vantage",L,dying,dying,False,0.005479452054794521,0.0,0.005479452054794521,0.0,0.0,1.798347107438016,,,unknown
500802630,"STAINLESS,STEEL,SCREWDRIVER,BIT",Module-Epoxy,"NordsonAsymtek,Vantage",L,dying,dying,False,0.0,0.0,0.0,,,4.0,,,unknown
500802633,"TOP PLATE ASSY,CURE CART,JLP","Module-MHS,Module-TCB","MHS_Generic;Delta JLP, JTP",D,dormant,none,False,0.0,0.0,0.0,,,0.0,,,unknown
500804082,VALVE SILICON PAD,Module-Epoxy,"Asymtek S922;NordsonAsymtek,Vantage",L,dying,dying,False,0.005479452054794521,0.0,0.005479452054794521,0.0,0.0,3.8359929959537675,,,unknown
500804250,"CHAMBER FEEDTHRU FIBER,70C,6M",Module-Epoxy,"Heller, VEFO-10D;PCO520L",L,dying,dying,False,0.0,0.0,0.0,,,4.0,,,unknown
500804251,"HOUSING, 6-PIN PLUG CONNECTOR",Module-Epoxy,VERTICAL PREBAKE EPOXY OVEN;Heller VCO,,dormant,none,False,0.0,0.0,0.0,,,0.0,,,unknown
500804252,"CONNECTOR RECEOTACLE, 6-POSIT",Module-Epoxy,Heller VCO;VERTICAL PREBAKE EPOXY OVEN,,dormant,none,False,0.0,0.0,0.0,,,0.0,,,unknown
500804253,MALE CRIMP TERMINAL,Module-Epoxy,Heller VCO;VERTICAL PREBAKE EPOXY OVEN,,dormant,none,False,0.0,0.0,0.0,,,0.0,,,unknown
500804254,FEMALE CRIMP TERMINAL,Module-Epoxy,VERTICAL PREBAKE EPOXY OVEN;Heller VCO,,dormant,none,False,0.0,0.0,0.0,,,0.0,,,unknown
500804300,"IR PANEL , 1814 CURE",Module-Epoxy,Heller 1800SS,,dormant,none,False,0.0,0.0,0.0,,,0.0,,,unknown
500804301,FINGERSAFE 250VA TRANS FSC-2,Module-Epoxy,Heller 1800SS,,dormant,none,False,0.0,0.0,0.0,,,0.0,,,unknown
500804302,WEAR ROD CONVEYOR BELT ASSY (SURSULF),Module-Epoxy,Heller 1800SS,,dormant,none,False,0.0,0.0,0.0,,,0.0,,,unknown
500804303,WEAR ROD CONVEYOR BELT ASSY (SURSULF),Module-Epoxy,Heller 1800SS,,dormant,none,False,0.0,0.0,0.0,,,0.0,,,unknown
500804304,MOTOR 7.5 RPM ASSY,Module-Epoxy,Heller 1800SS,,dormant,none,False,0.0,0.0,0.0,,,0.0,,,unknown
500804305,MESH BELT CROWN GAGE,Module-Epoxy,Heller 1800SS,,dormant,none,False,0.0,0.0,0.0,,,0.0,,,unknown
500804306,"SHAFT, MESH BELT (EPOXY CURE)",Module-Epoxy,Heller 1800SS,,dormant,none,False,0.0,0.0,0.0,,,0.0,,,unknown
500804308,"BARBED MALE CONNECTOR,1/2BPT,1/2IDHOSE",Module-Epoxy,Heller 1800SS,,dormant,none,False,0.0,0.0,0.0,,,0.0,,,unknown
500804309,"ALTERED CLUTCH HUB, SLIP CLUTCH",Module-Epoxy,Heller 1800SS,,dormant,none,False,0.0,0.0,0.0,,,0.0,,,unknown
500804311,"HEATER ELEMENT (NO WIRES), 6000W",Module-Epoxy,Heller 1800SS,,dormant,none,False,0.0,0.0,0.0,,,0.0,,,unknown
500804521,"ESR,UK,VENT SWITCHES,VANTAGE",Module-Epoxy,"NordsonAsymtek,Vantage",,dormant,none,False,0.0,0.0,0.0,,,0.0,,,unknown
500804523,"ESR,UK,EXHAUST VENT SWITCH,FH-1502",Module-Epoxy,EPX FORTE HEATER MODULE,,dormant,none,False,0.0,0.0,0.0,,,0.0,,,unknown
500806240,"ASSY,AIR INLET,NJ8 TSTR",Module-Epoxy,Asymtek S922,,dormant,none,False,0.0,0.0,0.0,,,0.0,,,unknown
500806241,"PCA,NJ8 DRIVE",Module-Epoxy,Asymtek S922,,dormant,none,False,0.0,0.0,0.0,,,0.0,,,unknown
500808664,PIPE 40MM X 40MM X 610MM,Module-Epoxy,Grohmann MTS-600;Grohmann MTS-605,L,dying,dying,False,0.005479452054794521,0.0,0.005479452054794521,0.0,0.0,4.000000000000001,,,unknown
500808666,S/S L BRACKET (SET A - SIDE),Module-Epoxy,Grohmann MTS-600;Grohmann MTS-605,L,active,constant,True,0.0027397260273972603,0.011111111111111112,0.0027397260273972603,4.055555555555555,0.0,3.9999999999999996,,,unknown
500808667,S/S L BRACKET (SET B - CENTER),Module-Epoxy,Grohmann MTS-605;Grohmann MTS-600,L,active,constant,True,0.0027397260273972603,0.011111111111111112,0.0027397260273972603,4.055555555555555,0.0,3.9999999999999996,,,unknown
500808782,"ASSY, RGBW LZP, LIGHT BOX, VANTAGE",Module-Epoxy,"NordsonAsymtek,Vantage",L,dormant,none,False,0.0,0.0,0.0,,,0.0,,,unknown
500809717,"BULK,FEED,TUBING,BEV-IV,1/8X1/4'',50'",Module-TCB,Asymtek S932,H,active,constant,True,12.465753424657533,8.88888888888889,12.465753424657533,0.7130647130647132,0.06593406593406594,0.15457772158299027,,,unknown
500809726,ASYMTEK AIR CONNECTOR CAP,"Module-Epoxy,Module-TCB,Module-CAM",Asymtek S2-932;Epoxy_Generic;Asymtek S922,L,dying,dying,False,0.0,0.0,0.0,,,4.0,,,unknown
500810756,"SAFETY,SENSOR",Module-Epoxy,PVA FPCSAM,,dormant,none,False,0.0,0.0,0.0,,,0.0,,,unknown
500810775,OPTICAL FIBRE CABLE FU-87K,"Module-DP,Module-Epoxy",Grohmann MTS-600;Generic,,dormant,none,False,0.0,0.0,0.0,,,0.0,,,unknown
500811249,"MONITOR, 17 TOUCHPANEL VGA USB-C","Module-DP,Module-TCB","Delta JLP, JTP;Generic",M,active,constant,True,0.010958904109589041,0.022222222222222223,0.010958904109589041,2.0277777777777777,0.25,0.4467379959510573,,,unknown
500811475,DFM-12-80-P-A-GF-S61-CS-3185023A,Module-Epoxy,Grohmann MTS-605;Grohmann MTS-600,,dormant,none,False,0.0,0.0,0.0,,,0.0,,,unknown
500811476,FESTO PLASTIC TUBING PAN-6X1-BL,Module-Epoxy,Grohmann MTS-605;Grohmann MTS-600,,dormant,none,False,0.0,0.0,0.0,,,0.0,,,unknown
500811477,FESTO PLASTIC TUBING PAN-6X1-SW,Module-Epoxy,Grohmann MTS-605;Grohmann MTS-600,,dormant,none,False,0.0,0.0,0.0,,,0.0,,,unknown
500812783,"DV-8000C,19:1 30GA X223-CP8LP",Module-Epoxy,"NordsonAsymtek,Vantage",,dormant,none,False,0.0,0.0,0.0,,,0.0,,,unknown
500814228,"PROFILER ASSEMBLY, GEN VIII",Module-Epoxy,VERTICAL PREBAKE EPOXY OVEN;Heller VCO,,dormant,none,False,0.0,0.0,0.0,,,0.0,,,unknown
500814379,"FRU,Z1 BRAKE ASSY,VANTAGE",Module-Epoxy,"NordsonAsymtek,Vantage;Epoxy_Generic",L,active,constant,True,0.005479452054794521,0.011111111111111112,0.005479452054794521,2.0277777777777777,0.0,1.2185721041701458,,,unknown
500814380,"FRU,Z2 BRAKE ASSY,VANTAGE",Module-Epoxy,"NordsonAsymtek,Vantage;Epoxy_Generic",L,dying,dying,False,0.0027397260273972603,0.0,0.0027397260273972603,0.0,0.0,1.5001670515038346,,,unknown
500815283,"BRUSH STRIP,MOLDED,368MM,ADR5030,PK",Module-Epoxy,"NordsonAsymtek,Vantage",,dormant,none,False,0.0,0.0,0.0,,,0.0,,,unknown
500815517,"OPENEND,WRENCH,ATTACH,22MM,NOZZLE",Module-TCB,"PLASMATREAT, APPJ_PTU1612",,dormant,none,False,0.0,0.0,0.0,,,0.0,,,unknown
500815520,"AL,PTZ15192-2,TORQUE,SUPPORT,V2020",Module-TCB,"PLASMATREAT, APPJ_PTU1612",,dying,dying,False,0.0027397260273972603,0.0,0.0027397260273972603,0.0,0.0,4.0,,,unknown
500816297,"LABEL,DOOR EMBLEM MEDIUM BLUE",Module-Epoxy,"BLUEM,BI-32i",,dormant,none,False,0.0,0.0,0.0,,,0.0,,,unknown
500816298,"CONDUIT TUBE, 1/2"" HELAGUARD",Module-Epoxy,"BLUEM,BI-32i",,dormant,none,False,0.0,0.0,0.0,,,0.0,,,unknown
500816299,"CONDUIT TEE, 1/2"" HELAGUARD",Module-Epoxy,"BLUEM,BI-32i",,dormant,none,False,0.0,0.0,0.0,,,0.0,,,unknown
500816300,"CONDUIT REDUCER, HELAGUARD",Module-Epoxy,"BLUEM,BI-32i",,dormant,none,False,0.0,0.0,0.0,,,0.0,,,unknown
500816939,CARRIAGE MOTOR COIL ASSY (R),Module-TCB,"ASM-Pacific,Phoenix;ASM-Pacific,Firebird",,active,constant,True,0.0027397260273972603,0.011111111111111112,0.0027397260273972603,4.055555555555555,0.0,3.9999999999999996,,,unknown
500817204,CARRIAGE MOTOR COIL ASSY (L),Module-TCB,"ASM-Pacific,Firebird;ASM-Pacific,Phoenix",,active,constant,True,0.0027397260273972603,0.011111111111111112,0.0027397260273972603,4.055555555555555,0.0,3.9999999999999996,,,unknown
500818366,ELBOW FITTING 6MM X M5,Module-Epoxy,Grohmann MTS-600;GROHMANN MTS-605;Grohmann Vertical oven,L,dying,dying,False,0.0547945205479452,0.0,0.0547945205479452,0.0,0.0,4.0,,,unknown
500818371,WIRE LENGTH COUNTER FEET INCH POLY WHEEL,Module-TCB,Asymtek S932,,dying,dying,False,0.0,0.0,0.0,,,4.0,,,unknown
500818659,TENSION ASSEMBLY,Module-Epoxy,Heller VCO;VERTICAL PREBAKE EPOXY OVEN,,dormant,none,False,0.0,0.0,0.0,,,0.0,,,unknown
500818661,"1P SSR, ASL-L01MP0-PN",Module-Epoxy,Heller VCO;VERTICAL PREBAKE EPOXY OVEN,,dormant,none,False,0.0,0.0,0.0,,,0.0,,,unknown
500819325,IDLER SPROCKET KIT,Module-Epoxy,VERTICAL PREBAKE EPOXY OVEN;Heller VCO,L,dying,dying,False,0.01643835616438356,0.0,0.01643835616438356,0.0,0.0,3.9999999999999996,,,unknown
500819356,KIT FIT BH 1/4 SS SCREW FERRULE COLLAR,"Module-TCB,Module-CAM",Asymtek S2-932;Asymtek S932,L,dying,dying,False,0.0027397260273972603,0.0,0.0027397260273972603,0.0,0.0,3.734078135694233,,,unknown
500819519,2 POSITION SELECT KEY SWITCH,Module-Epoxy,VERTICAL PREBAKE EPOXY OVEN;Heller VCO,,dormant,none,False,0.0,0.0,0.0,,,0.0,,,unknown
500820883,"SPR,Q68XX,VALVE,3-WAY,MAC","Module-CAM,Module-DxA,Module-Epoxy","JDC_Generic;DLA_Generic;NordsonAsymtek,Vantage;Asymtek S2-912",H,active,constant,True,0.13972602739726028,0.2222222222222222,0.13972602739726028,1.5904139433551197,0.09803921568627451,0.18003690835322578,,,unknown
500820911,CROSS ROLLER RING 150X250X16.5 METRIC,Module-TCB,"ASM-Pacific,Phoenix;ASM-Pacific,Firebird",L,dormant,none,False,0.0,0.0,0.0,,,0.0,,,unknown
500821106,BUSHING,Module-Epoxy,VERTICAL PREBAKE EPOXY OVEN;Heller VCO,,dormant,none,False,0.0,0.0,0.0,,,0.0,,,unknown
500821107,SPACER,Module-Epoxy,VERTICAL PREBAKE EPOXY OVEN;Heller VCO,L,dying,dying,False,0.005479452054794521,0.0,0.005479452054794521,0.0,0.0,4.000000000000001,,,unknown
500821108,IGUS XFM-3034-16,Module-Epoxy,Heller VCO;VERTICAL PREBAKE EPOXY OVEN,,dormant,none,False,0.0,0.0,0.0,,,0.0,,,unknown
500821192,"PEDESTAL HOLDER TOOL,NEW DESIGN,TCB",Module-TCB,"ASM-Pacific,Phoenix;ASM-Pacific,Firebird",,dying,dying,False,0.0027397260273972603,0.0,0.0027397260273972603,0.0,0.0,4.0,,,unknown
500821195,SHELF,Module-Epoxy,Heller VCO;VERTICAL PREBAKE EPOXY OVEN,L,dying,dying,False,0.0,0.0,0.0,,,4.0,,,unknown
500822055,"SOLENOID VALVE, 1/8RC, 3MM ORIFICE",Module-Epoxy,Heller VCO;VERTICAL PREBAKE EPOXY OVEN,,dormant,none,False,0.0,0.0,0.0,,,0.0,,,unknown
500822947,IGUS XTM-2644-015,Module-Epoxy,Heller VCO;VERTICAL PREBAKE EPOXY OVEN,,dormant,none,False,0.0,0.0,0.0,,,0.0,,,unknown
500823525,FLANGED BEARING,Module-TCB,"Delta JLP, JTP",L,dying,dying,False,0.005479452054794521,0.0,0.005479452054794521,0.0,0.0,2.1403577891963645,,,unknown
500823526,WALL BEARING,Module-TCB,"Delta JLP, JTP",M,active,constant,True,0.01643835616438356,0.06666666666666667,0.01643835616438356,4.055555555555556,0.0,1.8789114853446764,,,unknown
500824081,"SAT BAG, 170G, GOECKENER",Module-Epoxy,Heller VCO;VERTICAL PREBAKE EPOXY OVEN,,dying,dying,False,0.0,0.0,0.0,,,4.0,,,unknown
500824300,MBH Z TABEL BALL SCREW (PHASE 2),Module-TCB,"ASM-Pacific,Firebird;ASM-Pacific,Phoenix",,dormant,none,False,0.0,0.0,0.0,,,0.0,,,unknown
500824301,MBH Z TABLE PULLEY (9MM),Module-TCB,"ASM-Pacific,Firebird;ASM-Pacific,Phoenix",,dormant,none,False,0.0,0.0,0.0,,,0.0,,,unknown
500824490,SCREW SET M3X6MM CUP PT HEX SS,"Module-BA,Module-MHS,Module-TCB","MHS_Generic;Delta JLP, JTP;JTP",,dormant,none,False,0.0,0.0,0.0,,,0.0,,,unknown
500824533,"25A, 2P GFI BREAKER,30MA(230V)",Module-Epoxy,Heller VCO;VERTICAL PREBAKE EPOXY OVEN,,dormant,none,False,0.0,0.0,0.0,,,0.0,,,unknown
500824549,"MALE VGA TO MALE VGA CABLE, 5M",Module-TCB,"Delta JLP, JTP",L,dying,dying,False,0.0,0.0,0.0,,,4.0,,,unknown
500824563,"CLAWS,PEEK,4 PCS,PEDESTAL HOLDER TOOL",Module-TCB,"ASM-Pacific,Firebird;ASM-Pacific,Phoenix",,dormant,none,False,0.0,0.0,0.0,,,0.0,,,unknown
500824564,"SAFETY SPRING BOLT,PEDESTAL HOLDER TOOL",Module-TCB,"ASM-Pacific,Firebird;ASM-Pacific,Phoenix",,dormant,none,False,0.0,0.0,0.0,,,0.0,,,unknown
500824967,"DISPENSE CUP, SCALE, FLX LOW PED",Module-TCB,Asymtek S932,D,dormant,none,False,0.0,0.0,0.0,,,0.0,0.0,-2.0,decreasing
500827495,"HEAT SHRINK SLEEVE L1M,D4.0MM,T0.2MM",Module-TCB,Asymtek S932,L,dying,dying,False,0.0027397260273972603,0.0,0.0027397260273972603,0.0,0.0,1.5001670515038346,,,unknown
500827496,"HEAT SHRINK SLEEVE L1M,D9.5MM,T0.7MM",Module-TCB,Asymtek S932,L,dying,dying,False,0.005479452054794521,0.0,0.005479452054794521,0.0,0.0,1.798347107438016,,,unknown
500828348,60 PCS OF HOOKS AND LOOPS STRIP 0.5X15,Module-Epoxy,"NordsonAsymtek,Vantage",H,active,constant,True,0.7232876712328767,0.6555555555555556,0.7232876712328767,0.9063552188552189,0.07954545454545454,0.013072681844336206,,,unknown
500828868,NICUNI-COATED HIGH TEMP. DISC MAGNET,Module-TCB,"ASM-Pacific,Phoenix;ASM-Pacific,Firebird",,dormant,none,False,0.0,0.0,0.0,,,0.0,0.0,-466.0,decreasing
500829916,"HV-9500, METAL FEED TUBE, BFS","Module-Epoxy,Module-IHS","Asymtek S922;NordsonAsymtek,Vantage;Asymtek S912",,dormant,none,False,0.0,0.0,0.0,,,0.0,,,unknown
500829917,"HV-9500, PURGE, 3MM, PT, FLUX","Module-Epoxy,Module-IHS","Asymtek S912;Asymtek S922;NordsonAsymtek,Vantage",,active,constant,True,0.005479452054794521,0.022222222222222223,0.005479452054794521,4.055555555555555,1.0,3.9999999999999996,,,unknown
500829918,"HV-9500, FEED-LINE, 4M LONG, FEMALE","Module-Epoxy,Module-IHS","Asymtek S912;Asymtek S922;NordsonAsymtek,Vantage",M,active,constant,True,0.0410958904109589,0.05555555555555555,0.0410958904109589,1.3518518518518519,0.13333333333333333,0.2062531503200382,,,unknown
500829949,VANTAGE S.STATION CAP - LARGE,Module-Epoxy,"NordsonAsymtek,Vantage",M,dying,dying,False,0.0547945205479452,0.0,0.0547945205479452,0.0,0.0,2.7369356345375837,,,unknown
500829950,VANTAGE S.STATION CAP - SMALL,Module-Epoxy,"NordsonAsymtek,Vantage",M,dying,dying,False,0.0547945205479452,0.0,0.0547945205479452,0.0,0.0,2.7290262914519756,,,unknown
500830020,02 Channel Digital Capacitive Amplifier,Module-TCB,"ASM-Pacific,Phoenix;ASM-Pacific,Firebird",,dormant,none,False,0.0,0.0,0.0,,,0.0,,,unknown
500830021,Capacitance Probe ASP-16-ILR/HT-SP,Module-TCB,"ASM-Pacific,Phoenix;ASM-Pacific,Firebird",,dormant,none,False,0.0,0.0,0.0,,,0.0,,,unknown
500830022,Capacitance Probe ASP-16-ILA/HT-SP,Module-TCB,"ASM-Pacific,Firebird;ASM-Pacific,Phoenix",,dormant,none,False,0.0,0.0,0.0,,,0.0,,,unknown
500830113,"MOTOR ASSY,11 WATT W/ENC, 19:1",Module-Epoxy,"NordsonAsymtek,Vantage",,dormant,none,False,0.0,0.0,0.0,,,0.0,,,unknown
500830767,"ASSY,BRAKE ROTOR,Z-AXIS",Module-Epoxy,"NordsonAsymtek,Vantage;Epoxy_Generic",M,active,constant,True,0.019178082191780823,0.044444444444444446,0.019178082191780823,2.317460317460317,0.0,1.5094284444931012,,,unknown
500831400,ENC TUBING,"Module-DxA,Module-Epoxy","DLA_Generic;NordsonAsymtek,Vantage",,dormant,none,False,0.0,0.0,0.0,,,0.0,,,unknown
500832921,"ASF BUMPER,BLK NBR W SF ADHESIVE,DSA-AE","Module-Epoxy,Module-IHS","Asymtek S912;Asymtek S922;NordsonAsymtek,Vantage",,dying,dying,False,0.0,0.0,0.0,,,4.0,,,unknown
500833065,REFURBISHMENT OF 60030I (RD1004),Module-TCB,"PLASMATREAT, APPJ_PTU1612",,dormant,none,False,0.0,0.0,0.0,,,0.0,,,unknown
500833066,REFURB OF PCU-M V2 (61250I),Module-TCB,"PLASMATREAT, APPJ_PTU1612",,dormant,none,False,0.0,0.0,0.0,,,0.0,,,unknown
500833144,POTENTIAL DISTRIBUTION TERMINAL 4X24VDC,Module-TCB,"PLASMATREAT, APPJ_PTU1612",,dormant,none,False,0.0,0.0,0.0,,,0.0,,,unknown
500833147,PTF17477-1 ES-GLAS PTU1612,Module-TCB,"PLASMATREAT, APPJ_PTU1612",,dormant,none,False,0.0,0.0,0.0,,,0.0,,,unknown
500833148,"SOLID STATE RELAY I:3,5-32VDC, O:1-15A",Module-TCB,"PLASMATREAT, APPJ_PTU1612",D,dormant,none,False,0.0,0.0,0.0,,,0.0,,,unknown
500833149,THERMO-MAGNETIC CIRCUIT BREAKER 240V 4A,Module-TCB,"PLASMATREAT, APPJ_PTU1612",D,dormant,none,False,0.0,0.0,0.0,,,0.0,,,unknown
500833150,THERMO-MAGNETIC CIRCUIT BREAKER 240V 2A,Module-TCB,"PLASMATREAT, APPJ_PTU1612",D,dormant,none,False,0.0,0.0,0.0,,,0.0,,,unknown
500833151,THERMO-MAGNETIC CIRCUIT BREAKER 240V 8A,Module-TCB,"PLASMATREAT, APPJ_PTU1612",D,dormant,none,False,0.0,0.0,0.0,,,0.0,,,unknown
500833152,SOCKET FOR CIRCUIT BREAKER 24V 10A,Module-TCB,"PLASMATREAT, APPJ_PTU1612",D,dormant,none,False,0.0,0.0,0.0,,,0.0,,,unknown
500833153,LCM-HVC 7 (WITH PROTECTION CIRCUITRY),Module-TCB,"PLASMATREAT, APPJ_PTU1612",,dormant,none,False,0.0,0.0,0.0,,,0.0,,,unknown
500833154,FRONTDOOR -SINGLE RIGHT- (ESD),Module-TCB,"PLASMATREAT, APPJ_PTU1612",,dormant,none,False,0.0,0.0,0.0,,,0.0,,,unknown
500833168,MULTITOUCH-CONTROL-PANEL-15.6 W HOLDER,Module-TCB,"PLASMATREAT, APPJ_PTU1612",,dormant,none,False,0.0,0.0,0.0,,,0.0,,,unknown
500833169,EXHAUST HOSE SUSPENSION RD1004,Module-TCB,"PLASMATREAT, APPJ_PTU1612",,dormant,none,False,0.0,0.0,0.0,,,0.0,,,unknown
500833170,IPC PROGRAMMED APJ AA,Module-TCB,"PLASMATREAT, APPJ_PTU1612",,dormant,none,False,0.0,0.0,0.0,,,0.0,,,unknown
500833171,"ROUND VARISTOR ELEMENT 150VAC, 200VDC",Module-TCB,"PLASMATREAT, APPJ_PTU1612",D,dormant,none,False,0.0,0.0,0.0,,,0.0,,,unknown
500833172,SWITCHING POWER SUPPLY 400V (24V/20A),Module-TCB,"PLASMATREAT, APPJ_PTU1612",,dormant,none,False,0.0,0.0,0.0,,,0.0,,,unknown
500833173,IPC PROGRAMMED APJ AB,Module-TCB,"PLASMATREAT, APPJ_PTU1612",,dormant,none,False,0.0,0.0,0.0,,,0.0,,,unknown
500833358,NEEDLE COVER,Module-Epoxy,"NordsonAsymtek,Vantage",L,dying,dying,False,0.00821917808219178,0.0,0.00821917808219178,0.0,0.0,1.5001670515038348,,,unknown
500833632,TB BREAK OVER WRENCH 25 - 50Z,Module-Epoxy,"NordsonAsymtek,Vantage",,dormant,none,False,0.0,0.0,0.0,,,0.0,,,unknown
500833765,"CABLE ASSY,72VDC DIST,JLP",Module-TCB,"Delta JLP, JTP",D,dormant,none,False,0.0,0.0,0.0,,,0.0,,,unknown
500834857,A2 CIRCLIP & MACHINED WASHER,Module-Epoxy,GROHMANN MTS-605;Grohmann MTS-600;Grohmann Vertical oven,,dormant,none,False,0.0,0.0,0.0,,,0.0,,,unknown
500834858,GVO STRAIGHT UNION M6 (HIGH-TEMP),Module-Epoxy,Grohmann Vertical oven;Grohmann MTS-600;GROHMANN MTS-605,L,dying,dying,False,0.00821917808219178,0.0,0.00821917808219178,0.0,0.0,4.0,,,unknown
500834859,GVO FITTING ELBOW UNION M6 (HIGH-TEMP),Module-Epoxy,Grohmann MTS-600;Grohmann Vertical oven;GROHMANN MTS-605,L,dying,dying,False,0.00821917808219178,0.0,0.00821917808219178,0.0,0.0,4.0,,,unknown
500834860,CYLINDER LOCKING PIN,Module-Epoxy,GROHMANN MTS-605;Heller VCO;Grohmann MTS-600;Grohmann Vertical oven,,dormant,none,False,0.0,0.0,0.0,,,0.0,,,unknown
500835007,THERMAL RUBBER ORING 11X1MM,Module-Epoxy,"NordsonAsymtek,Vantage;Asymtek S922",H,active,constant,True,2.010958904109589,1.7444444444444445,2.010958904109589,0.8674689676052074,0.07356948228882834,0.015029838460374706,1.91644908616188,351.0,increasing
500835027,DIGITAL SURFACE RESISTANCE METER,Module-TCB,TCB_Generic,L,dormant,none,False,0.0,0.0,0.0,,,0.0,,,unknown
500835479,PRESSURE REGULATOR,Module-TCB,"ASM-Pacific,Phoenix;ASM-Pacific,Firebird",,dormant,none,False,0.0,0.0,0.0,,,0.0,,,unknown
500835480,DMC COOLING SOLENOID,Module-TCB,"ASM-Pacific,Phoenix;ASM-Pacific,Firebird",,dormant,none,False,0.0,0.0,0.0,,,0.0,,,unknown
500835481,Blow Solenoid 24VDC VK334-5G,Module-TCB,"ASM-Pacific,Phoenix;ASM-Pacific,Firebird",L,dying,dying,False,0.0027397260273972603,0.0,0.0027397260273972603,0.0,0.0,4.000000000000001,,,unknown
500835482,Vacuum Solenoid 24VDC VK334V-5G,Module-TCB,"ASM-Pacific,Firebird;ASM-Pacific,Phoenix",L,dying,dying,False,0.0027397260273972603,0.0,0.0027397260273972603,0.0,0.0,4.000000000000001,,,unknown
500835483,Vacuum Solenoid 24VDC VK332V-5G-M5,Module-TCB,"ASM-Pacific,Phoenix;ASM-Pacific,Firebird",,dormant,none,False,0.0,0.0,0.0,,,0.0,,,unknown
500835484,BH WEAK BLOW REGULATOR,Module-TCB,"ASM-Pacific,Firebird;ASM-Pacific,Phoenix",,dormant,none,False,0.0,0.0,0.0,,,0.0,,,unknown
500835485,(BH) VACUUM REGULATOR,Module-TCB,"ASM-Pacific,Firebird;ASM-Pacific,Phoenix",,dormant,none,False,0.0,0.0,0.0,,,0.0,,,unknown
500835486,SENSOR VACUUM PEDESTAL HEATED,Module-TCB,"ASM-Pacific,Phoenix;ASM-Pacific,Firebird",,dormant,none,False,0.0,0.0,0.0,,,0.0,,,unknown
500835487,(IO)DIE TRANSFERPICK ARM VAC SWITCH,Module-TCB,"ASM-Pacific,Phoenix;ASM-Pacific,Firebird",,dormant,none,False,0.0,0.0,0.0,,,0.0,,,unknown
500835706,"FRU, CONV MANIFOLD ASSY KIT",Module-Epoxy,"Asymtek S902;NordsonAsymtek,Vantage",D,dormant,none,False,0.0,0.0,0.0,,,0.0,,,unknown
500838371,C-CLIP A8 (ID=7.40) (MOQ=20PCS),Module-Epoxy,Heller VCO;VERTICAL PREBAKE EPOXY OVEN,,dormant,none,False,0.0,0.0,0.0,,,0.0,,,unknown
500838372,C-CLIP A12 (ID=11.40) (MOQ=20PCS),Module-Epoxy,Heller VCO;VERTICAL PREBAKE EPOXY OVEN,,dormant,none,False,0.0,0.0,0.0,,,0.0,,,unknown
500838373,C-CLIP A20 (ID=18.60)(MOQ=20PCS),Module-Epoxy,Heller VCO;VERTICAL PREBAKE EPOXY OVEN,,dormant,none,False,0.0,0.0,0.0,,,0.0,,,unknown
500839501,"KIT, FEED TUBE, METAL, BFS, VITON","Module-Epoxy,Module-IHS","Asymtek S922;Asymtek S912;NordsonAsymtek,Vantage",,active,constant,True,0.00821917808219178,0.03333333333333333,0.00821917808219178,4.055555555555556,1.0,4.0,,,unknown
500840205,SPRING ANCHOR,Module-Epoxy,Heller VCO;VERTICAL PREBAKE EPOXY OVEN,,dormant,none,False,0.0,0.0,0.0,,,0.0,,,unknown
500840206,IDLER SPROCKET KIT,Module-Epoxy,VERTICAL PREBAKE EPOXY OVEN;Heller VCO,L,active,constant,True,0.005479452054794521,0.022222222222222223,0.005479452054794521,4.055555555555555,0.0,3.9999999999999996,,,unknown
500840207,"RETAINING RING, 20MM SHAFT",Module-Epoxy,Heller VCO;VERTICAL PREBAKE EPOXY OVEN,,dormant,none,False,0.0,0.0,0.0,,,0.0,,,unknown
500840208,"SHIM, 20.0 ID X 28    D X 0.3 THK",Module-Epoxy,VERTICAL PREBAKE EPOXY OVEN;Heller VCO,,dormant,none,False,0.0,0.0,0.0,,,0.0,,,unknown
500840209,KEY 6 X 6 X 16,Module-Epoxy,Heller VCO;VERTICAL PREBAKE EPOXY OVEN,,dormant,none,False,0.0,0.0,0.0,,,0.0,,,unknown
500840210,TENSIONER ASSEMBLY,Module-Epoxy,Heller VCO;VERTICAL PREBAKE EPOXY OVEN,L,dying,dying,False,0.0027397260273972603,0.0,0.0027397260273972603,0.0,0.0,4.0,,,unknown
500840211,EHC 2 PLATE ASSEMBLY,Module-Epoxy,Heller VCO;VERTICAL PREBAKE EPOXY OVEN,,dormant,none,False,0.0,0.0,0.0,,,0.0,,,unknown
500840212,EHC 2 PLATE ASSEMBLY,Module-Epoxy,VERTICAL PREBAKE EPOXY OVEN;Heller VCO,,dormant,none,False,0.0,0.0,0.0,,,0.0,,,unknown
500840213,"RAIL, EHC 2",Module-Epoxy,VERTICAL PREBAKE EPOXY OVEN;Heller VCO,,dormant,none,False,0.0,0.0,0.0,,,0.0,,,unknown
500840214,BAR,Module-Epoxy,Heller VCO;VERTICAL PREBAKE EPOXY OVEN,,dormant,none,False,0.0,0.0,0.0,,,0.0,,,unknown
500840216,BRACKET,Module-Epoxy,VERTICAL PREBAKE EPOXY OVEN;Heller VCO,,dormant,none,False,0.0,0.0,0.0,,,0.0,,,unknown
500840217,M6 X 1 X 20LG SHCS,Module-Epoxy,VERTICAL PREBAKE EPOXY OVEN;Heller VCO,,dormant,none,False,0.0,0.0,0.0,,,0.0,,,unknown
500840218,M5-0.8 X 10 FHCS,Module-Epoxy,VERTICAL PREBAKE EPOXY OVEN;Heller VCO,,dormant,none,False,0.0,0.0,0.0,,,0.0,,,unknown
500840219,M6 X 30MM SHCS,Module-Epoxy,VERTICAL PREBAKE EPOXY OVEN;Heller VCO,,dormant,none,False,0.0,0.0,0.0,,,0.0,,,unknown
500841656,MAGNET KEY CODED FOR SI-MAGB2SM,Module-Epoxy,"Epoxy_Generic;NordsonAsymtek,Vantage",L,active,constant,True,0.0027397260273972603,0.011111111111111112,0.0027397260273972603,4.055555555555555,0.0,2.1353732668533567,,,unknown
500841657,"ASSY,MAG SENSOR INTLK",Module-Epoxy,"Epoxy_Generic;NordsonAsymtek,Vantage",L,active,constant,True,0.0027397260273972603,0.011111111111111112,0.0027397260273972603,4.055555555555555,0.0,2.1353732668533567,,,unknown
500841658,"ASSY,COLLISION DETECT",Module-Epoxy,"NordsonAsymtek,Vantage;Epoxy_Generic",,dormant,none,False,0.0,0.0,0.0,,,0.0,,,unknown
500841800,BUSHING IGUS H1FM-1214-20,Module-Epoxy,Heller VCO;VERTICAL PREBAKE EPOXY OVEN,L,dying,dying,False,0.005479452054794521,0.0,0.005479452054794521,0.0,0.0,4.000000000000001,,,unknown
500842483,"TROMBONE MODULE,V2",Module-Epoxy,"NordsonAsymtek,Vantage",D,dormant,none,False,0.0,0.0,0.0,,,0.0,,,unknown
500842833,HVO SENSOR BRACKET (S4A),Module-Epoxy,VERTICAL PREBAKE EPOXY OVEN;Heller VCO,,dormant,none,False,0.0,0.0,0.0,,,0.0,,,unknown
500843281,"STERILE FILTER CARTRIDGE 10"", 0.2µM",Module-Epoxy,PVA FPCSAM,M,active,constant,True,0.0136986301369863,0.011111111111111112,0.0136986301369863,0.8111111111111112,0.2,0.7453685166739987,,,unknown
500843282,"MODULE, DE-IONIZATION VMD",Module-Epoxy,PVA FPCSAM,M,active,constant,True,0.019178082191780823,0.022222222222222223,0.019178082191780823,1.1587301587301586,0.2857142857142857,1.1156749084329964,,,unknown
500843416,VANTAGE FIX POSITION PURGE LID (ALUM),Module-Epoxy,"NordsonAsymtek,Vantage",L,dying,dying,False,0.010958904109589041,0.0,0.010958904109589041,0.0,0.0,1.5947607486882294,,,unknown
500843470,"PCA,WHISTLE MODULE,TESTED",Module-Epoxy,"NordsonAsymtek,Vantage",,dormant,none,False,0.0,0.0,0.0,,,0.0,,,unknown
500843786,MIDAS GAS DETECTOR,Module-TCB,"ASM-Pacific,Phoenix",,dormant,none,False,0.0,0.0,0.0,,,0.0,,,unknown
500844318,"KIT, O-RING, MFT, BFS, FKM, 25PK","Module-Epoxy,Module-IHS","Asymtek S912;Asymtek S922;NordsonAsymtek,Vantage",L,dying,dying,False,0.0027397260273972603,0.0,0.0027397260273972603,0.0,0.0,4.000000000000001,,,unknown
500844320,O-RING (126),Module-Epoxy,Epoxy_Generic;PCO520L,M,dying,dying,False,0.18082191780821918,0.0,0.18082191780821918,0.0,0.0,3.196850154210698,,,unknown
500844484,"51190,S,1MM,22.436X12.023",Module-TCB,TCB_Generic,,dormant,none,False,0.0,0.0,0.0,,,0.0,,,unknown
500844516,"BULKHEAD ADAPTER,1/2''BSPT, BR",Module-Epoxy,Heller VCO;VERTICAL PREBAKE EPOXY OVEN,,dormant,none,False,0.0,0.0,0.0,,,0.0,,,unknown
500845082,CT SENSOR BRACKET,"Module-BA,Module-TCB","Delta JLP, JTP;JTP",L,dying,dying,False,0.0136986301369863,0.0,0.0136986301369863,0.0,0.0,0.7959988889031725,,,unknown
500845086,DEGSASSING UNIT (O2),"Module-DP,Module-Epoxy","PVA FPCSAM;PVA,SAMTRAY502;Generic",L,dormant,none,False,0.0,0.0,-0.0027397260273972603,,,4.0,,,unknown
500846923,EPOXY CANISTER COOLING AIR VALVE CAP,Module-Epoxy,"NordsonAsymtek,Vantage;Asymtek S922",,dormant,none,False,0.0,0.0,0.0,,,0.0,,,unknown
500847332,EPOXY TC BOAT,Module-Epoxy,"NordsonAsymtek,Vantage",,dormant,none,False,0.0,0.0,0.0,,,0.0,,,unknown
500849250,MAC SOLENOID VALVE 24VDC 120PSI,"Module-DP,Module-DxA,Module-TCB,Module-CAM",Generic;Asymtek S932;Asymtek S2-912;Asymtek S2-932,L,active,constant,True,0.0027397260273972603,0.011111111111111112,0.0027397260273972603,4.055555555555555,1.0,3.9999999999999996,,,unknown
500849317,"FRU,6100905,PCA,BACKPLANE,TESTED",Module-Epoxy,"Epoxy_Generic;NordsonAsymtek,Vantage",,dormant,none,False,0.0,0.0,0.0,,,0.0,,,unknown
500849318,UNION TEE( 6/TUBE),Module-Epoxy,Heller VCO;VERTICAL PREBAKE EPOXY OVEN,,dormant,none,False,0.0,0.0,0.0,,,0.0,,,unknown
500849319,MECHANICAL PRESSURE SWITCH,Module-Epoxy,Heller VCO;VERTICAL PREBAKE EPOXY OVEN,,dormant,none,False,0.0,0.0,0.0,,,0.0,,,unknown
500849320,"STR, 1/8''PT X 6MM OD PUSH, BR",Module-Epoxy,Heller VCO;VERTICAL PREBAKE EPOXY OVEN,,dormant,none,False,0.0,0.0,0.0,,,0.0,,,unknown
500849321,"STR MALE, 1/4''PT X 6MM OD",Module-Epoxy,Heller VCO;VERTICAL PREBAKE EPOXY OVEN,,dormant,none,False,0.0,0.0,0.0,,,0.0,,,unknown
500849322,FITTING ELBOW DIA.6.0 M5,Module-Epoxy,VERTICAL PREBAKE EPOXY OVEN;Heller VCO,,dormant,none,False,0.0,0.0,0.0,,,0.0,,,unknown
500849323,"MANIFOLD ASSY, 6 PORTS",Module-Epoxy,Heller VCO;VERTICAL PREBAKE EPOXY OVEN,,dormant,none,False,0.0,0.0,0.0,,,0.0,,,unknown
500849324,DC VALVE ASSY,Module-Epoxy,VERTICAL PREBAKE EPOXY OVEN;Heller VCO,,dormant,none,False,0.0,0.0,0.0,,,0.0,,,unknown
500849652,MALE ELBOW 6MM X 1/4'',Module-Epoxy,Heller VCO;VERTICAL PREBAKE EPOXY OVEN,,dormant,none,False,0.0,0.0,0.0,,,0.0,,,unknown
500850070,"35 SPROCKET 12T 1/2"" BORE",Module-Epoxy,PCO520L,,dormant,none,False,0.0,0.0,0.0,,,0.0,,,unknown
500852209,ANGULAR GEAR K080-1336-001 MODIFIED,Module-Epoxy,Grohamnn MTS-605;Grohmann Vertical oven;Grohmann MTS-600;GROHMANN MTS-605,,dormant,none,False,0.0,0.0,0.0,,,0.0,,,unknown
500852210,ANGULAR GEAR K080-1336-002 MODIFIED,Module-Epoxy,Grohamnn MTS-605;Grohmann MTS-600;GROHMANN MTS-605;Grohmann Vertical oven,,dormant,none,False,0.0,0.0,0.0,,,0.0,,,unknown
500852211,ANGULAR GEAR K080-1336-003 MODIFIED,Module-Epoxy,Grohamnn MTS-605;Grohmann Vertical oven;GROHMANN MTS-605;Grohmann MTS-600,,dormant,none,False,0.0,0.0,0.0,,,0.0,,,unknown
500852212,ANGULAR GEAR K080-1336-004 MODIFIED,Module-Epoxy,GROHMANN MTS-605;Grohmann Vertical oven;Grohamnn MTS-605;Grohmann MTS-600,,dormant,none,False,0.0,0.0,0.0,,,0.0,,,unknown
500852369,"FITTING, SS CHECK VALVE, 3/8IN X 3/8IN",Module-TCB,TCB_Generic;KnS TCX3,,active,constant,True,0.0027397260273972603,0.011111111111111112,0.0027397260273972603,4.055555555555555,0.0,3.9999999999999996,,,unknown
500852370,"FITTING, SS CHECK VALVE, 1/2IN X 1/2IN",Module-TCB,TCB_Generic;KnS TCX3,,dormant,none,False,0.0,0.0,0.0,,,0.0,,,unknown
500852635,"MODULE, POLISHING MFIIID",Module-Epoxy,PVA FPCSAM,M,active,constant,True,0.019178082191780823,0.022222222222222223,0.019178082191780823,1.1587301587301586,0.2857142857142857,1.3541224489795916,,,unknown
500853131,"NEEDLE, CARBI DE AND SEAT, TAPERED","Module-DxA,Module-TCB,Module-CAM",TCB_Generic;Asymtek S932;Asymtek S2-912;Asymtek S2-932,H,active,constant,True,0.1726027397260274,0.2,0.1726027397260274,1.1587301587301586,0.1111111111111111,0.28405627005888173,,63.0,unknown
500853926,SERIES 1800 LOW DIFFERENTIAL PRESSURE SW,"Module-BA,Module-Epoxy","Blue-M;BLUEM,BI-32i",L,dying,dying,False,0.0027397260273972603,0.0,0.0027397260273972603,0.0,0.0,4.000000000000001,,,unknown
500854567,SILICONE SEAL 19.45X1.35MM,Module-Epoxy,"NordsonAsymtek,Vantage",,active,constant,True,0.01643835616438356,0.06666666666666667,0.01643835616438356,4.055555555555556,0.0,4.0,,,unknown
500854924,S922 FIX POSITION PURGE LID,Module-Epoxy,Epoxy_Generic;Asymtek S922,L,dying,dying,False,0.0136986301369863,0.0,0.0136986301369863,0.0,0.0,4.0,,,unknown
500854930,"3-WAY SOLENOID VALVE, MAC","Module-DxA,Module-Epoxy,Module-TCB,Module-CAM","Asymtek S2-912;Asymtek S932;Asymtek S2-932;NordsonAsymtek,Vantage;DLA_Generic",,dormant,none,False,0.0,0.0,0.0,,,0.0,,,unknown
500855197,COMPUTER ASSY CPU WINDOWS 2000,"Module-DP,Module-TCB","Delta JLP, JTP;Generic",,dormant,none,False,0.0,0.0,0.0,,,0.0,,,unknown
500856850,"CABLE,MAG SNSR INTLK EXT",Module-Epoxy,"NordsonAsymtek,Vantage;Epoxy_Generic",L,active,constant,True,0.0027397260273972603,0.011111111111111112,0.0027397260273972603,4.055555555555555,0.0,3.9999999999999996,,,unknown
500856879,SMC EMITTER - IZS40-NT,Module-Epoxy,Heller VCO;VERTICAL PREBAKE EPOXY OVEN,,dormant,none,False,0.0,0.0,0.0,,,0.0,,,unknown
500856880,SMC POWER CABLE(3M) - IZS41-CP,Module-Epoxy,VERTICAL PREBAKE EPOXY OVEN;Heller VCO,,dormant,none,False,0.0,0.0,0.0,,,0.0,,,unknown
500856881,SMC CLEANING KIT - IZS30-M2,Module-Epoxy,Heller VCO;VERTICAL PREBAKE EPOXY OVEN,,dormant,none,False,0.0,0.0,0.0,,,0.0,,,unknown
500856952,SHAFT_LENTH:330 MM,Module-Epoxy,Heller VCO;VERTICAL PREBAKE EPOXY OVEN,,dormant,none,False,0.0,0.0,0.0,,,0.0,,,unknown
500856953,SHAFT_LENTH:706 MM,Module-Epoxy,VERTICAL PREBAKE EPOXY OVEN;Heller VCO,,dormant,none,False,0.0,0.0,0.0,,,0.0,,,unknown
500856954,SHAFT_LENTH:632 MM,Module-Epoxy,Heller VCO;VERTICAL PREBAKE EPOXY OVEN,,dormant,none,False,0.0,0.0,0.0,,,0.0,,,unknown
500857447,"SPRING,POPPET,RS CART,PKG10",Module-Epoxy,"Asymtek S922;Epoxy_Generic;NordsonAsymtek,Vantage",H,active,constant,True,0.31232876712328766,0.6555555555555556,0.31232876712328766,2.098927875243665,0.21929824561403508,0.6425788471274199,,,unknown
500858235,"UK,PRECISN SCALE TEMP REDUCER,ETHERNET",Module-Epoxy,"NordsonAsymtek,Vantage;Epoxy_Generic",,dormant,none,False,0.0,0.0,0.0,,,0.0,,,unknown
500858236,"CABLE,CT,5-CH LED",Module-Epoxy,"Epoxy_Generic;NordsonAsymtek,Vantage",L,active,constant,True,0.0027397260273972603,0.011111111111111112,0.0027397260273972603,4.055555555555555,0.0,3.9999999999999996,,,unknown
500860319,MECHANICAL SEAL-R,Module-Epoxy,PCO520L,L,dying,dying,False,0.0027397260273972603,0.0,0.0027397260273972603,0.0,-1.0,1.6000000000000005,,,unknown
500860321,MECHANICAL SEAL-L,Module-Epoxy,PCO520L,L,active,constant,True,0.010958904109589041,0.03333333333333333,0.010958904109589041,3.0416666666666665,0.25,0.9387755102040817,,,unknown
500860626,BEARING ASSEMBLY,Module-Epoxy,VERTICAL PREBAKE EPOXY OVEN;Heller VCO,,dormant,none,False,0.0,0.0,0.0,,,0.0,,,unknown
500862153,AIR CAP-ASSEMBLY-CONE-50MIL OUTLET,"Module-TCB,Module-CAM",Asymtek S2-932,,dormant,none,False,0.0,0.0,0.0,,,0.0,,,unknown
500863433,IDLER BRACKET WITH SHAFT,"Module-BA,Module-OLx,Module-TCB","JLP Stacker/Destacker;JTP;Delta JLP, JTP",L,dying,dying,False,0.0027397260273972603,0.0,0.0027397260273972603,0.0,0.0,4.000000000000001,,,unknown
500863434,IDLER PULLEY ASSY,"Module-BA,Module-OLx,Module-TCB","JLP Stacker/Destacker;JTP;Delta JLP, JTP",,dormant,none,False,0.0,0.0,0.0,,,0.0,,,unknown
500863435,G3 PULLEY ASSEMBLY,Module-TCB,"Delta JLP, JTP",L,active,constant,True,0.010958904109589041,0.022222222222222223,0.010958904109589041,2.0277777777777777,0.0,2.150770512286547,,,unknown
500863505,BS PEDESTAL ASSY (CFC)(45X37.5X0.17),Module-TCB,"ASM-Pacific,Phoenix",,dormant,none,False,0.0,0.0,0.0,,,0.0,,,unknown
500863506,"51235,L,1MM,27.700X15.328",Module-TCB,"ASM-Pacific,Phoenix",,dormant,none,False,0.0,0.0,0.0,,,0.0,,,unknown
500863790,XL EXTEND FLOW TUBE,Module-Epoxy,Asymtek S922;Epoxy_Generic,M,active,constant,True,0.18904109589041096,0.5111111111111111,0.18904109589041096,2.7037037037037033,0.2753623188405797,0.8657564435874038,,,unknown
500864300,BEARING HOUSIING,Module-Epoxy,Heller VCO;VERTICAL PREBAKE EPOXY OVEN,,dormant,none,False,0.0,0.0,0.0,,,0.0,,,unknown
500864304,"ASSY, FEED TB, UNI, 5-8MM ELB 92A PAC50",Module-Epoxy,"NordsonAsymtek,Vantage",M,active,constant,True,0.29041095890410956,1.1777777777777778,0.29041095890410956,4.055555555555556,0.3867924528301887,1.5334351427645885,,,unknown
500864351,FUJI INVERTER,Module-Epoxy,Heller VCO;VERTICAL PREBAKE EPOXY OVEN,,dormant,none,False,0.0,0.0,0.0,,,0.0,,,unknown
500865275,SCALE CUP BASE,Module-Epoxy,"NordsonAsymtek,Vantage",L,dying,dying,False,0.0027397260273972603,0.0,0.0027397260273972603,0.0,0.0,4.0,,,unknown
500865500,"PEDESTAL, DSA, DISPENSE, CYP",Module-Epoxy,Asymtek S922,,dormant,none,False,0.0,0.0,0.0,,,0.0,,,unknown
500865702,SOLENOID VALVE,"Module-DxA,Module-Epoxy,Module-TCB",Asymtek S2-912;Asymtek S932;Asymtek S922,,active,constant,True,0.0027397260273972603,0.011111111111111112,0.0027397260273972603,4.055555555555555,1.0,3.9999999999999996,,,unknown
500865737,"16 CH, DIGITAL 24V E-BUS, INPUT,",Module-Epoxy,Grohmann Vertical oven,,dormant,none,False,0.0,0.0,0.0,,,0.0,,,unknown
500865738,EtherCat Terminal - 2-channel,Module-Epoxy,Grohmann Vertical oven,,dormant,none,False,0.0,0.0,0.0,,,0.0,,,unknown
500865739,"EtherCat Terminal Analog Input, 0V to 10",Module-Epoxy,Grohmann Vertical oven,,dormant,none,False,0.0,0.0,0.0,,,0.0,,,unknown
500865740,ETHERCAT TERMINAL 2-CHANNEL SERIAL,Module-Epoxy,Grohmann Vertical oven,D,dormant,none,False,0.0,0.0,0.0,,,0.0,,,unknown
500865741,"MOTOR,DC,2CHANNE,OUTPUTSTAGE,",Module-Epoxy,Grohmann Vertical oven,L,active,constant,True,0.0027397260273972603,0.011111111111111112,0.0027397260273972603,4.055555555555555,0.0,3.9999999999999996,,,unknown
500867390,CAP FILM 100UF 10% 63VDC RAD,Module-TCB,TCB_Generic;KnS TCX3,,dormant,none,False,0.0,0.0,0.0,,,0.0,,,unknown
500867435,MAC SOLENOID VALVE CO-AXIAL AIR JETTER,"Module-TCB,Module-CAM",Asymtek S2-932;Asymtek S932,L,active,constant,True,0.019178082191780823,0.03333333333333333,0.019178082191780823,1.738095238095238,0.42857142857142855,1.8698224852071006,,,unknown
500867436,MAC SOLENOID VALVE 3-WAY 24V,"Module-TCB,Module-CAM",Asymtek S932;Asymtek S2-932,L,dormant,none,False,0.0,-0.022222222222222223,0.0,,,4.0,,,unknown
500867718,EHC 2 ENTRANCE,Module-Epoxy,Heller VCO;VERTICAL PREBAKE EPOXY OVEN,,dormant,none,False,0.0,0.0,0.0,,,0.0,,,unknown
500867719,EHC 2 ENTRANCE,Module-Epoxy,Heller VCO;VERTICAL PREBAKE EPOXY OVEN,,dormant,none,False,0.0,0.0,0.0,,,0.0,,,unknown
500867720,EHC 1,Module-Epoxy,Heller VCO;VERTICAL PREBAKE EPOXY OVEN,,dormant,none,False,0.0,0.0,0.0,,,0.0,,,unknown
500867721,EHC 1,Module-Epoxy,Heller VCO;VERTICAL PREBAKE EPOXY OVEN,,dormant,none,False,0.0,0.0,0.0,,,0.0,,,unknown
500869716,"HV-9500RFX,FEED_TUBE","Module-DxA,Module-TCB",DLA_Generic;Asymtek S932;Asymtek S2-912,,dormant,none,False,0.0,0.0,0.0,,,0.0,,,unknown
500869717,"FEEDTUBE,BLACK,SILICONE,6OZ","Module-DxA,Module-Epoxy",DLA_Generic;Asymtek S922;Asymtek S2-912,,dormant,none,False,0.0,0.0,0.0,,,0.0,,,unknown
500872168,PTFE ROUND LUMP (FOR PEDESTAL CLEANING),Module-TCB,"ASM-Pacific,Phoenix",,dormant,none,False,0.0,0.0,0.0,,,0.0,,,unknown
500872312,SMC FLOW SWITCH,Module-Epoxy,VERTICAL PREBAKE EPOXY OVEN;Heller VCO,,dormant,none,False,0.0,0.0,0.0,,,0.0,,,unknown
500872313,SMC FLOW SWITCH,Module-Epoxy,PCO520L,,dormant,none,False,0.0,0.0,0.0,,,0.0,,,unknown
500872386,HELLER INVETER ODE 3,"Module-BA,Module-Epoxy","Heller 2017 MK III;Heller, MK7;Heller 1800SS",,dormant,none,False,0.0,0.0,0.0,,,0.0,,,unknown
500873481,"ASSY,FRONT MOUNT,SERVICE STN DUAL VTG",Module-Epoxy,"NordsonAsymtek,Vantage;Epoxy_Generic",L,active,constant,True,0.0027397260273972603,0.022222222222222223,0.0027397260273972603,8.11111111111111,0.0,3.9999999999999996,,,unknown
500877404,"HV-9500,CYLINDER_REPAIR_KIT","Module-DxA,Module-Epoxy",DLA_Generic;Asymtek S922,,dormant,none,False,0.0,0.0,0.0,,,0.0,,,unknown
500877616,MAC SOLENOID VALVE 3-WAY 24V,"Module-TCB,Module-CAM",Asymtek S932;Asymtek S2-932,,dormant,none,False,0.0,0.0,0.0,,,0.0,,,unknown
500877958,PEDESTALDLADISPENSEZ900475X475D00117ML-R,Module-Epoxy,Asymtek S922,,dormant,none,False,0.0,0.0,0.0,,,0.0,,,unknown
500878951,"OPTIDRIV E3IP20,1PH.INPUT,3 PH.","Module-BA,Module-DP,Module-Epoxy",Generic;Heller 1800SS;Heller 2017 MK III,,dormant,none,False,0.0,0.0,0.0,,,0.0,,,unknown
500879077,SIMPLE GREEN CRYSTAL CLEANER & DEGREASER,Module-Epoxy,PCO520L,L,active,constant,True,0.01643835616438356,0.06666666666666667,0.01643835616438356,4.055555555555556,1.0,4.0,,,unknown
500879196,PRESSURE REGULATOR 130PSI 5V SPECTRUM,"Module-Epoxy,Module-IHS,Module-TCB",Asymtek S922;Asymtek S912;Asymtek S932,,dormant,none,False,0.0,0.0,0.0,,,0.0,,,unknown
500879370,HPO MECHANICAL SEAL SHAFT (LEFT),Module-Epoxy,PCO520L;Epoxy_Generic,,active,constant,True,0.005479452054794521,0.022222222222222223,0.005479452054794521,4.055555555555555,1.0,3.9999999999999996,,,unknown
500879371,HPO MECHANICAL SEAL SHAFT (RIGHT),Module-Epoxy,Epoxy_Generic;PCO520L,,active,constant,True,0.005479452054794521,0.022222222222222223,0.005479452054794521,4.055555555555555,1.0,3.9999999999999996,,,unknown
500879644,RENISHAW GRATING SCALEREADING HEAD,Module-Epoxy,Asymtek S922,,dormant,none,False,0.0,0.0,0.0,,,0.0,,,unknown
500879704,SPS SMART PROFILER 7 CHANNEL WIFI,Module-Epoxy,"VERTICAL PREBAKE EPOXY OVEN;Heller VCO;Heller, VEFO-10D",,dormant,none,False,0.0,0.0,0.0,,,0.0,,,unknown
500879894,KEYENCE FIBER OPTIC SENSOR (FU-V84L),Module-Epoxy,PCO520L,,dormant,none,False,0.0,0.0,0.0,,,0.0,,,unknown
500881482,HIGH SPEED LASER DISPLACEMENT SENSOR,Module-Epoxy,"NordsonAsymtek,Vantage",,dormant,none,False,0.0,0.0,0.0,,,0.0,,,unknown
500881551,PHOTOELECTRIC SENSOR,Module-TCB,"Delta JLP, JTP",,dormant,none,False,0.0,0.0,0.0,,,0.0,,,unknown
500881943,PROBE U5BZ(SMA STD HSG P 1.0M),Module-Epoxy,EPOXY JET VALVE,,dormant,none,False,0.0,0.0,0.0,,,0.0,,,unknown
500881944,DRIVER ECL104-U5-SXM-1.0,Module-Epoxy,EPOXY JET VALVE,,dormant,none,False,0.0,0.0,0.0,,,0.0,,,unknown
