item_id,item_desc,max_qty,rop_qty,min_qty,unitprice,aging_status,sfm_recommendation,DUP_ITEM_ID,DUP_ITEM_STOCKROOM,MISSING_ITEM_ID,INVALID_CURRENT_STOCKING_LEVEL,INVALID_RECOMMENDED_STOCKING_LEVEL,NEGATIVE_CONSUMPTION,CONSUMPTION_LADDER_BROKEN,NEGATIVE_OPEN_PO,MISSING_UNITPRICE,ZERO_UNITPRICE,MISSING_LEAD_TIME,LEAD_TIME_OUT_OF_RANGE,RULE1_UNUSABLE_missing_freq,RULE1_5_UNUSABLE_missing_recency,RULE3_UNUSABLE_missing_criticality,MISSING_ORDER_QTY_MULTIPLE,SFM_RECO_CASING,MISSING_NEW_MODULE,MISSING_FUNCTIONAL_GROUP,UNACKNOWLEDGED_REVIEW,RECENCY_CONTRADICTS_CONSUMPTION,DEAD_BUT_CONSUMING,STOCK_HELD_ON_DEAD_PART,RECOMMEND_STOCK_NO_USAGE,any_high,n_flags
500699374,"O2ANALYZER,MODULE,ASSEMBLY",1,0,0,13000.0,Active Moving,Decrease Algo,False,False,False,False,False,False,False,False,False,False,False,False,False,False,False,True,False,True,True,False,False,False,False,False,False,3
500693654,DIE VACUUM SENSOR ASSY,0,0,0,166.61,Active Moving,Increase Algo,False,False,False,False,False,False,False,False,False,False,False,False,False,False,False,True,False,False,False,False,False,False,False,False,False,1
500866673,O2 GAS SENSOR,6,5,2,67.5,Active Moving,Increase Algo,False,False,False,False,False,False,False,False,False,False,False,False,False,False,False,False,False,True,True,False,False,False,False,False,False,2
500772995,1.2M EXHAUST HOSE PLASMAJET 1 - RD1004,2,0,0,123.88,Active Moving,Increase Algo,False,False,False,False,False,False,False,False,False,False,False,False,False,False,False,True,False,False,False,True,False,False,False,False,False,2
500035612,"TUBING,PU,CLR 1/8OD 1/16ID",133,100,0,0.18,Active Moving,Decrease Algo,False,False,False,False,False,False,False,False,False,False,False,False,False,False,False,True,False,False,False,False,False,False,False,False,False,1
500035614,"FITTING,COUPLER TO 2MM BARB",3,2,0,13.45,Active Moving,Increase Algo,False,False,False,False,False,False,False,False,False,False,False,False,False,False,False,True,False,False,False,False,False,False,False,False,False,1
500041276,"FITTING, QUICK DISCONNECT FEM.",4,3,1,12.01,Active Moving,Increase Algo,False,False,False,False,False,False,False,False,False,False,False,False,False,False,False,True,False,False,False,False,False,False,False,False,False,1
500042922,"VALVE ASSY,CO-AX AIR SOLENOID",0,0,0,161.82,Active Moving,Increase Algo,False,False,False,False,False,False,False,False,False,False,False,False,False,False,False,True,False,False,False,False,False,False,False,False,False,1
500051665,CABLE,0,0,0,39.93,Dead,Maintain Algo,False,False,False,False,False,False,False,False,False,False,False,False,True,True,True,True,False,False,False,False,False,False,True,False,True,5
500051668,"SENSOR,OMRON",0,0,0,84.62,Dead,Maintain Algo,False,False,False,False,False,False,False,False,False,False,False,False,True,False,True,True,False,False,False,False,False,False,True,False,True,4
500051680,"GASKET,SIMRIT",0,0,0,24.59,Dead,Maintain Algo,False,False,False,False,False,False,False,False,False,False,False,False,True,True,True,True,False,False,False,False,False,False,False,False,True,4
500051682,OMRON PROXIMITY SENSOR,1,0,0,33.51,Dead,Decrease Algo,False,False,False,False,False,False,False,False,False,False,False,False,False,False,False,True,False,False,False,False,False,False,True,True,False,3
500070865,"TOOTH,BELTS,SET,FOR,PCBA/ANALYSER",0,0,0,155.0,Dead,Maintain Algo,False,False,False,False,False,False,False,False,False,False,False,False,True,True,True,True,False,False,False,False,False,False,False,False,True,4
500070867,"LIMIT,SWITCH(STANDARD)",0,0,0,35.0,Dead,Maintain Algo,False,False,False,False,False,False,False,False,False,False,False,False,True,True,True,True,False,False,False,False,False,False,False,False,True,4
500070870,POWER SUPPLY TRIPLE OUTPUT 40W,0,0,0,200.0,Dead,Maintain Algo,False,False,False,False,False,False,False,False,False,False,False,False,True,True,True,True,False,False,False,False,False,False,False,False,True,4
500070871,"KNIFE SWITCH, X-RAY",0,0,0,90.0,Dead,Maintain Algo,False,False,False,False,False,False,False,False,False,False,False,False,True,True,True,True,False,False,False,False,False,False,False,False,True,4
500079887,DJ-2200 FLUX NOZZLE 24GA,7,4,1,188.0,Active Moving,Decrease Algo,False,False,False,False,False,False,False,False,False,False,False,False,False,False,False,True,False,False,False,False,False,False,False,False,False,1
500089209,VGA M/ TO F/ 15 PIN CABLE 4.5M,0,0,0,27.23,Dead,Maintain Algo,False,False,False,False,False,False,False,False,False,False,False,False,True,False,False,True,False,False,False,False,False,False,False,False,True,2
500093669,AIR COMBINATION SET,0,0,0,181.82,Dead,Maintain Algo,False,False,False,False,False,False,False,False,False,False,False,False,True,True,True,True,False,False,False,False,False,False,True,True,True,6
500093674,MALE ELBOW  KQ2L08-01AS,0,0,0,5.21,Dead,Maintain Algo,False,False,False,False,False,False,False,False,False,False,False,False,True,True,True,True,False,False,False,False,False,False,False,True,True,5
500093676,FITTING MALE ELBOW KQ2L06-M5A,0,0,0,5.21,Dead,Maintain Algo,False,False,False,False,False,False,False,False,False,False,False,False,True,False,True,False,False,False,False,False,False,True,False,False,True,3
500093680,ONE-TOUCH FITTING,0,0,0,5.61,Dead,Maintain Algo,False,False,False,False,False,False,False,False,False,False,False,False,True,False,True,True,False,False,False,False,False,False,False,True,True,4
500093685,"UNION ""Y""",0,0,0,8.41,Dead,Maintain Algo,False,False,False,False,False,False,False,False,False,False,False,False,True,True,True,True,False,False,False,False,False,False,False,True,True,5
500093686,MALE ELBOW CONNECTOR,0,0,0,8.41,Dead,Maintain Algo,False,False,False,False,False,False,False,False,False,False,False,False,True,True,True,True,False,False,False,False,False,False,True,True,True,6
500104696,"CONNECTOR,25B",0,0,0,1.05,Dead,Maintain Algo,False,False,False,False,False,False,False,False,False,False,False,False,True,True,True,True,False,True,True,False,False,False,False,False,True,6
500119981,NEEDLE HEATER DJ-2200 ASSEMBLY,0,0,0,312.12,Active Moving,Increase Algo,False,False,False,False,False,False,False,False,False,False,False,False,False,False,False,False,False,False,False,False,False,False,False,True,False,1
500119983,"O-RING, VITON, 2MM W X38MM ID",0,0,0,4.78,Active Moving,Increase Algo,False,False,False,False,False,False,False,False,False,False,False,False,False,False,False,True,False,False,False,False,False,False,False,False,False,1
500122237,SPECTRUM  HEATED PURGE CUP ASSEMBLY,3,2,1,4936.69,Active Moving,Maintain Algo,False,False,False,False,False,False,False,False,False,False,False,False,False,False,False,True,False,False,False,False,False,False,False,False,False,1
500122905,PRESSURE REGULATOR LRMA-QS-6      [23B3],0,0,0,69.68,Dead,Maintain Algo,False,False,False,False,False,False,False,False,False,False,False,False,False,False,False,True,False,False,False,False,False,False,True,True,False,3
500122956,NEEDLE HEATER DJ-2200,3,2,1,312.12,Active Moving,Maintain Algo,False,False,False,False,False,False,False,False,False,False,False,False,False,False,False,True,False,False,False,False,False,False,False,False,False,1
500127231,"KEY,SWITCH.INTERLOCK,OPEN,CLOSE,1800",0,0,0,70.35,Dead,Maintain Algo,False,False,False,False,False,False,False,False,False,False,False,False,True,True,True,True,False,True,True,False,False,False,False,False,True,6
500131751,"PLASTIC STANDOFF, CURRENT SENSE BOARD",0,0,0,1.07,Dead,Maintain Algo,False,False,False,False,False,False,False,False,False,False,False,False,True,True,True,True,False,True,True,False,False,False,False,False,True,6
500141592,DIP TUBE WRENCH,0,0,0,391.2,Dead,Maintain Algo,False,False,False,False,False,False,False,False,False,False,False,False,False,False,False,True,False,False,False,False,False,False,False,False,False,1
500141937,"SCREW,M3X4,FLT PT",0,0,0,0.12,Dead,Maintain Algo,False,False,False,False,False,False,False,False,False,False,False,False,True,True,True,False,False,False,False,False,False,False,False,False,True,3
500146714,BRU cover interlock sensor,0,0,0,12.82,Dead,Maintain Algo,False,False,False,False,False,False,False,False,False,False,False,False,True,False,True,True,False,False,False,False,False,False,True,False,True,4
500154878,SELF- LEVELING LASER W/ TRIPOD,0,0,0,1032.15,Dead,Maintain Algo,False,False,False,False,False,False,False,False,False,False,False,False,True,True,True,True,False,True,True,False,False,False,False,False,True,6
500170437,"FITTING,1/2-20 SAE TO SWAGE",1,0,0,113.63,Active Moving,Increase Algo,False,False,False,False,False,False,False,False,False,False,False,False,False,False,False,True,False,False,False,False,False,False,False,False,False,1
500172257,"EPMD CUSHIONED CLAMP 1/4""",0,0,0,0.71,Dead,Maintain Algo,False,False,False,False,False,False,False,False,False,False,False,False,True,False,True,False,False,False,False,False,False,False,True,False,True,3
500175684,"FERRULES NYLON 1/4""TUBE 10SETS",8,5,2,68.02,Active Moving,Decrease Algo,False,False,False,False,False,False,False,False,False,False,False,False,False,False,False,True,False,False,False,False,False,False,False,False,False,1
500176572,Inner ball bearing 4X8X3 MR84ZZ,0,0,0,3.6,Dead,Maintain Algo,False,False,False,False,False,False,False,False,False,False,False,False,True,False,False,True,False,False,False,False,False,False,True,False,True,3
500184734,ASI,0,0,0,422.12,Dead,Maintain Algo,False,False,False,False,False,False,False,False,False,False,False,False,True,False,True,True,False,False,False,False,False,False,True,False,True,4
500184735,ASI,0,0,0,341.22,Dead,Maintain Algo,False,False,False,False,False,False,False,False,False,False,False,False,True,False,True,True,False,False,False,False,False,True,False,False,True,4
500184737,ASIO,0,0,0,545.48,Dead,Maintain Algo,False,False,False,False,False,False,False,False,False,False,False,False,True,True,True,False,False,False,False,False,False,False,True,True,True,5
500184738,ASIO3,0,0,0,716.89,Dead,Maintain Algo,False,False,False,False,False,False,False,False,False,False,False,False,False,False,False,True,False,False,False,False,False,False,False,True,False,2
500184739,ASIO3,1,0,0,692.06,Active Moving,Increase Algo,False,False,False,False,False,False,False,False,False,False,False,False,False,False,False,True,False,False,False,False,False,False,False,False,False,1
500184740,OMRON ELEC. ASSY,0,0,0,2712.6,Dead,Maintain Algo,False,False,False,False,False,False,False,False,False,False,False,False,True,True,True,False,False,False,False,False,False,False,True,True,True,5
500184741,AIR BEARING PAD 40X80MM ASSY,0,0,0,1372.91,Dead,Maintain Algo,False,False,False,False,False,False,False,False,False,False,False,False,True,False,False,True,False,False,False,False,False,False,True,True,True,4
500184742,AIR BEARING PAD D50 ASSY,0,0,0,913.94,Dead,Maintain Algo,False,False,False,False,False,False,False,False,False,False,False,False,True,False,False,True,False,False,False,False,False,False,True,True,True,4
500184743,"BELT,TIMING,10AT3/399.",0,0,0,28.83,Dead,Maintain Algo,False,False,False,False,False,False,False,False,False,False,False,False,True,False,True,False,False,False,False,False,False,False,True,True,True,4
500184744,AIR BEARING PAD D65 ASSY,0,0,0,1057.32,Dead,Maintain Algo,False,False,False,False,False,False,False,False,False,False,False,False,True,False,False,True,False,False,False,False,False,False,False,True,True,3
500184745,TIMING BELT 10AT5/670 GEN III,0,0,0,49.66,Dead,Maintain Algo,False,False,False,False,False,False,False,False,False,False,False,False,True,False,False,True,False,False,False,False,False,False,False,True,True,3
500184746,"BELT,TIMING,189-3M-9MM",0,0,0,13.61,Dead,Maintain Algo,False,False,False,False,False,False,False,False,False,False,False,False,True,False,True,True,False,False,False,False,False,False,True,True,True,5
500184747,TIMING BELT 516MXL3.2,1,0,0,16.82,Dead,Decrease Algo,False,False,False,False,False,False,False,False,False,False,False,False,False,False,False,True,False,False,False,False,False,False,True,True,False,3
500184748,TIMING BELT 6M/162,0,0,0,14.01,Dead,Maintain Algo,False,False,False,False,False,False,False,False,False,False,False,False,True,False,False,True,False,False,False,False,False,False,False,True,True,3
500184750,BANDO TIMING BELT 434MXL3.2,0,0,0,16.82,Dead,Maintain Algo,False,False,False,False,False,False,False,False,False,False,False,False,True,False,False,True,False,False,False,False,False,False,True,True,True,4
500184749,BANDO TIMING BELT 350MXL3.2,0,0,0,15.21,Active Moving,Increase Algo,False,False,False,False,False,False,False,False,False,False,False,False,False,False,False,True,False,False,False,False,False,False,False,False,False,1
500184751,BANDO TIMING BELT 591MXL3.2,0,0,0,20.82,Dead,Maintain Algo,False,False,False,False,False,False,False,False,False,False,False,False,True,False,False,True,False,False,False,False,False,False,True,True,True,4
500184752,"BELT,TIMING,HTD,213-3M-09",0,0,0,12.81,Dead,Maintain Algo,False,False,False,False,False,False,False,False,False,False,False,False,True,False,True,True,False,False,False,False,False,False,True,True,True,5
500184753,SYNCHROFLEX TIMING BELT 6M/113,0,0,0,17.62,Dead,Maintain Algo,False,False,False,False,False,False,False,False,False,False,False,False,True,False,False,True,False,False,False,False,False,False,False,True,True,3
500184754,SYNCHROFLEX TIMING BELT 6M/182,1,0,0,19.22,Dead,Decrease Algo,False,False,False,False,False,False,False,False,False,False,False,False,False,False,False,True,False,False,False,False,False,False,True,True,False,3
500184755,SYNCHROFLEX TIMING BELT 6M/121,0,0,0,18.42,Dead,Maintain Algo,False,False,False,False,False,False,False,False,False,False,False,False,True,False,False,False,False,False,False,False,False,False,True,True,True,3
500184756,ZERODUR BLOCK,1,0,0,1517.89,Dead,Decrease Algo,False,False,False,False,False,False,False,False,False,False,False,False,True,False,False,True,False,False,False,False,False,False,True,True,True,4
500184758,ZDS SENSOR BOARD,0,0,0,166.6,Dead,Maintain Algo,False,False,False,False,False,False,False,False,False,False,False,False,True,False,False,True,False,False,False,False,False,False,False,True,True,3
500184759,TEC BOX,0,0,0,1844.7,Dead,Maintain Algo,False,False,False,False,False,False,False,False,False,False,False,False,False,False,False,True,False,False,False,False,False,False,True,True,False,3
500184760,AC POWER SUPPLY STEP DOWN BOARD,0,0,0,40.85,Dead,Maintain Algo,False,False,False,False,False,False,False,False,False,False,False,False,True,False,False,True,False,False,False,False,False,False,True,False,True,3
500184761,"BOX,TEC,CONTROL",0,0,0,4289.35,Dead,Maintain Algo,False,False,False,False,False,False,False,False,False,False,False,False,False,False,False,True,False,False,False,False,False,False,False,True,False,2
500184763,"CABLE,VACUUM,SENSOR,DPA",0,0,0,162.0,Dead,Maintain Algo,False,False,False,False,False,False,False,False,False,False,False,False,True,False,False,True,False,False,False,False,False,False,True,False,True,3
500184764,"CABLE,FAN,LOW,CHASSIS",0,0,0,32.04,Dead,Maintain Algo,False,False,False,False,False,False,False,False,False,False,False,False,True,False,True,True,False,False,False,False,False,False,True,False,True,4
500184765,(DPA) VACUUM SOLENOID VALVE CABLE,0,0,0,91.31,Dead,Maintain Algo,False,False,False,False,False,False,False,False,False,False,False,False,True,False,False,True,False,False,False,False,False,False,True,True,True,4
500184766,(DTA) X ENCODER CABLE,0,0,0,675.24,Dead,Maintain Algo,False,False,False,False,False,False,False,False,False,False,False,False,True,True,True,False,False,False,False,False,False,False,False,False,True,3
500184767,IO STEPPER MOTOR DRIVER ASSY,0,0,0,329.4,Dead,Maintain Algo,False,False,False,False,False,False,False,False,False,False,False,False,True,True,True,True,False,False,False,False,False,False,True,False,True,5
500184768,"EJECTOR,MULTISTAGE,ZL112",0,0,0,279.94,Dead,Maintain Algo,False,False,False,False,False,False,False,False,False,False,False,False,True,False,True,True,False,False,False,False,False,False,False,False,True,3
500184769,MULTISTAGE EJECTOR ZL212,0,0,0,457.77,Dead,Maintain Algo,False,False,False,False,False,False,False,False,False,False,False,False,True,True,True,False,False,False,False,False,False,False,True,False,True,4
500184770,STA-L Y ENC ASSY,0,0,0,927.9,Dead,Maintain Algo,False,False,False,False,False,False,False,False,False,False,False,False,True,False,True,True,False,False,False,False,False,False,True,False,True,4
500184771,"ENCODER,DISPENSE,Z,LEFT",0,0,0,1725.3,Dead,Maintain Algo,False,False,False,False,False,False,False,False,False,False,False,False,True,False,True,True,False,False,False,False,False,False,True,False,True,4
500184773,ESIO2,0,0,0,284.35,Dead,Maintain Algo,False,False,False,False,False,False,False,False,False,False,False,False,True,False,False,True,False,False,False,False,False,False,True,True,True,4
500184774,ESIO5,0,0,0,335.61,Dead,Maintain Algo,False,False,False,False,False,False,False,False,False,False,False,False,True,False,False,True,False,False,False,False,False,False,False,True,True,3
500184775,ESIO3,0,0,0,338.82,Dead,Maintain Algo,False,False,False,False,False,False,False,False,False,False,False,False,False,False,False,True,False,False,False,False,False,False,False,True,False,2
500184777,FAN ASSY,0,0,0,517.44,Dead,Maintain Algo,False,False,False,False,False,False,False,False,False,False,False,False,True,False,True,True,False,False,False,False,False,False,True,False,True,4
500184778,OPTICAL FIBER 3M DUPLEX LC-LC,0,0,0,40.05,Dead,Maintain Algo,False,False,False,False,False,False,False,False,False,False,False,False,True,False,False,False,False,False,False,False,False,False,True,False,True,2
500184779,CARRIAGE VAC PRELOAD FMT(L),0,0,0,896.4,Dead,Maintain Algo,False,False,False,False,False,False,False,False,False,False,False,False,True,True,True,True,False,False,False,False,False,False,True,False,True,5
500184780,(DPA) Z PICK HEAD,0,0,0,10163.08,Dead,Maintain Algo,False,False,False,False,False,False,False,False,False,False,False,False,True,False,False,True,False,False,False,False,False,False,False,True,True,3
500184781,TCB PEDESTAL HEATER ZONE 1,0,0,0,639.0,Dead,Maintain Algo,False,False,False,False,False,False,False,False,False,False,False,False,True,True,True,True,False,False,False,False,False,False,True,False,True,5
500184782,AIR BEARING FLOWMETER(WAFER CHUCK),0,0,0,1342.8,Dead,Maintain Algo,False,False,False,False,False,False,False,False,False,False,False,False,True,True,True,True,False,False,False,False,False,False,True,False,True,5
500184783,LINE VACUUM ASSY,0,0,0,153.9,Dead,Maintain Algo,False,False,False,False,False,False,False,False,False,False,False,False,True,True,True,True,False,False,False,False,False,False,True,True,True,6
500184786,MBH 1ST LAYER CONVEYOR MTR ASSY,0,0,0,179.42,Dead,Maintain Algo,False,False,False,False,False,False,False,False,False,False,False,False,True,False,True,True,False,False,False,False,False,False,False,True,True,4
500184787,MBH TRACK WIDTH MTR/ENC ASSY,0,0,0,527.05,Dead,Maintain Algo,False,False,False,False,False,False,False,False,False,False,False,False,True,True,True,True,False,False,False,False,False,False,True,False,True,5
500184788,HT WC COL FLOWMETER(L),0,0,0,1182.6,Dead,Maintain Algo,False,False,False,False,False,False,False,False,False,False,False,False,True,True,True,True,False,False,False,False,False,False,True,False,True,5
500184789,"MODULE,CJC,ASSY",0,0,0,71.68,Dead,Maintain Algo,False,False,False,False,False,False,False,False,False,False,False,False,True,False,False,True,False,False,False,False,False,False,True,False,True,3
500184791,MARKIIIS DRIVER MODULE,1,0,0,1058.92,Dead,Decrease Algo,False,False,False,False,False,False,False,False,False,False,False,False,True,False,True,True,False,False,False,False,False,False,True,True,True,5
500184792,MINISIO MODULE,0,0,0,203.81,Dead,Maintain Algo,False,False,False,False,False,False,False,False,False,False,False,False,True,True,True,True,False,False,False,False,False,False,True,False,True,5
500184793,"MODULE,POWER,CONTROL,NDIII",0,0,0,2704.17,Dead,Maintain Algo,False,False,False,False,False,False,False,False,False,False,False,False,False,False,False,True,False,False,False,False,False,False,False,False,False,1
500184794,"MODULE,POWER,CONTROL,NDIII",0,0,0,2865.97,Dead,Maintain Algo,False,False,False,False,False,False,False,False,False,False,False,False,True,False,False,True,False,False,False,False,False,False,False,False,True,2
500184795,LITEC AAD2 MODULE_PH,1,0,0,1017.0,Dead,Decrease Algo,False,False,False,False,False,False,False,False,False,False,False,False,True,False,False,True,False,False,False,False,False,False,True,True,True,4
500184796,NDIII CONTROLPOWERMODULE,0,0,0,3707.02,Dead,Maintain Algo,False,False,False,False,False,False,False,False,False,False,False,False,True,False,False,True,False,False,False,False,False,False,False,False,True,2
500184797,NDIII CONTROLPOWERMODULE,0,0,0,3542.02,Dead,Maintain Algo,False,False,False,False,False,False,False,False,False,False,False,False,True,False,False,True,False,False,False,False,False,False,False,False,True,2
500184798,NDIII CONTROLPOWERMODULE,0,0,0,3071.03,Dead,Maintain Algo,False,False,False,False,False,False,False,False,False,False,False,False,True,False,False,True,False,False,False,False,False,False,False,False,True,2
500184800,"MODULE,POWER,NUDRIVE-III",0,0,0,2512.73,Dead,Maintain Algo,False,False,False,False,False,False,False,False,False,False,False,False,True,False,False,True,False,False,False,False,False,False,True,False,True,3
500184801,"MODULE,POWER,NUDRIVE-III",0,0,0,2330.91,Dead,Maintain Algo,False,False,False,False,False,False,False,False,False,False,False,False,True,False,False,True,False,False,False,False,False,False,True,False,True,3
500184802,NUDRIVE-III POWER MODULE,0,0,0,1301.62,Dead,Maintain Algo,False,False,False,False,False,False,False,False,False,False,False,False,True,False,False,True,False,False,False,False,False,False,True,False,True,3
500184803,NUDRIVE-III POWER MODULE,1,0,0,2150.68,Dead,Decrease Algo,False,False,False,False,False,False,False,False,False,False,False,False,True,False,False,True,False,False,False,False,False,False,True,True,True,4
500184804,"MODULE,POWER,NUDRIVE-III",0,0,0,2161.09,Dead,Maintain Algo,False,False,False,False,False,False,False,False,False,False,False,False,False,False,False,True,False,False,False,False,False,False,False,False,False,1
500184805,NUDRIVE-III POWER MODULE,0,0,0,3472.33,Dead,Maintain Algo,False,False,False,False,False,False,False,False,False,False,False,False,True,False,False,True,False,False,False,False,False,False,True,False,True,3
500184807,STA-L Z MTR ASSY,0,0,0,718.2,Dead,Maintain Algo,False,False,False,False,False,False,False,False,False,False,False,False,True,False,False,True,False,False,False,False,False,False,True,False,True,3
500184808,Z BUSHING MOTOR ASSY (RIGHT),0,0,0,1184.4,Dead,Maintain Algo,False,False,False,False,False,False,False,False,False,False,False,False,True,True,True,True,False,False,False,False,False,False,True,False,True,5
500184809,MBH Z MTR ASSY,0,0,0,1239.3,Dead,Maintain Algo,False,False,False,False,False,False,False,False,False,False,False,False,True,False,True,True,False,False,False,False,False,False,False,False,True,3
500184810,"OPTICS,ASSEMBLY,YSHUTTLE,FOV8",0,0,0,2988.9,Dead,Maintain Algo,False,False,False,False,False,False,False,False,False,False,False,False,True,False,False,True,False,False,False,False,False,False,False,False,True,2
500184811,MICROE LINEAR SCALE 10MM 303-00169,1,0,0,217.87,Dead,Decrease Algo,False,False,False,False,False,False,False,False,False,False,False,False,False,False,False,True,False,False,False,False,False,False,True,True,False,3
500184812,UP-LOOKING OPTICS W/ CG ASSY,0,0,0,7200.0,Dead,Maintain Algo,False,False,False,False,False,False,False,False,False,False,False,False,True,True,True,True,False,False,False,False,False,False,False,False,True,4
500184813,SCALE LIF 401R ML 90 MM 373021-08,0,0,0,792.58,Dead,Maintain Algo,False,False,False,False,False,False,False,False,False,False,False,False,True,False,False,True,False,False,False,False,False,False,False,False,True,2
500184817,"SENSOR,ASSEMBLY,SHUTTLE,LIMIT,Y,TAB",0,0,0,38.44,Dead,Maintain Algo,False,False,False,False,False,False,False,False,False,False,False,False,True,False,True,False,False,False,False,False,False,False,False,False,True,2
500184818,POST HEAT STATION VAC SNR 1(L),0,0,0,157.5,Dead,Maintain Algo,False,False,False,False,False,False,False,False,False,False,False,False,True,True,True,True,False,False,False,False,False,False,True,False,True,5
500184819,BH MISSING DIE SNR,0,0,0,305.18,Dead,Maintain Algo,False,False,False,False,False,False,False,False,False,False,False,False,True,False,False,True,False,False,False,False,False,False,False,True,True,3
500184821,CONTACT SENSOR ASSY,0,0,0,80.1,Dead,Maintain Algo,False,False,False,False,False,False,False,False,False,False,False,False,True,True,True,True,False,False,False,False,False,False,True,False,True,5
500184822,CAP SENSOR ASSY,0,0,0,28006.2,Dead,Maintain Algo,False,False,False,False,False,False,False,False,False,False,False,False,True,True,True,True,False,False,False,False,False,False,False,False,True,4
500184820,"SENSOR,BONDHEAD,VACUUM,PRESSURE",0,0,0,101.18,Dead,Maintain Algo,False,False,False,False,False,False,False,False,False,False,False,False,False,False,False,True,False,False,False,False,False,False,False,False,False,1
500184823,CARRIAGE AB FLOW SNR(L),0,0,0,896.4,Dead,Maintain Algo,False,False,False,False,False,False,False,False,False,False,False,False,True,True,True,True,False,False,False,False,False,False,True,False,True,5
500184824,HEATED PEDESTAL VAC SNR 1(L),0,0,0,157.5,Dead,Maintain Algo,False,False,False,False,False,False,False,False,False,False,False,False,True,True,True,True,False,False,False,False,False,False,True,False,True,5
500184825,"SENSOR,INPUT,SHUTTLE,CONVEYOR,IN",0,0,0,198.0,Dead,Maintain Algo,False,False,False,False,False,False,False,False,False,False,False,False,True,False,True,True,False,False,False,False,False,False,True,False,True,4
500184826,"SENSOR,PHOTO,MICRO,EE-SX672",0,0,0,11.61,Dead,Maintain Algo,False,False,False,False,False,False,False,False,False,False,False,False,True,False,False,True,False,False,False,False,False,False,True,False,True,3
500184827,PHOTOMICROSENSOR EE-SX673(A),0,0,0,14.01,Dead,Maintain Algo,False,False,False,False,False,False,False,False,False,False,False,False,True,False,True,False,False,False,False,False,False,False,False,False,True,2
500184828,REFLECTIVE PHOTO SNR EE-SPY302,0,0,0,36.04,Dead,Maintain Algo,False,False,False,False,False,False,False,False,False,False,False,False,True,True,True,False,False,False,False,False,False,False,False,False,True,3
500184829,CARRIAGE AB PRESS SNR(L),0,0,0,162.0,Dead,Maintain Algo,False,False,False,False,False,False,False,False,False,False,False,False,True,True,True,True,False,False,False,False,False,False,True,False,True,5
500184830,"SERVO,ASSEMBLY,AC,ZCOLUMN",0,0,0,1239.3,Active Moving,Maintain Algo,False,False,False,False,False,False,False,False,False,False,False,False,False,False,False,True,False,False,False,False,False,False,False,False,False,1
500184831,BH WEAK BLOW SOL,1,0,0,119.34,Dead,Decrease Algo,False,False,False,False,False,False,False,False,False,False,False,False,True,False,False,True,False,False,False,False,False,True,True,False,True,4
500184832,STA VAC SOL 1(L),0,0,0,150.3,Dead,Maintain Algo,False,False,False,False,False,False,False,False,False,False,False,False,True,True,True,False,False,False,False,False,False,False,True,True,True,5
500184833,COS-L TOP CLAMP SOL,0,0,0,177.3,Dead,Maintain Algo,False,False,False,False,False,False,False,False,False,False,False,False,True,False,True,True,False,False,False,False,False,False,True,False,True,4
500184834,HT WC COL SOL(L),0,0,0,152.64,Dead,Maintain Algo,False,False,False,False,False,False,False,False,False,False,False,False,True,True,True,True,False,False,False,False,False,False,True,False,True,5
500184835,IMPINGING COOLING SOL,0,0,0,134.56,Dead,Maintain Algo,False,False,False,False,False,False,False,False,False,False,False,False,True,False,False,True,False,False,False,False,False,False,False,True,True,3
500184836,BH VAC SOL,0,0,0,121.75,Dead,Maintain Algo,False,False,False,False,False,False,False,False,False,False,False,False,False,False,False,True,False,False,False,False,False,True,True,False,True,3
500184838,CARRIAGE VAC PRELOAD SOL(L),0,0,0,163.8,Dead,Maintain Algo,False,False,False,False,False,False,False,False,False,False,False,False,True,True,True,True,False,False,False,False,False,False,True,True,True,6
500184839,COLLET CHANGE VAC SOL,0,0,0,130.56,Active Moving,Increase Algo,False,False,False,False,False,False,False,False,False,False,False,False,False,False,False,True,False,False,False,False,False,False,False,False,False,1
500184840,COS-L PRELOAD SOL,0,0,0,135.9,Dead,Maintain Algo,False,False,False,False,False,False,False,False,False,False,False,False,True,True,True,True,False,False,False,False,False,False,True,True,True,6
500184841,"SMPS 600W UNIV>24V3AX2,24V2.5A,24V5.5AX3",1,0,0,1014.06,Dead,Decrease Algo,False,False,False,False,False,False,False,False,False,False,False,False,True,False,False,True,False,False,False,False,False,False,True,True,True,4
500184843,LNPS 4KVA 12AX3 AUTO OFF-NO MCB,1,0,0,1144.62,Dead,Decrease Algo,False,False,False,False,False,False,False,False,False,False,False,False,False,False,False,True,False,False,False,False,False,False,True,True,False,3
500184844,"SUPPLY,POWER,24V,48V",0,0,0,2122.65,Dead,Maintain Algo,False,False,False,False,False,False,False,False,False,False,False,False,True,False,False,True,False,False,False,False,False,False,False,False,True,2
500184845,HT LNPS 7KVA 110V&40V&220V,0,0,0,2281.96,Dead,Maintain Algo,False,False,False,False,False,False,False,False,False,False,False,False,False,False,False,True,False,False,False,False,False,False,True,True,False,3
500184847,"SUPPLY,POWER,MOTOR,SMPS,1KW,UNIVERSAL",0,0,0,2326.1,Dead,Maintain Algo,False,False,False,False,False,False,False,False,False,False,False,False,False,False,False,True,False,False,False,False,False,False,False,False,False,1
500184848,"SUPPLY,POWER,SMPS,150VDC,800W",0,0,0,1577.97,Dead,Maintain Algo,False,False,False,False,False,False,False,False,False,False,False,False,True,False,False,True,False,False,False,False,False,False,True,True,True,4
500184849,AIR SUPPLY I SWITCH,0,0,0,274.5,Dead,Maintain Algo,False,False,False,False,False,False,False,False,False,False,False,False,True,True,True,True,False,False,False,False,False,False,True,False,True,5
500184850,VCM AIR BEARING SWITCH,0,0,0,244.3,Dead,Maintain Algo,False,False,False,False,False,False,False,False,False,False,False,False,True,True,True,True,False,False,False,False,False,False,True,False,True,5
500184851,BH MISSING DIE SWITCH,0,0,0,1099.77,Dead,Maintain Algo,False,False,False,False,False,False,False,False,False,False,False,False,True,False,True,True,False,False,False,False,False,False,False,True,True,4
500184852,BO AIR BEARING FLOW SWITCH,0,0,0,680.4,Dead,Maintain Algo,False,False,False,False,False,False,False,False,False,False,False,False,True,True,True,True,False,False,False,False,False,False,True,False,True,5
500184853,CARRIAGE VAC PRELOAD SWITCH(L),0,0,0,274.5,Dead,Maintain Algo,False,False,False,False,False,False,False,False,False,False,False,False,True,True,True,True,False,False,False,False,False,False,True,True,True,6
500184854,BD STAGE AB FLOW SWITCH(L),0,0,0,680.4,Dead,Maintain Algo,False,False,False,False,False,False,False,False,False,False,False,False,True,False,True,True,False,False,False,False,False,False,True,False,True,4
500184855,BD STAGE AB FLOW SWITCH(R),0,0,0,680.4,Dead,Maintain Algo,False,False,False,False,False,False,False,False,False,False,False,False,True,True,True,True,False,False,False,False,False,False,True,False,True,5
500184856,CARRIAGE VAC PRELOAD FLOW SWITCH,0,0,0,684.9,Dead,Maintain Algo,False,False,False,False,False,False,False,False,False,False,False,False,True,True,True,True,False,False,False,False,False,False,True,False,True,5
500184857,"SWITCH,PRESS,BOND,STAGE,AB,L",0,0,0,378.87,Dead,Maintain Algo,False,False,False,False,False,False,False,False,False,False,False,False,True,True,True,True,False,False,False,False,False,False,True,False,True,5
500184858,Z COLUMN AIR BEARING PRESS SWITCH,0,0,0,378.87,Dead,Maintain Algo,False,False,False,False,False,False,False,False,False,False,False,False,True,True,True,True,False,False,False,False,False,False,True,False,True,5
500184859,AUTOCOL AIR PRESS SWITCH,0,0,0,333.9,Dead,Maintain Algo,False,False,False,False,False,False,False,False,False,False,False,False,True,True,True,True,False,False,False,False,False,False,True,False,True,5
500184860,BH VAC PRESS SWITCH,0,0,0,222.67,Dead,Maintain Algo,False,False,False,False,False,False,False,False,False,False,False,False,True,False,False,False,False,False,False,False,False,False,False,True,True,2
500184861,TCB PEDESTAL THERMOCOUPLE 1,0,0,0,96.12,Dead,Maintain Algo,False,False,False,False,False,False,False,False,False,False,False,False,True,True,True,True,False,False,False,False,False,False,True,False,True,5
500184862,TIP/ TILT ASSY,0,0,0,30727.8,Dead,Maintain Algo,False,False,False,False,False,False,False,False,False,False,False,False,True,False,True,True,False,False,False,False,False,False,False,False,True,3
500184863,TIP TILT MICRO-E ELE ASSY,0,0,0,1223.12,Dead,Maintain Algo,False,False,False,False,False,False,False,False,False,False,False,False,True,False,False,True,False,False,False,False,False,False,True,True,True,4
500184864,DIE TRANSFER/PCIK ARM VAC SWITCH,0,0,0,379.67,Dead,Maintain Algo,False,False,False,False,False,False,False,False,False,False,False,False,True,True,True,True,False,False,False,False,False,False,True,False,True,5
500184865,"TRANSFORMER,ASSY,110V,220V",0,0,0,711.28,Dead,Maintain Algo,False,False,False,False,False,False,False,False,False,False,False,False,True,False,True,True,False,False,False,False,False,False,True,False,True,4
500184927,X32 TAPE FEEDER,0,0,0,2090.61,Dead,Maintain Algo,False,False,False,False,False,False,False,False,False,False,False,False,True,False,True,True,False,False,False,False,False,False,True,False,True,4
500184923,O2 ANALYZER ASSY,0,0,0,2480.0,Active Moving,Maintain Algo,False,False,False,False,False,False,False,False,False,False,False,False,False,False,False,True,False,False,False,False,False,False,False,False,False,1
500184928,AIR FILTER AF20-A SERIES,0,0,0,33.64,Dead,Maintain Algo,False,False,False,False,False,False,False,False,False,False,False,False,True,True,True,True,False,False,False,False,False,False,True,True,True,6
500184929,AIR FILTER,0,0,0,17.22,Dead,Maintain Algo,False,False,False,False,False,False,False,False,False,False,False,False,True,False,False,True,False,False,False,False,False,False,False,True,True,3
500184930,CLEAN AIR FILTER SFD100-C06,4,2,0,161.55,Active Moving,Decrease Algo,False,False,False,False,False,False,False,False,False,False,False,False,False,False,False,True,False,False,False,False,False,False,False,False,False,1
500184931,"FILTER,ULPA,999995,0.12UM,ASTROCELII",0,0,0,712.89,Dead,Maintain Algo,False,False,False,False,False,False,False,False,False,False,False,False,True,False,False,True,False,False,False,False,False,False,True,True,True,4
500184932,RUBBER GASKET W/TAPE 7/32INCH X 3/8INCH,0,0,0,8.1,Dead,Maintain Algo,False,False,False,False,False,False,False,False,False,False,False,False,True,False,True,False,False,False,False,False,False,False,True,False,True,3
500184933,SEALING HEAD (VITON; OD=4; H=4),0,0,0,17.1,Dead,Maintain Algo,False,False,False,False,False,False,False,False,False,False,False,False,True,False,True,True,False,False,False,False,False,False,True,False,True,4
500184934,IN-LINE VACUUM FILTER ZFC 100-048,1,0,0,29.63,Active Moving,Maintain Algo,False,False,False,False,False,False,False,False,False,False,False,False,False,False,False,True,False,False,False,False,False,False,False,False,False,1
500184935,IONIZER ASSEMBLY (BAR TYPE),0,0,0,3604.5,Dead,Maintain Algo,False,False,False,False,False,False,False,False,False,False,False,False,True,True,True,False,False,False,False,False,False,False,False,False,True,3
500184936,NOZZLE - 2057 CPL.,0,0,0,86.5,Dead,Maintain Algo,False,False,False,False,False,False,False,False,False,False,False,False,True,True,True,True,False,False,False,False,False,False,True,False,True,5
500184937,IONIZER CABLE ASSY,0,0,0,2520.0,Dead,Maintain Algo,False,False,False,False,False,False,False,False,False,False,False,False,True,True,True,True,False,False,False,False,False,False,False,False,True,4
500184938,"NOZZLE,2821CPL",0,0,0,56.07,Dead,Maintain Algo,False,False,False,False,False,False,False,False,False,False,False,False,True,False,False,True,False,False,False,False,False,False,True,False,True,3
500184939,(DTA) ARRAY PATTERN NOZZLE PLATFORM,0,0,0,270.0,Dead,Maintain Algo,False,False,False,False,False,False,False,False,False,False,False,False,True,True,True,True,False,False,False,False,False,False,False,False,True,4
500184940,O-RING 1.5 X 4 ID MM,0,0,0,1.35,Dead,Maintain Algo,False,False,False,False,False,False,False,False,False,False,False,False,True,False,True,True,False,False,False,False,False,False,True,True,True,5
500184941,O-RING 1X ID12 MM,0,0,0,0.9,Dead,Maintain Algo,False,False,False,False,False,False,False,False,False,False,False,False,True,True,True,True,False,False,False,False,False,False,True,True,True,6
500184942,O-RING 1.00 X 6.00 ID FKM,0,0,0,0.8,Dead,Maintain Algo,False,False,False,False,False,False,False,False,False,False,False,False,True,False,True,True,False,False,False,False,False,False,True,True,True,5
500184943,O-RING 1.00 X 137.00 ID 70 BN,0,0,0,3.6,Dead,Maintain Algo,False,False,False,False,False,False,False,False,False,False,False,False,True,True,True,True,False,False,False,False,False,False,True,True,True,6
500184944,O-RING 3 X 24 ID MM,0,0,0,1.35,Dead,Maintain Algo,False,False,False,False,False,False,False,False,False,False,False,False,True,False,True,True,False,False,False,False,False,False,True,True,True,5
500184945,O-RING 1.8 X 6.00 ID 70 SILICONE,0,0,0,1.6,Dead,Maintain Algo,False,False,False,False,False,False,False,False,False,False,False,False,True,False,False,True,False,False,False,False,False,False,False,True,True,3
500184946,O-RING 1 X 3.00 ID 70 SILICONE,0,0,0,3.2,Dead,Maintain Algo,False,False,False,False,False,False,False,False,False,False,False,False,True,False,False,True,False,False,False,False,False,False,True,True,True,4
500184947,"ORING,SILICONE,1X5ID,70",0,0,0,2.7,Dead,Maintain Algo,False,False,False,False,False,False,False,False,False,False,False,False,True,False,False,True,False,False,False,False,False,False,True,True,True,4
500184948,O-RING 0.60 X 2.50ID 75 VITON,0,0,0,13.61,Dead,Maintain Algo,False,False,False,False,False,False,False,False,False,False,False,False,True,False,False,True,False,False,False,False,False,False,True,True,True,4
500184949,O-RING 1 X 12.2 ID 70 VITON,0,0,0,6.3,Dead,Maintain Algo,False,False,False,False,False,False,False,False,False,False,False,False,True,True,True,True,False,False,False,False,False,False,True,True,True,6
500184950,O-RING 8X1 70 VITON,0,0,0,5.4,Dead,Maintain Algo,False,False,False,False,False,False,False,False,False,False,False,False,True,False,True,True,False,False,False,False,False,False,False,True,True,4
500184951,O-RING 1 X 32 ID 70 VITON,0,0,0,12.6,Dead,Maintain Algo,False,False,False,False,False,False,False,False,False,False,False,False,True,True,True,True,False,False,False,False,False,False,True,True,True,6
500184952,"SEAL,VACUUM,ID4MM",0,0,0,16.02,Dead,Maintain Algo,False,False,False,False,False,False,False,False,False,False,False,False,True,False,True,True,False,False,False,False,False,False,False,False,True,3
500184953,"VITON COLLECT (OD4, 8, ID 4) SHORE A60",0,0,0,2.7,Dead,Maintain Algo,False,False,False,False,False,False,False,False,False,False,False,False,True,True,True,True,False,False,False,False,False,False,True,False,True,5
500184954,"SUCTION CUP,VITON,OD2.6,ID2.2.",0,0,0,2.7,Dead,Maintain Algo,False,False,False,False,False,False,False,False,False,False,False,False,True,False,True,True,False,False,False,False,False,False,True,False,True,4
500184955,COMPRESSION SPRING D10800         [54B7],0,0,0,4.5,Dead,Maintain Algo,False,False,False,False,False,False,False,False,False,False,False,False,True,True,True,True,False,False,False,False,False,False,True,False,True,5
500184956,EXTENSION SPRING E1000-125-3000-S,0,0,0,51.3,Dead,Maintain Algo,False,False,False,False,False,False,False,False,False,False,False,False,True,True,True,True,False,False,False,False,False,False,True,False,True,5
500184957,EXTENSION SPRING T32110,0,0,0,12.01,Dead,Maintain Algo,False,False,False,False,False,False,False,False,False,False,False,False,True,False,True,True,False,False,False,False,False,False,True,False,True,4
500184958,EXTENSION SPRING T32030,0,0,0,6.75,Dead,Maintain Algo,False,False,False,False,False,False,False,False,False,False,False,False,True,True,True,True,False,False,False,False,False,False,True,False,True,5
500184960,EXTENSION SPRING T41960,0,0,0,7.6,Dead,Maintain Algo,False,False,False,False,False,False,False,False,False,False,False,False,True,True,True,True,False,False,False,False,False,False,True,False,True,5
500184961,(WH) LEVEL ADJ SPRING,0,0,0,2.4,Dead,Maintain Algo,False,False,False,False,False,False,False,False,False,False,False,False,True,True,True,True,False,False,False,False,False,False,True,False,True,5
500184962,DEW POINT INDICATOR KIT IDG-DP01,0,0,0,77.4,Dead,Maintain Algo,False,False,False,False,False,False,False,False,False,False,False,False,True,True,True,True,False,False,False,False,False,False,True,False,True,5
500184963,AIR DRYER MEMBRANE IDG-EL5,0,0,0,605.7,Dead,Maintain Algo,False,False,False,False,False,False,False,False,False,False,False,False,True,True,True,True,False,False,False,False,False,False,True,False,True,5
500184964,VACUUM FILTER W/FITTING ZFC54-B,1,0,0,14.15,Dead,Decrease Algo,False,False,False,False,False,False,False,False,False,False,False,False,True,False,False,True,False,False,False,False,False,False,True,True,True,4
500186224,(SM) BOND HEAD MODULE,0,0,0,53200.0,Dead,Maintain Algo,False,False,False,False,False,False,False,False,False,False,False,False,True,True,True,True,False,False,False,False,False,False,False,False,True,4
500186235,LINEAR MOTOR COIL ASSY (14.5 MM TRAVEL),0,0,0,85.7,Dead,Maintain Algo,False,False,False,False,False,False,False,False,False,False,False,False,True,True,True,True,False,False,False,False,False,False,True,False,True,5
500186237,WD20 0.42X FOV9.1X6.8 TELE LENS (SIDE),0,0,0,4382.27,Dead,Maintain Algo,False,False,False,False,False,False,False,False,False,False,False,False,True,False,True,True,False,False,False,False,False,False,True,False,True,4
500186238,JOYSTICK CABLE ASSY,0,0,0,67.28,Dead,Maintain Algo,False,False,False,False,False,False,False,False,False,False,False,False,True,True,True,True,False,False,False,False,False,False,True,False,True,5
500186240,WORKCHUCK X MOTOR COIL ASSY (LEFT),0,0,0,345.6,Dead,Maintain Algo,False,False,False,False,False,False,False,False,False,False,False,False,True,False,True,True,False,False,False,False,False,False,True,False,True,4
500186241,LEFT WC FRONT X ENC ASSY,0,0,0,4499.1,Dead,Maintain Algo,False,False,False,False,False,False,False,False,False,False,False,False,True,True,True,True,False,False,False,False,False,False,True,False,True,5
500186242,BH Z ENCODER ASSY,0,0,0,4341.42,Dead,Maintain Algo,False,False,False,False,False,False,False,False,False,False,False,False,False,False,False,True,False,False,False,False,False,False,False,False,False,1
500186245,XFM 13.2KVA 208..480VX3>110V/40V20AX2X3P,0,0,0,4180.41,Dead,Maintain Algo,False,False,False,False,False,False,False,False,False,False,False,False,True,False,True,True,False,False,False,False,False,False,True,False,True,4
500186246,"CABLE,HEPA,FRONT,FILTER,FAN,ASSEMBLY",0,0,0,1108.58,Dead,Maintain Algo,False,False,False,False,False,False,False,False,False,False,False,False,True,False,True,True,False,False,False,False,False,False,True,False,True,4
500186247,"ENCODER,ASSY,Y,LEFT,WC",0,0,0,4004.19,Dead,Maintain Algo,False,False,False,False,False,False,False,False,False,False,False,False,True,False,False,True,False,False,False,False,False,False,False,False,True,2
500186248,REAR HEPA FILTER FAN CABLE ASSY,0,0,0,1416.96,Dead,Maintain Algo,False,False,False,False,False,False,False,False,False,False,False,False,True,True,True,True,False,False,False,False,False,False,True,False,True,5
500186249,NAS 2-BAY 2-LAN DISKSTATION DS720+,1,0,0,975.61,Active Moving,Maintain Algo,False,False,False,False,False,False,False,False,False,False,False,False,False,False,False,True,False,False,False,False,False,False,False,False,False,1
500186250,SYRINGE LEVEL SENSOR,0,0,0,1583.1,Dead,Maintain Algo,False,False,False,False,False,False,False,False,False,False,False,False,True,True,True,True,False,False,False,False,False,False,True,False,True,5
500186251,"SCALE,ZERODUR,LIF401R,ML=320MM",0,0,0,2519.14,Dead,Maintain Algo,False,False,False,False,False,True,True,False,False,False,False,False,True,False,False,False,False,False,False,False,False,False,True,True,True,5
500186252,"SCALE,ZERODUR,LIF401,ML=70MM,GO",0,0,0,1404.95,Dead,Maintain Algo,False,False,False,False,False,False,False,False,False,False,False,False,True,False,False,True,False,False,False,False,False,False,True,True,True,4
500186253,"SCALE,ZERODUR,LIF401R,ML=120MM",0,0,0,1630.03,Dead,Maintain Algo,False,False,False,False,False,False,False,False,False,False,False,False,True,False,True,True,False,False,False,False,False,False,True,True,True,5
500186254,ZERODUR SCALE LIF401R ML=520MM G0,0,0,0,3332.96,Dead,Maintain Algo,False,False,False,False,False,False,False,False,False,False,False,False,True,False,True,True,False,False,False,False,False,False,True,True,True,5
500186255,"SCALE,ZERODUR,LIF401R,ML=320MM",1,0,0,1128.6,Dead,Decrease Algo,False,False,False,False,False,False,False,False,False,False,False,False,True,False,True,False,False,False,False,False,False,False,True,True,True,4
500186256,ZERODUR SCALE LIF409R ML=3MM,1,0,0,564.7,Active Moving,Maintain Algo,False,False,False,False,False,False,False,False,False,False,False,False,False,False,False,True,False,False,False,False,False,False,False,False,False,1
500186257,UPS EOL UGK,0,0,0,14662.75,Dead,Maintain Algo,False,False,False,False,False,False,False,False,False,False,False,False,True,False,False,True,False,False,False,False,False,False,True,False,True,3
500186258,UPS 620VA 230V 5MIN,1,0,0,453.36,Active Moving,Increase Algo,False,False,False,False,False,False,False,False,False,False,False,False,False,False,False,True,False,False,False,False,False,False,False,False,False,1
500191884,SUCTION CUP  DIA 4.5MM FKM,1,0,0,8.01,Dead,Decrease Algo,False,False,False,False,False,False,False,False,False,False,False,False,False,False,False,True,False,False,False,False,False,False,True,True,False,3
500194609,"Exhaust hose clamp 4""",0,0,0,5.5,Dead,Maintain Algo,False,False,False,False,False,False,False,False,False,False,False,False,True,True,True,True,False,False,False,False,False,False,False,False,True,4
500194610,Main circuit breaker (Q100),0,0,0,1925.7,Dead,Maintain Algo,False,False,False,False,False,False,False,False,False,False,False,False,True,True,True,True,False,False,False,False,False,False,False,False,True,4
500194902,CALIBRATION GLASS #29 (12X12X1MM),0,0,0,391.0,Dead,Maintain Algo,False,False,False,False,False,False,False,False,False,False,False,False,True,False,False,True,False,False,False,False,False,False,False,False,True,2
500197788,PEDESTAL O-RING (9.6X2.5 RTV31),1,0,0,15.21,Dead,Decrease Algo,False,False,False,False,False,False,False,False,False,False,False,False,False,False,False,False,False,False,False,False,False,False,True,True,False,2
500198095,PLASTIC PLAIN BEARING JUM-S-06LY,0,0,0,13.04,Dead,Maintain Algo,False,False,False,False,False,False,False,False,False,False,False,False,True,False,True,True,False,False,False,False,False,False,True,False,True,4
500201345,SOC HD CAP SCREW M2X8,0,0,0,1.04,Dead,Maintain Algo,False,False,False,False,False,False,False,False,False,False,False,False,True,False,False,False,False,False,False,False,False,False,False,False,True,1
500201346,SHIM 0.01MM,1,0,0,117.81,Active Moving,Maintain Algo,False,False,False,False,False,False,False,False,False,False,False,False,False,False,False,True,False,False,False,False,False,False,False,False,False,1
500204342,O-RING1.8X6IDMM SHARE A 50-EK NBR,0,0,0,1.2,Dead,Maintain Algo,False,False,False,False,False,False,False,False,False,False,False,False,True,True,True,True,False,False,False,False,False,False,True,False,True,5
500204343,STACKER UD LEADSCREW ASSY,0,0,0,485.4,Dead,Maintain Algo,False,False,False,False,False,False,False,False,False,False,False,False,True,True,True,True,False,False,False,False,False,False,True,False,True,5
500204344,CM CHOKE AND DUMMY LOADER ASSY,0,0,0,398.7,Dead,Maintain Algo,False,False,False,False,False,False,False,False,False,False,False,False,True,False,True,True,False,False,False,False,False,False,True,False,True,4
500204345,"ASSEMBLY,TIMING,PULLEY",1,0,0,38.44,Dead,Decrease Algo,False,False,False,False,False,False,False,False,False,False,False,False,False,False,False,True,False,False,False,False,False,False,True,True,False,3
500204346,"ASSEMBLY,Z,SERVO,48V,200W,ELE,BH",0,0,0,1613.21,Active Moving,Increase Algo,False,False,False,False,False,False,False,False,False,False,False,False,False,False,False,True,False,False,False,False,False,False,False,False,False,1
500204348,3P AC INPUT BOX,0,0,0,1863.92,Dead,Maintain Algo,False,False,False,False,False,False,False,False,False,False,False,False,True,True,True,True,False,False,False,False,False,False,True,False,True,5
500204349,2 PIN 6CH DC PWR DIST BOX,0,0,0,98.52,Dead,Maintain Algo,False,False,False,False,False,False,False,False,False,False,False,False,True,True,True,True,False,False,False,False,False,False,True,False,True,5
500204350,OT UP/DN DC HT CABLE ASSY,0,0,0,215.46,Dead,Maintain Algo,False,False,False,False,False,False,False,False,False,False,False,False,True,False,False,True,False,False,False,False,False,False,False,False,True,2
500204351,OT UP/DN DC HT CABLE ASSY,0,0,0,215.46,Dead,Maintain Algo,False,False,False,False,False,False,False,False,False,False,False,False,True,False,False,True,False,False,False,False,False,False,False,False,True,2
500204352,"CABLE,SOLENOID,CABLE,DPA,WEAK,BLOW,Z",0,0,0,99.32,Dead,Maintain Algo,False,False,False,False,False,False,False,False,False,False,False,False,True,False,False,True,False,False,False,False,False,False,False,False,True,2
500204353,IO STEPPER MOTOR DRIVER ASSY,0,0,0,364.45,Dead,Maintain Algo,False,False,False,False,False,False,False,False,False,False,False,False,True,True,True,True,False,False,False,False,False,False,True,False,True,5
500204354,(DPA) VACUUM SENSOR CABLE,0,0,0,148.18,Dead,Maintain Algo,False,False,False,False,False,False,False,False,False,False,False,False,True,False,True,True,False,False,False,False,False,False,False,False,True,3
500204355,ANTISTATIC MALE ELBOW KQ2L10-04AS,0,0,0,13.61,Dead,Maintain Algo,False,False,False,False,False,False,False,False,False,False,False,False,True,False,False,True,False,False,False,False,False,False,True,False,True,3
500204356,E-RING FOR GROOVE DIA 5MM SST,0,0,0,9.61,Dead,Maintain Algo,False,False,False,False,False,False,False,False,False,False,False,False,True,True,True,True,False,False,False,False,False,False,True,False,True,5
500204357,"GUIDE,LM,AFF,Z,STAGE.LEFT",0,0,0,377.27,Dead,Maintain Algo,False,False,False,False,False,False,False,False,False,False,False,False,True,False,True,True,False,False,False,False,False,False,True,False,True,4
500204358,"ENCODER,ASSEMBLY,DPA,X,AXIS",0,0,0,784.98,Dead,Maintain Algo,False,False,False,False,False,False,False,False,False,False,False,False,True,False,False,True,False,False,False,False,False,False,True,False,True,3
500204360,"ENCODER,ASSEMBLY,DPA,Y,AXIS",0,0,0,784.98,Dead,Maintain Algo,False,False,False,False,False,False,False,False,False,False,False,False,True,False,True,True,False,False,False,False,False,False,False,False,True,3
500204361,E-RING FOR GROOVE DIA 4MM SST,0,0,0,0.8,Dead,Maintain Algo,False,False,False,False,False,False,False,False,False,False,False,False,True,True,True,True,False,False,False,False,False,False,True,False,True,5
500204362,"HEAD,INSPECTION,ASSEMBLY,LEFT,DDLO",0,0,0,9491.44,Dead,Maintain Algo,False,False,False,False,False,False,False,False,False,False,False,False,True,False,True,True,False,False,False,False,False,False,True,False,True,4
500204363,DDLO INSP HEAD ASSY RIGHT,0,0,0,9426.96,Dead,Maintain Algo,False,False,False,False,False,False,False,False,False,False,False,False,True,False,True,True,False,False,False,False,False,False,False,False,True,3
500204364,"IDLER,ASSEMBLY,12DIA,YTRANS,CONVYR,SHUTL",0,0,0,36.84,Dead,Maintain Algo,False,False,False,False,False,False,False,False,False,False,False,False,True,True,True,True,False,False,False,False,False,False,True,False,True,5
500204365,MANIFOLD VV5K3-20-04,0,0,0,54.46,Dead,Maintain Algo,False,False,False,False,False,False,False,False,False,False,False,False,True,True,True,False,False,False,False,False,False,False,True,False,True,4
500204366,MANIFOLD VV5K3-20-08,0,0,0,124.15,Dead,Maintain Algo,False,False,False,False,False,False,False,False,False,False,False,False,True,True,True,False,False,False,False,False,False,False,True,False,True,4
500204367,(PENU)AIR BEARING FLOWMETER (N2),0,0,0,1196.69,Dead,Maintain Algo,False,False,False,False,False,False,False,False,False,False,False,False,True,False,True,True,False,False,False,False,False,False,True,False,True,4
500204368,Z COLUMN AIR BEARING FLOWMETER,0,0,0,1203.9,Dead,Maintain Algo,False,False,False,False,False,False,False,False,False,False,False,False,True,False,True,True,False,False,False,False,False,False,False,False,True,3
500204369,(PENU)AIR BEARING FLOWMETER (WAFER CHUCK,0,0,0,1196.69,Dead,Maintain Algo,False,False,False,False,False,False,False,False,False,False,False,False,True,True,True,True,False,False,False,False,False,False,True,False,True,5
500204370,(BH)COOLING BLOCK FLOWMETER,0,0,0,1055.71,Dead,Maintain Algo,False,False,False,False,False,False,False,False,False,False,False,False,True,True,True,True,False,False,False,False,False,False,True,False,True,5
500204371,(BH)IMPINGING COL 1# FLOWMETER,0,0,0,1055.71,Dead,Maintain Algo,False,False,False,False,False,False,False,False,False,False,False,False,True,False,True,True,False,False,False,False,False,False,True,False,True,4
500204372,"MODULE,DRIVER,MARKIIIS,ASSY,MK",0,0,0,2028.13,Dead,Maintain Algo,False,False,False,False,False,False,False,False,False,False,False,False,True,False,False,True,False,False,False,False,False,False,False,False,True,2
500204373,"METER,FLOW,IMPINGING,COL#2,BH",0,0,0,1055.71,Dead,Maintain Algo,False,False,False,False,False,False,False,False,False,False,False,False,True,False,True,True,False,False,False,False,False,False,True,False,True,4
500204375,O-RING ID13 OD17,0,0,0,9.61,Dead,Maintain Algo,False,False,False,False,False,False,False,False,False,False,False,False,True,False,True,True,False,False,False,False,False,False,True,True,True,5
500204376,"ORING,SILICONE,3.00X10.00,40,PNUE,BOX.",0,0,0,11.21,Dead,Maintain Algo,False,False,False,False,False,False,False,False,False,False,False,False,True,False,False,True,False,False,False,False,False,False,True,True,True,4
500204377,"PEDESTAL O-RING NUT (D6.5, M5)",0,0,0,6.4,Dead,Maintain Algo,False,False,False,False,False,False,False,False,False,False,False,False,True,False,True,True,False,False,False,False,False,False,False,False,True,3
500204378,"PULLEY,CONVEYOR,BELT,DRIVING,LONG",0,0,0,115.34,Dead,Maintain Algo,False,False,False,False,False,False,False,False,False,False,False,False,True,False,True,True,False,False,False,False,False,False,True,False,True,4
500204379,CONVEYOR BELT PULLEY SET,0,0,0,103.32,Dead,Maintain Algo,False,False,False,False,False,False,False,False,False,False,False,False,True,False,True,True,False,False,False,False,False,False,True,False,True,4
500204380,"2.5"" REMOVABLE HARD DISK MOBILE RACK",0,0,0,140.17,Dead,Maintain Algo,False,False,False,False,False,False,False,False,False,False,False,False,True,False,False,True,False,False,False,False,False,False,False,False,True,2
500204381,CONVEYOR BELT PULLEY SET (DRIVING),0,0,0,142.57,Dead,Maintain Algo,False,False,False,False,False,False,False,False,False,False,False,False,True,False,True,True,False,False,False,False,False,False,True,False,True,4
500204382,(BH)VACUUM REGULATOR,0,0,0,1291.21,Dead,Maintain Algo,False,False,False,False,False,False,False,False,False,False,False,False,True,False,False,True,False,False,False,False,False,False,True,True,True,4
500204383,(BS-L)VACUUM REGULATOR,0,0,0,1291.21,Dead,Maintain Algo,False,False,False,False,False,False,False,False,False,False,False,False,True,False,True,True,False,False,False,False,False,False,True,True,True,5
500204384,"RINGLIGHT,ASSY,UD,OPTICS,Y,TABLE,HVMOT",0,0,0,2718.59,Dead,Maintain Algo,False,False,False,False,False,False,False,False,False,False,False,False,True,False,False,True,False,False,False,False,False,False,True,False,True,3
500204386,(BS-R)VACUUM REGULATOR,0,0,0,1291.21,Dead,Maintain Algo,False,False,False,False,False,False,False,False,False,False,False,False,True,False,True,True,False,False,False,False,False,False,True,False,True,4
500204388,"SENSOR,FLOW,BEAM,BS,AB,LEFT",0,0,0,804.2,Dead,Maintain Algo,False,False,False,False,False,False,False,False,False,False,False,False,True,True,True,False,False,False,False,False,False,False,True,False,True,4
500204389,(BS-R)BEAM AB FLOW SNR(R),0,0,0,804.2,Dead,Maintain Algo,False,False,False,False,False,False,False,False,False,False,False,False,True,False,True,False,False,False,False,False,False,False,False,False,True,2
500204390,"SENSOR,FLOW,CARRIAGE,BS,AB,LEFT",0,0,0,804.2,Dead,Maintain Algo,False,False,False,False,False,False,False,False,False,False,False,False,True,True,True,False,False,False,False,False,False,False,True,False,True,4
500204391,"SENSOR,FLOW,CARRIAGE,BS,AB,RIGHT",0,0,0,804.2,Dead,Maintain Algo,False,False,False,False,False,False,False,False,False,False,False,False,True,True,True,False,False,False,False,False,False,False,True,False,True,4
500204392,"SENSOR,FLOW,Y,VERTICAL,BS,AB,RIGHT",0,0,0,804.2,Dead,Maintain Algo,False,False,False,False,False,False,False,False,False,False,False,False,True,True,True,False,False,False,False,False,False,False,True,False,True,4
500204393,"SENSOR,FLOW,VERTICAL,BS,AB,LEFT",0,0,0,804.2,Dead,Maintain Algo,False,False,False,False,False,False,False,False,False,False,False,False,True,True,True,False,False,False,False,False,False,False,True,False,True,4
500204394,DIE TRANSFER ARM VAC SENSOR,0,0,0,152.19,Dead,Maintain Algo,False,False,False,False,False,False,False,False,False,False,False,False,True,False,True,True,False,False,False,False,False,False,True,False,True,4
500204395,(BS-L)HEATED PEDESTAL VAC SNR 1(L),0,0,0,141.77,Dead,Maintain Algo,False,False,False,False,False,False,False,False,False,False,False,False,True,False,False,True,False,False,False,False,False,False,True,False,True,3
500204396,PHOTOELECTRIC SENSOR OADM 12U6430/S35A,0,0,0,2998.14,Dead,Maintain Algo,False,False,False,False,False,False,False,False,False,False,False,False,True,True,True,True,False,False,False,False,False,False,True,False,True,5
500204397,"SENSOR,VACUUM,PEDESTAL,HEATED,BS,LEFT,2",0,0,0,141.77,Dead,Maintain Algo,False,False,False,False,False,False,False,False,False,False,False,False,True,False,False,False,False,False,False,False,False,False,False,False,True,1
500204398,"SENSOR,VACUUM,PEDESTAL,HEATED,BS,LEFT,3",0,0,0,141.77,Dead,Maintain Algo,False,False,False,False,False,False,False,False,False,False,False,False,True,False,False,True,False,False,False,False,False,False,True,False,True,3
500204399,MASSFLOW SENSOR MCS100A108,0,0,0,257.12,Dead,Maintain Algo,False,False,False,False,False,False,False,False,False,False,False,False,True,False,True,True,False,False,False,False,False,False,True,False,True,4
500204400,"SENSOR,VACUUM,PEDESTAL,HEATED,BS,LEFT,4",0,0,0,141.77,Dead,Maintain Algo,False,False,False,False,False,False,False,False,False,False,False,False,True,False,False,True,False,False,False,False,False,False,True,False,True,3
500204401,"SENSOR,VACUUM,PEDESTAL,HEATED,BS,RIGHT,1",0,0,0,141.77,Dead,Maintain Algo,False,False,False,False,False,False,False,False,False,False,False,False,True,False,False,True,False,False,False,False,False,False,True,False,True,3
500204402,"SENSOR,VACUUM,PEDESTAL,HEATED,BS,RIGHT,3",0,0,0,141.77,Dead,Maintain Algo,False,False,False,False,False,False,False,False,False,False,False,False,True,False,False,True,False,False,False,False,False,False,True,False,True,3
500204403,(BH)BH AIR BEARING SOL,0,0,0,123.35,Dead,Maintain Algo,False,False,False,False,False,False,False,False,False,False,False,False,True,False,True,True,False,False,False,False,False,False,True,True,True,5
500204404,"SENSOR,VACUUM,PEDESTAL,HEATED,BS,RIGHT,2",0,0,0,141.77,Dead,Maintain Algo,False,False,False,False,False,False,False,False,False,False,False,False,True,False,False,True,False,False,False,False,False,False,True,False,True,3
500204405,(DTA)DIE TRANSFER ARM BLOW SOL,0,0,0,123.35,Dead,Maintain Algo,False,False,False,False,False,False,False,False,False,False,False,False,True,False,True,True,False,False,False,False,False,False,False,False,True,3
500204406,"SENSOR,VACUUM,PEDESTAL,HEATED,BS,RIGHT,4",0,0,0,141.77,Dead,Maintain Algo,False,False,False,False,False,False,False,False,False,False,False,False,True,False,False,True,False,False,False,False,False,False,True,False,True,3
500204407,"SENSOR,VAC,STA-L,COVER.STRIP,THETA,1(L)",0,0,0,147.38,Dead,Maintain Algo,False,False,False,False,False,False,False,False,False,False,False,False,True,False,False,True,False,False,False,False,False,False,True,False,True,3
500204408,(STA-L)STA FOR COVER/STRIP VAC SNR 2(L),0,0,0,147.38,Dead,Maintain Algo,False,False,False,False,False,False,False,False,False,False,False,False,True,False,False,False,False,False,False,False,False,False,False,False,True,1
500204409,POST HEAT STATION VAC SOL 4(R),0,0,0,133.76,Dead,Maintain Algo,False,False,False,False,False,False,False,False,False,False,False,False,True,False,False,True,False,False,False,False,False,False,True,False,True,3
500204410,(STA-R)COVER VACUUM SOL,0,0,0,133.76,Dead,Maintain Algo,False,False,False,False,False,False,False,False,False,False,False,False,True,False,False,True,False,False,False,False,False,False,True,False,True,3
500204411,(DTA)DIE TRANSFER ARM VAC SOL,0,0,0,133.76,Dead,Maintain Algo,False,False,False,False,False,False,False,False,False,False,False,False,True,False,True,True,False,False,False,False,False,False,True,False,True,4
500204412,"MCB 2P 400V 25A,5-10X25A",0,0,0,33.64,Dead,Maintain Algo,False,False,False,False,False,False,False,False,False,False,False,False,True,True,True,True,False,False,False,False,False,False,True,False,True,5
500204413,BD STAGE AB FLOW SWITCH(L),0,0,0,619.97,Dead,Maintain Algo,False,False,False,False,False,False,False,False,False,False,False,False,True,True,True,False,False,False,False,False,False,False,True,False,True,4
500204414,"SWITCH,FLOW,BS,AB,RIGHT",0,0,0,619.97,Dead,Maintain Algo,False,False,False,False,False,False,False,False,False,False,False,False,True,True,True,False,False,False,False,False,False,False,False,False,True,3
500204415,(STA-R)SUBSTRATE VACUUM SOL,0,0,0,133.76,Dead,Maintain Algo,False,False,False,False,False,False,False,False,False,False,False,False,True,False,True,True,False,False,False,False,False,False,True,False,True,4
500204416,Z  STOPPER,0,0,0,14.41,Dead,Maintain Algo,False,False,False,False,False,False,False,False,False,False,False,False,True,True,True,False,False,False,False,False,False,False,True,False,True,4
500204417,"MCB 4P 415V 25A,10-20X25A",0,0,0,88.91,Dead,Maintain Algo,False,False,False,False,False,False,False,False,False,False,False,False,True,False,True,True,False,False,False,False,False,False,True,False,True,4
500204418,"SWITCH,FLOW,VACUUM,CARRIAGE,PRELOAD,BH",0,0,0,610.36,Dead,Maintain Algo,False,False,False,False,False,False,False,False,False,False,False,False,True,True,True,False,False,False,False,False,False,False,False,False,True,3
500204419,3U SMPS-10 ASSY24V&48V)_NO FRONT PANEL.,0,0,0,2020.12,Dead,Maintain Algo,False,False,False,False,False,False,False,False,False,False,False,False,True,False,False,True,False,False,False,False,False,False,True,False,True,3
500204420,(IO)DIE TRANSFER/PICK ARM VAC SWITCH,0,0,0,456.57,Dead,Maintain Algo,False,False,False,False,False,False,False,False,False,False,False,False,True,False,True,True,False,False,False,False,False,False,False,False,True,3
500204421,BH VAC REGULATOR BYPASS SOL,0,0,0,134.56,Dead,Maintain Algo,False,False,False,False,False,False,False,False,False,False,False,False,True,False,False,True,False,False,False,False,False,False,True,False,True,3
500204422,BRANCH TEE UNION,0,0,0,13.61,Dead,Maintain Algo,False,False,False,False,False,False,False,False,False,False,False,False,True,True,True,True,False,False,False,False,False,False,True,False,True,5
500204448,FEMALE CRIMP TERMINAL PIN,0,0,0,1.04,Dead,Maintain Algo,False,False,False,False,False,False,False,False,False,False,False,False,True,True,True,False,False,False,False,False,False,False,False,False,True,3
500204966,3200X2200-W-N-L-20-A-YYMMDD-AXXXX,0,0,0,801.0,Dead,Maintain Algo,False,False,False,False,False,False,False,False,False,False,False,False,True,False,False,True,False,False,False,False,False,False,True,False,True,3
500204967,0880X0880-W-N-L-20-A-YYMMDD-AXXXX,0,0,0,881.1,Dead,Maintain Algo,False,False,False,False,False,False,False,False,False,False,False,False,True,False,True,True,False,False,False,False,False,False,True,False,True,4
500204969,NOZZLE SOKO 20XX 1.7X1.7,0,0,0,270.73,Dead,Maintain Algo,False,False,False,False,False,False,False,False,False,False,False,False,True,False,True,True,False,False,False,False,False,False,False,False,True,3
500205285,WATER FILTER SPANNER WRENCH,0,0,0,20.7,Dead,Maintain Algo,False,False,False,False,False,False,False,False,False,False,False,False,True,True,True,True,False,False,False,False,False,False,False,False,True,4
500206182,"1/2"" Hose Clamp",0,0,0,17.85,Dead,Maintain Algo,False,False,False,False,False,False,False,False,False,False,False,False,True,True,True,True,False,False,False,False,False,False,False,False,True,4
500207208,SPECTRUM VALVE CLAMP,0,0,0,38.16,Dead,Maintain Algo,False,False,False,False,False,False,False,False,False,False,False,False,True,False,True,True,False,False,False,False,False,False,True,False,True,4
500209139,"TCB NOZZLE BDW ULT 2+3 U1,G37465 CVD",0,0,0,10000.0,Dead,Maintain Algo,False,False,False,False,False,False,False,False,False,False,False,False,True,False,True,True,False,False,False,False,False,False,False,False,True,3
500209140,"TCB NOZZLE BDW ULT U2,G37470 CVD",0,0,0,10000.0,Dead,Maintain Algo,False,False,False,False,False,False,False,False,False,False,False,False,True,False,False,False,False,False,False,False,False,False,False,False,True,1
500211453,(DPA) NOZZLE 20XX RUBBER TIP D4.064,0,0,0,685.0,Dead,Maintain Algo,False,False,False,False,False,False,False,False,False,False,False,False,True,False,False,False,False,False,False,False,False,False,False,False,True,1
500212204,"CAMERA,DIGITAL,INTENSIFIER",0,0,0,82455.5,Dead,Maintain Algo,False,False,False,False,False,False,False,False,False,False,False,False,True,False,False,False,False,False,False,False,False,False,False,False,True,1
500212206,"DISK,TARGET,ORING,GLOBE",1,0,0,8234.0,Active Moving,Increase Algo,False,False,False,False,False,False,False,False,False,False,False,False,False,False,False,True,False,False,False,False,False,False,False,False,False,1
500212210,"FILAMENT,TUNGSTEN,CATHODE",1,0,0,6640.0,Active Moving,Increase Algo,False,False,False,False,False,False,False,False,False,False,False,False,False,False,False,True,False,False,False,False,False,False,False,False,False,1
500212211,"GAUGE,VACUUM",0,0,0,7570.0,Dead,Maintain Algo,False,False,False,False,False,False,False,False,False,False,False,False,True,False,False,False,False,False,False,False,False,False,False,False,True,1
500212227,"SENSOR,PHOTO",0,0,0,253.0,Dead,Maintain Algo,False,False,False,False,False,False,False,False,False,False,False,False,True,False,True,False,False,False,False,False,False,False,True,False,True,3
500212232,"SWITCH,2,SAFETY,DOOR",0,0,0,343.0,Dead,Maintain Algo,False,False,False,False,False,False,False,False,False,False,False,False,True,False,True,True,False,False,False,False,False,False,True,False,True,4
500212235,CONTROLLER FOR OUTPUT VOLTAGE TO AN XRAY,0,0,0,111260.0,Dead,Maintain Algo,False,False,False,False,False,False,False,False,False,False,False,False,True,False,False,False,False,False,False,False,False,False,False,False,True,1
500212256,NOZZLE CVD 1322X0582-B-P-S-05,0,0,0,10000.0,Dead,Maintain Algo,False,False,False,False,False,False,False,False,False,False,False,False,True,False,True,True,False,False,False,False,False,False,False,False,True,3
500212257,PEDESTAL CONVERSION TOOL ASSY,0,0,0,1200.0,Dead,Maintain Algo,False,False,False,False,False,False,False,False,False,False,False,False,True,False,False,True,False,False,False,False,False,False,False,False,True,2
500212770,CAP SENSOR MOTOR ASSY,0,0,0,1974.47,Dead,Maintain Algo,False,False,False,False,False,False,False,False,False,False,False,False,True,False,False,True,False,False,False,False,False,False,False,False,True,2
500214051,PULLEY2 CLAMPTOR,0,0,0,22.5,Dead,Maintain Algo,False,False,False,False,False,False,False,False,False,False,False,False,True,True,True,True,False,False,False,False,False,False,True,False,True,5
500214054,BALL SCREW PULLEY,0,0,0,494.1,Dead,Maintain Algo,False,False,False,False,False,False,False,False,False,False,False,False,True,True,True,False,False,False,False,False,False,False,True,False,True,4
500214059,Y MOTOR PULLEY,0,0,0,88.2,Dead,Maintain Algo,False,False,False,False,False,False,False,False,False,False,False,False,True,False,True,True,False,False,False,False,False,False,True,False,True,4
500214132,TIMING PULLEY ST126AT10/30-2,0,0,0,719.12,Dead,Maintain Algo,False,False,False,False,False,False,False,False,False,False,False,False,True,True,True,False,False,False,False,False,False,False,True,False,True,4
500218161,CALIBRATIION GLASS 22X33X2.3(MM),0,0,0,557.5,Dead,Maintain Algo,False,False,False,False,False,False,False,False,False,False,False,False,True,False,False,True,False,False,False,False,False,False,False,False,True,2
500218162,"CALIBRATION GLASS ""BASE"" 66X66X2.3 (MM)",0,0,0,1197.0,Dead,Maintain Algo,False,False,False,False,False,False,False,False,False,False,False,False,True,False,False,True,False,False,False,False,False,False,False,False,True,2
500218163,USB PCIE CONTROLLER CARD,0,0,0,622.37,Dead,Maintain Algo,False,False,False,False,False,False,False,False,False,False,False,False,True,False,False,True,False,False,False,False,False,False,False,False,True,2
500218164,"CAMERA, DDLO, WD20, CABLE-REAR",0,0,0,4382.27,Dead,Maintain Algo,False,False,False,False,False,False,False,False,False,False,False,False,True,False,False,True,False,False,False,False,False,False,False,False,True,2
500218165,"CAMERA, DDLO, WD20, CABLE-SIDE",0,0,0,4382.27,Dead,Maintain Algo,False,False,False,False,False,False,False,False,False,False,False,False,True,False,False,True,False,False,False,False,False,False,False,False,True,2
500218166,N2 SUPPLY 1 SWITCH SOL,0,0,0,180.22,Dead,Maintain Algo,False,False,False,False,False,False,False,False,False,False,False,False,False,False,False,True,False,False,False,False,False,False,True,False,False,2
500218171,N2 SUPPLY 2 SWITCH SOL,0,0,0,180.22,Dead,Maintain Algo,False,False,False,False,False,False,False,False,False,False,False,False,True,False,False,True,False,False,False,False,False,False,True,False,True,3
500218172,"CABLE,OXYGEN,MONITORING,SYSTEM,ASSEMBLY",0,0,0,4005.0,Dead,Maintain Algo,False,False,False,False,False,False,False,False,False,False,False,False,True,False,False,True,False,False,False,False,False,False,False,False,True,2
500218174,"OMRON X900 OIL, ROTARY PUMP",1,0,0,576.0,Active Moving,Increase Algo,False,False,False,False,False,False,False,False,False,False,False,False,False,False,False,True,False,False,False,False,False,False,False,False,False,1
500219251,NOZZLE CVD 1007X0877-B-P-S-05,0,0,0,10000.0,Dead,Maintain Algo,False,False,False,False,False,False,False,False,False,False,False,False,True,True,True,True,False,False,False,False,False,False,False,False,True,4
500219695,PLC BATTERY,0,0,0,169.0,Dead,Maintain Algo,False,False,False,False,False,False,False,False,False,False,False,False,True,True,True,True,False,False,False,False,False,False,False,False,True,4
500219697,"BATTERY,UPS,PACK,1",1,0,0,1274.0,Dead,Decrease Algo,False,False,False,False,False,False,False,False,False,False,False,False,True,False,False,True,False,False,False,False,False,False,True,True,True,4
500219698,"BATTERY,UPS,PACK,2",0,0,0,2524.0,Dead,Maintain Algo,False,False,False,False,False,False,False,False,False,False,False,False,False,False,False,True,False,False,False,False,False,False,False,False,False,1
500219733,"MOTOR,STA,COS,SVR,STA-R,THETA,ASSEMBLY",0,0,0,742.52,Dead,Maintain Algo,False,False,False,False,False,False,False,False,False,False,False,False,True,False,False,True,False,False,False,False,False,False,True,False,True,3
500219734,A/C BALL BEARING 10 X 26 X 8 C9,0,0,0,77.4,Dead,Maintain Algo,False,False,False,False,False,False,False,False,False,False,False,False,True,True,True,True,False,False,False,False,False,False,False,False,True,4
500219735,SOC HD CAP SCREW M3X10 ALLOY ST NI PLT,0,0,0,0.9,Dead,Maintain Algo,False,False,False,False,False,False,False,False,False,False,False,False,True,True,True,True,False,False,False,False,False,False,False,False,True,4
500219736,"B-SCREW 10-10X78.5X26D38, P-C3",0,0,0,1074.94,Dead,Maintain Algo,False,False,False,False,False,False,False,False,False,False,False,False,True,True,True,False,False,False,False,False,False,False,False,False,True,3
500219737,LM GUIDE HSR10R2UUC1M+120LSPM-II,0,0,0,1420.57,Dead,Maintain Algo,False,False,False,False,False,False,False,False,False,False,False,False,True,False,True,True,False,False,False,False,False,False,False,False,True,3
500219738,BEARING COVER,0,0,0,2.7,Dead,Maintain Algo,False,False,False,False,False,False,False,False,False,False,False,False,True,True,True,True,False,False,False,False,False,False,False,False,True,4
500219739,STZ MOTOR MOUNT,0,0,0,24.3,Dead,Maintain Algo,False,False,False,False,False,False,False,False,False,False,False,False,True,True,True,True,False,False,False,False,False,False,False,False,True,4
500219740,STA Z PLATE,0,0,0,180.0,Dead,Maintain Algo,False,False,False,False,False,False,False,False,False,False,False,False,True,True,True,True,False,False,False,False,False,False,False,False,True,4
500219741,NUT HOLDER MIRROR,0,0,0,52.06,Dead,Maintain Algo,False,False,False,False,False,False,False,False,False,False,False,False,True,True,True,True,False,False,False,False,False,False,False,False,True,4
500219742,SPRING HOLDING SHAFT,0,0,0,9.9,Dead,Maintain Algo,False,False,False,False,False,False,False,False,False,False,False,False,True,True,True,True,False,False,False,False,False,False,False,False,True,4
500219743,STA-R Z MOTOR MOUNT,0,0,0,296.1,Dead,Maintain Algo,False,False,False,False,False,False,False,False,False,False,False,False,True,True,True,True,False,False,False,False,False,False,False,False,True,4
500219744,(EW) M10X1 NUT 2,0,0,0,1.8,Dead,Maintain Algo,False,False,False,False,False,False,False,False,False,False,False,False,True,True,True,True,False,False,False,False,False,False,False,False,True,4
500219745,Z MOTOR PULLEY MOUNT R,0,0,0,36.0,Dead,Maintain Algo,False,False,False,False,False,False,False,False,False,False,False,False,True,True,True,True,False,False,False,False,False,False,False,False,True,4
500219746,PULLEY,0,0,0,23.62,Dead,Maintain Algo,False,False,False,False,False,False,False,False,False,False,False,False,True,False,True,True,False,False,False,False,False,False,True,False,True,4
500219747,"PULLEY,30,STA-L",0,0,0,34.84,Dead,Maintain Algo,False,False,False,False,False,False,False,False,False,False,False,False,True,False,True,True,False,False,False,False,False,False,True,False,True,4
500219748,PICKHEAD INTERFACE ASSY,0,0,0,445.35,Dead,Maintain Algo,False,False,False,False,False,False,False,False,False,False,False,False,True,False,True,True,False,False,False,False,False,False,True,False,True,4
500219749,PICKHEAD INTERFACE SHAFT,0,0,0,80.1,Dead,Maintain Algo,False,False,False,False,False,False,False,False,False,False,False,False,True,True,True,True,False,False,False,False,False,False,False,False,True,4
500219750,DOWEL PIN D3 X L15,0,0,0,1.35,Dead,Maintain Algo,False,False,False,False,False,False,False,False,False,False,False,False,True,True,True,True,False,False,False,False,False,False,False,False,True,4
500219751,MOD IDLER ASSY,0,0,0,79.29,Dead,Maintain Algo,False,False,False,False,False,False,False,False,False,False,False,False,True,True,True,True,False,False,False,False,False,False,True,False,True,5
500219752,PICKHEAD INTERFACE PLATE ASSY,0,0,0,414.9,Dead,Maintain Algo,False,False,False,False,False,False,False,False,False,False,False,False,True,True,True,True,False,False,False,False,False,False,False,False,True,4
500219753,MEDIA BUFFER HANDLER V2 (MBH),0,0,0,34146.9,Dead,Maintain Algo,False,False,False,False,False,False,False,False,False,False,False,False,True,True,True,True,False,False,False,False,False,False,False,False,True,4
500219754,DIN MOUNTING RAIL NS35 (30MM),0,0,0,21.6,Dead,Maintain Algo,False,False,False,False,False,False,False,False,False,False,False,False,True,True,True,True,False,False,False,False,False,False,False,False,True,4
500219755,E-CHAIN MOUNTING Z FIXEND(R),0,0,0,88.2,Dead,Maintain Algo,False,False,False,False,False,False,False,False,False,False,False,False,True,True,True,True,False,False,False,False,False,False,False,False,True,4
500219756,CABLE SUPPORT(R),0,0,0,30.6,Dead,Maintain Algo,False,False,False,False,False,False,False,False,False,False,False,False,True,True,True,True,False,False,False,False,False,False,False,False,True,4
500219757,E-CHAIN MOUNTING Z MOVING(R),0,0,0,9.0,Dead,Maintain Algo,False,False,False,False,False,False,False,False,False,False,False,False,True,True,True,True,False,False,False,False,False,False,False,False,True,4
500219758,E-CHAIN MOUNTING Y FIXEND(R),0,0,0,77.4,Dead,Maintain Algo,False,False,False,False,False,False,False,False,False,False,False,False,True,True,True,True,False,False,False,False,False,False,False,False,True,4
500219759,E-CHAIN MOUNTING Y MOVING(R),0,0,0,48.6,Dead,Maintain Algo,False,False,False,False,False,False,False,False,False,False,False,False,True,True,True,True,False,False,False,False,False,False,False,False,True,4
500219760,E-CHAIN COVER(R),0,0,0,99.9,Dead,Maintain Algo,False,False,False,False,False,False,False,False,False,False,False,False,True,True,True,True,False,False,False,False,False,False,False,False,True,4
500219761,CONNECTOR MOUNTING (X),0,0,0,62.1,Dead,Maintain Algo,False,False,False,False,False,False,False,False,False,False,False,False,True,True,True,True,False,False,False,False,False,False,False,False,True,4
500219762,E-CHAIN MOUNTING Z FIXEND(L),0,0,0,100.8,Dead,Maintain Algo,False,False,False,False,False,False,False,False,False,False,False,False,True,True,True,True,False,False,False,False,False,False,False,False,True,4
500219763,E-CHAIN MOUNTING Z MOVING(L),0,0,0,9.0,Dead,Maintain Algo,False,False,False,False,False,False,False,False,False,False,False,False,True,True,True,True,False,False,False,False,False,False,False,False,True,4
500219764,CABLE SUPPORT(L),0,0,0,28.8,Dead,Maintain Algo,False,False,False,False,False,False,False,False,False,False,False,False,True,True,True,True,False,False,False,False,False,False,False,False,True,4
500219765,E-CHAIN MOUNTING Y MOVING(L),0,0,0,75.6,Dead,Maintain Algo,False,False,False,False,False,False,False,False,False,False,False,False,True,True,True,True,False,False,False,False,False,False,False,False,True,4
500219766,E-CHAIN MOUNTING Y FIXEND(L),0,0,0,95.4,Dead,Maintain Algo,False,False,False,False,False,False,False,False,False,False,False,False,True,True,True,True,False,False,False,False,False,False,False,False,True,4
500219767,E-CHAIN COVER(I),0,0,0,112.5,Dead,Maintain Algo,False,False,False,False,False,False,False,False,False,False,False,False,True,True,True,True,False,False,False,False,False,False,False,False,True,4
500219768,E-CHAIN SUPPORT Z MOVING(L&R),0,0,0,68.4,Dead,Maintain Algo,False,False,False,False,False,False,False,False,False,False,False,False,True,True,True,True,False,False,False,False,False,False,False,False,True,4
500219769,E-CHAIN SUPPORT Z FIXEND(L),0,0,0,63.9,Dead,Maintain Algo,False,False,False,False,False,False,False,False,False,False,False,False,True,True,True,True,False,False,False,False,False,False,False,False,True,4
500219770,CLAMP 1,0,0,0,20.7,Dead,Maintain Algo,False,False,False,False,False,False,False,False,False,False,False,False,True,True,True,True,False,False,False,False,False,False,False,False,True,4
500219771,CLAMP 2,0,0,0,9.9,Dead,Maintain Algo,False,False,False,False,False,False,False,False,False,False,False,False,True,True,True,True,False,False,False,False,False,False,False,False,True,4
500219772,E-CHAIN MOUNTING SUPPORT L,0,0,0,164.7,Dead,Maintain Algo,False,False,False,False,False,False,False,False,False,False,False,False,True,True,True,True,False,False,False,False,False,False,False,False,True,4
500219773,E-CHAIN MOUNTING SUPPORT R,0,0,0,154.8,Dead,Maintain Algo,False,False,False,False,False,False,False,False,False,False,False,False,True,True,True,True,False,False,False,False,False,False,False,False,True,4
500219774,E-CHAIN SUPPORT Z MOVING(L),0,0,0,73.8,Dead,Maintain Algo,False,False,False,False,False,False,False,False,False,False,False,False,True,True,True,True,False,False,False,False,False,False,False,False,True,4
500219775,MEDIA BUFFER TABLE (MBT),0,0,0,17505.9,Dead,Maintain Algo,False,False,False,False,False,False,False,False,False,False,False,False,True,True,True,True,False,False,False,False,False,False,False,False,True,4
500219776,MBH Y SNR FLAG,0,0,0,20.7,Dead,Maintain Algo,False,False,False,False,False,False,False,False,False,False,False,False,True,True,True,True,False,False,False,False,False,False,False,False,True,4
500219777,MBH Z SNR FLAG,0,0,0,8.1,Dead,Maintain Algo,False,False,False,False,False,False,False,False,False,False,False,False,True,True,True,True,False,False,False,False,False,False,False,False,True,4
500219778,(WC) Z- BRAKE SHAFT ASSY,0,0,0,281.15,Dead,Maintain Algo,False,False,False,False,False,False,False,False,False,False,False,False,True,True,True,True,False,False,False,False,False,False,True,False,True,5
500219779,PARALLEL KEY B2 X H2 X L10,0,0,0,4.8,Dead,Maintain Algo,False,False,False,False,False,False,False,False,False,False,False,False,True,True,True,True,False,False,False,False,False,False,True,False,True,5
500219780,A/C BALL BEARING 10 X 26 X 8 C7 NSK,0,0,0,91.35,Dead,Maintain Algo,False,False,False,False,False,False,False,False,False,False,False,False,True,True,True,True,False,False,False,False,False,False,False,False,True,4
500219781,"SPACER,BEARING,OD13XID10,W1,WC,ZBRAKE",0,0,0,15.3,Dead,Maintain Algo,False,False,False,False,False,False,False,False,False,False,False,False,True,False,True,True,False,False,False,False,False,False,True,False,True,4
500219782,(WC) BRAKE SHAFT SPACER,0,0,0,3.6,Dead,Maintain Algo,False,False,False,False,False,False,False,False,False,False,False,False,True,True,True,False,False,False,False,False,False,False,False,False,True,3
500219783,(WC) BEARING COVER B26,0,0,0,7.2,Dead,Maintain Algo,False,False,False,False,False,False,False,False,False,False,False,False,True,True,True,True,False,False,False,False,False,False,False,False,True,4
500219784,"BELT,9MM,PARTS,ASSEMBLY,MBH,",0,0,0,185.4,Dead,Maintain Algo,False,False,False,False,False,False,False,False,False,False,False,False,True,False,True,True,False,False,False,False,False,False,True,True,True,5
500219785,RETAINING RING FOR DIA 8MM STW-8,0,0,0,0.9,Dead,Maintain Algo,False,False,False,False,False,False,False,False,False,False,False,False,True,True,True,True,False,False,False,False,False,False,False,False,True,4
500219786,"NUT,LOCK,800-90036,WBK10L-01,WC,ZBRAKE",0,0,0,11.25,Dead,Maintain Algo,False,False,False,False,False,False,False,False,False,False,False,False,False,False,False,True,False,False,False,False,False,False,True,False,False,2
500219787,(WC) Z- BRAKE SHAFT,0,0,0,81.0,Dead,Maintain Algo,False,False,False,False,False,False,False,False,False,False,False,False,True,False,True,True,False,False,False,False,False,False,True,False,True,4
500219788,ROLLER CLUTCH FCB-8 8X14X20,0,0,0,19.22,Dead,Maintain Algo,False,False,False,False,False,False,False,False,False,False,False,False,True,True,True,True,False,False,False,False,False,False,True,False,True,5
500219789,"PULLEY,BRAKE,1,MBH",0,0,0,83.7,Dead,Maintain Algo,False,False,False,False,False,False,False,False,False,False,False,False,True,False,True,True,False,False,False,False,False,False,True,False,True,4
500219790,MEDIA BUFFER V2 (MB),0,0,0,12630.6,Dead,Maintain Algo,False,False,False,False,False,False,False,False,False,False,False,False,True,True,True,True,False,False,False,False,False,False,False,False,True,4
500219791,MBH BRAKE PULLEY,0,0,0,83.7,Dead,Maintain Algo,False,False,False,False,False,False,False,False,False,False,False,False,True,True,True,True,False,False,False,False,False,False,False,False,True,4
500219792,MB FRONT PLATE ASSY,0,0,0,9977.4,Dead,Maintain Algo,False,False,False,False,False,False,False,False,False,False,False,False,True,True,True,True,False,False,False,False,False,False,False,False,True,4
500219793,"MOTOR,CONVEYOR,3RDLAYER,MBH",0,0,0,195.44,Dead,Maintain Algo,False,False,False,False,False,False,False,False,False,False,False,False,True,False,True,True,False,False,False,False,False,False,False,False,True,3
500219794,MBH  2ND LAYER CONVEYOR MTR ASSY,1,0,0,195.44,Dead,Decrease Algo,False,False,False,False,False,False,False,False,False,False,False,False,False,False,False,False,False,False,False,False,False,False,True,True,False,2
500219795,MBH 4TH LAYER CONVEYOR MTR ASSY,0,0,0,198.64,Dead,Maintain Algo,False,False,False,False,False,False,False,False,False,False,False,False,True,False,False,True,False,False,False,False,False,False,True,True,True,4
500219796,MBH EXIST SNR (LEVEL1),0,0,0,357.78,Dead,Maintain Algo,False,False,False,False,False,False,False,False,False,False,False,False,True,False,False,True,False,False,False,False,False,False,False,True,True,3
500219797,MBH EXIST SNR (LEVEL2),0,0,0,322.0,Dead,Maintain Algo,False,False,False,False,False,False,False,False,False,False,False,False,True,False,True,True,False,False,False,False,False,False,False,False,True,3
500219798,MBH EXIST SNR (LEVEL3),0,0,0,322.0,Dead,Maintain Algo,False,False,False,False,False,False,False,False,False,False,False,False,True,False,False,False,False,False,False,False,False,False,True,False,True,2
500219799,MBH EXIST SNR (LEVEL4),0,0,0,322.0,Dead,Maintain Algo,False,False,False,False,False,False,False,False,False,False,False,False,True,False,False,True,False,False,False,False,False,False,False,False,True,2
500219800,SPLINE SHAFT,0,0,0,414.91,Dead,Maintain Algo,False,False,False,False,False,False,False,False,False,False,False,False,True,True,True,True,False,False,False,False,False,False,True,False,True,5
500219801,MBH CONVEYOR MTR MOUNT,0,0,0,57.6,Dead,Maintain Algo,False,False,False,False,False,False,False,False,False,False,False,False,True,True,True,True,False,False,False,False,False,False,True,False,True,5
500219802,MBH BASE PLATE,0,0,0,305.1,Dead,Maintain Algo,False,False,False,False,False,False,False,False,False,False,False,False,True,True,True,True,False,False,False,False,False,False,True,False,True,5
500219804,MBH TRACK WIDTH MTR MOUNT,0,0,0,63.9,Dead,Maintain Algo,False,False,False,False,False,False,False,False,False,False,False,False,True,True,True,True,False,False,False,False,False,False,True,False,True,5
500219805,MBH LEADSCREW ADAPTOR,0,0,0,63.9,Dead,Maintain Algo,False,False,False,False,False,False,False,False,False,False,False,False,True,True,True,True,False,False,False,False,False,False,True,False,True,5
500219806,IDLER SPACER,0,0,0,5.4,Dead,Maintain Algo,False,False,False,False,False,False,False,False,False,False,False,False,True,True,True,True,False,False,False,False,False,False,True,False,True,5
500219807,MBH TRACK WIDTH TURNING NUT,0,0,0,36.9,Dead,Maintain Algo,False,False,False,False,False,False,False,False,False,False,False,False,True,True,True,True,False,False,False,False,False,False,True,False,True,5
500219808,MBH FRONT PLATE,0,0,0,368.46,Dead,Maintain Algo,False,False,False,False,False,False,False,False,False,False,False,False,True,True,True,True,False,False,False,False,False,False,True,False,True,5
500219809,"PULLEY,TRACK,WIDTH,HOLEDIA5,MBH",0,0,0,72.0,Dead,Maintain Algo,False,False,False,False,False,False,False,False,False,False,False,False,True,False,True,True,False,False,False,False,False,False,True,False,True,4
500219810,MBH FRONT SENSOR MOUNT (L SHAPE),0,0,0,9.61,Dead,Maintain Algo,False,False,False,False,False,False,False,False,False,False,False,False,True,True,True,True,False,False,False,False,False,False,True,False,True,5
500219811,MBH FRONT TOP SENSOR MOUNT (R),0,0,0,16.02,Dead,Maintain Algo,False,False,False,False,False,False,False,False,False,False,False,False,True,False,True,True,False,False,False,False,False,False,False,False,True,3
500219812,MBH FRONT TOP SENSOR MOUNT (L),0,0,0,16.02,Dead,Maintain Algo,False,False,False,False,False,False,False,False,False,False,False,False,True,False,True,True,False,False,False,False,False,False,False,False,True,3
500219813,MBH FRONT SENSOR MOUNT (L),0,0,0,9.0,Dead,Maintain Algo,False,False,False,False,False,False,False,False,False,False,False,False,True,True,True,True,False,False,False,False,False,False,True,False,True,5
500219814,MBH FRONT SENSOR MOUNT (R),0,0,0,11.21,Dead,Maintain Algo,False,False,False,False,False,False,False,False,False,False,False,False,True,True,True,True,False,False,False,False,False,False,True,False,True,5
500219815,MB REAR PLATE ASSY,0,0,0,2358.14,Dead,Maintain Algo,False,False,False,False,False,False,False,False,False,False,False,False,True,True,True,True,False,False,False,False,False,False,True,False,True,5
500219816,MBH SUPPORT BAR,0,0,0,50.46,Dead,Maintain Algo,False,False,False,False,False,False,False,False,False,False,False,False,True,True,True,True,False,False,False,False,False,False,True,False,True,5
500219817,MBH UPWARD STOPPER,0,0,0,9.9,Dead,Maintain Algo,False,False,False,False,False,False,False,False,False,False,False,False,True,True,True,True,False,False,False,False,False,False,True,False,True,5
500219818,MBH TRACK COVER,0,0,0,106.2,Dead,Maintain Algo,False,False,False,False,False,False,False,False,False,False,False,False,True,True,True,True,False,False,False,False,False,False,True,False,True,5
500219819,MBH REAR TOP SENSOR MOUNT,0,0,0,17.62,Dead,Maintain Algo,False,False,False,False,False,False,False,False,False,False,False,False,True,True,True,True,False,False,False,False,False,False,True,False,True,5
500219820,MBH REAR PLATE,0,0,0,362.85,Dead,Maintain Algo,False,False,False,False,False,False,False,False,False,False,False,False,True,True,True,True,False,False,False,False,False,False,True,False,True,5
500219821,MBH TOP TRACK COVER,0,0,0,113.74,Dead,Maintain Algo,False,False,False,False,False,False,False,False,False,False,False,False,True,True,True,True,False,False,False,False,False,False,True,False,True,5
500219822,MBH REAR SENSOR MOUNT,0,0,0,4.8,Dead,Maintain Algo,False,False,False,False,False,False,False,False,False,False,False,False,True,True,True,True,False,False,False,False,False,False,True,False,True,5
500219823,MBH REAR SENSOR MOUNT,0,0,0,4.8,Dead,Maintain Algo,False,False,False,False,False,False,False,False,False,False,False,False,True,True,True,True,False,False,False,False,False,False,True,False,True,5
500219824,POST HEAT STATION - L (PS-L),0,0,0,11672.1,Dead,Maintain Algo,False,False,False,False,False,False,False,False,False,False,False,False,True,True,True,True,False,False,False,False,False,False,False,False,True,4
500219825,"PULLEY,SLIDING,MBH,ASSEMBLY",0,0,0,104.13,Dead,Maintain Algo,False,False,False,False,False,False,False,False,False,False,False,False,True,False,True,True,False,False,False,False,False,False,False,False,True,3
500219826,PS COVER ASSY,0,0,0,247.5,Dead,Maintain Algo,False,False,False,False,False,False,False,False,False,False,False,False,True,True,True,True,False,False,False,False,False,False,False,False,True,4
500219827,CONDENSER,0,0,0,120.6,Dead,Maintain Algo,False,False,False,False,False,False,False,False,False,False,False,False,True,True,True,True,False,False,False,False,False,False,False,False,True,4
500219828,PS L COVER ASSY,0,0,0,68.4,Dead,Maintain Algo,False,False,False,False,False,False,False,False,False,False,False,False,True,True,True,True,False,False,False,False,False,False,False,False,True,4
500219829,CYLINDER MOUNT LEFT,0,0,0,53.1,Dead,Maintain Algo,False,False,False,False,False,False,False,False,False,False,False,False,True,True,True,True,False,False,False,False,False,False,False,False,True,4
500219830,PS COVER CYLINDER ASSY LEFT,0,0,0,383.4,Dead,Maintain Algo,False,False,False,False,False,False,False,False,False,False,False,False,True,True,True,True,False,False,False,False,False,False,False,False,True,4
500219831,POST HEAT STATION - R (PS-R),0,0,0,11664.0,Dead,Maintain Algo,False,False,False,False,False,False,False,False,False,False,False,False,True,True,True,True,False,False,False,False,False,False,False,False,True,4
500219833,TCB PEDESTAL TORLON SPACER 2,0,0,0,156.6,Dead,Maintain Algo,False,False,False,False,False,False,False,False,False,False,False,False,True,True,True,True,False,False,False,False,False,False,False,False,True,4
500219834,PS BASE,0,0,0,475.2,Dead,Maintain Algo,False,False,False,False,False,False,False,False,False,False,False,False,True,True,True,True,False,False,False,False,False,False,False,False,True,4
500219835,HEATER BLOCK INSULATION,0,0,0,1524.6,Dead,Maintain Algo,False,False,False,False,False,False,False,False,False,False,False,False,True,True,True,True,False,False,False,False,False,False,False,False,True,4
500219836,VAC ADAPTOR (BOTTOM),0,0,0,63.9,Dead,Maintain Algo,False,False,False,False,False,False,False,False,False,False,False,False,True,True,True,True,False,False,False,False,False,False,False,False,True,4
500219837,VAC ADAPTOR (SIDE),0,0,0,39.6,Dead,Maintain Algo,False,False,False,False,False,False,False,False,False,False,False,False,True,True,True,True,False,False,False,False,False,False,False,False,True,4
500219838,NEW TORLON SPACER,0,0,0,306.0,Dead,Maintain Algo,False,False,False,False,False,False,False,False,False,False,False,False,True,True,True,True,False,False,False,False,False,False,False,False,True,4
500219839,CONDENSER  RIGHT,0,0,0,136.8,Dead,Maintain Algo,False,False,False,False,False,False,False,False,False,False,False,False,True,True,True,True,False,False,False,False,False,False,False,False,True,4
500219840,PS THERMOSTAT MOUNT,0,0,0,43.2,Dead,Maintain Algo,False,False,False,False,False,False,False,False,False,False,False,False,True,True,True,True,False,False,False,False,False,False,False,False,True,4
500219841,HOSE ELBOW FITTING M-5HLH-4,0,0,0,5.85,Dead,Maintain Algo,False,False,False,False,False,False,False,False,False,False,False,False,True,False,True,True,False,False,False,False,False,False,True,False,True,4
500219843,"BLOCK,HEATED,TCB,PEDESTAL,ASSEMBLY",0,0,0,6609.85,Dead,Maintain Algo,False,False,False,False,False,False,False,False,False,False,False,False,True,False,True,True,False,False,False,False,False,False,True,False,True,4
500219844,TCB PEDESTAL HEATER ZONE 1,0,0,0,585.53,Dead,Maintain Algo,False,False,False,False,False,False,False,False,False,False,False,False,True,False,True,True,False,False,False,False,False,False,True,False,True,4
500219846,TCB PEDESTAL THERMOCOUPLE 2,0,0,0,113.4,Dead,Maintain Algo,False,False,False,False,False,False,False,False,False,False,False,False,True,True,True,True,False,False,False,False,False,False,True,False,True,5
500219847,TCB PEDESTAL HEATER ZONE 2,0,0,0,527.46,Dead,Maintain Algo,False,False,False,False,False,False,False,False,False,False,False,False,True,True,True,True,False,False,False,False,False,False,True,False,True,5
500219848,TCB PEDESTAL THERMOCOUPLE 4,0,0,0,113.4,Dead,Maintain Algo,False,False,False,False,False,False,False,False,False,False,False,False,True,True,True,True,False,False,False,False,False,False,True,False,True,5
500219849,"HEATER,TCB,PEDESTAL,ZONE,4",0,0,0,527.45,Dead,Maintain Algo,False,False,False,False,False,False,False,False,False,False,False,False,True,False,True,True,False,False,False,False,False,False,True,False,True,4
500219850,TCB PEDESTAL HEATER ZONE 3,0,0,0,527.45,Dead,Maintain Algo,False,False,False,False,False,False,False,False,False,False,False,False,True,False,True,True,False,False,False,False,False,False,True,False,True,4
500219851,THERMOCOUPLR FIXTURE,0,0,0,40.5,Dead,Maintain Algo,False,False,False,False,False,False,False,False,False,False,False,False,True,True,True,True,False,False,False,False,False,False,True,False,True,5
500219852,HEATER FIXTURE,0,0,0,72.0,Dead,Maintain Algo,False,False,False,False,False,False,False,False,False,False,False,False,True,True,True,True,False,False,False,False,False,False,True,False,True,5
500219854,COS-R X PUSHER ASSY,0,0,0,110.53,Dead,Maintain Algo,False,False,False,False,False,False,False,False,False,False,False,False,True,True,True,True,False,False,False,False,False,False,True,False,True,5
500219855,HW OUTPUT CONVEYOR,0,0,0,9504.0,Dead,Maintain Algo,False,False,False,False,False,False,False,False,False,False,False,False,True,True,True,True,False,False,False,False,False,False,False,False,True,4
500219856,CONNECTOR MOUNTING (HWL),0,0,0,35.1,Dead,Maintain Algo,False,False,False,False,False,False,False,False,False,False,False,False,True,True,True,True,False,False,False,False,False,False,False,False,True,4
500219857,CABLE MOUNTING FIX END(HWM FRONT),0,0,0,23.4,Dead,Maintain Algo,False,False,False,False,False,False,False,False,False,False,False,False,True,True,True,True,False,False,False,False,False,False,False,False,True,4
500219858,HW BASE ASSY,0,0,0,2422.8,Dead,Maintain Algo,False,False,False,False,False,False,False,False,False,False,False,False,True,True,True,True,False,False,False,False,False,False,False,False,True,4
500219859,HW BASE,0,0,0,294.3,Dead,Maintain Algo,False,False,False,False,False,False,False,False,False,False,False,False,True,True,True,True,False,False,False,False,False,False,False,False,True,4
500219860,HW Y ADJUSTMENT BASE,0,0,0,263.7,Dead,Maintain Algo,False,False,False,False,False,False,False,False,False,False,False,False,True,True,True,True,False,False,False,False,False,False,False,False,True,4
500219861,HW Z ADJUSTMENT BASE,0,0,0,391.5,Dead,Maintain Algo,False,False,False,False,False,False,False,False,False,False,False,False,True,True,True,True,False,False,False,False,False,False,False,False,True,4
500219862,HW Y ADJUSTMENT BLOCK,0,0,0,36.9,Dead,Maintain Algo,False,False,False,False,False,False,False,False,False,False,False,False,True,True,True,True,False,False,False,False,False,False,False,False,True,4
500219863,HW CONVEYOR TRACK WIDTH STOPPER,0,0,0,9.0,Dead,Maintain Algo,False,False,False,False,False,False,False,False,False,False,False,False,True,True,True,True,False,False,False,False,False,False,False,False,True,4
500219864,TRAY COPLANARITY ADJUSTMENT ASSY,0,0,0,104.4,Dead,Maintain Algo,False,False,False,False,False,False,False,False,False,False,False,False,True,True,True,True,False,False,False,False,False,False,True,False,True,5
500219865,CAH 58-00044 MTR ASSY,0,0,0,92.91,Dead,Maintain Algo,False,False,False,False,False,False,False,False,False,False,False,False,True,False,True,True,False,False,False,False,False,False,True,False,True,4
500219866,TRACK WIDTH MTR&ENC ASSY,0,0,0,348.43,Dead,Maintain Algo,False,False,False,False,False,False,False,False,False,False,False,False,True,True,True,False,False,False,False,False,False,False,True,False,True,4
500219867,HWOP FRONT TRACK ASSY,0,0,0,5128.2,Dead,Maintain Algo,False,False,False,False,False,False,False,False,False,False,False,False,True,True,True,True,False,False,False,False,False,False,False,False,True,4
500219868,"SENSOR,CONVEYOR,OUT,HWOP",0,0,0,209.86,Dead,Maintain Algo,False,False,False,False,False,False,False,False,False,False,False,False,True,False,True,False,False,False,False,False,False,False,True,False,True,3
500219869,HWOP OUT SNR,0,0,0,209.86,Dead,Maintain Algo,False,False,False,False,False,False,False,False,False,False,False,False,True,True,True,True,False,False,False,False,False,False,True,False,True,5
500219870,HWOP (BY PASS) MID,0,0,0,209.86,Dead,Maintain Algo,False,False,False,False,False,False,False,False,False,False,False,False,True,True,True,True,False,False,False,False,False,False,True,False,True,5
500219871,(HW)OP CONVEYOR IN UP,0,0,0,209.86,Dead,Maintain Algo,False,False,False,False,False,False,False,False,False,False,False,False,True,True,True,False,False,False,False,False,False,False,True,False,True,4
500219872,(HW)OP CONVEYOR IN DOWN,0,0,0,209.86,Dead,Maintain Algo,False,False,False,False,False,False,False,False,False,False,False,False,True,False,False,True,False,False,False,False,False,False,True,False,True,3
500219873,HWOP (BY PASS) IN,0,0,0,209.86,Dead,Maintain Algo,False,False,False,False,False,False,False,False,False,False,False,False,True,True,True,True,False,False,False,False,False,False,True,False,True,5
500219875,HWIP TRACK SNR DOWN MOUNT,0,0,0,5.4,Dead,Maintain Algo,False,False,False,False,False,False,False,False,False,False,False,False,True,True,True,True,False,False,False,False,False,False,False,False,True,4
500219876,MOUNTING BASE (R),0,0,0,61.2,Dead,Maintain Algo,False,False,False,False,False,False,False,False,False,False,False,False,True,True,True,True,False,False,False,False,False,False,False,False,True,4
500219877,HW DN SNR MNT,0,0,0,13.5,Dead,Maintain Algo,False,False,False,False,False,False,False,False,False,False,False,False,True,True,True,True,False,False,False,False,False,False,False,False,True,4
500219878,HWOP OUT SNR MNT,0,0,0,23.4,Dead,Maintain Algo,False,False,False,False,False,False,False,False,False,False,False,False,True,True,True,True,False,False,False,False,False,False,False,False,True,4
500219879,HW OP MID SNR MOUNT,0,0,0,18.0,Dead,Maintain Algo,False,False,False,False,False,False,False,False,False,False,False,False,True,True,True,True,False,False,False,False,False,False,False,False,True,4
500219880,HWOP REAR TRACK ASSY,0,0,0,1685.3,Dead,Maintain Algo,False,False,False,False,False,False,False,False,False,False,False,False,True,True,True,True,False,False,False,False,False,False,True,False,True,5
500219881,HWOP REAR TRACK,0,0,0,386.1,Dead,Maintain Algo,False,False,False,False,False,False,False,False,False,False,False,False,True,True,True,True,False,False,False,False,False,False,False,False,True,4
500219882,HWOP FRONT TRACK,0,0,0,386.1,Dead,Maintain Algo,False,False,False,False,False,False,False,False,False,False,False,False,True,True,True,True,False,False,False,False,False,False,False,False,True,4
500219883,HW TRACK COVER,0,0,0,264.6,Dead,Maintain Algo,False,False,False,False,False,False,False,False,False,False,False,False,True,True,True,True,False,False,False,False,False,False,False,False,True,4
500219884,CONVEYOR BELT PULLEY (CONNECTION),0,0,0,165.8,Dead,Maintain Algo,False,False,False,False,False,False,False,False,False,False,False,False,True,False,True,True,False,False,False,False,False,False,True,False,True,4
500219885,DIA 12 IDLER ASSY,0,0,0,19.8,Dead,Maintain Algo,False,False,False,False,False,False,False,False,False,False,False,False,True,True,True,True,False,False,False,False,False,False,True,False,True,5
500219886,HW IN/OUTPUT TRACK WIDTH FLAG,0,0,0,8.1,Dead,Maintain Algo,False,False,False,False,False,False,False,False,False,False,False,False,True,True,True,True,False,False,False,False,False,False,False,False,True,4
500219887,SUBSTRATE TRANSFER ARM - L (STA-L),0,0,0,35929.8,Dead,Maintain Algo,False,False,False,False,False,False,False,False,False,False,False,False,True,True,True,True,False,False,False,False,False,False,False,False,True,4
500219888,STA-L MODULE BASE,0,0,0,1105.2,Dead,Maintain Algo,False,False,False,False,False,False,False,False,False,False,False,False,True,True,True,True,False,False,False,False,False,False,False,False,True,4
500219889,COVER 3(STA_L),0,0,0,58.5,Dead,Maintain Algo,False,False,False,False,False,False,False,False,False,False,False,False,True,True,True,True,False,False,False,False,False,False,False,False,True,4
500219890,E_CHAIN MOUNTING(Z FIXEND)(STA_L),0,0,0,79.2,Dead,Maintain Algo,False,False,False,False,False,False,False,False,False,False,False,False,True,True,True,True,False,False,False,False,False,False,False,False,True,4
500219891,CABLE COVER 1(STA L),0,0,0,36.0,Dead,Maintain Algo,False,False,False,False,False,False,False,False,False,False,False,False,True,True,True,True,False,False,False,False,False,False,False,False,True,4
500219892,CABLE COVER 2(STA L),0,0,0,45.0,Dead,Maintain Algo,False,False,False,False,False,False,False,False,False,False,False,False,True,True,True,True,False,False,False,False,False,False,False,False,True,4
500219893,CABLE COVER 3(STA L),0,0,0,41.4,Dead,Maintain Algo,False,False,False,False,False,False,False,False,False,False,False,False,True,True,True,True,False,False,False,False,False,False,False,False,True,4
500219894,STA-L Y MOTOR SUPPORT BASE,0,0,0,1012.5,Dead,Maintain Algo,False,False,False,False,False,False,False,False,False,False,False,False,True,True,True,True,False,False,False,False,False,False,False,False,True,4
500219895,Y MOVING END (STA L),0,0,0,270.0,Dead,Maintain Algo,False,False,False,False,False,False,False,False,False,False,False,False,True,True,True,True,False,False,False,False,False,False,False,False,True,4
500219896,Y CONNECTOR MOUNTING(STA L),0,0,0,109.8,Dead,Maintain Algo,False,False,False,False,False,False,False,False,False,False,False,False,True,True,True,True,False,False,False,False,False,False,False,False,True,4
500219897,BRACKET 1(L),0,0,0,122.4,Dead,Maintain Algo,False,False,False,False,False,False,False,False,False,False,False,False,True,True,True,True,False,False,False,False,False,False,False,False,True,4
500219898,TUBE COVER,0,0,0,9.9,Dead,Maintain Algo,False,False,False,False,False,False,False,False,False,False,False,False,True,True,True,True,False,False,False,False,False,False,False,False,True,4
500219899,ESIO AND CAMERA MOUNING(STA L),0,0,0,51.26,Dead,Maintain Algo,False,False,False,False,False,False,False,False,False,False,False,False,True,True,True,True,False,False,False,False,False,False,False,False,True,4
500219900,STA L Y CONNECTOR COVER,0,0,0,50.4,Dead,Maintain Algo,False,False,False,False,False,False,False,False,False,False,False,False,True,True,True,True,False,False,False,False,False,False,False,False,True,4
500219901,STA-L Y TABLE ASSY,0,0,0,10839.6,Dead,Maintain Algo,False,False,False,False,False,False,False,False,False,False,False,False,True,True,True,True,False,False,False,False,False,False,False,False,True,4
500219902,STA Y MOTOR ASSY,0,0,0,2320.49,Dead,Maintain Algo,False,False,False,False,False,False,False,False,False,False,False,False,True,True,True,True,False,False,False,False,False,False,True,False,True,5
500219903,SOC HD CAP SCREW M4X14 ALLOY ST NI PLT,0,0,0,0.9,Dead,Maintain Algo,False,False,False,False,False,False,False,False,False,False,False,False,True,False,False,False,False,False,False,False,False,False,True,False,True,2
500219904,LM GUIDE SHS15V2UUC1+1000LP-II,0,0,0,3589.2,Dead,Maintain Algo,False,False,False,False,False,False,False,False,False,False,False,False,True,True,True,True,False,False,False,False,False,False,False,False,True,4
500219905,STA-L Y MOTOR BASE,0,0,0,1171.8,Dead,Maintain Algo,False,False,False,False,False,False,False,False,False,False,False,False,True,True,True,True,False,False,False,False,False,False,False,False,True,4
500219906,Z LIMIT SNR MNT,0,0,0,9.9,Dead,Maintain Algo,False,False,False,False,False,False,False,False,False,False,False,False,True,True,True,True,False,False,False,False,False,False,False,False,True,4
500219907,STA Y MOVING PLATE,0,0,0,247.5,Dead,Maintain Algo,False,False,False,False,False,False,False,False,False,False,False,False,True,True,True,True,False,False,False,False,False,False,False,False,True,4
500219908,STA ENCODER MOUNT,0,0,0,107.1,Dead,Maintain Algo,False,False,False,False,False,False,False,False,False,False,False,False,True,True,True,True,False,False,False,False,False,False,False,False,True,4
500219909,Y MTR BASE COVER,0,0,0,27.0,Dead,Maintain Algo,False,False,False,False,False,False,False,False,False,False,False,False,True,True,True,True,False,False,False,False,False,False,False,False,True,4
500219910,STA L HOME SENSOR FLAG,0,0,0,15.3,Dead,Maintain Algo,False,False,False,False,False,False,False,False,False,False,False,False,True,True,True,True,False,False,False,False,False,False,False,False,True,4
500219911,STA-L Z TABLE ASSY,0,0,0,5928.3,Dead,Maintain Algo,False,False,False,False,False,False,False,False,False,False,False,False,True,True,True,True,False,False,False,False,False,False,False,False,True,4
500219912,STA & COS SVR MTR ASSY,0,0,0,742.52,Dead,Maintain Algo,False,False,False,False,False,False,False,False,False,False,False,False,True,False,False,True,False,False,False,False,False,False,True,False,True,3
500219913,STA L HOME SENSOR MOUNT,0,0,0,18.9,Dead,Maintain Algo,False,False,False,False,False,False,False,False,False,False,False,False,True,True,True,True,False,False,False,False,False,False,False,False,True,4
500219914,STA Y STOPPER,0,0,0,9.9,Dead,Maintain Algo,False,False,False,False,False,False,False,False,False,False,False,False,True,True,True,True,False,False,False,False,False,False,False,False,True,4
500219915,Z MOTOR PULLEY MOUNT,0,0,0,67.5,Dead,Maintain Algo,False,False,False,False,False,False,False,False,False,False,False,False,True,True,True,True,False,False,False,False,False,False,False,False,True,4
500219916,STA-L Z MOTOR MOUNT,0,0,0,297.0,Dead,Maintain Algo,False,False,False,False,False,False,False,False,False,False,False,False,True,True,True,True,False,False,False,False,False,False,False,False,True,4
500219917,NUT HOLDER,0,0,0,58.5,Dead,Maintain Algo,False,False,False,False,False,False,False,False,False,False,False,False,True,True,True,True,False,False,False,False,False,False,False,False,True,4
500219918,STA-L THETA ASSY,0,0,0,5760.9,Dead,Maintain Algo,False,False,False,False,False,False,False,False,False,False,False,False,True,True,True,True,False,False,False,False,False,False,False,False,True,4
500219920,"BALL,BEARING,25X42X9,A/C,STA-L,THETA",0,0,0,181.8,Dead,Maintain Algo,False,False,False,False,False,False,False,False,False,False,False,False,True,True,True,True,False,False,False,False,False,False,False,False,True,4
500219921,MOTOR PULLEY CLAMP,0,0,0,21.6,Dead,Maintain Algo,False,False,False,False,False,False,False,False,False,False,False,False,True,True,True,True,False,False,False,False,False,False,False,False,True,4
500219922,PULLEY (PD DIA 42.67),0,0,0,671.4,Dead,Maintain Algo,False,False,False,False,False,False,False,False,False,False,False,False,True,True,True,True,False,False,False,False,False,False,False,False,True,4
500219923,PULLEY (PD DIA 18.8),0,0,0,59.4,Dead,Maintain Algo,False,False,False,False,False,False,False,False,False,False,False,False,True,True,True,True,False,False,False,False,False,False,False,False,True,4
500219924,BEARING COVER,0,0,0,58.5,Dead,Maintain Algo,False,False,False,False,False,False,False,False,False,False,False,False,True,True,True,True,False,False,False,False,False,False,False,False,True,4
500219925,VACUUM SENSOR CONNECTOR,0,0,0,45.0,Dead,Maintain Algo,False,False,False,False,False,False,False,False,False,False,False,False,True,True,True,True,False,False,False,False,False,False,False,False,True,4
500219926,LOCK NUT M24,0,0,0,15.3,Dead,Maintain Algo,False,False,False,False,False,False,False,False,False,False,False,False,True,True,True,True,False,False,False,False,False,False,False,False,True,4
500219927,E_CHAIN MOUNTING(Z MOVING)(STA_L),0,0,0,201.6,Dead,Maintain Algo,False,False,False,False,False,False,False,False,False,False,False,False,True,True,True,True,False,False,False,False,False,False,False,False,True,4
500219928,BRACKET 2(L),0,0,0,29.7,Dead,Maintain Algo,False,False,False,False,False,False,False,False,False,False,False,False,True,True,True,True,False,False,False,False,False,False,False,False,True,4
500219929,THETA SNR FLAG (135 DEG),0,0,0,8.1,Dead,Maintain Algo,False,False,False,False,False,False,False,False,False,False,False,False,True,True,True,True,False,False,False,False,False,False,False,False,True,4
500219930,VACUUM SNR MOUNTING,0,0,0,18.0,Dead,Maintain Algo,False,False,False,False,False,False,False,False,False,False,False,False,True,True,True,True,False,False,False,False,False,False,False,False,True,4
500219931,TUBE SUPPORT,0,0,0,26.1,Dead,Maintain Algo,False,False,False,False,False,False,False,False,False,False,False,False,True,True,True,True,False,False,False,False,False,False,False,False,True,4
500219932,THETA STOPPER BLOCK (FRONT),0,0,0,26.1,Dead,Maintain Algo,False,False,False,False,False,False,False,False,False,False,False,False,True,True,True,True,False,False,False,False,False,False,False,False,True,4
500219933,STA Z SNR FLAG,0,0,0,5.4,Dead,Maintain Algo,False,False,False,False,False,False,False,False,False,False,False,False,True,True,True,True,False,False,False,False,False,False,False,False,True,4
500219934,STA L OPTICS MOUNT,0,0,0,72.9,Dead,Maintain Algo,False,False,False,False,False,False,False,False,False,False,False,False,True,True,True,True,False,False,False,False,False,False,False,False,True,4
500219935,THETA STOPPER BLOCK (REAR),0,0,0,26.1,Dead,Maintain Algo,False,False,False,False,False,False,False,False,False,False,False,False,True,True,True,True,False,False,False,False,False,False,False,False,True,4
500219936,THETA SNR MOUNT,0,0,0,8.1,Dead,Maintain Algo,False,False,False,False,False,False,False,False,False,False,False,False,True,True,True,True,False,False,False,False,False,False,False,False,True,4
500219937,STA L  THETA TABLE BASE,0,0,0,278.1,Dead,Maintain Algo,False,False,False,False,False,False,False,False,False,False,False,False,True,True,True,True,False,False,False,False,False,False,False,False,True,4
500219938,STA L THETA TABLE PLATE,0,0,0,225.0,Dead,Maintain Algo,False,False,False,False,False,False,False,False,False,False,False,False,True,True,True,True,False,False,False,False,False,False,False,False,True,4
500219939,STA L BELT COVER 2,0,0,0,23.4,Dead,Maintain Algo,False,False,False,False,False,False,False,False,False,False,False,False,True,True,True,True,False,False,False,False,False,False,False,False,True,4
500219940,STA L THETA MOTOR MOUNT,0,0,0,126.9,Dead,Maintain Algo,False,False,False,False,False,False,False,False,False,False,False,False,True,True,True,True,False,False,False,False,False,False,False,False,True,4
500219941,STA L THETA BELT COVER 1,0,0,0,23.4,Dead,Maintain Algo,False,False,False,False,False,False,False,False,False,False,False,False,True,True,True,True,False,False,False,False,False,False,False,False,True,4
500219942,LEFT PICKHEAD INTERFACE PLATE ASSY,0,0,0,302.4,Dead,Maintain Algo,False,False,False,False,False,False,False,False,False,False,False,False,True,True,True,True,False,False,False,False,False,False,True,False,True,5
500219943,LEFT PICKHEAD INTERFACE ASSY,0,0,0,348.43,Dead,Maintain Algo,False,False,False,False,False,False,False,False,False,False,False,False,True,True,True,True,False,False,False,False,False,False,True,False,True,5
500219944,SUBSTRATE TRANSFER ARM - R (STA-R),0,0,0,36259.2,Dead,Maintain Algo,False,False,False,False,False,False,False,False,False,False,False,False,True,True,True,True,False,False,False,False,False,False,False,False,True,4
500219945,STA-R Y TABLE ASSY,0,0,0,8929.8,Dead,Maintain Algo,False,False,False,False,False,False,False,False,False,False,False,False,True,True,True,True,False,False,False,False,False,False,False,False,True,4
500219946,Y CASTING COVER,0,0,0,21.6,Dead,Maintain Algo,False,False,False,False,False,False,False,False,False,False,False,False,True,True,True,True,False,False,False,False,False,False,False,False,True,4
500219947,STA Y MOTOR SUPPORT,0,0,0,257.4,Dead,Maintain Algo,False,False,False,False,False,False,False,False,False,False,False,False,True,True,True,True,False,False,False,False,False,False,False,False,True,4
500219948,STA-R MODULE BASE,0,0,0,1163.7,Dead,Maintain Algo,False,False,False,False,False,False,False,False,False,False,False,False,True,True,True,True,False,False,False,False,False,False,False,False,True,4
500219949,STA CASTING STAND,0,0,0,621.0,Dead,Maintain Algo,False,False,False,False,False,False,False,False,False,False,False,False,True,True,True,True,False,False,False,False,False,False,False,False,True,4
500219950,COVER 3 (STA_R),0,0,0,63.9,Dead,Maintain Algo,False,False,False,False,False,False,False,False,False,False,False,False,True,True,True,True,False,False,False,False,False,False,False,False,True,4
500219951,STA-R Y MOTOR SUPPORT BASE,0,0,0,993.6,Dead,Maintain Algo,False,False,False,False,False,False,False,False,False,False,False,False,True,True,True,True,False,False,False,False,False,False,False,False,True,4
500219952,CABLE COVER 1(STA R),0,0,0,35.1,Dead,Maintain Algo,False,False,False,False,False,False,False,False,False,False,False,False,True,True,True,True,False,False,False,False,False,False,False,False,True,4
500219953,E_CHAIN MOUNTING(Z FIXEND)(STA_R),0,0,0,84.6,Dead,Maintain Algo,False,False,False,False,False,False,False,False,False,False,False,False,True,True,True,True,False,False,False,False,False,False,False,False,True,4
500219954,CABLE COVER 2(STA R),0,0,0,40.5,Dead,Maintain Algo,False,False,False,False,False,False,False,False,False,False,False,False,True,True,True,True,False,False,False,False,False,False,False,False,True,4
500219955,CABLE COVER 3(STA R),0,0,0,50.4,Dead,Maintain Algo,False,False,False,False,False,False,False,False,False,False,False,False,True,True,True,True,False,False,False,False,False,False,False,False,True,4
500219956,Y MOVING END (STA R),0,0,0,270.0,Dead,Maintain Algo,False,False,False,False,False,False,False,False,False,False,False,False,True,True,True,True,False,False,False,False,False,False,False,False,True,4
500219957,Y CONNECTOR MOUNTING(STA R),0,0,0,115.2,Dead,Maintain Algo,False,False,False,False,False,False,False,False,False,False,False,False,True,True,True,True,False,False,False,False,False,False,False,False,True,4
500219958,STA R Y CONNECTOR COVER,0,0,0,51.3,Dead,Maintain Algo,False,False,False,False,False,False,False,False,False,False,False,False,True,True,True,True,False,False,False,False,False,False,False,False,True,4
500219959,ESIO AND CAMERA MOUNING(STA R),0,0,0,42.45,Dead,Maintain Algo,False,False,False,False,False,False,False,False,False,False,False,False,True,True,True,True,False,False,False,False,False,False,False,False,True,4
500219960,STA-R Z TABLE ASSY,0,0,0,5902.2,Dead,Maintain Algo,False,False,False,False,False,False,False,False,False,False,False,False,True,True,True,True,False,False,False,False,False,False,False,False,True,4
500219961,STA-R THETA ASSY,0,0,0,5916.6,Dead,Maintain Algo,False,False,False,False,False,False,False,False,False,False,False,False,True,True,True,True,False,False,False,False,False,False,False,False,True,4
500219963,COVER OPENING STATION -L (COS-L),0,0,0,14407.2,Dead,Maintain Algo,False,False,False,False,False,False,False,False,False,False,False,False,True,True,True,True,False,False,False,False,False,False,False,False,True,4
500219964,CONNECTOR MOUNTING (COS L),0,0,0,43.2,Dead,Maintain Algo,False,False,False,False,False,False,False,False,False,False,False,False,True,True,True,True,False,False,False,False,False,False,False,False,True,4
500219965,COS-L FRONT TRACK ASSY,0,0,0,4464.0,Dead,Maintain Algo,False,False,False,False,False,False,False,False,False,False,False,False,True,True,True,True,False,False,False,False,False,False,False,False,True,4
500219966,"MOTOR,CAH,58-00044,ASSEMBLY,LEFT",0,0,0,92.91,Dead,Maintain Algo,False,False,False,False,False,False,False,False,False,False,False,False,True,False,False,True,False,False,False,False,False,False,True,False,True,3
500219967,TRACK WIDTH MTR&ENC ASSY,0,0,0,348.43,Dead,Maintain Algo,False,False,False,False,False,False,False,False,False,False,False,False,True,True,True,True,False,False,False,False,False,False,True,False,True,5
500219968,(COS-L)IN SENSOR UP,0,0,0,209.86,Dead,Maintain Algo,False,False,False,False,False,False,False,False,False,False,False,False,True,True,True,False,False,False,False,False,False,False,False,False,True,3
500219969,(COS-L)IN SENSOR DOWN,0,0,0,209.86,Dead,Maintain Algo,False,False,False,False,False,False,False,False,False,False,False,False,True,True,True,True,False,False,False,False,False,False,True,False,True,5
500219970,"SENSOR,EXIST,COS-L",0,0,0,209.86,Dead,Maintain Algo,False,False,False,False,False,False,False,False,False,False,False,False,True,False,False,True,False,False,False,False,False,False,False,False,True,2
500219971,COS-L FRONT TRACK,0,0,0,523.8,Dead,Maintain Algo,False,False,False,False,False,False,False,False,False,False,False,False,True,True,True,True,False,False,False,False,False,False,False,False,True,4
500219972,COS-L SAFETY SNR MNT,0,0,0,18.0,Dead,Maintain Algo,False,False,False,False,False,False,False,False,False,False,False,False,True,True,True,True,False,False,False,False,False,False,False,False,True,4
500219973,COS L FRONT TRACK COVER,0,0,0,143.1,Dead,Maintain Algo,False,False,False,False,False,False,False,False,False,False,False,False,True,True,True,True,False,False,False,False,False,False,False,False,True,4
500219974,COS X STOPPER MOUNT L,0,0,0,16.2,Dead,Maintain Algo,False,False,False,False,False,False,False,False,False,False,False,False,True,True,True,True,False,False,False,False,False,False,False,False,True,4
500219975,COS-L CONVEYOR MTR MOUNT,0,0,0,72.0,Dead,Maintain Algo,False,False,False,False,False,False,False,False,False,False,False,False,True,True,True,True,False,False,False,False,False,False,False,False,True,4
500219976,COS-L REAR TRACK ASSY,0,0,0,2536.2,Dead,Maintain Algo,False,False,False,False,False,False,False,False,False,False,False,False,True,True,True,True,False,False,False,False,False,False,False,False,True,4
500219977,COS-L TRACKWIDTH MTR MOUNT,0,0,0,58.5,Dead,Maintain Algo,False,False,False,False,False,False,False,False,False,False,False,False,True,True,True,True,False,False,False,False,False,False,False,False,True,4
500219978,COS L TRACK WIDTH FLAG,0,0,0,12.6,Dead,Maintain Algo,False,False,False,False,False,False,False,False,False,False,False,False,True,True,True,True,False,False,False,False,False,False,False,False,True,4
500219979,COS-L REAR TRACK,0,0,0,645.3,Dead,Maintain Algo,False,False,False,False,False,False,False,False,False,False,False,False,True,True,True,True,False,False,False,False,False,False,False,False,True,4
500219980,COS L PUSHER ASSY,0,0,0,133.2,Dead,Maintain Algo,False,False,False,False,False,False,False,False,False,False,False,False,True,True,True,True,False,False,False,False,False,False,False,False,True,4
500219981,COS-L REAR TRACK COVER,0,0,0,90.0,Dead,Maintain Algo,False,False,False,False,False,False,False,False,False,False,False,False,True,True,True,True,False,False,False,False,False,False,False,False,True,4
500219982,COVER OPENING STATION -R (COS-R),0,0,0,14627.7,Dead,Maintain Algo,False,False,False,False,False,False,False,False,False,False,False,False,True,True,True,True,False,False,False,False,False,False,False,False,True,4
500219983,TUBE MOUNTING MOVING (COS),0,0,0,16.2,Dead,Maintain Algo,False,False,False,False,False,False,False,False,False,False,False,False,True,True,True,True,False,False,False,False,False,False,False,False,True,4
500219984,TUBE MOUNTING FIX END 2 (COS),0,0,0,18.0,Dead,Maintain Algo,False,False,False,False,False,False,False,False,False,False,False,False,True,True,True,True,False,False,False,False,False,False,False,False,True,4
500219985,NYLON (COS),0,0,0,7.2,Dead,Maintain Algo,False,False,False,False,False,False,False,False,False,False,False,False,True,True,True,True,False,False,False,False,False,False,False,False,True,4
500219986,CABLE SUPPORT,0,0,0,36.0,Dead,Maintain Algo,False,False,False,False,False,False,False,False,False,False,False,False,True,True,True,True,False,False,False,False,False,False,False,False,True,4
500219987,TUBE MOUNTING FIX END 1 (COS),0,0,0,21.6,Dead,Maintain Algo,False,False,False,False,False,False,False,False,False,False,False,False,True,True,True,True,False,False,False,False,False,False,False,False,True,4
500219988,COS CAL GLASS MOUNT ASSY,0,0,0,126.9,Dead,Maintain Algo,False,False,False,False,False,False,False,False,False,False,False,False,True,False,False,False,False,False,False,False,False,False,False,False,True,1
500219989,CONNECTOR MOUNTING (COS R),0,0,0,51.3,Dead,Maintain Algo,False,False,False,False,False,False,False,False,False,False,False,False,True,True,True,True,False,False,False,False,False,False,False,False,True,4
500219990,CAH 58-00044 MTR ASSY,0,0,0,92.91,Dead,Maintain Algo,False,False,False,False,False,False,False,False,False,False,False,False,True,False,True,True,False,False,False,False,False,False,True,False,True,4
500219991,TRACK WIDTH MTR&ENC ASSY,0,0,0,348.43,Dead,Maintain Algo,False,False,False,False,False,False,False,False,False,False,False,False,True,True,True,True,False,False,False,False,False,False,True,False,True,5
500219992,COS-R FRONT TRACK ASSY,0,0,0,4535.1,Dead,Maintain Algo,False,False,False,False,False,False,False,False,False,False,False,False,True,True,True,True,False,False,False,False,False,False,False,False,True,4
500219993,(COS-R)IN SENSOR DOWN,0,0,0,209.86,Dead,Maintain Algo,False,False,False,False,False,False,False,False,False,False,False,False,True,True,True,True,False,False,False,False,False,False,True,False,True,5
500219994,(COS-R)IN SENSOR UP,0,0,0,209.86,Dead,Maintain Algo,False,False,False,False,False,False,False,False,False,False,False,False,True,True,True,True,False,False,False,False,False,False,True,False,True,5
500219995,(COS-R)EXIST SENSOR,0,0,0,209.86,Dead,Maintain Algo,False,False,False,False,False,False,False,False,False,False,False,False,True,True,True,True,False,False,False,False,False,False,True,False,True,5
500219996,CALIBRATION GLASS BACK PLATE,0,0,0,18.9,Dead,Maintain Algo,False,False,False,False,False,False,False,False,False,False,False,False,True,True,True,True,False,False,False,False,False,False,False,False,True,4
500219997,COS-L CONVEYOR MTR MOUNT,0,0,0,57.6,Dead,Maintain Algo,False,False,False,False,False,False,False,False,False,False,False,False,True,True,True,True,False,False,False,False,False,False,False,False,True,4
500219998,COS-R FRONT TRACK,0,0,0,615.6,Dead,Maintain Algo,False,False,False,False,False,False,False,False,False,False,False,False,True,True,True,True,False,False,False,False,False,False,False,False,True,4
500219999,COS-R TRACK WIDTH MTR MOUNT,0,0,0,70.2,Dead,Maintain Algo,False,False,False,False,False,False,False,False,False,False,False,False,True,True,True,True,False,False,False,False,False,False,False,False,True,4
500220000,COS TRACK WIDTH MTR MOUNT BASE,0,0,0,21.6,Dead,Maintain Algo,False,False,False,False,False,False,False,False,False,False,False,False,True,True,True,True,False,False,False,False,False,False,False,False,True,4
500220001,COS-R SAFETY SNR MNT,0,0,0,18.0,Dead,Maintain Algo,False,False,False,False,False,False,False,False,False,False,False,False,True,True,True,True,False,False,False,False,False,False,False,False,True,4
500220002,COS EXIST SNR MNT,0,0,0,48.6,Dead,Maintain Algo,False,False,False,False,False,False,False,False,False,False,False,False,True,True,True,True,False,False,False,False,False,False,False,False,True,4
500220003,COS X STOPPER,0,0,0,47.7,Dead,Maintain Algo,False,False,False,False,False,False,False,False,False,False,False,False,True,True,True,True,False,False,False,False,False,False,False,False,True,4
500220004,COS X STOPPER MOUNT R,0,0,0,18.0,Dead,Maintain Algo,False,False,False,False,False,False,False,False,False,False,False,False,True,True,True,True,False,False,False,False,False,False,False,False,True,4
500220005,COS CALIBRATION GLASS BASE,0,0,0,31.5,Dead,Maintain Algo,False,False,False,False,False,False,False,False,False,False,False,False,True,True,True,True,False,False,False,False,False,False,False,False,True,4
500220006,COS R FRONT TRACK COVER,0,0,0,143.1,Dead,Maintain Algo,False,False,False,False,False,False,False,False,False,False,False,False,True,True,True,True,False,False,False,False,False,False,False,False,True,4
500220007,COS-R REAR TRACK ASSY,0,0,0,2678.4,Dead,Maintain Algo,False,False,False,False,False,False,False,False,False,False,False,False,True,True,True,True,False,False,False,False,False,False,False,False,True,4
500220008,COS-R REAR TRACK,0,0,0,809.1,Dead,Maintain Algo,False,False,False,False,False,False,False,False,False,False,False,False,True,True,True,True,False,False,False,False,False,False,False,False,True,4
500220009,COS SUPPORTING BAR,0,0,0,58.5,Dead,Maintain Algo,False,False,False,False,False,False,False,False,False,False,False,False,True,True,True,True,False,False,False,False,False,False,False,False,True,4
500220010,COS R TRACK WIDTH FLAG,0,0,0,13.5,Dead,Maintain Algo,False,False,False,False,False,False,False,False,False,False,False,False,True,True,True,True,False,False,False,False,False,False,False,False,True,4
500220011,COS REAR TRACK COVER 1,0,0,0,55.8,Dead,Maintain Algo,False,False,False,False,False,False,False,False,False,False,False,False,True,False,True,True,False,False,False,False,False,False,False,False,True,3
500220012,COS REAR TRACK COVER 2,0,0,0,77.4,Dead,Maintain Algo,False,False,False,False,False,False,False,False,False,False,False,False,True,True,True,True,False,False,False,False,False,False,False,False,True,4
500220013,IDLER ASSY,0,0,0,43.25,Dead,Maintain Algo,False,False,False,False,False,False,False,False,False,False,False,False,True,True,True,True,False,False,False,False,False,False,True,False,True,5
500220014,COS-R REAR TRACK COVER,0,0,0,90.0,Dead,Maintain Algo,False,False,False,False,False,False,False,False,False,False,False,False,True,True,True,True,False,False,False,False,False,False,False,False,True,4
500220015,"PUSHER,COS-R,ASSEMBLY",0,0,0,133.2,Dead,Maintain Algo,False,False,False,False,False,False,False,False,False,False,False,False,True,True,True,False,False,False,False,False,False,False,True,False,True,4
500220016,COS BASE ASSY,0,0,0,2184.3,Dead,Maintain Algo,False,False,False,False,False,False,False,False,False,False,False,False,True,True,True,True,False,False,False,False,False,False,False,False,True,4
500220017,COS CONVEYOR TRACK WIDTH STOPPER,0,0,0,12.6,Dead,Maintain Algo,False,False,False,False,False,False,False,False,False,False,False,False,True,True,True,True,False,False,False,False,False,False,False,False,True,4
500220018,COS UP DOWN LOADER ASSY,0,0,0,4347.0,Dead,Maintain Algo,False,False,False,False,False,False,False,False,False,False,False,False,True,True,True,True,False,False,False,False,False,False,False,False,True,4
500220019,COS Z MTR CABLE ASSY,0,0,0,791.38,Dead,Maintain Algo,False,False,False,False,False,False,False,False,False,False,False,False,True,False,True,True,False,False,False,False,False,False,True,False,True,4
500220020,COS BASE,0,0,0,845.1,Dead,Maintain Algo,False,False,False,False,False,False,False,False,False,False,False,False,True,True,True,True,False,False,False,False,False,False,False,False,True,4
500220021,DOWEL PIN D4 X L20,0,0,0,1.6,Dead,Maintain Algo,False,False,False,False,False,False,False,False,False,False,False,False,True,True,True,False,False,False,False,False,False,False,True,False,True,4
500220022,LINEAR BUSHING 12X22X32,0,0,0,40.05,Dead,Maintain Algo,False,False,False,False,False,False,False,False,False,False,False,False,True,True,True,True,False,False,False,False,False,False,True,False,True,5
500220023,(EJ) SET COLLAR D10,0,0,0,18.0,Dead,Maintain Algo,False,False,False,False,False,False,False,False,False,False,False,False,True,True,True,True,False,False,False,False,False,False,False,False,True,4
500220024,(EW) UD ANVIL BLOCK MOTOR MOUNT,0,0,0,94.5,Dead,Maintain Algo,False,False,False,False,False,False,False,False,False,False,False,False,True,True,True,True,False,False,False,False,False,False,False,False,True,4
500220025,(EW) PLATFORM-LM SHAFT MOUNT,0,0,0,51.3,Dead,Maintain Algo,False,False,False,False,False,False,False,False,False,False,False,False,True,True,True,True,False,False,False,False,False,False,False,False,True,4
500220026,(EW) UD ANVIL BLOCK MOTOR PULLEY,0,0,0,83.7,Dead,Maintain Algo,False,False,False,False,False,False,False,False,False,False,False,False,True,True,True,True,False,False,False,False,False,False,False,False,True,4
500220027,(EW) LM BUSH HOUSE,0,0,0,117.0,Dead,Maintain Algo,False,False,False,False,False,False,False,False,False,False,False,False,True,True,True,True,False,False,False,False,False,False,False,False,True,4
500220028,STACKER UP/DOWN GUIDE ROD,0,0,0,62.1,Dead,Maintain Algo,False,False,False,False,False,False,False,False,False,False,False,False,True,True,True,True,False,False,False,False,False,False,False,False,True,4
500220029,UP DOWN LOADER BASE,0,0,0,529.2,Dead,Maintain Algo,False,False,False,False,False,False,False,False,False,False,False,False,True,True,True,True,False,False,False,False,False,False,False,False,True,4
500220030,STACKER UP/DOWN HOME SENSOR MOUNT,0,0,0,41.4,Dead,Maintain Algo,False,False,False,False,False,False,False,False,False,False,False,False,True,True,True,True,False,False,False,False,False,False,False,False,True,4
500220031,UP DOWN BASE PLATE,0,0,0,194.4,Dead,Maintain Algo,False,False,False,False,False,False,False,False,False,False,False,False,True,True,True,True,False,False,False,False,False,False,False,False,True,4
500220032,COS UP DN SNR FLAG,0,0,0,12.6,Dead,Maintain Algo,False,False,False,False,False,False,False,False,False,False,False,False,True,True,True,True,False,False,False,False,False,False,False,False,True,4
500220033,COS ADAPTOR ASSY,0,0,0,257.92,Dead,Maintain Algo,False,False,False,False,False,False,False,False,False,False,False,False,True,True,True,True,False,False,False,False,False,False,True,False,True,5
500220035,COS Z SENSOR MOUNT,0,0,0,12.6,Dead,Maintain Algo,False,False,False,False,False,False,False,False,False,False,False,False,True,True,True,True,False,False,False,False,False,False,False,False,True,4
500220036,COS UD ASSY FOR METAL TRAY,0,0,0,360.0,Dead,Maintain Algo,False,False,False,False,False,False,False,False,False,False,False,False,True,True,True,True,False,False,False,False,False,False,False,False,True,4
500220037,COS UD ASSY FOR JEDEC TRAY,0,0,0,342.0,Dead,Maintain Algo,False,False,False,False,False,False,False,False,False,False,False,False,True,True,True,True,False,False,False,False,False,False,False,False,True,4
500220038,HIGHWAY (HW),0,0,0,29365.2,Dead,Maintain Algo,False,False,False,False,False,False,False,False,False,False,False,False,True,True,True,True,False,False,False,False,False,False,False,False,True,4
500220039,HW LOAD-UNLOAD CONVEYOR,0,0,0,7169.4,Dead,Maintain Algo,False,False,False,False,False,False,False,False,False,False,False,False,True,True,True,True,False,False,False,False,False,False,False,False,True,4
500220040,"MOTOR,ASSEMBLY,CAH,58-00044",0,0,0,92.91,Dead,Maintain Algo,False,False,False,False,False,False,False,False,False,False,False,False,True,False,False,True,False,False,False,False,False,False,True,False,True,3
500220041,HW MID FRONT TRACK ASSY,0,0,0,4793.4,Dead,Maintain Algo,False,False,False,False,False,False,False,False,False,False,False,False,True,True,True,True,False,False,False,False,False,False,False,False,True,4
500220042,(HW)MID BYPASS SENSOR,0,0,0,209.86,Dead,Maintain Algo,False,False,False,False,False,False,False,False,False,False,False,False,True,False,True,False,False,False,False,False,False,False,True,False,True,3
500220043,HW MID BASE PLATE,0,0,0,239.4,Dead,Maintain Algo,False,False,False,False,False,False,False,False,False,False,False,False,True,True,True,True,False,False,False,False,False,False,True,False,True,5
500220044,(HW)MID EXIST SENSOR,0,0,0,209.86,Dead,Maintain Algo,False,False,False,False,False,False,False,False,False,False,False,False,True,False,True,True,False,False,False,False,False,False,True,False,True,4
500220045,BUSH HOLDER (L),0,0,0,268.2,Dead,Maintain Algo,False,False,False,False,False,False,False,False,False,False,False,False,True,True,True,True,False,False,False,False,False,False,False,False,True,4
500220046,HW MID CONVEYOR MTR MOUNT,0,0,0,59.4,Dead,Maintain Algo,False,False,False,False,False,False,False,False,False,False,False,False,True,True,True,True,False,False,False,False,False,False,False,False,True,4
500220047,HW MID FRONT TRACK,0,0,0,237.6,Dead,Maintain Algo,False,False,False,False,False,False,False,False,False,False,False,False,True,True,True,True,False,False,False,False,False,False,False,False,True,4
500220048,BUSH HOLDER (R),0,0,0,268.2,Dead,Maintain Algo,False,False,False,False,False,False,False,False,False,False,False,False,True,True,True,True,False,False,False,False,False,False,False,False,True,4
500220049,FRONT TRACK CONNECTION BLOCK,0,0,0,56.7,Dead,Maintain Algo,False,False,False,False,False,False,False,False,False,False,False,False,True,True,True,True,False,False,False,False,False,False,False,False,True,4
500220050,CONNECTION BAR (L),0,0,0,90.0,Dead,Maintain Algo,False,False,False,False,False,False,False,False,False,False,False,False,True,True,True,True,False,False,False,False,False,False,False,False,True,4
500220051,CONNECTION BAR (R),0,0,0,90.0,Dead,Maintain Algo,False,False,False,False,False,False,False,False,False,False,False,False,True,True,True,True,False,False,False,False,False,False,False,False,True,4
500220052,UP DN ROD ADAPTOR,0,0,0,29.7,Dead,Maintain Algo,False,False,False,False,False,False,False,False,False,False,False,False,True,True,True,True,False,False,False,False,False,False,False,False,True,4
500220053,HW MID BY PASS SNR MNT,0,0,0,23.4,Dead,Maintain Algo,False,False,False,False,False,False,False,False,False,False,False,False,True,True,True,True,False,False,False,False,False,False,False,False,True,4
500220054,SENSOR MOUNT,0,0,0,62.1,Dead,Maintain Algo,False,False,False,False,False,False,False,False,False,False,False,False,True,True,True,True,False,False,False,False,False,False,True,False,True,5
500220055,SNR MNT BLOCK,0,0,0,18.9,Dead,Maintain Algo,False,False,False,False,False,False,False,False,False,False,False,False,True,True,True,True,False,False,False,False,False,False,False,False,True,4
500220056,HW MID REAR TRACK ASSY,0,0,0,2268.0,Dead,Maintain Algo,False,False,False,False,False,False,False,False,False,False,False,False,True,True,True,True,False,False,False,False,False,False,False,False,True,4
500220057,"HW MID (FRONT GUIDE ROD D10, 308MM)",0,0,0,46.8,Dead,Maintain Algo,False,False,False,False,False,False,False,False,False,False,False,False,True,True,True,True,False,False,False,False,False,False,False,False,True,4
500220058,LINEAR BUSHING LM10-AJ,0,0,0,18.42,Dead,Maintain Algo,False,False,False,False,False,False,False,False,False,False,False,False,True,False,True,True,False,False,False,False,False,False,True,False,True,4
500220059,"SCREW,NYLON,TIP,M5X10,SOC,SET",0,0,0,15.3,Dead,Maintain Algo,False,False,False,False,False,False,False,False,False,False,False,False,True,True,True,True,False,False,False,False,False,False,False,False,True,4
500220060,HW MID TRACK COVER,0,0,0,161.1,Dead,Maintain Algo,False,False,False,False,False,False,False,False,False,False,False,False,True,True,True,True,False,False,False,False,False,False,False,False,True,4
500220061,HW MID REAR TRACK,0,0,0,279.9,Dead,Maintain Algo,False,False,False,False,False,False,False,False,False,False,False,False,True,True,True,True,False,False,False,False,False,False,False,False,True,4
500220062,HW MID BUSH HOLDER,0,0,0,401.4,Dead,Maintain Algo,False,False,False,False,False,False,False,False,False,False,False,False,True,True,True,True,False,False,False,False,False,False,False,False,True,4
500220063,HW MID TRACK WIDTH CONNECTION BAR,0,0,0,183.6,Dead,Maintain Algo,False,False,False,False,False,False,False,False,False,False,False,False,True,True,True,True,False,False,False,False,False,False,False,False,True,4
500220064,UP DN STOPPER,0,0,0,8.1,Dead,Maintain Algo,False,False,False,False,False,False,False,False,False,False,False,False,True,True,True,True,False,False,False,False,False,False,False,False,True,4
500220065,HW MID SHAFT HOLDER,0,0,0,86.4,Dead,Maintain Algo,False,False,False,False,False,False,False,False,False,False,False,False,True,True,True,True,False,False,False,False,False,False,False,False,True,4
500220066,CONVEYOR BELT PULLEY DRIVING (HW-MID),0,0,0,143.37,Dead,Maintain Algo,False,False,False,False,False,False,False,False,False,False,False,False,True,False,True,False,False,False,False,False,False,False,True,False,True,3
500220067,DIA 10 GUIDE ROD,0,0,0,42.3,Dead,Maintain Algo,False,False,False,False,False,False,False,False,False,False,False,False,True,False,False,True,False,False,False,False,False,False,True,False,True,3
500220068,HWIP FRONT TRACK ASSY,0,0,0,6546.6,Dead,Maintain Algo,False,False,False,False,False,False,False,False,False,False,False,False,True,True,True,True,False,False,False,False,False,False,False,False,True,4
500220069,HW INPUT CONVEYOR,0,0,0,9828.0,Dead,Maintain Algo,False,False,False,False,False,False,False,False,False,False,False,False,True,True,True,True,False,False,False,False,False,False,False,False,True,4
500220070,CABLE MOUNTING MOVING(HWM BACK),0,0,0,28.8,Dead,Maintain Algo,False,False,False,False,False,False,False,False,False,False,False,False,True,True,True,True,False,False,False,False,False,False,False,False,True,4
500220071,HWIP INDEXING STOPPER ASSY,0,0,0,151.2,Dead,Maintain Algo,False,False,False,False,False,False,False,False,False,False,False,False,True,True,True,True,False,False,False,False,False,False,False,False,True,4
500220072,HWIP CONVEYOR MTR ASSY,0,0,0,96.12,Dead,Maintain Algo,False,False,False,False,False,False,False,False,False,False,False,False,True,False,True,False,False,False,False,False,False,False,True,False,True,3
500220073,(HW)IP EXIST SENSOR,0,0,0,209.86,Dead,Maintain Algo,False,False,False,False,False,False,False,False,False,False,False,False,True,False,False,False,False,False,False,False,False,False,False,False,True,1
500220074,TRACK WIDTH MTR&ENC ASSY,0,0,0,348.43,Dead,Maintain Algo,False,False,False,False,False,False,False,False,False,False,False,False,True,True,True,True,False,False,False,False,False,False,True,False,True,5
500220075,(HW)IP CONVEYOR OUT UP,0,0,0,209.86,Dead,Maintain Algo,False,False,False,False,False,False,False,False,False,False,False,False,True,False,False,False,False,False,False,False,False,False,False,False,True,1
500220076,(HW)IP CONVEYOR IN,0,0,0,209.86,Dead,Maintain Algo,False,False,False,False,False,False,False,False,False,False,False,False,True,True,True,False,False,False,False,False,False,False,False,False,True,3
500220077,(HW)IP CONVEYOR OUT DOWN,0,0,0,209.86,Dead,Maintain Algo,False,False,False,False,False,False,False,False,False,False,False,False,True,False,True,True,False,False,False,False,False,False,True,False,True,4
500220078,HWIP (BY-PASS) IN SNR,0,0,0,209.86,Dead,Maintain Algo,False,False,False,False,False,False,False,False,False,False,False,False,True,True,True,False,False,False,False,False,False,False,True,False,True,4
500220079,HWIP (BY-PASS) OUT SNR,0,0,0,209.86,Dead,Maintain Algo,False,False,False,False,False,False,False,False,False,False,False,False,True,False,False,False,False,False,False,False,False,False,True,False,True,2
500220080,HWIP (BY-PASS) MID SNR,0,0,0,209.86,Dead,Maintain Algo,False,False,False,False,False,False,False,False,False,False,False,False,True,True,True,False,False,False,False,False,False,False,False,False,True,3
500220081,MOUNTING BASE,0,0,0,61.2,Dead,Maintain Algo,False,False,False,False,False,False,False,False,False,False,False,False,True,True,True,True,False,False,False,False,False,False,False,False,True,4
500220082,HWIP EXIST SNR MNT,0,0,0,21.6,Dead,Maintain Algo,False,False,False,False,False,False,False,False,False,False,False,False,True,True,True,True,False,False,False,False,False,False,True,False,True,5
500220083,HWIP FRONT TRACK,0,0,0,496.8,Dead,Maintain Algo,False,False,False,False,False,False,False,False,False,False,False,False,True,True,True,True,False,False,False,False,False,False,False,False,True,4
500220084,HWIP IN SNR MNT,0,0,0,23.4,Dead,Maintain Algo,False,False,False,False,False,False,False,False,False,False,False,False,True,True,True,True,False,False,False,False,False,False,False,False,True,4
500220085,HWIP REAR TRACK ASSY,0,0,0,1888.2,Dead,Maintain Algo,False,False,False,False,False,False,False,False,False,False,False,False,True,True,True,True,False,False,False,False,False,False,False,False,True,4
500220086,HWIP REAR TRACK,0,0,0,387.9,Dead,Maintain Algo,False,False,False,False,False,False,False,False,False,False,False,False,True,True,True,True,False,False,False,False,False,False,False,False,True,4
500220161,WORKCHUCK X PRELOAD MAGNET ASSY (BOTTOM),0,0,0,124.0,Dead,Maintain Algo,False,False,False,False,False,False,False,False,False,False,False,False,True,True,True,True,False,False,False,False,False,False,False,False,True,4
500220164,RIGHT HEATED PEDESTAL ASSY,1,0,0,7769.7,Active Moving,Maintain Algo,False,False,False,False,False,False,False,False,False,False,False,False,False,False,False,True,False,False,False,False,False,False,False,False,False,1
500220166,"PEDESTAL,LEFT,HEATED,ASSEMBLY",1,0,0,7769.7,Active Moving,Maintain Algo,False,False,False,False,False,False,False,False,False,False,False,False,False,False,False,True,False,False,False,False,False,False,False,False,False,1
500220167,"CAMERA,DTA,WD20,CABLE-REAR",0,0,0,4806.0,Dead,Maintain Algo,False,False,False,False,False,False,False,False,False,False,False,False,True,False,False,True,False,False,False,False,False,False,False,False,True,2
500220355,AMPING SCREW M4X6 FSM4-6,1,0,0,7.2,Dead,Decrease Algo,False,False,False,False,False,False,False,False,False,False,False,False,False,False,False,True,False,False,False,False,False,False,True,True,False,3
500220356,ROD ASSY (NOT USE FOR BONDSTAGE),1,0,0,581.0,Active Moving,Increase Algo,False,False,False,False,False,False,False,False,False,False,False,False,False,False,False,True,False,False,False,False,False,False,False,False,False,1
500220357,"PIN,DOWEL,D5XL10,SST,HEATED,BLOCK",1,0,0,3.2,Dead,Decrease Algo,False,False,False,False,False,False,False,False,False,False,False,False,False,False,False,True,False,False,False,False,False,False,True,True,False,3
500220358,TCB PEDESTAL HEATED BLOCK,0,0,0,3450.6,Dead,Maintain Algo,False,False,False,False,False,False,False,False,False,False,False,False,True,True,True,True,False,False,False,False,False,False,False,False,True,4
500220359,PS COVER CYLINDER ASSY RIGHT,0,0,0,375.3,Dead,Maintain Algo,False,False,False,False,False,False,False,False,False,False,False,False,True,True,True,True,False,False,False,False,False,False,False,False,True,4
500220360,PS COVER OPEN SWITCH,0,0,0,80.1,Dead,Maintain Algo,False,False,False,False,False,False,False,False,False,False,False,False,True,True,True,False,False,False,False,False,False,False,True,False,True,4
500220361,TCB PEDESTAL HEATED BLOCK MAGNET ASSY,0,0,0,3150.9,Dead,Maintain Algo,False,False,False,False,False,False,False,False,False,False,False,False,True,True,True,True,False,False,False,False,False,False,False,False,True,4
500220362,PS COVER CLOSE SWITCH,0,0,0,80.1,Dead,Maintain Algo,False,False,False,False,False,False,False,False,False,False,False,False,True,True,True,False,False,False,False,False,False,False,True,False,True,4
500220363,ROD END NHS 5T,0,0,0,18.0,Dead,Maintain Algo,False,False,False,False,False,False,False,False,False,False,False,False,True,True,True,True,False,False,False,False,False,False,False,False,True,4
500220364,LOCK NUT M5X0.8,0,0,0,3.6,Dead,Maintain Algo,False,False,False,False,False,False,False,False,False,False,False,False,True,True,True,True,False,False,False,False,False,False,False,False,True,4
500220365,CYLINDER SHOULDER SCREW,0,0,0,9.0,Dead,Maintain Algo,False,False,False,False,False,False,False,False,False,False,False,False,True,True,True,True,False,False,False,False,False,False,False,False,True,4
500220366,CYLINER ADAPTOR,0,0,0,10.8,Dead,Maintain Algo,False,False,False,False,False,False,False,False,False,False,False,False,True,True,True,True,False,False,False,False,False,False,False,False,True,4
500220367,CYLINDER MOUNT,0,0,0,43.2,Dead,Maintain Algo,False,False,False,False,False,False,False,False,False,False,False,False,True,True,True,True,False,False,False,False,False,False,False,False,True,4
500220368,"PNEU. CYLINDER, D-ACT, 10X45, DC",0,0,0,42.45,Dead,Maintain Algo,False,False,False,False,False,False,False,False,False,False,False,False,True,True,True,True,False,False,False,False,False,False,True,False,True,5
500220369,AUTO SWITCH MOUNTING BAND BJ2-010,0,0,0,2.4,Dead,Maintain Algo,False,False,False,False,False,False,False,False,False,False,False,False,True,True,True,True,False,False,False,False,False,False,True,False,True,5
500220370,PS R COVER ASSY,0,0,0,234.9,Dead,Maintain Algo,False,False,False,False,False,False,False,False,False,False,False,False,True,True,True,True,False,False,False,False,False,False,False,False,True,4
500220371,PS R COVER ASSY,0,0,0,55.8,Dead,Maintain Algo,False,False,False,False,False,False,False,False,False,False,False,False,True,True,True,True,False,False,False,False,False,False,False,False,True,4
500220372,E-RING ETW-4,0,0,0,1.17,Dead,Maintain Algo,False,False,False,False,False,False,False,False,False,False,False,False,True,True,True,True,False,False,False,False,False,False,False,False,True,4
500220373,PS COVER 2,0,0,0,40.5,Dead,Maintain Algo,False,False,False,False,False,False,False,False,False,False,False,False,True,True,True,True,False,False,False,False,False,False,False,False,True,4
500220374,PS COVER 3,0,0,0,19.8,Dead,Maintain Algo,False,False,False,False,False,False,False,False,False,False,False,False,True,True,True,True,False,False,False,False,False,False,False,False,True,4
500220376,CONDENSER COVER,0,0,0,26.1,Dead,Maintain Algo,False,False,False,False,False,False,False,False,False,False,False,False,True,True,True,True,False,False,False,False,False,False,False,False,True,4
500220377,COVER HINGE BUSH,0,0,0,7.2,Dead,Maintain Algo,False,False,False,False,False,False,False,False,False,False,False,False,True,True,True,True,False,False,False,False,False,False,False,False,True,4
500220378,PS COVER 4,0,0,0,20.7,Dead,Maintain Algo,False,False,False,False,False,False,False,False,False,False,False,False,True,True,True,True,False,False,False,False,False,False,False,False,True,4
500220379,COVER 1 ADD-ON,0,0,0,15.3,Dead,Maintain Algo,False,False,False,False,False,False,False,False,False,False,False,False,True,True,True,True,False,False,False,False,False,False,False,False,True,4
500220380,COVER HINGE SHAFT,0,0,0,7.2,Dead,Maintain Algo,False,False,False,False,False,False,False,False,False,False,False,False,True,True,True,True,False,False,False,False,False,False,False,False,True,4
500220381,3MM SPACER,0,0,0,5.4,Dead,Maintain Algo,False,False,False,False,False,False,False,False,False,False,False,False,True,True,True,True,False,False,False,False,False,False,False,False,True,4
500220382,PS COVER 1,0,0,0,36.9,Dead,Maintain Algo,False,False,False,False,False,False,False,False,False,False,False,False,True,True,True,True,False,False,False,False,False,False,False,False,True,4
500220383,CONDENSER COVER,0,0,0,12.6,Dead,Maintain Algo,False,False,False,False,False,False,False,False,False,False,False,False,True,True,True,True,False,False,False,False,False,False,False,False,True,4
500220384,PS CONDENSER DUMMY PLATE,0,0,0,4.5,Dead,Maintain Algo,False,False,False,False,False,False,False,False,False,False,False,False,True,True,True,True,False,False,False,False,False,False,False,False,True,4
500220385,PS Stopper,0,0,0,3.6,Dead,Maintain Algo,False,False,False,False,False,False,False,False,False,False,False,False,True,True,True,True,False,False,False,False,False,False,False,False,True,4
500220386,DDLO Z MOVING END COVER-01(L),0,0,0,34.2,Dead,Maintain Algo,False,False,False,False,False,False,False,False,False,False,False,False,True,True,True,True,False,False,False,False,False,False,False,False,True,4
500220387,DDLO Z MOVING END MOUNT-01(L),0,0,0,21.6,Dead,Maintain Algo,False,False,False,False,False,False,False,False,False,False,False,False,True,True,True,True,False,False,False,False,False,False,False,False,True,4
500220388,DDLO X MOVING END MOUNT-01(L),0,0,0,96.3,Dead,Maintain Algo,False,False,False,False,False,False,False,False,False,False,False,False,True,True,True,True,False,False,False,False,False,False,False,False,True,4
500220389,DDLO X MOVING END COVER-01(L),0,0,0,35.1,Dead,Maintain Algo,False,False,False,False,False,False,False,False,False,False,False,False,True,True,True,True,False,False,False,False,False,False,False,False,True,4
500220390,DDLO X MTR&ENC CABLE COVER(L),0,0,0,26.1,Dead,Maintain Algo,False,False,False,False,False,False,False,False,False,False,False,False,True,True,True,True,False,False,False,False,False,False,False,False,True,4
500220391,DDLO X FIXED END MOUNT-01(L),0,0,0,57.6,Dead,Maintain Algo,False,False,False,False,False,False,False,False,False,False,False,False,True,True,True,True,False,False,False,False,False,False,False,False,True,4
500220392,DDLO X FIXED END COVER-01(L),0,0,0,31.5,Dead,Maintain Algo,False,False,False,False,False,False,False,False,False,False,False,False,True,True,True,True,False,False,False,False,False,False,False,False,True,4
500220393,DDLO X FIXED END MOUNT-02(L),0,0,0,180.9,Dead,Maintain Algo,False,False,False,False,False,False,False,False,False,False,False,False,True,True,True,True,False,False,False,False,False,False,False,False,True,4
500220394,Z ENCODER COVER LEFT,0,0,0,26.1,Dead,Maintain Algo,False,False,False,False,False,False,False,False,False,False,False,False,True,True,True,True,False,False,False,False,False,False,False,False,True,4
500220395,L&R DDLO RUBBER SPACER-01(G2),0,0,0,29.7,Dead,Maintain Algo,False,False,False,False,False,False,False,False,False,False,False,False,True,True,True,True,False,False,False,False,False,False,False,False,True,4
500220396,Z STAGE LEFT,0,0,0,2691.0,Dead,Maintain Algo,False,False,False,False,False,False,False,False,False,False,False,False,True,True,True,True,False,False,False,False,False,False,False,False,True,4
500220397,DDLO Z MOTOR LEFT,0,0,0,485.4,Dead,Maintain Algo,False,False,False,False,False,False,False,False,False,False,False,False,True,False,True,True,False,False,False,False,False,False,True,False,True,4
500220398,DDLO Z TABLE BASE LEFT,0,0,0,237.6,Dead,Maintain Algo,False,False,False,False,False,False,False,False,False,False,False,False,True,True,True,True,False,False,False,False,False,False,False,False,True,4
500220399,Z MOVING TABLE LEFT,0,0,0,182.7,Dead,Maintain Algo,False,False,False,False,False,False,False,False,False,False,False,False,True,True,True,True,False,False,False,False,False,False,False,False,True,4
500220400,L&R DDLO CABLE CLAMP-01(G2),0,0,0,3.6,Dead,Maintain Algo,False,False,False,False,False,False,False,False,False,False,False,False,True,True,True,True,False,False,False,False,False,False,False,False,True,4
500220401,DDLO ENC CABLE ASSY,0,0,0,784.98,Dead,Maintain Algo,False,False,False,False,False,False,False,False,False,False,False,False,True,False,True,False,False,False,False,False,False,False,True,False,True,3
500220402,Z MOTOR COVER LEFT,0,0,0,16.2,Dead,Maintain Algo,False,False,False,False,False,False,False,False,False,False,False,False,True,True,True,True,False,False,False,False,False,False,False,False,True,4
500220403,Z ENCODER MOUNT LEFT,0,0,0,41.4,Dead,Maintain Algo,False,False,False,False,False,False,False,False,False,False,False,False,True,True,True,True,False,False,False,False,False,False,False,False,True,4
500220404,OPTICS&LG MOUNTING ARM LEFT,0,0,0,342.0,Dead,Maintain Algo,False,False,False,False,False,False,False,False,False,False,False,False,True,True,True,True,False,False,False,False,False,False,False,False,True,4
500220405,LG MOUNT LEFT,0,0,0,62.1,Dead,Maintain Algo,False,False,False,False,False,False,False,False,False,False,False,False,True,True,True,True,False,False,False,False,False,False,False,False,True,4
500220407,HEX SPACER M3X20 STUD/HOLE,0,0,0,21.6,Dead,Maintain Algo,False,False,False,False,False,False,False,False,False,False,False,False,True,True,True,True,False,False,False,False,False,False,False,False,True,4
500220408,SOC HD ATTACHING SCREW M3X8,0,0,0,5.4,Dead,Maintain Algo,False,False,False,False,False,False,False,False,False,False,False,False,True,True,True,True,False,False,False,False,False,False,False,False,True,4
500220409,DL OPTICS MOUNT LEFT,0,0,0,61.2,Dead,Maintain Algo,False,False,False,False,False,False,False,False,False,False,False,False,True,True,True,True,False,False,False,False,False,False,False,False,True,4
500220410,SOC HD ATTACHING SCREW M3X6,0,0,0,7.2,Dead,Maintain Algo,False,False,False,False,False,False,False,False,False,False,False,False,True,True,True,True,False,False,False,False,False,False,False,False,True,4
500220411,DDLO X MTR&ENC CABLE COVER(R),0,0,0,26.1,Dead,Maintain Algo,False,False,False,False,False,False,False,False,False,False,False,False,True,True,True,True,False,False,False,False,False,False,False,False,True,4
500220412,DDLO Z MOVING END MOUNT-01(R),0,0,0,21.6,Dead,Maintain Algo,False,False,False,False,False,False,False,False,False,False,False,False,True,True,True,True,False,False,False,False,False,False,False,False,True,4
500220413,DDLO Z MOVING END COVER-01(R),0,0,0,34.2,Dead,Maintain Algo,False,False,False,False,False,False,False,False,False,False,False,False,True,True,True,True,False,False,False,False,False,False,False,False,True,4
500220414,DDLO X FIXED END MOUNT-01(R),0,0,0,63.9,Dead,Maintain Algo,False,False,False,False,False,False,False,False,False,False,False,False,True,True,True,True,False,False,False,False,False,False,False,False,True,4
500220415,DDLO X MOVING END MOUNT-01(R),0,0,0,85.5,Dead,Maintain Algo,False,False,False,False,False,False,False,False,False,False,False,False,True,True,True,True,False,False,False,False,False,False,False,False,True,4
500220416,DDLO X MOVING END COVER-01(R),0,0,0,35.1,Dead,Maintain Algo,False,False,False,False,False,False,False,False,False,False,False,False,True,True,True,True,False,False,False,False,False,False,False,False,True,4
500220417,Z ENCODER COVER RIGHT,0,0,0,26.1,Dead,Maintain Algo,False,False,False,False,False,False,False,False,False,False,False,False,True,True,True,True,False,False,False,False,False,False,False,False,True,4
500220418,DDLO X FIXED END MOUNT-02(R),0,0,0,187.2,Dead,Maintain Algo,False,False,False,False,False,False,False,False,False,False,False,False,True,True,True,True,False,False,False,False,False,False,False,False,True,4
500220419,DDLO ENC CABLE ASSY,0,0,0,784.98,Dead,Maintain Algo,False,False,False,False,False,False,False,False,False,False,False,False,True,True,True,False,False,False,False,False,False,False,True,False,True,4
500220420,Z STAGE RIGHT,0,0,0,2763.9,Dead,Maintain Algo,False,False,False,False,False,False,False,False,False,False,False,False,True,True,True,True,False,False,False,False,False,False,False,False,True,4
500220421,"MAGNETIC SPRING (20N, 49MM)",0,0,0,83.3,Dead,Maintain Algo,False,False,False,False,False,False,False,False,False,False,False,False,True,True,True,True,False,False,False,False,False,False,True,False,True,5
500220422,"MOTOR,DDLO,Z,RIGHT",0,0,0,546.28,Dead,Maintain Algo,False,False,False,False,False,False,False,False,False,False,False,False,True,False,True,True,False,False,False,False,False,False,True,False,True,4
500220423,DDLO X FIXED END COVER-01(R),0,0,0,36.9,Dead,Maintain Algo,False,False,False,False,False,False,False,False,False,False,False,False,True,True,True,True,False,False,False,False,False,False,False,False,True,4
500220424,DDLO Z TABLE RIGHT,0,0,0,237.6,Dead,Maintain Algo,False,False,False,False,False,False,False,False,False,False,False,False,True,True,True,True,False,False,False,False,False,False,False,False,True,4
500220425,Z MOVING TABLE RIGHT,0,0,0,164.7,Dead,Maintain Algo,False,False,False,False,False,False,False,False,False,False,False,False,True,True,True,True,False,False,False,False,False,False,False,False,True,4
500220426,OPTICS&LG MOUTING ARM RIGHT,0,0,0,268.2,Dead,Maintain Algo,False,False,False,False,False,False,False,False,False,False,False,False,True,True,True,True,False,False,False,False,False,False,False,False,True,4
500220427,Z MOTOR COVER RIGHT,0,0,0,16.2,Dead,Maintain Algo,False,False,False,False,False,False,False,False,False,False,False,False,True,True,True,True,False,False,False,False,False,False,False,False,True,4
500220428,OPTICS&LG SCREW RETAINING PLATE,0,0,0,20.7,Dead,Maintain Algo,False,False,False,False,False,False,False,False,False,False,False,False,True,True,True,True,False,False,False,False,False,False,False,False,True,4
500220429,Z ENCODER MOUNT RIGHT,0,0,0,55.8,Dead,Maintain Algo,False,False,False,False,False,False,False,False,False,False,False,False,True,True,True,True,False,False,False,False,False,False,False,False,True,4
500220430,REFERENCE MARK INTERFACE,0,0,0,29.7,Dead,Maintain Algo,False,False,False,False,False,False,False,False,False,False,False,False,True,True,True,True,False,False,False,False,False,False,False,False,True,4
500220431,LG MOUNT RIGHT,0,0,0,99.0,Dead,Maintain Algo,False,False,False,False,False,False,False,False,False,False,False,False,True,True,True,True,False,False,False,False,False,False,False,False,True,4
500220432,DL OPTICS SCREW RETAINING PLATE,0,0,0,7.2,Dead,Maintain Algo,False,False,False,False,False,False,False,False,False,False,False,False,True,True,True,True,False,False,False,False,False,False,False,False,True,4
500220433,DL OPTICS MOUNT RIGHT,0,0,0,63.9,Dead,Maintain Algo,False,False,False,False,False,False,False,False,False,False,False,False,True,True,True,True,False,False,False,False,False,False,False,False,True,4
500220434,4 PIN M8 ST PLUG SCR FLEX CORD 5M,0,0,0,112.14,Dead,Maintain Algo,False,False,False,False,False,False,False,False,False,False,False,False,True,True,True,True,False,False,False,False,False,False,True,False,True,5
500220435,Y SHUTTLE OPTICS TABLE ASSY,0,0,0,14061.6,Dead,Maintain Algo,False,False,False,False,False,False,False,False,False,False,False,False,True,True,True,True,False,False,False,False,False,False,False,False,True,4
500220436,Z MOVING  (INPUTSHUTTLE X TABLE),0,0,0,35.1,Dead,Maintain Algo,False,False,False,False,False,False,False,False,False,False,False,False,True,True,True,True,False,False,False,False,False,False,False,False,True,4
500220438,Z FIXEND(INPUTSHUTTLE X TABLE),0,0,0,79.2,Dead,Maintain Algo,False,False,False,False,False,False,False,False,False,False,False,False,True,True,True,True,False,False,False,False,False,False,False,False,True,4
500220439,COVER 1 (INPUTSHUTTLE X TABLE),0,0,0,9.0,Dead,Maintain Algo,False,False,False,False,False,False,False,False,False,False,False,False,True,True,True,True,False,False,False,False,False,False,False,False,True,4
500220440,COVER 2 (INPUTSHUTTLE X TABLE),0,0,0,80.1,Dead,Maintain Algo,False,False,False,False,False,False,False,False,False,False,False,False,True,True,True,True,False,False,False,False,False,False,False,False,True,4
500220441,E-CHAIN MOUNTING SUPPORT,0,0,0,46.8,Dead,Maintain Algo,False,False,False,False,False,False,False,False,False,False,False,False,True,True,True,True,False,False,False,False,False,False,False,False,True,4
500220442,X FIXEND (INPUTSHUTTLE X TABLE),0,0,0,61.2,Dead,Maintain Algo,False,False,False,False,False,False,False,False,False,False,False,False,True,True,True,True,False,False,False,False,False,False,False,False,True,4
500220443,E-CHAIN Z MOUNTING SUPPORT,0,0,0,12.6,Dead,Maintain Algo,False,False,False,False,False,False,False,False,False,False,False,False,True,True,True,True,False,False,False,False,False,False,False,False,True,4
500220444,Y SHUTTLE OT X TABLE ASSY,0,0,0,6355.8,Dead,Maintain Algo,False,False,False,False,False,False,False,False,False,False,False,False,True,False,True,True,False,False,False,False,False,False,False,False,True,3
500220445,Y SHUTTLE OT Z TABLE ASSY,0,0,0,5966.1,Dead,Maintain Algo,False,False,False,False,False,False,False,False,False,False,False,False,True,True,True,True,False,False,False,False,False,False,False,False,True,4
500220446,Y SHUTTLE OT TABLE Z ENCODER ASSY,0,0,0,780.97,Dead,Maintain Algo,False,False,False,False,False,False,False,False,False,False,False,False,True,False,False,True,False,False,False,False,False,False,True,False,True,3
500220447,"MOTOR,BHZ,ROD,Y,SHUTTLE,OT,ZTABLE",0,0,0,669.63,Dead,Maintain Algo,False,False,False,False,False,False,False,False,False,False,False,False,True,False,False,True,False,False,False,False,False,False,True,False,True,3
500220448,LM GUIDE 2SRS9MUUC1E+95LPM-II (B),0,0,0,513.45,Dead,Maintain Algo,False,False,False,False,False,False,False,False,False,False,False,False,True,True,True,True,False,False,False,False,False,False,False,False,True,4
500220449,SOC HD CAP SCREW M2X4,0,0,0,1.17,Dead,Maintain Algo,False,False,False,False,False,False,False,False,False,False,False,False,True,False,False,True,False,False,False,False,False,False,True,False,True,3
500220450,MS (MAGNET MOUNT),0,0,0,53.1,Dead,Maintain Algo,False,False,False,False,False,False,False,False,False,False,False,False,True,True,True,True,False,False,False,False,False,False,False,False,True,4
500220451,MS (JACKET MOUNT),0,0,0,56.7,Dead,Maintain Algo,False,False,False,False,False,False,False,False,False,False,False,False,True,True,True,True,False,False,False,False,False,False,False,False,True,4
500220452,"MAGNETIC SPRING (8N, 32MM)",0,0,0,30.43,Dead,Maintain Algo,False,False,False,False,False,False,False,False,False,False,False,False,True,True,True,True,False,False,False,False,False,False,True,False,True,5
500220453,BHZ SCALE MOUNT,0,0,0,34.2,Dead,Maintain Algo,False,False,False,False,False,False,False,False,False,False,False,False,True,True,True,True,False,False,False,False,False,False,False,False,True,4
500220454,Y SHUTTLE OT Z BASE,0,0,0,268.2,Dead,Maintain Algo,False,False,False,False,False,False,False,False,False,False,False,False,True,True,True,True,False,False,False,False,False,False,False,False,True,4
500220455,FOV8 OPTICS BASE MOUNT,0,0,0,55.8,Dead,Maintain Algo,False,False,False,False,False,False,False,False,False,False,False,False,True,True,True,True,False,False,False,False,False,False,False,False,True,4
500220456,Y SHUTTLE OT X ADAPTOR,0,0,0,217.8,Dead,Maintain Algo,False,False,False,False,False,False,False,False,False,False,False,False,True,True,True,True,False,False,False,False,False,False,False,False,True,4
500220457,Y SHUTTLE OT MOUNT,0,0,0,62.1,Dead,Maintain Algo,False,False,False,False,False,False,False,False,False,False,False,False,True,True,True,True,False,False,False,False,False,False,False,False,True,4
500220458,FOV8 OPTICS ADAPTOR,0,0,0,54.0,Dead,Maintain Algo,False,False,False,False,False,False,False,False,False,False,False,False,True,True,True,True,False,False,False,False,False,False,False,False,True,4
500220459,Y SHUTTLE OT 25MM SPACER,0,0,0,55.8,Dead,Maintain Algo,False,False,False,False,False,False,False,False,False,False,False,False,True,True,True,True,False,False,False,False,False,False,False,False,True,4
500220465,INPUT Y TRANSFER CONVEYOR,0,0,0,9336.6,Dead,Maintain Algo,False,False,False,False,False,False,False,False,False,False,False,False,True,True,True,True,False,False,False,False,False,False,False,False,True,4
500220466,IP SHUTTLE TRACK WIDTH MTR ASSY,0,0,0,391.5,Dead,Maintain Algo,False,False,False,False,False,False,False,False,False,False,False,False,True,True,True,True,False,False,False,False,False,False,False,False,True,4
500220467,"MOTOR,IP,SHUTTLE,CONVEYOR,ASSEMBLY",0,0,0,95.31,Dead,Maintain Algo,False,False,False,False,False,False,False,False,False,False,False,False,True,False,False,True,False,False,False,False,False,False,True,False,True,3
500220468,INPUT SHUTTLE CONVEYOR IN SNR,0,0,0,209.86,Dead,Maintain Algo,False,False,False,False,False,False,False,False,False,False,False,False,True,True,True,False,False,False,False,False,False,False,True,False,True,4
500220469,INPUT SHUTTLE CONVEYOR MID SNR,0,0,0,209.86,Dead,Maintain Algo,False,False,False,False,False,False,False,False,False,False,False,False,True,True,True,True,False,False,False,False,False,False,True,False,True,5
500220470,INPUT SHUTTLE CONVEYOR OUT SNR,0,0,0,209.86,Dead,Maintain Algo,False,False,False,False,False,False,False,False,False,False,False,False,True,False,True,False,False,False,False,False,False,False,True,False,True,3
500220471,COS-L REAR TRACK COVER MID,0,0,0,58.5,Dead,Maintain Algo,False,False,False,False,False,False,False,False,False,False,False,False,True,True,True,True,False,False,False,False,False,False,False,False,True,4
500220472,INPUT SHUTTLE CONVEYOR INSP POSN SNR,0,0,0,209.86,Dead,Maintain Algo,False,False,False,False,False,False,False,False,False,False,False,False,True,True,True,False,False,False,False,False,False,False,True,False,True,4
500220473,IP SHUTTLE FRONT TRACK COVER,0,0,0,402.3,Dead,Maintain Algo,False,False,False,False,False,False,False,False,False,False,False,False,True,True,True,True,False,False,False,False,False,False,False,False,True,4
500220474,INSP SNR & STOPPER MOUNT,0,0,0,18.0,Dead,Maintain Algo,False,False,False,False,False,False,False,False,False,False,False,False,True,True,True,True,False,False,False,False,False,False,False,False,True,4
500220475,IP SHUTTLE REAR TRACK COVER 2,0,0,0,138.6,Dead,Maintain Algo,False,False,False,False,False,False,False,False,False,False,False,False,True,True,True,True,False,False,False,False,False,False,False,False,True,4
500220476,LINEAR BUSHING 3X4.5X6 METRIC,0,0,0,2.25,Dead,Maintain Algo,False,False,False,False,False,False,False,False,False,False,False,False,True,True,True,True,False,False,False,False,False,False,False,False,True,4
500220477,TOP CLAMP GUIDE ROD,0,0,0,7.2,Dead,Maintain Algo,False,False,False,False,False,False,False,False,False,False,False,False,True,True,True,True,False,False,False,False,False,False,False,False,True,4
500220478,INSP SNR MOUNT,0,0,0,16.2,Dead,Maintain Algo,False,False,False,False,False,False,False,False,False,False,False,False,True,True,True,True,False,False,False,False,False,False,False,False,True,4
500220479,TOP CLAMP BASE,0,0,0,47.7,Dead,Maintain Algo,False,False,False,False,False,False,False,False,False,False,False,False,True,True,True,True,False,False,False,False,False,False,False,False,True,4
500220480,IP SHUTTLE REAR TRACK COVER 1,0,0,0,128.7,Dead,Maintain Algo,False,False,False,False,False,False,False,False,False,False,False,False,True,True,True,True,False,False,False,False,False,False,False,False,True,4
500220481,TOP CLAMP PLATE BASE,0,0,0,29.7,Dead,Maintain Algo,False,False,False,False,False,False,False,False,False,False,False,False,True,True,True,True,False,False,False,False,False,False,False,False,True,4
500220482,TOP CLAMP QUICK RELEASE,0,0,0,20.7,Dead,Maintain Algo,False,False,False,False,False,False,False,False,False,False,False,False,True,True,True,True,False,False,False,False,False,False,False,False,True,4
500220483,TOP CLAMP ASSY,0,0,0,235.8,Dead,Maintain Algo,False,False,False,False,False,False,False,False,False,False,False,False,True,True,True,True,False,False,False,False,False,False,False,False,True,4
500220484,"PNEU.,CYLINDER,D-ACT,10X6",0,0,0,46.8,Dead,Maintain Algo,False,False,False,False,False,False,False,False,False,False,False,False,True,True,True,True,False,False,False,False,False,False,False,False,True,4
500220485,BARB FITTING M-3ALU-3,0,0,0,4.0,Dead,Maintain Algo,False,False,False,False,False,False,False,False,False,False,False,False,True,False,True,True,False,False,False,False,False,False,True,False,True,4
500220486,OUTPUT Y TRANSFER CONVEYOR,0,0,0,8127.0,Dead,Maintain Algo,False,False,False,False,False,False,False,False,False,False,False,False,True,True,True,True,False,False,False,False,False,False,False,False,True,4
500220487,PUSHER ASSY,0,0,0,93.72,Dead,Maintain Algo,False,False,False,False,False,False,False,False,False,False,False,False,True,False,False,True,False,False,False,False,False,False,True,False,True,3
500220488,MA MODEL MOUNTING ASSY,0,0,0,726.3,Dead,Maintain Algo,False,False,False,False,False,False,False,False,False,False,False,False,True,True,True,True,False,False,False,False,False,False,False,False,True,4
500220489,CASSETTE SET UP KIT,0,0,0,116.95,Dead,Maintain Algo,False,False,False,False,False,False,False,False,False,False,False,False,True,True,True,True,False,False,False,False,False,False,True,False,True,5
500220490,OUTPUT SHUTTLE CONVEYOR IN SNR,0,0,0,209.86,Dead,Maintain Algo,False,False,False,False,False,False,False,False,False,False,False,False,True,True,True,True,False,False,False,False,False,False,True,False,True,5
500220491,OUTPUT SHUTTLE CONVEYOR MID SNR,0,0,0,209.86,Dead,Maintain Algo,False,False,False,False,False,False,False,False,False,False,False,False,True,True,True,True,False,False,False,False,False,False,True,False,True,5
500220492,OUTPUT SHUTTLE CONVEYOR OUT SNR,0,0,0,209.86,Dead,Maintain Algo,False,False,False,False,False,False,False,False,False,False,False,False,True,True,True,True,False,False,False,False,False,False,True,False,True,5
500220493,ENCODER MOUNTING PLATE,0,0,0,35.1,Dead,Maintain Algo,False,False,False,False,False,False,False,False,False,False,False,False,True,True,True,True,False,False,False,False,False,False,False,False,True,4
500220494,HWIP TRACK MID SNR MOUNT,0,0,0,16.2,Dead,Maintain Algo,False,False,False,False,False,False,False,False,False,False,False,False,True,True,True,True,False,False,False,False,False,False,False,False,True,4
500220495,CONVEYOR IN SNR MNT,0,0,0,7.2,Dead,Maintain Algo,False,False,False,False,False,False,False,False,False,False,False,False,True,True,True,True,False,False,False,False,False,False,False,False,True,4
500220496,SNR MOUNTING BASE,0,0,0,40.5,Dead,Maintain Algo,False,False,False,False,False,False,False,False,False,False,False,False,True,True,True,True,False,False,False,False,False,False,False,False,True,4
500220497,OP SHUTTLE FRONT TRACK COVER,0,0,0,402.3,Dead,Maintain Algo,False,False,False,False,False,False,False,False,False,False,False,False,True,True,True,True,False,False,False,False,False,False,False,False,True,4
500220498,HWIP TRACK SNR UP MOUNT,0,0,0,13.5,Dead,Maintain Algo,False,False,False,False,False,False,False,False,False,False,False,False,True,True,True,True,False,False,False,False,False,False,False,False,True,4
500220499,OP SHUTTLE REAR TRACK COVER,0,0,0,402.3,Dead,Maintain Algo,False,False,False,False,False,False,False,False,False,False,False,False,True,True,True,True,False,False,False,False,False,False,False,False,True,4
500220500,Y TRANSFER CONVEYOR,0,0,0,6565.5,Dead,Maintain Algo,False,False,False,False,False,False,False,False,False,False,False,False,True,True,True,True,False,False,False,False,False,False,False,False,True,4
500220501,CONVEYOR TRACK WIDTH STOPPER,0,0,0,13.5,Dead,Maintain Algo,False,False,False,False,False,False,False,False,False,False,False,False,True,True,True,True,False,False,False,False,False,False,False,False,True,4
500220502,Y TRANSFER CONVEYOR BASE ASSY,0,0,0,1866.6,Dead,Maintain Algo,False,False,False,False,False,False,False,False,False,False,False,False,True,True,True,True,False,False,False,False,False,False,False,False,True,4
500220503,"LM GUIDE 2SRS12WGMUUC1+200LPM(OH, AFF)",0,0,0,506.23,Dead,Maintain Algo,False,False,False,False,False,False,False,False,False,False,False,False,True,True,True,True,False,False,False,False,False,False,True,False,True,5
500220504,(WH) SHOULDER SCREW M3 DIA4X5,0,0,0,11.7,Dead,Maintain Algo,False,False,False,False,False,False,False,False,False,False,False,False,True,True,True,True,False,False,False,False,False,False,False,False,True,4
500220505,(WH) LEVEL ADJ SPANNER,0,0,0,63.0,Dead,Maintain Algo,False,False,False,False,False,False,False,False,False,False,False,False,True,True,True,True,False,False,False,False,False,False,False,False,True,4
500220506,TRAY COPLANARITY ADJUSTMENT SCREW,0,0,0,20.7,Dead,Maintain Algo,False,False,False,False,False,False,False,False,False,False,False,False,True,True,True,True,False,False,False,False,False,False,False,False,True,4
500220507,Y TRANSFER CONVEYOR BASE PLATE,0,0,0,347.4,Dead,Maintain Algo,False,False,False,False,False,False,False,False,False,False,False,False,True,True,True,True,False,False,False,False,False,False,False,False,True,4
500220508,Y TRANSFER CONVEYOR FRONT TRACK ASSY,0,0,0,2480.4,Dead,Maintain Algo,False,False,False,False,False,False,False,False,False,False,False,False,True,True,True,True,False,False,False,False,False,False,False,False,True,4
500220509,IDLER ASSY,0,0,0,41.65,Dead,Maintain Algo,False,False,False,False,False,False,False,False,False,False,False,False,True,False,True,True,False,False,False,False,False,False,True,False,True,4
500220510,C-CLAMP(DISC),0,0,0,26.1,Dead,Maintain Algo,False,False,False,False,False,False,False,False,False,False,False,False,True,True,True,True,False,False,False,False,False,False,False,False,True,4
500220511,"PULLEY,MODIFIED,HWOP,FRONT,TRACK,",0,0,0,39.6,Dead,Maintain Algo,False,False,False,False,False,False,False,False,False,False,False,False,True,False,True,True,False,False,False,False,False,False,True,False,True,4
500220512,A/C BEARING COVER OD22,0,0,0,82.8,Dead,Maintain Algo,False,False,False,False,False,False,False,False,False,False,False,False,True,True,True,True,False,False,False,False,False,False,False,False,True,4
500220513,BEARING HOLDER MOUNT,0,0,0,109.8,Dead,Maintain Algo,False,False,False,False,False,False,False,False,False,False,False,False,True,True,True,True,False,False,False,False,False,False,False,False,True,4
500220514,TRACK WIDTH PULLEY,0,0,0,52.2,Dead,Maintain Algo,False,False,False,False,False,False,False,False,False,False,False,False,True,True,True,True,False,False,False,False,False,False,False,False,True,4
500220515,HW CONVEYOR MTR MOUNT,0,0,0,61.2,Dead,Maintain Algo,False,False,False,False,False,False,False,False,False,False,False,False,True,True,True,True,False,False,False,False,False,False,False,False,True,4
500220516,SHUTTLE CONVEYOR FRONT TRACK,0,0,0,76.5,Dead,Maintain Algo,False,False,False,False,False,False,False,False,False,False,False,False,True,True,True,True,False,False,False,False,False,False,False,False,True,4
500220517,MTR MNT SPACER,0,0,0,5.4,Dead,Maintain Algo,False,False,False,False,False,False,False,False,False,False,False,False,True,True,True,True,False,False,False,False,False,False,False,False,True,4
500220518,LOCK NUT M8 THICKNESS 4MM,0,0,0,5.4,Dead,Maintain Algo,False,False,False,False,False,False,False,False,False,False,False,False,True,True,True,True,False,False,False,False,False,False,False,False,True,4
500220519,TRACK WIDTH PULLEY (HOLE DIA 6.35),0,0,0,76.5,Dead,Maintain Algo,False,False,False,False,False,False,False,False,False,False,False,False,True,True,True,True,False,False,False,False,False,False,False,False,True,4
500220520,HW TRACK WIDTH MTR MOUNT,0,0,0,55.8,Dead,Maintain Algo,False,False,False,False,False,False,False,False,False,False,False,False,True,True,True,True,False,False,False,False,False,False,False,False,True,4
500220521,"PULLEY,CONV,BELT,SET,DRIVING,Y,TRANSFER",0,0,0,124.15,Dead,Maintain Algo,False,False,False,False,False,False,False,False,False,False,False,False,True,False,True,True,False,False,False,False,False,False,True,False,True,4
500220522,Y TRANSFER CONVEYOR REAR TRACK ASSY,0,0,0,1543.5,Dead,Maintain Algo,False,False,False,False,False,False,False,False,False,False,False,False,True,True,True,True,False,False,False,False,False,False,False,False,True,4
500220523,"PULLEY,BELT,DRIVE,MOTOR,SET,ASSEMBLY",0,0,0,549.9,Dead,Maintain Algo,False,False,False,False,False,False,False,False,False,False,False,False,True,False,False,True,False,False,False,False,False,False,True,False,True,3
500220524,"IDLER,Y,TRANSFER,CONVEYOR",0,0,0,41.65,Dead,Maintain Algo,False,False,False,False,False,False,False,False,False,False,False,False,True,True,True,False,False,False,False,False,False,False,True,False,True,4
500220525,CONVEYOR BELT PULLEY SET,0,0,0,88.11,Dead,Maintain Algo,False,False,False,False,False,False,False,False,False,False,False,False,True,False,True,True,False,False,False,False,False,False,True,False,True,4
500220526,TRACK WIDTH LEADSCREW ASSY,0,0,0,335.61,Dead,Maintain Algo,False,False,False,False,False,False,False,False,False,False,False,False,True,True,True,True,False,False,False,False,False,False,True,False,True,5
500220527,LM GUIDE MOUNT,0,0,0,312.3,Dead,Maintain Algo,False,False,False,False,False,False,False,False,False,False,False,False,True,True,True,True,False,False,False,False,False,False,False,False,True,4
500220528,"PULLEY,SLIDING,ASSEMBLY,",0,0,0,88.11,Dead,Maintain Algo,False,False,False,False,False,False,False,False,False,False,False,False,True,False,True,True,False,False,False,False,False,False,True,False,True,4
500220529,LM GUIDE MOUNT (MIRROR),0,0,0,286.2,Dead,Maintain Algo,False,False,False,False,False,False,False,False,False,False,False,False,True,True,True,True,False,False,False,False,False,False,False,False,True,4
500220530,SHUTTLE CONVEYOR REAR TRACK,0,0,0,466.2,Dead,Maintain Algo,False,False,False,False,False,False,False,False,False,False,False,False,True,True,True,True,False,False,False,False,False,False,False,False,True,4
500220531,SHUTTLE TRACK WIDTH SNR FLAG,0,0,0,20.7,Dead,Maintain Algo,False,False,False,False,False,False,False,False,False,False,False,False,True,True,True,True,False,False,False,False,False,False,False,False,True,4
500220532,(IES) FLUX EXHAUST (G2),0,0,0,7734.6,Dead,Maintain Algo,False,False,False,False,False,False,False,False,False,False,False,False,True,True,True,True,False,False,False,False,False,False,False,False,True,4
500220533,"PLATE,COOLING,V3,ASSY",0,0,0,11265.3,Dead,Maintain Algo,False,False,False,False,False,False,False,False,False,False,False,False,True,True,True,False,False,False,False,False,False,False,False,False,True,3
500220534,"(IES) DISP PROCESS WINDOW FULL, LEFT V2",0,0,0,207.9,Dead,Maintain Algo,False,False,False,False,False,False,False,False,False,False,False,False,True,True,True,True,False,False,False,False,False,False,False,False,True,4
500220535,"WINDOW,PROCESS,FULL,RIGHT,V2,IES,MICRO",0,0,0,207.9,Dead,Maintain Algo,False,False,False,False,False,False,False,False,False,False,False,False,True,False,True,True,False,False,False,False,False,False,False,False,True,3
500220536,"(IES) DISP PROCESS WINDOW, LEFT",0,0,0,180.0,Dead,Maintain Algo,False,False,False,False,False,False,False,False,False,False,False,False,True,True,True,True,False,False,False,False,False,False,False,False,True,4
500220537,"(IES) DISP PROCESS WINDOW, RIGHT",0,0,0,180.0,Dead,Maintain Algo,False,False,False,False,False,False,False,False,False,False,False,False,True,True,True,True,False,False,False,False,False,False,False,False,True,4
500220538,(IES) MIDDLE BAR ASSY,0,0,0,1276.2,Dead,Maintain Algo,False,False,False,False,False,False,False,False,False,False,False,False,True,True,True,True,False,False,False,False,False,False,False,False,True,4
500220539,"ADAPTOR,COOLING,BLOCK,PNUEMATIC,ASSY",0,0,0,309.98,Dead,Maintain Algo,False,False,False,False,False,False,False,False,False,False,False,False,True,False,True,True,False,False,False,False,False,False,False,False,True,3
500220540,(IES) MACRO INERT COVER,0,0,0,7736.4,Dead,Maintain Algo,False,False,False,False,False,False,False,False,False,False,False,False,True,True,True,True,False,False,False,False,False,False,False,False,True,4
500220541,(IES) REAR ADAPTOR BAR,0,0,0,300.6,Dead,Maintain Algo,False,False,False,False,False,False,False,False,False,False,False,False,True,True,True,True,False,False,False,False,False,False,False,False,True,4
500220542,(IES) ADAPTOR BRACKET FOR OPTICS TABLE,0,0,0,170.1,Dead,Maintain Algo,False,False,False,False,False,False,False,False,False,False,False,False,True,True,True,True,False,False,False,False,False,False,False,False,True,4
500220543,(IES) BACK COVER,0,0,0,469.8,Dead,Maintain Algo,False,False,False,False,False,False,False,False,False,False,False,False,True,True,True,True,False,False,False,False,False,False,False,False,True,4
500220544,"(IES) CABLE COVER, FRONT",0,0,0,379.8,Dead,Maintain Algo,False,False,False,False,False,False,False,False,False,False,False,False,True,True,True,True,False,False,False,False,False,False,False,False,True,4
500220545,"(IES) SIDE COVER FOR OT, LEFT",0,0,0,294.3,Dead,Maintain Algo,False,False,False,False,False,False,False,False,False,False,False,False,True,True,True,True,False,False,False,False,False,False,False,False,True,4
500220546,"(IES) SIDE COVER FOR OT, RIGHT",0,0,0,294.3,Dead,Maintain Algo,False,False,False,False,False,False,False,False,False,False,False,False,True,True,True,True,False,False,False,False,False,False,False,False,True,4
500220547,(IES) ENGAGE BRACKET FOR SIDE COVER,0,0,0,15.3,Dead,Maintain Algo,False,False,False,False,False,False,False,False,False,False,False,False,True,True,True,True,False,False,False,False,False,False,False,False,True,4
500220548,(IES) SCREW WITH GROOVE,0,0,0,13.5,Dead,Maintain Algo,False,False,False,False,False,False,False,False,False,False,False,False,True,True,True,True,False,False,False,False,False,False,False,False,True,4
500220549,"(IES) WINDOW COVER, REAR",0,0,0,88.2,Dead,Maintain Algo,False,False,False,False,False,False,False,False,False,False,False,False,True,True,True,True,False,False,False,False,False,False,False,False,True,4
500220550,(IES) BACK COVER MOUNT,0,0,0,69.3,Dead,Maintain Algo,False,False,False,False,False,False,False,False,False,False,False,False,True,True,True,True,False,False,False,False,False,False,False,False,True,4
500220551,"(IES) SIDE COVER, LEFT",0,0,0,245.7,Dead,Maintain Algo,False,False,False,False,False,False,False,False,False,False,False,False,True,True,True,True,False,False,False,False,False,False,False,False,True,4
500220552,(IES) SIDE WINDOW COVER FOR DDL,0,0,0,34.2,Dead,Maintain Algo,False,False,False,False,False,False,False,False,False,False,False,False,True,True,True,True,False,False,False,False,False,False,False,False,True,4
500220553,"(IES) SIDE COVER, RIGHT",0,0,0,245.7,Dead,Maintain Algo,False,False,False,False,False,False,False,False,False,False,False,False,True,True,True,True,False,False,False,False,False,False,False,False,True,4
500220554,CATCH CLIP HFQ73-42,0,0,0,12.81,Dead,Maintain Algo,False,False,False,False,False,False,False,False,False,False,False,False,True,True,True,True,False,False,False,False,False,False,True,False,True,5
500220555,"(IES) CEILING TACHE(DDL), RIGHT",0,0,0,42.3,Dead,Maintain Algo,False,False,False,False,False,False,False,False,False,False,False,False,True,True,True,True,False,False,False,False,False,False,False,False,True,4
500220556,KNOB FOR M5 SCREW,0,0,0,0.9,Dead,Maintain Algo,False,False,False,False,False,False,False,False,False,False,False,False,True,True,True,True,False,False,False,False,False,False,False,False,True,4
500220557,"DOOR,FRONT,IES,MACRO,INERT",0,0,0,4157.1,Dead,Maintain Algo,False,False,False,False,False,False,False,False,False,False,False,False,True,False,True,False,False,False,False,False,False,False,True,False,True,3
500220558,"(IES) CEILING TACHE(DDL), LEFT",0,0,0,42.3,Dead,Maintain Algo,False,False,False,False,False,False,False,False,False,False,False,False,True,True,True,True,False,False,False,False,False,False,False,False,True,4
500220559,"(IES) DOOR LOCK, LOWER",0,0,0,162.87,Dead,Maintain Algo,False,False,False,False,False,False,False,False,False,False,False,False,True,True,True,True,False,False,False,False,False,False,True,False,True,5
500220560,MAGNET LOCK ELEC ASSY,0,0,0,81.7,Dead,Maintain Algo,False,False,False,False,False,False,False,False,False,False,False,False,True,False,False,True,False,False,False,False,False,False,True,False,True,3
500220561,"(IES) DOOR LOCK, UPPER",0,0,0,162.6,Dead,Maintain Algo,False,False,False,False,False,False,False,False,False,False,False,False,True,False,False,True,False,False,False,False,False,False,True,False,True,3
500220564,"(IES) FRONT DOOR, TOP BRACKET",0,0,0,221.4,Dead,Maintain Algo,False,False,False,False,False,False,False,False,False,False,False,False,True,True,True,True,False,False,False,False,False,False,False,False,True,4
500220565,"(IES) SAFETY SENSOR PLATE, LEFT",0,0,0,40.5,Dead,Maintain Algo,False,False,False,False,False,False,False,False,False,False,False,False,True,True,True,True,False,False,False,False,False,False,False,False,True,4
500220566,"(IES) SAFETY SENSOR PLATE, RIGHT",0,0,0,40.5,Dead,Maintain Algo,False,False,False,False,False,False,False,False,False,False,False,False,True,True,True,True,False,False,False,False,False,False,False,False,True,4
500220567,(IES) LIGHTING MOUNT,0,0,0,58.5,Dead,Maintain Algo,False,False,False,False,False,False,False,False,False,False,False,False,True,True,True,True,False,False,False,False,False,False,False,False,True,4
500220568,(IES) LIMIT BLOCK FOR FRONT DOOR,0,0,0,31.5,Dead,Maintain Algo,False,False,False,False,False,False,False,False,False,False,False,False,True,True,True,True,False,False,False,False,False,False,False,False,True,4
500220569,"(IES) KEY NOTCH, LOWER",0,0,0,32.4,Dead,Maintain Algo,False,False,False,False,False,False,False,False,False,False,False,False,True,True,True,True,False,False,False,False,False,False,False,False,True,4
500220570,"(IES) KEY NOTCH, UPPER",0,0,0,32.4,Dead,Maintain Algo,False,False,False,False,False,False,False,False,False,False,False,False,True,True,True,True,False,False,False,False,False,False,False,False,True,4
500220571,(IES) L-BRACKET FOR TUBE ADAPTOR,0,0,0,10.8,Dead,Maintain Algo,False,False,False,False,False,False,False,False,False,False,False,False,True,True,True,True,False,False,False,False,False,False,False,False,True,4
500220572,"(IES) ARMATURE FOR DOOR LOCK, LEFT",0,0,0,54.0,Dead,Maintain Algo,False,False,False,False,False,False,False,False,False,False,False,False,True,True,True,True,False,False,False,False,False,False,False,False,True,4
500220573,(IES) NUT PLATE FOR TUBE ADAPTOR,0,0,0,5.4,Dead,Maintain Algo,False,False,False,False,False,False,False,False,False,False,False,False,True,True,True,True,False,False,False,False,False,False,False,False,True,4
500220574,(IES) PROTECTIVE GUARD FOR MAGNETIC LOCK,0,0,0,30.6,Dead,Maintain Algo,False,False,False,False,False,False,False,False,False,False,False,False,True,True,True,True,False,False,False,False,False,False,False,False,True,4
500220575,"(IES) FRONT COVER WITH WINDOW, V3",0,0,0,175.5,Dead,Maintain Algo,False,False,False,False,False,False,False,False,False,False,False,False,True,True,True,True,False,False,False,False,False,False,False,False,True,4
500220576,(IES) L-BRACKET FOR MAGNETIC LOCK,0,0,0,27.0,Dead,Maintain Algo,False,False,False,False,False,False,False,False,False,False,False,False,True,True,True,True,False,False,False,False,False,False,False,False,True,4
500220577,"(IES) ARMATURE FOR DOOR LOCK, RIGHT",0,0,0,54.0,Dead,Maintain Algo,False,False,False,False,False,False,False,False,False,False,False,False,True,True,True,True,False,False,False,False,False,False,False,False,True,4
500220578,(IES) FRONT COVER HANDLE 2,0,0,0,26.25,Dead,Maintain Algo,False,False,False,False,False,False,False,False,False,False,False,False,True,True,True,True,False,False,False,False,False,False,False,False,True,4
500220579,STAINLESS FLAT TORQUE HINGE B-1109-3,0,0,0,25.63,Dead,Maintain Algo,False,False,False,False,False,False,False,False,False,False,False,False,True,False,False,True,False,False,False,False,False,False,True,False,True,3
500220621,(IES) CONDENSER (G2) AND DUCT,0,0,0,5052.6,Dead,Maintain Algo,False,False,False,False,False,False,False,False,False,False,False,False,True,True,True,True,False,False,False,False,False,False,False,False,True,4
500220622,"WINDOW,BONDING EXHAUST,BEW,IES,FLUX",0,0,0,3244.05,Dead,Maintain Algo,False,False,False,False,False,False,False,False,False,False,False,False,True,False,True,True,False,False,False,False,False,False,True,False,True,4
500220623,"(IES) EXH, LINE-VAC & UNION ASSY",0,0,0,1009.8,Dead,Maintain Algo,False,False,False,False,False,False,False,False,False,False,False,False,True,True,True,True,False,False,False,False,False,False,False,False,True,4
500220624,(IES) CDS EXTENDED DUCT & VALVE ASSY,0,0,0,952.2,Dead,Maintain Algo,False,False,False,False,False,False,False,False,False,False,False,False,True,True,True,True,False,False,False,False,False,False,False,False,True,4
500220625,(IES) CDS EXH DUCT WITH 2ND CDS ASSY,0,0,0,705.6,Dead,Maintain Algo,False,False,False,False,False,False,False,False,False,False,False,False,True,True,True,True,False,False,False,False,False,False,False,False,True,4
500220626,"(IES)CDS, EXH. VALVE ASSY",0,0,0,518.4,Dead,Maintain Algo,False,False,False,False,False,False,False,False,False,False,False,False,True,True,True,True,False,False,False,False,False,False,False,False,True,4
500220627,"ENVIRONEMTN, CORE,INERT,CIE,G2,IES",0,0,0,5512.5,Dead,Maintain Algo,False,False,False,False,False,False,False,False,False,False,False,False,True,False,False,True,False,False,False,False,False,False,False,False,True,2
500220628,(IES) PRE HEAT SLIDE COVER LEFT,0,0,0,5472.9,Dead,Maintain Algo,False,False,False,False,False,False,False,False,False,False,False,False,True,True,True,True,False,False,False,False,False,False,False,False,True,4
500220629,(IES) PRE HEAT SLIDE COVER,0,0,0,14952.6,Dead,Maintain Algo,False,False,False,False,False,False,False,False,False,False,False,False,True,True,True,True,False,False,False,False,False,False,False,False,True,4
500220630,(IES) PH FRONT EXH DUCT ASSY LEFT (G2),0,0,0,299.7,Dead,Maintain Algo,False,False,False,False,False,False,False,False,False,False,False,False,True,True,True,True,False,False,False,False,False,False,False,False,True,4
500220631,(IES) PH COVER Y-SHUTTLE BASE ASSY LEFT,0,0,0,2790.0,Dead,Maintain Algo,False,False,False,False,False,False,False,False,False,False,False,False,True,True,True,True,False,False,False,False,False,False,False,False,True,4
500220632,(IES) PRE HEAT SLIDE COVER RIGHT,0,0,0,5468.4,Dead,Maintain Algo,False,False,False,False,False,False,False,False,False,False,False,False,True,True,True,True,False,False,False,False,False,False,False,False,True,4
500220633,(IES) PH COVER Y-SHUTTLE BASE ASSY RIGHT,0,0,0,2789.1,Dead,Maintain Algo,False,False,False,False,False,False,False,False,False,False,False,False,True,True,True,True,False,False,False,False,False,False,False,False,True,4
500220634,(IES) PH FRONT EXH DUCT ASSY RIGH (G2),0,0,0,296.1,Dead,Maintain Algo,False,False,False,False,False,False,False,False,False,False,False,False,True,True,True,True,False,False,False,False,False,False,False,False,True,4
500220635,(DFH) DNL DOCKING UNIT,0,0,0,6859.8,Dead,Maintain Algo,False,False,False,False,False,False,False,False,False,False,False,False,True,True,True,True,False,False,False,False,False,False,False,False,True,4
500220636,(DFH) DNL MECH ASSY,0,0,0,8024.4,Dead,Maintain Algo,False,False,False,False,False,False,False,False,False,False,False,False,True,True,True,True,False,False,False,False,False,False,False,False,True,4
500220637,DFH SIDE GUIDE,0,0,0,84.6,Dead,Maintain Algo,False,False,False,False,False,False,False,False,False,False,False,False,True,True,True,True,False,False,False,False,False,False,False,False,True,4
500220638,(CAH) DNL MECH ASSY,0,0,0,9954.9,Dead,Maintain Algo,False,False,False,False,False,False,False,False,False,False,False,False,True,True,True,True,False,False,False,False,False,False,False,False,True,4
500220639,CHAMFER BLOCK C,0,0,0,78.3,Dead,Maintain Algo,False,False,False,False,False,False,False,False,False,False,False,False,True,True,True,True,False,False,False,False,False,False,False,False,True,4
500220640,SIDE GUIDE BAR,0,0,0,56.7,Dead,Maintain Algo,False,False,False,False,False,False,False,False,False,False,False,False,True,True,True,True,False,False,False,False,False,False,False,False,True,4
500220641,DNL DOCKING UNIT LEFT,0,0,0,3226.5,Dead,Maintain Algo,False,False,False,False,False,False,False,False,False,False,False,False,True,True,True,True,False,False,False,False,False,False,False,False,True,4
500220642,CHAMFER BLOCK B,0,0,0,59.4,Dead,Maintain Algo,False,False,False,False,False,False,False,False,False,False,False,False,True,True,True,True,False,False,False,False,False,False,False,False,True,4
500220643,DNL BASE PLATE LEFT,0,0,0,936.0,Dead,Maintain Algo,False,False,False,False,False,False,False,False,False,False,False,False,True,True,True,True,False,False,False,False,False,False,False,False,True,4
500220644,DOCK CYL SNR CABLE ASSY,0,0,0,160.2,Dead,Maintain Algo,False,False,False,False,False,False,False,False,False,False,False,False,True,True,True,True,False,False,False,False,False,False,True,False,True,5
500220645,DNL PROFILE GUIDE A,0,0,0,688.5,Dead,Maintain Algo,False,False,False,False,False,False,False,False,False,False,False,False,True,True,True,True,False,False,False,False,False,False,False,False,True,4
500220646,DNL LOCKING HOOK A,0,0,0,171.0,Dead,Maintain Algo,False,False,False,False,False,False,False,False,False,False,False,False,True,True,True,True,False,False,False,False,False,False,False,False,True,4
500220647,DNL HANDLE A,0,0,0,24.3,Dead,Maintain Algo,False,False,False,False,False,False,False,False,False,False,False,False,True,True,True,True,False,False,False,False,False,False,False,False,True,4
500220648,DNL PILOT PIN BLK A,0,0,0,91.8,Dead,Maintain Algo,False,False,False,False,False,False,False,False,False,False,False,False,True,True,True,True,False,False,False,False,False,False,False,False,True,4
500220649,DNL HANDLE COVER A,0,0,0,26.1,Dead,Maintain Algo,False,False,False,False,False,False,False,False,False,False,False,False,True,True,True,True,False,False,False,False,False,False,False,False,True,4
500220650,DNL DOCKING UNIT RIGHT,0,0,0,3267.0,Dead,Maintain Algo,False,False,False,False,False,False,False,False,False,False,False,False,True,True,True,True,False,False,False,False,False,False,False,False,True,4
500220651,DNL BASE PLATE RIGHT,0,0,0,960.3,Dead,Maintain Algo,False,False,False,False,False,False,False,False,False,False,False,False,True,True,True,True,False,False,False,False,False,False,False,False,True,4
500220652,DNL COMPENSATION PLATE (DFH),0,0,0,35.1,Dead,Maintain Algo,False,False,False,False,False,False,False,False,False,False,False,False,True,True,True,True,False,False,False,False,False,False,False,False,True,4
500220653,DOCK CYL SNR CABLE ASSY,0,0,0,166.6,Dead,Maintain Algo,False,False,False,False,False,False,False,False,False,False,False,False,True,True,True,True,False,False,False,False,False,False,True,False,True,5
500220654,DNL HOOK PIVOT WASHER,0,0,0,10.8,Dead,Maintain Algo,False,False,False,False,False,False,False,False,False,False,False,False,True,True,True,True,False,False,False,False,False,False,False,False,True,4
500220655,"BEARING,BALL,5X10X4,DNL",0,0,0,2.8,Dead,Maintain Algo,False,False,False,False,False,False,False,False,False,False,False,False,True,False,True,True,False,False,False,False,False,False,True,False,True,4
500220656,DNL PROFILE GUIDE B,0,0,0,674.1,Dead,Maintain Algo,False,False,False,False,False,False,False,False,False,False,False,False,True,True,True,True,False,False,False,False,False,False,False,False,True,4
500220657,DNL LOCKING HOOK B,0,0,0,97.2,Dead,Maintain Algo,False,False,False,False,False,False,False,False,False,False,False,False,True,True,True,True,False,False,False,False,False,False,False,False,True,4
500220658,DNL HOOK PIVOT,0,0,0,13.5,Dead,Maintain Algo,False,False,False,False,False,False,False,False,False,False,False,False,True,True,True,True,False,False,False,False,False,False,False,False,True,4
500220659,DNL LOCATING BULLET,0,0,0,23.4,Dead,Maintain Algo,False,False,False,False,False,False,False,False,False,False,False,False,True,True,True,True,False,False,False,False,False,False,False,False,True,4
500220660,DNL PILOT PIN BLK B,0,0,0,90.0,Dead,Maintain Algo,False,False,False,False,False,False,False,False,False,False,False,False,True,True,True,True,False,False,False,False,False,False,False,False,True,4
500220661,DNL RESTRICTION HOOK,0,0,0,8.1,Dead,Maintain Algo,False,False,False,False,False,False,False,False,False,False,False,False,True,True,True,True,False,False,False,False,False,False,False,False,True,4
500220662,DNL LINKAGE,0,0,0,7.2,Dead,Maintain Algo,False,False,False,False,False,False,False,False,False,False,False,False,True,True,True,True,False,False,False,False,False,False,False,False,True,4
500220663,DNL HANDLE B,0,0,0,24.3,Dead,Maintain Algo,False,False,False,False,False,False,False,False,False,False,False,False,True,True,True,True,False,False,False,False,False,False,False,False,True,4
500220664,DNL HANDLE COVER B,0,0,0,26.1,Dead,Maintain Algo,False,False,False,False,False,False,False,False,False,False,False,False,True,True,True,True,False,False,False,False,False,False,False,False,True,4
500220665,DNL AXIAL FOOT FOR CYLINDER,0,0,0,136.8,Dead,Maintain Algo,False,False,False,False,False,False,False,False,False,False,False,False,True,True,True,True,False,False,False,False,False,False,False,False,True,4
500220666,DNL PILOT PIN PLATE,0,0,0,46.8,Dead,Maintain Algo,False,False,False,False,False,False,False,False,False,False,False,False,True,True,True,True,False,False,False,False,False,False,False,False,True,4
500220667,DNL ROLLER GUIDE,0,0,0,40.5,Dead,Maintain Algo,False,False,False,False,False,False,False,False,False,False,False,False,True,True,True,True,False,False,False,False,False,False,False,False,True,4
500220668,DNL KNUCKLE JOINT FOR CYLINDER,0,0,0,36.9,Dead,Maintain Algo,False,False,False,False,False,False,False,False,False,False,False,False,True,True,True,True,False,False,False,False,False,False,False,False,True,4
500220669,DNL LINKAGE PIN A,0,0,0,9.0,Dead,Maintain Algo,False,False,False,False,False,False,False,False,False,False,False,False,True,True,True,True,False,False,False,False,False,False,False,False,True,4
500220670,DNL LINKAGE WASHER,0,0,0,4.5,Dead,Maintain Algo,False,False,False,False,False,False,False,False,False,False,False,False,True,True,True,True,False,False,False,False,False,False,False,False,True,4
500220671,DNL GROOVE PIN,0,0,0,7.2,Dead,Maintain Algo,False,False,False,False,False,False,False,False,False,False,False,False,True,True,True,True,False,False,False,False,False,False,False,False,True,4
500220672,DNL LINKAGE PIN B,0,0,0,9.0,Dead,Maintain Algo,False,False,False,False,False,False,False,False,False,False,False,False,True,True,True,True,False,False,False,False,False,False,False,False,True,4
500220673,DNL BEARING SHAFT,0,0,0,5.4,Dead,Maintain Algo,False,False,False,False,False,False,False,False,False,False,False,False,True,True,True,True,False,False,False,False,False,False,False,False,True,4
500220674,DNL BEARING WASHER,0,0,0,4.5,Dead,Maintain Algo,False,False,False,False,False,False,False,False,False,False,False,False,True,True,True,True,False,False,False,False,False,False,False,False,True,4
500220675,DNL PLASTIC GUIDE,0,0,0,285.3,Dead,Maintain Algo,False,False,False,False,False,False,False,False,False,False,False,False,True,True,True,True,False,False,False,False,False,False,False,False,True,4
500220676,DNL SETUP BLOCK B,0,0,0,42.3,Dead,Maintain Algo,False,False,False,False,False,False,False,False,False,False,False,False,True,True,True,True,False,False,False,False,False,False,False,False,True,4
500220677,"BLOCK,ALIGNMENT,DOCKING,DNL",0,0,0,63.0,Dead,Maintain Algo,False,False,False,False,False,False,False,False,False,False,False,False,True,False,True,True,False,False,False,False,False,False,True,False,True,4
500220678,ONE-TOUCH FITTING KQ2S06-M5A,0,0,0,4.0,Dead,Maintain Algo,False,False,False,False,False,False,False,False,False,False,False,False,True,False,True,True,False,False,False,False,False,False,False,True,True,4
500220679,DOWEL PIN D5X10,0,0,0,1.2,Dead,Maintain Algo,False,False,False,False,False,False,False,False,False,False,False,False,True,True,True,True,False,False,False,False,False,False,True,False,True,5
500220680,DNL SETUP BLOCK A,0,0,0,43.2,Dead,Maintain Algo,False,False,False,False,False,False,False,False,False,False,False,False,True,True,True,True,False,False,False,False,False,False,False,False,True,4
500220681,CAH DOCKING INSERT ASSY,0,0,0,2702.7,Dead,Maintain Algo,False,False,False,False,False,False,False,False,False,False,False,False,True,True,True,True,False,False,False,False,False,False,False,False,True,4
500220682,CHAMFER BLOCK,0,0,0,50.4,Dead,Maintain Algo,False,False,False,False,False,False,False,False,False,False,False,False,True,True,True,True,False,False,False,False,False,False,False,False,True,4
500220683,Z PARKING PAD,0,0,0,30.6,Dead,Maintain Algo,False,False,False,False,False,False,False,False,False,False,False,False,True,True,True,True,False,False,False,False,False,False,False,False,True,4
500220684,HEX NUT M6                        [10C2],0,0,0,0.9,Dead,Maintain Algo,False,False,False,False,False,False,False,False,False,False,False,False,True,True,True,True,False,False,False,False,False,False,False,False,True,4
500220685,DOWEL PIN D6 X L16,0,0,0,0.8,Dead,Maintain Algo,False,False,False,False,False,False,False,False,False,False,False,False,True,True,True,True,False,False,False,False,False,False,True,False,True,5
500220686,BEARING WASHER A,0,0,0,8.1,Dead,Maintain Algo,False,False,False,False,False,False,False,False,False,False,False,False,True,True,True,True,False,False,False,False,False,False,False,False,True,4
500220687,DOWEL PIN D8 X L16,0,0,0,19.22,Dead,Maintain Algo,False,False,False,False,False,False,False,False,False,False,False,False,True,False,True,True,False,False,False,False,False,False,True,False,True,4
500220688,CAH SIDE GUIDE,0,0,0,138.6,Dead,Maintain Algo,False,False,False,False,False,False,False,False,False,False,False,False,True,True,True,True,False,False,False,False,False,False,False,False,True,4
500220689,BEARING WASHER B,0,0,0,8.1,Dead,Maintain Algo,False,False,False,False,False,False,False,False,False,False,False,False,True,True,True,True,False,False,False,False,False,False,False,False,True,4
500220690,BEARING SHAFT B,0,0,0,24.3,Dead,Maintain Algo,False,False,False,False,False,False,False,False,False,False,False,False,True,True,True,True,False,False,False,False,False,False,False,False,True,4
500220691,BEARING SHAFT A,0,0,0,14.4,Dead,Maintain Algo,False,False,False,False,False,False,False,False,False,False,False,False,True,True,True,True,False,False,False,False,False,False,False,False,True,4
500220692,LOCATING BLOCK A,0,0,0,36.9,Dead,Maintain Algo,False,False,False,False,False,False,False,False,False,False,False,False,True,True,True,True,False,False,False,False,False,False,False,False,True,4
500220693,LOCATING BLOCK B,0,0,0,70.2,Dead,Maintain Algo,False,False,False,False,False,False,False,False,False,False,False,False,True,True,True,True,False,False,False,False,False,False,False,False,True,4
500220694,BEARING SPACER,0,0,0,8.1,Dead,Maintain Algo,False,False,False,False,False,False,False,False,False,False,False,False,True,True,True,True,False,False,False,False,False,False,False,False,True,4
500220695,STEP RING FOR LIMIT GUARD,0,0,0,10.8,Dead,Maintain Algo,False,False,False,False,False,False,False,False,False,False,False,False,True,True,True,True,False,False,False,False,False,False,False,False,True,4
500220696,LIMIT GUIDE SHT METAL,0,0,0,14.4,Dead,Maintain Algo,False,False,False,False,False,False,False,False,False,False,False,False,True,True,True,True,False,False,False,False,False,False,False,False,True,4
500220697,LOCKING SHT METAL,0,0,0,16.2,Dead,Maintain Algo,False,False,False,False,False,False,False,False,False,False,False,False,True,True,True,True,False,False,False,False,False,False,False,False,True,4
500220698,LOCK PIN,0,0,0,31.5,Dead,Maintain Algo,False,False,False,False,False,False,False,False,False,False,False,False,True,True,True,True,False,False,False,False,False,False,False,False,True,4
500220699,FLOATING UNIT,0,0,0,582.3,Dead,Maintain Algo,False,False,False,False,False,False,False,False,False,False,False,False,True,True,True,True,False,False,False,False,False,False,False,False,True,4
500220700,DATUM ROLLER ASSY,0,0,0,42.45,Dead,Maintain Algo,False,False,False,False,False,False,False,False,False,False,False,False,True,True,True,True,False,False,False,False,False,False,True,False,True,5
500220701,ROLLER ASSY,0,0,0,60.07,Dead,Maintain Algo,False,False,False,False,False,False,False,False,False,False,False,False,True,True,True,True,False,False,False,False,False,False,True,False,True,5
500220702,SPRING HOLDER,0,0,0,16.2,Dead,Maintain Algo,False,False,False,False,False,False,False,False,False,False,False,False,True,True,True,True,False,False,False,False,False,False,False,False,True,4
500220703,FLATING GUIDE ROLLER HOLDER,0,0,0,209.7,Dead,Maintain Algo,False,False,False,False,False,False,False,False,False,False,False,False,True,True,True,True,False,False,False,False,False,False,False,False,True,4
500220704,ROD HOLDER,0,0,0,116.1,Dead,Maintain Algo,False,False,False,False,False,False,False,False,False,False,False,False,True,True,True,True,False,False,False,False,False,False,False,False,True,4
500220705,GUIDE ROD,0,0,0,109.8,Dead,Maintain Algo,False,False,False,False,False,False,False,False,False,False,False,False,True,True,True,True,False,False,False,False,False,False,False,False,True,4
500220706,DIE SPING TL18X75,0,0,0,7.2,Dead,Maintain Algo,False,False,False,False,False,False,False,False,False,False,False,False,True,True,True,True,False,False,False,False,False,False,True,False,True,5
500220707,VIBRATION ISOLATION ASSY,0,0,0,38477.7,Dead,Maintain Algo,False,False,False,False,False,False,False,False,False,False,False,False,True,True,True,True,False,False,False,False,False,False,False,False,True,4
500220708,GRANITE PARKING PAD,0,0,0,656.82,Dead,Maintain Algo,False,False,False,False,False,False,False,False,False,False,False,False,True,True,True,True,False,False,False,False,False,False,True,False,True,5
500220709,ISOLATOR VALVE IMPROVEMENT KIT,0,0,0,78.3,Dead,Maintain Algo,False,False,False,False,False,False,False,False,False,False,False,False,True,True,True,True,False,False,False,False,False,False,False,False,True,4
500220710,(CH) SLIM LOCATOR SET,0,0,0,264.33,Dead,Maintain Algo,False,False,False,False,False,False,False,False,False,False,False,False,True,True,True,True,False,False,False,False,False,False,True,False,True,5
500220711,(CH) LOCATOR TOOL,0,0,0,54.46,Dead,Maintain Algo,False,False,False,False,False,False,False,False,False,False,False,False,True,True,True,True,False,False,False,False,False,False,True,False,True,5
500220712,ISOLATOR PLATFORM LOCATOR,0,0,0,20.7,Dead,Maintain Algo,False,False,False,False,False,False,False,False,False,False,False,False,True,True,True,True,False,False,False,False,False,False,False,False,True,4
500220713,ISOLATOR SENSOR BRACKET,0,0,0,18.9,Dead,Maintain Algo,False,False,False,False,False,False,False,False,False,False,False,False,True,True,True,True,False,False,False,False,False,False,False,False,True,4
500220714,PRECISION HEIGHT CONTROL VALVES W/ METER,0,0,0,1882.35,Dead,Maintain Algo,False,False,False,False,False,False,False,False,False,False,False,False,True,True,True,True,False,False,False,False,False,False,False,False,True,4
500220715,"PNEUMATIC ISOLATOR 2500LB W7.52""XH11.58""",0,0,0,3835.18,Dead,Maintain Algo,False,False,False,False,False,False,False,False,False,False,False,False,True,True,True,True,False,False,False,False,False,False,True,False,True,5
500220716,TIE BAR SYSTEM V2,0,0,0,4208.4,Dead,Maintain Algo,False,False,False,False,False,False,False,False,False,False,False,False,True,True,True,True,False,False,False,False,False,False,False,False,True,4
500220717,TIE U-BAR V2,0,0,0,118.8,Dead,Maintain Algo,False,False,False,False,False,False,False,False,False,False,False,False,True,True,True,True,False,False,False,False,False,False,False,False,True,4
500220718,TIE BAR ADAPTOR BLOCK V2 (M10X1.25),0,0,0,280.8,Dead,Maintain Algo,False,False,False,False,False,False,False,False,False,False,False,False,True,True,True,True,False,False,False,False,False,False,False,False,True,4
500220719,S HD CAP SCW (M10X1.25 X16),0,0,0,15.3,Dead,Maintain Algo,False,False,False,False,False,False,False,False,False,False,False,False,True,True,True,True,False,False,False,False,False,False,False,False,True,4
500220720,LOCK NUT M10X1.25,0,0,0,2.7,Dead,Maintain Algo,False,False,False,False,False,False,False,False,False,False,False,False,True,True,True,True,False,False,False,False,False,False,False,False,True,4
500220721,TIE ROD V2,0,0,0,86.4,Dead,Maintain Algo,False,False,False,False,False,False,False,False,False,False,False,False,True,True,True,True,False,False,False,False,False,False,False,False,True,4
500220722,TIE BAR SPRING ASSY V2,0,0,0,774.9,Dead,Maintain Algo,False,False,False,False,False,False,False,False,False,False,False,False,True,True,True,True,False,False,False,False,False,False,False,False,True,4
500220723,SPRING PLATE OUTER V2,0,0,0,28.8,Dead,Maintain Algo,False,False,False,False,False,False,False,False,False,False,False,False,True,True,True,True,False,False,False,False,False,False,False,False,True,4
500220724,SPRING LOCK V2,0,0,0,34.2,Dead,Maintain Algo,False,False,False,False,False,False,False,False,False,False,False,False,True,True,True,True,False,False,False,False,False,False,False,False,True,4
500220725,S HD CAP SCW (M10X1.25 X65),0,0,0,16.2,Dead,Maintain Algo,False,False,False,False,False,False,False,False,False,False,False,False,True,True,True,True,False,False,False,False,False,False,False,False,True,4
500220726,SPRING PLATE INNER V2,0,0,0,28.8,Dead,Maintain Algo,False,False,False,False,False,False,False,False,False,False,False,False,True,True,True,True,False,False,False,False,False,False,False,False,True,4
500220727,TIE KNOB V2,0,0,0,53.4,Dead,Maintain Algo,False,False,False,False,False,False,False,False,False,False,False,False,True,True,True,True,False,False,False,False,False,False,False,False,True,4
500220728,HEX NUT (M10X1.25),0,0,0,14.4,Dead,Maintain Algo,False,False,False,False,False,False,False,False,False,False,False,False,True,True,True,True,False,False,False,False,False,False,False,False,True,4
500220729,EXTENSION SPRING LE-148J-01M,0,0,0,4.8,Dead,Maintain Algo,False,False,False,False,False,False,False,False,False,False,False,False,True,True,True,True,False,False,False,False,False,False,True,False,True,5
500220730,EXHAUST ASSY,0,0,0,656.38,Dead,Maintain Algo,False,False,False,False,False,False,False,False,False,False,False,False,True,True,True,True,False,False,False,False,False,False,False,False,True,4
500220731,LINE VAC ASSY,0,0,0,88.91,Dead,Maintain Algo,False,False,False,False,False,False,False,False,False,False,False,False,True,True,True,True,False,False,False,False,False,False,True,False,True,5
500220732,(DTA) DIE TRANSFER ARM,0,0,0,17405.73,Dead,Maintain Algo,False,False,False,False,False,False,False,False,False,False,False,False,True,False,False,True,False,False,False,False,False,False,False,False,True,2
500220733,"JOINT,FLOATING,TIE,BAR,SPRING,ASSY",0,0,0,79.29,Dead,Maintain Algo,False,False,False,False,False,False,False,False,False,False,False,False,True,True,True,False,False,False,False,False,False,False,True,False,True,4
500222204,"BULB, WHITE LED (EMO BOX)",0,0,0,25.2,Dead,Maintain Algo,False,False,False,False,False,False,False,False,False,False,False,False,True,True,True,True,False,False,False,False,False,False,False,False,True,4
500222206,"BULB, GREEN LED (EMO BOX)",0,0,0,25.2,Dead,Maintain Algo,False,False,False,False,False,False,False,False,False,False,False,False,True,True,True,True,False,False,False,False,False,False,False,False,True,4
500222215,"SOLENOID,DTA,VACUUM,SECONDARY",0,0,0,134.56,Dead,Maintain Algo,False,False,False,False,False,False,False,False,False,False,False,False,True,False,True,False,False,False,False,False,False,False,True,False,True,3
500222216,DTA BLOW SOL(SECONDARY),0,0,0,124.15,Dead,Maintain Algo,False,False,False,False,False,False,False,False,False,False,False,False,True,False,True,False,False,False,False,False,False,False,True,False,True,3
500222217,DTA VAC SENSOR(SECONDARY),0,0,0,148.18,Dead,Maintain Algo,False,False,False,False,False,False,False,False,False,False,False,False,True,False,True,True,False,False,False,False,False,False,True,False,True,4
500222218,CABLE SUPPORT,0,0,0,21.6,Dead,Maintain Algo,False,False,False,False,False,False,False,False,False,False,False,False,True,True,True,True,False,False,False,False,False,False,False,False,True,4
500222219,EN FIXED END CABLE CLAMP_A,0,0,0,20.7,Dead,Maintain Algo,False,False,False,False,False,False,False,False,False,False,False,False,True,True,True,True,False,False,False,False,False,False,False,False,True,4
500222220,EN FIXED END CABLE CLAMP_B,0,0,0,25.2,Dead,Maintain Algo,False,False,False,False,False,False,False,False,False,False,False,False,True,True,True,True,False,False,False,False,False,False,False,False,True,4
500222221,EN_C MOVING END,0,0,0,23.4,Dead,Maintain Algo,False,False,False,False,False,False,False,False,False,False,False,False,True,True,True,True,False,False,False,False,False,False,False,False,True,4
500222222,VAC SENSOR MOUNT,0,0,0,26.1,Dead,Maintain Algo,False,False,False,False,False,False,False,False,False,False,False,False,True,True,True,True,False,False,False,False,False,False,False,False,True,4
500222223,(DTA) X MOVING COVER,0,0,0,32.4,Dead,Maintain Algo,False,False,False,False,False,False,False,False,False,False,False,False,True,True,True,True,False,False,False,False,False,False,False,False,True,4
500222224,TRANSFER AMR SOL MOUNT,0,0,0,19.8,Dead,Maintain Algo,False,False,False,False,False,False,False,False,False,False,False,False,True,True,True,True,False,False,False,False,False,False,False,False,True,4
500222225,R MOTOR ASSY CHANGE FROM THETA,0,0,0,6710.77,Dead,Maintain Algo,False,False,False,False,False,False,False,False,False,False,False,False,True,False,True,True,False,False,False,False,False,False,False,False,True,3
500222226,PAN HD PHI SCREW M2X10,0,0,0,0.9,Dead,Maintain Algo,False,False,False,False,False,False,False,False,False,False,False,False,True,True,True,True,False,False,False,False,False,False,False,False,True,4
500222227,DTA ROBOT SHOULDER ARM SUB ASSY,0,0,0,2449.45,Dead,Maintain Algo,False,False,False,False,False,False,False,False,False,False,False,False,True,False,True,True,False,False,False,False,False,False,False,False,True,3
500222228,CROSS ROLLER RING RB3510UUCCOP5,0,0,0,585.53,Dead,Maintain Algo,False,False,False,False,False,False,False,False,False,False,False,False,True,False,True,True,False,False,False,False,False,False,True,False,True,4
500222229,BALL BEARING 15X20X3.5 METRIC,0,0,0,6.4,Dead,Maintain Algo,False,False,False,False,False,False,False,False,False,False,False,False,True,True,True,True,False,False,False,False,False,False,True,False,True,5
500222230,BALL BEARING 20X27X4 METRIC,0,0,0,23.22,Dead,Maintain Algo,False,False,False,False,False,False,False,False,False,False,False,False,True,True,True,True,False,False,False,False,False,False,True,False,True,5
500222231,BALL BEARING 30 X 42 X 7 FAG61806,0,0,0,9.61,Dead,Maintain Algo,False,False,False,False,False,False,False,False,False,False,False,False,True,True,True,True,False,False,False,False,False,False,True,False,True,5
500222232,BALL BEARING 3X6X2.5 METRIC,0,0,0,3.6,Dead,Maintain Algo,False,False,False,False,False,False,False,False,False,False,False,False,True,False,False,True,False,False,False,False,False,False,False,False,True,2
500222233,SENSOR MOUNTED  BASE,0,0,0,51.3,Dead,Maintain Algo,False,False,False,False,False,False,False,False,False,False,False,False,True,True,True,True,False,False,False,False,False,False,False,False,True,4
500222234,MAIN TENSION1 BASE,0,0,0,96.3,Dead,Maintain Algo,False,False,False,False,False,False,False,False,False,False,False,False,True,False,False,True,False,False,False,False,False,False,True,False,True,3
500222235,CABLE PIPE1 CLAMP,0,0,0,14.4,Dead,Maintain Algo,False,False,False,False,False,False,False,False,False,False,False,False,True,True,True,True,False,False,False,False,False,False,False,False,True,4
500222236,CABLE PIPE2 CLAMP,0,0,0,25.2,Dead,Maintain Algo,False,False,False,False,False,False,False,False,False,False,False,False,True,True,True,True,False,False,False,False,False,False,False,False,True,4
500222237,AT5-22 PULLEY BOTTOM SUPPORT FLANGE,0,0,0,43.2,Dead,Maintain Algo,False,False,False,False,False,False,False,False,False,False,False,False,True,True,True,True,False,False,False,False,False,False,False,False,True,4
500222238,"BASE,MAIN,TENSION2",0,0,0,90.0,Dead,Maintain Algo,False,False,False,False,False,False,False,False,False,False,False,False,True,False,False,True,False,False,False,False,False,False,True,False,True,3
500222239,END EFFECTOR MOUNTED FLANGE,0,0,0,45.0,Dead,Maintain Algo,False,False,False,False,False,False,False,False,False,False,False,False,True,True,True,True,False,False,False,False,False,False,False,False,True,4
500222240,PULLEY AT3-44,0,0,0,180.0,Dead,Maintain Algo,False,False,False,False,False,False,False,False,False,False,False,False,True,True,True,True,False,False,False,False,False,False,False,False,True,4
500222241,SHOULDER ARM COVER,0,0,0,20.7,Dead,Maintain Algo,False,False,False,False,False,False,False,False,False,False,False,False,True,True,True,True,False,False,False,False,False,False,False,False,True,4
500222242,SHOULDER ARM BASE,0,0,0,693.0,Dead,Maintain Algo,False,False,False,False,False,False,False,False,False,False,False,False,True,True,True,True,False,False,False,False,False,False,False,False,True,4
500222243,AT5-22 PULLEY BEARING SUPPORT FLANGE,0,0,0,47.7,Dead,Maintain Algo,False,False,False,False,False,False,False,False,False,False,False,False,True,True,True,True,False,False,False,False,False,False,False,False,True,4
500222244,AT5-22 PULLEY BEARING COVER FLANGE,0,0,0,47.7,Dead,Maintain Algo,False,False,False,False,False,False,False,False,False,False,False,False,True,True,True,True,False,False,False,False,False,False,False,False,True,4
500222245,PULLEY AT5-22 BOTTOM COVER FLANGE,0,0,0,51.3,Dead,Maintain Algo,False,False,False,False,False,False,False,False,False,False,False,False,True,True,True,True,False,False,False,False,False,False,False,False,True,4
500222246,PULLEY AT5-22*44,0,0,0,180.0,Dead,Maintain Algo,False,False,False,False,False,False,False,False,False,False,False,False,True,True,True,True,False,False,False,False,False,False,False,False,True,4
500222247,SHOULDER ARM CABLE PIPE SUPPORT SHAFT,0,0,0,54.0,Dead,Maintain Algo,False,False,False,False,False,False,False,False,False,False,False,False,True,True,True,True,False,False,False,False,False,False,False,False,True,4
500222248,PULLEY AT5-22 BOTTOM COVER,0,0,0,23.4,Dead,Maintain Algo,False,False,False,False,False,False,False,False,False,False,False,False,True,True,True,True,False,False,False,False,False,False,False,False,True,4
500222249,PULLEY AT5-22 TOP COVER FLANGE,0,0,0,51.3,Dead,Maintain Algo,False,False,False,False,False,False,False,False,False,False,False,False,True,True,True,True,False,False,False,False,False,False,False,False,True,4
500222250,CABLE PLANE CLAMP,0,0,0,27.0,Dead,Maintain Algo,False,False,False,False,False,False,False,False,False,False,False,False,True,True,True,True,False,False,False,False,False,False,True,False,True,5
500222251,CBALE PROTECT WALL,0,0,0,10.8,Dead,Maintain Algo,False,False,False,False,False,False,False,False,False,False,False,False,True,True,True,True,False,False,False,False,False,False,False,False,True,4
500222252,"BASE,TENSIONER,LEFT,HOLDER,DTA",0,0,0,37.8,Dead,Maintain Algo,False,False,False,False,False,False,False,False,False,False,False,False,True,False,False,True,False,False,False,False,False,False,True,False,True,3
500222253,"SHAFT,NORMAL,TENSIONER,PIN",0,0,0,12.6,Dead,Maintain Algo,False,False,False,False,False,False,False,False,False,False,False,False,True,False,False,True,False,False,False,False,False,False,True,False,True,3
500222254,"PULLEY,NORMAL,TENSION,IDLER",0,0,0,13.5,Dead,Maintain Algo,False,False,False,False,False,False,False,False,False,False,False,False,True,False,False,True,False,False,False,False,False,False,True,False,True,3
500222255,(DTA) X STAGE,0,0,0,9149.4,Dead,Maintain Algo,False,False,False,False,False,False,False,False,False,False,False,False,True,True,True,True,False,False,False,False,False,False,False,False,True,4
500222256,(DTA) X MOTOR D42,0,0,0,1652.46,Dead,Maintain Algo,False,False,False,False,False,False,False,False,False,False,False,False,False,False,False,True,False,False,False,False,False,False,False,False,False,1
500222257,"SPACER,SPECIAL,TENSIONER,.DTA",0,0,0,7.2,Dead,Maintain Algo,False,False,False,False,False,False,False,False,False,False,False,False,True,False,False,True,False,False,False,False,False,False,True,False,True,3
500222258,NORMAL TENSIONER SPACER,0,0,0,9.0,Dead,Maintain Algo,False,False,False,False,False,False,False,False,False,False,False,False,True,False,False,False,False,False,False,False,False,False,False,False,True,1
500222259,"TENSIONER,PIN,LEFT-NORMAL,ANTI-SLIDE",0,0,0,29.7,Dead,Maintain Algo,False,False,False,False,False,False,False,False,False,False,False,False,True,False,False,True,False,False,False,False,False,False,True,False,True,3
500222260,LEFT SPECAL TENSION IDLER PULLEY,0,0,0,16.02,Dead,Maintain Algo,False,False,False,False,False,False,False,False,False,False,False,False,True,False,False,True,False,False,False,False,False,False,True,False,True,3
500222261,LM GUIDE HRW21CA2UUC1M+580LM,0,0,0,1416.96,Dead,Maintain Algo,False,False,False,False,False,False,False,False,False,False,False,False,True,True,True,True,False,False,False,False,False,False,True,False,True,5
500222262,(DTA) X BASE,0,0,0,1052.1,Dead,Maintain Algo,False,False,False,False,False,False,False,False,False,False,False,False,True,True,True,True,False,False,False,False,False,False,False,False,True,4
500222263,(DTA) X SLIDE,0,0,0,445.5,Dead,Maintain Algo,False,False,False,False,False,False,False,False,False,False,False,False,True,True,True,True,False,False,False,False,False,False,False,False,True,4
500222264,(DTA) X ENCODER MOUNT,0,0,0,47.7,Dead,Maintain Algo,False,False,False,False,False,False,False,False,False,False,False,False,True,True,True,True,False,False,False,False,False,False,False,False,True,4
500222265,(DTA) X STOPPER MOUNT,0,0,0,54.0,Dead,Maintain Algo,False,False,False,False,False,False,False,False,False,False,False,False,True,True,True,True,False,False,False,False,False,False,False,False,True,4
500222266,(DTA) X COVER,0,0,0,792.9,Dead,Maintain Algo,False,False,False,False,False,False,False,False,False,False,False,False,True,True,True,True,False,False,False,False,False,False,False,False,True,4
500222267,(DTA) X TOP COVER,0,0,0,30.6,Dead,Maintain Algo,False,False,False,False,False,False,False,False,False,False,False,False,True,True,True,True,False,False,False,False,False,False,False,False,True,4
500222268,(DTA) DIE HOLD INSERT PLATFORM,0,0,0,520.65,Dead,Maintain Algo,False,False,False,False,False,False,False,False,False,False,False,False,True,False,False,True,False,False,False,False,False,False,True,False,True,3
500222269,(DTA) END EFFECTOR MAIN BODY,0,0,0,266.4,Dead,Maintain Algo,False,False,False,False,False,False,False,False,False,False,False,False,True,True,True,True,False,False,False,False,False,False,False,False,True,4
500222270,(DTA) END EFFECTOR COVER,0,0,0,14.4,Dead,Maintain Algo,False,False,False,False,False,False,False,False,False,False,False,False,True,True,True,True,False,False,False,False,False,False,False,False,True,4
500222271,(DPA) DIE PICK ARM,0,0,0,23072.8,Dead,Maintain Algo,False,False,False,False,False,False,False,False,False,False,False,False,True,False,False,True,False,False,False,False,False,False,False,False,True,2
500222272,(DPA) GRANITE REFERENCE BLOCK KIT,0,0,0,202.5,Dead,Maintain Algo,False,False,False,False,False,False,False,False,False,False,False,False,True,True,True,True,False,False,False,False,False,False,False,False,True,4
500222273,CAMERA MOUNTING,0,0,0,23.4,Dead,Maintain Algo,False,False,False,False,False,False,False,False,False,False,False,False,True,True,True,True,False,False,False,False,False,False,False,False,True,4
500222274,(DPA) DIE PICK ARM STAND,0,0,0,1095.3,Dead,Maintain Algo,False,False,False,False,False,False,False,False,False,False,False,False,True,True,True,True,False,False,False,False,False,False,False,False,True,4
500222275,(DPA) FRONT END MANIFOLD,0,0,0,31.5,Dead,Maintain Algo,False,False,False,False,False,False,False,False,False,False,False,False,True,True,True,True,False,False,False,False,False,False,False,False,True,4
500222276,Z FIXED END MNT,0,0,0,24.3,Dead,Maintain Algo,False,False,False,False,False,False,False,False,False,False,False,False,True,True,True,True,False,False,False,False,False,False,False,False,True,4
500222277,X MOVING END MNT,0,0,0,67.5,Dead,Maintain Algo,False,False,False,False,False,False,False,False,False,False,False,False,True,True,True,True,False,False,False,False,False,False,False,False,True,4
500222278,Y MTR CABLE CLAMP,0,0,0,51.3,Dead,Maintain Algo,False,False,False,False,False,False,False,False,False,False,False,False,True,True,True,True,False,False,False,False,False,False,False,False,True,4
500222279,Y MOVING END MNT,0,0,0,36.9,Dead,Maintain Algo,False,False,False,False,False,False,False,False,False,False,False,False,True,True,True,True,False,False,False,False,False,False,False,False,True,4
500222280,X FIXED END MNT,0,0,0,50.4,Dead,Maintain Algo,False,False,False,False,False,False,False,False,False,False,False,False,True,True,True,True,False,False,False,False,False,False,False,False,True,4
500222281,Y FIXED END MNT,0,0,0,115.2,Dead,Maintain Algo,False,False,False,False,False,False,False,False,False,False,False,False,True,True,True,True,False,False,False,False,False,False,False,False,True,4
500222282,DPA X MOVING END COVER,0,0,0,97.2,Dead,Maintain Algo,False,False,False,False,False,False,False,False,False,False,False,False,True,True,True,True,False,False,False,False,False,False,False,False,True,4
500222283,DPA Y MOVING END COVER-01,0,0,0,86.4,Dead,Maintain Algo,False,False,False,False,False,False,False,False,False,False,False,False,True,True,True,True,False,False,False,False,False,False,False,False,True,4
500222284,DPA Z MOVING END COVER,0,0,0,74.7,Dead,Maintain Algo,False,False,False,False,False,False,False,False,False,False,False,False,True,True,True,True,False,False,False,False,False,False,False,False,True,4
500222285,DPA X MOVING END COVER-02,0,0,0,64.8,Dead,Maintain Algo,False,False,False,False,False,False,False,False,False,False,False,False,True,True,True,True,False,False,False,False,False,False,False,False,True,4
500222286,(DPA) X STAGE,0,0,0,5642.1,Dead,Maintain Algo,False,False,False,False,False,False,False,False,False,False,False,False,True,True,True,True,False,False,False,False,False,False,False,False,True,4
500222287,(DPA) X MOTOR,0,0,0,1518.7,Dead,Maintain Algo,False,False,False,False,False,False,False,False,False,False,False,False,True,False,False,True,False,False,False,False,False,False,True,False,True,3
500222288,SOC SET CUP SCREW M3 X 5          [06A6],0,0,0,0.9,Dead,Maintain Algo,False,False,False,False,False,False,False,False,False,False,False,False,True,True,True,True,False,False,False,False,False,False,False,False,True,4
500222289,SOC HD CAP SCREW M3X6 ALLOY ST NI PLT,0,0,0,0.9,Dead,Maintain Algo,False,False,False,False,False,False,False,False,False,False,False,False,True,True,True,True,False,False,False,False,False,False,False,False,True,4
500222290,LM GUIDE SHW12CRM2UUC1+430LPM,0,0,0,1622.02,Dead,Maintain Algo,False,False,False,False,False,False,False,False,False,False,False,False,True,True,True,True,False,False,False,False,False,False,True,False,True,5
500222291,(DPA) X STAGE BODY,0,0,0,575.1,Dead,Maintain Algo,False,False,False,False,False,False,False,False,False,False,False,False,True,True,True,True,False,False,False,False,False,False,False,False,True,4
500222292,(DPA) X SIDE COVER B,0,0,0,47.7,Dead,Maintain Algo,False,False,False,False,False,False,False,False,False,False,False,False,True,True,True,True,False,False,False,False,False,False,False,False,True,4
500222293,(DPA) X MAGNET ROD CLAMP D25,0,0,0,45.9,Dead,Maintain Algo,False,False,False,False,False,False,False,False,False,False,False,False,True,True,True,True,False,False,False,False,False,False,False,False,True,4
500222294,(DPA) X ENCODER MOUNTING,0,0,0,30.6,Dead,Maintain Algo,False,False,False,False,False,False,False,False,False,False,False,False,True,True,True,True,False,False,False,False,False,False,False,False,True,4
500222295,(DPA) X ENC SCALE MOUNT W/ OPENING,0,0,0,159.3,Dead,Maintain Algo,False,False,False,False,False,False,False,False,False,False,False,False,True,True,True,True,False,False,False,False,False,False,False,False,True,4
500222296,(DPA) Y STAGE,0,0,0,5576.4,Dead,Maintain Algo,False,False,False,False,False,False,False,False,False,False,False,False,True,True,True,True,False,False,False,False,False,False,False,False,True,4
500222297,(DPA) X GREASE HOLE COVER,0,0,0,29.7,Dead,Maintain Algo,False,False,False,False,False,False,False,False,False,False,False,False,True,True,True,True,False,False,False,False,False,False,False,False,True,4
500222298,SOC HD CAP SCREW M4X12 ALLOY ST NI PLT,0,0,0,0.9,Dead,Maintain Algo,False,False,False,False,False,False,False,False,False,False,False,False,True,True,True,True,False,False,False,False,False,False,False,False,True,4
500222299,(DPA) XY BRACKET,0,0,0,288.9,Dead,Maintain Algo,False,False,False,False,False,False,False,False,False,False,False,False,True,True,True,True,False,False,False,False,False,False,False,False,True,4
500222300,(DPA) Y MOTOR,0,0,0,1049.31,Dead,Maintain Algo,False,False,False,False,False,False,False,False,False,False,False,False,True,True,True,True,False,False,False,False,False,False,True,False,True,5
500222301,LM GUIDE SSR15XW2UUC1+400LYSPM-II,0,0,0,1136.61,Dead,Maintain Algo,False,False,False,False,False,False,False,False,False,False,False,False,True,False,False,True,False,False,False,False,False,False,True,False,True,3
500222302,STANDARD STOPPER,0,0,0,4.5,Dead,Maintain Algo,False,False,False,False,False,False,False,False,False,False,False,False,True,True,True,True,False,False,False,False,False,False,False,False,True,4
500222303,(DPA) Y BASE,0,0,0,521.1,Dead,Maintain Algo,False,False,False,False,False,False,False,False,False,False,False,False,True,True,True,True,False,False,False,False,False,False,False,False,True,4
500222304,(DPA) Y ENCODER SCALE MOUNTING,0,0,0,117.9,Dead,Maintain Algo,False,False,False,False,False,False,False,False,False,False,False,False,True,True,True,True,False,False,False,False,False,False,False,False,True,4
500222305,(DPA) Y PLATE,0,0,0,153.9,Dead,Maintain Algo,False,False,False,False,False,False,False,False,False,False,False,False,True,True,True,True,False,False,False,False,False,False,False,False,True,4
500222306,(DPA) Z STAGE,0,0,0,9576.9,Dead,Maintain Algo,False,False,False,False,False,False,False,False,False,False,False,False,True,True,True,True,False,False,False,False,False,False,False,False,True,4
500222307,(DPA) Y END SUPPORTING PLATE,0,0,0,56.7,Dead,Maintain Algo,False,False,False,False,False,False,False,False,False,False,False,False,True,True,True,True,False,False,False,False,False,False,False,False,True,4
500222308,(DPA) Y TOP COVER,0,0,0,57.6,Dead,Maintain Algo,False,False,False,False,False,False,False,False,False,False,False,False,True,True,True,True,False,False,False,False,False,False,False,False,True,4
500222309,"STOPPER ASSY (M3, L8)",0,0,0,9.9,Dead,Maintain Algo,False,False,False,False,False,False,False,False,False,False,False,False,True,True,True,True,False,False,False,False,False,False,False,False,True,4
500222310,(DPA) Y SIDE COVER,0,0,0,24.3,Dead,Maintain Algo,False,False,False,False,False,False,False,False,False,False,False,False,True,True,True,True,False,False,False,False,False,False,False,False,True,4
500222311,(DPA) Z MOTOR,2,1,0,555.89,Active Moving,Decrease Algo,False,False,False,False,False,False,False,False,False,False,False,False,False,False,False,True,False,False,False,False,False,False,False,False,False,1
500222312,SOC HD CAP SCREW M3X8 ALLOY ST NI PLT,1,0,0,0.9,Dead,Decrease Algo,False,False,False,False,False,False,False,False,False,False,False,False,False,False,False,True,False,False,False,False,False,False,True,True,False,3
500222313,"PIN,DOWEL,DIA3X10LG,X,STAGE,LEFT",0,0,0,0.64,Dead,Maintain Algo,False,False,False,False,False,False,False,False,False,False,False,False,True,False,True,False,False,False,False,False,False,False,True,False,True,3
500222314,(DPA) Z ENCODER MOUNT,0,0,0,45.9,Dead,Maintain Algo,False,False,False,False,False,False,False,False,False,False,False,False,True,True,True,True,False,False,False,False,False,False,False,False,True,4
500222315,(DPA) Z SLIDE,0,0,0,99.9,Dead,Maintain Algo,False,False,False,False,False,False,False,False,False,False,False,False,True,True,True,True,False,False,False,False,False,False,False,False,True,4
500222316,(DPA) VACUUM SENSOR MANIFOLD,0,0,0,51.3,Dead,Maintain Algo,False,False,False,False,False,False,False,False,False,False,False,False,True,True,True,True,False,False,False,False,False,False,False,False,True,4
500222317,(DPA) Z BASE,0,0,0,187.2,Dead,Maintain Algo,False,False,False,False,False,False,False,False,False,False,False,False,True,True,True,True,False,False,False,False,False,False,False,False,True,4
500222318,(DPA) MOUNTING FRAMEWORK,0,0,0,63.9,Dead,Maintain Algo,False,False,False,False,False,False,False,False,False,False,False,False,True,True,True,True,False,False,False,False,False,False,False,False,True,4
500222319,(DPA) PCB HOLDER,0,0,0,63.9,Dead,Maintain Algo,False,False,False,False,False,False,False,False,False,False,False,False,True,True,True,True,False,False,False,False,False,False,False,False,True,4
500222320,(DPA) SOLENOID VALVES BASE MOUNTING,0,0,0,35.1,Dead,Maintain Algo,False,False,False,False,False,False,False,False,False,False,False,False,True,True,True,True,False,False,False,False,False,False,False,False,True,4
500222321,(DPA) Z MOVING CABLE CLAMP,0,0,0,41.4,Dead,Maintain Algo,False,False,False,False,False,False,False,False,False,False,False,False,True,True,True,True,False,False,False,False,False,False,False,False,True,4
500222322,(DPA) Z MAGNETIC SPRING SLEEVE HOLDER,0,0,0,43.2,Dead,Maintain Algo,False,False,False,False,False,False,False,False,False,False,False,False,True,True,True,True,False,False,False,False,False,False,False,False,True,4
500222323,(DPA) Z MAGNETIC SPRING ROD HOLDER,0,0,0,45.9,Dead,Maintain Algo,False,False,False,False,False,False,False,False,False,False,False,False,True,True,True,True,False,False,False,False,False,False,False,False,True,4
500222324,(DPA) C-CLAMP MOUNT,0,0,0,83.7,Dead,Maintain Algo,False,False,False,False,False,False,False,False,False,False,False,False,True,True,True,True,False,False,False,False,False,False,False,False,True,4
500222325,(DPA) Z MAGNET SHIELD PLATE,0,0,0,58.5,Dead,Maintain Algo,False,False,False,False,False,False,False,False,False,False,False,False,True,True,True,True,False,False,False,False,False,False,False,False,True,4
500222326,(DPA) Z MAGNET SPRING JACKET,0,0,0,24.3,Dead,Maintain Algo,False,False,False,False,False,False,False,False,False,False,False,False,True,True,True,True,False,False,False,False,False,False,False,False,True,4
500222327,(DFH) FRONT PLATFORM,0,0,0,8547.3,Dead,Maintain Algo,False,False,False,False,False,False,False,False,False,False,False,False,True,True,True,True,False,False,False,False,False,False,False,False,True,4
500222328,(DPA) Z UPPER STOPPER,0,0,0,20.7,Dead,Maintain Algo,False,False,False,False,False,False,False,False,False,False,False,False,True,True,True,True,False,False,False,False,False,False,False,False,True,4
500222329,MIRROR ASSY WITH PROTECTIVE GLASS,0,0,0,108.13,Dead,Maintain Algo,False,False,False,False,False,False,False,False,False,False,False,False,True,False,False,True,False,False,False,False,False,False,False,False,True,2
500222330,(DPA) UL OPTICS MOUNTING V4,0,0,0,191.7,Dead,Maintain Algo,False,False,False,False,False,False,False,False,False,False,False,False,True,False,False,True,False,False,False,False,False,False,False,False,True,2
500222331,"(DFH) BH NOZZLE BANK, 20XX",0,0,0,31.5,Dead,Maintain Algo,False,False,False,False,False,False,False,False,False,False,False,False,True,True,True,True,False,False,False,False,False,False,True,False,True,5
500222332,"(DFH) BH NOZZLE BANK, 28XX",0,0,0,31.5,Dead,Maintain Algo,False,False,False,False,False,False,False,False,False,False,False,False,True,True,True,True,False,False,False,False,False,False,True,False,True,5
500222333,NOZZLE MAGAZINE TYPE 20XX,1,0,0,277.14,Dead,Decrease Algo,False,False,False,False,False,False,False,False,False,False,False,False,True,False,True,False,False,False,False,True,False,False,True,False,True,4
500222334,NOZZLE CHANGER BASIS ASSEMBLY CPX LONG,0,0,0,4917.6,Dead,Maintain Algo,False,False,False,False,False,False,False,False,False,False,False,False,True,True,True,True,False,False,False,False,False,False,False,False,True,4
500222335,(DFH) SDK REJECT BIN,0,0,0,85.7,Dead,Maintain Algo,False,False,False,False,False,False,False,False,False,False,False,False,True,True,True,True,False,False,False,False,False,False,False,False,True,4
500222336,(OUFC) KEY WAY_LONG,0,0,0,20.7,Dead,Maintain Algo,False,False,False,False,False,False,False,False,False,False,False,False,True,True,True,True,False,False,False,False,False,False,False,False,True,4
500222337,(OUFC) KEY WAY_SHORT,0,0,0,19.8,Dead,Maintain Algo,False,False,False,False,False,False,False,False,False,False,False,False,True,True,True,True,False,False,False,False,False,False,False,False,True,4
500222338,NOZZLE MAGAZINE TYPE 28XX,1,0,0,439.74,Dead,Decrease Algo,False,False,False,False,False,False,False,False,False,False,False,False,True,True,True,False,False,False,False,False,False,False,True,True,True,5
500222339,(DFH) NOZZLE CHANGER COVER,0,0,0,54.0,Dead,Maintain Algo,False,False,False,False,False,False,False,False,False,False,False,False,True,True,True,True,False,False,False,False,False,False,False,False,True,4
500222340,(DPA) UPLOOK CAMERA CABLE CLAMP,0,0,0,32.4,Dead,Maintain Algo,False,False,False,False,False,False,False,False,False,False,False,False,True,False,True,True,False,False,False,False,False,False,True,False,True,4
500222341,LEFT EPOXY WRITER (HVM),0,0,0,7596.0,Dead,Maintain Algo,False,False,False,False,False,False,False,False,False,False,False,False,True,True,True,True,False,False,False,False,False,False,False,False,True,4
500222342,DISP Z MOUNT (LEFT),0,0,0,137.7,Dead,Maintain Algo,False,False,False,False,False,False,False,False,False,False,False,False,True,True,True,True,False,False,False,False,False,False,False,False,True,4
500222343,DISP Z ADAPTOR (LEFT),0,0,0,124.2,Dead,Maintain Algo,False,False,False,False,False,False,False,False,False,False,False,False,True,True,True,True,False,False,False,False,False,False,False,False,True,4
500222344,DISP DISPENSING HEAD BASE MOUNT L,0,0,0,97.2,Dead,Maintain Algo,False,False,False,False,False,False,False,False,False,False,False,False,True,True,True,True,False,False,False,False,False,False,False,False,True,4
500222345,DISP Z TABLE ASSY (LEFT),0,0,0,3352.5,Dead,Maintain Algo,False,False,False,False,False,False,False,False,False,False,False,False,True,True,True,True,False,False,False,False,False,False,False,False,True,4
500222346,(EW)EPOXY WRITER Z ENC ASSY,0,0,0,784.98,Dead,Maintain Algo,False,False,False,False,False,False,False,False,False,False,False,False,True,True,True,True,False,False,False,False,False,False,True,False,True,5
500222347,DISP Z ENCORDER REF MOUNT (L),0,0,0,43.2,Dead,Maintain Algo,False,False,False,False,False,False,False,False,False,False,False,False,True,True,True,True,False,False,False,False,False,False,False,False,True,4
500222348,DISP HEAD QUICK RELEASE ASSY L,0,0,0,162.0,Dead,Maintain Algo,False,False,False,False,False,False,False,False,False,False,False,False,True,True,True,True,False,False,False,False,False,False,False,False,True,4
500222349,"DISP MINI Z ASSY L (D ACT, D8)",0,0,0,920.7,Dead,Maintain Algo,False,False,False,False,False,False,False,False,False,False,False,False,True,True,True,True,False,False,False,False,False,False,False,False,True,4
500222350,DISP D-ACT MXQ UPPER SENSOR L,0,0,0,33.64,Dead,Maintain Algo,False,False,False,False,False,False,False,False,False,False,False,False,True,True,True,True,False,False,False,False,False,False,True,False,True,5
500222351,RIGHT EPOXY WRITER (HVM),0,0,0,7666.2,Dead,Maintain Algo,False,False,False,False,False,False,False,False,False,False,False,False,True,True,True,True,False,False,False,False,False,False,False,False,True,4
500222352,DOWEL PIN D5 X L12,0,0,0,1.6,Dead,Maintain Algo,False,False,False,False,False,False,False,False,False,False,False,False,True,True,True,True,False,False,False,False,False,False,True,False,True,5
500222353,DISP D-ACT MXQ LOWER SENSOR L,0,0,0,33.64,Dead,Maintain Algo,False,False,False,False,False,False,False,False,False,False,False,False,True,True,True,True,False,False,False,False,False,False,True,False,True,5
500222354,"DOWEL PIN D4 X L10, SST",0,0,0,2.4,Dead,Maintain Algo,False,False,False,False,False,False,False,False,False,False,False,False,True,False,True,True,False,False,False,False,False,False,True,False,True,4
500222355,DISP Z MOUNT (RIGHT),0,0,0,162.0,Dead,Maintain Algo,False,False,False,False,False,False,False,False,False,False,False,False,True,True,True,True,False,False,False,False,False,False,False,False,True,4
500222356,DISP Z ADAPTOR (RIGHT),0,0,0,153.0,Dead,Maintain Algo,False,False,False,False,False,False,False,False,False,False,False,False,True,True,True,True,False,False,False,False,False,False,False,False,True,4
500222357,DISP DISPENSING HEAD BASE MOUNT R,0,0,0,136.8,Dead,Maintain Algo,False,False,False,False,False,False,False,False,False,False,False,False,True,True,True,True,False,False,False,False,False,False,False,False,True,4
500222358,DISP Z TABLE ASSY (RIGHT),0,0,0,4023.0,Dead,Maintain Algo,False,False,False,False,False,False,False,False,False,False,False,False,True,True,True,True,False,False,False,False,False,False,False,False,True,4
500222359,(EW)EPOXY WRITER Z ENC ASSY,0,0,0,941.17,Dead,Maintain Algo,False,False,False,False,False,False,False,False,False,False,False,False,True,True,True,True,False,False,False,False,False,False,True,False,True,5
500222360,"DOWEL PIN D3 X L8, SST",0,0,0,1.6,Dead,Maintain Algo,False,False,False,False,False,False,False,False,False,False,False,False,True,True,True,True,False,False,False,False,False,False,True,False,True,5
500222361,TCB DISP Z ROD MOTOR ASSY,0,0,0,709.68,Dead,Maintain Algo,False,False,False,False,False,False,False,False,False,False,False,False,True,True,True,True,False,False,False,False,False,False,True,False,True,5
500222362,COVER-STOPPER,0,0,0,10.8,Dead,Maintain Algo,False,False,False,False,False,False,False,False,False,False,False,False,True,True,True,True,False,False,False,False,False,False,True,False,True,5
500222363,DISP Z ENCODER MOUNT,0,0,0,41.4,Dead,Maintain Algo,False,False,False,False,False,False,False,False,False,False,False,False,True,True,True,True,False,False,False,False,False,False,False,False,True,4
500222364,DISP Z ENCORDER REF MOUNT (R),0,0,0,45.0,Dead,Maintain Algo,False,False,False,False,False,False,False,False,False,False,False,False,True,True,True,True,False,False,False,False,False,False,False,False,True,4
500222481,PANEL MOUNT ADAPTOR ZS-35-C,0,0,0,13.5,Dead,Maintain Algo,False,False,False,False,False,False,False,False,False,False,False,False,True,True,True,True,False,False,False,False,False,False,False,False,True,4
500222482,IR PRECISION REGULATOR 1/4IN,0,0,0,75.8,Dead,Maintain Algo,False,False,False,False,False,False,False,False,False,False,False,False,True,False,False,True,False,False,False,False,False,False,True,False,True,3
500222483,EPOXY WRITER PENU SYSTEM,0,0,0,1494.66,Dead,Maintain Algo,False,False,False,False,False,False,False,False,False,False,False,False,True,True,True,True,False,False,False,False,False,False,True,False,True,5
500222484,REAR AIR IONIZER PNEU SOL(R),0,0,0,124.15,Dead,Maintain Algo,False,False,False,False,False,False,False,False,False,False,False,False,True,True,True,True,False,False,False,False,False,False,True,False,True,5
500222485,PANEL MOUNT ADAPPTER ZS-27-D,0,0,0,9.9,Dead,Maintain Algo,False,False,False,False,False,False,False,False,False,False,False,False,True,True,True,True,False,False,False,False,False,False,False,False,True,4
500222486,"SOLENOID,EPOXY,WRITER,CYL,EW-L,LEFT,2",0,0,0,160.2,Dead,Maintain Algo,False,False,False,False,False,False,False,False,False,False,False,False,True,False,True,True,False,False,False,False,False,False,True,False,True,4
500222487,FRONT N2 IONIZER PNEU SOL,0,0,0,124.15,Dead,Maintain Algo,False,False,False,False,False,False,False,False,False,False,False,False,True,False,False,False,False,False,False,False,False,False,True,False,True,2
500222488,"SOLENOID,EPOXY,WRITER,CYL,EW-L,LEFT,1",0,0,0,160.2,Dead,Maintain Algo,False,False,False,False,False,False,False,False,False,False,False,False,True,False,True,True,False,False,False,False,False,False,True,False,True,4
500222489,(EW-L)EPOXY WRITER MINI-Z PENU SOL,0,0,0,160.2,Dead,Maintain Algo,False,False,False,False,False,False,False,False,False,False,False,False,True,False,True,True,False,False,False,False,False,False,True,False,True,4
500222490,"SOLENOID,EPOXY,WRITER,CYL,EW-L,LEFT,4",0,0,0,160.2,Dead,Maintain Algo,False,False,False,False,False,False,False,False,False,False,False,False,True,False,True,True,False,False,False,False,False,False,True,False,True,4
500222491,EPOXY WRITER SOL PANEL,0,0,0,23.4,Dead,Maintain Algo,False,False,False,False,False,False,False,False,False,False,False,False,True,True,True,True,False,False,False,False,False,False,False,False,True,4
500222492,EPOXY WRITER SOL FIX MOUNT,0,0,0,45.0,Dead,Maintain Algo,False,False,False,False,False,False,False,False,False,False,False,False,True,True,True,True,False,False,False,False,False,False,False,False,True,4
500222493,VIBRATION ISOLATOR MM-100-UC04-SL20300,0,0,0,3.2,Dead,Maintain Algo,False,False,False,False,False,False,False,False,False,False,False,False,True,True,True,True,False,False,False,False,False,False,True,False,True,5
500222494,Y TABLE,0,0,0,12004.2,Dead,Maintain Algo,False,False,False,False,False,False,False,False,False,False,False,False,True,True,True,True,False,False,False,False,False,False,False,False,True,4
500222495,Y ENC ASSY,0,0,0,780.97,Dead,Maintain Algo,False,False,False,False,False,False,False,False,False,False,False,False,True,False,True,True,False,False,False,False,False,False,False,False,True,3
500222496,"SENSOR,LIMIT,Y-TABLE,SHUTTLE",0,0,0,45.65,Dead,Maintain Algo,False,False,False,False,False,False,False,False,False,False,False,False,True,True,True,True,False,False,False,False,False,False,True,False,True,5
500222497,Y SHUTTLE Y MOTOR ASSY,0,0,0,2018.52,Dead,Maintain Algo,False,False,False,False,False,False,False,False,False,False,False,False,True,True,True,True,False,False,False,False,False,False,True,False,True,5
500222498,SOC HD CAP SCREW M4X10 ALLOY ST NI PLT,0,0,0,0.9,Dead,Maintain Algo,False,False,False,False,False,False,False,False,False,False,False,False,True,True,True,True,False,False,False,False,False,False,False,False,True,4
500222499,SOC HD CAP SCREW M4X16 ALLOY ST NI PLT,0,0,0,0.9,Dead,Maintain Algo,False,False,False,False,False,False,False,False,False,False,False,False,True,True,True,True,False,False,False,False,False,False,False,False,True,4
500222500,HGL15CA4R940ZAPII,0,0,0,870.68,Dead,Maintain Algo,False,False,False,False,False,False,False,False,False,False,False,False,True,True,True,True,False,False,False,False,False,False,True,False,True,5
500222501,DISP HEAD QUICK RELEASE ASSY R,0,0,0,194.4,Dead,Maintain Algo,False,False,False,False,False,False,False,False,False,False,False,False,True,True,True,True,False,False,False,False,False,False,False,False,True,4
500222502,DISP D-ACT MXQ UPPER SENSOR R,0,0,0,33.64,Dead,Maintain Algo,False,False,False,False,False,False,False,False,False,False,False,False,True,True,True,True,False,False,False,False,False,False,True,False,True,5
500222503,"DISP MINI Z ASSY R (D ACT, D8)",0,0,0,819.42,Dead,Maintain Algo,False,False,False,False,False,False,False,False,False,False,False,False,True,True,True,True,False,False,False,False,False,False,True,False,True,5
500222504,DISP D-ACT MXQ LOWER SENSOR R,0,0,0,33.64,Dead,Maintain Algo,False,False,False,False,False,False,False,False,False,False,False,False,True,True,True,True,False,False,False,False,False,False,True,False,True,5
500222505,AIR SLIDE TABLE MXQ8-10,0,0,0,732.91,Dead,Maintain Algo,False,False,False,False,False,False,False,False,False,False,False,False,True,True,True,True,False,False,False,False,False,False,True,False,True,5
500222506,MINATURE FITTINGS 10-M-5ALU-4,0,0,0,12.01,Dead,Maintain Algo,False,False,False,False,False,False,False,False,False,False,False,False,True,False,True,True,False,False,False,False,False,False,True,True,True,5
500222507,TCB DUAL WORKCHUCK X MOTOR,0,0,0,42346.8,Dead,Maintain Algo,False,False,False,False,False,False,False,False,False,False,False,False,True,True,True,True,False,False,False,False,False,False,False,False,True,4
500222508,"HOSE ELBOW FITTING M-5HL-6, 17C8",0,0,0,4.0,Dead,Maintain Algo,False,False,False,False,False,False,False,False,False,False,False,False,True,False,True,True,False,False,False,False,False,False,True,True,True,5
500222509,"BLOCK,HEATED,TCB,PEDESTAL,ASSY,",0,0,0,6722.79,Dead,Maintain Algo,False,False,False,False,False,False,False,False,False,False,False,False,True,False,False,True,False,False,False,False,False,False,False,False,True,2
500222510,TCB PEDESTAL INERT SEAL 1,0,0,0,159.3,Dead,Maintain Algo,False,False,False,False,False,False,False,False,False,False,False,False,True,True,True,True,False,False,False,False,False,False,False,False,True,4
500222511,ISOLATOR PLATE X,0,0,0,32.4,Dead,Maintain Algo,False,False,False,False,False,False,False,False,False,False,False,False,True,True,True,True,False,False,False,False,False,False,False,False,True,4
500222512,Y READHEAD MOUNT,0,0,0,13.5,Dead,Maintain Algo,False,False,False,False,False,False,False,False,False,False,False,False,True,True,True,True,False,False,False,False,False,False,False,False,True,4
500222513,STOPPER HOLDER (Y),0,0,0,9.9,Dead,Maintain Algo,False,False,False,False,False,False,False,False,False,False,False,False,True,True,True,True,False,False,False,False,False,False,False,False,True,4
500222514,LM RAIL END PLATE,0,0,0,18.0,Dead,Maintain Algo,False,False,False,False,False,False,False,False,False,False,False,False,True,True,True,True,False,False,False,False,False,False,False,False,True,4
500222515,Y TABLE BASE,0,0,0,1646.1,Dead,Maintain Algo,False,False,False,False,False,False,False,False,False,False,False,False,True,True,True,True,False,False,False,False,False,False,False,False,True,4
500222516,Y MOVING PLATE,0,0,0,317.7,Dead,Maintain Algo,False,False,False,False,False,False,False,False,False,False,False,False,True,True,True,True,False,False,False,False,False,False,False,False,True,4
500222517,Y TABLE HOME FLAG,0,0,0,14.4,Dead,Maintain Algo,False,False,False,False,False,False,False,False,False,False,False,False,True,True,True,True,False,False,False,False,False,False,False,False,True,4
500222518,Y TABLE SNR FLAG,0,0,0,14.4,Dead,Maintain Algo,False,False,False,False,False,False,False,False,False,False,False,False,True,True,True,True,False,False,False,False,False,False,False,False,True,4
500222519,Y TABLE STOPPER,0,0,0,28.8,Dead,Maintain Algo,False,False,False,False,False,False,False,False,False,False,False,False,True,True,True,True,False,False,False,False,False,False,False,False,True,4
500222520,90 DEGREE REFERENCE MARK A-9541-0037,0,0,0,33.3,Dead,Maintain Algo,False,False,False,False,False,False,False,False,False,False,False,False,True,True,True,True,False,False,False,False,False,False,False,False,True,4
500222521,TCB PEDESTAL TORLON SPACER 1,0,0,0,252.9,Dead,Maintain Algo,False,False,False,False,False,False,False,False,False,False,False,False,True,True,True,True,False,False,False,False,False,False,False,False,True,4
500222522,TCB PEDESTAL TORLON SPACER 3,0,0,0,123.3,Dead,Maintain Algo,False,False,False,False,False,False,False,False,False,False,False,False,True,True,True,True,False,False,False,False,False,False,False,False,True,4
500222523,CABLE CLAMP,0,0,0,16.2,Dead,Maintain Algo,False,False,False,False,False,False,False,False,False,False,False,False,True,True,True,True,False,False,False,False,False,False,False,False,True,4
500222524,PEDESTAL INERT SEAL W/ NOZZLE BANK,0,0,0,385.2,Dead,Maintain Algo,False,False,False,False,False,False,False,False,False,False,False,False,True,True,True,True,False,False,False,False,False,False,False,False,True,4
500222525,TCB BS NERT SEAL 2 (LARGE AREA),0,0,0,111.6,Dead,Maintain Algo,False,False,False,False,False,False,False,False,False,False,False,False,True,True,True,True,False,False,False,False,False,False,False,False,True,4
500222526,PEDESTAL TORLON SPACER 2 (22.5MM),0,0,0,145.8,Dead,Maintain Algo,False,False,False,False,False,False,False,False,False,False,False,False,True,True,True,True,False,False,False,False,False,False,False,False,True,4
500222527,DISC ON ZERODUR,0,0,0,5.4,Dead,Maintain Algo,False,False,False,False,False,False,False,False,False,False,False,False,True,False,True,True,False,False,False,False,False,False,True,False,True,4
500222528,SPACER,0,0,0,3.6,Dead,Maintain Algo,False,False,False,False,False,False,False,False,False,False,False,False,True,True,True,True,False,False,False,False,False,False,False,False,True,4
500222529,EPOXY SERVICE STATION ASSY RIGHT,0,0,0,530.26,Dead,Maintain Algo,False,False,False,False,False,False,False,False,False,False,False,False,True,True,True,True,False,False,False,False,False,False,False,False,True,4
500222530,"STATION,SERVICE,EPOXY,ASSY,LEFT",0,0,0,636.79,Dead,Maintain Algo,False,False,False,False,False,False,False,False,False,False,False,False,True,True,True,True,False,False,False,False,False,False,False,False,True,4
500222531,IP Y SHUTTLE AIR SUPPLY ASSY,0,0,0,830.7,Dead,Maintain Algo,False,False,False,False,False,False,False,False,False,False,False,False,True,True,True,True,False,False,False,False,False,False,True,False,True,5
500222532,IP Y SHUTTLE PNEUMATICS,0,0,0,2205.9,Dead,Maintain Algo,False,False,False,False,False,False,False,False,False,False,False,False,True,True,True,True,False,False,False,False,False,False,True,False,True,5
500222533,IP Y SHUTTLE TOP CLAMP PNEU ASSY,0,0,0,295.2,Dead,Maintain Algo,False,False,False,False,False,False,False,False,False,False,False,False,True,True,True,True,False,False,False,False,False,False,False,False,True,4
500222534,IP Y SHUTTLE INSP STOPPER PNEU ASSY,0,0,0,258.3,Dead,Maintain Algo,False,False,False,False,False,False,False,False,False,False,False,False,True,False,False,True,False,False,False,False,False,False,True,False,True,3
500222535,IP Y SHUTTLE PRELOAD PNEU ASSY,0,0,0,269.1,Dead,Maintain Algo,False,False,False,False,False,False,False,False,False,False,False,False,True,True,True,True,False,False,False,False,False,False,True,False,True,5
500222536,(IP)AIR IONIZER 1 PNEU SOL,0,0,0,123.35,Dead,Maintain Algo,False,False,False,False,False,False,False,False,False,False,False,False,True,True,True,True,False,False,False,False,False,False,True,False,True,5
500222537,(IP)AIR IONIZER 2 PNEU SOL,0,0,0,138.6,Dead,Maintain Algo,False,False,False,False,False,False,False,False,False,False,False,False,True,True,True,True,False,False,False,False,False,False,True,False,True,5
500222538,OP Y SHUTTLE PNEUMATICS,0,0,0,1135.81,Dead,Maintain Algo,False,False,False,False,False,False,False,False,False,False,False,False,True,True,True,True,False,False,False,False,False,False,True,False,True,5
500222539,OP Y SHUTTLE AIR SUPPLY PNEU ASSY,0,0,0,740.12,Dead,Maintain Algo,False,False,False,False,False,False,False,False,False,False,False,False,True,True,True,True,False,False,False,False,False,False,True,False,True,5
500222540,(OP)AIR IONIZER 1 PNEU SOL,0,0,0,123.35,Dead,Maintain Algo,False,False,False,False,False,False,False,False,False,False,False,False,True,True,True,True,False,False,False,False,False,False,True,False,True,5
500222541,EPOXY SERVICE STATION PURGE BIN,0,0,0,26.1,Dead,Maintain Algo,False,False,False,False,False,False,False,False,False,False,False,False,True,True,True,True,False,False,False,False,False,False,False,False,True,4
500222542,EPOXY SERVICE STATION DUMMY PLATE,0,0,0,73.8,Dead,Maintain Algo,False,False,False,False,False,False,False,False,False,False,False,False,True,True,True,True,False,False,False,False,False,False,False,False,True,4
500222543,EPOXY SERVICE STATION MOUNT,0,0,0,47.7,Dead,Maintain Algo,False,False,False,False,False,False,False,False,False,False,False,False,True,True,True,True,False,False,False,False,False,False,False,False,True,4
500222544,NOZZLE CLEANING STATION ASSY,0,0,0,81.7,Dead,Maintain Algo,False,False,False,False,False,False,False,False,False,False,False,False,True,True,True,True,False,False,False,False,False,False,True,False,True,5
500222545,NOZZLE CLEANING AND CONTACT SNR (RIGHT),0,0,0,206.65,Dead,Maintain Algo,False,False,False,False,False,False,False,False,False,False,False,False,True,True,True,True,False,False,False,False,False,False,False,False,True,4
500222546,SENSOR AND NOZZLE CLEANER MOUNTING BASE,0,0,0,28.8,Dead,Maintain Algo,False,False,False,False,False,False,False,False,False,False,False,False,True,True,True,True,False,False,False,False,False,False,False,False,True,4
500222547,M3 INSULATION WASHER (TEFLON),0,0,0,5.4,Dead,Maintain Algo,False,False,False,False,False,False,False,False,False,False,False,False,True,True,True,True,False,False,False,False,False,False,False,False,True,4
500222548,"BANK,VACUUM,NOZZLE,BOND,STAGE",0,0,0,1125.0,Dead,Maintain Algo,False,False,False,False,False,False,False,False,False,False,False,False,True,True,True,True,False,False,False,False,False,False,True,False,True,5
500222549,NOZZLE CLEANING AND CONTACT SNR (LEFT),0,0,0,206.65,Dead,Maintain Algo,False,False,False,False,False,False,False,False,False,False,False,False,True,True,True,True,False,False,False,False,False,False,False,False,True,4
500222550,VACUUM NOZZLE BANK BASE ASSY,0,0,0,509.43,Dead,Maintain Algo,False,False,False,False,False,False,False,False,False,False,False,False,True,True,True,True,False,False,False,False,False,False,True,False,True,5
500222551,(OP)AIR IONIZER 2 PNEU SOL,0,0,0,138.6,Dead,Maintain Algo,False,False,False,False,False,False,False,False,False,False,False,False,True,True,True,False,False,False,False,False,False,False,True,False,True,4
500222552,AIR SUPPLY ONOFF MOUNT,0,0,0,18.0,Dead,Maintain Algo,False,False,False,False,False,False,False,False,False,False,False,False,True,True,True,True,False,False,False,False,False,False,False,False,True,4
500222553,IONIZER SOL MOUNT,0,0,0,8.1,Dead,Maintain Algo,False,False,False,False,False,False,False,False,False,False,False,False,True,True,True,True,False,False,False,False,False,False,False,False,True,4
500222554,SAFETY LOCK FOR VALVE,0,0,0,19.8,Dead,Maintain Algo,False,False,False,False,False,False,False,False,False,False,False,False,True,True,True,True,False,False,False,False,False,False,False,False,True,4
500222555,3-2 SELECTOR M-VALVE HAND VALVE,0,0,0,13.21,Dead,Maintain Algo,False,False,False,False,False,False,False,False,False,False,False,False,True,True,True,True,False,False,False,False,False,False,True,False,True,5
500222556,MALE ELBOW FITTING KPQL06-M5,0,0,0,9.9,Dead,Maintain Algo,False,False,False,False,False,False,False,False,False,False,False,False,True,False,False,True,False,False,False,False,False,True,False,False,True,3
500222557,CLEAN ONE-TOUCH CONNECTOR: KPQH08-02,0,0,0,14.4,Dead,Maintain Algo,False,False,False,False,False,False,False,False,False,False,False,False,True,False,False,True,False,False,False,False,False,False,False,False,True,2
500222558,ELBOW FEMALE CONNECTOR QSLF-1/4-8-B,0,0,0,25.2,Dead,Maintain Algo,False,False,False,False,False,False,False,False,False,False,False,False,True,True,True,True,False,False,False,False,False,False,False,False,True,4
500222559,(DFH) PNEUMATIC ASSY,0,0,0,5647.5,Dead,Maintain Algo,False,False,False,False,False,False,False,False,False,False,False,False,True,True,True,True,False,False,False,False,False,False,False,False,True,4
500222560,DIE PICK/TRANSFER ARM PNEU PANEL,0,0,0,159.3,Dead,Maintain Algo,False,False,False,False,False,False,False,False,False,False,False,False,True,True,True,True,False,False,False,False,False,False,False,False,True,4
500222561,"BANK,VACUUM,NOZZLE,34X24,ASSY",0,0,0,131.36,Dead,Maintain Algo,False,False,False,False,False,False,False,False,False,False,False,False,True,False,True,True,False,False,False,False,False,False,False,False,True,3
500222562,"BANK,VACUUM,NOZZLE,28X19,ASSY",0,0,0,128.96,Dead,Maintain Algo,False,False,False,False,False,False,False,False,False,False,False,False,True,True,True,True,False,False,False,False,False,False,True,False,True,5
500222563,"CAL GLASS BANK ASSY (33X22, 12X12, 9X9)",0,0,0,152.99,Dead,Maintain Algo,False,False,False,False,False,False,False,False,False,False,False,False,True,True,True,True,False,False,False,False,False,False,True,False,True,5
500222564,LEFT WC FRONT X ENC ASSY,0,0,0,3602.09,Dead,Maintain Algo,False,False,False,False,False,False,False,False,False,False,False,False,True,True,True,False,False,False,False,False,False,False,False,False,True,3
500222565,LEFT WC REAR X ENC ASSY,0,0,0,3726.25,Dead,Maintain Algo,False,False,False,False,False,False,False,False,False,False,False,False,True,True,True,False,False,False,False,False,False,False,False,False,True,3
500222566,CARRIAGE MOTOR,0,0,0,3248.85,Dead,Maintain Algo,False,False,False,False,False,False,False,False,False,False,False,False,True,False,False,True,False,False,False,False,False,False,False,False,True,2
500222567,LEFT WC Y ENC ASSY,0,0,0,3452.31,Dead,Maintain Algo,False,False,False,False,False,False,False,False,False,False,False,False,True,False,False,True,False,False,False,False,False,False,False,False,True,2
500222568,"MOUNT,ENCODER,CARRIAGE",0,0,0,132.3,Dead,Maintain Algo,False,False,False,False,False,False,False,False,False,False,False,False,True,False,True,True,False,False,False,False,False,False,True,False,True,4
500222569,CABLE CLAMP 1 FOR WORKCHUCK (FIXED END),0,0,0,86.4,Dead,Maintain Algo,False,False,False,False,False,False,False,False,False,False,False,False,True,True,True,True,False,False,False,False,False,False,False,False,True,4
500222570,CABLE CLAMP 2 FOR WORKCHUCK (FIXED END),0,0,0,37.8,Dead,Maintain Algo,False,False,False,False,False,False,False,False,False,False,False,False,True,True,True,True,False,False,False,False,False,False,False,False,True,4
500222571,DPA/DTA PNEU BOX FIX MOUNT 1,0,0,0,21.6,Dead,Maintain Algo,False,False,False,False,False,False,False,False,False,False,False,False,True,True,True,True,False,False,False,False,False,False,False,False,True,4
500222572,DPA/DTA VAC GEN MOUNT,0,0,0,53.1,Dead,Maintain Algo,False,False,False,False,False,False,False,False,False,False,False,False,True,True,True,True,False,False,False,False,False,False,False,False,True,4
500222573,DPA/DTA PNEU BOX FIX MOUNT 2,0,0,0,25.2,Dead,Maintain Algo,False,False,False,False,False,False,False,False,False,False,False,False,True,True,True,True,False,False,False,False,False,False,False,False,True,4
500222574,FLOW CTL P-VALVE AS1001F-04-3,0,0,0,24.03,Dead,Maintain Algo,False,False,False,False,False,False,False,False,False,False,False,False,True,False,False,True,False,False,False,False,False,False,False,False,True,2
500222575,UNION Y KPGU06-00,0,0,0,14.41,Dead,Maintain Algo,False,False,False,False,False,False,False,False,False,False,False,False,True,False,True,True,False,False,False,False,False,False,True,True,True,5
500222576,DIE PICK\TRANSFER ARM PNEU COVER,0,0,0,115.2,Dead,Maintain Algo,False,False,False,False,False,False,False,False,False,False,False,False,True,True,True,True,False,False,False,False,False,False,False,False,True,4
500222577,CLEAN ONE-TOUCH CONNECTOR: KPQH06-01,0,0,0,9.0,Dead,Maintain Algo,False,False,False,False,False,False,False,False,False,False,False,False,True,True,True,True,False,False,False,False,False,False,False,True,True,5
500222578,CLEAN ONE-TOUCH CONNECTOR: KPQH08-01,0,0,0,9.9,Dead,Maintain Algo,False,False,False,False,False,False,False,False,False,False,False,False,True,True,True,True,False,False,False,False,False,False,False,True,True,5
500222579,CLEAN ONE-TOUCH CONNECTOR: KPQL04-01,0,0,0,12.6,Dead,Maintain Algo,False,False,False,False,False,False,False,False,False,False,False,False,True,True,True,True,False,False,False,False,False,False,False,True,True,5
500222580,MANIFOLD (FR-4-1/8-B),0,0,0,16.02,Dead,Maintain Algo,False,False,False,False,False,False,False,False,False,False,False,False,True,True,True,True,False,False,False,False,False,False,True,False,True,5
500222581,WORKCHUCK X PRELOAD MAGNET ASSY (SIDE),0,0,0,79.29,Dead,Maintain Algo,False,False,False,False,False,False,False,False,False,False,False,False,True,True,True,True,False,False,False,False,False,False,True,False,True,5
500222582,RIGHT WC FRONT X ENC ASSY,0,0,0,3602.09,Dead,Maintain Algo,False,False,False,False,False,False,False,False,False,False,False,False,True,True,True,True,False,False,False,False,False,False,True,False,True,5
500222583,RIGHT WC REAR X ENC ASSY,0,0,0,3726.25,Dead,Maintain Algo,False,False,False,False,False,False,False,False,False,False,False,False,True,True,True,True,False,False,False,False,False,False,True,False,True,5
500222584,"SUPPORT,WORKCHUCK,Y,CARRIAGE",0,0,0,26056.8,Dead,Maintain Algo,False,False,False,False,False,False,False,False,False,False,False,False,True,False,False,True,False,False,False,False,False,False,True,False,True,3
500222585,"ENCODER,RIGHT,WC,Y",0,0,0,3452.31,Dead,Maintain Algo,False,False,False,False,False,False,False,False,False,False,False,False,True,False,False,True,False,False,False,False,False,False,True,False,True,3
500222586,HIGH PRECISION THETA DDR MOTOR,0,0,0,38242.94,Dead,Maintain Algo,False,False,False,False,False,False,False,False,False,False,False,False,True,False,False,False,False,False,False,False,False,False,False,False,True,1
500222587,"MODULE,BONDHEAD",0,0,0,73760.0,Dead,Maintain Algo,False,False,False,False,False,False,False,False,False,False,False,False,True,False,True,True,False,False,False,False,False,False,False,False,True,3
500222588,BH Z COLUMN ASSEMBLY,0,0,0,9611.1,Dead,Maintain Algo,False,False,False,False,False,False,False,False,False,False,False,False,True,True,True,True,False,False,False,False,False,False,False,False,True,4
500222589,U/D OPTICS MODULE (HVM),0,0,0,120519.0,Dead,Maintain Algo,False,False,False,False,False,False,False,False,False,False,False,False,True,True,True,True,False,False,False,False,False,False,False,False,True,4
500222590,(CIE) CORE INERT ENVIRONMENT,0,0,0,1822.5,Dead,Maintain Algo,False,False,False,False,False,False,False,False,False,False,False,False,True,False,False,False,False,False,False,False,False,False,True,False,True,2
500222592,PLUG-IN REDUCER,0,0,0,5.4,Dead,Maintain Algo,False,False,False,False,False,False,False,False,False,False,False,False,True,True,True,True,False,False,False,False,False,False,False,False,True,4
500222593,PRECISION REGULATOR 10-IR1000-01,0,0,0,331.61,Dead,Maintain Algo,False,False,False,False,False,False,False,False,False,False,False,False,True,False,True,False,False,False,False,False,False,False,False,False,True,2
500222594,CAH SOL MOUNT,0,0,0,29.7,Dead,Maintain Algo,False,False,False,False,False,False,False,False,False,False,False,False,True,True,True,True,False,False,False,False,False,False,False,False,True,4
500222595,SPEED CONTROLLER 10-AS1201F-M5-04A,0,0,0,22.82,Dead,Maintain Algo,False,False,False,False,False,False,False,False,False,False,False,False,True,True,True,False,False,False,False,False,False,False,False,False,True,3
500222596,SOL PIN CONNENCTOR MOUNT (8EA),0,0,0,16.2,Dead,Maintain Algo,False,False,False,False,False,False,False,False,False,False,False,False,True,True,True,True,False,False,False,False,False,False,False,False,True,4
500222597,CLEAN ONE-TOUCH CONNECTOR: KPQL06-01,0,0,0,8.01,Dead,Maintain Algo,False,False,False,False,False,False,False,False,False,False,False,False,True,False,True,True,False,False,False,False,False,False,True,False,True,4
500222598,PANEL MOUNT ADAPTER ZS-26-B,0,0,0,13.5,Dead,Maintain Algo,False,False,False,False,False,False,False,False,False,False,False,False,True,True,True,True,False,False,False,False,False,False,False,False,True,4
500222599,"PLUG R 1/8"" BSP",0,0,0,10.8,Dead,Maintain Algo,False,False,False,False,False,False,False,False,False,False,False,False,True,True,True,True,False,False,False,False,False,False,False,False,True,4
500222600,FLOW CTL D-VALVE AS1211F-M5-06,0,0,0,14.01,Dead,Maintain Algo,False,False,False,False,False,False,False,False,False,False,False,False,True,True,True,False,False,False,False,False,False,False,False,False,True,3
500222601,OXYGEN ANALYZER MODEL EC913,0,0,0,17395.2,Dead,Maintain Algo,False,False,False,False,False,False,False,False,False,False,False,False,True,True,True,True,False,False,False,False,False,False,False,False,True,4
500222602,OTZ ASSY RGT (HVM),0,0,0,12970.8,Dead,Maintain Algo,False,False,False,False,False,False,False,False,False,False,False,False,True,True,True,True,False,False,False,False,False,False,False,False,True,4
500222603,OTZ ASSY LFT (HVM),0,0,0,12662.1,Dead,Maintain Algo,False,False,False,False,False,False,False,False,False,False,False,False,True,True,True,True,False,False,False,False,False,False,False,False,True,4
500222604,"ENCODER,OT,RIGHT",0,0,0,2763.45,Dead,Maintain Algo,False,False,False,False,False,False,False,False,False,False,False,False,True,True,True,False,False,False,False,False,False,False,False,False,True,3
500222605,OT-Z (LEFT) MOTOR CABLE ASSY,0,0,0,1333.66,Dead,Maintain Algo,False,False,False,False,False,False,False,False,False,False,False,False,True,True,True,False,False,False,False,False,False,False,True,False,True,4
500222606,"ENCODER,HVMOTX,U/D,OPTICS,X-TABLE",1,0,0,2763.45,Dead,Decrease Algo,False,False,False,False,False,False,False,False,False,False,False,False,False,False,False,True,False,False,False,False,False,False,True,True,False,3
500222607,OT-Z (RIGHT) MOTOR CABLE ASSY,0,0,0,1121.4,Dead,Maintain Algo,False,False,False,False,False,False,False,False,False,False,False,False,True,True,True,False,False,False,False,False,False,False,True,False,True,4
500222608,FLAT ROUND AIR BEARING (D50),0,0,0,416.52,Dead,Maintain Algo,False,False,False,False,False,False,False,False,False,False,False,False,True,False,False,True,False,False,False,False,False,False,False,False,True,2
500222609,HVMOTY ENCODER ASSY,0,0,0,3178.36,Dead,Maintain Algo,False,False,False,False,False,False,False,False,False,False,False,False,True,True,True,False,False,False,False,False,False,False,False,False,True,3
500222610,THERMOSTAT ASSY,0,0,0,20.82,Dead,Maintain Algo,False,False,False,False,False,False,False,False,False,False,False,False,True,True,True,True,False,False,False,False,False,False,True,False,True,5
500222613,CAT5 USB 2.0 EXTENDER,0,0,0,1464.22,Dead,Maintain Algo,False,False,False,False,False,False,False,False,False,False,False,False,True,True,True,True,False,False,False,False,False,False,True,False,True,5
500222614,LITEC AAD2 HIGH POWER MODULE,0,0,0,1589.58,Dead,Maintain Algo,False,False,False,False,False,False,False,False,False,False,False,False,True,False,False,True,False,False,False,False,False,False,False,False,True,2
500222615,IZS31 SERIES BAR TYPE IONIZER,0,0,0,4808.7,Dead,Maintain Algo,False,False,False,False,False,False,False,False,False,False,False,False,True,True,True,True,False,False,False,False,False,False,False,False,True,4
500222616,"MODULE,POWER,NDIII,CONTROL",0,0,0,2627.28,Dead,Maintain Algo,False,False,False,False,False,False,False,False,False,False,False,False,True,False,False,True,False,False,False,False,False,False,True,False,True,3
500222617,USB TO 16X RS232 CONVERTER,1,0,0,1859.12,Dead,Decrease Algo,False,False,False,False,False,False,False,False,False,False,False,False,False,False,False,True,False,False,False,False,False,False,True,True,False,3
500222618,TWIN ARCHERFISH DISPENSER (ELEC. VACUUM),0,0,0,7650.0,Dead,Maintain Algo,False,False,False,False,False,False,False,False,False,False,False,False,True,True,True,True,False,False,False,False,False,False,False,False,True,4
500222619,"MODULE,POWER,NUDRIVE-III,ND#2-1",0,0,0,1986.48,Dead,Maintain Algo,False,False,False,False,False,False,False,False,False,False,False,False,True,False,False,True,False,False,False,False,False,False,False,False,True,2
500222620,SMPS 600W UNIV 18V,0,0,0,2035.34,Dead,Maintain Algo,False,False,False,False,False,False,False,False,False,False,False,False,True,False,False,True,False,False,False,False,False,False,False,False,True,2
500222621,LITEC HIGH POWER MODULE_PH,1,0,0,1560.34,Active Moving,Maintain Algo,False,False,False,False,False,False,False,False,False,False,False,False,False,False,False,True,False,False,False,False,False,False,False,False,False,1
500222622,"SCREW,SHC,M2X6",0,0,0,1.35,Dead,Maintain Algo,False,False,False,False,False,False,False,False,False,False,False,False,True,False,False,True,False,False,False,False,False,False,False,False,True,2
500222623,UPLOOKING RING LIGHT,1,0,0,728.1,Active Moving,Maintain Algo,False,False,False,False,False,False,False,False,False,False,False,False,False,False,False,True,False,False,False,False,False,False,False,False,False,1
500222624,"LIGHT,RING,DOWNLOOKING,HVMOT,U/D",0,0,0,1570.5,Dead,Maintain Algo,False,False,False,False,False,False,False,False,False,False,False,False,True,False,False,True,False,False,False,False,False,False,False,False,True,2
500222625,COOLING BLOCK MOUNT (R),0,0,0,14.4,Dead,Maintain Algo,False,False,False,False,False,False,False,False,False,False,False,False,True,True,True,True,False,False,False,False,False,False,False,False,True,4
500222626,COOLING BLOCK MOUNT (L),0,0,0,14.4,Dead,Maintain Algo,False,False,False,False,False,False,False,False,False,False,False,False,True,True,True,True,False,False,False,False,False,False,False,False,True,4
500222627,RING LT FRONT MOUNT,0,0,0,207.9,Dead,Maintain Algo,False,False,False,False,False,False,False,False,False,False,False,False,True,True,True,True,False,False,False,False,False,False,False,False,True,4
500222628,RINGLIGHT COOL RTD CLAMP,0,0,0,18.9,Dead,Maintain Algo,False,False,False,False,False,False,False,False,False,False,False,False,True,True,True,True,False,False,False,False,False,False,False,False,True,4
500222629,HVMOT RING LT COOLING BLOCK,0,0,0,231.3,Dead,Maintain Algo,False,False,False,False,False,False,False,False,False,False,False,False,True,True,True,True,False,False,False,False,False,False,False,False,True,4
500222630,MOUNTING INSULATOR,0,0,0,26.1,Dead,Maintain Algo,False,False,False,False,False,False,False,False,False,False,False,False,True,True,True,True,False,False,False,False,False,False,False,False,True,4
500222631,"SPRING,MAGNET,2.5N,HVM,CAP,SENSOR",0,0,0,47.25,Dead,Maintain Algo,False,False,False,False,False,False,False,False,False,False,False,False,True,False,False,True,False,False,False,False,False,False,True,False,True,3
500222632,CA_2.2-CONTROLLER BOX ASSY,0,0,0,934.95,Dead,Maintain Algo,False,False,False,False,False,False,False,False,False,False,False,False,True,False,True,True,False,False,False,False,False,False,True,False,True,4
500222633,"BOX,SWITCH,STEP,DRIVE",0,0,0,413.31,Dead,Maintain Algo,False,False,False,False,False,False,False,False,False,False,False,False,True,False,True,True,False,False,False,False,False,False,True,False,True,4
500222634,CM CHOKE AND DUMMY LOAD BOX,0,0,0,961.2,Dead,Maintain Algo,False,False,False,False,False,False,False,False,False,False,False,False,True,False,False,True,False,False,False,False,False,False,False,False,True,2
500222635,POWER MONITOR ELEC. ASSY,0,0,0,171.41,Dead,Maintain Algo,False,False,False,False,False,False,False,False,False,False,False,False,True,False,False,True,False,False,False,False,False,False,True,False,True,3
500222636,"ESIO7,ES#2",0,0,0,434.94,Active Moving,Maintain Algo,False,False,False,False,False,False,False,False,False,False,False,False,False,False,False,True,False,False,False,False,False,False,False,False,False,1
500222637,LAMP CONTROLLER BOX,0,0,0,134.56,Dead,Maintain Algo,False,False,False,False,False,False,False,False,False,False,False,False,True,True,True,True,False,False,False,False,False,False,True,False,True,5
500222638,"SUPPLY,POWER,600W,UNIV,26.8V,SMPS#6",0,0,0,968.4,Dead,Maintain Algo,False,False,False,False,False,False,False,False,False,False,False,False,True,False,False,False,False,False,False,False,False,False,False,False,True,1
500222639,"BOX,BD,HARDWARE,LOGIC,TRIGGER",0,0,0,140.97,Dead,Maintain Algo,False,False,False,False,False,False,False,False,False,False,False,False,True,False,True,True,False,False,False,False,False,False,False,False,True,3
500222641,"LAMP,FLOURESCENT,LM-31,W-CABLE",0,0,0,125.35,Dead,Maintain Algo,False,False,False,False,False,False,False,False,False,False,False,False,True,True,True,False,False,False,False,False,False,False,True,False,True,4
500222642,HEATED WAFER CHUCK COOLING(R),0,0,0,1470.63,Dead,Maintain Algo,False,False,False,False,False,False,False,False,False,False,False,False,True,True,True,True,False,False,False,False,False,False,True,False,True,5
500222643,"MOTOR,LINEAR,MOVING,MAGNET,CAP,SENSE",0,0,0,237.09,Dead,Maintain Algo,False,False,False,False,False,False,False,False,False,False,False,False,True,False,False,True,False,False,False,False,False,False,True,False,True,3
500222644,"CABLE,ENCODER,CAP,SENSOR,MOTOR",0,0,0,3809.55,Dead,Maintain Algo,False,False,False,False,False,False,False,False,False,False,False,False,True,False,True,True,False,False,False,False,False,False,False,False,True,3
500222645,(BS-R)CARRIAGE AB PRESS SNR(R),0,0,0,144.18,Dead,Maintain Algo,False,False,False,False,False,False,False,False,False,False,False,False,True,True,True,False,False,False,False,False,False,False,True,False,True,4
500222646,(BS-L)CARRIAGE AB PRESS SNR(L),0,0,0,147.38,Dead,Maintain Algo,False,False,False,False,False,False,False,False,False,False,False,False,True,True,True,False,False,False,False,False,False,False,True,False,True,4
500222647,(BS-L)BEAM AB PRESS SNR(L),0,0,0,147.38,Dead,Maintain Algo,False,False,False,False,False,False,False,False,False,False,False,False,True,True,True,False,False,False,False,False,False,False,True,False,True,4
500222648,(BS-R)HEATED PEDESTAL VAC SNR,0,0,0,364.45,Dead,Maintain Algo,False,False,False,False,False,False,False,False,False,False,False,False,True,True,True,True,False,False,False,False,False,False,True,False,True,5
500222649,(BS-R)BEAM AB PRESS SNR(R),0,0,0,144.18,Dead,Maintain Algo,False,False,False,False,False,False,False,False,False,False,False,False,True,True,True,False,False,False,False,False,False,False,False,False,True,3
500222650,(PHS-R)HEATED PEDESTAL VAC SNR,0,0,0,381.27,Dead,Maintain Algo,False,False,False,False,False,False,False,False,False,False,False,False,True,True,True,True,False,False,False,False,False,False,True,False,True,5
500222651,HEATED WAFER CHUCK COOLING(L),0,0,0,1688.4,Dead,Maintain Algo,False,False,False,False,False,False,False,False,False,False,False,False,True,True,True,True,False,False,False,False,False,False,False,False,True,4
500222652,SMALL SIZE UPS RLY ASSY,0,0,0,86.5,Dead,Maintain Algo,False,False,False,False,False,False,False,False,False,False,False,False,True,False,True,True,False,False,False,False,False,False,True,False,True,4
500222655,RED ILLUMINATED ROCKER SWITCH DPST,0,0,0,7.2,Dead,Maintain Algo,False,False,False,False,False,False,False,False,False,False,False,False,True,True,True,True,False,False,False,False,False,False,True,False,True,5
500222656,IONIZER CONTROL RELAY BOARD,0,0,0,37.24,Dead,Maintain Algo,False,False,False,False,False,False,False,False,False,False,False,False,True,False,False,True,False,False,False,False,False,False,True,False,True,3
500222657,HVM CAP SENSOR ASSEMBLY,0,0,0,50623.2,Dead,Maintain Algo,False,False,False,False,False,False,False,False,False,False,False,False,True,True,True,True,False,False,False,False,False,False,False,False,True,4
500222658,IONIZER CONTROL RELAY BOARD,0,0,0,24.03,Dead,Maintain Algo,False,False,False,False,False,False,False,False,False,False,False,False,True,False,False,True,False,False,False,False,False,False,True,False,True,3
500222659,SWITCHING BOARD FOR HEATERS,0,0,0,24.03,Dead,Maintain Algo,False,False,False,False,False,False,False,False,False,False,False,False,True,False,True,True,False,False,False,False,False,False,True,False,True,4
500222663,"SOLENOID,OXYGEN,ANALYZER,BH",0,0,0,133.76,Dead,Maintain Algo,False,False,False,False,False,False,False,False,False,False,False,False,True,False,False,True,False,False,False,False,False,False,False,False,True,2
500222664,COMPRESS AIR INLET MANIFOLD,0,0,0,484.2,Dead,Maintain Algo,False,False,False,False,False,False,False,False,False,False,False,False,True,True,True,True,False,False,False,False,False,False,False,False,True,4
500222665,AIR INLET PNEU ASSY,0,0,0,836.24,Dead,Maintain Algo,False,False,False,False,False,False,False,False,False,False,False,False,True,True,True,True,False,False,False,False,False,False,True,False,True,5
500222666,VAC LINE ZNLEF MANIFOLD,0,0,0,398.7,Dead,Maintain Algo,False,False,False,False,False,False,False,False,False,False,False,False,True,True,True,True,False,False,False,False,False,False,False,False,True,4
500222667,"PLUG R I/4"" BSP [17C3]",0,0,0,9.0,Dead,Maintain Algo,False,False,False,False,False,False,False,False,False,False,False,False,True,True,True,True,False,False,False,False,False,False,False,False,True,4
500222668,(STA-L)COVER VACUUM SOL,0,0,0,133.76,Dead,Maintain Algo,False,False,False,False,False,False,False,False,False,False,False,False,True,True,True,True,False,False,False,False,False,False,True,False,True,5
500222669,(STA-L)SUBSTRATE VACUUM SOL,0,0,0,133.76,Dead,Maintain Algo,False,False,False,False,False,False,False,False,False,False,False,False,True,True,True,True,False,False,False,False,False,False,True,False,True,5
500222670,STA BLOW PNEU SOL(L),0,0,0,124.15,Dead,Maintain Algo,False,False,False,False,False,False,False,False,False,False,False,False,True,True,True,True,False,False,False,False,False,False,True,False,True,5
500222671,STA BLOW PNEU SOL(R),0,0,0,128.16,Dead,Maintain Algo,False,False,False,False,False,False,False,False,False,False,False,False,True,True,True,False,False,False,False,False,False,False,False,False,True,3
500222672,STA COVER FLOW LEAKAGE DETECT SNR(L),0,0,0,326.0,Dead,Maintain Algo,False,False,False,False,False,False,False,False,False,False,False,False,True,True,True,False,False,False,False,False,False,False,True,False,True,4
500222673,STA COVER FLOW LEAKAGE DETECT SNR(R),0,0,0,312.39,Dead,Maintain Algo,False,False,False,False,False,False,False,False,False,False,False,False,True,True,True,False,False,False,False,False,False,False,True,False,True,4
500222674,STA STRIP FLOW LEAKAGE DETECT SNR(L),0,0,0,312.39,Dead,Maintain Algo,False,False,False,False,False,False,False,False,False,False,False,False,True,True,True,False,False,False,False,False,False,False,True,False,True,4
500222675,STA STRIP FLOW LEAKAGE DETECT SNR(R),0,0,0,312.39,Dead,Maintain Algo,False,False,False,False,False,False,False,False,False,False,False,False,True,True,True,False,False,False,False,False,False,False,True,False,True,4
500222676,SOL MOUNT(R),0,0,0,31.5,Dead,Maintain Algo,False,False,False,False,False,False,False,False,False,False,False,False,True,True,True,True,False,False,False,False,False,False,False,False,True,4
500222677,POST VAC SOL MOUNT(L),0,0,0,63.0,Dead,Maintain Algo,False,False,False,False,False,False,False,False,False,False,False,False,True,True,True,True,False,False,False,False,False,False,False,False,True,4
500222678,STA BLOW/ION SOL MOUNT(LEFT),0,0,0,21.6,Dead,Maintain Algo,False,False,False,False,False,False,False,False,False,False,False,False,True,True,True,True,False,False,False,False,False,False,False,False,True,4
500222679,STA BLOW/ION SOL MOUNT(RIGHT),0,0,0,13.5,Dead,Maintain Algo,False,False,False,False,False,False,False,False,False,False,False,False,True,True,True,True,False,False,False,False,False,False,False,False,True,4
500222680,FLOW CONTROL WITH FITTING M5X0.8,0,0,0,12.01,Dead,Maintain Algo,False,False,False,False,False,False,False,False,False,False,False,False,True,True,True,True,False,False,False,False,False,False,True,False,True,5
500222684,REAR AIR IONIZER PNEU SOL(R),0,0,0,128.16,Dead,Maintain Algo,False,False,False,False,False,False,False,False,False,False,False,False,True,True,True,False,False,False,False,False,False,False,True,False,True,4
500222685,SOL PIN CONNENCTOR MOUNT(10EA),0,0,0,18.0,Dead,Maintain Algo,False,False,False,False,False,False,False,False,False,False,False,False,True,True,True,True,False,False,False,False,False,False,False,False,True,4
500222686,STA/POST VAC SOL MOUNT FIX PANEL,0,0,0,96.3,Dead,Maintain Algo,False,False,False,False,False,False,False,False,False,False,False,False,True,True,True,True,False,False,False,False,False,False,False,False,True,4
500222687,POST HEAT STATION VAC SOL 1(L),0,0,0,161.0,Dead,Maintain Algo,False,False,False,False,False,False,False,False,False,False,False,False,True,True,True,True,False,False,False,False,False,False,True,False,True,5
500222688,POST HEAT STATION VAC SOL 2(L),0,0,0,161.0,Dead,Maintain Algo,False,False,False,False,False,False,False,False,False,False,False,False,True,True,True,True,False,False,False,False,False,False,True,False,True,5
500222689,REAR AIR IONIZER PNEU SOL(R),0,0,0,128.16,Dead,Maintain Algo,False,False,False,False,False,False,False,False,False,False,False,False,True,True,True,True,False,False,False,False,False,False,True,False,True,5
500222690,STA/POST VAC SOL MOUNT,0,0,0,127.8,Dead,Maintain Algo,False,False,False,False,False,False,False,False,False,False,False,False,True,True,True,True,False,False,False,False,False,False,False,False,True,4
500222691,SOC HD ATTACHING SCREW M4X12,0,0,0,9.0,Dead,Maintain Algo,False,False,False,False,False,False,False,False,False,False,False,False,True,True,True,True,False,False,False,False,False,False,False,False,True,4
500222692,POST HEAT STATION VAC SOL 3(L),0,0,0,161.0,Dead,Maintain Algo,False,False,False,False,False,False,False,False,False,False,False,False,True,True,True,True,False,False,False,False,False,False,True,False,True,5
500222693,(BS-L)HEATED PEDESTAL VAC SNR 4(L),0,0,0,169.81,Dead,Maintain Algo,False,False,False,False,False,False,False,False,False,False,False,False,True,False,True,True,False,False,False,False,False,False,True,False,True,4
500222694,POST HEAT STATION VAC SOL 4(L),0,0,0,161.0,Dead,Maintain Algo,False,False,False,False,False,False,False,False,False,False,False,False,True,True,True,True,False,False,False,False,False,False,True,False,True,5
500222695,(BS-L)HEATED PEDESTAL VAC SNR 3(L),0,0,0,169.81,Dead,Maintain Algo,False,False,False,False,False,False,False,False,False,False,False,False,True,True,True,False,False,False,False,False,False,False,True,False,True,4
500222696,"SENSOR,VACUUM,HEATED,PED,BS-L,2,LEFT",0,0,0,169.81,Dead,Maintain Algo,False,False,False,False,False,False,False,False,False,False,False,False,True,False,False,False,False,False,False,False,False,False,True,False,True,2
500222697,CLEAN ONE-TOUCH CONNECTOR: KPQH10-02,0,0,0,16.2,Dead,Maintain Algo,False,False,False,False,False,False,False,False,False,False,False,False,True,True,True,True,False,False,False,False,False,False,False,False,True,4
500222698,CLEAN ONE-TOUCH CONNECTOR: KPQL06-02,0,0,0,9.9,Dead,Maintain Algo,False,False,False,False,False,False,False,False,False,False,False,False,True,True,True,True,False,False,False,False,False,False,False,False,True,4
500222699,MALE ELBOW,0,0,0,7.2,Dead,Maintain Algo,False,False,False,False,False,False,False,False,False,False,False,False,True,False,False,True,False,False,False,False,False,False,False,False,True,2
500222700,PLUG-IN REDUCER,0,0,0,4.5,Dead,Maintain Algo,False,False,False,False,False,False,False,False,False,False,False,False,True,True,True,True,False,False,False,False,False,False,False,False,True,4
500222701,2-2 SELECTOR M-VALVE VHK2-08F-08F,0,0,0,22.5,Dead,Maintain Algo,False,False,False,False,False,False,False,False,False,False,False,False,True,True,True,True,False,False,False,False,False,False,False,False,True,4
500222702,(PHS-L)HEATED PEDESTAL VAC SNR 1(L),0,0,0,169.81,Dead,Maintain Algo,False,False,False,False,False,False,False,False,False,False,False,False,True,True,True,False,False,False,False,False,False,False,True,False,True,4
500222703,"UNIT,AIR,SERVICE,AC40C-03",0,0,0,494.21,Dead,Maintain Algo,False,False,False,False,False,False,False,False,False,False,False,False,True,True,True,True,False,False,False,False,False,False,False,False,True,4
500222704,SILENCER AN20-02,0,0,0,10.8,Dead,Maintain Algo,False,False,False,False,False,False,False,False,False,False,False,False,True,True,True,True,False,False,False,False,False,False,False,False,True,4
500222705,SLIDE RAIL KC-252-12,0,0,0,36.04,Dead,Maintain Algo,False,False,False,False,False,False,False,False,False,False,False,False,True,True,True,True,False,False,False,False,False,False,True,False,True,5
500222706,EXH ONOFF FIX MOUNT,0,0,0,13.5,Dead,Maintain Algo,False,False,False,False,False,False,False,False,False,False,False,False,True,True,True,True,False,False,False,False,False,False,False,False,True,4
500222707,MALE ELBOW KQ2L10-03AS,0,0,0,14.4,Dead,Maintain Algo,False,False,False,False,False,False,False,False,False,False,False,False,True,True,True,True,False,False,False,False,False,False,False,False,True,4
500222708,TOOL-OPEARTED STYLE X-5675,0,0,0,18.9,Dead,Maintain Algo,False,False,False,False,False,False,False,False,False,False,False,False,True,False,False,True,False,False,False,False,False,False,False,False,True,2
500222709,AIR SUPPLY SERVICE UNIT PNEU FIX FRAME,0,0,0,140.4,Dead,Maintain Algo,False,False,False,False,False,False,False,False,False,False,False,False,True,True,True,True,False,False,False,False,False,False,False,False,True,4
500222710,AIR SUPPLY SERVICE UNIT PNEU FIX MOUNT,0,0,0,153.0,Dead,Maintain Algo,False,False,False,False,False,False,False,False,False,False,False,False,True,True,True,True,False,False,False,False,False,False,False,False,True,4
500222711,MAGNETIC CATCH FIX MOUNT,0,0,0,16.2,Dead,Maintain Algo,False,False,False,False,False,False,False,False,False,False,False,False,True,True,True,True,False,False,False,False,False,False,False,False,True,4
500222712,AIR SUPPLY SERVICE UNIT PNEU PANEL,0,0,0,50.4,Dead,Maintain Algo,False,False,False,False,False,False,False,False,False,False,False,False,True,True,True,True,False,False,False,False,False,False,False,False,True,4
500222713,AIR FILTER FIX MOUNT-2,0,0,0,43.2,Dead,Maintain Algo,False,False,False,False,False,False,False,False,False,False,False,False,True,True,True,True,False,False,False,False,False,False,False,False,True,4
500222714,AIR BOX E-CHAIN FIX MOUNT-1,0,0,0,43.2,Dead,Maintain Algo,False,False,False,False,False,False,False,False,False,False,False,False,True,True,True,True,False,False,False,False,False,False,False,False,True,4
500222715,AIR BEARING FILTER EXHAUST ON/OFF MOUNT,0,0,0,21.6,Dead,Maintain Algo,False,False,False,False,False,False,False,False,False,False,False,False,True,True,True,True,False,False,False,False,False,False,False,False,True,4
500222716,AIR FILTER FIX MOUNT-1,0,0,0,25.2,Dead,Maintain Algo,False,False,False,False,False,False,False,False,False,False,False,False,True,True,True,True,False,False,False,False,False,False,False,False,True,4
500222717,PNEU BOX LOWER SLIDE RALL FIX MOUNT-1,0,0,0,55.8,Dead,Maintain Algo,False,False,False,False,False,False,False,False,False,False,False,False,True,True,True,True,False,False,False,False,False,False,False,False,True,4
500222718,PNEU BOX LOWER SLIDE RALL FIX MOUNT-2,0,0,0,45.9,Dead,Maintain Algo,False,False,False,False,False,False,False,False,False,False,False,False,True,True,True,True,False,False,False,False,False,False,False,False,True,4
500222719,AIR SUPPLY PNEU DOOR PANEL,0,0,0,271.8,Dead,Maintain Algo,False,False,False,False,False,False,False,False,False,False,False,False,True,True,True,True,False,False,False,False,False,False,False,False,True,4
500222720,PNEU BOX LOCK MOUNT,0,0,0,13.5,Dead,Maintain Algo,False,False,False,False,False,False,False,False,False,False,False,False,True,True,True,True,False,False,False,False,False,False,False,False,True,4
500222721,AIR BEARING FLOWMETER MOUNT,0,0,0,31.5,Dead,Maintain Algo,False,False,False,False,False,False,False,False,False,False,False,False,True,True,True,True,False,False,False,False,False,False,False,False,True,4
500222722,PNEU TUBE FIX MOUNT,0,0,0,47.7,Dead,Maintain Algo,False,False,False,False,False,False,False,False,False,False,False,False,True,True,True,True,False,False,False,False,False,False,False,False,True,4
500222723,PREVENT WATER LEAK BOX-1,0,0,0,32.4,Dead,Maintain Algo,False,False,False,False,False,False,False,False,False,False,False,False,True,True,True,True,False,False,False,False,False,False,False,False,True,4
500222724,PREVENT WATER LEAK BOX FIX MOUNT,0,0,0,12.6,Dead,Maintain Algo,False,False,False,False,False,False,False,False,False,False,False,False,True,True,True,True,False,False,False,False,False,False,False,False,True,4
500222725,2 PIN 0.165 INCH PLUG MOUNT,0,0,0,13.5,Dead,Maintain Algo,False,False,False,False,False,False,False,False,False,False,False,False,True,True,True,True,False,False,False,False,False,False,False,False,True,4
500222726,PREVENT WATER LEAK BOX-2,0,0,0,29.7,Dead,Maintain Algo,False,False,False,False,False,False,False,False,False,False,False,False,True,True,True,True,False,False,False,False,False,False,False,False,True,4
500222727,PNEU BOX UPPER SLIDE RALL FIX MOUNT,0,0,0,69.3,Dead,Maintain Algo,False,False,False,False,False,False,False,False,False,False,False,False,True,True,True,True,False,False,False,False,False,False,False,False,True,4
500222728,AIR SUPPLY PNEU BOX MAIN SUPPORT PANEL,0,0,0,458.1,Dead,Maintain Algo,False,False,False,False,False,False,False,False,False,False,False,False,True,True,True,True,False,False,False,False,False,False,False,False,True,4
500222729,AIR/N2 SUPPLY SWITCH SOL MOUNT,0,0,0,29.7,Dead,Maintain Algo,False,False,False,False,False,False,False,False,False,False,False,False,True,True,True,True,False,False,False,False,False,False,False,False,True,4
500222730,AIR SUPPLY PNEU DOOR SUPPORT MOUNT,0,0,0,27.0,Dead,Maintain Algo,False,False,False,False,False,False,False,False,False,False,False,False,True,True,True,True,False,False,False,False,False,False,False,False,True,4
500222731,AIR SUPPLY PNEU BOX COVER,0,0,0,1269.0,Dead,Maintain Algo,False,False,False,False,False,False,False,False,False,False,False,False,True,True,True,True,False,False,False,False,False,False,False,False,True,4
500222732,PREVENT WATER LEAK BOX FIX MOUNT-2,0,0,0,13.5,Dead,Maintain Algo,False,False,False,False,False,False,False,False,False,False,False,False,True,True,True,True,False,False,False,False,False,False,False,False,True,4
500222733,MAGNETIC CATCH,0,0,0,32.4,Dead,Maintain Algo,False,False,False,False,False,False,False,False,False,False,False,False,True,True,True,True,False,False,False,False,False,False,False,False,True,4
500222734,(PENU)AIR SUPPLY I SWITCH,0,0,0,297.97,Dead,Maintain Algo,False,False,False,False,False,False,False,False,False,False,False,False,True,True,True,False,False,False,False,False,False,False,True,False,True,4
500222735,(PENU)AIR SUPPLY III SWITCH,0,0,0,297.97,Dead,Maintain Algo,False,False,False,False,False,False,False,False,False,False,False,False,True,True,True,False,False,False,False,False,False,False,True,False,True,4
500222736,(PENU)AIR SUPPLY II SWITCH,0,0,0,297.97,Dead,Maintain Algo,False,False,False,False,False,False,False,False,False,False,False,False,True,True,True,False,False,False,False,False,False,False,True,False,True,4
500222737,(PENU)N2 SUPPLY SWITCH,0,0,0,297.97,Dead,Maintain Algo,False,False,False,False,False,False,False,False,False,False,False,False,True,True,True,True,False,False,False,False,False,False,True,False,True,5
500222738,(PENU)N2 SUPPLY SWITCH 2,0,0,0,297.97,Dead,Maintain Algo,False,False,False,False,False,False,False,False,False,False,False,False,True,True,True,True,False,False,False,False,False,False,True,False,True,5
500222739,CLEAN ONE-TOUCH CONNECTOR: KPQL10-02,0,0,0,13.5,Dead,Maintain Algo,False,False,False,False,False,False,False,False,False,False,False,False,True,True,True,True,False,False,False,False,False,False,False,True,True,5
500222740,FEMALE ELBOW FITTING KQ2LF10-02A,0,0,0,9.61,Dead,Maintain Algo,False,False,False,False,False,False,False,False,False,False,False,False,True,False,True,False,False,False,False,False,False,False,False,True,True,3
500222741,SILENCER U-1/4,0,0,0,9.9,Active Moving,Increase Algo,False,False,False,False,False,False,False,False,False,False,False,False,False,False,False,True,False,False,False,False,False,False,False,False,False,1
500222742,"(CV) PANEL, ON/OFF VALVE MOUNT",0,0,0,12.6,Dead,Maintain Algo,False,False,False,False,False,False,False,False,False,False,False,False,True,True,True,True,False,False,False,False,False,False,False,False,True,4
500222743,2-WAY PARALLEL CONNECTOR,0,0,0,9.9,Dead,Maintain Algo,False,False,False,False,False,False,False,False,False,False,False,False,True,True,True,True,False,False,False,False,False,False,False,True,True,5
500222744,CLEAN ONE-TOUCH CONNECTOR: KPQL08-02,0,0,0,12.6,Dead,Maintain Algo,False,False,False,False,False,False,False,False,False,False,False,False,True,False,False,True,False,False,False,False,False,False,False,True,True,3
500222745,SMC MIST SEPARATOR AFM20-02-2-A,0,0,0,66.48,Dead,Maintain Algo,False,False,False,False,False,False,False,False,False,False,False,False,True,True,True,True,False,False,False,False,False,False,True,False,True,5
500222746,AIR DRYER IDG5-02-S,0,0,0,829.03,Dead,Maintain Algo,False,False,False,False,False,False,False,False,False,False,False,False,True,True,True,True,False,False,False,False,False,False,True,False,True,5
500222747,SMC SPACER WITH BRACKET,0,0,0,10.8,Dead,Maintain Algo,False,False,False,False,False,False,False,False,False,False,False,False,True,True,True,True,False,False,False,False,False,False,False,False,True,4
500222749,MIST SEPARATOR,0,0,0,60.47,Dead,Maintain Algo,False,False,False,False,False,False,False,False,False,False,False,False,True,True,True,True,False,False,False,False,False,False,True,False,True,5
500222750,AIR TANK SIDE COVER,0,0,0,54.0,Dead,Maintain Algo,False,False,False,False,False,False,False,False,False,False,False,False,True,True,True,True,False,False,False,False,False,False,False,False,True,4
500222751,AIR TANK INLET PANEL,0,0,0,30.6,Dead,Maintain Algo,False,False,False,False,False,False,False,False,False,False,False,False,True,True,True,True,False,False,False,False,False,False,False,False,True,4
500222752,AIR TANK OUTPUT PANEL,0,0,0,36.9,Dead,Maintain Algo,False,False,False,False,False,False,False,False,False,False,False,False,True,True,True,True,False,False,False,False,False,False,False,False,True,4
500222753,MID COVER,0,0,0,1126.8,Dead,Maintain Algo,False,False,False,False,False,False,False,False,False,False,False,False,True,True,True,True,False,False,False,False,False,False,False,False,True,4
500222754,STA FOR COVER/STRIP VAC SNR,0,0,0,382.87,Dead,Maintain Algo,False,False,False,False,False,False,False,False,False,False,False,False,True,False,False,False,False,False,False,False,False,False,True,False,True,2
500222755,BASE PLATE,0,0,0,460.8,Dead,Maintain Algo,False,False,False,False,False,False,False,False,False,False,False,False,True,True,True,True,False,False,False,False,False,False,False,False,True,4
500222756,AIR TANK VBAT10A1,0,0,0,650.7,Dead,Maintain Algo,False,False,False,False,False,False,False,False,False,False,False,False,True,True,True,True,False,False,False,False,False,False,False,False,True,4
500222757,(BS-L)HEATED PEDESTAL VAC SNR,0,0,0,428.4,Dead,Maintain Algo,False,False,False,False,False,False,False,False,False,False,False,False,True,True,True,True,False,False,False,False,False,False,False,False,True,4
500222758,(PHS-L)HEATED PEDESTAL VAC SNR,0,0,0,428.4,Dead,Maintain Algo,False,False,False,False,False,False,False,False,False,False,False,False,True,True,True,True,False,False,False,False,False,False,False,False,True,4
500222759,STA FLOW LEAKAGE DETECTION SWITCH,0,0,0,1070.93,Dead,Maintain Algo,False,False,False,False,False,False,False,False,False,False,False,False,True,True,True,False,False,False,False,False,False,False,True,False,True,4
500222760,"SOLENOID,VACUUM,CLEAN,STATION,BS-L,LEFT",0,0,0,131.36,Dead,Maintain Algo,False,False,False,False,False,False,False,False,False,False,False,False,True,True,True,False,False,False,False,False,False,False,False,True,True,4
500222761,"SOLENOID,VACUUM,CLEAN,STATION,BS-R,RIGHT",0,0,0,131.36,Dead,Maintain Algo,False,False,False,False,False,False,False,False,False,False,False,False,True,False,True,True,False,False,False,False,False,False,False,True,True,4
500222762,"SOLENOID,VACUUM,HT,PEDESTAL,BS-L,1,LEFT",0,0,0,131.36,Dead,Maintain Algo,False,False,False,False,False,False,False,False,False,False,False,False,True,False,False,True,False,False,False,False,False,True,False,False,True,3
500222763,"SOLENOID,VACUUM,HT,PEDESTAL,BS-L,2,LEFT",0,0,0,131.36,Dead,Maintain Algo,False,False,False,False,False,False,False,False,False,False,False,False,True,False,False,True,False,False,False,False,False,False,False,True,True,3
500222764,"SOLENOID,VACUUM,HT,PEDESTAL,BS-L,3,LEFT",0,0,0,131.36,Dead,Maintain Algo,False,False,False,False,False,False,False,False,False,False,False,False,True,False,True,True,False,False,False,False,False,False,False,True,True,4
500222765,"SOLENOID,VACUUM,HT,PEDESTAL,BS-R,1,RIGHT",0,0,0,131.36,Dead,Maintain Algo,False,False,False,False,False,False,False,False,False,False,False,False,True,False,False,True,False,False,False,False,False,False,True,True,True,4
500222766,"SOLENOID,VACUUM,HT,PEDESTAL,BS-R,2,RIGHT",0,0,0,131.36,Dead,Maintain Algo,False,False,False,False,False,False,False,False,False,False,False,False,True,False,True,True,False,False,False,False,False,False,True,True,True,5
500222767,"SOLENOID,VACUUM,HT,PEDESTAL,BS-L,4,LEFT",0,0,0,131.36,Dead,Maintain Algo,False,False,False,False,False,False,False,False,False,False,False,False,True,False,False,True,False,False,False,False,False,False,True,True,True,4
500222768,(BS-R)HT PEDESTAL VAC SOL 4(R),0,0,0,131.36,Dead,Maintain Algo,False,False,False,False,False,False,False,False,False,False,False,False,True,False,True,True,False,False,False,False,False,False,False,False,True,3
500222769,HETED PEDESTAL VAC DISPLAY(R),0,0,0,382.87,Dead,Maintain Algo,False,False,False,False,False,False,False,False,False,False,False,False,True,True,True,True,False,False,False,False,False,False,True,False,True,5
500222770,"SOLENOID,VACUUM,HT,PEDESTAL,BS-R,3,RIGHT",0,0,0,131.36,Dead,Maintain Algo,False,False,False,False,False,False,False,False,False,False,False,False,True,False,False,True,False,False,False,False,False,False,True,False,True,3
500222771,BH WEAK BLOW REGULATOR(ELEC),0,0,0,1049.31,Dead,Maintain Algo,False,False,False,False,False,False,False,False,False,False,False,False,True,False,False,True,False,False,False,False,False,False,False,False,True,2
500222772,HETED PEDESTAL VAC DISPLAY(L),0,0,0,382.87,Dead,Maintain Algo,False,False,False,False,False,False,False,False,False,False,False,False,True,True,True,True,False,False,False,False,False,False,True,False,True,5
500222773,(BS-L)CARRIAGE VAC PRELOAD FMT(L),0,0,0,804.2,Dead,Maintain Algo,False,False,False,False,False,False,False,False,False,False,False,False,True,True,True,True,False,False,False,False,False,False,True,False,True,5
500222774,(BS-R)CARRIAGE VAC PRELOAD FMT(R),0,0,0,804.2,Dead,Maintain Algo,False,False,False,False,False,False,False,False,False,False,False,False,True,True,True,True,False,False,False,False,False,False,True,False,True,5
500222775,(BS-R)BD STAGE AIR BEARING SOL(R),0,0,0,146.58,Dead,Maintain Algo,False,False,False,False,False,False,False,False,False,False,False,False,True,True,True,False,False,False,False,False,False,False,True,False,True,4
500222776,(BS-L)CARRIAGE VAC PRELOAD SOL(L),0,0,0,146.58,Dead,Maintain Algo,False,False,False,False,False,False,False,False,False,False,False,False,True,True,True,False,False,False,False,False,False,False,True,False,True,4
500222777,(BS-L)CARRIAGE VAC PRELOAD SWITCH(L),0,0,0,247.5,Dead,Maintain Algo,False,False,False,False,False,False,False,False,False,False,False,False,True,True,True,True,False,False,False,False,False,False,True,False,True,5
500222778,(BS-R)CARRIAGE VAC PRELOAD SWITCH(R),0,0,0,247.5,Dead,Maintain Algo,False,False,False,False,False,False,False,False,False,False,False,False,True,True,True,True,False,False,False,False,False,False,True,False,True,5
500222779,(BH)BH WEAK BLOW PRES SWITCH,0,0,0,297.97,Dead,Maintain Algo,False,False,False,False,False,False,False,False,False,False,False,False,True,True,True,True,False,False,False,False,False,False,True,False,True,5
500222780,(BH)IMPINGING COL PRESS SWITCH,0,0,0,297.97,Dead,Maintain Algo,False,False,False,False,False,False,False,False,False,False,False,False,True,False,False,True,False,False,False,False,False,False,True,False,True,3
500222781,(BH)VCM AIR BEARING SWITCH,0,0,0,297.97,Dead,Maintain Algo,False,False,False,False,False,False,False,False,False,False,False,False,True,True,True,False,False,False,False,False,False,False,True,False,True,4
500222782,(BH)Z COLUMN AIR BEARING PRESS?SWITCH,0,0,0,297.97,Dead,Maintain Algo,False,False,False,False,False,False,False,False,False,False,False,False,True,True,True,False,False,False,False,False,False,False,False,False,True,3
500222783,(BH)COOLING BLOCK PRESS SWITCH,0,0,0,297.97,Dead,Maintain Algo,False,False,False,False,False,False,False,False,False,False,False,False,True,True,True,True,False,False,False,False,False,False,True,False,True,5
500222784,NOZZLE CHANGE DISPLAY,0,0,0,299.57,Dead,Maintain Algo,False,False,False,False,False,False,False,False,False,False,False,False,True,False,False,True,False,False,False,False,False,False,True,False,True,3
500222786,BULKHEAD UNION,0,0,0,9.0,Dead,Maintain Algo,False,False,False,False,False,False,False,False,False,False,False,False,True,True,True,True,False,False,False,False,False,False,False,False,True,4
500222787,SPEED CONTROLLER AS2051F-06-3,0,0,0,36.04,Dead,Maintain Algo,False,False,False,False,False,False,False,False,False,False,False,False,True,True,True,True,False,False,False,False,False,False,True,False,True,5
500222788,VACUUM REGULATOR IRV10-LC08,0,0,0,170.61,Dead,Maintain Algo,False,False,False,False,False,False,False,False,False,False,False,False,True,True,True,False,False,False,False,False,False,False,True,False,True,4
500224527,SPECTRUM WEIGHT SCALE ASSEMBLY,0,0,0,3725.6,Dead,Maintain Algo,False,False,False,False,False,False,False,False,False,False,False,False,True,True,True,True,False,False,False,False,False,False,True,False,True,5
500229031,WHITE PILOT LIGHT HEAD FOR LED,0,0,0,16.28,Dead,Maintain Algo,False,False,False,False,False,False,False,False,False,False,False,False,True,True,True,True,False,False,False,False,False,False,False,False,True,4
500229563,FILTER DISC CPL./CPP,0,0,0,3.2,Dead,Maintain Algo,False,False,False,False,False,False,False,False,False,False,False,False,True,False,False,True,False,False,False,False,False,False,True,False,True,3
500229829,SS SOCKET CSK HD M3X8 HEX SCREW,1,0,0,0.17,Dead,Decrease Algo,False,False,False,False,False,False,False,False,False,False,False,False,True,False,False,True,False,False,False,False,False,False,True,True,True,4
500230162,(DPA) NOZZLE 28XX RUBBER TIP 4.06X8.13,1,0,0,575.5,Dead,Decrease Algo,False,False,False,False,False,False,False,False,False,False,False,False,True,True,False,False,False,False,False,False,False,False,True,True,True,4
500231923,MALE CONNECTOR,0,0,0,3.6,Dead,Maintain Algo,False,False,False,False,False,False,False,False,False,False,False,False,True,True,True,True,False,False,False,False,False,False,False,False,True,4
500236579,"(IES) CDS, SEAL A FOR EXT. DUCT",0,0,0,15.3,Dead,Maintain Algo,False,False,False,False,False,False,False,False,False,False,False,False,True,False,True,True,False,False,False,False,False,False,True,False,True,4
500236580,"(IES) CDS, IO SEAL",0,0,0,15.3,Dead,Maintain Algo,False,False,False,False,False,False,False,False,False,False,False,False,True,False,True,True,False,False,False,False,False,False,True,False,True,4
500236581,"(IES) CDS, SEAL C FOR EXT. DUCT",0,0,0,15.3,Dead,Maintain Algo,False,False,False,False,False,False,False,False,False,False,False,False,True,False,True,True,False,False,False,False,False,False,True,False,True,4
500236582,"(IES) EXH, WINDOW SEAL FOR CDS-G2",0,0,0,15.3,Dead,Maintain Algo,False,False,False,False,False,False,False,False,False,False,False,False,True,False,True,True,False,False,False,False,False,False,True,False,True,4
500236583,(IES) CDS SEAL FOR FRONT COVER,0,0,0,15.3,Dead,Maintain Algo,False,False,False,False,False,False,False,False,False,False,False,False,True,False,True,True,False,False,False,False,False,False,True,False,True,4
500236584,FLUX CDS GROMMET (SEAL A/B),0,0,0,15.3,Dead,Maintain Algo,False,False,False,False,False,False,False,False,False,False,False,False,True,False,True,True,False,False,False,False,False,False,True,False,True,4
500236918,PIN EXTRACTOR,3,2,0,19.37,Active Moving,Decrease Algo,False,False,False,False,False,False,False,False,False,False,False,False,False,False,False,True,False,False,False,False,False,False,False,False,False,1
500237418,SMC BARB FITTING,0,0,0,13.5,Dead,Maintain Algo,False,False,False,False,False,False,False,False,False,False,False,False,True,False,False,True,False,False,False,False,False,False,False,False,True,2
500237420,SILICONE SUCTION CUP 2.5MM,200,150,50,2.45,Active Moving,Increase Algo,False,False,False,False,False,False,False,False,False,False,False,False,False,False,False,True,False,False,False,False,False,False,False,False,False,1
500240189,"FILTER,99.99%,0.3UM,570X570X69MM",0,0,0,527.45,Dead,Maintain Algo,False,False,False,False,False,False,False,False,False,False,False,False,True,False,False,True,False,False,False,False,False,False,False,False,True,2
500240191,VAC. PUMP FILTER (NPK 0100),0,0,0,86.5,Dead,Maintain Algo,False,False,False,False,False,False,False,False,False,False,False,False,True,True,True,True,False,False,False,False,False,False,True,False,True,5
500240200,MINI KEYBOARD USB,0,0,0,16.02,Dead,Maintain Algo,False,False,False,False,False,False,False,False,False,False,False,False,True,False,False,True,False,False,False,False,False,False,False,False,True,2
500240430,"SPRING,GAS,A4A4H52-115-347?0XX,700",0,0,0,90.51,Active Moving,Increase Algo,False,False,False,False,False,False,False,False,False,False,False,False,False,False,False,True,False,False,False,False,False,False,False,False,False,1
500240825,FUSE TR5 T 5A 250V,0,0,0,2.22,Dead,Maintain Algo,False,False,False,False,False,False,False,False,False,False,False,False,True,True,True,True,False,False,False,False,False,False,False,False,True,4
500240827,FUSE 10A 250V SLO-BLO             [44B4],1,0,0,3.0,Dead,Decrease Algo,False,False,False,False,False,False,False,False,False,False,False,False,False,False,False,True,False,False,False,False,False,False,True,True,False,3
500244823,GAS SPRING D3D3-52-165-407/170N,0,0,0,67.05,Dead,Maintain Algo,False,False,False,False,False,False,False,False,False,False,False,False,True,True,True,True,False,False,False,False,False,False,True,False,True,5
500244824,GAS SPRING J4J4-50-150-398-350N,0,0,0,112.5,Dead,Maintain Algo,False,False,False,False,False,False,False,False,False,False,False,False,True,False,True,True,False,False,False,False,False,False,True,False,True,4
500245048,"TCB NOZZLE BDX EP HCC U1, 1826X2553, CVD",0,0,0,12000.0,Dead,Maintain Algo,False,False,False,False,False,False,False,False,False,False,False,False,True,True,True,True,False,False,False,False,False,False,False,False,True,4
500247998,SMPS-11 SWITCH MODE POWER SUPPLY ASSY.,0,0,0,1505.88,Dead,Maintain Algo,False,False,False,False,False,False,False,False,False,False,False,False,True,False,True,True,False,False,False,False,False,False,False,False,True,3
500247999,N2 PURGE AND DIFFUSER SWITCHING SOLENOID,0,0,0,110.53,Dead,Maintain Algo,False,False,False,False,False,False,False,False,False,False,False,False,True,False,False,True,False,False,False,False,False,False,True,False,True,3
500248000,2500VA  XFM BOX ASSY,0,0,0,1095.76,Dead,Maintain Algo,False,False,False,False,False,False,False,False,False,False,False,False,True,False,True,True,False,False,False,False,False,False,False,False,True,3
500248088,GASKET FOR DOOR FC-779-1-1,0,0,0,8.46,Dead,Maintain Algo,False,False,False,False,False,False,False,False,False,False,False,False,True,False,False,True,False,False,False,False,False,False,False,False,True,2
500248089,EMO PB RED MUSHROOM (52-00082),0,0,0,23.4,Dead,Maintain Algo,False,False,False,False,False,False,False,False,False,False,False,False,True,False,True,True,False,False,False,False,False,False,True,False,True,4
500248090,PRECISION HEIGHT CONTROL VALVES W/ METER,0,0,0,1692.0,Dead,Maintain Algo,False,False,False,False,False,False,False,False,False,False,False,False,True,False,True,True,False,False,False,False,False,False,True,False,True,4
500248091,KVM LAMP CABLE ASSY,0,0,0,22.42,Dead,Maintain Algo,False,False,False,False,False,False,False,False,False,False,False,False,True,False,True,True,False,False,False,False,False,False,True,False,True,4
500248092,OT Y MOVING END COVER-03,0,0,0,108.0,Dead,Maintain Algo,False,False,False,False,False,False,False,False,False,False,False,False,True,False,True,True,False,False,False,False,False,False,False,False,True,3
500248756,VACUUM SEAL PRESSOR V2,0,0,0,3.6,Dead,Maintain Algo,False,False,False,False,False,False,False,False,False,False,False,False,True,True,True,True,False,False,False,False,False,False,True,False,True,5
500248757,NEW VACUUM SEAL (ID 4MM),0,0,0,12.6,Dead,Maintain Algo,False,False,False,False,False,False,False,False,False,False,False,False,True,False,True,True,False,False,False,False,False,False,True,False,True,4
500250013,TMS HTR DDPE 080D 080L MON,0,0,0,5651.5,Dead,Maintain Algo,False,False,False,False,False,False,False,False,False,False,False,False,True,False,True,True,False,False,False,False,False,False,False,False,True,3
500250325,DISPOSABLE IN-LINE AIR FILTER NON-ELEC,1,0,0,18.88,Dead,Decrease Algo,False,False,False,False,False,False,False,False,False,False,False,False,True,False,False,True,False,False,False,False,False,False,True,True,True,4
500250632,CAH ND POWER CABLE2,0,0,0,16.02,Dead,Maintain Algo,False,False,False,False,False,False,False,False,False,False,False,False,True,True,True,True,False,False,False,False,False,False,False,False,True,4
500250633,"PWR&CTRL TO CAH SMPS, LT CABLE2",0,0,0,19.58,Dead,Maintain Algo,False,False,False,False,False,False,False,False,False,False,False,False,True,True,True,True,False,False,False,False,False,False,False,False,True,4
500250634,SMPS#5 AC INPUT PWR CABLE ASSY,0,0,0,10.89,Dead,Maintain Algo,False,False,False,False,False,False,False,False,False,False,False,False,True,True,True,True,False,False,False,False,False,False,False,False,True,4
500250643,DFH 24V PWR&LT&TRI CABLE2,0,0,0,35.6,Dead,Maintain Algo,False,False,False,False,False,False,False,False,False,False,False,False,True,False,False,True,False,False,False,False,False,False,True,False,True,3
500250705,"INERT,FRONT,DOOR,RIGHT",0,0,0,1001.25,Dead,Maintain Algo,False,False,False,False,False,False,False,False,False,False,False,False,True,False,False,True,False,False,False,False,False,False,False,False,True,2
500252781,NOZZLE CVD 1647X0904-B-P-S-05,0,0,0,10000.0,Dead,Maintain Algo,False,False,False,False,False,False,False,False,False,False,False,False,True,True,True,True,False,False,False,False,False,False,False,False,True,4
500252783,NOZZLE CVD 0373X1139-B-P-S-05,0,0,0,10000.0,Dead,Maintain Algo,False,False,False,False,False,False,False,False,False,False,False,False,True,True,True,True,False,False,False,False,False,False,False,False,True,4
500253610,"FERRITE,SNAP-ON,7MM DIA",0,0,0,2.25,Dead,Maintain Algo,False,False,False,False,False,False,False,False,False,False,False,False,True,False,False,False,False,False,False,False,False,False,True,False,True,2
500253774,"CUP,SUCTION,STA,1.5MM,SMC",1,0,0,1.87,Dead,Decrease Algo,False,False,False,False,False,False,False,False,False,False,False,False,True,False,False,True,False,False,False,False,False,False,True,True,True,4
500255236,WD20 1X FOV3.8X2.8 TELE LENS (REAR),0,0,0,4806.0,Dead,Maintain Algo,False,False,False,False,False,False,False,False,False,False,False,False,True,False,False,True,False,False,False,False,False,False,True,False,True,3
500255237,SMPS 1KW UNIV>MOTOR POWER,0,0,0,2326.1,Dead,Maintain Algo,False,False,False,False,False,False,False,False,False,False,False,False,True,False,False,False,False,False,False,False,False,False,True,False,True,2
500255239,BH MICROE ENCODER CABLE ASSY,1,0,0,768.96,Dead,Decrease Algo,False,False,False,False,False,False,False,False,False,False,False,False,False,False,False,True,False,False,False,False,False,False,True,True,False,3
500255240,SILENCER AN10-C06,0,0,0,10.41,Dead,Maintain Algo,False,False,False,False,False,False,False,False,False,False,False,False,False,False,False,True,False,False,False,False,False,False,True,False,False,2
500257184,Sensor for Exhaust Air Flow,0,0,0,244.22,Dead,Maintain Algo,False,False,False,False,False,False,False,False,False,False,False,False,True,True,True,True,False,False,False,False,False,False,False,False,True,4
500258849,LNPS 230V ND AUTO OFF W SF START,0,0,0,2583.22,Dead,Maintain Algo,False,False,False,False,False,False,False,False,False,False,False,False,True,False,True,True,False,False,False,False,False,False,True,False,True,4
500258850,LNPS 7KVA 110V&40V&220V REMOTE-NO MCB,0,0,0,2864.37,Dead,Maintain Algo,False,False,False,False,False,False,False,False,False,False,False,False,False,False,False,True,False,False,False,False,False,False,False,False,False,1
500258851,58-35117 ASSY,0,0,0,780.97,Dead,Maintain Algo,False,False,False,False,False,False,False,False,False,False,False,False,True,True,True,False,False,False,False,False,False,False,False,False,True,3
500258852,(STA)SUBSTRATE TRANSFER ARM Y ENC ASSY,0,0,0,839.44,Dead,Maintain Algo,False,False,False,False,False,False,False,False,False,False,False,False,True,True,True,False,False,False,False,False,False,False,False,False,True,3
500258853,STA-L PICKHEAD INTERFACE ASSY,0,0,0,752.94,Dead,Maintain Algo,False,False,False,False,False,False,False,False,False,False,False,False,True,False,True,True,False,False,False,False,False,False,True,False,True,4
500258854,BONDSTAGE PEDESTAL HEATER ZONE 1,0,0,0,438.3,Dead,Maintain Algo,False,False,False,False,False,False,False,False,False,False,False,False,True,False,False,True,False,False,False,False,False,False,False,False,True,2
500258855,LEFT WORKCHUCK X MOTOR COIL,0,0,0,560.7,Dead,Maintain Algo,False,False,False,False,False,False,False,False,False,False,False,False,True,True,True,False,False,False,False,False,False,False,True,False,True,4
500258856,ESIO7,0,0,0,474.19,Dead,Maintain Algo,False,False,False,False,False,False,False,False,False,False,False,False,True,True,True,False,False,False,False,False,False,False,False,False,True,3
500258857,BH COOLING BLOCK OFA AND N2 SWITCH SOL,1,0,0,109.73,Active Moving,Maintain Algo,False,False,False,False,False,False,False,False,False,False,False,False,False,False,False,True,False,False,False,False,False,False,False,False,False,1
500258858,(COS-L)COS-L TOP CLAMP SOL,0,0,0,126.55,Dead,Maintain Algo,False,False,False,False,False,False,False,False,False,False,False,False,True,True,True,False,False,False,False,False,False,False,False,False,True,3
500258859,(BS-L)HT WC COOLING SOL(L),0,0,0,108.13,Dead,Maintain Algo,False,False,False,False,False,False,False,False,False,False,False,False,True,True,True,False,False,False,False,False,False,False,True,False,True,4
500258860,(COS-L)COS-L PUSHER SOL,0,0,0,100.12,Dead,Maintain Algo,False,False,False,False,False,False,False,False,False,False,False,False,True,True,True,False,False,False,False,False,False,False,False,False,True,3
500258861,DFH BH NOZZLE BANK PLATE 20XX V2,1,0,0,97.72,Dead,Decrease Algo,False,False,False,False,False,False,False,False,False,False,False,False,True,True,True,False,False,False,False,False,False,False,True,True,True,5
500258862,DFH BH NOZZLE BANK PLATE 28XX V2,1,0,0,97.72,Dead,Decrease Algo,False,False,False,False,False,False,False,False,False,False,False,False,True,True,True,False,False,False,False,True,False,False,True,False,True,5
500258863,(BS-L)HT WC COOLING FLOWMETER(L),0,0,0,1314.0,Dead,Maintain Algo,False,False,False,False,False,False,False,False,False,False,False,False,True,True,True,False,False,False,False,False,False,False,False,False,True,3
500258864,OMRON ELEC. ASSY,0,0,0,2414.21,Dead,Maintain Algo,False,False,False,False,False,False,False,False,False,False,False,False,True,True,True,False,False,False,False,False,False,False,False,False,True,3
500259297,HW MID STEP MTR CABLE ASSY,0,0,0,100.92,Dead,Maintain Algo,False,False,False,False,False,False,False,False,False,False,False,False,True,False,True,True,False,False,False,False,False,False,True,False,True,4
500259598,IN-LINE AIR FILTER ZFC77B,0,0,0,28.83,Dead,Maintain Algo,False,False,False,False,False,False,False,False,False,False,False,False,True,False,False,False,False,False,False,False,False,False,False,False,True,1
500260179,BANK 1 WITH KINEMATICS ASSY (28X19),0,0,0,640.8,Dead,Maintain Algo,False,False,False,False,False,False,False,False,False,False,False,False,True,False,True,False,False,False,False,False,False,False,True,False,True,3
500260180,BANK 2 WITH KINEMATICS ASSY (28X19),0,0,0,640.8,Dead,Maintain Algo,False,False,False,False,False,False,False,False,False,False,False,False,True,False,True,True,False,False,False,False,False,False,False,False,True,3
500260181,OFA/N2 SWITCH SOLECOID,0,0,0,140.17,Dead,Maintain Algo,False,False,False,False,False,False,False,False,False,False,False,False,True,False,False,True,False,False,False,False,False,False,True,False,True,3
500260182,USB KVM SWITCH BOARD,0,0,0,221.07,Dead,Maintain Algo,False,False,False,False,False,False,False,False,False,False,False,False,True,False,True,True,False,False,False,False,False,False,True,False,True,4
500260183,DPA CAM AND LT CABLE V2,0,0,0,208.26,Dead,Maintain Algo,False,False,False,False,False,False,False,False,False,False,False,False,True,False,True,True,False,False,False,False,False,False,True,False,True,4
500260227,"ASSY,SCALE W/ELECT,S-932",0,0,0,5841.81,Active Moving,Increase Algo,False,False,False,False,False,False,False,False,False,False,False,False,False,False,False,True,False,False,False,False,False,False,False,False,False,1
500260397,SPECTRUM WEIGHT SCALE ASSEMBLY,0,0,0,6955.76,Dead,Maintain Algo,False,False,False,False,False,False,False,False,False,False,False,False,False,False,False,True,False,False,False,False,False,False,False,False,False,1
500262533,"BRUSH, BRISTLE BRASS, L=101.6MM",0,0,0,16.02,Dead,Maintain Algo,False,False,False,False,False,False,False,False,False,False,False,False,True,False,False,True,False,False,False,False,False,False,False,False,True,2
500266565,"FLOWMETER, 50-500SCFH, W/VALVE",0,0,0,271.0,Dead,Maintain Algo,False,False,False,False,False,False,False,False,False,False,False,False,True,True,True,True,False,True,True,False,False,False,False,False,True,6
500266693,MBHZ ENC FLEX CABLE,0,0,0,72.54,Dead,Maintain Algo,False,False,False,False,False,False,False,False,False,False,False,False,True,False,False,True,False,False,False,False,False,False,False,False,True,2
500266694,MBH Z FLEX MTR CABLE,0,0,0,56.07,Dead,Maintain Algo,False,False,False,False,False,False,False,False,False,False,False,False,True,False,False,True,False,False,False,False,False,False,False,False,True,2
500266975,BS TC CONN FLEX CABLE,0,0,0,23.4,Dead,Maintain Algo,False,False,False,False,False,False,False,False,False,False,False,False,True,False,False,True,False,False,False,False,False,False,True,False,True,3
500266976,BS TC CABLE ASSY,0,0,0,79.0,Dead,Maintain Algo,False,False,False,False,False,False,False,False,False,False,False,False,True,False,False,True,False,False,False,False,False,False,True,False,True,3
500267829,MOP BD PWR CABLE,0,0,0,16.02,Dead,Maintain Algo,False,False,False,False,False,False,False,False,False,False,False,False,True,False,True,True,False,False,False,False,False,False,True,False,True,4
500267830,DPA MOP LINK FLEX CABLE,0,0,0,188.23,Dead,Maintain Algo,False,False,False,False,False,False,False,False,False,False,False,False,True,False,False,True,False,False,False,False,False,False,True,False,True,3
500267831,DPA PICK ARM T MTR FLEX CABLE,0,0,0,72.0,Dead,Maintain Algo,False,False,False,False,False,False,False,False,False,False,False,False,True,False,False,True,False,False,False,False,False,False,True,False,True,3
500268051,NOZZLE 3400X2400-W-N-L-0-A-YYMMDD-AXXXX,0,0,0,1000.0,Dead,Maintain Algo,False,False,False,False,False,False,False,False,False,False,False,False,True,True,True,True,False,False,False,False,False,False,False,False,True,4
500270119,Bank 3 with Kinematics Assy (28X19),0,0,0,640.8,Dead,Maintain Algo,False,False,False,False,False,False,False,False,False,False,False,False,True,False,True,True,False,False,False,False,False,False,False,False,True,3
500270120,Soft Polyurethane Tube Tus,1,0,0,2.67,Dead,Maintain Algo,False,False,False,False,False,False,False,False,False,False,False,False,False,False,False,False,False,False,False,False,False,False,True,True,False,2
500271211,TCB NOZZLE SKX-XCC U1 CVD,0,0,0,12000.0,Dead,Maintain Algo,False,False,False,False,False,False,False,False,False,False,False,False,True,False,True,True,False,False,False,False,False,False,False,False,True,3
500271740,ADJUST BRACKET,0,0,0,115.34,Dead,Maintain Algo,False,False,False,False,False,False,False,False,False,False,False,False,True,False,True,True,False,False,False,False,False,False,True,False,True,4
500272372,Flap cpl./foil disposal X44,0,0,0,21.55,Dead,Maintain Algo,False,False,False,False,False,True,True,False,False,False,False,False,True,False,False,True,False,False,False,False,False,False,True,False,True,5
500273593,"DOOR SWITCH,SAFETY,ASM,BONDER",0,0,0,205.85,Dead,Maintain Algo,False,False,False,False,False,False,False,False,False,False,False,False,True,False,False,True,False,False,False,False,False,False,True,False,True,3
500273822,"REDUCER,NPT 1"" X NPT 3/4""",0,0,0,29.47,Dead,Maintain Algo,False,False,False,False,False,False,False,False,False,False,False,False,True,True,True,True,False,False,False,False,False,False,False,False,True,4
500282545,NOZZLE CVD 0445X0993-B-P-S-05,0,0,0,10000.0,Dead,Maintain Algo,False,False,False,False,False,False,False,False,False,False,False,False,True,True,True,True,False,False,False,False,False,False,False,False,True,4
500283722,HVMOTX MOTOR COIL ASSY,0,0,0,576.72,Dead,Maintain Algo,False,False,False,False,False,False,False,False,False,False,False,False,True,False,False,True,False,False,False,False,False,False,False,False,True,2
500284211,VAC. PUMP 4.68-80-250,0,0,0,3203.19,Dead,Maintain Algo,False,False,False,False,False,False,False,False,False,False,False,False,True,True,True,True,False,False,False,False,False,False,True,False,True,5
500284214,RLY-SUPPORT PYC-A1 36MM HEIGHT,0,0,0,0.8,Dead,Maintain Algo,False,False,False,False,False,False,False,False,False,False,False,False,True,True,True,True,False,False,False,False,False,False,True,False,True,5
500284215,RLY-SAFETY 4PNO 24VDC PNOZ S5,0,0,0,822.62,Dead,Maintain Algo,False,False,False,False,False,False,False,False,False,False,False,False,True,True,True,True,False,False,False,False,False,False,False,False,True,4
500284221,NU USG CONNECTION CABLE ASSY,0,0,0,91.31,Dead,Maintain Algo,False,False,False,False,False,False,False,False,False,False,False,False,True,True,True,False,False,False,False,False,False,False,False,False,True,3
500290651,HEPA FILTER FRONT STOPPER L,0,0,0,113.5,Dead,Maintain Algo,False,False,False,False,False,False,False,False,False,False,False,False,True,False,True,True,False,False,False,False,False,False,True,False,True,4
500290652,HEPA FILTER FRONT STOPPER R,0,0,0,113.5,Dead,Maintain Algo,False,False,False,False,False,False,False,False,False,False,False,False,True,False,True,True,False,False,False,False,False,False,True,False,True,4
500290650,FSL T58W FLUORESCENT LIGHT,1,0,0,4.2788,Active Moving,Maintain Algo,False,False,False,False,False,False,False,False,False,False,False,False,False,False,False,True,False,False,False,False,False,False,False,False,False,1
500291033,TCB NOZZLE SKX-HCC U1 CVD,0,0,0,12000.0,Dead,Maintain Algo,False,False,False,False,False,False,False,False,False,False,False,False,True,True,True,False,False,False,False,False,False,False,False,False,True,3
500298454,ENERGY-DATA INTERFACE CPL. /X-SERIES,0,0,0,18.52,Dead,Maintain Algo,False,False,False,False,False,True,True,False,False,False,False,False,True,False,False,True,False,False,False,False,False,False,True,False,True,5
500298457,PCB/EDIF  SECONDARY IRDA BOARD,0,0,0,26.14,Dead,Maintain Algo,False,False,False,False,False,False,False,False,False,False,False,False,True,False,True,True,False,False,False,False,False,False,True,False,True,4
500298461,LEVER/OPENER PICKUP WINDOW X16-88,1,0,0,11.91,Dead,Decrease Algo,False,False,False,False,False,False,False,False,False,False,False,False,True,False,False,True,False,True,True,False,False,False,True,True,True,6
500298467,FILLING CLIP /16-88  PSA  10 PCS,1,0,0,5.04,Dead,Decrease Algo,False,False,False,False,False,False,False,False,False,False,False,False,True,False,False,True,False,True,True,False,False,False,True,True,True,6
500298469,FLAP CPL / FOIL DISPOSAL X32,0,0,0,20.33,Dead,Maintain Algo,False,False,False,False,False,True,True,False,False,False,False,False,True,False,False,True,False,False,False,False,False,False,True,False,True,5
500300144,SOFT SILICON TUBE OD=18MM ID=12MM,0,0,0,44.95,Dead,Maintain Algo,False,False,False,False,False,False,False,False,False,False,False,False,True,False,False,True,False,False,False,False,False,False,False,False,True,2
500300623,ADJUSTMENT PEDESTAL,0,0,0,2191.62,Dead,Maintain Algo,False,False,False,False,False,False,False,False,False,False,False,False,True,False,False,True,False,False,False,False,False,False,False,False,True,2
500300624,3MM X3MM PROBE NOZZLE,0,0,0,300.0,Dead,Maintain Algo,False,False,False,False,False,False,False,False,False,False,False,False,True,False,False,True,False,False,False,False,False,False,False,False,True,2
500302601,CHARGE AMPLIFIER 5039A 500PC,1,0,0,3560.0,Dead,Decrease Algo,False,False,False,False,False,False,False,False,False,False,False,False,False,False,False,True,False,False,False,False,False,False,True,True,False,3
500302604,SHIM 0.09MM,0,0,0,32.13,Dead,Maintain Algo,False,False,False,False,False,False,False,False,False,False,False,False,True,False,False,True,False,False,False,False,False,False,False,True,True,3
500302606,SHIM 0.07MM,0,0,0,22.44,Active Moving,Increase Algo,False,False,False,False,False,False,False,False,False,False,False,False,False,False,False,True,False,False,False,False,False,False,False,False,False,1
500302607,SHIM 0.1MM,0,0,0,19.38,Active Moving,Increase Algo,False,False,False,False,False,False,False,False,False,False,False,False,False,False,False,True,False,False,False,False,False,False,False,False,False,1
500302608,SHIM RING CIMRS5-10-0.01,0,0,0,4.45,Dead,Maintain Algo,False,False,False,False,False,False,False,False,False,False,False,False,True,False,False,True,False,False,False,False,False,False,True,False,True,3
500302609,SHIM RING CIMRS5-10-0.02,0,0,0,4.45,Dead,Maintain Algo,False,False,False,False,False,False,False,False,False,False,False,False,True,False,False,False,False,False,False,False,False,False,False,False,True,1
500302611,SHIM RING CIMRS5-10-0.1,0,0,0,4.45,Dead,Maintain Algo,False,False,False,False,False,False,False,False,False,False,False,False,True,False,False,True,False,False,False,False,False,False,False,False,True,2
500302615,SHIM 0.03MM,0,0,0,32.13,Dead,Maintain Algo,False,False,False,False,False,False,False,False,False,False,False,False,True,False,False,True,False,False,False,False,False,False,False,True,True,3
500302666,FUSED SILICA OPTICAL WINDOW D12.5,0,0,0,65.68,Dead,Maintain Algo,False,False,False,False,False,False,False,False,False,False,False,False,True,False,True,True,False,False,False,False,False,False,True,False,True,4
500303281,APC REPLACEMENT BATTERY CARTRIDGE #140,1,0,0,1881.58,Active Moving,Increase Algo,False,False,False,False,False,False,False,False,False,False,False,False,False,False,False,True,False,False,False,False,False,False,False,False,False,1
500303571,FILTER ELEMENT ZFC77,1,0,0,20.72,Active Moving,Increase Algo,False,False,False,False,False,False,False,False,False,False,False,False,False,False,False,True,False,False,False,False,False,False,False,False,False,1
500303805,FITTING (KQ2P-06),0,0,0,1.8,Dead,Maintain Algo,False,False,False,False,False,False,False,False,False,False,False,False,True,False,False,False,False,False,False,False,False,False,False,True,True,2
500303806,(AT) ADAPTOR FOR TUBE D6,0,0,0,100.0,Dead,Maintain Algo,False,False,False,False,False,False,False,False,False,False,False,False,True,True,True,True,False,False,False,False,False,False,False,False,True,4
500308254,I/P SHUT OT  Z MTR FLEX CABLE,0,0,0,36.0,Dead,Maintain Algo,False,False,False,False,False,False,False,False,False,False,False,False,True,True,True,True,False,False,False,False,False,False,True,False,True,5
500308255,Y SHUTTLE OT TABLE X ENC FLEX ASSY,0,0,0,36.0,Dead,Maintain Algo,False,False,False,False,False,False,False,False,False,False,False,False,True,True,True,True,False,False,False,False,False,False,True,False,True,5
500308256,I/P SHUT OT  X MTR FLEX CABLE,0,0,0,36.0,Dead,Maintain Algo,False,False,False,False,False,False,False,False,False,False,False,False,True,True,True,True,False,False,False,False,False,False,True,False,True,5
500308257,I/P SHUT ENC FLEX CABLE,0,0,0,36.0,Dead,Maintain Algo,False,False,False,False,False,False,False,False,False,False,False,False,True,True,True,True,False,False,False,False,False,False,True,False,True,5
500310519,"BAR-POP-U1-500-SIC,40121",0,0,0,3000.0,Dead,Maintain Algo,False,False,False,False,False,False,False,False,False,False,False,False,True,True,True,True,False,False,False,False,False,False,False,False,True,4
500311819,AKBEW (MAGNET TOP PLATE VER) UGK,0,0,0,1400.0,Dead,Maintain Algo,False,False,False,False,False,False,False,False,False,False,False,False,True,False,False,True,False,False,False,False,False,False,True,False,True,3
500311823,ROD ASSY,0,0,0,101.0,Dead,Increase Algo,False,False,False,False,False,False,False,False,False,False,False,False,False,False,False,True,False,False,False,False,False,False,True,True,False,3
500312458,RELA LINEAR SCALE ML=20MM,0,0,0,576.0,Dead,Maintain Algo,False,False,False,False,False,False,False,False,False,False,False,False,True,True,True,True,False,False,False,False,False,False,False,False,True,4
500312770,"BS PEDESTAL ASSY (BDW, ULT) (40X24X0.17)",0,0,0,9800.0,Dead,Maintain Algo,False,False,False,False,False,False,False,False,False,False,False,False,True,True,True,True,False,False,False,False,False,False,False,False,True,4
500312771,STA PICKHEAD ASSY SET (BDW),0,0,0,3650.0,Dead,Maintain Algo,False,False,False,False,False,False,False,False,False,False,False,False,True,True,True,False,False,False,False,False,False,False,False,False,True,3
500312773,STA PICKHEAD ASSY SET (ANNIE),1,0,0,7200.0,Dead,Decrease Algo,False,False,False,False,False,False,False,False,False,False,False,False,True,True,True,False,False,False,False,False,False,False,True,True,True,5
500312774,PEDESTAL -SKL ULT 2+2,0,0,0,9800.0,Dead,Maintain Algo,False,False,False,False,False,False,False,False,False,False,False,False,True,False,True,True,False,False,False,False,False,False,False,False,True,3
500312776,BS PEDESTAL ASSY (ND5) 50X50X0.17,0,0,0,9800.0,Dead,Maintain Algo,False,False,False,False,False,False,False,False,False,False,False,False,True,True,True,True,False,False,False,False,False,False,False,False,True,4
500312777,STA PICKHEAD ASSY SET (CHT),0,0,0,3100.0,Dead,Maintain Algo,False,False,False,False,False,False,False,False,False,False,False,False,True,True,True,False,False,False,False,False,False,False,False,False,True,3
500312778,TCB STA ND5  HYBRID 4UP 50X50,0,0,0,4800.0,Dead,Maintain Algo,False,False,False,False,False,False,False,False,False,False,False,False,True,True,True,True,False,False,False,False,False,False,False,False,True,4
500312779,BS PEDESTAL ASSY (CHT) (74X227.6X0.17),0,0,0,11600.0,Dead,Maintain Algo,False,False,False,False,False,False,False,False,False,False,False,False,True,True,True,False,False,False,False,False,False,False,False,False,True,3
500312781,BS PED ASSY (SKY ULT 2+3E)(24X42X0.17),0,0,0,9800.0,Dead,Maintain Algo,False,False,False,False,False,False,False,False,False,False,False,False,True,True,True,True,False,False,False,False,False,False,False,False,True,4
500312782,"STA PICKHEAD ASSY SET(SKY A0, STIFFENER)",0,0,0,4250.0,Dead,Maintain Algo,False,False,False,False,False,False,False,False,False,False,False,False,True,True,True,True,False,False,False,False,False,False,False,False,True,4
500312783,BS P ASSY (HALO 4+4E REV1) (42X28X0.17),0,0,0,9800.0,Dead,Maintain Algo,False,False,False,False,False,False,False,False,False,False,False,False,True,False,True,False,False,False,False,False,False,False,False,False,True,2
500312784,STA PICKHEAD ASSY SET (SKY HALO 4+4E),1,0,0,3650.0,Dead,Decrease Algo,False,False,False,False,False,False,False,False,False,False,False,False,True,False,True,False,False,False,False,False,False,False,True,True,True,4
500312927,FUSE 5X20MM T 10A 250V,0,0,0,0.89,Dead,Maintain Algo,False,False,False,False,False,False,False,False,False,False,False,False,True,True,True,False,False,False,False,False,False,False,False,True,True,4
500313019,BS PEDESTAL ASSY  (PPARK) (66X230X0.17),0,0,0,11600.0,Dead,Maintain Algo,False,False,False,False,False,False,False,False,False,False,False,False,True,True,True,False,False,False,False,False,False,False,False,False,True,3
500313178,BANK 2 WITH KINEMATICS ASSY (34X24),0,0,0,712.0,Dead,Maintain Algo,False,False,False,False,False,False,False,False,False,False,False,False,True,False,False,True,False,False,False,False,False,False,False,False,True,2
500313179,BANK 1 WITH KINEMATICS ASSY (34X24),0,0,0,712.0,Dead,Maintain Algo,False,False,False,False,False,False,False,False,False,False,False,False,True,True,True,False,False,False,False,False,False,False,False,False,True,3
500313180,BANK 3 WITH KINEMATICS ASSY (34X24),0,0,0,712.0,Dead,Maintain Algo,False,False,False,False,False,False,False,False,False,False,False,False,True,False,False,True,False,False,False,False,False,False,False,False,True,2
500313313,SUB EXI L FLEX CABLE ASSY,0,0,0,89.89,Dead,Maintain Algo,False,False,False,False,False,False,False,False,False,False,False,False,True,False,True,True,False,False,False,False,False,False,False,False,True,3
500313781,STRAIGHT UNION,0,0,0,4.45,Dead,Maintain Algo,False,False,False,False,False,False,False,False,False,False,False,False,True,True,True,True,False,False,False,False,False,False,False,True,True,5
500313950,RIGHT WORKCHUCK X MOTOR COIL,0,0,0,534.0,Dead,Maintain Algo,False,False,False,False,False,False,False,False,False,False,False,False,True,False,True,True,False,False,False,False,False,False,True,False,True,4
500313951,LEFT WORKCHUCK X AUX MOTOR COIL,0,0,0,534.0,Dead,Maintain Algo,False,False,False,False,False,False,False,False,False,False,False,False,True,False,True,True,False,False,False,False,False,False,False,False,True,3
500313952,RIGHT WORKCHUCK X AUX MOTOR COIL,0,0,0,534.0,Dead,Maintain Algo,False,False,False,False,False,False,False,False,False,False,False,False,True,False,True,True,False,False,False,False,False,False,True,False,True,4
500315046,NDIIIS CONTROLPOWERMODULE,0,0,0,1134.21,Dead,Maintain Algo,False,False,False,False,False,False,False,False,False,False,False,False,True,False,True,True,False,False,False,False,False,False,True,False,True,4
500315048,NUDRIVE-3S: EXTENDED POWER MODULE,0,0,0,3373.41,Dead,Maintain Algo,False,False,False,False,False,False,False,False,False,False,False,False,True,False,False,True,False,False,False,False,False,False,False,False,True,2
500315055,NUDRIVE-3S: EXTENDED POWER MODULE,0,0,0,2650.42,Dead,Maintain Algo,False,False,False,False,False,False,False,False,False,False,False,False,True,False,False,True,False,False,False,False,False,False,False,False,True,2
500316161,"DOOR HANDLE, PULL, POCKET SERIES, FLUSH",0,0,0,24.0,Dead,Maintain Algo,False,False,False,False,False,False,False,False,False,False,False,False,True,True,True,True,False,False,False,False,False,False,False,False,True,4
500316163,"UPPER COVER HANDLE, ERGONOMIC ARM S2-S8",0,0,0,26.0,Dead,Maintain Algo,False,False,False,False,False,False,False,False,False,False,False,False,True,True,True,True,False,True,True,False,False,False,False,False,True,6
500316483,PEDESTAL-BRD-EP,1,0,0,9800.0,Dead,Decrease Algo,False,False,False,False,False,False,False,False,False,False,False,False,True,True,False,False,False,False,False,False,False,False,True,True,True,4
500316485,STA PICKHEAD ASSY SET (SKX_XCC),1,0,0,3100.0,Dead,Decrease Algo,False,False,False,False,False,False,False,False,False,False,False,False,True,False,True,True,False,False,False,False,False,False,True,True,True,5
500316488,BS PEDESTAL A (SKX_XCC_CP)(48X37.5X0.17),0,0,0,9800.0,Dead,Maintain Algo,False,False,False,False,False,False,False,False,False,False,False,False,True,False,True,False,False,False,False,False,False,False,False,False,True,2
500316650,HONEYWELL OXYGEN O2 SENSOR CARTRIDGE,0,0,0,394.17,Dead,Maintain Algo,False,False,False,False,False,False,False,False,False,False,False,False,True,False,False,True,False,False,False,False,False,False,True,True,True,4
500316923,BAR TYPE IONIZER,0,0,0,2496.45,Dead,Maintain Algo,False,False,False,False,False,False,False,False,False,False,False,False,True,True,True,False,False,False,False,False,False,False,False,False,True,3
500317475,NU MOTION CONTROLLER BOARD,0,0,0,993.64,Dead,Maintain Algo,False,False,False,False,False,False,False,False,False,False,False,False,True,False,True,True,False,False,False,False,False,False,True,False,True,4
500318166,STA PICKHEAD ASSY SET (CCRK),1,0,0,3650.0,Dead,Decrease Algo,False,False,False,False,False,False,False,False,False,False,False,False,True,True,True,False,False,False,False,False,False,False,True,True,True,5
500318170,STA PICKHEAD ASSY SET (ANF),1,0,0,3100.0,Dead,Decrease Algo,False,False,False,False,False,False,False,False,False,False,False,False,True,True,True,False,False,False,False,False,False,False,True,True,True,5
500318174,TCB PEDESTAL SDP 4UP 55X55,0,0,0,9800.0,Dead,Maintain Algo,False,False,False,False,False,False,False,False,False,False,False,False,True,True,True,True,False,False,False,False,False,False,False,False,True,4
500318188,STA PICKHEAD ASSY SET (CNL TMTV),0,0,0,3100.0,Dead,Maintain Algo,False,False,False,False,False,False,False,False,False,False,False,False,True,True,True,False,False,False,False,False,False,False,False,False,True,3
500318193,TCB PEDESTAL ND5 2XCVR 5UP 42.5X42.5,0,0,0,9800.0,Dead,Maintain Algo,False,False,False,False,False,False,False,False,False,False,False,False,True,True,True,True,False,False,False,False,False,False,False,False,True,4
500318195,TCB STA ND5 2XCVR 5UP 42.5X42.5,0,0,0,3650.0,Dead,Maintain Algo,False,False,False,False,False,False,False,False,False,False,False,False,True,True,True,True,False,False,False,False,False,False,False,False,True,4
500318197,BS PEDESTAL ASSY (CNL U22) (24X45X0.17),0,0,0,9800.0,Dead,Maintain Algo,False,False,False,False,False,False,False,False,False,False,False,False,True,False,True,False,False,False,False,False,False,False,False,False,True,2
500318198,STA - PER PAIR - CNL U22,0,0,0,3100.0,Dead,Maintain Algo,False,False,False,False,False,False,False,False,False,False,False,False,True,False,True,False,False,False,False,False,False,False,False,False,True,2
500318199,TCB PEDESTAL SKX DE 52.5X45,1,0,0,9800.0,Dead,Decrease Algo,False,False,False,False,False,False,False,False,False,False,False,False,True,False,False,False,False,False,False,False,False,False,True,True,True,3
500318205,COG PEDESTAL ASSY FOR CAP SENSOR,0,0,0,9440.0,Dead,Maintain Algo,False,False,False,False,False,False,False,False,False,False,False,False,True,False,False,False,False,False,False,False,False,False,False,False,True,1
500318240,STEEL WIRE CLAMP,0,0,0,7.12,Dead,Maintain Algo,False,False,False,False,False,False,False,False,False,False,False,False,True,True,True,True,False,False,False,False,False,False,True,False,True,5
500319164,HVMOTY MOTOR,0,0,0,3236.04,Dead,Maintain Algo,False,False,False,False,False,False,False,False,False,False,False,False,True,False,False,True,False,False,False,False,False,False,False,False,True,2
500319166,HVMOTX MOTOR,0,0,0,995.24,Dead,Maintain Algo,False,False,False,False,False,False,False,False,False,False,False,False,True,False,False,True,False,False,False,False,False,False,False,False,True,2
500319859,ACTUATOR,0,0,0,24.77,Dead,Maintain Algo,False,False,False,False,False,False,False,False,False,False,False,False,True,False,False,True,False,False,False,False,False,False,True,False,True,3
500320265,PLASMA JET NOZZLE PTF 2651-2,2,1,0,859.42,Active Moving,Increase Algo,False,False,False,False,False,False,False,False,False,False,False,False,False,False,False,True,False,False,False,False,False,False,False,False,False,1
500320316,TCB STA SKX LCC 34.5 X 37.5,1,0,0,3650.0,Dead,Decrease Algo,False,False,False,False,False,False,False,False,False,False,False,False,True,False,False,False,False,False,False,False,False,False,True,True,True,3
500320319,TCB PEDESTAL SKX LCC 34.5 X 37.5,1,0,0,9800.0,Dead,Decrease Algo,False,False,False,False,False,False,False,False,False,False,False,False,True,False,False,False,False,False,False,False,False,False,True,True,True,3
500320434,0.6MM CLEANING ROD,0,0,0,27.96,Dead,Maintain Algo,False,False,False,False,False,False,False,False,False,False,False,False,True,True,True,True,False,False,False,False,False,False,False,False,True,4
500320435,0.7 MM CLEANING ROD,0,0,0,21.51,Dead,Maintain Algo,False,False,False,False,False,False,False,False,False,False,False,False,True,True,True,True,False,False,False,False,False,False,False,False,True,4
500320779,BH HEATER COVER (STRAIGHT CUT VER.),0,0,0,160.0,Dead,Maintain Algo,False,False,False,False,False,False,False,False,False,False,False,False,True,False,False,True,False,False,False,False,False,False,False,False,True,2
500321452,SURFACE PROBE TYPE K,0,0,0,212.0,Active Moving,Maintain Algo,False,False,False,False,False,False,False,False,False,False,False,False,False,False,False,True,False,False,False,False,False,False,False,False,False,1
500322503,BS PEDESTAL ASSY (KBL ULT 42) 42X24X0.17,0,0,0,9800.0,Dead,Maintain Algo,False,False,False,False,False,False,False,False,False,False,False,False,True,False,True,True,False,True,True,False,False,False,False,False,True,5
500324631,SWING DOOR IMPROVEMENT,0,0,0,9000.0,Dead,Maintain Algo,False,False,False,False,False,False,False,False,False,False,False,False,True,False,True,True,False,False,False,False,False,False,True,False,True,4
500324947,NUDRIVE FLAT  MODULE CABLE,0,0,0,35.0,Dead,Maintain Algo,False,False,False,False,False,False,False,False,False,False,False,False,True,False,False,True,False,False,False,False,False,False,True,False,True,3
500324948,NUDRIVE FLAT  MODULE CABLE,0,0,0,35.0,Dead,Maintain Algo,False,False,False,False,False,False,False,False,False,False,False,False,True,False,False,True,False,False,False,False,False,False,True,False,True,3
500324949,NUDRIVE FLAT  MODULE CABLE,0,0,0,35.0,Dead,Maintain Algo,False,False,False,False,False,False,False,False,False,False,False,False,True,False,False,True,False,False,False,False,False,False,True,False,True,3
500324950,NUDRIVE FLAT  MODULE CABLE,0,0,0,35.0,Dead,Maintain Algo,False,False,False,False,False,False,False,False,False,False,False,False,True,False,False,True,False,False,False,False,False,False,True,False,True,3
500324977,NU MOTION CONTROLLER BOARD,0,0,0,1475.0,Dead,Maintain Algo,False,False,False,False,False,False,False,False,False,False,False,False,True,False,True,True,False,False,False,False,False,False,True,False,True,4
500326896,TIP TILT SOL ASSY,1,0,0,120.0,Dead,Decrease Algo,False,False,False,False,False,False,False,False,False,False,False,False,False,False,False,True,False,False,False,False,False,False,True,True,False,3
500328938,PLASMA JET RD1004S ASSEMBLY UNIT,1,0,0,19487.09,Dead,Increase Algo,False,False,False,False,False,False,False,False,False,False,False,False,False,False,False,True,False,False,False,False,False,False,True,True,False,3
500328940,WRS1501MODULE CAN MFM-220 APPJ DUAL HEAD,0,0,0,12221.55,Dead,Maintain Algo,False,False,False,False,False,False,False,False,False,False,False,False,False,False,False,True,False,False,False,False,False,False,True,True,False,3
500328942,"PCU 1604,DUAL HEAD ONLY",1,0,0,17394.15,Dead,Decrease Algo,False,False,False,False,False,False,False,False,False,False,False,False,True,False,False,True,False,False,False,False,False,False,True,True,True,4
500330194,STA PICKHEAD ASSY SET (CFL U23E),0,0,0,3650.0,Dead,Maintain Algo,False,False,False,False,False,False,False,False,False,False,False,False,True,False,True,True,False,False,False,False,False,False,False,False,True,3
500330197,VACUUM SENSOR MOUNT (SENSOR ABOVE),0,0,0,31.0,Dead,Maintain Algo,False,False,False,False,False,False,False,False,False,False,False,False,True,False,False,True,False,False,False,False,False,False,True,False,True,3
500330198,TAPERED ROLLER BEARING 15X35X11.75,0,0,0,14.5,Dead,Maintain Algo,False,False,False,False,False,False,False,False,False,False,False,False,True,False,True,True,False,False,False,False,False,False,True,False,True,4
500332017,STA PICKHEAD ASSY SET (SKX FPGA),0,0,0,3100.0,Dead,Maintain Algo,False,False,False,False,False,False,False,False,False,False,False,False,True,True,True,True,False,False,False,False,False,False,False,False,True,4
500332508,"40180,S,1MM, 07.761 X 11.76",1,0,0,3250.0,Dead,Decrease Algo,False,False,False,False,False,False,False,False,False,False,False,False,True,False,True,True,False,False,False,False,False,False,True,True,True,5
500332592,TIMING PULLEY,0,0,0,17.0,Dead,Maintain Algo,False,False,False,False,False,False,False,False,False,False,False,False,True,False,True,True,False,False,False,False,False,False,True,False,True,4
500332777,CURRENT MONITOR BOARD,0,0,0,566.49,Dead,Maintain Algo,False,False,False,False,False,False,False,False,False,False,False,False,True,True,True,True,False,False,False,False,False,False,False,False,True,4
500335600,SELF-SEAL BULKHEAD UNION KCE06-00,0,0,0,14.24,Dead,Maintain Algo,False,False,False,False,False,False,False,False,False,False,False,False,True,False,False,True,False,False,False,False,False,False,True,False,True,3
500336758,CONVERSION ADAPTOR ASSY RIGHT,0,0,0,107.69,Dead,Maintain Algo,False,False,False,False,False,False,False,False,False,False,False,False,True,False,True,True,False,False,False,False,False,False,False,False,True,3
500336949,"ADAPTOR,ASSY,LEFT,CONVERSION,HARDSTOP",0,0,0,121.0,Dead,Maintain Algo,False,False,False,False,False,False,False,False,False,False,False,False,True,False,False,True,False,False,False,False,False,False,False,False,True,2
500337076,BALLSCREW CONICAL FLEXURE ASSEMBLY,0,0,0,13372.25,Dead,Maintain Algo,False,False,False,False,False,False,False,False,False,False,False,False,True,True,True,False,False,False,False,False,False,False,False,False,True,3
500337311,CONVEYOR MOTOR PULLEY,0,0,0,35.6,Dead,Maintain Algo,False,False,False,False,False,False,False,False,False,False,False,False,True,False,True,True,False,False,False,False,False,False,True,False,True,4
500337312,UP- DOWN-LOOKING OPTICS,0,0,0,9923.95,Active Moving,Increase Algo,False,False,False,False,False,False,False,False,False,False,False,False,False,False,False,True,False,False,False,False,False,False,False,False,False,1
500337714,NOZZLE TYPE 4135/6135 CPL.CERAMIC,0,0,0,62.48,Dead,Maintain Algo,False,False,False,False,False,False,False,False,False,False,False,False,True,False,True,True,False,True,True,False,False,False,True,False,True,6
500338556,O-RING 1.00 X 1.50 ID 70 NBR,0,0,0,0.89,Dead,Maintain Algo,False,False,False,False,False,False,False,False,False,False,False,False,True,False,False,False,False,False,False,False,False,False,True,True,True,3
500338915,THERMA S/W CABLE ASSY,0,0,0,48.06,Dead,Maintain Algo,False,False,False,False,False,False,False,False,False,False,False,False,True,False,False,True,False,False,False,False,False,False,True,False,True,3
500338916,FUSE 5X20MM T 4A 250V,0,0,0,1.0,Dead,Maintain Algo,False,False,False,False,False,False,False,False,False,False,False,False,True,True,True,True,False,False,False,False,False,False,False,True,True,5
500339306,NOZZLE BANK ASSY (34X24),1,0,0,226.68,Dead,Decrease Algo,False,False,False,False,False,False,False,False,False,False,False,False,True,False,False,False,False,False,False,False,False,False,True,True,True,3
500339307,TIP TILT CAM DRIVE ASSY,0,0,0,24119.0,Dead,Maintain Algo,False,False,False,False,False,False,False,False,False,False,False,False,True,False,False,True,False,False,False,False,False,False,True,False,True,3
500339308,HVMOT UD RINGLIGHT ASSY (NON CE),0,0,0,2822.72,Dead,Maintain Algo,False,False,False,False,False,False,False,False,False,False,False,False,True,True,True,True,False,False,False,False,False,False,True,False,True,5
500339309,(IES) FRONT FLAT COVER,0,0,0,1072.53,Dead,Maintain Algo,False,False,False,False,False,False,False,False,False,False,False,False,True,False,True,True,False,False,False,False,False,False,True,False,True,4
500339311,(MFE) AKBEW RAIKIRI ASSY (FB),0,0,0,929.16,Dead,Maintain Algo,False,False,False,False,False,False,False,False,False,False,False,False,True,False,True,True,False,False,False,False,False,False,False,False,True,3
500339313,NDIII CONTROLPOWERMODULE,0,0,0,1513.0,Dead,Maintain Algo,False,False,False,False,False,False,False,False,False,False,False,False,True,True,True,True,False,False,False,False,False,False,True,False,True,5
500339314,ASIO2 MODULE 2TC 400HZ,0,0,0,477.39,Dead,Maintain Algo,False,False,False,False,False,False,False,False,False,False,False,False,True,False,True,True,False,False,False,False,False,False,False,False,True,3
500339315,NDIII HIGH POWER EPM,0,0,0,2766.12,Dead,Maintain Algo,False,False,False,False,False,False,False,False,False,False,False,False,True,True,True,True,False,False,False,False,False,False,True,False,True,5
500339316,TEC AND CONTROL BOX ASSY,0,0,0,12504.5,Dead,Maintain Algo,False,False,False,False,False,False,False,False,False,False,False,False,True,False,True,True,False,False,False,False,False,False,True,False,True,4
500339317,5V ADAPTER POWER CABLE ASSY,0,0,0,46.21,Dead,Maintain Algo,False,False,False,False,False,False,False,False,False,False,False,False,True,True,True,True,False,False,False,False,False,False,True,False,True,5
500339318,AA 1 DISP UD SOL,0,0,0,142.57,Dead,Maintain Algo,False,False,False,False,False,False,False,False,False,False,False,False,True,True,True,True,False,False,False,False,False,False,True,False,True,5
500339319,USB 2.0 HUB 7 PORTS ASSY,1,0,0,94.51,Dead,Decrease Algo,False,False,False,False,False,False,False,False,False,False,False,False,False,False,False,True,False,False,False,False,False,False,True,True,False,3
500339320,ESIO3,0,0,0,337.22,Dead,Maintain Algo,False,False,False,False,False,False,False,False,False,False,False,False,True,False,True,True,False,False,False,False,False,False,True,True,True,5
500339321,NDIIIS CONTROLPOWERMODULE,0,0,0,1134.21,Dead,Maintain Algo,False,False,False,False,False,False,False,False,False,False,False,False,True,False,False,True,False,False,False,False,False,False,True,False,True,3
500339322,NDIIIS CONTROLPOWERMODULE,0,0,0,1289.61,Dead,Maintain Algo,False,False,False,False,False,False,False,False,False,False,False,False,True,False,True,True,False,False,False,False,False,False,True,False,True,4
500339323,NUDRIVE-3S: EXTENDED POWER MODULE,0,0,0,3058.21,Dead,Maintain Algo,False,False,False,False,False,False,False,False,False,False,False,False,True,False,True,True,False,False,False,False,False,False,True,False,True,4
500339324,VISION PC ASSEMBLY,0,0,0,2481.5,Dead,Maintain Algo,False,False,False,False,False,False,False,False,False,False,False,False,True,True,True,False,False,False,False,False,False,False,True,False,True,4
500339328,NUDRIVE-3S: EXTENDED POWER MODULE,0,0,0,961.2,Dead,Maintain Algo,False,False,False,False,False,False,False,False,False,False,False,False,True,False,True,True,False,False,False,False,False,False,True,False,True,4
500339329,NUDRIVE-3S: EXTENDED POWER MODULE,0,0,0,2645.3,Dead,Maintain Algo,False,False,False,False,False,False,False,False,False,False,False,False,True,False,True,True,False,False,False,False,False,False,True,False,True,4
500339330,NUDRIVE-3S: EXTENDED POWER MODULE,0,0,0,2281.24,Dead,Maintain Algo,False,False,False,False,False,False,False,False,False,False,False,False,True,True,True,True,False,False,False,False,False,False,True,False,True,5
500339334,MINI Z ENCODER,0,0,0,3422.94,Dead,Maintain Algo,False,False,False,False,False,False,False,False,False,False,False,False,True,False,False,True,False,False,False,False,False,False,False,False,True,2
500339335,BH HEATER THERMAL SWITCH,0,0,0,68.53,Dead,Maintain Algo,False,False,False,False,False,False,False,False,False,False,False,False,True,False,True,True,False,False,False,False,False,False,False,False,True,3
500339336,3P AC INPUT BOX,0,0,0,1584.37,Dead,Maintain Algo,False,False,False,False,False,False,False,False,False,False,False,False,True,False,True,True,False,False,False,False,False,False,False,False,True,3
500339338,3G LED LIGHTING (370MM),0,0,0,161.8,Dead,Maintain Algo,False,False,False,False,False,False,False,False,False,False,False,False,True,True,True,True,False,False,False,False,False,False,True,False,True,5
500339339,3G LED LT (370MM) MACRO INERT CHAMBER,0,0,0,192.24,Dead,Maintain Algo,False,False,False,False,False,False,False,False,False,False,False,False,True,True,True,True,False,False,False,False,False,False,True,False,True,5
500339340,3 PORT FUSE MOUNTING WITH FUSE,0,0,0,32.04,Dead,Maintain Algo,False,False,False,False,False,False,False,False,False,False,False,False,True,True,True,True,False,False,False,False,False,False,True,False,True,5
500339341,DP-DRIVE CPL / CPP,0,0,0,1917.59,Dead,Maintain Algo,False,False,False,False,False,True,True,False,False,False,False,False,True,False,False,True,False,False,False,False,False,False,False,False,True,4
500339342,HIGH PRECISION DDR MOTOR,0,0,0,38242.94,Dead,Maintain Algo,False,False,False,False,False,False,False,False,False,False,False,False,True,False,False,True,False,False,False,False,False,False,True,False,True,3
500339343,CAPACITIVE SENSOR (PROBE ONLY) D8 RA,0,0,0,7103.26,Dead,Maintain Algo,False,False,False,False,False,False,False,False,False,False,False,False,False,False,False,True,False,False,False,False,False,False,True,True,False,3
500339344,CAPACITIVE SENSOR (PROBE ONLY) D8 ST,0,0,0,6779.66,Dead,Maintain Algo,False,False,False,False,False,False,False,False,False,False,False,False,True,False,False,True,False,False,False,False,False,False,False,True,True,3
500339345,CAPACITANCE SENSOR DIGITAL AMPLIFIER,0,0,0,21244.92,Dead,Maintain Algo,False,False,False,False,False,False,False,False,False,False,False,False,True,False,True,True,False,False,False,False,False,False,True,True,True,5
500339346,CAPACITANCE SENSOR EXTENSION CABLE 2M,0,0,0,631.18,Dead,Maintain Algo,False,False,False,False,False,False,False,False,False,False,False,False,True,False,False,True,False,False,False,False,False,False,False,False,True,2
500339347,OT CAP SNR&BH FORCE SNR ASSY,0,0,0,328.41,Dead,Maintain Algo,False,False,False,False,False,False,False,False,False,False,False,False,True,True,True,True,False,False,False,False,False,False,True,False,True,5
500339348,2 WAY TERMINAL STRIP 15 A 750V,0,0,0,8.81,Dead,Maintain Algo,False,False,False,False,False,False,False,False,False,False,False,False,True,False,True,True,False,False,False,False,False,False,True,False,True,4
500339349,LAQBEL-GROUND SIGN,0,0,0,0.8,Dead,Maintain Algo,False,False,False,False,False,False,False,False,False,False,False,False,True,False,True,True,False,False,False,False,False,False,True,False,True,4
500339350,COUPLING BLOCKS FOR D-SUB CONNECTOR,0,0,0,2.4,Dead,Maintain Algo,False,False,False,False,False,False,False,False,False,False,False,False,True,True,True,True,False,False,False,False,False,False,True,False,True,5
500339614,OT UP/DN RTD CABLE ASSY,0,0,0,184.0,Dead,Maintain Algo,False,False,False,False,False,False,False,False,False,False,False,False,True,False,False,True,False,False,False,False,False,False,True,False,True,3
500339615,OT MIN Z MTR COIL CABLE,0,0,0,12.01,Dead,Maintain Algo,False,False,False,False,False,False,False,False,False,False,False,False,True,False,False,True,False,False,False,False,False,False,True,False,True,3
500339616,OT UP/DN RTD CABLE ASSY,0,0,0,184.0,Dead,Maintain Algo,False,False,False,False,False,False,False,False,False,False,False,False,True,False,True,True,False,False,False,False,False,False,False,False,True,3
500340892,WORKCHUCK X PRELOAD MAGNET ASSY (SIDE 2),0,0,0,73.69,Dead,Maintain Algo,False,False,False,False,False,False,False,False,False,False,False,False,True,True,True,True,False,False,False,False,False,False,True,False,True,5
500340893,PEDESTAL HEATED BLOCK ASSY (150W),0,0,0,7873.83,Dead,Maintain Algo,False,False,False,False,False,False,False,False,False,False,False,False,True,False,True,True,False,False,False,False,False,False,False,False,True,3
500340894,ESIO12,0,0,0,526.26,Dead,Maintain Algo,False,False,False,False,False,False,False,False,False,False,False,False,True,False,False,True,False,False,False,False,False,False,False,False,True,2
500340895,ZDS SENSOR BOARD,0,0,0,311.59,Dead,Maintain Algo,False,False,False,False,False,False,False,False,False,False,False,False,True,False,False,True,False,False,False,False,False,False,True,False,True,3
500341824,UPS BRACKETS UGK,1,0,0,220.0,Dead,Decrease Algo,False,False,False,False,False,False,False,False,False,False,False,False,False,False,False,True,False,False,False,False,False,False,True,True,False,3
500342400,LEGACY COMMUNICATIONS SMARTSLOT CARD,1,0,0,54.8055,Dead,Decrease Algo,False,False,False,False,False,False,False,False,False,False,False,False,True,False,False,True,False,False,False,False,False,False,True,True,True,4
500342401,APC SMART-UPS SRT 5000VA RM 230V,0,0,0,3478.7977,Dead,Maintain Algo,False,False,False,False,False,False,False,False,False,False,False,False,False,False,False,True,False,False,False,False,False,False,True,False,False,2
500342478,(SM) BOND STAGE MODULE,0,0,0,255465.0,Dead,Maintain Algo,False,False,False,False,False,False,False,False,False,False,False,False,True,True,True,True,False,False,False,False,False,False,True,False,True,5
500344490,THERMOCOUPLE PROBE 88401 - K TYPE,0,0,0,294.68,Active Moving,Increase Algo,False,False,False,False,False,False,False,False,False,False,False,False,False,False,False,True,False,False,False,True,False,False,False,False,False,2
500344512,SMARTFEEDER X16MM,0,0,0,1900.0,Dead,Maintain Algo,False,False,False,False,False,False,False,False,False,False,False,False,True,False,True,True,False,False,False,False,False,False,True,False,True,4
500348338,"40231,L,1MM,30.941X20.459",0,0,0,4000.0,New Part,Maintain Algo,False,False,False,False,False,False,False,False,False,False,False,False,True,True,True,True,False,False,False,False,False,False,False,False,True,4
500350011,(BH) ROT X ENC INTERPOLATOR,0,0,0,736.03,Dead,Maintain Algo,False,False,False,False,False,False,False,False,False,False,False,False,True,True,True,True,False,False,False,False,False,False,True,False,True,5
500350012,HPP BONDHEAD MINI Z VCM,0,0,0,503.02,Dead,Maintain Algo,False,False,False,False,False,False,False,False,False,False,False,False,True,False,True,True,False,False,False,False,False,False,False,False,True,3
500350014,150V SMPS FPC CTR CABLE ASSY,0,0,0,36.04,Dead,Maintain Algo,False,False,False,False,False,False,False,False,False,False,False,False,True,True,True,True,False,False,False,False,False,False,True,False,True,5
500350015,ELBOW FITTING,0,0,0,5.6,Dead,Maintain Algo,False,False,False,False,False,False,False,False,False,False,False,False,True,False,False,True,False,False,False,False,False,False,True,False,True,3
500350016,PRECISION REGULATOR,0,0,0,258.1,Dead,Maintain Algo,False,False,False,False,False,False,False,False,False,False,False,False,True,False,False,True,False,False,False,False,False,False,True,False,True,3
500350017,LINE FILTER 3P+E 480VAC 50A,0,0,0,300.37,Dead,Maintain Algo,False,False,False,False,False,False,False,False,False,False,False,False,True,True,True,True,False,False,False,False,False,False,True,False,True,5
500350018,SOCKET CRIMP CONTACT FOR AWG#20-24,0,0,0,0.8,Dead,Maintain Algo,False,False,False,False,False,False,False,False,False,False,False,False,True,False,True,True,False,False,False,False,False,False,True,False,True,4
500350019,AWG#26 3 CORE FLEX E-CHAIN RD CABLE,0,0,0,2.4,Dead,Maintain Algo,False,False,False,False,False,False,False,False,False,False,False,False,True,False,True,True,False,False,False,False,False,False,True,False,True,4
500351181,SOC HD CAP SCREW M2X5,0,0,0,1.34,Dead,Maintain Algo,False,False,False,False,False,False,False,False,False,False,False,False,True,False,True,True,False,False,False,False,False,False,False,False,True,3
500351182,SOC HD CAP SCREW M2.5X8,0,0,0,1.34,Dead,Maintain Algo,False,False,False,False,False,False,False,False,False,False,False,False,True,False,True,True,False,False,False,False,False,False,False,False,True,3
500351183,WASHER FLAT M2,0,0,0,1.34,Dead,Maintain Algo,False,False,False,False,False,False,False,False,False,False,False,False,True,False,True,True,False,False,False,False,False,False,False,False,True,3
500351184,WASHER FLAT M2.5,0,0,0,1.34,Dead,Maintain Algo,False,False,False,False,False,False,False,False,False,False,False,False,True,False,True,True,False,False,False,False,False,False,False,False,True,3
500351185,WASHER SPRING M2          [11A2],0,0,0,0.89,Dead,Maintain Algo,False,False,False,False,False,False,False,False,False,False,False,False,True,False,False,True,False,False,False,False,False,False,True,False,True,3
500351186,MBH Z TABLE PULLEY (9MM),0,0,0,38.7,Dead,Maintain Algo,False,False,False,False,False,False,False,False,False,False,False,False,True,False,True,True,False,False,False,False,False,False,False,False,True,3
500351868,MOTOR FOR MFM-220 APPJ Z-AXIS,0,0,0,1128.2,Active Moving,Increase Algo,False,False,False,False,False,False,False,False,False,False,False,False,False,False,False,True,False,False,False,False,False,False,False,False,False,1
500352221,STA-R Z TABLE ASSY (SW),0,0,0,4111.53,Dead,Maintain Algo,False,False,False,False,False,False,False,False,False,False,False,False,True,False,True,True,False,False,False,False,False,False,True,False,True,4
500352222,Z MOTOR ASSY,0,0,0,1193.49,Dead,Maintain Algo,False,False,False,False,False,False,False,False,False,False,False,False,True,True,True,True,False,False,False,False,False,False,True,False,True,5
500352223,FIREBIRD SW MPS&HT BOX,0,0,0,5885.74,Dead,Maintain Algo,False,False,False,False,False,False,False,False,False,False,False,False,True,False,True,True,False,False,False,False,False,False,False,False,True,3
500352224,CAH ENC EXT CABLE ASSY NORMAL,0,0,0,20.82,Dead,Maintain Algo,False,False,False,False,False,False,False,False,False,False,False,False,True,True,True,True,False,False,False,False,False,False,True,False,True,5
500352225,BHZ MTR AND BRAKE CABLE ASSY,0,0,0,16.02,Dead,Maintain Algo,False,False,False,False,False,False,False,False,False,False,False,False,True,True,True,True,False,False,False,False,False,False,True,False,True,5
500352226,MICROE MERCURY 2000 SENSOR M2120H,0,0,0,482.6,Dead,Maintain Algo,False,False,False,False,False,False,False,False,False,False,False,False,True,False,True,True,False,False,False,False,False,False,True,False,True,4
500352227,LIF 48R G0 SCANNING HEAD (0.5 M),0,0,0,1276.79,Dead,Maintain Algo,False,False,False,False,False,False,False,False,False,False,False,False,True,False,False,False,False,False,False,False,False,False,False,False,True,1
500353244,END PLUG FOR PCU,0,0,0,2089.8,Dead,Maintain Algo,False,False,False,False,False,False,False,False,False,False,False,False,True,True,True,True,False,False,False,False,False,False,True,False,True,5
500354192,"COUPLER (D1 10, D2 14)",0,0,0,400.5,Active Moving,Increase Algo,False,False,False,False,False,False,False,False,False,False,False,False,False,False,False,True,False,False,False,False,False,False,False,False,False,1
500354290,ASIO2 MODULE 2TC 400HZ,0,0,0,597.54,Dead,Maintain Algo,False,False,False,False,False,False,False,False,False,False,False,False,True,False,True,True,False,False,False,False,False,False,True,False,True,4
500354293,L STA MODULE TRACKLESS CABLE ASSY,0,0,0,7609.5,Dead,Maintain Algo,False,False,False,False,False,False,False,False,False,False,False,False,True,False,False,True,False,False,False,False,False,False,False,False,True,2
500354422,EB ACTUATOR ASSY,0,0,0,4.45,Dead,Maintain Algo,False,False,False,False,False,False,False,False,False,False,False,False,True,False,False,True,False,False,False,False,False,False,False,False,True,2
500354423,EB ACTUATOR ASSY - REAR LEFT,0,0,0,1237.54,Dead,Maintain Algo,False,False,False,False,False,False,False,False,False,False,False,False,True,False,False,True,False,False,False,False,False,False,False,False,True,2
500354424,(MBH)MEDIA BUFFER HANDLER Y&Z MTR ASSY,0,0,0,909.13,Dead,Maintain Algo,False,False,False,False,False,False,False,False,False,False,False,False,True,False,False,True,False,False,False,False,False,False,False,True,True,3
500354425,(MBH)MEDIA BUFFER HANDLER Y&Z MTR ASSY,0,0,0,909.13,Dead,Maintain Algo,False,False,False,False,False,False,False,False,False,False,False,False,True,False,True,True,False,False,False,False,False,False,False,True,True,4
500354426,(BH) ROT Y ENC,0,0,0,1513.0,Dead,Maintain Algo,False,False,False,False,False,False,False,False,False,False,False,False,True,False,False,True,False,False,False,False,False,False,False,True,True,3
500354427,(BH) ROT X AUX ENC,0,0,0,1513.0,Dead,Maintain Algo,False,False,False,False,False,False,False,False,False,False,False,False,True,False,False,True,False,False,False,False,False,False,False,True,True,3
500354428,(BH) ROT Y AUX ENC,0,0,0,1513.0,Dead,Maintain Algo,False,False,False,False,False,False,False,False,False,False,False,False,True,False,False,True,False,False,False,False,False,False,False,True,True,3
500354429,(BH) ROT X ENC,0,0,0,1361.7,Dead,Maintain Algo,False,False,False,False,False,False,False,False,False,False,False,False,True,False,False,True,False,False,False,False,False,False,False,True,True,3
500354430,(BH) ROT Y ROTARY ENC,0,0,0,1041.3,Dead,Maintain Algo,False,False,False,False,False,False,False,False,False,False,False,False,True,False,False,True,False,False,False,False,False,False,True,True,True,4
500354431,(BH) ROT X AUX ROTARY ENC,0,0,0,1041.3,Dead,Maintain Algo,False,False,False,False,False,False,False,False,False,False,False,False,True,False,False,True,False,False,False,False,False,False,False,True,True,3
500354432,(BH) ROT Y AUX ROTARY ENC,0,0,0,1041.3,Dead,Maintain Algo,False,False,False,False,False,False,False,False,False,False,False,False,True,False,False,True,False,False,False,False,False,False,True,True,True,4
500354433,(BH) ROT X ROTARY ENC,0,0,0,1148.1,Dead,Maintain Algo,False,False,False,False,False,False,False,False,False,False,False,False,True,False,False,True,False,False,False,False,False,False,True,True,True,4
500354434,(BH) ROT Y MOTOR,0,0,0,210.93,Dead,Maintain Algo,False,False,False,False,False,False,False,False,False,False,False,False,True,True,True,True,False,False,False,False,False,False,True,True,True,6
500354435,(BH) ROT X AUX MOTOR,0,0,0,190.63,Dead,Maintain Algo,False,False,False,False,False,False,False,False,False,False,False,False,True,False,False,True,False,False,False,False,False,False,True,True,True,4
500354436,(BH) ROT Y AUX MOTOR,0,0,0,192.24,Dead,Maintain Algo,False,False,False,False,False,False,False,False,False,False,False,False,True,True,True,True,False,False,False,False,False,False,True,True,True,6
500354437,(BH) ROT X MOTOR,0,0,0,211.82,Dead,Maintain Algo,False,False,False,False,False,False,False,False,False,False,False,False,True,False,False,True,False,False,False,False,False,False,True,True,True,4
500354438,"3-2 S-SOL V-VALVE VK332V-5G-M5, 24VDC",0,0,0,64.08,Dead,Maintain Algo,False,False,False,False,False,False,False,False,False,False,False,False,True,False,False,True,False,False,False,False,False,False,False,False,True,2
500354439,N2S1 N2S2 SWITCHING SOLENOID,0,0,0,96.92,Dead,Maintain Algo,False,False,False,False,False,False,False,False,False,False,False,False,True,False,True,True,False,False,False,False,False,False,True,False,True,4
500354440,MALE ELBOW COCNECTOR KPQL04-M5,0,0,0,4.0,Dead,Maintain Algo,False,False,False,False,False,False,False,False,False,False,False,False,True,True,True,True,False,False,False,False,False,False,True,False,True,5
500354758,PCI MARKIIIS BOARD,0,0,0,252.31,Dead,Maintain Algo,False,False,False,False,False,False,False,False,False,False,False,False,True,False,False,False,False,False,False,False,False,False,False,False,True,1
500354760,CAN CARD COM168V2-PCI,0,0,0,1430.23,Dead,Maintain Algo,False,False,False,False,False,False,False,False,False,False,False,False,True,True,True,True,False,False,False,False,False,False,True,False,True,5
500354762,VGA CABLE ASSY,0,0,0,25.81,Dead,Maintain Algo,False,False,False,False,False,False,False,False,False,False,False,False,True,False,False,True,False,False,False,False,False,False,True,False,True,3
500354763,VGA CABLE ASSY,0,0,0,48.06,Dead,Maintain Algo,False,False,False,False,False,False,False,False,False,False,False,False,True,True,True,True,False,False,False,False,False,False,False,False,True,4
500354764,DIFFUSER OUTER WM,0,0,0,170.1,Dead,Maintain Algo,False,False,False,False,False,False,False,False,False,False,False,False,True,True,True,True,False,False,False,False,False,False,False,False,True,4
500354830,INNER BOX WM,0,0,0,225.75,Dead,Maintain Algo,False,False,False,False,False,False,False,False,False,False,False,False,True,True,True,True,False,False,False,False,False,False,False,False,True,4
500356731,"250VA TRANSFOR, 380-400-415/24",0,0,0,984.0,Dead,Maintain Algo,False,False,False,False,False,False,False,False,False,False,False,False,True,True,True,True,False,False,False,False,False,False,False,False,True,4
500357438,WASTE CONTAINER /COMPONENTSCARRIAGE,0,0,0,148.59,Active Moving,Increase Algo,False,False,False,False,False,False,False,False,False,False,False,False,False,False,False,True,False,False,False,False,False,False,False,False,False,1
500358163,"K50,CONTACTOR RELAY,24VDC",0,0,0,110.25,Dead,Maintain Algo,False,False,False,False,False,False,False,False,False,False,False,False,True,True,True,True,False,True,True,False,False,False,False,False,True,6
500358169,"FILTER,OFA,OUTLET",0,0,0,68.59,Dead,Maintain Algo,False,False,False,False,False,True,True,False,False,False,False,False,True,True,False,True,False,False,False,False,False,False,True,False,True,6
500358170,"FILTER,SEPARATOR,MIST,MICRO",0,0,0,122.67,Dead,Maintain Algo,False,False,False,False,False,False,False,False,False,False,False,False,True,True,True,True,False,False,False,False,False,False,True,False,True,5
500358171,"FILTER,SEPARATOR,MIST",0,0,0,119.28,Dead,Maintain Algo,False,False,False,False,False,True,True,False,False,False,False,False,True,True,False,True,False,False,False,False,False,False,True,False,True,6
500358172,"PNEUMATIC AIR FILTER G1/2""",0,0,0,291.17,Dead,Maintain Algo,False,False,False,False,False,False,False,False,False,False,False,False,True,True,True,True,False,False,False,False,False,False,True,False,True,5
500358173,REGULATOR WITH BACKFLOW FUNCTION,0,0,0,91.02,Dead,Maintain Algo,False,False,False,False,False,True,True,False,False,False,False,False,True,True,False,True,False,False,False,False,False,False,True,False,True,6
500359520,LEDI CABLE ASSY,0,0,0,86.33,Dead,Maintain Algo,False,False,False,False,False,False,False,False,False,False,False,False,True,True,True,True,False,False,False,False,False,False,False,False,True,4
500359522,BOARD AND CABLE ASSY FOR LOW RING LIGHT,0,0,0,303.49,Dead,Maintain Algo,False,False,False,False,False,False,False,False,False,False,False,False,True,True,True,True,False,False,False,False,False,False,False,False,True,4
500359523,SOCKET SET SCREW M4X6,0,0,0,0.89,Dead,Maintain Algo,False,False,False,False,False,False,False,False,False,False,False,False,True,True,True,True,False,False,False,False,False,False,False,False,True,4
500359524,SOC HD CAP SCREW M4X45,0,0,0,2.67,Dead,Maintain Algo,False,False,False,False,False,False,False,False,False,False,False,False,True,False,False,True,False,False,False,False,False,False,True,False,True,3
500359525,SOC HD CAP SCREW M5X40,0,0,0,0.89,Dead,Maintain Algo,False,False,False,False,False,False,False,False,False,False,False,False,True,False,False,True,False,False,False,False,False,False,True,False,True,3
500359530,SENSOR BOARD ASSY FOR TCB,0,0,0,323.52,Dead,Maintain Algo,False,False,False,False,False,False,False,False,False,False,False,False,True,True,True,True,False,False,False,False,False,False,False,False,True,4
500359531,SOC HD CAP SCREW M4X40,0,0,0,1.78,Dead,Maintain Algo,False,False,False,False,False,False,False,False,False,False,False,False,True,True,True,True,False,False,False,False,False,False,False,False,True,4
500359854,SAFETY SWITCH 2X NC+NO W/ CODED MAGNET,0,0,0,122.55,Dead,Maintain Algo,False,False,False,False,False,False,False,False,False,False,False,False,True,True,True,True,False,False,False,False,False,False,True,False,True,5
500359918,SNAP RING,0,0,0,22.42,Dead,Maintain Algo,False,False,False,False,False,False,False,False,False,False,False,False,True,False,True,True,False,False,False,False,False,False,False,False,True,3
500362830,KIT EXHAUST PORT (SET C),0,0,0,120.0,Dead,Maintain Algo,False,False,False,False,False,False,False,False,False,False,False,False,True,True,True,True,False,False,False,False,False,False,False,False,True,4
500362833,KIT OIL LEVER GLASS (SET B),0,0,0,150.0,Dead,Maintain Algo,False,False,False,False,False,False,False,False,False,False,False,False,True,True,True,True,False,False,False,False,False,False,False,False,True,4
500362836,KIT OIL BOX (SET A),0,0,0,532.0,Dead,Maintain Algo,False,False,False,False,False,False,False,False,False,False,False,False,True,True,True,True,False,False,False,False,False,False,False,False,True,4
500364368,OPTICS TBLE 1MMPKT NZZL BNK(OTNB)(28X16),0,0,0,122.0,Dead,Maintain Algo,False,False,False,False,False,False,False,False,False,False,False,False,True,False,False,True,False,False,False,False,False,False,False,False,True,2
500364369,OPTICS TBLE 1MMPKT NZZL BNK(OTNB)(34X24),0,0,0,122.0,Dead,Maintain Algo,False,False,False,False,False,False,False,False,False,False,False,False,True,False,False,True,False,False,False,False,False,False,False,False,True,2
500367100,DTA UL OPTICS ASSY,0,0,0,1545.13,Dead,Maintain Algo,False,False,False,False,False,False,False,False,False,False,False,False,True,False,False,True,False,False,False,False,False,False,True,False,True,3
500367101,(CIE4S) WALL ASSY REAR,0,0,0,140.97,Dead,Maintain Algo,False,False,False,False,False,False,False,False,False,False,False,False,True,False,True,True,False,False,False,False,False,False,True,False,True,4
500367103,LED SIGNAL TOWER LIGHT W/ BUZZER (110MM),0,0,0,63.27,Dead,Maintain Algo,False,False,False,False,False,False,False,False,False,False,False,False,True,False,True,True,False,False,False,False,False,False,True,False,True,4
500367105,DFH TO MAIN BONDER SPARE CABLE,0,0,0,72.09,Dead,Maintain Algo,False,False,False,False,False,False,False,False,False,False,False,False,True,False,False,True,False,False,False,False,False,False,True,False,True,3
500367106,REMOTE HARD DISK WITH OS,0,0,0,640.8,Dead,Maintain Algo,False,False,False,False,False,False,False,False,False,False,False,False,True,False,True,True,False,False,False,False,False,False,True,False,True,4
500367107,NUDRIVE-3S BOX(HAVE FUSE),0,0,0,2159.49,Dead,Maintain Algo,False,False,False,False,False,False,False,False,False,False,False,False,True,True,True,True,False,False,False,False,False,False,True,False,True,5
500367108,NUDRIVE-3S BOX(HAVE FUSE),0,0,0,2162.7,Dead,Maintain Algo,False,False,False,False,False,False,False,False,False,False,False,False,True,True,True,True,False,False,False,False,False,False,True,False,True,5
500367109,HT LNPS 7KVA 110V&40V&220V,0,0,0,2185.92,Dead,Maintain Algo,False,False,False,False,False,False,False,False,False,False,False,False,True,False,True,True,False,False,False,False,False,False,True,False,True,4
500367110,(OT) AB ON/OFF SOL,0,0,0,112.14,Dead,Maintain Algo,False,False,False,False,False,False,False,False,False,False,False,False,True,False,True,True,False,False,False,False,False,False,True,False,True,4
500367111,CAH TO MAIN BONDER SPARE CABLE (FB),0,0,0,169.81,Dead,Maintain Algo,False,False,False,False,False,False,False,False,False,False,False,False,True,False,True,True,False,False,False,False,False,False,True,False,True,4
500367112,ENC EXT CABLE ASSY NORMAL,0,0,0,29.63,Dead,Maintain Algo,False,False,False,False,False,False,False,False,False,False,False,False,True,False,True,True,False,False,False,False,False,False,True,False,True,4
500367113,TEC AND DM FAN POWER CABLE ASSY,0,0,0,37.64,Dead,Maintain Algo,False,False,False,False,False,False,False,False,False,False,False,False,True,False,True,True,False,False,False,False,False,False,True,False,True,4
500367114,OT Z ENC CONN CABLE ASSY,0,0,0,31.23,Dead,Maintain Algo,False,False,False,False,False,False,False,False,False,False,False,False,True,False,True,True,False,False,False,False,False,False,True,False,True,4
500367115,HARD DISK AND USB HUB 5V CABLE ASSY,0,0,0,10.41,Dead,Maintain Algo,False,False,False,False,False,False,False,False,False,False,False,False,True,False,True,True,False,False,False,False,False,False,True,False,True,4
500367117,DPA CAM AND LT CABLE V2,0,0,0,250.71,Dead,Maintain Algo,False,False,False,False,False,False,False,False,False,False,False,False,True,False,True,True,False,False,False,False,False,False,False,False,True,3
500367119,CAH DOCKING BASE PLATE,0,0,0,44.85,Dead,Maintain Algo,False,False,False,False,False,False,False,False,False,False,False,False,True,False,True,True,False,False,False,False,False,False,False,False,True,3
500367120,CABLE MOUNTING FIX END(HWM BACK)NON CE,0,0,0,20.02,Dead,Maintain Algo,False,False,False,False,False,False,False,False,False,False,False,False,True,False,True,True,False,False,False,False,False,False,True,False,True,4
500367121,"(IES) LARGE SIDE COVER FOR OT, RIGHT",0,0,0,233.89,Dead,Maintain Algo,False,False,False,False,False,False,False,False,False,False,False,False,True,False,True,True,False,False,False,False,False,False,True,False,True,4
500367123,SINGLE DOOR MAGNETIC MINI LOCK YM-70,0,0,0,48.46,Dead,Maintain Algo,False,False,False,False,False,False,False,False,False,False,False,False,True,True,True,True,False,False,False,False,False,False,True,False,True,5
500367125,15 PIN SATA TO 4PIN HD PWR ADAPTOR 110MM,0,0,0,2.45,Dead,Maintain Algo,False,False,False,False,False,False,False,False,False,False,False,False,True,False,True,True,False,False,False,False,False,False,True,False,True,4
500367126,"SATA CABLE W/ LATCH 36""",0,0,0,16.82,Dead,Maintain Algo,False,False,False,False,False,True,True,False,False,False,False,False,True,False,False,True,False,False,False,False,False,False,True,False,True,5
500367232,"NIPPLE 2"" LONG- 1""NPT",0,0,0,33.0,Dead,Maintain Algo,False,False,False,False,False,False,False,False,False,False,False,False,True,True,True,True,False,True,True,False,False,False,False,False,True,6
500367233,"BALL VALVE 1"" NPT, LOCKABLE",0,0,0,126.0,Dead,Maintain Algo,False,False,False,False,False,False,False,False,False,False,False,False,True,True,True,True,False,True,True,False,False,False,False,False,True,6
500367523,(ECPP-369) FRONT SWING COVER UGK,0,0,0,3106.1,Dead,Maintain Algo,False,False,False,False,False,False,False,False,False,False,False,False,True,True,True,True,False,False,False,False,False,False,False,False,True,4
500368188,PC STATION STOPPER PLATE-45,0,0,0,44.95,Dead,Maintain Algo,False,False,False,False,False,False,False,False,False,False,False,False,True,True,True,True,False,False,False,False,False,False,False,False,True,4
500368421,STA PICKHEAD ASSY SET (ND5 2XCVR) L&R,0,0,0,3100.0,Dead,Maintain Algo,False,False,False,False,False,False,False,False,False,False,False,False,True,True,True,True,False,False,False,False,False,False,False,False,True,4
500368422,STA PICKHEAD ASSY SET (ND5) L&R,0,0,0,3100.0,Dead,Maintain Algo,False,False,False,False,False,False,False,False,False,False,False,False,True,True,True,True,False,False,False,False,False,False,False,False,True,4
500368423,STA PICKHEAD ASSY SET (APOLLONIA ND4)L&R,0,0,0,3100.0,Dead,Maintain Algo,False,False,False,False,False,False,False,False,False,False,False,False,True,True,True,True,False,False,False,False,False,False,False,False,True,4
500368424,STA PICKHEAD ASSY SET (ANF) L&R,0,0,0,3100.0,Dead,Maintain Algo,False,False,False,False,False,False,False,False,False,False,False,False,True,True,True,True,False,False,False,False,False,False,False,False,True,4
500370864,BOLTED PEDESTAL LOCK SCREW,0,0,0,1.72,Dead,Maintain Algo,False,False,False,False,False,False,False,False,False,False,False,False,True,True,True,True,False,False,False,False,False,False,False,False,True,4
500370886,BH & OT AIR BEARING PNEU ASSY (F),0,0,0,2687.8,Dead,Maintain Algo,False,False,False,False,False,False,False,False,False,False,False,False,True,True,True,True,False,False,False,False,False,False,False,False,True,4
500370887,BS AIR BEARING PNEU ASSY (F),0,0,0,2492.89,Dead,Maintain Algo,False,False,False,False,False,False,False,False,False,False,False,False,True,True,True,True,False,False,False,False,False,False,False,False,True,4
500370888,SELFCON FAN 220V 14M^3/M 575X1175X250MM,0,0,0,1780.0,Dead,Maintain Algo,False,False,False,False,False,False,False,False,False,False,False,False,True,True,True,True,False,False,False,False,False,False,False,False,True,4
500370948,FRONT PLATFORM OPAL GLASS BANK,0,0,0,136.17,Dead,Maintain Algo,False,False,False,False,False,False,False,False,False,False,False,False,True,True,True,True,False,False,False,False,False,False,False,False,True,4
500371222,"VACUUM RING PRESS NUT (D6.5,M5,1.15)",0,0,0,7.12,Dead,Maintain Algo,False,False,False,False,False,False,False,False,False,False,False,False,True,True,True,True,False,False,False,False,False,False,True,False,True,5
500372127,"(IES) CP,LINE-IN FRONT ADAPTOR ASSY (FB)",0,0,0,247.42,Dead,Maintain Algo,False,False,False,False,False,False,False,False,False,False,False,False,True,True,True,True,False,False,False,False,False,False,False,False,True,4
500372793,LED HEADLAMP FLASHLIGHT,0,0,0,69.38,Dead,Maintain Algo,False,False,False,False,False,False,False,False,False,False,False,False,True,True,True,True,False,False,False,False,False,False,False,False,True,4
500372794,FLASHLIGHTS LED FLASHLIGHT WITH BATTERY,0,0,0,180.0,Dead,Maintain Algo,False,False,False,False,False,False,False,False,False,False,False,False,True,True,True,False,False,False,False,False,False,False,False,False,True,3
500372796,"PICKUP TOOL, VACUUM, ESD SAFE",0,0,0,115.79,Dead,Maintain Algo,False,False,False,False,False,False,False,False,False,False,False,False,True,True,True,True,False,False,False,False,False,False,False,False,True,4
500374416,(BALDA) THETA ENC ASSY,0,0,0,1934.86,Dead,Maintain Algo,False,False,False,False,False,False,False,False,False,False,False,False,True,True,True,True,False,False,False,False,False,False,True,False,True,5
500374417,ROTARY SCALE R3213 WITHOUT HUB 301-00056,0,0,0,196.25,Dead,Maintain Algo,False,False,False,False,False,False,False,False,False,False,False,False,True,False,True,True,False,False,False,False,False,False,False,False,True,3
500374835,BONDER BAR TYPE IONIZER,0,0,0,845.5,Dead,Maintain Algo,False,False,False,False,False,False,False,False,False,False,False,False,True,True,True,True,False,False,False,False,False,False,False,False,True,4
500374836,SOC BUTTON HD SCREW M3X4,0,0,0,1.34,Dead,Maintain Algo,False,False,False,False,False,False,False,False,False,False,False,False,True,False,False,True,False,False,False,False,False,False,True,False,True,3
500374837,MINIATURE FITTINGS 10-M- 3ALU-4,0,0,0,6.23,Dead,Maintain Algo,False,False,False,False,False,False,False,False,False,False,False,False,True,True,True,True,False,False,False,False,False,False,False,False,True,4
500374889,NUDRIVE-3S BOX(HAVE FUSE),0,0,0,2547.18,Dead,Maintain Algo,False,False,False,False,False,False,False,False,False,False,False,False,True,False,True,True,False,False,False,False,False,False,True,False,True,4
500374893,70BHTT ROT ENC EXT.CABLE,0,0,0,39.24,Dead,Maintain Algo,False,False,False,False,False,False,False,False,False,False,False,False,True,False,True,True,False,False,False,False,False,False,True,False,True,4
500376460,BEW FITTING KQ2U04-06A,0,0,0,7.12,Dead,Maintain Algo,False,False,False,False,False,False,False,False,False,False,False,False,True,False,False,True,False,False,False,False,False,False,False,False,True,2
500376659,BRAKE ACTIVATOR,0,0,0,53.43,Dead,Maintain Algo,False,False,False,False,False,False,False,False,False,False,False,False,True,True,False,True,False,False,False,False,False,False,True,False,True,4
500376660,"SOLENIOD VALVE G1/8"" PLASTIC AL",0,0,0,100.6,Dead,Maintain Algo,False,False,False,False,False,False,False,False,False,False,False,False,True,False,False,True,False,False,False,False,False,False,False,False,True,2
500378153,(WT) V BEARING SHAFT,0,0,0,28.93,Dead,Maintain Algo,False,False,False,False,False,False,False,False,False,False,False,False,True,True,True,True,False,False,False,False,False,False,True,False,True,5
500378204,D-LINK 8-PORT 10/100/1000MBPS SWITCH,0,0,0,144.16,Dead,Maintain Algo,False,False,False,False,False,False,False,False,False,False,False,False,True,False,False,True,False,False,False,False,False,False,False,False,True,2
500378539,SOLENOID VALVE MHE2-MS1H-5/2-QS-4,0,0,0,159.96,Dead,Maintain Algo,False,False,False,False,False,False,False,False,False,False,False,False,True,True,False,False,False,False,False,False,False,False,False,False,True,2
500378540,TIMING BELT,0,0,0,20.95,Dead,Maintain Algo,False,False,False,False,False,False,False,False,False,False,False,False,True,False,False,True,False,False,False,False,False,False,False,True,True,3
500378541,ELMO AMPLIFIER,0,0,0,1053.65,Dead,Maintain Algo,False,False,False,False,False,False,False,False,False,False,False,False,True,False,True,True,False,False,False,False,False,False,False,False,True,3
500380109,"LINAK ACTUATOR,450MM STROKE,4IN PARALLEL",0,0,0,1548.42,Dead,Maintain Algo,False,False,False,False,False,False,False,False,False,False,False,False,True,True,True,True,False,True,True,False,False,False,False,False,True,6
500381179,"COT, DOCKING UNIT, X-SERIES, CPL, R2",0,0,0,7275.3,Dead,Maintain Algo,False,False,False,False,False,False,False,False,False,False,False,False,True,True,True,True,False,False,False,False,False,False,False,False,True,4
500381180,OT NB PNEUMATIC MOUNT,0,0,0,24.92,Dead,Maintain Algo,False,False,False,False,False,False,False,False,False,False,False,False,True,False,False,True,False,False,False,False,False,False,True,False,True,3
500381430,9MM WHITE CARTRIDGE FOR BMP21,0,0,0,42.0,Dead,Maintain Algo,False,False,False,False,False,False,False,False,False,False,False,False,True,False,True,True,False,True,True,False,False,False,False,False,True,5
500385611,NDIIIS CONTROLPOWERMODULE,0,0,0,1177.47,Dead,Maintain Algo,False,False,False,False,False,False,False,False,False,False,False,False,True,True,True,True,False,False,False,False,False,False,False,False,True,4
500385613,"NDIIIS CONTROLPOWERMODULE, ND#2-0",0,0,0,1171.86,Dead,Maintain Algo,False,False,False,False,False,False,False,False,False,False,False,False,True,False,False,True,False,False,False,False,False,False,True,False,True,3
500387828,HEATER WIRE INSULATION SLEEVE,0,0,0,6.5,Dead,Maintain Algo,False,False,False,False,False,False,False,False,False,False,False,False,True,True,True,True,False,True,True,False,False,False,False,False,True,6
500387829,HEATER WIRE UNCOATED FIBER SLEEVE,0,0,0,2.0,Dead,Maintain Algo,False,False,False,False,False,False,False,False,False,False,False,False,True,True,True,True,False,True,True,False,False,False,False,False,True,6
500387843,BLACK CABLE CHAIN,0,0,0,794.01,Dead,Maintain Algo,False,False,False,False,False,False,False,False,False,False,False,False,True,False,False,True,False,False,False,False,False,False,True,False,True,3
500390810,"X900,CHILLER",0,0,0,5400.0,Dead,Maintain Algo,False,False,False,False,False,False,False,False,False,False,False,False,True,True,True,True,False,False,False,False,False,False,False,False,True,4
500390892,R LCD AND USB HUB PWR CABLE,0,0,0,56.0,Dead,Maintain Algo,False,False,False,False,False,False,False,False,False,False,False,False,True,True,True,True,False,False,False,False,False,False,False,False,True,4
500390893,FRONT MONITOR PWR CABLE ASSYII,0,0,0,28.0,Dead,Maintain Algo,False,False,False,False,False,False,False,False,False,False,False,False,True,True,True,True,False,False,False,False,False,False,False,False,True,4
500391825,BH NOZZLE WITH PROBE PIN ASSY,0,0,0,202.0,Dead,Maintain Algo,False,False,False,False,False,False,False,False,False,False,False,False,True,False,False,True,False,False,False,False,False,False,False,False,True,2
500393459,DPA Z MOVING END COVER (OPTIONAL),0,0,0,143.0,Dead,Maintain Algo,False,False,False,False,False,False,False,False,False,False,False,False,True,False,False,True,False,False,False,False,False,False,False,False,True,2
500393549,COPPER PASTE FOR APPJ,0,0,0,147.44,Dead,Maintain Algo,False,False,False,False,False,False,False,False,False,False,False,False,True,True,True,True,False,False,False,False,False,False,True,False,True,5
500394366,DAMPING TAPE GUIDE,0,0,0,224.72,Dead,Maintain Algo,False,False,False,False,False,False,False,False,False,False,False,False,True,False,False,True,False,False,False,False,False,False,False,False,True,2
500394367,DAMPING TAPE,0,0,0,4.45,Dead,Maintain Algo,False,False,False,False,False,False,False,False,False,False,False,False,True,True,True,True,False,False,False,False,False,False,False,False,True,4
500396049,VACUMN PEN PAC-VAC KIT,1,0,0,813.2,Dead,Decrease Algo,False,False,False,False,False,False,False,False,False,False,False,False,True,False,False,True,False,False,False,False,False,False,True,True,True,4
500396332,86-70002 BRAIDED GROUND WIRE CABLE,0,0,0,7.0,Dead,Maintain Algo,False,False,False,False,False,False,False,False,False,False,False,False,True,True,True,True,False,False,False,False,False,False,False,False,True,4
500396602,THIN SOC HD CAP SCREW M3X4,0,0,0,10.0,Dead,Maintain Algo,False,False,False,False,False,False,False,False,False,False,False,False,True,False,False,True,False,False,False,False,False,False,True,False,True,3
500396607,ETHERCAT COMMUNICATION MODULE,0,0,0,396.72,Dead,Maintain Algo,False,False,False,False,False,False,False,False,False,False,False,False,True,True,True,True,False,False,False,False,False,False,False,False,True,4
500397501,BEW CLAMP ASSY,0,0,0,359.56,Dead,Maintain Algo,False,False,False,False,False,False,False,False,False,False,False,False,True,False,False,True,False,False,False,False,False,False,False,False,True,2
500398570,CAMERA LINK CABLE SET FOR DCIIA,0,0,0,5849.0,Dead,Maintain Algo,False,False,False,False,False,False,False,False,False,False,False,False,True,False,False,True,False,False,False,False,False,False,False,False,True,2
500399044,"PHOENIX-UGK,VISION PC ASSEMBLY",0,0,0,8000.0,Dead,Maintain Algo,False,False,False,False,False,False,False,False,False,False,False,False,True,False,False,False,False,False,False,False,False,False,True,False,True,2
500402202,HEATER CABLE CLAMP - SYMMETRIC,0,0,0,49.84,Dead,Maintain Algo,False,False,False,False,False,False,False,False,False,False,False,False,True,False,False,True,False,False,False,False,False,False,True,False,True,3
500402203,COOLING BLOCK ASSY FOR DMC - SYM,0,0,0,1999.83,Dead,Maintain Algo,False,False,False,False,False,False,False,False,False,False,False,False,True,False,False,True,False,False,False,False,False,False,True,False,True,3
500402361,SMARTFEEDER 32MM,0,0,0,2610.0,Dead,Maintain Algo,False,False,False,False,False,False,False,False,False,False,False,False,True,False,True,True,False,False,False,False,False,False,True,False,True,4
500403191,SENSOR HEAD TO CAMERA BOARD CABLE -1000,0,0,0,48.95,Dead,Maintain Algo,False,False,False,False,False,False,False,False,False,False,False,False,True,False,False,True,False,False,False,False,False,False,True,False,True,3
500403583,"PULSE HEATER 2ND SOURCE,DMC,N,PT COAT",0,0,0,9203.49,Dead,Maintain Algo,False,False,False,False,False,False,False,False,False,False,False,False,True,False,True,True,False,False,False,False,False,False,True,False,True,4
500404213,TAR BAY (TB) -STA,1,0,0,3650.0,New Part,Decrease Algo,False,False,False,False,False,False,False,False,False,False,False,False,True,True,True,False,False,False,False,False,False,False,False,True,True,4
500405337,SHIM 0.08MM,0,0,0,32.13,Dead,Maintain Algo,False,False,False,False,False,False,False,False,False,False,False,False,True,False,False,True,False,False,False,False,False,False,False,True,True,3
500406056,2ND SOURCE HEATER W. SYMM CB,0,0,0,9203.5,Dead,Maintain Algo,False,False,False,False,False,False,False,False,False,False,False,False,True,True,False,True,False,False,False,False,False,False,True,False,True,4
500406561,MICROE ALIGNMENT TOOL FOR M2000,0,0,0,1391.51,Dead,Maintain Algo,False,False,False,False,False,False,False,False,False,False,False,False,True,False,True,True,False,False,False,False,False,False,False,False,True,3
500406904,AIR FLOW SENSOR 8-15VDC,0,0,0,403.22,Dead,Maintain Algo,False,False,False,False,False,False,False,False,False,False,False,False,True,False,False,True,False,False,False,False,False,False,True,False,True,3
500407785,STATIC DISSIPATIVE PLASTIC TUBING 90A,0,0,0,2.69,Dead,Maintain Algo,False,False,False,False,False,False,False,False,False,False,False,False,True,False,False,True,False,False,False,False,False,False,True,False,True,3
500409785,BS PEDESTAL ASSY (SR XCC)77.5X56.5X0.67,1,0,0,9800.0,Dead,Decrease Algo,False,False,False,False,False,False,False,False,False,False,False,False,True,False,True,False,False,False,False,False,False,False,True,True,True,4
500409786,STA PICKHEAD ASSY SET (SR XCC),1,0,0,3650.0,Dead,Decrease Algo,False,False,False,False,False,False,False,False,False,False,False,False,True,False,False,False,False,False,False,False,False,False,True,True,True,3
500410587,RIGHT HEATED PEDESTAL ASSY (FIREBIRD),0,0,0,13316.63,Dead,Maintain Algo,False,False,False,False,False,False,False,False,False,False,False,False,True,False,True,True,False,False,False,False,False,False,False,False,True,3
500411039,(MFE) MAIN FLUX EXHAUST (CYCLONE CDS),0,0,0,3754.02,Dead,Maintain Algo,False,False,False,False,False,False,False,False,False,False,False,False,True,False,True,True,False,False,False,False,False,False,False,False,True,3
500411040,(MFE) PIPE GUIDE ASSY,0,0,0,161.09,Dead,Maintain Algo,False,False,False,False,False,False,False,False,False,False,False,False,True,True,True,True,False,False,False,False,False,False,True,False,True,5
500411041,CAH TO MAIN BONDER SPARE CABLE,0,0,0,330.63,Dead,Maintain Algo,False,False,False,False,False,False,False,False,False,False,False,False,True,False,False,True,False,False,False,False,False,False,True,False,True,3
500411042,DIGITAL CAP SENSOR,0,0,0,20629.31,Dead,Maintain Algo,False,False,False,False,False,False,False,False,False,False,False,False,True,False,False,True,False,False,False,False,False,False,True,False,True,3
500411043,AC TB TO ROUTER POWER CABLE,0,0,0,50.73,Dead,Maintain Algo,False,False,False,False,False,False,False,False,False,False,False,False,True,False,False,True,False,False,False,False,False,False,True,False,True,3
500411044,AC TB TO ROUTER POWER CABLE,0,0,0,50.73,Dead,Maintain Algo,False,False,False,False,False,False,False,False,False,False,False,False,True,False,False,True,False,False,False,False,False,False,True,False,True,3
500411045,F KVM AND JOY EXT CABLE2,0,0,0,32.93,Dead,Maintain Algo,False,False,False,False,False,False,False,False,False,False,False,False,True,False,True,True,False,False,False,False,False,False,True,False,True,4
500411048,3/8 INCH BENT PROBES (NON MARKING),1,0,0,334.96,Dead,Decrease Algo,False,False,False,False,False,False,False,False,False,False,False,False,True,False,False,True,False,False,False,False,False,False,True,True,True,4
500413024,GRAPHITE GASKET,0,0,0,14.5,Active Moving,Increase Algo,False,False,False,False,False,False,False,False,False,False,False,False,False,False,False,True,False,True,True,False,False,False,False,False,False,3
500413025,"EATON 1550VA BBU, 220V, RELAY BD",0,0,0,3490.0,Dead,Maintain Algo,False,False,False,False,False,False,False,False,False,False,False,False,True,True,True,True,False,True,True,False,False,False,False,False,True,6
500413026,"GASKET, TOP LID, BURN BOX",0,0,0,79.0,Dead,Maintain Algo,False,False,False,False,False,False,False,False,False,False,False,False,True,True,True,True,False,True,True,False,False,False,False,False,True,6
500413027,"UNION TEE PUSH, 1/4'' OD, BR",0,0,0,21.0,Dead,Maintain Algo,False,False,False,False,False,False,False,False,False,False,False,False,True,True,True,True,False,True,True,False,False,False,False,False,True,6
500413028,"UNION TEE, 1/4'' OD LOK, SS",0,0,0,53.0,Dead,Maintain Algo,False,False,False,False,False,False,False,False,False,False,False,False,True,True,True,True,False,True,True,False,False,False,False,False,True,6
500413029,"1/2"" OD UNION ELBOW",0,0,0,63.0,Dead,Maintain Algo,False,False,False,False,False,False,False,False,False,False,False,False,True,True,True,True,False,True,True,False,False,False,False,False,True,6
500413030,"UNION TEE, 1/2'' OD LOK, SS",0,0,0,79.0,Dead,Maintain Algo,False,False,False,False,False,False,False,False,False,False,False,False,True,True,True,True,False,True,True,False,False,False,False,False,True,6
500413032,"SET,NUT AND FERRULES,1/4'',SS",0,0,0,4.0,Dead,Maintain Algo,False,False,False,False,False,False,False,False,False,False,False,False,True,True,True,True,False,True,True,False,False,False,False,False,True,6
500413033,PTFE FITTING 1/2 OD ELBOW,0,0,0,190.0,Dead,Maintain Algo,False,False,False,False,False,False,False,False,False,False,False,False,True,True,True,True,False,True,True,False,False,False,False,False,True,6
500413034,RKI FORMIC CARTRIDGE,0,0,0,1263.0,Active Moving,Increase Algo,False,False,False,False,False,False,False,False,False,False,False,False,False,False,False,True,False,True,True,False,False,False,False,False,False,3
500413035,RKI CO CARTRIDGE,0,0,0,1263.0,Active Moving,Increase Algo,False,False,False,False,False,False,False,False,False,False,False,False,False,False,False,True,False,True,True,False,False,False,False,False,False,3
500413036,"PRESSURE SWITCH, 10PSI",0,0,0,691.0,Dead,Maintain Algo,False,False,False,False,False,False,False,False,False,False,False,False,True,True,True,True,False,True,True,False,False,False,False,False,True,6
500413037,"THERMAL WELL, BUBBLER OMEGA",0,0,0,820.0,Dead,Maintain Algo,False,False,False,False,False,False,False,False,False,False,False,False,True,True,True,True,False,True,True,False,False,False,False,False,True,6
500413038,PRESSURE TRANSDUCER 0-30PSI1/8''NPT316SS,0,0,0,2045.0,Dead,Maintain Algo,False,False,False,False,False,False,False,False,False,False,False,False,True,True,True,True,False,True,True,False,False,False,False,False,True,6
500413039,"SET,NUT AND FERRULES,1/2'',SS",0,0,0,8.0,Dead,Maintain Algo,False,False,False,False,False,False,False,False,False,False,False,False,True,True,True,True,False,True,True,False,False,False,False,False,True,6
500413040,"MASS FLOW CONTROL,N2, 3/8''OD,0-100 SLPM",0,0,0,4477.0,Dead,Maintain Algo,False,False,False,False,False,False,False,False,False,False,False,False,True,True,True,True,False,True,True,False,False,False,False,False,True,6
500413042,BUBBLER TANK BAND HEATER,0,0,0,4937.0,Dead,Maintain Algo,False,False,False,False,False,False,False,False,False,False,False,False,True,True,True,True,False,True,True,False,False,False,False,False,True,6
500413043,"SCALE, 300 LBS",0,0,0,2663.0,Dead,Maintain Algo,False,False,False,False,False,False,False,False,False,False,False,False,True,True,True,True,False,True,True,False,False,False,False,False,True,6
500413044,"MFC, 1000SLPM",0,0,0,6998.0,Dead,Maintain Algo,False,False,False,False,False,False,False,False,False,False,False,False,True,True,True,True,False,True,True,False,False,False,False,False,True,6
500413045,"FORMIC ACID ANALYZER, 1/4'' MALE VCR",1,0,0,12925.0,Active Moving,Maintain Algo,False,False,False,False,False,False,False,False,False,False,False,False,False,False,False,True,False,True,True,False,False,False,False,False,False,3
500413046,SYSTECH O2 ANALYZER,0,0,0,17879.0,Active Moving,Increase Algo,False,False,False,False,False,False,False,False,False,False,False,False,False,False,False,True,False,True,True,False,False,False,False,False,False,3
500413047,"FLUID LEVEL SWITCH, 1'' SAE",0,0,0,1943.0,Dead,Maintain Algo,False,False,False,False,False,False,False,False,False,False,False,False,True,True,True,True,False,True,True,False,False,False,False,False,True,6
500413048,"CATALST, ROUND, B4 GRADE",0,0,0,1654.0,Dead,Maintain Algo,False,False,False,False,False,False,False,False,False,False,False,False,True,True,True,True,False,True,True,False,False,False,False,False,True,6
500413049,"DIFFERENTIAL PRESSURE CONTROLLER, DWYER",0,0,0,1274.0,Dead,Maintain Algo,False,False,False,False,False,False,False,False,False,False,False,False,True,True,True,False,False,True,True,False,False,False,False,False,True,5
500413050,"1/4"" OD UNION ELBOW",0,0,0,46.0,Dead,Maintain Algo,False,False,False,False,False,False,False,False,False,False,False,False,True,True,True,True,False,True,True,False,False,False,False,False,True,6
500413051,"DESKTOP PC, WIN10 PRO, 15,3-RJ45,5-RS232",0,0,0,2598.0,Dead,Maintain Algo,False,False,False,False,False,False,False,False,False,False,False,False,True,True,True,True,False,True,True,False,False,False,False,False,True,6
500413052,"DIAPHRAGM VALVE, 1/4IN OD LOK, SS",0,0,0,889.0,Dead,Maintain Algo,False,False,False,False,False,False,False,False,False,False,False,False,True,True,True,True,False,True,True,False,False,False,False,False,True,6
500413053,"THERMOSTAT, NC, 165F(74C)",0,0,0,49.0,Dead,Maintain Algo,False,False,False,False,False,False,False,False,False,False,False,False,True,True,True,True,False,True,True,False,False,False,False,False,True,6
500413054,"STR PUSH,1/8''NPT X 1/8''OD,BR",0,0,0,5.0,Dead,Maintain Algo,False,False,False,False,False,False,False,False,False,False,False,False,True,True,True,True,False,True,True,False,False,False,False,False,True,6
500413055,"PORT CONNECTOR,LOK,1/4''OD, SS",0,0,0,13.0,Dead,Maintain Algo,False,False,False,False,False,False,False,False,False,False,False,False,True,True,True,True,False,True,True,False,False,False,False,False,True,6
500413056,EATON BBU RELAY CARD,0,0,0,423.0,Dead,Maintain Algo,False,False,False,False,False,False,False,False,False,False,False,False,True,True,True,True,False,True,True,False,False,False,False,False,True,6
500413057,"ELBOW,3/8''LOK X 3/8''FNPT, BR",0,0,0,28.0,Dead,Maintain Algo,False,False,False,False,False,False,False,False,False,False,False,False,True,True,True,True,False,True,True,False,False,False,False,False,True,6
500413058,"ELBOW, 1/4'' OD LOK X NPT, PTFE",0,0,0,122.0,Dead,Maintain Algo,False,False,False,False,False,False,False,False,False,False,False,False,True,True,True,True,False,True,True,False,False,False,False,False,True,6
500413059,"STR LOK, 1/4''OD X NPT, PTFE",0,0,0,87.0,Dead,Maintain Algo,False,False,False,False,False,False,False,False,False,False,False,False,True,True,True,True,False,True,True,False,False,False,False,False,True,6
500413060,"RKI SENSOR, FA, 1/4'' OD",0,0,0,4987.0,Dead,Maintain Algo,False,False,False,False,False,False,False,False,False,False,False,False,True,True,True,True,False,True,True,False,False,False,False,False,True,6
500413061,"RKI SENSOR, CO, 1/4'' OD",0,0,0,4987.0,Dead,Maintain Algo,False,False,False,False,False,False,False,False,False,False,False,False,True,True,True,True,False,True,True,False,False,False,False,False,True,6
500413062,SAMPLE GAS PUMP,0,0,0,2847.0,Dead,Maintain Algo,False,False,False,False,False,False,False,False,False,False,False,False,True,True,True,True,False,True,True,False,False,False,False,False,True,6
500413063,"RELIEF VALVE, STAVAL RVI05",0,0,0,997.0,Dead,Maintain Algo,False,False,False,False,False,False,False,False,False,False,False,False,True,True,True,True,False,True,True,False,False,False,False,False,True,6
500413064,"PNEUMATIC VALVE,1/2'' OD,PTFE",0,0,0,1168.0,Dead,Maintain Algo,False,False,False,False,False,False,False,False,False,False,False,False,True,True,True,True,False,True,True,False,False,False,False,False,True,6
500413065,"DIAPHRAGM VALVE, 1/4'' OD, PTFE",0,0,0,970.0,Dead,Maintain Algo,False,False,False,False,False,False,False,False,False,False,False,False,True,True,True,True,False,True,True,False,False,False,False,False,True,6
500413066,"O RING, SIZE 3-916, EPDM",0,0,0,2.5,Dead,Maintain Algo,False,False,False,False,False,False,False,False,False,False,False,False,True,True,True,True,False,True,True,False,False,False,False,False,True,6
500413067,"O RING, SIZE 3-908, EPDM",0,0,0,1.0,Dead,Maintain Algo,False,False,False,False,False,False,False,False,False,False,False,False,True,True,True,True,False,True,True,False,False,False,False,False,True,6
500413068,"STR,3/4''SAE X 1/2''OD LOK,BORED THRU,SS",0,0,0,51.0,Dead,Maintain Algo,False,False,False,False,False,False,False,False,False,False,False,False,True,True,True,True,False,True,True,False,False,False,False,False,True,6
500413069,"PORT CONNECTOR, 1/2''OD LOK, SS",0,0,0,18.0,Dead,Maintain Algo,False,False,False,False,False,False,False,False,False,False,False,False,True,True,True,True,False,True,True,False,False,False,False,False,True,6
500413070,"STR, 1/2'' OD LOK X 1/4'' STEM, SS",0,0,0,19.0,Dead,Maintain Algo,False,False,False,False,False,False,False,False,False,False,False,False,True,True,True,True,False,True,True,False,False,False,False,False,True,6
500413071,"STR, FVCO TO LOK, 1/4'', SS",0,0,0,193.0,Dead,Maintain Algo,False,False,False,False,False,False,False,False,False,False,False,False,True,True,True,True,False,True,True,False,False,False,False,False,True,6
500413072,"SHUT-OFF VALVE, 1/4''OD PUSH",0,0,0,31.0,Dead,Maintain Algo,False,False,False,False,False,False,False,False,False,False,False,False,True,True,True,True,False,True,True,False,False,False,False,False,True,6
500413073,"CHECK VALVE,25PSI,1/2'' LOK,SS, EPDM",0,0,0,243.0,Dead,Maintain Algo,False,False,False,False,False,False,False,False,False,False,False,False,True,True,True,True,False,True,True,False,False,False,False,False,True,6
500413074,"CHECK VALVE,1/3PSI,1/2''LOK,SS, EPDM",0,0,0,243.0,Dead,Maintain Algo,False,False,False,False,False,False,False,False,False,False,False,False,True,True,True,True,False,True,True,False,False,False,True,False,True,7
500413075,"ELBOW, 1/2'' X 1/4''OD LOK, SS",0,0,0,69.0,Dead,Maintain Algo,False,False,False,False,False,False,False,False,False,False,False,False,True,True,True,True,False,True,True,False,False,False,False,False,True,6
500413076,"1/4 VCR GASKET, SIDE LOAD, SS",0,0,0,27.0,Dead,Maintain Algo,False,False,False,False,False,False,False,False,False,False,False,False,True,True,True,True,False,True,True,False,False,False,False,False,True,6
500413077,"CHECK VALVE, 1/3PSI, 1/4'' LOK, SS, EPDM",0,0,0,164.0,Dead,Maintain Algo,False,False,False,False,False,False,False,False,False,False,False,False,True,True,True,True,False,True,True,False,False,False,False,False,True,6
500413078,"SCALE, 60 LBS",0,0,0,2663.0,Dead,Maintain Algo,False,False,False,False,False,False,False,False,False,False,False,False,True,True,True,True,False,True,True,False,False,False,False,False,True,6
500413079,"STR, 10-32UNF X 1/8"" OD PUSH, BR",0,0,0,5.25,Dead,Maintain Algo,False,False,False,False,False,False,False,False,False,False,False,False,True,True,True,True,False,True,True,False,False,False,False,False,True,6
500413080,1/2 OD TEFLON TUBING,0,0,0,16.0,Dead,Maintain Algo,False,False,False,False,False,False,False,False,False,False,False,False,True,True,True,True,False,True,True,False,False,False,False,False,True,6
500413081,"TEFLON HOSE, 1/4 OD, 3/16 ID",0,0,0,6.0,Dead,Maintain Algo,False,False,False,False,False,False,False,False,False,False,False,False,True,True,True,True,False,True,True,False,False,False,False,False,True,6
500413082,"PFA TUBING, 1/8'' OD",0,0,0,3.0,Dead,Maintain Algo,False,False,False,False,False,False,False,False,False,False,False,False,True,True,True,True,False,True,True,False,False,False,False,False,True,6
500413083,"ELBOW,1/4'' OD LOK X STEM,SS",0,0,0,42.0,Dead,Maintain Algo,False,False,False,False,False,False,False,False,False,False,False,False,True,True,True,True,False,True,True,False,False,False,False,False,True,6
500413085,"CARBON FILTER, RKI SENSOR",0,0,0,329.0,Active Moving,Increase Algo,False,False,False,False,False,False,False,False,False,False,False,False,False,False,False,True,False,True,True,False,False,False,False,False,False,3
500413086,"BEADED FITTING, 1/2ID X 3/8NPT, BR",0,0,0,17.0,Dead,Maintain Algo,False,False,False,False,False,False,False,False,False,False,False,False,True,True,True,True,False,True,True,False,False,False,False,False,True,6
500413087,"LAMP, 11.7EV, MINIRAE",1,0,0,1279.0,Dead,Decrease Algo,False,False,False,False,False,False,False,False,False,False,False,False,True,True,True,False,False,True,True,False,False,False,True,True,True,7
500414898,NYLON STRIP (INPUTSHUTTLE X TABLE),0,0,0,40.05,Dead,Maintain Algo,False,False,False,False,False,False,False,False,False,False,False,False,True,True,True,True,False,False,False,False,False,False,True,False,True,5
500415155,PROTECTIVE TUBE,0,0,0,4.45,Dead,Maintain Algo,False,False,False,False,False,False,False,False,False,False,False,False,True,False,False,True,False,False,False,False,False,False,True,False,True,3
500417148,SCALE LOCATOR - CARRIAGE,0,0,0,585.62,Dead,Maintain Algo,False,False,False,False,False,False,False,False,False,False,False,False,True,True,True,True,False,False,False,False,False,False,True,False,True,5
500417149,BS Y SCALE PROTECT TOOL (BASE SUPPORT),0,0,0,400.5,Dead,Maintain Algo,False,False,False,False,False,False,False,False,False,False,False,False,True,True,True,True,False,False,False,False,False,False,True,False,True,5
500417150,SILENCER AN101-01,0,0,0,7.57,Dead,Maintain Algo,False,False,False,False,False,False,False,False,False,False,False,False,True,True,True,True,False,False,False,False,False,False,True,False,True,5
500417295,SECONDARY HANDLE (UGK),0,0,0,129.49,Dead,Maintain Algo,False,False,False,False,False,False,False,False,False,False,False,False,True,True,True,True,False,False,False,False,False,False,True,False,True,5
500419967,OT UPLOOK CAM GLASS & MOUNT (RETAINER),0,0,0,313.28,New Part,Maintain Algo,False,False,False,False,False,False,False,False,False,False,False,False,True,True,True,True,False,False,False,False,False,False,False,False,True,4
500420684,FEEDER UNLOCK DEVICE- 40 WAY,0,0,0,2103.94,Dead,Maintain Algo,False,False,False,False,False,False,False,False,False,False,False,False,True,False,False,True,False,False,False,False,False,False,True,False,True,3
500420685,FEEDER-CONTROLL -UNIT 80MHZ 40 SLOTS,0,0,0,3104.94,Dead,Maintain Algo,False,False,False,False,False,False,False,False,False,False,False,False,True,False,False,True,False,False,False,False,False,False,True,False,True,3
500420782,UPS ASSEMBLY FOR 60-20319 AND 05-02454,0,0,0,14466.06,Dead,Maintain Algo,False,False,False,False,False,False,False,False,False,False,False,False,True,True,True,True,False,False,False,False,False,False,True,False,True,5
500421705,"CAMERA,DIGITAL,INTENSIFIER, NEW",0,0,0,164911.0,Dead,Maintain Algo,False,False,False,False,False,False,False,False,False,False,False,False,True,False,False,False,False,False,False,False,False,False,False,False,True,1
500421706,"BOARD,IMAGE,CAPTURE, NEW",0,0,0,18839.0,Dead,Maintain Algo,False,False,False,False,False,False,False,False,False,False,False,False,True,False,False,True,False,False,False,False,False,False,True,False,True,3
500421707,"PC, INSPECTION, NEW",0,0,0,19549.0,Dead,Maintain Algo,False,False,False,False,False,False,False,False,False,False,False,False,True,True,True,True,False,False,False,False,False,False,True,False,True,5
500423491,KEYBOARD UGK FOR SHUTTLES,0,0,0,230.51,Dead,Maintain Algo,False,False,False,False,False,False,False,False,False,False,False,False,True,True,True,True,False,False,False,False,False,False,True,False,True,5
500423492,KEYBOARD UGK FOR PHX,0,0,0,1861.88,Dead,Maintain Algo,False,False,False,False,False,False,False,False,False,False,False,False,True,True,True,True,False,False,False,False,False,False,True,False,True,5
500423493,FRONT HMI KEYBOARD UGK,0,0,0,944.29,Dead,Maintain Algo,False,False,False,False,False,False,False,False,False,False,False,False,True,False,False,True,False,False,False,False,False,False,True,False,True,3
500423494,REAR HMI KEYBOARD UGK,0,0,0,944.29,Dead,Maintain Algo,False,False,False,False,False,False,False,False,False,False,False,False,True,True,True,True,False,False,False,False,False,False,True,False,True,5
500425123,"DIFFUSER INNER WM, 10.77X30 SD",0,0,0,195.3,Dead,Maintain Algo,False,False,False,False,False,False,False,False,False,False,False,False,True,True,True,True,False,False,False,False,False,False,False,False,True,4
500426460,"BANK,NOZZLE,BS,40X30",0,0,0,550.0,Dead,Maintain Algo,False,False,False,False,False,False,False,False,False,False,False,False,False,False,False,True,False,False,False,False,False,False,False,False,False,1
500427305,"TCB IR TARGET,SIC140",1,0,0,156.0,Active Moving,Maintain Algo,False,False,False,False,False,False,False,False,False,False,False,False,False,False,False,True,False,False,False,False,False,False,False,False,False,1
500427420,"50494,L,1MM,28.389X22.317,REV3",0,0,0,5000.0,Dead,Maintain Algo,False,False,False,False,False,False,False,False,False,False,False,False,True,True,True,False,False,False,False,False,False,False,False,False,True,3
500428197,"FLAT GASKET,ORANGE",1,0,0,27.0,New Part,Decrease Algo,False,False,False,False,False,False,False,False,False,False,False,False,True,False,True,False,False,True,True,False,False,False,False,True,True,5
500429302,"50515,L,1 MM,20.097X20.362",1,0,0,4500.0,Dead,Decrease Algo,False,False,False,False,False,False,False,False,False,False,False,False,True,False,True,True,False,False,False,False,False,False,True,True,True,5
500429470,FLUX EXHAUST SUPPLY AIR FLOW SWITCH UGK,0,0,0,485.94,Dead,Maintain Algo,False,False,False,False,False,False,False,False,False,False,False,False,True,True,True,True,False,False,False,False,False,False,True,False,True,5
500430291,"LIGHTING,PANEL,FOV,30X60,WITH,SLOT",0,0,0,448.56,Dead,Maintain Algo,False,False,False,False,False,False,False,False,False,False,False,False,True,False,False,True,False,False,False,False,False,False,True,False,True,3
500430505,CABLE FOR FLOW SENSOR,0,0,0,321.55,Dead,Maintain Algo,False,False,False,False,False,False,False,False,False,False,False,False,True,True,False,True,False,False,False,False,False,False,True,False,True,4
500431069,LEFT HEATED PEDESTAL ASSY (FIREBIRD),0,0,0,14796.25,Dead,Maintain Algo,False,False,False,False,False,False,False,False,False,False,False,False,True,False,True,True,False,False,False,False,False,False,False,False,True,3
500432513,"50536,L,1 MM,19.604X19.709",0,0,0,4500.0,Dead,Maintain Algo,False,False,False,False,False,False,False,False,False,False,False,False,True,False,True,True,False,False,False,False,False,False,False,False,True,3
500433108,"GASKET ALTERATION, P-EXTRUSION- TUNNEL",0,0,0,18.27,Dead,Maintain Algo,False,False,False,False,False,False,False,False,False,False,False,False,True,True,True,True,False,True,True,False,False,False,False,False,True,6
500433110,DA-60S VACUUM PUMP REBUILD KIT,0,0,0,687.0,Dead,Maintain Algo,False,False,False,False,False,False,False,False,False,False,False,False,True,True,True,True,False,True,True,False,False,False,False,False,True,6
500435315,CAMERA PROTECTIVE COVER,1,0,0,35.0,Active Moving,Maintain Algo,False,False,False,False,False,False,False,False,False,False,False,False,False,False,False,True,False,False,False,False,False,False,False,False,False,1
500435509,GATE(PLATE),0,0,0,415.8,Dead,Maintain Algo,False,False,False,False,False,False,False,False,False,False,False,False,True,True,True,True,False,True,True,False,False,False,False,False,True,6
500462479,(DPA)LIGHT SHIELD  DIE BOND-8,0,0,0,60.52,Dead,Maintain Algo,False,False,False,False,False,False,False,False,False,False,False,False,True,False,True,True,False,False,False,False,False,False,True,False,True,4
500462481,LBS TC CABLE ASSY,0,0,0,39.16,Dead,Maintain Algo,False,False,False,False,False,False,False,False,False,False,False,False,True,True,True,True,False,False,False,False,False,False,True,False,True,5
500462483,RBS TC CABLE ASSY,0,0,0,44.5,Dead,Maintain Algo,False,False,False,False,False,False,False,False,False,False,False,False,True,False,False,True,False,False,False,False,False,False,True,False,True,3
500610218,BANK 1 WITH KINEMATICS ASSY (28X19 1MM),0,0,0,650.0,Dead,Maintain Algo,False,False,False,False,False,False,False,False,False,False,False,False,True,False,False,True,False,False,False,False,False,False,False,False,True,2
500610221,BANK 2 WITH KINEMATICS ASSY (28X19 1MM),0,0,0,650.0,Active Moving,Increase Algo,False,False,False,False,False,False,False,False,False,False,False,False,False,False,False,True,False,False,False,False,False,False,False,False,False,1
500610222,BANK 3 WITH KINEMATICS ASSY (28X19 1MM),0,0,0,650.0,Dead,Maintain Algo,False,False,False,False,False,False,False,False,False,False,False,False,True,False,False,True,False,False,False,False,False,False,True,False,True,3
500610223,BANK 1 WITH KINEMATICS ASSY (34X24 1MM),0,0,0,700.0,Dead,Maintain Algo,False,False,False,False,False,False,False,False,False,False,False,False,True,False,True,True,False,False,False,False,False,False,False,False,True,3
500610224,BANK 2 WITH KINEMATICS ASSY (34X24 1MM),0,0,0,700.0,Dead,Maintain Algo,False,False,False,False,False,False,False,False,False,False,False,False,True,False,False,True,False,False,False,False,False,False,False,False,True,2
500610226,BANK 3 WITH KINEMATICS ASSY (40X30 1MM),0,0,0,700.0,Dead,Maintain Algo,False,False,False,False,False,False,False,False,False,False,False,False,False,False,False,True,False,False,False,False,False,False,True,False,False,2
500682256,"DL OPTICS MOUNT L EXT (PHX,SLOT)",0,0,0,70.0,Active Moving,Increase Algo,False,False,False,False,False,False,False,False,False,False,False,False,False,False,False,True,False,False,False,False,False,False,False,False,False,1
500682257,"DL OPTICS MOUNT R EXT (PHX,SLOT)",0,0,0,70.0,Active Moving,Increase Algo,False,False,False,False,False,False,False,False,False,False,False,False,False,False,False,True,False,False,False,False,False,False,False,False,False,1
500682346,INSOR SENSOR 24VDC W ROUND CONNECTOR,0,0,0,342.0,Dead,Maintain Algo,False,False,False,False,False,False,False,False,False,False,False,False,True,True,True,True,False,False,False,False,False,False,True,False,True,5
500682347,AL 6061 FIXTURE -20-105C FOR IR SENSOR,0,0,0,185.0,Dead,Maintain Algo,False,False,False,False,False,False,False,False,False,False,False,False,True,False,False,True,False,False,False,False,False,False,True,False,True,3
500682349,IR SENSOR CS-MINI KIT,0,0,0,675.0,Dead,Maintain Algo,False,False,False,False,False,False,False,False,False,False,False,False,True,False,False,True,False,False,False,False,False,False,True,False,True,3
500682686,(BH) TIP TILT ROT X FULL ASSY,0,0,0,4183.0,Dead,Maintain Algo,False,False,False,False,False,False,False,False,False,False,False,False,True,False,False,True,False,False,False,False,False,False,True,False,True,3
500682687,(BH) TIP TILT ROT X AUX FULL ASSY,0,0,0,4183.0,Dead,Maintain Algo,False,False,False,False,False,False,False,False,False,False,False,False,True,False,False,True,False,False,False,False,False,False,False,False,True,2
500682688,(BH) TIP TILT ROT Y FULL ASSY,0,0,0,4183.0,Dead,Maintain Algo,False,False,False,False,False,False,False,False,False,False,False,False,True,False,False,True,False,False,False,False,False,False,True,False,True,3
500682689,(BH) TIP TILT ROT Y AUX FULL ASSY,0,0,0,4183.0,Dead,Maintain Algo,False,False,False,False,False,False,False,False,False,False,False,False,True,False,False,True,False,False,False,False,False,False,True,False,True,3
500682792,"EXHAUST GAS HOSE F20MM, 7.0METERS",0,0,0,702.91,Dead,Maintain Algo,False,False,False,False,False,False,False,False,False,False,False,False,True,False,False,True,False,False,False,False,False,False,False,True,True,3
500683239,(MFE) OD12 PIPE UNION,0,0,0,58.74,Dead,Maintain Algo,False,False,False,False,False,False,False,False,False,False,False,False,True,True,True,True,False,False,False,False,False,False,True,False,True,5
500683240,(IES)FLUX EXHAUST MANIFOLD ON MID BAR,0,0,0,51.62,Dead,Maintain Algo,False,False,False,False,False,False,False,False,False,False,False,False,True,True,True,True,False,False,False,False,False,False,True,False,True,5
500683241,POLYURETHANE TUBE TU1208C-20,0,0,0,6.23,Dead,Maintain Algo,False,False,False,False,False,False,False,False,False,False,False,False,True,False,False,True,False,False,False,False,False,False,True,False,True,3
500683242,HEX.SOC.HD.MALE CONNECTOR,0,0,0,30.26,Dead,Maintain Algo,False,False,False,False,False,False,False,False,False,False,False,False,True,True,True,True,False,False,False,False,False,False,True,False,True,5
500683305,"ASSY, 30A CM POWER MANAGER C30",0,0,0,2000.0,Active Moving,Maintain Algo,False,False,False,False,False,False,False,False,False,False,False,False,False,False,False,True,False,False,False,False,False,False,False,False,False,1
500684687,SILICONE KEYBOARD PROTECTOR,0,0,0,1.34,Dead,Maintain Algo,False,False,False,False,False,False,False,False,False,False,False,False,True,True,False,True,False,False,False,False,False,False,True,False,True,4
500686941,O-RING,0,0,0,190.5,Dead,Maintain Algo,False,False,False,False,False,False,False,False,False,False,False,False,True,False,False,True,False,False,False,False,False,False,True,True,True,4
500686954,FABRICATE INTERPOLATOR BRACKET,1,0,0,56.5,Dead,Decrease Algo,False,False,False,False,False,False,False,False,False,False,False,False,True,True,True,True,False,False,False,False,False,False,True,True,True,6
500687333,COT SAFETY SWITCH,0,0,0,62.31,Dead,Maintain Algo,False,False,False,False,False,False,False,False,False,False,False,False,True,True,True,True,False,False,False,False,False,False,True,False,True,5
500688142,SOFT POLYURETHANE TUBING TUS0604B-20,0,0,0,4.0,Dead,Maintain Algo,False,False,False,False,False,False,False,False,False,False,False,False,True,False,False,True,False,False,False,False,False,False,False,False,True,2
500688305,PEDESTAL VACUUM CHECK JIG,0,0,0,304.44,Dead,Maintain Algo,False,False,False,False,False,False,False,False,False,False,False,False,True,True,True,True,False,False,False,False,False,False,False,False,True,4
500688559,16-CHANNEL DIG. INPUT TERMINAL 24V DC,1,0,0,198.0,Active Moving,Decrease Algo,False,False,False,False,False,False,False,False,False,False,False,False,False,False,False,True,False,False,False,False,False,False,False,True,False,2
500688560,"4CH,ANALOG,OUTPUT,TERMINAL,0..10 V",1,0,0,372.0,Active Moving,Maintain Algo,False,False,False,False,False,False,False,False,False,False,False,False,False,False,False,True,False,False,False,False,False,False,False,True,False,2
500688561,"ETHERCAT,COUPLER FOR,E-BUS,TERMINALS",1,0,0,270.0,Active Moving,Increase Algo,False,False,False,False,False,False,False,False,False,False,False,False,False,False,False,True,False,False,False,True,False,False,False,False,False,2
500688562,PS TERMINAL FOR E-BUS REFRESHMENT,1,0,0,138.0,Active Moving,Decrease Algo,False,False,False,False,False,False,False,False,False,False,False,False,False,False,False,True,False,False,False,False,False,False,False,True,False,2
500688563,"16-CHANNEL,DIG,OUTPUT,TERMINAL,24V,DC",1,0,0,216.0,Active Moving,Maintain Algo,False,False,False,False,False,False,False,False,False,False,False,False,False,False,False,True,False,False,False,False,False,False,False,True,False,2
500688564,"PROFINET,RT,CONTROLLER,TERMINAL,MASTER",1,0,0,1194.0,Active Moving,Maintain Algo,False,False,False,False,False,False,False,False,False,False,False,False,False,False,False,True,False,False,False,False,False,False,False,True,False,2
500688565,"CAN,OPEN,MASTER,TERMINAL",1,0,0,1098.0,Active Moving,Maintain Algo,False,False,False,False,False,False,False,False,False,False,False,False,False,False,False,True,False,False,False,False,False,False,False,True,False,2
500688566,"AS2022-0H10,STEPPER,MOTOR,24/50VDC",1,0,0,870.0,Active Moving,Maintain Algo,False,False,False,False,False,False,False,False,False,False,False,False,False,False,False,False,False,False,False,False,False,False,False,True,False,1
500688567,"COMPACT,INDUSTRIAL,-PC 2,8 GHZ,2CORES",0,0,0,7620.0,Dead,Maintain Algo,False,False,False,False,False,False,False,False,False,False,False,False,True,True,True,False,False,False,False,False,False,False,False,False,True,3
500688568,"DAE10,MAINTENANCE,UNIT,COMPLETE",0,0,0,2053.5,Dead,Maintain Algo,False,False,False,False,False,False,False,False,False,False,False,False,True,True,True,False,False,False,False,False,False,False,False,False,True,3
500688569,"EDGE,BELT,CONVEYOR,RAIL,KIT,2,DRIVE",0,0,0,0.01,Dead,Maintain Algo,False,False,False,False,False,False,False,False,False,False,False,False,True,True,True,True,False,False,False,False,False,False,False,True,True,5
500688570,PLASMATREAT GANTRY,0,0,0,0.01,Dead,Maintain Algo,False,False,False,False,False,False,False,False,False,False,False,False,True,True,True,True,False,False,False,False,False,False,False,False,True,4
500688571,"MACHINE,LIGHT,MSAL,90,SIP68,ALUMINIUM",0,0,0,1520.7,Dead,Maintain Algo,False,False,False,False,False,False,False,False,False,False,False,False,True,True,True,False,False,False,False,False,False,False,False,False,True,3
500688572,"ENERGY CHAIN, LENGTH = 644MM",0,0,0,150.0,Dead,Maintain Algo,False,False,False,False,False,False,False,False,False,False,False,False,True,True,True,True,False,False,False,False,False,False,False,False,True,4
500688577,"EXPANSION,UNIT,(CV-X400,XG-X),CA-DC40E",0,0,0,1374.0,Dead,Maintain Algo,False,False,False,False,False,False,False,False,False,False,False,False,True,True,True,True,False,False,False,True,False,False,False,False,True,5
500688578,"LED,LIGHTING,ROD,TYPE,WHITE,CA-DBW24W",0,0,0,4230.0,Dead,Maintain Algo,False,False,False,False,False,False,False,False,False,False,False,False,True,True,True,True,False,False,False,False,False,False,False,False,True,4
500688579,"PTF15672-1,BRACKET,FLOW,SENSOR,PA6,BLK",0,0,0,405.0,Dead,Maintain Algo,False,False,False,False,False,False,False,False,False,False,False,False,True,True,True,False,False,False,False,False,False,False,False,False,True,3
500688580,"SD,20,SIDE,CH,BLOWER,400V,FUK,VARIANT",0,0,0,5386.5,Dead,Maintain Algo,False,False,False,False,False,False,False,False,False,False,False,False,True,True,True,False,False,False,False,False,False,False,False,False,True,3
500688581,"PC,INTERFACE,CABLE,INVEOR(2M/M12)",0,0,0,477.3,Dead,Maintain Algo,False,False,False,False,False,False,False,False,False,False,False,False,True,True,True,False,False,False,False,False,False,False,False,False,True,3
500688582,"CONVEYOR,OPT,SENSORS,V20.0",0,0,0,1098.9,Dead,Maintain Algo,False,False,False,False,False,False,False,False,False,False,False,False,True,True,True,False,False,False,False,False,False,False,False,True,True,4
500688583,"EXHAUST,HOSE,DN40,PUR,L",0,0,0,103.23,Dead,Maintain Algo,False,False,False,False,False,False,False,False,False,False,False,False,True,True,True,False,False,False,False,False,False,False,False,True,True,4
500688584,"SDP:,A,6A,3-12DF02508,PULLEY",0,0,0,48.0,Active Moving,Maintain Algo,False,False,False,False,False,False,False,False,False,False,False,False,False,False,False,True,False,False,False,False,False,False,False,True,False,2
500688585,"IDLE,PULLEY,5MM,EB",0,0,0,42.0,Dead,Maintain Algo,False,False,False,False,False,False,False,False,False,False,False,False,True,True,True,True,False,False,False,False,False,False,False,True,True,5
500688586,"WEARSTRIP;1.62M,EB,2DR-RH",0,0,0,390.0,Dead,Maintain Algo,False,False,False,False,False,False,False,False,False,False,False,False,True,True,True,True,False,False,False,False,False,False,False,True,True,5
500688587,"WEARSTRIP;1.62M,EB,DR-LH",0,0,0,390.0,Dead,Maintain Algo,False,False,False,False,False,False,False,False,False,False,False,False,True,True,True,True,False,False,False,False,False,False,False,True,True,5
500688589,"BELT,828XL,X.156X.2,PITCH",0,0,0,102.0,Dead,Maintain Algo,False,False,False,False,False,False,False,False,False,False,False,False,True,True,True,True,False,False,False,False,False,False,False,True,True,5
500688590,"BELT,888XL,X.156X.2,PITCH",0,0,0,192.0,Dead,Maintain Algo,False,False,False,False,False,False,False,False,False,False,False,False,True,True,True,True,False,False,False,False,False,False,False,True,True,5
500688591,"PTF16139-2,CYLINDRICAL,JETBODY,STAINLESS",0,0,0,803.64,Dead,Maintain Algo,False,False,False,False,False,False,False,False,False,False,False,False,True,True,True,True,False,False,False,False,False,False,True,False,True,5
500688592,"GREASE,EP,ADDITIVES,400G,CARTRIDGE",0,0,0,144.3,Dead,Maintain Algo,False,False,False,False,False,False,False,False,False,False,False,False,True,True,True,False,False,False,False,True,False,False,False,False,True,4
500688593,"PTF15533-3,PERFORATED,SHEET,FUNNEL,CUT",0,0,0,410.7,Dead,Maintain Algo,False,False,False,False,False,False,False,False,False,False,False,False,True,True,True,False,False,False,False,True,False,False,False,False,True,4
500688594,"10PK,FUSE,600V,10X38MM,25A,15A,10A,5A",0,0,0,2053.5,Dead,Maintain Algo,False,False,False,False,False,False,False,False,False,False,False,False,True,True,True,True,False,False,False,False,False,False,True,True,True,6
500688595,"DIGITAL,FIBER,SENSOR,MAIN,UNIT,(M8TYPE)",0,0,0,1287.6,Dead,Maintain Algo,False,False,False,False,False,False,False,False,False,False,False,False,True,True,True,False,False,False,False,True,False,False,False,False,True,4
500688596,"SK,EXIT,FILTER,W:116.5XH: 116.5XD:16MM",0,0,0,66.87,Dead,Maintain Algo,False,False,False,False,False,False,False,False,False,False,False,False,True,True,True,False,False,False,False,True,False,False,False,False,True,4
500688597,"SENSOR,CABINET,DOOR,MONITOR,ELEC.V20.0",0,0,0,441.78,Dead,Maintain Algo,False,False,False,False,False,False,False,False,False,False,False,False,True,True,True,False,False,False,False,True,False,False,False,False,True,4
500688598,"LAMPS,FOR,SERVICE,SPACE,V20.0",0,0,0,876.9,Dead,Maintain Algo,False,False,False,False,False,False,False,False,False,False,False,False,True,True,True,False,False,False,False,True,False,False,False,False,True,4
500688599,"RD1004-JETHEAD,DUSTCOVER,V20.0",0,0,0,16848.0,Active Moving,Increase Algo,False,False,False,False,False,False,False,False,False,False,False,False,False,False,False,True,False,False,False,True,False,False,False,True,False,3
500688601,"SIGNAL,LIGHT,ELECTRICAL,V20.0",0,0,0,610.5,Dead,Maintain Algo,False,False,False,False,False,False,False,False,False,False,False,False,True,True,True,False,False,False,False,True,False,False,False,False,True,4
500688602,"HMI,OPERATIONS,COMPLETE,ELECTR.",0,0,0,0.01,Dead,Maintain Algo,False,False,False,False,False,False,False,False,False,False,False,False,True,True,True,True,False,False,False,True,False,False,False,False,True,5
500688603,PCU-M,1,0,0,20320.2,Active Moving,Increase Algo,False,False,False,False,False,False,False,False,False,False,False,False,False,False,False,False,False,False,False,True,False,False,False,False,False,1
500688604,"STEPPER,MOTOR,TERMINALS,W,FR-50V,DC,5A",1,0,0,690.0,Active Moving,Increase Algo,False,False,False,False,False,False,False,False,False,False,False,False,False,False,False,True,False,False,False,True,False,False,False,False,False,2
500688605,"SAFETY,SENSOR,BNS,260,LEFT,3O,2S",1,0,0,432.9,Active Moving,Maintain Algo,False,False,False,False,False,False,False,False,False,False,False,False,False,False,False,True,False,False,False,False,False,False,False,True,False,2
500688606,SECURE SAFETY GATE SYSTEM TRANSPONDER,1,0,0,2109.0,Active Moving,Decrease Algo,False,False,False,False,False,False,False,False,False,False,False,False,False,False,False,True,False,False,False,False,False,False,False,True,False,2
500688607,NOZZLE HEAD 11 POTENTIAL FREE MOUNTED,1,0,0,749.16,Active Moving,Increase Algo,False,False,False,False,False,False,False,False,False,False,False,False,False,False,False,True,False,False,False,True,False,False,False,False,False,2
500688608,"TIMING,BELT,JET,ROTATION",1,0,0,33.57,Dead,Decrease Algo,False,False,False,False,False,False,False,False,False,False,False,False,False,False,False,True,False,False,False,False,False,False,True,True,False,3
500688609,"AIR,ROTATION,W/ISOLATOR,RD1004/PFW10",1,0,0,550.69,Dead,Decrease Algo,False,False,False,False,False,False,False,False,False,False,False,False,True,False,True,True,False,False,False,False,False,False,True,True,True,5
500688610,GLASS ROD 184MM DIA 5MM,1,0,0,84.14,Active Moving,Maintain Algo,False,False,False,False,False,False,False,False,False,False,False,False,False,False,False,True,False,False,False,False,False,False,False,False,False,1
500688611,"SMALL CARBON BRUSH RD1004,RD2010",4,2,0,5.55,Active Moving,Decrease Algo,False,False,False,False,False,False,False,False,False,False,False,False,False,False,False,True,False,False,False,False,False,False,False,False,False,1
500688613,"MOTOR,M1004,DC",0,0,0,1154.4,Dead,Maintain Algo,False,False,False,False,False,False,False,False,False,False,False,False,True,False,True,True,False,False,False,False,False,False,True,True,True,5
500688614,"SAFETY,SENSOR,ACTUATOR,BPS,260-1",1,0,0,77.7,Active Moving,Decrease Algo,False,False,False,False,False,False,False,False,False,False,False,False,False,False,False,True,False,False,False,False,False,False,False,True,False,2
500688615,50 ASPIRATOR HOSE POLY ESD CONDUCTIVE,0,0,0,241.98,Dead,Maintain Algo,False,False,False,False,False,False,False,False,False,False,False,False,True,True,True,False,False,False,False,True,False,False,False,False,True,4
500688616,"AIR,FLOW,SENSOR,FOR,AIR,10M/S",1,0,0,607.5,Active Moving,Maintain Algo,False,False,False,False,False,False,False,False,False,False,False,False,False,False,False,True,False,False,False,False,False,False,False,True,False,2
500688617,"WIDE,RANGE,MODULE/WRS1501",2,1,0,11110.5,Active Moving,Maintain Algo,False,False,False,False,False,False,False,False,False,False,False,False,False,False,False,True,False,False,False,False,False,False,False,False,False,1
500688618,"INDUCTOR,DR-67",0,0,0,321.9,Dead,Maintain Algo,False,False,False,False,False,False,False,False,False,False,False,False,True,True,True,False,False,False,False,True,False,False,False,False,True,4
500688619,"SAFETY,SENSOR,BNS,260,RIGHT,3O,2S",1,0,0,432.9,Active Moving,Maintain Algo,False,False,False,False,False,False,False,False,False,False,False,False,False,False,False,True,False,False,False,False,False,False,False,True,False,2
500688620,"FESTO,SPINDLE,AXIS,COMPLETE",0,0,0,2430.0,Dead,Maintain Algo,False,False,False,False,False,False,False,False,False,False,False,False,True,True,True,False,False,False,False,True,False,False,False,False,True,4
500688621,"FESTO,AXIAL,KIT,EAMM-A-S38-60P",0,0,0,306.0,Dead,Maintain Algo,False,False,False,False,False,False,False,False,False,False,False,False,True,True,True,True,False,False,False,True,False,False,False,False,True,5
500688622,"Y-AXIS OF PT-GANTRY, TOOTHED BELT 36 NMY",0,0,0,2706.0,Dead,Maintain Algo,False,False,False,False,False,False,False,False,False,False,False,False,True,True,True,True,False,False,False,True,False,False,False,False,True,5
500688623,"AXIAL,KIT,EAMM-A-L48-60H",0,0,0,372.0,Dead,Maintain Algo,False,False,False,False,False,False,False,False,False,False,False,False,True,True,True,True,False,False,False,True,False,False,False,False,True,5
500688624,"GEAR,BOX,EMGA-60-P-G5-EAS-60",0,0,0,888.0,Dead,Maintain Algo,False,False,False,False,False,False,False,False,False,False,False,False,True,True,True,True,False,False,False,True,False,False,False,False,True,5
500688625,DC SERVOMOTOR 310W,0,0,0,2328.0,Dead,Maintain Algo,False,False,False,False,False,False,False,False,False,False,False,False,True,True,True,True,False,False,False,True,False,False,False,False,True,5
500688626,"SHOCK,ABSORBER,RETAINER,KYE-80",0,0,0,126.0,Dead,Maintain Algo,False,False,False,False,False,False,False,False,False,False,False,False,True,True,True,True,False,False,False,False,False,False,False,True,True,5
500688627,"X-AXIS OF PT-GANTRY, TOOTHED BELT 36 NM",0,0,0,3108.0,Dead,Maintain Algo,False,False,False,False,False,False,False,False,False,False,False,False,True,True,True,True,False,False,False,True,False,False,False,False,True,5
500688628,"PROX,SWITCH,SIES-8M-PO-24V-K-0,3-M8D",0,0,0,126.0,Dead,Maintain Algo,False,False,False,False,False,False,False,False,False,False,False,False,True,True,True,True,False,False,False,True,False,False,False,False,True,5
500688629,SERVO DRIVE 600W,0,0,0,3036.0,Dead,Maintain Algo,False,False,False,False,False,False,False,False,False,False,False,False,True,True,True,True,False,False,False,True,False,False,False,False,True,5
500688630,"ROTATION,PULLEY,FOR,MOTOR",0,0,0,169.5,Dead,Maintain Algo,False,False,False,False,False,False,False,False,False,False,False,False,True,True,True,True,False,False,False,False,False,False,True,True,True,6
500688631,"6X14,CLAMPING,SET,4ROTATION,STAINLESS",0,0,0,175.38,Dead,Maintain Algo,False,False,False,False,False,False,False,False,False,False,False,False,True,True,True,True,False,False,False,False,False,False,True,True,True,6
500688632,"O-SEAL,29.0X3.00/RED,O-RING",0,0,0,2.24,Dead,Maintain Algo,False,False,False,False,False,False,False,False,False,False,False,False,True,False,True,True,False,False,False,False,False,False,True,True,True,5
500688633,SK FILTER FAN 55M/24V,0,0,0,457.21,Dead,Maintain Algo,False,False,False,False,False,False,False,False,False,False,False,False,True,True,True,False,False,False,False,False,False,False,False,False,True,3
500688634,"SK,EXIT,FILTER,W:148.5XH:148.5XD:24MM",0,0,0,91.62,Dead,Maintain Algo,False,False,False,False,False,False,False,False,False,False,False,False,True,True,True,False,False,False,False,False,False,False,False,False,True,3
500688635,FILTER FAN 20 M/H 24V DC,0,0,0,307.47,Dead,Maintain Algo,False,False,False,False,False,False,False,False,False,False,False,False,True,True,True,False,False,False,False,False,False,False,False,False,True,3
500688636,"ROTATION,CONNECTOR,PIN",0,0,0,158.95,Dead,Maintain Algo,False,False,False,False,False,False,False,False,False,False,False,False,True,True,True,False,False,False,False,True,False,False,False,False,True,4
500688637,SST ROTATION ROTOR / 53,2,1,0,301.54,Active Moving,Maintain Algo,False,False,False,False,False,False,False,False,False,False,False,False,False,False,False,True,False,False,False,False,False,False,False,False,False,1
500688835,"FEP TUBE, TH0604, OD 6MM, ID 4MM",0,0,0,16.02,Active Moving,Increase Algo,False,False,False,False,False,False,False,False,False,False,False,False,False,False,False,True,False,False,False,False,False,False,False,False,False,1
500694609,HIGH TEMP WIRE,0,0,0,16.75,Dead,Maintain Algo,False,False,False,False,False,False,False,False,False,False,False,False,True,True,True,True,False,True,True,False,False,False,False,False,True,6
500694610,N2/AIR HOSE OR PIPE,0,0,0,11.55,Dead,Maintain Algo,False,False,False,False,False,False,False,False,False,False,False,False,True,True,True,True,False,True,True,False,False,False,False,False,True,6
500694611,Interlock Switch,0,0,0,187.0,Dead,Maintain Algo,False,False,False,False,False,False,False,False,False,False,False,False,True,True,True,True,False,True,True,False,False,False,False,False,True,6
500695338,"INSERT,18X36 DISPENSE CARD HOLDER",1,0,0,95.2,Active Moving,Maintain Algo,False,False,False,False,False,False,False,False,False,False,False,False,False,False,False,True,False,False,False,False,False,False,False,False,False,1
500695665,"ESR,GUIDE,TUBE,BULK FEED",0,0,0,208.8,Dead,Maintain Algo,False,False,False,False,False,False,False,False,False,False,False,False,True,False,False,True,False,False,False,False,False,False,True,False,True,3
500696223,I/P SHUT OT MODULE CABLE&MOUNTING,0,0,0,1159.67,Dead,Maintain Algo,False,False,False,False,False,False,False,False,False,False,False,False,False,False,False,True,False,False,False,False,False,False,True,False,False,2
500697609,PEDESTAL JIG CLAMP,0,0,0,211.8867,Dead,Maintain Algo,False,False,False,False,False,False,False,False,False,False,False,False,True,False,False,True,False,False,False,False,False,False,True,False,True,3
500699047,LOW HEAD CAP SCREW M3 X 6,0,0,0,0.58,Dead,Maintain Algo,False,False,False,False,False,False,False,False,False,False,False,False,True,False,False,True,False,False,False,False,False,False,True,False,True,3
500699048,SET SCREW M4X10,0,0,0,0.1,Active Moving,Increase Algo,False,False,False,False,False,False,False,False,False,False,False,False,False,False,False,True,False,False,False,False,False,False,False,False,False,1
500699255,PLASMA Z-MOTOR ENCODER CABLE,0,0,0,424.0,Dead,Maintain Algo,False,False,False,False,False,False,False,False,False,False,False,False,True,False,True,False,False,False,False,False,False,False,True,False,True,3
500699332,CONTROLLER 4XDUAL DRIVE / 0XHV DRIVE,1,0,0,11607.0,Dead,Maintain Algo,False,False,False,False,False,False,False,False,False,False,False,False,True,True,True,True,False,True,True,False,False,False,True,True,True,8
500699333,"SMART,SENSOR,BOARD",0,0,0,720.0,Dead,Maintain Algo,False,False,False,False,False,False,False,False,False,False,False,False,True,True,True,True,False,True,True,False,False,False,False,True,True,7
500699334,"SINGLE,GLASSDIE,5X5",0,0,0,90.0,Dead,Maintain Algo,False,False,False,False,False,False,False,False,False,False,False,False,True,True,True,False,False,True,True,False,False,False,False,False,True,5
500699335,"SINGLE,GLASSDIE,15X15",0,0,0,120.0,Dead,Maintain Algo,False,False,False,False,False,False,False,False,False,False,False,False,True,True,True,False,False,True,True,False,False,False,False,False,True,5
500699336,"SINGLE,GLASSDIE,25X25",0,0,0,240.0,Dead,Maintain Algo,False,False,False,False,False,False,False,False,False,False,False,False,True,True,True,True,False,True,True,False,False,False,False,False,True,6
500699337,"SINGLE,GLASSDIE,35X35",1,0,0,360.0,Dead,Decrease Algo,False,False,False,False,False,False,False,False,False,False,False,False,True,True,True,True,False,True,True,False,False,False,True,False,True,7
500699341,CBL_DISTRIB_SOL,0,0,0,626.0,Dead,Maintain Algo,False,False,False,False,False,False,False,False,False,False,False,False,True,True,True,True,False,True,True,False,False,False,False,True,True,7
500699342,"ETHERCAT,SLAVE,BASEBOARD",1,0,0,2951.0,Active Moving,Maintain Algo,False,False,False,False,False,False,False,False,False,False,False,False,False,False,False,True,False,True,True,False,False,False,False,False,False,3
500699343,"ETHERCAT,SLAVE,BASEBOARD",1,0,0,2951.0,Active Moving,Maintain Algo,False,False,False,False,False,False,False,False,False,False,False,False,False,False,False,True,False,True,True,False,False,False,False,False,False,3
500699344,"ETHERCAT,SLAVE,I/OBOARD",1,0,0,2264.0,Dead,Maintain Algo,False,False,False,False,False,False,False,False,False,False,False,False,True,True,True,True,False,True,True,False,False,False,True,True,True,8
500699345,TCX3 BONDHEAD HEATER POWER SUPPLY,0,0,0,15688.0,Active Moving,Increase Algo,False,False,False,False,False,False,False,False,False,False,False,False,False,False,False,True,False,True,True,False,False,False,False,True,False,4
500699346,TCX3 INDEXER HEATER POWER SUPPLY,0,0,0,11844.0,Active Moving,Increase Algo,False,False,False,False,False,False,False,False,False,False,False,False,False,False,False,True,False,True,True,False,False,False,False,False,False,3
500699347,CBL_DIST_THETA_ENC,1,0,0,360.0,Dead,Maintain Algo,False,False,False,False,False,False,False,False,False,False,False,False,True,True,True,True,False,True,True,False,False,False,True,True,True,8
500699348,CBL_DIST_THETA_ENC,0,0,0,360.0,Dead,Maintain Algo,False,False,False,False,False,False,False,False,False,False,False,False,True,True,True,True,False,True,True,False,False,False,False,True,True,7
500699349,CBL_TOOL_PRES_SENS,0,0,0,520.0,Active Moving,Increase Algo,False,False,False,False,False,False,False,False,False,False,False,False,False,False,False,True,False,True,True,False,False,False,False,False,False,3
500699350,CBL_TOOL_FLOW_SENS,6,4,0,1115.0,Active Moving,Decrease Algo,False,False,False,False,False,False,False,False,False,False,False,False,False,False,False,True,False,True,True,False,False,False,False,False,False,3
500699354,ASSY WATER LEAKAGE DETECTION BOARD,0,0,0,804.0,Dead,Maintain Algo,False,False,False,False,False,False,False,False,False,False,False,False,True,False,False,True,False,True,True,False,False,False,False,True,True,5
500699357,ASSY EMO BOARD,1,0,0,2538.0,Dead,maintain Algo,False,False,False,False,False,False,False,False,False,False,False,False,True,True,True,True,True,True,True,False,False,False,True,True,True,9
500699358,"I2C,SPLITTERBOARD",0,0,0,74.0,Dead,Maintain Algo,False,False,False,False,False,False,False,False,False,False,False,False,True,True,True,True,False,True,True,False,False,False,False,True,True,7
500699359,SMART_KVM_USB_HUB_BRD,1,0,0,1086.0,Dead,Maintain Algo,False,False,False,False,False,False,False,False,False,False,False,False,True,True,True,True,False,True,True,False,False,False,True,True,True,8
500699360,"ASSY,RTD,SENSORBOARD",1,0,0,820.0,Dead,Maintain Algo,False,False,False,False,False,False,False,False,False,False,False,False,True,True,True,True,False,True,True,False,False,False,True,True,True,8
500699361,"ASSY,RTD,SENSORBOARD",1,0,0,820.0,Dead,Maintain Algo,False,False,False,False,False,False,False,False,False,False,False,False,True,True,True,True,False,True,True,False,False,False,True,True,True,8
500699363,"GALVANICALLY,ISOLATED,RTD,FILTERBOARD",1,0,0,1020.0,Dead,Maintain Algo,False,False,False,False,False,False,False,False,False,False,False,False,True,True,True,True,False,True,True,False,False,False,True,True,True,8
500699364,"FILTER,ASSEMBLY,DIE",1,0,0,500.0,Active Moving,Increase Algo,False,False,False,False,False,False,False,False,False,False,False,False,False,False,False,True,False,True,True,False,False,False,False,False,False,3
500699366,CBL_JUMPER_EXT,0,0,0,6.0,Dead,Maintain Algo,False,False,False,False,False,False,False,False,False,False,False,False,True,True,True,True,False,True,True,False,False,False,False,True,True,7
500699367,CBL_Y_ENCODER_ASSY,1,0,0,1710.0,Dead,Maintain Algo,False,False,False,False,False,False,False,False,False,False,False,False,True,True,True,True,False,True,True,False,False,False,True,True,True,8
500699368,CBL_X_ENC_ASSY,1,0,0,2098.0,Dead,Maintain Algo,False,False,False,False,False,False,False,False,False,False,False,False,True,True,True,True,False,True,True,False,False,False,True,True,True,8
500699369,CBL_MTR_BRK_ASSY,0,0,0,156.0,Dead,Maintain Algo,False,False,False,False,False,False,False,False,False,False,False,False,True,True,True,True,False,True,True,False,False,False,False,True,True,7
500699370,CBL_CYL_ASSY,0,0,0,116.0,Dead,Maintain Algo,False,False,False,False,False,False,False,False,False,False,False,False,True,True,True,True,False,True,True,False,False,False,False,True,True,7
500699371,CBL_CLMP_CYL_ASSY,0,0,0,187.0,Dead,Maintain Algo,False,False,False,False,False,False,False,False,False,False,False,False,True,True,True,True,False,True,True,False,False,False,False,True,True,7
500699372,CBL_TUBE_EXT,0,0,0,152.0,Dead,Maintain Algo,False,False,False,False,False,False,False,False,False,False,False,False,True,True,True,True,False,True,True,False,False,False,False,True,True,7
500699375,"CLAMP_CBL_ADJ_NMTBLE_.69,BUNDLE,DIA",0,0,0,40.0,Dead,Maintain Algo,False,False,False,False,False,False,False,False,False,False,False,False,True,True,True,True,False,True,True,False,False,False,False,True,True,7
500699376,ETHERCAT 6 PORT JUNCTION,1,0,0,1028.8,Dead,Maintain Algo,False,False,False,False,False,False,False,False,False,False,False,False,True,True,True,True,False,True,True,False,False,False,True,True,True,8
500699377,STEPPERMOTOR,1,0,0,320.0,Dead,Maintain Algo,False,False,False,False,False,False,False,False,False,False,False,False,True,True,True,True,False,True,True,False,False,False,True,True,True,8
500699378,"STEPPERMOTOR,55.5MM",1,0,0,168.0,Dead,Maintain Algo,False,False,False,False,False,False,False,False,False,False,False,False,True,True,True,True,False,True,True,False,False,False,True,True,True,8
500699379,"STEPPERMOTOR,36MM,REARSHAFT,L=8",1,0,0,162.0,Dead,Maintain Algo,False,False,False,False,False,False,False,False,False,False,False,False,True,True,True,True,False,True,True,False,False,False,True,True,True,8
500699380,FLEXI SOFT ANALOG INPUT MODULE,0,0,0,759.8,Active Moving,Increase Algo,False,False,False,False,False,False,False,False,False,False,False,False,False,False,False,True,False,True,True,False,False,False,False,False,False,3
500699381,"READHEAD,MINIATURE_BORE,DIA=6.35",1,0,0,85.0,Dead,Maintain Algo,False,False,False,False,False,False,False,False,False,False,False,False,True,True,True,True,False,True,True,False,False,False,True,True,True,8
500699382,"READHEAD,MINIATURE_BORE,DIA=5",1,0,0,85.0,Dead,Maintain Algo,False,False,False,False,False,False,False,False,False,False,False,False,True,True,True,True,False,True,True,False,False,False,True,True,True,8
500699383,MOTOR-ENCODER-PULLEY ASSY,0,0,0,688.0,Dead,Maintain Algo,False,False,False,False,False,False,False,False,False,False,False,False,True,False,False,True,False,True,True,False,False,False,False,True,True,5
500699384,"AIRFILTER,LOWPRESSURE,DROP,MINI,PLEA",5,4,0,811.4,Active Moving,Increase Algo,False,False,False,False,False,False,False,False,False,False,False,False,False,False,False,True,False,True,True,False,False,False,False,False,False,3
500699385,"AIRFILTER,ELECTROSTATIC,PANEL,REUSABLE",1,0,0,122.4,Active Moving,Increase Algo,False,False,False,False,False,False,False,False,False,False,False,False,False,False,False,True,False,True,True,False,False,False,False,False,False,3
500699386,"FILTER,HEAVYDUTY,REUSABLEMETAL,12X24X1",2,1,0,78.9,Active Moving,Increase Algo,False,False,False,False,False,False,False,False,False,False,False,False,False,False,False,True,False,True,True,False,False,False,False,False,False,3
500699387,"KIT,GASKET,SCREW,ASSY",0,0,0,16.8,Dead,Maintain Algo,False,False,False,False,False,False,False,False,False,False,False,False,True,True,True,True,False,True,True,False,False,False,False,True,True,7
500699388,PCB NY4120 DUAL DRIVE SLOWER GATE,0,0,0,2171.0,Dead,Maintain Algo,False,False,False,False,False,False,False,False,False,False,False,False,False,False,False,True,False,True,True,False,False,False,False,True,False,4
500699389,"PROPORTIONAL,PRESSURE,CONTROL,VALVE",0,0,0,544.6,Dead,Maintain Algo,False,False,False,False,False,False,False,False,False,False,False,False,True,True,True,True,False,True,True,False,False,False,False,True,True,7
500699390,"CDA,REGULATOR,FILTER",1,0,0,13.2,Dead,Maintain Algo,False,False,False,False,False,False,False,False,False,False,False,False,True,True,True,True,False,True,True,False,False,False,True,True,True,8
500699391,"N2,REGULATOR,FILTER",1,0,0,440.0,Dead,Maintain Algo,False,False,False,False,False,False,False,False,False,False,False,False,True,True,True,True,False,True,True,False,False,False,True,True,True,8
500699392,"FILTER,IN-LINE,AIR,20L/MIN,6MM",1,0,0,34.3,Dead,Maintain Algo,False,False,False,False,False,False,False,False,False,False,False,False,True,True,True,True,False,True,True,False,False,False,True,True,True,8
500699393,FILTER_VACUUM,1,0,0,16.0,Dead,Maintain Algo,False,False,False,False,False,False,False,False,False,False,False,False,True,False,False,False,False,True,True,False,False,False,True,True,True,5
500699394,"FILTER,ELEMENT,FG,HYDRAULIC,FILTER",1,0,0,50.0,Active Moving,Increase Algo,False,False,False,False,False,False,False,False,False,False,False,False,False,False,False,True,False,True,True,False,False,False,False,False,False,3
500699395,"CLEAN,GAS,FILTER,REPLACEMENT,ELEMENT",2,1,0,440.0,Active Moving,Maintain Algo,False,False,False,False,False,False,False,False,False,False,False,False,False,False,False,True,False,True,True,False,False,False,False,False,False,3
500699396,"COUPLING,IN-LINE,0.25IN",0,0,0,16.4,Dead,Maintain Algo,False,False,False,False,False,False,False,False,False,False,False,False,True,True,True,True,False,True,True,False,False,False,False,True,True,7
500699397,"FTG_MALE,ELBOW_M5X0.8X6MMOD",1,0,0,5.0,Dead,Maintain Algo,False,False,False,False,False,False,False,False,False,False,False,False,True,True,True,True,False,True,True,False,False,False,True,True,True,8
500699398,"INSERTBUSH,6X4MM,TUBING,SIZE",1,0,0,6.1,Dead,Maintain Algo,False,False,False,False,False,False,False,False,False,False,False,False,True,True,True,True,False,True,True,False,False,False,True,True,True,8
500699399,"INSERTBUSH,NUT,6X4MM,TUBING,SIZE",1,0,0,17.3,Dead,Maintain Algo,False,False,False,False,False,False,False,False,False,False,False,False,True,True,True,True,False,True,True,False,False,False,True,True,True,8
500699400,"VALVE_ SOL_ 24VDC 3/2_ 1/8,PORT,EXTPILOT",1,0,0,116.8,Dead,Maintain Algo,False,False,False,False,False,False,False,False,False,False,False,False,True,False,True,True,False,True,True,False,False,False,True,True,True,7
500699401,VALVE DIRECTIONAL CONTROL N.C.,1,0,0,80.8,Dead,Maintain Algo,False,False,False,False,False,False,False,False,False,False,False,False,True,True,True,True,False,True,True,False,False,False,True,True,True,8
500699402,VALVE DIRECTIONAL CONTROL N.O.,1,0,0,77.9,Dead,Maintain Algo,False,False,False,False,False,False,False,False,False,False,False,False,True,True,True,True,False,True,True,False,False,False,True,True,True,8
500699403,"VALVE_ SOL_ 24VDC_ 5PORT_ M5,BODY,PORTED",1,0,0,133.1,Dead,Maintain Algo,False,False,False,False,False,False,False,False,False,False,False,False,True,True,True,True,False,True,True,False,False,False,True,True,True,8
500699404,SOLENOIDVALVE,1,0,0,127.7,Dead,Maintain Algo,False,False,False,False,False,False,False,False,False,False,False,False,True,True,True,True,False,True,True,False,False,False,True,True,True,8
500699405,"VALVE,3/2NC,24V,VAC8.2BAR,M3",1,0,0,80.2,Active Moving,Increase Algo,False,False,False,False,False,False,False,False,False,False,False,False,False,False,False,False,False,True,True,False,False,False,False,False,False,2
500699406,"SOLENOIDVALVE,3PORT,DIRECT,OPERATED",1,0,0,55.6,Dead,Maintain Algo,False,False,False,False,False,False,False,False,False,False,False,False,True,True,True,True,False,True,True,False,False,False,True,True,True,8
500699407,"SOLENOID,VALVE, PRECISER, NO",1,0,0,54.4,Dead,Maintain Algo,False,False,False,False,False,False,False,False,False,False,False,False,True,True,True,True,False,True,True,False,False,False,True,True,True,8
500699408,"SOLENOID,VALVE, PRECISER, NC",1,0,0,54.4,Dead,Maintain Algo,False,False,False,False,False,False,False,False,False,False,False,False,True,True,True,True,False,True,True,False,False,False,True,True,True,8
500699409,"CYLINDER,DOUBLE,ACTING,BORE10,STROKE15",1,0,0,70.5,Dead,Maintain Algo,False,False,False,False,False,False,False,False,False,False,False,False,True,True,True,True,False,True,True,False,False,False,True,True,True,8
500699410,"CYLINDER,DOUBLE ACTING, BORE 10,STROKE4",1,0,0,70.5,Dead,Maintain Algo,False,False,False,False,False,False,False,False,False,False,False,False,True,True,True,True,False,True,True,False,False,False,True,True,True,8
500699412,"O-RING,0.254IN,OD,0.07IN,W,EPDM",0,0,0,5.0,Dead,Increase Algo,False,False,False,False,False,False,False,False,False,False,False,False,True,True,True,True,False,True,True,False,False,False,False,True,True,7
500699413,O-RING,0,0,0,5.0,Dead,Increase Algo,False,False,False,False,False,False,False,False,False,False,False,False,True,True,True,True,False,True,True,False,False,False,False,True,True,7
500699414,"O-RING,ID=3,OD=7,SILICON HIGH TEMP",0,0,0,5.0,Dead,Increase Algo,False,False,False,False,False,False,False,False,False,False,False,False,True,True,True,True,False,True,True,False,False,False,False,True,True,7
500699905,DISPOSABLE EARPLUG ACE GEAR AG PHP-1,1,0,0,0.73,Active Moving,Increase Algo,False,False,False,False,False,False,False,False,False,False,False,False,False,False,False,True,False,True,True,True,False,False,False,False,False,4
500699906,EARMUFF ACE GEAR AG-PHP-1A,1,0,0,47.27,Dead,Decrease Algo,False,False,False,False,False,False,False,False,False,False,False,False,True,False,False,True,False,True,True,False,False,False,True,True,True,6
500699962,ASYMTEK CERAMIC TILE,0,0,0,93.33,Dead,Maintain Algo,False,False,False,False,False,False,False,False,False,False,False,False,True,False,False,True,False,False,False,False,False,False,True,False,True,3
500700870,STA PICKHEAD ASSY SET (SLB),0,0,0,3650.0,New Part,Maintain Algo,False,False,False,False,False,False,False,False,False,False,False,False,True,True,True,True,False,False,False,False,False,False,False,False,True,4
500702084,VALVE COMPL B SERIES,2,1,0,120.79,Active Moving,Decrease Algo,False,False,False,False,False,False,False,False,False,False,False,False,False,False,False,True,False,False,False,False,False,False,False,False,False,1
500702258,SUCTION HANDLE,0,0,0,23.0,Dead,Maintain Algo,False,False,False,False,False,False,False,False,False,False,False,False,True,False,False,True,False,False,False,False,False,False,True,False,True,3
500703131,PULLEY WITH CLAMPING,0,0,0,550.85,Dead,Maintain Algo,False,False,False,False,False,False,False,False,False,False,False,False,True,False,False,True,False,False,False,False,False,False,True,False,True,3
500705265,BH TC CONN CABLE ASSY,0,0,0,37.0,Dead,Maintain Algo,False,False,False,False,False,False,False,False,False,False,False,False,False,False,False,True,False,False,False,False,False,True,False,False,True,2
500705266,BH TC CONN CABLE ASSY,0,0,0,38.5,Dead,Maintain Algo,False,False,False,False,False,False,False,False,False,False,False,False,False,False,False,True,False,False,False,False,False,True,False,False,True,2
500705267,DFH 24V PWRTRI CABLE1,0,0,0,57.0,Dead,Maintain Algo,False,False,False,False,False,False,False,False,False,False,False,False,True,False,False,True,False,False,False,False,False,False,True,False,True,3
500706037,(CIE) FONT DOOR ASSY,0,0,0,374.0,Dead,Maintain Algo,False,False,False,False,False,False,False,False,False,False,False,False,True,False,True,True,False,False,False,False,False,False,True,False,True,4
500707206,"PITOT TUBE, STAINLESS STEEL TPL-03-100",1,0,0,876.9,Active Moving,Maintain Algo,False,False,False,False,False,False,False,False,False,False,False,False,False,False,False,True,False,False,False,False,False,False,False,True,False,2
500707207,PVC HOSE 5 X 1.0 MM TRANSPARENT,0,0,0,12.32,Dead,Maintain Algo,False,False,False,False,False,False,False,False,False,False,False,False,True,True,True,False,False,False,False,False,False,False,False,True,True,4
500707208,JUNCTION BOX RD1004 V20.0,0,0,0,7659.0,Dead,Maintain Algo,False,False,False,False,False,False,False,False,False,False,False,False,True,True,True,False,False,False,False,True,False,False,False,False,True,4
500707209,EMC CABLE SUSPENSION RD1004,0,0,0,33.33,Dead,Maintain Algo,False,False,False,False,False,False,False,False,False,False,False,False,True,False,False,True,False,False,False,True,False,False,True,False,True,4
500707210,"FERRULE SET 1/8"", 3,17MM",0,0,0,15.52,Dead,Maintain Algo,False,False,False,False,False,False,False,False,False,False,False,False,True,True,True,False,False,False,False,True,False,False,False,False,True,4
500707211,ZIP1605 DC 100-400V 10A/AC 100-400V 10A,1,0,0,12663.0,Active Moving,Increase Algo,False,False,False,False,False,False,False,False,False,False,False,False,False,False,False,True,False,False,False,True,False,False,False,False,False,2
500707286,COLLET VACUUM SENSOR ASSY,0,0,0,208.0,Dead,Maintain Algo,False,False,False,False,False,False,False,False,False,False,False,False,True,True,True,True,False,False,False,False,False,False,True,False,True,5
500707288,"SATA 3.5"" HARD DISK 2TB",0,0,0,300.0,Active Moving,Increase Algo,False,False,False,False,False,False,False,False,False,False,False,False,False,False,False,True,False,False,False,False,False,False,False,False,False,1
500709167,FLOW SENSOR SA5000 UL,0,0,0,2053.0,Dead,Maintain Algo,False,False,False,False,False,False,False,False,False,False,False,False,True,True,True,True,False,False,False,False,False,False,True,True,True,6
500709286,DIGITAL DIFFERENTIAL PRESSURE TRANSMIT,0,0,0,3984.9,Dead,Maintain Algo,False,False,False,False,False,False,False,False,False,False,False,False,True,True,True,False,False,False,False,True,False,False,False,False,True,4
500710188,TRANSPARENT TUBING M6,1,0,0,17.88,Dead,Decrease Algo,False,False,False,False,False,False,False,False,False,False,False,False,True,False,False,True,False,False,False,False,False,False,True,True,True,4
500710517,PHILIP (+) HEAD SCREW M3 X 8,1,0,0,0.09,Dead,Decrease Algo,False,False,False,False,False,False,False,False,False,False,False,False,True,True,True,False,False,False,False,False,False,False,True,False,True,4
500712542,"TCB BOND TOOL 33.00MM,SISIC 501,22.12X20",1,0,0,5000.0,Dead,Maintain Algo,False,False,False,False,False,False,False,False,False,False,False,False,False,False,False,False,False,True,True,False,False,False,True,False,False,3
500712543,"TCB BOND TOOL 33.00MM,SISIC 501,10.81X9.",1,0,0,4500.0,Dead,Maintain Algo,False,False,False,False,False,False,False,False,False,False,False,False,True,False,False,True,False,True,True,False,False,False,True,False,True,5
500712544,DUPLICATE USE 500803094,1,0,0,2400.0,Dead,Decrease Algo,False,False,False,False,False,False,False,False,False,False,False,False,True,False,False,False,False,True,True,False,False,False,True,True,True,5
500712545,"BOND CHUCK,4X1,MATRIX,56.5X100.0X2.05",1,0,0,7250.0,Dead,Decrease Algo,False,False,False,False,False,False,False,False,False,False,False,False,True,False,False,False,False,True,True,False,False,False,True,True,True,5
500712546,"PREHEAT PED,4X1,MATRIX,56.5X100.0X2.05",1,0,0,4000.0,Dead,Decrease Algo,False,False,False,False,False,False,False,False,False,False,False,False,True,True,True,False,False,True,True,False,False,False,True,True,True,7
500712547,"PREHEAT ACTIVE PRECISOR,4X1,MATRIX",1,0,0,2000.0,Dead,Decrease Algo,False,False,False,False,False,False,False,False,False,False,False,False,True,True,True,False,False,True,True,False,False,False,True,True,True,7
500713611,RED_FIBER_OPTIC_LED,0,0,0,2100.0,Dead,Increase Algo,False,False,False,False,False,False,False,False,False,False,False,False,True,True,True,True,False,True,True,False,False,False,False,True,True,7
500713612,BLUE_FIBER_OPTIC_LED,0,0,0,2100.0,Dead,Increase Algo,False,False,False,False,False,False,False,False,False,False,False,False,True,True,True,True,False,True,True,False,False,False,False,True,True,7
500713613,"CAMERAHEAD,5MPIX,W_COOLING",1,0,0,6750.0,Dead,Decrease Algo,False,False,False,False,False,False,False,False,False,False,False,False,False,False,False,True,False,True,True,False,False,False,True,True,False,5
500713614,CBL_DISTRIB_FLOW_SENS,1,0,0,974.0,Dead,Decrease Algo,False,False,False,False,False,False,False,False,False,False,False,False,True,True,True,True,False,True,True,False,False,False,True,True,True,8
500713615,ILLUMINATION_DRIVER_PCB,1,0,0,2013.0,Active Moving,Increase Algo,False,False,False,False,False,False,False,False,False,False,False,False,False,False,False,True,False,True,True,False,False,False,False,False,False,3
500713616,"TRAY_CONTROLLER_POWER_SUPPLY,(TCPS)",0,0,0,18690.0,Dead,Increase Algo,False,False,False,False,False,False,False,False,False,False,False,False,True,True,True,False,False,True,True,False,False,False,False,True,True,6
500713617,CBL_PK_FLAT_ILLUM,1,0,0,10960.0,Dead,Decrease Algo,False,False,False,False,False,False,False,False,False,False,False,False,True,True,True,True,False,True,True,False,False,False,True,True,True,8
500713618,CBL_DIFFUSER_SOL,1,0,0,540.0,Dead,Decrease Algo,False,False,False,False,False,False,False,False,False,False,False,False,True,True,True,True,False,True,True,False,False,False,True,True,True,8
500713619,ASSY_PICK_ILLUM_TRIG_BOARD,1,0,0,660.0,Dead,Decrease Algo,False,False,False,False,False,False,False,False,False,False,False,False,True,True,True,False,False,True,True,False,False,False,True,True,True,7
500713620,CONFOCAL_ENCODER_INTERFACE_ASSY,1,0,0,144.0,Dead,Decrease Algo,False,False,False,False,False,False,False,False,False,False,False,False,True,True,True,True,False,True,True,False,False,False,True,True,True,8
500713621,"ASSY_RTD,AND,TC_SENSOR_BOARD",1,0,0,861.0,Active Moving,Increase Algo,False,False,False,False,False,False,False,False,False,False,False,False,False,False,False,True,False,True,True,False,False,False,False,False,False,3
500713622,USB_TO_DIFF_BOARD,1,0,0,720.0,Dead,Decrease Algo,False,False,False,False,False,False,False,False,False,False,False,False,False,False,False,True,False,True,True,False,False,False,True,True,False,5
500713623,KM_LOCKOUT_CONTROL_BOARD,1,0,0,972.0,Dead,Decrease Algo,False,False,False,False,False,False,False,False,False,False,False,False,True,True,True,True,False,True,True,False,False,False,True,True,True,8
500713624,"OBLIQUE_ASSY,FRONT",0,0,0,1950.0,Dead,Increase Algo,False,False,False,False,False,False,False,False,False,False,False,False,True,True,True,True,False,True,True,False,False,False,False,True,True,7
500713625,"OBLIQUE_ASSY,REAR",0,0,0,1950.0,Dead,Increase Algo,False,False,False,False,False,False,False,False,False,False,False,False,True,True,True,True,False,True,True,False,False,False,False,True,True,7
500713626,"OBLIQUE_ILLUMINATOR_ASSY,UP,LEFT",0,0,0,7950.0,Dead,Increase Algo,False,False,False,False,False,False,False,False,False,False,False,False,True,True,True,False,False,True,True,False,False,False,False,True,True,6
500713627,"OBLIQUE_ILLUMINATOR_ASSY,UP,RIGHT",0,0,0,7950.0,Dead,Increase Algo,False,False,False,False,False,False,False,False,False,False,False,False,True,True,True,False,False,True,True,False,False,False,False,True,True,6
500713628,"FIBER_ILLUMINATOR_ASSY,RIGHT",0,0,0,8094.0,Dead,Increase Algo,False,False,False,False,False,False,False,False,False,False,False,False,True,True,True,False,False,True,True,False,False,False,False,True,True,6
500713629,"FIBER_ILLUMINATOR_ASSY,LEFT",0,0,0,8094.0,Active Moving,Increase Algo,False,False,False,False,False,False,False,False,False,False,False,False,False,False,False,False,False,True,True,False,False,False,False,True,False,3
500713630,"DOWELPIN,DIA5X10,H7,CHAMFERED,SUS",10,5,0,6.0,Active Moving,Decrease Algo,False,False,False,False,False,False,False,False,False,False,False,False,False,False,False,True,False,True,True,False,False,False,False,False,False,3
500714627,"DIE,VALVE,SENSOR,ASSY,Y,SLIDE,LT",0,0,0,2362.5,Active Moving,Decrease Algo,False,False,False,False,False,False,False,False,False,False,False,False,False,False,False,False,False,True,True,False,False,False,False,False,False,2
500714628,"DIE,VALVE,SENSOR,ASSY,Y,SLIDE,RT",0,0,0,2362.5,Active Moving,Decrease Algo,False,False,False,False,False,False,False,False,False,False,False,False,False,False,False,True,False,True,True,False,False,False,False,False,False,3
500714629,"FLAT,ILLUM,FRU",0,0,0,17742.0,Dead,Increase Algo,False,False,False,False,False,False,False,False,False,False,False,False,True,True,True,False,False,True,True,False,False,False,False,True,True,6
500715704,APPJ RADIAL SEAL RING #11053,0,0,0,565.46,Dead,Maintain Algo,False,False,False,False,False,False,False,False,False,False,False,False,True,False,False,False,False,False,False,False,False,False,True,True,True,3
500716293,TAPE SUPPORT F32 UPI,1,0,0,210.0,Active Moving,Maintain Algo,False,False,False,False,False,False,False,False,False,False,False,False,False,False,False,True,False,True,True,False,False,False,False,False,False,3
500716295,TAPE SUPPORT F44 UPI,1,0,0,240.0,Active Moving,Maintain Algo,False,False,False,False,False,False,False,False,False,False,False,False,False,False,False,True,False,True,True,False,False,False,False,False,False,3
500717018,TAPE SUPPORT F56 UPI,0,0,0,245.0,Dead,Maintain Algo,False,False,False,False,False,False,False,False,False,False,False,False,True,True,True,True,False,True,True,False,False,False,False,False,True,6
500717398,"THETA,Z,ASSY,RH",1,0,0,1500.0,Dead,Decrease Algo,False,False,False,False,False,False,False,False,False,False,False,False,True,False,False,True,False,True,True,False,False,False,True,True,True,6
500717813,"SFFDR,ONLINE,REC,STATION",0,0,0,1815.0,Dead,Maintain Algo,False,False,False,False,False,False,False,False,False,False,False,False,False,False,False,True,False,True,True,False,False,False,False,False,False,3
500717854,"12U3,RUBBER,TOOL,SHANK",0,0,0,700.0,Dead,Maintain Algo,False,False,False,False,False,False,False,False,False,False,False,False,True,True,True,True,False,True,True,False,False,False,False,False,True,6
500717855,"12C3,RUBBER,TOOL,SHANK",0,0,0,700.0,Dead,Maintain Algo,False,False,False,False,False,False,False,False,False,False,False,False,True,True,True,True,False,True,True,False,False,False,False,False,True,6
500717856,"6.5MM,FOAM,PICKTOOL,SHANK",1,0,0,700.0,Active Moving,Increase Algo,False,False,False,False,False,False,False,False,False,False,False,False,False,False,False,False,False,True,True,True,False,False,False,False,False,3
500717857,"9.5MM,FOAM,PICKTOOL,SHANK",0,0,0,700.0,Dead,Maintain Algo,False,False,False,False,False,False,False,False,False,False,False,False,True,True,True,True,False,True,True,False,False,False,False,False,True,6
500717858,"15MM,FOAM,PICKTOOL,SHANK",0,0,0,700.0,Dead,Maintain Algo,False,False,False,False,False,False,False,False,False,False,False,False,True,True,True,True,False,True,True,False,False,False,False,False,True,6
500717859,"PICK TOOL TIP, FOAM, DIA=6.5MM",9,5,0,65.0,Active Moving,Increase Algo,False,False,False,False,False,False,False,False,False,False,False,False,False,False,False,True,False,True,True,True,False,False,False,False,False,4
500718654,DKN 45/41-8H7-14H7 BELLOW COUPLING,0,0,0,141.0,Dead,Maintain Algo,False,False,False,False,False,False,False,False,False,False,False,False,True,False,True,True,False,False,False,False,False,False,True,False,True,4
500719780,MOTOR-CABLE M23G15 - 5 MTR.,0,0,0,342.0,Dead,Maintain Algo,False,False,False,False,False,False,False,False,False,False,False,False,True,True,True,True,False,False,False,True,False,False,False,False,True,5
500719781,CONNECTING SHAFT 80-630,0,0,0,64.8,Dead,Maintain Algo,False,False,False,False,False,False,False,False,False,False,False,False,True,True,True,True,False,False,False,True,False,False,False,False,True,5
500719782,MOTOR-CABLE M23G15 - 10 MTR.,0,0,0,426.0,Dead,Maintain Algo,False,False,False,False,False,False,False,False,False,False,False,False,True,True,True,True,False,False,False,True,False,False,False,False,True,5
500719783,MOTOR-CABLE M23G15 - 7.5 MTR.,0,0,0,384.0,Dead,Maintain Algo,False,False,False,False,False,False,False,False,False,False,False,False,True,True,True,True,False,False,False,True,False,False,False,False,True,5
500719784,FLOW SENSOR SA5020 UL,0,0,0,2053.5,Dead,Maintain Algo,False,False,False,False,False,False,False,False,False,False,False,False,True,True,True,True,False,False,False,True,False,False,False,False,True,5
500720247,ILUMINATED INDICATOR TITANIUM SIGN M22,0,0,0,2.54,Dead,Maintain Algo,False,False,False,False,False,False,False,False,False,False,False,False,True,True,True,True,False,False,False,False,False,False,False,False,True,4
500720248,FASTENING ADAPTER RMQ TITANIUM M22-A,0,0,0,3.02,Dead,Maintain Algo,False,False,False,False,False,False,False,False,False,False,False,False,True,True,True,True,False,False,False,False,False,False,False,False,True,4
500720249,CONTACT ELEMENT 1 O RMQ TITANIUM M22-K01,0,0,0,9.31,Dead,Maintain Algo,False,False,False,False,False,False,False,False,False,False,False,False,True,True,True,True,False,False,False,False,False,False,False,False,True,4
500720250,CONTACT BASE 1 S M22-K10,0,0,0,9.55,Dead,Maintain Algo,False,False,False,False,False,False,False,False,False,False,False,False,True,True,True,True,False,False,False,False,False,False,False,False,True,4
500720251,EREPLACENCY OFF BUTTON M22-PV RMQ,0,0,0,54.85,Dead,Maintain Algo,False,False,False,False,False,False,False,False,False,False,False,False,True,True,True,True,False,False,False,False,False,False,False,False,True,4
500720252,"LED ELEMENT WHITE, RMQ TITANIUM",0,0,0,18.61,Dead,Maintain Algo,False,False,False,False,False,False,False,False,False,False,False,False,True,True,True,True,False,False,False,False,False,False,True,False,True,5
500720253,PRESSURE ILLUMINATION WHEIT M22 DL W,0,0,0,21.58,Dead,Maintain Algo,False,False,False,False,False,False,False,False,False,False,False,False,True,True,True,True,False,False,False,False,False,False,False,False,True,4
500720254,02SQ25 INLAYPLATE BLANK-ALU COLOURED,0,0,0,1.02,Dead,Maintain Algo,False,False,False,False,False,False,False,False,False,False,False,False,True,True,True,True,False,False,False,False,False,False,False,False,True,4
500720255,FRONT ELEMENT FOR INDICATOR LIGHT 1,0,0,0,7.32,Dead,Maintain Algo,False,False,False,False,False,False,False,False,False,False,False,False,True,True,True,True,False,False,False,False,False,False,False,False,True,4
500720256,GUARD-RING (YELLOW) EREPLACENCY SWITCHING,0,0,0,19.81,Dead,Maintain Algo,False,False,False,False,False,False,False,False,False,False,False,False,True,True,True,True,False,False,False,False,False,False,False,False,True,4
500720257,"PNOZ S5 24VDC 2 N/02N/OT, SAFETY RELAY",1,0,0,678.0,Active Moving,Maintain Algo,False,False,False,False,False,False,False,False,False,False,False,False,False,False,False,True,False,False,False,False,False,False,False,True,False,2
500720258,"PNOZ S7 24VDC 4 N/01N/C, SAFETY RELAY",1,0,0,318.0,Active Moving,Decrease Algo,False,False,False,False,False,False,False,False,False,False,False,False,False,False,False,True,False,False,False,False,False,False,False,True,False,2
500720259,"SAFETY SCREW, ROUND HEAD WITH HEXAL",0,0,0,2.48,Dead,Maintain Algo,False,False,False,False,False,False,False,False,False,False,False,False,True,True,True,True,False,False,False,False,False,False,False,False,True,4
500720260,M4 SCROLL NUT,0,0,0,16.76,Dead,Maintain Algo,False,False,False,False,False,False,False,False,False,False,False,False,True,True,True,True,False,False,False,False,False,False,False,False,True,4
500720261,"M22-WRS-MS-20, KEY SWITCH SPECIAL",0,0,0,92.53,Dead,Maintain Algo,False,False,False,False,False,False,False,False,False,False,False,False,True,True,True,True,False,False,False,False,False,False,False,False,True,4
500720348,CAP SENSOR COOLING PRESS SNR,0,0,0,110.0,Dead,Maintain Algo,False,False,False,False,False,False,False,False,False,False,False,False,True,False,False,True,False,False,False,False,False,False,True,False,True,3
500720349,OT TABLE COOLING PRESS SNR,0,0,0,110.0,Dead,Maintain Algo,False,False,False,False,False,False,False,False,False,False,False,False,True,True,True,True,False,False,False,False,False,False,True,False,True,5
500720350,DOWN LOOK COOLING PRESS SNR,0,0,0,110.0,Dead,Maintain Algo,False,False,False,False,False,False,False,False,False,False,False,False,True,True,True,True,False,False,False,False,False,False,True,False,True,5
500725805,"CUP,SUCTION,BLUE,2MM,SUF2,STA",1,0,0,4.29,Dead,Decrease Algo,False,False,False,False,False,False,False,False,False,False,False,False,True,False,False,True,False,False,False,False,False,False,True,True,True,4
500725915,REPLACEMENT FILTER ELEMENT FOR SMC REG,1,0,0,5.0,Dead,Decrease Algo,False,False,False,False,False,False,False,False,False,False,False,False,True,True,True,True,False,True,True,False,False,False,True,True,True,8
500725918,CLEAN AIR FILTER 0.01 MICRON,4,2,1,169.3,Active Moving,Increase Algo,False,False,False,False,False,False,False,False,False,False,False,False,False,False,False,True,False,True,True,False,False,False,False,False,False,3
500726315,"SCANNER, RFID, USB, VANTAGE",1,0,0,919.2,Active Moving,Increase Algo,False,False,False,False,False,True,True,False,False,False,False,False,False,False,False,True,False,False,False,False,False,False,False,False,True,3
500726576,"24"" PC MONITOR",0,0,0,300.0,Dead,Maintain Algo,False,False,False,False,False,False,False,False,False,False,False,False,True,False,False,True,False,False,False,False,False,False,False,False,True,2
500727477,HIGH TEMP GLOVE 390MM,1,0,0,212.55,Active Moving,Maintain Algo,False,False,False,False,False,False,False,False,False,False,True,False,False,False,False,True,False,False,False,False,False,False,False,False,True,2
500727760,RECALIBRATION SINGLE GLASS DIE 15X15,0,0,0,472.5,Dead,Maintain Algo,False,False,False,False,False,False,False,False,False,False,False,False,True,True,True,True,False,True,True,False,False,False,True,False,True,7
500727766,TCX3 POWER SUPPLY UNIT,1,0,0,10621.0,Active Moving,Decrease Algo,False,False,False,False,False,False,False,False,False,False,False,False,False,False,False,True,False,True,True,False,False,False,False,False,False,3
500727768,CBL_INTERLOCK,1,0,0,1470.0,Dead,Decrease Algo,False,False,False,False,False,False,False,False,False,False,False,False,True,True,True,True,False,True,True,False,False,False,True,True,True,8
500727770,CBL_INTERLOCK,1,0,0,1470.0,Dead,Decrease Algo,False,False,False,False,False,False,False,False,False,False,False,False,True,True,True,True,False,True,True,False,False,False,True,True,True,8
500727772,CBL_INTERLOCK,1,0,0,1470.0,Dead,Decrease Algo,False,False,False,False,False,False,False,False,False,False,False,False,True,True,True,True,False,True,True,False,False,False,True,True,True,8
500727774,CBL_INTERLOCK,1,0,0,1470.0,Dead,Decrease Algo,False,False,False,False,False,False,False,False,False,False,False,False,True,True,True,True,False,True,True,False,False,False,True,True,True,8
500727776,CBL_INTERLOCK,1,0,0,1470.0,Active Moving,Increase Algo,False,False,False,False,False,False,False,False,False,False,False,False,False,False,False,True,False,True,True,False,False,False,False,False,False,3
500727778,CBL_INTERLOCK,1,0,0,1470.0,Dead,Decrease Algo,False,False,False,False,False,False,False,False,False,False,False,False,False,False,True,True,False,True,True,False,False,True,True,False,True,6
500727780,LEFT N2 RECAL SHELF - FLEX ASSY,1,0,0,13994.4,Active Moving,Maintain Algo,False,False,False,False,False,False,False,False,False,False,False,False,False,False,False,True,False,True,True,False,False,False,False,False,False,3
500727782,RIGHT N2 RECAL SHELF - FLEX ASSY,1,0,0,13994.4,Dead,Decrease Algo,False,False,False,False,False,False,False,False,False,False,False,False,True,True,True,True,False,True,True,False,False,False,True,True,True,8
500727785,PICKER HEAD ASSY RIGHT,1,0,0,11397.2,Dead,Decrease Algo,False,False,False,False,False,False,False,False,False,False,False,False,True,True,True,True,False,True,True,False,False,False,True,True,True,8
500727789,PICKER HEAD ASSY LEFT,1,0,0,11397.2,Dead,Decrease Algo,False,False,False,False,False,False,False,False,False,False,False,False,True,True,True,True,False,True,True,False,False,False,True,True,True,8
500727791,PCB NY4110 W EMI GASKET,1,0,0,1828.6,Dead,Decrease Algo,False,False,False,False,False,False,False,False,False,False,False,False,True,True,True,True,False,True,True,False,False,False,True,True,True,8
500727792,AIR CLEANER UNIT PREFILTER,1,0,0,169.1,Dead,Decrease Algo,False,False,False,False,False,False,False,False,False,False,False,False,True,True,True,True,False,True,True,False,False,False,True,True,True,8
500727793,IONIZER REPLACEMENT NEEDLES,1,0,0,681.0,Dead,Decrease Algo,False,False,False,False,False,False,False,False,False,False,False,False,True,False,True,True,False,True,True,False,False,False,True,True,True,7
500727794,Y SERVO MOTOR,1,0,0,1473.0,Dead,Decrease Algo,False,False,False,False,False,False,False,False,False,False,False,False,True,True,True,True,False,True,True,False,False,False,True,True,True,8
500727795,CONVEYOR STEPPER MOTOR,1,0,0,211.5,Dead,Decrease Algo,False,False,False,False,False,False,False,False,False,False,False,False,True,True,True,True,False,True,True,False,False,False,True,True,True,8
500727796,TIMING BELT,1,0,0,16.6,Dead,Decrease Algo,False,False,False,False,False,False,False,False,False,False,False,False,True,True,True,True,False,True,True,False,False,False,True,True,True,8
500727797,CONVEYOR BELT,1,0,0,27.8,Dead,Decrease Algo,False,False,False,False,False,False,False,False,False,False,False,False,True,True,True,True,False,True,True,False,False,False,True,True,True,8
500727798,Cylinder,1,0,0,109.4,Dead,Decrease Algo,False,False,False,False,False,False,False,False,False,False,False,False,True,True,True,True,False,True,True,False,False,False,True,True,True,8
500727799,LIMIT SENSOR,1,0,0,17.5,Dead,Decrease Algo,False,False,False,False,False,False,False,False,False,False,False,False,True,True,True,True,False,True,True,False,False,False,True,True,True,8
500727800,Interlock,1,0,0,554.2,Dead,Decrease Algo,False,False,False,False,False,False,False,False,False,False,False,False,True,True,True,True,False,True,True,False,False,False,True,True,True,8
500727801,FAST FUSE,1,0,0,13.2,Dead,Decrease Algo,False,False,False,False,False,False,False,False,False,False,False,False,True,True,True,True,False,True,True,False,False,False,True,True,True,8
500727802,FAST FUSE,1,0,0,13.2,Dead,Decrease Algo,False,False,False,False,False,False,False,False,False,False,False,False,True,True,True,True,False,True,True,False,False,False,True,True,True,8
500727803,FAST FUSE,1,0,0,13.2,Dead,Decrease Algo,False,False,False,False,False,False,False,False,False,False,False,False,True,True,True,True,False,True,True,False,False,False,True,True,True,8
500728377,PEDESTAL STORAGE CART,0,0,0,21400.0,Dead,Maintain Algo,False,False,False,False,False,False,False,False,False,False,False,False,True,True,True,True,False,True,True,False,False,False,False,False,True,6
500728378,PEDESTAL PICKUP TOOL,1,0,0,5000.0,Dead,Decrease Algo,False,False,False,False,False,False,False,False,False,False,False,False,True,True,True,True,False,True,True,False,False,False,True,True,True,8
500728528,"SMP,BLEND,Loctite LB 8150 SV AS known as",1,0,0,40.59,Dead,Decrease Algo,False,False,False,False,False,False,False,False,False,False,False,False,False,False,False,True,False,False,False,False,False,False,True,True,False,3
500732150,"SFFDR,ANALYSIS,TOOL",0,0,0,18480.0,Dead,Maintain Algo,False,False,False,False,False,False,False,False,False,False,False,False,True,True,True,True,False,True,True,False,False,False,False,False,True,6
500732159,"SFFDR,CALIBRATION,TAPE,56MM",0,0,0,2580.0,Dead,Maintain Algo,False,False,False,False,False,False,False,False,False,False,False,False,True,True,True,True,False,True,True,False,False,False,False,False,True,6
500732027,SCHMALZCONNECTOR_ELEMENT_FOR_SUCTION_CUP,58,0,0,4.4,Active Moving,Decrease Algo,False,False,False,False,False,False,False,False,False,False,False,False,False,False,False,True,False,False,False,False,False,False,False,False,False,1
500732160,"SFFDR,CALIBRATION,TAPE,72MM",0,0,0,2835.0,Dead,Maintain Algo,False,False,False,False,False,False,False,False,False,False,False,False,True,True,True,True,False,True,True,False,False,False,False,False,True,6
500732161,"SFFDR,CALIBRATION,TAPE,88MM",0,0,0,3260.0,Dead,Maintain Algo,False,False,False,False,False,False,False,False,False,False,False,False,True,True,True,True,False,True,True,False,False,False,False,False,True,6
500732162,"SF,TAPE,SUPP,UPI,72MM",0,0,0,245.0,Dead,Maintain Algo,False,False,False,False,False,False,False,False,False,False,False,False,True,True,True,True,False,True,True,False,False,False,False,False,True,6
500732163,"SF,TAPE,SUPP,UPI,88MM",0,0,0,245.0,Dead,Maintain Algo,False,False,False,False,False,False,False,False,False,False,False,False,True,True,True,True,False,True,True,False,False,False,False,False,True,6
500732855,TCX3 BONDHEAD CLEANING KIT,0,0,0,9500.0,Dead,Maintain Algo,False,False,False,False,False,False,False,False,False,False,False,False,False,False,False,True,False,True,True,False,False,False,False,False,False,3
500732856,"SWITCH, PUSHBUTTON 2NO/1NC 250VAC/6A",1,0,0,127.9,Dead,Decrease Algo,False,False,False,False,False,False,False,False,False,False,False,False,True,True,True,True,False,True,True,False,False,False,True,True,True,8
500732857,"SWITCH, PUSHBUTTON 3NO 250VAC/5A",1,0,0,127.9,Dead,Decrease Algo,False,False,False,False,False,False,False,False,False,False,False,False,True,True,True,True,False,True,True,False,False,False,True,True,True,8
500732858,PCB NY4140 HIGH VOLTAGE DRIVE W SNUBBER,1,0,0,3600.0,Dead,Decrease Algo,False,False,False,False,False,False,False,False,False,False,False,False,True,True,True,True,False,True,True,False,False,False,True,True,True,8
500733737,OXYGEN SENSOR_TRANSMITTER SAFE AREA,2,1,0,1125.0,Active Moving,Decrease Algo,False,False,False,False,False,False,False,False,False,False,False,False,False,False,False,True,False,True,True,False,False,False,False,False,False,3
500737060,"50491,S,1MM,8.524X3.613",0,0,0,3540.0,Dead,Maintain Algo,False,False,False,False,False,False,False,False,False,False,False,False,True,True,True,True,False,True,True,False,False,False,False,False,True,6
500737061,"50492,S,1MM,9.81X10.81",0,0,0,3816.0,Dead,Maintain Algo,False,False,False,False,False,False,False,False,False,False,False,False,True,True,True,True,False,True,True,False,False,False,False,False,True,6
500737062,"50493,S,1MM,6.796X10.631",0,0,0,3816.0,Dead,Maintain Algo,False,False,False,False,False,False,False,False,False,False,False,False,True,True,True,True,False,True,True,False,False,False,False,False,True,6
500737078,"50637,S,1MM,23.192X10.584",0,0,0,3540.0,Dead,Maintain Algo,False,False,False,False,False,False,False,False,False,False,False,False,True,True,True,True,False,True,True,False,False,False,False,False,True,6
500737079,"50648,S,1MM,9.932X15.982",0,0,0,3816.0,Dead,Maintain Algo,False,False,False,False,False,False,False,False,False,False,False,False,True,True,True,True,False,True,True,False,False,False,False,False,True,6
500737083,"50720,S,1MM,8.935X4.805",0,0,0,3816.0,Dead,Maintain Algo,False,False,False,False,False,False,False,False,False,False,False,False,True,True,True,True,False,True,True,False,False,False,False,False,True,6
500737833,CLEAR TUBING 20METER PER ROLL,0,0,0,20.22,Dead,Maintain Algo,False,False,False,False,False,False,False,False,False,False,False,False,True,True,True,True,False,False,False,False,False,False,True,False,True,5
500746083,"THETA Z ASSY, LH",0,0,0,1500.0,Dead,Increase Algo,False,False,False,False,False,False,False,False,False,False,False,False,False,False,False,True,False,True,True,False,False,False,False,True,False,4
500746537,"50766,L,1MM,8.931X4.805",0,0,0,3790.0,Dead,Maintain Algo,False,False,False,False,False,False,False,False,False,False,False,False,True,True,True,False,False,False,False,False,False,False,False,False,True,3
500747343,"LOWER BONDHEAD, 20MM",0,0,0,22000.0,Dead,Maintain Algo,False,False,False,False,False,False,False,False,False,False,False,False,True,True,True,True,False,True,True,False,False,False,False,False,True,6
500747344,"LOWER BONDHEAD, 50MM, HVM",0,0,0,36000.0,Dead,Maintain Algo,False,False,False,False,False,False,False,False,False,False,False,False,True,True,True,True,False,True,True,False,False,False,False,False,True,6
500747358,8MM SF FEEDER SPLICE WITH UPI,0,0,0,1120.0,Dead,Maintain Algo,False,False,False,False,False,False,False,False,False,False,False,False,True,True,True,True,False,True,True,False,False,False,False,False,True,6
500747359,12MM SF FEEDER SPLICE WITH UPI,0,0,0,1360.0,Dead,Maintain Algo,False,False,False,False,False,False,False,False,False,False,False,False,True,True,True,True,False,True,True,False,False,False,False,False,True,6
500747361,24MM SF FEEDER SPLICE WITH UPI,1,0,0,1773.0,Dead,Decrease Algo,False,False,False,False,False,False,False,False,False,False,False,False,True,False,True,True,False,True,True,True,False,False,True,False,True,7
500747362,32MM SF FEEDER SPLICE WITH UPI,1,0,0,2285.0,Dead,Decrease Algo,False,False,False,False,False,False,False,False,False,False,False,False,True,False,True,True,False,True,True,True,False,False,True,False,True,7
500747364,56MM SF FEEDER SPLICE WITH UPI,0,0,0,4045.0,Dead,Maintain Algo,False,False,False,False,False,False,False,False,False,False,False,False,True,True,True,True,False,True,True,False,False,False,False,False,True,6
500747365,72MM SF FEEDER SPLICE WITH UPI,0,0,0,9045.0,Dead,Maintain Algo,False,False,False,False,False,False,False,False,False,False,False,False,True,True,True,True,False,True,True,False,False,False,False,False,True,6
500747366,88MM SF FEEDER SPLICE WITH UPI,0,0,0,9595.0,Dead,Maintain Algo,False,False,False,False,False,False,False,False,False,False,False,False,True,True,True,True,False,True,True,False,False,False,False,False,True,6
500748676,"PLACE TOOL 33,SISIC501,19.54X19.52X0.5Y",1,0,0,5000.0,Dead,Decrease Algo,False,False,False,False,False,False,False,False,False,False,False,False,False,False,False,True,False,True,True,False,False,False,True,True,False,5
500748694,"VACUUM CRANE,3X1 MATRIX,70.5X104.5",1,0,0,3200.0,Dead,Decrease Algo,False,False,False,False,False,False,False,False,False,False,False,False,True,True,True,True,False,True,True,False,False,False,True,True,True,8
500748695,"BOND CHUCK,3X1 MATRIX,70.5X104.5X1.80",1,0,0,7250.0,Dead,Decrease Algo,False,False,False,False,False,False,False,False,False,False,False,False,True,True,True,False,False,True,True,False,False,False,True,True,True,7
500748696,"PREHEAT CHUCK,3X1 MATRIX,70.5X104.5",1,0,0,4000.0,Dead,Decrease Algo,False,False,False,False,False,False,False,False,False,False,False,False,True,True,True,False,False,True,True,False,False,False,True,True,True,7
500748697,"PRECISOR,3X1 MATRIX,70.5X104.5",1,0,0,2000.0,Dead,Decrease Algo,False,False,False,False,False,False,False,False,False,False,False,False,True,True,True,False,False,True,True,False,False,False,True,True,True,7
500749663,"PLACE TOOL 33,SISIC501,22.12X20.61X1.0S",1,0,0,5000.0,Dead,Decrease Algo,False,False,False,False,False,False,False,False,False,False,False,False,False,False,False,True,False,True,True,False,False,False,True,True,False,5
500749664,"PLACE TOOL 33,SISIC501,10.81X09.81X1.0S",1,0,0,5000.0,Dead,Decrease Algo,False,False,False,False,False,False,False,False,False,False,False,False,False,False,False,True,False,True,True,False,False,False,True,True,False,5
500749883,TCX3 FUSE KIT,1,0,0,1328.1,Dead,Decrease Algo,False,False,False,False,False,False,False,False,False,False,False,False,True,False,True,True,False,True,True,False,False,True,True,False,True,7
500749884,O2 GAS SENSOR,0,0,0,672.0,Active Moving,Increase Algo,False,False,False,False,False,False,False,False,False,False,False,False,False,False,False,True,False,True,True,False,False,False,False,False,False,3
500749886,"TRACE SENSOR, HYDROGEN-TOLERANT VERSION",1,0,0,2500.0,Dead,Decrease Algo,False,False,False,False,False,False,False,False,False,False,False,False,True,False,True,True,False,True,True,False,False,True,True,False,True,7
500749887,LEVEL SENSOR W STAINLESS STEEL TUBING,1,0,0,1080.0,Dead,Decrease Algo,False,False,False,False,False,False,False,False,False,False,False,False,True,False,True,True,False,True,True,False,False,False,False,True,True,6
500750225,NI USB 6525 DAQ DEVICE,0,0,0,1616.0,Dead,Maintain Algo,False,False,False,False,False,False,False,False,False,False,False,False,True,True,True,True,False,False,False,False,False,False,False,False,True,4
500750226,APPJ SEPARATING STRIP CABLE CHAIN,0,0,0,402.02,Dead,Maintain Algo,False,False,False,False,False,False,False,False,False,False,False,False,True,False,False,True,False,False,False,False,False,False,True,False,True,3
500750227,APPJ OPENING BAR CABLE CHAIN,0,0,0,86.8,Dead,Maintain Algo,False,False,False,False,False,False,False,False,False,False,False,False,True,False,False,True,False,False,False,False,False,False,True,False,True,3
500750265,ADJUSTABLE TAPE COVER V2 FIREBIRD-UGK,0,0,0,105.0,Dead,Maintain Algo,False,False,False,False,False,False,False,False,False,False,False,False,True,True,True,True,False,False,False,False,False,False,True,False,True,5
500751478,"TRACE,LEVEL,O2,SENSOR,FOR,EC911,EC913",1,0,0,1226.0,New Part,Decrease Algo,False,False,False,False,False,False,False,False,False,False,False,False,True,True,True,True,False,False,False,False,False,False,False,False,True,4
500752463,I/P SHUTTLER LT FLEX CABLE,0,0,0,70.0,Dead,Maintain Algo,False,False,False,False,False,False,False,False,False,False,False,False,True,True,True,True,False,False,False,False,False,False,True,False,True,5
500752477,19.5 WIDESCREEN LCD MONITOR,1,0,0,413.0,Active Moving,Maintain Algo,False,False,False,False,False,False,False,False,False,False,False,False,False,False,False,True,False,False,False,False,False,False,False,False,False,1
500752585,EIS DAQ ASSY,0,0,0,2599.0,Dead,Maintain Algo,False,False,False,False,False,False,False,False,False,False,False,False,True,True,True,True,False,False,False,False,False,False,True,False,True,5
500753234,"BB CATALYST KIT, SANITARY",0,0,0,8719.0,Active Moving,Increase Algo,False,False,False,False,False,False,False,False,False,False,False,False,False,False,False,True,False,True,True,False,False,False,False,False,False,3
500754375,BS PEDESTAL CLEANING,0,0,0,727.5,Dead,Maintain Algo,False,False,False,False,False,False,False,False,False,False,False,False,True,False,False,False,False,False,False,False,False,False,False,False,True,1
500754383,AKBEW FLOW METER UGK,0,0,0,639.0,Dead,Maintain Algo,False,False,False,False,False,False,False,False,False,False,False,False,True,True,True,True,False,False,False,False,False,False,True,False,True,5
500756577,TORQUE WRENCH 10-50NM FOR NOZZLE HEAD,0,0,0,661.5,New Part,Maintain Algo,False,False,False,False,False,False,False,False,False,False,False,False,True,False,True,True,False,False,False,False,False,False,False,False,True,3
500758642,PAN SCREW ¼-20 ZEVA GRAY (M6X1.0),0,0,0,2.63,Dead,Maintain Algo,False,False,False,False,False,False,False,False,False,False,False,False,True,True,True,True,False,True,True,False,False,False,False,False,True,6
500758643,MALE BRANCH TEE,0,0,0,48.0,Dead,Maintain Algo,False,False,False,False,False,False,False,False,False,False,False,False,True,True,True,True,False,True,True,False,False,False,False,False,True,6
500758644,IMPOLENE TUBING 12MM,0,0,0,20.25,Dead,Maintain Algo,False,False,False,False,False,False,False,False,False,False,False,False,True,True,True,True,False,True,True,False,False,False,False,False,True,6
500758645,"SILICONE RUBBER HOSE, 1"" ID",0,0,0,176.4,Dead,Maintain Algo,False,False,False,False,False,False,False,False,False,False,False,False,True,True,True,True,False,True,True,False,False,False,False,False,True,6
500758646,BLUE LENS,0,0,0,30.45,Dead,Maintain Algo,False,False,False,False,False,False,False,False,False,False,False,False,True,True,True,True,False,True,True,False,False,False,False,False,True,6
500758647,"1 1/2"", PANDUIT LOOM TUBING FOR S2S8",0,0,0,22.58,Dead,Maintain Algo,False,False,False,False,False,False,False,False,False,False,False,False,True,True,True,True,False,True,True,False,False,False,False,False,True,6
500758648,"1"" BLNKT INSLTN- 25MM*610MM*7320MM",0,0,0,199.5,Dead,Maintain Algo,False,False,False,False,False,False,False,False,False,False,False,False,True,True,True,True,False,True,True,False,False,False,False,False,True,6
500758649,FERRULE - 12AWG WIRE - HEATER WIRE,0,0,0,1.05,Dead,Maintain Algo,False,False,False,False,False,False,False,False,False,False,False,False,True,True,True,True,False,True,True,False,False,False,False,False,True,6
500758650,INSULATED FERRULE,0,0,0,3.35,Dead,Maintain Algo,False,False,False,False,False,False,False,False,False,False,False,False,True,True,True,True,False,True,True,False,False,False,False,False,True,6
500758651,SCR.CLAMP TERM.22-12 #170706,0,0,0,26.0,Dead,Maintain Algo,False,False,False,False,False,False,False,False,False,False,False,False,True,True,True,True,False,True,True,False,False,False,False,False,True,6
500758658,TRANSFORMER 10KVA #10S67F,0,0,0,3969.0,Dead,Maintain Algo,False,False,False,False,False,False,False,False,False,False,False,False,True,True,True,True,False,True,True,False,False,False,False,False,True,6
500758659,ERGONOMIC ARTICULATED ARM S2-S8,0,0,0,1918.35,Dead,Maintain Algo,False,False,False,False,False,False,False,False,False,False,False,False,True,True,True,True,False,True,True,False,False,False,False,False,True,6
500758660,LEVELER,0,0,0,89.0,Dead,Maintain Algo,False,False,False,False,False,False,False,False,False,False,False,False,True,True,True,True,False,True,True,False,False,False,False,False,True,6
500758662,3AWG POWER LUG,0,0,0,31.0,Dead,Maintain Algo,False,False,False,False,False,False,False,False,False,False,False,False,True,True,True,True,False,True,True,False,False,False,False,False,True,6
500758663,3AWG FERRULE,0,0,0,1.5,Dead,Maintain Algo,False,False,False,False,False,False,False,False,False,False,False,False,True,True,True,True,False,True,True,False,False,False,False,False,True,6
500758664,SHRINK TUBER,0,0,0,3.0,Dead,Maintain Algo,False,False,False,False,False,False,False,False,False,False,False,False,True,True,True,True,False,True,True,False,False,False,False,False,True,6
500758666,"SHOULDER BOLT, MISUMI",0,0,0,51.45,Dead,Maintain Algo,False,False,False,False,False,False,False,False,False,False,False,False,True,True,True,True,False,True,True,False,False,False,False,False,True,6
500758667,"WASHER, MISUMI",0,0,0,28.35,Dead,Maintain Algo,False,False,False,False,False,False,False,False,False,False,False,False,True,True,True,True,False,True,True,False,False,False,False,False,True,6
500758668,SERIAL Y-SPLITTER CABLE 1FT,0,0,0,33.08,Dead,Maintain Algo,False,False,False,False,False,False,False,False,False,False,False,False,True,True,True,True,False,True,True,False,False,False,False,False,True,6
500758669,FLANGED METAL WASHER,0,0,0,53.0,Dead,Maintain Algo,False,False,False,False,False,False,False,False,False,False,False,False,True,True,True,True,False,True,True,False,False,False,False,False,True,6
500758670,"DUAL SERIAL CARD ""RS-200P""",0,0,0,83.48,Dead,Maintain Algo,False,False,False,False,False,False,False,False,False,False,False,False,True,True,True,True,False,True,True,False,False,False,False,False,True,6
500758671,"T/C INPUT CONNECTOR, 8 POLE",0,0,0,15.75,Dead,Maintain Algo,False,False,False,False,False,False,False,False,False,False,False,False,True,True,True,True,False,True,True,False,False,False,False,False,True,6
500758692,"OUTER BOX WLDM, 9.75""X30"", 2017,W/O EXH",0,0,0,813.75,Dead,Maintain Algo,False,False,False,False,False,False,False,False,False,False,False,False,True,True,True,True,False,True,True,False,False,False,False,False,True,6
500758693,"OUTER BOX WLDM, 9.75""X30"", 2017, W/EXH",0,0,0,813.75,Dead,Maintain Algo,False,False,False,False,False,False,False,False,False,False,False,False,True,True,True,True,False,True,True,False,False,False,False,False,True,6
500758694,"9.75"" X 30"" SD ASSY, MK3V",0,0,0,1876.35,Dead,Maintain Algo,False,False,False,False,False,False,False,False,False,False,False,False,True,True,True,True,False,True,True,False,False,False,False,False,True,6
500758695,"9.75"" X 30"" SD ASSY, MK3V",0,0,0,1876.35,Dead,Maintain Algo,False,False,False,False,False,False,False,False,False,False,False,False,True,True,True,True,False,True,True,False,False,False,False,False,True,6
500758696,"9.75"" X 30"" SD ASSY, MK3V",0,0,0,1876.35,Dead,Maintain Algo,False,False,False,False,False,False,False,False,False,False,False,False,True,True,True,True,False,True,True,False,False,False,False,False,True,6
500758697,"9.75"" X 30"" SD ASSY, MK3V",0,0,0,1876.35,Dead,Maintain Algo,False,False,False,False,False,False,False,False,False,False,False,False,True,True,True,True,False,True,True,False,False,False,False,False,True,6
500758698,"TOP OUTR GRIL,9.75""X30"" BFM,5"" IMP,MK3.5",0,0,0,180.6,Dead,Maintain Algo,False,False,False,False,False,False,False,False,False,False,False,False,True,True,True,True,False,True,True,False,False,False,False,False,True,6
500758699,"BTM OUTER GRIL,9.75""X30""BFM,5"" IMP,MK3.5",0,0,0,198.45,Dead,Maintain Algo,False,False,False,False,False,False,False,False,False,False,False,False,True,True,True,True,False,True,True,False,False,False,False,False,True,6
500758700,"TOP OUTER GRILL WN 10.77"" X30"" SD",0,0,0,236.25,Dead,Maintain Algo,False,False,False,False,False,False,False,False,False,False,False,False,True,True,True,True,False,True,True,False,False,False,False,False,True,6
500758701,"BOTTOM OUTER GRILL WN 10.77"" X30"" SD",0,0,0,257.25,Dead,Maintain Algo,False,False,False,False,False,False,False,False,False,False,False,False,True,True,True,True,False,True,True,False,False,False,False,False,True,6
500758709,"THERMOCOUPLE ASSY, HEATED GRILL",0,0,0,40.0,Dead,Maintain Algo,False,False,False,False,False,False,False,False,False,False,False,False,True,True,True,True,False,True,True,False,False,False,False,False,True,6
500758710,"THERMOCOUPLE ASSY, HEATED GRILL",0,0,0,29.0,Dead,Maintain Algo,False,False,False,False,False,False,False,False,False,False,False,False,True,True,True,True,False,True,True,False,False,False,False,False,True,6
500758711,"HEAT SHRINK TUBE 150MM FOR 3"" HOSE",0,0,0,54.6,Dead,Maintain Algo,False,False,False,False,False,False,False,False,False,False,False,False,True,True,True,True,False,True,True,False,False,False,False,False,True,6
500758712,"180MM, HEAT SHRINKABLE  TUBING",0,0,0,98.0,Dead,Maintain Algo,False,False,False,False,False,False,False,False,False,False,False,False,True,True,True,True,False,True,True,False,False,False,False,False,True,6
500758714,"ROLLER, 35MM DIA 22"" FW, 1/4"" ROUND AXLE",0,0,0,52.5,Dead,Maintain Algo,False,False,False,False,False,False,False,False,False,False,False,False,True,True,True,True,False,True,True,False,False,False,False,False,True,6
500758715,"KEY SWITCH, 3 POS, RIGHT TO CENTER",0,0,0,168.0,Dead,Maintain Algo,False,False,False,False,False,False,False,False,False,False,False,False,True,True,True,True,False,True,True,False,False,False,False,False,True,6
500758716,"SPRING COMP., 3/8"" OD X 20"" LG SUS",0,0,0,25.2,Dead,Maintain Algo,False,False,False,False,False,False,False,False,False,False,False,False,True,True,True,True,False,True,True,False,False,False,False,False,True,6
500758717,CAT 6 CABLE 1M,0,0,0,19.95,Dead,Maintain Algo,False,False,False,False,False,False,False,False,False,False,False,False,True,True,True,True,False,True,True,False,False,False,False,False,True,6
500758718,CAT 6 CABLE 2M,0,0,0,28.35,Dead,Maintain Algo,False,False,False,False,False,False,False,False,False,False,False,False,True,True,True,True,False,True,True,False,False,False,False,False,True,6
500758719,CAT 6 CABLE 5M,0,0,0,39.9,Dead,Maintain Algo,False,False,False,False,False,False,False,False,False,False,False,False,True,True,True,True,False,True,True,False,False,False,False,False,True,6
500758720,EXTERNAL RETAININGRING- 228014,0,0,0,1.5,Dead,Maintain Algo,False,False,False,False,False,False,False,False,False,False,False,False,True,True,True,True,False,True,True,False,False,False,False,False,True,6
500758723,"POWERWIRE FITTINGASSY, NITRO",0,0,0,169.0,Dead,Maintain Algo,False,False,False,False,False,False,False,False,False,False,False,False,True,True,True,True,False,True,True,False,False,False,False,False,True,6
500758724,SNIFFER TUBE SEAL CAP,0,0,0,56.7,Dead,Maintain Algo,False,False,False,False,False,False,False,False,False,False,False,False,True,True,True,True,False,True,True,False,False,False,False,False,True,6
500758725,SNIFFER TUBE SS 10MM OD,0,0,0,11.55,Dead,Maintain Algo,False,False,False,False,False,False,False,False,False,False,False,False,True,True,True,True,False,True,True,False,False,False,False,False,True,6
500758733,POWERWIRE & N2 INLET,0,0,0,96.0,Dead,Maintain Algo,False,False,False,False,False,False,False,False,False,False,False,False,True,True,True,True,False,True,True,False,False,False,False,False,True,6
500758734,"PACKING NUT, (N2 POWERWIRE FITTING)",0,0,0,19.5,Dead,Maintain Algo,False,False,False,False,False,False,False,False,False,False,False,False,True,True,True,True,False,True,True,False,False,False,False,False,True,6
500758735,CAP PLATE,0,0,0,3.0,Dead,Maintain Algo,False,False,False,False,False,False,False,False,False,False,False,False,True,True,True,True,False,True,True,False,False,False,False,False,True,6
500758737,"GLAND, POWERWIRE",0,0,0,2.0,Dead,Maintain Algo,False,False,False,False,False,False,False,False,False,False,False,False,True,True,True,True,False,True,True,False,False,False,False,False,True,6
500758766,"CONTACTOR 4P, 12A, 24VAC",0,0,0,75.6,Dead,Maintain Algo,False,False,False,False,False,False,False,False,False,False,False,False,True,True,True,True,False,True,True,False,False,False,False,False,True,6
500758772,SERIAL CABLE HC2/HC2,0,0,0,63.0,Dead,Maintain Algo,False,False,False,False,False,False,False,False,False,False,False,False,True,True,True,True,False,True,True,False,False,False,False,False,True,6
500758774,"LIGHT TOWER ASSEMBLY, 3 STAGE LED",0,0,0,924.0,Dead,Maintain Algo,False,False,False,False,False,False,False,False,False,False,False,False,True,True,True,True,False,True,True,False,False,False,False,False,True,6
500758775,"FLEX CONNECTTOR, 4"" COIL PIPE INLET",0,0,0,351.75,Dead,Maintain Algo,False,False,False,False,False,False,False,False,False,False,False,False,True,True,True,False,False,True,True,False,False,False,False,False,True,5
500758776,"OUTER PIPE, COIL COOLING, 4""",0,0,0,643.0,Dead,Maintain Algo,False,False,False,False,False,False,False,False,False,False,False,False,True,True,True,False,False,True,True,False,False,False,False,False,True,5
500758777,"REDUCER, CLAMP FITTING, 4""- 3""",0,0,0,97.65,Dead,Maintain Algo,False,False,False,False,False,False,False,False,False,False,False,False,True,True,True,True,False,True,True,False,False,False,False,False,True,6
500758778,"4"" FLEX HOSE, COIL PIPE IN",0,0,0,301.35,Dead,Maintain Algo,False,False,False,False,False,False,False,False,False,False,False,False,True,True,True,False,False,True,True,False,False,False,False,False,True,5
500758795,"BRACK, ADJ, TOP COIL PIPE, 2017",0,0,0,30.45,Dead,Maintain Algo,False,False,False,False,False,False,False,False,False,False,False,False,True,True,True,False,False,True,True,False,False,False,False,False,True,5
500758797,"BRACKET, SEISMIC RESTRAINT",0,0,0,35.7,Dead,Maintain Algo,False,False,False,False,False,False,False,False,False,False,False,False,True,True,True,True,False,True,True,False,False,False,False,False,True,6
500758801,"GRILL STIFFENER, 9-3/4 MODULE, BOTTOM",0,0,0,15.75,Dead,Maintain Algo,False,False,False,False,False,False,False,False,False,False,False,False,True,True,True,True,False,True,True,False,False,False,False,False,True,6
500758803,"GRILL STIFFENER, 9.75 MODULE, TOP",0,0,0,15.75,Dead,Maintain Algo,False,False,False,False,False,False,False,False,False,False,False,False,True,True,True,True,False,True,True,False,False,False,False,False,True,6
500758804,"GRILL STIFFENER, 10.8"" MODULE, TOP",0,0,0,15.75,Dead,Maintain Algo,False,False,False,False,False,False,False,False,False,False,False,False,True,True,True,True,False,True,True,False,False,False,False,False,True,6
500758805,"MONITORING T/C GAUGE, 35MM PASS HEIGHT",0,0,0,75.6,Dead,Maintain Algo,False,False,False,False,False,False,False,False,False,False,False,False,True,True,True,True,False,True,True,False,False,False,False,False,True,6
500758806,"CLAMP COLLAR ASSY,TOP SHELL SHIFTING",0,0,0,48.3,Dead,Maintain Algo,False,False,False,False,False,False,False,False,False,False,False,False,True,True,True,True,False,True,True,False,False,False,False,False,True,6
500758807,"SIDE CHAIN BELT ASSY, 510MM BOARD, 2""",0,0,0,76.65,Dead,Maintain Algo,False,False,False,False,False,False,False,False,False,False,False,False,True,True,True,True,False,True,True,False,False,False,False,False,True,6
500758824,"SIDE CHAIN WEAR ROD ASSY, 3MM, MIDDLE",0,0,0,351.75,Dead,Maintain Algo,False,False,False,False,False,False,False,False,False,False,False,False,True,True,True,True,False,True,True,False,False,False,False,False,True,6
500758826,"CLUTCH SPROCKET, 35A35, H.T.",0,0,0,137.0,Dead,Maintain Algo,False,False,False,False,False,False,False,False,False,False,False,False,True,True,True,True,False,True,True,False,False,False,False,False,True,6
500758828,SENSOR TUBE,0,0,0,3.0,Dead,Maintain Algo,False,False,False,False,False,False,False,False,False,False,False,False,True,True,True,True,False,True,True,False,False,False,False,False,True,6
500758831,SENSOR TUBE,0,0,0,5.5,Dead,Maintain Algo,False,False,False,False,False,False,False,False,False,False,False,False,True,True,True,True,False,True,True,False,False,False,False,False,True,6
500758833,LOW COST SNIFFER TUBE-FORMIC,0,0,0,56.0,Dead,Maintain Algo,False,False,False,False,False,False,False,False,False,False,False,False,True,True,True,True,False,True,True,False,False,False,False,False,True,6
500758834,"WIRE, 18AWG WHITE",0,0,0,1.05,Dead,Maintain Algo,False,False,False,False,False,False,False,False,False,False,False,False,True,True,True,True,False,True,True,False,False,False,False,False,True,6
500758836,T/C FEMALE CONNECTOR,1,0,0,9.0,Active Moving,Decrease Algo,False,False,False,False,False,False,False,False,False,False,False,False,False,False,False,False,False,True,True,False,False,False,False,True,False,3
500758837,THERMOCOUPLE WIRE TYPE K,0,0,0,9.89,Dead,Maintain Algo,False,False,False,False,False,False,False,False,False,False,False,False,True,True,True,True,False,True,True,False,False,False,False,False,True,6
500758838,3AWG WIRE,0,0,0,31.0,Dead,Maintain Algo,False,False,False,False,False,False,False,False,False,False,False,False,True,True,True,True,False,True,True,False,False,False,False,False,True,6
500758849,"TEFLON HOSE, 3/8 OD, 1/4 ID",0,0,0,15.3,Dead,Maintain Algo,False,False,False,False,False,False,False,False,False,False,False,False,True,True,True,True,False,True,True,False,False,False,False,False,True,6
500758851,"BULKHEAD UNION, 6MM TUBE",1,0,0,17.59,Active Moving,Maintain Algo,False,False,False,False,False,False,False,False,False,False,False,False,False,False,False,True,False,True,True,False,False,False,False,False,False,3
500758852,IMPOLENE TUBING 6MM,0,0,0,0.01,Dead,Maintain Algo,False,False,False,False,False,False,False,False,False,False,False,False,True,True,True,True,False,True,True,False,False,False,False,False,True,6
500758854,THERMOCOUPLE WIRE 24 GAGE,0,0,0,3.68,Dead,Maintain Algo,False,False,False,False,False,False,False,False,False,False,False,False,True,True,True,True,False,True,True,False,False,False,False,False,True,6
500758856,"12AWG HIGH TEMP WIRE, RED",0,0,0,16.75,Dead,Maintain Algo,False,False,False,False,False,False,False,False,False,False,False,False,True,True,True,True,False,True,True,False,False,False,False,False,True,6
500758858,"12AWG HIGH TEMP WIRE, BLACK",0,0,0,16.75,Dead,Maintain Algo,False,False,False,False,False,False,False,False,False,False,False,False,True,True,True,True,False,True,True,False,False,False,False,False,True,6
500758859,"REGULATOR, 1/2"" BSPT (KOREAN MADE ONLY)",0,0,0,135.45,Dead,Maintain Algo,False,False,False,False,False,False,False,False,False,False,False,False,True,True,True,True,False,True,True,False,False,False,False,False,True,6
500758861,"1/4"" , PANDUIT LOOM TUBING FOR S2S8",0,0,0,7.0,Dead,Maintain Algo,False,False,False,False,False,False,False,False,False,False,False,False,True,True,True,True,False,True,True,False,False,False,False,False,True,6
500758862,"1/2"", PANDUIT LOOM TUBING FOR S2S8",0,0,0,8.0,Dead,Maintain Algo,False,False,False,False,False,False,False,False,False,False,False,False,True,True,True,True,False,True,True,False,False,False,False,False,True,6
500758863,"1"", PANDUIT LOOM TUBING FOR S2S8",0,0,0,12.6,Dead,Maintain Algo,False,False,False,False,False,False,False,False,False,False,False,False,True,True,True,True,False,True,True,False,False,False,False,False,True,6
500758864,DECO SCREW - M5X0.8X8MM LG,0,0,0,2.63,Dead,Maintain Algo,False,False,False,False,False,False,False,False,False,False,False,False,True,True,True,True,False,True,True,False,False,False,False,False,True,6
500758865,"CONTACTOR, 24VDC, 20A",0,0,0,165.9,Dead,Maintain Algo,False,False,False,False,False,False,False,False,False,False,False,False,True,True,True,True,False,True,True,False,False,False,False,False,True,6
500758866,TRANSFORMER 10KVA-480V #10S1F,0,0,0,2357.0,Dead,Maintain Algo,False,False,False,False,False,False,False,False,False,False,False,False,True,True,True,True,False,True,True,False,False,False,False,False,True,6
500758867,"SNAP DISC THERMOSTAT, 76.7°C NC",0,0,0,170.1,Dead,Maintain Algo,False,False,False,False,False,False,False,False,False,False,False,False,True,True,True,True,False,True,True,False,False,False,False,False,True,6
500758868,"SANITARY GASKET, 3"" PTFE",0,0,0,13.0,Dead,Maintain Algo,False,False,False,False,False,False,False,False,False,False,False,False,True,True,True,True,False,True,True,False,False,False,False,False,True,6
500758869,"2A, 2POLE BREAKER TYPE D",0,0,0,101.85,Dead,Maintain Algo,False,False,False,False,False,False,False,False,False,False,False,False,True,True,True,True,False,True,True,False,False,False,False,False,True,6
500758870,500C ADJUST CAPILLARY SWITCH,0,0,0,952.0,Dead,Maintain Algo,False,False,False,False,False,False,False,False,False,False,False,False,True,True,True,False,False,True,True,False,False,False,True,False,True,6
500758871,1/2 OD UNION,0,0,0,55.0,Dead,Maintain Algo,False,False,False,False,False,False,False,False,False,False,False,False,True,True,True,True,False,True,True,False,False,False,False,False,True,6
500765172,"PLACE TOOL 33,SISIC501,31.88X19.40X0.5S",1,0,0,5000.0,Dead,Decrease Algo,False,False,False,False,False,False,False,False,False,False,False,False,True,True,True,True,False,True,True,False,False,False,True,True,True,8
500765174,"VACUUM CRANE,5X1 MATRIX,45.0X50.7",1,0,0,2400.0,Dead,Decrease Algo,False,False,False,False,False,False,False,False,False,False,False,False,True,True,True,True,False,True,True,False,False,False,True,True,True,8
500765176,"BOND CHUCK,5X1 MATRIX,45.0X50.7X1.66",1,0,0,7250.0,Dead,Decrease Algo,False,False,False,False,False,False,False,False,False,False,False,False,True,True,True,True,False,True,True,False,False,False,True,True,True,8
500765178,"PREHEAT CHUCK,5X1 MATRIX,45.0X50.7",1,0,0,4000.0,Dead,Decrease Algo,False,False,False,False,False,False,False,False,False,False,False,False,True,True,True,True,False,True,True,False,False,False,True,True,True,8
500765179,"PRECISOR,5X1 MATRIX,45.0X50.7",1,0,0,2000.0,Dead,Decrease Algo,False,False,False,False,False,False,False,False,False,False,False,False,True,True,True,True,False,True,True,False,False,False,True,True,True,8
500768026,CBL_N2_CIRCULATION_FAN,0,0,0,695.3,Dead,Increase Algo,False,False,False,False,False,False,False,False,False,False,False,False,True,False,True,True,False,True,True,False,False,True,True,False,True,7
500768027,CBL_N2_CIRCULATION_FAN,0,0,0,695.3,Dead,Increase Algo,False,False,False,False,False,False,False,False,False,False,False,False,True,True,True,True,False,True,True,False,False,False,False,True,True,7
500768028,CBL_CAM_USB3,3,2,1,1080.0,Active Moving,Increase Algo,False,False,False,False,False,False,False,False,False,False,False,False,False,False,False,True,False,True,True,True,False,False,False,False,False,4
500768029,"DIFFERENTIAL PRESSURE SENSOR, 0-2.5 ""WC",0,0,0,524.5,Active Moving,Increase Algo,False,False,False,False,False,False,False,False,False,False,False,False,False,False,False,True,False,True,True,True,False,False,False,False,False,4
500768195,"12U3,RUBBER,TIP,OD=2.00MM,ID=1.40MM",0,0,0,30.0,Dead,Increase Algo,False,False,False,False,False,False,False,False,False,False,False,False,True,True,True,True,False,True,True,False,False,False,False,True,True,7
500771779,"PLACE TOOL 33,SiSiC501,30.38x24.83x1.2s",6,5,3,5000.0,Active Moving,Increase Algo,False,False,False,False,True,False,False,False,False,False,False,False,False,False,False,True,False,True,True,False,False,False,False,False,True,4
500772974,AUXILIARY CONTACTOR DC DILER,1,0,0,83.13,Active Moving,Decrease Algo,False,False,False,False,False,False,False,False,False,False,False,False,False,False,False,True,False,False,False,False,False,False,False,True,False,2
500772975,RELAIS 24 V DV 1W,0,0,0,47.78,Dead,Maintain Algo,False,False,False,False,False,False,False,False,False,False,False,False,True,True,True,True,False,False,False,True,False,False,False,True,True,6
500772976,MAIN CONTACTOR 3H + 1S,1,0,0,310.5,Active Moving,Decrease Algo,False,False,False,False,False,False,False,False,False,False,False,False,False,False,False,True,False,False,False,False,False,False,False,True,False,2
500772977,AUXILIARY BLOCK 2C+2O,1,0,0,31.38,Active Moving,Decrease Algo,False,False,False,False,False,False,False,False,False,False,False,False,False,False,False,True,False,False,False,False,False,False,False,True,False,2
500772978,OPTOCOUPLER 6MM 24 / 3-30VDC 3A 2L,0,0,0,139.0,Dead,Maintain Algo,False,False,False,False,False,False,False,False,False,False,False,False,True,True,True,True,False,False,False,False,False,False,False,False,True,4
500772979,SOCKET WITH RELAY 2XCHANGE OVER RT24VDC,1,0,0,31.61,Active Moving,Decrease Algo,False,False,False,False,False,False,False,False,False,False,False,False,False,False,False,True,False,False,False,False,False,False,False,True,False,2
500772980,RELAY MODULE 2XUM RT 24VDC SAFETY,1,0,0,55.7,Active Moving,Decrease Algo,False,False,False,False,False,False,False,False,False,False,False,False,False,False,False,True,False,False,False,False,False,False,False,True,False,2
500772981,SWITCHING POWER SUP.AC 3X380 (24V/40A),0,0,0,1246.46,Dead,Maintain Algo,False,False,False,False,False,False,False,False,False,False,False,False,True,True,True,True,False,False,False,True,False,False,False,False,True,5
500772982,SWITCHING POWER SUPPLY 400V (24V/20A),0,0,0,737.28,Dead,Maintain Algo,False,False,False,False,False,False,False,False,False,False,False,False,True,True,True,True,False,False,False,True,False,False,False,False,True,5
500772983,"USV POWER SUPPLY DC-UPS 24V DC, 24V/10A",1,0,0,1036.8,Active Moving,Decrease Algo,False,False,False,False,False,False,False,False,False,False,False,False,False,False,False,True,False,False,False,False,False,False,False,True,False,2
500772984,"LIGHTING CABLE 5M, CA-D5",1,0,0,102.0,Active Moving,Decrease Algo,False,False,False,False,False,False,False,False,False,False,False,False,False,False,False,True,False,False,False,False,False,False,False,True,False,2
500772985,Top-hat rail switching PS 24V/5A,1,0,0,264.0,Active Moving,Decrease Algo,False,False,False,False,False,False,False,False,False,False,False,False,False,False,False,True,False,False,False,False,False,False,False,True,False,2
500772986,"SWITCHING POWER SUPPLY 3- AC, 48V/40A",0,0,0,1498.5,Dead,Maintain Algo,False,False,False,False,False,False,False,False,False,False,False,False,True,True,True,True,False,False,False,True,False,False,False,False,True,5
500772987,ELECTRONIC CIRCUIT BREAKER DC48V,0,0,0,321.9,Dead,Maintain Algo,False,False,False,False,False,False,False,False,False,False,False,False,True,True,True,True,False,False,False,True,False,False,False,False,True,5
500772988,CIRCUIT BREAKER 1-PIN B-CHAR FAZ-B4 / 1,0,0,0,29.06,Dead,Maintain Algo,False,False,False,False,False,False,False,False,False,False,False,False,True,True,True,True,False,False,False,True,False,False,False,False,True,5
500772989,FRONTDOOR -SINGLE LEFT- (ESD),0,0,0,2106.0,Dead,Maintain Algo,False,False,False,False,False,False,False,False,False,False,False,False,True,True,True,True,False,False,False,False,False,False,False,False,True,4
500772990,MARKING CALIPER 300MM,0,0,0,702.0,Dead,Maintain Algo,False,False,False,False,False,False,False,False,False,False,False,False,True,True,True,True,False,False,False,False,False,False,False,False,True,4
500772991,CAMERA SYSTEM CONTROLLER 21 MP,0,0,0,20100.0,Dead,Maintain Algo,False,False,False,False,False,False,False,False,False,False,False,False,True,True,True,False,False,False,False,False,False,False,False,False,True,3
500772992,"CAMERA 21 MP MONOCHROME, 85X HIGH SPPED",0,0,0,12600.0,Dead,Maintain Algo,False,False,False,False,False,False,False,False,False,False,False,False,True,True,True,True,False,False,False,False,False,False,False,False,True,4
500772993,HIGH RESOLUTION LENS CAMERA 21 MP,0,0,0,3570.0,Dead,Maintain Algo,False,False,False,False,False,False,False,False,False,False,False,False,True,True,True,True,False,False,False,False,False,False,False,False,True,4
500772994,HIGH-SPEED CAMERA CABLE (5M),1,0,0,714.0,Active Moving,Maintain Algo,False,False,False,False,False,False,False,False,False,False,False,False,False,False,False,True,False,False,False,False,False,False,False,True,False,2
500772996,0.88M EXHAUST HOSE PLASMAJET 2 - RD1004,1,0,0,82.58,Active Moving,Maintain Algo,False,False,False,False,False,False,False,False,False,False,False,False,False,False,False,True,False,False,False,False,False,False,False,False,False,1
500772997,RD1004 BACK PRESSURE TEST KIT,0,0,0,14430.0,Dead,Maintain Algo,False,False,False,False,False,False,False,False,False,False,False,False,True,True,True,True,False,False,False,False,False,False,False,False,True,4
500773308,"PCB, 5-PORT USB 3.0 PCI-E CARD",0,0,0,350.0,Dead,Increase Algo,False,False,False,False,False,False,False,False,False,False,False,False,True,True,True,True,False,True,True,False,False,False,False,True,True,7
500776673,"PADS,ABSORBENT, 200 PER CASE",2,1,0,155.69,Active Moving,Maintain Algo,False,False,False,False,False,False,False,False,False,False,False,False,False,False,False,True,False,True,True,False,False,False,False,False,False,3
500776706,"PLACE TOOL 33,SISIC501,31.17X18.54X1.2S",2,1,0,5000.0,Active Moving,Maintain Algo,False,False,False,False,False,False,False,False,False,False,False,False,False,False,False,False,False,True,True,False,False,False,False,False,False,2
500776707,"PLACE TOOL 33,SISIC501,31.82X07.04X1.2S",1,0,0,5000.0,Active Moving,Maintain Algo,False,False,False,False,False,False,False,False,False,False,False,False,False,False,False,True,False,True,True,False,False,False,False,False,False,3
500777689,"RKI SENSOR FILTER , FORMIC ACID",1,0,0,95.0,Active Moving,Maintain Algo,False,False,False,False,False,False,False,False,False,False,False,False,False,False,False,True,False,True,True,False,False,False,False,False,False,3
500780801,"PRECISOR,4X2 MATRIX,56.0X45.0",0,0,0,2000.0,New Part,Maintain Algo,False,False,False,False,False,False,False,False,False,False,False,False,True,True,True,True,False,True,True,False,False,False,False,True,True,7
500781140,CBL SAFETY SWITCH ASSY 2,0,0,0,2393.0,Active Moving,Increase Algo,False,False,False,False,False,False,False,False,False,False,False,False,False,False,False,True,False,True,True,True,False,False,False,False,False,4
500781141,CBL SAFETY SWITCH ASSY 2,0,0,0,2393.0,Active Moving,Increase Algo,False,False,False,False,False,False,False,False,False,False,False,False,False,False,False,True,False,True,True,True,False,False,False,False,False,4
500781142,ASSY DIG OUT FAN OUT BRD,0,0,0,1183.2,Dead,Increase Algo,False,False,False,False,False,False,False,False,False,False,False,False,True,True,True,True,False,True,True,False,False,False,False,True,True,7
500782460,FLATSTONE SET,1,0,0,2472.3,Active Moving,Maintain Algo,False,False,False,False,False,False,False,False,False,False,False,False,False,False,False,True,False,True,True,False,False,False,False,False,False,3
500787624,"GASKET, FRONT DOOR, LH",1,0,0,252.0,Active Moving,Maintain Algo,False,False,False,False,False,False,False,False,False,False,False,False,False,False,False,True,False,True,True,False,False,False,False,False,False,3
500787625,"GASKET, FRONT DOOR, RH",1,0,0,252.0,Dead,Decrease Algo,False,False,False,False,False,False,False,False,False,False,False,False,True,False,True,True,False,True,True,False,False,False,True,True,True,7
500787711,CONTROLLER WITH SAFETY MONITOR,0,0,0,9608.1,Dead,Maintain Algo,False,False,False,False,False,False,False,False,False,False,False,False,True,True,True,False,False,True,True,False,False,False,False,True,True,6
500787712,CBL_N2_DOOR_OPEN,0,0,0,2074.0,Active Moving,Increase Algo,False,False,False,False,False,False,False,False,False,False,False,False,False,False,False,True,False,True,True,True,False,False,False,False,False,4
500787713,CBL_N2_DOOR_OPEN,0,0,0,2074.0,Dead,Increase Algo,False,False,False,False,False,False,False,False,False,False,False,False,True,True,True,True,False,True,True,False,False,False,False,True,True,7
500787714,AIR CLEAN UNIT,0,0,0,2961.6,Dead,Increase Algo,False,False,False,False,False,False,False,False,False,False,False,False,True,True,True,True,False,True,True,False,False,False,False,True,True,7
500787715,FIBER SENSOR,0,0,0,554.0,Dead,Maintain Algo,False,False,False,False,False,False,False,False,False,False,False,False,True,True,True,True,False,True,True,False,False,False,False,True,True,7
500787716,"LENS, CAMERA",0,0,0,2858.4,Dead,Maintain Algo,False,False,False,False,False,False,False,False,False,False,False,False,True,True,True,True,False,True,True,False,False,False,False,False,True,6
500787717,CAMERA,0,0,0,1750.0,Dead,Maintain Algo,False,False,False,False,False,False,False,False,False,False,False,False,True,True,True,True,False,True,True,False,False,False,False,False,True,6
500787718,SOLENOID VALVE,0,0,0,73.0,Dead,Maintain Algo,False,False,False,False,False,False,False,False,False,False,False,False,True,True,True,True,False,True,True,False,False,False,False,True,True,7
500787719,AIR PRESSURE SENSOR,0,0,0,145.9,Dead,Increase Algo,False,False,False,False,False,False,False,False,False,False,False,False,True,False,True,True,False,True,True,True,False,True,False,False,True,7
500787720,PHOTO SENSOR AMPLIFIER,0,0,0,126.0,Dead,Maintain Algo,False,False,False,False,False,False,False,False,False,False,False,False,True,True,True,True,False,True,True,False,False,False,False,True,True,7
500787721,INCOMING SENSOR,0,0,0,145.9,Dead,Maintain Algo,False,False,False,False,False,False,False,False,False,False,False,False,True,True,True,True,False,True,True,False,False,False,False,True,True,7
500787722,REED SWITCH,0,0,0,17.5,Dead,Maintain Algo,False,False,False,False,False,False,False,False,False,False,False,False,True,True,True,True,False,True,True,False,False,False,False,True,True,7
500787723,SERVO MOTOR DRIVER,0,0,0,1507.9,Dead,Maintain Algo,False,False,False,False,False,False,False,False,False,False,False,False,True,True,True,False,False,True,True,False,False,False,False,True,True,6
500787724,MOTION CONTROL CARD,0,0,0,2065.0,Dead,Maintain Algo,False,False,False,False,False,False,False,False,False,False,False,False,True,True,True,True,False,True,True,False,False,False,False,True,True,7
500787725,I/O CONTROLLER,0,0,0,1239.6,Dead,Increase Algo,False,False,False,False,False,False,False,False,False,False,False,False,True,True,True,False,False,True,True,False,False,False,False,True,True,6
500787726,POWER SUPPLY,0,0,0,393.8,Dead,Increase Algo,False,False,False,False,False,False,False,False,False,False,False,False,True,True,True,True,False,True,True,False,False,False,False,True,True,7
500787727,POWER SUPPLY,0,0,0,249.4,Dead,Increase Algo,False,False,False,False,False,False,False,False,False,False,False,False,True,True,True,True,False,True,True,False,False,False,False,True,True,7
500787728,POWER SUPPLY,0,0,0,37.5,Dead,Increase Algo,False,False,False,False,False,False,False,False,False,False,False,False,True,True,True,True,False,True,True,False,False,False,False,True,True,7
500787729,BELT_TIMING P=AT5 L=2910MM W=16MM,1,0,0,210.4,Dead,Decrease Algo,False,False,False,False,False,False,False,False,False,False,False,False,True,True,True,True,False,True,True,False,False,False,True,True,True,8
500787730,"BELT TIMING L=2096, W=8, THICK=1MM",1,0,0,64.5,Dead,Decrease Algo,False,False,False,False,False,False,False,False,False,False,False,False,True,True,True,True,False,True,True,False,False,False,True,True,True,8
500787731,"BELT TIMING L=1320, W=8, THICK=1MM",2,1,0,64.5,Active Moving,Maintain Algo,False,False,False,False,False,False,False,False,False,False,False,False,False,False,False,True,False,True,True,False,False,False,False,False,False,3
500787732,"BELT TIMING L=1035, W=8, THICK=1MM",1,0,0,64.5,Active Moving,Increase Algo,False,False,False,False,False,False,False,False,False,False,False,False,False,False,False,True,False,True,True,False,False,False,False,False,False,3
500787733,"BELT TIMING L=861, W=8, THICK=1MM",1,0,0,64.5,Active Moving,Increase Algo,False,False,False,False,False,False,False,False,False,False,False,False,False,False,False,True,False,True,True,False,False,False,False,False,False,3
500788062,THERMOCOUPLE INPUT KIT,0,0,0,6328.6,Dead,Maintain Algo,False,False,False,False,False,False,False,False,False,False,False,False,True,True,True,True,False,True,True,False,False,False,False,False,True,6
500788063,"FORCE GAUGE, TENSION CAPABLE, -50 50N",0,0,0,6847.7,Dead,Maintain Algo,False,False,False,False,False,False,False,False,False,False,False,False,True,True,True,True,False,True,True,False,False,False,False,False,True,6
500788064,"CARRYING CASE, PPCK V2, TEMPERATURE",0,0,0,2068.7,Dead,Maintain Algo,False,False,False,False,False,False,False,False,False,False,False,False,True,True,True,True,False,True,True,False,False,False,False,False,True,6
500788065,BONDHEAD FORCE CALIBRATION KIT,0,0,0,28800.0,Dead,Maintain Algo,False,False,False,False,False,False,False,False,False,False,False,False,True,True,True,True,False,True,True,False,False,False,False,False,True,6
500788066,"CARRYING CASE, PPCK V2, FORCE",0,0,0,2068.7,Dead,Maintain Algo,False,False,False,False,False,False,False,False,False,False,False,False,True,True,True,True,False,True,True,False,False,False,False,False,True,6
500788067,"TCB BOND NOZZLE, 35.00X35.00X0.5",0,0,0,2922.9,Dead,Maintain Algo,False,False,False,False,False,False,False,False,False,False,False,False,True,True,True,False,False,True,True,False,False,False,False,False,True,5
500788068,"TCB BOND NOZZLE, 25.00X25.00X0.5",0,0,0,2458.5,Dead,Maintain Algo,False,False,False,False,False,False,False,False,False,False,False,False,True,True,True,True,False,True,True,False,False,False,False,False,True,6
500788069,"TCB BOND NOZZLE, 15.00X15.00X0.5",0,0,0,2458.5,Dead,Maintain Algo,False,False,False,False,False,False,False,False,False,False,False,False,True,True,True,True,False,True,True,False,False,False,False,False,True,6
500788070,CBL CAP BOX INTRNL 5.6RES,0,0,0,118.5,Dead,Maintain Algo,False,False,False,False,False,False,False,False,False,False,False,False,True,True,True,True,False,True,True,False,False,False,False,True,True,7
500788071,CBL CAP BOX INTRNL 15RES,0,0,0,118.5,Dead,Maintain Algo,False,False,False,False,False,False,False,False,False,False,False,False,True,True,True,True,False,True,True,False,False,False,False,True,True,7
500788072,DPL IO INTERFACE BOARD LEFT,0,0,0,1104.1,Dead,Maintain Algo,False,False,False,False,False,False,False,False,False,False,False,False,True,True,True,True,False,True,True,False,False,False,False,True,True,7
500788073,DPL IO INTERFACE BOARD RIGHT,0,0,0,1104.1,Dead,Maintain Algo,False,False,False,False,False,False,False,False,False,False,False,False,True,True,True,True,False,True,True,False,False,False,False,True,True,7
500788074,PARALLELISM SENSOR INTERFACE ASSY LEFT,0,0,0,4045.6,Dead,Maintain Algo,False,False,False,False,False,True,True,False,False,False,False,False,True,False,False,True,False,True,True,False,False,False,False,False,True,6
500788075,PARALLELISM SENSOR INTERFACE ASSY RIGHT,0,0,0,4045.6,Dead,Maintain Algo,False,False,False,False,False,False,False,False,False,False,False,False,True,True,True,True,False,True,True,False,False,False,False,False,True,6
500788076,GLASS DIE APPLICATION KIT CASE,0,0,0,2484.7,Dead,Maintain Algo,False,False,False,False,False,False,False,False,False,False,False,False,True,True,True,True,False,True,True,False,False,False,False,False,True,6
500788077,"CASE, BOND NOZZLE, 50MM FLANGE",0,0,0,318.0,Dead,Maintain Algo,False,False,False,False,False,False,False,False,False,False,False,False,True,True,True,True,False,True,True,False,False,False,False,False,True,6
500788078,"CASE, BOND NOZZLE, 33MM FLANGE",0,0,0,223.2,Dead,Maintain Algo,False,False,False,False,False,False,False,False,False,False,False,False,True,True,True,True,False,True,True,False,False,False,False,False,True,6
500788079,MATERIAL HANDLING CALIBRATION KIT,0,0,0,17200.0,Dead,Maintain Algo,False,False,False,False,False,False,False,False,False,False,False,False,True,True,True,True,False,True,True,False,False,False,False,False,True,6
500788080,SINGLE TOOL DRILL PATTERN ASSY,0,0,0,1500.0,Dead,Maintain Algo,False,False,False,False,False,False,False,False,False,False,False,False,True,True,True,True,False,True,True,False,False,False,False,False,True,6
500788081,CBL PRECISION PRESS REG,0,0,0,1070.0,Dead,Maintain Algo,False,False,False,False,False,False,False,False,False,False,False,False,True,True,True,True,False,True,True,False,False,False,False,True,True,7
500788082,CBL PRECISION PRESS REG,0,0,0,1070.0,Active Moving,Increase Algo,False,False,False,False,False,False,False,False,False,False,False,False,False,False,False,True,False,True,True,True,False,False,False,False,False,4
500788083,CBL Z READ HEAD VIONIC,0,0,0,1862.6,Dead,Maintain Algo,False,False,False,False,False,False,False,False,False,False,False,False,True,True,True,True,False,True,True,False,False,False,False,True,True,7
500788084,"MOTOR COIL, LINEAR, 500N, 75MM STRK",0,0,0,3830.7,Dead,Maintain Algo,False,False,False,False,False,False,False,False,False,False,False,False,True,True,True,False,False,True,True,False,False,False,False,True,True,6
500788085,DPL L-R Y-MTR,0,0,0,4452.7,Dead,Maintain Algo,False,False,False,False,False,False,False,False,False,False,False,False,True,True,True,True,False,True,True,False,False,False,False,True,True,7
500788086,POLISHING STONE FOR TCB HEATER,0,0,0,504.0,Dead,Maintain Algo,False,False,False,False,False,False,False,False,False,False,False,False,True,True,True,True,False,True,True,False,False,False,False,True,True,7
500788087,SYRINGE PUMP WITH QUICK CONNECT,0,0,0,300.0,Active Moving,Increase Algo,False,False,False,False,False,False,False,False,False,False,False,False,False,False,False,True,False,True,True,False,False,False,False,False,False,3
500788088,CRANE HEAD GAUGE SINGLE,0,0,0,4500.0,Dead,Maintain Algo,False,False,False,False,False,False,False,False,False,False,False,False,True,True,True,True,False,True,True,False,False,False,False,False,True,6
500788089,DUMMY TRAY GAUGE,0,0,0,912.0,Dead,Maintain Algo,False,False,False,False,False,False,False,False,False,False,False,False,True,True,True,True,False,True,True,False,False,False,False,False,True,6
500788091,PREHEAT GAGE TOP,0,0,0,6186.0,Dead,Maintain Algo,False,False,False,False,False,False,False,False,False,False,False,False,True,True,True,True,False,True,True,False,False,False,False,False,True,6
500788092,PREHEAT GAGE BOTTOM,0,0,0,6186.0,Dead,Maintain Algo,False,False,False,False,False,False,False,False,False,False,False,False,True,True,True,True,False,True,True,False,False,False,False,False,True,6
500788093,WIDTH GAUGE,0,0,0,369.0,Dead,Maintain Algo,False,False,False,False,False,False,False,False,False,False,False,False,True,True,True,True,False,True,True,False,False,False,False,False,True,6
500788094,RAIL PARALLELISM GAUGE,0,0,0,719.0,Dead,Maintain Algo,False,False,False,False,False,False,False,False,False,False,False,False,True,True,True,True,False,True,True,False,False,False,False,False,True,6
500788095,INPUT WIDTH GAUGE,0,0,0,369.0,Dead,Maintain Algo,False,False,False,False,False,False,False,False,False,False,False,False,True,True,True,True,False,True,True,False,False,False,False,False,True,6
500788096,PWM CONTROLLER,0,0,0,345.0,Active Moving,Increase Algo,False,False,False,False,False,False,False,False,False,False,False,False,False,False,False,True,False,True,True,False,False,False,False,False,False,3
500788097,CONFOCAL DISPLACEMENT SENSOR HEAD,0,0,0,13500.0,Dead,Maintain Algo,False,False,False,False,False,False,False,False,False,False,False,False,True,True,True,True,False,True,True,False,False,False,False,True,True,7
500788098,SWITCH EREPLACENCY STOP PUSHBTN FOOLPROOF,0,0,0,120.0,Dead,Maintain Algo,False,False,False,False,False,False,False,False,False,False,False,False,True,True,True,True,False,True,True,False,False,False,False,True,True,7
500788099,ADAPTOR FRONT FOR EMER STOP SWITCH,0,0,0,15.0,Dead,Maintain Algo,False,False,False,False,False,False,False,False,False,False,False,False,True,True,True,True,False,True,True,False,False,False,False,True,True,7
500788100,CONTACT 1 N/C GOLD PLATED,0,0,0,49.7,Dead,Maintain Algo,False,False,False,False,False,False,False,False,False,False,False,False,True,True,True,True,False,True,True,False,False,False,False,True,True,7
500788101,BUTTON  EAO 61-1100.0 24X24MM VERS.,0,0,0,30.1,Dead,Maintain Algo,False,False,False,False,False,False,False,False,False,False,False,False,True,True,True,True,False,True,True,False,False,False,False,True,True,7
500788102,CAP E-STOP PROTECTIVE SHROUD,0,0,0,49.6,Dead,Maintain Algo,False,False,False,False,False,False,False,False,False,False,False,False,True,True,True,True,False,True,True,True,False,False,False,False,True,7
500788103,MOUNTING CLIP,0,0,0,13.7,Dead,Maintain Algo,False,False,False,False,False,False,False,False,False,False,False,False,True,True,True,True,False,True,True,True,False,False,False,False,True,7
500788104,INVAR 20UM 15 X 1.5 X 530MM RELM,0,0,0,868.4,Dead,Maintain Algo,False,False,False,False,False,False,False,False,False,False,False,False,True,True,True,True,False,True,True,False,False,False,False,True,True,7
500788105,READ HEAD  ENCODER  ATOM  20 MICRON,0,0,0,389.3,Dead,Maintain Algo,False,False,False,False,False,False,False,False,False,False,False,False,True,True,True,True,False,True,True,False,False,False,False,True,True,7
500788106,ENCODER SEGMENT 20 DEG RENISHAW ATOM,0,0,0,219.4,Dead,Maintain Algo,False,False,False,False,False,False,False,False,False,False,False,False,True,True,True,True,False,True,True,False,False,False,False,True,True,7
500788107,"FORCE/TORQUE INDICATOR, 110V",0,0,0,3715.1,Dead,Maintain Algo,False,False,False,False,False,False,False,False,False,False,False,False,True,True,True,True,False,True,True,False,False,False,False,True,True,7
500788108,COVER  24X24 TRANSPARENT,0,0,0,7.0,Dead,Maintain Algo,False,False,False,False,False,False,False,False,False,False,False,False,True,True,True,True,False,True,True,True,False,False,False,False,True,7
500788109,COVER  24X24 GREEN,0,0,0,7.1,Dead,Maintain Algo,False,False,False,False,False,False,False,False,False,False,False,False,True,True,True,True,False,True,True,True,False,False,False,False,True,7
500788110,BOX W INDIVIDUAL LIDS 4 COMPARTMENTS,0,0,0,477.0,Dead,Maintain Algo,False,False,False,False,False,False,False,False,False,False,False,False,True,True,True,True,False,True,True,True,False,False,False,False,True,7
500788111,WHITE LIGHTS,0,0,0,42.3,Dead,Maintain Algo,False,False,False,False,False,False,False,False,False,False,False,False,True,True,True,True,False,True,True,True,False,False,False,False,True,7
500788112,RELAY WITH LIGHT,0,0,0,10.2,Dead,Maintain Algo,False,False,False,False,False,False,False,False,False,False,False,False,True,True,True,True,False,True,True,False,False,False,False,True,True,7
500788113,DRIVER,0,0,0,525.0,Dead,Maintain Algo,False,False,False,False,False,False,False,False,False,False,False,False,True,True,True,True,False,True,True,False,False,False,False,True,True,7
500788114,"DETECTOR CABLE, 3M",0,0,0,84.6,Dead,Maintain Algo,False,False,False,False,False,False,False,False,False,False,False,False,True,True,True,True,False,True,True,False,False,False,False,True,True,7
500788115,"POWER CABLE, 3M",0,0,0,54.5,Dead,Maintain Algo,False,False,False,False,False,False,False,False,False,False,False,False,True,True,True,True,False,True,True,True,False,False,False,False,True,7
500788116,RED LIGHTS,0,0,0,750.8,Dead,Maintain Algo,False,False,False,False,False,False,False,False,False,False,False,False,True,False,True,True,False,True,True,True,False,True,False,False,True,7
500788117,ACTIVE WHEEL SET ASSY,0,0,0,1182.0,Dead,Maintain Algo,False,False,False,False,False,False,False,False,False,False,False,False,True,True,True,True,False,True,True,False,False,False,False,True,True,7
500788118,PASSIVE WHEEL SET ASSY,0,0,0,630.0,Dead,Maintain Algo,False,False,False,False,False,False,False,False,False,False,False,False,True,True,True,True,False,True,True,False,False,False,False,True,True,7
500788119,"TUBING CLAMP, PLASTIC",0,0,0,2.7,Dead,Maintain Algo,False,False,False,False,False,False,False,False,False,False,False,False,True,True,True,True,False,True,True,False,False,False,False,True,True,7
500788120,"TUBING CLAMP, 0.25IN OD, PLASTIC",0,0,0,2.7,Dead,Maintain Algo,False,False,False,False,False,False,False,False,False,False,False,False,True,True,True,True,False,True,True,False,False,False,False,True,True,7
500788121,"GAUGE BLOCK, RECTANGULAR, 8MM",0,0,0,130.8,Dead,Maintain Algo,False,False,False,False,False,False,False,False,False,False,False,False,True,True,True,True,False,True,True,True,False,False,False,False,True,7
500788122,T-HANDLE 9IN HEX 3MM,0,0,0,358.0,Dead,Maintain Algo,False,False,False,False,False,False,False,False,False,False,False,False,True,True,True,True,False,True,True,True,False,False,False,False,True,7
500788123,BEAKER 400 ML POLYETHYLENE,0,0,0,63.1,Dead,Maintain Algo,False,False,False,False,False,False,False,False,False,False,False,False,True,True,True,True,False,True,True,True,False,False,False,False,True,7
500788124,"VALVE, 5 PORT, SINGLE",0,0,0,142.3,Dead,Maintain Algo,False,False,False,False,False,False,False,False,False,False,False,False,True,True,True,True,False,True,True,False,False,False,False,True,True,7
500788125,SHIM,0,0,0,36.8,Dead,Maintain Algo,False,False,False,False,False,False,False,False,False,False,False,False,True,True,True,True,False,True,True,False,False,False,False,True,True,7
500788126,SHIM 100 MICRON,0,0,0,34.0,Dead,Maintain Algo,False,False,False,False,False,False,False,False,False,False,False,False,True,True,True,True,False,True,True,False,False,False,False,True,True,7
500788127,MULTI-LED WHITE 24V,0,0,0,24.8,Dead,Maintain Algo,False,False,False,False,False,False,False,False,False,False,False,False,True,True,True,True,False,True,True,False,False,False,False,True,True,7
500793084,CONTROLLER  4XDUAL DRIVE / 0XHV DRIVE,0,0,0,11424.6,Dead,Maintain Algo,False,False,False,False,False,False,False,False,False,False,False,False,True,True,True,False,False,True,True,False,False,False,False,True,True,6
500793085,CBL_X_ENCODER,0,0,0,2551.8,Dead,Maintain Algo,False,False,False,False,False,False,False,False,False,False,False,False,True,True,True,True,False,True,True,False,False,False,False,True,True,7
500793086,CBL_X_ENCODER,0,0,0,2551.8,Dead,Maintain Algo,False,False,False,False,False,False,False,False,False,False,False,False,True,True,True,True,False,True,True,False,False,False,False,True,True,7
500793087,CBL_Y_ENCODER,0,0,0,2551.8,Dead,Maintain Algo,False,False,False,False,False,False,False,False,False,False,False,False,True,True,True,True,False,True,True,False,False,False,False,True,True,7
500793088,CBL_Y_ENCODER,0,0,0,2551.8,Dead,Maintain Algo,False,False,False,False,False,False,False,False,False,False,False,False,True,True,True,True,False,True,True,False,False,False,False,True,True,7
500793089,AIR CLEANER UNIT HEPA FILTER,1,0,0,1693.4,Dead,Decrease Algo,False,False,False,False,False,False,False,False,False,False,False,False,True,False,True,True,False,True,True,False,False,True,True,False,True,7
500793090,LCD MONITOR,0,0,0,453.7,Dead,Maintain Algo,False,False,False,False,False,False,False,False,False,False,False,False,True,True,True,True,False,True,True,False,False,False,False,True,True,7
500793091,"COMPUTER BUNDLE, DELL",0,0,0,4960.0,Dead,Maintain Algo,False,False,False,False,False,False,False,False,False,False,False,False,True,True,True,True,False,True,True,False,False,False,False,True,True,7
500793092,"COMPUTER BUNDLE, ADVANTECH",0,0,0,6066.0,Dead,Maintain Algo,False,False,False,False,False,False,False,False,False,False,False,False,True,True,True,True,False,True,True,False,False,False,False,True,True,7
500793803,25X25 RECIRCULATION GLASS DIE CASE,0,0,0,1621.5,Dead,Maintain Algo,False,False,False,False,False,False,False,False,False,False,False,False,True,True,True,True,False,True,True,True,False,False,False,False,True,7
500794916,PROCESS GAS ANALYZER SUBASSEMBLY,1,0,0,15500.0,Active Moving,Maintain Algo,False,False,False,False,False,False,False,False,False,False,False,False,False,False,False,True,False,True,True,True,False,False,False,False,False,4
500794917,FA BECKHOFF CPU ASSY,1,0,0,7100.0,Dead,Decrease Algo,False,False,False,False,False,False,False,False,False,False,False,False,True,True,True,False,False,True,True,False,False,False,True,True,True,7
500794918,"FA ABATEMENT HEATER SUBASSY, LEFT",0,0,0,5145.0,Active Moving,Increase Algo,False,False,False,False,False,False,False,False,False,False,False,False,False,False,False,True,False,True,True,False,False,False,False,False,False,3
500794919,"FA ABATEMENT HEATER SUBASSY, RIGHT",0,0,0,5145.0,Active Moving,Increase Algo,False,False,False,False,False,False,False,False,False,False,False,False,False,False,False,True,False,True,True,False,False,False,False,False,False,3
500794920,BGA_PUMP_PWR_TERM,1,0,0,2490.0,Dead,Decrease Algo,False,False,False,False,False,False,False,False,False,False,False,False,True,True,True,False,False,True,True,False,False,False,True,True,True,7
500794921,RELAY 3-30V SPST 240V 20A,0,0,0,215.0,Dead,Maintain Algo,False,False,False,False,False,False,False,False,False,False,False,False,True,True,True,True,False,True,True,False,False,False,False,True,True,7
500794922,RELAY GEN PURPOS SPST 50MA 24VDC,0,0,0,19.0,Dead,Maintain Algo,False,False,False,False,False,False,False,False,False,False,False,False,True,True,True,True,False,True,True,False,False,False,False,True,True,7
500794923,RELAY SPDT (1 FORM C) 5VDC COIL DIN RAIL,0,0,0,61.0,Dead,Maintain Algo,False,False,False,False,False,False,False,False,False,False,False,False,True,True,True,True,False,True,True,False,False,False,False,True,True,7
500794924,IND CHARGE AMP 3 CH_BNC INPUT CONNECTOR,0,0,0,3677.0,Dead,Increase Algo,False,False,False,False,False,False,False,False,False,False,False,False,True,True,False,True,False,True,True,False,False,False,False,True,True,6
500794925,"DIGITAL PRES GA, 1/8 NPT,-0.1 TO 1.0MPA",0,0,0,140.6,Dead,Maintain Algo,False,False,False,False,False,False,False,False,False,False,False,False,True,True,True,True,False,True,True,False,False,False,False,True,True,7
500794926,MASS FLOW CONTROLLER MCHS,1,0,0,8900.0,Active Moving,Increase Algo,False,False,False,False,False,False,False,False,False,False,False,False,False,False,False,True,False,True,True,True,False,False,False,False,False,4
500794927,FRAME_FRONT 24X24MM BLACK,0,0,0,14.2,Dead,Maintain Algo,False,False,False,False,False,False,False,False,False,False,False,False,True,True,True,True,False,True,True,False,False,False,False,True,True,7
500794928,TERM BLK FUSE MOD UT6-HESI(6.3X32),0,0,0,29.0,Dead,Maintain Algo,False,False,False,False,False,False,False,False,False,False,False,False,True,True,True,True,False,True,True,False,False,False,False,True,True,7
500794929,DIFFERENTIAL PRESSURE SENSOR,0,0,0,347.0,Dead,Maintain Algo,False,False,False,False,False,False,False,False,False,False,False,False,True,True,True,True,False,True,True,False,False,False,False,True,True,7
500794930,O2 100PPM N2 CALIBRATION GAS 116L,0,0,0,314.2,Active Moving,Increase Algo,False,False,False,False,False,False,False,False,False,False,False,False,False,False,False,True,False,True,True,False,False,False,False,False,False,3
500794931,SAFETY CONTROLLER FLEXI SOFT MAIN MODULE,0,0,0,769.0,Dead,Maintain Algo,False,False,False,False,False,False,False,False,False,False,False,False,True,True,True,False,False,True,True,False,False,False,False,True,True,6
500794932,"ENCODER INTERFACE,X4000 INTRPL,20MICRON",0,0,0,409.5,Dead,Maintain Algo,False,False,False,False,False,False,False,False,False,False,False,False,True,True,True,True,False,True,True,False,False,False,False,True,True,7
500794933,SPIRIT LEVEL 0.1MM/M L80MM,0,0,0,1054.5,Dead,Maintain Algo,False,False,False,False,False,False,False,False,False,False,False,False,True,True,True,True,False,True,True,True,False,False,False,False,True,7
500794934,"USB 3.0 PCIE,FRESCO FL1100,4HC,4 PORT",0,0,0,491.7,Active Moving,Increase Algo,False,False,False,False,False,False,False,False,False,False,False,False,False,False,False,True,False,True,True,False,False,False,False,False,False,3
500794935,AC/DC CONVERTER 24V 240W,0,0,0,680.0,Dead,Maintain Algo,False,False,False,False,False,False,False,False,False,False,False,False,True,True,True,True,False,True,True,False,False,False,False,True,True,7
500794936,"POWER SUPPLY, 120W, 1PH, 24-28VD",0,0,0,500.0,Dead,Maintain Algo,False,False,False,False,False,False,False,False,False,False,False,False,True,True,True,True,False,True,True,False,False,False,False,True,True,7
500794937,DIN RAIL UPS 24V 10A W/ 5AH BAT,1,0,0,1360.0,Dead,Decrease Algo,False,False,False,False,False,False,False,False,False,False,False,False,False,False,False,False,False,True,True,False,False,False,True,True,False,4
500794938,POWER SUPPLY MODULE - POWER BRIDGE,0,0,0,356.0,Dead,Maintain Algo,False,False,False,False,False,False,False,False,False,False,False,False,True,True,True,True,False,True,True,False,False,False,False,True,True,7
500794939,FORMIC ACID 0-15PPM SENSOR,1,0,0,6000.0,Active Moving,Maintain Algo,False,False,False,False,False,False,False,False,False,False,False,False,False,False,False,True,False,True,True,False,False,False,False,False,False,3
500794940,"CO SENSOR, 0-150PPM",1,0,0,5930.0,Active Moving,Maintain Algo,False,False,False,False,False,False,False,False,False,False,False,False,False,False,False,True,False,True,True,False,False,False,False,False,False,3
500794941,DP CABLE MALE TO MALE 3M,0,0,0,123.8,Dead,Maintain Algo,False,False,False,False,False,False,False,False,False,False,False,False,True,True,True,True,False,True,True,False,False,False,False,True,True,7
500794942,FIBER SENSOR,0,0,0,131.3,Dead,Maintain Algo,False,False,False,False,False,False,False,False,False,False,False,False,True,True,True,True,False,True,True,False,False,False,False,True,True,7
500794943,PHOTO SENSOR AMPLIFIER,0,0,0,144.5,Dead,Maintain Algo,False,False,False,False,False,False,False,False,False,False,False,False,True,True,True,True,False,True,True,False,False,False,False,True,True,7
500794944,"BRG_LIN W=20 H=10 B=15, 1 CARRIAGE",0,0,0,198.5,Dead,Maintain Algo,False,False,False,False,False,False,False,False,False,False,False,False,True,True,True,True,False,True,True,False,False,False,False,True,True,7
500794945,"REGULATOR, 0.5 MPA, 0-10V, W/O CABLE",0,0,0,607.3,Active Moving,Increase Algo,False,False,False,False,False,False,False,False,False,False,False,False,False,False,False,True,False,True,True,False,False,False,False,False,False,3
500794946,"REGULATOR, ELECTRO-PNEUMATIC",0,0,0,527.0,Dead,Maintain Algo,False,False,False,False,False,False,False,False,False,False,False,False,True,True,True,True,False,True,True,False,False,False,False,True,True,7
500794947,"DEMAND FLOW REGULATOR C-10 CONN, GASCO",0,0,0,1114.6,Dead,Maintain Algo,False,False,False,False,False,False,False,False,False,False,False,False,True,True,True,True,False,True,True,False,False,False,False,True,True,7
500794948,"CHARCOAL FILTER, INLINE, 6MM OD BARBS",1,0,0,260.0,Dead,Decrease Algo,False,False,False,False,False,False,False,False,False,False,False,False,True,True,True,True,False,True,True,False,False,False,True,True,True,8
500794949,"FITTING, SS T-TYPE FILTER, 1/4IN X 1/4IN",1,0,0,239.0,Dead,Decrease Algo,False,False,False,False,False,False,False,False,False,False,False,False,True,True,True,True,False,True,True,False,False,False,True,True,True,8
500794950,POST-ASSY INSERTION NUT W/LEAF SPRING,0,0,0,1.7,Dead,Maintain Algo,False,False,False,False,False,False,False,False,False,False,False,False,True,True,True,True,False,True,True,False,False,False,False,True,True,7
500794951,"SOLENOID VALVE, 3 PORT",0,0,0,107.0,Dead,Maintain Algo,False,False,False,False,False,False,False,False,False,False,False,False,True,True,True,True,False,True,True,False,False,False,False,True,True,7
500794952,"CYLINDER, DBL SHAFT, BORE 16, STROKE 5",0,0,0,153.3,Dead,Maintain Algo,False,False,False,False,False,False,False,False,False,False,False,False,True,True,True,True,False,True,True,False,False,False,False,True,True,7
500794953,ISOLATING TRANSDUCER 2-CHANNEL; SIL 2,1,0,0,1152.0,Dead,Decrease Algo,False,False,False,False,False,False,False,False,False,False,False,False,True,True,True,False,False,True,True,False,False,False,True,True,True,7
500794954,"O-RING,6.5MM ID,1.5MM THICK,70A DUROMTR",0,0,0,3.7,Dead,Maintain Algo,False,False,False,False,False,False,False,False,False,False,False,False,True,True,True,True,False,True,True,False,False,False,False,True,True,7
500794955,"O-RING,1"" ID,3/16"" THICK,70A DUROMETER",0,0,0,3.7,Dead,Maintain Algo,False,False,False,False,False,False,False,False,False,False,False,False,True,True,True,True,False,True,True,False,False,False,False,True,True,7
500795498,MAGNETIC ADAPTER FOR BONDHEAD FORCE GAUG,0,0,0,220.5,Dead,Maintain Algo,False,False,False,False,False,False,False,False,False,False,False,False,True,True,True,True,False,True,True,False,False,False,False,True,True,7
500795499,RELAY SPDT 24VDC COIL DIN RAIL,0,0,0,42.0,Dead,Maintain Algo,False,False,False,False,False,False,False,False,False,False,False,False,True,True,True,False,False,True,True,False,False,False,False,True,True,6
500795501,"MASS FLOWMETER,0-20 SLPM,1/8"" BSSP",1,0,0,5108.0,Dead,Decrease Algo,False,False,False,False,False,False,False,False,False,False,False,False,True,True,True,False,False,True,True,False,False,False,True,True,True,7
500795502,"MASS FLOWMETER,0-50 SLPM,1/4"" BSSP",1,0,0,5350.0,Dead,Decrease Algo,False,False,False,False,False,False,False,False,False,False,False,False,True,True,True,False,False,True,True,False,False,False,True,True,True,7
500795503,ISO SWITCH AMP 2-CH;2 RELAY OP,0,0,0,518.0,Dead,Maintain Algo,False,False,False,False,False,False,False,False,False,False,False,False,True,True,True,True,False,True,True,False,False,False,False,True,True,7
500795504,ISO SWITCH AMP 2-CH;2 TRANS OP,0,0,0,582.0,Dead,Maintain Algo,False,False,False,False,False,False,False,False,False,False,False,False,True,True,True,True,False,True,True,False,False,False,False,True,True,7
500795505,TEMP MEASURE AMP 1-CH;MONITOR FOR SC,0,0,0,956.0,Dead,Maintain Algo,False,False,False,False,False,False,False,False,False,False,False,False,True,True,True,True,False,True,True,False,False,False,False,True,True,7
500796080,"PLACE TOOL 33,SISIC501,25.21X22.12X0.5",1,0,0,4500.0,Dead,Maintain Algo,False,False,False,False,False,False,False,False,False,False,False,False,False,False,False,True,False,True,True,False,False,False,True,True,False,5
500796083,"PLACE TOOL 33,SISIC501,31.82X07.04X0.5",1,0,0,4500.0,Dead,Maintain Algo,False,False,False,False,False,False,False,False,False,False,False,False,False,False,False,True,False,True,True,False,False,False,True,True,False,5
500796087,"BOND CHUCK,4x2 MATRIX,56.5x45.0x1.65",0,0,0,7250.0,Dead,Maintain Algo,False,False,False,False,False,False,False,False,False,False,False,False,True,True,True,False,False,True,True,False,False,False,False,True,True,6
500796088,"PREHEAT CHUCK,4x2 MATRIX,56.5x45.0",0,0,0,4000.0,Dead,Maintain Algo,False,False,False,False,False,False,False,False,False,False,False,False,True,True,True,True,False,True,True,False,False,False,False,True,True,7
500796089,"PRECISOR,4x2 MATRIX,56.5x45.0",0,0,0,2000.0,Dead,Maintain Algo,False,False,False,False,False,False,False,False,False,False,False,False,True,True,True,False,False,True,True,False,False,False,False,True,True,6
500797637,WD 1TB NOTEBOOK HARD 7200 RPM,1,0,0,140.7,Dead,Decrease Algo,False,False,False,False,False,False,False,False,False,False,False,False,False,False,False,True,False,False,False,False,False,False,True,True,False,3
500798508,"TIMING BELT,W8,P AT3,L708, 236 TEEETH",0,0,0,64.5,Dead,Maintain Algo,False,False,False,False,False,False,False,False,False,False,False,False,True,True,True,True,False,True,True,False,False,False,False,True,True,7
500801693,BELT_TIMING P=AT5 L=3000MM W=16MM,0,0,0,213.7,Dead,Maintain Algo,False,False,False,False,False,False,False,False,False,False,False,False,True,True,True,True,False,True,True,False,False,False,False,True,True,7
500801694,REPLACEMENT FILTER ELEMENT,0,0,0,245.7,Dead,Maintain Algo,False,False,False,False,False,False,False,False,False,False,False,False,True,True,True,True,False,True,True,False,False,False,False,True,True,7
500806498,"PLACE TOOL 33,SISIC501,10.80X10.80X0.5",1,0,0,4500.0,New Part,Maintain Algo,False,False,False,False,False,False,False,False,False,False,False,False,True,True,True,True,False,True,True,False,False,False,False,True,True,7
500809419,GF-5 PRECISION GROUND FLATSTONES,0,0,0,630.0,Active Moving,Increase Algo,False,False,False,False,False,False,False,False,False,False,False,False,False,False,False,True,False,True,True,False,False,False,False,False,False,3
500810529,"PLACE TOOL 33,SISIC501,31.17X18.54X0.50",1,0,0,4500.0,New Part,Maintain Algo,False,False,False,False,False,False,False,False,False,False,False,False,True,True,True,True,False,True,True,False,False,False,False,True,True,7
500810533,"PLACE TOOL 33,SISIC501,31.86X10.85X0.5",1,0,0,4500.0,New Part,Maintain Algo,False,False,False,False,False,False,False,False,False,False,False,False,True,True,True,True,False,True,True,False,False,False,False,True,True,7
500810535,"PLACE TOOL 33,SISIC501,32.10X12.07X0.5",1,0,0,4500.0,Active Moving,Increase Algo,False,False,False,False,False,False,False,False,False,False,False,False,False,False,False,True,False,True,True,False,False,False,False,False,False,3
500810544,"BOND CHUCK,3X2 MATRIX,77.5X50.0X1.80",1,0,0,7250.0,New Part,Maintain Algo,False,False,False,False,False,False,False,False,False,False,False,False,True,True,True,True,False,True,True,False,False,False,False,True,True,7
500810545,"PREHEAT CHUCK,3X2 MATRIX,77.5X50.0",1,0,0,4000.0,New Part,Maintain Algo,False,False,False,False,False,False,False,False,False,False,False,False,True,True,True,True,False,True,True,False,False,False,False,True,True,7
500810546,"PRECISOR,3X2 MATRIX,77.5X50.0",0,0,0,2000.0,New Part,Maintain Algo,False,False,False,False,False,False,False,False,False,False,False,False,True,True,True,True,False,True,True,False,False,False,False,True,True,7
500815517,"OPENEND,WRENCH,ATTACH,22MM,NOZZLE",0,0,0,114.0,New Part,Maintain Algo,False,False,False,False,False,False,False,False,False,False,False,False,True,True,True,True,False,False,False,False,False,False,False,False,True,4
500815520,"AL,PTZ15192-2,TORQUE,SUPPORT,V2020",0,0,0,402.0,New Part,Maintain Algo,False,False,False,False,False,False,False,False,False,False,False,False,True,False,True,True,False,False,False,False,False,False,False,False,True,3
500816939,CARRIAGE MOTOR COIL ASSY (R),1,0,0,732.0,New Part,Decrease Algo,False,False,False,False,False,False,False,False,False,False,False,False,True,False,True,False,False,False,False,False,False,False,False,False,True,2
500817204,CARRIAGE MOTOR COIL ASSY (L),1,0,0,732.0,New Part,Decrease Algo,False,False,False,False,False,False,False,False,False,False,False,False,True,False,True,False,False,False,False,False,False,False,False,False,True,2
500818667,"PLACE TOOL 33,SISIC501,25.21X22.12X1.2",1,0,0,5000.0,Active Moving,Maintain Algo,False,False,False,False,False,False,False,False,False,False,False,False,False,False,False,True,False,True,True,False,False,False,False,True,False,4
500819356,KIT FIT BH 1/4 SS SCREW FERRULE COLLAR,1,0,0,125.36,Active Moving,Maintain Algo,False,False,False,False,False,False,False,False,False,False,False,False,False,False,False,True,False,False,False,False,False,False,False,False,False,1
500819682,"VACUUM CRANE,4X2 MATRIX,56.0X45.0",0,0,0,3200.0,New Part,Maintain Algo,False,False,False,False,False,False,False,False,False,False,False,False,True,True,True,True,False,True,True,False,False,False,False,True,True,7
500820911,CROSS ROLLER RING 150X250X16.5 METRIC,0,0,0,4164.0,Active Moving,Increase Algo,False,False,False,False,False,False,False,False,False,False,False,False,False,False,False,True,False,False,False,False,False,False,False,False,False,1
500821192,"PEDESTAL HOLDER TOOL,NEW DESIGN,TCB",0,0,0,1247.33,Dead,Maintain Algo,False,False,False,False,False,False,False,False,False,False,False,False,True,False,True,True,False,False,False,True,False,True,False,False,True,5
500824300,MBH Z TABEL BALL SCREW (PHASE 2),0,0,0,2218.0,Dead,Maintain Algo,False,False,False,False,False,False,False,False,False,False,False,False,True,True,True,True,False,False,False,False,False,False,True,False,True,5
500824301,MBH Z TABLE PULLEY (9MM),0,0,0,50.0,Dead,Maintain Algo,False,False,False,False,False,False,False,False,False,False,False,False,True,False,True,True,False,False,False,False,False,False,True,False,True,4
500824563,"CLAWS,PEEK,4 PCS,PEDESTAL HOLDER TOOL",0,0,0,187.61,Dead,Maintain Algo,False,False,False,False,False,False,False,False,False,False,False,False,True,True,True,True,False,False,False,True,False,False,False,False,True,5
500824564,"SAFETY SPRING BOLT,PEDESTAL HOLDER TOOL",0,0,0,22.69,Dead,Maintain Algo,False,False,False,False,False,False,False,False,False,False,False,False,True,True,True,True,False,False,False,True,False,False,False,False,True,5
500827755,"HVM,AC,DISTRIBUTION,BOX",0,0,0,35061.0,Active Moving,Increase Algo,False,False,False,False,False,False,False,False,False,False,False,False,False,False,False,True,False,True,True,False,False,False,False,False,False,3
500827784,"PANEL,DIE,TRANSFER,WINDOW",1,0,0,407.8,Dead,Maintain Algo,False,False,False,False,False,False,False,False,False,False,False,False,True,False,True,True,False,True,True,False,False,False,True,False,True,6
500827785,"PANEL,BOND,STAGE,WINDOW",1,0,0,961.8,Active Moving,Maintain Algo,False,False,False,False,False,False,False,False,False,False,False,False,False,False,False,True,False,True,True,False,False,False,False,False,False,3
500828868,NICUNI-COATED HIGH TEMP. DISC MAGNET,0,0,0,26.0,Dead,Maintain Algo,False,False,False,False,False,False,False,False,False,False,False,False,True,False,True,True,False,False,False,False,False,False,False,False,True,3
500829482,FA SHROUD ASSY 33MM RIGHT,1,0,0,8200.0,Active Moving,Maintain Algo,False,False,False,False,False,False,False,False,False,False,False,False,False,False,False,True,False,True,True,True,False,False,False,False,False,4
500829483,FA SHROUD ASSY 33MM LEFT,1,0,0,8200.0,Active Moving,Increase Algo,False,False,False,False,False,False,False,False,False,False,False,False,False,False,False,True,False,True,True,False,False,False,False,False,False,3
500829948,"STRAIN RELIEF, LBH RTD AND TC, HVM",0,0,0,10.2,Dead,Maintain Algo,False,False,False,False,False,False,False,False,False,False,False,False,True,True,True,True,False,True,True,False,False,False,False,True,True,7
500830020,02 Channel Digital Capacitive Amplifier,0,0,0,7367.95,New Part,Maintain Algo,False,False,False,False,False,False,False,False,False,False,False,False,True,True,True,True,False,False,False,False,False,False,False,False,True,4
500830021,Capacitance Probe ASP-16-ILR/HT-SP,0,0,0,2555.3,New Part,Maintain Algo,False,False,False,False,False,False,False,False,False,False,False,False,True,True,True,True,False,False,False,False,False,False,False,False,True,4
500830022,Capacitance Probe ASP-16-ILA/HT-SP,0,0,0,2494.7,New Part,Maintain Algo,False,False,False,False,False,False,False,False,False,False,False,False,True,True,True,True,False,False,False,False,False,False,False,False,True,4
500831292,SPRING PLATE,0,0,0,961.8,Dead,Maintain Algo,False,False,False,False,False,False,False,False,False,False,False,False,True,True,True,True,False,True,True,True,False,False,False,False,True,7
500831293,CLIP,0,0,0,120.0,Dead,Maintain Algo,False,False,False,False,False,False,False,False,False,False,False,False,True,True,True,True,False,True,True,True,False,False,False,False,True,7
500832947,WIRE BRUSH,0,0,0,43.0,Dead,Maintain Algo,False,False,False,False,False,False,False,False,False,False,False,False,True,True,True,True,False,True,True,True,False,False,False,False,True,7
500833625,"PLACE TOOL 33,SISIC501,31.10X22.05X1.2",1,0,0,5000.0,Active Moving,Maintain Algo,False,False,False,False,False,False,False,False,False,False,False,False,False,False,False,True,False,True,True,False,False,False,False,False,False,3
500833953,SYRINGE PUMP WITH QUICK CONNECT,0,0,0,300.0,Dead,Maintain Algo,False,False,False,False,False,False,False,False,False,False,False,False,True,True,True,True,False,True,True,True,False,False,False,False,True,7
500833954,"STAINLESS STEEL BRUSH 1/2""",0,0,0,33.6,Dead,Maintain Algo,False,False,False,False,False,False,False,False,False,False,False,False,True,True,True,True,False,True,True,True,False,False,False,False,True,7
500833955,REAM FILE SET,1,0,0,128.2,Active Moving,Maintain Algo,False,False,False,False,False,False,False,False,False,False,False,False,False,False,False,True,False,True,True,False,False,False,False,False,False,3
500835027,DIGITAL SURFACE RESISTANCE METER,0,0,0,5562.44,Dead,Increase Algo,False,False,False,False,False,False,False,False,False,False,False,False,False,False,False,True,False,False,False,False,False,False,False,False,False,1
500835479,PRESSURE REGULATOR,0,0,0,117.71,New Part,Maintain Algo,False,False,False,False,False,False,False,False,False,False,False,False,True,True,True,True,False,False,False,False,False,False,False,False,True,4
500835480,DMC COOLING SOLENOID,0,0,0,79.27,New Part,Maintain Algo,False,False,False,False,False,False,False,False,False,False,False,False,True,False,True,True,False,False,False,False,False,False,False,True,True,4
500835481,Blow Solenoid 24VDC VK334-5G,1,0,0,54.23,Active Moving,Maintain Algo,False,False,False,False,False,False,False,False,False,False,False,False,False,False,False,True,False,False,False,False,False,False,False,False,False,1
500835484,BH WEAK BLOW REGULATOR,0,0,0,325.49,New Part,Maintain Algo,False,False,False,False,False,False,False,False,False,False,False,False,True,True,True,True,False,False,False,False,False,False,False,True,True,5
500835485,(BH) VACUUM REGULATOR,0,0,0,348.99,New Part,Maintain Algo,False,False,False,False,False,False,False,False,False,False,False,False,True,True,True,True,False,False,False,False,False,False,False,True,True,5
500835486,SENSOR VACUUM PEDESTAL HEATED,0,0,0,68.1,New Part,Maintain Algo,False,False,False,False,False,False,False,False,False,False,False,False,True,True,True,True,False,False,False,False,False,False,False,False,True,4
500835487,(IO)DIE TRANSFERPICK ARM VAC SWITCH,0,0,0,159.57,New Part,Maintain Algo,False,False,False,False,False,False,False,False,False,False,False,False,True,True,True,True,False,False,False,False,False,False,False,False,True,4
500835482,Vacuum Solenoid 24VDC VK334V-5G,1,0,0,56.63,Active Moving,Maintain Algo,False,False,False,False,False,False,False,False,False,False,False,False,False,False,False,True,False,False,False,False,False,False,False,False,False,1
500835483,Vacuum Solenoid 24VDC VK332V-5G-M5,0,0,0,56.63,New Part,Maintain Algo,False,False,False,False,False,False,False,False,False,False,False,False,True,False,True,True,False,False,False,False,False,False,False,True,True,4
500837687,BGA GAS ANALYZER SUBASSEMBLY POLYTHERM,0,0,0,15500.0,Active Moving,Increase Algo,False,False,False,False,False,False,False,False,False,False,False,False,False,False,False,True,False,True,True,False,False,False,False,False,False,3
500838825,"FLEX,SS,HOSE,3/8"",FNPT,325MMLG",1,0,0,71.0,Dead,Decrease Algo,False,False,False,False,False,False,False,False,False,False,False,False,True,True,True,True,False,True,True,False,False,False,True,True,True,8
500838827,"FLEX,SS,HOSE,3/8"",FNPT,350MMLG",1,0,0,75.0,Dead,Decrease Algo,False,False,False,False,False,False,False,False,False,False,False,False,True,True,True,True,False,True,True,False,False,False,True,True,True,8
500838829,"FLEX,SS,HOSE,3/8"",FNPT,425MMLG",1,0,0,87.0,Dead,Decrease Algo,False,False,False,False,False,False,False,False,False,False,False,False,True,True,True,True,False,True,True,False,False,False,True,True,True,8
500838830,"FLEX,SS,HOSE,3/8"",FNPT,475MMLG",1,0,0,95.0,Dead,Decrease Algo,False,False,False,False,False,False,False,False,False,False,False,False,True,True,True,True,False,True,True,False,False,False,True,True,True,8
500838831,"FLEX,SS,HOSE,3/8"",FNPT,650MMLG",1,0,0,123.0,Dead,Decrease Algo,False,False,False,False,False,False,False,False,False,False,False,False,True,True,True,True,False,True,True,False,False,False,True,True,True,8
500838832,"FLEX,SS,HOSE,3/8"",FNPT,775MMLG",1,0,0,143.0,Dead,Decrease Algo,False,False,False,False,False,False,False,False,False,False,False,False,True,True,True,True,False,True,True,False,False,False,True,True,True,8
500838834,"HARD,TUBE,SANIT,CONN,RADIATOR",1,0,0,487.0,Dead,Decrease Algo,False,False,False,False,False,False,False,False,False,False,False,False,True,True,True,True,False,True,True,False,False,False,True,True,True,8
500840085,REPAIR OF PLASMA JET RD1004S,0,0,0,11102.48,New Part,Maintain Algo,False,False,False,False,False,False,False,False,False,False,False,False,True,True,True,False,False,False,False,False,False,False,False,False,True,3
500840315,"LOWER BONDHEAD, HT5, 33MM",3,2,1,24000.0,Active Moving,Increase Algo,False,False,False,False,False,False,False,False,False,False,False,False,False,False,False,True,False,True,True,True,False,False,False,False,False,4
500840316,"LOWER,BONDHEAD,HT5,33MM,REPAIRED",0,0,0,250.0,New Part,Maintain Algo,False,False,False,False,False,False,False,False,False,False,False,False,True,True,True,False,False,True,True,False,False,False,False,False,True,5
500841908,INTERLOCK_TOP_COVER_TERM,1,0,0,2077.0,Active Moving,Increase Algo,False,False,False,False,False,False,False,False,False,False,False,False,False,False,False,False,False,True,True,True,False,False,False,True,False,4
500841909,CBL_VAPORLINE_K_TC_EXT A00-01,0,0,0,391.5,New Part,Maintain Algo,False,False,False,False,False,False,False,False,False,False,False,False,True,True,True,True,False,True,True,False,False,False,False,True,True,7
500841910,CBL_VAPORLINE_K_TC_EXT B00-01,0,0,0,391.5,New Part,Maintain Algo,False,False,False,False,False,False,False,False,False,False,False,False,True,True,True,True,False,True,True,False,False,False,False,True,True,7
500841911,FAN_ECB_ENCL_TERM A00-00,0,0,0,580.7,New Part,Maintain Algo,False,False,False,False,False,False,False,False,False,False,False,False,True,True,True,True,False,True,True,False,False,False,False,True,True,7
500841912,FAN_ECB_ENCL_TERM B00-00,0,0,0,580.7,New Part,Maintain Algo,False,False,False,False,False,False,False,False,False,False,False,False,True,True,True,True,False,True,True,False,False,False,False,True,True,7
500841913,BLUE LIGHT SIGNAL BEACON,1,0,0,1034.0,New Part,Maintain Algo,False,False,False,False,False,False,False,False,False,False,False,False,True,True,True,False,False,True,True,True,False,False,False,True,True,7
500841914,SOLID STATE RELAY 380 VAC/5A,0,0,0,179.28,New Part,Maintain Algo,False,False,False,False,False,False,False,False,False,False,False,False,True,True,True,True,False,True,True,False,False,False,False,True,True,7
500841915,"POWER SUPPLY TERMINAL 24V DC, 2A",0,0,0,194.4,New Part,Increase Algo,False,False,False,False,False,False,False,False,False,False,False,False,True,True,True,True,False,True,True,False,False,False,False,True,True,7
500841916,SWITCH PRES -5MBAR SP -2.5MBAR RP 6372,0,0,0,314.0,New Part,Maintain Algo,False,False,False,False,False,False,False,False,False,False,False,False,True,True,True,True,False,True,True,False,False,False,False,True,True,7
500841917,FUSE 500V IEC SLO 5X20MM 2A,0,0,0,4.7,Active Moving,Increase Algo,False,False,False,False,False,False,False,False,False,False,False,False,False,False,False,True,False,True,True,True,False,False,False,False,False,4
500841918,FUSE 500V IEC SLO 5X20MM 3.15A,0,0,0,6.8,Active Moving,Increase Algo,False,False,False,False,False,False,False,False,False,False,False,False,False,False,False,True,False,True,True,True,False,False,False,True,False,5
500841919,FUSE 500V IEC SLO 5X20MM 4A,0,0,0,7.6,New Part,Maintain Algo,False,False,False,False,False,False,False,False,False,False,False,False,True,True,True,True,False,True,True,False,False,False,False,True,True,7
500841920,FUSE 500V IEC SLO 5X20MM 6.3A,0,0,0,5.1,Active Moving,Increase Algo,False,False,False,False,False,False,False,False,False,False,False,False,False,False,False,True,False,True,True,True,False,False,False,False,False,4
500841921,FUSE CERAMIC 8A 500VAC 3AB 3AG,0,0,0,12.84,Active Moving,Increase Algo,False,False,False,False,False,True,True,False,False,False,False,False,False,False,False,True,False,True,True,True,False,False,False,False,True,6
500841922,"POWER SUPPLY, AC/DC, 1-PHASE, 12V, 1.3A",0,0,0,189.78,New Part,Increase Algo,False,False,False,False,False,False,False,False,False,False,False,False,True,True,True,True,False,True,True,False,False,False,False,True,True,7
500841923,"THERMOCOUPLE,MINI PANEL JACK,TYPE K",0,0,0,18.36,New Part,Maintain Algo,False,False,False,False,False,False,False,False,False,False,False,False,True,True,True,True,False,True,True,False,False,False,False,True,True,7
500841924,"SENSOR,RKI ESU TYPE,FORMIC ACID,0-15PPM",1,0,0,1718.0,New Part,Maintain Algo,False,False,False,False,False,False,False,False,False,False,False,False,True,False,True,False,False,True,True,False,False,False,False,False,True,4
500841925,"FILTER, AIR, N2",1,0,0,572.85,Active Moving,Increase Algo,False,False,False,False,False,False,False,False,False,False,False,False,False,False,False,True,False,True,True,False,False,False,False,True,False,4
500841926,"FILTER, PTFE DISC, 1UM",0,0,0,230.0,Active Moving,Increase Algo,False,False,False,False,False,False,False,False,False,False,False,False,False,False,False,True,False,True,True,False,False,False,False,True,False,4
500841927,"TRANSMITTER_DIFF PRES 0-5"" WC 4-20 MA",0,0,0,324.0,New Part,Maintain Algo,False,False,False,False,False,False,False,False,False,False,False,False,True,True,True,True,False,True,True,False,False,False,False,True,True,7
500841928,"SENSOR, DIGITAL AIR FLOW, W/IO-LINK",1,0,0,985.05,New Part,Maintain Algo,False,False,False,False,False,False,False,False,False,False,False,False,True,True,True,False,False,True,True,False,False,False,False,True,True,6
500841929,"SWITCH, DIGITAL FLOW",1,0,0,864.18,New Part,Maintain Algo,False,False,False,False,False,False,False,False,False,False,False,False,True,True,True,False,False,True,True,False,False,False,False,True,True,6
500841930,"SOLENOID VALVE, BASE MOUNT, 1/4 FNPT",0,0,0,183.09,New Part,Maintain Algo,False,False,False,False,False,False,False,False,False,False,False,False,True,True,True,True,False,True,True,False,False,False,False,True,True,7
500841931,"VALVE, SHUT OFF",0,0,0,223.5,New Part,Maintain Algo,False,False,False,False,False,False,False,False,False,False,False,False,True,True,True,True,False,True,True,False,False,False,False,True,True,7
500841932,"O-RINGS 80 DUROMETER, PURPLE, EPDM",0,0,0,6.5,Active Moving,Increase Algo,False,False,False,False,False,False,False,False,False,False,False,False,False,False,False,True,False,True,True,False,False,False,False,True,False,4
500841933,"O-RING, EPDM, DASH 140, 3/32"" WIDTH",0,0,0,1.08,Active Moving,Increase Algo,False,False,False,False,False,False,False,False,False,False,False,False,False,False,False,True,False,True,True,False,False,False,False,True,False,4
500843090,"FILTER ELEMENT,PTFE SEALS,10 MICRON,S",0,0,0,795.0,Active Moving,Increase Algo,False,False,False,False,False,False,False,False,False,False,False,False,False,False,False,True,False,True,True,False,False,False,False,True,False,4
500843757,DIGITAL FLOW SENSOR WITH CONNECTOR ASSY,3,2,0,262.5,Active Moving,Maintain Algo,False,False,False,False,False,False,False,False,False,False,False,False,False,False,False,True,False,True,True,False,False,False,False,False,False,3
500843786,MIDAS GAS DETECTOR,0,0,0,3466.0,New Part,Maintain Algo,False,False,False,False,False,False,False,False,False,False,False,False,True,True,True,True,False,False,False,False,False,False,False,False,True,4
500844484,"51190,S,1MM,22.436X12.023",0,0,0,3540.0,New Part,Maintain Algo,False,False,False,False,False,False,False,False,False,False,False,False,True,True,True,True,False,False,False,False,False,False,False,False,True,4
500845152,"35MM,UP/DN,TILT,VACUUM,PARALLELISM,GAUGE",0,0,0,7034.0,New Part,Maintain Algo,False,False,False,False,False,False,False,False,False,False,False,False,True,True,True,True,False,True,True,False,False,False,False,False,True,6
500845670,CBL_TOOL_FLOW_SENS_EXT,1,0,0,30.0,Active Moving,Maintain Algo,False,False,False,False,False,False,False,False,False,False,False,False,False,False,False,True,False,True,True,False,False,False,False,False,False,3
500847308,3/8 PTF VALVED IN-LINE COUPLING INSERT,0,0,0,38.0,New Part,Maintain Algo,False,False,False,False,False,False,False,False,False,False,False,False,True,False,True,True,False,True,True,False,False,False,False,False,True,5
500849421,PFA ADJUSTABLE DIAPHRAGM VALVE MV01,0,0,0,953.13,New Part,Maintain Algo,False,False,False,False,False,False,False,False,False,False,False,False,True,True,True,True,False,True,True,False,False,False,False,False,True,6
500850389,"FA ABATEMENT HEATER SUBASSY, LEFT",1,0,0,5145.0,New Part,Maintain Algo,False,False,False,False,False,False,False,False,False,False,False,False,True,False,True,True,False,True,True,True,False,False,False,False,True,6
500850390,"FA ABATEMENT HEATER SUBASSY, RIGHT",2,1,0,5145.0,Active Moving,Maintain Algo,False,False,False,False,False,False,False,False,False,False,False,False,False,False,False,True,False,True,True,True,False,False,False,False,False,4
500852369,"FITTING, SS CHECK VALVE, 3/8IN X 3/8IN",1,0,0,245.0,New Part,Maintain Algo,False,False,False,False,False,False,False,False,False,False,False,False,True,False,True,True,False,False,False,True,False,False,False,False,True,4
500852370,"FITTING, SS CHECK VALVE, 1/2IN X 1/2IN",1,0,0,255.75,New Part,Maintain Algo,False,False,False,False,False,False,False,False,False,False,False,False,True,True,True,True,False,False,False,True,False,False,False,True,True,6
500852770,"PLACE TOOL 33,SISIC501,31.89X22.89X0.5",1,0,0,4500.0,Active Moving,Increase Algo,False,False,False,False,False,False,False,False,False,False,False,False,False,False,False,False,False,True,True,False,False,False,False,False,False,2
500852771,"PLACE TOOL 33,SISIC501,10.88X08.15X0.5",1,0,0,4500.0,New Part,Maintain Algo,False,False,False,False,False,False,False,False,False,False,False,False,True,True,True,False,False,True,True,False,False,False,False,True,True,6
500852772,"VACUUM CRANE, 3X1 MATRIX,72.5X87.5",0,0,0,3200.0,New Part,Maintain Algo,False,False,False,False,False,False,False,False,False,False,False,False,True,True,True,True,False,True,True,True,False,False,False,False,True,7
500852773,"BOND CHUCK, 3X1 MATRIX,72.5X87.5X2.03",0,0,0,7250.0,New Part,Maintain Algo,False,False,False,False,False,False,False,False,False,False,False,False,True,True,True,True,False,True,True,False,False,False,False,True,True,7
500852774,"PREHEAT CHUCK, 3X1 MATRIX,72.5X87.5",0,0,0,4000.0,New Part,Maintain Algo,False,False,False,False,False,False,False,False,False,False,False,False,True,True,True,True,False,True,True,False,False,False,False,True,True,7
500852775,"PRECISOR, 3X1 MATRIX,72.5X87.5",0,0,0,2000.0,New Part,Maintain Algo,False,False,False,False,False,False,False,False,False,False,False,False,True,True,True,True,False,True,True,False,False,False,False,False,True,6
500855197,COMPUTER ASSY CPU WINDOWS 2000,1,0,0,612.5,New Part,Decrease Algo,False,False,False,False,False,False,False,False,False,False,False,False,True,True,True,False,False,False,False,False,False,False,False,False,True,3
500856878,CRANE SUCTION CUP ADAPTER,1,0,0,11.9,New Part,Maintain Algo,False,False,False,False,False,False,False,False,False,False,False,False,True,True,True,True,False,True,True,False,False,False,False,True,True,7
500857422,"BRACKET, SENSOR ASSY, NOZZLE, RT",1,0,0,137.1,New Part,Maintain Algo,False,False,False,False,False,False,False,False,False,False,False,False,True,True,True,True,False,True,True,False,False,False,False,True,True,7
500860543,"AP PRISM OPTICS ASSY, RIGHT",0,0,0,53495.1,New Part,Maintain Algo,False,False,False,False,False,False,False,False,False,False,False,False,True,True,True,True,False,True,True,True,False,False,False,False,True,7
500862389,"PROP. VALVE 1/8"", CONTROL VALVE",1,0,0,845.21,New Part,Decrease Algo,False,False,False,False,False,False,False,False,False,False,False,False,True,True,True,True,False,True,True,False,False,False,False,True,True,7
500863505,BS PEDESTAL ASSY (CFC)(45X37.5X0.17),1,0,0,9800.0,New Part,Decrease Algo,False,False,False,False,False,False,False,False,False,False,False,False,True,True,True,False,False,False,False,False,False,False,False,True,True,4
500863506,"51235,L,1MM,27.700X15.328",2,1,0,3790.0,New Part,Decrease Algo,False,False,False,False,False,False,False,False,False,False,False,False,True,True,True,False,False,False,False,False,False,False,False,True,True,4
500865229,"VACUUM CRANE, 3x2 MATRIX,77.5x56.5",1,0,0,3200.0,New Part,Maintain Algo,False,False,False,False,False,False,False,False,False,False,False,False,True,True,True,True,False,True,True,True,False,False,False,True,True,8
500865230,"BOND CHUCK, 3x2 MATRIX,77.5x56.5x1.80",1,0,0,7250.0,New Part,Maintain Algo,False,False,False,False,False,False,False,False,False,False,False,False,True,True,True,True,False,True,True,False,False,False,False,True,True,7
500865231,"PREHEAT CHUCK, 3X2 MATRIX,77.5X56.5",1,0,0,4000.0,New Part,Maintain Algo,False,False,False,False,False,False,False,False,False,False,False,False,True,True,True,True,False,True,True,False,False,False,False,True,True,7
500865232,"PRECISOR, 3x2 MATRIX,77.5x56.5",1,0,0,2000.0,New Part,Maintain Algo,False,False,False,False,False,False,False,False,False,False,False,False,True,True,True,True,False,True,True,False,False,False,False,True,True,7
500867251,"DIE VALVE SENSOR ASSY, Y-SLIDE, LT",4,2,1,2362.5,Active Moving,Increase Algo,False,False,False,False,False,False,False,False,False,False,False,False,False,False,False,True,False,True,True,False,False,False,False,False,False,3
500867252,"DIE VALVE SENSOR ASSY, Y-SLIDE, RT",4,2,1,2362.5,Active Moving,Increase Algo,False,False,False,False,False,False,False,False,False,False,False,False,False,False,False,True,False,True,True,False,False,False,False,False,False,3
500867390,CAP FILM 100UF 10% 63VDC RAD,1,0,0,92.15,New Part,Maintain Algo,False,False,False,False,False,False,False,False,False,False,False,True,True,True,True,True,False,False,False,True,False,False,False,True,True,7
500867431,"AP PRISM OPTICS ASSY, LEFT",0,0,0,53495.1,New Part,Maintain Algo,False,False,False,False,False,False,False,False,False,False,False,False,True,True,True,True,False,True,True,True,False,False,False,False,True,7
500867812,TEMPERATURE SENSOR ASSY NEW SENSOR HEAD,0,0,0,2851.0,New Part,Increase Algo,False,False,False,False,False,False,False,False,False,False,False,False,True,True,True,True,False,True,True,False,False,False,False,True,True,7
500867813,"REFILL VESSEL SET, TANK, FA",0,0,0,4860.0,New Part,Maintain Algo,False,False,False,False,False,False,False,False,False,False,False,False,True,False,True,True,False,True,True,True,False,False,False,False,True,6
500867814,"REFILL HOSE SET, VESSEL, FA",0,0,0,1473.6,New Part,Maintain Algo,False,False,False,False,False,False,False,False,False,False,False,False,True,True,True,True,False,True,True,True,False,False,False,False,True,7
500867816,"DRAIN HOSE SET, BUBBLER TO VESSEL, FA",0,0,0,1452.0,New Part,Maintain Algo,False,False,False,False,False,False,False,False,False,False,False,False,True,True,True,True,False,True,True,True,False,False,False,False,True,7
500870024,"GEN 1 COG DIE MED, ECP 2026, ENTIRE SET",4,3,0,1790.0,Active Moving,Maintain Algo,False,False,False,False,False,False,False,False,False,False,False,False,False,False,False,True,False,True,True,True,False,False,False,False,False,4
500870488,AVERAGING FLOW SENSOR (EXHAUST),1,0,0,32.0,New Part,Increase Algo,False,False,False,False,False,False,False,False,False,False,False,False,True,True,True,True,False,True,True,False,False,False,False,True,True,7
500870674,"PLACE TOOL 33,SISIC501,31.27X22.26X0.5",0,0,0,4500.0,New Part,Maintain Algo,False,False,False,False,False,False,False,False,False,False,False,False,True,True,True,True,False,True,True,True,False,False,False,False,True,7
500870866,ESUS-K233M RKI SENSOR,1,0,0,550.0,New Part,Decrease Algo,False,False,False,False,False,False,False,False,False,False,False,False,True,True,True,True,False,True,True,False,False,False,False,True,True,7
500871163,CLEAN AIR FILTER-RESIN W/OUT BRACKET,5,3,1,116.2,New Part,Decrease Algo,False,False,False,False,False,False,False,False,False,False,False,False,True,True,True,True,False,True,True,False,False,False,False,True,True,7
500872163,"FA,BUBLR,C4,CHK,VAL,SS,1/2,SILCO",2,1,0,372.0,New Part,Maintain Algo,False,False,False,False,False,False,False,False,False,False,False,False,True,True,True,True,False,True,True,False,False,False,False,True,True,7
500872164,"FA,BUBLR,C5,C8,CHK,VAL,SS,3/8,SILCO",4,2,0,342.0,New Part,Decrease Algo,False,False,False,False,False,False,False,False,False,False,False,False,True,True,True,True,False,True,True,False,False,False,False,True,True,7
500872168,PTFE ROUND LUMP (FOR PEDESTAL CLEANING),0,0,0,19.63,New Part,Maintain Algo,False,False,False,False,False,False,False,False,False,False,False,False,True,True,True,True,False,False,False,False,False,False,False,False,True,4
500877452,CONTROLLER2XDUALDRIVE/1XHVDRIVEDPLL/DPLR,0,0,0,10660.3,Active Moving,Increase Algo,False,False,False,False,False,False,False,False,False,False,False,False,False,False,False,False,False,True,True,False,False,False,False,False,False,2
500878944,MASS FLOW CONTROLLER W/O POWER SUPPLY,1,0,0,6875.0,New Part,Decrease Algo,False,False,False,False,False,False,False,False,False,False,False,False,True,True,True,True,False,True,True,False,False,False,False,True,True,7
