item_id,factory_recommended_new_max,factory_recommended_new_rop,factory_recommended_new_min,review_required,factory_recommendation_action,reason_code,risk_level,confidence_score,explanation,model_version,rule_version,_exposure_usd,rc_DATA_QUALITY_REVIEW_REQUIRED,rc_INVALID_CURRENT_STOCKING_LEVEL,rc_LOW_COST_RECURRING_USAGE,rc_HIGH_COST_INCREASE_REVIEW,rc_CRITICAL_MACHINE_PROTECTION,rc_LONG_LEAD_TIME_RISK,rc_NO_RECENT_USAGE,rc_ABANDONED_TOOL,rc_HIGH_USAGE_TOOL,rc_INSUFFICIENT_DATA,rc_ZERO_RECOMMENDATION_OVERRIDE,rc_AD_HOC_CONSUMPTION_RISK,rc_LONG_LEAD_TIME_ZERO_STOCK,rc_SFM_DISAGREEMENT,rc_MAX_CHANGE_EXCEEDS_THRESHOLD,rc_IMPUTED_USAGE_FEATURES,item_desc,unitprice,contractual_lead_time
500396010,9,8,0,Y,Increase,"HIGH_COST_INCREASE_REVIEW,LONG_LEAD_TIME_RISK,SFM_DISAGREEMENT,MAX_CHANGE_EXCEEDS_THRESHOLD",High,0.8,Candidate source proposes 9 vs current 2.,rules-only,0.2.0-tcb,82831.5,False,False,False,True,False,True,False,False,False,False,False,False,False,True,True,False,"PULSE HEATER, DMC, CBS",9203.5,85.0
500699374,5,4,0,Y,Increase,"LONG_LEAD_TIME_RISK,ZERO_RECOMMENDATION_OVERRIDE,SFM_DISAGREEMENT",High,0.8,"Source algorithm recommends 0 but the part carries risk (lead time 83d, on-hand 0); protective stock proposed instead of zero. candidate source proposes 0 vs current 1.",rules-only,0.2.0-tcb,65000.0,False,False,False,False,False,True,False,False,False,False,True,False,False,True,False,False,"O2ANALYZER,MODULE,ASSEMBLY",13000.0,83.0
500693654,7,5,0,Y,Increase,"LONG_LEAD_TIME_RISK,ZERO_RECOMMENDATION_OVERRIDE,SFM_DISAGREEMENT",Medium,0.8,"Source algorithm recommends 0 but the part carries risk (lead time 45d, on-hand 0); protective stock proposed instead of zero. candidate source proposes 7 vs current 0.",rules-only,0.2.0-tcb,1166.27,False,False,False,False,False,True,False,False,False,False,True,False,False,True,False,False,DIE VACUUM SENSOR ASSY,166.61,45.0
500866673,15,10,0,Y,Increase,"SFM_DISAGREEMENT,MAX_CHANGE_EXCEEDS_THRESHOLD",Medium,0.8,Candidate source proposes 22 vs current 6.,rules-only,0.2.0-tcb,1012.5,False,False,False,False,False,False,False,False,False,False,False,False,False,True,True,False,O2 GAS SENSOR,67.5,35.0
500772995,3,2,0,Y,Increase,ZERO_RECOMMENDATION_OVERRIDE,Medium,0.9,"Source algorithm recommends 0 but the part carries risk (lead time 20d, on-hand 1); protective stock proposed instead of zero.",rules-only,0.2.0-tcb,371.64,False,False,False,False,False,False,False,False,False,False,True,False,False,False,False,False,1.2M EXHAUST HOSE PLASMAJET 1 - RD1004,123.88,20.0
500035612,46,1,0,Y,Decrease,"NO_RECENT_USAGE,ZERO_RECOMMENDATION_OVERRIDE,SFM_DISAGREEMENT",Medium,0.8,"Source algorithm recommends 0 but the part carries risk (lead time 30d, on-hand 500); protective stock proposed instead of zero. candidate source proposes 46 vs current 133.",rules-only,0.2.0-tcb,8.28,False,False,False,False,False,False,True,False,False,False,True,False,False,True,False,False,"TUBING,PU,CLR 1/8OD 1/16ID",0.18,30.0
500035614,8,6,0,Y,Increase,"ZERO_RECOMMENDATION_OVERRIDE,SFM_DISAGREEMENT,MAX_CHANGE_EXCEEDS_THRESHOLD",Medium,0.8,"Source algorithm recommends 0 but the part carries risk (lead time 30d, on-hand 3); protective stock proposed instead of zero. candidate source proposes 8 vs current 3.",rules-only,0.2.0-tcb,107.6,False,False,False,False,False,False,False,False,False,False,True,False,False,True,True,False,"FITTING,COUPLER TO 2MM BARB",13.45,30.0
500041276,6,5,0,N,Increase,"LOW_COST_RECURRING_USAGE,SFM_DISAGREEMENT",Medium,0.8,Candidate source proposes 6 vs current 4.,rules-only,0.2.0-tcb,72.06,False,False,True,False,False,False,False,False,False,False,False,False,False,True,False,False,"FITTING, QUICK DISCONNECT FEM.",12.01,30.0
500042922,2,1,0,Y,Increase,"ZERO_RECOMMENDATION_OVERRIDE,SFM_DISAGREEMENT",Medium,0.8,"Source algorithm recommends 0 but the part carries risk (lead time 13d, on-hand 0); protective stock proposed instead of zero. candidate source proposes 1 vs current 0.",rules-only,0.2.0-tcb,323.64,False,False,False,False,False,False,False,False,False,False,True,False,False,True,False,False,"VALVE ASSY,CO-AX AIR SOLENOID",161.82,13.0
500051665,0,0,0,N,Maintain,"NO_RECENT_USAGE,IMPUTED_USAGE_FEATURES",Low,0.65,No recent usage; imputed usage features.,rules-only,0.2.0-tcb,0.0,False,False,False,False,False,False,True,False,False,False,False,False,False,False,False,True,CABLE,39.93,10.0
500051668,0,0,0,N,Maintain,"NO_RECENT_USAGE,IMPUTED_USAGE_FEATURES",Low,0.65,No recent usage; imputed usage features.,rules-only,0.2.0-tcb,0.0,False,False,False,False,False,False,True,False,False,False,False,False,False,False,False,True,"SENSOR,OMRON",84.62,18.0
500051680,0,0,0,N,Maintain,"NO_RECENT_USAGE,ABANDONED_TOOL,IMPUTED_USAGE_FEATURES",Low,0.65,No recent usage; abandoned tool; imputed usage features.,rules-only,0.2.0-tcb,0.0,False,False,False,False,False,False,True,True,False,False,False,False,False,False,False,True,"GASKET,SIMRIT",24.59,10.0
500051682,1,1,0,Y,Maintain,"NO_RECENT_USAGE,ZERO_RECOMMENDATION_OVERRIDE,SFM_DISAGREEMENT",Medium,0.7,"Source algorithm recommends 0 but the part carries risk (lead time 14d, on-hand 2); protective stock proposed instead of zero. candidate source proposes 0 vs current 1.",rules-only,0.2.0-tcb,33.51,False,False,False,False,False,False,True,False,False,False,True,False,False,True,False,False,OMRON PROXIMITY SENSOR,33.51,14.0
500070865,0,0,0,N,Maintain,"NO_RECENT_USAGE,ABANDONED_TOOL,IMPUTED_USAGE_FEATURES",Low,0.65,No recent usage; abandoned tool; imputed usage features.,rules-only,0.2.0-tcb,0.0,False,False,False,False,False,False,True,True,False,False,False,False,False,False,False,True,"TOOTH,BELTS,SET,FOR,PCBA/ANALYSER",155.0,35.0
500070867,0,0,0,N,Maintain,"NO_RECENT_USAGE,ABANDONED_TOOL,IMPUTED_USAGE_FEATURES",Low,0.65,No recent usage; abandoned tool; imputed usage features.,rules-only,0.2.0-tcb,0.0,False,False,False,False,False,False,True,True,False,False,False,False,False,False,False,True,"LIMIT,SWITCH(STANDARD)",35.0,35.0
500070870,0,0,0,N,Maintain,"NO_RECENT_USAGE,ABANDONED_TOOL,IMPUTED_USAGE_FEATURES",Low,0.65,No recent usage; abandoned tool; imputed usage features.,rules-only,0.2.0-tcb,0.0,False,False,False,False,False,False,True,True,False,False,False,False,False,False,False,True,POWER SUPPLY TRIPLE OUTPUT 40W,200.0,35.0
500070871,0,0,0,N,Maintain,"NO_RECENT_USAGE,ABANDONED_TOOL,IMPUTED_USAGE_FEATURES",Low,0.65,No recent usage; abandoned tool; imputed usage features.,rules-only,0.2.0-tcb,0.0,False,False,False,False,False,False,True,True,False,False,False,False,False,False,False,True,"KNIFE SWITCH, X-RAY",90.0,35.0
500079887,11,7,1,Y,Increase,"HIGH_USAGE_TOOL,SFM_DISAGREEMENT",Medium,0.8,Candidate source proposes 5 vs current 7.,rules-only,0.2.0-tcb,2068.0,False,False,False,False,False,False,False,False,True,False,False,False,False,True,False,False,DJ-2200 FLUX NOZZLE 24GA,188.0,13.0
500089209,0,0,0,N,Maintain,"NO_RECENT_USAGE,ABANDONED_TOOL,IMPUTED_USAGE_FEATURES",Low,0.65,No recent usage; abandoned tool; imputed usage features.,rules-only,0.2.0-tcb,0.0,False,False,False,False,False,False,True,True,False,False,False,False,False,False,False,True,VGA M/ TO F/ 15 PIN CABLE 4.5M,27.23,15.0
500093669,0,0,0,N,Maintain,"NO_RECENT_USAGE,IMPUTED_USAGE_FEATURES",Low,0.65,No recent usage; imputed usage features.,rules-only,0.2.0-tcb,0.0,False,False,False,False,False,False,True,False,False,False,False,False,False,False,False,True,AIR COMBINATION SET,181.82,25.0
500093674,0,0,0,N,Maintain,"NO_RECENT_USAGE,ABANDONED_TOOL,IMPUTED_USAGE_FEATURES",Low,0.65,No recent usage; abandoned tool; imputed usage features.,rules-only,0.2.0-tcb,0.0,False,False,False,False,False,False,True,True,False,False,False,False,False,False,False,True,MALE ELBOW  KQ2L08-01AS,5.21,15.0
500093676,5,4,0,Y,Increase,"ZERO_RECOMMENDATION_OVERRIDE,IMPUTED_USAGE_FEATURES",Medium,0.75,"Source algorithm recommends 0 but the part carries risk (lead time 15d, on-hand 0); protective stock proposed instead of zero.",rules-only,0.2.0-tcb,26.05,False,False,False,False,False,False,False,False,False,False,True,False,False,False,False,True,FITTING MALE ELBOW KQ2L06-M5A,5.21,15.0
500093680,0,0,0,N,Maintain,"NO_RECENT_USAGE,ABANDONED_TOOL,IMPUTED_USAGE_FEATURES",Low,0.65,No recent usage; abandoned tool; imputed usage features.,rules-only,0.2.0-tcb,0.0,False,False,False,False,False,False,True,True,False,False,False,False,False,False,False,True,ONE-TOUCH FITTING,5.61,25.0
500093685,0,0,0,N,Maintain,"NO_RECENT_USAGE,ABANDONED_TOOL,IMPUTED_USAGE_FEATURES",Low,0.65,No recent usage; abandoned tool; imputed usage features.,rules-only,0.2.0-tcb,0.0,False,False,False,False,False,False,True,True,False,False,False,False,False,False,False,True,"UNION ""Y""",8.41,25.0
500093686,0,0,0,N,Maintain,"NO_RECENT_USAGE,IMPUTED_USAGE_FEATURES",Low,0.65,No recent usage; imputed usage features.,rules-only,0.2.0-tcb,0.0,False,False,False,False,False,False,True,False,False,False,False,False,False,False,False,True,MALE ELBOW CONNECTOR,8.41,10.0
500104696,0,0,0,N,Maintain,"NO_RECENT_USAGE,ABANDONED_TOOL,IMPUTED_USAGE_FEATURES",Low,0.65,No recent usage; abandoned tool; imputed usage features.,rules-only,0.2.0-tcb,0.0,False,False,False,False,False,False,True,True,False,False,False,False,False,False,False,True,"CONNECTOR,25B",1.05,20.0
500119981,1,1,0,Y,Increase,"NO_RECENT_USAGE,ZERO_RECOMMENDATION_OVERRIDE,SFM_DISAGREEMENT",Medium,0.7,"Source algorithm recommends 0 but the part carries risk (lead time 10d, on-hand 2); protective stock proposed instead of zero. candidate source proposes 1 vs current 0.",rules-only,0.2.0-tcb,312.12,False,False,False,False,False,False,True,False,False,False,True,False,False,True,False,False,NEEDLE HEATER DJ-2200 ASSEMBLY,312.12,10.0
500119983,9,6,0,N,Increase,"LOW_COST_RECURRING_USAGE,SFM_DISAGREEMENT",Medium,0.8,Candidate source proposes 7 vs current 0.,rules-only,0.2.0-tcb,43.02,False,False,True,False,False,False,False,False,False,False,False,False,False,True,False,False,"O-RING, VITON, 2MM W X38MM ID",4.78,13.0
500122237,6,4,1,Y,Increase,HIGH_USAGE_TOOL,High,0.9,High usage tool.,rules-only,0.2.0-tcb,29620.14,False,False,False,False,False,False,False,False,True,False,False,False,False,False,False,False,SPECTRUM  HEATED PURGE CUP ASSEMBLY,4936.69,13.0
500122905,0,0,0,N,Maintain,NO_RECENT_USAGE,Low,0.8,No recent usage.,rules-only,0.2.0-tcb,0.0,False,False,False,False,False,False,True,False,False,False,False,False,False,False,False,False,PRESSURE REGULATOR LRMA-QS-6      [23B3],69.68,15.0
500122956,6,4,1,Y,Increase,NO_ACTION,Low,0.9,No rule triggered; current stocking parameters retained.,rules-only,0.2.0-tcb,1872.72,False,False,False,False,False,False,False,False,False,False,False,False,False,False,False,False,NEEDLE HEATER DJ-2200,312.12,13.0
500127231,0,0,0,N,Maintain,"NO_RECENT_USAGE,ABANDONED_TOOL,IMPUTED_USAGE_FEATURES",Low,0.65,No recent usage; abandoned tool; imputed usage features.,rules-only,0.2.0-tcb,0.0,False,False,False,False,False,False,True,True,False,False,False,False,False,False,False,True,"KEY,SWITCH.INTERLOCK,OPEN,CLOSE,1800",70.35,8.0
500131751,0,0,0,N,Maintain,"NO_RECENT_USAGE,ABANDONED_TOOL,IMPUTED_USAGE_FEATURES",Low,0.65,No recent usage; abandoned tool; imputed usage features.,rules-only,0.2.0-tcb,0.0,False,False,False,False,False,False,True,True,False,False,False,False,False,False,False,True,"PLASTIC STANDOFF, CURRENT SENSE BOARD",1.07,20.0
500141592,1,1,0,Y,Increase,"NO_RECENT_USAGE,ABANDONED_TOOL,ZERO_RECOMMENDATION_OVERRIDE",Medium,0.8,"Source algorithm recommends 0 but the part carries risk (lead time 30d, on-hand 0); protective stock proposed instead of zero.",rules-only,0.2.0-tcb,391.2,False,False,False,False,False,False,True,True,False,False,True,False,False,False,False,False,DIP TUBE WRENCH,391.2,30.0
500141937,0,0,0,N,Maintain,"NO_RECENT_USAGE,ABANDONED_TOOL,IMPUTED_USAGE_FEATURES",Low,0.65,No recent usage; abandoned tool; imputed usage features.,rules-only,0.2.0-tcb,0.0,False,False,False,False,False,False,True,True,False,False,False,False,False,False,False,True,"SCREW,M3X4,FLT PT",0.12,30.0
500146714,0,0,0,N,Maintain,"NO_RECENT_USAGE,IMPUTED_USAGE_FEATURES",Low,0.65,No recent usage; imputed usage features.,rules-only,0.2.0-tcb,0.0,False,False,False,False,False,False,True,False,False,False,False,False,False,False,False,True,BRU cover interlock sensor,12.82,25.0
500154878,0,0,0,N,Maintain,"NO_RECENT_USAGE,ABANDONED_TOOL,IMPUTED_USAGE_FEATURES",Low,0.65,No recent usage; abandoned tool; imputed usage features.,rules-only,0.2.0-tcb,0.0,False,False,False,False,False,False,True,True,False,False,False,False,False,False,False,True,SELF- LEVELING LASER W/ TRIPOD,1032.15,20.0
500170330,5,2,0,Y,Decrease,"NO_RECENT_USAGE,ZERO_RECOMMENDATION_OVERRIDE,SFM_DISAGREEMENT",Medium,0.8,"Source algorithm recommends 0 but the part carries risk (lead time 13d, on-hand 36); protective stock proposed instead of zero. candidate source proposes 4 vs current 6.",rules-only,0.2.0-tcb,595.95,False,False,False,False,False,False,True,False,False,False,True,False,False,True,False,False,BULK FEED TUBING BUNDLE 8 SPECTRUM,119.19,13.0
500170437,9,8,0,Y,Increase,"LONG_LEAD_TIME_RISK,SFM_DISAGREEMENT,MAX_CHANGE_EXCEEDS_THRESHOLD",Medium,0.8,Candidate source proposes 17 vs current 1.,rules-only,0.2.0-tcb,1022.67,False,False,False,False,False,True,False,False,False,False,False,False,False,True,True,False,"FITTING,1/2-20 SAE TO SWAGE",113.63,70.0
500172257,1,1,0,Y,Increase,"NO_RECENT_USAGE,ZERO_RECOMMENDATION_OVERRIDE,AD_HOC_CONSUMPTION_RISK,IMPUTED_USAGE_FEATURES",Medium,0.65,"Source algorithm recommends 0 but the part carries risk (lead time 55d, on-hand 2); protective stock proposed instead of zero.",rules-only,0.2.0-tcb,0.71,False,False,False,False,False,False,True,False,False,False,True,True,False,False,False,True,"EPMD CUSHIONED CLAMP 1/4""",0.71,55.0
500175684,11,7,1,N,Increase,SFM_DISAGREEMENT,Medium,0.8,Candidate source proposes 5 vs current 8.,rules-only,0.2.0-tcb,748.22,False,False,False,False,False,False,False,False,False,False,False,False,False,True,False,False,"FERRULES NYLON 1/4""TUBE 10SETS",68.02,13.0
500176572,0,0,0,N,Maintain,"NO_RECENT_USAGE,IMPUTED_USAGE_FEATURES",Low,0.65,No recent usage; imputed usage features.,rules-only,0.2.0-tcb,0.0,False,False,False,False,False,False,True,False,False,False,False,False,False,False,False,True,Inner ball bearing 4X8X3 MR84ZZ,3.6,15.0
500184734,0,0,0,N,Maintain,"NO_RECENT_USAGE,IMPUTED_USAGE_FEATURES",Low,0.65,No recent usage; imputed usage features.,rules-only,0.2.0-tcb,0.0,False,False,False,False,False,False,True,False,False,False,False,False,False,False,False,True,ASI,422.12,25.0
500184735,3,2,0,Y,Increase,"ZERO_RECOMMENDATION_OVERRIDE,IMPUTED_USAGE_FEATURES",Medium,0.75,"Source algorithm recommends 0 but the part carries risk (lead time 25d, on-hand 0); protective stock proposed instead of zero.",rules-only,0.2.0-tcb,1023.66,False,False,False,False,False,False,False,False,False,False,True,False,False,False,False,True,ASI,341.22,25.0
500184737,0,0,0,N,Maintain,"NO_RECENT_USAGE,IMPUTED_USAGE_FEATURES",Low,0.65,No recent usage; imputed usage features.,rules-only,0.2.0-tcb,0.0,False,False,False,False,False,False,True,False,False,False,False,False,False,False,False,True,ASIO,545.48,10.0
500184738,0,0,0,N,Maintain,"NO_RECENT_USAGE,ABANDONED_TOOL",Low,0.8,No recent usage; abandoned tool.,rules-only,0.2.0-tcb,0.0,False,False,False,False,False,False,True,True,False,False,False,False,False,False,False,False,ASIO3,716.89,15.0
500184739,4,3,0,Y,Increase,"LONG_LEAD_TIME_RISK,ZERO_RECOMMENDATION_OVERRIDE,SFM_DISAGREEMENT,MAX_CHANGE_EXCEEDS_THRESHOLD",Medium,0.8,"Source algorithm recommends 0 but the part carries risk (lead time 48d, on-hand 1); protective stock proposed instead of zero. candidate source proposes 4 vs current 1.",rules-only,0.2.0-tcb,2768.24,False,False,False,False,False,True,False,False,False,False,True,False,False,True,True,False,ASIO3,692.06,48.0
500184740,0,0,0,Y,Maintain,"NO_RECENT_USAGE,IMPUTED_USAGE_FEATURES",Medium,0.65,No recent usage; imputed usage features.,rules-only,0.2.0-tcb,0.0,False,False,False,False,False,False,True,False,False,False,False,False,False,False,False,True,OMRON ELEC. ASSY,2712.6,25.0
500184741,0,0,0,N,Maintain,"NO_RECENT_USAGE,IMPUTED_USAGE_FEATURES",Low,0.65,No recent usage; imputed usage features.,rules-only,0.2.0-tcb,0.0,False,False,False,False,False,False,True,False,False,False,False,False,False,False,False,True,AIR BEARING PAD 40X80MM ASSY,1372.91,15.0
500184742,0,0,0,N,Maintain,"NO_RECENT_USAGE,IMPUTED_USAGE_FEATURES",Low,0.65,No recent usage; imputed usage features.,rules-only,0.2.0-tcb,0.0,False,False,False,False,False,False,True,False,False,False,False,False,False,False,False,True,AIR BEARING PAD D50 ASSY,913.94,15.0
500184743,0,0,0,N,Maintain,"NO_RECENT_USAGE,IMPUTED_USAGE_FEATURES",Low,0.65,No recent usage; imputed usage features.,rules-only,0.2.0-tcb,0.0,False,False,False,False,False,False,True,False,False,False,False,False,False,False,False,True,"BELT,TIMING,10AT3/399.",28.83,15.0
500184744,0,0,0,N,Maintain,"ABANDONED_TOOL,IMPUTED_USAGE_FEATURES",Low,0.65,Abandoned tool; imputed usage features.,rules-only,0.2.0-tcb,0.0,False,False,False,False,False,False,False,True,False,False,False,False,False,False,False,True,AIR BEARING PAD D65 ASSY,1057.32,15.0
500184745,1,1,0,Y,Increase,"NO_RECENT_USAGE,ZERO_RECOMMENDATION_OVERRIDE,AD_HOC_CONSUMPTION_RISK,IMPUTED_USAGE_FEATURES",Medium,0.65,"Source algorithm recommends 0 but the part carries risk (lead time 115d, on-hand 0); protective stock proposed instead of zero.",rules-only,0.2.0-tcb,49.66,False,False,False,False,False,False,True,False,False,False,True,True,False,False,False,True,TIMING BELT 10AT5/670 GEN III,49.66,115.0
500184746,0,0,0,N,Maintain,"NO_RECENT_USAGE,IMPUTED_USAGE_FEATURES",Low,0.65,No recent usage; imputed usage features.,rules-only,0.2.0-tcb,0.0,False,False,False,False,False,False,True,False,False,False,False,False,False,False,False,True,"BELT,TIMING,189-3M-9MM",13.61,25.0
500184747,1,1,0,Y,Maintain,"NO_RECENT_USAGE,ZERO_RECOMMENDATION_OVERRIDE,SFM_DISAGREEMENT",Medium,0.7,"Source algorithm recommends 0 but the part carries risk (lead time 15d, on-hand 2); protective stock proposed instead of zero. candidate source proposes 0 vs current 1.",rules-only,0.2.0-tcb,16.82,False,False,False,False,False,False,True,False,False,False,True,False,False,True,False,False,TIMING BELT 516MXL3.2,16.82,15.0
500184748,0,0,0,N,Maintain,"NO_RECENT_USAGE,ABANDONED_TOOL,IMPUTED_USAGE_FEATURES",Low,0.65,No recent usage; abandoned tool; imputed usage features.,rules-only,0.2.0-tcb,0.0,False,False,False,False,False,False,True,True,False,False,False,False,False,False,False,True,TIMING BELT 6M/162,14.01,21.0
500184750,0,0,0,N,Maintain,"NO_RECENT_USAGE,IMPUTED_USAGE_FEATURES",Low,0.65,No recent usage; imputed usage features.,rules-only,0.2.0-tcb,0.0,False,False,False,False,False,False,True,False,False,False,False,False,False,False,False,True,BANDO TIMING BELT 434MXL3.2,16.82,25.0
500184749,3,2,0,Y,Increase,"ZERO_RECOMMENDATION_OVERRIDE,SFM_DISAGREEMENT",Medium,0.8,"Source algorithm recommends 0 but the part carries risk (lead time 25d, on-hand 0); protective stock proposed instead of zero. candidate source proposes 1 vs current 0.",rules-only,0.2.0-tcb,45.63,False,False,False,False,False,False,False,False,False,False,True,False,False,True,False,False,BANDO TIMING BELT 350MXL3.2,15.21,25.0
500184751,0,0,0,N,Maintain,"NO_RECENT_USAGE,IMPUTED_USAGE_FEATURES",Low,0.65,No recent usage; imputed usage features.,rules-only,0.2.0-tcb,0.0,False,False,False,False,False,False,True,False,False,False,False,False,False,False,False,True,BANDO TIMING BELT 591MXL3.2,20.82,25.0
500184752,0,0,0,N,Maintain,"NO_RECENT_USAGE,IMPUTED_USAGE_FEATURES",Low,0.65,No recent usage; imputed usage features.,rules-only,0.2.0-tcb,0.0,False,False,False,False,False,False,True,False,False,False,False,False,False,False,False,True,"BELT,TIMING,HTD,213-3M-09",12.81,25.0
500184753,0,0,0,N,Maintain,"NO_RECENT_USAGE,ABANDONED_TOOL,IMPUTED_USAGE_FEATURES",Low,0.65,No recent usage; abandoned tool; imputed usage features.,rules-only,0.2.0-tcb,0.0,False,False,False,False,False,False,True,True,False,False,False,False,False,False,False,True,SYNCHROFLEX TIMING BELT 6M/113,17.62,15.0
500184754,1,1,0,Y,Maintain,"NO_RECENT_USAGE,ZERO_RECOMMENDATION_OVERRIDE,SFM_DISAGREEMENT",Medium,0.7,"Source algorithm recommends 0 but the part carries risk (lead time 25d, on-hand 2); protective stock proposed instead of zero. candidate source proposes 0 vs current 1.",rules-only,0.2.0-tcb,19.22,False,False,False,False,False,False,True,False,False,False,True,False,False,True,False,False,SYNCHROFLEX TIMING BELT 6M/182,19.22,25.0
500184755,0,0,0,N,Maintain,"NO_RECENT_USAGE,IMPUTED_USAGE_FEATURES",Low,0.65,No recent usage; imputed usage features.,rules-only,0.2.0-tcb,0.0,False,False,False,False,False,False,True,False,False,False,False,False,False,False,False,True,SYNCHROFLEX TIMING BELT 6M/121,18.42,15.0
500184756,1,1,0,Y,Maintain,"NO_RECENT_USAGE,ZERO_RECOMMENDATION_OVERRIDE,SFM_DISAGREEMENT,IMPUTED_USAGE_FEATURES",Medium,0.55,"Source algorithm recommends 0 but the part carries risk (lead time 10d, on-hand 3); protective stock proposed instead of zero. candidate source proposes 0 vs current 1.",rules-only,0.2.0-tcb,1517.89,False,False,False,False,False,False,True,False,False,False,True,False,False,True,False,True,ZERODUR BLOCK,1517.89,10.0
500184758,1,1,0,Y,Increase,"NO_RECENT_USAGE,ZERO_RECOMMENDATION_OVERRIDE,AD_HOC_CONSUMPTION_RISK,IMPUTED_USAGE_FEATURES",Medium,0.65,"Source algorithm recommends 0 but the part carries risk (lead time 61d, on-hand 0); protective stock proposed instead of zero.",rules-only,0.2.0-tcb,166.6,False,False,False,False,False,False,True,False,False,False,True,True,False,False,False,True,ZDS SENSOR BOARD,166.6,61.0
500184759,0,0,0,Y,Maintain,NO_RECENT_USAGE,Medium,0.8,No recent usage.,rules-only,0.2.0-tcb,0.0,False,False,False,False,False,False,True,False,False,False,False,False,False,False,False,False,TEC BOX,1844.7,10.0
500184760,0,0,0,N,Maintain,"NO_RECENT_USAGE,IMPUTED_USAGE_FEATURES",Low,0.65,No recent usage; imputed usage features.,rules-only,0.2.0-tcb,0.0,False,False,False,False,False,False,True,False,False,False,False,False,False,False,False,True,AC POWER SUPPLY STEP DOWN BOARD,40.85,15.0
500184761,1,1,0,Y,Increase,"NO_RECENT_USAGE,ZERO_RECOMMENDATION_OVERRIDE,AD_HOC_CONSUMPTION_RISK",Medium,0.8,"Source algorithm recommends 0 but the part carries risk (lead time 88d, on-hand 0); protective stock proposed instead of zero.",rules-only,0.2.0-tcb,4289.35,False,False,False,False,False,False,True,False,False,False,True,True,False,False,False,False,"BOX,TEC,CONTROL",4289.35,88.0
500184763,0,0,0,N,Maintain,"NO_RECENT_USAGE,IMPUTED_USAGE_FEATURES",Low,0.65,No recent usage; imputed usage features.,rules-only,0.2.0-tcb,0.0,False,False,False,False,False,False,True,False,False,False,False,False,False,False,False,True,"CABLE,VACUUM,SENSOR,DPA",162.0,25.0
500184764,0,0,0,N,Maintain,"NO_RECENT_USAGE,IMPUTED_USAGE_FEATURES",Low,0.65,No recent usage; imputed usage features.,rules-only,0.2.0-tcb,0.0,False,False,False,False,False,False,True,False,False,False,False,False,False,False,False,True,"CABLE,FAN,LOW,CHASSIS",32.04,25.0
500184765,0,0,0,N,Maintain,"NO_RECENT_USAGE,IMPUTED_USAGE_FEATURES",Low,0.65,No recent usage; imputed usage features.,rules-only,0.2.0-tcb,0.0,False,False,False,False,False,False,True,False,False,False,False,False,False,False,False,True,(DPA) VACUUM SOLENOID VALVE CABLE,91.31,15.0
500184766,0,0,0,N,Maintain,"NO_RECENT_USAGE,ABANDONED_TOOL,IMPUTED_USAGE_FEATURES",Low,0.65,No recent usage; abandoned tool; imputed usage features.,rules-only,0.2.0-tcb,0.0,False,False,False,False,False,False,True,True,False,False,False,False,False,False,False,True,(DTA) X ENCODER CABLE,675.24,25.0
500184767,0,0,0,N,Maintain,"NO_RECENT_USAGE,IMPUTED_USAGE_FEATURES",Low,0.65,No recent usage; imputed usage features.,rules-only,0.2.0-tcb,0.0,False,False,False,False,False,False,True,False,False,False,False,False,False,False,False,True,IO STEPPER MOTOR DRIVER ASSY,329.4,25.0
500184768,0,0,0,N,Maintain,"NO_RECENT_USAGE,ABANDONED_TOOL,IMPUTED_USAGE_FEATURES",Low,0.65,No recent usage; abandoned tool; imputed usage features.,rules-only,0.2.0-tcb,0.0,False,False,False,False,False,False,True,True,False,False,False,False,False,False,False,True,"EJECTOR,MULTISTAGE,ZL112",279.94,15.0
500184769,0,0,0,N,Maintain,"NO_RECENT_USAGE,IMPUTED_USAGE_FEATURES",Low,0.65,No recent usage; imputed usage features.,rules-only,0.2.0-tcb,0.0,False,False,False,False,False,False,True,False,False,False,False,False,False,False,False,True,MULTISTAGE EJECTOR ZL212,457.77,25.0
500184770,0,0,0,N,Maintain,"NO_RECENT_USAGE,IMPUTED_USAGE_FEATURES",Low,0.65,No recent usage; imputed usage features.,rules-only,0.2.0-tcb,0.0,False,False,False,False,False,False,True,False,False,False,False,False,False,False,False,True,STA-L Y ENC ASSY,927.9,25.0
500184771,0,0,0,Y,Maintain,"NO_RECENT_USAGE,IMPUTED_USAGE_FEATURES",Medium,0.65,No recent usage; imputed usage features.,rules-only,0.2.0-tcb,0.0,False,False,False,False,False,False,True,False,False,False,False,False,False,False,False,True,"ENCODER,DISPENSE,Z,LEFT",1725.3,25.0
500184772,0,0,0,N,Maintain,"NO_RECENT_USAGE,ABANDONED_TOOL",Low,0.8,No recent usage; abandoned tool.,rules-only,0.2.0-tcb,0.0,False,False,False,False,False,False,True,True,False,False,False,False,False,False,False,False,Y SHUTTLE OT TABLE X ENCODER ASSY,1221.3,40.0
500184773,0,0,0,N,Maintain,"NO_RECENT_USAGE,IMPUTED_USAGE_FEATURES",Low,0.65,No recent usage; imputed usage features.,rules-only,0.2.0-tcb,0.0,False,False,False,False,False,False,True,False,False,False,False,False,False,False,False,True,ESIO2,284.35,15.0
500184774,0,0,0,N,Maintain,"NO_RECENT_USAGE,ABANDONED_TOOL,IMPUTED_USAGE_FEATURES",Low,0.65,No recent usage; abandoned tool; imputed usage features.,rules-only,0.2.0-tcb,0.0,False,False,False,False,False,False,True,True,False,False,False,False,False,False,False,True,ESIO5,335.61,15.0
500184775,0,0,0,N,Maintain,"NO_RECENT_USAGE,ABANDONED_TOOL",Low,0.8,No recent usage; abandoned tool.,rules-only,0.2.0-tcb,0.0,False,False,False,False,False,False,True,True,False,False,False,False,False,False,False,False,ESIO3,338.82,15.0
500184777,0,0,0,N,Maintain,"NO_RECENT_USAGE,IMPUTED_USAGE_FEATURES",Low,0.65,No recent usage; imputed usage features.,rules-only,0.2.0-tcb,0.0,False,False,False,False,False,False,True,False,False,False,False,False,False,False,False,True,FAN ASSY,517.44,25.0
500184778,0,0,0,N,Maintain,IMPUTED_USAGE_FEATURES,Low,0.65,Imputed usage features.,rules-only,0.2.0-tcb,0.0,False,False,False,False,False,False,False,False,False,False,False,False,False,False,False,True,OPTICAL FIBER 3M DUPLEX LC-LC,40.05,10.0
500184779,0,0,0,N,Maintain,"NO_RECENT_USAGE,IMPUTED_USAGE_FEATURES",Low,0.65,No recent usage; imputed usage features.,rules-only,0.2.0-tcb,0.0,False,False,False,False,False,False,True,False,False,False,False,False,False,False,False,True,CARRIAGE VAC PRELOAD FMT(L),896.4,25.0
500184780,0,0,0,Y,Maintain,"ABANDONED_TOOL,IMPUTED_USAGE_FEATURES",Medium,0.65,Abandoned tool; imputed usage features.,rules-only,0.2.0-tcb,0.0,False,False,False,False,False,False,False,True,False,False,False,False,False,False,False,True,(DPA) Z PICK HEAD,10163.08,55.0
500184781,0,0,0,N,Maintain,"NO_RECENT_USAGE,IMPUTED_USAGE_FEATURES",Low,0.65,No recent usage; imputed usage features.,rules-only,0.2.0-tcb,0.0,False,False,False,False,False,False,True,False,False,False,False,False,False,False,False,True,TCB PEDESTAL HEATER ZONE 1,639.0,25.0
500184782,0,0,0,N,Maintain,"NO_RECENT_USAGE,IMPUTED_USAGE_FEATURES",Low,0.65,No recent usage; imputed usage features.,rules-only,0.2.0-tcb,0.0,False,False,False,False,False,False,True,False,False,False,False,False,False,False,False,True,AIR BEARING FLOWMETER(WAFER CHUCK),1342.8,25.0
500184783,0,0,0,N,Maintain,"NO_RECENT_USAGE,IMPUTED_USAGE_FEATURES",Low,0.65,No recent usage; imputed usage features.,rules-only,0.2.0-tcb,0.0,False,False,False,False,False,False,True,False,False,False,False,False,False,False,False,True,LINE VACUUM ASSY,153.9,25.0
500184786,0,0,0,N,Maintain,"NO_RECENT_USAGE,ABANDONED_TOOL,IMPUTED_USAGE_FEATURES",Low,0.65,No recent usage; abandoned tool; imputed usage features.,rules-only,0.2.0-tcb,0.0,False,False,False,False,False,False,True,True,False,False,False,False,False,False,False,True,MBH 1ST LAYER CONVEYOR MTR ASSY,179.42,15.0
500184787,0,0,0,N,Maintain,"NO_RECENT_USAGE,IMPUTED_USAGE_FEATURES",Low,0.65,No recent usage; imputed usage features.,rules-only,0.2.0-tcb,0.0,False,False,False,False,False,False,True,False,False,False,False,False,False,False,False,True,MBH TRACK WIDTH MTR/ENC ASSY,527.05,25.0
500184788,0,0,0,N,Maintain,"NO_RECENT_USAGE,IMPUTED_USAGE_FEATURES",Low,0.65,No recent usage; imputed usage features.,rules-only,0.2.0-tcb,0.0,False,False,False,False,False,False,True,False,False,False,False,False,False,False,False,True,HT WC COL FLOWMETER(L),1182.6,25.0
500184789,0,0,0,N,Maintain,"NO_RECENT_USAGE,IMPUTED_USAGE_FEATURES",Low,0.65,No recent usage; imputed usage features.,rules-only,0.2.0-tcb,0.0,False,False,False,False,False,False,True,False,False,False,False,False,False,False,False,True,"MODULE,CJC,ASSY",71.68,15.0
500184791,1,1,0,Y,Maintain,"NO_RECENT_USAGE,ZERO_RECOMMENDATION_OVERRIDE,SFM_DISAGREEMENT,IMPUTED_USAGE_FEATURES",Medium,0.55,"Source algorithm recommends 0 but the part carries risk (lead time 25d, on-hand 2); protective stock proposed instead of zero. candidate source proposes 0 vs current 1.",rules-only,0.2.0-tcb,1058.92,False,False,False,False,False,False,True,False,False,False,True,False,False,True,False,True,MARKIIIS DRIVER MODULE,1058.92,25.0
500184792,0,0,0,N,Maintain,"NO_RECENT_USAGE,IMPUTED_USAGE_FEATURES",Low,0.65,No recent usage; imputed usage features.,rules-only,0.2.0-tcb,0.0,False,False,False,False,False,False,True,False,False,False,False,False,False,False,False,True,MINISIO MODULE,203.81,25.0
500184793,0,0,0,Y,Maintain,"NO_RECENT_USAGE,ABANDONED_TOOL",Medium,0.8,No recent usage; abandoned tool.,rules-only,0.2.0-tcb,0.0,False,False,False,False,False,False,True,True,False,False,False,False,False,False,False,False,"MODULE,POWER,CONTROL,NDIII",2704.17,15.0
500184794,0,0,0,Y,Maintain,"NO_RECENT_USAGE,ABANDONED_TOOL,IMPUTED_USAGE_FEATURES",Medium,0.65,No recent usage; abandoned tool; imputed usage features.,rules-only,0.2.0-tcb,0.0,False,False,False,False,False,False,True,True,False,False,False,False,False,False,False,True,"MODULE,POWER,CONTROL,NDIII",2865.97,10.0
500184795,1,1,0,Y,Maintain,"NO_RECENT_USAGE,ZERO_RECOMMENDATION_OVERRIDE,SFM_DISAGREEMENT,IMPUTED_USAGE_FEATURES",Medium,0.55,"Source algorithm recommends 0 but the part carries risk (lead time 25d, on-hand 2); protective stock proposed instead of zero. candidate source proposes 0 vs current 1.",rules-only,0.2.0-tcb,1017.0,False,False,False,False,False,False,True,False,False,False,True,False,False,True,False,True,LITEC AAD2 MODULE_PH,1017.0,25.0
500184796,0,0,0,Y,Maintain,"NO_RECENT_USAGE,ABANDONED_TOOL,IMPUTED_USAGE_FEATURES",Medium,0.65,No recent usage; abandoned tool; imputed usage features.,rules-only,0.2.0-tcb,0.0,False,False,False,False,False,False,True,True,False,False,False,False,False,False,False,True,NDIII CONTROLPOWERMODULE,3707.02,15.0
500184797,1,1,0,Y,Increase,"NO_RECENT_USAGE,ZERO_RECOMMENDATION_OVERRIDE,AD_HOC_CONSUMPTION_RISK,IMPUTED_USAGE_FEATURES",Medium,0.65,"Source algorithm recommends 0 but the part carries risk (lead time 62d, on-hand 0); protective stock proposed instead of zero.",rules-only,0.2.0-tcb,3542.02,False,False,False,False,False,False,True,False,False,False,True,True,False,False,False,True,NDIII CONTROLPOWERMODULE,3542.02,62.0
500184798,0,0,0,Y,Maintain,"NO_RECENT_USAGE,ABANDONED_TOOL,IMPUTED_USAGE_FEATURES",Medium,0.65,No recent usage; abandoned tool; imputed usage features.,rules-only,0.2.0-tcb,0.0,False,False,False,False,False,False,True,True,False,False,False,False,False,False,False,True,NDIII CONTROLPOWERMODULE,3071.03,15.0
500184800,0,0,0,Y,Maintain,"NO_RECENT_USAGE,IMPUTED_USAGE_FEATURES",Medium,0.65,No recent usage; imputed usage features.,rules-only,0.2.0-tcb,0.0,False,False,False,False,False,False,True,False,False,False,False,False,False,False,False,True,"MODULE,POWER,NUDRIVE-III",2512.73,38.0
500184801,0,0,0,Y,Maintain,"NO_RECENT_USAGE,IMPUTED_USAGE_FEATURES",Medium,0.65,No recent usage; imputed usage features.,rules-only,0.2.0-tcb,0.0,False,False,False,False,False,False,True,False,False,False,False,False,False,False,False,True,"MODULE,POWER,NUDRIVE-III",2330.91,15.0
500184802,0,0,0,N,Maintain,"NO_RECENT_USAGE,IMPUTED_USAGE_FEATURES",Low,0.65,No recent usage; imputed usage features.,rules-only,0.2.0-tcb,0.0,False,False,False,False,False,False,True,False,False,False,False,False,False,False,False,True,NUDRIVE-III POWER MODULE,1301.62,15.0
500184803,1,1,0,Y,Maintain,"NO_RECENT_USAGE,ZERO_RECOMMENDATION_OVERRIDE,AD_HOC_CONSUMPTION_RISK,SFM_DISAGREEMENT,IMPUTED_USAGE_FEATURES",Medium,0.55,"Source algorithm recommends 0 but the part carries risk (lead time 45d, on-hand 1); protective stock proposed instead of zero. candidate source proposes 0 vs current 1.",rules-only,0.2.0-tcb,2150.68,False,False,False,False,False,False,True,False,False,False,True,True,False,True,False,True,NUDRIVE-III POWER MODULE,2150.68,45.0
500184804,0,0,0,Y,Maintain,ABANDONED_TOOL,Medium,0.8,Abandoned tool.,rules-only,0.2.0-tcb,0.0,False,False,False,False,False,False,False,True,False,False,False,False,False,False,False,False,"MODULE,POWER,NUDRIVE-III",2161.09,15.0
500184805,0,0,0,Y,Maintain,"NO_RECENT_USAGE,IMPUTED_USAGE_FEATURES",Medium,0.65,No recent usage; imputed usage features.,rules-only,0.2.0-tcb,0.0,False,False,False,False,False,False,True,False,False,False,False,False,False,False,False,True,NUDRIVE-III POWER MODULE,3472.33,25.0
500184807,0,0,0,N,Maintain,"NO_RECENT_USAGE,IMPUTED_USAGE_FEATURES",Low,0.65,No recent usage; imputed usage features.,rules-only,0.2.0-tcb,0.0,False,False,False,False,False,False,True,False,False,False,False,False,False,False,False,True,STA-L Z MTR ASSY,718.2,25.0
500184808,0,0,0,N,Maintain,"NO_RECENT_USAGE,IMPUTED_USAGE_FEATURES",Low,0.65,No recent usage; imputed usage features.,rules-only,0.2.0-tcb,0.0,False,False,False,False,False,False,True,False,False,False,False,False,False,False,False,True,Z BUSHING MOTOR ASSY (RIGHT),1184.4,25.0
500184809,0,0,0,N,Maintain,"NO_RECENT_USAGE,ABANDONED_TOOL,IMPUTED_USAGE_FEATURES",Low,0.65,No recent usage; abandoned tool; imputed usage features.,rules-only,0.2.0-tcb,0.0,False,False,False,False,False,False,True,True,False,False,False,False,False,False,False,True,MBH Z MTR ASSY,1239.3,38.0
500184810,1,1,0,Y,Increase,"ZERO_RECOMMENDATION_OVERRIDE,AD_HOC_CONSUMPTION_RISK,IMPUTED_USAGE_FEATURES",Medium,0.65,"Source algorithm recommends 0 but the part carries risk (lead time 70d, on-hand 0); protective stock proposed instead of zero.",rules-only,0.2.0-tcb,2988.9,False,False,False,False,False,False,False,False,False,False,True,True,False,False,False,True,"OPTICS,ASSEMBLY,YSHUTTLE,FOV8",2988.9,70.0
500184811,1,1,0,Y,Maintain,"NO_RECENT_USAGE,ZERO_RECOMMENDATION_OVERRIDE,SFM_DISAGREEMENT",Medium,0.7,"Source algorithm recommends 0 but the part carries risk (lead time 25d, on-hand 5); protective stock proposed instead of zero. candidate source proposes 0 vs current 1.",rules-only,0.2.0-tcb,217.87,False,False,False,False,False,False,True,False,False,False,True,False,False,True,False,False,MICROE LINEAR SCALE 10MM 303-00169,217.87,25.0
500184812,0,0,0,Y,Maintain,"NO_RECENT_USAGE,ABANDONED_TOOL,IMPUTED_USAGE_FEATURES",Medium,0.65,No recent usage; abandoned tool; imputed usage features.,rules-only,0.2.0-tcb,0.0,False,False,False,False,False,False,True,True,False,False,False,False,False,False,False,True,UP-LOOKING OPTICS W/ CG ASSY,7200.0,25.0
500184813,1,1,0,Y,Increase,"NO_RECENT_USAGE,ZERO_RECOMMENDATION_OVERRIDE,AD_HOC_CONSUMPTION_RISK,IMPUTED_USAGE_FEATURES",Medium,0.65,"Source algorithm recommends 0 but the part carries risk (lead time 105d, on-hand 0); protective stock proposed instead of zero.",rules-only,0.2.0-tcb,792.58,False,False,False,False,False,False,True,False,False,False,True,True,False,False,False,True,SCALE LIF 401R ML 90 MM 373021-08,792.58,105.0
500184817,0,0,0,N,Maintain,"NO_RECENT_USAGE,ABANDONED_TOOL,IMPUTED_USAGE_FEATURES",Low,0.65,No recent usage; abandoned tool; imputed usage features.,rules-only,0.2.0-tcb,0.0,False,False,False,False,False,False,True,True,False,False,False,False,False,False,False,True,"SENSOR,ASSEMBLY,SHUTTLE,LIMIT,Y,TAB",38.44,25.0
500184818,0,0,0,N,Maintain,"NO_RECENT_USAGE,IMPUTED_USAGE_FEATURES",Low,0.65,No recent usage; imputed usage features.,rules-only,0.2.0-tcb,0.0,False,False,False,False,False,False,True,False,False,False,False,False,False,False,False,True,POST HEAT STATION VAC SNR 1(L),157.5,25.0
500184819,0,0,0,N,Maintain,"NO_RECENT_USAGE,ABANDONED_TOOL,IMPUTED_USAGE_FEATURES",Low,0.65,No recent usage; abandoned tool; imputed usage features.,rules-only,0.2.0-tcb,0.0,False,False,False,False,False,False,True,True,False,False,False,False,False,False,False,True,BH MISSING DIE SNR,305.18,15.0
500184821,0,0,0,N,Maintain,"NO_RECENT_USAGE,IMPUTED_USAGE_FEATURES",Low,0.65,No recent usage; imputed usage features.,rules-only,0.2.0-tcb,0.0,False,False,False,False,False,False,True,False,False,False,False,False,False,False,False,True,CONTACT SENSOR ASSY,80.1,25.0
500184822,0,0,0,Y,Maintain,"NO_RECENT_USAGE,ABANDONED_TOOL,IMPUTED_USAGE_FEATURES",Medium,0.65,No recent usage; abandoned tool; imputed usage features.,rules-only,0.2.0-tcb,0.0,False,False,False,False,False,False,True,True,False,False,False,False,False,False,False,True,CAP SENSOR ASSY,28006.2,25.0
500184820,1,1,0,Y,Increase,"NO_RECENT_USAGE,ABANDONED_TOOL,ZERO_RECOMMENDATION_OVERRIDE",Medium,0.8,"Source algorithm recommends 0 but the part carries risk (lead time 10d, on-hand 0); protective stock proposed instead of zero.",rules-only,0.2.0-tcb,101.18,False,False,False,False,False,False,True,True,False,False,True,False,False,False,False,False,"SENSOR,BONDHEAD,VACUUM,PRESSURE",101.18,10.0
500184823,0,0,0,N,Maintain,"NO_RECENT_USAGE,IMPUTED_USAGE_FEATURES",Low,0.65,No recent usage; imputed usage features.,rules-only,0.2.0-tcb,0.0,False,False,False,False,False,False,True,False,False,False,False,False,False,False,False,True,CARRIAGE AB FLOW SNR(L),896.4,25.0
500184824,0,0,0,N,Maintain,"NO_RECENT_USAGE,IMPUTED_USAGE_FEATURES",Low,0.65,No recent usage; imputed usage features.,rules-only,0.2.0-tcb,0.0,False,False,False,False,False,False,True,False,False,False,False,False,False,False,False,True,HEATED PEDESTAL VAC SNR 1(L),157.5,25.0
500184825,0,0,0,N,Maintain,"NO_RECENT_USAGE,IMPUTED_USAGE_FEATURES",Low,0.65,No recent usage; imputed usage features.,rules-only,0.2.0-tcb,0.0,False,False,False,False,False,False,True,False,False,False,False,False,False,False,False,True,"SENSOR,INPUT,SHUTTLE,CONVEYOR,IN",198.0,25.0
500184826,0,0,0,N,Maintain,"NO_RECENT_USAGE,IMPUTED_USAGE_FEATURES",Low,0.65,No recent usage; imputed usage features.,rules-only,0.2.0-tcb,0.0,False,False,False,False,False,False,True,False,False,False,False,False,False,False,False,True,"SENSOR,PHOTO,MICRO,EE-SX672",11.61,15.0
500184827,0,0,0,N,Maintain,"NO_RECENT_USAGE,ABANDONED_TOOL,IMPUTED_USAGE_FEATURES",Low,0.65,No recent usage; abandoned tool; imputed usage features.,rules-only,0.2.0-tcb,0.0,False,False,False,False,False,False,True,True,False,False,False,False,False,False,False,True,PHOTOMICROSENSOR EE-SX673(A),14.01,15.0
500184828,0,0,0,N,Maintain,"NO_RECENT_USAGE,ABANDONED_TOOL,IMPUTED_USAGE_FEATURES",Low,0.65,No recent usage; abandoned tool; imputed usage features.,rules-only,0.2.0-tcb,0.0,False,False,False,False,False,False,True,True,False,False,False,False,False,False,False,True,REFLECTIVE PHOTO SNR EE-SPY302,36.04,25.0
500184829,0,0,0,N,Maintain,"NO_RECENT_USAGE,IMPUTED_USAGE_FEATURES",Low,0.65,No recent usage; imputed usage features.,rules-only,0.2.0-tcb,0.0,False,False,False,False,False,False,True,False,False,False,False,False,False,False,False,True,CARRIAGE AB PRESS SNR(L),162.0,25.0
500184830,1,1,0,Y,Increase,"ZERO_RECOMMENDATION_OVERRIDE,AD_HOC_CONSUMPTION_RISK",Medium,0.8,"Source algorithm recommends 0 but the part carries risk (lead time 60d, on-hand 1); protective stock proposed instead of zero.",rules-only,0.2.0-tcb,1239.3,False,False,False,False,False,False,False,False,False,False,True,True,False,False,False,False,"SERVO,ASSEMBLY,AC,ZCOLUMN",1239.3,60.0
500184831,3,2,0,Y,Increase,"ZERO_RECOMMENDATION_OVERRIDE,SFM_DISAGREEMENT,IMPUTED_USAGE_FEATURES",Medium,0.65,"Source algorithm recommends 0 but the part carries risk (lead time 25d, on-hand 1); protective stock proposed instead of zero. candidate source proposes 0 vs current 1.",rules-only,0.2.0-tcb,358.02,False,False,False,False,False,False,False,False,False,False,True,False,False,True,False,True,BH WEAK BLOW SOL,119.34,25.0
500184832,0,0,0,N,Maintain,"NO_RECENT_USAGE,IMPUTED_USAGE_FEATURES",Low,0.65,No recent usage; imputed usage features.,rules-only,0.2.0-tcb,0.0,False,False,False,False,False,False,True,False,False,False,False,False,False,False,False,True,STA VAC SOL 1(L),150.3,25.0
500184833,0,0,0,N,Maintain,"NO_RECENT_USAGE,IMPUTED_USAGE_FEATURES",Low,0.65,No recent usage; imputed usage features.,rules-only,0.2.0-tcb,0.0,False,False,False,False,False,False,True,False,False,False,False,False,False,False,False,True,COS-L TOP CLAMP SOL,177.3,38.0
500184834,0,0,0,N,Maintain,"NO_RECENT_USAGE,IMPUTED_USAGE_FEATURES",Low,0.65,No recent usage; imputed usage features.,rules-only,0.2.0-tcb,0.0,False,False,False,False,False,False,True,False,False,False,False,False,False,False,False,True,HT WC COL SOL(L),152.64,25.0
500184835,0,0,0,N,Maintain,"NO_RECENT_USAGE,ABANDONED_TOOL,IMPUTED_USAGE_FEATURES",Low,0.65,No recent usage; abandoned tool; imputed usage features.,rules-only,0.2.0-tcb,0.0,False,False,False,False,False,False,True,True,False,False,False,False,False,False,False,True,IMPINGING COOLING SOL,134.56,25.0
500184836,4,3,0,Y,Increase,"LONG_LEAD_TIME_RISK,ZERO_RECOMMENDATION_OVERRIDE",Medium,0.9,"Source algorithm recommends 0 but the part carries risk (lead time 55d, on-hand 2); protective stock proposed instead of zero.",rules-only,0.2.0-tcb,487.0,False,False,False,False,False,True,False,False,False,False,True,False,False,False,False,False,BH VAC SOL,121.75,55.0
500184838,0,0,0,N,Maintain,"NO_RECENT_USAGE,IMPUTED_USAGE_FEATURES",Low,0.65,No recent usage; imputed usage features.,rules-only,0.2.0-tcb,0.0,False,False,False,False,False,False,True,False,False,False,False,False,False,False,False,True,CARRIAGE VAC PRELOAD SOL(L),163.8,25.0
500184839,2,1,0,Y,Increase,"ZERO_RECOMMENDATION_OVERRIDE,SFM_DISAGREEMENT",Medium,0.8,"Source algorithm recommends 0 but the part carries risk (lead time 15d, on-hand 0); protective stock proposed instead of zero. candidate source proposes 1 vs current 0.",rules-only,0.2.0-tcb,261.12,False,False,False,False,False,False,False,False,False,False,True,False,False,True,False,False,COLLET CHANGE VAC SOL,130.56,15.0
500184840,0,0,0,N,Maintain,"NO_RECENT_USAGE,IMPUTED_USAGE_FEATURES",Low,0.65,No recent usage; imputed usage features.,rules-only,0.2.0-tcb,0.0,False,False,False,False,False,False,True,False,False,False,False,False,False,False,False,True,COS-L PRELOAD SOL,135.9,25.0
500184841,1,1,0,Y,Maintain,"NO_RECENT_USAGE,ZERO_RECOMMENDATION_OVERRIDE,SFM_DISAGREEMENT,IMPUTED_USAGE_FEATURES",Medium,0.55,"Source algorithm recommends 0 but the part carries risk (lead time 15d, on-hand 2); protective stock proposed instead of zero. candidate source proposes 0 vs current 1.",rules-only,0.2.0-tcb,1014.06,False,False,False,False,False,False,True,False,False,False,True,False,False,True,False,True,"SMPS 600W UNIV>24V3AX2,24V2.5A,24V5.5AX3",1014.06,15.0
500184843,1,1,0,Y,Maintain,"NO_RECENT_USAGE,ZERO_RECOMMENDATION_OVERRIDE,AD_HOC_CONSUMPTION_RISK,SFM_DISAGREEMENT",Medium,0.7,"Source algorithm recommends 0 but the part carries risk (lead time 115d, on-hand 2); protective stock proposed instead of zero. candidate source proposes 0 vs current 1.",rules-only,0.2.0-tcb,1144.62,False,False,False,False,False,False,True,False,False,False,True,True,False,True,False,False,LNPS 4KVA 12AX3 AUTO OFF-NO MCB,1144.62,115.0
500184844,0,0,0,Y,Maintain,"NO_RECENT_USAGE,ABANDONED_TOOL,IMPUTED_USAGE_FEATURES",Medium,0.65,No recent usage; abandoned tool; imputed usage features.,rules-only,0.2.0-tcb,0.0,False,False,False,False,False,False,True,True,False,False,False,False,False,False,False,True,"SUPPLY,POWER,24V,48V",2122.65,15.0
500184845,0,0,0,Y,Maintain,NO_RECENT_USAGE,Medium,0.8,No recent usage.,rules-only,0.2.0-tcb,0.0,False,False,False,False,False,False,True,False,False,False,False,False,False,False,False,False,HT LNPS 7KVA 110V&40V&220V,2281.96,55.0
500184847,0,0,0,Y,Maintain,"NO_RECENT_USAGE,ABANDONED_TOOL",Medium,0.8,No recent usage; abandoned tool.,rules-only,0.2.0-tcb,0.0,False,False,False,False,False,False,True,True,False,False,False,False,False,False,False,False,"SUPPLY,POWER,MOTOR,SMPS,1KW,UNIVERSAL",2326.1,15.0
500184848,0,0,0,Y,Maintain,"NO_RECENT_USAGE,IMPUTED_USAGE_FEATURES",Medium,0.65,No recent usage; imputed usage features.,rules-only,0.2.0-tcb,0.0,False,False,False,False,False,False,True,False,False,False,False,False,False,False,False,True,"SUPPLY,POWER,SMPS,150VDC,800W",1577.97,15.0
500184849,0,0,0,N,Maintain,"NO_RECENT_USAGE,IMPUTED_USAGE_FEATURES",Low,0.65,No recent usage; imputed usage features.,rules-only,0.2.0-tcb,0.0,False,False,False,False,False,False,True,False,False,False,False,False,False,False,False,True,AIR SUPPLY I SWITCH,274.5,25.0
500184850,0,0,0,N,Maintain,"NO_RECENT_USAGE,IMPUTED_USAGE_FEATURES",Low,0.65,No recent usage; imputed usage features.,rules-only,0.2.0-tcb,0.0,False,False,False,False,False,False,True,False,False,False,False,False,False,False,False,True,VCM AIR BEARING SWITCH,244.3,25.0
500184851,0,0,0,N,Maintain,"NO_RECENT_USAGE,ABANDONED_TOOL,IMPUTED_USAGE_FEATURES",Low,0.65,No recent usage; abandoned tool; imputed usage features.,rules-only,0.2.0-tcb,0.0,False,False,False,False,False,False,True,True,False,False,False,False,False,False,False,True,BH MISSING DIE SWITCH,1099.77,25.0
500184852,0,0,0,N,Maintain,"NO_RECENT_USAGE,IMPUTED_USAGE_FEATURES",Low,0.65,No recent usage; imputed usage features.,rules-only,0.2.0-tcb,0.0,False,False,False,False,False,False,True,False,False,False,False,False,False,False,False,True,BO AIR BEARING FLOW SWITCH,680.4,25.0
500184853,0,0,0,N,Maintain,"NO_RECENT_USAGE,IMPUTED_USAGE_FEATURES",Low,0.65,No recent usage; imputed usage features.,rules-only,0.2.0-tcb,0.0,False,False,False,False,False,False,True,False,False,False,False,False,False,False,False,True,CARRIAGE VAC PRELOAD SWITCH(L),274.5,25.0
500184854,0,0,0,N,Maintain,"NO_RECENT_USAGE,IMPUTED_USAGE_FEATURES",Low,0.65,No recent usage; imputed usage features.,rules-only,0.2.0-tcb,0.0,False,False,False,False,False,False,True,False,False,False,False,False,False,False,False,True,BD STAGE AB FLOW SWITCH(L),680.4,38.0
500184855,0,0,0,N,Maintain,"NO_RECENT_USAGE,IMPUTED_USAGE_FEATURES",Low,0.65,No recent usage; imputed usage features.,rules-only,0.2.0-tcb,0.0,False,False,False,False,False,False,True,False,False,False,False,False,False,False,False,True,BD STAGE AB FLOW SWITCH(R),680.4,25.0
500184856,0,0,0,N,Maintain,"NO_RECENT_USAGE,IMPUTED_USAGE_FEATURES",Low,0.65,No recent usage; imputed usage features.,rules-only,0.2.0-tcb,0.0,False,False,False,False,False,False,True,False,False,False,False,False,False,False,False,True,CARRIAGE VAC PRELOAD FLOW SWITCH,684.9,25.0
500184857,0,0,0,N,Maintain,"NO_RECENT_USAGE,IMPUTED_USAGE_FEATURES",Low,0.65,No recent usage; imputed usage features.,rules-only,0.2.0-tcb,0.0,False,False,False,False,False,False,True,False,False,False,False,False,False,False,False,True,"SWITCH,PRESS,BOND,STAGE,AB,L",378.87,25.0
500184858,0,0,0,N,Maintain,"NO_RECENT_USAGE,IMPUTED_USAGE_FEATURES",Low,0.65,No recent usage; imputed usage features.,rules-only,0.2.0-tcb,0.0,False,False,False,False,False,False,True,False,False,False,False,False,False,False,False,True,Z COLUMN AIR BEARING PRESS SWITCH,378.87,25.0
500184859,0,0,0,N,Maintain,"NO_RECENT_USAGE,IMPUTED_USAGE_FEATURES",Low,0.65,No recent usage; imputed usage features.,rules-only,0.2.0-tcb,0.0,False,False,False,False,False,False,True,False,False,False,False,False,False,False,False,True,AUTOCOL AIR PRESS SWITCH,333.9,25.0
500184860,0,0,0,N,Maintain,"NO_RECENT_USAGE,ABANDONED_TOOL,IMPUTED_USAGE_FEATURES",Low,0.65,No recent usage; abandoned tool; imputed usage features.,rules-only,0.2.0-tcb,0.0,False,False,False,False,False,False,True,True,False,False,False,False,False,False,False,True,BH VAC PRESS SWITCH,222.67,15.0
500184861,0,0,0,N,Maintain,"NO_RECENT_USAGE,IMPUTED_USAGE_FEATURES",Low,0.65,No recent usage; imputed usage features.,rules-only,0.2.0-tcb,0.0,False,False,False,False,False,False,True,False,False,False,False,False,False,False,False,True,TCB PEDESTAL THERMOCOUPLE 1,96.12,25.0
500184862,1,1,0,Y,Increase,"NO_RECENT_USAGE,ZERO_RECOMMENDATION_OVERRIDE,AD_HOC_CONSUMPTION_RISK,IMPUTED_USAGE_FEATURES",High,0.65,"Source algorithm recommends 0 but the part carries risk (lead time 70d, on-hand 0); protective stock proposed instead of zero.",rules-only,0.2.0-tcb,30727.8,False,False,False,False,False,False,True,False,False,False,True,True,False,False,False,True,TIP/ TILT ASSY,30727.8,70.0
500184863,0,0,0,N,Maintain,"NO_RECENT_USAGE,IMPUTED_USAGE_FEATURES",Low,0.65,No recent usage; imputed usage features.,rules-only,0.2.0-tcb,0.0,False,False,False,False,False,False,True,False,False,False,False,False,False,False,False,True,TIP TILT MICRO-E ELE ASSY,1223.12,55.0
500184864,0,0,0,N,Maintain,"NO_RECENT_USAGE,IMPUTED_USAGE_FEATURES",Low,0.65,No recent usage; imputed usage features.,rules-only,0.2.0-tcb,0.0,False,False,False,False,False,False,True,False,False,False,False,False,False,False,False,True,DIE TRANSFER/PCIK ARM VAC SWITCH,379.67,25.0
500184865,0,0,0,N,Maintain,"NO_RECENT_USAGE,IMPUTED_USAGE_FEATURES",Low,0.65,No recent usage; imputed usage features.,rules-only,0.2.0-tcb,0.0,False,False,False,False,False,False,True,False,False,False,False,False,False,False,False,True,"TRANSFORMER,ASSY,110V,220V",711.28,10.0
500184927,0,0,0,Y,Maintain,"NO_RECENT_USAGE,IMPUTED_USAGE_FEATURES",Medium,0.65,No recent usage; imputed usage features.,rules-only,0.2.0-tcb,0.0,False,False,False,False,False,False,True,False,False,False,False,False,False,False,False,True,X32 TAPE FEEDER,2090.61,25.0
500184923,2,1,0,Y,Increase,ZERO_RECOMMENDATION_OVERRIDE,Medium,0.9,"Source algorithm recommends 0 but the part carries risk (lead time 10d, on-hand 0); protective stock proposed instead of zero.",rules-only,0.2.0-tcb,4960.0,False,False,False,False,False,False,False,False,False,False,True,False,False,False,False,False,O2 ANALYZER ASSY,2480.0,10.0
500184928,0,0,0,N,Maintain,"NO_RECENT_USAGE,IMPUTED_USAGE_FEATURES",Low,0.65,No recent usage; imputed usage features.,rules-only,0.2.0-tcb,0.0,False,False,False,False,False,False,True,False,False,False,False,False,False,False,False,True,AIR FILTER AF20-A SERIES,33.64,25.0
500184929,0,0,0,N,Maintain,"NO_RECENT_USAGE,ABANDONED_TOOL,IMPUTED_USAGE_FEATURES",Low,0.65,No recent usage; abandoned tool; imputed usage features.,rules-only,0.2.0-tcb,0.0,False,False,False,False,False,False,True,True,False,False,False,False,False,False,False,True,AIR FILTER,17.22,10.0
500184930,6,5,0,N,Increase,SFM_DISAGREEMENT,Medium,0.8,Candidate source proposes 2 vs current 4.,rules-only,0.2.0-tcb,969.3,False,False,False,False,False,False,False,False,False,False,False,False,False,True,False,False,CLEAN AIR FILTER SFD100-C06,161.55,25.0
500184931,0,0,0,N,Maintain,"NO_RECENT_USAGE,IMPUTED_USAGE_FEATURES",Low,0.65,No recent usage; imputed usage features.,rules-only,0.2.0-tcb,0.0,False,False,False,False,False,False,True,False,False,False,False,False,False,False,False,True,"FILTER,ULPA,999995,0.12UM,ASTROCELII",712.89,15.0
500184932,2,1,0,Y,Increase,"NO_RECENT_USAGE,ZERO_RECOMMENDATION_OVERRIDE,AD_HOC_CONSUMPTION_RISK,IMPUTED_USAGE_FEATURES",Medium,0.65,"Source algorithm recommends 0 but the part carries risk (lead time 70d, on-hand 2); protective stock proposed instead of zero.",rules-only,0.2.0-tcb,16.2,False,False,False,False,False,False,True,False,False,False,True,True,False,False,False,True,RUBBER GASKET W/TAPE 7/32INCH X 3/8INCH,8.1,70.0
500184933,0,0,0,N,Maintain,"NO_RECENT_USAGE,IMPUTED_USAGE_FEATURES",Low,0.65,No recent usage; imputed usage features.,rules-only,0.2.0-tcb,0.0,False,False,False,False,False,False,True,False,False,False,False,False,False,False,False,True,SEALING HEAD (VITON; OD=4; H=4),17.1,25.0
500184934,1,1,0,Y,Maintain,"LONG_LEAD_TIME_RISK,ZERO_RECOMMENDATION_OVERRIDE",Medium,0.9,"Source algorithm recommends 0 but the part carries risk (lead time 55d, on-hand 6); protective stock proposed instead of zero.",rules-only,0.2.0-tcb,29.63,False,False,False,False,False,True,False,False,False,False,True,False,False,False,False,False,IN-LINE VACUUM FILTER ZFC 100-048,29.63,55.0
500184935,0,0,0,Y,Maintain,"NO_RECENT_USAGE,ABANDONED_TOOL,IMPUTED_USAGE_FEATURES",Medium,0.65,No recent usage; abandoned tool; imputed usage features.,rules-only,0.2.0-tcb,0.0,False,False,False,False,False,False,True,True,False,False,False,False,False,False,False,True,IONIZER ASSEMBLY (BAR TYPE),3604.5,25.0
500184936,0,0,0,N,Maintain,"NO_RECENT_USAGE,IMPUTED_USAGE_FEATURES",Low,0.65,No recent usage; imputed usage features.,rules-only,0.2.0-tcb,0.0,False,False,False,False,False,False,True,False,False,False,False,False,False,False,False,True,NOZZLE - 2057 CPL.,86.5,25.0
500184937,0,0,0,Y,Maintain,"NO_RECENT_USAGE,ABANDONED_TOOL,IMPUTED_USAGE_FEATURES",Medium,0.65,No recent usage; abandoned tool; imputed usage features.,rules-only,0.2.0-tcb,0.0,False,False,False,False,False,False,True,True,False,False,False,False,False,False,False,True,IONIZER CABLE ASSY,2520.0,55.0
500184938,0,0,0,N,Maintain,"NO_RECENT_USAGE,IMPUTED_USAGE_FEATURES",Low,0.65,No recent usage; imputed usage features.,rules-only,0.2.0-tcb,0.0,False,False,False,False,False,False,True,False,False,False,False,False,False,False,False,True,"NOZZLE,2821CPL",56.07,25.0
500184939,0,0,0,N,Maintain,"NO_RECENT_USAGE,ABANDONED_TOOL,IMPUTED_USAGE_FEATURES",Low,0.65,No recent usage; abandoned tool; imputed usage features.,rules-only,0.2.0-tcb,0.0,False,False,False,False,False,False,True,True,False,False,False,False,False,False,False,True,(DTA) ARRAY PATTERN NOZZLE PLATFORM,270.0,25.0
500184940,1,1,0,Y,Increase,"NO_RECENT_USAGE,ZERO_RECOMMENDATION_OVERRIDE,AD_HOC_CONSUMPTION_RISK,IMPUTED_USAGE_FEATURES",Medium,0.65,"Source algorithm recommends 0 but the part carries risk (lead time 70d, on-hand 1); protective stock proposed instead of zero.",rules-only,0.2.0-tcb,1.35,False,False,False,False,False,False,True,False,False,False,True,True,False,False,False,True,O-RING 1.5 X 4 ID MM,1.35,70.0
500184941,0,0,0,N,Maintain,"NO_RECENT_USAGE,IMPUTED_USAGE_FEATURES",Low,0.65,No recent usage; imputed usage features.,rules-only,0.2.0-tcb,0.0,False,False,False,False,False,False,True,False,False,False,False,False,False,False,False,True,O-RING 1X ID12 MM,0.9,25.0
500184942,0,0,0,N,Maintain,"NO_RECENT_USAGE,IMPUTED_USAGE_FEATURES",Low,0.65,No recent usage; imputed usage features.,rules-only,0.2.0-tcb,0.0,False,False,False,False,False,False,True,False,False,False,False,False,False,False,False,True,O-RING 1.00 X 6.00 ID FKM,0.8,10.0
500184943,0,0,0,N,Maintain,"NO_RECENT_USAGE,IMPUTED_USAGE_FEATURES",Low,0.65,No recent usage; imputed usage features.,rules-only,0.2.0-tcb,0.0,False,False,False,False,False,False,True,False,False,False,False,False,False,False,False,True,O-RING 1.00 X 137.00 ID 70 BN,3.6,25.0
500184944,0,0,0,N,Maintain,"NO_RECENT_USAGE,IMPUTED_USAGE_FEATURES",Low,0.65,No recent usage; imputed usage features.,rules-only,0.2.0-tcb,0.0,False,False,False,False,False,False,True,False,False,False,False,False,False,False,False,True,O-RING 3 X 24 ID MM,1.35,25.0
500184945,0,0,0,N,Maintain,"NO_RECENT_USAGE,ABANDONED_TOOL,IMPUTED_USAGE_FEATURES",Low,0.65,No recent usage; abandoned tool; imputed usage features.,rules-only,0.2.0-tcb,0.0,False,False,False,False,False,False,True,True,False,False,False,False,False,False,False,True,O-RING 1.8 X 6.00 ID 70 SILICONE,1.6,15.0
500184946,0,0,0,N,Maintain,"NO_RECENT_USAGE,IMPUTED_USAGE_FEATURES",Low,0.65,No recent usage; imputed usage features.,rules-only,0.2.0-tcb,0.0,False,False,False,False,False,False,True,False,False,False,False,False,False,False,False,True,O-RING 1 X 3.00 ID 70 SILICONE,3.2,10.0
500184947,0,0,0,N,Maintain,"NO_RECENT_USAGE,IMPUTED_USAGE_FEATURES",Low,0.65,No recent usage; imputed usage features.,rules-only,0.2.0-tcb,0.0,False,False,False,False,False,False,True,False,False,False,False,False,False,False,False,True,"ORING,SILICONE,1X5ID,70",2.7,38.0
500184948,0,0,0,N,Maintain,"NO_RECENT_USAGE,IMPUTED_USAGE_FEATURES",Low,0.65,No recent usage; imputed usage features.,rules-only,0.2.0-tcb,0.0,False,False,False,False,False,False,True,False,False,False,False,False,False,False,False,True,O-RING 0.60 X 2.50ID 75 VITON,13.61,10.0
500184949,0,0,0,N,Maintain,"NO_RECENT_USAGE,IMPUTED_USAGE_FEATURES",Low,0.65,No recent usage; imputed usage features.,rules-only,0.2.0-tcb,0.0,False,False,False,False,False,False,True,False,False,False,False,False,False,False,False,True,O-RING 1 X 12.2 ID 70 VITON,6.3,25.0
500184950,0,0,0,N,Maintain,"NO_RECENT_USAGE,ABANDONED_TOOL,IMPUTED_USAGE_FEATURES",Low,0.65,No recent usage; abandoned tool; imputed usage features.,rules-only,0.2.0-tcb,0.0,False,False,False,False,False,False,True,True,False,False,False,False,False,False,False,True,O-RING 8X1 70 VITON,5.4,25.0
500184951,0,0,0,N,Maintain,"NO_RECENT_USAGE,IMPUTED_USAGE_FEATURES",Low,0.65,No recent usage; imputed usage features.,rules-only,0.2.0-tcb,0.0,False,False,False,False,False,False,True,False,False,False,False,False,False,False,False,True,O-RING 1 X 32 ID 70 VITON,12.6,25.0
500184952,0,0,0,N,Maintain,"NO_RECENT_USAGE,ABANDONED_TOOL,IMPUTED_USAGE_FEATURES",Low,0.65,No recent usage; abandoned tool; imputed usage features.,rules-only,0.2.0-tcb,0.0,False,False,False,False,False,False,True,True,False,False,False,False,False,False,False,True,"SEAL,VACUUM,ID4MM",16.02,15.0
500184953,0,0,0,N,Maintain,"NO_RECENT_USAGE,IMPUTED_USAGE_FEATURES",Low,0.65,No recent usage; imputed usage features.,rules-only,0.2.0-tcb,0.0,False,False,False,False,False,False,True,False,False,False,False,False,False,False,False,True,"VITON COLLECT (OD4, 8, ID 4) SHORE A60",2.7,25.0
500184954,0,0,0,N,Maintain,"NO_RECENT_USAGE,IMPUTED_USAGE_FEATURES",Low,0.65,No recent usage; imputed usage features.,rules-only,0.2.0-tcb,0.0,False,False,False,False,False,False,True,False,False,False,False,False,False,False,False,True,"SUCTION CUP,VITON,OD2.6,ID2.2.",2.7,38.0
500184955,0,0,0,N,Maintain,"NO_RECENT_USAGE,IMPUTED_USAGE_FEATURES",Low,0.65,No recent usage; imputed usage features.,rules-only,0.2.0-tcb,0.0,False,False,False,False,False,False,True,False,False,False,False,False,False,False,False,True,COMPRESSION SPRING D10800         [54B7],4.5,25.0
500184956,0,0,0,N,Maintain,"NO_RECENT_USAGE,IMPUTED_USAGE_FEATURES",Low,0.65,No recent usage; imputed usage features.,rules-only,0.2.0-tcb,0.0,False,False,False,False,False,False,True,False,False,False,False,False,False,False,False,True,EXTENSION SPRING E1000-125-3000-S,51.3,25.0
500184957,0,0,0,N,Maintain,"NO_RECENT_USAGE,IMPUTED_USAGE_FEATURES",Low,0.65,No recent usage; imputed usage features.,rules-only,0.2.0-tcb,0.0,False,False,False,False,False,False,True,False,False,False,False,False,False,False,False,True,EXTENSION SPRING T32110,12.01,15.0
500184958,0,0,0,N,Maintain,"NO_RECENT_USAGE,IMPUTED_USAGE_FEATURES",Low,0.65,No recent usage; imputed usage features.,rules-only,0.2.0-tcb,0.0,False,False,False,False,False,False,True,False,False,False,False,False,False,False,False,True,EXTENSION SPRING T32030,6.75,25.0
500184960,0,0,0,N,Maintain,"NO_RECENT_USAGE,IMPUTED_USAGE_FEATURES",Low,0.65,No recent usage; imputed usage features.,rules-only,0.2.0-tcb,0.0,False,False,False,False,False,False,True,False,False,False,False,False,False,False,False,True,EXTENSION SPRING T41960,7.6,15.0
500184961,0,0,0,N,Maintain,"NO_RECENT_USAGE,IMPUTED_USAGE_FEATURES",Low,0.65,No recent usage; imputed usage features.,rules-only,0.2.0-tcb,0.0,False,False,False,False,False,False,True,False,False,False,False,False,False,False,False,True,(WH) LEVEL ADJ SPRING,2.4,25.0
500184962,0,0,0,N,Maintain,"NO_RECENT_USAGE,IMPUTED_USAGE_FEATURES",Low,0.65,No recent usage; imputed usage features.,rules-only,0.2.0-tcb,0.0,False,False,False,False,False,False,True,False,False,False,False,False,False,False,False,True,DEW POINT INDICATOR KIT IDG-DP01,77.4,25.0
500184963,0,0,0,N,Maintain,"NO_RECENT_USAGE,IMPUTED_USAGE_FEATURES",Low,0.65,No recent usage; imputed usage features.,rules-only,0.2.0-tcb,0.0,False,False,False,False,False,False,True,False,False,False,False,False,False,False,False,True,AIR DRYER MEMBRANE IDG-EL5,605.7,25.0
500184964,1,1,0,Y,Maintain,"NO_RECENT_USAGE,ZERO_RECOMMENDATION_OVERRIDE,AD_HOC_CONSUMPTION_RISK,SFM_DISAGREEMENT,IMPUTED_USAGE_FEATURES",Medium,0.55,"Source algorithm recommends 0 but the part carries risk (lead time 47d, on-hand 1); protective stock proposed instead of zero. candidate source proposes 0 vs current 1.",rules-only,0.2.0-tcb,14.15,False,False,False,False,False,False,True,False,False,False,True,True,False,True,False,True,VACUUM FILTER W/FITTING ZFC54-B,14.15,47.0
500186224,0,0,0,Y,Maintain,"NO_RECENT_USAGE,ABANDONED_TOOL,IMPUTED_USAGE_FEATURES",Medium,0.65,No recent usage; abandoned tool; imputed usage features.,rules-only,0.2.0-tcb,0.0,False,False,False,False,False,False,True,True,False,False,False,False,False,False,False,True,(SM) BOND HEAD MODULE,53200.0,25.0
500186235,0,0,0,N,Maintain,"NO_RECENT_USAGE,IMPUTED_USAGE_FEATURES",Low,0.65,No recent usage; imputed usage features.,rules-only,0.2.0-tcb,0.0,False,False,False,False,False,False,True,False,False,False,False,False,False,False,False,True,LINEAR MOTOR COIL ASSY (14.5 MM TRAVEL),85.7,25.0
500186237,0,0,0,Y,Maintain,"NO_RECENT_USAGE,IMPUTED_USAGE_FEATURES",Medium,0.65,No recent usage; imputed usage features.,rules-only,0.2.0-tcb,0.0,False,False,False,False,False,False,True,False,False,False,False,False,False,False,False,True,WD20 0.42X FOV9.1X6.8 TELE LENS (SIDE),4382.27,25.0
500186238,0,0,0,N,Maintain,"NO_RECENT_USAGE,IMPUTED_USAGE_FEATURES",Low,0.65,No recent usage; imputed usage features.,rules-only,0.2.0-tcb,0.0,False,False,False,False,False,False,True,False,False,False,False,False,False,False,False,True,JOYSTICK CABLE ASSY,67.28,25.0
500186240,0,0,0,N,Maintain,"NO_RECENT_USAGE,IMPUTED_USAGE_FEATURES",Low,0.65,No recent usage; imputed usage features.,rules-only,0.2.0-tcb,0.0,False,False,False,False,False,False,True,False,False,False,False,False,False,False,False,True,WORKCHUCK X MOTOR COIL ASSY (LEFT),345.6,55.0
500186241,0,0,0,Y,Maintain,"NO_RECENT_USAGE,IMPUTED_USAGE_FEATURES",Medium,0.65,No recent usage; imputed usage features.,rules-only,0.2.0-tcb,0.0,False,False,False,False,False,False,True,False,False,False,False,False,False,False,False,True,LEFT WC FRONT X ENC ASSY,4499.1,25.0
500186242,0,0,0,Y,Maintain,"NO_RECENT_USAGE,ABANDONED_TOOL",Medium,0.8,No recent usage; abandoned tool.,rules-only,0.2.0-tcb,0.0,False,False,False,False,False,False,True,True,False,False,False,False,False,False,False,False,BH Z ENCODER ASSY,4341.42,15.0
500186245,0,0,0,Y,Maintain,"NO_RECENT_USAGE,IMPUTED_USAGE_FEATURES",Medium,0.65,No recent usage; imputed usage features.,rules-only,0.2.0-tcb,0.0,False,False,False,False,False,False,True,False,False,False,False,False,False,False,False,True,XFM 13.2KVA 208..480VX3>110V/40V20AX2X3P,4180.41,15.0
500186246,0,0,0,N,Maintain,"NO_RECENT_USAGE,IMPUTED_USAGE_FEATURES",Low,0.65,No recent usage; imputed usage features.,rules-only,0.2.0-tcb,0.0,False,False,False,False,False,False,True,False,False,False,False,False,False,False,False,True,"CABLE,HEPA,FRONT,FILTER,FAN,ASSEMBLY",1108.58,25.0
500186247,0,0,0,Y,Maintain,"NO_RECENT_USAGE,ABANDONED_TOOL,IMPUTED_USAGE_FEATURES",Medium,0.65,No recent usage; abandoned tool; imputed usage features.,rules-only,0.2.0-tcb,0.0,False,False,False,False,False,False,True,True,False,False,False,False,False,False,False,True,"ENCODER,ASSY,Y,LEFT,WC",4004.19,15.0
500186248,0,0,0,N,Maintain,"NO_RECENT_USAGE,IMPUTED_USAGE_FEATURES",Low,0.65,No recent usage; imputed usage features.,rules-only,0.2.0-tcb,0.0,False,False,False,False,False,False,True,False,False,False,False,False,False,False,False,True,REAR HEPA FILTER FAN CABLE ASSY,1416.96,25.0
500186249,1,1,0,Y,Maintain,"NO_RECENT_USAGE,ZERO_RECOMMENDATION_OVERRIDE",Medium,0.9,"Source algorithm recommends 0 but the part carries risk (lead time 25d, on-hand 1); protective stock proposed instead of zero.",rules-only,0.2.0-tcb,975.61,False,False,False,False,False,False,True,False,False,False,True,False,False,False,False,False,NAS 2-BAY 2-LAN DISKSTATION DS720+,975.61,25.0
500186250,0,0,0,Y,Maintain,"NO_RECENT_USAGE,IMPUTED_USAGE_FEATURES",Medium,0.65,No recent usage; imputed usage features.,rules-only,0.2.0-tcb,0.0,False,False,False,False,False,False,True,False,False,False,False,False,False,False,False,True,SYRINGE LEVEL SENSOR,1583.1,25.0
500186251,0,0,0,Y,Maintain,"DATA_QUALITY_REVIEW_REQUIRED,ZERO_RECOMMENDATION_OVERRIDE,AD_HOC_CONSUMPTION_RISK,IMPUTED_USAGE_FEATURES",High,0.4,"Source algorithm recommends 0 but the part carries risk (lead time 105d, on-hand 1); protective stock proposed instead of zero. input data failed validation; values held unchanged pending correction.",rules-only,0.2.0-tcb,0.0,True,False,False,False,False,False,False,False,False,False,True,True,False,False,False,True,"SCALE,ZERODUR,LIF401R,ML=320MM",2519.14,105.0
500186252,0,0,0,N,Maintain,"NO_RECENT_USAGE,IMPUTED_USAGE_FEATURES",Low,0.65,No recent usage; imputed usage features.,rules-only,0.2.0-tcb,0.0,False,False,False,False,False,False,True,False,False,False,False,False,False,False,False,True,"SCALE,ZERODUR,LIF401,ML=70MM,GO",1404.95,15.0
500186253,0,0,0,Y,Maintain,"NO_RECENT_USAGE,IMPUTED_USAGE_FEATURES",Medium,0.65,No recent usage; imputed usage features.,rules-only,0.2.0-tcb,0.0,False,False,False,False,False,False,True,False,False,False,False,False,False,False,False,True,"SCALE,ZERODUR,LIF401R,ML=120MM",1630.03,15.0
500186254,0,0,0,Y,Maintain,"NO_RECENT_USAGE,IMPUTED_USAGE_FEATURES",Medium,0.65,No recent usage; imputed usage features.,rules-only,0.2.0-tcb,0.0,False,False,False,False,False,False,True,False,False,False,False,False,False,False,False,True,ZERODUR SCALE LIF401R ML=520MM G0,3332.96,15.0
500186255,1,1,0,Y,Maintain,"NO_RECENT_USAGE,ZERO_RECOMMENDATION_OVERRIDE,SFM_DISAGREEMENT,IMPUTED_USAGE_FEATURES",Medium,0.55,"Source algorithm recommends 0 but the part carries risk (lead time 25d, on-hand 2); protective stock proposed instead of zero. candidate source proposes 0 vs current 1.",rules-only,0.2.0-tcb,1128.6,False,False,False,False,False,False,True,False,False,False,True,False,False,True,False,True,"SCALE,ZERODUR,LIF401R,ML=320MM",1128.6,25.0
500186256,2,1,0,Y,Increase,ZERO_RECOMMENDATION_OVERRIDE,Medium,0.9,"Source algorithm recommends 0 but the part carries risk (lead time 15d, on-hand 1); protective stock proposed instead of zero.",rules-only,0.2.0-tcb,1129.4,False,False,False,False,False,False,False,False,False,False,True,False,False,False,False,False,ZERODUR SCALE LIF409R ML=3MM,564.7,15.0
500186257,1,1,0,Y,Increase,"NO_RECENT_USAGE,LONG_LEAD_TIME_ZERO_STOCK,IMPUTED_USAGE_FEATURES",High,0.65,Dormant with a 91-day lead time — excluded from auto-clear.,rules-only,0.2.0-tcb,14662.75,False,False,False,False,False,False,True,False,False,False,False,False,True,False,False,True,UPS EOL UGK,14662.75,91.0
500186258,3,2,0,Y,Increase,"SFM_DISAGREEMENT,MAX_CHANGE_EXCEEDS_THRESHOLD",Medium,0.8,Candidate source proposes 2 vs current 1.,rules-only,0.2.0-tcb,1360.08,False,False,False,False,False,False,False,False,False,False,False,False,False,True,True,False,UPS 620VA 230V 5MIN,453.36,15.0
500191884,1,1,0,Y,Maintain,"NO_RECENT_USAGE,ZERO_RECOMMENDATION_OVERRIDE,SFM_DISAGREEMENT",Medium,0.7,"Source algorithm recommends 0 but the part carries risk (lead time 25d, on-hand 1); protective stock proposed instead of zero. candidate source proposes 0 vs current 1.",rules-only,0.2.0-tcb,8.01,False,False,False,False,False,False,True,False,False,False,True,False,False,True,False,False,SUCTION CUP  DIA 4.5MM FKM,8.01,25.0
500194609,0,0,0,N,Maintain,"NO_RECENT_USAGE,ABANDONED_TOOL,IMPUTED_USAGE_FEATURES",Low,0.65,No recent usage; abandoned tool; imputed usage features.,rules-only,0.2.0-tcb,0.0,False,False,False,False,False,False,True,True,False,False,False,False,False,False,False,True,"Exhaust hose clamp 4""",5.5,21.0
500194610,0,0,0,Y,Maintain,"NO_RECENT_USAGE,ABANDONED_TOOL,IMPUTED_USAGE_FEATURES",Medium,0.65,No recent usage; abandoned tool; imputed usage features.,rules-only,0.2.0-tcb,0.0,False,False,False,False,False,False,True,True,False,False,False,False,False,False,False,True,Main circuit breaker (Q100),1925.7,21.0
500194902,0,0,0,N,Maintain,"ABANDONED_TOOL,IMPUTED_USAGE_FEATURES",Low,0.65,Abandoned tool; imputed usage features.,rules-only,0.2.0-tcb,0.0,False,False,False,False,False,False,False,True,False,False,False,False,False,False,False,True,CALIBRATION GLASS #29 (12X12X1MM),391.0,25.0
500197788,10,1,0,Y,Increase,"ZERO_RECOMMENDATION_OVERRIDE,SFM_DISAGREEMENT",Medium,0.7,"Source algorithm recommends 0 but the part carries risk (lead time 10d, on-hand 10); protective stock proposed instead of zero. candidate source proposes 0 vs current 1.",rules-only,0.2.0-tcb,152.1,False,False,False,False,False,False,False,False,False,False,True,False,False,True,False,False,PEDESTAL O-RING (9.6X2.5 RTV31),15.21,10.0
500198095,1,1,0,Y,Increase,"NO_RECENT_USAGE,ZERO_RECOMMENDATION_OVERRIDE,AD_HOC_CONSUMPTION_RISK,IMPUTED_USAGE_FEATURES",Medium,0.65,"Source algorithm recommends 0 but the part carries risk (lead time 65d, on-hand 1); protective stock proposed instead of zero.",rules-only,0.2.0-tcb,13.04,False,False,False,False,False,False,True,False,False,False,True,True,False,False,False,True,PLASTIC PLAIN BEARING JUM-S-06LY,13.04,65.0
500201345,0,0,0,N,Maintain,"NO_RECENT_USAGE,ABANDONED_TOOL,IMPUTED_USAGE_FEATURES",Low,0.65,No recent usage; abandoned tool; imputed usage features.,rules-only,0.2.0-tcb,0.0,False,False,False,False,False,False,True,True,False,False,False,False,False,False,False,True,SOC HD CAP SCREW M2X8,1.04,25.0
500201346,1,1,0,Y,Maintain,"LONG_LEAD_TIME_RISK,ZERO_RECOMMENDATION_OVERRIDE",Medium,0.9,"Source algorithm recommends 0 but the part carries risk (lead time 45d, on-hand 1); protective stock proposed instead of zero.",rules-only,0.2.0-tcb,117.81,False,False,False,False,False,True,False,False,False,False,True,False,False,False,False,False,SHIM 0.01MM,117.81,45.0
500204342,0,0,0,N,Maintain,"NO_RECENT_USAGE,IMPUTED_USAGE_FEATURES",Low,0.65,No recent usage; imputed usage features.,rules-only,0.2.0-tcb,0.0,False,False,False,False,False,False,True,False,False,False,False,False,False,False,False,True,O-RING1.8X6IDMM SHARE A 50-EK NBR,1.2,25.0
500204343,0,0,0,N,Maintain,"NO_RECENT_USAGE,IMPUTED_USAGE_FEATURES",Low,0.65,No recent usage; imputed usage features.,rules-only,0.2.0-tcb,0.0,False,False,False,False,False,False,True,False,False,False,False,False,False,False,False,True,STACKER UD LEADSCREW ASSY,485.4,25.0
500204344,0,0,0,N,Maintain,"NO_RECENT_USAGE,IMPUTED_USAGE_FEATURES",Low,0.65,No recent usage; imputed usage features.,rules-only,0.2.0-tcb,0.0,False,False,False,False,False,False,True,False,False,False,False,False,False,False,False,True,CM CHOKE AND DUMMY LOADER ASSY,398.7,25.0
500204345,1,1,0,Y,Maintain,"NO_RECENT_USAGE,ZERO_RECOMMENDATION_OVERRIDE,SFM_DISAGREEMENT",Medium,0.7,"Source algorithm recommends 0 but the part carries risk (lead time 15d, on-hand 2); protective stock proposed instead of zero. candidate source proposes 0 vs current 1.",rules-only,0.2.0-tcb,38.44,False,False,False,False,False,False,True,False,False,False,True,False,False,True,False,False,"ASSEMBLY,TIMING,PULLEY",38.44,15.0
500204346,2,1,0,Y,Increase,"HIGH_COST_INCREASE_REVIEW,ZERO_RECOMMENDATION_OVERRIDE,SFM_DISAGREEMENT",Medium,0.8,"Source algorithm recommends 0 but the part carries risk (lead time 15d, on-hand 0); protective stock proposed instead of zero. candidate source proposes 1 vs current 0.",rules-only,0.2.0-tcb,3226.42,False,False,False,True,False,False,False,False,False,False,True,False,False,True,False,False,"ASSEMBLY,Z,SERVO,48V,200W,ELE,BH",1613.21,15.0
500204348,0,0,0,Y,Maintain,"NO_RECENT_USAGE,IMPUTED_USAGE_FEATURES",Medium,0.65,No recent usage; imputed usage features.,rules-only,0.2.0-tcb,0.0,False,False,False,False,False,False,True,False,False,False,False,False,False,False,False,True,3P AC INPUT BOX,1863.92,25.0
500204349,0,0,0,N,Maintain,"NO_RECENT_USAGE,IMPUTED_USAGE_FEATURES",Low,0.65,No recent usage; imputed usage features.,rules-only,0.2.0-tcb,0.0,False,False,False,False,False,False,True,False,False,False,False,False,False,False,False,True,2 PIN 6CH DC PWR DIST BOX,98.52,15.0
500204350,0,0,0,N,Maintain,"NO_RECENT_USAGE,ABANDONED_TOOL,IMPUTED_USAGE_FEATURES",Low,0.65,No recent usage; abandoned tool; imputed usage features.,rules-only,0.2.0-tcb,0.0,False,False,False,False,False,False,True,True,False,False,False,False,False,False,False,True,OT UP/DN DC HT CABLE ASSY,215.46,15.0
500204351,0,0,0,N,Maintain,"NO_RECENT_USAGE,ABANDONED_TOOL,IMPUTED_USAGE_FEATURES",Low,0.65,No recent usage; abandoned tool; imputed usage features.,rules-only,0.2.0-tcb,0.0,False,False,False,False,False,False,True,True,False,False,False,False,False,False,False,True,OT UP/DN DC HT CABLE ASSY,215.46,15.0
500204352,0,0,0,N,Maintain,"NO_RECENT_USAGE,ABANDONED_TOOL,IMPUTED_USAGE_FEATURES",Low,0.65,No recent usage; abandoned tool; imputed usage features.,rules-only,0.2.0-tcb,0.0,False,False,False,False,False,False,True,True,False,False,False,False,False,False,False,True,"CABLE,SOLENOID,CABLE,DPA,WEAK,BLOW,Z",99.32,15.0
500204353,0,0,0,N,Maintain,"NO_RECENT_USAGE,IMPUTED_USAGE_FEATURES",Low,0.65,No recent usage; imputed usage features.,rules-only,0.2.0-tcb,0.0,False,False,False,False,False,False,True,False,False,False,False,False,False,False,False,True,IO STEPPER MOTOR DRIVER ASSY,364.45,25.0
500204354,0,0,0,N,Maintain,"NO_RECENT_USAGE,ABANDONED_TOOL,IMPUTED_USAGE_FEATURES",Low,0.65,No recent usage; abandoned tool; imputed usage features.,rules-only,0.2.0-tcb,0.0,False,False,False,False,False,False,True,True,False,False,False,False,False,False,False,True,(DPA) VACUUM SENSOR CABLE,148.18,15.0
500204355,0,0,0,N,Maintain,"NO_RECENT_USAGE,IMPUTED_USAGE_FEATURES",Low,0.65,No recent usage; imputed usage features.,rules-only,0.2.0-tcb,0.0,False,False,False,False,False,False,True,False,False,False,False,False,False,False,False,True,ANTISTATIC MALE ELBOW KQ2L10-04AS,13.61,15.0
500204356,0,0,0,N,Maintain,"NO_RECENT_USAGE,IMPUTED_USAGE_FEATURES",Low,0.65,No recent usage; imputed usage features.,rules-only,0.2.0-tcb,0.0,False,False,False,False,False,False,True,False,False,False,False,False,False,False,False,True,E-RING FOR GROOVE DIA 5MM SST,9.61,25.0
500204357,0,0,0,N,Maintain,"NO_RECENT_USAGE,IMPUTED_USAGE_FEATURES",Low,0.65,No recent usage; imputed usage features.,rules-only,0.2.0-tcb,0.0,False,False,False,False,False,False,True,False,False,False,False,False,False,False,False,True,"GUIDE,LM,AFF,Z,STAGE.LEFT",377.27,25.0
500204358,0,0,0,N,Maintain,"NO_RECENT_USAGE,IMPUTED_USAGE_FEATURES",Low,0.65,No recent usage; imputed usage features.,rules-only,0.2.0-tcb,0.0,False,False,False,False,False,False,True,False,False,False,False,False,False,False,False,True,"ENCODER,ASSEMBLY,DPA,X,AXIS",784.98,25.0
500204359,1,1,0,Y,Increase,"NO_RECENT_USAGE,ZERO_RECOMMENDATION_OVERRIDE,AD_HOC_CONSUMPTION_RISK",Medium,0.8,"Source algorithm recommends 0 but the part carries risk (lead time 85d, on-hand 0); protective stock proposed instead of zero.",rules-only,0.2.0-tcb,3461.92,False,False,False,False,False,False,True,False,False,False,True,True,False,False,False,False,"ENCODER,ASSY,BH,MINI",3461.92,85.0
500204360,0,0,0,N,Maintain,"NO_RECENT_USAGE,ABANDONED_TOOL,IMPUTED_USAGE_FEATURES",Low,0.65,No recent usage; abandoned tool; imputed usage features.,rules-only,0.2.0-tcb,0.0,False,False,False,False,False,False,True,True,False,False,False,False,False,False,False,True,"ENCODER,ASSEMBLY,DPA,Y,AXIS",784.98,15.0
500204361,0,0,0,N,Maintain,"NO_RECENT_USAGE,IMPUTED_USAGE_FEATURES",Low,0.65,No recent usage; imputed usage features.,rules-only,0.2.0-tcb,0.0,False,False,False,False,False,False,True,False,False,False,False,False,False,False,False,True,E-RING FOR GROOVE DIA 4MM SST,0.8,25.0
500204362,0,0,0,Y,Maintain,"NO_RECENT_USAGE,IMPUTED_USAGE_FEATURES",Medium,0.65,No recent usage; imputed usage features.,rules-only,0.2.0-tcb,0.0,False,False,False,False,False,False,True,False,False,False,False,False,False,False,False,True,"HEAD,INSPECTION,ASSEMBLY,LEFT,DDLO",9491.44,25.0
500204363,0,0,0,Y,Maintain,"NO_RECENT_USAGE,ABANDONED_TOOL,IMPUTED_USAGE_FEATURES",Medium,0.65,No recent usage; abandoned tool; imputed usage features.,rules-only,0.2.0-tcb,0.0,False,False,False,False,False,False,True,True,False,False,False,False,False,False,False,True,DDLO INSP HEAD ASSY RIGHT,9426.96,15.0
500204364,0,0,0,N,Maintain,"NO_RECENT_USAGE,IMPUTED_USAGE_FEATURES",Low,0.65,No recent usage; imputed usage features.,rules-only,0.2.0-tcb,0.0,False,False,False,False,False,False,True,False,False,False,False,False,False,False,False,True,"IDLER,ASSEMBLY,12DIA,YTRANS,CONVYR,SHUTL",36.84,25.0
500204365,0,0,0,N,Maintain,"NO_RECENT_USAGE,IMPUTED_USAGE_FEATURES",Low,0.65,No recent usage; imputed usage features.,rules-only,0.2.0-tcb,0.0,False,False,False,False,False,False,True,False,False,False,False,False,False,False,False,True,MANIFOLD VV5K3-20-04,54.46,25.0
500204366,0,0,0,N,Maintain,"NO_RECENT_USAGE,IMPUTED_USAGE_FEATURES",Low,0.65,No recent usage; imputed usage features.,rules-only,0.2.0-tcb,0.0,False,False,False,False,False,False,True,False,False,False,False,False,False,False,False,True,MANIFOLD VV5K3-20-08,124.15,25.0
500204367,0,0,0,N,Maintain,"NO_RECENT_USAGE,IMPUTED_USAGE_FEATURES",Low,0.65,No recent usage; imputed usage features.,rules-only,0.2.0-tcb,0.0,False,False,False,False,False,False,True,False,False,False,False,False,False,False,False,True,(PENU)AIR BEARING FLOWMETER (N2),1196.69,15.0
500204368,0,0,0,N,Maintain,"NO_RECENT_USAGE,ABANDONED_TOOL,IMPUTED_USAGE_FEATURES",Low,0.65,No recent usage; abandoned tool; imputed usage features.,rules-only,0.2.0-tcb,0.0,False,False,False,False,False,False,True,True,False,False,False,False,False,False,False,True,Z COLUMN AIR BEARING FLOWMETER,1203.9,15.0
500204369,0,0,0,N,Maintain,"NO_RECENT_USAGE,IMPUTED_USAGE_FEATURES",Low,0.65,No recent usage; imputed usage features.,rules-only,0.2.0-tcb,0.0,False,False,False,False,False,False,True,False,False,False,False,False,False,False,False,True,(PENU)AIR BEARING FLOWMETER (WAFER CHUCK,1196.69,25.0
500204370,0,0,0,N,Maintain,"NO_RECENT_USAGE,IMPUTED_USAGE_FEATURES",Low,0.65,No recent usage; imputed usage features.,rules-only,0.2.0-tcb,0.0,False,False,False,False,False,False,True,False,False,False,False,False,False,False,False,True,(BH)COOLING BLOCK FLOWMETER,1055.71,15.0
500204371,0,0,0,N,Maintain,"NO_RECENT_USAGE,IMPUTED_USAGE_FEATURES",Low,0.65,No recent usage; imputed usage features.,rules-only,0.2.0-tcb,0.0,False,False,False,False,False,False,True,False,False,False,False,False,False,False,False,True,(BH)IMPINGING COL 1# FLOWMETER,1055.71,10.0
500204372,1,1,0,Y,Increase,"NO_RECENT_USAGE,ZERO_RECOMMENDATION_OVERRIDE,AD_HOC_CONSUMPTION_RISK,IMPUTED_USAGE_FEATURES",Medium,0.65,"Source algorithm recommends 0 but the part carries risk (lead time 60d, on-hand 0); protective stock proposed instead of zero.",rules-only,0.2.0-tcb,2028.13,False,False,False,False,False,False,True,False,False,False,True,True,False,False,False,True,"MODULE,DRIVER,MARKIIIS,ASSY,MK",2028.13,60.0
500204373,0,0,0,N,Maintain,"NO_RECENT_USAGE,IMPUTED_USAGE_FEATURES",Low,0.65,No recent usage; imputed usage features.,rules-only,0.2.0-tcb,0.0,False,False,False,False,False,False,True,False,False,False,False,False,False,False,False,True,"METER,FLOW,IMPINGING,COL#2,BH",1055.71,25.0
500204375,0,0,0,N,Maintain,"NO_RECENT_USAGE,IMPUTED_USAGE_FEATURES",Low,0.65,No recent usage; imputed usage features.,rules-only,0.2.0-tcb,0.0,False,False,False,False,False,False,True,False,False,False,False,False,False,False,False,True,O-RING ID13 OD17,9.61,15.0
500204376,0,0,0,N,Maintain,"NO_RECENT_USAGE,IMPUTED_USAGE_FEATURES",Low,0.65,No recent usage; imputed usage features.,rules-only,0.2.0-tcb,0.0,False,False,False,False,False,False,True,False,False,False,False,False,False,False,False,True,"ORING,SILICONE,3.00X10.00,40,PNUE,BOX.",11.21,25.0
500204377,0,0,0,N,Maintain,"NO_RECENT_USAGE,ABANDONED_TOOL,IMPUTED_USAGE_FEATURES",Low,0.65,No recent usage; abandoned tool; imputed usage features.,rules-only,0.2.0-tcb,0.0,False,False,False,False,False,False,True,True,False,False,False,False,False,False,False,True,"PEDESTAL O-RING NUT (D6.5, M5)",6.4,15.0
500204378,0,0,0,N,Maintain,"NO_RECENT_USAGE,IMPUTED_USAGE_FEATURES",Low,0.65,No recent usage; imputed usage features.,rules-only,0.2.0-tcb,0.0,False,False,False,False,False,False,True,False,False,False,False,False,False,False,False,True,"PULLEY,CONVEYOR,BELT,DRIVING,LONG",115.34,38.0
500204379,0,0,0,N,Maintain,"NO_RECENT_USAGE,IMPUTED_USAGE_FEATURES",Low,0.65,No recent usage; imputed usage features.,rules-only,0.2.0-tcb,0.0,False,False,False,False,False,False,True,False,False,False,False,False,False,False,False,True,CONVEYOR BELT PULLEY SET,103.32,15.0
500204380,0,0,0,N,Maintain,"NO_RECENT_USAGE,ABANDONED_TOOL,IMPUTED_USAGE_FEATURES",Low,0.65,No recent usage; abandoned tool; imputed usage features.,rules-only,0.2.0-tcb,0.0,False,False,False,False,False,False,True,True,False,False,False,False,False,False,False,True,"2.5"" REMOVABLE HARD DISK MOBILE RACK",140.17,10.0
500204381,1,1,0,Y,Increase,"NO_RECENT_USAGE,ZERO_RECOMMENDATION_OVERRIDE,AD_HOC_CONSUMPTION_RISK,IMPUTED_USAGE_FEATURES",Medium,0.65,"Source algorithm recommends 0 but the part carries risk (lead time 66d, on-hand 1); protective stock proposed instead of zero.",rules-only,0.2.0-tcb,142.57,False,False,False,False,False,False,True,False,False,False,True,True,False,False,False,True,CONVEYOR BELT PULLEY SET (DRIVING),142.57,66.0
500204382,0,0,0,N,Maintain,"NO_RECENT_USAGE,IMPUTED_USAGE_FEATURES",Low,0.65,No recent usage; imputed usage features.,rules-only,0.2.0-tcb,0.0,False,False,False,False,False,False,True,False,False,False,False,False,False,False,False,True,(BH)VACUUM REGULATOR,1291.21,15.0
500204383,0,0,0,N,Maintain,"NO_RECENT_USAGE,IMPUTED_USAGE_FEATURES",Low,0.65,No recent usage; imputed usage features.,rules-only,0.2.0-tcb,0.0,False,False,False,False,False,False,True,False,False,False,False,False,False,False,False,True,(BS-L)VACUUM REGULATOR,1291.21,25.0
500204384,0,0,0,Y,Maintain,"NO_RECENT_USAGE,IMPUTED_USAGE_FEATURES",Medium,0.65,No recent usage; imputed usage features.,rules-only,0.2.0-tcb,0.0,False,False,False,False,False,False,True,False,False,False,False,False,False,False,False,True,"RINGLIGHT,ASSY,UD,OPTICS,Y,TABLE,HVMOT",2718.59,15.0
500204386,0,0,0,N,Maintain,"NO_RECENT_USAGE,IMPUTED_USAGE_FEATURES",Low,0.65,No recent usage; imputed usage features.,rules-only,0.2.0-tcb,0.0,False,False,False,False,False,False,True,False,False,False,False,False,False,False,False,True,(BS-R)VACUUM REGULATOR,1291.21,25.0
500204388,0,0,0,N,Maintain,"NO_RECENT_USAGE,IMPUTED_USAGE_FEATURES",Low,0.65,No recent usage; imputed usage features.,rules-only,0.2.0-tcb,0.0,False,False,False,False,False,False,True,False,False,False,False,False,False,False,False,True,"SENSOR,FLOW,BEAM,BS,AB,LEFT",804.2,25.0
500204389,0,0,0,N,Maintain,"NO_RECENT_USAGE,ABANDONED_TOOL,IMPUTED_USAGE_FEATURES",Low,0.65,No recent usage; abandoned tool; imputed usage features.,rules-only,0.2.0-tcb,0.0,False,False,False,False,False,False,True,True,False,False,False,False,False,False,False,True,(BS-R)BEAM AB FLOW SNR(R),804.2,15.0
500204390,0,0,0,N,Maintain,"NO_RECENT_USAGE,IMPUTED_USAGE_FEATURES",Low,0.65,No recent usage; imputed usage features.,rules-only,0.2.0-tcb,0.0,False,False,False,False,False,False,True,False,False,False,False,False,False,False,False,True,"SENSOR,FLOW,CARRIAGE,BS,AB,LEFT",804.2,25.0
500204391,0,0,0,N,Maintain,"NO_RECENT_USAGE,IMPUTED_USAGE_FEATURES",Low,0.65,No recent usage; imputed usage features.,rules-only,0.2.0-tcb,0.0,False,False,False,False,False,False,True,False,False,False,False,False,False,False,False,True,"SENSOR,FLOW,CARRIAGE,BS,AB,RIGHT",804.2,25.0
500204392,0,0,0,N,Maintain,"NO_RECENT_USAGE,IMPUTED_USAGE_FEATURES",Low,0.65,No recent usage; imputed usage features.,rules-only,0.2.0-tcb,0.0,False,False,False,False,False,False,True,False,False,False,False,False,False,False,False,True,"SENSOR,FLOW,Y,VERTICAL,BS,AB,RIGHT",804.2,25.0
500204393,0,0,0,N,Maintain,"NO_RECENT_USAGE,IMPUTED_USAGE_FEATURES",Low,0.65,No recent usage; imputed usage features.,rules-only,0.2.0-tcb,0.0,False,False,False,False,False,False,True,False,False,False,False,False,False,False,False,True,"SENSOR,FLOW,VERTICAL,BS,AB,LEFT",804.2,15.0
500204394,0,0,0,N,Maintain,"NO_RECENT_USAGE,IMPUTED_USAGE_FEATURES",Low,0.65,No recent usage; imputed usage features.,rules-only,0.2.0-tcb,0.0,False,False,False,False,False,False,True,False,False,False,False,False,False,False,False,True,DIE TRANSFER ARM VAC SENSOR,152.19,15.0
500204395,0,0,0,N,Maintain,"NO_RECENT_USAGE,IMPUTED_USAGE_FEATURES",Low,0.65,No recent usage; imputed usage features.,rules-only,0.2.0-tcb,0.0,False,False,False,False,False,False,True,False,False,False,False,False,False,False,False,True,(BS-L)HEATED PEDESTAL VAC SNR 1(L),141.77,39.0
500204396,0,0,0,Y,Maintain,"NO_RECENT_USAGE,IMPUTED_USAGE_FEATURES",Medium,0.65,No recent usage; imputed usage features.,rules-only,0.2.0-tcb,0.0,False,False,False,False,False,False,True,False,False,False,False,False,False,False,False,True,PHOTOELECTRIC SENSOR OADM 12U6430/S35A,2998.14,25.0
500204397,0,0,0,N,Maintain,"NO_RECENT_USAGE,ABANDONED_TOOL,IMPUTED_USAGE_FEATURES",Low,0.65,No recent usage; abandoned tool; imputed usage features.,rules-only,0.2.0-tcb,0.0,False,False,False,False,False,False,True,True,False,False,False,False,False,False,False,True,"SENSOR,VACUUM,PEDESTAL,HEATED,BS,LEFT,2",141.77,15.0
500204398,0,0,0,N,Maintain,"NO_RECENT_USAGE,IMPUTED_USAGE_FEATURES",Low,0.65,No recent usage; imputed usage features.,rules-only,0.2.0-tcb,0.0,False,False,False,False,False,False,True,False,False,False,False,False,False,False,False,True,"SENSOR,VACUUM,PEDESTAL,HEATED,BS,LEFT,3",141.77,15.0
500204399,0,0,0,N,Maintain,"NO_RECENT_USAGE,IMPUTED_USAGE_FEATURES",Low,0.65,No recent usage; imputed usage features.,rules-only,0.2.0-tcb,0.0,False,False,False,False,False,False,True,False,False,False,False,False,False,False,False,True,MASSFLOW SENSOR MCS100A108,257.12,25.0
500204400,0,0,0,N,Maintain,"NO_RECENT_USAGE,IMPUTED_USAGE_FEATURES",Low,0.65,No recent usage; imputed usage features.,rules-only,0.2.0-tcb,0.0,False,False,False,False,False,False,True,False,False,False,False,False,False,False,False,True,"SENSOR,VACUUM,PEDESTAL,HEATED,BS,LEFT,4",141.77,25.0
500204401,0,0,0,N,Maintain,"NO_RECENT_USAGE,IMPUTED_USAGE_FEATURES",Low,0.65,No recent usage; imputed usage features.,rules-only,0.2.0-tcb,0.0,False,False,False,False,False,False,True,False,False,False,False,False,False,False,False,True,"SENSOR,VACUUM,PEDESTAL,HEATED,BS,RIGHT,1",141.77,15.0
500204402,0,0,0,N,Maintain,"NO_RECENT_USAGE,IMPUTED_USAGE_FEATURES",Low,0.65,No recent usage; imputed usage features.,rules-only,0.2.0-tcb,0.0,False,False,False,False,False,False,True,False,False,False,False,False,False,False,False,True,"SENSOR,VACUUM,PEDESTAL,HEATED,BS,RIGHT,3",141.77,15.0
500204403,0,0,0,N,Maintain,"NO_RECENT_USAGE,IMPUTED_USAGE_FEATURES",Low,0.65,No recent usage; imputed usage features.,rules-only,0.2.0-tcb,0.0,False,False,False,False,False,False,True,False,False,False,False,False,False,False,False,True,(BH)BH AIR BEARING SOL,123.35,25.0
500204404,0,0,0,N,Maintain,"NO_RECENT_USAGE,IMPUTED_USAGE_FEATURES",Low,0.65,No recent usage; imputed usage features.,rules-only,0.2.0-tcb,0.0,False,False,False,False,False,False,True,False,False,False,False,False,False,False,False,True,"SENSOR,VACUUM,PEDESTAL,HEATED,BS,RIGHT,2",141.77,15.0
500204405,0,0,0,N,Maintain,"NO_RECENT_USAGE,ABANDONED_TOOL,IMPUTED_USAGE_FEATURES",Low,0.65,No recent usage; abandoned tool; imputed usage features.,rules-only,0.2.0-tcb,0.0,False,False,False,False,False,False,True,True,False,False,False,False,False,False,False,True,(DTA)DIE TRANSFER ARM BLOW SOL,123.35,25.0
500204406,0,0,0,N,Maintain,"NO_RECENT_USAGE,IMPUTED_USAGE_FEATURES",Low,0.65,No recent usage; imputed usage features.,rules-only,0.2.0-tcb,0.0,False,False,False,False,False,False,True,False,False,False,False,False,False,False,False,True,"SENSOR,VACUUM,PEDESTAL,HEATED,BS,RIGHT,4",141.77,15.0
500204407,0,0,0,N,Maintain,"NO_RECENT_USAGE,IMPUTED_USAGE_FEATURES",Low,0.65,No recent usage; imputed usage features.,rules-only,0.2.0-tcb,0.0,False,False,False,False,False,False,True,False,False,False,False,False,False,False,False,True,"SENSOR,VAC,STA-L,COVER.STRIP,THETA,1(L)",147.38,15.0
500204408,0,0,0,N,Maintain,"NO_RECENT_USAGE,ABANDONED_TOOL,IMPUTED_USAGE_FEATURES",Low,0.65,No recent usage; abandoned tool; imputed usage features.,rules-only,0.2.0-tcb,0.0,False,False,False,False,False,False,True,True,False,False,False,False,False,False,False,True,(STA-L)STA FOR COVER/STRIP VAC SNR 2(L),147.38,15.0
500204409,0,0,0,N,Maintain,"NO_RECENT_USAGE,IMPUTED_USAGE_FEATURES",Low,0.65,No recent usage; imputed usage features.,rules-only,0.2.0-tcb,0.0,False,False,False,False,False,False,True,False,False,False,False,False,False,False,False,True,POST HEAT STATION VAC SOL 4(R),133.76,15.0
500204410,0,0,0,N,Maintain,"NO_RECENT_USAGE,IMPUTED_USAGE_FEATURES",Low,0.65,No recent usage; imputed usage features.,rules-only,0.2.0-tcb,0.0,False,False,False,False,False,False,True,False,False,False,False,False,False,False,False,True,(STA-R)COVER VACUUM SOL,133.76,15.0
500204411,0,0,0,N,Maintain,"NO_RECENT_USAGE,IMPUTED_USAGE_FEATURES",Low,0.65,No recent usage; imputed usage features.,rules-only,0.2.0-tcb,0.0,False,False,False,False,False,False,True,False,False,False,False,False,False,False,False,True,(DTA)DIE TRANSFER ARM VAC SOL,133.76,25.0
500204412,0,0,0,N,Maintain,"NO_RECENT_USAGE,IMPUTED_USAGE_FEATURES",Low,0.65,No recent usage; imputed usage features.,rules-only,0.2.0-tcb,0.0,False,False,False,False,False,False,True,False,False,False,False,False,False,False,False,True,"MCB 2P 400V 25A,5-10X25A",33.64,25.0
500204413,0,0,0,N,Maintain,"NO_RECENT_USAGE,IMPUTED_USAGE_FEATURES",Low,0.65,No recent usage; imputed usage features.,rules-only,0.2.0-tcb,0.0,False,False,False,False,False,False,True,False,False,False,False,False,False,False,False,True,BD STAGE AB FLOW SWITCH(L),619.97,25.0
500204414,0,0,0,N,Maintain,"NO_RECENT_USAGE,ABANDONED_TOOL,IMPUTED_USAGE_FEATURES",Low,0.65,No recent usage; abandoned tool; imputed usage features.,rules-only,0.2.0-tcb,0.0,False,False,False,False,False,False,True,True,False,False,False,False,False,False,False,True,"SWITCH,FLOW,BS,AB,RIGHT",619.97,25.0
500204415,0,0,0,N,Maintain,"NO_RECENT_USAGE,IMPUTED_USAGE_FEATURES",Low,0.65,No recent usage; imputed usage features.,rules-only,0.2.0-tcb,0.0,False,False,False,False,False,False,True,False,False,False,False,False,False,False,False,True,(STA-R)SUBSTRATE VACUUM SOL,133.76,15.0
500204416,0,0,0,N,Maintain,"NO_RECENT_USAGE,IMPUTED_USAGE_FEATURES",Low,0.65,No recent usage; imputed usage features.,rules-only,0.2.0-tcb,0.0,False,False,False,False,False,False,True,False,False,False,False,False,False,False,False,True,Z  STOPPER,14.41,25.0
500204417,0,0,0,N,Maintain,"NO_RECENT_USAGE,IMPUTED_USAGE_FEATURES",Low,0.65,No recent usage; imputed usage features.,rules-only,0.2.0-tcb,0.0,False,False,False,False,False,False,True,False,False,False,False,False,False,False,False,True,"MCB 4P 415V 25A,10-20X25A",88.91,25.0
500204418,0,0,0,N,Maintain,"NO_RECENT_USAGE,ABANDONED_TOOL,IMPUTED_USAGE_FEATURES",Low,0.65,No recent usage; abandoned tool; imputed usage features.,rules-only,0.2.0-tcb,0.0,False,False,False,False,False,False,True,True,False,False,False,False,False,False,False,True,"SWITCH,FLOW,VACUUM,CARRIAGE,PRELOAD,BH",610.36,25.0
500204419,0,0,0,Y,Maintain,"NO_RECENT_USAGE,IMPUTED_USAGE_FEATURES",Medium,0.65,No recent usage; imputed usage features.,rules-only,0.2.0-tcb,0.0,False,False,False,False,False,False,True,False,False,False,False,False,False,False,False,True,3U SMPS-10 ASSY24V&48V)_NO FRONT PANEL.,2020.12,15.0
500204420,0,0,0,N,Maintain,"NO_RECENT_USAGE,ABANDONED_TOOL,IMPUTED_USAGE_FEATURES",Low,0.65,No recent usage; abandoned tool; imputed usage features.,rules-only,0.2.0-tcb,0.0,False,False,False,False,False,False,True,True,False,False,False,False,False,False,False,True,(IO)DIE TRANSFER/PICK ARM VAC SWITCH,456.57,25.0
500204421,0,0,0,N,Maintain,"NO_RECENT_USAGE,IMPUTED_USAGE_FEATURES",Low,0.65,No recent usage; imputed usage features.,rules-only,0.2.0-tcb,0.0,False,False,False,False,False,False,True,False,False,False,False,False,False,False,False,True,BH VAC REGULATOR BYPASS SOL,134.56,48.0
500204422,0,0,0,N,Maintain,"NO_RECENT_USAGE,IMPUTED_USAGE_FEATURES",Low,0.65,No recent usage; imputed usage features.,rules-only,0.2.0-tcb,0.0,False,False,False,False,False,False,True,False,False,False,False,False,False,False,False,True,BRANCH TEE UNION,13.61,25.0
500204448,0,0,0,N,Maintain,"NO_RECENT_USAGE,ABANDONED_TOOL,IMPUTED_USAGE_FEATURES",Low,0.65,No recent usage; abandoned tool; imputed usage features.,rules-only,0.2.0-tcb,0.0,False,False,False,False,False,False,True,True,False,False,False,False,False,False,False,True,FEMALE CRIMP TERMINAL PIN,1.04,25.0
500204966,0,0,0,N,Maintain,IMPUTED_USAGE_FEATURES,Low,0.65,Imputed usage features.,rules-only,0.2.0-tcb,0.0,False,False,False,False,False,False,False,False,False,False,False,False,False,False,False,True,3200X2200-W-N-L-20-A-YYMMDD-AXXXX,801.0,15.0
500204967,0,0,0,N,Maintain,"NO_RECENT_USAGE,IMPUTED_USAGE_FEATURES",Low,0.65,No recent usage; imputed usage features.,rules-only,0.2.0-tcb,0.0,False,False,False,False,False,False,True,False,False,False,False,False,False,False,False,True,0880X0880-W-N-L-20-A-YYMMDD-AXXXX,881.1,55.0
500204969,0,0,0,N,Maintain,"NO_RECENT_USAGE,ABANDONED_TOOL,IMPUTED_USAGE_FEATURES",Low,0.65,No recent usage; abandoned tool; imputed usage features.,rules-only,0.2.0-tcb,0.0,False,False,False,False,False,False,True,True,False,False,False,False,False,False,False,True,NOZZLE SOKO 20XX 1.7X1.7,270.73,25.0
500204970,5,3,0,Y,Increase,ZERO_RECOMMENDATION_OVERRIDE,Medium,0.9,"Source algorithm recommends 0 but the part carries risk (lead time 25d, on-hand 9); protective stock proposed instead of zero.",rules-only,0.2.0-tcb,106.8,False,False,False,False,False,False,False,False,False,False,True,False,False,False,False,False,"COLLET,RUBBER,TIP,4.06X8.13MM",21.36,25.0
500205285,0,0,0,N,Maintain,"NO_RECENT_USAGE,ABANDONED_TOOL,IMPUTED_USAGE_FEATURES",Low,0.65,No recent usage; abandoned tool; imputed usage features.,rules-only,0.2.0-tcb,0.0,False,False,False,False,False,False,True,True,False,False,False,False,False,False,False,True,WATER FILTER SPANNER WRENCH,20.7,20.0
500206182,0,0,0,N,Maintain,"NO_RECENT_USAGE,ABANDONED_TOOL,IMPUTED_USAGE_FEATURES",Low,0.65,No recent usage; abandoned tool; imputed usage features.,rules-only,0.2.0-tcb,0.0,False,False,False,False,False,False,True,True,False,False,False,False,False,False,False,True,"1/2"" Hose Clamp",17.85,15.0
500207208,0,0,0,N,Maintain,"NO_RECENT_USAGE,IMPUTED_USAGE_FEATURES",Low,0.65,No recent usage; imputed usage features.,rules-only,0.2.0-tcb,0.0,False,False,False,False,False,False,True,False,False,False,False,False,False,False,False,True,SPECTRUM VALVE CLAMP,38.16,13.0
500209139,1,1,0,Y,Increase,"NO_RECENT_USAGE,ZERO_RECOMMENDATION_OVERRIDE,AD_HOC_CONSUMPTION_RISK,IMPUTED_USAGE_FEATURES",High,0.65,"Source algorithm recommends 0 but the part carries risk (lead time 70d, on-hand 0); protective stock proposed instead of zero.",rules-only,0.2.0-tcb,10000.0,False,False,False,False,False,False,True,False,False,False,True,True,False,False,False,True,"TCB NOZZLE BDW ULT 2+3 U1,G37465 CVD",10000.0,70.0
500209140,0,0,0,Y,Maintain,"NO_RECENT_USAGE,ABANDONED_TOOL,IMPUTED_USAGE_FEATURES",Medium,0.65,No recent usage; abandoned tool; imputed usage features.,rules-only,0.2.0-tcb,0.0,False,False,False,False,False,False,True,True,False,False,False,False,False,False,False,True,"TCB NOZZLE BDW ULT U2,G37470 CVD",10000.0,55.0
500211453,1,1,0,Y,Increase,"NO_RECENT_USAGE,ZERO_RECOMMENDATION_OVERRIDE,AD_HOC_CONSUMPTION_RISK,IMPUTED_USAGE_FEATURES",Medium,0.65,"Source algorithm recommends 0 but the part carries risk (lead time 75d, on-hand 0); protective stock proposed instead of zero.",rules-only,0.2.0-tcb,685.0,False,False,False,False,False,False,True,False,False,False,True,True,False,False,False,True,(DPA) NOZZLE 20XX RUBBER TIP D4.064,685.0,75.0
500212204,1,1,0,Y,Increase,"NO_RECENT_USAGE,ZERO_RECOMMENDATION_OVERRIDE,AD_HOC_CONSUMPTION_RISK,IMPUTED_USAGE_FEATURES",High,0.65,"Source algorithm recommends 0 but the part carries risk (lead time 80d, on-hand 0); protective stock proposed instead of zero.",rules-only,0.2.0-tcb,82455.5,False,False,False,False,False,False,True,False,False,False,True,True,False,False,False,True,"CAMERA,DIGITAL,INTENSIFIER",82455.5,80.0
500212206,4,3,0,Y,Increase,"HIGH_COST_INCREASE_REVIEW,ZERO_RECOMMENDATION_OVERRIDE,SFM_DISAGREEMENT,MAX_CHANGE_EXCEEDS_THRESHOLD",High,0.8,"Source algorithm recommends 0 but the part carries risk (lead time 33d, on-hand 2); protective stock proposed instead of zero. candidate source proposes 3 vs current 1.",rules-only,0.2.0-tcb,32936.0,False,False,False,True,False,False,False,False,False,False,True,False,False,True,True,False,"DISK,TARGET,ORING,GLOBE",8234.0,33.0
500212210,4,3,0,Y,Increase,"HIGH_COST_INCREASE_REVIEW,ZERO_RECOMMENDATION_OVERRIDE,SFM_DISAGREEMENT,MAX_CHANGE_EXCEEDS_THRESHOLD",High,0.8,"Source algorithm recommends 0 but the part carries risk (lead time 33d, on-hand 1); protective stock proposed instead of zero. candidate source proposes 2 vs current 1.",rules-only,0.2.0-tcb,26560.0,False,False,False,True,False,False,False,False,False,False,True,False,False,True,True,False,"FILAMENT,TUNGSTEN,CATHODE",6640.0,33.0
500212211,0,0,0,Y,Maintain,"NO_RECENT_USAGE,ABANDONED_TOOL,IMPUTED_USAGE_FEATURES",Medium,0.65,No recent usage; abandoned tool; imputed usage features.,rules-only,0.2.0-tcb,0.0,False,False,False,False,False,False,True,True,False,False,False,False,False,False,False,True,"GAUGE,VACUUM",7570.0,33.0
500212227,0,0,0,N,Maintain,"NO_RECENT_USAGE,IMPUTED_USAGE_FEATURES",Low,0.65,No recent usage; imputed usage features.,rules-only,0.2.0-tcb,0.0,False,False,False,False,False,False,True,False,False,False,False,False,False,False,False,True,"SENSOR,PHOTO",253.0,33.0
500212232,0,0,0,N,Maintain,"NO_RECENT_USAGE,IMPUTED_USAGE_FEATURES",Low,0.65,No recent usage; imputed usage features.,rules-only,0.2.0-tcb,0.0,False,False,False,False,False,False,True,False,False,False,False,False,False,False,False,True,"SWITCH,2,SAFETY,DOOR",343.0,33.0
500212235,0,0,0,Y,Maintain,"NO_RECENT_USAGE,ABANDONED_TOOL,IMPUTED_USAGE_FEATURES",Medium,0.65,No recent usage; abandoned tool; imputed usage features.,rules-only,0.2.0-tcb,0.0,False,False,False,False,False,False,True,True,False,False,False,False,False,False,False,True,CONTROLLER FOR OUTPUT VOLTAGE TO AN XRAY,111260.0,33.0
500212256,0,0,0,Y,Maintain,"NO_RECENT_USAGE,ABANDONED_TOOL,IMPUTED_USAGE_FEATURES",Medium,0.65,No recent usage; abandoned tool; imputed usage features.,rules-only,0.2.0-tcb,0.0,False,False,False,False,False,False,True,True,False,False,False,False,False,False,False,True,NOZZLE CVD 1322X0582-B-P-S-05,10000.0,25.0
500212257,1,1,0,Y,Increase,"NO_RECENT_USAGE,ZERO_RECOMMENDATION_OVERRIDE,AD_HOC_CONSUMPTION_RISK,IMPUTED_USAGE_FEATURES",Medium,0.65,"Source algorithm recommends 0 but the part carries risk (lead time 84d, on-hand 0); protective stock proposed instead of zero.",rules-only,0.2.0-tcb,1200.0,False,False,False,False,False,False,True,False,False,False,True,True,False,False,False,True,PEDESTAL CONVERSION TOOL ASSY,1200.0,84.0
500212770,1,1,0,Y,Increase,"LONG_LEAD_TIME_ZERO_STOCK,IMPUTED_USAGE_FEATURES",Medium,0.65,Dormant with a 70-day lead time — excluded from auto-clear.,rules-only,0.2.0-tcb,1974.47,False,False,False,False,False,False,False,False,False,False,False,False,True,False,False,True,CAP SENSOR MOTOR ASSY,1974.47,70.0
500214051,0,0,0,N,Maintain,"NO_RECENT_USAGE,IMPUTED_USAGE_FEATURES",Low,0.65,No recent usage; imputed usage features.,rules-only,0.2.0-tcb,0.0,False,False,False,False,False,False,True,False,False,False,False,False,False,False,False,True,PULLEY2 CLAMPTOR,22.5,25.0
500214054,1,1,0,Y,Increase,"NO_RECENT_USAGE,ZERO_RECOMMENDATION_OVERRIDE,AD_HOC_CONSUMPTION_RISK,IMPUTED_USAGE_FEATURES",Medium,0.65,"Source algorithm recommends 0 but the part carries risk (lead time 75d, on-hand 1); protective stock proposed instead of zero.",rules-only,0.2.0-tcb,494.1,False,False,False,False,False,False,True,False,False,False,True,True,False,False,False,True,BALL SCREW PULLEY,494.1,75.0
500214059,0,0,0,N,Maintain,"NO_RECENT_USAGE,IMPUTED_USAGE_FEATURES",Low,0.65,No recent usage; imputed usage features.,rules-only,0.2.0-tcb,0.0,False,False,False,False,False,False,True,False,False,False,False,False,False,False,False,True,Y MOTOR PULLEY,88.2,25.0
500214132,1,1,0,Y,Increase,"NO_RECENT_USAGE,ZERO_RECOMMENDATION_OVERRIDE,AD_HOC_CONSUMPTION_RISK,IMPUTED_USAGE_FEATURES",Medium,0.65,"Source algorithm recommends 0 but the part carries risk (lead time 75d, on-hand 2); protective stock proposed instead of zero.",rules-only,0.2.0-tcb,719.12,False,False,False,False,False,False,True,False,False,False,True,True,False,False,False,True,TIMING PULLEY ST126AT10/30-2,719.12,75.0
500218161,1,1,0,Y,Increase,"NO_RECENT_USAGE,ZERO_RECOMMENDATION_OVERRIDE,AD_HOC_CONSUMPTION_RISK,IMPUTED_USAGE_FEATURES",Medium,0.65,"Source algorithm recommends 0 but the part carries risk (lead time 95d, on-hand 0); protective stock proposed instead of zero.",rules-only,0.2.0-tcb,557.5,False,False,False,False,False,False,True,False,False,False,True,True,False,False,False,True,CALIBRATIION GLASS 22X33X2.3(MM),557.5,95.0
500218162,1,1,0,Y,Increase,"NO_RECENT_USAGE,ZERO_RECOMMENDATION_OVERRIDE,AD_HOC_CONSUMPTION_RISK,IMPUTED_USAGE_FEATURES",Medium,0.65,"Source algorithm recommends 0 but the part carries risk (lead time 75d, on-hand 0); protective stock proposed instead of zero.",rules-only,0.2.0-tcb,1197.0,False,False,False,False,False,False,True,False,False,False,True,True,False,False,False,True,"CALIBRATION GLASS ""BASE"" 66X66X2.3 (MM)",1197.0,75.0
500218163,0,0,0,N,Maintain,"NO_RECENT_USAGE,ABANDONED_TOOL,IMPUTED_USAGE_FEATURES",Low,0.65,No recent usage; abandoned tool; imputed usage features.,rules-only,0.2.0-tcb,0.0,False,False,False,False,False,False,True,True,False,False,False,False,False,False,False,True,USB PCIE CONTROLLER CARD,622.37,48.0
500218164,0,0,0,Y,Maintain,"NO_RECENT_USAGE,ABANDONED_TOOL,IMPUTED_USAGE_FEATURES",Medium,0.65,No recent usage; abandoned tool; imputed usage features.,rules-only,0.2.0-tcb,0.0,False,False,False,False,False,False,True,True,False,False,False,False,False,False,False,True,"CAMERA, DDLO, WD20, CABLE-REAR",4382.27,15.0
500218165,0,0,0,Y,Maintain,"NO_RECENT_USAGE,ABANDONED_TOOL,IMPUTED_USAGE_FEATURES",Medium,0.65,No recent usage; abandoned tool; imputed usage features.,rules-only,0.2.0-tcb,0.0,False,False,False,False,False,False,True,True,False,False,False,False,False,False,False,True,"CAMERA, DDLO, WD20, CABLE-SIDE",4382.27,15.0
500218166,0,0,0,N,Maintain,NO_RECENT_USAGE,Low,0.8,No recent usage.,rules-only,0.2.0-tcb,0.0,False,False,False,False,False,False,True,False,False,False,False,False,False,False,False,False,N2 SUPPLY 1 SWITCH SOL,180.22,25.0
500218171,0,0,0,N,Maintain,"NO_RECENT_USAGE,IMPUTED_USAGE_FEATURES",Low,0.65,No recent usage; imputed usage features.,rules-only,0.2.0-tcb,0.0,False,False,False,False,False,False,True,False,False,False,False,False,False,False,False,True,N2 SUPPLY 2 SWITCH SOL,180.22,15.0
500218172,0,0,0,Y,Maintain,"NO_RECENT_USAGE,ABANDONED_TOOL,IMPUTED_USAGE_FEATURES",Medium,0.65,No recent usage; abandoned tool; imputed usage features.,rules-only,0.2.0-tcb,0.0,False,False,False,False,False,False,True,True,False,False,False,False,False,False,False,True,"CABLE,OXYGEN,MONITORING,SYSTEM,ASSEMBLY",4005.0,15.0
500218174,5,4,0,Y,Increase,"SFM_DISAGREEMENT,MAX_CHANGE_EXCEEDS_THRESHOLD",Medium,0.8,Candidate source proposes 3 vs current 1.,rules-only,0.2.0-tcb,2880.0,False,False,False,False,False,False,False,False,False,False,False,False,False,True,True,False,"OMRON X900 OIL, ROTARY PUMP",576.0,35.0
500219251,1,1,0,Y,Increase,"NO_RECENT_USAGE,ZERO_RECOMMENDATION_OVERRIDE,AD_HOC_CONSUMPTION_RISK,IMPUTED_USAGE_FEATURES",High,0.65,"Source algorithm recommends 0 but the part carries risk (lead time 105d, on-hand 0); protective stock proposed instead of zero.",rules-only,0.2.0-tcb,10000.0,False,False,False,False,False,False,True,False,False,False,True,True,False,False,False,True,NOZZLE CVD 1007X0877-B-P-S-05,10000.0,105.0
500219695,0,0,0,N,Maintain,"NO_RECENT_USAGE,ABANDONED_TOOL,IMPUTED_USAGE_FEATURES",Low,0.65,No recent usage; abandoned tool; imputed usage features.,rules-only,0.2.0-tcb,0.0,False,False,False,False,False,False,True,True,False,False,False,False,False,False,False,True,PLC BATTERY,169.0,36.0
500219697,1,1,0,Y,Maintain,"NO_RECENT_USAGE,ZERO_RECOMMENDATION_OVERRIDE,SFM_DISAGREEMENT,IMPUTED_USAGE_FEATURES",Medium,0.55,"Source algorithm recommends 0 but the part carries risk (lead time 33d, on-hand 1); protective stock proposed instead of zero. candidate source proposes 0 vs current 1.",rules-only,0.2.0-tcb,1274.0,False,False,False,False,False,False,True,False,False,False,True,False,False,True,False,True,"BATTERY,UPS,PACK,1",1274.0,33.0
500219698,0,0,0,Y,Maintain,"NO_RECENT_USAGE,ABANDONED_TOOL",Medium,0.8,No recent usage; abandoned tool.,rules-only,0.2.0-tcb,0.0,False,False,False,False,False,False,True,True,False,False,False,False,False,False,False,False,"BATTERY,UPS,PACK,2",2524.0,33.0
500219733,0,0,0,N,Maintain,"NO_RECENT_USAGE,IMPUTED_USAGE_FEATURES",Low,0.65,No recent usage; imputed usage features.,rules-only,0.2.0-tcb,0.0,False,False,False,False,False,False,True,False,False,False,False,False,False,False,False,True,"MOTOR,STA,COS,SVR,STA-R,THETA,ASSEMBLY",742.52,15.0
500219734,0,0,0,N,Maintain,"NO_RECENT_USAGE,ABANDONED_TOOL,IMPUTED_USAGE_FEATURES",Low,0.65,No recent usage; abandoned tool; imputed usage features.,rules-only,0.2.0-tcb,0.0,False,False,False,False,False,False,True,True,False,False,False,False,False,False,False,True,A/C BALL BEARING 10 X 26 X 8 C9,77.4,25.0
500219735,0,0,0,N,Maintain,"NO_RECENT_USAGE,ABANDONED_TOOL,IMPUTED_USAGE_FEATURES",Low,0.65,No recent usage; abandoned tool; imputed usage features.,rules-only,0.2.0-tcb,0.0,False,False,False,False,False,False,True,True,False,False,False,False,False,False,False,True,SOC HD CAP SCREW M3X10 ALLOY ST NI PLT,0.9,25.0
500219736,1,1,0,Y,Increase,"NO_RECENT_USAGE,ZERO_RECOMMENDATION_OVERRIDE,AD_HOC_CONSUMPTION_RISK,IMPUTED_USAGE_FEATURES",Medium,0.65,"Source algorithm recommends 0 but the part carries risk (lead time 115d, on-hand 0); protective stock proposed instead of zero.",rules-only,0.2.0-tcb,1074.94,False,False,False,False,False,False,True,False,False,False,True,True,False,False,False,True,"B-SCREW 10-10X78.5X26D38, P-C3",1074.94,115.0
500219737,0,0,0,N,Maintain,"NO_RECENT_USAGE,ABANDONED_TOOL,IMPUTED_USAGE_FEATURES",Low,0.65,No recent usage; abandoned tool; imputed usage features.,rules-only,0.2.0-tcb,0.0,False,False,False,False,False,False,True,True,False,False,False,False,False,False,False,True,LM GUIDE HSR10R2UUC1M+120LSPM-II,1420.57,25.0
500219738,0,0,0,N,Maintain,"NO_RECENT_USAGE,ABANDONED_TOOL,IMPUTED_USAGE_FEATURES",Low,0.65,No recent usage; abandoned tool; imputed usage features.,rules-only,0.2.0-tcb,0.0,False,False,False,False,False,False,True,True,False,False,False,False,False,False,False,True,BEARING COVER,2.7,25.0
500219739,1,1,0,Y,Increase,"NO_RECENT_USAGE,LONG_LEAD_TIME_ZERO_STOCK,IMPUTED_USAGE_FEATURES",Medium,0.65,Dormant with a 90-day lead time — excluded from auto-clear.,rules-only,0.2.0-tcb,24.3,False,False,False,False,False,False,True,False,False,False,False,False,True,False,False,True,STZ MOTOR MOUNT,24.3,90.0
500219740,0,0,0,N,Maintain,"NO_RECENT_USAGE,ABANDONED_TOOL,IMPUTED_USAGE_FEATURES",Low,0.65,No recent usage; abandoned tool; imputed usage features.,rules-only,0.2.0-tcb,0.0,False,False,False,False,False,False,True,True,False,False,False,False,False,False,False,True,STA Z PLATE,180.0,25.0
500219741,0,0,0,N,Maintain,"NO_RECENT_USAGE,ABANDONED_TOOL,IMPUTED_USAGE_FEATURES",Low,0.65,No recent usage; abandoned tool; imputed usage features.,rules-only,0.2.0-tcb,0.0,False,False,False,False,False,False,True,True,False,False,False,False,False,False,False,True,NUT HOLDER MIRROR,52.06,25.0
500219742,0,0,0,N,Maintain,"NO_RECENT_USAGE,ABANDONED_TOOL,IMPUTED_USAGE_FEATURES",Low,0.65,No recent usage; abandoned tool; imputed usage features.,rules-only,0.2.0-tcb,0.0,False,False,False,False,False,False,True,True,False,False,False,False,False,False,False,True,SPRING HOLDING SHAFT,9.9,25.0
500219743,1,1,0,Y,Increase,"NO_RECENT_USAGE,LONG_LEAD_TIME_ZERO_STOCK,IMPUTED_USAGE_FEATURES",Medium,0.65,Dormant with a 70-day lead time — excluded from auto-clear.,rules-only,0.2.0-tcb,296.1,False,False,False,False,False,False,True,False,False,False,False,False,True,False,False,True,STA-R Z MOTOR MOUNT,296.1,70.0
500219744,0,0,0,N,Maintain,"NO_RECENT_USAGE,ABANDONED_TOOL,IMPUTED_USAGE_FEATURES",Low,0.65,No recent usage; abandoned tool; imputed usage features.,rules-only,0.2.0-tcb,0.0,False,False,False,False,False,False,True,True,False,False,False,False,False,False,False,True,(EW) M10X1 NUT 2,1.8,25.0
500219745,0,0,0,N,Maintain,"NO_RECENT_USAGE,ABANDONED_TOOL,IMPUTED_USAGE_FEATURES",Low,0.65,No recent usage; abandoned tool; imputed usage features.,rules-only,0.2.0-tcb,0.0,False,False,False,False,False,False,True,True,False,False,False,False,False,False,False,True,Z MOTOR PULLEY MOUNT R,36.0,25.0
500219746,0,0,0,N,Maintain,"NO_RECENT_USAGE,IMPUTED_USAGE_FEATURES",Low,0.65,No recent usage; imputed usage features.,rules-only,0.2.0-tcb,0.0,False,False,False,False,False,False,True,False,False,False,False,False,False,False,False,True,PULLEY,23.62,48.0
500219747,0,0,0,N,Maintain,"NO_RECENT_USAGE,IMPUTED_USAGE_FEATURES",Low,0.65,No recent usage; imputed usage features.,rules-only,0.2.0-tcb,0.0,False,False,False,False,False,False,True,False,False,False,False,False,False,False,False,True,"PULLEY,30,STA-L",34.84,25.0
500219748,0,0,0,N,Maintain,"NO_RECENT_USAGE,IMPUTED_USAGE_FEATURES",Low,0.65,No recent usage; imputed usage features.,rules-only,0.2.0-tcb,0.0,False,False,False,False,False,False,True,False,False,False,False,False,False,False,False,True,PICKHEAD INTERFACE ASSY,445.35,15.0
500219749,0,0,0,N,Maintain,"NO_RECENT_USAGE,ABANDONED_TOOL,IMPUTED_USAGE_FEATURES",Low,0.65,No recent usage; abandoned tool; imputed usage features.,rules-only,0.2.0-tcb,0.0,False,False,False,False,False,False,True,True,False,False,False,False,False,False,False,True,PICKHEAD INTERFACE SHAFT,80.1,25.0
500219750,0,0,0,N,Maintain,"NO_RECENT_USAGE,ABANDONED_TOOL,IMPUTED_USAGE_FEATURES",Low,0.65,No recent usage; abandoned tool; imputed usage features.,rules-only,0.2.0-tcb,0.0,False,False,False,False,False,False,True,True,False,False,False,False,False,False,False,True,DOWEL PIN D3 X L15,1.35,25.0
500219751,0,0,0,N,Maintain,"NO_RECENT_USAGE,IMPUTED_USAGE_FEATURES",Low,0.65,No recent usage; imputed usage features.,rules-only,0.2.0-tcb,0.0,False,False,False,False,False,False,True,False,False,False,False,False,False,False,False,True,MOD IDLER ASSY,79.29,25.0
500219752,0,0,0,N,Maintain,"NO_RECENT_USAGE,ABANDONED_TOOL,IMPUTED_USAGE_FEATURES",Low,0.65,No recent usage; abandoned tool; imputed usage features.,rules-only,0.2.0-tcb,0.0,False,False,False,False,False,False,True,True,False,False,False,False,False,False,False,True,PICKHEAD INTERFACE PLATE ASSY,414.9,25.0
500219753,0,0,0,Y,Maintain,"NO_RECENT_USAGE,ABANDONED_TOOL,IMPUTED_USAGE_FEATURES",Medium,0.65,No recent usage; abandoned tool; imputed usage features.,rules-only,0.2.0-tcb,0.0,False,False,False,False,False,False,True,True,False,False,False,False,False,False,False,True,MEDIA BUFFER HANDLER V2 (MBH),34146.9,25.0
500219754,1,1,0,Y,Increase,"NO_RECENT_USAGE,ZERO_RECOMMENDATION_OVERRIDE,AD_HOC_CONSUMPTION_RISK,IMPUTED_USAGE_FEATURES",Medium,0.65,"Source algorithm recommends 0 but the part carries risk (lead time 70d, on-hand 0); protective stock proposed instead of zero.",rules-only,0.2.0-tcb,21.6,False,False,False,False,False,False,True,False,False,False,True,True,False,False,False,True,DIN MOUNTING RAIL NS35 (30MM),21.6,70.0
500219755,0,0,0,N,Maintain,"NO_RECENT_USAGE,ABANDONED_TOOL,IMPUTED_USAGE_FEATURES",Low,0.65,No recent usage; abandoned tool; imputed usage features.,rules-only,0.2.0-tcb,0.0,False,False,False,False,False,False,True,True,False,False,False,False,False,False,False,True,E-CHAIN MOUNTING Z FIXEND(R),88.2,25.0
500219756,0,0,0,N,Maintain,"NO_RECENT_USAGE,ABANDONED_TOOL,IMPUTED_USAGE_FEATURES",Low,0.65,No recent usage; abandoned tool; imputed usage features.,rules-only,0.2.0-tcb,0.0,False,False,False,False,False,False,True,True,False,False,False,False,False,False,False,True,CABLE SUPPORT(R),30.6,25.0
500219757,0,0,0,N,Maintain,"NO_RECENT_USAGE,ABANDONED_TOOL,IMPUTED_USAGE_FEATURES",Low,0.65,No recent usage; abandoned tool; imputed usage features.,rules-only,0.2.0-tcb,0.0,False,False,False,False,False,False,True,True,False,False,False,False,False,False,False,True,E-CHAIN MOUNTING Z MOVING(R),9.0,25.0
500219758,1,1,0,Y,Increase,"NO_RECENT_USAGE,ZERO_RECOMMENDATION_OVERRIDE,AD_HOC_CONSUMPTION_RISK,IMPUTED_USAGE_FEATURES",Medium,0.65,"Source algorithm recommends 0 but the part carries risk (lead time 70d, on-hand 0); protective stock proposed instead of zero.",rules-only,0.2.0-tcb,77.4,False,False,False,False,False,False,True,False,False,False,True,True,False,False,False,True,E-CHAIN MOUNTING Y FIXEND(R),77.4,70.0
500219759,0,0,0,N,Maintain,"NO_RECENT_USAGE,ABANDONED_TOOL,IMPUTED_USAGE_FEATURES",Low,0.65,No recent usage; abandoned tool; imputed usage features.,rules-only,0.2.0-tcb,0.0,False,False,False,False,False,False,True,True,False,False,False,False,False,False,False,True,E-CHAIN MOUNTING Y MOVING(R),48.6,25.0
500219760,1,1,0,Y,Increase,"NO_RECENT_USAGE,ZERO_RECOMMENDATION_OVERRIDE,AD_HOC_CONSUMPTION_RISK,IMPUTED_USAGE_FEATURES",Medium,0.65,"Source algorithm recommends 0 but the part carries risk (lead time 70d, on-hand 0); protective stock proposed instead of zero.",rules-only,0.2.0-tcb,99.9,False,False,False,False,False,False,True,False,False,False,True,True,False,False,False,True,E-CHAIN COVER(R),99.9,70.0
500219761,1,1,0,Y,Increase,"NO_RECENT_USAGE,ZERO_RECOMMENDATION_OVERRIDE,AD_HOC_CONSUMPTION_RISK,IMPUTED_USAGE_FEATURES",Medium,0.65,"Source algorithm recommends 0 but the part carries risk (lead time 70d, on-hand 0); protective stock proposed instead of zero.",rules-only,0.2.0-tcb,62.1,False,False,False,False,False,False,True,False,False,False,True,True,False,False,False,True,CONNECTOR MOUNTING (X),62.1,70.0
500219762,1,1,0,Y,Increase,"NO_RECENT_USAGE,ZERO_RECOMMENDATION_OVERRIDE,AD_HOC_CONSUMPTION_RISK,IMPUTED_USAGE_FEATURES",Medium,0.65,"Source algorithm recommends 0 but the part carries risk (lead time 70d, on-hand 0); protective stock proposed instead of zero.",rules-only,0.2.0-tcb,100.8,False,False,False,False,False,False,True,False,False,False,True,True,False,False,False,True,E-CHAIN MOUNTING Z FIXEND(L),100.8,70.0
500219763,1,1,0,Y,Increase,"NO_RECENT_USAGE,ZERO_RECOMMENDATION_OVERRIDE,AD_HOC_CONSUMPTION_RISK,IMPUTED_USAGE_FEATURES",Medium,0.65,"Source algorithm recommends 0 but the part carries risk (lead time 70d, on-hand 0); protective stock proposed instead of zero.",rules-only,0.2.0-tcb,9.0,False,False,False,False,False,False,True,False,False,False,True,True,False,False,False,True,E-CHAIN MOUNTING Z MOVING(L),9.0,70.0
500219764,1,1,0,Y,Increase,"NO_RECENT_USAGE,ZERO_RECOMMENDATION_OVERRIDE,AD_HOC_CONSUMPTION_RISK,IMPUTED_USAGE_FEATURES",Medium,0.65,"Source algorithm recommends 0 but the part carries risk (lead time 70d, on-hand 0); protective stock proposed instead of zero.",rules-only,0.2.0-tcb,28.8,False,False,False,False,False,False,True,False,False,False,True,True,False,False,False,True,CABLE SUPPORT(L),28.8,70.0
500219765,1,1,0,Y,Increase,"NO_RECENT_USAGE,ZERO_RECOMMENDATION_OVERRIDE,AD_HOC_CONSUMPTION_RISK,IMPUTED_USAGE_FEATURES",Medium,0.65,"Source algorithm recommends 0 but the part carries risk (lead time 70d, on-hand 0); protective stock proposed instead of zero.",rules-only,0.2.0-tcb,75.6,False,False,False,False,False,False,True,False,False,False,True,True,False,False,False,True,E-CHAIN MOUNTING Y MOVING(L),75.6,70.0
500219766,0,0,0,N,Maintain,"NO_RECENT_USAGE,ABANDONED_TOOL,IMPUTED_USAGE_FEATURES",Low,0.65,No recent usage; abandoned tool; imputed usage features.,rules-only,0.2.0-tcb,0.0,False,False,False,False,False,False,True,True,False,False,False,False,False,False,False,True,E-CHAIN MOUNTING Y FIXEND(L),95.4,25.0
500219767,1,1,0,Y,Increase,"NO_RECENT_USAGE,ZERO_RECOMMENDATION_OVERRIDE,AD_HOC_CONSUMPTION_RISK,IMPUTED_USAGE_FEATURES",Medium,0.65,"Source algorithm recommends 0 but the part carries risk (lead time 70d, on-hand 0); protective stock proposed instead of zero.",rules-only,0.2.0-tcb,112.5,False,False,False,False,False,False,True,False,False,False,True,True,False,False,False,True,E-CHAIN COVER(I),112.5,70.0
500219768,1,1,0,Y,Increase,"NO_RECENT_USAGE,ZERO_RECOMMENDATION_OVERRIDE,AD_HOC_CONSUMPTION_RISK,IMPUTED_USAGE_FEATURES",Medium,0.65,"Source algorithm recommends 0 but the part carries risk (lead time 70d, on-hand 0); protective stock proposed instead of zero.",rules-only,0.2.0-tcb,68.4,False,False,False,False,False,False,True,False,False,False,True,True,False,False,False,True,E-CHAIN SUPPORT Z MOVING(L&R),68.4,70.0
500219769,0,0,0,N,Maintain,"NO_RECENT_USAGE,ABANDONED_TOOL,IMPUTED_USAGE_FEATURES",Low,0.65,No recent usage; abandoned tool; imputed usage features.,rules-only,0.2.0-tcb,0.0,False,False,False,False,False,False,True,True,False,False,False,False,False,False,False,True,E-CHAIN SUPPORT Z FIXEND(L),63.9,25.0
500219770,0,0,0,N,Maintain,"NO_RECENT_USAGE,ABANDONED_TOOL,IMPUTED_USAGE_FEATURES",Low,0.65,No recent usage; abandoned tool; imputed usage features.,rules-only,0.2.0-tcb,0.0,False,False,False,False,False,False,True,True,False,False,False,False,False,False,False,True,CLAMP 1,20.7,25.0
500219771,1,1,0,Y,Increase,"NO_RECENT_USAGE,ZERO_RECOMMENDATION_OVERRIDE,AD_HOC_CONSUMPTION_RISK,IMPUTED_USAGE_FEATURES",Medium,0.65,"Source algorithm recommends 0 but the part carries risk (lead time 70d, on-hand 0); protective stock proposed instead of zero.",rules-only,0.2.0-tcb,9.9,False,False,False,False,False,False,True,False,False,False,True,True,False,False,False,True,CLAMP 2,9.9,70.0
500219772,1,1,0,Y,Increase,"NO_RECENT_USAGE,ZERO_RECOMMENDATION_OVERRIDE,AD_HOC_CONSUMPTION_RISK,IMPUTED_USAGE_FEATURES",Medium,0.65,"Source algorithm recommends 0 but the part carries risk (lead time 70d, on-hand 0); protective stock proposed instead of zero.",rules-only,0.2.0-tcb,164.7,False,False,False,False,False,False,True,False,False,False,True,True,False,False,False,True,E-CHAIN MOUNTING SUPPORT L,164.7,70.0
500219773,0,0,0,N,Maintain,"NO_RECENT_USAGE,ABANDONED_TOOL,IMPUTED_USAGE_FEATURES",Low,0.65,No recent usage; abandoned tool; imputed usage features.,rules-only,0.2.0-tcb,0.0,False,False,False,False,False,False,True,True,False,False,False,False,False,False,False,True,E-CHAIN MOUNTING SUPPORT R,154.8,25.0
500219774,1,1,0,Y,Increase,"NO_RECENT_USAGE,ZERO_RECOMMENDATION_OVERRIDE,AD_HOC_CONSUMPTION_RISK,IMPUTED_USAGE_FEATURES",Medium,0.65,"Source algorithm recommends 0 but the part carries risk (lead time 70d, on-hand 0); protective stock proposed instead of zero.",rules-only,0.2.0-tcb,73.8,False,False,False,False,False,False,True,False,False,False,True,True,False,False,False,True,E-CHAIN SUPPORT Z MOVING(L),73.8,70.0
500219775,0,0,0,Y,Maintain,"NO_RECENT_USAGE,ABANDONED_TOOL,IMPUTED_USAGE_FEATURES",Medium,0.65,No recent usage; abandoned tool; imputed usage features.,rules-only,0.2.0-tcb,0.0,False,False,False,False,False,False,True,True,False,False,False,False,False,False,False,True,MEDIA BUFFER TABLE (MBT),17505.9,25.0
500219776,0,0,0,N,Maintain,"NO_RECENT_USAGE,ABANDONED_TOOL,IMPUTED_USAGE_FEATURES",Low,0.65,No recent usage; abandoned tool; imputed usage features.,rules-only,0.2.0-tcb,0.0,False,False,False,False,False,False,True,True,False,False,False,False,False,False,False,True,MBH Y SNR FLAG,20.7,25.0
500219777,0,0,0,N,Maintain,"NO_RECENT_USAGE,ABANDONED_TOOL,IMPUTED_USAGE_FEATURES",Low,0.65,No recent usage; abandoned tool; imputed usage features.,rules-only,0.2.0-tcb,0.0,False,False,False,False,False,False,True,True,False,False,False,False,False,False,False,True,MBH Z SNR FLAG,8.1,25.0
500219778,0,0,0,N,Maintain,"NO_RECENT_USAGE,IMPUTED_USAGE_FEATURES",Low,0.65,No recent usage; imputed usage features.,rules-only,0.2.0-tcb,0.0,False,False,False,False,False,False,True,False,False,False,False,False,False,False,False,True,(WC) Z- BRAKE SHAFT ASSY,281.15,25.0
500219779,0,0,0,N,Maintain,"NO_RECENT_USAGE,IMPUTED_USAGE_FEATURES",Low,0.65,No recent usage; imputed usage features.,rules-only,0.2.0-tcb,0.0,False,False,False,False,False,False,True,False,False,False,False,False,False,False,False,True,PARALLEL KEY B2 X H2 X L10,4.8,25.0
500219780,0,0,0,N,Maintain,"NO_RECENT_USAGE,ABANDONED_TOOL,IMPUTED_USAGE_FEATURES",Low,0.65,No recent usage; abandoned tool; imputed usage features.,rules-only,0.2.0-tcb,0.0,False,False,False,False,False,False,True,True,False,False,False,False,False,False,False,True,A/C BALL BEARING 10 X 26 X 8 C7 NSK,91.35,25.0
500219781,0,0,0,N,Maintain,"NO_RECENT_USAGE,IMPUTED_USAGE_FEATURES",Low,0.65,No recent usage; imputed usage features.,rules-only,0.2.0-tcb,0.0,False,False,False,False,False,False,True,False,False,False,False,False,False,False,False,True,"SPACER,BEARING,OD13XID10,W1,WC,ZBRAKE",15.3,25.0
500219782,0,0,0,N,Maintain,"NO_RECENT_USAGE,ABANDONED_TOOL,IMPUTED_USAGE_FEATURES",Low,0.65,No recent usage; abandoned tool; imputed usage features.,rules-only,0.2.0-tcb,0.0,False,False,False,False,False,False,True,True,False,False,False,False,False,False,False,True,(WC) BRAKE SHAFT SPACER,3.6,55.0
500219783,0,0,0,N,Maintain,"NO_RECENT_USAGE,ABANDONED_TOOL,IMPUTED_USAGE_FEATURES",Low,0.65,No recent usage; abandoned tool; imputed usage features.,rules-only,0.2.0-tcb,0.0,False,False,False,False,False,False,True,True,False,False,False,False,False,False,False,True,(WC) BEARING COVER B26,7.2,25.0
500219784,0,0,0,N,Maintain,"NO_RECENT_USAGE,IMPUTED_USAGE_FEATURES",Low,0.65,No recent usage; imputed usage features.,rules-only,0.2.0-tcb,0.0,False,False,False,False,False,False,True,False,False,False,False,False,False,False,False,True,"BELT,9MM,PARTS,ASSEMBLY,MBH,",185.4,55.0
500219785,0,0,0,N,Maintain,"NO_RECENT_USAGE,ABANDONED_TOOL,IMPUTED_USAGE_FEATURES",Low,0.65,No recent usage; abandoned tool; imputed usage features.,rules-only,0.2.0-tcb,0.0,False,False,False,False,False,False,True,True,False,False,False,False,False,False,False,True,RETAINING RING FOR DIA 8MM STW-8,0.9,25.0
500219786,0,0,0,N,Maintain,NO_RECENT_USAGE,Low,0.8,No recent usage.,rules-only,0.2.0-tcb,0.0,False,False,False,False,False,False,True,False,False,False,False,False,False,False,False,False,"NUT,LOCK,800-90036,WBK10L-01,WC,ZBRAKE",11.25,55.0
500219787,1,1,0,Y,Increase,"NO_RECENT_USAGE,ZERO_RECOMMENDATION_OVERRIDE,AD_HOC_CONSUMPTION_RISK,IMPUTED_USAGE_FEATURES",Medium,0.65,"Source algorithm recommends 0 but the part carries risk (lead time 75d, on-hand 2); protective stock proposed instead of zero.",rules-only,0.2.0-tcb,81.0,False,False,False,False,False,False,True,False,False,False,True,True,False,False,False,True,(WC) Z- BRAKE SHAFT,81.0,75.0
500219788,0,0,0,N,Maintain,"NO_RECENT_USAGE,IMPUTED_USAGE_FEATURES",Low,0.65,No recent usage; imputed usage features.,rules-only,0.2.0-tcb,0.0,False,False,False,False,False,False,True,False,False,False,False,False,False,False,False,True,ROLLER CLUTCH FCB-8 8X14X20,19.22,25.0
500219789,1,1,0,Y,Increase,"NO_RECENT_USAGE,ZERO_RECOMMENDATION_OVERRIDE,AD_HOC_CONSUMPTION_RISK,IMPUTED_USAGE_FEATURES",Medium,0.65,"Source algorithm recommends 0 but the part carries risk (lead time 90d, on-hand 2); protective stock proposed instead of zero.",rules-only,0.2.0-tcb,83.7,False,False,False,False,False,False,True,False,False,False,True,True,False,False,False,True,"PULLEY,BRAKE,1,MBH",83.7,90.0
500219790,0,0,0,Y,Maintain,"NO_RECENT_USAGE,ABANDONED_TOOL,IMPUTED_USAGE_FEATURES",Medium,0.65,No recent usage; abandoned tool; imputed usage features.,rules-only,0.2.0-tcb,0.0,False,False,False,False,False,False,True,True,False,False,False,False,False,False,False,True,MEDIA BUFFER V2 (MB),12630.6,25.0
500219791,0,0,0,N,Maintain,"NO_RECENT_USAGE,ABANDONED_TOOL,IMPUTED_USAGE_FEATURES",Low,0.65,No recent usage; abandoned tool; imputed usage features.,rules-only,0.2.0-tcb,0.0,False,False,False,False,False,False,True,True,False,False,False,False,False,False,False,True,MBH BRAKE PULLEY,83.7,25.0
500219792,0,0,0,Y,Maintain,"NO_RECENT_USAGE,ABANDONED_TOOL,IMPUTED_USAGE_FEATURES",Medium,0.65,No recent usage; abandoned tool; imputed usage features.,rules-only,0.2.0-tcb,0.0,False,False,False,False,False,False,True,True,False,False,False,False,False,False,False,True,MB FRONT PLATE ASSY,9977.4,25.0
500219793,0,0,0,N,Maintain,"NO_RECENT_USAGE,ABANDONED_TOOL,IMPUTED_USAGE_FEATURES",Low,0.65,No recent usage; abandoned tool; imputed usage features.,rules-only,0.2.0-tcb,0.0,False,False,False,False,False,False,True,True,False,False,False,False,False,False,False,True,"MOTOR,CONVEYOR,3RDLAYER,MBH",195.44,15.0
500219794,1,1,0,Y,Maintain,"NO_RECENT_USAGE,ZERO_RECOMMENDATION_OVERRIDE,SFM_DISAGREEMENT",Medium,0.7,"Source algorithm recommends 0 but the part carries risk (lead time 15d, on-hand 1); protective stock proposed instead of zero. candidate source proposes 0 vs current 1.",rules-only,0.2.0-tcb,195.44,False,False,False,False,False,False,True,False,False,False,True,False,False,True,False,False,MBH  2ND LAYER CONVEYOR MTR ASSY,195.44,15.0
500219795,0,0,0,N,Maintain,"NO_RECENT_USAGE,IMPUTED_USAGE_FEATURES",Low,0.65,No recent usage; imputed usage features.,rules-only,0.2.0-tcb,0.0,False,False,False,False,False,False,True,False,False,False,False,False,False,False,False,True,MBH 4TH LAYER CONVEYOR MTR ASSY,198.64,15.0
500219796,0,0,0,N,Maintain,"NO_RECENT_USAGE,ABANDONED_TOOL,IMPUTED_USAGE_FEATURES",Low,0.65,No recent usage; abandoned tool; imputed usage features.,rules-only,0.2.0-tcb,0.0,False,False,False,False,False,False,True,True,False,False,False,False,False,False,False,True,MBH EXIST SNR (LEVEL1),357.78,55.0
500219797,0,0,0,N,Maintain,"NO_RECENT_USAGE,ABANDONED_TOOL,IMPUTED_USAGE_FEATURES",Low,0.65,No recent usage; abandoned tool; imputed usage features.,rules-only,0.2.0-tcb,0.0,False,False,False,False,False,False,True,True,False,False,False,False,False,False,False,True,MBH EXIST SNR (LEVEL2),322.0,15.0
500219798,0,0,0,N,Maintain,"NO_RECENT_USAGE,IMPUTED_USAGE_FEATURES",Low,0.65,No recent usage; imputed usage features.,rules-only,0.2.0-tcb,0.0,False,False,False,False,False,False,True,False,False,False,False,False,False,False,False,True,MBH EXIST SNR (LEVEL3),322.0,15.0
500219799,0,0,0,N,Maintain,"NO_RECENT_USAGE,ABANDONED_TOOL,IMPUTED_USAGE_FEATURES",Low,0.65,No recent usage; abandoned tool; imputed usage features.,rules-only,0.2.0-tcb,0.0,False,False,False,False,False,False,True,True,False,False,False,False,False,False,False,True,MBH EXIST SNR (LEVEL4),322.0,15.0
500219800,0,0,0,N,Maintain,"NO_RECENT_USAGE,IMPUTED_USAGE_FEATURES",Low,0.65,No recent usage; imputed usage features.,rules-only,0.2.0-tcb,0.0,False,False,False,False,False,False,True,False,False,False,False,False,False,False,False,True,SPLINE SHAFT,414.91,25.0
500219801,0,0,0,N,Maintain,"NO_RECENT_USAGE,IMPUTED_USAGE_FEATURES",Low,0.65,No recent usage; imputed usage features.,rules-only,0.2.0-tcb,0.0,False,False,False,False,False,False,True,False,False,False,False,False,False,False,False,True,MBH CONVEYOR MTR MOUNT,57.6,25.0
500219802,0,0,0,N,Maintain,"NO_RECENT_USAGE,IMPUTED_USAGE_FEATURES",Low,0.65,No recent usage; imputed usage features.,rules-only,0.2.0-tcb,0.0,False,False,False,False,False,False,True,False,False,False,False,False,False,False,False,True,MBH BASE PLATE,305.1,25.0
500219804,0,0,0,N,Maintain,"NO_RECENT_USAGE,IMPUTED_USAGE_FEATURES",Low,0.65,No recent usage; imputed usage features.,rules-only,0.2.0-tcb,0.0,False,False,False,False,False,False,True,False,False,False,False,False,False,False,False,True,MBH TRACK WIDTH MTR MOUNT,63.9,25.0
500219805,1,1,0,Y,Increase,"NO_RECENT_USAGE,ZERO_RECOMMENDATION_OVERRIDE,AD_HOC_CONSUMPTION_RISK,IMPUTED_USAGE_FEATURES",Medium,0.65,"Source algorithm recommends 0 but the part carries risk (lead time 70d, on-hand 1); protective stock proposed instead of zero.",rules-only,0.2.0-tcb,63.9,False,False,False,False,False,False,True,False,False,False,True,True,False,False,False,True,MBH LEADSCREW ADAPTOR,63.9,70.0
500219806,0,0,0,N,Maintain,"NO_RECENT_USAGE,IMPUTED_USAGE_FEATURES",Low,0.65,No recent usage; imputed usage features.,rules-only,0.2.0-tcb,0.0,False,False,False,False,False,False,True,False,False,False,False,False,False,False,False,True,IDLER SPACER,5.4,25.0
500219807,0,0,0,N,Maintain,"NO_RECENT_USAGE,IMPUTED_USAGE_FEATURES",Low,0.65,No recent usage; imputed usage features.,rules-only,0.2.0-tcb,0.0,False,False,False,False,False,False,True,False,False,False,False,False,False,False,False,True,MBH TRACK WIDTH TURNING NUT,36.9,25.0
500219808,0,0,0,N,Maintain,"NO_RECENT_USAGE,IMPUTED_USAGE_FEATURES",Low,0.65,No recent usage; imputed usage features.,rules-only,0.2.0-tcb,0.0,False,False,False,False,False,False,True,False,False,False,False,False,False,False,False,True,MBH FRONT PLATE,368.46,25.0
500219809,0,0,0,N,Maintain,"NO_RECENT_USAGE,IMPUTED_USAGE_FEATURES",Low,0.65,No recent usage; imputed usage features.,rules-only,0.2.0-tcb,0.0,False,False,False,False,False,False,True,False,False,False,False,False,False,False,False,True,"PULLEY,TRACK,WIDTH,HOLEDIA5,MBH",72.0,25.0
500219810,0,0,0,N,Maintain,"NO_RECENT_USAGE,IMPUTED_USAGE_FEATURES",Low,0.65,No recent usage; imputed usage features.,rules-only,0.2.0-tcb,0.0,False,False,False,False,False,False,True,False,False,False,False,False,False,False,False,True,MBH FRONT SENSOR MOUNT (L SHAPE),9.61,25.0
500219811,0,0,0,N,Maintain,"NO_RECENT_USAGE,ABANDONED_TOOL,IMPUTED_USAGE_FEATURES",Low,0.65,No recent usage; abandoned tool; imputed usage features.,rules-only,0.2.0-tcb,0.0,False,False,False,False,False,False,True,True,False,False,False,False,False,False,False,True,MBH FRONT TOP SENSOR MOUNT (R),16.02,25.0
500219812,0,0,0,N,Maintain,"NO_RECENT_USAGE,ABANDONED_TOOL,IMPUTED_USAGE_FEATURES",Low,0.65,No recent usage; abandoned tool; imputed usage features.,rules-only,0.2.0-tcb,0.0,False,False,False,False,False,False,True,True,False,False,False,False,False,False,False,True,MBH FRONT TOP SENSOR MOUNT (L),16.02,25.0
500219813,0,0,0,N,Maintain,"NO_RECENT_USAGE,IMPUTED_USAGE_FEATURES",Low,0.65,No recent usage; imputed usage features.,rules-only,0.2.0-tcb,0.0,False,False,False,False,False,False,True,False,False,False,False,False,False,False,False,True,MBH FRONT SENSOR MOUNT (L),9.0,25.0
500219814,0,0,0,N,Maintain,"NO_RECENT_USAGE,IMPUTED_USAGE_FEATURES",Low,0.65,No recent usage; imputed usage features.,rules-only,0.2.0-tcb,0.0,False,False,False,False,False,False,True,False,False,False,False,False,False,False,False,True,MBH FRONT SENSOR MOUNT (R),11.21,25.0
500219815,0,0,0,Y,Maintain,"NO_RECENT_USAGE,IMPUTED_USAGE_FEATURES",Medium,0.65,No recent usage; imputed usage features.,rules-only,0.2.0-tcb,0.0,False,False,False,False,False,False,True,False,False,False,False,False,False,False,False,True,MB REAR PLATE ASSY,2358.14,25.0
500219816,0,0,0,N,Maintain,"NO_RECENT_USAGE,IMPUTED_USAGE_FEATURES",Low,0.65,No recent usage; imputed usage features.,rules-only,0.2.0-tcb,0.0,False,False,False,False,False,False,True,False,False,False,False,False,False,False,False,True,MBH SUPPORT BAR,50.46,25.0
500219817,0,0,0,N,Maintain,"NO_RECENT_USAGE,IMPUTED_USAGE_FEATURES",Low,0.65,No recent usage; imputed usage features.,rules-only,0.2.0-tcb,0.0,False,False,False,False,False,False,True,False,False,False,False,False,False,False,False,True,MBH UPWARD STOPPER,9.9,25.0
500219818,0,0,0,N,Maintain,"NO_RECENT_USAGE,IMPUTED_USAGE_FEATURES",Low,0.65,No recent usage; imputed usage features.,rules-only,0.2.0-tcb,0.0,False,False,False,False,False,False,True,False,False,False,False,False,False,False,False,True,MBH TRACK COVER,106.2,25.0
500219819,0,0,0,N,Maintain,"NO_RECENT_USAGE,IMPUTED_USAGE_FEATURES",Low,0.65,No recent usage; imputed usage features.,rules-only,0.2.0-tcb,0.0,False,False,False,False,False,False,True,False,False,False,False,False,False,False,False,True,MBH REAR TOP SENSOR MOUNT,17.62,25.0
500219820,0,0,0,N,Maintain,"NO_RECENT_USAGE,IMPUTED_USAGE_FEATURES",Low,0.65,No recent usage; imputed usage features.,rules-only,0.2.0-tcb,0.0,False,False,False,False,False,False,True,False,False,False,False,False,False,False,False,True,MBH REAR PLATE,362.85,25.0
500219821,0,0,0,N,Maintain,"NO_RECENT_USAGE,IMPUTED_USAGE_FEATURES",Low,0.65,No recent usage; imputed usage features.,rules-only,0.2.0-tcb,0.0,False,False,False,False,False,False,True,False,False,False,False,False,False,False,False,True,MBH TOP TRACK COVER,113.74,25.0
500219822,0,0,0,N,Maintain,"NO_RECENT_USAGE,IMPUTED_USAGE_FEATURES",Low,0.65,No recent usage; imputed usage features.,rules-only,0.2.0-tcb,0.0,False,False,False,False,False,False,True,False,False,False,False,False,False,False,False,True,MBH REAR SENSOR MOUNT,4.8,25.0
500219823,0,0,0,N,Maintain,"NO_RECENT_USAGE,IMPUTED_USAGE_FEATURES",Low,0.65,No recent usage; imputed usage features.,rules-only,0.2.0-tcb,0.0,False,False,False,False,False,False,True,False,False,False,False,False,False,False,False,True,MBH REAR SENSOR MOUNT,4.8,40.0
500219824,0,0,0,Y,Maintain,"NO_RECENT_USAGE,ABANDONED_TOOL,IMPUTED_USAGE_FEATURES",Medium,0.65,No recent usage; abandoned tool; imputed usage features.,rules-only,0.2.0-tcb,0.0,False,False,False,False,False,False,True,True,False,False,False,False,False,False,False,True,POST HEAT STATION - L (PS-L),11672.1,25.0
500219825,0,0,0,N,Maintain,"NO_RECENT_USAGE,ABANDONED_TOOL,IMPUTED_USAGE_FEATURES",Low,0.65,No recent usage; abandoned tool; imputed usage features.,rules-only,0.2.0-tcb,0.0,False,False,False,False,False,False,True,True,False,False,False,False,False,False,False,True,"PULLEY,SLIDING,MBH,ASSEMBLY",104.13,25.0
500219826,0,0,0,N,Maintain,"NO_RECENT_USAGE,ABANDONED_TOOL,IMPUTED_USAGE_FEATURES",Low,0.65,No recent usage; abandoned tool; imputed usage features.,rules-only,0.2.0-tcb,0.0,False,False,False,False,False,False,True,True,False,False,False,False,False,False,False,True,PS COVER ASSY,247.5,25.0
500219827,0,0,0,N,Maintain,"NO_RECENT_USAGE,ABANDONED_TOOL,IMPUTED_USAGE_FEATURES",Low,0.65,No recent usage; abandoned tool; imputed usage features.,rules-only,0.2.0-tcb,0.0,False,False,False,False,False,False,True,True,False,False,False,False,False,False,False,True,CONDENSER,120.6,25.0
500219828,0,0,0,N,Maintain,"NO_RECENT_USAGE,ABANDONED_TOOL,IMPUTED_USAGE_FEATURES",Low,0.65,No recent usage; abandoned tool; imputed usage features.,rules-only,0.2.0-tcb,0.0,False,False,False,False,False,False,True,True,False,False,False,False,False,False,False,True,PS L COVER ASSY,68.4,25.0
500219829,0,0,0,N,Maintain,"NO_RECENT_USAGE,ABANDONED_TOOL,IMPUTED_USAGE_FEATURES",Low,0.65,No recent usage; abandoned tool; imputed usage features.,rules-only,0.2.0-tcb,0.0,False,False,False,False,False,False,True,True,False,False,False,False,False,False,False,True,CYLINDER MOUNT LEFT,53.1,25.0
500219830,0,0,0,N,Maintain,"NO_RECENT_USAGE,ABANDONED_TOOL,IMPUTED_USAGE_FEATURES",Low,0.65,No recent usage; abandoned tool; imputed usage features.,rules-only,0.2.0-tcb,0.0,False,False,False,False,False,False,True,True,False,False,False,False,False,False,False,True,PS COVER CYLINDER ASSY LEFT,383.4,25.0
500219831,0,0,0,Y,Maintain,"NO_RECENT_USAGE,ABANDONED_TOOL,IMPUTED_USAGE_FEATURES",Medium,0.65,No recent usage; abandoned tool; imputed usage features.,rules-only,0.2.0-tcb,0.0,False,False,False,False,False,False,True,True,False,False,False,False,False,False,False,True,POST HEAT STATION - R (PS-R),11664.0,25.0
500219833,0,0,0,N,Maintain,"NO_RECENT_USAGE,ABANDONED_TOOL,IMPUTED_USAGE_FEATURES",Low,0.65,No recent usage; abandoned tool; imputed usage features.,rules-only,0.2.0-tcb,0.0,False,False,False,False,False,False,True,True,False,False,False,False,False,False,False,True,TCB PEDESTAL TORLON SPACER 2,156.6,25.0
500219834,0,0,0,N,Maintain,"NO_RECENT_USAGE,ABANDONED_TOOL,IMPUTED_USAGE_FEATURES",Low,0.65,No recent usage; abandoned tool; imputed usage features.,rules-only,0.2.0-tcb,0.0,False,False,False,False,False,False,True,True,False,False,False,False,False,False,False,True,PS BASE,475.2,25.0
500219835,0,0,0,Y,Maintain,"NO_RECENT_USAGE,ABANDONED_TOOL,IMPUTED_USAGE_FEATURES",Medium,0.65,No recent usage; abandoned tool; imputed usage features.,rules-only,0.2.0-tcb,0.0,False,False,False,False,False,False,True,True,False,False,False,False,False,False,False,True,HEATER BLOCK INSULATION,1524.6,25.0
500219836,0,0,0,N,Maintain,"NO_RECENT_USAGE,ABANDONED_TOOL,IMPUTED_USAGE_FEATURES",Low,0.65,No recent usage; abandoned tool; imputed usage features.,rules-only,0.2.0-tcb,0.0,False,False,False,False,False,False,True,True,False,False,False,False,False,False,False,True,VAC ADAPTOR (BOTTOM),63.9,25.0
500219837,0,0,0,N,Maintain,"NO_RECENT_USAGE,ABANDONED_TOOL,IMPUTED_USAGE_FEATURES",Low,0.65,No recent usage; abandoned tool; imputed usage features.,rules-only,0.2.0-tcb,0.0,False,False,False,False,False,False,True,True,False,False,False,False,False,False,False,True,VAC ADAPTOR (SIDE),39.6,25.0
500219838,0,0,0,N,Maintain,"NO_RECENT_USAGE,ABANDONED_TOOL,IMPUTED_USAGE_FEATURES",Low,0.65,No recent usage; abandoned tool; imputed usage features.,rules-only,0.2.0-tcb,0.0,False,False,False,False,False,False,True,True,False,False,False,False,False,False,False,True,NEW TORLON SPACER,306.0,25.0
500219839,0,0,0,N,Maintain,"NO_RECENT_USAGE,ABANDONED_TOOL,IMPUTED_USAGE_FEATURES",Low,0.65,No recent usage; abandoned tool; imputed usage features.,rules-only,0.2.0-tcb,0.0,False,False,False,False,False,False,True,True,False,False,False,False,False,False,False,True,CONDENSER  RIGHT,136.8,25.0
500219840,0,0,0,N,Maintain,"NO_RECENT_USAGE,ABANDONED_TOOL,IMPUTED_USAGE_FEATURES",Low,0.65,No recent usage; abandoned tool; imputed usage features.,rules-only,0.2.0-tcb,0.0,False,False,False,False,False,False,True,True,False,False,False,False,False,False,False,True,PS THERMOSTAT MOUNT,43.2,25.0
500219841,1,1,0,Y,Increase,"NO_RECENT_USAGE,ZERO_RECOMMENDATION_OVERRIDE,AD_HOC_CONSUMPTION_RISK,IMPUTED_USAGE_FEATURES",Medium,0.65,"Source algorithm recommends 0 but the part carries risk (lead time 70d, on-hand 19); protective stock proposed instead of zero.",rules-only,0.2.0-tcb,5.85,False,False,False,False,False,False,True,False,False,False,True,True,False,False,False,True,HOSE ELBOW FITTING M-5HLH-4,5.85,70.0
500219843,0,0,0,Y,Maintain,"NO_RECENT_USAGE,IMPUTED_USAGE_FEATURES",Medium,0.65,No recent usage; imputed usage features.,rules-only,0.2.0-tcb,0.0,False,False,False,False,False,False,True,False,False,False,False,False,False,False,False,True,"BLOCK,HEATED,TCB,PEDESTAL,ASSEMBLY",6609.85,25.0
500219844,0,0,0,N,Maintain,"NO_RECENT_USAGE,IMPUTED_USAGE_FEATURES",Low,0.65,No recent usage; imputed usage features.,rules-only,0.2.0-tcb,0.0,False,False,False,False,False,False,True,False,False,False,False,False,False,False,False,True,TCB PEDESTAL HEATER ZONE 1,585.53,10.0
500219846,0,0,0,N,Maintain,"NO_RECENT_USAGE,IMPUTED_USAGE_FEATURES",Low,0.65,No recent usage; imputed usage features.,rules-only,0.2.0-tcb,0.0,False,False,False,False,False,False,True,False,False,False,False,False,False,False,False,True,TCB PEDESTAL THERMOCOUPLE 2,113.4,25.0
500219847,0,0,0,N,Maintain,"NO_RECENT_USAGE,IMPUTED_USAGE_FEATURES",Low,0.65,No recent usage; imputed usage features.,rules-only,0.2.0-tcb,0.0,False,False,False,False,False,False,True,False,False,False,False,False,False,False,False,True,TCB PEDESTAL HEATER ZONE 2,527.46,15.0
500219848,0,0,0,N,Maintain,"NO_RECENT_USAGE,IMPUTED_USAGE_FEATURES",Low,0.65,No recent usage; imputed usage features.,rules-only,0.2.0-tcb,0.0,False,False,False,False,False,False,True,False,False,False,False,False,False,False,False,True,TCB PEDESTAL THERMOCOUPLE 4,113.4,25.0
500219849,0,0,0,N,Maintain,"NO_RECENT_USAGE,IMPUTED_USAGE_FEATURES",Low,0.65,No recent usage; imputed usage features.,rules-only,0.2.0-tcb,0.0,False,False,False,False,False,False,True,False,False,False,False,False,False,False,False,True,"HEATER,TCB,PEDESTAL,ZONE,4",527.45,15.0
500219850,0,0,0,N,Maintain,"NO_RECENT_USAGE,IMPUTED_USAGE_FEATURES",Low,0.65,No recent usage; imputed usage features.,rules-only,0.2.0-tcb,0.0,False,False,False,False,False,False,True,False,False,False,False,False,False,False,False,True,TCB PEDESTAL HEATER ZONE 3,527.45,15.0
500219851,0,0,0,N,Maintain,"NO_RECENT_USAGE,IMPUTED_USAGE_FEATURES",Low,0.65,No recent usage; imputed usage features.,rules-only,0.2.0-tcb,0.0,False,False,False,False,False,False,True,False,False,False,False,False,False,False,False,True,THERMOCOUPLR FIXTURE,40.5,25.0
500219852,0,0,0,N,Maintain,"NO_RECENT_USAGE,IMPUTED_USAGE_FEATURES",Low,0.65,No recent usage; imputed usage features.,rules-only,0.2.0-tcb,0.0,False,False,False,False,False,False,True,False,False,False,False,False,False,False,False,True,HEATER FIXTURE,72.0,25.0
500219854,0,0,0,N,Maintain,"NO_RECENT_USAGE,IMPUTED_USAGE_FEATURES",Low,0.65,No recent usage; imputed usage features.,rules-only,0.2.0-tcb,0.0,False,False,False,False,False,False,True,False,False,False,False,False,False,False,False,True,COS-R X PUSHER ASSY,110.53,15.0
500219855,0,0,0,Y,Maintain,"NO_RECENT_USAGE,ABANDONED_TOOL,IMPUTED_USAGE_FEATURES",Medium,0.65,No recent usage; abandoned tool; imputed usage features.,rules-only,0.2.0-tcb,0.0,False,False,False,False,False,False,True,True,False,False,False,False,False,False,False,True,HW OUTPUT CONVEYOR,9504.0,25.0
500219856,0,0,0,N,Maintain,"NO_RECENT_USAGE,ABANDONED_TOOL,IMPUTED_USAGE_FEATURES",Low,0.65,No recent usage; abandoned tool; imputed usage features.,rules-only,0.2.0-tcb,0.0,False,False,False,False,False,False,True,True,False,False,False,False,False,False,False,True,CONNECTOR MOUNTING (HWL),35.1,25.0
500219857,0,0,0,N,Maintain,"NO_RECENT_USAGE,ABANDONED_TOOL,IMPUTED_USAGE_FEATURES",Low,0.65,No recent usage; abandoned tool; imputed usage features.,rules-only,0.2.0-tcb,0.0,False,False,False,False,False,False,True,True,False,False,False,False,False,False,False,True,CABLE MOUNTING FIX END(HWM FRONT),23.4,25.0
500219858,0,0,0,Y,Maintain,"NO_RECENT_USAGE,ABANDONED_TOOL,IMPUTED_USAGE_FEATURES",Medium,0.65,No recent usage; abandoned tool; imputed usage features.,rules-only,0.2.0-tcb,0.0,False,False,False,False,False,False,True,True,False,False,False,False,False,False,False,True,HW BASE ASSY,2422.8,25.0
500219859,0,0,0,N,Maintain,"NO_RECENT_USAGE,ABANDONED_TOOL,IMPUTED_USAGE_FEATURES",Low,0.65,No recent usage; abandoned tool; imputed usage features.,rules-only,0.2.0-tcb,0.0,False,False,False,False,False,False,True,True,False,False,False,False,False,False,False,True,HW BASE,294.3,25.0
500219860,0,0,0,N,Maintain,"NO_RECENT_USAGE,ABANDONED_TOOL,IMPUTED_USAGE_FEATURES",Low,0.65,No recent usage; abandoned tool; imputed usage features.,rules-only,0.2.0-tcb,0.0,False,False,False,False,False,False,True,True,False,False,False,False,False,False,False,True,HW Y ADJUSTMENT BASE,263.7,25.0
500219861,0,0,0,N,Maintain,"NO_RECENT_USAGE,ABANDONED_TOOL,IMPUTED_USAGE_FEATURES",Low,0.65,No recent usage; abandoned tool; imputed usage features.,rules-only,0.2.0-tcb,0.0,False,False,False,False,False,False,True,True,False,False,False,False,False,False,False,True,HW Z ADJUSTMENT BASE,391.5,25.0
500219862,0,0,0,N,Maintain,"NO_RECENT_USAGE,ABANDONED_TOOL,IMPUTED_USAGE_FEATURES",Low,0.65,No recent usage; abandoned tool; imputed usage features.,rules-only,0.2.0-tcb,0.0,False,False,False,False,False,False,True,True,False,False,False,False,False,False,False,True,HW Y ADJUSTMENT BLOCK,36.9,25.0
500219863,0,0,0,N,Maintain,"NO_RECENT_USAGE,ABANDONED_TOOL,IMPUTED_USAGE_FEATURES",Low,0.65,No recent usage; abandoned tool; imputed usage features.,rules-only,0.2.0-tcb,0.0,False,False,False,False,False,False,True,True,False,False,False,False,False,False,False,True,HW CONVEYOR TRACK WIDTH STOPPER,9.0,25.0
500219864,0,0,0,N,Maintain,"NO_RECENT_USAGE,IMPUTED_USAGE_FEATURES",Low,0.65,No recent usage; imputed usage features.,rules-only,0.2.0-tcb,0.0,False,False,False,False,False,False,True,False,False,False,False,False,False,False,False,True,TRAY COPLANARITY ADJUSTMENT ASSY,104.4,25.0
500219865,0,0,0,N,Maintain,"NO_RECENT_USAGE,IMPUTED_USAGE_FEATURES",Low,0.65,No recent usage; imputed usage features.,rules-only,0.2.0-tcb,0.0,False,False,False,False,False,False,True,False,False,False,False,False,False,False,False,True,CAH 58-00044 MTR ASSY,92.91,15.0
500219866,0,0,0,N,Maintain,"NO_RECENT_USAGE,IMPUTED_USAGE_FEATURES",Low,0.65,No recent usage; imputed usage features.,rules-only,0.2.0-tcb,0.0,False,False,False,False,False,False,True,False,False,False,False,False,False,False,False,True,TRACK WIDTH MTR&ENC ASSY,348.43,25.0
500219867,0,0,0,Y,Maintain,"NO_RECENT_USAGE,ABANDONED_TOOL,IMPUTED_USAGE_FEATURES",Medium,0.65,No recent usage; abandoned tool; imputed usage features.,rules-only,0.2.0-tcb,0.0,False,False,False,False,False,False,True,True,False,False,False,False,False,False,False,True,HWOP FRONT TRACK ASSY,5128.2,25.0
500219868,0,0,0,N,Maintain,"NO_RECENT_USAGE,IMPUTED_USAGE_FEATURES",Low,0.65,No recent usage; imputed usage features.,rules-only,0.2.0-tcb,0.0,False,False,False,False,False,False,True,False,False,False,False,False,False,False,False,True,"SENSOR,CONVEYOR,OUT,HWOP",209.86,25.0
500219869,0,0,0,N,Maintain,"NO_RECENT_USAGE,IMPUTED_USAGE_FEATURES",Low,0.65,No recent usage; imputed usage features.,rules-only,0.2.0-tcb,0.0,False,False,False,False,False,False,True,False,False,False,False,False,False,False,False,True,HWOP OUT SNR,209.86,15.0
500219870,0,0,0,N,Maintain,"NO_RECENT_USAGE,IMPUTED_USAGE_FEATURES",Low,0.65,No recent usage; imputed usage features.,rules-only,0.2.0-tcb,0.0,False,False,False,False,False,False,True,False,False,False,False,False,False,False,False,True,HWOP (BY PASS) MID,209.86,25.0
500219871,0,0,0,N,Maintain,"NO_RECENT_USAGE,IMPUTED_USAGE_FEATURES",Low,0.65,No recent usage; imputed usage features.,rules-only,0.2.0-tcb,0.0,False,False,False,False,False,False,True,False,False,False,False,False,False,False,False,True,(HW)OP CONVEYOR IN UP,209.86,25.0
500219872,0,0,0,N,Maintain,"NO_RECENT_USAGE,IMPUTED_USAGE_FEATURES",Low,0.65,No recent usage; imputed usage features.,rules-only,0.2.0-tcb,0.0,False,False,False,False,False,False,True,False,False,False,False,False,False,False,False,True,(HW)OP CONVEYOR IN DOWN,209.86,38.0
500219873,0,0,0,N,Maintain,"NO_RECENT_USAGE,IMPUTED_USAGE_FEATURES",Low,0.65,No recent usage; imputed usage features.,rules-only,0.2.0-tcb,0.0,False,False,False,False,False,False,True,False,False,False,False,False,False,False,False,True,HWOP (BY PASS) IN,209.86,25.0
500219875,0,0,0,N,Maintain,"NO_RECENT_USAGE,ABANDONED_TOOL,IMPUTED_USAGE_FEATURES",Low,0.65,No recent usage; abandoned tool; imputed usage features.,rules-only,0.2.0-tcb,0.0,False,False,False,False,False,False,True,True,False,False,False,False,False,False,False,True,HWIP TRACK SNR DOWN MOUNT,5.4,25.0
500219876,0,0,0,N,Maintain,"NO_RECENT_USAGE,ABANDONED_TOOL,IMPUTED_USAGE_FEATURES",Low,0.65,No recent usage; abandoned tool; imputed usage features.,rules-only,0.2.0-tcb,0.0,False,False,False,False,False,False,True,True,False,False,False,False,False,False,False,True,MOUNTING BASE (R),61.2,25.0
500219877,0,0,0,N,Maintain,"NO_RECENT_USAGE,ABANDONED_TOOL,IMPUTED_USAGE_FEATURES",Low,0.65,No recent usage; abandoned tool; imputed usage features.,rules-only,0.2.0-tcb,0.0,False,False,False,False,False,False,True,True,False,False,False,False,False,False,False,True,HW DN SNR MNT,13.5,25.0
500219878,0,0,0,N,Maintain,"NO_RECENT_USAGE,ABANDONED_TOOL,IMPUTED_USAGE_FEATURES",Low,0.65,No recent usage; abandoned tool; imputed usage features.,rules-only,0.2.0-tcb,0.0,False,False,False,False,False,False,True,True,False,False,False,False,False,False,False,True,HWOP OUT SNR MNT,23.4,25.0
500219879,0,0,0,N,Maintain,"NO_RECENT_USAGE,ABANDONED_TOOL,IMPUTED_USAGE_FEATURES",Low,0.65,No recent usage; abandoned tool; imputed usage features.,rules-only,0.2.0-tcb,0.0,False,False,False,False,False,False,True,True,False,False,False,False,False,False,False,True,HW OP MID SNR MOUNT,18.0,25.0
500219880,0,0,0,Y,Maintain,"NO_RECENT_USAGE,IMPUTED_USAGE_FEATURES",Medium,0.65,No recent usage; imputed usage features.,rules-only,0.2.0-tcb,0.0,False,False,False,False,False,False,True,False,False,False,False,False,False,False,False,True,HWOP REAR TRACK ASSY,1685.3,25.0
500219881,0,0,0,N,Maintain,"NO_RECENT_USAGE,ABANDONED_TOOL,IMPUTED_USAGE_FEATURES",Low,0.65,No recent usage; abandoned tool; imputed usage features.,rules-only,0.2.0-tcb,0.0,False,False,False,False,False,False,True,True,False,False,False,False,False,False,False,True,HWOP REAR TRACK,386.1,25.0
500219882,0,0,0,N,Maintain,"NO_RECENT_USAGE,ABANDONED_TOOL,IMPUTED_USAGE_FEATURES",Low,0.65,No recent usage; abandoned tool; imputed usage features.,rules-only,0.2.0-tcb,0.0,False,False,False,False,False,False,True,True,False,False,False,False,False,False,False,True,HWOP FRONT TRACK,386.1,25.0
500219883,0,0,0,N,Maintain,"NO_RECENT_USAGE,ABANDONED_TOOL,IMPUTED_USAGE_FEATURES",Low,0.65,No recent usage; abandoned tool; imputed usage features.,rules-only,0.2.0-tcb,0.0,False,False,False,False,False,False,True,True,False,False,False,False,False,False,False,True,HW TRACK COVER,264.6,25.0
500219884,0,0,0,N,Maintain,"NO_RECENT_USAGE,IMPUTED_USAGE_FEATURES",Low,0.65,No recent usage; imputed usage features.,rules-only,0.2.0-tcb,0.0,False,False,False,False,False,False,True,False,False,False,False,False,False,False,False,True,CONVEYOR BELT PULLEY (CONNECTION),165.8,51.0
500219885,0,0,0,N,Maintain,"NO_RECENT_USAGE,IMPUTED_USAGE_FEATURES",Low,0.65,No recent usage; imputed usage features.,rules-only,0.2.0-tcb,0.0,False,False,False,False,False,False,True,False,False,False,False,False,False,False,False,True,DIA 12 IDLER ASSY,19.8,25.0
500219886,0,0,0,N,Maintain,"NO_RECENT_USAGE,ABANDONED_TOOL,IMPUTED_USAGE_FEATURES",Low,0.65,No recent usage; abandoned tool; imputed usage features.,rules-only,0.2.0-tcb,0.0,False,False,False,False,False,False,True,True,False,False,False,False,False,False,False,True,HW IN/OUTPUT TRACK WIDTH FLAG,8.1,25.0
500219887,0,0,0,Y,Maintain,"NO_RECENT_USAGE,ABANDONED_TOOL,IMPUTED_USAGE_FEATURES",Medium,0.65,No recent usage; abandoned tool; imputed usage features.,rules-only,0.2.0-tcb,0.0,False,False,False,False,False,False,True,True,False,False,False,False,False,False,False,True,SUBSTRATE TRANSFER ARM - L (STA-L),35929.8,25.0
500219888,0,0,0,N,Maintain,"NO_RECENT_USAGE,ABANDONED_TOOL,IMPUTED_USAGE_FEATURES",Low,0.65,No recent usage; abandoned tool; imputed usage features.,rules-only,0.2.0-tcb,0.0,False,False,False,False,False,False,True,True,False,False,False,False,False,False,False,True,STA-L MODULE BASE,1105.2,25.0
500219889,0,0,0,N,Maintain,"NO_RECENT_USAGE,ABANDONED_TOOL,IMPUTED_USAGE_FEATURES",Low,0.65,No recent usage; abandoned tool; imputed usage features.,rules-only,0.2.0-tcb,0.0,False,False,False,False,False,False,True,True,False,False,False,False,False,False,False,True,COVER 3(STA_L),58.5,25.0
500219890,0,0,0,N,Maintain,"NO_RECENT_USAGE,ABANDONED_TOOL,IMPUTED_USAGE_FEATURES",Low,0.65,No recent usage; abandoned tool; imputed usage features.,rules-only,0.2.0-tcb,0.0,False,False,False,False,False,False,True,True,False,False,False,False,False,False,False,True,E_CHAIN MOUNTING(Z FIXEND)(STA_L),79.2,25.0
500219891,0,0,0,N,Maintain,"NO_RECENT_USAGE,ABANDONED_TOOL,IMPUTED_USAGE_FEATURES",Low,0.65,No recent usage; abandoned tool; imputed usage features.,rules-only,0.2.0-tcb,0.0,False,False,False,False,False,False,True,True,False,False,False,False,False,False,False,True,CABLE COVER 1(STA L),36.0,25.0
500219892,0,0,0,N,Maintain,"NO_RECENT_USAGE,ABANDONED_TOOL,IMPUTED_USAGE_FEATURES",Low,0.65,No recent usage; abandoned tool; imputed usage features.,rules-only,0.2.0-tcb,0.0,False,False,False,False,False,False,True,True,False,False,False,False,False,False,False,True,CABLE COVER 2(STA L),45.0,25.0
500219893,0,0,0,N,Maintain,"NO_RECENT_USAGE,ABANDONED_TOOL,IMPUTED_USAGE_FEATURES",Low,0.65,No recent usage; abandoned tool; imputed usage features.,rules-only,0.2.0-tcb,0.0,False,False,False,False,False,False,True,True,False,False,False,False,False,False,False,True,CABLE COVER 3(STA L),41.4,25.0
500219894,0,0,0,N,Maintain,"NO_RECENT_USAGE,ABANDONED_TOOL,IMPUTED_USAGE_FEATURES",Low,0.65,No recent usage; abandoned tool; imputed usage features.,rules-only,0.2.0-tcb,0.0,False,False,False,False,False,False,True,True,False,False,False,False,False,False,False,True,STA-L Y MOTOR SUPPORT BASE,1012.5,25.0
500219895,0,0,0,N,Maintain,"NO_RECENT_USAGE,ABANDONED_TOOL,IMPUTED_USAGE_FEATURES",Low,0.65,No recent usage; abandoned tool; imputed usage features.,rules-only,0.2.0-tcb,0.0,False,False,False,False,False,False,True,True,False,False,False,False,False,False,False,True,Y MOVING END (STA L),270.0,25.0
500219896,0,0,0,N,Maintain,"NO_RECENT_USAGE,ABANDONED_TOOL,IMPUTED_USAGE_FEATURES",Low,0.65,No recent usage; abandoned tool; imputed usage features.,rules-only,0.2.0-tcb,0.0,False,False,False,False,False,False,True,True,False,False,False,False,False,False,False,True,Y CONNECTOR MOUNTING(STA L),109.8,25.0
500219897,0,0,0,N,Maintain,"NO_RECENT_USAGE,ABANDONED_TOOL,IMPUTED_USAGE_FEATURES",Low,0.65,No recent usage; abandoned tool; imputed usage features.,rules-only,0.2.0-tcb,0.0,False,False,False,False,False,False,True,True,False,False,False,False,False,False,False,True,BRACKET 1(L),122.4,25.0
500219898,0,0,0,N,Maintain,"NO_RECENT_USAGE,ABANDONED_TOOL,IMPUTED_USAGE_FEATURES",Low,0.65,No recent usage; abandoned tool; imputed usage features.,rules-only,0.2.0-tcb,0.0,False,False,False,False,False,False,True,True,False,False,False,False,False,False,False,True,TUBE COVER,9.9,25.0
500219899,0,0,0,N,Maintain,"NO_RECENT_USAGE,ABANDONED_TOOL,IMPUTED_USAGE_FEATURES",Low,0.65,No recent usage; abandoned tool; imputed usage features.,rules-only,0.2.0-tcb,0.0,False,False,False,False,False,False,True,True,False,False,False,False,False,False,False,True,ESIO AND CAMERA MOUNING(STA L),51.26,25.0
500219900,0,0,0,N,Maintain,"NO_RECENT_USAGE,ABANDONED_TOOL,IMPUTED_USAGE_FEATURES",Low,0.65,No recent usage; abandoned tool; imputed usage features.,rules-only,0.2.0-tcb,0.0,False,False,False,False,False,False,True,True,False,False,False,False,False,False,False,True,STA L Y CONNECTOR COVER,50.4,25.0
500219901,0,0,0,Y,Maintain,"NO_RECENT_USAGE,ABANDONED_TOOL,IMPUTED_USAGE_FEATURES",Medium,0.65,No recent usage; abandoned tool; imputed usage features.,rules-only,0.2.0-tcb,0.0,False,False,False,False,False,False,True,True,False,False,False,False,False,False,False,True,STA-L Y TABLE ASSY,10839.6,25.0
500219902,0,0,0,Y,Maintain,"NO_RECENT_USAGE,IMPUTED_USAGE_FEATURES",Medium,0.65,No recent usage; imputed usage features.,rules-only,0.2.0-tcb,0.0,False,False,False,False,False,False,True,False,False,False,False,False,False,False,False,True,STA Y MOTOR ASSY,2320.49,25.0
500219903,0,0,0,N,Maintain,"NO_RECENT_USAGE,IMPUTED_USAGE_FEATURES",Low,0.65,No recent usage; imputed usage features.,rules-only,0.2.0-tcb,0.0,False,False,False,False,False,False,True,False,False,False,False,False,False,False,False,True,SOC HD CAP SCREW M4X14 ALLOY ST NI PLT,0.9,25.0
500219904,0,0,0,Y,Maintain,"NO_RECENT_USAGE,ABANDONED_TOOL,IMPUTED_USAGE_FEATURES",Medium,0.65,No recent usage; abandoned tool; imputed usage features.,rules-only,0.2.0-tcb,0.0,False,False,False,False,False,False,True,True,False,False,False,False,False,False,False,True,LM GUIDE SHS15V2UUC1+1000LP-II,3589.2,25.0
500219905,0,0,0,N,Maintain,"NO_RECENT_USAGE,ABANDONED_TOOL,IMPUTED_USAGE_FEATURES",Low,0.65,No recent usage; abandoned tool; imputed usage features.,rules-only,0.2.0-tcb,0.0,False,False,False,False,False,False,True,True,False,False,False,False,False,False,False,True,STA-L Y MOTOR BASE,1171.8,25.0
500219906,0,0,0,N,Maintain,"NO_RECENT_USAGE,ABANDONED_TOOL,IMPUTED_USAGE_FEATURES",Low,0.65,No recent usage; abandoned tool; imputed usage features.,rules-only,0.2.0-tcb,0.0,False,False,False,False,False,False,True,True,False,False,False,False,False,False,False,True,Z LIMIT SNR MNT,9.9,25.0
500219907,0,0,0,N,Maintain,"NO_RECENT_USAGE,ABANDONED_TOOL,IMPUTED_USAGE_FEATURES",Low,0.65,No recent usage; abandoned tool; imputed usage features.,rules-only,0.2.0-tcb,0.0,False,False,False,False,False,False,True,True,False,False,False,False,False,False,False,True,STA Y MOVING PLATE,247.5,25.0
500219908,0,0,0,N,Maintain,"NO_RECENT_USAGE,ABANDONED_TOOL,IMPUTED_USAGE_FEATURES",Low,0.65,No recent usage; abandoned tool; imputed usage features.,rules-only,0.2.0-tcb,0.0,False,False,False,False,False,False,True,True,False,False,False,False,False,False,False,True,STA ENCODER MOUNT,107.1,25.0
500219909,0,0,0,N,Maintain,"NO_RECENT_USAGE,ABANDONED_TOOL,IMPUTED_USAGE_FEATURES",Low,0.65,No recent usage; abandoned tool; imputed usage features.,rules-only,0.2.0-tcb,0.0,False,False,False,False,False,False,True,True,False,False,False,False,False,False,False,True,Y MTR BASE COVER,27.0,25.0
500219910,0,0,0,N,Maintain,"NO_RECENT_USAGE,ABANDONED_TOOL,IMPUTED_USAGE_FEATURES",Low,0.65,No recent usage; abandoned tool; imputed usage features.,rules-only,0.2.0-tcb,0.0,False,False,False,False,False,False,True,True,False,False,False,False,False,False,False,True,STA L HOME SENSOR FLAG,15.3,25.0
500219911,0,0,0,Y,Maintain,"NO_RECENT_USAGE,ABANDONED_TOOL,IMPUTED_USAGE_FEATURES",Medium,0.65,No recent usage; abandoned tool; imputed usage features.,rules-only,0.2.0-tcb,0.0,False,False,False,False,False,False,True,True,False,False,False,False,False,False,False,True,STA-L Z TABLE ASSY,5928.3,25.0
500219912,0,0,0,N,Maintain,"NO_RECENT_USAGE,IMPUTED_USAGE_FEATURES",Low,0.65,No recent usage; imputed usage features.,rules-only,0.2.0-tcb,0.0,False,False,False,False,False,False,True,False,False,False,False,False,False,False,False,True,STA & COS SVR MTR ASSY,742.52,10.0
500219913,0,0,0,N,Maintain,"NO_RECENT_USAGE,ABANDONED_TOOL,IMPUTED_USAGE_FEATURES",Low,0.65,No recent usage; abandoned tool; imputed usage features.,rules-only,0.2.0-tcb,0.0,False,False,False,False,False,False,True,True,False,False,False,False,False,False,False,True,STA L HOME SENSOR MOUNT,18.9,25.0
500219914,0,0,0,N,Maintain,"NO_RECENT_USAGE,ABANDONED_TOOL,IMPUTED_USAGE_FEATURES",Low,0.65,No recent usage; abandoned tool; imputed usage features.,rules-only,0.2.0-tcb,0.0,False,False,False,False,False,False,True,True,False,False,False,False,False,False,False,True,STA Y STOPPER,9.9,25.0
500219915,0,0,0,N,Maintain,"NO_RECENT_USAGE,ABANDONED_TOOL,IMPUTED_USAGE_FEATURES",Low,0.65,No recent usage; abandoned tool; imputed usage features.,rules-only,0.2.0-tcb,0.0,False,False,False,False,False,False,True,True,False,False,False,False,False,False,False,True,Z MOTOR PULLEY MOUNT,67.5,25.0
500219916,0,0,0,N,Maintain,"NO_RECENT_USAGE,ABANDONED_TOOL,IMPUTED_USAGE_FEATURES",Low,0.65,No recent usage; abandoned tool; imputed usage features.,rules-only,0.2.0-tcb,0.0,False,False,False,False,False,False,True,True,False,False,False,False,False,False,False,True,STA-L Z MOTOR MOUNT,297.0,25.0
500219917,0,0,0,N,Maintain,"NO_RECENT_USAGE,ABANDONED_TOOL,IMPUTED_USAGE_FEATURES",Low,0.65,No recent usage; abandoned tool; imputed usage features.,rules-only,0.2.0-tcb,0.0,False,False,False,False,False,False,True,True,False,False,False,False,False,False,False,True,NUT HOLDER,58.5,25.0
500219918,0,0,0,Y,Maintain,"NO_RECENT_USAGE,ABANDONED_TOOL,IMPUTED_USAGE_FEATURES",Medium,0.65,No recent usage; abandoned tool; imputed usage features.,rules-only,0.2.0-tcb,0.0,False,False,False,False,False,False,True,True,False,False,False,False,False,False,False,True,STA-L THETA ASSY,5760.9,25.0
500219920,0,0,0,N,Maintain,"NO_RECENT_USAGE,ABANDONED_TOOL,IMPUTED_USAGE_FEATURES",Low,0.65,No recent usage; abandoned tool; imputed usage features.,rules-only,0.2.0-tcb,0.0,False,False,False,False,False,False,True,True,False,False,False,False,False,False,False,True,"BALL,BEARING,25X42X9,A/C,STA-L,THETA",181.8,25.0
500219921,0,0,0,N,Maintain,"NO_RECENT_USAGE,ABANDONED_TOOL,IMPUTED_USAGE_FEATURES",Low,0.65,No recent usage; abandoned tool; imputed usage features.,rules-only,0.2.0-tcb,0.0,False,False,False,False,False,False,True,True,False,False,False,False,False,False,False,True,MOTOR PULLEY CLAMP,21.6,25.0
500219922,0,0,0,N,Maintain,"NO_RECENT_USAGE,ABANDONED_TOOL,IMPUTED_USAGE_FEATURES",Low,0.65,No recent usage; abandoned tool; imputed usage features.,rules-only,0.2.0-tcb,0.0,False,False,False,False,False,False,True,True,False,False,False,False,False,False,False,True,PULLEY (PD DIA 42.67),671.4,25.0
500219923,0,0,0,N,Maintain,"NO_RECENT_USAGE,ABANDONED_TOOL,IMPUTED_USAGE_FEATURES",Low,0.65,No recent usage; abandoned tool; imputed usage features.,rules-only,0.2.0-tcb,0.0,False,False,False,False,False,False,True,True,False,False,False,False,False,False,False,True,PULLEY (PD DIA 18.8),59.4,25.0
500219924,0,0,0,N,Maintain,"NO_RECENT_USAGE,ABANDONED_TOOL,IMPUTED_USAGE_FEATURES",Low,0.65,No recent usage; abandoned tool; imputed usage features.,rules-only,0.2.0-tcb,0.0,False,False,False,False,False,False,True,True,False,False,False,False,False,False,False,True,BEARING COVER,58.5,25.0
500219925,0,0,0,N,Maintain,"NO_RECENT_USAGE,ABANDONED_TOOL,IMPUTED_USAGE_FEATURES",Low,0.65,No recent usage; abandoned tool; imputed usage features.,rules-only,0.2.0-tcb,0.0,False,False,False,False,False,False,True,True,False,False,False,False,False,False,False,True,VACUUM SENSOR CONNECTOR,45.0,25.0
500219926,0,0,0,N,Maintain,"NO_RECENT_USAGE,ABANDONED_TOOL,IMPUTED_USAGE_FEATURES",Low,0.65,No recent usage; abandoned tool; imputed usage features.,rules-only,0.2.0-tcb,0.0,False,False,False,False,False,False,True,True,False,False,False,False,False,False,False,True,LOCK NUT M24,15.3,25.0
500219927,0,0,0,N,Maintain,"NO_RECENT_USAGE,ABANDONED_TOOL,IMPUTED_USAGE_FEATURES",Low,0.65,No recent usage; abandoned tool; imputed usage features.,rules-only,0.2.0-tcb,0.0,False,False,False,False,False,False,True,True,False,False,False,False,False,False,False,True,E_CHAIN MOUNTING(Z MOVING)(STA_L),201.6,25.0
500219928,0,0,0,N,Maintain,"NO_RECENT_USAGE,ABANDONED_TOOL,IMPUTED_USAGE_FEATURES",Low,0.65,No recent usage; abandoned tool; imputed usage features.,rules-only,0.2.0-tcb,0.0,False,False,False,False,False,False,True,True,False,False,False,False,False,False,False,True,BRACKET 2(L),29.7,25.0
500219929,0,0,0,N,Maintain,"NO_RECENT_USAGE,ABANDONED_TOOL,IMPUTED_USAGE_FEATURES",Low,0.65,No recent usage; abandoned tool; imputed usage features.,rules-only,0.2.0-tcb,0.0,False,False,False,False,False,False,True,True,False,False,False,False,False,False,False,True,THETA SNR FLAG (135 DEG),8.1,25.0
500219930,0,0,0,N,Maintain,"NO_RECENT_USAGE,ABANDONED_TOOL,IMPUTED_USAGE_FEATURES",Low,0.65,No recent usage; abandoned tool; imputed usage features.,rules-only,0.2.0-tcb,0.0,False,False,False,False,False,False,True,True,False,False,False,False,False,False,False,True,VACUUM SNR MOUNTING,18.0,25.0
500219931,0,0,0,N,Maintain,"NO_RECENT_USAGE,ABANDONED_TOOL,IMPUTED_USAGE_FEATURES",Low,0.65,No recent usage; abandoned tool; imputed usage features.,rules-only,0.2.0-tcb,0.0,False,False,False,False,False,False,True,True,False,False,False,False,False,False,False,True,TUBE SUPPORT,26.1,25.0
500219932,0,0,0,N,Maintain,"NO_RECENT_USAGE,ABANDONED_TOOL,IMPUTED_USAGE_FEATURES",Low,0.65,No recent usage; abandoned tool; imputed usage features.,rules-only,0.2.0-tcb,0.0,False,False,False,False,False,False,True,True,False,False,False,False,False,False,False,True,THETA STOPPER BLOCK (FRONT),26.1,25.0
500219933,0,0,0,N,Maintain,"NO_RECENT_USAGE,ABANDONED_TOOL,IMPUTED_USAGE_FEATURES",Low,0.65,No recent usage; abandoned tool; imputed usage features.,rules-only,0.2.0-tcb,0.0,False,False,False,False,False,False,True,True,False,False,False,False,False,False,False,True,STA Z SNR FLAG,5.4,25.0
500219934,0,0,0,N,Maintain,"NO_RECENT_USAGE,ABANDONED_TOOL,IMPUTED_USAGE_FEATURES",Low,0.65,No recent usage; abandoned tool; imputed usage features.,rules-only,0.2.0-tcb,0.0,False,False,False,False,False,False,True,True,False,False,False,False,False,False,False,True,STA L OPTICS MOUNT,72.9,25.0
500219935,0,0,0,N,Maintain,"NO_RECENT_USAGE,ABANDONED_TOOL,IMPUTED_USAGE_FEATURES",Low,0.65,No recent usage; abandoned tool; imputed usage features.,rules-only,0.2.0-tcb,0.0,False,False,False,False,False,False,True,True,False,False,False,False,False,False,False,True,THETA STOPPER BLOCK (REAR),26.1,25.0
500219936,0,0,0,N,Maintain,"NO_RECENT_USAGE,ABANDONED_TOOL,IMPUTED_USAGE_FEATURES",Low,0.65,No recent usage; abandoned tool; imputed usage features.,rules-only,0.2.0-tcb,0.0,False,False,False,False,False,False,True,True,False,False,False,False,False,False,False,True,THETA SNR MOUNT,8.1,25.0
500219937,0,0,0,N,Maintain,"NO_RECENT_USAGE,ABANDONED_TOOL,IMPUTED_USAGE_FEATURES",Low,0.65,No recent usage; abandoned tool; imputed usage features.,rules-only,0.2.0-tcb,0.0,False,False,False,False,False,False,True,True,False,False,False,False,False,False,False,True,STA L  THETA TABLE BASE,278.1,25.0
500219938,0,0,0,N,Maintain,"NO_RECENT_USAGE,ABANDONED_TOOL,IMPUTED_USAGE_FEATURES",Low,0.65,No recent usage; abandoned tool; imputed usage features.,rules-only,0.2.0-tcb,0.0,False,False,False,False,False,False,True,True,False,False,False,False,False,False,False,True,STA L THETA TABLE PLATE,225.0,25.0
500219939,0,0,0,N,Maintain,"NO_RECENT_USAGE,ABANDONED_TOOL,IMPUTED_USAGE_FEATURES",Low,0.65,No recent usage; abandoned tool; imputed usage features.,rules-only,0.2.0-tcb,0.0,False,False,False,False,False,False,True,True,False,False,False,False,False,False,False,True,STA L BELT COVER 2,23.4,25.0
500219940,0,0,0,N,Maintain,"NO_RECENT_USAGE,ABANDONED_TOOL,IMPUTED_USAGE_FEATURES",Low,0.65,No recent usage; abandoned tool; imputed usage features.,rules-only,0.2.0-tcb,0.0,False,False,False,False,False,False,True,True,False,False,False,False,False,False,False,True,STA L THETA MOTOR MOUNT,126.9,25.0
500219941,0,0,0,N,Maintain,"NO_RECENT_USAGE,ABANDONED_TOOL,IMPUTED_USAGE_FEATURES",Low,0.65,No recent usage; abandoned tool; imputed usage features.,rules-only,0.2.0-tcb,0.0,False,False,False,False,False,False,True,True,False,False,False,False,False,False,False,True,STA L THETA BELT COVER 1,23.4,25.0
500219942,0,0,0,N,Maintain,"NO_RECENT_USAGE,IMPUTED_USAGE_FEATURES",Low,0.65,No recent usage; imputed usage features.,rules-only,0.2.0-tcb,0.0,False,False,False,False,False,False,True,False,False,False,False,False,False,False,False,True,LEFT PICKHEAD INTERFACE PLATE ASSY,302.4,25.0
500219943,0,0,0,N,Maintain,"NO_RECENT_USAGE,IMPUTED_USAGE_FEATURES",Low,0.65,No recent usage; imputed usage features.,rules-only,0.2.0-tcb,0.0,False,False,False,False,False,False,True,False,False,False,False,False,False,False,False,True,LEFT PICKHEAD INTERFACE ASSY,348.43,10.0
500219944,0,0,0,Y,Maintain,"NO_RECENT_USAGE,ABANDONED_TOOL,IMPUTED_USAGE_FEATURES",Medium,0.65,No recent usage; abandoned tool; imputed usage features.,rules-only,0.2.0-tcb,0.0,False,False,False,False,False,False,True,True,False,False,False,False,False,False,False,True,SUBSTRATE TRANSFER ARM - R (STA-R),36259.2,25.0
500219945,0,0,0,Y,Maintain,"NO_RECENT_USAGE,ABANDONED_TOOL,IMPUTED_USAGE_FEATURES",Medium,0.65,No recent usage; abandoned tool; imputed usage features.,rules-only,0.2.0-tcb,0.0,False,False,False,False,False,False,True,True,False,False,False,False,False,False,False,True,STA-R Y TABLE ASSY,8929.8,25.0
500219946,0,0,0,N,Maintain,"NO_RECENT_USAGE,ABANDONED_TOOL,IMPUTED_USAGE_FEATURES",Low,0.65,No recent usage; abandoned tool; imputed usage features.,rules-only,0.2.0-tcb,0.0,False,False,False,False,False,False,True,True,False,False,False,False,False,False,False,True,Y CASTING COVER,21.6,25.0
500219947,0,0,0,N,Maintain,"NO_RECENT_USAGE,ABANDONED_TOOL,IMPUTED_USAGE_FEATURES",Low,0.65,No recent usage; abandoned tool; imputed usage features.,rules-only,0.2.0-tcb,0.0,False,False,False,False,False,False,True,True,False,False,False,False,False,False,False,True,STA Y MOTOR SUPPORT,257.4,25.0
500219948,0,0,0,N,Maintain,"NO_RECENT_USAGE,ABANDONED_TOOL,IMPUTED_USAGE_FEATURES",Low,0.65,No recent usage; abandoned tool; imputed usage features.,rules-only,0.2.0-tcb,0.0,False,False,False,False,False,False,True,True,False,False,False,False,False,False,False,True,STA-R MODULE BASE,1163.7,25.0
500219949,0,0,0,N,Maintain,"NO_RECENT_USAGE,ABANDONED_TOOL,IMPUTED_USAGE_FEATURES",Low,0.65,No recent usage; abandoned tool; imputed usage features.,rules-only,0.2.0-tcb,0.0,False,False,False,False,False,False,True,True,False,False,False,False,False,False,False,True,STA CASTING STAND,621.0,25.0
500219950,0,0,0,N,Maintain,"NO_RECENT_USAGE,ABANDONED_TOOL,IMPUTED_USAGE_FEATURES",Low,0.65,No recent usage; abandoned tool; imputed usage features.,rules-only,0.2.0-tcb,0.0,False,False,False,False,False,False,True,True,False,False,False,False,False,False,False,True,COVER 3 (STA_R),63.9,25.0
500219951,0,0,0,N,Maintain,"NO_RECENT_USAGE,ABANDONED_TOOL,IMPUTED_USAGE_FEATURES",Low,0.65,No recent usage; abandoned tool; imputed usage features.,rules-only,0.2.0-tcb,0.0,False,False,False,False,False,False,True,True,False,False,False,False,False,False,False,True,STA-R Y MOTOR SUPPORT BASE,993.6,25.0
500219952,0,0,0,N,Maintain,"NO_RECENT_USAGE,ABANDONED_TOOL,IMPUTED_USAGE_FEATURES",Low,0.65,No recent usage; abandoned tool; imputed usage features.,rules-only,0.2.0-tcb,0.0,False,False,False,False,False,False,True,True,False,False,False,False,False,False,False,True,CABLE COVER 1(STA R),35.1,25.0
500219953,0,0,0,N,Maintain,"NO_RECENT_USAGE,ABANDONED_TOOL,IMPUTED_USAGE_FEATURES",Low,0.65,No recent usage; abandoned tool; imputed usage features.,rules-only,0.2.0-tcb,0.0,False,False,False,False,False,False,True,True,False,False,False,False,False,False,False,True,E_CHAIN MOUNTING(Z FIXEND)(STA_R),84.6,25.0
500219954,0,0,0,N,Maintain,"NO_RECENT_USAGE,ABANDONED_TOOL,IMPUTED_USAGE_FEATURES",Low,0.65,No recent usage; abandoned tool; imputed usage features.,rules-only,0.2.0-tcb,0.0,False,False,False,False,False,False,True,True,False,False,False,False,False,False,False,True,CABLE COVER 2(STA R),40.5,25.0
500219955,0,0,0,N,Maintain,"NO_RECENT_USAGE,ABANDONED_TOOL,IMPUTED_USAGE_FEATURES",Low,0.65,No recent usage; abandoned tool; imputed usage features.,rules-only,0.2.0-tcb,0.0,False,False,False,False,False,False,True,True,False,False,False,False,False,False,False,True,CABLE COVER 3(STA R),50.4,25.0
500219956,0,0,0,N,Maintain,"NO_RECENT_USAGE,ABANDONED_TOOL,IMPUTED_USAGE_FEATURES",Low,0.65,No recent usage; abandoned tool; imputed usage features.,rules-only,0.2.0-tcb,0.0,False,False,False,False,False,False,True,True,False,False,False,False,False,False,False,True,Y MOVING END (STA R),270.0,25.0
500219957,0,0,0,N,Maintain,"NO_RECENT_USAGE,ABANDONED_TOOL,IMPUTED_USAGE_FEATURES",Low,0.65,No recent usage; abandoned tool; imputed usage features.,rules-only,0.2.0-tcb,0.0,False,False,False,False,False,False,True,True,False,False,False,False,False,False,False,True,Y CONNECTOR MOUNTING(STA R),115.2,25.0
500219958,0,0,0,N,Maintain,"NO_RECENT_USAGE,ABANDONED_TOOL,IMPUTED_USAGE_FEATURES",Low,0.65,No recent usage; abandoned tool; imputed usage features.,rules-only,0.2.0-tcb,0.0,False,False,False,False,False,False,True,True,False,False,False,False,False,False,False,True,STA R Y CONNECTOR COVER,51.3,25.0
500219959,0,0,0,N,Maintain,"NO_RECENT_USAGE,ABANDONED_TOOL,IMPUTED_USAGE_FEATURES",Low,0.65,No recent usage; abandoned tool; imputed usage features.,rules-only,0.2.0-tcb,0.0,False,False,False,False,False,False,True,True,False,False,False,False,False,False,False,True,ESIO AND CAMERA MOUNING(STA R),42.45,25.0
500219960,0,0,0,Y,Maintain,"NO_RECENT_USAGE,ABANDONED_TOOL,IMPUTED_USAGE_FEATURES",Medium,0.65,No recent usage; abandoned tool; imputed usage features.,rules-only,0.2.0-tcb,0.0,False,False,False,False,False,False,True,True,False,False,False,False,False,False,False,True,STA-R Z TABLE ASSY,5902.2,25.0
500219961,0,0,0,Y,Maintain,"NO_RECENT_USAGE,ABANDONED_TOOL,IMPUTED_USAGE_FEATURES",Medium,0.65,No recent usage; abandoned tool; imputed usage features.,rules-only,0.2.0-tcb,0.0,False,False,False,False,False,False,True,True,False,False,False,False,False,False,False,True,STA-R THETA ASSY,5916.6,25.0
500219963,0,0,0,Y,Maintain,"NO_RECENT_USAGE,ABANDONED_TOOL,IMPUTED_USAGE_FEATURES",Medium,0.65,No recent usage; abandoned tool; imputed usage features.,rules-only,0.2.0-tcb,0.0,False,False,False,False,False,False,True,True,False,False,False,False,False,False,False,True,COVER OPENING STATION -L (COS-L),14407.2,25.0
500219964,0,0,0,N,Maintain,"NO_RECENT_USAGE,ABANDONED_TOOL,IMPUTED_USAGE_FEATURES",Low,0.65,No recent usage; abandoned tool; imputed usage features.,rules-only,0.2.0-tcb,0.0,False,False,False,False,False,False,True,True,False,False,False,False,False,False,False,True,CONNECTOR MOUNTING (COS L),43.2,25.0
500219965,0,0,0,Y,Maintain,"NO_RECENT_USAGE,ABANDONED_TOOL,IMPUTED_USAGE_FEATURES",Medium,0.65,No recent usage; abandoned tool; imputed usage features.,rules-only,0.2.0-tcb,0.0,False,False,False,False,False,False,True,True,False,False,False,False,False,False,False,True,COS-L FRONT TRACK ASSY,4464.0,25.0
500219966,0,0,0,N,Maintain,"NO_RECENT_USAGE,IMPUTED_USAGE_FEATURES",Low,0.65,No recent usage; imputed usage features.,rules-only,0.2.0-tcb,0.0,False,False,False,False,False,False,True,False,False,False,False,False,False,False,False,True,"MOTOR,CAH,58-00044,ASSEMBLY,LEFT",92.91,25.0
500219967,0,0,0,N,Maintain,"NO_RECENT_USAGE,IMPUTED_USAGE_FEATURES",Low,0.65,No recent usage; imputed usage features.,rules-only,0.2.0-tcb,0.0,False,False,False,False,False,False,True,False,False,False,False,False,False,False,False,True,TRACK WIDTH MTR&ENC ASSY,348.43,25.0
500219968,0,0,0,N,Maintain,"NO_RECENT_USAGE,ABANDONED_TOOL,IMPUTED_USAGE_FEATURES",Low,0.65,No recent usage; abandoned tool; imputed usage features.,rules-only,0.2.0-tcb,0.0,False,False,False,False,False,False,True,True,False,False,False,False,False,False,False,True,(COS-L)IN SENSOR UP,209.86,25.0
500219969,0,0,0,N,Maintain,"NO_RECENT_USAGE,IMPUTED_USAGE_FEATURES",Low,0.65,No recent usage; imputed usage features.,rules-only,0.2.0-tcb,0.0,False,False,False,False,False,False,True,False,False,False,False,False,False,False,False,True,(COS-L)IN SENSOR DOWN,209.86,25.0
500219970,0,0,0,N,Maintain,"NO_RECENT_USAGE,ABANDONED_TOOL,IMPUTED_USAGE_FEATURES",Low,0.65,No recent usage; abandoned tool; imputed usage features.,rules-only,0.2.0-tcb,0.0,False,False,False,False,False,False,True,True,False,False,False,False,False,False,False,True,"SENSOR,EXIST,COS-L",209.86,15.0
500219971,0,0,0,N,Maintain,"NO_RECENT_USAGE,ABANDONED_TOOL,IMPUTED_USAGE_FEATURES",Low,0.65,No recent usage; abandoned tool; imputed usage features.,rules-only,0.2.0-tcb,0.0,False,False,False,False,False,False,True,True,False,False,False,False,False,False,False,True,COS-L FRONT TRACK,523.8,25.0
500219972,0,0,0,N,Maintain,"NO_RECENT_USAGE,ABANDONED_TOOL,IMPUTED_USAGE_FEATURES",Low,0.65,No recent usage; abandoned tool; imputed usage features.,rules-only,0.2.0-tcb,0.0,False,False,False,False,False,False,True,True,False,False,False,False,False,False,False,True,COS-L SAFETY SNR MNT,18.0,25.0
500219973,0,0,0,N,Maintain,"NO_RECENT_USAGE,ABANDONED_TOOL,IMPUTED_USAGE_FEATURES",Low,0.65,No recent usage; abandoned tool; imputed usage features.,rules-only,0.2.0-tcb,0.0,False,False,False,False,False,False,True,True,False,False,False,False,False,False,False,True,COS L FRONT TRACK COVER,143.1,25.0
500219974,0,0,0,N,Maintain,"NO_RECENT_USAGE,ABANDONED_TOOL,IMPUTED_USAGE_FEATURES",Low,0.65,No recent usage; abandoned tool; imputed usage features.,rules-only,0.2.0-tcb,0.0,False,False,False,False,False,False,True,True,False,False,False,False,False,False,False,True,COS X STOPPER MOUNT L,16.2,25.0
500219975,0,0,0,N,Maintain,"NO_RECENT_USAGE,ABANDONED_TOOL,IMPUTED_USAGE_FEATURES",Low,0.65,No recent usage; abandoned tool; imputed usage features.,rules-only,0.2.0-tcb,0.0,False,False,False,False,False,False,True,True,False,False,False,False,False,False,False,True,COS-L CONVEYOR MTR MOUNT,72.0,25.0
500219976,0,0,0,Y,Maintain,"NO_RECENT_USAGE,ABANDONED_TOOL,IMPUTED_USAGE_FEATURES",Medium,0.65,No recent usage; abandoned tool; imputed usage features.,rules-only,0.2.0-tcb,0.0,False,False,False,False,False,False,True,True,False,False,False,False,False,False,False,True,COS-L REAR TRACK ASSY,2536.2,25.0
500219977,0,0,0,N,Maintain,"NO_RECENT_USAGE,ABANDONED_TOOL,IMPUTED_USAGE_FEATURES",Low,0.65,No recent usage; abandoned tool; imputed usage features.,rules-only,0.2.0-tcb,0.0,False,False,False,False,False,False,True,True,False,False,False,False,False,False,False,True,COS-L TRACKWIDTH MTR MOUNT,58.5,25.0
500219978,0,0,0,N,Maintain,"NO_RECENT_USAGE,ABANDONED_TOOL,IMPUTED_USAGE_FEATURES",Low,0.65,No recent usage; abandoned tool; imputed usage features.,rules-only,0.2.0-tcb,0.0,False,False,False,False,False,False,True,True,False,False,False,False,False,False,False,True,COS L TRACK WIDTH FLAG,12.6,25.0
500219979,0,0,0,N,Maintain,"NO_RECENT_USAGE,ABANDONED_TOOL,IMPUTED_USAGE_FEATURES",Low,0.65,No recent usage; abandoned tool; imputed usage features.,rules-only,0.2.0-tcb,0.0,False,False,False,False,False,False,True,True,False,False,False,False,False,False,False,True,COS-L REAR TRACK,645.3,25.0
500219980,0,0,0,N,Maintain,"NO_RECENT_USAGE,ABANDONED_TOOL,IMPUTED_USAGE_FEATURES",Low,0.65,No recent usage; abandoned tool; imputed usage features.,rules-only,0.2.0-tcb,0.0,False,False,False,False,False,False,True,True,False,False,False,False,False,False,False,True,COS L PUSHER ASSY,133.2,25.0
500219981,0,0,0,N,Maintain,"NO_RECENT_USAGE,ABANDONED_TOOL,IMPUTED_USAGE_FEATURES",Low,0.65,No recent usage; abandoned tool; imputed usage features.,rules-only,0.2.0-tcb,0.0,False,False,False,False,False,False,True,True,False,False,False,False,False,False,False,True,COS-L REAR TRACK COVER,90.0,25.0
500219982,0,0,0,Y,Maintain,"NO_RECENT_USAGE,ABANDONED_TOOL,IMPUTED_USAGE_FEATURES",Medium,0.65,No recent usage; abandoned tool; imputed usage features.,rules-only,0.2.0-tcb,0.0,False,False,False,False,False,False,True,True,False,False,False,False,False,False,False,True,COVER OPENING STATION -R (COS-R),14627.7,25.0
500219983,0,0,0,N,Maintain,"NO_RECENT_USAGE,ABANDONED_TOOL,IMPUTED_USAGE_FEATURES",Low,0.65,No recent usage; abandoned tool; imputed usage features.,rules-only,0.2.0-tcb,0.0,False,False,False,False,False,False,True,True,False,False,False,False,False,False,False,True,TUBE MOUNTING MOVING (COS),16.2,25.0
500219984,0,0,0,N,Maintain,"NO_RECENT_USAGE,ABANDONED_TOOL,IMPUTED_USAGE_FEATURES",Low,0.65,No recent usage; abandoned tool; imputed usage features.,rules-only,0.2.0-tcb,0.0,False,False,False,False,False,False,True,True,False,False,False,False,False,False,False,True,TUBE MOUNTING FIX END 2 (COS),18.0,25.0
500219985,0,0,0,N,Maintain,"NO_RECENT_USAGE,ABANDONED_TOOL,IMPUTED_USAGE_FEATURES",Low,0.65,No recent usage; abandoned tool; imputed usage features.,rules-only,0.2.0-tcb,0.0,False,False,False,False,False,False,True,True,False,False,False,False,False,False,False,True,NYLON (COS),7.2,25.0
500219986,0,0,0,N,Maintain,"NO_RECENT_USAGE,ABANDONED_TOOL,IMPUTED_USAGE_FEATURES",Low,0.65,No recent usage; abandoned tool; imputed usage features.,rules-only,0.2.0-tcb,0.0,False,False,False,False,False,False,True,True,False,False,False,False,False,False,False,True,CABLE SUPPORT,36.0,25.0
500219987,0,0,0,N,Maintain,"NO_RECENT_USAGE,ABANDONED_TOOL,IMPUTED_USAGE_FEATURES",Low,0.65,No recent usage; abandoned tool; imputed usage features.,rules-only,0.2.0-tcb,0.0,False,False,False,False,False,False,True,True,False,False,False,False,False,False,False,True,TUBE MOUNTING FIX END 1 (COS),21.6,25.0
500219988,0,0,0,N,Maintain,"NO_RECENT_USAGE,ABANDONED_TOOL,IMPUTED_USAGE_FEATURES",Low,0.65,No recent usage; abandoned tool; imputed usage features.,rules-only,0.2.0-tcb,0.0,False,False,False,False,False,False,True,True,False,False,False,False,False,False,False,True,COS CAL GLASS MOUNT ASSY,126.9,55.0
500219989,0,0,0,N,Maintain,"NO_RECENT_USAGE,ABANDONED_TOOL,IMPUTED_USAGE_FEATURES",Low,0.65,No recent usage; abandoned tool; imputed usage features.,rules-only,0.2.0-tcb,0.0,False,False,False,False,False,False,True,True,False,False,False,False,False,False,False,True,CONNECTOR MOUNTING (COS R),51.3,25.0
500219990,0,0,0,N,Maintain,"NO_RECENT_USAGE,IMPUTED_USAGE_FEATURES",Low,0.65,No recent usage; imputed usage features.,rules-only,0.2.0-tcb,0.0,False,False,False,False,False,False,True,False,False,False,False,False,False,False,False,True,CAH 58-00044 MTR ASSY,92.91,10.0
500219991,0,0,0,N,Maintain,"NO_RECENT_USAGE,IMPUTED_USAGE_FEATURES",Low,0.65,No recent usage; imputed usage features.,rules-only,0.2.0-tcb,0.0,False,False,False,False,False,False,True,False,False,False,False,False,False,False,False,True,TRACK WIDTH MTR&ENC ASSY,348.43,25.0
500219992,0,0,0,Y,Maintain,"NO_RECENT_USAGE,ABANDONED_TOOL,IMPUTED_USAGE_FEATURES",Medium,0.65,No recent usage; abandoned tool; imputed usage features.,rules-only,0.2.0-tcb,0.0,False,False,False,False,False,False,True,True,False,False,False,False,False,False,False,True,COS-R FRONT TRACK ASSY,4535.1,25.0
500219993,0,0,0,N,Maintain,"NO_RECENT_USAGE,IMPUTED_USAGE_FEATURES",Low,0.65,No recent usage; imputed usage features.,rules-only,0.2.0-tcb,0.0,False,False,False,False,False,False,True,False,False,False,False,False,False,False,False,True,(COS-R)IN SENSOR DOWN,209.86,25.0
500219994,0,0,0,N,Maintain,"NO_RECENT_USAGE,IMPUTED_USAGE_FEATURES",Low,0.65,No recent usage; imputed usage features.,rules-only,0.2.0-tcb,0.0,False,False,False,False,False,False,True,False,False,False,False,False,False,False,False,True,(COS-R)IN SENSOR UP,209.86,25.0
500219995,0,0,0,N,Maintain,"NO_RECENT_USAGE,IMPUTED_USAGE_FEATURES",Low,0.65,No recent usage; imputed usage features.,rules-only,0.2.0-tcb,0.0,False,False,False,False,False,False,True,False,False,False,False,False,False,False,False,True,(COS-R)EXIST SENSOR,209.86,25.0
500219996,0,0,0,N,Maintain,"NO_RECENT_USAGE,ABANDONED_TOOL,IMPUTED_USAGE_FEATURES",Low,0.65,No recent usage; abandoned tool; imputed usage features.,rules-only,0.2.0-tcb,0.0,False,False,False,False,False,False,True,True,False,False,False,False,False,False,False,True,CALIBRATION GLASS BACK PLATE,18.9,25.0
500219997,0,0,0,N,Maintain,"NO_RECENT_USAGE,ABANDONED_TOOL,IMPUTED_USAGE_FEATURES",Low,0.65,No recent usage; abandoned tool; imputed usage features.,rules-only,0.2.0-tcb,0.0,False,False,False,False,False,False,True,True,False,False,False,False,False,False,False,True,COS-L CONVEYOR MTR MOUNT,57.6,25.0
500219998,0,0,0,N,Maintain,"NO_RECENT_USAGE,ABANDONED_TOOL,IMPUTED_USAGE_FEATURES",Low,0.65,No recent usage; abandoned tool; imputed usage features.,rules-only,0.2.0-tcb,0.0,False,False,False,False,False,False,True,True,False,False,False,False,False,False,False,True,COS-R FRONT TRACK,615.6,25.0
500219999,0,0,0,N,Maintain,"NO_RECENT_USAGE,ABANDONED_TOOL,IMPUTED_USAGE_FEATURES",Low,0.65,No recent usage; abandoned tool; imputed usage features.,rules-only,0.2.0-tcb,0.0,False,False,False,False,False,False,True,True,False,False,False,False,False,False,False,True,COS-R TRACK WIDTH MTR MOUNT,70.2,25.0
500220000,0,0,0,N,Maintain,"NO_RECENT_USAGE,ABANDONED_TOOL,IMPUTED_USAGE_FEATURES",Low,0.65,No recent usage; abandoned tool; imputed usage features.,rules-only,0.2.0-tcb,0.0,False,False,False,False,False,False,True,True,False,False,False,False,False,False,False,True,COS TRACK WIDTH MTR MOUNT BASE,21.6,25.0
500220001,0,0,0,N,Maintain,"NO_RECENT_USAGE,ABANDONED_TOOL,IMPUTED_USAGE_FEATURES",Low,0.65,No recent usage; abandoned tool; imputed usage features.,rules-only,0.2.0-tcb,0.0,False,False,False,False,False,False,True,True,False,False,False,False,False,False,False,True,COS-R SAFETY SNR MNT,18.0,25.0
500220002,0,0,0,N,Maintain,"NO_RECENT_USAGE,ABANDONED_TOOL,IMPUTED_USAGE_FEATURES",Low,0.65,No recent usage; abandoned tool; imputed usage features.,rules-only,0.2.0-tcb,0.0,False,False,False,False,False,False,True,True,False,False,False,False,False,False,False,True,COS EXIST SNR MNT,48.6,25.0
500220003,0,0,0,N,Maintain,"NO_RECENT_USAGE,ABANDONED_TOOL,IMPUTED_USAGE_FEATURES",Low,0.65,No recent usage; abandoned tool; imputed usage features.,rules-only,0.2.0-tcb,0.0,False,False,False,False,False,False,True,True,False,False,False,False,False,False,False,True,COS X STOPPER,47.7,25.0
500220004,0,0,0,N,Maintain,"NO_RECENT_USAGE,ABANDONED_TOOL,IMPUTED_USAGE_FEATURES",Low,0.65,No recent usage; abandoned tool; imputed usage features.,rules-only,0.2.0-tcb,0.0,False,False,False,False,False,False,True,True,False,False,False,False,False,False,False,True,COS X STOPPER MOUNT R,18.0,25.0
500220005,0,0,0,N,Maintain,"NO_RECENT_USAGE,ABANDONED_TOOL,IMPUTED_USAGE_FEATURES",Low,0.65,No recent usage; abandoned tool; imputed usage features.,rules-only,0.2.0-tcb,0.0,False,False,False,False,False,False,True,True,False,False,False,False,False,False,False,True,COS CALIBRATION GLASS BASE,31.5,25.0
500220006,0,0,0,N,Maintain,"NO_RECENT_USAGE,ABANDONED_TOOL,IMPUTED_USAGE_FEATURES",Low,0.65,No recent usage; abandoned tool; imputed usage features.,rules-only,0.2.0-tcb,0.0,False,False,False,False,False,False,True,True,False,False,False,False,False,False,False,True,COS R FRONT TRACK COVER,143.1,25.0
500220007,0,0,0,Y,Maintain,"NO_RECENT_USAGE,ABANDONED_TOOL,IMPUTED_USAGE_FEATURES",Medium,0.65,No recent usage; abandoned tool; imputed usage features.,rules-only,0.2.0-tcb,0.0,False,False,False,False,False,False,True,True,False,False,False,False,False,False,False,True,COS-R REAR TRACK ASSY,2678.4,25.0
500220008,0,0,0,N,Maintain,"NO_RECENT_USAGE,ABANDONED_TOOL,IMPUTED_USAGE_FEATURES",Low,0.65,No recent usage; abandoned tool; imputed usage features.,rules-only,0.2.0-tcb,0.0,False,False,False,False,False,False,True,True,False,False,False,False,False,False,False,True,COS-R REAR TRACK,809.1,25.0
500220009,0,0,0,N,Maintain,"NO_RECENT_USAGE,ABANDONED_TOOL,IMPUTED_USAGE_FEATURES",Low,0.65,No recent usage; abandoned tool; imputed usage features.,rules-only,0.2.0-tcb,0.0,False,False,False,False,False,False,True,True,False,False,False,False,False,False,False,True,COS SUPPORTING BAR,58.5,25.0
500220010,0,0,0,N,Maintain,"NO_RECENT_USAGE,ABANDONED_TOOL,IMPUTED_USAGE_FEATURES",Low,0.65,No recent usage; abandoned tool; imputed usage features.,rules-only,0.2.0-tcb,0.0,False,False,False,False,False,False,True,True,False,False,False,False,False,False,False,True,COS R TRACK WIDTH FLAG,13.5,25.0
500220011,0,0,0,N,Maintain,"NO_RECENT_USAGE,ABANDONED_TOOL,IMPUTED_USAGE_FEATURES",Low,0.65,No recent usage; abandoned tool; imputed usage features.,rules-only,0.2.0-tcb,0.0,False,False,False,False,False,False,True,True,False,False,False,False,False,False,False,True,COS REAR TRACK COVER 1,55.8,25.0
500220012,0,0,0,N,Maintain,"NO_RECENT_USAGE,ABANDONED_TOOL,IMPUTED_USAGE_FEATURES",Low,0.65,No recent usage; abandoned tool; imputed usage features.,rules-only,0.2.0-tcb,0.0,False,False,False,False,False,False,True,True,False,False,False,False,False,False,False,True,COS REAR TRACK COVER 2,77.4,25.0
500220013,0,0,0,N,Maintain,"NO_RECENT_USAGE,IMPUTED_USAGE_FEATURES",Low,0.65,No recent usage; imputed usage features.,rules-only,0.2.0-tcb,0.0,False,False,False,False,False,False,True,False,False,False,False,False,False,False,False,True,IDLER ASSY,43.25,15.0
500220014,0,0,0,N,Maintain,"NO_RECENT_USAGE,ABANDONED_TOOL,IMPUTED_USAGE_FEATURES",Low,0.65,No recent usage; abandoned tool; imputed usage features.,rules-only,0.2.0-tcb,0.0,False,False,False,False,False,False,True,True,False,False,False,False,False,False,False,True,COS-R REAR TRACK COVER,90.0,25.0
500220015,0,0,0,N,Maintain,"NO_RECENT_USAGE,IMPUTED_USAGE_FEATURES",Low,0.65,No recent usage; imputed usage features.,rules-only,0.2.0-tcb,0.0,False,False,False,False,False,False,True,False,False,False,False,False,False,False,False,True,"PUSHER,COS-R,ASSEMBLY",133.2,48.0
500220016,0,0,0,Y,Maintain,"NO_RECENT_USAGE,ABANDONED_TOOL,IMPUTED_USAGE_FEATURES",Medium,0.65,No recent usage; abandoned tool; imputed usage features.,rules-only,0.2.0-tcb,0.0,False,False,False,False,False,False,True,True,False,False,False,False,False,False,False,True,COS BASE ASSY,2184.3,25.0
500220017,0,0,0,N,Maintain,"NO_RECENT_USAGE,ABANDONED_TOOL,IMPUTED_USAGE_FEATURES",Low,0.65,No recent usage; abandoned tool; imputed usage features.,rules-only,0.2.0-tcb,0.0,False,False,False,False,False,False,True,True,False,False,False,False,False,False,False,True,COS CONVEYOR TRACK WIDTH STOPPER,12.6,25.0
500220018,0,0,0,Y,Maintain,"NO_RECENT_USAGE,ABANDONED_TOOL,IMPUTED_USAGE_FEATURES",Medium,0.65,No recent usage; abandoned tool; imputed usage features.,rules-only,0.2.0-tcb,0.0,False,False,False,False,False,False,True,True,False,False,False,False,False,False,False,True,COS UP DOWN LOADER ASSY,4347.0,25.0
500220019,0,0,0,N,Maintain,"NO_RECENT_USAGE,IMPUTED_USAGE_FEATURES",Low,0.65,No recent usage; imputed usage features.,rules-only,0.2.0-tcb,0.0,False,False,False,False,False,False,True,False,False,False,False,False,False,False,False,True,COS Z MTR CABLE ASSY,791.38,25.0
500220020,0,0,0,N,Maintain,"NO_RECENT_USAGE,ABANDONED_TOOL,IMPUTED_USAGE_FEATURES",Low,0.65,No recent usage; abandoned tool; imputed usage features.,rules-only,0.2.0-tcb,0.0,False,False,False,False,False,False,True,True,False,False,False,False,False,False,False,True,COS BASE,845.1,25.0
500220021,0,0,0,N,Maintain,"NO_RECENT_USAGE,IMPUTED_USAGE_FEATURES",Low,0.65,No recent usage; imputed usage features.,rules-only,0.2.0-tcb,0.0,False,False,False,False,False,False,True,False,False,False,False,False,False,False,False,True,DOWEL PIN D4 X L20,1.6,15.0
500220022,0,0,0,N,Maintain,"NO_RECENT_USAGE,IMPUTED_USAGE_FEATURES",Low,0.65,No recent usage; imputed usage features.,rules-only,0.2.0-tcb,0.0,False,False,False,False,False,False,True,False,False,False,False,False,False,False,False,True,LINEAR BUSHING 12X22X32,40.05,25.0
500220023,0,0,0,N,Maintain,"NO_RECENT_USAGE,ABANDONED_TOOL,IMPUTED_USAGE_FEATURES",Low,0.65,No recent usage; abandoned tool; imputed usage features.,rules-only,0.2.0-tcb,0.0,False,False,False,False,False,False,True,True,False,False,False,False,False,False,False,True,(EJ) SET COLLAR D10,18.0,25.0
500220024,0,0,0,N,Maintain,"NO_RECENT_USAGE,ABANDONED_TOOL,IMPUTED_USAGE_FEATURES",Low,0.65,No recent usage; abandoned tool; imputed usage features.,rules-only,0.2.0-tcb,0.0,False,False,False,False,False,False,True,True,False,False,False,False,False,False,False,True,(EW) UD ANVIL BLOCK MOTOR MOUNT,94.5,25.0
500220025,0,0,0,N,Maintain,"NO_RECENT_USAGE,ABANDONED_TOOL,IMPUTED_USAGE_FEATURES",Low,0.65,No recent usage; abandoned tool; imputed usage features.,rules-only,0.2.0-tcb,0.0,False,False,False,False,False,False,True,True,False,False,False,False,False,False,False,True,(EW) PLATFORM-LM SHAFT MOUNT,51.3,25.0
500220026,0,0,0,N,Maintain,"NO_RECENT_USAGE,ABANDONED_TOOL,IMPUTED_USAGE_FEATURES",Low,0.65,No recent usage; abandoned tool; imputed usage features.,rules-only,0.2.0-tcb,0.0,False,False,False,False,False,False,True,True,False,False,False,False,False,False,False,True,(EW) UD ANVIL BLOCK MOTOR PULLEY,83.7,25.0
500220027,0,0,0,N,Maintain,"NO_RECENT_USAGE,ABANDONED_TOOL,IMPUTED_USAGE_FEATURES",Low,0.65,No recent usage; abandoned tool; imputed usage features.,rules-only,0.2.0-tcb,0.0,False,False,False,False,False,False,True,True,False,False,False,False,False,False,False,True,(EW) LM BUSH HOUSE,117.0,25.0
500220028,0,0,0,N,Maintain,"NO_RECENT_USAGE,ABANDONED_TOOL,IMPUTED_USAGE_FEATURES",Low,0.65,No recent usage; abandoned tool; imputed usage features.,rules-only,0.2.0-tcb,0.0,False,False,False,False,False,False,True,True,False,False,False,False,False,False,False,True,STACKER UP/DOWN GUIDE ROD,62.1,25.0
500220029,0,0,0,N,Maintain,"NO_RECENT_USAGE,ABANDONED_TOOL,IMPUTED_USAGE_FEATURES",Low,0.65,No recent usage; abandoned tool; imputed usage features.,rules-only,0.2.0-tcb,0.0,False,False,False,False,False,False,True,True,False,False,False,False,False,False,False,True,UP DOWN LOADER BASE,529.2,25.0
500220030,0,0,0,N,Maintain,"NO_RECENT_USAGE,ABANDONED_TOOL,IMPUTED_USAGE_FEATURES",Low,0.65,No recent usage; abandoned tool; imputed usage features.,rules-only,0.2.0-tcb,0.0,False,False,False,False,False,False,True,True,False,False,False,False,False,False,False,True,STACKER UP/DOWN HOME SENSOR MOUNT,41.4,25.0
500220031,0,0,0,N,Maintain,"NO_RECENT_USAGE,ABANDONED_TOOL,IMPUTED_USAGE_FEATURES",Low,0.65,No recent usage; abandoned tool; imputed usage features.,rules-only,0.2.0-tcb,0.0,False,False,False,False,False,False,True,True,False,False,False,False,False,False,False,True,UP DOWN BASE PLATE,194.4,25.0
500220032,0,0,0,N,Maintain,"NO_RECENT_USAGE,ABANDONED_TOOL,IMPUTED_USAGE_FEATURES",Low,0.65,No recent usage; abandoned tool; imputed usage features.,rules-only,0.2.0-tcb,0.0,False,False,False,False,False,False,True,True,False,False,False,False,False,False,False,True,COS UP DN SNR FLAG,12.6,25.0
500220033,0,0,0,N,Maintain,"NO_RECENT_USAGE,IMPUTED_USAGE_FEATURES",Low,0.65,No recent usage; imputed usage features.,rules-only,0.2.0-tcb,0.0,False,False,False,False,False,False,True,False,False,False,False,False,False,False,False,True,COS ADAPTOR ASSY,257.92,25.0
500220035,0,0,0,N,Maintain,"NO_RECENT_USAGE,ABANDONED_TOOL,IMPUTED_USAGE_FEATURES",Low,0.65,No recent usage; abandoned tool; imputed usage features.,rules-only,0.2.0-tcb,0.0,False,False,False,False,False,False,True,True,False,False,False,False,False,False,False,True,COS Z SENSOR MOUNT,12.6,25.0
500220036,0,0,0,N,Maintain,"NO_RECENT_USAGE,ABANDONED_TOOL,IMPUTED_USAGE_FEATURES",Low,0.65,No recent usage; abandoned tool; imputed usage features.,rules-only,0.2.0-tcb,0.0,False,False,False,False,False,False,True,True,False,False,False,False,False,False,False,True,COS UD ASSY FOR METAL TRAY,360.0,25.0
500220037,0,0,0,N,Maintain,"NO_RECENT_USAGE,ABANDONED_TOOL,IMPUTED_USAGE_FEATURES",Low,0.65,No recent usage; abandoned tool; imputed usage features.,rules-only,0.2.0-tcb,0.0,False,False,False,False,False,False,True,True,False,False,False,False,False,False,False,True,COS UD ASSY FOR JEDEC TRAY,342.0,25.0
500220038,0,0,0,Y,Maintain,"NO_RECENT_USAGE,ABANDONED_TOOL,IMPUTED_USAGE_FEATURES",Medium,0.65,No recent usage; abandoned tool; imputed usage features.,rules-only,0.2.0-tcb,0.0,False,False,False,False,False,False,True,True,False,False,False,False,False,False,False,True,HIGHWAY (HW),29365.2,25.0
500220039,0,0,0,Y,Maintain,"NO_RECENT_USAGE,ABANDONED_TOOL,IMPUTED_USAGE_FEATURES",Medium,0.65,No recent usage; abandoned tool; imputed usage features.,rules-only,0.2.0-tcb,0.0,False,False,False,False,False,False,True,True,False,False,False,False,False,False,False,True,HW LOAD-UNLOAD CONVEYOR,7169.4,25.0
500220040,0,0,0,N,Maintain,"NO_RECENT_USAGE,IMPUTED_USAGE_FEATURES",Low,0.65,No recent usage; imputed usage features.,rules-only,0.2.0-tcb,0.0,False,False,False,False,False,False,True,False,False,False,False,False,False,False,False,True,"MOTOR,ASSEMBLY,CAH,58-00044",92.91,10.0
500220041,0,0,0,Y,Maintain,"NO_RECENT_USAGE,ABANDONED_TOOL,IMPUTED_USAGE_FEATURES",Medium,0.65,No recent usage; abandoned tool; imputed usage features.,rules-only,0.2.0-tcb,0.0,False,False,False,False,False,False,True,True,False,False,False,False,False,False,False,True,HW MID FRONT TRACK ASSY,4793.4,25.0
500220042,0,0,0,N,Maintain,"NO_RECENT_USAGE,IMPUTED_USAGE_FEATURES",Low,0.65,No recent usage; imputed usage features.,rules-only,0.2.0-tcb,0.0,False,False,False,False,False,False,True,False,False,False,False,False,False,False,False,True,(HW)MID BYPASS SENSOR,209.86,25.0
500220043,0,0,0,N,Maintain,"NO_RECENT_USAGE,IMPUTED_USAGE_FEATURES",Low,0.65,No recent usage; imputed usage features.,rules-only,0.2.0-tcb,0.0,False,False,False,False,False,False,True,False,False,False,False,False,False,False,False,True,HW MID BASE PLATE,239.4,25.0
500220044,0,0,0,N,Maintain,"NO_RECENT_USAGE,IMPUTED_USAGE_FEATURES",Low,0.65,No recent usage; imputed usage features.,rules-only,0.2.0-tcb,0.0,False,False,False,False,False,False,True,False,False,False,False,False,False,False,False,True,(HW)MID EXIST SENSOR,209.86,25.0
500220045,0,0,0,N,Maintain,"NO_RECENT_USAGE,ABANDONED_TOOL,IMPUTED_USAGE_FEATURES",Low,0.65,No recent usage; abandoned tool; imputed usage features.,rules-only,0.2.0-tcb,0.0,False,False,False,False,False,False,True,True,False,False,False,False,False,False,False,True,BUSH HOLDER (L),268.2,25.0
500220046,0,0,0,N,Maintain,"NO_RECENT_USAGE,ABANDONED_TOOL,IMPUTED_USAGE_FEATURES",Low,0.65,No recent usage; abandoned tool; imputed usage features.,rules-only,0.2.0-tcb,0.0,False,False,False,False,False,False,True,True,False,False,False,False,False,False,False,True,HW MID CONVEYOR MTR MOUNT,59.4,25.0
500220047,0,0,0,N,Maintain,"NO_RECENT_USAGE,ABANDONED_TOOL,IMPUTED_USAGE_FEATURES",Low,0.65,No recent usage; abandoned tool; imputed usage features.,rules-only,0.2.0-tcb,0.0,False,False,False,False,False,False,True,True,False,False,False,False,False,False,False,True,HW MID FRONT TRACK,237.6,25.0
500220048,0,0,0,N,Maintain,"NO_RECENT_USAGE,ABANDONED_TOOL,IMPUTED_USAGE_FEATURES",Low,0.65,No recent usage; abandoned tool; imputed usage features.,rules-only,0.2.0-tcb,0.0,False,False,False,False,False,False,True,True,False,False,False,False,False,False,False,True,BUSH HOLDER (R),268.2,25.0
500220049,0,0,0,N,Maintain,"NO_RECENT_USAGE,ABANDONED_TOOL,IMPUTED_USAGE_FEATURES",Low,0.65,No recent usage; abandoned tool; imputed usage features.,rules-only,0.2.0-tcb,0.0,False,False,False,False,False,False,True,True,False,False,False,False,False,False,False,True,FRONT TRACK CONNECTION BLOCK,56.7,25.0
500220050,0,0,0,N,Maintain,"NO_RECENT_USAGE,ABANDONED_TOOL,IMPUTED_USAGE_FEATURES",Low,0.65,No recent usage; abandoned tool; imputed usage features.,rules-only,0.2.0-tcb,0.0,False,False,False,False,False,False,True,True,False,False,False,False,False,False,False,True,CONNECTION BAR (L),90.0,25.0
500220051,0,0,0,N,Maintain,"NO_RECENT_USAGE,ABANDONED_TOOL,IMPUTED_USAGE_FEATURES",Low,0.65,No recent usage; abandoned tool; imputed usage features.,rules-only,0.2.0-tcb,0.0,False,False,False,False,False,False,True,True,False,False,False,False,False,False,False,True,CONNECTION BAR (R),90.0,25.0
500220052,0,0,0,N,Maintain,"NO_RECENT_USAGE,ABANDONED_TOOL,IMPUTED_USAGE_FEATURES",Low,0.65,No recent usage; abandoned tool; imputed usage features.,rules-only,0.2.0-tcb,0.0,False,False,False,False,False,False,True,True,False,False,False,False,False,False,False,True,UP DN ROD ADAPTOR,29.7,25.0
500220053,0,0,0,N,Maintain,"NO_RECENT_USAGE,ABANDONED_TOOL,IMPUTED_USAGE_FEATURES",Low,0.65,No recent usage; abandoned tool; imputed usage features.,rules-only,0.2.0-tcb,0.0,False,False,False,False,False,False,True,True,False,False,False,False,False,False,False,True,HW MID BY PASS SNR MNT,23.4,25.0
500220054,0,0,0,N,Maintain,"NO_RECENT_USAGE,IMPUTED_USAGE_FEATURES",Low,0.65,No recent usage; imputed usage features.,rules-only,0.2.0-tcb,0.0,False,False,False,False,False,False,True,False,False,False,False,False,False,False,False,True,SENSOR MOUNT,62.1,25.0
500220055,0,0,0,N,Maintain,"NO_RECENT_USAGE,ABANDONED_TOOL,IMPUTED_USAGE_FEATURES",Low,0.65,No recent usage; abandoned tool; imputed usage features.,rules-only,0.2.0-tcb,0.0,False,False,False,False,False,False,True,True,False,False,False,False,False,False,False,True,SNR MNT BLOCK,18.9,25.0
500220056,0,0,0,Y,Maintain,"NO_RECENT_USAGE,ABANDONED_TOOL,IMPUTED_USAGE_FEATURES",Medium,0.65,No recent usage; abandoned tool; imputed usage features.,rules-only,0.2.0-tcb,0.0,False,False,False,False,False,False,True,True,False,False,False,False,False,False,False,True,HW MID REAR TRACK ASSY,2268.0,25.0
500220057,0,0,0,N,Maintain,"NO_RECENT_USAGE,ABANDONED_TOOL,IMPUTED_USAGE_FEATURES",Low,0.65,No recent usage; abandoned tool; imputed usage features.,rules-only,0.2.0-tcb,0.0,False,False,False,False,False,False,True,True,False,False,False,False,False,False,False,True,"HW MID (FRONT GUIDE ROD D10, 308MM)",46.8,25.0
500220058,0,0,0,N,Maintain,"NO_RECENT_USAGE,IMPUTED_USAGE_FEATURES",Low,0.65,No recent usage; imputed usage features.,rules-only,0.2.0-tcb,0.0,False,False,False,False,False,False,True,False,False,False,False,False,False,False,False,True,LINEAR BUSHING LM10-AJ,18.42,25.0
500220059,0,0,0,N,Maintain,"NO_RECENT_USAGE,ABANDONED_TOOL,IMPUTED_USAGE_FEATURES",Low,0.65,No recent usage; abandoned tool; imputed usage features.,rules-only,0.2.0-tcb,0.0,False,False,False,False,False,False,True,True,False,False,False,False,False,False,False,True,"SCREW,NYLON,TIP,M5X10,SOC,SET",15.3,25.0
500220060,0,0,0,N,Maintain,"NO_RECENT_USAGE,ABANDONED_TOOL,IMPUTED_USAGE_FEATURES",Low,0.65,No recent usage; abandoned tool; imputed usage features.,rules-only,0.2.0-tcb,0.0,False,False,False,False,False,False,True,True,False,False,False,False,False,False,False,True,HW MID TRACK COVER,161.1,25.0
500220061,0,0,0,N,Maintain,"NO_RECENT_USAGE,ABANDONED_TOOL,IMPUTED_USAGE_FEATURES",Low,0.65,No recent usage; abandoned tool; imputed usage features.,rules-only,0.2.0-tcb,0.0,False,False,False,False,False,False,True,True,False,False,False,False,False,False,False,True,HW MID REAR TRACK,279.9,25.0
500220062,0,0,0,N,Maintain,"NO_RECENT_USAGE,ABANDONED_TOOL,IMPUTED_USAGE_FEATURES",Low,0.65,No recent usage; abandoned tool; imputed usage features.,rules-only,0.2.0-tcb,0.0,False,False,False,False,False,False,True,True,False,False,False,False,False,False,False,True,HW MID BUSH HOLDER,401.4,25.0
500220063,0,0,0,N,Maintain,"NO_RECENT_USAGE,ABANDONED_TOOL,IMPUTED_USAGE_FEATURES",Low,0.65,No recent usage; abandoned tool; imputed usage features.,rules-only,0.2.0-tcb,0.0,False,False,False,False,False,False,True,True,False,False,False,False,False,False,False,True,HW MID TRACK WIDTH CONNECTION BAR,183.6,25.0
500220064,0,0,0,N,Maintain,"NO_RECENT_USAGE,ABANDONED_TOOL,IMPUTED_USAGE_FEATURES",Low,0.65,No recent usage; abandoned tool; imputed usage features.,rules-only,0.2.0-tcb,0.0,False,False,False,False,False,False,True,True,False,False,False,False,False,False,False,True,UP DN STOPPER,8.1,25.0
500220065,0,0,0,N,Maintain,"NO_RECENT_USAGE,ABANDONED_TOOL,IMPUTED_USAGE_FEATURES",Low,0.65,No recent usage; abandoned tool; imputed usage features.,rules-only,0.2.0-tcb,0.0,False,False,False,False,False,False,True,True,False,False,False,False,False,False,False,True,HW MID SHAFT HOLDER,86.4,25.0
500220066,0,0,0,N,Maintain,"NO_RECENT_USAGE,IMPUTED_USAGE_FEATURES",Low,0.65,No recent usage; imputed usage features.,rules-only,0.2.0-tcb,0.0,False,False,False,False,False,False,True,False,False,False,False,False,False,False,False,True,CONVEYOR BELT PULLEY DRIVING (HW-MID),143.37,25.0
500220067,0,0,0,N,Maintain,"NO_RECENT_USAGE,IMPUTED_USAGE_FEATURES",Low,0.65,No recent usage; imputed usage features.,rules-only,0.2.0-tcb,0.0,False,False,False,False,False,False,True,False,False,False,False,False,False,False,False,True,DIA 10 GUIDE ROD,42.3,25.0
500220068,0,0,0,Y,Maintain,"NO_RECENT_USAGE,ABANDONED_TOOL,IMPUTED_USAGE_FEATURES",Medium,0.65,No recent usage; abandoned tool; imputed usage features.,rules-only,0.2.0-tcb,0.0,False,False,False,False,False,False,True,True,False,False,False,False,False,False,False,True,HWIP FRONT TRACK ASSY,6546.6,25.0
500220069,0,0,0,Y,Maintain,"NO_RECENT_USAGE,ABANDONED_TOOL,IMPUTED_USAGE_FEATURES",Medium,0.65,No recent usage; abandoned tool; imputed usage features.,rules-only,0.2.0-tcb,0.0,False,False,False,False,False,False,True,True,False,False,False,False,False,False,False,True,HW INPUT CONVEYOR,9828.0,25.0
500220070,0,0,0,N,Maintain,"NO_RECENT_USAGE,ABANDONED_TOOL,IMPUTED_USAGE_FEATURES",Low,0.65,No recent usage; abandoned tool; imputed usage features.,rules-only,0.2.0-tcb,0.0,False,False,False,False,False,False,True,True,False,False,False,False,False,False,False,True,CABLE MOUNTING MOVING(HWM BACK),28.8,25.0
500220071,0,0,0,N,Maintain,"NO_RECENT_USAGE,ABANDONED_TOOL,IMPUTED_USAGE_FEATURES",Low,0.65,No recent usage; abandoned tool; imputed usage features.,rules-only,0.2.0-tcb,0.0,False,False,False,False,False,False,True,True,False,False,False,False,False,False,False,True,HWIP INDEXING STOPPER ASSY,151.2,25.0
500220072,0,0,0,N,Maintain,"NO_RECENT_USAGE,IMPUTED_USAGE_FEATURES",Low,0.65,No recent usage; imputed usage features.,rules-only,0.2.0-tcb,0.0,False,False,False,False,False,False,True,False,False,False,False,False,False,False,False,True,HWIP CONVEYOR MTR ASSY,96.12,25.0
500220073,0,0,0,N,Maintain,"NO_RECENT_USAGE,ABANDONED_TOOL,IMPUTED_USAGE_FEATURES",Low,0.65,No recent usage; abandoned tool; imputed usage features.,rules-only,0.2.0-tcb,0.0,False,False,False,False,False,False,True,True,False,False,False,False,False,False,False,True,(HW)IP EXIST SENSOR,209.86,15.0
500220074,0,0,0,N,Maintain,"NO_RECENT_USAGE,IMPUTED_USAGE_FEATURES",Low,0.65,No recent usage; imputed usage features.,rules-only,0.2.0-tcb,0.0,False,False,False,False,False,False,True,False,False,False,False,False,False,False,False,True,TRACK WIDTH MTR&ENC ASSY,348.43,25.0
500220075,0,0,0,N,Maintain,"NO_RECENT_USAGE,ABANDONED_TOOL,IMPUTED_USAGE_FEATURES",Low,0.65,No recent usage; abandoned tool; imputed usage features.,rules-only,0.2.0-tcb,0.0,False,False,False,False,False,False,True,True,False,False,False,False,False,False,False,True,(HW)IP CONVEYOR OUT UP,209.86,25.0
500220076,0,0,0,N,Maintain,"NO_RECENT_USAGE,ABANDONED_TOOL,IMPUTED_USAGE_FEATURES",Low,0.65,No recent usage; abandoned tool; imputed usage features.,rules-only,0.2.0-tcb,0.0,False,False,False,False,False,False,True,True,False,False,False,False,False,False,False,True,(HW)IP CONVEYOR IN,209.86,25.0
500220077,0,0,0,N,Maintain,"NO_RECENT_USAGE,IMPUTED_USAGE_FEATURES",Low,0.65,No recent usage; imputed usage features.,rules-only,0.2.0-tcb,0.0,False,False,False,False,False,False,True,False,False,False,False,False,False,False,False,True,(HW)IP CONVEYOR OUT DOWN,209.86,15.0
500220078,0,0,0,N,Maintain,"NO_RECENT_USAGE,IMPUTED_USAGE_FEATURES",Low,0.65,No recent usage; imputed usage features.,rules-only,0.2.0-tcb,0.0,False,False,False,False,False,False,True,False,False,False,False,False,False,False,False,True,HWIP (BY-PASS) IN SNR,209.86,25.0
500220079,0,0,0,N,Maintain,"NO_RECENT_USAGE,IMPUTED_USAGE_FEATURES",Low,0.65,No recent usage; imputed usage features.,rules-only,0.2.0-tcb,0.0,False,False,False,False,False,False,True,False,False,False,False,False,False,False,False,True,HWIP (BY-PASS) OUT SNR,209.86,25.0
500220080,0,0,0,N,Maintain,"NO_RECENT_USAGE,ABANDONED_TOOL,IMPUTED_USAGE_FEATURES",Low,0.65,No recent usage; abandoned tool; imputed usage features.,rules-only,0.2.0-tcb,0.0,False,False,False,False,False,False,True,True,False,False,False,False,False,False,False,True,HWIP (BY-PASS) MID SNR,209.86,25.0
500220081,0,0,0,N,Maintain,"NO_RECENT_USAGE,ABANDONED_TOOL,IMPUTED_USAGE_FEATURES",Low,0.65,No recent usage; abandoned tool; imputed usage features.,rules-only,0.2.0-tcb,0.0,False,False,False,False,False,False,True,True,False,False,False,False,False,False,False,True,MOUNTING BASE,61.2,25.0
500220082,0,0,0,N,Maintain,"NO_RECENT_USAGE,IMPUTED_USAGE_FEATURES",Low,0.65,No recent usage; imputed usage features.,rules-only,0.2.0-tcb,0.0,False,False,False,False,False,False,True,False,False,False,False,False,False,False,False,True,HWIP EXIST SNR MNT,21.6,25.0
500220083,0,0,0,N,Maintain,"NO_RECENT_USAGE,ABANDONED_TOOL,IMPUTED_USAGE_FEATURES",Low,0.65,No recent usage; abandoned tool; imputed usage features.,rules-only,0.2.0-tcb,0.0,False,False,False,False,False,False,True,True,False,False,False,False,False,False,False,True,HWIP FRONT TRACK,496.8,25.0
500220084,0,0,0,N,Maintain,"NO_RECENT_USAGE,ABANDONED_TOOL,IMPUTED_USAGE_FEATURES",Low,0.65,No recent usage; abandoned tool; imputed usage features.,rules-only,0.2.0-tcb,0.0,False,False,False,False,False,False,True,True,False,False,False,False,False,False,False,True,HWIP IN SNR MNT,23.4,25.0
500220085,0,0,0,Y,Maintain,"NO_RECENT_USAGE,ABANDONED_TOOL,IMPUTED_USAGE_FEATURES",Medium,0.65,No recent usage; abandoned tool; imputed usage features.,rules-only,0.2.0-tcb,0.0,False,False,False,False,False,False,True,True,False,False,False,False,False,False,False,True,HWIP REAR TRACK ASSY,1888.2,25.0
500220086,0,0,0,N,Maintain,"NO_RECENT_USAGE,ABANDONED_TOOL,IMPUTED_USAGE_FEATURES",Low,0.65,No recent usage; abandoned tool; imputed usage features.,rules-only,0.2.0-tcb,0.0,False,False,False,False,False,False,True,True,False,False,False,False,False,False,False,True,HWIP REAR TRACK,387.9,25.0
500220161,0,0,0,N,Maintain,"NO_RECENT_USAGE,ABANDONED_TOOL,IMPUTED_USAGE_FEATURES",Low,0.65,No recent usage; abandoned tool; imputed usage features.,rules-only,0.2.0-tcb,0.0,False,False,False,False,False,False,True,True,False,False,False,False,False,False,False,True,WORKCHUCK X PRELOAD MAGNET ASSY (BOTTOM),124.0,45.0
500220164,2,1,0,Y,Increase,ZERO_RECOMMENDATION_OVERRIDE,High,0.9,"Source algorithm recommends 0 but the part carries risk (lead time 15d, on-hand 1); protective stock proposed instead of zero.",rules-only,0.2.0-tcb,15539.4,False,False,False,False,False,False,False,False,False,False,True,False,False,False,False,False,RIGHT HEATED PEDESTAL ASSY,7769.7,15.0
500220166,3,2,0,Y,Increase,ZERO_RECOMMENDATION_OVERRIDE,High,0.9,"Source algorithm recommends 0 but the part carries risk (lead time 15d, on-hand 2); protective stock proposed instead of zero.",rules-only,0.2.0-tcb,23309.1,False,False,False,False,False,False,False,False,False,False,True,False,False,False,False,False,"PEDESTAL,LEFT,HEATED,ASSEMBLY",7769.7,15.0
500220167,0,0,0,Y,Maintain,"NO_RECENT_USAGE,ABANDONED_TOOL,IMPUTED_USAGE_FEATURES",Medium,0.65,No recent usage; abandoned tool; imputed usage features.,rules-only,0.2.0-tcb,0.0,False,False,False,False,False,False,True,True,False,False,False,False,False,False,False,True,"CAMERA,DTA,WD20,CABLE-REAR",4806.0,10.0
500220355,1,1,0,Y,Maintain,"NO_RECENT_USAGE,ZERO_RECOMMENDATION_OVERRIDE,AD_HOC_CONSUMPTION_RISK,SFM_DISAGREEMENT",Medium,0.7,"Source algorithm recommends 0 but the part carries risk (lead time 70d, on-hand 8); protective stock proposed instead of zero. candidate source proposes 0 vs current 1.",rules-only,0.2.0-tcb,7.2,False,False,False,False,False,False,True,False,False,False,True,True,False,True,False,False,AMPING SCREW M4X6 FSM4-6,7.2,70.0
500220356,4,3,0,Y,Increase,"LONG_LEAD_TIME_RISK,ZERO_RECOMMENDATION_OVERRIDE,SFM_DISAGREEMENT,MAX_CHANGE_EXCEEDS_THRESHOLD",Medium,0.8,"Source algorithm recommends 0 but the part carries risk (lead time 75d, on-hand 1); protective stock proposed instead of zero. candidate source proposes 2 vs current 1.",rules-only,0.2.0-tcb,2324.0,False,False,False,False,False,True,False,False,False,False,True,False,False,True,True,False,ROD ASSY (NOT USE FOR BONDSTAGE),581.0,75.0
500220357,1,1,0,Y,Maintain,"NO_RECENT_USAGE,ZERO_RECOMMENDATION_OVERRIDE,SFM_DISAGREEMENT",Medium,0.7,"Source algorithm recommends 0 but the part carries risk (lead time 25d, on-hand 2); protective stock proposed instead of zero. candidate source proposes 0 vs current 1.",rules-only,0.2.0-tcb,3.2,False,False,False,False,False,False,True,False,False,False,True,False,False,True,False,False,"PIN,DOWEL,D5XL10,SST,HEATED,BLOCK",3.2,25.0
500220358,0,0,0,Y,Maintain,"NO_RECENT_USAGE,ABANDONED_TOOL,IMPUTED_USAGE_FEATURES",Medium,0.65,No recent usage; abandoned tool; imputed usage features.,rules-only,0.2.0-tcb,0.0,False,False,False,False,False,False,True,True,False,False,False,False,False,False,False,True,TCB PEDESTAL HEATED BLOCK,3450.6,25.0
500220359,0,0,0,N,Maintain,"NO_RECENT_USAGE,ABANDONED_TOOL,IMPUTED_USAGE_FEATURES",Low,0.65,No recent usage; abandoned tool; imputed usage features.,rules-only,0.2.0-tcb,0.0,False,False,False,False,False,False,True,True,False,False,False,False,False,False,False,True,PS COVER CYLINDER ASSY RIGHT,375.3,25.0
500220360,0,0,0,N,Maintain,"NO_RECENT_USAGE,IMPUTED_USAGE_FEATURES",Low,0.65,No recent usage; imputed usage features.,rules-only,0.2.0-tcb,0.0,False,False,False,False,False,False,True,False,False,False,False,False,False,False,False,True,PS COVER OPEN SWITCH,80.1,25.0
500220361,0,0,0,Y,Maintain,"NO_RECENT_USAGE,ABANDONED_TOOL,IMPUTED_USAGE_FEATURES",Medium,0.65,No recent usage; abandoned tool; imputed usage features.,rules-only,0.2.0-tcb,0.0,False,False,False,False,False,False,True,True,False,False,False,False,False,False,False,True,TCB PEDESTAL HEATED BLOCK MAGNET ASSY,3150.9,25.0
500220362,0,0,0,N,Maintain,"NO_RECENT_USAGE,IMPUTED_USAGE_FEATURES",Low,0.65,No recent usage; imputed usage features.,rules-only,0.2.0-tcb,0.0,False,False,False,False,False,False,True,False,False,False,False,False,False,False,False,True,PS COVER CLOSE SWITCH,80.1,25.0
500220363,0,0,0,N,Maintain,"NO_RECENT_USAGE,ABANDONED_TOOL,IMPUTED_USAGE_FEATURES",Low,0.65,No recent usage; abandoned tool; imputed usage features.,rules-only,0.2.0-tcb,0.0,False,False,False,False,False,False,True,True,False,False,False,False,False,False,False,True,ROD END NHS 5T,18.0,25.0
500220364,0,0,0,N,Maintain,"NO_RECENT_USAGE,ABANDONED_TOOL,IMPUTED_USAGE_FEATURES",Low,0.65,No recent usage; abandoned tool; imputed usage features.,rules-only,0.2.0-tcb,0.0,False,False,False,False,False,False,True,True,False,False,False,False,False,False,False,True,LOCK NUT M5X0.8,3.6,25.0
500220365,0,0,0,N,Maintain,"NO_RECENT_USAGE,ABANDONED_TOOL,IMPUTED_USAGE_FEATURES",Low,0.65,No recent usage; abandoned tool; imputed usage features.,rules-only,0.2.0-tcb,0.0,False,False,False,False,False,False,True,True,False,False,False,False,False,False,False,True,CYLINDER SHOULDER SCREW,9.0,25.0
500220366,0,0,0,N,Maintain,"NO_RECENT_USAGE,ABANDONED_TOOL,IMPUTED_USAGE_FEATURES",Low,0.65,No recent usage; abandoned tool; imputed usage features.,rules-only,0.2.0-tcb,0.0,False,False,False,False,False,False,True,True,False,False,False,False,False,False,False,True,CYLINER ADAPTOR,10.8,25.0
500220367,0,0,0,N,Maintain,"NO_RECENT_USAGE,ABANDONED_TOOL,IMPUTED_USAGE_FEATURES",Low,0.65,No recent usage; abandoned tool; imputed usage features.,rules-only,0.2.0-tcb,0.0,False,False,False,False,False,False,True,True,False,False,False,False,False,False,False,True,CYLINDER MOUNT,43.2,25.0
500220368,0,0,0,N,Maintain,"NO_RECENT_USAGE,IMPUTED_USAGE_FEATURES",Low,0.65,No recent usage; imputed usage features.,rules-only,0.2.0-tcb,0.0,False,False,False,False,False,False,True,False,False,False,False,False,False,False,False,True,"PNEU. CYLINDER, D-ACT, 10X45, DC",42.45,15.0
500220369,0,0,0,N,Maintain,"NO_RECENT_USAGE,IMPUTED_USAGE_FEATURES",Low,0.65,No recent usage; imputed usage features.,rules-only,0.2.0-tcb,0.0,False,False,False,False,False,False,True,False,False,False,False,False,False,False,False,True,AUTO SWITCH MOUNTING BAND BJ2-010,2.4,25.0
500220370,0,0,0,N,Maintain,"NO_RECENT_USAGE,ABANDONED_TOOL,IMPUTED_USAGE_FEATURES",Low,0.65,No recent usage; abandoned tool; imputed usage features.,rules-only,0.2.0-tcb,0.0,False,False,False,False,False,False,True,True,False,False,False,False,False,False,False,True,PS R COVER ASSY,234.9,25.0
500220371,0,0,0,N,Maintain,"NO_RECENT_USAGE,ABANDONED_TOOL,IMPUTED_USAGE_FEATURES",Low,0.65,No recent usage; abandoned tool; imputed usage features.,rules-only,0.2.0-tcb,0.0,False,False,False,False,False,False,True,True,False,False,False,False,False,False,False,True,PS R COVER ASSY,55.8,25.0
500220372,0,0,0,N,Maintain,"NO_RECENT_USAGE,ABANDONED_TOOL,IMPUTED_USAGE_FEATURES",Low,0.65,No recent usage; abandoned tool; imputed usage features.,rules-only,0.2.0-tcb,0.0,False,False,False,False,False,False,True,True,False,False,False,False,False,False,False,True,E-RING ETW-4,1.17,25.0
500220373,0,0,0,N,Maintain,"NO_RECENT_USAGE,ABANDONED_TOOL,IMPUTED_USAGE_FEATURES",Low,0.65,No recent usage; abandoned tool; imputed usage features.,rules-only,0.2.0-tcb,0.0,False,False,False,False,False,False,True,True,False,False,False,False,False,False,False,True,PS COVER 2,40.5,25.0
500220374,0,0,0,N,Maintain,"NO_RECENT_USAGE,ABANDONED_TOOL,IMPUTED_USAGE_FEATURES",Low,0.65,No recent usage; abandoned tool; imputed usage features.,rules-only,0.2.0-tcb,0.0,False,False,False,False,False,False,True,True,False,False,False,False,False,False,False,True,PS COVER 3,19.8,25.0
500220376,0,0,0,N,Maintain,"NO_RECENT_USAGE,ABANDONED_TOOL,IMPUTED_USAGE_FEATURES",Low,0.65,No recent usage; abandoned tool; imputed usage features.,rules-only,0.2.0-tcb,0.0,False,False,False,False,False,False,True,True,False,False,False,False,False,False,False,True,CONDENSER COVER,26.1,25.0
500220377,0,0,0,N,Maintain,"NO_RECENT_USAGE,ABANDONED_TOOL,IMPUTED_USAGE_FEATURES",Low,0.65,No recent usage; abandoned tool; imputed usage features.,rules-only,0.2.0-tcb,0.0,False,False,False,False,False,False,True,True,False,False,False,False,False,False,False,True,COVER HINGE BUSH,7.2,25.0
500220378,0,0,0,N,Maintain,"NO_RECENT_USAGE,ABANDONED_TOOL,IMPUTED_USAGE_FEATURES",Low,0.65,No recent usage; abandoned tool; imputed usage features.,rules-only,0.2.0-tcb,0.0,False,False,False,False,False,False,True,True,False,False,False,False,False,False,False,True,PS COVER 4,20.7,25.0
500220379,0,0,0,N,Maintain,"NO_RECENT_USAGE,ABANDONED_TOOL,IMPUTED_USAGE_FEATURES",Low,0.65,No recent usage; abandoned tool; imputed usage features.,rules-only,0.2.0-tcb,0.0,False,False,False,False,False,False,True,True,False,False,False,False,False,False,False,True,COVER 1 ADD-ON,15.3,25.0
500220380,0,0,0,N,Maintain,"NO_RECENT_USAGE,ABANDONED_TOOL,IMPUTED_USAGE_FEATURES",Low,0.65,No recent usage; abandoned tool; imputed usage features.,rules-only,0.2.0-tcb,0.0,False,False,False,False,False,False,True,True,False,False,False,False,False,False,False,True,COVER HINGE SHAFT,7.2,25.0
500220381,0,0,0,N,Maintain,"NO_RECENT_USAGE,ABANDONED_TOOL,IMPUTED_USAGE_FEATURES",Low,0.65,No recent usage; abandoned tool; imputed usage features.,rules-only,0.2.0-tcb,0.0,False,False,False,False,False,False,True,True,False,False,False,False,False,False,False,True,3MM SPACER,5.4,25.0
500220382,0,0,0,N,Maintain,"NO_RECENT_USAGE,ABANDONED_TOOL,IMPUTED_USAGE_FEATURES",Low,0.65,No recent usage; abandoned tool; imputed usage features.,rules-only,0.2.0-tcb,0.0,False,False,False,False,False,False,True,True,False,False,False,False,False,False,False,True,PS COVER 1,36.9,25.0
500220383,0,0,0,N,Maintain,"NO_RECENT_USAGE,ABANDONED_TOOL,IMPUTED_USAGE_FEATURES",Low,0.65,No recent usage; abandoned tool; imputed usage features.,rules-only,0.2.0-tcb,0.0,False,False,False,False,False,False,True,True,False,False,False,False,False,False,False,True,CONDENSER COVER,12.6,25.0
500220384,0,0,0,N,Maintain,"NO_RECENT_USAGE,ABANDONED_TOOL,IMPUTED_USAGE_FEATURES",Low,0.65,No recent usage; abandoned tool; imputed usage features.,rules-only,0.2.0-tcb,0.0,False,False,False,False,False,False,True,True,False,False,False,False,False,False,False,True,PS CONDENSER DUMMY PLATE,4.5,25.0
500220385,0,0,0,N,Maintain,"NO_RECENT_USAGE,ABANDONED_TOOL,IMPUTED_USAGE_FEATURES",Low,0.65,No recent usage; abandoned tool; imputed usage features.,rules-only,0.2.0-tcb,0.0,False,False,False,False,False,False,True,True,False,False,False,False,False,False,False,True,PS Stopper,3.6,25.0
500220386,0,0,0,N,Maintain,"NO_RECENT_USAGE,ABANDONED_TOOL,IMPUTED_USAGE_FEATURES",Low,0.65,No recent usage; abandoned tool; imputed usage features.,rules-only,0.2.0-tcb,0.0,False,False,False,False,False,False,True,True,False,False,False,False,False,False,False,True,DDLO Z MOVING END COVER-01(L),34.2,25.0
500220387,0,0,0,N,Maintain,"NO_RECENT_USAGE,ABANDONED_TOOL,IMPUTED_USAGE_FEATURES",Low,0.65,No recent usage; abandoned tool; imputed usage features.,rules-only,0.2.0-tcb,0.0,False,False,False,False,False,False,True,True,False,False,False,False,False,False,False,True,DDLO Z MOVING END MOUNT-01(L),21.6,25.0
500220388,0,0,0,N,Maintain,"NO_RECENT_USAGE,ABANDONED_TOOL,IMPUTED_USAGE_FEATURES",Low,0.65,No recent usage; abandoned tool; imputed usage features.,rules-only,0.2.0-tcb,0.0,False,False,False,False,False,False,True,True,False,False,False,False,False,False,False,True,DDLO X MOVING END MOUNT-01(L),96.3,25.0
500220389,0,0,0,N,Maintain,"NO_RECENT_USAGE,ABANDONED_TOOL,IMPUTED_USAGE_FEATURES",Low,0.65,No recent usage; abandoned tool; imputed usage features.,rules-only,0.2.0-tcb,0.0,False,False,False,False,False,False,True,True,False,False,False,False,False,False,False,True,DDLO X MOVING END COVER-01(L),35.1,25.0
500220390,0,0,0,N,Maintain,"NO_RECENT_USAGE,ABANDONED_TOOL,IMPUTED_USAGE_FEATURES",Low,0.65,No recent usage; abandoned tool; imputed usage features.,rules-only,0.2.0-tcb,0.0,False,False,False,False,False,False,True,True,False,False,False,False,False,False,False,True,DDLO X MTR&ENC CABLE COVER(L),26.1,25.0
500220391,0,0,0,N,Maintain,"NO_RECENT_USAGE,ABANDONED_TOOL,IMPUTED_USAGE_FEATURES",Low,0.65,No recent usage; abandoned tool; imputed usage features.,rules-only,0.2.0-tcb,0.0,False,False,False,False,False,False,True,True,False,False,False,False,False,False,False,True,DDLO X FIXED END MOUNT-01(L),57.6,25.0
500220392,0,0,0,N,Maintain,"NO_RECENT_USAGE,ABANDONED_TOOL,IMPUTED_USAGE_FEATURES",Low,0.65,No recent usage; abandoned tool; imputed usage features.,rules-only,0.2.0-tcb,0.0,False,False,False,False,False,False,True,True,False,False,False,False,False,False,False,True,DDLO X FIXED END COVER-01(L),31.5,25.0
500220393,0,0,0,N,Maintain,"NO_RECENT_USAGE,ABANDONED_TOOL,IMPUTED_USAGE_FEATURES",Low,0.65,No recent usage; abandoned tool; imputed usage features.,rules-only,0.2.0-tcb,0.0,False,False,False,False,False,False,True,True,False,False,False,False,False,False,False,True,DDLO X FIXED END MOUNT-02(L),180.9,25.0
500220394,0,0,0,N,Maintain,"NO_RECENT_USAGE,ABANDONED_TOOL,IMPUTED_USAGE_FEATURES",Low,0.65,No recent usage; abandoned tool; imputed usage features.,rules-only,0.2.0-tcb,0.0,False,False,False,False,False,False,True,True,False,False,False,False,False,False,False,True,Z ENCODER COVER LEFT,26.1,25.0
500220395,0,0,0,N,Maintain,"NO_RECENT_USAGE,ABANDONED_TOOL,IMPUTED_USAGE_FEATURES",Low,0.65,No recent usage; abandoned tool; imputed usage features.,rules-only,0.2.0-tcb,0.0,False,False,False,False,False,False,True,True,False,False,False,False,False,False,False,True,L&R DDLO RUBBER SPACER-01(G2),29.7,25.0
500220396,0,0,0,Y,Maintain,"NO_RECENT_USAGE,ABANDONED_TOOL,IMPUTED_USAGE_FEATURES",Medium,0.65,No recent usage; abandoned tool; imputed usage features.,rules-only,0.2.0-tcb,0.0,False,False,False,False,False,False,True,True,False,False,False,False,False,False,False,True,Z STAGE LEFT,2691.0,25.0
500220397,0,0,0,N,Maintain,"NO_RECENT_USAGE,IMPUTED_USAGE_FEATURES",Low,0.65,No recent usage; imputed usage features.,rules-only,0.2.0-tcb,0.0,False,False,False,False,False,False,True,False,False,False,False,False,False,False,False,True,DDLO Z MOTOR LEFT,485.4,15.0
500220398,0,0,0,N,Maintain,"NO_RECENT_USAGE,ABANDONED_TOOL,IMPUTED_USAGE_FEATURES",Low,0.65,No recent usage; abandoned tool; imputed usage features.,rules-only,0.2.0-tcb,0.0,False,False,False,False,False,False,True,True,False,False,False,False,False,False,False,True,DDLO Z TABLE BASE LEFT,237.6,25.0
500220399,0,0,0,N,Maintain,"NO_RECENT_USAGE,ABANDONED_TOOL,IMPUTED_USAGE_FEATURES",Low,0.65,No recent usage; abandoned tool; imputed usage features.,rules-only,0.2.0-tcb,0.0,False,False,False,False,False,False,True,True,False,False,False,False,False,False,False,True,Z MOVING TABLE LEFT,182.7,25.0
500220400,0,0,0,N,Maintain,"NO_RECENT_USAGE,ABANDONED_TOOL,IMPUTED_USAGE_FEATURES",Low,0.65,No recent usage; abandoned tool; imputed usage features.,rules-only,0.2.0-tcb,0.0,False,False,False,False,False,False,True,True,False,False,False,False,False,False,False,True,L&R DDLO CABLE CLAMP-01(G2),3.6,25.0
500220401,0,0,0,N,Maintain,"NO_RECENT_USAGE,IMPUTED_USAGE_FEATURES",Low,0.65,No recent usage; imputed usage features.,rules-only,0.2.0-tcb,0.0,False,False,False,False,False,False,True,False,False,False,False,False,False,False,False,True,DDLO ENC CABLE ASSY,784.98,15.0
500220402,0,0,0,N,Maintain,"NO_RECENT_USAGE,ABANDONED_TOOL,IMPUTED_USAGE_FEATURES",Low,0.65,No recent usage; abandoned tool; imputed usage features.,rules-only,0.2.0-tcb,0.0,False,False,False,False,False,False,True,True,False,False,False,False,False,False,False,True,Z MOTOR COVER LEFT,16.2,25.0
500220403,0,0,0,N,Maintain,"NO_RECENT_USAGE,ABANDONED_TOOL,IMPUTED_USAGE_FEATURES",Low,0.65,No recent usage; abandoned tool; imputed usage features.,rules-only,0.2.0-tcb,0.0,False,False,False,False,False,False,True,True,False,False,False,False,False,False,False,True,Z ENCODER MOUNT LEFT,41.4,25.0
500220404,0,0,0,N,Maintain,"NO_RECENT_USAGE,ABANDONED_TOOL,IMPUTED_USAGE_FEATURES",Low,0.65,No recent usage; abandoned tool; imputed usage features.,rules-only,0.2.0-tcb,0.0,False,False,False,False,False,False,True,True,False,False,False,False,False,False,False,True,OPTICS&LG MOUNTING ARM LEFT,342.0,25.0
500220405,0,0,0,N,Maintain,"NO_RECENT_USAGE,ABANDONED_TOOL,IMPUTED_USAGE_FEATURES",Low,0.65,No recent usage; abandoned tool; imputed usage features.,rules-only,0.2.0-tcb,0.0,False,False,False,False,False,False,True,True,False,False,False,False,False,False,False,True,LG MOUNT LEFT,62.1,25.0
500220407,0,0,0,N,Maintain,"NO_RECENT_USAGE,ABANDONED_TOOL,IMPUTED_USAGE_FEATURES",Low,0.65,No recent usage; abandoned tool; imputed usage features.,rules-only,0.2.0-tcb,0.0,False,False,False,False,False,False,True,True,False,False,False,False,False,False,False,True,HEX SPACER M3X20 STUD/HOLE,21.6,25.0
500220408,0,0,0,N,Maintain,"NO_RECENT_USAGE,ABANDONED_TOOL,IMPUTED_USAGE_FEATURES",Low,0.65,No recent usage; abandoned tool; imputed usage features.,rules-only,0.2.0-tcb,0.0,False,False,False,False,False,False,True,True,False,False,False,False,False,False,False,True,SOC HD ATTACHING SCREW M3X8,5.4,25.0
500220409,0,0,0,N,Maintain,"NO_RECENT_USAGE,ABANDONED_TOOL,IMPUTED_USAGE_FEATURES",Low,0.65,No recent usage; abandoned tool; imputed usage features.,rules-only,0.2.0-tcb,0.0,False,False,False,False,False,False,True,True,False,False,False,False,False,False,False,True,DL OPTICS MOUNT LEFT,61.2,25.0
500220410,0,0,0,N,Maintain,"NO_RECENT_USAGE,ABANDONED_TOOL,IMPUTED_USAGE_FEATURES",Low,0.65,No recent usage; abandoned tool; imputed usage features.,rules-only,0.2.0-tcb,0.0,False,False,False,False,False,False,True,True,False,False,False,False,False,False,False,True,SOC HD ATTACHING SCREW M3X6,7.2,25.0
500220411,0,0,0,N,Maintain,"NO_RECENT_USAGE,ABANDONED_TOOL,IMPUTED_USAGE_FEATURES",Low,0.65,No recent usage; abandoned tool; imputed usage features.,rules-only,0.2.0-tcb,0.0,False,False,False,False,False,False,True,True,False,False,False,False,False,False,False,True,DDLO X MTR&ENC CABLE COVER(R),26.1,25.0
500220412,0,0,0,N,Maintain,"NO_RECENT_USAGE,ABANDONED_TOOL,IMPUTED_USAGE_FEATURES",Low,0.65,No recent usage; abandoned tool; imputed usage features.,rules-only,0.2.0-tcb,0.0,False,False,False,False,False,False,True,True,False,False,False,False,False,False,False,True,DDLO Z MOVING END MOUNT-01(R),21.6,25.0
500220413,0,0,0,N,Maintain,"NO_RECENT_USAGE,ABANDONED_TOOL,IMPUTED_USAGE_FEATURES",Low,0.65,No recent usage; abandoned tool; imputed usage features.,rules-only,0.2.0-tcb,0.0,False,False,False,False,False,False,True,True,False,False,False,False,False,False,False,True,DDLO Z MOVING END COVER-01(R),34.2,25.0
500220414,0,0,0,N,Maintain,"NO_RECENT_USAGE,ABANDONED_TOOL,IMPUTED_USAGE_FEATURES",Low,0.65,No recent usage; abandoned tool; imputed usage features.,rules-only,0.2.0-tcb,0.0,False,False,False,False,False,False,True,True,False,False,False,False,False,False,False,True,DDLO X FIXED END MOUNT-01(R),63.9,25.0
500220415,0,0,0,N,Maintain,"NO_RECENT_USAGE,ABANDONED_TOOL,IMPUTED_USAGE_FEATURES",Low,0.65,No recent usage; abandoned tool; imputed usage features.,rules-only,0.2.0-tcb,0.0,False,False,False,False,False,False,True,True,False,False,False,False,False,False,False,True,DDLO X MOVING END MOUNT-01(R),85.5,25.0
500220416,0,0,0,N,Maintain,"NO_RECENT_USAGE,ABANDONED_TOOL,IMPUTED_USAGE_FEATURES",Low,0.65,No recent usage; abandoned tool; imputed usage features.,rules-only,0.2.0-tcb,0.0,False,False,False,False,False,False,True,True,False,False,False,False,False,False,False,True,DDLO X MOVING END COVER-01(R),35.1,25.0
500220417,0,0,0,N,Maintain,"NO_RECENT_USAGE,ABANDONED_TOOL,IMPUTED_USAGE_FEATURES",Low,0.65,No recent usage; abandoned tool; imputed usage features.,rules-only,0.2.0-tcb,0.0,False,False,False,False,False,False,True,True,False,False,False,False,False,False,False,True,Z ENCODER COVER RIGHT,26.1,25.0
500220418,0,0,0,N,Maintain,"NO_RECENT_USAGE,ABANDONED_TOOL,IMPUTED_USAGE_FEATURES",Low,0.65,No recent usage; abandoned tool; imputed usage features.,rules-only,0.2.0-tcb,0.0,False,False,False,False,False,False,True,True,False,False,False,False,False,False,False,True,DDLO X FIXED END MOUNT-02(R),187.2,25.0
500220419,0,0,0,N,Maintain,"NO_RECENT_USAGE,IMPUTED_USAGE_FEATURES",Low,0.65,No recent usage; imputed usage features.,rules-only,0.2.0-tcb,0.0,False,False,False,False,False,False,True,False,False,False,False,False,False,False,False,True,DDLO ENC CABLE ASSY,784.98,15.0
500220420,0,0,0,Y,Maintain,"NO_RECENT_USAGE,ABANDONED_TOOL,IMPUTED_USAGE_FEATURES",Medium,0.65,No recent usage; abandoned tool; imputed usage features.,rules-only,0.2.0-tcb,0.0,False,False,False,False,False,False,True,True,False,False,False,False,False,False,False,True,Z STAGE RIGHT,2763.9,55.0
500220421,0,0,0,N,Maintain,"NO_RECENT_USAGE,IMPUTED_USAGE_FEATURES",Low,0.65,No recent usage; imputed usage features.,rules-only,0.2.0-tcb,0.0,False,False,False,False,False,False,True,False,False,False,False,False,False,False,False,True,"MAGNETIC SPRING (20N, 49MM)",83.3,15.0
500220422,0,0,0,N,Maintain,"NO_RECENT_USAGE,IMPUTED_USAGE_FEATURES",Low,0.65,No recent usage; imputed usage features.,rules-only,0.2.0-tcb,0.0,False,False,False,False,False,False,True,False,False,False,False,False,False,False,False,True,"MOTOR,DDLO,Z,RIGHT",546.28,15.0
500220423,0,0,0,N,Maintain,"NO_RECENT_USAGE,ABANDONED_TOOL,IMPUTED_USAGE_FEATURES",Low,0.65,No recent usage; abandoned tool; imputed usage features.,rules-only,0.2.0-tcb,0.0,False,False,False,False,False,False,True,True,False,False,False,False,False,False,False,True,DDLO X FIXED END COVER-01(R),36.9,25.0
500220424,0,0,0,N,Maintain,"NO_RECENT_USAGE,ABANDONED_TOOL,IMPUTED_USAGE_FEATURES",Low,0.65,No recent usage; abandoned tool; imputed usage features.,rules-only,0.2.0-tcb,0.0,False,False,False,False,False,False,True,True,False,False,False,False,False,False,False,True,DDLO Z TABLE RIGHT,237.6,55.0
500220425,0,0,0,N,Maintain,"NO_RECENT_USAGE,ABANDONED_TOOL,IMPUTED_USAGE_FEATURES",Low,0.65,No recent usage; abandoned tool; imputed usage features.,rules-only,0.2.0-tcb,0.0,False,False,False,False,False,False,True,True,False,False,False,False,False,False,False,True,Z MOVING TABLE RIGHT,164.7,25.0
500220426,0,0,0,N,Maintain,"NO_RECENT_USAGE,ABANDONED_TOOL,IMPUTED_USAGE_FEATURES",Low,0.65,No recent usage; abandoned tool; imputed usage features.,rules-only,0.2.0-tcb,0.0,False,False,False,False,False,False,True,True,False,False,False,False,False,False,False,True,OPTICS&LG MOUTING ARM RIGHT,268.2,25.0
500220427,0,0,0,N,Maintain,"NO_RECENT_USAGE,ABANDONED_TOOL,IMPUTED_USAGE_FEATURES",Low,0.65,No recent usage; abandoned tool; imputed usage features.,rules-only,0.2.0-tcb,0.0,False,False,False,False,False,False,True,True,False,False,False,False,False,False,False,True,Z MOTOR COVER RIGHT,16.2,25.0
500220428,0,0,0,N,Maintain,"NO_RECENT_USAGE,ABANDONED_TOOL,IMPUTED_USAGE_FEATURES",Low,0.65,No recent usage; abandoned tool; imputed usage features.,rules-only,0.2.0-tcb,0.0,False,False,False,False,False,False,True,True,False,False,False,False,False,False,False,True,OPTICS&LG SCREW RETAINING PLATE,20.7,25.0
500220429,0,0,0,N,Maintain,"NO_RECENT_USAGE,ABANDONED_TOOL,IMPUTED_USAGE_FEATURES",Low,0.65,No recent usage; abandoned tool; imputed usage features.,rules-only,0.2.0-tcb,0.0,False,False,False,False,False,False,True,True,False,False,False,False,False,False,False,True,Z ENCODER MOUNT RIGHT,55.8,25.0
500220430,0,0,0,N,Maintain,"NO_RECENT_USAGE,ABANDONED_TOOL,IMPUTED_USAGE_FEATURES",Low,0.65,No recent usage; abandoned tool; imputed usage features.,rules-only,0.2.0-tcb,0.0,False,False,False,False,False,False,True,True,False,False,False,False,False,False,False,True,REFERENCE MARK INTERFACE,29.7,25.0
500220431,0,0,0,N,Maintain,"NO_RECENT_USAGE,ABANDONED_TOOL,IMPUTED_USAGE_FEATURES",Low,0.65,No recent usage; abandoned tool; imputed usage features.,rules-only,0.2.0-tcb,0.0,False,False,False,False,False,False,True,True,False,False,False,False,False,False,False,True,LG MOUNT RIGHT,99.0,25.0
500220432,0,0,0,N,Maintain,"NO_RECENT_USAGE,ABANDONED_TOOL,IMPUTED_USAGE_FEATURES",Low,0.65,No recent usage; abandoned tool; imputed usage features.,rules-only,0.2.0-tcb,0.0,False,False,False,False,False,False,True,True,False,False,False,False,False,False,False,True,DL OPTICS SCREW RETAINING PLATE,7.2,25.0
500220433,0,0,0,N,Maintain,"NO_RECENT_USAGE,ABANDONED_TOOL,IMPUTED_USAGE_FEATURES",Low,0.65,No recent usage; abandoned tool; imputed usage features.,rules-only,0.2.0-tcb,0.0,False,False,False,False,False,False,True,True,False,False,False,False,False,False,False,True,DL OPTICS MOUNT RIGHT,63.9,25.0
500220434,0,0,0,N,Maintain,"NO_RECENT_USAGE,IMPUTED_USAGE_FEATURES",Low,0.65,No recent usage; imputed usage features.,rules-only,0.2.0-tcb,0.0,False,False,False,False,False,False,True,False,False,False,False,False,False,False,False,True,4 PIN M8 ST PLUG SCR FLEX CORD 5M,112.14,25.0
500220435,0,0,0,Y,Maintain,"NO_RECENT_USAGE,ABANDONED_TOOL,IMPUTED_USAGE_FEATURES",Medium,0.65,No recent usage; abandoned tool; imputed usage features.,rules-only,0.2.0-tcb,0.0,False,False,False,False,False,False,True,True,False,False,False,False,False,False,False,True,Y SHUTTLE OPTICS TABLE ASSY,14061.6,25.0
500220436,0,0,0,N,Maintain,"NO_RECENT_USAGE,ABANDONED_TOOL,IMPUTED_USAGE_FEATURES",Low,0.65,No recent usage; abandoned tool; imputed usage features.,rules-only,0.2.0-tcb,0.0,False,False,False,False,False,False,True,True,False,False,False,False,False,False,False,True,Z MOVING  (INPUTSHUTTLE X TABLE),35.1,25.0
500220438,0,0,0,N,Maintain,"NO_RECENT_USAGE,ABANDONED_TOOL,IMPUTED_USAGE_FEATURES",Low,0.65,No recent usage; abandoned tool; imputed usage features.,rules-only,0.2.0-tcb,0.0,False,False,False,False,False,False,True,True,False,False,False,False,False,False,False,True,Z FIXEND(INPUTSHUTTLE X TABLE),79.2,25.0
500220439,0,0,0,N,Maintain,"NO_RECENT_USAGE,ABANDONED_TOOL,IMPUTED_USAGE_FEATURES",Low,0.65,No recent usage; abandoned tool; imputed usage features.,rules-only,0.2.0-tcb,0.0,False,False,False,False,False,False,True,True,False,False,False,False,False,False,False,True,COVER 1 (INPUTSHUTTLE X TABLE),9.0,25.0
500220440,0,0,0,N,Maintain,"NO_RECENT_USAGE,ABANDONED_TOOL,IMPUTED_USAGE_FEATURES",Low,0.65,No recent usage; abandoned tool; imputed usage features.,rules-only,0.2.0-tcb,0.0,False,False,False,False,False,False,True,True,False,False,False,False,False,False,False,True,COVER 2 (INPUTSHUTTLE X TABLE),80.1,25.0
500220441,0,0,0,N,Maintain,"NO_RECENT_USAGE,ABANDONED_TOOL,IMPUTED_USAGE_FEATURES",Low,0.65,No recent usage; abandoned tool; imputed usage features.,rules-only,0.2.0-tcb,0.0,False,False,False,False,False,False,True,True,False,False,False,False,False,False,False,True,E-CHAIN MOUNTING SUPPORT,46.8,25.0
500220442,0,0,0,N,Maintain,"NO_RECENT_USAGE,ABANDONED_TOOL,IMPUTED_USAGE_FEATURES",Low,0.65,No recent usage; abandoned tool; imputed usage features.,rules-only,0.2.0-tcb,0.0,False,False,False,False,False,False,True,True,False,False,False,False,False,False,False,True,X FIXEND (INPUTSHUTTLE X TABLE),61.2,25.0
500220443,0,0,0,N,Maintain,"NO_RECENT_USAGE,ABANDONED_TOOL,IMPUTED_USAGE_FEATURES",Low,0.65,No recent usage; abandoned tool; imputed usage features.,rules-only,0.2.0-tcb,0.0,False,False,False,False,False,False,True,True,False,False,False,False,False,False,False,True,E-CHAIN Z MOUNTING SUPPORT,12.6,25.0
500220444,0,0,0,Y,Maintain,"NO_RECENT_USAGE,ABANDONED_TOOL,IMPUTED_USAGE_FEATURES",Medium,0.65,No recent usage; abandoned tool; imputed usage features.,rules-only,0.2.0-tcb,0.0,False,False,False,False,False,False,True,True,False,False,False,False,False,False,False,True,Y SHUTTLE OT X TABLE ASSY,6355.8,25.0
500220445,0,0,0,Y,Maintain,"NO_RECENT_USAGE,ABANDONED_TOOL,IMPUTED_USAGE_FEATURES",Medium,0.65,No recent usage; abandoned tool; imputed usage features.,rules-only,0.2.0-tcb,0.0,False,False,False,False,False,False,True,True,False,False,False,False,False,False,False,True,Y SHUTTLE OT Z TABLE ASSY,5966.1,25.0
500220446,0,0,0,N,Maintain,"NO_RECENT_USAGE,IMPUTED_USAGE_FEATURES",Low,0.65,No recent usage; imputed usage features.,rules-only,0.2.0-tcb,0.0,False,False,False,False,False,False,True,False,False,False,False,False,False,False,False,True,Y SHUTTLE OT TABLE Z ENCODER ASSY,780.97,25.0
500220447,0,0,0,N,Maintain,"NO_RECENT_USAGE,IMPUTED_USAGE_FEATURES",Low,0.65,No recent usage; imputed usage features.,rules-only,0.2.0-tcb,0.0,False,False,False,False,False,False,True,False,False,False,False,False,False,False,False,True,"MOTOR,BHZ,ROD,Y,SHUTTLE,OT,ZTABLE",669.63,15.0
500220448,0,0,0,N,Maintain,"NO_RECENT_USAGE,ABANDONED_TOOL,IMPUTED_USAGE_FEATURES",Low,0.65,No recent usage; abandoned tool; imputed usage features.,rules-only,0.2.0-tcb,0.0,False,False,False,False,False,False,True,True,False,False,False,False,False,False,False,True,LM GUIDE 2SRS9MUUC1E+95LPM-II (B),513.45,25.0
500220449,0,0,0,N,Maintain,"NO_RECENT_USAGE,IMPUTED_USAGE_FEATURES",Low,0.65,No recent usage; imputed usage features.,rules-only,0.2.0-tcb,0.0,False,False,False,False,False,False,True,False,False,False,False,False,False,False,False,True,SOC HD CAP SCREW M2X4,1.17,25.0
500220450,0,0,0,N,Maintain,"NO_RECENT_USAGE,ABANDONED_TOOL,IMPUTED_USAGE_FEATURES",Low,0.65,No recent usage; abandoned tool; imputed usage features.,rules-only,0.2.0-tcb,0.0,False,False,False,False,False,False,True,True,False,False,False,False,False,False,False,True,MS (MAGNET MOUNT),53.1,25.0
500220451,0,0,0,N,Maintain,"NO_RECENT_USAGE,ABANDONED_TOOL,IMPUTED_USAGE_FEATURES",Low,0.65,No recent usage; abandoned tool; imputed usage features.,rules-only,0.2.0-tcb,0.0,False,False,False,False,False,False,True,True,False,False,False,False,False,False,False,True,MS (JACKET MOUNT),56.7,25.0
500220452,0,0,0,N,Maintain,"NO_RECENT_USAGE,IMPUTED_USAGE_FEATURES",Low,0.65,No recent usage; imputed usage features.,rules-only,0.2.0-tcb,0.0,False,False,False,False,False,False,True,False,False,False,False,False,False,False,False,True,"MAGNETIC SPRING (8N, 32MM)",30.43,25.0
500220453,0,0,0,N,Maintain,"NO_RECENT_USAGE,ABANDONED_TOOL,IMPUTED_USAGE_FEATURES",Low,0.65,No recent usage; abandoned tool; imputed usage features.,rules-only,0.2.0-tcb,0.0,False,False,False,False,False,False,True,True,False,False,False,False,False,False,False,True,BHZ SCALE MOUNT,34.2,25.0
500220454,0,0,0,N,Maintain,"NO_RECENT_USAGE,ABANDONED_TOOL,IMPUTED_USAGE_FEATURES",Low,0.65,No recent usage; abandoned tool; imputed usage features.,rules-only,0.2.0-tcb,0.0,False,False,False,False,False,False,True,True,False,False,False,False,False,False,False,True,Y SHUTTLE OT Z BASE,268.2,25.0
500220455,0,0,0,N,Maintain,"NO_RECENT_USAGE,ABANDONED_TOOL,IMPUTED_USAGE_FEATURES",Low,0.65,No recent usage; abandoned tool; imputed usage features.,rules-only,0.2.0-tcb,0.0,False,False,False,False,False,False,True,True,False,False,False,False,False,False,False,True,FOV8 OPTICS BASE MOUNT,55.8,25.0
500220456,0,0,0,N,Maintain,"NO_RECENT_USAGE,ABANDONED_TOOL,IMPUTED_USAGE_FEATURES",Low,0.65,No recent usage; abandoned tool; imputed usage features.,rules-only,0.2.0-tcb,0.0,False,False,False,False,False,False,True,True,False,False,False,False,False,False,False,True,Y SHUTTLE OT X ADAPTOR,217.8,25.0
500220457,0,0,0,N,Maintain,"NO_RECENT_USAGE,ABANDONED_TOOL,IMPUTED_USAGE_FEATURES",Low,0.65,No recent usage; abandoned tool; imputed usage features.,rules-only,0.2.0-tcb,0.0,False,False,False,False,False,False,True,True,False,False,False,False,False,False,False,True,Y SHUTTLE OT MOUNT,62.1,25.0
500220458,0,0,0,N,Maintain,"NO_RECENT_USAGE,ABANDONED_TOOL,IMPUTED_USAGE_FEATURES",Low,0.65,No recent usage; abandoned tool; imputed usage features.,rules-only,0.2.0-tcb,0.0,False,False,False,False,False,False,True,True,False,False,False,False,False,False,False,True,FOV8 OPTICS ADAPTOR,54.0,25.0
500220459,0,0,0,N,Maintain,"NO_RECENT_USAGE,ABANDONED_TOOL,IMPUTED_USAGE_FEATURES",Low,0.65,No recent usage; abandoned tool; imputed usage features.,rules-only,0.2.0-tcb,0.0,False,False,False,False,False,False,True,True,False,False,False,False,False,False,False,True,Y SHUTTLE OT 25MM SPACER,55.8,25.0
500220465,0,0,0,Y,Maintain,"NO_RECENT_USAGE,ABANDONED_TOOL,IMPUTED_USAGE_FEATURES",Medium,0.65,No recent usage; abandoned tool; imputed usage features.,rules-only,0.2.0-tcb,0.0,False,False,False,False,False,False,True,True,False,False,False,False,False,False,False,True,INPUT Y TRANSFER CONVEYOR,9336.6,25.0
500220466,0,0,0,N,Maintain,"NO_RECENT_USAGE,ABANDONED_TOOL,IMPUTED_USAGE_FEATURES",Low,0.65,No recent usage; abandoned tool; imputed usage features.,rules-only,0.2.0-tcb,0.0,False,False,False,False,False,False,True,True,False,False,False,False,False,False,False,True,IP SHUTTLE TRACK WIDTH MTR ASSY,391.5,25.0
500220467,0,0,0,N,Maintain,"NO_RECENT_USAGE,IMPUTED_USAGE_FEATURES",Low,0.65,No recent usage; imputed usage features.,rules-only,0.2.0-tcb,0.0,False,False,False,False,False,False,True,False,False,False,False,False,False,False,False,True,"MOTOR,IP,SHUTTLE,CONVEYOR,ASSEMBLY",95.31,15.0
500220468,0,0,0,N,Maintain,"NO_RECENT_USAGE,IMPUTED_USAGE_FEATURES",Low,0.65,No recent usage; imputed usage features.,rules-only,0.2.0-tcb,0.0,False,False,False,False,False,False,True,False,False,False,False,False,False,False,False,True,INPUT SHUTTLE CONVEYOR IN SNR,209.86,25.0
500220469,0,0,0,N,Maintain,"NO_RECENT_USAGE,IMPUTED_USAGE_FEATURES",Low,0.65,No recent usage; imputed usage features.,rules-only,0.2.0-tcb,0.0,False,False,False,False,False,False,True,False,False,False,False,False,False,False,False,True,INPUT SHUTTLE CONVEYOR MID SNR,209.86,25.0
500220470,0,0,0,N,Maintain,"NO_RECENT_USAGE,IMPUTED_USAGE_FEATURES",Low,0.65,No recent usage; imputed usage features.,rules-only,0.2.0-tcb,0.0,False,False,False,False,False,False,True,False,False,False,False,False,False,False,False,True,INPUT SHUTTLE CONVEYOR OUT SNR,209.86,15.0
500220471,0,0,0,N,Maintain,"NO_RECENT_USAGE,ABANDONED_TOOL,IMPUTED_USAGE_FEATURES",Low,0.65,No recent usage; abandoned tool; imputed usage features.,rules-only,0.2.0-tcb,0.0,False,False,False,False,False,False,True,True,False,False,False,False,False,False,False,True,COS-L REAR TRACK COVER MID,58.5,25.0
500220472,0,0,0,N,Maintain,"NO_RECENT_USAGE,IMPUTED_USAGE_FEATURES",Low,0.65,No recent usage; imputed usage features.,rules-only,0.2.0-tcb,0.0,False,False,False,False,False,False,True,False,False,False,False,False,False,False,False,True,INPUT SHUTTLE CONVEYOR INSP POSN SNR,209.86,15.0
500220473,0,0,0,N,Maintain,"NO_RECENT_USAGE,ABANDONED_TOOL,IMPUTED_USAGE_FEATURES",Low,0.65,No recent usage; abandoned tool; imputed usage features.,rules-only,0.2.0-tcb,0.0,False,False,False,False,False,False,True,True,False,False,False,False,False,False,False,True,IP SHUTTLE FRONT TRACK COVER,402.3,25.0
500220474,0,0,0,N,Maintain,"NO_RECENT_USAGE,ABANDONED_TOOL,IMPUTED_USAGE_FEATURES",Low,0.65,No recent usage; abandoned tool; imputed usage features.,rules-only,0.2.0-tcb,0.0,False,False,False,False,False,False,True,True,False,False,False,False,False,False,False,True,INSP SNR & STOPPER MOUNT,18.0,25.0
500220475,0,0,0,N,Maintain,"NO_RECENT_USAGE,ABANDONED_TOOL,IMPUTED_USAGE_FEATURES",Low,0.65,No recent usage; abandoned tool; imputed usage features.,rules-only,0.2.0-tcb,0.0,False,False,False,False,False,False,True,True,False,False,False,False,False,False,False,True,IP SHUTTLE REAR TRACK COVER 2,138.6,25.0
500220476,0,0,0,N,Maintain,"NO_RECENT_USAGE,ABANDONED_TOOL,IMPUTED_USAGE_FEATURES",Low,0.65,No recent usage; abandoned tool; imputed usage features.,rules-only,0.2.0-tcb,0.0,False,False,False,False,False,False,True,True,False,False,False,False,False,False,False,True,LINEAR BUSHING 3X4.5X6 METRIC,2.25,25.0
500220477,0,0,0,N,Maintain,"NO_RECENT_USAGE,ABANDONED_TOOL,IMPUTED_USAGE_FEATURES",Low,0.65,No recent usage; abandoned tool; imputed usage features.,rules-only,0.2.0-tcb,0.0,False,False,False,False,False,False,True,True,False,False,False,False,False,False,False,True,TOP CLAMP GUIDE ROD,7.2,25.0
500220478,0,0,0,N,Maintain,"NO_RECENT_USAGE,ABANDONED_TOOL,IMPUTED_USAGE_FEATURES",Low,0.65,No recent usage; abandoned tool; imputed usage features.,rules-only,0.2.0-tcb,0.0,False,False,False,False,False,False,True,True,False,False,False,False,False,False,False,True,INSP SNR MOUNT,16.2,25.0
500220479,0,0,0,N,Maintain,"NO_RECENT_USAGE,ABANDONED_TOOL,IMPUTED_USAGE_FEATURES",Low,0.65,No recent usage; abandoned tool; imputed usage features.,rules-only,0.2.0-tcb,0.0,False,False,False,False,False,False,True,True,False,False,False,False,False,False,False,True,TOP CLAMP BASE,47.7,25.0
500220480,0,0,0,N,Maintain,"NO_RECENT_USAGE,ABANDONED_TOOL,IMPUTED_USAGE_FEATURES",Low,0.65,No recent usage; abandoned tool; imputed usage features.,rules-only,0.2.0-tcb,0.0,False,False,False,False,False,False,True,True,False,False,False,False,False,False,False,True,IP SHUTTLE REAR TRACK COVER 1,128.7,25.0
500220481,0,0,0,N,Maintain,"NO_RECENT_USAGE,ABANDONED_TOOL,IMPUTED_USAGE_FEATURES",Low,0.65,No recent usage; abandoned tool; imputed usage features.,rules-only,0.2.0-tcb,0.0,False,False,False,False,False,False,True,True,False,False,False,False,False,False,False,True,TOP CLAMP PLATE BASE,29.7,55.0
500220482,0,0,0,N,Maintain,"NO_RECENT_USAGE,ABANDONED_TOOL,IMPUTED_USAGE_FEATURES",Low,0.65,No recent usage; abandoned tool; imputed usage features.,rules-only,0.2.0-tcb,0.0,False,False,False,False,False,False,True,True,False,False,False,False,False,False,False,True,TOP CLAMP QUICK RELEASE,20.7,25.0
500220483,0,0,0,N,Maintain,"NO_RECENT_USAGE,ABANDONED_TOOL,IMPUTED_USAGE_FEATURES",Low,0.65,No recent usage; abandoned tool; imputed usage features.,rules-only,0.2.0-tcb,0.0,False,False,False,False,False,False,True,True,False,False,False,False,False,False,False,True,TOP CLAMP ASSY,235.8,25.0
500220484,1,1,0,Y,Increase,"NO_RECENT_USAGE,ZERO_RECOMMENDATION_OVERRIDE,AD_HOC_CONSUMPTION_RISK,IMPUTED_USAGE_FEATURES",Medium,0.65,"Source algorithm recommends 0 but the part carries risk (lead time 75d, on-hand 0); protective stock proposed instead of zero.",rules-only,0.2.0-tcb,46.8,False,False,False,False,False,False,True,False,False,False,True,True,False,False,False,True,"PNEU.,CYLINDER,D-ACT,10X6",46.8,75.0
500220485,0,0,0,N,Maintain,"NO_RECENT_USAGE,IMPUTED_USAGE_FEATURES",Low,0.65,No recent usage; imputed usage features.,rules-only,0.2.0-tcb,0.0,False,False,False,False,False,False,True,False,False,False,False,False,False,False,False,True,BARB FITTING M-3ALU-3,4.0,15.0
500220486,0,0,0,Y,Maintain,"NO_RECENT_USAGE,ABANDONED_TOOL,IMPUTED_USAGE_FEATURES",Medium,0.65,No recent usage; abandoned tool; imputed usage features.,rules-only,0.2.0-tcb,0.0,False,False,False,False,False,False,True,True,False,False,False,False,False,False,False,True,OUTPUT Y TRANSFER CONVEYOR,8127.0,25.0
500220487,0,0,0,N,Maintain,IMPUTED_USAGE_FEATURES,Low,0.65,Imputed usage features.,rules-only,0.2.0-tcb,0.0,False,False,False,False,False,False,False,False,False,False,False,False,False,False,False,True,PUSHER ASSY,93.72,15.0
500220488,0,0,0,N,Maintain,"NO_RECENT_USAGE,ABANDONED_TOOL,IMPUTED_USAGE_FEATURES",Low,0.65,No recent usage; abandoned tool; imputed usage features.,rules-only,0.2.0-tcb,0.0,False,False,False,False,False,False,True,True,False,False,False,False,False,False,False,True,MA MODEL MOUNTING ASSY,726.3,25.0
500220489,0,0,0,N,Maintain,"NO_RECENT_USAGE,IMPUTED_USAGE_FEATURES",Low,0.65,No recent usage; imputed usage features.,rules-only,0.2.0-tcb,0.0,False,False,False,False,False,False,True,False,False,False,False,False,False,False,False,True,CASSETTE SET UP KIT,116.95,25.0
500220490,0,0,0,N,Maintain,"NO_RECENT_USAGE,IMPUTED_USAGE_FEATURES",Low,0.65,No recent usage; imputed usage features.,rules-only,0.2.0-tcb,0.0,False,False,False,False,False,False,True,False,False,False,False,False,False,False,False,True,OUTPUT SHUTTLE CONVEYOR IN SNR,209.86,25.0
500220491,0,0,0,N,Maintain,"NO_RECENT_USAGE,IMPUTED_USAGE_FEATURES",Low,0.65,No recent usage; imputed usage features.,rules-only,0.2.0-tcb,0.0,False,False,False,False,False,False,True,False,False,False,False,False,False,False,False,True,OUTPUT SHUTTLE CONVEYOR MID SNR,209.86,25.0
500220492,0,0,0,N,Maintain,"NO_RECENT_USAGE,IMPUTED_USAGE_FEATURES",Low,0.65,No recent usage; imputed usage features.,rules-only,0.2.0-tcb,0.0,False,False,False,False,False,False,True,False,False,False,False,False,False,False,False,True,OUTPUT SHUTTLE CONVEYOR OUT SNR,209.86,25.0
500220493,0,0,0,N,Maintain,"NO_RECENT_USAGE,ABANDONED_TOOL,IMPUTED_USAGE_FEATURES",Low,0.65,No recent usage; abandoned tool; imputed usage features.,rules-only,0.2.0-tcb,0.0,False,False,False,False,False,False,True,True,False,False,False,False,False,False,False,True,ENCODER MOUNTING PLATE,35.1,25.0
500220494,0,0,0,N,Maintain,"NO_RECENT_USAGE,ABANDONED_TOOL,IMPUTED_USAGE_FEATURES",Low,0.65,No recent usage; abandoned tool; imputed usage features.,rules-only,0.2.0-tcb,0.0,False,False,False,False,False,False,True,True,False,False,False,False,False,False,False,True,HWIP TRACK MID SNR MOUNT,16.2,25.0
500220495,0,0,0,N,Maintain,"NO_RECENT_USAGE,ABANDONED_TOOL,IMPUTED_USAGE_FEATURES",Low,0.65,No recent usage; abandoned tool; imputed usage features.,rules-only,0.2.0-tcb,0.0,False,False,False,False,False,False,True,True,False,False,False,False,False,False,False,True,CONVEYOR IN SNR MNT,7.2,25.0
500220496,0,0,0,N,Maintain,"NO_RECENT_USAGE,ABANDONED_TOOL,IMPUTED_USAGE_FEATURES",Low,0.65,No recent usage; abandoned tool; imputed usage features.,rules-only,0.2.0-tcb,0.0,False,False,False,False,False,False,True,True,False,False,False,False,False,False,False,True,SNR MOUNTING BASE,40.5,25.0
500220497,0,0,0,N,Maintain,"NO_RECENT_USAGE,ABANDONED_TOOL,IMPUTED_USAGE_FEATURES",Low,0.65,No recent usage; abandoned tool; imputed usage features.,rules-only,0.2.0-tcb,0.0,False,False,False,False,False,False,True,True,False,False,False,False,False,False,False,True,OP SHUTTLE FRONT TRACK COVER,402.3,25.0
500220498,0,0,0,N,Maintain,"NO_RECENT_USAGE,ABANDONED_TOOL,IMPUTED_USAGE_FEATURES",Low,0.65,No recent usage; abandoned tool; imputed usage features.,rules-only,0.2.0-tcb,0.0,False,False,False,False,False,False,True,True,False,False,False,False,False,False,False,True,HWIP TRACK SNR UP MOUNT,13.5,25.0
500220499,0,0,0,N,Maintain,"NO_RECENT_USAGE,ABANDONED_TOOL,IMPUTED_USAGE_FEATURES",Low,0.65,No recent usage; abandoned tool; imputed usage features.,rules-only,0.2.0-tcb,0.0,False,False,False,False,False,False,True,True,False,False,False,False,False,False,False,True,OP SHUTTLE REAR TRACK COVER,402.3,25.0
500220500,0,0,0,Y,Maintain,"NO_RECENT_USAGE,ABANDONED_TOOL,IMPUTED_USAGE_FEATURES",Medium,0.65,No recent usage; abandoned tool; imputed usage features.,rules-only,0.2.0-tcb,0.0,False,False,False,False,False,False,True,True,False,False,False,False,False,False,False,True,Y TRANSFER CONVEYOR,6565.5,25.0
500220501,0,0,0,N,Maintain,"NO_RECENT_USAGE,ABANDONED_TOOL,IMPUTED_USAGE_FEATURES",Low,0.65,No recent usage; abandoned tool; imputed usage features.,rules-only,0.2.0-tcb,0.0,False,False,False,False,False,False,True,True,False,False,False,False,False,False,False,True,CONVEYOR TRACK WIDTH STOPPER,13.5,25.0
500220502,0,0,0,Y,Maintain,"NO_RECENT_USAGE,ABANDONED_TOOL,IMPUTED_USAGE_FEATURES",Medium,0.65,No recent usage; abandoned tool; imputed usage features.,rules-only,0.2.0-tcb,0.0,False,False,False,False,False,False,True,True,False,False,False,False,False,False,False,True,Y TRANSFER CONVEYOR BASE ASSY,1866.6,25.0
500220503,0,0,0,N,Maintain,"NO_RECENT_USAGE,IMPUTED_USAGE_FEATURES",Low,0.65,No recent usage; imputed usage features.,rules-only,0.2.0-tcb,0.0,False,False,False,False,False,False,True,False,False,False,False,False,False,False,False,True,"LM GUIDE 2SRS12WGMUUC1+200LPM(OH, AFF)",506.23,25.0
500220504,0,0,0,N,Maintain,"NO_RECENT_USAGE,ABANDONED_TOOL,IMPUTED_USAGE_FEATURES",Low,0.65,No recent usage; abandoned tool; imputed usage features.,rules-only,0.2.0-tcb,0.0,False,False,False,False,False,False,True,True,False,False,False,False,False,False,False,True,(WH) SHOULDER SCREW M3 DIA4X5,11.7,25.0
500220505,0,0,0,N,Maintain,"NO_RECENT_USAGE,ABANDONED_TOOL,IMPUTED_USAGE_FEATURES",Low,0.65,No recent usage; abandoned tool; imputed usage features.,rules-only,0.2.0-tcb,0.0,False,False,False,False,False,False,True,True,False,False,False,False,False,False,False,True,(WH) LEVEL ADJ SPANNER,63.0,25.0
500220506,0,0,0,N,Maintain,"NO_RECENT_USAGE,ABANDONED_TOOL,IMPUTED_USAGE_FEATURES",Low,0.65,No recent usage; abandoned tool; imputed usage features.,rules-only,0.2.0-tcb,0.0,False,False,False,False,False,False,True,True,False,False,False,False,False,False,False,True,TRAY COPLANARITY ADJUSTMENT SCREW,20.7,25.0
500220507,0,0,0,N,Maintain,"NO_RECENT_USAGE,ABANDONED_TOOL,IMPUTED_USAGE_FEATURES",Low,0.65,No recent usage; abandoned tool; imputed usage features.,rules-only,0.2.0-tcb,0.0,False,False,False,False,False,False,True,True,False,False,False,False,False,False,False,True,Y TRANSFER CONVEYOR BASE PLATE,347.4,25.0
500220508,0,0,0,Y,Maintain,"NO_RECENT_USAGE,ABANDONED_TOOL,IMPUTED_USAGE_FEATURES",Medium,0.65,No recent usage; abandoned tool; imputed usage features.,rules-only,0.2.0-tcb,0.0,False,False,False,False,False,False,True,True,False,False,False,False,False,False,False,True,Y TRANSFER CONVEYOR FRONT TRACK ASSY,2480.4,25.0
500220509,0,0,0,N,Maintain,"NO_RECENT_USAGE,IMPUTED_USAGE_FEATURES",Low,0.65,No recent usage; imputed usage features.,rules-only,0.2.0-tcb,0.0,False,False,False,False,False,False,True,False,False,False,False,False,False,False,False,True,IDLER ASSY,41.65,45.0
500220510,0,0,0,N,Maintain,"NO_RECENT_USAGE,ABANDONED_TOOL,IMPUTED_USAGE_FEATURES",Low,0.65,No recent usage; abandoned tool; imputed usage features.,rules-only,0.2.0-tcb,0.0,False,False,False,False,False,False,True,True,False,False,False,False,False,False,False,True,C-CLAMP(DISC),26.1,25.0
500220511,1,1,0,Y,Increase,"NO_RECENT_USAGE,ZERO_RECOMMENDATION_OVERRIDE,AD_HOC_CONSUMPTION_RISK,IMPUTED_USAGE_FEATURES",Medium,0.65,"Source algorithm recommends 0 but the part carries risk (lead time 75d, on-hand 1); protective stock proposed instead of zero.",rules-only,0.2.0-tcb,39.6,False,False,False,False,False,False,True,False,False,False,True,True,False,False,False,True,"PULLEY,MODIFIED,HWOP,FRONT,TRACK,",39.6,75.0
500220512,0,0,0,N,Maintain,"NO_RECENT_USAGE,ABANDONED_TOOL,IMPUTED_USAGE_FEATURES",Low,0.65,No recent usage; abandoned tool; imputed usage features.,rules-only,0.2.0-tcb,0.0,False,False,False,False,False,False,True,True,False,False,False,False,False,False,False,True,A/C BEARING COVER OD22,82.8,25.0
500220513,0,0,0,N,Maintain,"NO_RECENT_USAGE,ABANDONED_TOOL,IMPUTED_USAGE_FEATURES",Low,0.65,No recent usage; abandoned tool; imputed usage features.,rules-only,0.2.0-tcb,0.0,False,False,False,False,False,False,True,True,False,False,False,False,False,False,False,True,BEARING HOLDER MOUNT,109.8,25.0
500220514,0,0,0,N,Maintain,"NO_RECENT_USAGE,ABANDONED_TOOL,IMPUTED_USAGE_FEATURES",Low,0.65,No recent usage; abandoned tool; imputed usage features.,rules-only,0.2.0-tcb,0.0,False,False,False,False,False,False,True,True,False,False,False,False,False,False,False,True,TRACK WIDTH PULLEY,52.2,25.0
500220515,0,0,0,N,Maintain,"NO_RECENT_USAGE,ABANDONED_TOOL,IMPUTED_USAGE_FEATURES",Low,0.65,No recent usage; abandoned tool; imputed usage features.,rules-only,0.2.0-tcb,0.0,False,False,False,False,False,False,True,True,False,False,False,False,False,False,False,True,HW CONVEYOR MTR MOUNT,61.2,25.0
500220516,0,0,0,N,Maintain,"NO_RECENT_USAGE,ABANDONED_TOOL,IMPUTED_USAGE_FEATURES",Low,0.65,No recent usage; abandoned tool; imputed usage features.,rules-only,0.2.0-tcb,0.0,False,False,False,False,False,False,True,True,False,False,False,False,False,False,False,True,SHUTTLE CONVEYOR FRONT TRACK,76.5,25.0
500220517,0,0,0,N,Maintain,"NO_RECENT_USAGE,ABANDONED_TOOL,IMPUTED_USAGE_FEATURES",Low,0.65,No recent usage; abandoned tool; imputed usage features.,rules-only,0.2.0-tcb,0.0,False,False,False,False,False,False,True,True,False,False,False,False,False,False,False,True,MTR MNT SPACER,5.4,25.0
500220518,0,0,0,N,Maintain,"NO_RECENT_USAGE,ABANDONED_TOOL,IMPUTED_USAGE_FEATURES",Low,0.65,No recent usage; abandoned tool; imputed usage features.,rules-only,0.2.0-tcb,0.0,False,False,False,False,False,False,True,True,False,False,False,False,False,False,False,True,LOCK NUT M8 THICKNESS 4MM,5.4,25.0
500220519,0,0,0,N,Maintain,"NO_RECENT_USAGE,ABANDONED_TOOL,IMPUTED_USAGE_FEATURES",Low,0.65,No recent usage; abandoned tool; imputed usage features.,rules-only,0.2.0-tcb,0.0,False,False,False,False,False,False,True,True,False,False,False,False,False,False,False,True,TRACK WIDTH PULLEY (HOLE DIA 6.35),76.5,25.0
500220520,0,0,0,N,Maintain,"NO_RECENT_USAGE,ABANDONED_TOOL,IMPUTED_USAGE_FEATURES",Low,0.65,No recent usage; abandoned tool; imputed usage features.,rules-only,0.2.0-tcb,0.0,False,False,False,False,False,False,True,True,False,False,False,False,False,False,False,True,HW TRACK WIDTH MTR MOUNT,55.8,25.0
500220521,0,0,0,N,Maintain,"NO_RECENT_USAGE,IMPUTED_USAGE_FEATURES",Low,0.65,No recent usage; imputed usage features.,rules-only,0.2.0-tcb,0.0,False,False,False,False,False,False,True,False,False,False,False,False,False,False,False,True,"PULLEY,CONV,BELT,SET,DRIVING,Y,TRANSFER",124.15,15.0
500220522,0,0,0,Y,Maintain,"NO_RECENT_USAGE,ABANDONED_TOOL,IMPUTED_USAGE_FEATURES",Medium,0.65,No recent usage; abandoned tool; imputed usage features.,rules-only,0.2.0-tcb,0.0,False,False,False,False,False,False,True,True,False,False,False,False,False,False,False,True,Y TRANSFER CONVEYOR REAR TRACK ASSY,1543.5,25.0
500220523,0,0,0,N,Maintain,"NO_RECENT_USAGE,IMPUTED_USAGE_FEATURES",Low,0.65,No recent usage; imputed usage features.,rules-only,0.2.0-tcb,0.0,False,False,False,False,False,False,True,False,False,False,False,False,False,False,False,True,"PULLEY,BELT,DRIVE,MOTOR,SET,ASSEMBLY",549.9,55.0
500220524,0,0,0,N,Maintain,"NO_RECENT_USAGE,IMPUTED_USAGE_FEATURES",Low,0.65,No recent usage; imputed usage features.,rules-only,0.2.0-tcb,0.0,False,False,False,False,False,False,True,False,False,False,False,False,False,False,False,True,"IDLER,Y,TRANSFER,CONVEYOR",41.65,25.0
500220525,0,0,0,N,Maintain,"NO_RECENT_USAGE,IMPUTED_USAGE_FEATURES",Low,0.65,No recent usage; imputed usage features.,rules-only,0.2.0-tcb,0.0,False,False,False,False,False,False,True,False,False,False,False,False,False,False,False,True,CONVEYOR BELT PULLEY SET,88.11,15.0
500220526,0,0,0,N,Maintain,"NO_RECENT_USAGE,IMPUTED_USAGE_FEATURES",Low,0.65,No recent usage; imputed usage features.,rules-only,0.2.0-tcb,0.0,False,False,False,False,False,False,True,False,False,False,False,False,False,False,False,True,TRACK WIDTH LEADSCREW ASSY,335.61,25.0
500220527,0,0,0,N,Maintain,"NO_RECENT_USAGE,ABANDONED_TOOL,IMPUTED_USAGE_FEATURES",Low,0.65,No recent usage; abandoned tool; imputed usage features.,rules-only,0.2.0-tcb,0.0,False,False,False,False,False,False,True,True,False,False,False,False,False,False,False,True,LM GUIDE MOUNT,312.3,25.0
500220528,0,0,0,N,Maintain,"NO_RECENT_USAGE,IMPUTED_USAGE_FEATURES",Low,0.65,No recent usage; imputed usage features.,rules-only,0.2.0-tcb,0.0,False,False,False,False,False,False,True,False,False,False,False,False,False,False,False,True,"PULLEY,SLIDING,ASSEMBLY,",88.11,15.0
500220529,0,0,0,N,Maintain,"NO_RECENT_USAGE,ABANDONED_TOOL,IMPUTED_USAGE_FEATURES",Low,0.65,No recent usage; abandoned tool; imputed usage features.,rules-only,0.2.0-tcb,0.0,False,False,False,False,False,False,True,True,False,False,False,False,False,False,False,True,LM GUIDE MOUNT (MIRROR),286.2,25.0
500220530,0,0,0,N,Maintain,"NO_RECENT_USAGE,ABANDONED_TOOL,IMPUTED_USAGE_FEATURES",Low,0.65,No recent usage; abandoned tool; imputed usage features.,rules-only,0.2.0-tcb,0.0,False,False,False,False,False,False,True,True,False,False,False,False,False,False,False,True,SHUTTLE CONVEYOR REAR TRACK,466.2,25.0
500220531,0,0,0,N,Maintain,"NO_RECENT_USAGE,ABANDONED_TOOL,IMPUTED_USAGE_FEATURES",Low,0.65,No recent usage; abandoned tool; imputed usage features.,rules-only,0.2.0-tcb,0.0,False,False,False,False,False,False,True,True,False,False,False,False,False,False,False,True,SHUTTLE TRACK WIDTH SNR FLAG,20.7,25.0
500220532,0,0,0,Y,Maintain,"NO_RECENT_USAGE,ABANDONED_TOOL,IMPUTED_USAGE_FEATURES",Medium,0.65,No recent usage; abandoned tool; imputed usage features.,rules-only,0.2.0-tcb,0.0,False,False,False,False,False,False,True,True,False,False,False,False,False,False,False,True,(IES) FLUX EXHAUST (G2),7734.6,25.0
500220533,1,1,0,Y,Increase,"NO_RECENT_USAGE,ZERO_RECOMMENDATION_OVERRIDE,AD_HOC_CONSUMPTION_RISK,IMPUTED_USAGE_FEATURES",High,0.65,"Source algorithm recommends 0 but the part carries risk (lead time 135d, on-hand 0); protective stock proposed instead of zero.",rules-only,0.2.0-tcb,11265.3,False,False,False,False,False,False,True,False,False,False,True,True,False,False,False,True,"PLATE,COOLING,V3,ASSY",11265.3,135.0
500220534,1,1,0,Y,Increase,"NO_RECENT_USAGE,ZERO_RECOMMENDATION_OVERRIDE,AD_HOC_CONSUMPTION_RISK,IMPUTED_USAGE_FEATURES",Medium,0.65,"Source algorithm recommends 0 but the part carries risk (lead time 70d, on-hand 0); protective stock proposed instead of zero.",rules-only,0.2.0-tcb,207.9,False,False,False,False,False,False,True,False,False,False,True,True,False,False,False,True,"(IES) DISP PROCESS WINDOW FULL, LEFT V2",207.9,70.0
500220535,1,1,0,Y,Increase,"NO_RECENT_USAGE,ZERO_RECOMMENDATION_OVERRIDE,AD_HOC_CONSUMPTION_RISK,IMPUTED_USAGE_FEATURES",Medium,0.65,"Source algorithm recommends 0 but the part carries risk (lead time 70d, on-hand 0); protective stock proposed instead of zero.",rules-only,0.2.0-tcb,207.9,False,False,False,False,False,False,True,False,False,False,True,True,False,False,False,True,"WINDOW,PROCESS,FULL,RIGHT,V2,IES,MICRO",207.9,70.0
500220536,0,0,0,N,Maintain,"NO_RECENT_USAGE,ABANDONED_TOOL,IMPUTED_USAGE_FEATURES",Low,0.65,No recent usage; abandoned tool; imputed usage features.,rules-only,0.2.0-tcb,0.0,False,False,False,False,False,False,True,True,False,False,False,False,False,False,False,True,"(IES) DISP PROCESS WINDOW, LEFT",180.0,25.0
500220537,0,0,0,N,Maintain,"NO_RECENT_USAGE,ABANDONED_TOOL,IMPUTED_USAGE_FEATURES",Low,0.65,No recent usage; abandoned tool; imputed usage features.,rules-only,0.2.0-tcb,0.0,False,False,False,False,False,False,True,True,False,False,False,False,False,False,False,True,"(IES) DISP PROCESS WINDOW, RIGHT",180.0,25.0
500220538,0,0,0,N,Maintain,"NO_RECENT_USAGE,ABANDONED_TOOL,IMPUTED_USAGE_FEATURES",Low,0.65,No recent usage; abandoned tool; imputed usage features.,rules-only,0.2.0-tcb,0.0,False,False,False,False,False,False,True,True,False,False,False,False,False,False,False,True,(IES) MIDDLE BAR ASSY,1276.2,25.0
500220539,0,0,0,N,Maintain,"NO_RECENT_USAGE,ABANDONED_TOOL,IMPUTED_USAGE_FEATURES",Low,0.65,No recent usage; abandoned tool; imputed usage features.,rules-only,0.2.0-tcb,0.0,False,False,False,False,False,False,True,True,False,False,False,False,False,False,False,True,"ADAPTOR,COOLING,BLOCK,PNUEMATIC,ASSY",309.98,25.0
500220540,0,0,0,Y,Maintain,"NO_RECENT_USAGE,ABANDONED_TOOL,IMPUTED_USAGE_FEATURES",Medium,0.65,No recent usage; abandoned tool; imputed usage features.,rules-only,0.2.0-tcb,0.0,False,False,False,False,False,False,True,True,False,False,False,False,False,False,False,True,(IES) MACRO INERT COVER,7736.4,25.0
500220541,0,0,0,N,Maintain,"NO_RECENT_USAGE,ABANDONED_TOOL,IMPUTED_USAGE_FEATURES",Low,0.65,No recent usage; abandoned tool; imputed usage features.,rules-only,0.2.0-tcb,0.0,False,False,False,False,False,False,True,True,False,False,False,False,False,False,False,True,(IES) REAR ADAPTOR BAR,300.6,25.0
500220542,0,0,0,N,Maintain,"NO_RECENT_USAGE,ABANDONED_TOOL,IMPUTED_USAGE_FEATURES",Low,0.65,No recent usage; abandoned tool; imputed usage features.,rules-only,0.2.0-tcb,0.0,False,False,False,False,False,False,True,True,False,False,False,False,False,False,False,True,(IES) ADAPTOR BRACKET FOR OPTICS TABLE,170.1,25.0
500220543,0,0,0,N,Maintain,"NO_RECENT_USAGE,ABANDONED_TOOL,IMPUTED_USAGE_FEATURES",Low,0.65,No recent usage; abandoned tool; imputed usage features.,rules-only,0.2.0-tcb,0.0,False,False,False,False,False,False,True,True,False,False,False,False,False,False,False,True,(IES) BACK COVER,469.8,25.0
500220544,0,0,0,N,Maintain,"NO_RECENT_USAGE,ABANDONED_TOOL,IMPUTED_USAGE_FEATURES",Low,0.65,No recent usage; abandoned tool; imputed usage features.,rules-only,0.2.0-tcb,0.0,False,False,False,False,False,False,True,True,False,False,False,False,False,False,False,True,"(IES) CABLE COVER, FRONT",379.8,25.0
500220545,0,0,0,N,Maintain,"NO_RECENT_USAGE,ABANDONED_TOOL,IMPUTED_USAGE_FEATURES",Low,0.65,No recent usage; abandoned tool; imputed usage features.,rules-only,0.2.0-tcb,0.0,False,False,False,False,False,False,True,True,False,False,False,False,False,False,False,True,"(IES) SIDE COVER FOR OT, LEFT",294.3,25.0
500220546,0,0,0,N,Maintain,"NO_RECENT_USAGE,ABANDONED_TOOL,IMPUTED_USAGE_FEATURES",Low,0.65,No recent usage; abandoned tool; imputed usage features.,rules-only,0.2.0-tcb,0.0,False,False,False,False,False,False,True,True,False,False,False,False,False,False,False,True,"(IES) SIDE COVER FOR OT, RIGHT",294.3,25.0
500220547,0,0,0,N,Maintain,"NO_RECENT_USAGE,ABANDONED_TOOL,IMPUTED_USAGE_FEATURES",Low,0.65,No recent usage; abandoned tool; imputed usage features.,rules-only,0.2.0-tcb,0.0,False,False,False,False,False,False,True,True,False,False,False,False,False,False,False,True,(IES) ENGAGE BRACKET FOR SIDE COVER,15.3,25.0
500220548,0,0,0,N,Maintain,"NO_RECENT_USAGE,ABANDONED_TOOL,IMPUTED_USAGE_FEATURES",Low,0.65,No recent usage; abandoned tool; imputed usage features.,rules-only,0.2.0-tcb,0.0,False,False,False,False,False,False,True,True,False,False,False,False,False,False,False,True,(IES) SCREW WITH GROOVE,13.5,25.0
500220549,0,0,0,N,Maintain,"NO_RECENT_USAGE,ABANDONED_TOOL,IMPUTED_USAGE_FEATURES",Low,0.65,No recent usage; abandoned tool; imputed usage features.,rules-only,0.2.0-tcb,0.0,False,False,False,False,False,False,True,True,False,False,False,False,False,False,False,True,"(IES) WINDOW COVER, REAR",88.2,25.0
500220550,0,0,0,N,Maintain,"NO_RECENT_USAGE,ABANDONED_TOOL,IMPUTED_USAGE_FEATURES",Low,0.65,No recent usage; abandoned tool; imputed usage features.,rules-only,0.2.0-tcb,0.0,False,False,False,False,False,False,True,True,False,False,False,False,False,False,False,True,(IES) BACK COVER MOUNT,69.3,25.0
500220551,0,0,0,N,Maintain,"NO_RECENT_USAGE,ABANDONED_TOOL,IMPUTED_USAGE_FEATURES",Low,0.65,No recent usage; abandoned tool; imputed usage features.,rules-only,0.2.0-tcb,0.0,False,False,False,False,False,False,True,True,False,False,False,False,False,False,False,True,"(IES) SIDE COVER, LEFT",245.7,25.0
500220552,0,0,0,N,Maintain,"NO_RECENT_USAGE,ABANDONED_TOOL,IMPUTED_USAGE_FEATURES",Low,0.65,No recent usage; abandoned tool; imputed usage features.,rules-only,0.2.0-tcb,0.0,False,False,False,False,False,False,True,True,False,False,False,False,False,False,False,True,(IES) SIDE WINDOW COVER FOR DDL,34.2,25.0
500220553,0,0,0,N,Maintain,"NO_RECENT_USAGE,ABANDONED_TOOL,IMPUTED_USAGE_FEATURES",Low,0.65,No recent usage; abandoned tool; imputed usage features.,rules-only,0.2.0-tcb,0.0,False,False,False,False,False,False,True,True,False,False,False,False,False,False,False,True,"(IES) SIDE COVER, RIGHT",245.7,25.0
500220554,0,0,0,N,Maintain,"NO_RECENT_USAGE,IMPUTED_USAGE_FEATURES",Low,0.65,No recent usage; imputed usage features.,rules-only,0.2.0-tcb,0.0,False,False,False,False,False,False,True,False,False,False,False,False,False,False,False,True,CATCH CLIP HFQ73-42,12.81,15.0
500220555,0,0,0,N,Maintain,"NO_RECENT_USAGE,ABANDONED_TOOL,IMPUTED_USAGE_FEATURES",Low,0.65,No recent usage; abandoned tool; imputed usage features.,rules-only,0.2.0-tcb,0.0,False,False,False,False,False,False,True,True,False,False,False,False,False,False,False,True,"(IES) CEILING TACHE(DDL), RIGHT",42.3,25.0
500220556,1,1,0,Y,Increase,"NO_RECENT_USAGE,ZERO_RECOMMENDATION_OVERRIDE,AD_HOC_CONSUMPTION_RISK,IMPUTED_USAGE_FEATURES",Medium,0.65,"Source algorithm recommends 0 but the part carries risk (lead time 70d, on-hand 0); protective stock proposed instead of zero.",rules-only,0.2.0-tcb,0.9,False,False,False,False,False,False,True,False,False,False,True,True,False,False,False,True,KNOB FOR M5 SCREW,0.9,70.0
500220557,0,0,0,Y,Maintain,"NO_RECENT_USAGE,IMPUTED_USAGE_FEATURES",Medium,0.65,No recent usage; imputed usage features.,rules-only,0.2.0-tcb,0.0,False,False,False,False,False,False,True,False,False,False,False,False,False,False,False,True,"DOOR,FRONT,IES,MACRO,INERT",4157.1,38.0
500220558,0,0,0,N,Maintain,"NO_RECENT_USAGE,ABANDONED_TOOL,IMPUTED_USAGE_FEATURES",Low,0.65,No recent usage; abandoned tool; imputed usage features.,rules-only,0.2.0-tcb,0.0,False,False,False,False,False,False,True,True,False,False,False,False,False,False,False,True,"(IES) CEILING TACHE(DDL), LEFT",42.3,25.0
500220559,0,0,0,N,Maintain,"NO_RECENT_USAGE,IMPUTED_USAGE_FEATURES",Low,0.65,No recent usage; imputed usage features.,rules-only,0.2.0-tcb,0.0,False,False,False,False,False,False,True,False,False,False,False,False,False,False,False,True,"(IES) DOOR LOCK, LOWER",162.87,38.0
500220560,0,0,0,N,Maintain,"NO_RECENT_USAGE,IMPUTED_USAGE_FEATURES",Low,0.65,No recent usage; imputed usage features.,rules-only,0.2.0-tcb,0.0,False,False,False,False,False,False,True,False,False,False,False,False,False,False,False,True,MAGNET LOCK ELEC ASSY,81.7,47.0
500220561,0,0,0,N,Maintain,"NO_RECENT_USAGE,IMPUTED_USAGE_FEATURES",Low,0.65,No recent usage; imputed usage features.,rules-only,0.2.0-tcb,0.0,False,False,False,False,False,False,True,False,False,False,False,False,False,False,False,True,"(IES) DOOR LOCK, UPPER",162.6,38.0
500220564,0,0,0,N,Maintain,"NO_RECENT_USAGE,ABANDONED_TOOL,IMPUTED_USAGE_FEATURES",Low,0.65,No recent usage; abandoned tool; imputed usage features.,rules-only,0.2.0-tcb,0.0,False,False,False,False,False,False,True,True,False,False,False,False,False,False,False,True,"(IES) FRONT DOOR, TOP BRACKET",221.4,25.0
500220565,0,0,0,N,Maintain,"NO_RECENT_USAGE,ABANDONED_TOOL,IMPUTED_USAGE_FEATURES",Low,0.65,No recent usage; abandoned tool; imputed usage features.,rules-only,0.2.0-tcb,0.0,False,False,False,False,False,False,True,True,False,False,False,False,False,False,False,True,"(IES) SAFETY SENSOR PLATE, LEFT",40.5,25.0
500220566,0,0,0,N,Maintain,"NO_RECENT_USAGE,ABANDONED_TOOL,IMPUTED_USAGE_FEATURES",Low,0.65,No recent usage; abandoned tool; imputed usage features.,rules-only,0.2.0-tcb,0.0,False,False,False,False,False,False,True,True,False,False,False,False,False,False,False,True,"(IES) SAFETY SENSOR PLATE, RIGHT",40.5,25.0
500220567,0,0,0,N,Maintain,"NO_RECENT_USAGE,ABANDONED_TOOL,IMPUTED_USAGE_FEATURES",Low,0.65,No recent usage; abandoned tool; imputed usage features.,rules-only,0.2.0-tcb,0.0,False,False,False,False,False,False,True,True,False,False,False,False,False,False,False,True,(IES) LIGHTING MOUNT,58.5,25.0
500220568,0,0,0,N,Maintain,"NO_RECENT_USAGE,ABANDONED_TOOL,IMPUTED_USAGE_FEATURES",Low,0.65,No recent usage; abandoned tool; imputed usage features.,rules-only,0.2.0-tcb,0.0,False,False,False,False,False,False,True,True,False,False,False,False,False,False,False,True,(IES) LIMIT BLOCK FOR FRONT DOOR,31.5,25.0
500220569,0,0,0,N,Maintain,"NO_RECENT_USAGE,ABANDONED_TOOL,IMPUTED_USAGE_FEATURES",Low,0.65,No recent usage; abandoned tool; imputed usage features.,rules-only,0.2.0-tcb,0.0,False,False,False,False,False,False,True,True,False,False,False,False,False,False,False,True,"(IES) KEY NOTCH, LOWER",32.4,25.0
500220570,0,0,0,N,Maintain,"NO_RECENT_USAGE,ABANDONED_TOOL,IMPUTED_USAGE_FEATURES",Low,0.65,No recent usage; abandoned tool; imputed usage features.,rules-only,0.2.0-tcb,0.0,False,False,False,False,False,False,True,True,False,False,False,False,False,False,False,True,"(IES) KEY NOTCH, UPPER",32.4,25.0
500220571,0,0,0,N,Maintain,"NO_RECENT_USAGE,ABANDONED_TOOL,IMPUTED_USAGE_FEATURES",Low,0.65,No recent usage; abandoned tool; imputed usage features.,rules-only,0.2.0-tcb,0.0,False,False,False,False,False,False,True,True,False,False,False,False,False,False,False,True,(IES) L-BRACKET FOR TUBE ADAPTOR,10.8,25.0
500220572,0,0,0,N,Maintain,"NO_RECENT_USAGE,ABANDONED_TOOL,IMPUTED_USAGE_FEATURES",Low,0.65,No recent usage; abandoned tool; imputed usage features.,rules-only,0.2.0-tcb,0.0,False,False,False,False,False,False,True,True,False,False,False,False,False,False,False,True,"(IES) ARMATURE FOR DOOR LOCK, LEFT",54.0,25.0
500220573,0,0,0,N,Maintain,"NO_RECENT_USAGE,ABANDONED_TOOL,IMPUTED_USAGE_FEATURES",Low,0.65,No recent usage; abandoned tool; imputed usage features.,rules-only,0.2.0-tcb,0.0,False,False,False,False,False,False,True,True,False,False,False,False,False,False,False,True,(IES) NUT PLATE FOR TUBE ADAPTOR,5.4,25.0
500220574,0,0,0,N,Maintain,"NO_RECENT_USAGE,ABANDONED_TOOL,IMPUTED_USAGE_FEATURES",Low,0.65,No recent usage; abandoned tool; imputed usage features.,rules-only,0.2.0-tcb,0.0,False,False,False,False,False,False,True,True,False,False,False,False,False,False,False,True,(IES) PROTECTIVE GUARD FOR MAGNETIC LOCK,30.6,25.0
500220575,0,0,0,N,Maintain,"NO_RECENT_USAGE,ABANDONED_TOOL,IMPUTED_USAGE_FEATURES",Low,0.65,No recent usage; abandoned tool; imputed usage features.,rules-only,0.2.0-tcb,0.0,False,False,False,False,False,False,True,True,False,False,False,False,False,False,False,True,"(IES) FRONT COVER WITH WINDOW, V3",175.5,25.0
500220576,0,0,0,N,Maintain,"NO_RECENT_USAGE,ABANDONED_TOOL,IMPUTED_USAGE_FEATURES",Low,0.65,No recent usage; abandoned tool; imputed usage features.,rules-only,0.2.0-tcb,0.0,False,False,False,False,False,False,True,True,False,False,False,False,False,False,False,True,(IES) L-BRACKET FOR MAGNETIC LOCK,27.0,25.0
500220577,0,0,0,N,Maintain,"NO_RECENT_USAGE,ABANDONED_TOOL,IMPUTED_USAGE_FEATURES",Low,0.65,No recent usage; abandoned tool; imputed usage features.,rules-only,0.2.0-tcb,0.0,False,False,False,False,False,False,True,True,False,False,False,False,False,False,False,True,"(IES) ARMATURE FOR DOOR LOCK, RIGHT",54.0,25.0
500220578,1,1,0,Y,Increase,"NO_RECENT_USAGE,ZERO_RECOMMENDATION_OVERRIDE,AD_HOC_CONSUMPTION_RISK,IMPUTED_USAGE_FEATURES",Medium,0.65,"Source algorithm recommends 0 but the part carries risk (lead time 70d, on-hand 0); protective stock proposed instead of zero.",rules-only,0.2.0-tcb,26.25,False,False,False,False,False,False,True,False,False,False,True,True,False,False,False,True,(IES) FRONT COVER HANDLE 2,26.25,70.0
500220579,0,0,0,N,Maintain,"NO_RECENT_USAGE,IMPUTED_USAGE_FEATURES",Low,0.65,No recent usage; imputed usage features.,rules-only,0.2.0-tcb,0.0,False,False,False,False,False,False,True,False,False,False,False,False,False,False,False,True,STAINLESS FLAT TORQUE HINGE B-1109-3,25.63,25.0
500220621,0,0,0,Y,Maintain,"NO_RECENT_USAGE,ABANDONED_TOOL,IMPUTED_USAGE_FEATURES",Medium,0.65,No recent usage; abandoned tool; imputed usage features.,rules-only,0.2.0-tcb,0.0,False,False,False,False,False,False,True,True,False,False,False,False,False,False,False,True,(IES) CONDENSER (G2) AND DUCT,5052.6,25.0
500220622,0,0,0,Y,Maintain,"NO_RECENT_USAGE,IMPUTED_USAGE_FEATURES",Medium,0.65,No recent usage; imputed usage features.,rules-only,0.2.0-tcb,0.0,False,False,False,False,False,False,True,False,False,False,False,False,False,False,False,True,"WINDOW,BONDING EXHAUST,BEW,IES,FLUX",3244.05,25.0
500220623,0,0,0,N,Maintain,"NO_RECENT_USAGE,ABANDONED_TOOL,IMPUTED_USAGE_FEATURES",Low,0.65,No recent usage; abandoned tool; imputed usage features.,rules-only,0.2.0-tcb,0.0,False,False,False,False,False,False,True,True,False,False,False,False,False,False,False,True,"(IES) EXH, LINE-VAC & UNION ASSY",1009.8,25.0
500220624,0,0,0,N,Maintain,"NO_RECENT_USAGE,ABANDONED_TOOL,IMPUTED_USAGE_FEATURES",Low,0.65,No recent usage; abandoned tool; imputed usage features.,rules-only,0.2.0-tcb,0.0,False,False,False,False,False,False,True,True,False,False,False,False,False,False,False,True,(IES) CDS EXTENDED DUCT & VALVE ASSY,952.2,25.0
500220625,0,0,0,N,Maintain,"NO_RECENT_USAGE,ABANDONED_TOOL,IMPUTED_USAGE_FEATURES",Low,0.65,No recent usage; abandoned tool; imputed usage features.,rules-only,0.2.0-tcb,0.0,False,False,False,False,False,False,True,True,False,False,False,False,False,False,False,True,(IES) CDS EXH DUCT WITH 2ND CDS ASSY,705.6,25.0
500220626,0,0,0,N,Maintain,"NO_RECENT_USAGE,ABANDONED_TOOL,IMPUTED_USAGE_FEATURES",Low,0.65,No recent usage; abandoned tool; imputed usage features.,rules-only,0.2.0-tcb,0.0,False,False,False,False,False,False,True,True,False,False,False,False,False,False,False,True,"(IES)CDS, EXH. VALVE ASSY",518.4,25.0
500220627,1,1,0,Y,Increase,"NO_RECENT_USAGE,ZERO_RECOMMENDATION_OVERRIDE,AD_HOC_CONSUMPTION_RISK,IMPUTED_USAGE_FEATURES",High,0.65,"Source algorithm recommends 0 but the part carries risk (lead time 91d, on-hand 0); protective stock proposed instead of zero.",rules-only,0.2.0-tcb,5512.5,False,False,False,False,False,False,True,False,False,False,True,True,False,False,False,True,"ENVIRONEMTN, CORE,INERT,CIE,G2,IES",5512.5,91.0
500220628,0,0,0,Y,Maintain,"NO_RECENT_USAGE,ABANDONED_TOOL,IMPUTED_USAGE_FEATURES",Medium,0.65,No recent usage; abandoned tool; imputed usage features.,rules-only,0.2.0-tcb,0.0,False,False,False,False,False,False,True,True,False,False,False,False,False,False,False,True,(IES) PRE HEAT SLIDE COVER LEFT,5472.9,25.0
500220629,0,0,0,Y,Maintain,"NO_RECENT_USAGE,ABANDONED_TOOL,IMPUTED_USAGE_FEATURES",Medium,0.65,No recent usage; abandoned tool; imputed usage features.,rules-only,0.2.0-tcb,0.0,False,False,False,False,False,False,True,True,False,False,False,False,False,False,False,True,(IES) PRE HEAT SLIDE COVER,14952.6,25.0
500220630,0,0,0,N,Maintain,"NO_RECENT_USAGE,ABANDONED_TOOL,IMPUTED_USAGE_FEATURES",Low,0.65,No recent usage; abandoned tool; imputed usage features.,rules-only,0.2.0-tcb,0.0,False,False,False,False,False,False,True,True,False,False,False,False,False,False,False,True,(IES) PH FRONT EXH DUCT ASSY LEFT (G2),299.7,25.0
500220631,0,0,0,Y,Maintain,"NO_RECENT_USAGE,ABANDONED_TOOL,IMPUTED_USAGE_FEATURES",Medium,0.65,No recent usage; abandoned tool; imputed usage features.,rules-only,0.2.0-tcb,0.0,False,False,False,False,False,False,True,True,False,False,False,False,False,False,False,True,(IES) PH COVER Y-SHUTTLE BASE ASSY LEFT,2790.0,25.0
500220632,0,0,0,Y,Maintain,"NO_RECENT_USAGE,ABANDONED_TOOL,IMPUTED_USAGE_FEATURES",Medium,0.65,No recent usage; abandoned tool; imputed usage features.,rules-only,0.2.0-tcb,0.0,False,False,False,False,False,False,True,True,False,False,False,False,False,False,False,True,(IES) PRE HEAT SLIDE COVER RIGHT,5468.4,25.0
500220633,0,0,0,Y,Maintain,"NO_RECENT_USAGE,ABANDONED_TOOL,IMPUTED_USAGE_FEATURES",Medium,0.65,No recent usage; abandoned tool; imputed usage features.,rules-only,0.2.0-tcb,0.0,False,False,False,False,False,False,True,True,False,False,False,False,False,False,False,True,(IES) PH COVER Y-SHUTTLE BASE ASSY RIGHT,2789.1,25.0
500220634,0,0,0,N,Maintain,"NO_RECENT_USAGE,ABANDONED_TOOL,IMPUTED_USAGE_FEATURES",Low,0.65,No recent usage; abandoned tool; imputed usage features.,rules-only,0.2.0-tcb,0.0,False,False,False,False,False,False,True,True,False,False,False,False,False,False,False,True,(IES) PH FRONT EXH DUCT ASSY RIGH (G2),296.1,25.0
500220635,0,0,0,Y,Maintain,"NO_RECENT_USAGE,ABANDONED_TOOL,IMPUTED_USAGE_FEATURES",Medium,0.65,No recent usage; abandoned tool; imputed usage features.,rules-only,0.2.0-tcb,0.0,False,False,False,False,False,False,True,True,False,False,False,False,False,False,False,True,(DFH) DNL DOCKING UNIT,6859.8,25.0
500220636,0,0,0,Y,Maintain,"NO_RECENT_USAGE,ABANDONED_TOOL,IMPUTED_USAGE_FEATURES",Medium,0.65,No recent usage; abandoned tool; imputed usage features.,rules-only,0.2.0-tcb,0.0,False,False,False,False,False,False,True,True,False,False,False,False,False,False,False,True,(DFH) DNL MECH ASSY,8024.4,25.0
500220637,0,0,0,N,Maintain,"NO_RECENT_USAGE,ABANDONED_TOOL,IMPUTED_USAGE_FEATURES",Low,0.65,No recent usage; abandoned tool; imputed usage features.,rules-only,0.2.0-tcb,0.0,False,False,False,False,False,False,True,True,False,False,False,False,False,False,False,True,DFH SIDE GUIDE,84.6,25.0
500220638,0,0,0,Y,Maintain,"NO_RECENT_USAGE,ABANDONED_TOOL,IMPUTED_USAGE_FEATURES",Medium,0.65,No recent usage; abandoned tool; imputed usage features.,rules-only,0.2.0-tcb,0.0,False,False,False,False,False,False,True,True,False,False,False,False,False,False,False,True,(CAH) DNL MECH ASSY,9954.9,25.0
500220639,0,0,0,N,Maintain,"NO_RECENT_USAGE,ABANDONED_TOOL,IMPUTED_USAGE_FEATURES",Low,0.65,No recent usage; abandoned tool; imputed usage features.,rules-only,0.2.0-tcb,0.0,False,False,False,False,False,False,True,True,False,False,False,False,False,False,False,True,CHAMFER BLOCK C,78.3,25.0
500220640,0,0,0,N,Maintain,"NO_RECENT_USAGE,ABANDONED_TOOL,IMPUTED_USAGE_FEATURES",Low,0.65,No recent usage; abandoned tool; imputed usage features.,rules-only,0.2.0-tcb,0.0,False,False,False,False,False,False,True,True,False,False,False,False,False,False,False,True,SIDE GUIDE BAR,56.7,25.0
500220641,0,0,0,Y,Maintain,"NO_RECENT_USAGE,ABANDONED_TOOL,IMPUTED_USAGE_FEATURES",Medium,0.65,No recent usage; abandoned tool; imputed usage features.,rules-only,0.2.0-tcb,0.0,False,False,False,False,False,False,True,True,False,False,False,False,False,False,False,True,DNL DOCKING UNIT LEFT,3226.5,25.0
500220642,0,0,0,N,Maintain,"NO_RECENT_USAGE,ABANDONED_TOOL,IMPUTED_USAGE_FEATURES",Low,0.65,No recent usage; abandoned tool; imputed usage features.,rules-only,0.2.0-tcb,0.0,False,False,False,False,False,False,True,True,False,False,False,False,False,False,False,True,CHAMFER BLOCK B,59.4,25.0
500220643,0,0,0,N,Maintain,"NO_RECENT_USAGE,ABANDONED_TOOL,IMPUTED_USAGE_FEATURES",Low,0.65,No recent usage; abandoned tool; imputed usage features.,rules-only,0.2.0-tcb,0.0,False,False,False,False,False,False,True,True,False,False,False,False,False,False,False,True,DNL BASE PLATE LEFT,936.0,25.0
500220644,0,0,0,N,Maintain,"NO_RECENT_USAGE,IMPUTED_USAGE_FEATURES",Low,0.65,No recent usage; imputed usage features.,rules-only,0.2.0-tcb,0.0,False,False,False,False,False,False,True,False,False,False,False,False,False,False,False,True,DOCK CYL SNR CABLE ASSY,160.2,25.0
500220645,0,0,0,N,Maintain,"NO_RECENT_USAGE,ABANDONED_TOOL,IMPUTED_USAGE_FEATURES",Low,0.65,No recent usage; abandoned tool; imputed usage features.,rules-only,0.2.0-tcb,0.0,False,False,False,False,False,False,True,True,False,False,False,False,False,False,False,True,DNL PROFILE GUIDE A,688.5,25.0
500220646,0,0,0,N,Maintain,"NO_RECENT_USAGE,ABANDONED_TOOL,IMPUTED_USAGE_FEATURES",Low,0.65,No recent usage; abandoned tool; imputed usage features.,rules-only,0.2.0-tcb,0.0,False,False,False,False,False,False,True,True,False,False,False,False,False,False,False,True,DNL LOCKING HOOK A,171.0,25.0
500220647,0,0,0,N,Maintain,"NO_RECENT_USAGE,ABANDONED_TOOL,IMPUTED_USAGE_FEATURES",Low,0.65,No recent usage; abandoned tool; imputed usage features.,rules-only,0.2.0-tcb,0.0,False,False,False,False,False,False,True,True,False,False,False,False,False,False,False,True,DNL HANDLE A,24.3,25.0
500220648,0,0,0,N,Maintain,"NO_RECENT_USAGE,ABANDONED_TOOL,IMPUTED_USAGE_FEATURES",Low,0.65,No recent usage; abandoned tool; imputed usage features.,rules-only,0.2.0-tcb,0.0,False,False,False,False,False,False,True,True,False,False,False,False,False,False,False,True,DNL PILOT PIN BLK A,91.8,25.0
500220649,0,0,0,N,Maintain,"NO_RECENT_USAGE,ABANDONED_TOOL,IMPUTED_USAGE_FEATURES",Low,0.65,No recent usage; abandoned tool; imputed usage features.,rules-only,0.2.0-tcb,0.0,False,False,False,False,False,False,True,True,False,False,False,False,False,False,False,True,DNL HANDLE COVER A,26.1,25.0
500220650,0,0,0,Y,Maintain,"NO_RECENT_USAGE,ABANDONED_TOOL,IMPUTED_USAGE_FEATURES",Medium,0.65,No recent usage; abandoned tool; imputed usage features.,rules-only,0.2.0-tcb,0.0,False,False,False,False,False,False,True,True,False,False,False,False,False,False,False,True,DNL DOCKING UNIT RIGHT,3267.0,25.0
500220651,0,0,0,N,Maintain,"NO_RECENT_USAGE,ABANDONED_TOOL,IMPUTED_USAGE_FEATURES",Low,0.65,No recent usage; abandoned tool; imputed usage features.,rules-only,0.2.0-tcb,0.0,False,False,False,False,False,False,True,True,False,False,False,False,False,False,False,True,DNL BASE PLATE RIGHT,960.3,25.0
500220652,0,0,0,N,Maintain,"NO_RECENT_USAGE,ABANDONED_TOOL,IMPUTED_USAGE_FEATURES",Low,0.65,No recent usage; abandoned tool; imputed usage features.,rules-only,0.2.0-tcb,0.0,False,False,False,False,False,False,True,True,False,False,False,False,False,False,False,True,DNL COMPENSATION PLATE (DFH),35.1,25.0
500220653,0,0,0,N,Maintain,"NO_RECENT_USAGE,IMPUTED_USAGE_FEATURES",Low,0.65,No recent usage; imputed usage features.,rules-only,0.2.0-tcb,0.0,False,False,False,False,False,False,True,False,False,False,False,False,False,False,False,True,DOCK CYL SNR CABLE ASSY,166.6,25.0
500220654,0,0,0,N,Maintain,"NO_RECENT_USAGE,ABANDONED_TOOL,IMPUTED_USAGE_FEATURES",Low,0.65,No recent usage; abandoned tool; imputed usage features.,rules-only,0.2.0-tcb,0.0,False,False,False,False,False,False,True,True,False,False,False,False,False,False,False,True,DNL HOOK PIVOT WASHER,10.8,25.0
500220655,0,0,0,N,Maintain,"NO_RECENT_USAGE,IMPUTED_USAGE_FEATURES",Low,0.65,No recent usage; imputed usage features.,rules-only,0.2.0-tcb,0.0,False,False,False,False,False,False,True,False,False,False,False,False,False,False,False,True,"BEARING,BALL,5X10X4,DNL",2.8,15.0
500220656,0,0,0,N,Maintain,"NO_RECENT_USAGE,ABANDONED_TOOL,IMPUTED_USAGE_FEATURES",Low,0.65,No recent usage; abandoned tool; imputed usage features.,rules-only,0.2.0-tcb,0.0,False,False,False,False,False,False,True,True,False,False,False,False,False,False,False,True,DNL PROFILE GUIDE B,674.1,25.0
500220657,0,0,0,N,Maintain,"NO_RECENT_USAGE,ABANDONED_TOOL,IMPUTED_USAGE_FEATURES",Low,0.65,No recent usage; abandoned tool; imputed usage features.,rules-only,0.2.0-tcb,0.0,False,False,False,False,False,False,True,True,False,False,False,False,False,False,False,True,DNL LOCKING HOOK B,97.2,25.0
500220658,0,0,0,N,Maintain,"NO_RECENT_USAGE,ABANDONED_TOOL,IMPUTED_USAGE_FEATURES",Low,0.65,No recent usage; abandoned tool; imputed usage features.,rules-only,0.2.0-tcb,0.0,False,False,False,False,False,False,True,True,False,False,False,False,False,False,False,True,DNL HOOK PIVOT,13.5,25.0
500220659,0,0,0,N,Maintain,"NO_RECENT_USAGE,ABANDONED_TOOL,IMPUTED_USAGE_FEATURES",Low,0.65,No recent usage; abandoned tool; imputed usage features.,rules-only,0.2.0-tcb,0.0,False,False,False,False,False,False,True,True,False,False,False,False,False,False,False,True,DNL LOCATING BULLET,23.4,25.0
500220660,0,0,0,N,Maintain,"NO_RECENT_USAGE,ABANDONED_TOOL,IMPUTED_USAGE_FEATURES",Low,0.65,No recent usage; abandoned tool; imputed usage features.,rules-only,0.2.0-tcb,0.0,False,False,False,False,False,False,True,True,False,False,False,False,False,False,False,True,DNL PILOT PIN BLK B,90.0,25.0
500220661,0,0,0,N,Maintain,"NO_RECENT_USAGE,ABANDONED_TOOL,IMPUTED_USAGE_FEATURES",Low,0.65,No recent usage; abandoned tool; imputed usage features.,rules-only,0.2.0-tcb,0.0,False,False,False,False,False,False,True,True,False,False,False,False,False,False,False,True,DNL RESTRICTION HOOK,8.1,25.0
500220662,0,0,0,N,Maintain,"NO_RECENT_USAGE,ABANDONED_TOOL,IMPUTED_USAGE_FEATURES",Low,0.65,No recent usage; abandoned tool; imputed usage features.,rules-only,0.2.0-tcb,0.0,False,False,False,False,False,False,True,True,False,False,False,False,False,False,False,True,DNL LINKAGE,7.2,25.0
500220663,0,0,0,N,Maintain,"NO_RECENT_USAGE,ABANDONED_TOOL,IMPUTED_USAGE_FEATURES",Low,0.65,No recent usage; abandoned tool; imputed usage features.,rules-only,0.2.0-tcb,0.0,False,False,False,False,False,False,True,True,False,False,False,False,False,False,False,True,DNL HANDLE B,24.3,25.0
500220664,0,0,0,N,Maintain,"NO_RECENT_USAGE,ABANDONED_TOOL,IMPUTED_USAGE_FEATURES",Low,0.65,No recent usage; abandoned tool; imputed usage features.,rules-only,0.2.0-tcb,0.0,False,False,False,False,False,False,True,True,False,False,False,False,False,False,False,True,DNL HANDLE COVER B,26.1,25.0
500220665,0,0,0,N,Maintain,"NO_RECENT_USAGE,ABANDONED_TOOL,IMPUTED_USAGE_FEATURES",Low,0.65,No recent usage; abandoned tool; imputed usage features.,rules-only,0.2.0-tcb,0.0,False,False,False,False,False,False,True,True,False,False,False,False,False,False,False,True,DNL AXIAL FOOT FOR CYLINDER,136.8,25.0
500220666,0,0,0,N,Maintain,"NO_RECENT_USAGE,ABANDONED_TOOL,IMPUTED_USAGE_FEATURES",Low,0.65,No recent usage; abandoned tool; imputed usage features.,rules-only,0.2.0-tcb,0.0,False,False,False,False,False,False,True,True,False,False,False,False,False,False,False,True,DNL PILOT PIN PLATE,46.8,25.0
500220667,0,0,0,N,Maintain,"NO_RECENT_USAGE,ABANDONED_TOOL,IMPUTED_USAGE_FEATURES",Low,0.65,No recent usage; abandoned tool; imputed usage features.,rules-only,0.2.0-tcb,0.0,False,False,False,False,False,False,True,True,False,False,False,False,False,False,False,True,DNL ROLLER GUIDE,40.5,25.0
500220668,0,0,0,N,Maintain,"NO_RECENT_USAGE,ABANDONED_TOOL,IMPUTED_USAGE_FEATURES",Low,0.65,No recent usage; abandoned tool; imputed usage features.,rules-only,0.2.0-tcb,0.0,False,False,False,False,False,False,True,True,False,False,False,False,False,False,False,True,DNL KNUCKLE JOINT FOR CYLINDER,36.9,25.0
500220669,0,0,0,N,Maintain,"NO_RECENT_USAGE,ABANDONED_TOOL,IMPUTED_USAGE_FEATURES",Low,0.65,No recent usage; abandoned tool; imputed usage features.,rules-only,0.2.0-tcb,0.0,False,False,False,False,False,False,True,True,False,False,False,False,False,False,False,True,DNL LINKAGE PIN A,9.0,25.0
500220670,0,0,0,N,Maintain,"NO_RECENT_USAGE,ABANDONED_TOOL,IMPUTED_USAGE_FEATURES",Low,0.65,No recent usage; abandoned tool; imputed usage features.,rules-only,0.2.0-tcb,0.0,False,False,False,False,False,False,True,True,False,False,False,False,False,False,False,True,DNL LINKAGE WASHER,4.5,25.0
500220671,0,0,0,N,Maintain,"NO_RECENT_USAGE,ABANDONED_TOOL,IMPUTED_USAGE_FEATURES",Low,0.65,No recent usage; abandoned tool; imputed usage features.,rules-only,0.2.0-tcb,0.0,False,False,False,False,False,False,True,True,False,False,False,False,False,False,False,True,DNL GROOVE PIN,7.2,25.0
500220672,0,0,0,N,Maintain,"NO_RECENT_USAGE,ABANDONED_TOOL,IMPUTED_USAGE_FEATURES",Low,0.65,No recent usage; abandoned tool; imputed usage features.,rules-only,0.2.0-tcb,0.0,False,False,False,False,False,False,True,True,False,False,False,False,False,False,False,True,DNL LINKAGE PIN B,9.0,25.0
500220673,0,0,0,N,Maintain,"NO_RECENT_USAGE,ABANDONED_TOOL,IMPUTED_USAGE_FEATURES",Low,0.65,No recent usage; abandoned tool; imputed usage features.,rules-only,0.2.0-tcb,0.0,False,False,False,False,False,False,True,True,False,False,False,False,False,False,False,True,DNL BEARING SHAFT,5.4,25.0
500220674,0,0,0,N,Maintain,"NO_RECENT_USAGE,ABANDONED_TOOL,IMPUTED_USAGE_FEATURES",Low,0.65,No recent usage; abandoned tool; imputed usage features.,rules-only,0.2.0-tcb,0.0,False,False,False,False,False,False,True,True,False,False,False,False,False,False,False,True,DNL BEARING WASHER,4.5,25.0
500220675,0,0,0,N,Maintain,"NO_RECENT_USAGE,ABANDONED_TOOL,IMPUTED_USAGE_FEATURES",Low,0.65,No recent usage; abandoned tool; imputed usage features.,rules-only,0.2.0-tcb,0.0,False,False,False,False,False,False,True,True,False,False,False,False,False,False,False,True,DNL PLASTIC GUIDE,285.3,25.0
500220676,0,0,0,N,Maintain,"NO_RECENT_USAGE,ABANDONED_TOOL,IMPUTED_USAGE_FEATURES",Low,0.65,No recent usage; abandoned tool; imputed usage features.,rules-only,0.2.0-tcb,0.0,False,False,False,False,False,False,True,True,False,False,False,False,False,False,False,True,DNL SETUP BLOCK B,42.3,25.0
500220677,0,0,0,N,Maintain,"NO_RECENT_USAGE,IMPUTED_USAGE_FEATURES",Low,0.65,No recent usage; imputed usage features.,rules-only,0.2.0-tcb,0.0,False,False,False,False,False,False,True,False,False,False,False,False,False,False,False,True,"BLOCK,ALIGNMENT,DOCKING,DNL",63.0,25.0
500220678,0,0,0,N,Maintain,"NO_RECENT_USAGE,ABANDONED_TOOL,IMPUTED_USAGE_FEATURES",Low,0.65,No recent usage; abandoned tool; imputed usage features.,rules-only,0.2.0-tcb,0.0,False,False,False,False,False,False,True,True,False,False,False,False,False,False,False,True,ONE-TOUCH FITTING KQ2S06-M5A,4.0,25.0
500220679,0,0,0,N,Maintain,"NO_RECENT_USAGE,IMPUTED_USAGE_FEATURES",Low,0.65,No recent usage; imputed usage features.,rules-only,0.2.0-tcb,0.0,False,False,False,False,False,False,True,False,False,False,False,False,False,False,False,True,DOWEL PIN D5X10,1.2,25.0
500220680,0,0,0,N,Maintain,"NO_RECENT_USAGE,ABANDONED_TOOL,IMPUTED_USAGE_FEATURES",Low,0.65,No recent usage; abandoned tool; imputed usage features.,rules-only,0.2.0-tcb,0.0,False,False,False,False,False,False,True,True,False,False,False,False,False,False,False,True,DNL SETUP BLOCK A,43.2,25.0
500220681,0,0,0,Y,Maintain,"NO_RECENT_USAGE,ABANDONED_TOOL,IMPUTED_USAGE_FEATURES",Medium,0.65,No recent usage; abandoned tool; imputed usage features.,rules-only,0.2.0-tcb,0.0,False,False,False,False,False,False,True,True,False,False,False,False,False,False,False,True,CAH DOCKING INSERT ASSY,2702.7,25.0
500220682,0,0,0,N,Maintain,"NO_RECENT_USAGE,ABANDONED_TOOL,IMPUTED_USAGE_FEATURES",Low,0.65,No recent usage; abandoned tool; imputed usage features.,rules-only,0.2.0-tcb,0.0,False,False,False,False,False,False,True,True,False,False,False,False,False,False,False,True,CHAMFER BLOCK,50.4,25.0
500220683,0,0,0,N,Maintain,"NO_RECENT_USAGE,ABANDONED_TOOL,IMPUTED_USAGE_FEATURES",Low,0.65,No recent usage; abandoned tool; imputed usage features.,rules-only,0.2.0-tcb,0.0,False,False,False,False,False,False,True,True,False,False,False,False,False,False,False,True,Z PARKING PAD,30.6,25.0
500220684,0,0,0,N,Maintain,"NO_RECENT_USAGE,ABANDONED_TOOL,IMPUTED_USAGE_FEATURES",Low,0.65,No recent usage; abandoned tool; imputed usage features.,rules-only,0.2.0-tcb,0.0,False,False,False,False,False,False,True,True,False,False,False,False,False,False,False,True,HEX NUT M6                        [10C2],0.9,25.0
500220685,0,0,0,N,Maintain,"NO_RECENT_USAGE,IMPUTED_USAGE_FEATURES",Low,0.65,No recent usage; imputed usage features.,rules-only,0.2.0-tcb,0.0,False,False,False,False,False,False,True,False,False,False,False,False,False,False,False,True,DOWEL PIN D6 X L16,0.8,15.0
500220686,0,0,0,N,Maintain,"NO_RECENT_USAGE,ABANDONED_TOOL,IMPUTED_USAGE_FEATURES",Low,0.65,No recent usage; abandoned tool; imputed usage features.,rules-only,0.2.0-tcb,0.0,False,False,False,False,False,False,True,True,False,False,False,False,False,False,False,True,BEARING WASHER A,8.1,25.0
500220687,0,0,0,N,Maintain,"NO_RECENT_USAGE,IMPUTED_USAGE_FEATURES",Low,0.65,No recent usage; imputed usage features.,rules-only,0.2.0-tcb,0.0,False,False,False,False,False,False,True,False,False,False,False,False,False,False,False,True,DOWEL PIN D8 X L16,19.22,15.0
500220688,0,0,0,N,Maintain,"NO_RECENT_USAGE,ABANDONED_TOOL,IMPUTED_USAGE_FEATURES",Low,0.65,No recent usage; abandoned tool; imputed usage features.,rules-only,0.2.0-tcb,0.0,False,False,False,False,False,False,True,True,False,False,False,False,False,False,False,True,CAH SIDE GUIDE,138.6,25.0
500220689,0,0,0,N,Maintain,"NO_RECENT_USAGE,ABANDONED_TOOL,IMPUTED_USAGE_FEATURES",Low,0.65,No recent usage; abandoned tool; imputed usage features.,rules-only,0.2.0-tcb,0.0,False,False,False,False,False,False,True,True,False,False,False,False,False,False,False,True,BEARING WASHER B,8.1,25.0
500220690,0,0,0,N,Maintain,"NO_RECENT_USAGE,ABANDONED_TOOL,IMPUTED_USAGE_FEATURES",Low,0.65,No recent usage; abandoned tool; imputed usage features.,rules-only,0.2.0-tcb,0.0,False,False,False,False,False,False,True,True,False,False,False,False,False,False,False,True,BEARING SHAFT B,24.3,25.0
500220691,0,0,0,N,Maintain,"NO_RECENT_USAGE,ABANDONED_TOOL,IMPUTED_USAGE_FEATURES",Low,0.65,No recent usage; abandoned tool; imputed usage features.,rules-only,0.2.0-tcb,0.0,False,False,False,False,False,False,True,True,False,False,False,False,False,False,False,True,BEARING SHAFT A,14.4,25.0
500220692,0,0,0,N,Maintain,"NO_RECENT_USAGE,ABANDONED_TOOL,IMPUTED_USAGE_FEATURES",Low,0.65,No recent usage; abandoned tool; imputed usage features.,rules-only,0.2.0-tcb,0.0,False,False,False,False,False,False,True,True,False,False,False,False,False,False,False,True,LOCATING BLOCK A,36.9,25.0
500220693,0,0,0,N,Maintain,"NO_RECENT_USAGE,ABANDONED_TOOL,IMPUTED_USAGE_FEATURES",Low,0.65,No recent usage; abandoned tool; imputed usage features.,rules-only,0.2.0-tcb,0.0,False,False,False,False,False,False,True,True,False,False,False,False,False,False,False,True,LOCATING BLOCK B,70.2,25.0
500220694,0,0,0,N,Maintain,"NO_RECENT_USAGE,ABANDONED_TOOL,IMPUTED_USAGE_FEATURES",Low,0.65,No recent usage; abandoned tool; imputed usage features.,rules-only,0.2.0-tcb,0.0,False,False,False,False,False,False,True,True,False,False,False,False,False,False,False,True,BEARING SPACER,8.1,25.0
500220695,0,0,0,N,Maintain,"NO_RECENT_USAGE,ABANDONED_TOOL,IMPUTED_USAGE_FEATURES",Low,0.65,No recent usage; abandoned tool; imputed usage features.,rules-only,0.2.0-tcb,0.0,False,False,False,False,False,False,True,True,False,False,False,False,False,False,False,True,STEP RING FOR LIMIT GUARD,10.8,25.0
500220696,0,0,0,N,Maintain,"NO_RECENT_USAGE,ABANDONED_TOOL,IMPUTED_USAGE_FEATURES",Low,0.65,No recent usage; abandoned tool; imputed usage features.,rules-only,0.2.0-tcb,0.0,False,False,False,False,False,False,True,True,False,False,False,False,False,False,False,True,LIMIT GUIDE SHT METAL,14.4,25.0
500220697,0,0,0,N,Maintain,"NO_RECENT_USAGE,ABANDONED_TOOL,IMPUTED_USAGE_FEATURES",Low,0.65,No recent usage; abandoned tool; imputed usage features.,rules-only,0.2.0-tcb,0.0,False,False,False,False,False,False,True,True,False,False,False,False,False,False,False,True,LOCKING SHT METAL,16.2,25.0
500220698,0,0,0,N,Maintain,"NO_RECENT_USAGE,ABANDONED_TOOL,IMPUTED_USAGE_FEATURES",Low,0.65,No recent usage; abandoned tool; imputed usage features.,rules-only,0.2.0-tcb,0.0,False,False,False,False,False,False,True,True,False,False,False,False,False,False,False,True,LOCK PIN,31.5,25.0
500220699,0,0,0,N,Maintain,"NO_RECENT_USAGE,ABANDONED_TOOL,IMPUTED_USAGE_FEATURES",Low,0.65,No recent usage; abandoned tool; imputed usage features.,rules-only,0.2.0-tcb,0.0,False,False,False,False,False,False,True,True,False,False,False,False,False,False,False,True,FLOATING UNIT,582.3,25.0
500220700,0,0,0,N,Maintain,"NO_RECENT_USAGE,IMPUTED_USAGE_FEATURES",Low,0.65,No recent usage; imputed usage features.,rules-only,0.2.0-tcb,0.0,False,False,False,False,False,False,True,False,False,False,False,False,False,False,False,True,DATUM ROLLER ASSY,42.45,25.0
500220701,0,0,0,N,Maintain,"NO_RECENT_USAGE,IMPUTED_USAGE_FEATURES",Low,0.65,No recent usage; imputed usage features.,rules-only,0.2.0-tcb,0.0,False,False,False,False,False,False,True,False,False,False,False,False,False,False,False,True,ROLLER ASSY,60.07,25.0
500220702,0,0,0,N,Maintain,"NO_RECENT_USAGE,ABANDONED_TOOL,IMPUTED_USAGE_FEATURES",Low,0.65,No recent usage; abandoned tool; imputed usage features.,rules-only,0.2.0-tcb,0.0,False,False,False,False,False,False,True,True,False,False,False,False,False,False,False,True,SPRING HOLDER,16.2,25.0
500220703,0,0,0,N,Maintain,"NO_RECENT_USAGE,ABANDONED_TOOL,IMPUTED_USAGE_FEATURES",Low,0.65,No recent usage; abandoned tool; imputed usage features.,rules-only,0.2.0-tcb,0.0,False,False,False,False,False,False,True,True,False,False,False,False,False,False,False,True,FLATING GUIDE ROLLER HOLDER,209.7,25.0
500220704,0,0,0,N,Maintain,"NO_RECENT_USAGE,ABANDONED_TOOL,IMPUTED_USAGE_FEATURES",Low,0.65,No recent usage; abandoned tool; imputed usage features.,rules-only,0.2.0-tcb,0.0,False,False,False,False,False,False,True,True,False,False,False,False,False,False,False,True,ROD HOLDER,116.1,25.0
500220705,0,0,0,N,Maintain,"NO_RECENT_USAGE,ABANDONED_TOOL,IMPUTED_USAGE_FEATURES",Low,0.65,No recent usage; abandoned tool; imputed usage features.,rules-only,0.2.0-tcb,0.0,False,False,False,False,False,False,True,True,False,False,False,False,False,False,False,True,GUIDE ROD,109.8,25.0
500220706,0,0,0,N,Maintain,"NO_RECENT_USAGE,IMPUTED_USAGE_FEATURES",Low,0.65,No recent usage; imputed usage features.,rules-only,0.2.0-tcb,0.0,False,False,False,False,False,False,True,False,False,False,False,False,False,False,False,True,DIE SPING TL18X75,7.2,25.0
500220707,0,0,0,Y,Maintain,"NO_RECENT_USAGE,ABANDONED_TOOL,IMPUTED_USAGE_FEATURES",Medium,0.65,No recent usage; abandoned tool; imputed usage features.,rules-only,0.2.0-tcb,0.0,False,False,False,False,False,False,True,True,False,False,False,False,False,False,False,True,VIBRATION ISOLATION ASSY,38477.7,25.0
500220708,0,0,0,N,Maintain,"NO_RECENT_USAGE,IMPUTED_USAGE_FEATURES",Low,0.65,No recent usage; imputed usage features.,rules-only,0.2.0-tcb,0.0,False,False,False,False,False,False,True,False,False,False,False,False,False,False,False,True,GRANITE PARKING PAD,656.82,25.0
500220709,0,0,0,N,Maintain,"NO_RECENT_USAGE,ABANDONED_TOOL,IMPUTED_USAGE_FEATURES",Low,0.65,No recent usage; abandoned tool; imputed usage features.,rules-only,0.2.0-tcb,0.0,False,False,False,False,False,False,True,True,False,False,False,False,False,False,False,True,ISOLATOR VALVE IMPROVEMENT KIT,78.3,25.0
500220710,0,0,0,N,Maintain,"NO_RECENT_USAGE,IMPUTED_USAGE_FEATURES",Low,0.65,No recent usage; imputed usage features.,rules-only,0.2.0-tcb,0.0,False,False,False,False,False,False,True,False,False,False,False,False,False,False,False,True,(CH) SLIM LOCATOR SET,264.33,25.0
500220711,0,0,0,N,Maintain,"NO_RECENT_USAGE,IMPUTED_USAGE_FEATURES",Low,0.65,No recent usage; imputed usage features.,rules-only,0.2.0-tcb,0.0,False,False,False,False,False,False,True,False,False,False,False,False,False,False,False,True,(CH) LOCATOR TOOL,54.46,25.0
500220712,0,0,0,N,Maintain,"NO_RECENT_USAGE,ABANDONED_TOOL,IMPUTED_USAGE_FEATURES",Low,0.65,No recent usage; abandoned tool; imputed usage features.,rules-only,0.2.0-tcb,0.0,False,False,False,False,False,False,True,True,False,False,False,False,False,False,False,True,ISOLATOR PLATFORM LOCATOR,20.7,25.0
500220713,0,0,0,N,Maintain,"NO_RECENT_USAGE,ABANDONED_TOOL,IMPUTED_USAGE_FEATURES",Low,0.65,No recent usage; abandoned tool; imputed usage features.,rules-only,0.2.0-tcb,0.0,False,False,False,False,False,False,True,True,False,False,False,False,False,False,False,True,ISOLATOR SENSOR BRACKET,18.9,25.0
500220714,0,0,0,Y,Maintain,"NO_RECENT_USAGE,ABANDONED_TOOL,IMPUTED_USAGE_FEATURES",Medium,0.65,No recent usage; abandoned tool; imputed usage features.,rules-only,0.2.0-tcb,0.0,False,False,False,False,False,False,True,True,False,False,False,False,False,False,False,True,PRECISION HEIGHT CONTROL VALVES W/ METER,1882.35,25.0
500220715,0,0,0,Y,Maintain,"NO_RECENT_USAGE,IMPUTED_USAGE_FEATURES",Medium,0.65,No recent usage; imputed usage features.,rules-only,0.2.0-tcb,0.0,False,False,False,False,False,False,True,False,False,False,False,False,False,False,False,True,"PNEUMATIC ISOLATOR 2500LB W7.52""XH11.58""",3835.18,25.0
500220716,0,0,0,Y,Maintain,"NO_RECENT_USAGE,ABANDONED_TOOL,IMPUTED_USAGE_FEATURES",Medium,0.65,No recent usage; abandoned tool; imputed usage features.,rules-only,0.2.0-tcb,0.0,False,False,False,False,False,False,True,True,False,False,False,False,False,False,False,True,TIE BAR SYSTEM V2,4208.4,25.0
500220717,0,0,0,N,Maintain,"NO_RECENT_USAGE,ABANDONED_TOOL,IMPUTED_USAGE_FEATURES",Low,0.65,No recent usage; abandoned tool; imputed usage features.,rules-only,0.2.0-tcb,0.0,False,False,False,False,False,False,True,True,False,False,False,False,False,False,False,True,TIE U-BAR V2,118.8,25.0
500220718,0,0,0,N,Maintain,"NO_RECENT_USAGE,ABANDONED_TOOL,IMPUTED_USAGE_FEATURES",Low,0.65,No recent usage; abandoned tool; imputed usage features.,rules-only,0.2.0-tcb,0.0,False,False,False,False,False,False,True,True,False,False,False,False,False,False,False,True,TIE BAR ADAPTOR BLOCK V2 (M10X1.25),280.8,25.0
500220719,0,0,0,N,Maintain,"NO_RECENT_USAGE,ABANDONED_TOOL,IMPUTED_USAGE_FEATURES",Low,0.65,No recent usage; abandoned tool; imputed usage features.,rules-only,0.2.0-tcb,0.0,False,False,False,False,False,False,True,True,False,False,False,False,False,False,False,True,S HD CAP SCW (M10X1.25 X16),15.3,25.0
500220720,0,0,0,N,Maintain,"NO_RECENT_USAGE,ABANDONED_TOOL,IMPUTED_USAGE_FEATURES",Low,0.65,No recent usage; abandoned tool; imputed usage features.,rules-only,0.2.0-tcb,0.0,False,False,False,False,False,False,True,True,False,False,False,False,False,False,False,True,LOCK NUT M10X1.25,2.7,25.0
500220721,0,0,0,N,Maintain,"NO_RECENT_USAGE,ABANDONED_TOOL,IMPUTED_USAGE_FEATURES",Low,0.65,No recent usage; abandoned tool; imputed usage features.,rules-only,0.2.0-tcb,0.0,False,False,False,False,False,False,True,True,False,False,False,False,False,False,False,True,TIE ROD V2,86.4,25.0
500220722,0,0,0,N,Maintain,"NO_RECENT_USAGE,ABANDONED_TOOL,IMPUTED_USAGE_FEATURES",Low,0.65,No recent usage; abandoned tool; imputed usage features.,rules-only,0.2.0-tcb,0.0,False,False,False,False,False,False,True,True,False,False,False,False,False,False,False,True,TIE BAR SPRING ASSY V2,774.9,25.0
500220723,0,0,0,N,Maintain,"NO_RECENT_USAGE,ABANDONED_TOOL,IMPUTED_USAGE_FEATURES",Low,0.65,No recent usage; abandoned tool; imputed usage features.,rules-only,0.2.0-tcb,0.0,False,False,False,False,False,False,True,True,False,False,False,False,False,False,False,True,SPRING PLATE OUTER V2,28.8,25.0
500220724,0,0,0,N,Maintain,"NO_RECENT_USAGE,ABANDONED_TOOL,IMPUTED_USAGE_FEATURES",Low,0.65,No recent usage; abandoned tool; imputed usage features.,rules-only,0.2.0-tcb,0.0,False,False,False,False,False,False,True,True,False,False,False,False,False,False,False,True,SPRING LOCK V2,34.2,25.0
500220725,0,0,0,N,Maintain,"NO_RECENT_USAGE,ABANDONED_TOOL,IMPUTED_USAGE_FEATURES",Low,0.65,No recent usage; abandoned tool; imputed usage features.,rules-only,0.2.0-tcb,0.0,False,False,False,False,False,False,True,True,False,False,False,False,False,False,False,True,S HD CAP SCW (M10X1.25 X65),16.2,25.0
500220726,0,0,0,N,Maintain,"NO_RECENT_USAGE,ABANDONED_TOOL,IMPUTED_USAGE_FEATURES",Low,0.65,No recent usage; abandoned tool; imputed usage features.,rules-only,0.2.0-tcb,0.0,False,False,False,False,False,False,True,True,False,False,False,False,False,False,False,True,SPRING PLATE INNER V2,28.8,25.0
500220727,1,1,0,Y,Increase,"NO_RECENT_USAGE,ZERO_RECOMMENDATION_OVERRIDE,AD_HOC_CONSUMPTION_RISK,IMPUTED_USAGE_FEATURES",Medium,0.65,"Source algorithm recommends 0 but the part carries risk (lead time 75d, on-hand 0); protective stock proposed instead of zero.",rules-only,0.2.0-tcb,53.4,False,False,False,False,False,False,True,False,False,False,True,True,False,False,False,True,TIE KNOB V2,53.4,75.0
500220728,0,0,0,N,Maintain,"NO_RECENT_USAGE,ABANDONED_TOOL,IMPUTED_USAGE_FEATURES",Low,0.65,No recent usage; abandoned tool; imputed usage features.,rules-only,0.2.0-tcb,0.0,False,False,False,False,False,False,True,True,False,False,False,False,False,False,False,True,HEX NUT (M10X1.25),14.4,25.0
500220729,0,0,0,N,Maintain,"NO_RECENT_USAGE,IMPUTED_USAGE_FEATURES",Low,0.65,No recent usage; imputed usage features.,rules-only,0.2.0-tcb,0.0,False,False,False,False,False,False,True,False,False,False,False,False,False,False,False,True,EXTENSION SPRING LE-148J-01M,4.8,25.0
500220730,0,0,0,N,Maintain,"NO_RECENT_USAGE,ABANDONED_TOOL,IMPUTED_USAGE_FEATURES",Low,0.65,No recent usage; abandoned tool; imputed usage features.,rules-only,0.2.0-tcb,0.0,False,False,False,False,False,False,True,True,False,False,False,False,False,False,False,True,EXHAUST ASSY,656.38,25.0
500220731,0,0,0,N,Maintain,"NO_RECENT_USAGE,IMPUTED_USAGE_FEATURES",Low,0.65,No recent usage; imputed usage features.,rules-only,0.2.0-tcb,0.0,False,False,False,False,False,False,True,False,False,False,False,False,False,False,False,True,LINE VAC ASSY,88.91,25.0
500220732,0,0,0,Y,Maintain,"ABANDONED_TOOL,IMPUTED_USAGE_FEATURES",Medium,0.65,Abandoned tool; imputed usage features.,rules-only,0.2.0-tcb,0.0,False,False,False,False,False,False,False,True,False,False,False,False,False,False,False,True,(DTA) DIE TRANSFER ARM,17405.73,15.0
500220733,0,0,0,N,Maintain,"NO_RECENT_USAGE,IMPUTED_USAGE_FEATURES",Low,0.65,No recent usage; imputed usage features.,rules-only,0.2.0-tcb,0.0,False,False,False,False,False,False,True,False,False,False,False,False,False,False,False,True,"JOINT,FLOATING,TIE,BAR,SPRING,ASSY",79.29,25.0
500222204,0,0,0,N,Maintain,"NO_RECENT_USAGE,ABANDONED_TOOL,IMPUTED_USAGE_FEATURES",Low,0.65,No recent usage; abandoned tool; imputed usage features.,rules-only,0.2.0-tcb,0.0,False,False,False,False,False,False,True,True,False,False,False,False,False,False,False,True,"BULB, WHITE LED (EMO BOX)",25.2,15.0
500222206,0,0,0,N,Maintain,"NO_RECENT_USAGE,ABANDONED_TOOL,IMPUTED_USAGE_FEATURES",Low,0.65,No recent usage; abandoned tool; imputed usage features.,rules-only,0.2.0-tcb,0.0,False,False,False,False,False,False,True,True,False,False,False,False,False,False,False,True,"BULB, GREEN LED (EMO BOX)",25.2,15.0
500222215,0,0,0,N,Maintain,"NO_RECENT_USAGE,IMPUTED_USAGE_FEATURES",Low,0.65,No recent usage; imputed usage features.,rules-only,0.2.0-tcb,0.0,False,False,False,False,False,False,True,False,False,False,False,False,False,False,False,True,"SOLENOID,DTA,VACUUM,SECONDARY",134.56,15.0
500222216,0,0,0,N,Maintain,"NO_RECENT_USAGE,IMPUTED_USAGE_FEATURES",Low,0.65,No recent usage; imputed usage features.,rules-only,0.2.0-tcb,0.0,False,False,False,False,False,False,True,False,False,False,False,False,False,False,False,True,DTA BLOW SOL(SECONDARY),124.15,25.0
500222217,0,0,0,N,Maintain,"NO_RECENT_USAGE,IMPUTED_USAGE_FEATURES",Low,0.65,No recent usage; imputed usage features.,rules-only,0.2.0-tcb,0.0,False,False,False,False,False,False,True,False,False,False,False,False,False,False,False,True,DTA VAC SENSOR(SECONDARY),148.18,25.0
500222218,1,1,0,Y,Increase,"NO_RECENT_USAGE,ZERO_RECOMMENDATION_OVERRIDE,AD_HOC_CONSUMPTION_RISK,IMPUTED_USAGE_FEATURES",Medium,0.65,"Source algorithm recommends 0 but the part carries risk (lead time 70d, on-hand 0); protective stock proposed instead of zero.",rules-only,0.2.0-tcb,21.6,False,False,False,False,False,False,True,False,False,False,True,True,False,False,False,True,CABLE SUPPORT,21.6,70.0
500222219,0,0,0,N,Maintain,"NO_RECENT_USAGE,ABANDONED_TOOL,IMPUTED_USAGE_FEATURES",Low,0.65,No recent usage; abandoned tool; imputed usage features.,rules-only,0.2.0-tcb,0.0,False,False,False,False,False,False,True,True,False,False,False,False,False,False,False,True,EN FIXED END CABLE CLAMP_A,20.7,25.0
500222220,0,0,0,N,Maintain,"NO_RECENT_USAGE,ABANDONED_TOOL,IMPUTED_USAGE_FEATURES",Low,0.65,No recent usage; abandoned tool; imputed usage features.,rules-only,0.2.0-tcb,0.0,False,False,False,False,False,False,True,True,False,False,False,False,False,False,False,True,EN FIXED END CABLE CLAMP_B,25.2,25.0
500222221,0,0,0,N,Maintain,"NO_RECENT_USAGE,ABANDONED_TOOL,IMPUTED_USAGE_FEATURES",Low,0.65,No recent usage; abandoned tool; imputed usage features.,rules-only,0.2.0-tcb,0.0,False,False,False,False,False,False,True,True,False,False,False,False,False,False,False,True,EN_C MOVING END,23.4,25.0
500222222,0,0,0,N,Maintain,"NO_RECENT_USAGE,ABANDONED_TOOL,IMPUTED_USAGE_FEATURES",Low,0.65,No recent usage; abandoned tool; imputed usage features.,rules-only,0.2.0-tcb,0.0,False,False,False,False,False,False,True,True,False,False,False,False,False,False,False,True,VAC SENSOR MOUNT,26.1,25.0
500222223,0,0,0,N,Maintain,"NO_RECENT_USAGE,ABANDONED_TOOL,IMPUTED_USAGE_FEATURES",Low,0.65,No recent usage; abandoned tool; imputed usage features.,rules-only,0.2.0-tcb,0.0,False,False,False,False,False,False,True,True,False,False,False,False,False,False,False,True,(DTA) X MOVING COVER,32.4,25.0
500222224,0,0,0,N,Maintain,"NO_RECENT_USAGE,ABANDONED_TOOL,IMPUTED_USAGE_FEATURES",Low,0.65,No recent usage; abandoned tool; imputed usage features.,rules-only,0.2.0-tcb,0.0,False,False,False,False,False,False,True,True,False,False,False,False,False,False,False,True,TRANSFER AMR SOL MOUNT,19.8,25.0
500222225,0,0,0,Y,Maintain,"NO_RECENT_USAGE,ABANDONED_TOOL,IMPUTED_USAGE_FEATURES",Medium,0.65,No recent usage; abandoned tool; imputed usage features.,rules-only,0.2.0-tcb,0.0,False,False,False,False,False,False,True,True,False,False,False,False,False,False,False,True,R MOTOR ASSY CHANGE FROM THETA,6710.77,15.0
500222226,0,0,0,N,Maintain,"NO_RECENT_USAGE,ABANDONED_TOOL,IMPUTED_USAGE_FEATURES",Low,0.65,No recent usage; abandoned tool; imputed usage features.,rules-only,0.2.0-tcb,0.0,False,False,False,False,False,False,True,True,False,False,False,False,False,False,False,True,PAN HD PHI SCREW M2X10,0.9,25.0
500222227,0,0,0,Y,Maintain,"NO_RECENT_USAGE,ABANDONED_TOOL,IMPUTED_USAGE_FEATURES",Medium,0.65,No recent usage; abandoned tool; imputed usage features.,rules-only,0.2.0-tcb,0.0,False,False,False,False,False,False,True,True,False,False,False,False,False,False,False,True,DTA ROBOT SHOULDER ARM SUB ASSY,2449.45,15.0
500222228,0,0,0,N,Maintain,"NO_RECENT_USAGE,IMPUTED_USAGE_FEATURES",Low,0.65,No recent usage; imputed usage features.,rules-only,0.2.0-tcb,0.0,False,False,False,False,False,False,True,False,False,False,False,False,False,False,False,True,CROSS ROLLER RING RB3510UUCCOP5,585.53,25.0
500222229,0,0,0,N,Maintain,"NO_RECENT_USAGE,IMPUTED_USAGE_FEATURES",Low,0.65,No recent usage; imputed usage features.,rules-only,0.2.0-tcb,0.0,False,False,False,False,False,False,True,False,False,False,False,False,False,False,False,True,BALL BEARING 15X20X3.5 METRIC,6.4,25.0
500222230,0,0,0,N,Maintain,"NO_RECENT_USAGE,IMPUTED_USAGE_FEATURES",Low,0.65,No recent usage; imputed usage features.,rules-only,0.2.0-tcb,0.0,False,False,False,False,False,False,True,False,False,False,False,False,False,False,False,True,BALL BEARING 20X27X4 METRIC,23.22,25.0
500222231,0,0,0,N,Maintain,"NO_RECENT_USAGE,IMPUTED_USAGE_FEATURES",Low,0.65,No recent usage; imputed usage features.,rules-only,0.2.0-tcb,0.0,False,False,False,False,False,False,True,False,False,False,False,False,False,False,False,True,BALL BEARING 30 X 42 X 7 FAG61806,9.61,25.0
500222232,0,0,0,N,Maintain,"NO_RECENT_USAGE,ABANDONED_TOOL,IMPUTED_USAGE_FEATURES",Low,0.65,No recent usage; abandoned tool; imputed usage features.,rules-only,0.2.0-tcb,0.0,False,False,False,False,False,False,True,True,False,False,False,False,False,False,False,True,BALL BEARING 3X6X2.5 METRIC,3.6,25.0
500222233,0,0,0,N,Maintain,"NO_RECENT_USAGE,ABANDONED_TOOL,IMPUTED_USAGE_FEATURES",Low,0.65,No recent usage; abandoned tool; imputed usage features.,rules-only,0.2.0-tcb,0.0,False,False,False,False,False,False,True,True,False,False,False,False,False,False,False,True,SENSOR MOUNTED  BASE,51.3,25.0
500222234,0,0,0,N,Maintain,"NO_RECENT_USAGE,IMPUTED_USAGE_FEATURES",Low,0.65,No recent usage; imputed usage features.,rules-only,0.2.0-tcb,0.0,False,False,False,False,False,False,True,False,False,False,False,False,False,False,False,True,MAIN TENSION1 BASE,96.3,59.0
500222235,0,0,0,N,Maintain,"NO_RECENT_USAGE,ABANDONED_TOOL,IMPUTED_USAGE_FEATURES",Low,0.65,No recent usage; abandoned tool; imputed usage features.,rules-only,0.2.0-tcb,0.0,False,False,False,False,False,False,True,True,False,False,False,False,False,False,False,True,CABLE PIPE1 CLAMP,14.4,25.0
500222236,0,0,0,N,Maintain,"NO_RECENT_USAGE,ABANDONED_TOOL,IMPUTED_USAGE_FEATURES",Low,0.65,No recent usage; abandoned tool; imputed usage features.,rules-only,0.2.0-tcb,0.0,False,False,False,False,False,False,True,True,False,False,False,False,False,False,False,True,CABLE PIPE2 CLAMP,25.2,25.0
500222237,0,0,0,N,Maintain,"NO_RECENT_USAGE,ABANDONED_TOOL,IMPUTED_USAGE_FEATURES",Low,0.65,No recent usage; abandoned tool; imputed usage features.,rules-only,0.2.0-tcb,0.0,False,False,False,False,False,False,True,True,False,False,False,False,False,False,False,True,AT5-22 PULLEY BOTTOM SUPPORT FLANGE,43.2,25.0
500222238,0,0,0,N,Maintain,"NO_RECENT_USAGE,IMPUTED_USAGE_FEATURES",Low,0.65,No recent usage; imputed usage features.,rules-only,0.2.0-tcb,0.0,False,False,False,False,False,False,True,False,False,False,False,False,False,False,False,True,"BASE,MAIN,TENSION2",90.0,47.0
500222239,1,1,0,Y,Increase,"NO_RECENT_USAGE,ZERO_RECOMMENDATION_OVERRIDE,AD_HOC_CONSUMPTION_RISK,IMPUTED_USAGE_FEATURES",Medium,0.65,"Source algorithm recommends 0 but the part carries risk (lead time 70d, on-hand 0); protective stock proposed instead of zero.",rules-only,0.2.0-tcb,45.0,False,False,False,False,False,False,True,False,False,False,True,True,False,False,False,True,END EFFECTOR MOUNTED FLANGE,45.0,70.0
500222240,1,1,0,Y,Increase,"NO_RECENT_USAGE,ZERO_RECOMMENDATION_OVERRIDE,AD_HOC_CONSUMPTION_RISK,IMPUTED_USAGE_FEATURES",Medium,0.65,"Source algorithm recommends 0 but the part carries risk (lead time 75d, on-hand 0); protective stock proposed instead of zero.",rules-only,0.2.0-tcb,180.0,False,False,False,False,False,False,True,False,False,False,True,True,False,False,False,True,PULLEY AT3-44,180.0,75.0
500222241,0,0,0,N,Maintain,"NO_RECENT_USAGE,ABANDONED_TOOL,IMPUTED_USAGE_FEATURES",Low,0.65,No recent usage; abandoned tool; imputed usage features.,rules-only,0.2.0-tcb,0.0,False,False,False,False,False,False,True,True,False,False,False,False,False,False,False,True,SHOULDER ARM COVER,20.7,25.0
500222242,0,0,0,N,Maintain,"NO_RECENT_USAGE,ABANDONED_TOOL,IMPUTED_USAGE_FEATURES",Low,0.65,No recent usage; abandoned tool; imputed usage features.,rules-only,0.2.0-tcb,0.0,False,False,False,False,False,False,True,True,False,False,False,False,False,False,False,True,SHOULDER ARM BASE,693.0,25.0
500222243,0,0,0,N,Maintain,"NO_RECENT_USAGE,ABANDONED_TOOL,IMPUTED_USAGE_FEATURES",Low,0.65,No recent usage; abandoned tool; imputed usage features.,rules-only,0.2.0-tcb,0.0,False,False,False,False,False,False,True,True,False,False,False,False,False,False,False,True,AT5-22 PULLEY BEARING SUPPORT FLANGE,47.7,25.0
500222244,0,0,0,N,Maintain,"NO_RECENT_USAGE,ABANDONED_TOOL,IMPUTED_USAGE_FEATURES",Low,0.65,No recent usage; abandoned tool; imputed usage features.,rules-only,0.2.0-tcb,0.0,False,False,False,False,False,False,True,True,False,False,False,False,False,False,False,True,AT5-22 PULLEY BEARING COVER FLANGE,47.7,25.0
500222245,0,0,0,N,Maintain,"NO_RECENT_USAGE,ABANDONED_TOOL,IMPUTED_USAGE_FEATURES",Low,0.65,No recent usage; abandoned tool; imputed usage features.,rules-only,0.2.0-tcb,0.0,False,False,False,False,False,False,True,True,False,False,False,False,False,False,False,True,PULLEY AT5-22 BOTTOM COVER FLANGE,51.3,25.0
500222246,0,0,0,N,Maintain,"NO_RECENT_USAGE,ABANDONED_TOOL,IMPUTED_USAGE_FEATURES",Low,0.65,No recent usage; abandoned tool; imputed usage features.,rules-only,0.2.0-tcb,0.0,False,False,False,False,False,False,True,True,False,False,False,False,False,False,False,True,PULLEY AT5-22*44,180.0,25.0
500222247,0,0,0,N,Maintain,"NO_RECENT_USAGE,ABANDONED_TOOL,IMPUTED_USAGE_FEATURES",Low,0.65,No recent usage; abandoned tool; imputed usage features.,rules-only,0.2.0-tcb,0.0,False,False,False,False,False,False,True,True,False,False,False,False,False,False,False,True,SHOULDER ARM CABLE PIPE SUPPORT SHAFT,54.0,25.0
500222248,0,0,0,N,Maintain,"NO_RECENT_USAGE,ABANDONED_TOOL,IMPUTED_USAGE_FEATURES",Low,0.65,No recent usage; abandoned tool; imputed usage features.,rules-only,0.2.0-tcb,0.0,False,False,False,False,False,False,True,True,False,False,False,False,False,False,False,True,PULLEY AT5-22 BOTTOM COVER,23.4,25.0
500222249,0,0,0,N,Maintain,"NO_RECENT_USAGE,ABANDONED_TOOL,IMPUTED_USAGE_FEATURES",Low,0.65,No recent usage; abandoned tool; imputed usage features.,rules-only,0.2.0-tcb,0.0,False,False,False,False,False,False,True,True,False,False,False,False,False,False,False,True,PULLEY AT5-22 TOP COVER FLANGE,51.3,25.0
500222250,0,0,0,N,Maintain,"NO_RECENT_USAGE,IMPUTED_USAGE_FEATURES",Low,0.65,No recent usage; imputed usage features.,rules-only,0.2.0-tcb,0.0,False,False,False,False,False,False,True,False,False,False,False,False,False,False,False,True,CABLE PLANE CLAMP,27.0,25.0
500222251,0,0,0,N,Maintain,"NO_RECENT_USAGE,ABANDONED_TOOL,IMPUTED_USAGE_FEATURES",Low,0.65,No recent usage; abandoned tool; imputed usage features.,rules-only,0.2.0-tcb,0.0,False,False,False,False,False,False,True,True,False,False,False,False,False,False,False,True,CBALE PROTECT WALL,10.8,25.0
500222252,1,1,0,Y,Increase,"NO_RECENT_USAGE,ZERO_RECOMMENDATION_OVERRIDE,AD_HOC_CONSUMPTION_RISK,IMPUTED_USAGE_FEATURES",Medium,0.65,"Source algorithm recommends 0 but the part carries risk (lead time 65d, on-hand 25); protective stock proposed instead of zero.",rules-only,0.2.0-tcb,37.8,False,False,False,False,False,False,True,False,False,False,True,True,False,False,False,True,"BASE,TENSIONER,LEFT,HOLDER,DTA",37.8,65.0
500222253,0,0,0,N,Maintain,"NO_RECENT_USAGE,IMPUTED_USAGE_FEATURES",Low,0.65,No recent usage; imputed usage features.,rules-only,0.2.0-tcb,0.0,False,False,False,False,False,False,True,False,False,False,False,False,False,False,False,True,"SHAFT,NORMAL,TENSIONER,PIN",12.6,40.0
500222254,1,1,0,Y,Increase,"NO_RECENT_USAGE,ZERO_RECOMMENDATION_OVERRIDE,AD_HOC_CONSUMPTION_RISK,IMPUTED_USAGE_FEATURES",Medium,0.65,"Source algorithm recommends 0 but the part carries risk (lead time 75d, on-hand 11); protective stock proposed instead of zero.",rules-only,0.2.0-tcb,13.5,False,False,False,False,False,False,True,False,False,False,True,True,False,False,False,True,"PULLEY,NORMAL,TENSION,IDLER",13.5,75.0
500222255,1,1,0,Y,Increase,"NO_RECENT_USAGE,ZERO_RECOMMENDATION_OVERRIDE,AD_HOC_CONSUMPTION_RISK,IMPUTED_USAGE_FEATURES",High,0.65,"Source algorithm recommends 0 but the part carries risk (lead time 70d, on-hand 0); protective stock proposed instead of zero.",rules-only,0.2.0-tcb,9149.4,False,False,False,False,False,False,True,False,False,False,True,True,False,False,False,True,(DTA) X STAGE,9149.4,70.0
500222256,0,0,0,Y,Maintain,"NO_RECENT_USAGE,ABANDONED_TOOL",Medium,0.8,No recent usage; abandoned tool.,rules-only,0.2.0-tcb,0.0,False,False,False,False,False,False,True,True,False,False,False,False,False,False,False,False,(DTA) X MOTOR D42,1652.46,15.0
500222257,1,1,0,Y,Increase,"NO_RECENT_USAGE,ZERO_RECOMMENDATION_OVERRIDE,AD_HOC_CONSUMPTION_RISK,IMPUTED_USAGE_FEATURES",Medium,0.65,"Source algorithm recommends 0 but the part carries risk (lead time 75d, on-hand 21); protective stock proposed instead of zero.",rules-only,0.2.0-tcb,7.2,False,False,False,False,False,False,True,False,False,False,True,True,False,False,False,True,"SPACER,SPECIAL,TENSIONER,.DTA",7.2,75.0
500222258,1,1,0,Y,Increase,"NO_RECENT_USAGE,ZERO_RECOMMENDATION_OVERRIDE,AD_HOC_CONSUMPTION_RISK,IMPUTED_USAGE_FEATURES",Medium,0.65,"Source algorithm recommends 0 but the part carries risk (lead time 75d, on-hand 0); protective stock proposed instead of zero.",rules-only,0.2.0-tcb,9.0,False,False,False,False,False,False,True,False,False,False,True,True,False,False,False,True,NORMAL TENSIONER SPACER,9.0,75.0
500222259,0,0,0,N,Maintain,"NO_RECENT_USAGE,IMPUTED_USAGE_FEATURES",Low,0.65,No recent usage; imputed usage features.,rules-only,0.2.0-tcb,0.0,False,False,False,False,False,False,True,False,False,False,False,False,False,False,False,True,"TENSIONER,PIN,LEFT-NORMAL,ANTI-SLIDE",29.7,55.0
500222260,1,1,0,Y,Increase,"NO_RECENT_USAGE,ZERO_RECOMMENDATION_OVERRIDE,AD_HOC_CONSUMPTION_RISK,IMPUTED_USAGE_FEATURES",Medium,0.65,"Source algorithm recommends 0 but the part carries risk (lead time 155d, on-hand 62); protective stock proposed instead of zero.",rules-only,0.2.0-tcb,16.02,False,False,False,False,False,False,True,False,False,False,True,True,False,False,False,True,LEFT SPECAL TENSION IDLER PULLEY,16.02,155.0
500222261,0,0,0,N,Maintain,"NO_RECENT_USAGE,IMPUTED_USAGE_FEATURES",Low,0.65,No recent usage; imputed usage features.,rules-only,0.2.0-tcb,0.0,False,False,False,False,False,False,True,False,False,False,False,False,False,False,False,True,LM GUIDE HRW21CA2UUC1M+580LM,1416.96,15.0
500222262,0,0,0,N,Maintain,"NO_RECENT_USAGE,ABANDONED_TOOL,IMPUTED_USAGE_FEATURES",Low,0.65,No recent usage; abandoned tool; imputed usage features.,rules-only,0.2.0-tcb,0.0,False,False,False,False,False,False,True,True,False,False,False,False,False,False,False,True,(DTA) X BASE,1052.1,25.0
500222263,0,0,0,N,Maintain,"NO_RECENT_USAGE,ABANDONED_TOOL,IMPUTED_USAGE_FEATURES",Low,0.65,No recent usage; abandoned tool; imputed usage features.,rules-only,0.2.0-tcb,0.0,False,False,False,False,False,False,True,True,False,False,False,False,False,False,False,True,(DTA) X SLIDE,445.5,25.0
500222264,0,0,0,N,Maintain,"NO_RECENT_USAGE,ABANDONED_TOOL,IMPUTED_USAGE_FEATURES",Low,0.65,No recent usage; abandoned tool; imputed usage features.,rules-only,0.2.0-tcb,0.0,False,False,False,False,False,False,True,True,False,False,False,False,False,False,False,True,(DTA) X ENCODER MOUNT,47.7,25.0
500222265,0,0,0,N,Maintain,"NO_RECENT_USAGE,ABANDONED_TOOL,IMPUTED_USAGE_FEATURES",Low,0.65,No recent usage; abandoned tool; imputed usage features.,rules-only,0.2.0-tcb,0.0,False,False,False,False,False,False,True,True,False,False,False,False,False,False,False,True,(DTA) X STOPPER MOUNT,54.0,25.0
500222266,0,0,0,N,Maintain,"NO_RECENT_USAGE,ABANDONED_TOOL,IMPUTED_USAGE_FEATURES",Low,0.65,No recent usage; abandoned tool; imputed usage features.,rules-only,0.2.0-tcb,0.0,False,False,False,False,False,False,True,True,False,False,False,False,False,False,False,True,(DTA) X COVER,792.9,25.0
500222267,0,0,0,N,Maintain,"NO_RECENT_USAGE,ABANDONED_TOOL,IMPUTED_USAGE_FEATURES",Low,0.65,No recent usage; abandoned tool; imputed usage features.,rules-only,0.2.0-tcb,0.0,False,False,False,False,False,False,True,True,False,False,False,False,False,False,False,True,(DTA) X TOP COVER,30.6,25.0
500222268,0,0,0,N,Maintain,"NO_RECENT_USAGE,IMPUTED_USAGE_FEATURES",Low,0.65,No recent usage; imputed usage features.,rules-only,0.2.0-tcb,0.0,False,False,False,False,False,False,True,False,False,False,False,False,False,False,False,True,(DTA) DIE HOLD INSERT PLATFORM,520.65,15.0
500222269,1,1,0,Y,Increase,"NO_RECENT_USAGE,ZERO_RECOMMENDATION_OVERRIDE,AD_HOC_CONSUMPTION_RISK,IMPUTED_USAGE_FEATURES",Medium,0.65,"Source algorithm recommends 0 but the part carries risk (lead time 75d, on-hand 0); protective stock proposed instead of zero.",rules-only,0.2.0-tcb,266.4,False,False,False,False,False,False,True,False,False,False,True,True,False,False,False,True,(DTA) END EFFECTOR MAIN BODY,266.4,75.0
500222270,0,0,0,N,Maintain,"NO_RECENT_USAGE,ABANDONED_TOOL,IMPUTED_USAGE_FEATURES",Low,0.65,No recent usage; abandoned tool; imputed usage features.,rules-only,0.2.0-tcb,0.0,False,False,False,False,False,False,True,True,False,False,False,False,False,False,False,True,(DTA) END EFFECTOR COVER,14.4,25.0
500222271,0,0,0,Y,Maintain,"NO_RECENT_USAGE,ABANDONED_TOOL,IMPUTED_USAGE_FEATURES",Medium,0.65,No recent usage; abandoned tool; imputed usage features.,rules-only,0.2.0-tcb,0.0,False,False,False,False,False,False,True,True,False,False,False,False,False,False,False,True,(DPA) DIE PICK ARM,23072.8,15.0
500222272,0,0,0,N,Maintain,"NO_RECENT_USAGE,ABANDONED_TOOL,IMPUTED_USAGE_FEATURES",Low,0.65,No recent usage; abandoned tool; imputed usage features.,rules-only,0.2.0-tcb,0.0,False,False,False,False,False,False,True,True,False,False,False,False,False,False,False,True,(DPA) GRANITE REFERENCE BLOCK KIT,202.5,25.0
500222273,0,0,0,N,Maintain,"NO_RECENT_USAGE,ABANDONED_TOOL,IMPUTED_USAGE_FEATURES",Low,0.65,No recent usage; abandoned tool; imputed usage features.,rules-only,0.2.0-tcb,0.0,False,False,False,False,False,False,True,True,False,False,False,False,False,False,False,True,CAMERA MOUNTING,23.4,25.0
500222274,0,0,0,N,Maintain,"NO_RECENT_USAGE,ABANDONED_TOOL,IMPUTED_USAGE_FEATURES",Low,0.65,No recent usage; abandoned tool; imputed usage features.,rules-only,0.2.0-tcb,0.0,False,False,False,False,False,False,True,True,False,False,False,False,False,False,False,True,(DPA) DIE PICK ARM STAND,1095.3,25.0
500222275,0,0,0,N,Maintain,"NO_RECENT_USAGE,ABANDONED_TOOL,IMPUTED_USAGE_FEATURES",Low,0.65,No recent usage; abandoned tool; imputed usage features.,rules-only,0.2.0-tcb,0.0,False,False,False,False,False,False,True,True,False,False,False,False,False,False,False,True,(DPA) FRONT END MANIFOLD,31.5,25.0
500222276,0,0,0,N,Maintain,"NO_RECENT_USAGE,ABANDONED_TOOL,IMPUTED_USAGE_FEATURES",Low,0.65,No recent usage; abandoned tool; imputed usage features.,rules-only,0.2.0-tcb,0.0,False,False,False,False,False,False,True,True,False,False,False,False,False,False,False,True,Z FIXED END MNT,24.3,25.0
500222277,0,0,0,N,Maintain,"NO_RECENT_USAGE,ABANDONED_TOOL,IMPUTED_USAGE_FEATURES",Low,0.65,No recent usage; abandoned tool; imputed usage features.,rules-only,0.2.0-tcb,0.0,False,False,False,False,False,False,True,True,False,False,False,False,False,False,False,True,X MOVING END MNT,67.5,25.0
500222278,0,0,0,N,Maintain,"NO_RECENT_USAGE,ABANDONED_TOOL,IMPUTED_USAGE_FEATURES",Low,0.65,No recent usage; abandoned tool; imputed usage features.,rules-only,0.2.0-tcb,0.0,False,False,False,False,False,False,True,True,False,False,False,False,False,False,False,True,Y MTR CABLE CLAMP,51.3,25.0
500222279,0,0,0,N,Maintain,"NO_RECENT_USAGE,ABANDONED_TOOL,IMPUTED_USAGE_FEATURES",Low,0.65,No recent usage; abandoned tool; imputed usage features.,rules-only,0.2.0-tcb,0.0,False,False,False,False,False,False,True,True,False,False,False,False,False,False,False,True,Y MOVING END MNT,36.9,25.0
500222280,0,0,0,N,Maintain,"NO_RECENT_USAGE,ABANDONED_TOOL,IMPUTED_USAGE_FEATURES",Low,0.65,No recent usage; abandoned tool; imputed usage features.,rules-only,0.2.0-tcb,0.0,False,False,False,False,False,False,True,True,False,False,False,False,False,False,False,True,X FIXED END MNT,50.4,25.0
500222281,0,0,0,N,Maintain,"NO_RECENT_USAGE,ABANDONED_TOOL,IMPUTED_USAGE_FEATURES",Low,0.65,No recent usage; abandoned tool; imputed usage features.,rules-only,0.2.0-tcb,0.0,False,False,False,False,False,False,True,True,False,False,False,False,False,False,False,True,Y FIXED END MNT,115.2,25.0
500222282,0,0,0,N,Maintain,"NO_RECENT_USAGE,ABANDONED_TOOL,IMPUTED_USAGE_FEATURES",Low,0.65,No recent usage; abandoned tool; imputed usage features.,rules-only,0.2.0-tcb,0.0,False,False,False,False,False,False,True,True,False,False,False,False,False,False,False,True,DPA X MOVING END COVER,97.2,25.0
500222283,0,0,0,N,Maintain,"NO_RECENT_USAGE,ABANDONED_TOOL,IMPUTED_USAGE_FEATURES",Low,0.65,No recent usage; abandoned tool; imputed usage features.,rules-only,0.2.0-tcb,0.0,False,False,False,False,False,False,True,True,False,False,False,False,False,False,False,True,DPA Y MOVING END COVER-01,86.4,25.0
500222284,0,0,0,N,Maintain,"NO_RECENT_USAGE,ABANDONED_TOOL,IMPUTED_USAGE_FEATURES",Low,0.65,No recent usage; abandoned tool; imputed usage features.,rules-only,0.2.0-tcb,0.0,False,False,False,False,False,False,True,True,False,False,False,False,False,False,False,True,DPA Z MOVING END COVER,74.7,25.0
500222285,0,0,0,N,Maintain,"NO_RECENT_USAGE,ABANDONED_TOOL,IMPUTED_USAGE_FEATURES",Low,0.65,No recent usage; abandoned tool; imputed usage features.,rules-only,0.2.0-tcb,0.0,False,False,False,False,False,False,True,True,False,False,False,False,False,False,False,True,DPA X MOVING END COVER-02,64.8,25.0
500222286,0,0,0,Y,Maintain,"NO_RECENT_USAGE,ABANDONED_TOOL,IMPUTED_USAGE_FEATURES",Medium,0.65,No recent usage; abandoned tool; imputed usage features.,rules-only,0.2.0-tcb,0.0,False,False,False,False,False,False,True,True,False,False,False,False,False,False,False,True,(DPA) X STAGE,5642.1,25.0
500222287,0,0,0,Y,Maintain,"NO_RECENT_USAGE,IMPUTED_USAGE_FEATURES",Medium,0.65,No recent usage; imputed usage features.,rules-only,0.2.0-tcb,0.0,False,False,False,False,False,False,True,False,False,False,False,False,False,False,False,True,(DPA) X MOTOR,1518.7,10.0
500222288,0,0,0,N,Maintain,"NO_RECENT_USAGE,ABANDONED_TOOL,IMPUTED_USAGE_FEATURES",Low,0.65,No recent usage; abandoned tool; imputed usage features.,rules-only,0.2.0-tcb,0.0,False,False,False,False,False,False,True,True,False,False,False,False,False,False,False,True,SOC SET CUP SCREW M3 X 5          [06A6],0.9,25.0
500222289,0,0,0,N,Maintain,"NO_RECENT_USAGE,ABANDONED_TOOL,IMPUTED_USAGE_FEATURES",Low,0.65,No recent usage; abandoned tool; imputed usage features.,rules-only,0.2.0-tcb,0.0,False,False,False,False,False,False,True,True,False,False,False,False,False,False,False,True,SOC HD CAP SCREW M3X6 ALLOY ST NI PLT,0.9,25.0
500222290,0,0,0,Y,Maintain,"NO_RECENT_USAGE,IMPUTED_USAGE_FEATURES",Medium,0.65,No recent usage; imputed usage features.,rules-only,0.2.0-tcb,0.0,False,False,False,False,False,False,True,False,False,False,False,False,False,False,False,True,LM GUIDE SHW12CRM2UUC1+430LPM,1622.02,15.0
500222291,0,0,0,N,Maintain,"NO_RECENT_USAGE,ABANDONED_TOOL,IMPUTED_USAGE_FEATURES",Low,0.65,No recent usage; abandoned tool; imputed usage features.,rules-only,0.2.0-tcb,0.0,False,False,False,False,False,False,True,True,False,False,False,False,False,False,False,True,(DPA) X STAGE BODY,575.1,25.0
500222292,0,0,0,N,Maintain,"NO_RECENT_USAGE,ABANDONED_TOOL,IMPUTED_USAGE_FEATURES",Low,0.65,No recent usage; abandoned tool; imputed usage features.,rules-only,0.2.0-tcb,0.0,False,False,False,False,False,False,True,True,False,False,False,False,False,False,False,True,(DPA) X SIDE COVER B,47.7,25.0
500222293,0,0,0,N,Maintain,"NO_RECENT_USAGE,ABANDONED_TOOL,IMPUTED_USAGE_FEATURES",Low,0.65,No recent usage; abandoned tool; imputed usage features.,rules-only,0.2.0-tcb,0.0,False,False,False,False,False,False,True,True,False,False,False,False,False,False,False,True,(DPA) X MAGNET ROD CLAMP D25,45.9,25.0
500222294,0,0,0,N,Maintain,"NO_RECENT_USAGE,ABANDONED_TOOL,IMPUTED_USAGE_FEATURES",Low,0.65,No recent usage; abandoned tool; imputed usage features.,rules-only,0.2.0-tcb,0.0,False,False,False,False,False,False,True,True,False,False,False,False,False,False,False,True,(DPA) X ENCODER MOUNTING,30.6,25.0
500222295,0,0,0,N,Maintain,"NO_RECENT_USAGE,ABANDONED_TOOL,IMPUTED_USAGE_FEATURES",Low,0.65,No recent usage; abandoned tool; imputed usage features.,rules-only,0.2.0-tcb,0.0,False,False,False,False,False,False,True,True,False,False,False,False,False,False,False,True,(DPA) X ENC SCALE MOUNT W/ OPENING,159.3,25.0
500222296,0,0,0,Y,Maintain,"NO_RECENT_USAGE,ABANDONED_TOOL,IMPUTED_USAGE_FEATURES",Medium,0.65,No recent usage; abandoned tool; imputed usage features.,rules-only,0.2.0-tcb,0.0,False,False,False,False,False,False,True,True,False,False,False,False,False,False,False,True,(DPA) Y STAGE,5576.4,25.0
500222297,0,0,0,N,Maintain,"NO_RECENT_USAGE,ABANDONED_TOOL,IMPUTED_USAGE_FEATURES",Low,0.65,No recent usage; abandoned tool; imputed usage features.,rules-only,0.2.0-tcb,0.0,False,False,False,False,False,False,True,True,False,False,False,False,False,False,False,True,(DPA) X GREASE HOLE COVER,29.7,25.0
500222298,0,0,0,N,Maintain,"NO_RECENT_USAGE,ABANDONED_TOOL,IMPUTED_USAGE_FEATURES",Low,0.65,No recent usage; abandoned tool; imputed usage features.,rules-only,0.2.0-tcb,0.0,False,False,False,False,False,False,True,True,False,False,False,False,False,False,False,True,SOC HD CAP SCREW M4X12 ALLOY ST NI PLT,0.9,25.0
500222299,0,0,0,N,Maintain,"NO_RECENT_USAGE,ABANDONED_TOOL,IMPUTED_USAGE_FEATURES",Low,0.65,No recent usage; abandoned tool; imputed usage features.,rules-only,0.2.0-tcb,0.0,False,False,False,False,False,False,True,True,False,False,False,False,False,False,False,True,(DPA) XY BRACKET,288.9,25.0
500222300,0,0,0,N,Maintain,"NO_RECENT_USAGE,IMPUTED_USAGE_FEATURES",Low,0.65,No recent usage; imputed usage features.,rules-only,0.2.0-tcb,0.0,False,False,False,False,False,False,True,False,False,False,False,False,False,False,False,True,(DPA) Y MOTOR,1049.31,15.0
500222301,0,0,0,N,Maintain,"NO_RECENT_USAGE,IMPUTED_USAGE_FEATURES",Low,0.65,No recent usage; imputed usage features.,rules-only,0.2.0-tcb,0.0,False,False,False,False,False,False,True,False,False,False,False,False,False,False,False,True,LM GUIDE SSR15XW2UUC1+400LYSPM-II,1136.61,15.0
500222302,0,0,0,N,Maintain,"NO_RECENT_USAGE,ABANDONED_TOOL,IMPUTED_USAGE_FEATURES",Low,0.65,No recent usage; abandoned tool; imputed usage features.,rules-only,0.2.0-tcb,0.0,False,False,False,False,False,False,True,True,False,False,False,False,False,False,False,True,STANDARD STOPPER,4.5,25.0
500222303,0,0,0,N,Maintain,"NO_RECENT_USAGE,ABANDONED_TOOL,IMPUTED_USAGE_FEATURES",Low,0.65,No recent usage; abandoned tool; imputed usage features.,rules-only,0.2.0-tcb,0.0,False,False,False,False,False,False,True,True,False,False,False,False,False,False,False,True,(DPA) Y BASE,521.1,25.0
500222304,0,0,0,N,Maintain,"NO_RECENT_USAGE,ABANDONED_TOOL,IMPUTED_USAGE_FEATURES",Low,0.65,No recent usage; abandoned tool; imputed usage features.,rules-only,0.2.0-tcb,0.0,False,False,False,False,False,False,True,True,False,False,False,False,False,False,False,True,(DPA) Y ENCODER SCALE MOUNTING,117.9,25.0
500222305,0,0,0,N,Maintain,"NO_RECENT_USAGE,ABANDONED_TOOL,IMPUTED_USAGE_FEATURES",Low,0.65,No recent usage; abandoned tool; imputed usage features.,rules-only,0.2.0-tcb,0.0,False,False,False,False,False,False,True,True,False,False,False,False,False,False,False,True,(DPA) Y PLATE,153.9,25.0
500222306,1,1,0,Y,Increase,"NO_RECENT_USAGE,ZERO_RECOMMENDATION_OVERRIDE,AD_HOC_CONSUMPTION_RISK,IMPUTED_USAGE_FEATURES",High,0.65,"Source algorithm recommends 0 but the part carries risk (lead time 70d, on-hand 0); protective stock proposed instead of zero.",rules-only,0.2.0-tcb,9576.9,False,False,False,False,False,False,True,False,False,False,True,True,False,False,False,True,(DPA) Z STAGE,9576.9,70.0
500222307,0,0,0,N,Maintain,"NO_RECENT_USAGE,ABANDONED_TOOL,IMPUTED_USAGE_FEATURES",Low,0.65,No recent usage; abandoned tool; imputed usage features.,rules-only,0.2.0-tcb,0.0,False,False,False,False,False,False,True,True,False,False,False,False,False,False,False,True,(DPA) Y END SUPPORTING PLATE,56.7,25.0
500222308,0,0,0,N,Maintain,"NO_RECENT_USAGE,ABANDONED_TOOL,IMPUTED_USAGE_FEATURES",Low,0.65,No recent usage; abandoned tool; imputed usage features.,rules-only,0.2.0-tcb,0.0,False,False,False,False,False,False,True,True,False,False,False,False,False,False,False,True,(DPA) Y TOP COVER,57.6,25.0
500222309,0,0,0,N,Maintain,"NO_RECENT_USAGE,ABANDONED_TOOL,IMPUTED_USAGE_FEATURES",Low,0.65,No recent usage; abandoned tool; imputed usage features.,rules-only,0.2.0-tcb,0.0,False,False,False,False,False,False,True,True,False,False,False,False,False,False,False,True,"STOPPER ASSY (M3, L8)",9.9,25.0
500222310,0,0,0,N,Maintain,"NO_RECENT_USAGE,ABANDONED_TOOL,IMPUTED_USAGE_FEATURES",Low,0.65,No recent usage; abandoned tool; imputed usage features.,rules-only,0.2.0-tcb,0.0,False,False,False,False,False,False,True,True,False,False,False,False,False,False,False,True,(DPA) Y SIDE COVER,24.3,25.0
500222311,2,1,0,Y,Maintain,"ZERO_RECOMMENDATION_OVERRIDE,SFM_DISAGREEMENT",Medium,0.8,"Source algorithm recommends 0 but the part carries risk (lead time 15d, on-hand 2); protective stock proposed instead of zero. candidate source proposes 1 vs current 2.",rules-only,0.2.0-tcb,1111.78,False,False,False,False,False,False,False,False,False,False,True,False,False,True,False,False,(DPA) Z MOTOR,555.89,15.0
500222312,1,1,0,Y,Maintain,"NO_RECENT_USAGE,ZERO_RECOMMENDATION_OVERRIDE,SFM_DISAGREEMENT",Medium,0.7,"Source algorithm recommends 0 but the part carries risk (lead time 25d, on-hand 20); protective stock proposed instead of zero. candidate source proposes 0 vs current 1.",rules-only,0.2.0-tcb,0.9,False,False,False,False,False,False,True,False,False,False,True,False,False,True,False,False,SOC HD CAP SCREW M3X8 ALLOY ST NI PLT,0.9,25.0
500222313,0,0,0,N,Maintain,"NO_RECENT_USAGE,IMPUTED_USAGE_FEATURES",Low,0.65,No recent usage; imputed usage features.,rules-only,0.2.0-tcb,0.0,False,False,False,False,False,False,True,False,False,False,False,False,False,False,False,True,"PIN,DOWEL,DIA3X10LG,X,STAGE,LEFT",0.64,15.0
500222314,0,0,0,N,Maintain,"NO_RECENT_USAGE,ABANDONED_TOOL,IMPUTED_USAGE_FEATURES",Low,0.65,No recent usage; abandoned tool; imputed usage features.,rules-only,0.2.0-tcb,0.0,False,False,False,False,False,False,True,True,False,False,False,False,False,False,False,True,(DPA) Z ENCODER MOUNT,45.9,25.0
500222315,0,0,0,N,Maintain,"NO_RECENT_USAGE,ABANDONED_TOOL,IMPUTED_USAGE_FEATURES",Low,0.65,No recent usage; abandoned tool; imputed usage features.,rules-only,0.2.0-tcb,0.0,False,False,False,False,False,False,True,True,False,False,False,False,False,False,False,True,(DPA) Z SLIDE,99.9,25.0
500222316,0,0,0,N,Maintain,"NO_RECENT_USAGE,ABANDONED_TOOL,IMPUTED_USAGE_FEATURES",Low,0.65,No recent usage; abandoned tool; imputed usage features.,rules-only,0.2.0-tcb,0.0,False,False,False,False,False,False,True,True,False,False,False,False,False,False,False,True,(DPA) VACUUM SENSOR MANIFOLD,51.3,25.0
500222317,0,0,0,N,Maintain,"NO_RECENT_USAGE,ABANDONED_TOOL,IMPUTED_USAGE_FEATURES",Low,0.65,No recent usage; abandoned tool; imputed usage features.,rules-only,0.2.0-tcb,0.0,False,False,False,False,False,False,True,True,False,False,False,False,False,False,False,True,(DPA) Z BASE,187.2,25.0
500222318,0,0,0,N,Maintain,"NO_RECENT_USAGE,ABANDONED_TOOL,IMPUTED_USAGE_FEATURES",Low,0.65,No recent usage; abandoned tool; imputed usage features.,rules-only,0.2.0-tcb,0.0,False,False,False,False,False,False,True,True,False,False,False,False,False,False,False,True,(DPA) MOUNTING FRAMEWORK,63.9,25.0
500222319,0,0,0,N,Maintain,"NO_RECENT_USAGE,ABANDONED_TOOL,IMPUTED_USAGE_FEATURES",Low,0.65,No recent usage; abandoned tool; imputed usage features.,rules-only,0.2.0-tcb,0.0,False,False,False,False,False,False,True,True,False,False,False,False,False,False,False,True,(DPA) PCB HOLDER,63.9,25.0
500222320,0,0,0,N,Maintain,"NO_RECENT_USAGE,ABANDONED_TOOL,IMPUTED_USAGE_FEATURES",Low,0.65,No recent usage; abandoned tool; imputed usage features.,rules-only,0.2.0-tcb,0.0,False,False,False,False,False,False,True,True,False,False,False,False,False,False,False,True,(DPA) SOLENOID VALVES BASE MOUNTING,35.1,25.0
500222321,0,0,0,N,Maintain,"NO_RECENT_USAGE,ABANDONED_TOOL,IMPUTED_USAGE_FEATURES",Low,0.65,No recent usage; abandoned tool; imputed usage features.,rules-only,0.2.0-tcb,0.0,False,False,False,False,False,False,True,True,False,False,False,False,False,False,False,True,(DPA) Z MOVING CABLE CLAMP,41.4,25.0
500222322,0,0,0,N,Maintain,"NO_RECENT_USAGE,ABANDONED_TOOL,IMPUTED_USAGE_FEATURES",Low,0.65,No recent usage; abandoned tool; imputed usage features.,rules-only,0.2.0-tcb,0.0,False,False,False,False,False,False,True,True,False,False,False,False,False,False,False,True,(DPA) Z MAGNETIC SPRING SLEEVE HOLDER,43.2,25.0
500222323,0,0,0,N,Maintain,"NO_RECENT_USAGE,ABANDONED_TOOL,IMPUTED_USAGE_FEATURES",Low,0.65,No recent usage; abandoned tool; imputed usage features.,rules-only,0.2.0-tcb,0.0,False,False,False,False,False,False,True,True,False,False,False,False,False,False,False,True,(DPA) Z MAGNETIC SPRING ROD HOLDER,45.9,25.0
500222324,0,0,0,N,Maintain,"NO_RECENT_USAGE,ABANDONED_TOOL,IMPUTED_USAGE_FEATURES",Low,0.65,No recent usage; abandoned tool; imputed usage features.,rules-only,0.2.0-tcb,0.0,False,False,False,False,False,False,True,True,False,False,False,False,False,False,False,True,(DPA) C-CLAMP MOUNT,83.7,25.0
500222325,0,0,0,N,Maintain,"NO_RECENT_USAGE,ABANDONED_TOOL,IMPUTED_USAGE_FEATURES",Low,0.65,No recent usage; abandoned tool; imputed usage features.,rules-only,0.2.0-tcb,0.0,False,False,False,False,False,False,True,True,False,False,False,False,False,False,False,True,(DPA) Z MAGNET SHIELD PLATE,58.5,25.0
500222326,0,0,0,N,Maintain,"NO_RECENT_USAGE,ABANDONED_TOOL,IMPUTED_USAGE_FEATURES",Low,0.65,No recent usage; abandoned tool; imputed usage features.,rules-only,0.2.0-tcb,0.0,False,False,False,False,False,False,True,True,False,False,False,False,False,False,False,True,(DPA) Z MAGNET SPRING JACKET,24.3,25.0
500222327,0,0,0,Y,Maintain,"NO_RECENT_USAGE,ABANDONED_TOOL,IMPUTED_USAGE_FEATURES",Medium,0.65,No recent usage; abandoned tool; imputed usage features.,rules-only,0.2.0-tcb,0.0,False,False,False,False,False,False,True,True,False,False,False,False,False,False,False,True,(DFH) FRONT PLATFORM,8547.3,25.0
500222328,0,0,0,N,Maintain,"NO_RECENT_USAGE,ABANDONED_TOOL,IMPUTED_USAGE_FEATURES",Low,0.65,No recent usage; abandoned tool; imputed usage features.,rules-only,0.2.0-tcb,0.0,False,False,False,False,False,False,True,True,False,False,False,False,False,False,False,True,(DPA) Z UPPER STOPPER,20.7,25.0
500222329,0,0,0,N,Maintain,"NO_RECENT_USAGE,ABANDONED_TOOL,IMPUTED_USAGE_FEATURES",Low,0.65,No recent usage; abandoned tool; imputed usage features.,rules-only,0.2.0-tcb,0.0,False,False,False,False,False,False,True,True,False,False,False,False,False,False,False,True,MIRROR ASSY WITH PROTECTIVE GLASS,108.13,25.0
500222330,0,0,0,N,Maintain,"NO_RECENT_USAGE,ABANDONED_TOOL,IMPUTED_USAGE_FEATURES",Low,0.65,No recent usage; abandoned tool; imputed usage features.,rules-only,0.2.0-tcb,0.0,False,False,False,False,False,False,True,True,False,False,False,False,False,False,False,True,(DPA) UL OPTICS MOUNTING V4,191.7,25.0
500222331,0,0,0,N,Maintain,"NO_RECENT_USAGE,IMPUTED_USAGE_FEATURES",Low,0.65,No recent usage; imputed usage features.,rules-only,0.2.0-tcb,0.0,False,False,False,False,False,False,True,False,False,False,False,False,False,False,False,True,"(DFH) BH NOZZLE BANK, 20XX",31.5,25.0
500222332,0,0,0,N,Maintain,"NO_RECENT_USAGE,IMPUTED_USAGE_FEATURES",Low,0.65,No recent usage; imputed usage features.,rules-only,0.2.0-tcb,0.0,False,False,False,False,False,False,True,False,False,False,False,False,False,False,False,True,"(DFH) BH NOZZLE BANK, 28XX",31.5,55.0
500222333,1,1,0,Y,Maintain,"NO_RECENT_USAGE,ZERO_RECOMMENDATION_OVERRIDE,SFM_DISAGREEMENT,IMPUTED_USAGE_FEATURES",Medium,0.55,"Source algorithm recommends 0 but the part carries risk (lead time 15d, on-hand 2); protective stock proposed instead of zero. candidate source proposes 0 vs current 1.",rules-only,0.2.0-tcb,277.14,False,False,False,False,False,False,True,False,False,False,True,False,False,True,False,True,NOZZLE MAGAZINE TYPE 20XX,277.14,15.0
500222334,0,0,0,Y,Maintain,"NO_RECENT_USAGE,ABANDONED_TOOL,IMPUTED_USAGE_FEATURES",Medium,0.65,No recent usage; abandoned tool; imputed usage features.,rules-only,0.2.0-tcb,0.0,False,False,False,False,False,False,True,True,False,False,False,False,False,False,False,True,NOZZLE CHANGER BASIS ASSEMBLY CPX LONG,4917.6,25.0
500222335,0,0,0,N,Maintain,"NO_RECENT_USAGE,ABANDONED_TOOL,IMPUTED_USAGE_FEATURES",Low,0.65,No recent usage; abandoned tool; imputed usage features.,rules-only,0.2.0-tcb,0.0,False,False,False,False,False,False,True,True,False,False,False,False,False,False,False,True,(DFH) SDK REJECT BIN,85.7,25.0
500222336,0,0,0,N,Maintain,"NO_RECENT_USAGE,ABANDONED_TOOL,IMPUTED_USAGE_FEATURES",Low,0.65,No recent usage; abandoned tool; imputed usage features.,rules-only,0.2.0-tcb,0.0,False,False,False,False,False,False,True,True,False,False,False,False,False,False,False,True,(OUFC) KEY WAY_LONG,20.7,25.0
500222337,0,0,0,N,Maintain,"NO_RECENT_USAGE,ABANDONED_TOOL,IMPUTED_USAGE_FEATURES",Low,0.65,No recent usage; abandoned tool; imputed usage features.,rules-only,0.2.0-tcb,0.0,False,False,False,False,False,False,True,True,False,False,False,False,False,False,False,True,(OUFC) KEY WAY_SHORT,19.8,25.0
500222338,1,1,0,Y,Maintain,"NO_RECENT_USAGE,ZERO_RECOMMENDATION_OVERRIDE,SFM_DISAGREEMENT,IMPUTED_USAGE_FEATURES",Medium,0.55,"Source algorithm recommends 0 but the part carries risk (lead time 25d, on-hand 1); protective stock proposed instead of zero. candidate source proposes 0 vs current 1.",rules-only,0.2.0-tcb,439.74,False,False,False,False,False,False,True,False,False,False,True,False,False,True,False,True,NOZZLE MAGAZINE TYPE 28XX,439.74,25.0
500222339,0,0,0,N,Maintain,"NO_RECENT_USAGE,ABANDONED_TOOL,IMPUTED_USAGE_FEATURES",Low,0.65,No recent usage; abandoned tool; imputed usage features.,rules-only,0.2.0-tcb,0.0,False,False,False,False,False,False,True,True,False,False,False,False,False,False,False,True,(DFH) NOZZLE CHANGER COVER,54.0,25.0
500222340,0,0,0,N,Maintain,"NO_RECENT_USAGE,IMPUTED_USAGE_FEATURES",Low,0.65,No recent usage; imputed usage features.,rules-only,0.2.0-tcb,0.0,False,False,False,False,False,False,True,False,False,False,False,False,False,False,False,True,(DPA) UPLOOK CAMERA CABLE CLAMP,32.4,25.0
500222341,0,0,0,Y,Maintain,"NO_RECENT_USAGE,ABANDONED_TOOL,IMPUTED_USAGE_FEATURES",Medium,0.65,No recent usage; abandoned tool; imputed usage features.,rules-only,0.2.0-tcb,0.0,False,False,False,False,False,False,True,True,False,False,False,False,False,False,False,True,LEFT EPOXY WRITER (HVM),7596.0,25.0
500222342,0,0,0,N,Maintain,"NO_RECENT_USAGE,ABANDONED_TOOL,IMPUTED_USAGE_FEATURES",Low,0.65,No recent usage; abandoned tool; imputed usage features.,rules-only,0.2.0-tcb,0.0,False,False,False,False,False,False,True,True,False,False,False,False,False,False,False,True,DISP Z MOUNT (LEFT),137.7,25.0
500222343,0,0,0,N,Maintain,"NO_RECENT_USAGE,ABANDONED_TOOL,IMPUTED_USAGE_FEATURES",Low,0.65,No recent usage; abandoned tool; imputed usage features.,rules-only,0.2.0-tcb,0.0,False,False,False,False,False,False,True,True,False,False,False,False,False,False,False,True,DISP Z ADAPTOR (LEFT),124.2,25.0
500222344,0,0,0,N,Maintain,"NO_RECENT_USAGE,ABANDONED_TOOL,IMPUTED_USAGE_FEATURES",Low,0.65,No recent usage; abandoned tool; imputed usage features.,rules-only,0.2.0-tcb,0.0,False,False,False,False,False,False,True,True,False,False,False,False,False,False,False,True,DISP DISPENSING HEAD BASE MOUNT L,97.2,25.0
500222345,0,0,0,Y,Maintain,"NO_RECENT_USAGE,ABANDONED_TOOL,IMPUTED_USAGE_FEATURES",Medium,0.65,No recent usage; abandoned tool; imputed usage features.,rules-only,0.2.0-tcb,0.0,False,False,False,False,False,False,True,True,False,False,False,False,False,False,False,True,DISP Z TABLE ASSY (LEFT),3352.5,25.0
500222346,0,0,0,N,Maintain,"NO_RECENT_USAGE,IMPUTED_USAGE_FEATURES",Low,0.65,No recent usage; imputed usage features.,rules-only,0.2.0-tcb,0.0,False,False,False,False,False,False,True,False,False,False,False,False,False,False,False,True,(EW)EPOXY WRITER Z ENC ASSY,784.98,25.0
500222347,0,0,0,N,Maintain,"NO_RECENT_USAGE,ABANDONED_TOOL,IMPUTED_USAGE_FEATURES",Low,0.65,No recent usage; abandoned tool; imputed usage features.,rules-only,0.2.0-tcb,0.0,False,False,False,False,False,False,True,True,False,False,False,False,False,False,False,True,DISP Z ENCORDER REF MOUNT (L),43.2,25.0
500222348,0,0,0,N,Maintain,"NO_RECENT_USAGE,ABANDONED_TOOL,IMPUTED_USAGE_FEATURES",Low,0.65,No recent usage; abandoned tool; imputed usage features.,rules-only,0.2.0-tcb,0.0,False,False,False,False,False,False,True,True,False,False,False,False,False,False,False,True,DISP HEAD QUICK RELEASE ASSY L,162.0,25.0
500222349,0,0,0,N,Maintain,"NO_RECENT_USAGE,ABANDONED_TOOL,IMPUTED_USAGE_FEATURES",Low,0.65,No recent usage; abandoned tool; imputed usage features.,rules-only,0.2.0-tcb,0.0,False,False,False,False,False,False,True,True,False,False,False,False,False,False,False,True,"DISP MINI Z ASSY L (D ACT, D8)",920.7,25.0
500222350,0,0,0,N,Maintain,"NO_RECENT_USAGE,IMPUTED_USAGE_FEATURES",Low,0.65,No recent usage; imputed usage features.,rules-only,0.2.0-tcb,0.0,False,False,False,False,False,False,True,False,False,False,False,False,False,False,False,True,DISP D-ACT MXQ UPPER SENSOR L,33.64,25.0
500222351,0,0,0,Y,Maintain,"NO_RECENT_USAGE,ABANDONED_TOOL,IMPUTED_USAGE_FEATURES",Medium,0.65,No recent usage; abandoned tool; imputed usage features.,rules-only,0.2.0-tcb,0.0,False,False,False,False,False,False,True,True,False,False,False,False,False,False,False,True,RIGHT EPOXY WRITER (HVM),7666.2,25.0
500222352,0,0,0,N,Maintain,"NO_RECENT_USAGE,IMPUTED_USAGE_FEATURES",Low,0.65,No recent usage; imputed usage features.,rules-only,0.2.0-tcb,0.0,False,False,False,False,False,False,True,False,False,False,False,False,False,False,False,True,DOWEL PIN D5 X L12,1.6,25.0
500222353,0,0,0,N,Maintain,"NO_RECENT_USAGE,IMPUTED_USAGE_FEATURES",Low,0.65,No recent usage; imputed usage features.,rules-only,0.2.0-tcb,0.0,False,False,False,False,False,False,True,False,False,False,False,False,False,False,False,True,DISP D-ACT MXQ LOWER SENSOR L,33.64,25.0
500222354,0,0,0,N,Maintain,"NO_RECENT_USAGE,IMPUTED_USAGE_FEATURES",Low,0.65,No recent usage; imputed usage features.,rules-only,0.2.0-tcb,0.0,False,False,False,False,False,False,True,False,False,False,False,False,False,False,False,True,"DOWEL PIN D4 X L10, SST",2.4,15.0
500222355,0,0,0,N,Maintain,"NO_RECENT_USAGE,ABANDONED_TOOL,IMPUTED_USAGE_FEATURES",Low,0.65,No recent usage; abandoned tool; imputed usage features.,rules-only,0.2.0-tcb,0.0,False,False,False,False,False,False,True,True,False,False,False,False,False,False,False,True,DISP Z MOUNT (RIGHT),162.0,25.0
500222356,0,0,0,N,Maintain,"NO_RECENT_USAGE,ABANDONED_TOOL,IMPUTED_USAGE_FEATURES",Low,0.65,No recent usage; abandoned tool; imputed usage features.,rules-only,0.2.0-tcb,0.0,False,False,False,False,False,False,True,True,False,False,False,False,False,False,False,True,DISP Z ADAPTOR (RIGHT),153.0,25.0
500222357,0,0,0,N,Maintain,"NO_RECENT_USAGE,ABANDONED_TOOL,IMPUTED_USAGE_FEATURES",Low,0.65,No recent usage; abandoned tool; imputed usage features.,rules-only,0.2.0-tcb,0.0,False,False,False,False,False,False,True,True,False,False,False,False,False,False,False,True,DISP DISPENSING HEAD BASE MOUNT R,136.8,25.0
500222358,0,0,0,Y,Maintain,"NO_RECENT_USAGE,ABANDONED_TOOL,IMPUTED_USAGE_FEATURES",Medium,0.65,No recent usage; abandoned tool; imputed usage features.,rules-only,0.2.0-tcb,0.0,False,False,False,False,False,False,True,True,False,False,False,False,False,False,False,True,DISP Z TABLE ASSY (RIGHT),4023.0,25.0
500222359,0,0,0,N,Maintain,"NO_RECENT_USAGE,IMPUTED_USAGE_FEATURES",Low,0.65,No recent usage; imputed usage features.,rules-only,0.2.0-tcb,0.0,False,False,False,False,False,False,True,False,False,False,False,False,False,False,False,True,(EW)EPOXY WRITER Z ENC ASSY,941.17,25.0
500222360,0,0,0,N,Maintain,"NO_RECENT_USAGE,IMPUTED_USAGE_FEATURES",Low,0.65,No recent usage; imputed usage features.,rules-only,0.2.0-tcb,0.0,False,False,False,False,False,False,True,False,False,False,False,False,False,False,False,True,"DOWEL PIN D3 X L8, SST",1.6,25.0
500222361,0,0,0,N,Maintain,"NO_RECENT_USAGE,IMPUTED_USAGE_FEATURES",Low,0.65,No recent usage; imputed usage features.,rules-only,0.2.0-tcb,0.0,False,False,False,False,False,False,True,False,False,False,False,False,False,False,False,True,TCB DISP Z ROD MOTOR ASSY,709.68,25.0
500222362,0,0,0,N,Maintain,"NO_RECENT_USAGE,IMPUTED_USAGE_FEATURES",Low,0.65,No recent usage; imputed usage features.,rules-only,0.2.0-tcb,0.0,False,False,False,False,False,False,True,False,False,False,False,False,False,False,False,True,COVER-STOPPER,10.8,25.0
500222363,0,0,0,N,Maintain,"NO_RECENT_USAGE,ABANDONED_TOOL,IMPUTED_USAGE_FEATURES",Low,0.65,No recent usage; abandoned tool; imputed usage features.,rules-only,0.2.0-tcb,0.0,False,False,False,False,False,False,True,True,False,False,False,False,False,False,False,True,DISP Z ENCODER MOUNT,41.4,25.0
500222364,0,0,0,N,Maintain,"NO_RECENT_USAGE,ABANDONED_TOOL,IMPUTED_USAGE_FEATURES",Low,0.65,No recent usage; abandoned tool; imputed usage features.,rules-only,0.2.0-tcb,0.0,False,False,False,False,False,False,True,True,False,False,False,False,False,False,False,True,DISP Z ENCORDER REF MOUNT (R),45.0,25.0
500222481,0,0,0,N,Maintain,"NO_RECENT_USAGE,ABANDONED_TOOL,IMPUTED_USAGE_FEATURES",Low,0.65,No recent usage; abandoned tool; imputed usage features.,rules-only,0.2.0-tcb,0.0,False,False,False,False,False,False,True,True,False,False,False,False,False,False,False,True,PANEL MOUNT ADAPTOR ZS-35-C,13.5,25.0
500222482,1,1,0,Y,Increase,"NO_RECENT_USAGE,ZERO_RECOMMENDATION_OVERRIDE,IMPUTED_USAGE_FEATURES",Medium,0.65,"Source algorithm recommends 0 but the part carries risk (lead time 15d, on-hand 1); protective stock proposed instead of zero.",rules-only,0.2.0-tcb,75.8,False,False,False,False,False,False,True,False,False,False,True,False,False,False,False,True,IR PRECISION REGULATOR 1/4IN,75.8,15.0
500222483,0,0,0,N,Maintain,"NO_RECENT_USAGE,IMPUTED_USAGE_FEATURES",Low,0.65,No recent usage; imputed usage features.,rules-only,0.2.0-tcb,0.0,False,False,False,False,False,False,True,False,False,False,False,False,False,False,False,True,EPOXY WRITER PENU SYSTEM,1494.66,25.0
500222484,0,0,0,N,Maintain,"NO_RECENT_USAGE,IMPUTED_USAGE_FEATURES",Low,0.65,No recent usage; imputed usage features.,rules-only,0.2.0-tcb,0.0,False,False,False,False,False,False,True,False,False,False,False,False,False,False,False,True,REAR AIR IONIZER PNEU SOL(R),124.15,25.0
500222485,0,0,0,N,Maintain,"NO_RECENT_USAGE,ABANDONED_TOOL,IMPUTED_USAGE_FEATURES",Low,0.65,No recent usage; abandoned tool; imputed usage features.,rules-only,0.2.0-tcb,0.0,False,False,False,False,False,False,True,True,False,False,False,False,False,False,False,True,PANEL MOUNT ADAPPTER ZS-27-D,9.9,25.0
500222486,0,0,0,N,Maintain,"NO_RECENT_USAGE,IMPUTED_USAGE_FEATURES",Low,0.65,No recent usage; imputed usage features.,rules-only,0.2.0-tcb,0.0,False,False,False,False,False,False,True,False,False,False,False,False,False,False,False,True,"SOLENOID,EPOXY,WRITER,CYL,EW-L,LEFT,2",160.2,15.0
500222487,0,0,0,N,Maintain,"NO_RECENT_USAGE,IMPUTED_USAGE_FEATURES",Low,0.65,No recent usage; imputed usage features.,rules-only,0.2.0-tcb,0.0,False,False,False,False,False,False,True,False,False,False,False,False,False,False,False,True,FRONT N2 IONIZER PNEU SOL,124.15,15.0
500222488,0,0,0,N,Maintain,"NO_RECENT_USAGE,IMPUTED_USAGE_FEATURES",Low,0.65,No recent usage; imputed usage features.,rules-only,0.2.0-tcb,0.0,False,False,False,False,False,False,True,False,False,False,False,False,False,False,False,True,"SOLENOID,EPOXY,WRITER,CYL,EW-L,LEFT,1",160.2,15.0
500222489,0,0,0,N,Maintain,"NO_RECENT_USAGE,IMPUTED_USAGE_FEATURES",Low,0.65,No recent usage; imputed usage features.,rules-only,0.2.0-tcb,0.0,False,False,False,False,False,False,True,False,False,False,False,False,False,False,False,True,(EW-L)EPOXY WRITER MINI-Z PENU SOL,160.2,15.0
500222490,0,0,0,N,Maintain,"NO_RECENT_USAGE,IMPUTED_USAGE_FEATURES",Low,0.65,No recent usage; imputed usage features.,rules-only,0.2.0-tcb,0.0,False,False,False,False,False,False,True,False,False,False,False,False,False,False,False,True,"SOLENOID,EPOXY,WRITER,CYL,EW-L,LEFT,4",160.2,15.0
500222491,0,0,0,N,Maintain,"NO_RECENT_USAGE,ABANDONED_TOOL,IMPUTED_USAGE_FEATURES",Low,0.65,No recent usage; abandoned tool; imputed usage features.,rules-only,0.2.0-tcb,0.0,False,False,False,False,False,False,True,True,False,False,False,False,False,False,False,True,EPOXY WRITER SOL PANEL,23.4,25.0
500222492,0,0,0,N,Maintain,"NO_RECENT_USAGE,ABANDONED_TOOL,IMPUTED_USAGE_FEATURES",Low,0.65,No recent usage; abandoned tool; imputed usage features.,rules-only,0.2.0-tcb,0.0,False,False,False,False,False,False,True,True,False,False,False,False,False,False,False,True,EPOXY WRITER SOL FIX MOUNT,45.0,25.0
500222493,0,0,0,N,Maintain,"NO_RECENT_USAGE,IMPUTED_USAGE_FEATURES",Low,0.65,No recent usage; imputed usage features.,rules-only,0.2.0-tcb,0.0,False,False,False,False,False,False,True,False,False,False,False,False,False,False,False,True,VIBRATION ISOLATOR MM-100-UC04-SL20300,3.2,25.0
500222494,0,0,0,Y,Maintain,"NO_RECENT_USAGE,ABANDONED_TOOL,IMPUTED_USAGE_FEATURES",Medium,0.65,No recent usage; abandoned tool; imputed usage features.,rules-only,0.2.0-tcb,0.0,False,False,False,False,False,False,True,True,False,False,False,False,False,False,False,True,Y TABLE,12004.2,25.0
500222495,0,0,0,N,Maintain,"NO_RECENT_USAGE,ABANDONED_TOOL,IMPUTED_USAGE_FEATURES",Low,0.65,No recent usage; abandoned tool; imputed usage features.,rules-only,0.2.0-tcb,0.0,False,False,False,False,False,False,True,True,False,False,False,False,False,False,False,True,Y ENC ASSY,780.97,15.0
500222496,0,0,0,N,Maintain,"NO_RECENT_USAGE,IMPUTED_USAGE_FEATURES",Low,0.65,No recent usage; imputed usage features.,rules-only,0.2.0-tcb,0.0,False,False,False,False,False,False,True,False,False,False,False,False,False,False,False,True,"SENSOR,LIMIT,Y-TABLE,SHUTTLE",45.65,25.0
500222497,0,0,0,Y,Maintain,"NO_RECENT_USAGE,IMPUTED_USAGE_FEATURES",Medium,0.65,No recent usage; imputed usage features.,rules-only,0.2.0-tcb,0.0,False,False,False,False,False,False,True,False,False,False,False,False,False,False,False,True,Y SHUTTLE Y MOTOR ASSY,2018.52,25.0
500222498,0,0,0,N,Maintain,"NO_RECENT_USAGE,ABANDONED_TOOL,IMPUTED_USAGE_FEATURES",Low,0.65,No recent usage; abandoned tool; imputed usage features.,rules-only,0.2.0-tcb,0.0,False,False,False,False,False,False,True,True,False,False,False,False,False,False,False,True,SOC HD CAP SCREW M4X10 ALLOY ST NI PLT,0.9,25.0
500222499,0,0,0,N,Maintain,"NO_RECENT_USAGE,ABANDONED_TOOL,IMPUTED_USAGE_FEATURES",Low,0.65,No recent usage; abandoned tool; imputed usage features.,rules-only,0.2.0-tcb,0.0,False,False,False,False,False,False,True,True,False,False,False,False,False,False,False,True,SOC HD CAP SCREW M4X16 ALLOY ST NI PLT,0.9,25.0
500222500,0,0,0,N,Maintain,"NO_RECENT_USAGE,IMPUTED_USAGE_FEATURES",Low,0.65,No recent usage; imputed usage features.,rules-only,0.2.0-tcb,0.0,False,False,False,False,False,False,True,False,False,False,False,False,False,False,False,True,HGL15CA4R940ZAPII,870.68,25.0
500222501,0,0,0,N,Maintain,"NO_RECENT_USAGE,ABANDONED_TOOL,IMPUTED_USAGE_FEATURES",Low,0.65,No recent usage; abandoned tool; imputed usage features.,rules-only,0.2.0-tcb,0.0,False,False,False,False,False,False,True,True,False,False,False,False,False,False,False,True,DISP HEAD QUICK RELEASE ASSY R,194.4,25.0
500222502,0,0,0,N,Maintain,"NO_RECENT_USAGE,IMPUTED_USAGE_FEATURES",Low,0.65,No recent usage; imputed usage features.,rules-only,0.2.0-tcb,0.0,False,False,False,False,False,False,True,False,False,False,False,False,False,False,False,True,DISP D-ACT MXQ UPPER SENSOR R,33.64,25.0
500222503,0,0,0,N,Maintain,"NO_RECENT_USAGE,IMPUTED_USAGE_FEATURES",Low,0.65,No recent usage; imputed usage features.,rules-only,0.2.0-tcb,0.0,False,False,False,False,False,False,True,False,False,False,False,False,False,False,False,True,"DISP MINI Z ASSY R (D ACT, D8)",819.42,25.0
500222504,0,0,0,N,Maintain,"NO_RECENT_USAGE,IMPUTED_USAGE_FEATURES",Low,0.65,No recent usage; imputed usage features.,rules-only,0.2.0-tcb,0.0,False,False,False,False,False,False,True,False,False,False,False,False,False,False,False,True,DISP D-ACT MXQ LOWER SENSOR R,33.64,25.0
500222505,0,0,0,N,Maintain,"NO_RECENT_USAGE,IMPUTED_USAGE_FEATURES",Low,0.65,No recent usage; imputed usage features.,rules-only,0.2.0-tcb,0.0,False,False,False,False,False,False,True,False,False,False,False,False,False,False,False,True,AIR SLIDE TABLE MXQ8-10,732.91,25.0
500222506,0,0,0,N,Maintain,"NO_RECENT_USAGE,IMPUTED_USAGE_FEATURES",Low,0.65,No recent usage; imputed usage features.,rules-only,0.2.0-tcb,0.0,False,False,False,False,False,False,True,False,False,False,False,False,False,False,False,True,MINATURE FITTINGS 10-M-5ALU-4,12.01,25.0
500222507,0,0,0,Y,Maintain,"NO_RECENT_USAGE,ABANDONED_TOOL,IMPUTED_USAGE_FEATURES",Medium,0.65,No recent usage; abandoned tool; imputed usage features.,rules-only,0.2.0-tcb,0.0,False,False,False,False,False,False,True,True,False,False,False,False,False,False,False,True,TCB DUAL WORKCHUCK X MOTOR,42346.8,25.0
500222508,0,0,0,N,Maintain,"NO_RECENT_USAGE,IMPUTED_USAGE_FEATURES",Low,0.65,No recent usage; imputed usage features.,rules-only,0.2.0-tcb,0.0,False,False,False,False,False,False,True,False,False,False,False,False,False,False,False,True,"HOSE ELBOW FITTING M-5HL-6, 17C8",4.0,25.0
500222509,0,0,0,Y,Maintain,"NO_RECENT_USAGE,ABANDONED_TOOL,IMPUTED_USAGE_FEATURES",Medium,0.65,No recent usage; abandoned tool; imputed usage features.,rules-only,0.2.0-tcb,0.0,False,False,False,False,False,False,True,True,False,False,False,False,False,False,False,True,"BLOCK,HEATED,TCB,PEDESTAL,ASSY,",6722.79,15.0
500222510,0,0,0,N,Maintain,"NO_RECENT_USAGE,ABANDONED_TOOL,IMPUTED_USAGE_FEATURES",Low,0.65,No recent usage; abandoned tool; imputed usage features.,rules-only,0.2.0-tcb,0.0,False,False,False,False,False,False,True,True,False,False,False,False,False,False,False,True,TCB PEDESTAL INERT SEAL 1,159.3,25.0
500222511,0,0,0,N,Maintain,"NO_RECENT_USAGE,ABANDONED_TOOL,IMPUTED_USAGE_FEATURES",Low,0.65,No recent usage; abandoned tool; imputed usage features.,rules-only,0.2.0-tcb,0.0,False,False,False,False,False,False,True,True,False,False,False,False,False,False,False,True,ISOLATOR PLATE X,32.4,25.0
500222512,0,0,0,N,Maintain,"NO_RECENT_USAGE,ABANDONED_TOOL,IMPUTED_USAGE_FEATURES",Low,0.65,No recent usage; abandoned tool; imputed usage features.,rules-only,0.2.0-tcb,0.0,False,False,False,False,False,False,True,True,False,False,False,False,False,False,False,True,Y READHEAD MOUNT,13.5,25.0
500222513,0,0,0,N,Maintain,"NO_RECENT_USAGE,ABANDONED_TOOL,IMPUTED_USAGE_FEATURES",Low,0.65,No recent usage; abandoned tool; imputed usage features.,rules-only,0.2.0-tcb,0.0,False,False,False,False,False,False,True,True,False,False,False,False,False,False,False,True,STOPPER HOLDER (Y),9.9,25.0
500222514,0,0,0,N,Maintain,"NO_RECENT_USAGE,ABANDONED_TOOL,IMPUTED_USAGE_FEATURES",Low,0.65,No recent usage; abandoned tool; imputed usage features.,rules-only,0.2.0-tcb,0.0,False,False,False,False,False,False,True,True,False,False,False,False,False,False,False,True,LM RAIL END PLATE,18.0,25.0
500222515,0,0,0,Y,Maintain,"NO_RECENT_USAGE,ABANDONED_TOOL,IMPUTED_USAGE_FEATURES",Medium,0.65,No recent usage; abandoned tool; imputed usage features.,rules-only,0.2.0-tcb,0.0,False,False,False,False,False,False,True,True,False,False,False,False,False,False,False,True,Y TABLE BASE,1646.1,25.0
500222516,0,0,0,N,Maintain,"NO_RECENT_USAGE,ABANDONED_TOOL,IMPUTED_USAGE_FEATURES",Low,0.65,No recent usage; abandoned tool; imputed usage features.,rules-only,0.2.0-tcb,0.0,False,False,False,False,False,False,True,True,False,False,False,False,False,False,False,True,Y MOVING PLATE,317.7,25.0
500222517,0,0,0,N,Maintain,"NO_RECENT_USAGE,ABANDONED_TOOL,IMPUTED_USAGE_FEATURES",Low,0.65,No recent usage; abandoned tool; imputed usage features.,rules-only,0.2.0-tcb,0.0,False,False,False,False,False,False,True,True,False,False,False,False,False,False,False,True,Y TABLE HOME FLAG,14.4,25.0
500222518,0,0,0,N,Maintain,"NO_RECENT_USAGE,ABANDONED_TOOL,IMPUTED_USAGE_FEATURES",Low,0.65,No recent usage; abandoned tool; imputed usage features.,rules-only,0.2.0-tcb,0.0,False,False,False,False,False,False,True,True,False,False,False,False,False,False,False,True,Y TABLE SNR FLAG,14.4,25.0
500222519,0,0,0,N,Maintain,"NO_RECENT_USAGE,ABANDONED_TOOL,IMPUTED_USAGE_FEATURES",Low,0.65,No recent usage; abandoned tool; imputed usage features.,rules-only,0.2.0-tcb,0.0,False,False,False,False,False,False,True,True,False,False,False,False,False,False,False,True,Y TABLE STOPPER,28.8,25.0
500222520,0,0,0,N,Maintain,"NO_RECENT_USAGE,ABANDONED_TOOL,IMPUTED_USAGE_FEATURES",Low,0.65,No recent usage; abandoned tool; imputed usage features.,rules-only,0.2.0-tcb,0.0,False,False,False,False,False,False,True,True,False,False,False,False,False,False,False,True,90 DEGREE REFERENCE MARK A-9541-0037,33.3,25.0
500222521,0,0,0,N,Maintain,"NO_RECENT_USAGE,ABANDONED_TOOL,IMPUTED_USAGE_FEATURES",Low,0.65,No recent usage; abandoned tool; imputed usage features.,rules-only,0.2.0-tcb,0.0,False,False,False,False,False,False,True,True,False,False,False,False,False,False,False,True,TCB PEDESTAL TORLON SPACER 1,252.9,25.0
500222522,0,0,0,N,Maintain,"NO_RECENT_USAGE,ABANDONED_TOOL,IMPUTED_USAGE_FEATURES",Low,0.65,No recent usage; abandoned tool; imputed usage features.,rules-only,0.2.0-tcb,0.0,False,False,False,False,False,False,True,True,False,False,False,False,False,False,False,True,TCB PEDESTAL TORLON SPACER 3,123.3,25.0
500222523,0,0,0,N,Maintain,"NO_RECENT_USAGE,ABANDONED_TOOL,IMPUTED_USAGE_FEATURES",Low,0.65,No recent usage; abandoned tool; imputed usage features.,rules-only,0.2.0-tcb,0.0,False,False,False,False,False,False,True,True,False,False,False,False,False,False,False,True,CABLE CLAMP,16.2,25.0
500222524,0,0,0,N,Maintain,"NO_RECENT_USAGE,ABANDONED_TOOL,IMPUTED_USAGE_FEATURES",Low,0.65,No recent usage; abandoned tool; imputed usage features.,rules-only,0.2.0-tcb,0.0,False,False,False,False,False,False,True,True,False,False,False,False,False,False,False,True,PEDESTAL INERT SEAL W/ NOZZLE BANK,385.2,25.0
500222525,0,0,0,N,Maintain,"NO_RECENT_USAGE,ABANDONED_TOOL,IMPUTED_USAGE_FEATURES",Low,0.65,No recent usage; abandoned tool; imputed usage features.,rules-only,0.2.0-tcb,0.0,False,False,False,False,False,False,True,True,False,False,False,False,False,False,False,True,TCB BS NERT SEAL 2 (LARGE AREA),111.6,25.0
500222526,0,0,0,N,Maintain,"NO_RECENT_USAGE,ABANDONED_TOOL,IMPUTED_USAGE_FEATURES",Low,0.65,No recent usage; abandoned tool; imputed usage features.,rules-only,0.2.0-tcb,0.0,False,False,False,False,False,False,True,True,False,False,False,False,False,False,False,True,PEDESTAL TORLON SPACER 2 (22.5MM),145.8,25.0
500222527,0,0,0,N,Maintain,"NO_RECENT_USAGE,IMPUTED_USAGE_FEATURES",Low,0.65,No recent usage; imputed usage features.,rules-only,0.2.0-tcb,0.0,False,False,False,False,False,False,True,False,False,False,False,False,False,False,False,True,DISC ON ZERODUR,5.4,25.0
500222528,0,0,0,N,Maintain,"NO_RECENT_USAGE,ABANDONED_TOOL,IMPUTED_USAGE_FEATURES",Low,0.65,No recent usage; abandoned tool; imputed usage features.,rules-only,0.2.0-tcb,0.0,False,False,False,False,False,False,True,True,False,False,False,False,False,False,False,True,SPACER,3.6,25.0
500222529,0,0,0,N,Maintain,"NO_RECENT_USAGE,ABANDONED_TOOL,IMPUTED_USAGE_FEATURES",Low,0.65,No recent usage; abandoned tool; imputed usage features.,rules-only,0.2.0-tcb,0.0,False,False,False,False,False,False,True,True,False,False,False,False,False,False,False,True,EPOXY SERVICE STATION ASSY RIGHT,530.26,25.0
500222530,0,0,0,N,Maintain,"NO_RECENT_USAGE,ABANDONED_TOOL,IMPUTED_USAGE_FEATURES",Low,0.65,No recent usage; abandoned tool; imputed usage features.,rules-only,0.2.0-tcb,0.0,False,False,False,False,False,False,True,True,False,False,False,False,False,False,False,True,"STATION,SERVICE,EPOXY,ASSY,LEFT",636.79,25.0
500222531,0,0,0,N,Maintain,"NO_RECENT_USAGE,IMPUTED_USAGE_FEATURES",Low,0.65,No recent usage; imputed usage features.,rules-only,0.2.0-tcb,0.0,False,False,False,False,False,False,True,False,False,False,False,False,False,False,False,True,IP Y SHUTTLE AIR SUPPLY ASSY,830.7,25.0
500222532,0,0,0,Y,Maintain,"NO_RECENT_USAGE,IMPUTED_USAGE_FEATURES",Medium,0.65,No recent usage; imputed usage features.,rules-only,0.2.0-tcb,0.0,False,False,False,False,False,False,True,False,False,False,False,False,False,False,False,True,IP Y SHUTTLE PNEUMATICS,2205.9,25.0
500222533,0,0,0,N,Maintain,"NO_RECENT_USAGE,ABANDONED_TOOL,IMPUTED_USAGE_FEATURES",Low,0.65,No recent usage; abandoned tool; imputed usage features.,rules-only,0.2.0-tcb,0.0,False,False,False,False,False,False,True,True,False,False,False,False,False,False,False,True,IP Y SHUTTLE TOP CLAMP PNEU ASSY,295.2,25.0
500222534,0,0,0,N,Maintain,"NO_RECENT_USAGE,IMPUTED_USAGE_FEATURES",Low,0.65,No recent usage; imputed usage features.,rules-only,0.2.0-tcb,0.0,False,False,False,False,False,False,True,False,False,False,False,False,False,False,False,True,IP Y SHUTTLE INSP STOPPER PNEU ASSY,258.3,25.0
500222535,0,0,0,N,Maintain,"NO_RECENT_USAGE,IMPUTED_USAGE_FEATURES",Low,0.65,No recent usage; imputed usage features.,rules-only,0.2.0-tcb,0.0,False,False,False,False,False,False,True,False,False,False,False,False,False,False,False,True,IP Y SHUTTLE PRELOAD PNEU ASSY,269.1,25.0
500222536,0,0,0,N,Maintain,"NO_RECENT_USAGE,IMPUTED_USAGE_FEATURES",Low,0.65,No recent usage; imputed usage features.,rules-only,0.2.0-tcb,0.0,False,False,False,False,False,False,True,False,False,False,False,False,False,False,False,True,(IP)AIR IONIZER 1 PNEU SOL,123.35,25.0
500222537,0,0,0,N,Maintain,"NO_RECENT_USAGE,IMPUTED_USAGE_FEATURES",Low,0.65,No recent usage; imputed usage features.,rules-only,0.2.0-tcb,0.0,False,False,False,False,False,False,True,False,False,False,False,False,False,False,False,True,(IP)AIR IONIZER 2 PNEU SOL,138.6,25.0
500222538,0,0,0,N,Maintain,"NO_RECENT_USAGE,IMPUTED_USAGE_FEATURES",Low,0.65,No recent usage; imputed usage features.,rules-only,0.2.0-tcb,0.0,False,False,False,False,False,False,True,False,False,False,False,False,False,False,False,True,OP Y SHUTTLE PNEUMATICS,1135.81,25.0
500222539,0,0,0,N,Maintain,"NO_RECENT_USAGE,IMPUTED_USAGE_FEATURES",Low,0.65,No recent usage; imputed usage features.,rules-only,0.2.0-tcb,0.0,False,False,False,False,False,False,True,False,False,False,False,False,False,False,False,True,OP Y SHUTTLE AIR SUPPLY PNEU ASSY,740.12,25.0
500222540,0,0,0,N,Maintain,"NO_RECENT_USAGE,IMPUTED_USAGE_FEATURES",Low,0.65,No recent usage; imputed usage features.,rules-only,0.2.0-tcb,0.0,False,False,False,False,False,False,True,False,False,False,False,False,False,False,False,True,(OP)AIR IONIZER 1 PNEU SOL,123.35,25.0
500222541,0,0,0,N,Maintain,"NO_RECENT_USAGE,ABANDONED_TOOL,IMPUTED_USAGE_FEATURES",Low,0.65,No recent usage; abandoned tool; imputed usage features.,rules-only,0.2.0-tcb,0.0,False,False,False,False,False,False,True,True,False,False,False,False,False,False,False,True,EPOXY SERVICE STATION PURGE BIN,26.1,25.0
500222542,0,0,0,N,Maintain,"NO_RECENT_USAGE,ABANDONED_TOOL,IMPUTED_USAGE_FEATURES",Low,0.65,No recent usage; abandoned tool; imputed usage features.,rules-only,0.2.0-tcb,0.0,False,False,False,False,False,False,True,True,False,False,False,False,False,False,False,True,EPOXY SERVICE STATION DUMMY PLATE,73.8,25.0
500222543,0,0,0,N,Maintain,"NO_RECENT_USAGE,ABANDONED_TOOL,IMPUTED_USAGE_FEATURES",Low,0.65,No recent usage; abandoned tool; imputed usage features.,rules-only,0.2.0-tcb,0.0,False,False,False,False,False,False,True,True,False,False,False,False,False,False,False,True,EPOXY SERVICE STATION MOUNT,47.7,25.0
500222544,0,0,0,N,Maintain,"NO_RECENT_USAGE,IMPUTED_USAGE_FEATURES",Low,0.65,No recent usage; imputed usage features.,rules-only,0.2.0-tcb,0.0,False,False,False,False,False,False,True,False,False,False,False,False,False,False,False,True,NOZZLE CLEANING STATION ASSY,81.7,25.0
500222545,0,0,0,N,Maintain,"NO_RECENT_USAGE,ABANDONED_TOOL,IMPUTED_USAGE_FEATURES",Low,0.65,No recent usage; abandoned tool; imputed usage features.,rules-only,0.2.0-tcb,0.0,False,False,False,False,False,False,True,True,False,False,False,False,False,False,False,True,NOZZLE CLEANING AND CONTACT SNR (RIGHT),206.65,25.0
500222546,0,0,0,N,Maintain,"NO_RECENT_USAGE,ABANDONED_TOOL,IMPUTED_USAGE_FEATURES",Low,0.65,No recent usage; abandoned tool; imputed usage features.,rules-only,0.2.0-tcb,0.0,False,False,False,False,False,False,True,True,False,False,False,False,False,False,False,True,SENSOR AND NOZZLE CLEANER MOUNTING BASE,28.8,25.0
500222547,0,0,0,N,Maintain,"NO_RECENT_USAGE,ABANDONED_TOOL,IMPUTED_USAGE_FEATURES",Low,0.65,No recent usage; abandoned tool; imputed usage features.,rules-only,0.2.0-tcb,0.0,False,False,False,False,False,False,True,True,False,False,False,False,False,False,False,True,M3 INSULATION WASHER (TEFLON),5.4,25.0
500222548,0,0,0,N,Maintain,"NO_RECENT_USAGE,IMPUTED_USAGE_FEATURES",Low,0.65,No recent usage; imputed usage features.,rules-only,0.2.0-tcb,0.0,False,False,False,False,False,False,True,False,False,False,False,False,False,False,False,True,"BANK,VACUUM,NOZZLE,BOND,STAGE",1125.0,25.0
500222549,0,0,0,N,Maintain,"NO_RECENT_USAGE,ABANDONED_TOOL,IMPUTED_USAGE_FEATURES",Low,0.65,No recent usage; abandoned tool; imputed usage features.,rules-only,0.2.0-tcb,0.0,False,False,False,False,False,False,True,True,False,False,False,False,False,False,False,True,NOZZLE CLEANING AND CONTACT SNR (LEFT),206.65,25.0
500222550,0,0,0,N,Maintain,"NO_RECENT_USAGE,IMPUTED_USAGE_FEATURES",Low,0.65,No recent usage; imputed usage features.,rules-only,0.2.0-tcb,0.0,False,False,False,False,False,False,True,False,False,False,False,False,False,False,False,True,VACUUM NOZZLE BANK BASE ASSY,509.43,25.0
500222551,0,0,0,N,Maintain,"NO_RECENT_USAGE,IMPUTED_USAGE_FEATURES",Low,0.65,No recent usage; imputed usage features.,rules-only,0.2.0-tcb,0.0,False,False,False,False,False,False,True,False,False,False,False,False,False,False,False,True,(OP)AIR IONIZER 2 PNEU SOL,138.6,25.0
500222552,0,0,0,N,Maintain,"NO_RECENT_USAGE,ABANDONED_TOOL,IMPUTED_USAGE_FEATURES",Low,0.65,No recent usage; abandoned tool; imputed usage features.,rules-only,0.2.0-tcb,0.0,False,False,False,False,False,False,True,True,False,False,False,False,False,False,False,True,AIR SUPPLY ONOFF MOUNT,18.0,25.0
500222553,0,0,0,N,Maintain,"NO_RECENT_USAGE,ABANDONED_TOOL,IMPUTED_USAGE_FEATURES",Low,0.65,No recent usage; abandoned tool; imputed usage features.,rules-only,0.2.0-tcb,0.0,False,False,False,False,False,False,True,True,False,False,False,False,False,False,False,True,IONIZER SOL MOUNT,8.1,25.0
500222554,0,0,0,N,Maintain,"NO_RECENT_USAGE,ABANDONED_TOOL,IMPUTED_USAGE_FEATURES",Low,0.65,No recent usage; abandoned tool; imputed usage features.,rules-only,0.2.0-tcb,0.0,False,False,False,False,False,False,True,True,False,False,False,False,False,False,False,True,SAFETY LOCK FOR VALVE,19.8,25.0
500222555,0,0,0,N,Maintain,"NO_RECENT_USAGE,IMPUTED_USAGE_FEATURES",Low,0.65,No recent usage; imputed usage features.,rules-only,0.2.0-tcb,0.0,False,False,False,False,False,False,True,False,False,False,False,False,False,False,False,True,3-2 SELECTOR M-VALVE HAND VALVE,13.21,25.0
500222556,4,3,0,Y,Increase,"ZERO_RECOMMENDATION_OVERRIDE,IMPUTED_USAGE_FEATURES",Medium,0.75,"Source algorithm recommends 0 but the part carries risk (lead time 15d, on-hand 0); protective stock proposed instead of zero.",rules-only,0.2.0-tcb,39.6,False,False,False,False,False,False,False,False,False,False,True,False,False,False,False,True,MALE ELBOW FITTING KPQL06-M5,9.9,15.0
500222557,0,0,0,N,Maintain,"NO_RECENT_USAGE,ABANDONED_TOOL,IMPUTED_USAGE_FEATURES",Low,0.65,No recent usage; abandoned tool; imputed usage features.,rules-only,0.2.0-tcb,0.0,False,False,False,False,False,False,True,True,False,False,False,False,False,False,False,True,CLEAN ONE-TOUCH CONNECTOR: KPQH08-02,14.4,25.0
500222558,0,0,0,N,Maintain,"NO_RECENT_USAGE,ABANDONED_TOOL,IMPUTED_USAGE_FEATURES",Low,0.65,No recent usage; abandoned tool; imputed usage features.,rules-only,0.2.0-tcb,0.0,False,False,False,False,False,False,True,True,False,False,False,False,False,False,False,True,ELBOW FEMALE CONNECTOR QSLF-1/4-8-B,25.2,25.0
500222559,0,0,0,Y,Maintain,"NO_RECENT_USAGE,ABANDONED_TOOL,IMPUTED_USAGE_FEATURES",Medium,0.65,No recent usage; abandoned tool; imputed usage features.,rules-only,0.2.0-tcb,0.0,False,False,False,False,False,False,True,True,False,False,False,False,False,False,False,True,(DFH) PNEUMATIC ASSY,5647.5,25.0
500222560,0,0,0,N,Maintain,"NO_RECENT_USAGE,ABANDONED_TOOL,IMPUTED_USAGE_FEATURES",Low,0.65,No recent usage; abandoned tool; imputed usage features.,rules-only,0.2.0-tcb,0.0,False,False,False,False,False,False,True,True,False,False,False,False,False,False,False,True,DIE PICK/TRANSFER ARM PNEU PANEL,159.3,25.0
500222561,0,0,0,N,Maintain,"NO_RECENT_USAGE,ABANDONED_TOOL,IMPUTED_USAGE_FEATURES",Low,0.65,No recent usage; abandoned tool; imputed usage features.,rules-only,0.2.0-tcb,0.0,False,False,False,False,False,False,True,True,False,False,False,False,False,False,False,True,"BANK,VACUUM,NOZZLE,34X24,ASSY",131.36,15.0
500222562,0,0,0,N,Maintain,"NO_RECENT_USAGE,IMPUTED_USAGE_FEATURES",Low,0.65,No recent usage; imputed usage features.,rules-only,0.2.0-tcb,0.0,False,False,False,False,False,False,True,False,False,False,False,False,False,False,False,True,"BANK,VACUUM,NOZZLE,28X19,ASSY",128.96,15.0
500222563,0,0,0,N,Maintain,"NO_RECENT_USAGE,IMPUTED_USAGE_FEATURES",Low,0.65,No recent usage; imputed usage features.,rules-only,0.2.0-tcb,0.0,False,False,False,False,False,False,True,False,False,False,False,False,False,False,False,True,"CAL GLASS BANK ASSY (33X22, 12X12, 9X9)",152.99,25.0
500222564,0,0,0,Y,Maintain,"NO_RECENT_USAGE,ABANDONED_TOOL,IMPUTED_USAGE_FEATURES",Medium,0.65,No recent usage; abandoned tool; imputed usage features.,rules-only,0.2.0-tcb,0.0,False,False,False,False,False,False,True,True,False,False,False,False,False,False,False,True,LEFT WC FRONT X ENC ASSY,3602.09,25.0
500222565,0,0,0,Y,Maintain,"NO_RECENT_USAGE,ABANDONED_TOOL,IMPUTED_USAGE_FEATURES",Medium,0.65,No recent usage; abandoned tool; imputed usage features.,rules-only,0.2.0-tcb,0.0,False,False,False,False,False,False,True,True,False,False,False,False,False,False,False,True,LEFT WC REAR X ENC ASSY,3726.25,25.0
500222566,0,0,0,Y,Maintain,"NO_RECENT_USAGE,ABANDONED_TOOL,IMPUTED_USAGE_FEATURES",Medium,0.65,No recent usage; abandoned tool; imputed usage features.,rules-only,0.2.0-tcb,0.0,False,False,False,False,False,False,True,True,False,False,False,False,False,False,False,True,CARRIAGE MOTOR,3248.85,15.0
500222567,0,0,0,Y,Maintain,"NO_RECENT_USAGE,ABANDONED_TOOL,IMPUTED_USAGE_FEATURES",Medium,0.65,No recent usage; abandoned tool; imputed usage features.,rules-only,0.2.0-tcb,0.0,False,False,False,False,False,False,True,True,False,False,False,False,False,False,False,True,LEFT WC Y ENC ASSY,3452.31,15.0
500222568,0,0,0,N,Maintain,"NO_RECENT_USAGE,IMPUTED_USAGE_FEATURES",Low,0.65,No recent usage; imputed usage features.,rules-only,0.2.0-tcb,0.0,False,False,False,False,False,False,True,False,False,False,False,False,False,False,False,True,"MOUNT,ENCODER,CARRIAGE",132.3,25.0
500222569,0,0,0,N,Maintain,"NO_RECENT_USAGE,ABANDONED_TOOL,IMPUTED_USAGE_FEATURES",Low,0.65,No recent usage; abandoned tool; imputed usage features.,rules-only,0.2.0-tcb,0.0,False,False,False,False,False,False,True,True,False,False,False,False,False,False,False,True,CABLE CLAMP 1 FOR WORKCHUCK (FIXED END),86.4,25.0
500222570,0,0,0,N,Maintain,"NO_RECENT_USAGE,ABANDONED_TOOL,IMPUTED_USAGE_FEATURES",Low,0.65,No recent usage; abandoned tool; imputed usage features.,rules-only,0.2.0-tcb,0.0,False,False,False,False,False,False,True,True,False,False,False,False,False,False,False,True,CABLE CLAMP 2 FOR WORKCHUCK (FIXED END),37.8,25.0
500222571,0,0,0,N,Maintain,"NO_RECENT_USAGE,ABANDONED_TOOL,IMPUTED_USAGE_FEATURES",Low,0.65,No recent usage; abandoned tool; imputed usage features.,rules-only,0.2.0-tcb,0.0,False,False,False,False,False,False,True,True,False,False,False,False,False,False,False,True,DPA/DTA PNEU BOX FIX MOUNT 1,21.6,25.0
500222572,0,0,0,N,Maintain,"NO_RECENT_USAGE,ABANDONED_TOOL,IMPUTED_USAGE_FEATURES",Low,0.65,No recent usage; abandoned tool; imputed usage features.,rules-only,0.2.0-tcb,0.0,False,False,False,False,False,False,True,True,False,False,False,False,False,False,False,True,DPA/DTA VAC GEN MOUNT,53.1,25.0
500222573,0,0,0,N,Maintain,"NO_RECENT_USAGE,ABANDONED_TOOL,IMPUTED_USAGE_FEATURES",Low,0.65,No recent usage; abandoned tool; imputed usage features.,rules-only,0.2.0-tcb,0.0,False,False,False,False,False,False,True,True,False,False,False,False,False,False,False,True,DPA/DTA PNEU BOX FIX MOUNT 2,25.2,25.0
500222574,0,0,0,N,Maintain,"NO_RECENT_USAGE,ABANDONED_TOOL,IMPUTED_USAGE_FEATURES",Low,0.65,No recent usage; abandoned tool; imputed usage features.,rules-only,0.2.0-tcb,0.0,False,False,False,False,False,False,True,True,False,False,False,False,False,False,False,True,FLOW CTL P-VALVE AS1001F-04-3,24.03,15.0
500222575,0,0,0,N,Maintain,IMPUTED_USAGE_FEATURES,Low,0.65,Imputed usage features.,rules-only,0.2.0-tcb,0.0,False,False,False,False,False,False,False,False,False,False,False,False,False,False,False,True,UNION Y KPGU06-00,14.41,25.0
500222576,0,0,0,N,Maintain,"NO_RECENT_USAGE,ABANDONED_TOOL,IMPUTED_USAGE_FEATURES",Low,0.65,No recent usage; abandoned tool; imputed usage features.,rules-only,0.2.0-tcb,0.0,False,False,False,False,False,False,True,True,False,False,False,False,False,False,False,True,DIE PICK\TRANSFER ARM PNEU COVER,115.2,25.0
500222577,0,0,0,N,Maintain,"NO_RECENT_USAGE,ABANDONED_TOOL,IMPUTED_USAGE_FEATURES",Low,0.65,No recent usage; abandoned tool; imputed usage features.,rules-only,0.2.0-tcb,0.0,False,False,False,False,False,False,True,True,False,False,False,False,False,False,False,True,CLEAN ONE-TOUCH CONNECTOR: KPQH06-01,9.0,55.0
500222578,0,0,0,N,Maintain,"NO_RECENT_USAGE,ABANDONED_TOOL,IMPUTED_USAGE_FEATURES",Low,0.65,No recent usage; abandoned tool; imputed usage features.,rules-only,0.2.0-tcb,0.0,False,False,False,False,False,False,True,True,False,False,False,False,False,False,False,True,CLEAN ONE-TOUCH CONNECTOR: KPQH08-01,9.9,55.0
500222579,1,1,0,Y,Increase,"NO_RECENT_USAGE,ZERO_RECOMMENDATION_OVERRIDE,AD_HOC_CONSUMPTION_RISK,IMPUTED_USAGE_FEATURES",Medium,0.65,"Source algorithm recommends 0 but the part carries risk (lead time 75d, on-hand 0); protective stock proposed instead of zero.",rules-only,0.2.0-tcb,12.6,False,False,False,False,False,False,True,False,False,False,True,True,False,False,False,True,CLEAN ONE-TOUCH CONNECTOR: KPQL04-01,12.6,75.0
500222580,0,0,0,N,Maintain,"NO_RECENT_USAGE,IMPUTED_USAGE_FEATURES",Low,0.65,No recent usage; imputed usage features.,rules-only,0.2.0-tcb,0.0,False,False,False,False,False,False,True,False,False,False,False,False,False,False,False,True,MANIFOLD (FR-4-1/8-B),16.02,15.0
500222581,0,0,0,N,Maintain,"NO_RECENT_USAGE,IMPUTED_USAGE_FEATURES",Low,0.65,No recent usage; imputed usage features.,rules-only,0.2.0-tcb,0.0,False,False,False,False,False,False,True,False,False,False,False,False,False,False,False,True,WORKCHUCK X PRELOAD MAGNET ASSY (SIDE),79.29,25.0
500222582,0,0,0,Y,Maintain,"NO_RECENT_USAGE,IMPUTED_USAGE_FEATURES",Medium,0.65,No recent usage; imputed usage features.,rules-only,0.2.0-tcb,0.0,False,False,False,False,False,False,True,False,False,False,False,False,False,False,False,True,RIGHT WC FRONT X ENC ASSY,3602.09,25.0
500222583,0,0,0,Y,Maintain,"NO_RECENT_USAGE,IMPUTED_USAGE_FEATURES",Medium,0.65,No recent usage; imputed usage features.,rules-only,0.2.0-tcb,0.0,False,False,False,False,False,False,True,False,False,False,False,False,False,False,False,True,RIGHT WC REAR X ENC ASSY,3726.25,25.0
500222584,1,1,0,Y,Increase,"NO_RECENT_USAGE,ZERO_RECOMMENDATION_OVERRIDE,AD_HOC_CONSUMPTION_RISK,IMPUTED_USAGE_FEATURES",High,0.65,"Source algorithm recommends 0 but the part carries risk (lead time 134d, on-hand 1); protective stock proposed instead of zero.",rules-only,0.2.0-tcb,26056.8,False,False,False,False,False,False,True,False,False,False,True,True,False,False,False,True,"SUPPORT,WORKCHUCK,Y,CARRIAGE",26056.8,134.0
500222585,0,0,0,Y,Maintain,"NO_RECENT_USAGE,IMPUTED_USAGE_FEATURES",Medium,0.65,No recent usage; imputed usage features.,rules-only,0.2.0-tcb,0.0,False,False,False,False,False,False,True,False,False,False,False,False,False,False,False,True,"ENCODER,RIGHT,WC,Y",3452.31,15.0
500222586,1,1,0,Y,Increase,"NO_RECENT_USAGE,ZERO_RECOMMENDATION_OVERRIDE,AD_HOC_CONSUMPTION_RISK,IMPUTED_USAGE_FEATURES",High,0.65,"Source algorithm recommends 0 but the part carries risk (lead time 91d, on-hand 0); protective stock proposed instead of zero.",rules-only,0.2.0-tcb,38242.94,False,False,False,False,False,False,True,False,False,False,True,True,False,False,False,True,HIGH PRECISION THETA DDR MOTOR,38242.94,91.0
500222587,0,0,0,Y,Maintain,"NO_RECENT_USAGE,ABANDONED_TOOL,IMPUTED_USAGE_FEATURES",Medium,0.65,No recent usage; abandoned tool; imputed usage features.,rules-only,0.2.0-tcb,0.0,False,False,False,False,False,False,True,True,False,False,False,False,False,False,False,True,"MODULE,BONDHEAD",73760.0,15.0
500222588,0,0,0,Y,Maintain,"NO_RECENT_USAGE,ABANDONED_TOOL,IMPUTED_USAGE_FEATURES",Medium,0.65,No recent usage; abandoned tool; imputed usage features.,rules-only,0.2.0-tcb,0.0,False,False,False,False,False,False,True,True,False,False,False,False,False,False,False,True,BH Z COLUMN ASSEMBLY,9611.1,25.0
500222589,0,0,0,Y,Maintain,"NO_RECENT_USAGE,ABANDONED_TOOL,IMPUTED_USAGE_FEATURES",Medium,0.65,No recent usage; abandoned tool; imputed usage features.,rules-only,0.2.0-tcb,0.0,False,False,False,False,False,False,True,True,False,False,False,False,False,False,False,True,U/D OPTICS MODULE (HVM),120519.0,25.0
500222590,1,1,0,Y,Increase,"NO_RECENT_USAGE,ZERO_RECOMMENDATION_OVERRIDE,AD_HOC_CONSUMPTION_RISK,IMPUTED_USAGE_FEATURES",Medium,0.65,"Source algorithm recommends 0 but the part carries risk (lead time 105d, on-hand 1); protective stock proposed instead of zero.",rules-only,0.2.0-tcb,1822.5,False,False,False,False,False,False,True,False,False,False,True,True,False,False,False,True,(CIE) CORE INERT ENVIRONMENT,1822.5,105.0
500222592,0,0,0,N,Maintain,"NO_RECENT_USAGE,ABANDONED_TOOL,IMPUTED_USAGE_FEATURES",Low,0.65,No recent usage; abandoned tool; imputed usage features.,rules-only,0.2.0-tcb,0.0,False,False,False,False,False,False,True,True,False,False,False,False,False,False,False,True,PLUG-IN REDUCER,5.4,25.0
500222593,0,0,0,N,Maintain,"NO_RECENT_USAGE,ABANDONED_TOOL,IMPUTED_USAGE_FEATURES",Low,0.65,No recent usage; abandoned tool; imputed usage features.,rules-only,0.2.0-tcb,0.0,False,False,False,False,False,False,True,True,False,False,False,False,False,False,False,True,PRECISION REGULATOR 10-IR1000-01,331.61,25.0
500222594,0,0,0,N,Maintain,"NO_RECENT_USAGE,ABANDONED_TOOL,IMPUTED_USAGE_FEATURES",Low,0.65,No recent usage; abandoned tool; imputed usage features.,rules-only,0.2.0-tcb,0.0,False,False,False,False,False,False,True,True,False,False,False,False,False,False,False,True,CAH SOL MOUNT,29.7,25.0
500222595,0,0,0,N,Maintain,"NO_RECENT_USAGE,ABANDONED_TOOL,IMPUTED_USAGE_FEATURES",Low,0.65,No recent usage; abandoned tool; imputed usage features.,rules-only,0.2.0-tcb,0.0,False,False,False,False,False,False,True,True,False,False,False,False,False,False,False,True,SPEED CONTROLLER 10-AS1201F-M5-04A,22.82,25.0
500222596,0,0,0,N,Maintain,"NO_RECENT_USAGE,ABANDONED_TOOL,IMPUTED_USAGE_FEATURES",Low,0.65,No recent usage; abandoned tool; imputed usage features.,rules-only,0.2.0-tcb,0.0,False,False,False,False,False,False,True,True,False,False,False,False,False,False,False,True,SOL PIN CONNENCTOR MOUNT (8EA),16.2,25.0
500222597,0,0,0,N,Maintain,"NO_RECENT_USAGE,IMPUTED_USAGE_FEATURES",Low,0.65,No recent usage; imputed usage features.,rules-only,0.2.0-tcb,0.0,False,False,False,False,False,False,True,False,False,False,False,False,False,False,False,True,CLEAN ONE-TOUCH CONNECTOR: KPQL06-01,8.01,25.0
500222598,0,0,0,N,Maintain,"NO_RECENT_USAGE,ABANDONED_TOOL,IMPUTED_USAGE_FEATURES",Low,0.65,No recent usage; abandoned tool; imputed usage features.,rules-only,0.2.0-tcb,0.0,False,False,False,False,False,False,True,True,False,False,False,False,False,False,False,True,PANEL MOUNT ADAPTER ZS-26-B,13.5,25.0
500222599,0,0,0,N,Maintain,"NO_RECENT_USAGE,ABANDONED_TOOL,IMPUTED_USAGE_FEATURES",Low,0.65,No recent usage; abandoned tool; imputed usage features.,rules-only,0.2.0-tcb,0.0,False,False,False,False,False,False,True,True,False,False,False,False,False,False,False,True,"PLUG R 1/8"" BSP",10.8,55.0
500222600,0,0,0,N,Maintain,"NO_RECENT_USAGE,ABANDONED_TOOL,IMPUTED_USAGE_FEATURES",Low,0.65,No recent usage; abandoned tool; imputed usage features.,rules-only,0.2.0-tcb,0.0,False,False,False,False,False,False,True,True,False,False,False,False,False,False,False,True,FLOW CTL D-VALVE AS1211F-M5-06,14.01,15.0
500222601,0,0,0,Y,Maintain,"NO_RECENT_USAGE,ABANDONED_TOOL,IMPUTED_USAGE_FEATURES",Medium,0.65,No recent usage; abandoned tool; imputed usage features.,rules-only,0.2.0-tcb,0.0,False,False,False,False,False,False,True,True,False,False,False,False,False,False,False,True,OXYGEN ANALYZER MODEL EC913,17395.2,25.0
500222602,0,0,0,Y,Maintain,"NO_RECENT_USAGE,ABANDONED_TOOL,IMPUTED_USAGE_FEATURES",Medium,0.65,No recent usage; abandoned tool; imputed usage features.,rules-only,0.2.0-tcb,0.0,False,False,False,False,False,False,True,True,False,False,False,False,False,False,False,True,OTZ ASSY RGT (HVM),12970.8,25.0
500222603,0,0,0,Y,Maintain,"NO_RECENT_USAGE,ABANDONED_TOOL,IMPUTED_USAGE_FEATURES",Medium,0.65,No recent usage; abandoned tool; imputed usage features.,rules-only,0.2.0-tcb,0.0,False,False,False,False,False,False,True,True,False,False,False,False,False,False,False,True,OTZ ASSY LFT (HVM),12662.1,25.0
500222604,0,0,0,Y,Maintain,"NO_RECENT_USAGE,ABANDONED_TOOL,IMPUTED_USAGE_FEATURES",Medium,0.65,No recent usage; abandoned tool; imputed usage features.,rules-only,0.2.0-tcb,0.0,False,False,False,False,False,False,True,True,False,False,False,False,False,False,False,True,"ENCODER,OT,RIGHT",2763.45,10.0
500222605,0,0,0,N,Maintain,"NO_RECENT_USAGE,IMPUTED_USAGE_FEATURES",Low,0.65,No recent usage; imputed usage features.,rules-only,0.2.0-tcb,0.0,False,False,False,False,False,False,True,False,False,False,False,False,False,False,False,True,OT-Z (LEFT) MOTOR CABLE ASSY,1333.66,15.0
500222606,1,1,0,Y,Maintain,"NO_RECENT_USAGE,ZERO_RECOMMENDATION_OVERRIDE,SFM_DISAGREEMENT",Medium,0.7,"Source algorithm recommends 0 but the part carries risk (lead time 15d, on-hand 1); protective stock proposed instead of zero. candidate source proposes 0 vs current 1.",rules-only,0.2.0-tcb,2763.45,False,False,False,False,False,False,True,False,False,False,True,False,False,True,False,False,"ENCODER,HVMOTX,U/D,OPTICS,X-TABLE",2763.45,15.0
500222607,0,0,0,N,Maintain,"NO_RECENT_USAGE,IMPUTED_USAGE_FEATURES",Low,0.65,No recent usage; imputed usage features.,rules-only,0.2.0-tcb,0.0,False,False,False,False,False,False,True,False,False,False,False,False,False,False,False,True,OT-Z (RIGHT) MOTOR CABLE ASSY,1121.4,25.0
500222608,0,0,0,N,Maintain,"NO_RECENT_USAGE,ABANDONED_TOOL,IMPUTED_USAGE_FEATURES",Low,0.65,No recent usage; abandoned tool; imputed usage features.,rules-only,0.2.0-tcb,0.0,False,False,False,False,False,False,True,True,False,False,False,False,False,False,False,True,FLAT ROUND AIR BEARING (D50),416.52,15.0
500222609,0,0,0,Y,Maintain,"NO_RECENT_USAGE,ABANDONED_TOOL,IMPUTED_USAGE_FEATURES",Medium,0.65,No recent usage; abandoned tool; imputed usage features.,rules-only,0.2.0-tcb,0.0,False,False,False,False,False,False,True,True,False,False,False,False,False,False,False,True,HVMOTY ENCODER ASSY,3178.36,25.0
500222610,0,0,0,N,Maintain,"NO_RECENT_USAGE,IMPUTED_USAGE_FEATURES",Low,0.65,No recent usage; imputed usage features.,rules-only,0.2.0-tcb,0.0,False,False,False,False,False,False,True,False,False,False,False,False,False,False,False,True,THERMOSTAT ASSY,20.82,25.0
500222613,0,0,0,N,Maintain,"NO_RECENT_USAGE,IMPUTED_USAGE_FEATURES",Low,0.65,No recent usage; imputed usage features.,rules-only,0.2.0-tcb,0.0,False,False,False,False,False,False,True,False,False,False,False,False,False,False,False,True,CAT5 USB 2.0 EXTENDER,1464.22,25.0
500222614,0,0,0,Y,Maintain,"NO_RECENT_USAGE,ABANDONED_TOOL,IMPUTED_USAGE_FEATURES",Medium,0.65,No recent usage; abandoned tool; imputed usage features.,rules-only,0.2.0-tcb,0.0,False,False,False,False,False,False,True,True,False,False,False,False,False,False,False,True,LITEC AAD2 HIGH POWER MODULE,1589.58,15.0
500222615,0,0,0,Y,Maintain,"NO_RECENT_USAGE,ABANDONED_TOOL,IMPUTED_USAGE_FEATURES",Medium,0.65,No recent usage; abandoned tool; imputed usage features.,rules-only,0.2.0-tcb,0.0,False,False,False,False,False,False,True,True,False,False,False,False,False,False,False,True,IZS31 SERIES BAR TYPE IONIZER,4808.7,15.0
500222616,1,1,0,Y,Increase,"NO_RECENT_USAGE,ZERO_RECOMMENDATION_OVERRIDE,AD_HOC_CONSUMPTION_RISK,IMPUTED_USAGE_FEATURES",Medium,0.65,"Source algorithm recommends 0 but the part carries risk (lead time 65d, on-hand 5); protective stock proposed instead of zero.",rules-only,0.2.0-tcb,2627.28,False,False,False,False,False,False,True,False,False,False,True,True,False,False,False,True,"MODULE,POWER,NDIII,CONTROL",2627.28,65.0
500222617,1,1,0,Y,Maintain,"NO_RECENT_USAGE,ZERO_RECOMMENDATION_OVERRIDE,SFM_DISAGREEMENT",Medium,0.7,"Source algorithm recommends 0 but the part carries risk (lead time 10d, on-hand 1); protective stock proposed instead of zero. candidate source proposes 0 vs current 1.",rules-only,0.2.0-tcb,1859.12,False,False,False,False,False,False,True,False,False,False,True,False,False,True,False,False,USB TO 16X RS232 CONVERTER,1859.12,10.0
500222618,0,0,0,Y,Maintain,"NO_RECENT_USAGE,ABANDONED_TOOL,IMPUTED_USAGE_FEATURES",Medium,0.65,No recent usage; abandoned tool; imputed usage features.,rules-only,0.2.0-tcb,0.0,False,False,False,False,False,False,True,True,False,False,False,False,False,False,False,True,TWIN ARCHERFISH DISPENSER (ELEC. VACUUM),7650.0,25.0
500222619,0,0,0,Y,Maintain,"NO_RECENT_USAGE,ABANDONED_TOOL,IMPUTED_USAGE_FEATURES",Medium,0.65,No recent usage; abandoned tool; imputed usage features.,rules-only,0.2.0-tcb,0.0,False,False,False,False,False,False,True,True,False,False,False,False,False,False,False,True,"MODULE,POWER,NUDRIVE-III,ND#2-1",1986.48,15.0
500222620,0,0,0,Y,Maintain,"NO_RECENT_USAGE,ABANDONED_TOOL,IMPUTED_USAGE_FEATURES",Medium,0.65,No recent usage; abandoned tool; imputed usage features.,rules-only,0.2.0-tcb,0.0,False,False,False,False,False,False,True,True,False,False,False,False,False,False,False,True,SMPS 600W UNIV 18V,2035.34,15.0
500222621,1,1,0,Y,Maintain,"NO_RECENT_USAGE,ZERO_RECOMMENDATION_OVERRIDE",Medium,0.9,"Source algorithm recommends 0 but the part carries risk (lead time 15d, on-hand 5); protective stock proposed instead of zero.",rules-only,0.2.0-tcb,1560.34,False,False,False,False,False,False,True,False,False,False,True,False,False,False,False,False,LITEC HIGH POWER MODULE_PH,1560.34,15.0
500222622,0,0,0,N,Maintain,"NO_RECENT_USAGE,ABANDONED_TOOL,IMPUTED_USAGE_FEATURES",Low,0.65,No recent usage; abandoned tool; imputed usage features.,rules-only,0.2.0-tcb,0.0,False,False,False,False,False,False,True,True,False,False,False,False,False,False,False,True,"SCREW,SHC,M2X6",1.35,25.0
500222623,1,1,0,Y,Maintain,ZERO_RECOMMENDATION_OVERRIDE,Medium,0.9,"Source algorithm recommends 0 but the part carries risk (lead time 15d, on-hand 0); protective stock proposed instead of zero.",rules-only,0.2.0-tcb,728.1,False,False,False,False,False,False,False,False,False,False,True,False,False,False,False,False,UPLOOKING RING LIGHT,728.1,15.0
500222624,1,1,0,Y,Increase,"NO_RECENT_USAGE,ZERO_RECOMMENDATION_OVERRIDE,AD_HOC_CONSUMPTION_RISK,IMPUTED_USAGE_FEATURES",Medium,0.65,"Source algorithm recommends 0 but the part carries risk (lead time 70d, on-hand 0); protective stock proposed instead of zero.",rules-only,0.2.0-tcb,1570.5,False,False,False,False,False,False,True,False,False,False,True,True,False,False,False,True,"LIGHT,RING,DOWNLOOKING,HVMOT,U/D",1570.5,70.0
500222625,0,0,0,N,Maintain,"NO_RECENT_USAGE,ABANDONED_TOOL,IMPUTED_USAGE_FEATURES",Low,0.65,No recent usage; abandoned tool; imputed usage features.,rules-only,0.2.0-tcb,0.0,False,False,False,False,False,False,True,True,False,False,False,False,False,False,False,True,COOLING BLOCK MOUNT (R),14.4,25.0
500222626,0,0,0,N,Maintain,"NO_RECENT_USAGE,ABANDONED_TOOL,IMPUTED_USAGE_FEATURES",Low,0.65,No recent usage; abandoned tool; imputed usage features.,rules-only,0.2.0-tcb,0.0,False,False,False,False,False,False,True,True,False,False,False,False,False,False,False,True,COOLING BLOCK MOUNT (L),14.4,25.0
500222627,0,0,0,N,Maintain,"NO_RECENT_USAGE,ABANDONED_TOOL,IMPUTED_USAGE_FEATURES",Low,0.65,No recent usage; abandoned tool; imputed usage features.,rules-only,0.2.0-tcb,0.0,False,False,False,False,False,False,True,True,False,False,False,False,False,False,False,True,RING LT FRONT MOUNT,207.9,25.0
500222628,0,0,0,N,Maintain,"NO_RECENT_USAGE,ABANDONED_TOOL,IMPUTED_USAGE_FEATURES",Low,0.65,No recent usage; abandoned tool; imputed usage features.,rules-only,0.2.0-tcb,0.0,False,False,False,False,False,False,True,True,False,False,False,False,False,False,False,True,RINGLIGHT COOL RTD CLAMP,18.9,25.0
500222629,0,0,0,N,Maintain,"NO_RECENT_USAGE,ABANDONED_TOOL,IMPUTED_USAGE_FEATURES",Low,0.65,No recent usage; abandoned tool; imputed usage features.,rules-only,0.2.0-tcb,0.0,False,False,False,False,False,False,True,True,False,False,False,False,False,False,False,True,HVMOT RING LT COOLING BLOCK,231.3,25.0
500222630,0,0,0,N,Maintain,"NO_RECENT_USAGE,ABANDONED_TOOL,IMPUTED_USAGE_FEATURES",Low,0.65,No recent usage; abandoned tool; imputed usage features.,rules-only,0.2.0-tcb,0.0,False,False,False,False,False,False,True,True,False,False,False,False,False,False,False,True,MOUNTING INSULATOR,26.1,25.0
500222631,0,0,0,N,Maintain,"NO_RECENT_USAGE,IMPUTED_USAGE_FEATURES",Low,0.65,No recent usage; imputed usage features.,rules-only,0.2.0-tcb,0.0,False,False,False,False,False,False,True,False,False,False,False,False,False,False,False,True,"SPRING,MAGNET,2.5N,HVM,CAP,SENSOR",47.25,15.0
500222632,0,0,0,N,Maintain,"NO_RECENT_USAGE,IMPUTED_USAGE_FEATURES",Low,0.65,No recent usage; imputed usage features.,rules-only,0.2.0-tcb,0.0,False,False,False,False,False,False,True,False,False,False,False,False,False,False,False,True,CA_2.2-CONTROLLER BOX ASSY,934.95,55.0
500222633,0,0,0,N,Maintain,"NO_RECENT_USAGE,IMPUTED_USAGE_FEATURES",Low,0.65,No recent usage; imputed usage features.,rules-only,0.2.0-tcb,0.0,False,False,False,False,False,False,True,False,False,False,False,False,False,False,False,True,"BOX,SWITCH,STEP,DRIVE",413.31,15.0
500222634,0,0,0,N,Maintain,"NO_RECENT_USAGE,ABANDONED_TOOL,IMPUTED_USAGE_FEATURES",Low,0.65,No recent usage; abandoned tool; imputed usage features.,rules-only,0.2.0-tcb,0.0,False,False,False,False,False,False,True,True,False,False,False,False,False,False,False,True,CM CHOKE AND DUMMY LOAD BOX,961.2,48.0
500222635,0,0,0,N,Maintain,"NO_RECENT_USAGE,IMPUTED_USAGE_FEATURES",Low,0.65,No recent usage; imputed usage features.,rules-only,0.2.0-tcb,0.0,False,False,False,False,False,False,True,False,False,False,False,False,False,False,False,True,POWER MONITOR ELEC. ASSY,171.41,25.0
500222636,1,1,0,Y,Increase,ZERO_RECOMMENDATION_OVERRIDE,Medium,0.8,"Source algorithm recommends 0 but the part carries risk (lead time 15d, on-hand 1); protective stock proposed instead of zero.",rules-only,0.2.0-tcb,434.94,False,False,False,False,False,False,False,False,False,False,True,False,False,False,False,False,"ESIO7,ES#2",434.94,15.0
500222637,0,0,0,N,Maintain,"NO_RECENT_USAGE,IMPUTED_USAGE_FEATURES",Low,0.65,No recent usage; imputed usage features.,rules-only,0.2.0-tcb,0.0,False,False,False,False,False,False,True,False,False,False,False,False,False,False,False,True,LAMP CONTROLLER BOX,134.56,25.0
500222638,0,0,0,N,Maintain,"NO_RECENT_USAGE,ABANDONED_TOOL,IMPUTED_USAGE_FEATURES",Low,0.65,No recent usage; abandoned tool; imputed usage features.,rules-only,0.2.0-tcb,0.0,False,False,False,False,False,False,True,True,False,False,False,False,False,False,False,True,"SUPPLY,POWER,600W,UNIV,26.8V,SMPS#6",968.4,15.0
500222639,0,0,0,N,Maintain,"NO_RECENT_USAGE,ABANDONED_TOOL,IMPUTED_USAGE_FEATURES",Low,0.65,No recent usage; abandoned tool; imputed usage features.,rules-only,0.2.0-tcb,0.0,False,False,False,False,False,False,True,True,False,False,False,False,False,False,False,True,"BOX,BD,HARDWARE,LOGIC,TRIGGER",140.97,15.0
500222641,0,0,0,N,Maintain,"NO_RECENT_USAGE,IMPUTED_USAGE_FEATURES",Low,0.65,No recent usage; imputed usage features.,rules-only,0.2.0-tcb,0.0,False,False,False,False,False,False,True,False,False,False,False,False,False,False,False,True,"LAMP,FLOURESCENT,LM-31,W-CABLE",125.35,45.0
500222642,0,0,0,N,Maintain,"NO_RECENT_USAGE,IMPUTED_USAGE_FEATURES",Low,0.65,No recent usage; imputed usage features.,rules-only,0.2.0-tcb,0.0,False,False,False,False,False,False,True,False,False,False,False,False,False,False,False,True,HEATED WAFER CHUCK COOLING(R),1470.63,25.0
500222643,0,0,0,N,Maintain,"NO_RECENT_USAGE,IMPUTED_USAGE_FEATURES",Low,0.65,No recent usage; imputed usage features.,rules-only,0.2.0-tcb,0.0,False,False,False,False,False,False,True,False,False,False,False,False,False,False,False,True,"MOTOR,LINEAR,MOVING,MAGNET,CAP,SENSE",237.09,10.0
500222644,0,0,0,Y,Maintain,"ABANDONED_TOOL,IMPUTED_USAGE_FEATURES",Medium,0.65,Abandoned tool; imputed usage features.,rules-only,0.2.0-tcb,0.0,False,False,False,False,False,False,False,True,False,False,False,False,False,False,False,True,"CABLE,ENCODER,CAP,SENSOR,MOTOR",3809.55,25.0
500222645,0,0,0,N,Maintain,"NO_RECENT_USAGE,IMPUTED_USAGE_FEATURES",Low,0.65,No recent usage; imputed usage features.,rules-only,0.2.0-tcb,0.0,False,False,False,False,False,False,True,False,False,False,False,False,False,False,False,True,(BS-R)CARRIAGE AB PRESS SNR(R),144.18,25.0
500222646,0,0,0,N,Maintain,"NO_RECENT_USAGE,IMPUTED_USAGE_FEATURES",Low,0.65,No recent usage; imputed usage features.,rules-only,0.2.0-tcb,0.0,False,False,False,False,False,False,True,False,False,False,False,False,False,False,False,True,(BS-L)CARRIAGE AB PRESS SNR(L),147.38,25.0
500222647,0,0,0,N,Maintain,"NO_RECENT_USAGE,IMPUTED_USAGE_FEATURES",Low,0.65,No recent usage; imputed usage features.,rules-only,0.2.0-tcb,0.0,False,False,False,False,False,False,True,False,False,False,False,False,False,False,False,True,(BS-L)BEAM AB PRESS SNR(L),147.38,25.0
500222648,0,0,0,N,Maintain,"NO_RECENT_USAGE,IMPUTED_USAGE_FEATURES",Low,0.65,No recent usage; imputed usage features.,rules-only,0.2.0-tcb,0.0,False,False,False,False,False,False,True,False,False,False,False,False,False,False,False,True,(BS-R)HEATED PEDESTAL VAC SNR,364.45,25.0
500222649,0,0,0,N,Maintain,"NO_RECENT_USAGE,ABANDONED_TOOL,IMPUTED_USAGE_FEATURES",Low,0.65,No recent usage; abandoned tool; imputed usage features.,rules-only,0.2.0-tcb,0.0,False,False,False,False,False,False,True,True,False,False,False,False,False,False,False,True,(BS-R)BEAM AB PRESS SNR(R),144.18,25.0
500222650,0,0,0,N,Maintain,"NO_RECENT_USAGE,IMPUTED_USAGE_FEATURES",Low,0.65,No recent usage; imputed usage features.,rules-only,0.2.0-tcb,0.0,False,False,False,False,False,False,True,False,False,False,False,False,False,False,False,True,(PHS-R)HEATED PEDESTAL VAC SNR,381.27,25.0
500222651,0,0,0,Y,Maintain,"NO_RECENT_USAGE,ABANDONED_TOOL,IMPUTED_USAGE_FEATURES",Medium,0.65,No recent usage; abandoned tool; imputed usage features.,rules-only,0.2.0-tcb,0.0,False,False,False,False,False,False,True,True,False,False,False,False,False,False,False,True,HEATED WAFER CHUCK COOLING(L),1688.4,25.0
500222652,0,0,0,N,Maintain,"NO_RECENT_USAGE,IMPUTED_USAGE_FEATURES",Low,0.65,No recent usage; imputed usage features.,rules-only,0.2.0-tcb,0.0,False,False,False,False,False,False,True,False,False,False,False,False,False,False,False,True,SMALL SIZE UPS RLY ASSY,86.5,25.0
500222655,0,0,0,N,Maintain,"NO_RECENT_USAGE,IMPUTED_USAGE_FEATURES",Low,0.65,No recent usage; imputed usage features.,rules-only,0.2.0-tcb,0.0,False,False,False,False,False,False,True,False,False,False,False,False,False,False,False,True,RED ILLUMINATED ROCKER SWITCH DPST,7.2,25.0
500222656,0,0,0,N,Maintain,"NO_RECENT_USAGE,IMPUTED_USAGE_FEATURES",Low,0.65,No recent usage; imputed usage features.,rules-only,0.2.0-tcb,0.0,False,False,False,False,False,False,True,False,False,False,False,False,False,False,False,True,IONIZER CONTROL RELAY BOARD,37.24,15.0
500222657,0,0,0,Y,Maintain,"NO_RECENT_USAGE,ABANDONED_TOOL,IMPUTED_USAGE_FEATURES",Medium,0.65,No recent usage; abandoned tool; imputed usage features.,rules-only,0.2.0-tcb,0.0,False,False,False,False,False,False,True,True,False,False,False,False,False,False,False,True,HVM CAP SENSOR ASSEMBLY,50623.2,25.0
500222658,0,0,0,N,Maintain,"NO_RECENT_USAGE,IMPUTED_USAGE_FEATURES",Low,0.65,No recent usage; imputed usage features.,rules-only,0.2.0-tcb,0.0,False,False,False,False,False,False,True,False,False,False,False,False,False,False,False,True,IONIZER CONTROL RELAY BOARD,24.03,15.0
500222659,0,0,0,N,Maintain,"NO_RECENT_USAGE,IMPUTED_USAGE_FEATURES",Low,0.65,No recent usage; imputed usage features.,rules-only,0.2.0-tcb,0.0,False,False,False,False,False,False,True,False,False,False,False,False,False,False,False,True,SWITCHING BOARD FOR HEATERS,24.03,25.0
500222663,0,0,0,N,Maintain,"NO_RECENT_USAGE,ABANDONED_TOOL,IMPUTED_USAGE_FEATURES",Low,0.65,No recent usage; abandoned tool; imputed usage features.,rules-only,0.2.0-tcb,0.0,False,False,False,False,False,False,True,True,False,False,False,False,False,False,False,True,"SOLENOID,OXYGEN,ANALYZER,BH",133.76,10.0
500222664,0,0,0,N,Maintain,"NO_RECENT_USAGE,ABANDONED_TOOL,IMPUTED_USAGE_FEATURES",Low,0.65,No recent usage; abandoned tool; imputed usage features.,rules-only,0.2.0-tcb,0.0,False,False,False,False,False,False,True,True,False,False,False,False,False,False,False,True,COMPRESS AIR INLET MANIFOLD,484.2,25.0
500222665,0,0,0,N,Maintain,"NO_RECENT_USAGE,IMPUTED_USAGE_FEATURES",Low,0.65,No recent usage; imputed usage features.,rules-only,0.2.0-tcb,0.0,False,False,False,False,False,False,True,False,False,False,False,False,False,False,False,True,AIR INLET PNEU ASSY,836.24,25.0
500222666,0,0,0,N,Maintain,"NO_RECENT_USAGE,ABANDONED_TOOL,IMPUTED_USAGE_FEATURES",Low,0.65,No recent usage; abandoned tool; imputed usage features.,rules-only,0.2.0-tcb,0.0,False,False,False,False,False,False,True,True,False,False,False,False,False,False,False,True,VAC LINE ZNLEF MANIFOLD,398.7,25.0
500222667,0,0,0,N,Maintain,"NO_RECENT_USAGE,ABANDONED_TOOL,IMPUTED_USAGE_FEATURES",Low,0.65,No recent usage; abandoned tool; imputed usage features.,rules-only,0.2.0-tcb,0.0,False,False,False,False,False,False,True,True,False,False,False,False,False,False,False,True,"PLUG R I/4"" BSP [17C3]",9.0,25.0
500222668,0,0,0,N,Maintain,"NO_RECENT_USAGE,IMPUTED_USAGE_FEATURES",Low,0.65,No recent usage; imputed usage features.,rules-only,0.2.0-tcb,0.0,False,False,False,False,False,False,True,False,False,False,False,False,False,False,False,True,(STA-L)COVER VACUUM SOL,133.76,25.0
500222669,0,0,0,N,Maintain,"NO_RECENT_USAGE,IMPUTED_USAGE_FEATURES",Low,0.65,No recent usage; imputed usage features.,rules-only,0.2.0-tcb,0.0,False,False,False,False,False,False,True,False,False,False,False,False,False,False,False,True,(STA-L)SUBSTRATE VACUUM SOL,133.76,25.0
500222670,0,0,0,N,Maintain,"NO_RECENT_USAGE,IMPUTED_USAGE_FEATURES",Low,0.65,No recent usage; imputed usage features.,rules-only,0.2.0-tcb,0.0,False,False,False,False,False,False,True,False,False,False,False,False,False,False,False,True,STA BLOW PNEU SOL(L),124.15,25.0
500222671,0,0,0,N,Maintain,"NO_RECENT_USAGE,ABANDONED_TOOL,IMPUTED_USAGE_FEATURES",Low,0.65,No recent usage; abandoned tool; imputed usage features.,rules-only,0.2.0-tcb,0.0,False,False,False,False,False,False,True,True,False,False,False,False,False,False,False,True,STA BLOW PNEU SOL(R),128.16,25.0
500222672,0,0,0,N,Maintain,"NO_RECENT_USAGE,IMPUTED_USAGE_FEATURES",Low,0.65,No recent usage; imputed usage features.,rules-only,0.2.0-tcb,0.0,False,False,False,False,False,False,True,False,False,False,False,False,False,False,False,True,STA COVER FLOW LEAKAGE DETECT SNR(L),326.0,25.0
500222673,0,0,0,N,Maintain,"NO_RECENT_USAGE,IMPUTED_USAGE_FEATURES",Low,0.65,No recent usage; imputed usage features.,rules-only,0.2.0-tcb,0.0,False,False,False,False,False,False,True,False,False,False,False,False,False,False,False,True,STA COVER FLOW LEAKAGE DETECT SNR(R),312.39,25.0
500222674,0,0,0,N,Maintain,"NO_RECENT_USAGE,IMPUTED_USAGE_FEATURES",Low,0.65,No recent usage; imputed usage features.,rules-only,0.2.0-tcb,0.0,False,False,False,False,False,False,True,False,False,False,False,False,False,False,False,True,STA STRIP FLOW LEAKAGE DETECT SNR(L),312.39,25.0
500222675,0,0,0,N,Maintain,"NO_RECENT_USAGE,IMPUTED_USAGE_FEATURES",Low,0.65,No recent usage; imputed usage features.,rules-only,0.2.0-tcb,0.0,False,False,False,False,False,False,True,False,False,False,False,False,False,False,False,True,STA STRIP FLOW LEAKAGE DETECT SNR(R),312.39,25.0
500222676,0,0,0,N,Maintain,"NO_RECENT_USAGE,ABANDONED_TOOL,IMPUTED_USAGE_FEATURES",Low,0.65,No recent usage; abandoned tool; imputed usage features.,rules-only,0.2.0-tcb,0.0,False,False,False,False,False,False,True,True,False,False,False,False,False,False,False,True,SOL MOUNT(R),31.5,25.0
500222677,0,0,0,N,Maintain,"NO_RECENT_USAGE,ABANDONED_TOOL,IMPUTED_USAGE_FEATURES",Low,0.65,No recent usage; abandoned tool; imputed usage features.,rules-only,0.2.0-tcb,0.0,False,False,False,False,False,False,True,True,False,False,False,False,False,False,False,True,POST VAC SOL MOUNT(L),63.0,25.0
500222678,0,0,0,N,Maintain,"NO_RECENT_USAGE,ABANDONED_TOOL,IMPUTED_USAGE_FEATURES",Low,0.65,No recent usage; abandoned tool; imputed usage features.,rules-only,0.2.0-tcb,0.0,False,False,False,False,False,False,True,True,False,False,False,False,False,False,False,True,STA BLOW/ION SOL MOUNT(LEFT),21.6,25.0
500222679,0,0,0,N,Maintain,"NO_RECENT_USAGE,ABANDONED_TOOL,IMPUTED_USAGE_FEATURES",Low,0.65,No recent usage; abandoned tool; imputed usage features.,rules-only,0.2.0-tcb,0.0,False,False,False,False,False,False,True,True,False,False,False,False,False,False,False,True,STA BLOW/ION SOL MOUNT(RIGHT),13.5,25.0
500222680,0,0,0,N,Maintain,"NO_RECENT_USAGE,IMPUTED_USAGE_FEATURES",Low,0.65,No recent usage; imputed usage features.,rules-only,0.2.0-tcb,0.0,False,False,False,False,False,False,True,False,False,False,False,False,False,False,False,True,FLOW CONTROL WITH FITTING M5X0.8,12.01,25.0
500222684,0,0,0,N,Maintain,"NO_RECENT_USAGE,IMPUTED_USAGE_FEATURES",Low,0.65,No recent usage; imputed usage features.,rules-only,0.2.0-tcb,0.0,False,False,False,False,False,False,True,False,False,False,False,False,False,False,False,True,REAR AIR IONIZER PNEU SOL(R),128.16,15.0
500222685,0,0,0,N,Maintain,"NO_RECENT_USAGE,ABANDONED_TOOL,IMPUTED_USAGE_FEATURES",Low,0.65,No recent usage; abandoned tool; imputed usage features.,rules-only,0.2.0-tcb,0.0,False,False,False,False,False,False,True,True,False,False,False,False,False,False,False,True,SOL PIN CONNENCTOR MOUNT(10EA),18.0,25.0
500222686,0,0,0,N,Maintain,"NO_RECENT_USAGE,ABANDONED_TOOL,IMPUTED_USAGE_FEATURES",Low,0.65,No recent usage; abandoned tool; imputed usage features.,rules-only,0.2.0-tcb,0.0,False,False,False,False,False,False,True,True,False,False,False,False,False,False,False,True,STA/POST VAC SOL MOUNT FIX PANEL,96.3,25.0
500222687,0,0,0,N,Maintain,"NO_RECENT_USAGE,IMPUTED_USAGE_FEATURES",Low,0.65,No recent usage; imputed usage features.,rules-only,0.2.0-tcb,0.0,False,False,False,False,False,False,True,False,False,False,False,False,False,False,False,True,POST HEAT STATION VAC SOL 1(L),161.0,15.0
500222688,0,0,0,N,Maintain,"NO_RECENT_USAGE,IMPUTED_USAGE_FEATURES",Low,0.65,No recent usage; imputed usage features.,rules-only,0.2.0-tcb,0.0,False,False,False,False,False,False,True,False,False,False,False,False,False,False,False,True,POST HEAT STATION VAC SOL 2(L),161.0,25.0
500222689,0,0,0,N,Maintain,"NO_RECENT_USAGE,IMPUTED_USAGE_FEATURES",Low,0.65,No recent usage; imputed usage features.,rules-only,0.2.0-tcb,0.0,False,False,False,False,False,False,True,False,False,False,False,False,False,False,False,True,REAR AIR IONIZER PNEU SOL(R),128.16,25.0
500222690,0,0,0,N,Maintain,"NO_RECENT_USAGE,ABANDONED_TOOL,IMPUTED_USAGE_FEATURES",Low,0.65,No recent usage; abandoned tool; imputed usage features.,rules-only,0.2.0-tcb,0.0,False,False,False,False,False,False,True,True,False,False,False,False,False,False,False,True,STA/POST VAC SOL MOUNT,127.8,25.0
500222691,0,0,0,N,Maintain,"NO_RECENT_USAGE,ABANDONED_TOOL,IMPUTED_USAGE_FEATURES",Low,0.65,No recent usage; abandoned tool; imputed usage features.,rules-only,0.2.0-tcb,0.0,False,False,False,False,False,False,True,True,False,False,False,False,False,False,False,True,SOC HD ATTACHING SCREW M4X12,9.0,25.0
500222692,0,0,0,N,Maintain,"NO_RECENT_USAGE,IMPUTED_USAGE_FEATURES",Low,0.65,No recent usage; imputed usage features.,rules-only,0.2.0-tcb,0.0,False,False,False,False,False,False,True,False,False,False,False,False,False,False,False,True,POST HEAT STATION VAC SOL 3(L),161.0,25.0
500222693,0,0,0,N,Maintain,"NO_RECENT_USAGE,IMPUTED_USAGE_FEATURES",Low,0.65,No recent usage; imputed usage features.,rules-only,0.2.0-tcb,0.0,False,False,False,False,False,False,True,False,False,False,False,False,False,False,False,True,(BS-L)HEATED PEDESTAL VAC SNR 4(L),169.81,25.0
500222694,0,0,0,N,Maintain,"NO_RECENT_USAGE,IMPUTED_USAGE_FEATURES",Low,0.65,No recent usage; imputed usage features.,rules-only,0.2.0-tcb,0.0,False,False,False,False,False,False,True,False,False,False,False,False,False,False,False,True,POST HEAT STATION VAC SOL 4(L),161.0,25.0
500222695,0,0,0,N,Maintain,"NO_RECENT_USAGE,IMPUTED_USAGE_FEATURES",Low,0.65,No recent usage; imputed usage features.,rules-only,0.2.0-tcb,0.0,False,False,False,False,False,False,True,False,False,False,False,False,False,False,False,True,(BS-L)HEATED PEDESTAL VAC SNR 3(L),169.81,15.0
500222696,0,0,0,N,Maintain,"NO_RECENT_USAGE,IMPUTED_USAGE_FEATURES",Low,0.65,No recent usage; imputed usage features.,rules-only,0.2.0-tcb,0.0,False,False,False,False,False,False,True,False,False,False,False,False,False,False,False,True,"SENSOR,VACUUM,HEATED,PED,BS-L,2,LEFT",169.81,15.0
500222697,0,0,0,N,Maintain,"NO_RECENT_USAGE,ABANDONED_TOOL,IMPUTED_USAGE_FEATURES",Low,0.65,No recent usage; abandoned tool; imputed usage features.,rules-only,0.2.0-tcb,0.0,False,False,False,False,False,False,True,True,False,False,False,False,False,False,False,True,CLEAN ONE-TOUCH CONNECTOR: KPQH10-02,16.2,25.0
500222698,1,1,0,Y,Increase,"NO_RECENT_USAGE,ZERO_RECOMMENDATION_OVERRIDE,AD_HOC_CONSUMPTION_RISK,IMPUTED_USAGE_FEATURES",Medium,0.65,"Source algorithm recommends 0 but the part carries risk (lead time 75d, on-hand 0); protective stock proposed instead of zero.",rules-only,0.2.0-tcb,9.9,False,False,False,False,False,False,True,False,False,False,True,True,False,False,False,True,CLEAN ONE-TOUCH CONNECTOR: KPQL06-02,9.9,75.0
500222699,0,0,0,N,Maintain,"NO_RECENT_USAGE,ABANDONED_TOOL,IMPUTED_USAGE_FEATURES",Low,0.65,No recent usage; abandoned tool; imputed usage features.,rules-only,0.2.0-tcb,0.0,False,False,False,False,False,False,True,True,False,False,False,False,False,False,False,True,MALE ELBOW,7.2,15.0
500222700,0,0,0,N,Maintain,"NO_RECENT_USAGE,ABANDONED_TOOL,IMPUTED_USAGE_FEATURES",Low,0.65,No recent usage; abandoned tool; imputed usage features.,rules-only,0.2.0-tcb,0.0,False,False,False,False,False,False,True,True,False,False,False,False,False,False,False,True,PLUG-IN REDUCER,4.5,25.0
500222701,0,0,0,N,Maintain,"NO_RECENT_USAGE,ABANDONED_TOOL,IMPUTED_USAGE_FEATURES",Low,0.65,No recent usage; abandoned tool; imputed usage features.,rules-only,0.2.0-tcb,0.0,False,False,False,False,False,False,True,True,False,False,False,False,False,False,False,True,2-2 SELECTOR M-VALVE VHK2-08F-08F,22.5,25.0
500222702,0,0,0,N,Maintain,"NO_RECENT_USAGE,IMPUTED_USAGE_FEATURES",Low,0.65,No recent usage; imputed usage features.,rules-only,0.2.0-tcb,0.0,False,False,False,False,False,False,True,False,False,False,False,False,False,False,False,True,(PHS-L)HEATED PEDESTAL VAC SNR 1(L),169.81,25.0
500222703,0,0,0,N,Maintain,"NO_RECENT_USAGE,ABANDONED_TOOL,IMPUTED_USAGE_FEATURES",Low,0.65,No recent usage; abandoned tool; imputed usage features.,rules-only,0.2.0-tcb,0.0,False,False,False,False,False,False,True,True,False,False,False,False,False,False,False,True,"UNIT,AIR,SERVICE,AC40C-03",494.21,25.0
500222704,0,0,0,N,Maintain,"NO_RECENT_USAGE,ABANDONED_TOOL,IMPUTED_USAGE_FEATURES",Low,0.65,No recent usage; abandoned tool; imputed usage features.,rules-only,0.2.0-tcb,0.0,False,False,False,False,False,False,True,True,False,False,False,False,False,False,False,True,SILENCER AN20-02,10.8,25.0
500222705,0,0,0,N,Maintain,"NO_RECENT_USAGE,IMPUTED_USAGE_FEATURES",Low,0.65,No recent usage; imputed usage features.,rules-only,0.2.0-tcb,0.0,False,False,False,False,False,False,True,False,False,False,False,False,False,False,False,True,SLIDE RAIL KC-252-12,36.04,25.0
500222706,0,0,0,N,Maintain,"NO_RECENT_USAGE,ABANDONED_TOOL,IMPUTED_USAGE_FEATURES",Low,0.65,No recent usage; abandoned tool; imputed usage features.,rules-only,0.2.0-tcb,0.0,False,False,False,False,False,False,True,True,False,False,False,False,False,False,False,True,EXH ONOFF FIX MOUNT,13.5,25.0
500222707,0,0,0,N,Maintain,"NO_RECENT_USAGE,ABANDONED_TOOL,IMPUTED_USAGE_FEATURES",Low,0.65,No recent usage; abandoned tool; imputed usage features.,rules-only,0.2.0-tcb,0.0,False,False,False,False,False,False,True,True,False,False,False,False,False,False,False,True,MALE ELBOW KQ2L10-03AS,14.4,25.0
500222708,0,0,0,N,Maintain,"NO_RECENT_USAGE,ABANDONED_TOOL,IMPUTED_USAGE_FEATURES",Low,0.65,No recent usage; abandoned tool; imputed usage features.,rules-only,0.2.0-tcb,0.0,False,False,False,False,False,False,True,True,False,False,False,False,False,False,False,True,TOOL-OPEARTED STYLE X-5675,18.9,25.0
500222709,0,0,0,N,Maintain,"NO_RECENT_USAGE,ABANDONED_TOOL,IMPUTED_USAGE_FEATURES",Low,0.65,No recent usage; abandoned tool; imputed usage features.,rules-only,0.2.0-tcb,0.0,False,False,False,False,False,False,True,True,False,False,False,False,False,False,False,True,AIR SUPPLY SERVICE UNIT PNEU FIX FRAME,140.4,25.0
500222710,0,0,0,N,Maintain,"NO_RECENT_USAGE,ABANDONED_TOOL,IMPUTED_USAGE_FEATURES",Low,0.65,No recent usage; abandoned tool; imputed usage features.,rules-only,0.2.0-tcb,0.0,False,False,False,False,False,False,True,True,False,False,False,False,False,False,False,True,AIR SUPPLY SERVICE UNIT PNEU FIX MOUNT,153.0,25.0
500222711,0,0,0,N,Maintain,"NO_RECENT_USAGE,ABANDONED_TOOL,IMPUTED_USAGE_FEATURES",Low,0.65,No recent usage; abandoned tool; imputed usage features.,rules-only,0.2.0-tcb,0.0,False,False,False,False,False,False,True,True,False,False,False,False,False,False,False,True,MAGNETIC CATCH FIX MOUNT,16.2,25.0
500222712,0,0,0,N,Maintain,"NO_RECENT_USAGE,ABANDONED_TOOL,IMPUTED_USAGE_FEATURES",Low,0.65,No recent usage; abandoned tool; imputed usage features.,rules-only,0.2.0-tcb,0.0,False,False,False,False,False,False,True,True,False,False,False,False,False,False,False,True,AIR SUPPLY SERVICE UNIT PNEU PANEL,50.4,25.0
500222713,0,0,0,N,Maintain,"NO_RECENT_USAGE,ABANDONED_TOOL,IMPUTED_USAGE_FEATURES",Low,0.65,No recent usage; abandoned tool; imputed usage features.,rules-only,0.2.0-tcb,0.0,False,False,False,False,False,False,True,True,False,False,False,False,False,False,False,True,AIR FILTER FIX MOUNT-2,43.2,25.0
500222714,0,0,0,N,Maintain,"NO_RECENT_USAGE,ABANDONED_TOOL,IMPUTED_USAGE_FEATURES",Low,0.65,No recent usage; abandoned tool; imputed usage features.,rules-only,0.2.0-tcb,0.0,False,False,False,False,False,False,True,True,False,False,False,False,False,False,False,True,AIR BOX E-CHAIN FIX MOUNT-1,43.2,25.0
500222715,0,0,0,N,Maintain,"NO_RECENT_USAGE,ABANDONED_TOOL,IMPUTED_USAGE_FEATURES",Low,0.65,No recent usage; abandoned tool; imputed usage features.,rules-only,0.2.0-tcb,0.0,False,False,False,False,False,False,True,True,False,False,False,False,False,False,False,True,AIR BEARING FILTER EXHAUST ON/OFF MOUNT,21.6,25.0
500222716,0,0,0,N,Maintain,"NO_RECENT_USAGE,ABANDONED_TOOL,IMPUTED_USAGE_FEATURES",Low,0.65,No recent usage; abandoned tool; imputed usage features.,rules-only,0.2.0-tcb,0.0,False,False,False,False,False,False,True,True,False,False,False,False,False,False,False,True,AIR FILTER FIX MOUNT-1,25.2,25.0
500222717,0,0,0,N,Maintain,"NO_RECENT_USAGE,ABANDONED_TOOL,IMPUTED_USAGE_FEATURES",Low,0.65,No recent usage; abandoned tool; imputed usage features.,rules-only,0.2.0-tcb,0.0,False,False,False,False,False,False,True,True,False,False,False,False,False,False,False,True,PNEU BOX LOWER SLIDE RALL FIX MOUNT-1,55.8,25.0
500222718,0,0,0,N,Maintain,"NO_RECENT_USAGE,ABANDONED_TOOL,IMPUTED_USAGE_FEATURES",Low,0.65,No recent usage; abandoned tool; imputed usage features.,rules-only,0.2.0-tcb,0.0,False,False,False,False,False,False,True,True,False,False,False,False,False,False,False,True,PNEU BOX LOWER SLIDE RALL FIX MOUNT-2,45.9,25.0
500222719,0,0,0,N,Maintain,"NO_RECENT_USAGE,ABANDONED_TOOL,IMPUTED_USAGE_FEATURES",Low,0.65,No recent usage; abandoned tool; imputed usage features.,rules-only,0.2.0-tcb,0.0,False,False,False,False,False,False,True,True,False,False,False,False,False,False,False,True,AIR SUPPLY PNEU DOOR PANEL,271.8,25.0
500222720,0,0,0,N,Maintain,"NO_RECENT_USAGE,ABANDONED_TOOL,IMPUTED_USAGE_FEATURES",Low,0.65,No recent usage; abandoned tool; imputed usage features.,rules-only,0.2.0-tcb,0.0,False,False,False,False,False,False,True,True,False,False,False,False,False,False,False,True,PNEU BOX LOCK MOUNT,13.5,25.0
500222721,0,0,0,N,Maintain,"NO_RECENT_USAGE,ABANDONED_TOOL,IMPUTED_USAGE_FEATURES",Low,0.65,No recent usage; abandoned tool; imputed usage features.,rules-only,0.2.0-tcb,0.0,False,False,False,False,False,False,True,True,False,False,False,False,False,False,False,True,AIR BEARING FLOWMETER MOUNT,31.5,25.0
500222722,0,0,0,N,Maintain,"NO_RECENT_USAGE,ABANDONED_TOOL,IMPUTED_USAGE_FEATURES",Low,0.65,No recent usage; abandoned tool; imputed usage features.,rules-only,0.2.0-tcb,0.0,False,False,False,False,False,False,True,True,False,False,False,False,False,False,False,True,PNEU TUBE FIX MOUNT,47.7,25.0
500222723,0,0,0,N,Maintain,"NO_RECENT_USAGE,ABANDONED_TOOL,IMPUTED_USAGE_FEATURES",Low,0.65,No recent usage; abandoned tool; imputed usage features.,rules-only,0.2.0-tcb,0.0,False,False,False,False,False,False,True,True,False,False,False,False,False,False,False,True,PREVENT WATER LEAK BOX-1,32.4,25.0
500222724,0,0,0,N,Maintain,"NO_RECENT_USAGE,ABANDONED_TOOL,IMPUTED_USAGE_FEATURES",Low,0.65,No recent usage; abandoned tool; imputed usage features.,rules-only,0.2.0-tcb,0.0,False,False,False,False,False,False,True,True,False,False,False,False,False,False,False,True,PREVENT WATER LEAK BOX FIX MOUNT,12.6,25.0
500222725,0,0,0,N,Maintain,"NO_RECENT_USAGE,ABANDONED_TOOL,IMPUTED_USAGE_FEATURES",Low,0.65,No recent usage; abandoned tool; imputed usage features.,rules-only,0.2.0-tcb,0.0,False,False,False,False,False,False,True,True,False,False,False,False,False,False,False,True,2 PIN 0.165 INCH PLUG MOUNT,13.5,25.0
500222726,0,0,0,N,Maintain,"NO_RECENT_USAGE,ABANDONED_TOOL,IMPUTED_USAGE_FEATURES",Low,0.65,No recent usage; abandoned tool; imputed usage features.,rules-only,0.2.0-tcb,0.0,False,False,False,False,False,False,True,True,False,False,False,False,False,False,False,True,PREVENT WATER LEAK BOX-2,29.7,25.0
500222727,0,0,0,N,Maintain,"NO_RECENT_USAGE,ABANDONED_TOOL,IMPUTED_USAGE_FEATURES",Low,0.65,No recent usage; abandoned tool; imputed usage features.,rules-only,0.2.0-tcb,0.0,False,False,False,False,False,False,True,True,False,False,False,False,False,False,False,True,PNEU BOX UPPER SLIDE RALL FIX MOUNT,69.3,25.0
500222728,0,0,0,N,Maintain,"NO_RECENT_USAGE,ABANDONED_TOOL,IMPUTED_USAGE_FEATURES",Low,0.65,No recent usage; abandoned tool; imputed usage features.,rules-only,0.2.0-tcb,0.0,False,False,False,False,False,False,True,True,False,False,False,False,False,False,False,True,AIR SUPPLY PNEU BOX MAIN SUPPORT PANEL,458.1,25.0
500222729,0,0,0,N,Maintain,"NO_RECENT_USAGE,ABANDONED_TOOL,IMPUTED_USAGE_FEATURES",Low,0.65,No recent usage; abandoned tool; imputed usage features.,rules-only,0.2.0-tcb,0.0,False,False,False,False,False,False,True,True,False,False,False,False,False,False,False,True,AIR/N2 SUPPLY SWITCH SOL MOUNT,29.7,25.0
500222730,0,0,0,N,Maintain,"NO_RECENT_USAGE,ABANDONED_TOOL,IMPUTED_USAGE_FEATURES",Low,0.65,No recent usage; abandoned tool; imputed usage features.,rules-only,0.2.0-tcb,0.0,False,False,False,False,False,False,True,True,False,False,False,False,False,False,False,True,AIR SUPPLY PNEU DOOR SUPPORT MOUNT,27.0,25.0
500222731,0,0,0,N,Maintain,"NO_RECENT_USAGE,ABANDONED_TOOL,IMPUTED_USAGE_FEATURES",Low,0.65,No recent usage; abandoned tool; imputed usage features.,rules-only,0.2.0-tcb,0.0,False,False,False,False,False,False,True,True,False,False,False,False,False,False,False,True,AIR SUPPLY PNEU BOX COVER,1269.0,25.0
500222732,0,0,0,N,Maintain,"NO_RECENT_USAGE,ABANDONED_TOOL,IMPUTED_USAGE_FEATURES",Low,0.65,No recent usage; abandoned tool; imputed usage features.,rules-only,0.2.0-tcb,0.0,False,False,False,False,False,False,True,True,False,False,False,False,False,False,False,True,PREVENT WATER LEAK BOX FIX MOUNT-2,13.5,25.0
500222733,0,0,0,N,Maintain,"NO_RECENT_USAGE,ABANDONED_TOOL,IMPUTED_USAGE_FEATURES",Low,0.65,No recent usage; abandoned tool; imputed usage features.,rules-only,0.2.0-tcb,0.0,False,False,False,False,False,False,True,True,False,False,False,False,False,False,False,True,MAGNETIC CATCH,32.4,25.0
500222734,0,0,0,N,Maintain,"NO_RECENT_USAGE,IMPUTED_USAGE_FEATURES",Low,0.65,No recent usage; imputed usage features.,rules-only,0.2.0-tcb,0.0,False,False,False,False,False,False,True,False,False,False,False,False,False,False,False,True,(PENU)AIR SUPPLY I SWITCH,297.97,25.0
500222735,0,0,0,N,Maintain,"NO_RECENT_USAGE,IMPUTED_USAGE_FEATURES",Low,0.65,No recent usage; imputed usage features.,rules-only,0.2.0-tcb,0.0,False,False,False,False,False,False,True,False,False,False,False,False,False,False,False,True,(PENU)AIR SUPPLY III SWITCH,297.97,25.0
500222736,0,0,0,N,Maintain,"NO_RECENT_USAGE,IMPUTED_USAGE_FEATURES",Low,0.65,No recent usage; imputed usage features.,rules-only,0.2.0-tcb,0.0,False,False,False,False,False,False,True,False,False,False,False,False,False,False,False,True,(PENU)AIR SUPPLY II SWITCH,297.97,25.0
500222737,0,0,0,N,Maintain,"NO_RECENT_USAGE,IMPUTED_USAGE_FEATURES",Low,0.65,No recent usage; imputed usage features.,rules-only,0.2.0-tcb,0.0,False,False,False,False,False,False,True,False,False,False,False,False,False,False,False,True,(PENU)N2 SUPPLY SWITCH,297.97,25.0
500222738,0,0,0,N,Maintain,"NO_RECENT_USAGE,IMPUTED_USAGE_FEATURES",Low,0.65,No recent usage; imputed usage features.,rules-only,0.2.0-tcb,0.0,False,False,False,False,False,False,True,False,False,False,False,False,False,False,False,True,(PENU)N2 SUPPLY SWITCH 2,297.97,25.0
500222739,0,0,0,N,Maintain,"NO_RECENT_USAGE,ABANDONED_TOOL,IMPUTED_USAGE_FEATURES",Low,0.65,No recent usage; abandoned tool; imputed usage features.,rules-only,0.2.0-tcb,0.0,False,False,False,False,False,False,True,True,False,False,False,False,False,False,False,True,CLEAN ONE-TOUCH CONNECTOR: KPQL10-02,13.5,55.0
500222740,0,0,0,N,Maintain,"NO_RECENT_USAGE,ABANDONED_TOOL,IMPUTED_USAGE_FEATURES",Low,0.65,No recent usage; abandoned tool; imputed usage features.,rules-only,0.2.0-tcb,0.0,False,False,False,False,False,False,True,True,False,False,False,False,False,False,False,True,FEMALE ELBOW FITTING KQ2LF10-02A,9.61,25.0
500222741,4,3,0,Y,Increase,"LOW_COST_RECURRING_USAGE,ZERO_RECOMMENDATION_OVERRIDE,SFM_DISAGREEMENT",Medium,0.8,"Source algorithm recommends 0 but the part carries risk (lead time 25d, on-hand 5); protective stock proposed instead of zero. candidate source proposes 1 vs current 0.",rules-only,0.2.0-tcb,39.6,False,False,True,False,False,False,False,False,False,False,True,False,False,True,False,False,SILENCER U-1/4,9.9,25.0
500222742,0,0,0,N,Maintain,"NO_RECENT_USAGE,ABANDONED_TOOL,IMPUTED_USAGE_FEATURES",Low,0.65,No recent usage; abandoned tool; imputed usage features.,rules-only,0.2.0-tcb,0.0,False,False,False,False,False,False,True,True,False,False,False,False,False,False,False,True,"(CV) PANEL, ON/OFF VALVE MOUNT",12.6,25.0
500222743,0,0,0,N,Maintain,"NO_RECENT_USAGE,ABANDONED_TOOL,IMPUTED_USAGE_FEATURES",Low,0.65,No recent usage; abandoned tool; imputed usage features.,rules-only,0.2.0-tcb,0.0,False,False,False,False,False,False,True,True,False,False,False,False,False,False,False,True,2-WAY PARALLEL CONNECTOR,9.9,25.0
500222744,0,0,0,N,Maintain,"NO_RECENT_USAGE,ABANDONED_TOOL,IMPUTED_USAGE_FEATURES",Low,0.65,No recent usage; abandoned tool; imputed usage features.,rules-only,0.2.0-tcb,0.0,False,False,False,False,False,False,True,True,False,False,False,False,False,False,False,True,CLEAN ONE-TOUCH CONNECTOR: KPQL08-02,12.6,25.0
500222745,0,0,0,N,Maintain,"NO_RECENT_USAGE,IMPUTED_USAGE_FEATURES",Low,0.65,No recent usage; imputed usage features.,rules-only,0.2.0-tcb,0.0,False,False,False,False,False,False,True,False,False,False,False,False,False,False,False,True,SMC MIST SEPARATOR AFM20-02-2-A,66.48,25.0
500222746,0,0,0,N,Maintain,"NO_RECENT_USAGE,IMPUTED_USAGE_FEATURES",Low,0.65,No recent usage; imputed usage features.,rules-only,0.2.0-tcb,0.0,False,False,False,False,False,False,True,False,False,False,False,False,False,False,False,True,AIR DRYER IDG5-02-S,829.03,25.0
500222747,1,1,0,Y,Increase,"NO_RECENT_USAGE,ZERO_RECOMMENDATION_OVERRIDE,AD_HOC_CONSUMPTION_RISK,IMPUTED_USAGE_FEATURES",Medium,0.65,"Source algorithm recommends 0 but the part carries risk (lead time 90d, on-hand 0); protective stock proposed instead of zero.",rules-only,0.2.0-tcb,10.8,False,False,False,False,False,False,True,False,False,False,True,True,False,False,False,True,SMC SPACER WITH BRACKET,10.8,90.0
500222749,0,0,0,N,Maintain,"NO_RECENT_USAGE,IMPUTED_USAGE_FEATURES",Low,0.65,No recent usage; imputed usage features.,rules-only,0.2.0-tcb,0.0,False,False,False,False,False,False,True,False,False,False,False,False,False,False,False,True,MIST SEPARATOR,60.47,25.0
500222750,0,0,0,N,Maintain,"NO_RECENT_USAGE,ABANDONED_TOOL,IMPUTED_USAGE_FEATURES",Low,0.65,No recent usage; abandoned tool; imputed usage features.,rules-only,0.2.0-tcb,0.0,False,False,False,False,False,False,True,True,False,False,False,False,False,False,False,True,AIR TANK SIDE COVER,54.0,25.0
500222751,0,0,0,N,Maintain,"NO_RECENT_USAGE,ABANDONED_TOOL,IMPUTED_USAGE_FEATURES",Low,0.65,No recent usage; abandoned tool; imputed usage features.,rules-only,0.2.0-tcb,0.0,False,False,False,False,False,False,True,True,False,False,False,False,False,False,False,True,AIR TANK INLET PANEL,30.6,25.0
500222752,0,0,0,N,Maintain,"NO_RECENT_USAGE,ABANDONED_TOOL,IMPUTED_USAGE_FEATURES",Low,0.65,No recent usage; abandoned tool; imputed usage features.,rules-only,0.2.0-tcb,0.0,False,False,False,False,False,False,True,True,False,False,False,False,False,False,False,True,AIR TANK OUTPUT PANEL,36.9,25.0
500222753,0,0,0,N,Maintain,"NO_RECENT_USAGE,ABANDONED_TOOL,IMPUTED_USAGE_FEATURES",Low,0.65,No recent usage; abandoned tool; imputed usage features.,rules-only,0.2.0-tcb,0.0,False,False,False,False,False,False,True,True,False,False,False,False,False,False,False,True,MID COVER,1126.8,25.0
500222754,0,0,0,N,Maintain,"NO_RECENT_USAGE,IMPUTED_USAGE_FEATURES",Low,0.65,No recent usage; imputed usage features.,rules-only,0.2.0-tcb,0.0,False,False,False,False,False,False,True,False,False,False,False,False,False,False,False,True,STA FOR COVER/STRIP VAC SNR,382.87,38.0
500222755,0,0,0,N,Maintain,"NO_RECENT_USAGE,ABANDONED_TOOL,IMPUTED_USAGE_FEATURES",Low,0.65,No recent usage; abandoned tool; imputed usage features.,rules-only,0.2.0-tcb,0.0,False,False,False,False,False,False,True,True,False,False,False,False,False,False,False,True,BASE PLATE,460.8,25.0
500222756,0,0,0,N,Maintain,"NO_RECENT_USAGE,ABANDONED_TOOL,IMPUTED_USAGE_FEATURES",Low,0.65,No recent usage; abandoned tool; imputed usage features.,rules-only,0.2.0-tcb,0.0,False,False,False,False,False,False,True,True,False,False,False,False,False,False,False,True,AIR TANK VBAT10A1,650.7,25.0
500222757,0,0,0,N,Maintain,"NO_RECENT_USAGE,ABANDONED_TOOL,IMPUTED_USAGE_FEATURES",Low,0.65,No recent usage; abandoned tool; imputed usage features.,rules-only,0.2.0-tcb,0.0,False,False,False,False,False,False,True,True,False,False,False,False,False,False,False,True,(BS-L)HEATED PEDESTAL VAC SNR,428.4,25.0
500222758,0,0,0,N,Maintain,"NO_RECENT_USAGE,ABANDONED_TOOL,IMPUTED_USAGE_FEATURES",Low,0.65,No recent usage; abandoned tool; imputed usage features.,rules-only,0.2.0-tcb,0.0,False,False,False,False,False,False,True,True,False,False,False,False,False,False,False,True,(PHS-L)HEATED PEDESTAL VAC SNR,428.4,25.0
500222759,0,0,0,N,Maintain,"NO_RECENT_USAGE,IMPUTED_USAGE_FEATURES",Low,0.65,No recent usage; imputed usage features.,rules-only,0.2.0-tcb,0.0,False,False,False,False,False,False,True,False,False,False,False,False,False,False,False,True,STA FLOW LEAKAGE DETECTION SWITCH,1070.93,25.0
500222760,0,0,0,N,Maintain,"NO_RECENT_USAGE,ABANDONED_TOOL,IMPUTED_USAGE_FEATURES",Low,0.65,No recent usage; abandoned tool; imputed usage features.,rules-only,0.2.0-tcb,0.0,False,False,False,False,False,False,True,True,False,False,False,False,False,False,False,True,"SOLENOID,VACUUM,CLEAN,STATION,BS-L,LEFT",131.36,15.0
500222761,0,0,0,N,Maintain,"NO_RECENT_USAGE,ABANDONED_TOOL,IMPUTED_USAGE_FEATURES",Low,0.65,No recent usage; abandoned tool; imputed usage features.,rules-only,0.2.0-tcb,0.0,False,False,False,False,False,False,True,True,False,False,False,False,False,False,False,True,"SOLENOID,VACUUM,CLEAN,STATION,BS-R,RIGHT",131.36,15.0
500222762,2,1,0,Y,Increase,"ZERO_RECOMMENDATION_OVERRIDE,IMPUTED_USAGE_FEATURES",Medium,0.75,"Source algorithm recommends 0 but the part carries risk (lead time 15d, on-hand 0); protective stock proposed instead of zero.",rules-only,0.2.0-tcb,262.72,False,False,False,False,False,False,False,False,False,False,True,False,False,False,False,True,"SOLENOID,VACUUM,HT,PEDESTAL,BS-L,1,LEFT",131.36,15.0
500222763,0,0,0,N,Maintain,"NO_RECENT_USAGE,ABANDONED_TOOL,IMPUTED_USAGE_FEATURES",Low,0.65,No recent usage; abandoned tool; imputed usage features.,rules-only,0.2.0-tcb,0.0,False,False,False,False,False,False,True,True,False,False,False,False,False,False,False,True,"SOLENOID,VACUUM,HT,PEDESTAL,BS-L,2,LEFT",131.36,15.0
500222764,0,0,0,N,Maintain,"NO_RECENT_USAGE,ABANDONED_TOOL,IMPUTED_USAGE_FEATURES",Low,0.65,No recent usage; abandoned tool; imputed usage features.,rules-only,0.2.0-tcb,0.0,False,False,False,False,False,False,True,True,False,False,False,False,False,False,False,True,"SOLENOID,VACUUM,HT,PEDESTAL,BS-L,3,LEFT",131.36,15.0
500222765,0,0,0,N,Maintain,"NO_RECENT_USAGE,IMPUTED_USAGE_FEATURES",Low,0.65,No recent usage; imputed usage features.,rules-only,0.2.0-tcb,0.0,False,False,False,False,False,False,True,False,False,False,False,False,False,False,False,True,"SOLENOID,VACUUM,HT,PEDESTAL,BS-R,1,RIGHT",131.36,15.0
500222766,0,0,0,N,Maintain,"NO_RECENT_USAGE,IMPUTED_USAGE_FEATURES",Low,0.65,No recent usage; imputed usage features.,rules-only,0.2.0-tcb,0.0,False,False,False,False,False,False,True,False,False,False,False,False,False,False,False,True,"SOLENOID,VACUUM,HT,PEDESTAL,BS-R,2,RIGHT",131.36,15.0
500222767,0,0,0,N,Maintain,"NO_RECENT_USAGE,IMPUTED_USAGE_FEATURES",Low,0.65,No recent usage; imputed usage features.,rules-only,0.2.0-tcb,0.0,False,False,False,False,False,False,True,False,False,False,False,False,False,False,False,True,"SOLENOID,VACUUM,HT,PEDESTAL,BS-L,4,LEFT",131.36,15.0
500222768,0,0,0,N,Maintain,"NO_RECENT_USAGE,ABANDONED_TOOL,IMPUTED_USAGE_FEATURES",Low,0.65,No recent usage; abandoned tool; imputed usage features.,rules-only,0.2.0-tcb,0.0,False,False,False,False,False,False,True,True,False,False,False,False,False,False,False,True,(BS-R)HT PEDESTAL VAC SOL 4(R),131.36,15.0
500222769,0,0,0,N,Maintain,"NO_RECENT_USAGE,IMPUTED_USAGE_FEATURES",Low,0.65,No recent usage; imputed usage features.,rules-only,0.2.0-tcb,0.0,False,False,False,False,False,False,True,False,False,False,False,False,False,False,False,True,HETED PEDESTAL VAC DISPLAY(R),382.87,25.0
500222770,0,0,0,N,Maintain,"NO_RECENT_USAGE,IMPUTED_USAGE_FEATURES",Low,0.65,No recent usage; imputed usage features.,rules-only,0.2.0-tcb,0.0,False,False,False,False,False,False,True,False,False,False,False,False,False,False,False,True,"SOLENOID,VACUUM,HT,PEDESTAL,BS-R,3,RIGHT",131.36,15.0
500222771,0,0,0,N,Maintain,"NO_RECENT_USAGE,ABANDONED_TOOL,IMPUTED_USAGE_FEATURES",Low,0.65,No recent usage; abandoned tool; imputed usage features.,rules-only,0.2.0-tcb,0.0,False,False,False,False,False,False,True,True,False,False,False,False,False,False,False,True,BH WEAK BLOW REGULATOR(ELEC),1049.31,25.0
500222772,0,0,0,N,Maintain,"NO_RECENT_USAGE,IMPUTED_USAGE_FEATURES",Low,0.65,No recent usage; imputed usage features.,rules-only,0.2.0-tcb,0.0,False,False,False,False,False,False,True,False,False,False,False,False,False,False,False,True,HETED PEDESTAL VAC DISPLAY(L),382.87,25.0
500222773,0,0,0,N,Maintain,"NO_RECENT_USAGE,IMPUTED_USAGE_FEATURES",Low,0.65,No recent usage; imputed usage features.,rules-only,0.2.0-tcb,0.0,False,False,False,False,False,False,True,False,False,False,False,False,False,False,False,True,(BS-L)CARRIAGE VAC PRELOAD FMT(L),804.2,25.0
500222774,0,0,0,N,Maintain,"NO_RECENT_USAGE,IMPUTED_USAGE_FEATURES",Low,0.65,No recent usage; imputed usage features.,rules-only,0.2.0-tcb,0.0,False,False,False,False,False,False,True,False,False,False,False,False,False,False,False,True,(BS-R)CARRIAGE VAC PRELOAD FMT(R),804.2,25.0
500222775,0,0,0,N,Maintain,"NO_RECENT_USAGE,IMPUTED_USAGE_FEATURES",Low,0.65,No recent usage; imputed usage features.,rules-only,0.2.0-tcb,0.0,False,False,False,False,False,False,True,False,False,False,False,False,False,False,False,True,(BS-R)BD STAGE AIR BEARING SOL(R),146.58,25.0
500222776,0,0,0,N,Maintain,"NO_RECENT_USAGE,IMPUTED_USAGE_FEATURES",Low,0.65,No recent usage; imputed usage features.,rules-only,0.2.0-tcb,0.0,False,False,False,False,False,False,True,False,False,False,False,False,False,False,False,True,(BS-L)CARRIAGE VAC PRELOAD SOL(L),146.58,25.0
500222777,0,0,0,N,Maintain,"NO_RECENT_USAGE,IMPUTED_USAGE_FEATURES",Low,0.65,No recent usage; imputed usage features.,rules-only,0.2.0-tcb,0.0,False,False,False,False,False,False,True,False,False,False,False,False,False,False,False,True,(BS-L)CARRIAGE VAC PRELOAD SWITCH(L),247.5,25.0
500222778,0,0,0,N,Maintain,"NO_RECENT_USAGE,IMPUTED_USAGE_FEATURES",Low,0.65,No recent usage; imputed usage features.,rules-only,0.2.0-tcb,0.0,False,False,False,False,False,False,True,False,False,False,False,False,False,False,False,True,(BS-R)CARRIAGE VAC PRELOAD SWITCH(R),247.5,25.0
500222779,0,0,0,N,Maintain,"NO_RECENT_USAGE,IMPUTED_USAGE_FEATURES",Low,0.65,No recent usage; imputed usage features.,rules-only,0.2.0-tcb,0.0,False,False,False,False,False,False,True,False,False,False,False,False,False,False,False,True,(BH)BH WEAK BLOW PRES SWITCH,297.97,25.0
500222780,0,0,0,N,Maintain,"NO_RECENT_USAGE,IMPUTED_USAGE_FEATURES",Low,0.65,No recent usage; imputed usage features.,rules-only,0.2.0-tcb,0.0,False,False,False,False,False,False,True,False,False,False,False,False,False,False,False,True,(BH)IMPINGING COL PRESS SWITCH,297.97,15.0
500222781,0,0,0,N,Maintain,"NO_RECENT_USAGE,IMPUTED_USAGE_FEATURES",Low,0.65,No recent usage; imputed usage features.,rules-only,0.2.0-tcb,0.0,False,False,False,False,False,False,True,False,False,False,False,False,False,False,False,True,(BH)VCM AIR BEARING SWITCH,297.97,25.0
500222782,0,0,0,N,Maintain,"NO_RECENT_USAGE,ABANDONED_TOOL,IMPUTED_USAGE_FEATURES",Low,0.65,No recent usage; abandoned tool; imputed usage features.,rules-only,0.2.0-tcb,0.0,False,False,False,False,False,False,True,True,False,False,False,False,False,False,False,True,(BH)Z COLUMN AIR BEARING PRESS?SWITCH,297.97,25.0
500222783,0,0,0,N,Maintain,"NO_RECENT_USAGE,IMPUTED_USAGE_FEATURES",Low,0.65,No recent usage; imputed usage features.,rules-only,0.2.0-tcb,0.0,False,False,False,False,False,False,True,False,False,False,False,False,False,False,False,True,(BH)COOLING BLOCK PRESS SWITCH,297.97,25.0
500222784,0,0,0,N,Maintain,IMPUTED_USAGE_FEATURES,Low,0.65,Imputed usage features.,rules-only,0.2.0-tcb,0.0,False,False,False,False,False,False,False,False,False,False,False,False,False,False,False,True,NOZZLE CHANGE DISPLAY,299.57,15.0
500222785,2,1,0,Y,Increase,"ZERO_RECOMMENDATION_OVERRIDE,SFM_DISAGREEMENT",Medium,0.8,"Source algorithm recommends 0 but the part carries risk (lead time 15d, on-hand 0); protective stock proposed instead of zero. candidate source proposes 2 vs current 0.",rules-only,0.2.0-tcb,365.24,False,False,False,False,False,False,False,False,False,False,True,False,False,True,False,False,"SOLENOID,AIR-N2,COOLING,BLOCK,CHANGE",182.62,15.0
500222786,1,1,0,Y,Increase,"NO_RECENT_USAGE,ZERO_RECOMMENDATION_OVERRIDE,AD_HOC_CONSUMPTION_RISK,IMPUTED_USAGE_FEATURES",Medium,0.65,"Source algorithm recommends 0 but the part carries risk (lead time 70d, on-hand 0); protective stock proposed instead of zero.",rules-only,0.2.0-tcb,9.0,False,False,False,False,False,False,True,False,False,False,True,True,False,False,False,True,BULKHEAD UNION,9.0,70.0
500222787,0,0,0,N,Maintain,"NO_RECENT_USAGE,IMPUTED_USAGE_FEATURES",Low,0.65,No recent usage; imputed usage features.,rules-only,0.2.0-tcb,0.0,False,False,False,False,False,False,True,False,False,False,False,False,False,False,False,True,SPEED CONTROLLER AS2051F-06-3,36.04,25.0
500222788,0,0,0,N,Maintain,"NO_RECENT_USAGE,IMPUTED_USAGE_FEATURES",Low,0.65,No recent usage; imputed usage features.,rules-only,0.2.0-tcb,0.0,False,False,False,False,False,False,True,False,False,False,False,False,False,False,False,True,VACUUM REGULATOR IRV10-LC08,170.61,25.0
500224527,1,1,0,Y,Increase,"NO_RECENT_USAGE,ZERO_RECOMMENDATION_OVERRIDE,AD_HOC_CONSUMPTION_RISK,IMPUTED_USAGE_FEATURES",Medium,0.65,"Source algorithm recommends 0 but the part carries risk (lead time 61d, on-hand 1); protective stock proposed instead of zero.",rules-only,0.2.0-tcb,3725.6,False,False,False,False,False,False,True,False,False,False,True,True,False,False,False,True,SPECTRUM WEIGHT SCALE ASSEMBLY,3725.6,61.0
500229031,0,0,0,N,Maintain,"NO_RECENT_USAGE,ABANDONED_TOOL,IMPUTED_USAGE_FEATURES",Low,0.65,No recent usage; abandoned tool; imputed usage features.,rules-only,0.2.0-tcb,0.0,False,False,False,False,False,False,True,True,False,False,False,False,False,False,False,True,WHITE PILOT LIGHT HEAD FOR LED,16.28,25.0
500229563,0,0,0,N,Maintain,"NO_RECENT_USAGE,IMPUTED_USAGE_FEATURES",Low,0.65,No recent usage; imputed usage features.,rules-only,0.2.0-tcb,0.0,False,False,False,False,False,False,True,False,False,False,False,False,False,False,False,True,FILTER DISC CPL./CPP,3.2,25.0
500229829,1,1,0,Y,Maintain,"NO_RECENT_USAGE,ZERO_RECOMMENDATION_OVERRIDE,SFM_DISAGREEMENT,IMPUTED_USAGE_FEATURES",Medium,0.55,"Source algorithm recommends 0 but the part carries risk (lead time 20d, on-hand 9); protective stock proposed instead of zero. candidate source proposes 0 vs current 1.",rules-only,0.2.0-tcb,0.17,False,False,False,False,False,False,True,False,False,False,True,False,False,True,False,True,SS SOCKET CSK HD M3X8 HEX SCREW,0.17,20.0
500230162,1,1,0,Y,Maintain,"NO_RECENT_USAGE,ZERO_RECOMMENDATION_OVERRIDE,AD_HOC_CONSUMPTION_RISK,SFM_DISAGREEMENT,IMPUTED_USAGE_FEATURES",Medium,0.55,"Source algorithm recommends 0 but the part carries risk (lead time 75d, on-hand 17); protective stock proposed instead of zero. candidate source proposes 0 vs current 1.",rules-only,0.2.0-tcb,575.5,False,False,False,False,False,False,True,False,False,False,True,True,False,True,False,True,(DPA) NOZZLE 28XX RUBBER TIP 4.06X8.13,575.5,75.0
500231923,0,0,0,N,Maintain,"NO_RECENT_USAGE,ABANDONED_TOOL,IMPUTED_USAGE_FEATURES",Low,0.65,No recent usage; abandoned tool; imputed usage features.,rules-only,0.2.0-tcb,0.0,False,False,False,False,False,False,True,True,False,False,False,False,False,False,False,True,MALE CONNECTOR,3.6,55.0
500236579,0,0,0,N,Maintain,"NO_RECENT_USAGE,IMPUTED_USAGE_FEATURES",Low,0.65,No recent usage; imputed usage features.,rules-only,0.2.0-tcb,0.0,False,False,False,False,False,False,True,False,False,False,False,False,False,False,False,True,"(IES) CDS, SEAL A FOR EXT. DUCT",15.3,25.0
500236580,0,0,0,N,Maintain,"NO_RECENT_USAGE,IMPUTED_USAGE_FEATURES",Low,0.65,No recent usage; imputed usage features.,rules-only,0.2.0-tcb,0.0,False,False,False,False,False,False,True,False,False,False,False,False,False,False,False,True,"(IES) CDS, IO SEAL",15.3,25.0
500236581,0,0,0,N,Maintain,"NO_RECENT_USAGE,IMPUTED_USAGE_FEATURES",Low,0.65,No recent usage; imputed usage features.,rules-only,0.2.0-tcb,0.0,False,False,False,False,False,False,True,False,False,False,False,False,False,False,False,True,"(IES) CDS, SEAL C FOR EXT. DUCT",15.3,25.0
500236582,0,0,0,N,Maintain,"NO_RECENT_USAGE,IMPUTED_USAGE_FEATURES",Low,0.65,No recent usage; imputed usage features.,rules-only,0.2.0-tcb,0.0,False,False,False,False,False,False,True,False,False,False,False,False,False,False,False,True,"(IES) EXH, WINDOW SEAL FOR CDS-G2",15.3,25.0
500236583,0,0,0,N,Maintain,"NO_RECENT_USAGE,IMPUTED_USAGE_FEATURES",Low,0.65,No recent usage; imputed usage features.,rules-only,0.2.0-tcb,0.0,False,False,False,False,False,False,True,False,False,False,False,False,False,False,False,True,(IES) CDS SEAL FOR FRONT COVER,15.3,25.0
500236584,0,0,0,N,Maintain,"NO_RECENT_USAGE,IMPUTED_USAGE_FEATURES",Low,0.65,No recent usage; imputed usage features.,rules-only,0.2.0-tcb,0.0,False,False,False,False,False,False,True,False,False,False,False,False,False,False,False,True,FLUX CDS GROMMET (SEAL A/B),15.3,25.0
500236918,3,2,0,Y,Maintain,"ZERO_RECOMMENDATION_OVERRIDE,SFM_DISAGREEMENT",Medium,0.8,"Source algorithm recommends 0 but the part carries risk (lead time 30d, on-hand 3); protective stock proposed instead of zero. candidate source proposes 2 vs current 3.",rules-only,0.2.0-tcb,58.11,False,False,False,False,False,False,False,False,False,False,True,False,False,True,False,False,PIN EXTRACTOR,19.37,30.0
500237418,0,0,0,N,Maintain,"NO_RECENT_USAGE,ABANDONED_TOOL,IMPUTED_USAGE_FEATURES",Low,0.65,No recent usage; abandoned tool; imputed usage features.,rules-only,0.2.0-tcb,0.0,False,False,False,False,False,False,True,True,False,False,False,False,False,False,False,True,SMC BARB FITTING,13.5,25.0
500237420,67,49,21,N,Decrease,"LOW_COST_RECURRING_USAGE,SFM_DISAGREEMENT",Medium,0.8,Candidate source proposes 77 vs current 200.,rules-only,0.2.0-tcb,164.15,False,False,True,False,False,False,False,False,False,False,False,False,False,True,False,False,SILICONE SUCTION CUP 2.5MM,2.45,10.0
500240189,0,0,0,N,Maintain,"NO_RECENT_USAGE,ABANDONED_TOOL,IMPUTED_USAGE_FEATURES",Low,0.65,No recent usage; abandoned tool; imputed usage features.,rules-only,0.2.0-tcb,0.0,False,False,False,False,False,False,True,True,False,False,False,False,False,False,False,True,"FILTER,99.99%,0.3UM,570X570X69MM",527.45,15.0
500240191,0,0,0,N,Maintain,"NO_RECENT_USAGE,IMPUTED_USAGE_FEATURES",Low,0.65,No recent usage; imputed usage features.,rules-only,0.2.0-tcb,0.0,False,False,False,False,False,False,True,False,False,False,False,False,False,False,False,True,VAC. PUMP FILTER (NPK 0100),86.5,15.0
500240200,1,1,0,Y,Increase,"NO_RECENT_USAGE,ZERO_RECOMMENDATION_OVERRIDE,IMPUTED_USAGE_FEATURES",Medium,0.75,"Source algorithm recommends 0 but the part carries risk (lead time 25d, on-hand 0); protective stock proposed instead of zero.",rules-only,0.2.0-tcb,16.02,False,False,False,False,False,False,True,False,False,False,True,False,False,False,False,True,MINI KEYBOARD USB,16.02,25.0
500240430,2,1,0,Y,Increase,"ZERO_RECOMMENDATION_OVERRIDE,SFM_DISAGREEMENT",Medium,0.8,"Source algorithm recommends 0 but the part carries risk (lead time 10d, on-hand 0); protective stock proposed instead of zero. candidate source proposes 2 vs current 0.",rules-only,0.2.0-tcb,181.02,False,False,False,False,False,False,False,False,False,False,True,False,False,True,False,False,"SPRING,GAS,A4A4H52-115-347?0XX,700",90.51,10.0
500240825,0,0,0,N,Maintain,"NO_RECENT_USAGE,ABANDONED_TOOL,IMPUTED_USAGE_FEATURES",Low,0.65,No recent usage; abandoned tool; imputed usage features.,rules-only,0.2.0-tcb,0.0,False,False,False,False,False,False,True,True,False,False,False,False,False,False,False,True,FUSE TR5 T 5A 250V,2.22,25.0
500240827,1,1,0,Y,Maintain,"NO_RECENT_USAGE,ZERO_RECOMMENDATION_OVERRIDE,SFM_DISAGREEMENT",Medium,0.7,"Source algorithm recommends 0 but the part carries risk (lead time 30d, on-hand 4); protective stock proposed instead of zero. candidate source proposes 0 vs current 1.",rules-only,0.2.0-tcb,3.0,False,False,False,False,False,False,True,False,False,False,True,False,False,True,False,False,FUSE 10A 250V SLO-BLO             [44B4],3.0,30.0
500244823,0,0,0,N,Maintain,"NO_RECENT_USAGE,IMPUTED_USAGE_FEATURES",Low,0.65,No recent usage; imputed usage features.,rules-only,0.2.0-tcb,0.0,False,False,False,False,False,False,True,False,False,False,False,False,False,False,False,True,GAS SPRING D3D3-52-165-407/170N,67.05,25.0
500244824,0,0,0,N,Maintain,"NO_RECENT_USAGE,IMPUTED_USAGE_FEATURES",Low,0.65,No recent usage; imputed usage features.,rules-only,0.2.0-tcb,0.0,False,False,False,False,False,False,True,False,False,False,False,False,False,False,False,True,GAS SPRING J4J4-50-150-398-350N,112.5,25.0
500245048,1,1,0,Y,Increase,"NO_RECENT_USAGE,ZERO_RECOMMENDATION_OVERRIDE,AD_HOC_CONSUMPTION_RISK,IMPUTED_USAGE_FEATURES",High,0.65,"Source algorithm recommends 0 but the part carries risk (lead time 70d, on-hand 0); protective stock proposed instead of zero.",rules-only,0.2.0-tcb,12000.0,False,False,False,False,False,False,True,False,False,False,True,True,False,False,False,True,"TCB NOZZLE BDX EP HCC U1, 1826X2553, CVD",12000.0,70.0
500247998,0,0,0,Y,Maintain,"NO_RECENT_USAGE,ABANDONED_TOOL,IMPUTED_USAGE_FEATURES",Medium,0.65,No recent usage; abandoned tool; imputed usage features.,rules-only,0.2.0-tcb,0.0,False,False,False,False,False,False,True,True,False,False,False,False,False,False,False,True,SMPS-11 SWITCH MODE POWER SUPPLY ASSY.,1505.88,15.0
500247999,0,0,0,N,Maintain,"NO_RECENT_USAGE,IMPUTED_USAGE_FEATURES",Low,0.65,No recent usage; imputed usage features.,rules-only,0.2.0-tcb,0.0,False,False,False,False,False,False,True,False,False,False,False,False,False,False,False,True,N2 PURGE AND DIFFUSER SWITCHING SOLENOID,110.53,15.0
500248000,0,0,0,N,Maintain,"NO_RECENT_USAGE,ABANDONED_TOOL,IMPUTED_USAGE_FEATURES",Low,0.65,No recent usage; abandoned tool; imputed usage features.,rules-only,0.2.0-tcb,0.0,False,False,False,False,False,False,True,True,False,False,False,False,False,False,False,True,2500VA  XFM BOX ASSY,1095.76,15.0
500248088,0,0,0,N,Maintain,"NO_RECENT_USAGE,ABANDONED_TOOL,IMPUTED_USAGE_FEATURES",Low,0.65,No recent usage; abandoned tool; imputed usage features.,rules-only,0.2.0-tcb,0.0,False,False,False,False,False,False,True,True,False,False,False,False,False,False,False,True,GASKET FOR DOOR FC-779-1-1,8.46,25.0
500248089,0,0,0,N,Maintain,"NO_RECENT_USAGE,IMPUTED_USAGE_FEATURES",Low,0.65,No recent usage; imputed usage features.,rules-only,0.2.0-tcb,0.0,False,False,False,False,False,False,True,False,False,False,False,False,False,False,False,True,EMO PB RED MUSHROOM (52-00082),23.4,59.0
500248090,0,0,0,Y,Maintain,"NO_RECENT_USAGE,IMPUTED_USAGE_FEATURES",Medium,0.65,No recent usage; imputed usage features.,rules-only,0.2.0-tcb,0.0,False,False,False,False,False,False,True,False,False,False,False,False,False,False,False,True,PRECISION HEIGHT CONTROL VALVES W/ METER,1692.0,50.0
500248091,0,0,0,N,Maintain,"NO_RECENT_USAGE,IMPUTED_USAGE_FEATURES",Low,0.65,No recent usage; imputed usage features.,rules-only,0.2.0-tcb,0.0,False,False,False,False,False,False,True,False,False,False,False,False,False,False,False,True,KVM LAMP CABLE ASSY,22.42,25.0
500248092,0,0,0,N,Maintain,"NO_RECENT_USAGE,ABANDONED_TOOL,IMPUTED_USAGE_FEATURES",Low,0.65,No recent usage; abandoned tool; imputed usage features.,rules-only,0.2.0-tcb,0.0,False,False,False,False,False,False,True,True,False,False,False,False,False,False,False,True,OT Y MOVING END COVER-03,108.0,25.0
500248756,0,0,0,N,Maintain,"NO_RECENT_USAGE,IMPUTED_USAGE_FEATURES",Low,0.65,No recent usage; imputed usage features.,rules-only,0.2.0-tcb,0.0,False,False,False,False,False,False,True,False,False,False,False,False,False,False,False,True,VACUUM SEAL PRESSOR V2,3.6,25.0
500248757,0,0,0,N,Maintain,"NO_RECENT_USAGE,IMPUTED_USAGE_FEATURES",Low,0.65,No recent usage; imputed usage features.,rules-only,0.2.0-tcb,0.0,False,False,False,False,False,False,True,False,False,False,False,False,False,False,False,True,NEW VACUUM SEAL (ID 4MM),12.6,59.0
500250013,0,0,0,Y,Maintain,"NO_RECENT_USAGE,ABANDONED_TOOL,IMPUTED_USAGE_FEATURES",Medium,0.65,No recent usage; abandoned tool; imputed usage features.,rules-only,0.2.0-tcb,0.0,False,False,False,False,False,False,True,True,False,False,False,False,False,False,False,True,TMS HTR DDPE 080D 080L MON,5651.5,45.0
500250325,1,1,0,Y,Maintain,"NO_RECENT_USAGE,ZERO_RECOMMENDATION_OVERRIDE,SFM_DISAGREEMENT,IMPUTED_USAGE_FEATURES",Medium,0.55,"Source algorithm recommends 0 but the part carries risk (lead time 33d, on-hand 3); protective stock proposed instead of zero. candidate source proposes 0 vs current 1.",rules-only,0.2.0-tcb,18.88,False,False,False,False,False,False,True,False,False,False,True,False,False,True,False,True,DISPOSABLE IN-LINE AIR FILTER NON-ELEC,18.88,33.0
500250632,0,0,0,N,Maintain,"NO_RECENT_USAGE,ABANDONED_TOOL,IMPUTED_USAGE_FEATURES",Low,0.65,No recent usage; abandoned tool; imputed usage features.,rules-only,0.2.0-tcb,0.0,False,False,False,False,False,False,True,True,False,False,False,False,False,False,False,True,CAH ND POWER CABLE2,16.02,25.0
500250633,0,0,0,N,Maintain,"NO_RECENT_USAGE,ABANDONED_TOOL,IMPUTED_USAGE_FEATURES",Low,0.65,No recent usage; abandoned tool; imputed usage features.,rules-only,0.2.0-tcb,0.0,False,False,False,False,False,False,True,True,False,False,False,False,False,False,False,True,"PWR&CTRL TO CAH SMPS, LT CABLE2",19.58,25.0
500250634,0,0,0,N,Maintain,"NO_RECENT_USAGE,ABANDONED_TOOL,IMPUTED_USAGE_FEATURES",Low,0.65,No recent usage; abandoned tool; imputed usage features.,rules-only,0.2.0-tcb,0.0,False,False,False,False,False,False,True,True,False,False,False,False,False,False,False,True,SMPS#5 AC INPUT PWR CABLE ASSY,10.89,59.0
500250643,0,0,0,N,Maintain,"NO_RECENT_USAGE,IMPUTED_USAGE_FEATURES",Low,0.65,No recent usage; imputed usage features.,rules-only,0.2.0-tcb,0.0,False,False,False,False,False,False,True,False,False,False,False,False,False,False,False,True,DFH 24V PWR&LT&TRI CABLE2,35.6,45.0
500250705,0,0,0,N,Maintain,"NO_RECENT_USAGE,ABANDONED_TOOL,IMPUTED_USAGE_FEATURES",Low,0.65,No recent usage; abandoned tool; imputed usage features.,rules-only,0.2.0-tcb,0.0,False,False,False,False,False,False,True,True,False,False,False,False,False,False,False,True,"INERT,FRONT,DOOR,RIGHT",1001.25,15.0
500252781,0,0,0,Y,Maintain,"NO_RECENT_USAGE,ABANDONED_TOOL,IMPUTED_USAGE_FEATURES",Medium,0.65,No recent usage; abandoned tool; imputed usage features.,rules-only,0.2.0-tcb,0.0,False,False,False,False,False,False,True,True,False,False,False,False,False,False,False,True,NOZZLE CVD 1647X0904-B-P-S-05,10000.0,25.0
500252783,0,0,0,Y,Maintain,"NO_RECENT_USAGE,ABANDONED_TOOL,IMPUTED_USAGE_FEATURES",Medium,0.65,No recent usage; abandoned tool; imputed usage features.,rules-only,0.2.0-tcb,0.0,False,False,False,False,False,False,True,True,False,False,False,False,False,False,False,True,NOZZLE CVD 0373X1139-B-P-S-05,10000.0,25.0
500253610,1,1,0,Y,Increase,"NO_RECENT_USAGE,ZERO_RECOMMENDATION_OVERRIDE,IMPUTED_USAGE_FEATURES",Medium,0.65,"Source algorithm recommends 0 but the part carries risk (lead time 30d, on-hand 2); protective stock proposed instead of zero.",rules-only,0.2.0-tcb,2.25,False,False,False,False,False,False,True,False,False,False,True,False,False,False,False,True,"FERRITE,SNAP-ON,7MM DIA",2.25,30.0
500253774,1,1,0,Y,Maintain,"NO_RECENT_USAGE,ZERO_RECOMMENDATION_OVERRIDE,SFM_DISAGREEMENT,IMPUTED_USAGE_FEATURES",Medium,0.55,"Source algorithm recommends 0 but the part carries risk (lead time 28d, on-hand 1); protective stock proposed instead of zero. candidate source proposes 0 vs current 1.",rules-only,0.2.0-tcb,1.87,False,False,False,False,False,False,True,False,False,False,True,False,False,True,False,True,"CUP,SUCTION,STA,1.5MM,SMC",1.87,28.0
500255236,0,0,0,Y,Maintain,"NO_RECENT_USAGE,IMPUTED_USAGE_FEATURES",Medium,0.65,No recent usage; imputed usage features.,rules-only,0.2.0-tcb,0.0,False,False,False,False,False,False,True,False,False,False,False,False,False,False,False,True,WD20 1X FOV3.8X2.8 TELE LENS (REAR),4806.0,15.0
500255237,0,0,0,Y,Maintain,"NO_RECENT_USAGE,IMPUTED_USAGE_FEATURES",Medium,0.65,No recent usage; imputed usage features.,rules-only,0.2.0-tcb,0.0,False,False,False,False,False,False,True,False,False,False,False,False,False,False,False,True,SMPS 1KW UNIV>MOTOR POWER,2326.1,15.0
500255239,1,1,0,Y,Maintain,"ZERO_RECOMMENDATION_OVERRIDE,AD_HOC_CONSUMPTION_RISK,SFM_DISAGREEMENT",Medium,0.7,"Source algorithm recommends 0 but the part carries risk (lead time 55d, on-hand 1); protective stock proposed instead of zero. candidate source proposes 0 vs current 1.",rules-only,0.2.0-tcb,768.96,False,False,False,False,False,False,False,False,False,False,True,True,False,True,False,False,BH MICROE ENCODER CABLE ASSY,768.96,55.0
500255240,0,0,0,N,Maintain,NO_RECENT_USAGE,Low,0.8,No recent usage.,rules-only,0.2.0-tcb,0.0,False,False,False,False,False,False,True,False,False,False,False,False,False,False,False,False,SILENCER AN10-C06,10.41,15.0
500257184,0,0,0,N,Maintain,"NO_RECENT_USAGE,ABANDONED_TOOL,IMPUTED_USAGE_FEATURES",Low,0.65,No recent usage; abandoned tool; imputed usage features.,rules-only,0.2.0-tcb,0.0,False,False,False,False,False,False,True,True,False,False,False,False,False,False,False,True,Sensor for Exhaust Air Flow,244.22,35.0
500258849,0,0,0,Y,Maintain,"NO_RECENT_USAGE,IMPUTED_USAGE_FEATURES",Medium,0.65,No recent usage; imputed usage features.,rules-only,0.2.0-tcb,0.0,False,False,False,False,False,False,True,False,False,False,False,False,False,False,False,True,LNPS 230V ND AUTO OFF W SF START,2583.22,15.0
500258850,0,0,0,Y,Maintain,"NO_RECENT_USAGE,ABANDONED_TOOL",Medium,0.8,No recent usage; abandoned tool.,rules-only,0.2.0-tcb,0.0,False,False,False,False,False,False,True,True,False,False,False,False,False,False,False,False,LNPS 7KVA 110V&40V&220V REMOTE-NO MCB,2864.37,38.0
500258851,0,0,0,N,Maintain,"NO_RECENT_USAGE,ABANDONED_TOOL,IMPUTED_USAGE_FEATURES",Low,0.65,No recent usage; abandoned tool; imputed usage features.,rules-only,0.2.0-tcb,0.0,False,False,False,False,False,False,True,True,False,False,False,False,False,False,False,True,58-35117 ASSY,780.97,25.0
500258852,0,0,0,N,Maintain,"NO_RECENT_USAGE,ABANDONED_TOOL,IMPUTED_USAGE_FEATURES",Low,0.65,No recent usage; abandoned tool; imputed usage features.,rules-only,0.2.0-tcb,0.0,False,False,False,False,False,False,True,True,False,False,False,False,False,False,False,True,(STA)SUBSTRATE TRANSFER ARM Y ENC ASSY,839.44,15.0
500258853,0,0,0,N,Maintain,"NO_RECENT_USAGE,IMPUTED_USAGE_FEATURES",Low,0.65,No recent usage; imputed usage features.,rules-only,0.2.0-tcb,0.0,False,False,False,False,False,False,True,False,False,False,False,False,False,False,False,True,STA-L PICKHEAD INTERFACE ASSY,752.94,15.0
500258854,0,0,0,N,Maintain,"NO_RECENT_USAGE,ABANDONED_TOOL,IMPUTED_USAGE_FEATURES",Low,0.65,No recent usage; abandoned tool; imputed usage features.,rules-only,0.2.0-tcb,0.0,False,False,False,False,False,False,True,True,False,False,False,False,False,False,False,True,BONDSTAGE PEDESTAL HEATER ZONE 1,438.3,38.0
500258855,0,0,0,N,Maintain,"NO_RECENT_USAGE,IMPUTED_USAGE_FEATURES",Low,0.65,No recent usage; imputed usage features.,rules-only,0.2.0-tcb,0.0,False,False,False,False,False,False,True,False,False,False,False,False,False,False,False,True,LEFT WORKCHUCK X MOTOR COIL,560.7,25.0
500258856,0,0,0,N,Maintain,"NO_RECENT_USAGE,ABANDONED_TOOL,IMPUTED_USAGE_FEATURES",Low,0.65,No recent usage; abandoned tool; imputed usage features.,rules-only,0.2.0-tcb,0.0,False,False,False,False,False,False,True,True,False,False,False,False,False,False,False,True,ESIO7,474.19,15.0
500258857,1,1,0,Y,Maintain,"NO_RECENT_USAGE,ZERO_RECOMMENDATION_OVERRIDE",Medium,0.9,"Source algorithm recommends 0 but the part carries risk (lead time 15d, on-hand 7); protective stock proposed instead of zero.",rules-only,0.2.0-tcb,109.73,False,False,False,False,False,False,True,False,False,False,True,False,False,False,False,False,BH COOLING BLOCK OFA AND N2 SWITCH SOL,109.73,15.0
500258858,0,0,0,N,Maintain,"NO_RECENT_USAGE,ABANDONED_TOOL,IMPUTED_USAGE_FEATURES",Low,0.65,No recent usage; abandoned tool; imputed usage features.,rules-only,0.2.0-tcb,0.0,False,False,False,False,False,False,True,True,False,False,False,False,False,False,False,True,(COS-L)COS-L TOP CLAMP SOL,126.55,25.0
500258859,0,0,0,N,Maintain,"NO_RECENT_USAGE,IMPUTED_USAGE_FEATURES",Low,0.65,No recent usage; imputed usage features.,rules-only,0.2.0-tcb,0.0,False,False,False,False,False,False,True,False,False,False,False,False,False,False,False,True,(BS-L)HT WC COOLING SOL(L),108.13,15.0
500258860,0,0,0,N,Maintain,"NO_RECENT_USAGE,ABANDONED_TOOL,IMPUTED_USAGE_FEATURES",Low,0.65,No recent usage; abandoned tool; imputed usage features.,rules-only,0.2.0-tcb,0.0,False,False,False,False,False,False,True,True,False,False,False,False,False,False,False,True,(COS-L)COS-L PUSHER SOL,100.12,25.0
500258861,1,1,0,Y,Maintain,"NO_RECENT_USAGE,ZERO_RECOMMENDATION_OVERRIDE,SFM_DISAGREEMENT,IMPUTED_USAGE_FEATURES",Medium,0.55,"Source algorithm recommends 0 but the part carries risk (lead time 25d, on-hand 1); protective stock proposed instead of zero. candidate source proposes 0 vs current 1.",rules-only,0.2.0-tcb,97.72,False,False,False,False,False,False,True,False,False,False,True,False,False,True,False,True,DFH BH NOZZLE BANK PLATE 20XX V2,97.72,25.0
500258862,1,1,0,Y,Maintain,"NO_RECENT_USAGE,ZERO_RECOMMENDATION_OVERRIDE,SFM_DISAGREEMENT,IMPUTED_USAGE_FEATURES",Medium,0.55,"Source algorithm recommends 0 but the part carries risk (lead time 25d, on-hand 2); protective stock proposed instead of zero. candidate source proposes 0 vs current 1.",rules-only,0.2.0-tcb,97.72,False,False,False,False,False,False,True,False,False,False,True,False,False,True,False,True,DFH BH NOZZLE BANK PLATE 28XX V2,97.72,25.0
500258863,0,0,0,N,Maintain,"NO_RECENT_USAGE,ABANDONED_TOOL,IMPUTED_USAGE_FEATURES",Low,0.65,No recent usage; abandoned tool; imputed usage features.,rules-only,0.2.0-tcb,0.0,False,False,False,False,False,False,True,True,False,False,False,False,False,False,False,True,(BS-L)HT WC COOLING FLOWMETER(L),1314.0,25.0
500258864,0,0,0,Y,Maintain,"NO_RECENT_USAGE,ABANDONED_TOOL,IMPUTED_USAGE_FEATURES",Medium,0.65,No recent usage; abandoned tool; imputed usage features.,rules-only,0.2.0-tcb,0.0,False,False,False,False,False,False,True,True,False,False,False,False,False,False,False,True,OMRON ELEC. ASSY,2414.21,25.0
500259297,0,0,0,N,Maintain,"NO_RECENT_USAGE,IMPUTED_USAGE_FEATURES",Low,0.65,No recent usage; imputed usage features.,rules-only,0.2.0-tcb,0.0,False,False,False,False,False,False,True,False,False,False,False,False,False,False,False,True,HW MID STEP MTR CABLE ASSY,100.92,10.0
500259598,0,0,0,N,Maintain,"NO_RECENT_USAGE,ABANDONED_TOOL,IMPUTED_USAGE_FEATURES",Low,0.65,No recent usage; abandoned tool; imputed usage features.,rules-only,0.2.0-tcb,0.0,False,False,False,False,False,False,True,True,False,False,False,False,False,False,False,True,IN-LINE AIR FILTER ZFC77B,28.83,25.0
500260179,0,0,0,N,Maintain,"NO_RECENT_USAGE,IMPUTED_USAGE_FEATURES",Low,0.65,No recent usage; imputed usage features.,rules-only,0.2.0-tcb,0.0,False,False,False,False,False,False,True,False,False,False,False,False,False,False,False,True,BANK 1 WITH KINEMATICS ASSY (28X19),640.8,15.0
500260180,1,1,0,Y,Increase,"NO_RECENT_USAGE,ZERO_RECOMMENDATION_OVERRIDE,AD_HOC_CONSUMPTION_RISK,IMPUTED_USAGE_FEATURES",Medium,0.65,"Source algorithm recommends 0 but the part carries risk (lead time 77d, on-hand 0); protective stock proposed instead of zero.",rules-only,0.2.0-tcb,640.8,False,False,False,False,False,False,True,False,False,False,True,True,False,False,False,True,BANK 2 WITH KINEMATICS ASSY (28X19),640.8,77.0
500260181,0,0,0,N,Maintain,"NO_RECENT_USAGE,IMPUTED_USAGE_FEATURES",Low,0.65,No recent usage; imputed usage features.,rules-only,0.2.0-tcb,0.0,False,False,False,False,False,False,True,False,False,False,False,False,False,False,False,True,OFA/N2 SWITCH SOLECOID,140.17,15.0
500260182,0,0,0,N,Maintain,"NO_RECENT_USAGE,IMPUTED_USAGE_FEATURES",Low,0.65,No recent usage; imputed usage features.,rules-only,0.2.0-tcb,0.0,False,False,False,False,False,False,True,False,False,False,False,False,False,False,False,True,USB KVM SWITCH BOARD,221.07,15.0
500260183,0,0,0,N,Maintain,"NO_RECENT_USAGE,IMPUTED_USAGE_FEATURES",Low,0.65,No recent usage; imputed usage features.,rules-only,0.2.0-tcb,0.0,False,False,False,False,False,False,True,False,False,False,False,False,False,False,False,True,DPA CAM AND LT CABLE V2,208.26,15.0
500260227,1,1,0,Y,Increase,"HIGH_COST_INCREASE_REVIEW,ZERO_RECOMMENDATION_OVERRIDE,SFM_DISAGREEMENT",High,0.8,"Source algorithm recommends 0 but the part carries risk (lead time 14d, on-hand 1); protective stock proposed instead of zero. candidate source proposes 3 vs current 0.",rules-only,0.2.0-tcb,5841.81,False,False,False,True,False,False,False,False,False,False,True,False,False,True,False,False,"ASSY,SCALE W/ELECT,S-932",5841.81,14.0
500260397,0,0,0,Y,Maintain,"NO_RECENT_USAGE,ABANDONED_TOOL",Medium,0.8,No recent usage; abandoned tool.,rules-only,0.2.0-tcb,0.0,False,False,False,False,False,False,True,True,False,False,False,False,False,False,False,False,SPECTRUM WEIGHT SCALE ASSEMBLY,6955.76,9.0
500262533,0,0,0,N,Maintain,"NO_RECENT_USAGE,ABANDONED_TOOL,IMPUTED_USAGE_FEATURES",Low,0.65,No recent usage; abandoned tool; imputed usage features.,rules-only,0.2.0-tcb,0.0,False,False,False,False,False,False,True,True,False,False,False,False,False,False,False,True,"BRUSH, BRISTLE BRASS, L=101.6MM",16.02,25.0
500266565,0,0,0,N,Maintain,"NO_RECENT_USAGE,ABANDONED_TOOL,IMPUTED_USAGE_FEATURES",Low,0.65,No recent usage; abandoned tool; imputed usage features.,rules-only,0.2.0-tcb,0.0,False,False,False,False,False,False,True,True,False,False,False,False,False,False,False,True,"FLOWMETER, 50-500SCFH, W/VALVE",271.0,15.0
500266693,1,1,0,Y,Increase,"NO_RECENT_USAGE,ZERO_RECOMMENDATION_OVERRIDE,AD_HOC_CONSUMPTION_RISK,IMPUTED_USAGE_FEATURES",Medium,0.65,"Source algorithm recommends 0 but the part carries risk (lead time 90d, on-hand 0); protective stock proposed instead of zero.",rules-only,0.2.0-tcb,72.54,False,False,False,False,False,False,True,False,False,False,True,True,False,False,False,True,MBHZ ENC FLEX CABLE,72.54,90.0
500266694,0,0,0,N,Maintain,"NO_RECENT_USAGE,ABANDONED_TOOL,IMPUTED_USAGE_FEATURES",Low,0.65,No recent usage; abandoned tool; imputed usage features.,rules-only,0.2.0-tcb,0.0,False,False,False,False,False,False,True,True,False,False,False,False,False,False,False,True,MBH Z FLEX MTR CABLE,56.07,25.0
500266975,0,0,0,N,Maintain,"NO_RECENT_USAGE,IMPUTED_USAGE_FEATURES",Low,0.65,No recent usage; imputed usage features.,rules-only,0.2.0-tcb,0.0,False,False,False,False,False,False,True,False,False,False,False,False,False,False,False,True,BS TC CONN FLEX CABLE,23.4,55.0
500266976,1,1,0,Y,Increase,"NO_RECENT_USAGE,ZERO_RECOMMENDATION_OVERRIDE,AD_HOC_CONSUMPTION_RISK,IMPUTED_USAGE_FEATURES",Medium,0.65,"Source algorithm recommends 0 but the part carries risk (lead time 90d, on-hand 1); protective stock proposed instead of zero.",rules-only,0.2.0-tcb,79.0,False,False,False,False,False,False,True,False,False,False,True,True,False,False,False,True,BS TC CABLE ASSY,79.0,90.0
500267829,0,0,0,N,Maintain,"NO_RECENT_USAGE,IMPUTED_USAGE_FEATURES",Low,0.65,No recent usage; imputed usage features.,rules-only,0.2.0-tcb,0.0,False,False,False,False,False,False,True,False,False,False,False,False,False,False,False,True,MOP BD PWR CABLE,16.02,15.0
500267830,0,0,0,N,Maintain,"NO_RECENT_USAGE,IMPUTED_USAGE_FEATURES",Low,0.65,No recent usage; imputed usage features.,rules-only,0.2.0-tcb,0.0,False,False,False,False,False,False,True,False,False,False,False,False,False,False,False,True,DPA MOP LINK FLEX CABLE,188.23,15.0
500267831,0,0,0,N,Maintain,"NO_RECENT_USAGE,IMPUTED_USAGE_FEATURES",Low,0.65,No recent usage; imputed usage features.,rules-only,0.2.0-tcb,0.0,False,False,False,False,False,False,True,False,False,False,False,False,False,False,False,True,DPA PICK ARM T MTR FLEX CABLE,72.0,55.0
500268051,1,1,0,Y,Increase,"NO_RECENT_USAGE,ZERO_RECOMMENDATION_OVERRIDE,AD_HOC_CONSUMPTION_RISK,IMPUTED_USAGE_FEATURES",Medium,0.65,"Source algorithm recommends 0 but the part carries risk (lead time 113d, on-hand 0); protective stock proposed instead of zero.",rules-only,0.2.0-tcb,1000.0,False,False,False,False,False,False,True,False,False,False,True,True,False,False,False,True,NOZZLE 3400X2400-W-N-L-0-A-YYMMDD-AXXXX,1000.0,113.0
500270119,0,0,0,N,Maintain,"NO_RECENT_USAGE,ABANDONED_TOOL,IMPUTED_USAGE_FEATURES",Low,0.65,No recent usage; abandoned tool; imputed usage features.,rules-only,0.2.0-tcb,0.0,False,False,False,False,False,False,True,True,False,False,False,False,False,False,False,True,Bank 3 with Kinematics Assy (28X19),640.8,15.0
500270120,20,1,0,Y,Increase,"NO_RECENT_USAGE,ZERO_RECOMMENDATION_OVERRIDE,AD_HOC_CONSUMPTION_RISK",Medium,0.8,"Source algorithm recommends 0 but the part carries risk (lead time 75d, on-hand 40); protective stock proposed instead of zero.",rules-only,0.2.0-tcb,53.4,False,False,False,False,False,False,True,False,False,False,True,True,False,False,False,False,Soft Polyurethane Tube Tus,2.67,75.0
500271211,1,1,0,Y,Increase,"NO_RECENT_USAGE,ZERO_RECOMMENDATION_OVERRIDE,AD_HOC_CONSUMPTION_RISK,IMPUTED_USAGE_FEATURES",High,0.65,"Source algorithm recommends 0 but the part carries risk (lead time 70d, on-hand 0); protective stock proposed instead of zero.",rules-only,0.2.0-tcb,12000.0,False,False,False,False,False,False,True,False,False,False,True,True,False,False,False,True,TCB NOZZLE SKX-XCC U1 CVD,12000.0,70.0
500271740,0,0,0,N,Maintain,"NO_RECENT_USAGE,IMPUTED_USAGE_FEATURES",Low,0.65,No recent usage; imputed usage features.,rules-only,0.2.0-tcb,0.0,False,False,False,False,False,False,True,False,False,False,False,False,False,False,False,True,ADJUST BRACKET,115.34,15.0
500272372,0,0,0,Y,Maintain,"DATA_QUALITY_REVIEW_REQUIRED,ZERO_RECOMMENDATION_OVERRIDE,AD_HOC_CONSUMPTION_RISK,IMPUTED_USAGE_FEATURES",High,0.4,"Source algorithm recommends 0 but the part carries risk (lead time 65d, on-hand 6); protective stock proposed instead of zero. input data failed validation; values held unchanged pending correction.",rules-only,0.2.0-tcb,0.0,True,False,False,False,False,False,False,False,False,False,True,True,False,False,False,True,Flap cpl./foil disposal X44,21.55,65.0
500273593,0,0,0,N,Maintain,"NO_RECENT_USAGE,IMPUTED_USAGE_FEATURES",Low,0.65,No recent usage; imputed usage features.,rules-only,0.2.0-tcb,0.0,False,False,False,False,False,False,True,False,False,False,False,False,False,False,False,True,"DOOR SWITCH,SAFETY,ASM,BONDER",205.85,25.0
500273822,0,0,0,N,Maintain,"NO_RECENT_USAGE,ABANDONED_TOOL,IMPUTED_USAGE_FEATURES",Low,0.65,No recent usage; abandoned tool; imputed usage features.,rules-only,0.2.0-tcb,0.0,False,False,False,False,False,False,True,True,False,False,False,False,False,False,False,True,"REDUCER,NPT 1"" X NPT 3/4""",29.47,20.0
500282545,1,1,0,Y,Increase,"NO_RECENT_USAGE,ZERO_RECOMMENDATION_OVERRIDE,AD_HOC_CONSUMPTION_RISK,IMPUTED_USAGE_FEATURES",High,0.65,"Source algorithm recommends 0 but the part carries risk (lead time 105d, on-hand 0); protective stock proposed instead of zero.",rules-only,0.2.0-tcb,10000.0,False,False,False,False,False,False,True,False,False,False,True,True,False,False,False,True,NOZZLE CVD 0445X0993-B-P-S-05,10000.0,105.0
500283722,0,0,0,N,Maintain,"NO_RECENT_USAGE,ABANDONED_TOOL,IMPUTED_USAGE_FEATURES",Low,0.65,No recent usage; abandoned tool; imputed usage features.,rules-only,0.2.0-tcb,0.0,False,False,False,False,False,False,True,True,False,False,False,False,False,False,False,True,HVMOTX MOTOR COIL ASSY,576.72,15.0
500284211,0,0,0,Y,Maintain,"NO_RECENT_USAGE,IMPUTED_USAGE_FEATURES",Medium,0.65,No recent usage; imputed usage features.,rules-only,0.2.0-tcb,0.0,False,False,False,False,False,False,True,False,False,False,False,False,False,False,False,True,VAC. PUMP 4.68-80-250,3203.19,10.0
500284214,0,0,0,N,Maintain,"NO_RECENT_USAGE,IMPUTED_USAGE_FEATURES",Low,0.65,No recent usage; imputed usage features.,rules-only,0.2.0-tcb,0.0,False,False,False,False,False,False,True,False,False,False,False,False,False,False,False,True,RLY-SUPPORT PYC-A1 36MM HEIGHT,0.8,25.0
500284215,0,0,0,N,Maintain,"NO_RECENT_USAGE,ABANDONED_TOOL,IMPUTED_USAGE_FEATURES",Low,0.65,No recent usage; abandoned tool; imputed usage features.,rules-only,0.2.0-tcb,0.0,False,False,False,False,False,False,True,True,False,False,False,False,False,False,False,True,RLY-SAFETY 4PNO 24VDC PNOZ S5,822.62,15.0
500284221,0,0,0,N,Maintain,"NO_RECENT_USAGE,ABANDONED_TOOL,IMPUTED_USAGE_FEATURES",Low,0.65,No recent usage; abandoned tool; imputed usage features.,rules-only,0.2.0-tcb,0.0,False,False,False,False,False,False,True,True,False,False,False,False,False,False,False,True,NU USG CONNECTION CABLE ASSY,91.31,25.0
500290651,0,0,0,N,Maintain,"NO_RECENT_USAGE,IMPUTED_USAGE_FEATURES",Low,0.65,No recent usage; imputed usage features.,rules-only,0.2.0-tcb,0.0,False,False,False,False,False,False,True,False,False,False,False,False,False,False,False,True,HEPA FILTER FRONT STOPPER L,113.5,25.0
500290652,0,0,0,N,Maintain,"NO_RECENT_USAGE,IMPUTED_USAGE_FEATURES",Low,0.65,No recent usage; imputed usage features.,rules-only,0.2.0-tcb,0.0,False,False,False,False,False,False,True,False,False,False,False,False,False,False,False,True,HEPA FILTER FRONT STOPPER R,113.5,25.0
500290650,1,1,0,Y,Maintain,"NO_RECENT_USAGE,ZERO_RECOMMENDATION_OVERRIDE",Medium,0.9,"Source algorithm recommends 0 but the part carries risk (lead time 15d, on-hand 8); protective stock proposed instead of zero.",rules-only,0.2.0-tcb,4.28,False,False,False,False,False,False,True,False,False,False,True,False,False,False,False,False,FSL T58W FLUORESCENT LIGHT,4.2788,15.0
500291033,1,1,0,Y,Increase,"NO_RECENT_USAGE,ZERO_RECOMMENDATION_OVERRIDE,AD_HOC_CONSUMPTION_RISK,IMPUTED_USAGE_FEATURES",High,0.65,"Source algorithm recommends 0 but the part carries risk (lead time 70d, on-hand 0); protective stock proposed instead of zero.",rules-only,0.2.0-tcb,12000.0,False,False,False,False,False,False,True,False,False,False,True,True,False,False,False,True,TCB NOZZLE SKX-HCC U1 CVD,12000.0,70.0
500298454,0,0,0,Y,Maintain,"DATA_QUALITY_REVIEW_REQUIRED,ZERO_RECOMMENDATION_OVERRIDE,AD_HOC_CONSUMPTION_RISK,IMPUTED_USAGE_FEATURES",High,0.4,"Source algorithm recommends 0 but the part carries risk (lead time 65d, on-hand 2); protective stock proposed instead of zero. input data failed validation; values held unchanged pending correction.",rules-only,0.2.0-tcb,0.0,True,False,False,False,False,False,False,False,False,False,True,True,False,False,False,True,ENERGY-DATA INTERFACE CPL. /X-SERIES,18.52,65.0
500298457,1,1,0,Y,Increase,"NO_RECENT_USAGE,ZERO_RECOMMENDATION_OVERRIDE,IMPUTED_USAGE_FEATURES",Medium,0.65,"Source algorithm recommends 0 but the part carries risk (lead time 25d, on-hand 1); protective stock proposed instead of zero.",rules-only,0.2.0-tcb,26.14,False,False,False,False,False,False,True,False,False,False,True,False,False,False,False,True,PCB/EDIF  SECONDARY IRDA BOARD,26.14,25.0
500298461,1,1,0,Y,Maintain,"NO_RECENT_USAGE,ZERO_RECOMMENDATION_OVERRIDE,AD_HOC_CONSUMPTION_RISK,SFM_DISAGREEMENT,IMPUTED_USAGE_FEATURES",Medium,0.55,"Source algorithm recommends 0 but the part carries risk (lead time 65d, on-hand 10); protective stock proposed instead of zero. candidate source proposes 0 vs current 1.",rules-only,0.2.0-tcb,11.91,False,False,False,False,False,False,True,False,False,False,True,True,False,True,False,True,LEVER/OPENER PICKUP WINDOW X16-88,11.91,65.0
500298467,1,1,0,Y,Maintain,"NO_RECENT_USAGE,ZERO_RECOMMENDATION_OVERRIDE,AD_HOC_CONSUMPTION_RISK,SFM_DISAGREEMENT,IMPUTED_USAGE_FEATURES",Medium,0.55,"Source algorithm recommends 0 but the part carries risk (lead time 65d, on-hand 12); protective stock proposed instead of zero. candidate source proposes 0 vs current 1.",rules-only,0.2.0-tcb,5.04,False,False,False,False,False,False,True,False,False,False,True,True,False,True,False,True,FILLING CLIP /16-88  PSA  10 PCS,5.04,65.0
500298469,0,0,0,Y,Maintain,"DATA_QUALITY_REVIEW_REQUIRED,ZERO_RECOMMENDATION_OVERRIDE,AD_HOC_CONSUMPTION_RISK,IMPUTED_USAGE_FEATURES",High,0.4,"Source algorithm recommends 0 but the part carries risk (lead time 65d, on-hand 20); protective stock proposed instead of zero. input data failed validation; values held unchanged pending correction.",rules-only,0.2.0-tcb,0.0,True,False,False,False,False,False,False,False,False,False,True,True,False,False,False,True,FLAP CPL / FOIL DISPOSAL X32,20.33,65.0
500300144,1,1,0,Y,Increase,"NO_RECENT_USAGE,ZERO_RECOMMENDATION_OVERRIDE,AD_HOC_CONSUMPTION_RISK,IMPUTED_USAGE_FEATURES",Medium,0.65,"Source algorithm recommends 0 but the part carries risk (lead time 75d, on-hand 0); protective stock proposed instead of zero.",rules-only,0.2.0-tcb,44.95,False,False,False,False,False,False,True,False,False,False,True,True,False,False,False,True,SOFT SILICON TUBE OD=18MM ID=12MM,44.95,75.0
500300623,1,1,0,Y,Increase,"NO_RECENT_USAGE,ZERO_RECOMMENDATION_OVERRIDE,AD_HOC_CONSUMPTION_RISK,IMPUTED_USAGE_FEATURES",Medium,0.65,"Source algorithm recommends 0 but the part carries risk (lead time 98d, on-hand 0); protective stock proposed instead of zero.",rules-only,0.2.0-tcb,2191.62,False,False,False,False,False,False,True,False,False,False,True,True,False,False,False,True,ADJUSTMENT PEDESTAL,2191.62,98.0
500300624,1,1,0,Y,Increase,"ZERO_RECOMMENDATION_OVERRIDE,AD_HOC_CONSUMPTION_RISK,IMPUTED_USAGE_FEATURES",Medium,0.65,"Source algorithm recommends 0 but the part carries risk (lead time 75d, on-hand 0); protective stock proposed instead of zero.",rules-only,0.2.0-tcb,300.0,False,False,False,False,False,False,False,False,False,False,True,True,False,False,False,True,3MM X3MM PROBE NOZZLE,300.0,75.0
500302601,1,1,0,Y,Maintain,"NO_RECENT_USAGE,ZERO_RECOMMENDATION_OVERRIDE,AD_HOC_CONSUMPTION_RISK,SFM_DISAGREEMENT",Medium,0.7,"Source algorithm recommends 0 but the part carries risk (lead time 70d, on-hand 1); protective stock proposed instead of zero. candidate source proposes 0 vs current 1.",rules-only,0.2.0-tcb,3560.0,False,False,False,False,False,False,True,False,False,False,True,True,False,True,False,False,CHARGE AMPLIFIER 5039A 500PC,3560.0,70.0
500302604,0,0,0,N,Maintain,"NO_RECENT_USAGE,ABANDONED_TOOL,IMPUTED_USAGE_FEATURES",Low,0.65,No recent usage; abandoned tool; imputed usage features.,rules-only,0.2.0-tcb,0.0,False,False,False,False,False,False,True,True,False,False,False,False,False,False,False,True,SHIM 0.09MM,32.13,15.0
500302606,1,1,0,Y,Increase,"NO_RECENT_USAGE,ZERO_RECOMMENDATION_OVERRIDE,SFM_DISAGREEMENT",Medium,0.8,"Source algorithm recommends 0 but the part carries risk (lead time 15d, on-hand 2); protective stock proposed instead of zero. candidate source proposes 1 vs current 0.",rules-only,0.2.0-tcb,22.44,False,False,False,False,False,False,True,False,False,False,True,False,False,True,False,False,SHIM 0.07MM,22.44,15.0
500302607,1,1,0,Y,Increase,"NO_RECENT_USAGE,ZERO_RECOMMENDATION_OVERRIDE,SFM_DISAGREEMENT",Medium,0.8,"Source algorithm recommends 0 but the part carries risk (lead time 15d, on-hand 2); protective stock proposed instead of zero. candidate source proposes 1 vs current 0.",rules-only,0.2.0-tcb,19.38,False,False,False,False,False,False,True,False,False,False,True,False,False,True,False,False,SHIM 0.1MM,19.38,15.0
500302608,0,0,0,N,Maintain,"NO_RECENT_USAGE,IMPUTED_USAGE_FEATURES",Low,0.65,No recent usage; imputed usage features.,rules-only,0.2.0-tcb,0.0,False,False,False,False,False,False,True,False,False,False,False,False,False,False,False,True,SHIM RING CIMRS5-10-0.01,4.45,45.0
500302609,0,0,0,N,Maintain,"NO_RECENT_USAGE,ABANDONED_TOOL,IMPUTED_USAGE_FEATURES",Low,0.65,No recent usage; abandoned tool; imputed usage features.,rules-only,0.2.0-tcb,0.0,False,False,False,False,False,False,True,True,False,False,False,False,False,False,False,True,SHIM RING CIMRS5-10-0.02,4.45,45.0
500302611,0,0,0,N,Maintain,"NO_RECENT_USAGE,ABANDONED_TOOL,IMPUTED_USAGE_FEATURES",Low,0.65,No recent usage; abandoned tool; imputed usage features.,rules-only,0.2.0-tcb,0.0,False,False,False,False,False,False,True,True,False,False,False,False,False,False,False,True,SHIM RING CIMRS5-10-0.1,4.45,45.0
500302615,0,0,0,N,Maintain,"NO_RECENT_USAGE,ABANDONED_TOOL,IMPUTED_USAGE_FEATURES",Low,0.65,No recent usage; abandoned tool; imputed usage features.,rules-only,0.2.0-tcb,0.0,False,False,False,False,False,False,True,True,False,False,False,False,False,False,False,True,SHIM 0.03MM,32.13,15.0
500302666,0,0,0,N,Maintain,"NO_RECENT_USAGE,IMPUTED_USAGE_FEATURES",Low,0.65,No recent usage; imputed usage features.,rules-only,0.2.0-tcb,0.0,False,False,False,False,False,False,True,False,False,False,False,False,False,False,False,True,FUSED SILICA OPTICAL WINDOW D12.5,65.68,15.0
500303281,5,4,0,Y,Increase,"HIGH_COST_INCREASE_REVIEW,LONG_LEAD_TIME_RISK,ZERO_RECOMMENDATION_OVERRIDE,SFM_DISAGREEMENT,MAX_CHANGE_EXCEEDS_THRESHOLD",High,0.8,"Source algorithm recommends 0 but the part carries risk (lead time 66d, on-hand 9); protective stock proposed instead of zero. candidate source proposes 5 vs current 1.",rules-only,0.2.0-tcb,9407.9,False,False,False,True,False,True,False,False,False,False,True,False,False,True,True,False,APC REPLACEMENT BATTERY CARTRIDGE #140,1881.58,66.0
500303571,4,3,0,Y,Increase,"LOW_COST_RECURRING_USAGE,ZERO_RECOMMENDATION_OVERRIDE,SFM_DISAGREEMENT,MAX_CHANGE_EXCEEDS_THRESHOLD",Medium,0.8,"Source algorithm recommends 0 but the part carries risk (lead time 28d, on-hand 5); protective stock proposed instead of zero. candidate source proposes 6 vs current 1.",rules-only,0.2.0-tcb,82.88,False,False,True,False,False,False,False,False,False,False,True,False,False,True,True,False,FILTER ELEMENT ZFC77,20.72,28.0
500303805,0,0,0,N,Maintain,"NO_RECENT_USAGE,ABANDONED_TOOL,IMPUTED_USAGE_FEATURES",Low,0.65,No recent usage; abandoned tool; imputed usage features.,rules-only,0.2.0-tcb,0.0,False,False,False,False,False,False,True,True,False,False,False,False,False,False,False,True,FITTING (KQ2P-06),1.8,55.0
500303806,0,0,0,N,Maintain,"NO_RECENT_USAGE,ABANDONED_TOOL,IMPUTED_USAGE_FEATURES",Low,0.65,No recent usage; abandoned tool; imputed usage features.,rules-only,0.2.0-tcb,0.0,False,False,False,False,False,False,True,True,False,False,False,False,False,False,False,True,(AT) ADAPTOR FOR TUBE D6,100.0,25.0
500307932,15,12,0,Y,Increase,"LONG_LEAD_TIME_RISK,SFM_DISAGREEMENT,MAX_CHANGE_EXCEEDS_THRESHOLD",Medium,0.8,Candidate source proposes 16 vs current 9.,rules-only,0.2.0-tcb,3540.6,False,False,False,False,False,True,False,False,False,False,False,False,False,True,True,False,INTERNAL CARBON BRUSH,236.04,63.0
500308254,0,0,0,N,Maintain,"NO_RECENT_USAGE,IMPUTED_USAGE_FEATURES",Low,0.65,No recent usage; imputed usage features.,rules-only,0.2.0-tcb,0.0,False,False,False,False,False,False,True,False,False,False,False,False,False,False,False,True,I/P SHUT OT  Z MTR FLEX CABLE,36.0,25.0
500308255,0,0,0,N,Maintain,"NO_RECENT_USAGE,IMPUTED_USAGE_FEATURES",Low,0.65,No recent usage; imputed usage features.,rules-only,0.2.0-tcb,0.0,False,False,False,False,False,False,True,False,False,False,False,False,False,False,False,True,Y SHUTTLE OT TABLE X ENC FLEX ASSY,36.0,50.0
500308256,0,0,0,N,Maintain,"NO_RECENT_USAGE,IMPUTED_USAGE_FEATURES",Low,0.65,No recent usage; imputed usage features.,rules-only,0.2.0-tcb,0.0,False,False,False,False,False,False,True,False,False,False,False,False,False,False,False,True,I/P SHUT OT  X MTR FLEX CABLE,36.0,50.0
500308257,0,0,0,N,Maintain,"NO_RECENT_USAGE,IMPUTED_USAGE_FEATURES",Low,0.65,No recent usage; imputed usage features.,rules-only,0.2.0-tcb,0.0,False,False,False,False,False,False,True,False,False,False,False,False,False,False,False,True,I/P SHUT ENC FLEX CABLE,36.0,15.0
500310519,0,0,0,Y,Maintain,"NO_RECENT_USAGE,ABANDONED_TOOL,IMPUTED_USAGE_FEATURES",Medium,0.65,No recent usage; abandoned tool; imputed usage features.,rules-only,0.2.0-tcb,0.0,False,False,False,False,False,False,True,True,False,False,False,False,False,False,False,True,"BAR-POP-U1-500-SIC,40121",3000.0,25.0
500311819,1,1,0,Y,Increase,"NO_RECENT_USAGE,LONG_LEAD_TIME_ZERO_STOCK,IMPUTED_USAGE_FEATURES",Medium,0.65,Dormant with a 95-day lead time — excluded from auto-clear.,rules-only,0.2.0-tcb,1400.0,False,False,False,False,False,False,True,False,False,False,False,False,True,False,False,True,AKBEW (MAGNET TOP PLATE VER) UGK,1400.0,95.0
500311823,1,1,0,Y,Increase,"NO_RECENT_USAGE,ZERO_RECOMMENDATION_OVERRIDE,AD_HOC_CONSUMPTION_RISK,SFM_DISAGREEMENT",Medium,0.7,"Source algorithm recommends 0 but the part carries risk (lead time 55d, on-hand 2); protective stock proposed instead of zero. candidate source proposes 1 vs current 0.",rules-only,0.2.0-tcb,101.0,False,False,False,False,False,False,True,False,False,False,True,True,False,True,False,False,ROD ASSY,101.0,55.0
500312458,0,0,0,N,Maintain,"NO_RECENT_USAGE,ABANDONED_TOOL,IMPUTED_USAGE_FEATURES",Low,0.65,No recent usage; abandoned tool; imputed usage features.,rules-only,0.2.0-tcb,0.0,False,False,False,False,False,False,True,True,False,False,False,False,False,False,False,True,RELA LINEAR SCALE ML=20MM,576.0,55.0
500312770,0,0,0,Y,Maintain,"NO_RECENT_USAGE,ABANDONED_TOOL,IMPUTED_USAGE_FEATURES",Medium,0.65,No recent usage; abandoned tool; imputed usage features.,rules-only,0.2.0-tcb,0.0,False,False,False,False,False,False,True,True,False,False,False,False,False,False,False,True,"BS PEDESTAL ASSY (BDW, ULT) (40X24X0.17)",9800.0,35.0
500312771,0,0,0,Y,Maintain,"NO_RECENT_USAGE,ABANDONED_TOOL,IMPUTED_USAGE_FEATURES",Medium,0.65,No recent usage; abandoned tool; imputed usage features.,rules-only,0.2.0-tcb,0.0,False,False,False,False,False,False,True,True,False,False,False,False,False,False,False,True,STA PICKHEAD ASSY SET (BDW),3650.0,25.0
500312773,1,1,0,Y,Maintain,"NO_RECENT_USAGE,ZERO_RECOMMENDATION_OVERRIDE,SFM_DISAGREEMENT,IMPUTED_USAGE_FEATURES",High,0.55,"Source algorithm recommends 0 but the part carries risk (lead time 25d, on-hand 1); protective stock proposed instead of zero. candidate source proposes 0 vs current 1.",rules-only,0.2.0-tcb,7200.0,False,False,False,False,False,False,True,False,False,False,True,False,False,True,False,True,STA PICKHEAD ASSY SET (ANNIE),7200.0,25.0
500312774,0,0,0,Y,Maintain,"NO_RECENT_USAGE,ABANDONED_TOOL,IMPUTED_USAGE_FEATURES",Medium,0.65,No recent usage; abandoned tool; imputed usage features.,rules-only,0.2.0-tcb,0.0,False,False,False,False,False,False,True,True,False,False,False,False,False,False,False,True,PEDESTAL -SKL ULT 2+2,9800.0,25.0
500312776,1,1,0,Y,Increase,"NO_RECENT_USAGE,ZERO_RECOMMENDATION_OVERRIDE,AD_HOC_CONSUMPTION_RISK,IMPUTED_USAGE_FEATURES",High,0.65,"Source algorithm recommends 0 but the part carries risk (lead time 84d, on-hand 0); protective stock proposed instead of zero.",rules-only,0.2.0-tcb,9800.0,False,False,False,False,False,False,True,False,False,False,True,True,False,False,False,True,BS PEDESTAL ASSY (ND5) 50X50X0.17,9800.0,84.0
500312777,0,0,0,Y,Maintain,"NO_RECENT_USAGE,ABANDONED_TOOL,IMPUTED_USAGE_FEATURES",Medium,0.65,No recent usage; abandoned tool; imputed usage features.,rules-only,0.2.0-tcb,0.0,False,False,False,False,False,False,True,True,False,False,False,False,False,False,False,True,STA PICKHEAD ASSY SET (CHT),3100.0,25.0
500312778,0,0,0,Y,Maintain,"NO_RECENT_USAGE,ABANDONED_TOOL,IMPUTED_USAGE_FEATURES",Medium,0.65,No recent usage; abandoned tool; imputed usage features.,rules-only,0.2.0-tcb,0.0,False,False,False,False,False,False,True,True,False,False,False,False,False,False,False,True,TCB STA ND5  HYBRID 4UP 50X50,4800.0,55.0
500312779,0,0,0,Y,Maintain,"NO_RECENT_USAGE,ABANDONED_TOOL,IMPUTED_USAGE_FEATURES",Medium,0.65,No recent usage; abandoned tool; imputed usage features.,rules-only,0.2.0-tcb,0.0,False,False,False,False,False,False,True,True,False,False,False,False,False,False,False,True,BS PEDESTAL ASSY (CHT) (74X227.6X0.17),11600.0,25.0
500312781,0,0,0,Y,Maintain,"NO_RECENT_USAGE,ABANDONED_TOOL,IMPUTED_USAGE_FEATURES",Medium,0.65,No recent usage; abandoned tool; imputed usage features.,rules-only,0.2.0-tcb,0.0,False,False,False,False,False,False,True,True,False,False,False,False,False,False,False,True,BS PED ASSY (SKY ULT 2+3E)(24X42X0.17),9800.0,25.0
500312782,0,0,0,Y,Maintain,"NO_RECENT_USAGE,ABANDONED_TOOL,IMPUTED_USAGE_FEATURES",Medium,0.65,No recent usage; abandoned tool; imputed usage features.,rules-only,0.2.0-tcb,0.0,False,False,False,False,False,False,True,True,False,False,False,False,False,False,False,True,"STA PICKHEAD ASSY SET(SKY A0, STIFFENER)",4250.0,25.0
500312783,0,0,0,Y,Maintain,"NO_RECENT_USAGE,ABANDONED_TOOL,IMPUTED_USAGE_FEATURES",Medium,0.65,No recent usage; abandoned tool; imputed usage features.,rules-only,0.2.0-tcb,0.0,False,False,False,False,False,False,True,True,False,False,False,False,False,False,False,True,BS P ASSY (HALO 4+4E REV1) (42X28X0.17),9800.0,25.0
500312784,1,1,0,Y,Maintain,"NO_RECENT_USAGE,ZERO_RECOMMENDATION_OVERRIDE,SFM_DISAGREEMENT,IMPUTED_USAGE_FEATURES",Medium,0.55,"Source algorithm recommends 0 but the part carries risk (lead time 25d, on-hand 1); protective stock proposed instead of zero. candidate source proposes 0 vs current 1.",rules-only,0.2.0-tcb,3650.0,False,False,False,False,False,False,True,False,False,False,True,False,False,True,False,True,STA PICKHEAD ASSY SET (SKY HALO 4+4E),3650.0,25.0
500312927,0,0,0,N,Maintain,"NO_RECENT_USAGE,ABANDONED_TOOL,IMPUTED_USAGE_FEATURES",Low,0.65,No recent usage; abandoned tool; imputed usage features.,rules-only,0.2.0-tcb,0.0,False,False,False,False,False,False,True,True,False,False,False,False,False,False,False,True,FUSE 5X20MM T 10A 250V,0.89,55.0
500313019,1,1,0,Y,Increase,"NO_RECENT_USAGE,ZERO_RECOMMENDATION_OVERRIDE,AD_HOC_CONSUMPTION_RISK,IMPUTED_USAGE_FEATURES",High,0.65,"Source algorithm recommends 0 but the part carries risk (lead time 120d, on-hand 0); protective stock proposed instead of zero.",rules-only,0.2.0-tcb,11600.0,False,False,False,False,False,False,True,False,False,False,True,True,False,False,False,True,BS PEDESTAL ASSY  (PPARK) (66X230X0.17),11600.0,120.0
500313178,1,1,0,Y,Increase,"NO_RECENT_USAGE,ZERO_RECOMMENDATION_OVERRIDE,AD_HOC_CONSUMPTION_RISK,IMPUTED_USAGE_FEATURES",Medium,0.65,"Source algorithm recommends 0 but the part carries risk (lead time 70d, on-hand 0); protective stock proposed instead of zero.",rules-only,0.2.0-tcb,712.0,False,False,False,False,False,False,True,False,False,False,True,True,False,False,False,True,BANK 2 WITH KINEMATICS ASSY (34X24),712.0,70.0
500313179,1,1,0,Y,Increase,"NO_RECENT_USAGE,ZERO_RECOMMENDATION_OVERRIDE,AD_HOC_CONSUMPTION_RISK,IMPUTED_USAGE_FEATURES",Medium,0.65,"Source algorithm recommends 0 but the part carries risk (lead time 84d, on-hand 0); protective stock proposed instead of zero.",rules-only,0.2.0-tcb,712.0,False,False,False,False,False,False,True,False,False,False,True,True,False,False,False,True,BANK 1 WITH KINEMATICS ASSY (34X24),712.0,84.0
500313180,1,1,0,Y,Increase,"NO_RECENT_USAGE,ZERO_RECOMMENDATION_OVERRIDE,AD_HOC_CONSUMPTION_RISK,IMPUTED_USAGE_FEATURES",Medium,0.65,"Source algorithm recommends 0 but the part carries risk (lead time 70d, on-hand 0); protective stock proposed instead of zero.",rules-only,0.2.0-tcb,712.0,False,False,False,False,False,False,True,False,False,False,True,True,False,False,False,True,BANK 3 WITH KINEMATICS ASSY (34X24),712.0,70.0
500313313,1,1,0,Y,Increase,"NO_RECENT_USAGE,ZERO_RECOMMENDATION_OVERRIDE,AD_HOC_CONSUMPTION_RISK,IMPUTED_USAGE_FEATURES",Medium,0.65,"Source algorithm recommends 0 but the part carries risk (lead time 70d, on-hand 0); protective stock proposed instead of zero.",rules-only,0.2.0-tcb,89.89,False,False,False,False,False,False,True,False,False,False,True,True,False,False,False,True,SUB EXI L FLEX CABLE ASSY,89.89,70.0
500313781,0,0,0,N,Maintain,"NO_RECENT_USAGE,ABANDONED_TOOL,IMPUTED_USAGE_FEATURES",Low,0.65,No recent usage; abandoned tool; imputed usage features.,rules-only,0.2.0-tcb,0.0,False,False,False,False,False,False,True,True,False,False,False,False,False,False,False,True,STRAIGHT UNION,4.45,25.0
500313950,0,0,0,N,Maintain,"NO_RECENT_USAGE,IMPUTED_USAGE_FEATURES",Low,0.65,No recent usage; imputed usage features.,rules-only,0.2.0-tcb,0.0,False,False,False,False,False,False,True,False,False,False,False,False,False,False,False,True,RIGHT WORKCHUCK X MOTOR COIL,534.0,25.0
500313951,0,0,0,N,Maintain,"NO_RECENT_USAGE,ABANDONED_TOOL,IMPUTED_USAGE_FEATURES",Low,0.65,No recent usage; abandoned tool; imputed usage features.,rules-only,0.2.0-tcb,0.0,False,False,False,False,False,False,True,True,False,False,False,False,False,False,False,True,LEFT WORKCHUCK X AUX MOTOR COIL,534.0,25.0
500313952,0,0,0,N,Maintain,"NO_RECENT_USAGE,IMPUTED_USAGE_FEATURES",Low,0.65,No recent usage; imputed usage features.,rules-only,0.2.0-tcb,0.0,False,False,False,False,False,False,True,False,False,False,False,False,False,False,False,True,RIGHT WORKCHUCK X AUX MOTOR COIL,534.0,25.0
500315046,0,0,0,N,Maintain,"NO_RECENT_USAGE,IMPUTED_USAGE_FEATURES",Low,0.65,No recent usage; imputed usage features.,rules-only,0.2.0-tcb,0.0,False,False,False,False,False,False,True,False,False,False,False,False,False,False,False,True,NDIIIS CONTROLPOWERMODULE,1134.21,10.0
500315048,0,0,0,Y,Maintain,"NO_RECENT_USAGE,ABANDONED_TOOL,IMPUTED_USAGE_FEATURES",Medium,0.65,No recent usage; abandoned tool; imputed usage features.,rules-only,0.2.0-tcb,0.0,False,False,False,False,False,False,True,True,False,False,False,False,False,False,False,True,NUDRIVE-3S: EXTENDED POWER MODULE,3373.41,53.0
500315055,0,0,0,Y,Maintain,"ABANDONED_TOOL,IMPUTED_USAGE_FEATURES",Medium,0.65,Abandoned tool; imputed usage features.,rules-only,0.2.0-tcb,0.0,False,False,False,False,False,False,False,True,False,False,False,False,False,False,False,True,NUDRIVE-3S: EXTENDED POWER MODULE,2650.42,15.0
500316161,0,0,0,N,Maintain,"NO_RECENT_USAGE,ABANDONED_TOOL,IMPUTED_USAGE_FEATURES",Low,0.65,No recent usage; abandoned tool; imputed usage features.,rules-only,0.2.0-tcb,0.0,False,False,False,False,False,False,True,True,False,False,False,False,False,False,False,True,"DOOR HANDLE, PULL, POCKET SERIES, FLUSH",24.0,20.0
500316163,0,0,0,N,Maintain,"NO_RECENT_USAGE,ABANDONED_TOOL,IMPUTED_USAGE_FEATURES",Low,0.65,No recent usage; abandoned tool; imputed usage features.,rules-only,0.2.0-tcb,0.0,False,False,False,False,False,False,True,True,False,False,False,False,False,False,False,True,"UPPER COVER HANDLE, ERGONOMIC ARM S2-S8",26.0,20.0
500316483,1,1,0,Y,Maintain,"NO_RECENT_USAGE,ZERO_RECOMMENDATION_OVERRIDE,AD_HOC_CONSUMPTION_RISK,SFM_DISAGREEMENT,IMPUTED_USAGE_FEATURES",High,0.55,"Source algorithm recommends 0 but the part carries risk (lead time 45d, on-hand 1); protective stock proposed instead of zero. candidate source proposes 0 vs current 1.",rules-only,0.2.0-tcb,9800.0,False,False,False,False,False,False,True,False,False,False,True,True,False,True,False,True,PEDESTAL-BRD-EP,9800.0,45.0
500316485,1,1,0,Y,Maintain,"NO_RECENT_USAGE,ZERO_RECOMMENDATION_OVERRIDE,AD_HOC_CONSUMPTION_RISK,SFM_DISAGREEMENT,IMPUTED_USAGE_FEATURES",Medium,0.55,"Source algorithm recommends 0 but the part carries risk (lead time 62d, on-hand 1); protective stock proposed instead of zero. candidate source proposes 0 vs current 1.",rules-only,0.2.0-tcb,3100.0,False,False,False,False,False,False,True,False,False,False,True,True,False,True,False,True,STA PICKHEAD ASSY SET (SKX_XCC),3100.0,62.0
500316488,1,1,0,Y,Increase,"NO_RECENT_USAGE,ZERO_RECOMMENDATION_OVERRIDE,AD_HOC_CONSUMPTION_RISK,IMPUTED_USAGE_FEATURES",High,0.65,"Source algorithm recommends 0 but the part carries risk (lead time 70d, on-hand 0); protective stock proposed instead of zero.",rules-only,0.2.0-tcb,9800.0,False,False,False,False,False,False,True,False,False,False,True,True,False,False,False,True,BS PEDESTAL A (SKX_XCC_CP)(48X37.5X0.17),9800.0,70.0
500316650,1,1,0,Y,Increase,"NO_RECENT_USAGE,ZERO_RECOMMENDATION_OVERRIDE,AD_HOC_CONSUMPTION_RISK,IMPUTED_USAGE_FEATURES",Medium,0.65,"Source algorithm recommends 0 but the part carries risk (lead time 57d, on-hand 1); protective stock proposed instead of zero.",rules-only,0.2.0-tcb,394.17,False,False,False,False,False,False,True,False,False,False,True,True,False,False,False,True,HONEYWELL OXYGEN O2 SENSOR CARTRIDGE,394.17,57.0
500316923,0,0,0,Y,Maintain,"NO_RECENT_USAGE,ABANDONED_TOOL,IMPUTED_USAGE_FEATURES",Medium,0.65,No recent usage; abandoned tool; imputed usage features.,rules-only,0.2.0-tcb,0.0,False,False,False,False,False,False,True,True,False,False,False,False,False,False,False,True,BAR TYPE IONIZER,2496.45,10.0
500317475,0,0,0,N,Maintain,"NO_RECENT_USAGE,IMPUTED_USAGE_FEATURES",Low,0.65,No recent usage; imputed usage features.,rules-only,0.2.0-tcb,0.0,False,False,False,False,False,False,True,False,False,False,False,False,False,False,False,True,NU MOTION CONTROLLER BOARD,993.64,10.0
500318166,1,1,0,Y,Maintain,"NO_RECENT_USAGE,ZERO_RECOMMENDATION_OVERRIDE,SFM_DISAGREEMENT,IMPUTED_USAGE_FEATURES",Medium,0.55,"Source algorithm recommends 0 but the part carries risk (lead time 25d, on-hand 2); protective stock proposed instead of zero. candidate source proposes 0 vs current 1.",rules-only,0.2.0-tcb,3650.0,False,False,False,False,False,False,True,False,False,False,True,False,False,True,False,True,STA PICKHEAD ASSY SET (CCRK),3650.0,25.0
500318170,1,1,0,Y,Maintain,"NO_RECENT_USAGE,ZERO_RECOMMENDATION_OVERRIDE,SFM_DISAGREEMENT,IMPUTED_USAGE_FEATURES",Medium,0.55,"Source algorithm recommends 0 but the part carries risk (lead time 25d, on-hand 2); protective stock proposed instead of zero. candidate source proposes 0 vs current 1.",rules-only,0.2.0-tcb,3100.0,False,False,False,False,False,False,True,False,False,False,True,False,False,True,False,True,STA PICKHEAD ASSY SET (ANF),3100.0,25.0
500318174,0,0,0,Y,Maintain,"NO_RECENT_USAGE,ABANDONED_TOOL,IMPUTED_USAGE_FEATURES",Medium,0.65,No recent usage; abandoned tool; imputed usage features.,rules-only,0.2.0-tcb,0.0,False,False,False,False,False,False,True,True,False,False,False,False,False,False,False,True,TCB PEDESTAL SDP 4UP 55X55,9800.0,25.0
500318188,0,0,0,Y,Maintain,"NO_RECENT_USAGE,ABANDONED_TOOL,IMPUTED_USAGE_FEATURES",Medium,0.65,No recent usage; abandoned tool; imputed usage features.,rules-only,0.2.0-tcb,0.0,False,False,False,False,False,False,True,True,False,False,False,False,False,False,False,True,STA PICKHEAD ASSY SET (CNL TMTV),3100.0,25.0
500318193,1,1,0,Y,Increase,"NO_RECENT_USAGE,ZERO_RECOMMENDATION_OVERRIDE,AD_HOC_CONSUMPTION_RISK,IMPUTED_USAGE_FEATURES",High,0.65,"Source algorithm recommends 0 but the part carries risk (lead time 68d, on-hand 0); protective stock proposed instead of zero.",rules-only,0.2.0-tcb,9800.0,False,False,False,False,False,False,True,False,False,False,True,True,False,False,False,True,TCB PEDESTAL ND5 2XCVR 5UP 42.5X42.5,9800.0,68.0
500318195,1,1,0,Y,Increase,"NO_RECENT_USAGE,ZERO_RECOMMENDATION_OVERRIDE,AD_HOC_CONSUMPTION_RISK,IMPUTED_USAGE_FEATURES",Medium,0.65,"Source algorithm recommends 0 but the part carries risk (lead time 60d, on-hand 0); protective stock proposed instead of zero.",rules-only,0.2.0-tcb,3650.0,False,False,False,False,False,False,True,False,False,False,True,True,False,False,False,True,TCB STA ND5 2XCVR 5UP 42.5X42.5,3650.0,60.0
500318197,0,0,0,Y,Maintain,"NO_RECENT_USAGE,ABANDONED_TOOL,IMPUTED_USAGE_FEATURES",Medium,0.65,No recent usage; abandoned tool; imputed usage features.,rules-only,0.2.0-tcb,0.0,False,False,False,False,False,False,True,True,False,False,False,False,False,False,False,True,BS PEDESTAL ASSY (CNL U22) (24X45X0.17),9800.0,25.0
500318198,0,0,0,Y,Maintain,"NO_RECENT_USAGE,ABANDONED_TOOL,IMPUTED_USAGE_FEATURES",Medium,0.65,No recent usage; abandoned tool; imputed usage features.,rules-only,0.2.0-tcb,0.0,False,False,False,False,False,False,True,True,False,False,False,False,False,False,False,True,STA - PER PAIR - CNL U22,3100.0,25.0
500318199,1,1,0,Y,Maintain,"NO_RECENT_USAGE,ZERO_RECOMMENDATION_OVERRIDE,AD_HOC_CONSUMPTION_RISK,SFM_DISAGREEMENT,IMPUTED_USAGE_FEATURES",High,0.55,"Source algorithm recommends 0 but the part carries risk (lead time 77d, on-hand 1); protective stock proposed instead of zero. candidate source proposes 0 vs current 1.",rules-only,0.2.0-tcb,9800.0,False,False,False,False,False,False,True,False,False,False,True,True,False,True,False,True,TCB PEDESTAL SKX DE 52.5X45,9800.0,77.0
500318205,1,1,0,Y,Increase,"NO_RECENT_USAGE,ZERO_RECOMMENDATION_OVERRIDE,AD_HOC_CONSUMPTION_RISK,IMPUTED_USAGE_FEATURES",High,0.65,"Source algorithm recommends 0 but the part carries risk (lead time 128d, on-hand 0); protective stock proposed instead of zero.",rules-only,0.2.0-tcb,9440.0,False,False,False,False,False,False,True,False,False,False,True,True,False,False,False,True,COG PEDESTAL ASSY FOR CAP SENSOR,9440.0,128.0
500318240,1,1,0,Y,Increase,"NO_RECENT_USAGE,ZERO_RECOMMENDATION_OVERRIDE,AD_HOC_CONSUMPTION_RISK,IMPUTED_USAGE_FEATURES",Medium,0.65,"Source algorithm recommends 0 but the part carries risk (lead time 70d, on-hand 15); protective stock proposed instead of zero.",rules-only,0.2.0-tcb,7.12,False,False,False,False,False,False,True,False,False,False,True,True,False,False,False,True,STEEL WIRE CLAMP,7.12,70.0
500319164,1,1,0,Y,Increase,"NO_RECENT_USAGE,LONG_LEAD_TIME_ZERO_STOCK,IMPUTED_USAGE_FEATURES",Medium,0.65,Dormant with a 73-day lead time — excluded from auto-clear.,rules-only,0.2.0-tcb,3236.04,False,False,False,False,False,False,True,False,False,False,False,False,True,False,False,True,HVMOTY MOTOR,3236.04,73.0
500319166,0,0,0,N,Maintain,"NO_RECENT_USAGE,ABANDONED_TOOL,IMPUTED_USAGE_FEATURES",Low,0.65,No recent usage; abandoned tool; imputed usage features.,rules-only,0.2.0-tcb,0.0,False,False,False,False,False,False,True,True,False,False,False,False,False,False,False,True,HVMOTX MOTOR,995.24,15.0
500319859,1,1,0,Y,Increase,"NO_RECENT_USAGE,ZERO_RECOMMENDATION_OVERRIDE,AD_HOC_CONSUMPTION_RISK,IMPUTED_USAGE_FEATURES",Medium,0.65,"Source algorithm recommends 0 but the part carries risk (lead time 65d, on-hand 1); protective stock proposed instead of zero.",rules-only,0.2.0-tcb,24.77,False,False,False,False,False,False,True,False,False,False,True,True,False,False,False,True,ACTUATOR,24.77,65.0
500320265,2,1,0,Y,Maintain,"LONG_LEAD_TIME_RISK,ZERO_RECOMMENDATION_OVERRIDE,SFM_DISAGREEMENT,MAX_CHANGE_EXCEEDS_THRESHOLD",Medium,0.8,"Source algorithm recommends 0 but the part carries risk (lead time 78d, on-hand 1); protective stock proposed instead of zero. candidate source proposes 9 vs current 2.",rules-only,0.2.0-tcb,1718.84,False,False,False,False,False,True,False,False,False,False,True,False,False,True,True,False,PLASMA JET NOZZLE PTF 2651-2,859.42,78.0
500320316,1,1,0,Y,Maintain,"NO_RECENT_USAGE,ZERO_RECOMMENDATION_OVERRIDE,AD_HOC_CONSUMPTION_RISK,SFM_DISAGREEMENT,IMPUTED_USAGE_FEATURES",Medium,0.55,"Source algorithm recommends 0 but the part carries risk (lead time 75d, on-hand 1); protective stock proposed instead of zero. candidate source proposes 0 vs current 1.",rules-only,0.2.0-tcb,3650.0,False,False,False,False,False,False,True,False,False,False,True,True,False,True,False,True,TCB STA SKX LCC 34.5 X 37.5,3650.0,75.0
500320319,1,1,0,Y,Maintain,"NO_RECENT_USAGE,ZERO_RECOMMENDATION_OVERRIDE,AD_HOC_CONSUMPTION_RISK,SFM_DISAGREEMENT,IMPUTED_USAGE_FEATURES",High,0.55,"Source algorithm recommends 0 but the part carries risk (lead time 66d, on-hand 2); protective stock proposed instead of zero. candidate source proposes 0 vs current 1.",rules-only,0.2.0-tcb,9800.0,False,False,False,False,False,False,True,False,False,False,True,True,False,True,False,True,TCB PEDESTAL SKX LCC 34.5 X 37.5,9800.0,66.0
500320434,0,0,0,N,Maintain,"NO_RECENT_USAGE,ABANDONED_TOOL,IMPUTED_USAGE_FEATURES",Low,0.65,No recent usage; abandoned tool; imputed usage features.,rules-only,0.2.0-tcb,0.0,False,False,False,False,False,False,True,True,False,False,False,False,False,False,False,True,0.6MM CLEANING ROD,27.96,20.0
500320435,0,0,0,N,Maintain,"NO_RECENT_USAGE,ABANDONED_TOOL,IMPUTED_USAGE_FEATURES",Low,0.65,No recent usage; abandoned tool; imputed usage features.,rules-only,0.2.0-tcb,0.0,False,False,False,False,False,False,True,True,False,False,False,False,False,False,False,True,0.7 MM CLEANING ROD,21.51,20.0
500320779,1,1,0,Y,Increase,"NO_RECENT_USAGE,ZERO_RECOMMENDATION_OVERRIDE,AD_HOC_CONSUMPTION_RISK,IMPUTED_USAGE_FEATURES",Medium,0.65,"Source algorithm recommends 0 but the part carries risk (lead time 70d, on-hand 0); protective stock proposed instead of zero.",rules-only,0.2.0-tcb,160.0,False,False,False,False,False,False,True,False,False,False,True,True,False,False,False,True,BH HEATER COVER (STRAIGHT CUT VER.),160.0,70.0
500321452,1,1,0,Y,Increase,ZERO_RECOMMENDATION_OVERRIDE,Medium,0.8,"Source algorithm recommends 0 but the part carries risk (lead time 25d, on-hand 3); protective stock proposed instead of zero.",rules-only,0.2.0-tcb,212.0,False,False,False,False,False,False,False,False,False,False,True,False,False,False,False,False,SURFACE PROBE TYPE K,212.0,25.0
500322503,0,0,0,Y,Maintain,"NO_RECENT_USAGE,ABANDONED_TOOL,IMPUTED_USAGE_FEATURES",Medium,0.65,No recent usage; abandoned tool; imputed usage features.,rules-only,0.2.0-tcb,0.0,False,False,False,False,False,False,True,True,False,False,False,False,False,False,False,True,BS PEDESTAL ASSY (KBL ULT 42) 42X24X0.17,9800.0,25.0
500324631,1,1,0,Y,Increase,"NO_RECENT_USAGE,ZERO_RECOMMENDATION_OVERRIDE,AD_HOC_CONSUMPTION_RISK,IMPUTED_USAGE_FEATURES",High,0.65,"Source algorithm recommends 0 but the part carries risk (lead time 85d, on-hand 1); protective stock proposed instead of zero.",rules-only,0.2.0-tcb,9000.0,False,False,False,False,False,False,True,False,False,False,True,True,False,False,False,True,SWING DOOR IMPROVEMENT,9000.0,85.0
500324947,0,0,0,N,Maintain,"NO_RECENT_USAGE,IMPUTED_USAGE_FEATURES",Low,0.65,No recent usage; imputed usage features.,rules-only,0.2.0-tcb,0.0,False,False,False,False,False,False,True,False,False,False,False,False,False,False,False,True,NUDRIVE FLAT  MODULE CABLE,35.0,55.0
500324948,0,0,0,N,Maintain,"NO_RECENT_USAGE,IMPUTED_USAGE_FEATURES",Low,0.65,No recent usage; imputed usage features.,rules-only,0.2.0-tcb,0.0,False,False,False,False,False,False,True,False,False,False,False,False,False,False,False,True,NUDRIVE FLAT  MODULE CABLE,35.0,55.0
500324949,0,0,0,N,Maintain,"NO_RECENT_USAGE,IMPUTED_USAGE_FEATURES",Low,0.65,No recent usage; imputed usage features.,rules-only,0.2.0-tcb,0.0,False,False,False,False,False,False,True,False,False,False,False,False,False,False,False,True,NUDRIVE FLAT  MODULE CABLE,35.0,55.0
500324950,0,0,0,N,Maintain,"NO_RECENT_USAGE,IMPUTED_USAGE_FEATURES",Low,0.65,No recent usage; imputed usage features.,rules-only,0.2.0-tcb,0.0,False,False,False,False,False,False,True,False,False,False,False,False,False,False,False,True,NUDRIVE FLAT  MODULE CABLE,35.0,55.0
500324977,0,0,0,N,Maintain,"NO_RECENT_USAGE,IMPUTED_USAGE_FEATURES",Low,0.65,No recent usage; imputed usage features.,rules-only,0.2.0-tcb,0.0,False,False,False,False,False,False,True,False,False,False,False,False,False,False,False,True,NU MOTION CONTROLLER BOARD,1475.0,25.0
500326896,1,1,0,Y,Maintain,"NO_RECENT_USAGE,ZERO_RECOMMENDATION_OVERRIDE,SFM_DISAGREEMENT",Medium,0.7,"Source algorithm recommends 0 but the part carries risk (lead time 40d, on-hand 13); protective stock proposed instead of zero. candidate source proposes 0 vs current 1.",rules-only,0.2.0-tcb,120.0,False,False,False,False,False,False,True,False,False,False,True,False,False,True,False,False,TIP TILT SOL ASSY,120.0,40.0
500328938,1,1,0,Y,Maintain,"HIGH_COST_INCREASE_REVIEW,ZERO_RECOMMENDATION_OVERRIDE,SFM_DISAGREEMENT,MAX_CHANGE_EXCEEDS_THRESHOLD",High,0.7,"Source algorithm recommends 0 but the part carries risk (lead time 30d, on-hand 1); protective stock proposed instead of zero. candidate source proposes 3 vs current 1.",rules-only,0.2.0-tcb,19487.09,False,False,False,True,False,False,False,False,False,False,True,False,False,True,True,False,PLASMA JET RD1004S ASSEMBLY UNIT,19487.09,30.0
500328940,1,1,0,Y,Increase,"NO_RECENT_USAGE,ZERO_RECOMMENDATION_OVERRIDE,AD_HOC_CONSUMPTION_RISK",High,0.8,"Source algorithm recommends 0 but the part carries risk (lead time 78d, on-hand 3); protective stock proposed instead of zero.",rules-only,0.2.0-tcb,12221.55,False,False,False,False,False,False,True,False,False,False,True,True,False,False,False,False,WRS1501MODULE CAN MFM-220 APPJ DUAL HEAD,12221.55,78.0
500328942,1,1,0,Y,Maintain,"NO_RECENT_USAGE,ZERO_RECOMMENDATION_OVERRIDE,SFM_DISAGREEMENT,IMPUTED_USAGE_FEATURES",High,0.55,"Source algorithm recommends 0 but the part carries risk (lead time 30d, on-hand 5); protective stock proposed instead of zero. candidate source proposes 0 vs current 1.",rules-only,0.2.0-tcb,17394.15,False,False,False,False,False,False,True,False,False,False,True,False,False,True,False,True,"PCU 1604,DUAL HEAD ONLY",17394.15,30.0
500330194,1,1,0,Y,Increase,"NO_RECENT_USAGE,ZERO_RECOMMENDATION_OVERRIDE,AD_HOC_CONSUMPTION_RISK,IMPUTED_USAGE_FEATURES",Medium,0.65,"Source algorithm recommends 0 but the part carries risk (lead time 65d, on-hand 0); protective stock proposed instead of zero.",rules-only,0.2.0-tcb,3650.0,False,False,False,False,False,False,True,False,False,False,True,True,False,False,False,True,STA PICKHEAD ASSY SET (CFL U23E),3650.0,65.0
500330197,0,0,0,N,Maintain,"NO_RECENT_USAGE,IMPUTED_USAGE_FEATURES",Low,0.65,No recent usage; imputed usage features.,rules-only,0.2.0-tcb,0.0,False,False,False,False,False,False,True,False,False,False,False,False,False,False,False,True,VACUUM SENSOR MOUNT (SENSOR ABOVE),31.0,55.0
500330198,0,0,0,N,Maintain,"NO_RECENT_USAGE,IMPUTED_USAGE_FEATURES",Low,0.65,No recent usage; imputed usage features.,rules-only,0.2.0-tcb,0.0,False,False,False,False,False,False,True,False,False,False,False,False,False,False,False,True,TAPERED ROLLER BEARING 15X35X11.75,14.5,59.0
500332017,0,0,0,Y,Maintain,"NO_RECENT_USAGE,ABANDONED_TOOL,IMPUTED_USAGE_FEATURES",Medium,0.65,No recent usage; abandoned tool; imputed usage features.,rules-only,0.2.0-tcb,0.0,False,False,False,False,False,False,True,True,False,False,False,False,False,False,False,True,STA PICKHEAD ASSY SET (SKX FPGA),3100.0,48.0
500332508,1,1,0,Y,Maintain,"NO_RECENT_USAGE,ZERO_RECOMMENDATION_OVERRIDE,SFM_DISAGREEMENT,IMPUTED_USAGE_FEATURES",Medium,0.55,"Source algorithm recommends 0 but the part carries risk (lead time 40d, on-hand 1); protective stock proposed instead of zero. candidate source proposes 0 vs current 1.",rules-only,0.2.0-tcb,3250.0,False,False,False,False,False,False,True,False,False,False,True,False,False,True,False,True,"40180,S,1MM, 07.761 X 11.76",3250.0,40.0
500332592,0,0,0,N,Maintain,"NO_RECENT_USAGE,IMPUTED_USAGE_FEATURES",Low,0.65,No recent usage; imputed usage features.,rules-only,0.2.0-tcb,0.0,False,False,False,False,False,False,True,False,False,False,False,False,False,False,False,True,TIMING PULLEY,17.0,38.0
500332777,0,0,0,N,Maintain,"NO_RECENT_USAGE,ABANDONED_TOOL,IMPUTED_USAGE_FEATURES",Low,0.65,No recent usage; abandoned tool; imputed usage features.,rules-only,0.2.0-tcb,0.0,False,False,False,False,False,False,True,True,False,False,False,False,False,False,False,True,CURRENT MONITOR BOARD,566.49,40.0
500335600,1,1,0,Y,Increase,"NO_RECENT_USAGE,ZERO_RECOMMENDATION_OVERRIDE,AD_HOC_CONSUMPTION_RISK,IMPUTED_USAGE_FEATURES",Medium,0.65,"Source algorithm recommends 0 but the part carries risk (lead time 75d, on-hand 1); protective stock proposed instead of zero.",rules-only,0.2.0-tcb,14.24,False,False,False,False,False,False,True,False,False,False,True,True,False,False,False,True,SELF-SEAL BULKHEAD UNION KCE06-00,14.24,75.0
500336758,1,1,0,Y,Increase,"NO_RECENT_USAGE,ZERO_RECOMMENDATION_OVERRIDE,AD_HOC_CONSUMPTION_RISK,IMPUTED_USAGE_FEATURES",Medium,0.65,"Source algorithm recommends 0 but the part carries risk (lead time 95d, on-hand 0); protective stock proposed instead of zero.",rules-only,0.2.0-tcb,107.69,False,False,False,False,False,False,True,False,False,False,True,True,False,False,False,True,CONVERSION ADAPTOR ASSY RIGHT,107.69,95.0
500336949,0,0,0,N,Maintain,"NO_RECENT_USAGE,ABANDONED_TOOL,IMPUTED_USAGE_FEATURES",Low,0.65,No recent usage; abandoned tool; imputed usage features.,rules-only,0.2.0-tcb,0.0,False,False,False,False,False,False,True,True,False,False,False,False,False,False,False,True,"ADAPTOR,ASSY,LEFT,CONVERSION,HARDSTOP",121.0,55.0
500337076,0,0,0,Y,Maintain,"NO_RECENT_USAGE,ABANDONED_TOOL,IMPUTED_USAGE_FEATURES",Medium,0.65,No recent usage; abandoned tool; imputed usage features.,rules-only,0.2.0-tcb,0.0,False,False,False,False,False,False,True,True,False,False,False,False,False,False,False,True,BALLSCREW CONICAL FLEXURE ASSEMBLY,13372.25,25.0
500337311,0,0,0,N,Maintain,"NO_RECENT_USAGE,IMPUTED_USAGE_FEATURES",Low,0.65,No recent usage; imputed usage features.,rules-only,0.2.0-tcb,0.0,False,False,False,False,False,False,True,False,False,False,False,False,False,False,False,True,CONVEYOR MOTOR PULLEY,35.6,25.0
500337312,1,1,0,Y,Increase,"HIGH_COST_INCREASE_REVIEW,NO_RECENT_USAGE,ZERO_RECOMMENDATION_OVERRIDE,AD_HOC_CONSUMPTION_RISK,SFM_DISAGREEMENT",High,0.7,"Source algorithm recommends 0 but the part carries risk (lead time 141d, on-hand 1); protective stock proposed instead of zero. candidate source proposes 1 vs current 0.",rules-only,0.2.0-tcb,9923.95,False,False,False,True,False,False,True,False,False,False,True,True,False,True,False,False,UP- DOWN-LOOKING OPTICS,9923.95,141.0
500337714,1,1,0,Y,Increase,"NO_RECENT_USAGE,ZERO_RECOMMENDATION_OVERRIDE,AD_HOC_CONSUMPTION_RISK,IMPUTED_USAGE_FEATURES",Medium,0.65,"Source algorithm recommends 0 but the part carries risk (lead time 65d, on-hand 5); protective stock proposed instead of zero.",rules-only,0.2.0-tcb,62.48,False,False,False,False,False,False,True,False,False,False,True,True,False,False,False,True,NOZZLE TYPE 4135/6135 CPL.CERAMIC,62.48,65.0
500338556,50,1,0,Y,Increase,"ZERO_RECOMMENDATION_OVERRIDE,AD_HOC_CONSUMPTION_RISK,IMPUTED_USAGE_FEATURES",Medium,0.65,"Source algorithm recommends 0 but the part carries risk (lead time 75d, on-hand 7); protective stock proposed instead of zero.",rules-only,0.2.0-tcb,44.5,False,False,False,False,False,False,False,False,False,False,True,True,False,False,False,True,O-RING 1.00 X 1.50 ID 70 NBR,0.89,75.0
500338915,1,1,0,Y,Increase,"NO_RECENT_USAGE,ZERO_RECOMMENDATION_OVERRIDE,AD_HOC_CONSUMPTION_RISK,IMPUTED_USAGE_FEATURES",Medium,0.65,"Source algorithm recommends 0 but the part carries risk (lead time 75d, on-hand 1); protective stock proposed instead of zero.",rules-only,0.2.0-tcb,48.06,False,False,False,False,False,False,True,False,False,False,True,True,False,False,False,True,THERMA S/W CABLE ASSY,48.06,75.0
500338916,0,0,0,N,Maintain,"NO_RECENT_USAGE,ABANDONED_TOOL,IMPUTED_USAGE_FEATURES",Low,0.65,No recent usage; abandoned tool; imputed usage features.,rules-only,0.2.0-tcb,0.0,False,False,False,False,False,False,True,True,False,False,False,False,False,False,False,True,FUSE 5X20MM T 4A 250V,1.0,48.0
500339306,1,1,0,Y,Maintain,"NO_RECENT_USAGE,ZERO_RECOMMENDATION_OVERRIDE,SFM_DISAGREEMENT,IMPUTED_USAGE_FEATURES",Medium,0.55,"Source algorithm recommends 0 but the part carries risk (lead time 10d, on-hand 1); protective stock proposed instead of zero. candidate source proposes 0 vs current 1.",rules-only,0.2.0-tcb,226.68,False,False,False,False,False,False,True,False,False,False,True,False,False,True,False,True,NOZZLE BANK ASSY (34X24),226.68,10.0
500339307,0,0,0,Y,Maintain,"NO_RECENT_USAGE,IMPUTED_USAGE_FEATURES",Medium,0.65,No recent usage; imputed usage features.,rules-only,0.2.0-tcb,0.0,False,False,False,False,False,False,True,False,False,False,False,False,False,False,False,True,TIP TILT CAM DRIVE ASSY,24119.0,45.0
500339308,0,0,0,Y,Maintain,"NO_RECENT_USAGE,IMPUTED_USAGE_FEATURES",Medium,0.65,No recent usage; imputed usage features.,rules-only,0.2.0-tcb,0.0,False,False,False,False,False,False,True,False,False,False,False,False,False,False,False,True,HVMOT UD RINGLIGHT ASSY (NON CE),2822.72,15.0
500339309,0,0,0,N,Maintain,"NO_RECENT_USAGE,IMPUTED_USAGE_FEATURES",Low,0.65,No recent usage; imputed usage features.,rules-only,0.2.0-tcb,0.0,False,False,False,False,False,False,True,False,False,False,False,False,False,False,False,True,(IES) FRONT FLAT COVER,1072.53,25.0
500339311,0,0,0,N,Maintain,"ABANDONED_TOOL,IMPUTED_USAGE_FEATURES",Low,0.65,Abandoned tool; imputed usage features.,rules-only,0.2.0-tcb,0.0,False,False,False,False,False,False,False,True,False,False,False,False,False,False,False,True,(MFE) AKBEW RAIKIRI ASSY (FB),929.16,15.0
500339313,0,0,0,Y,Maintain,"NO_RECENT_USAGE,IMPUTED_USAGE_FEATURES",Medium,0.65,No recent usage; imputed usage features.,rules-only,0.2.0-tcb,0.0,False,False,False,False,False,False,True,False,False,False,False,False,False,False,False,True,NDIII CONTROLPOWERMODULE,1513.0,10.0
500339314,0,0,0,N,Maintain,"ABANDONED_TOOL,IMPUTED_USAGE_FEATURES",Low,0.65,Abandoned tool; imputed usage features.,rules-only,0.2.0-tcb,0.0,False,False,False,False,False,False,False,True,False,False,False,False,False,False,False,True,ASIO2 MODULE 2TC 400HZ,477.39,48.0
500339315,0,0,0,Y,Maintain,"NO_RECENT_USAGE,IMPUTED_USAGE_FEATURES",Medium,0.65,No recent usage; imputed usage features.,rules-only,0.2.0-tcb,0.0,False,False,False,False,False,False,True,False,False,False,False,False,False,False,False,True,NDIII HIGH POWER EPM,2766.12,10.0
500339316,0,0,0,Y,Maintain,"NO_RECENT_USAGE,IMPUTED_USAGE_FEATURES",Medium,0.65,No recent usage; imputed usage features.,rules-only,0.2.0-tcb,0.0,False,False,False,False,False,False,True,False,False,False,False,False,False,False,False,True,TEC AND CONTROL BOX ASSY,12504.5,15.0
500339317,0,0,0,N,Maintain,"NO_RECENT_USAGE,IMPUTED_USAGE_FEATURES",Low,0.65,No recent usage; imputed usage features.,rules-only,0.2.0-tcb,0.0,False,False,False,False,False,False,True,False,False,False,False,False,False,False,False,True,5V ADAPTER POWER CABLE ASSY,46.21,15.0
500339318,0,0,0,N,Maintain,"NO_RECENT_USAGE,IMPUTED_USAGE_FEATURES",Low,0.65,No recent usage; imputed usage features.,rules-only,0.2.0-tcb,0.0,False,False,False,False,False,False,True,False,False,False,False,False,False,False,False,True,AA 1 DISP UD SOL,142.57,25.0
500339319,1,1,0,Y,Maintain,"NO_RECENT_USAGE,ZERO_RECOMMENDATION_OVERRIDE,SFM_DISAGREEMENT",Medium,0.7,"Source algorithm recommends 0 but the part carries risk (lead time 38d, on-hand 3); protective stock proposed instead of zero. candidate source proposes 0 vs current 1.",rules-only,0.2.0-tcb,94.51,False,False,False,False,False,False,True,False,False,False,True,False,False,True,False,False,USB 2.0 HUB 7 PORTS ASSY,94.51,38.0
500339320,0,0,0,N,Maintain,"NO_RECENT_USAGE,IMPUTED_USAGE_FEATURES",Low,0.65,No recent usage; imputed usage features.,rules-only,0.2.0-tcb,0.0,False,False,False,False,False,False,True,False,False,False,False,False,False,False,False,True,ESIO3,337.22,10.0
500339321,0,0,0,N,Maintain,"NO_RECENT_USAGE,IMPUTED_USAGE_FEATURES",Low,0.65,No recent usage; imputed usage features.,rules-only,0.2.0-tcb,0.0,False,False,False,False,False,False,True,False,False,False,False,False,False,False,False,True,NDIIIS CONTROLPOWERMODULE,1134.21,10.0
500339322,0,0,0,N,Maintain,"NO_RECENT_USAGE,IMPUTED_USAGE_FEATURES",Low,0.65,No recent usage; imputed usage features.,rules-only,0.2.0-tcb,0.0,False,False,False,False,False,False,True,False,False,False,False,False,False,False,False,True,NDIIIS CONTROLPOWERMODULE,1289.61,10.0
500339323,1,1,0,Y,Increase,"NO_RECENT_USAGE,ZERO_RECOMMENDATION_OVERRIDE,AD_HOC_CONSUMPTION_RISK,IMPUTED_USAGE_FEATURES",Medium,0.65,"Source algorithm recommends 0 but the part carries risk (lead time 88d, on-hand 1); protective stock proposed instead of zero.",rules-only,0.2.0-tcb,3058.21,False,False,False,False,False,False,True,False,False,False,True,True,False,False,False,True,NUDRIVE-3S: EXTENDED POWER MODULE,3058.21,88.0
500339324,0,0,0,Y,Maintain,"NO_RECENT_USAGE,IMPUTED_USAGE_FEATURES",Medium,0.65,No recent usage; imputed usage features.,rules-only,0.2.0-tcb,0.0,False,False,False,False,False,False,True,False,False,False,False,False,False,False,False,True,VISION PC ASSEMBLY,2481.5,59.0
500339328,0,0,0,N,Maintain,"NO_RECENT_USAGE,IMPUTED_USAGE_FEATURES",Low,0.65,No recent usage; imputed usage features.,rules-only,0.2.0-tcb,0.0,False,False,False,False,False,False,True,False,False,False,False,False,False,False,False,True,NUDRIVE-3S: EXTENDED POWER MODULE,961.2,10.0
500339329,0,0,0,Y,Maintain,"NO_RECENT_USAGE,IMPUTED_USAGE_FEATURES",Medium,0.65,No recent usage; imputed usage features.,rules-only,0.2.0-tcb,0.0,False,False,False,False,False,False,True,False,False,False,False,False,False,False,False,True,NUDRIVE-3S: EXTENDED POWER MODULE,2645.3,15.0
500339330,0,0,0,Y,Maintain,"NO_RECENT_USAGE,IMPUTED_USAGE_FEATURES",Medium,0.65,No recent usage; imputed usage features.,rules-only,0.2.0-tcb,0.0,False,False,False,False,False,False,True,False,False,False,False,False,False,False,False,True,NUDRIVE-3S: EXTENDED POWER MODULE,2281.24,15.0
500339334,0,0,0,Y,Maintain,"NO_RECENT_USAGE,ABANDONED_TOOL,IMPUTED_USAGE_FEATURES",Medium,0.65,No recent usage; abandoned tool; imputed usage features.,rules-only,0.2.0-tcb,0.0,False,False,False,False,False,False,True,True,False,False,False,False,False,False,False,True,MINI Z ENCODER,3422.94,15.0
500339335,0,0,0,N,Maintain,"NO_RECENT_USAGE,ABANDONED_TOOL,IMPUTED_USAGE_FEATURES",Low,0.65,No recent usage; abandoned tool; imputed usage features.,rules-only,0.2.0-tcb,0.0,False,False,False,False,False,False,True,True,False,False,False,False,False,False,False,True,BH HEATER THERMAL SWITCH,68.53,15.0
500339336,0,0,0,Y,Maintain,"NO_RECENT_USAGE,ABANDONED_TOOL,IMPUTED_USAGE_FEATURES",Medium,0.65,No recent usage; abandoned tool; imputed usage features.,rules-only,0.2.0-tcb,0.0,False,False,False,False,False,False,True,True,False,False,False,False,False,False,False,True,3P AC INPUT BOX,1584.37,15.0
500339338,0,0,0,N,Maintain,"NO_RECENT_USAGE,IMPUTED_USAGE_FEATURES",Low,0.65,No recent usage; imputed usage features.,rules-only,0.2.0-tcb,0.0,False,False,False,False,False,False,True,False,False,False,False,False,False,False,False,True,3G LED LIGHTING (370MM),161.8,15.0
500339339,0,0,0,N,Maintain,"NO_RECENT_USAGE,IMPUTED_USAGE_FEATURES",Low,0.65,No recent usage; imputed usage features.,rules-only,0.2.0-tcb,0.0,False,False,False,False,False,False,True,False,False,False,False,False,False,False,False,True,3G LED LT (370MM) MACRO INERT CHAMBER,192.24,25.0
500339340,0,0,0,N,Maintain,"NO_RECENT_USAGE,IMPUTED_USAGE_FEATURES",Low,0.65,No recent usage; imputed usage features.,rules-only,0.2.0-tcb,0.0,False,False,False,False,False,False,True,False,False,False,False,False,False,False,False,True,3 PORT FUSE MOUNTING WITH FUSE,32.04,25.0
500339341,0,0,0,Y,Maintain,"DATA_QUALITY_REVIEW_REQUIRED,ABANDONED_TOOL,IMPUTED_USAGE_FEATURES",High,0.4,Input data failed validation; values held unchanged pending correction.,rules-only,0.2.0-tcb,0.0,True,False,False,False,False,False,False,True,False,False,False,False,False,False,False,True,DP-DRIVE CPL / CPP,1917.59,15.0
500339342,0,0,0,Y,Maintain,"NO_RECENT_USAGE,IMPUTED_USAGE_FEATURES",Medium,0.65,No recent usage; imputed usage features.,rules-only,0.2.0-tcb,0.0,False,False,False,False,False,False,True,False,False,False,False,False,False,False,False,True,HIGH PRECISION DDR MOTOR,38242.94,15.0
500339343,0,0,0,Y,Maintain,NO_RECENT_USAGE,Medium,0.8,No recent usage.,rules-only,0.2.0-tcb,0.0,False,False,False,False,False,False,True,False,False,False,False,False,False,False,False,False,CAPACITIVE SENSOR (PROBE ONLY) D8 RA,7103.26,15.0
500339344,0,0,0,Y,Maintain,"NO_RECENT_USAGE,ABANDONED_TOOL,IMPUTED_USAGE_FEATURES",Medium,0.65,No recent usage; abandoned tool; imputed usage features.,rules-only,0.2.0-tcb,0.0,False,False,False,False,False,False,True,True,False,False,False,False,False,False,False,True,CAPACITIVE SENSOR (PROBE ONLY) D8 ST,6779.66,15.0
500339345,0,0,0,Y,Maintain,"NO_RECENT_USAGE,IMPUTED_USAGE_FEATURES",Medium,0.65,No recent usage; imputed usage features.,rules-only,0.2.0-tcb,0.0,False,False,False,False,False,False,True,False,False,False,False,False,False,False,False,True,CAPACITANCE SENSOR DIGITAL AMPLIFIER,21244.92,10.0
500339346,0,0,0,N,Maintain,"ABANDONED_TOOL,IMPUTED_USAGE_FEATURES",Low,0.65,Abandoned tool; imputed usage features.,rules-only,0.2.0-tcb,0.0,False,False,False,False,False,False,False,True,False,False,False,False,False,False,False,True,CAPACITANCE SENSOR EXTENSION CABLE 2M,631.18,15.0
500339347,0,0,0,N,Maintain,"NO_RECENT_USAGE,IMPUTED_USAGE_FEATURES",Low,0.65,No recent usage; imputed usage features.,rules-only,0.2.0-tcb,0.0,False,False,False,False,False,False,True,False,False,False,False,False,False,False,False,True,OT CAP SNR&BH FORCE SNR ASSY,328.41,15.0
500339348,0,0,0,N,Maintain,"NO_RECENT_USAGE,IMPUTED_USAGE_FEATURES",Low,0.65,No recent usage; imputed usage features.,rules-only,0.2.0-tcb,0.0,False,False,False,False,False,False,True,False,False,False,False,False,False,False,False,True,2 WAY TERMINAL STRIP 15 A 750V,8.81,25.0
500339349,0,0,0,N,Maintain,"NO_RECENT_USAGE,IMPUTED_USAGE_FEATURES",Low,0.65,No recent usage; imputed usage features.,rules-only,0.2.0-tcb,0.0,False,False,False,False,False,False,True,False,False,False,False,False,False,False,False,True,LAQBEL-GROUND SIGN,0.8,25.0
500339350,0,0,0,N,Maintain,"NO_RECENT_USAGE,IMPUTED_USAGE_FEATURES",Low,0.65,No recent usage; imputed usage features.,rules-only,0.2.0-tcb,0.0,False,False,False,False,False,False,True,False,False,False,False,False,False,False,False,True,COUPLING BLOCKS FOR D-SUB CONNECTOR,2.4,25.0
500339614,0,0,0,N,Maintain,"NO_RECENT_USAGE,IMPUTED_USAGE_FEATURES",Low,0.65,No recent usage; imputed usage features.,rules-only,0.2.0-tcb,0.0,False,False,False,False,False,False,True,False,False,False,False,False,False,False,False,True,OT UP/DN RTD CABLE ASSY,184.0,25.0
500339615,0,0,0,N,Maintain,"NO_RECENT_USAGE,IMPUTED_USAGE_FEATURES",Low,0.65,No recent usage; imputed usage features.,rules-only,0.2.0-tcb,0.0,False,False,False,False,False,False,True,False,False,False,False,False,False,False,False,True,OT MIN Z MTR COIL CABLE,12.01,15.0
500339616,0,0,0,N,Maintain,"NO_RECENT_USAGE,ABANDONED_TOOL,IMPUTED_USAGE_FEATURES",Low,0.65,No recent usage; abandoned tool; imputed usage features.,rules-only,0.2.0-tcb,0.0,False,False,False,False,False,False,True,True,False,False,False,False,False,False,False,True,OT UP/DN RTD CABLE ASSY,184.0,55.0
500340892,0,0,0,N,Maintain,"NO_RECENT_USAGE,IMPUTED_USAGE_FEATURES",Low,0.65,No recent usage; imputed usage features.,rules-only,0.2.0-tcb,0.0,False,False,False,False,False,False,True,False,False,False,False,False,False,False,False,True,WORKCHUCK X PRELOAD MAGNET ASSY (SIDE 2),73.69,25.0
500340893,0,0,0,Y,Maintain,"NO_RECENT_USAGE,ABANDONED_TOOL,IMPUTED_USAGE_FEATURES",Medium,0.65,No recent usage; abandoned tool; imputed usage features.,rules-only,0.2.0-tcb,0.0,False,False,False,False,False,False,True,True,False,False,False,False,False,False,False,True,PEDESTAL HEATED BLOCK ASSY (150W),7873.83,15.0
500340894,0,0,0,N,Maintain,"NO_RECENT_USAGE,ABANDONED_TOOL,IMPUTED_USAGE_FEATURES",Low,0.65,No recent usage; abandoned tool; imputed usage features.,rules-only,0.2.0-tcb,0.0,False,False,False,False,False,False,True,True,False,False,False,False,False,False,False,True,ESIO12,526.26,45.0
500340895,0,0,0,N,Maintain,"NO_RECENT_USAGE,IMPUTED_USAGE_FEATURES",Low,0.65,No recent usage; imputed usage features.,rules-only,0.2.0-tcb,0.0,False,False,False,False,False,False,True,False,False,False,False,False,False,False,False,True,ZDS SENSOR BOARD,311.59,10.0
500341824,1,1,0,Y,Maintain,"NO_RECENT_USAGE,ZERO_RECOMMENDATION_OVERRIDE,SFM_DISAGREEMENT",Medium,0.7,"Source algorithm recommends 0 but the part carries risk (lead time 25d, on-hand 7); protective stock proposed instead of zero. candidate source proposes 0 vs current 1.",rules-only,0.2.0-tcb,220.0,False,False,False,False,False,False,True,False,False,False,True,False,False,True,False,False,UPS BRACKETS UGK,220.0,25.0
500342400,1,1,0,Y,Maintain,"NO_RECENT_USAGE,ZERO_RECOMMENDATION_OVERRIDE,SFM_DISAGREEMENT,IMPUTED_USAGE_FEATURES",Medium,0.55,"Source algorithm recommends 0 but the part carries risk (lead time 25d, on-hand 1); protective stock proposed instead of zero. candidate source proposes 0 vs current 1.",rules-only,0.2.0-tcb,54.81,False,False,False,False,False,False,True,False,False,False,True,False,False,True,False,True,LEGACY COMMUNICATIONS SMARTSLOT CARD,54.8055,25.0
500342401,0,0,0,Y,Maintain,NO_RECENT_USAGE,Medium,0.8,No recent usage.,rules-only,0.2.0-tcb,0.0,False,False,False,False,False,False,True,False,False,False,False,False,False,False,False,False,APC SMART-UPS SRT 5000VA RM 230V,3478.7977,25.0
500342478,0,0,0,Y,Maintain,"NO_RECENT_USAGE,IMPUTED_USAGE_FEATURES",Medium,0.65,No recent usage; imputed usage features.,rules-only,0.2.0-tcb,0.0,False,False,False,False,False,False,True,False,False,False,False,False,False,False,False,True,(SM) BOND STAGE MODULE,255465.0,25.0
500344490,12,10,0,Y,Increase,"LONG_LEAD_TIME_RISK,ZERO_RECOMMENDATION_OVERRIDE,SFM_DISAGREEMENT",Medium,0.8,"Source algorithm recommends 0 but the part carries risk (lead time 100d, on-hand 0); protective stock proposed instead of zero. candidate source proposes 12 vs current 0.",rules-only,0.2.0-tcb,3536.16,False,False,False,False,False,True,False,False,False,False,True,False,False,True,False,False,THERMOCOUPLE PROBE 88401 - K TYPE,294.68,100.0
500344512,0,0,0,Y,Maintain,"NO_RECENT_USAGE,IMPUTED_USAGE_FEATURES",Medium,0.65,No recent usage; imputed usage features.,rules-only,0.2.0-tcb,0.0,False,False,False,False,False,False,True,False,False,False,False,False,False,False,False,True,SMARTFEEDER X16MM,1900.0,25.0
500348338,1,1,0,Y,Increase,"NO_RECENT_USAGE,INSUFFICIENT_DATA,ZERO_RECOMMENDATION_OVERRIDE,IMPUTED_USAGE_FEATURES",Medium,0.5,"Source algorithm recommends 0 but the part carries risk (lead time 30d, on-hand 0); protective stock proposed instead of zero.",rules-only,0.2.0-tcb,4000.0,False,False,False,False,False,False,True,False,False,True,True,False,False,False,False,True,"40231,L,1MM,30.941X20.459",4000.0,30.0
500350011,0,0,0,N,Maintain,"NO_RECENT_USAGE,IMPUTED_USAGE_FEATURES",Low,0.65,No recent usage; imputed usage features.,rules-only,0.2.0-tcb,0.0,False,False,False,False,False,False,True,False,False,False,False,False,False,False,False,True,(BH) ROT X ENC INTERPOLATOR,736.03,15.0
500350012,0,0,0,N,Maintain,"NO_RECENT_USAGE,ABANDONED_TOOL,IMPUTED_USAGE_FEATURES",Low,0.65,No recent usage; abandoned tool; imputed usage features.,rules-only,0.2.0-tcb,0.0,False,False,False,False,False,False,True,True,False,False,False,False,False,False,False,True,HPP BONDHEAD MINI Z VCM,503.02,25.0
500350014,0,0,0,N,Maintain,"NO_RECENT_USAGE,IMPUTED_USAGE_FEATURES",Low,0.65,No recent usage; imputed usage features.,rules-only,0.2.0-tcb,0.0,False,False,False,False,False,False,True,False,False,False,False,False,False,False,False,True,150V SMPS FPC CTR CABLE ASSY,36.04,15.0
500350015,0,0,0,N,Maintain,"NO_RECENT_USAGE,IMPUTED_USAGE_FEATURES",Low,0.65,No recent usage; imputed usage features.,rules-only,0.2.0-tcb,0.0,False,False,False,False,False,False,True,False,False,False,False,False,False,False,False,True,ELBOW FITTING,5.6,10.0
500350016,0,0,0,N,Maintain,"NO_RECENT_USAGE,IMPUTED_USAGE_FEATURES",Low,0.65,No recent usage; imputed usage features.,rules-only,0.2.0-tcb,0.0,False,False,False,False,False,False,True,False,False,False,False,False,False,False,False,True,PRECISION REGULATOR,258.1,10.0
500350017,0,0,0,N,Maintain,"NO_RECENT_USAGE,IMPUTED_USAGE_FEATURES",Low,0.65,No recent usage; imputed usage features.,rules-only,0.2.0-tcb,0.0,False,False,False,False,False,False,True,False,False,False,False,False,False,False,False,True,LINE FILTER 3P+E 480VAC 50A,300.37,25.0
500350018,0,0,0,N,Maintain,"NO_RECENT_USAGE,IMPUTED_USAGE_FEATURES",Low,0.65,No recent usage; imputed usage features.,rules-only,0.2.0-tcb,0.0,False,False,False,False,False,False,True,False,False,False,False,False,False,False,False,True,SOCKET CRIMP CONTACT FOR AWG#20-24,0.8,15.0
500350019,0,0,0,N,Maintain,"NO_RECENT_USAGE,IMPUTED_USAGE_FEATURES",Low,0.65,No recent usage; imputed usage features.,rules-only,0.2.0-tcb,0.0,False,False,False,False,False,False,True,False,False,False,False,False,False,False,False,True,AWG#26 3 CORE FLEX E-CHAIN RD CABLE,2.4,15.0
500351181,0,0,0,N,Maintain,"NO_RECENT_USAGE,ABANDONED_TOOL,IMPUTED_USAGE_FEATURES",Low,0.65,No recent usage; abandoned tool; imputed usage features.,rules-only,0.2.0-tcb,0.0,False,False,False,False,False,False,True,True,False,False,False,False,False,False,False,True,SOC HD CAP SCREW M2X5,1.34,25.0
500351182,1,1,0,Y,Increase,"NO_RECENT_USAGE,ZERO_RECOMMENDATION_OVERRIDE,AD_HOC_CONSUMPTION_RISK,IMPUTED_USAGE_FEATURES",Medium,0.65,"Source algorithm recommends 0 but the part carries risk (lead time 90d, on-hand 0); protective stock proposed instead of zero.",rules-only,0.2.0-tcb,1.34,False,False,False,False,False,False,True,False,False,False,True,True,False,False,False,True,SOC HD CAP SCREW M2.5X8,1.34,90.0
500351183,0,0,0,N,Maintain,"NO_RECENT_USAGE,ABANDONED_TOOL,IMPUTED_USAGE_FEATURES",Low,0.65,No recent usage; abandoned tool; imputed usage features.,rules-only,0.2.0-tcb,0.0,False,False,False,False,False,False,True,True,False,False,False,False,False,False,False,True,WASHER FLAT M2,1.34,25.0
500351184,1,1,0,Y,Increase,"NO_RECENT_USAGE,ZERO_RECOMMENDATION_OVERRIDE,AD_HOC_CONSUMPTION_RISK,IMPUTED_USAGE_FEATURES",Medium,0.65,"Source algorithm recommends 0 but the part carries risk (lead time 70d, on-hand 0); protective stock proposed instead of zero.",rules-only,0.2.0-tcb,1.34,False,False,False,False,False,False,True,False,False,False,True,True,False,False,False,True,WASHER FLAT M2.5,1.34,70.0
500351185,1,1,0,Y,Increase,"NO_RECENT_USAGE,ZERO_RECOMMENDATION_OVERRIDE,AD_HOC_CONSUMPTION_RISK,IMPUTED_USAGE_FEATURES",Medium,0.65,"Source algorithm recommends 0 but the part carries risk (lead time 90d, on-hand 78); protective stock proposed instead of zero.",rules-only,0.2.0-tcb,0.89,False,False,False,False,False,False,True,False,False,False,True,True,False,False,False,True,WASHER SPRING M2          [11A2],0.89,90.0
500351186,0,0,0,N,Maintain,"NO_RECENT_USAGE,ABANDONED_TOOL,IMPUTED_USAGE_FEATURES",Low,0.65,No recent usage; abandoned tool; imputed usage features.,rules-only,0.2.0-tcb,0.0,False,False,False,False,False,False,True,True,False,False,False,False,False,False,False,True,MBH Z TABLE PULLEY (9MM),38.7,55.0
500351868,3,2,0,Y,Increase,"ZERO_RECOMMENDATION_OVERRIDE,SFM_DISAGREEMENT",Medium,0.8,"Source algorithm recommends 0 but the part carries risk (lead time 25d, on-hand 3); protective stock proposed instead of zero. candidate source proposes 3 vs current 0.",rules-only,0.2.0-tcb,3384.6,False,False,False,False,False,False,False,False,False,False,True,False,False,True,False,False,MOTOR FOR MFM-220 APPJ Z-AXIS,1128.2,25.0
500352221,0,0,0,Y,Maintain,"NO_RECENT_USAGE,IMPUTED_USAGE_FEATURES",Medium,0.65,No recent usage; imputed usage features.,rules-only,0.2.0-tcb,0.0,False,False,False,False,False,False,True,False,False,False,False,False,False,False,False,True,STA-R Z TABLE ASSY (SW),4111.53,10.0
500352222,0,0,0,N,Maintain,"NO_RECENT_USAGE,IMPUTED_USAGE_FEATURES",Low,0.65,No recent usage; imputed usage features.,rules-only,0.2.0-tcb,0.0,False,False,False,False,False,False,True,False,False,False,False,False,False,False,False,True,Z MOTOR ASSY,1193.49,10.0
500352223,0,0,0,Y,Maintain,"NO_RECENT_USAGE,ABANDONED_TOOL,IMPUTED_USAGE_FEATURES",Medium,0.65,No recent usage; abandoned tool; imputed usage features.,rules-only,0.2.0-tcb,0.0,False,False,False,False,False,False,True,True,False,False,False,False,False,False,False,True,FIREBIRD SW MPS&HT BOX,5885.74,15.0
500352224,0,0,0,N,Maintain,"NO_RECENT_USAGE,IMPUTED_USAGE_FEATURES",Low,0.65,No recent usage; imputed usage features.,rules-only,0.2.0-tcb,0.0,False,False,False,False,False,False,True,False,False,False,False,False,False,False,False,True,CAH ENC EXT CABLE ASSY NORMAL,20.82,15.0
500352225,0,0,0,N,Maintain,"NO_RECENT_USAGE,IMPUTED_USAGE_FEATURES",Low,0.65,No recent usage; imputed usage features.,rules-only,0.2.0-tcb,0.0,False,False,False,False,False,False,True,False,False,False,False,False,False,False,False,True,BHZ MTR AND BRAKE CABLE ASSY,16.02,15.0
500352226,0,0,0,N,Maintain,"NO_RECENT_USAGE,IMPUTED_USAGE_FEATURES",Low,0.65,No recent usage; imputed usage features.,rules-only,0.2.0-tcb,0.0,False,False,False,False,False,False,True,False,False,False,False,False,False,False,False,True,MICROE MERCURY 2000 SENSOR M2120H,482.6,10.0
500352227,0,0,0,N,Maintain,"NO_RECENT_USAGE,ABANDONED_TOOL,IMPUTED_USAGE_FEATURES",Low,0.65,No recent usage; abandoned tool; imputed usage features.,rules-only,0.2.0-tcb,0.0,False,False,False,False,False,False,True,True,False,False,False,False,False,False,False,True,LIF 48R G0 SCANNING HEAD (0.5 M),1276.79,48.0
500353244,0,0,0,Y,Maintain,"NO_RECENT_USAGE,IMPUTED_USAGE_FEATURES",Medium,0.65,No recent usage; imputed usage features.,rules-only,0.2.0-tcb,0.0,False,False,False,False,False,False,True,False,False,False,False,False,False,False,False,True,END PLUG FOR PCU,2089.8,35.0
500354192,3,2,0,Y,Increase,"LONG_LEAD_TIME_RISK,ZERO_RECOMMENDATION_OVERRIDE,SFM_DISAGREEMENT",Medium,0.8,"Source algorithm recommends 0 but the part carries risk (lead time 59d, on-hand 0); protective stock proposed instead of zero. candidate source proposes 1 vs current 0.",rules-only,0.2.0-tcb,1201.5,False,False,False,False,False,True,False,False,False,False,True,False,False,True,False,False,"COUPLER (D1 10, D2 14)",400.5,59.0
500354290,0,0,0,N,Maintain,"NO_RECENT_USAGE,IMPUTED_USAGE_FEATURES",Low,0.65,No recent usage; imputed usage features.,rules-only,0.2.0-tcb,0.0,False,False,False,False,False,False,True,False,False,False,False,False,False,False,False,True,ASIO2 MODULE 2TC 400HZ,597.54,15.0
500354293,0,0,0,Y,Maintain,"NO_RECENT_USAGE,ABANDONED_TOOL,IMPUTED_USAGE_FEATURES",Medium,0.65,No recent usage; abandoned tool; imputed usage features.,rules-only,0.2.0-tcb,0.0,False,False,False,False,False,False,True,True,False,False,False,False,False,False,False,True,L STA MODULE TRACKLESS CABLE ASSY,7609.5,15.0
500354422,1,1,0,Y,Increase,"NO_RECENT_USAGE,ZERO_RECOMMENDATION_OVERRIDE,AD_HOC_CONSUMPTION_RISK,IMPUTED_USAGE_FEATURES",Medium,0.65,"Source algorithm recommends 0 but the part carries risk (lead time 80d, on-hand 0); protective stock proposed instead of zero.",rules-only,0.2.0-tcb,4.45,False,False,False,False,False,False,True,False,False,False,True,True,False,False,False,True,EB ACTUATOR ASSY,4.45,80.0
500354423,0,0,0,N,Maintain,"ABANDONED_TOOL,IMPUTED_USAGE_FEATURES",Low,0.65,Abandoned tool; imputed usage features.,rules-only,0.2.0-tcb,0.0,False,False,False,False,False,False,False,True,False,False,False,False,False,False,False,True,EB ACTUATOR ASSY - REAR LEFT,1237.54,15.0
500354424,0,0,0,N,Maintain,"NO_RECENT_USAGE,ABANDONED_TOOL,IMPUTED_USAGE_FEATURES",Low,0.65,No recent usage; abandoned tool; imputed usage features.,rules-only,0.2.0-tcb,0.0,False,False,False,False,False,False,True,True,False,False,False,False,False,False,False,True,(MBH)MEDIA BUFFER HANDLER Y&Z MTR ASSY,909.13,15.0
500354425,0,0,0,N,Maintain,"NO_RECENT_USAGE,ABANDONED_TOOL,IMPUTED_USAGE_FEATURES",Low,0.65,No recent usage; abandoned tool; imputed usage features.,rules-only,0.2.0-tcb,0.0,False,False,False,False,False,False,True,True,False,False,False,False,False,False,False,True,(MBH)MEDIA BUFFER HANDLER Y&Z MTR ASSY,909.13,25.0
500354426,0,0,0,Y,Maintain,"ABANDONED_TOOL,IMPUTED_USAGE_FEATURES",Medium,0.65,Abandoned tool; imputed usage features.,rules-only,0.2.0-tcb,0.0,False,False,False,False,False,False,False,True,False,False,False,False,False,False,False,True,(BH) ROT Y ENC,1513.0,45.0
500354427,0,0,0,Y,Maintain,"NO_RECENT_USAGE,ABANDONED_TOOL,IMPUTED_USAGE_FEATURES",Medium,0.65,No recent usage; abandoned tool; imputed usage features.,rules-only,0.2.0-tcb,0.0,False,False,False,False,False,False,True,True,False,False,False,False,False,False,False,True,(BH) ROT X AUX ENC,1513.0,45.0
500354428,0,0,0,Y,Maintain,"ABANDONED_TOOL,IMPUTED_USAGE_FEATURES",Medium,0.65,Abandoned tool; imputed usage features.,rules-only,0.2.0-tcb,0.0,False,False,False,False,False,False,False,True,False,False,False,False,False,False,False,True,(BH) ROT Y AUX ENC,1513.0,45.0
500354429,0,0,0,N,Maintain,"ABANDONED_TOOL,IMPUTED_USAGE_FEATURES",Low,0.65,Abandoned tool; imputed usage features.,rules-only,0.2.0-tcb,0.0,False,False,False,False,False,False,False,True,False,False,False,False,False,False,False,True,(BH) ROT X ENC,1361.7,15.0
500354430,0,0,0,N,Maintain,"NO_RECENT_USAGE,IMPUTED_USAGE_FEATURES",Low,0.65,No recent usage; imputed usage features.,rules-only,0.2.0-tcb,0.0,False,False,False,False,False,False,True,False,False,False,False,False,False,False,False,True,(BH) ROT Y ROTARY ENC,1041.3,10.0
500354431,0,0,0,N,Maintain,"NO_RECENT_USAGE,ABANDONED_TOOL,IMPUTED_USAGE_FEATURES",Low,0.65,No recent usage; abandoned tool; imputed usage features.,rules-only,0.2.0-tcb,0.0,False,False,False,False,False,False,True,True,False,False,False,False,False,False,False,True,(BH) ROT X AUX ROTARY ENC,1041.3,10.0
500354432,0,0,0,N,Maintain,"NO_RECENT_USAGE,IMPUTED_USAGE_FEATURES",Low,0.65,No recent usage; imputed usage features.,rules-only,0.2.0-tcb,0.0,False,False,False,False,False,False,True,False,False,False,False,False,False,False,False,True,(BH) ROT Y AUX ROTARY ENC,1041.3,10.0
500354433,0,0,0,N,Maintain,"NO_RECENT_USAGE,IMPUTED_USAGE_FEATURES",Low,0.65,No recent usage; imputed usage features.,rules-only,0.2.0-tcb,0.0,False,False,False,False,False,False,True,False,False,False,False,False,False,False,False,True,(BH) ROT X ROTARY ENC,1148.1,10.0
500354434,0,0,0,N,Maintain,"NO_RECENT_USAGE,IMPUTED_USAGE_FEATURES",Low,0.65,No recent usage; imputed usage features.,rules-only,0.2.0-tcb,0.0,False,False,False,False,False,False,True,False,False,False,False,False,False,False,False,True,(BH) ROT Y MOTOR,210.93,10.0
500354435,0,0,0,N,Maintain,"NO_RECENT_USAGE,IMPUTED_USAGE_FEATURES",Low,0.65,No recent usage; imputed usage features.,rules-only,0.2.0-tcb,0.0,False,False,False,False,False,False,True,False,False,False,False,False,False,False,False,True,(BH) ROT X AUX MOTOR,190.63,10.0
500354436,0,0,0,N,Maintain,"NO_RECENT_USAGE,IMPUTED_USAGE_FEATURES",Low,0.65,No recent usage; imputed usage features.,rules-only,0.2.0-tcb,0.0,False,False,False,False,False,False,True,False,False,False,False,False,False,False,False,True,(BH) ROT Y AUX MOTOR,192.24,15.0
500354437,0,0,0,N,Maintain,"NO_RECENT_USAGE,IMPUTED_USAGE_FEATURES",Low,0.65,No recent usage; imputed usage features.,rules-only,0.2.0-tcb,0.0,False,False,False,False,False,False,True,False,False,False,False,False,False,False,False,True,(BH) ROT X MOTOR,211.82,10.0
500354438,0,0,0,N,Maintain,"NO_RECENT_USAGE,ABANDONED_TOOL,IMPUTED_USAGE_FEATURES",Low,0.65,No recent usage; abandoned tool; imputed usage features.,rules-only,0.2.0-tcb,0.0,False,False,False,False,False,False,True,True,False,False,False,False,False,False,False,True,"3-2 S-SOL V-VALVE VK332V-5G-M5, 24VDC",64.08,15.0
500354439,0,0,0,N,Maintain,"NO_RECENT_USAGE,IMPUTED_USAGE_FEATURES",Low,0.65,No recent usage; imputed usage features.,rules-only,0.2.0-tcb,0.0,False,False,False,False,False,False,True,False,False,False,False,False,False,False,False,True,N2S1 N2S2 SWITCHING SOLENOID,96.92,15.0
500354440,0,0,0,N,Maintain,"NO_RECENT_USAGE,IMPUTED_USAGE_FEATURES",Low,0.65,No recent usage; imputed usage features.,rules-only,0.2.0-tcb,0.0,False,False,False,False,False,False,True,False,False,False,False,False,False,False,False,True,MALE ELBOW COCNECTOR KPQL04-M5,4.0,25.0
500354758,1,1,0,Y,Increase,"NO_RECENT_USAGE,ZERO_RECOMMENDATION_OVERRIDE,AD_HOC_CONSUMPTION_RISK,IMPUTED_USAGE_FEATURES",Medium,0.65,"Source algorithm recommends 0 but the part carries risk (lead time 70d, on-hand 0); protective stock proposed instead of zero.",rules-only,0.2.0-tcb,252.31,False,False,False,False,False,False,True,False,False,False,True,True,False,False,False,True,PCI MARKIIIS BOARD,252.31,70.0
500354760,1,1,0,Y,Increase,"NO_RECENT_USAGE,ZERO_RECOMMENDATION_OVERRIDE,AD_HOC_CONSUMPTION_RISK,IMPUTED_USAGE_FEATURES",Medium,0.65,"Source algorithm recommends 0 but the part carries risk (lead time 98d, on-hand 1); protective stock proposed instead of zero.",rules-only,0.2.0-tcb,1430.23,False,False,False,False,False,False,True,False,False,False,True,True,False,False,False,True,CAN CARD COM168V2-PCI,1430.23,98.0
500354762,0,0,0,N,Maintain,"NO_RECENT_USAGE,IMPUTED_USAGE_FEATURES",Low,0.65,No recent usage; imputed usage features.,rules-only,0.2.0-tcb,0.0,False,False,False,False,False,False,True,False,False,False,False,False,False,False,False,True,VGA CABLE ASSY,25.81,55.0
500354763,0,0,0,N,Maintain,"NO_RECENT_USAGE,ABANDONED_TOOL,IMPUTED_USAGE_FEATURES",Low,0.65,No recent usage; abandoned tool; imputed usage features.,rules-only,0.2.0-tcb,0.0,False,False,False,False,False,False,True,True,False,False,False,False,False,False,False,True,VGA CABLE ASSY,48.06,25.0
500354764,0,0,0,N,Maintain,"NO_RECENT_USAGE,ABANDONED_TOOL,IMPUTED_USAGE_FEATURES",Low,0.65,No recent usage; abandoned tool; imputed usage features.,rules-only,0.2.0-tcb,0.0,False,False,False,False,False,False,True,True,False,False,False,False,False,False,False,True,DIFFUSER OUTER WM,170.1,25.0
500354830,0,0,0,N,Maintain,"NO_RECENT_USAGE,ABANDONED_TOOL,IMPUTED_USAGE_FEATURES",Low,0.65,No recent usage; abandoned tool; imputed usage features.,rules-only,0.2.0-tcb,0.0,False,False,False,False,False,False,True,True,False,False,False,False,False,False,False,True,INNER BOX WM,225.75,25.0
500356731,0,0,0,N,Maintain,"NO_RECENT_USAGE,ABANDONED_TOOL,IMPUTED_USAGE_FEATURES",Low,0.65,No recent usage; abandoned tool; imputed usage features.,rules-only,0.2.0-tcb,0.0,False,False,False,False,False,False,True,True,False,False,False,False,False,False,False,True,"250VA TRANSFOR, 380-400-415/24",984.0,40.0
500357438,1,1,0,Y,Increase,"LONG_LEAD_TIME_RISK,NO_RECENT_USAGE,ZERO_RECOMMENDATION_OVERRIDE,SFM_DISAGREEMENT",Medium,0.8,"Source algorithm recommends 0 but the part carries risk (lead time 45d, on-hand 1); protective stock proposed instead of zero. candidate source proposes 1 vs current 0.",rules-only,0.2.0-tcb,148.59,False,False,False,False,False,True,True,False,False,False,True,False,False,True,False,False,WASTE CONTAINER /COMPONENTSCARRIAGE,148.59,45.0
500358163,0,0,0,N,Maintain,"NO_RECENT_USAGE,ABANDONED_TOOL,IMPUTED_USAGE_FEATURES",Low,0.65,No recent usage; abandoned tool; imputed usage features.,rules-only,0.2.0-tcb,0.0,False,False,False,False,False,False,True,True,False,False,False,False,False,False,False,True,"K50,CONTACTOR RELAY,24VDC",110.25,21.0
500358169,0,0,0,Y,Maintain,"DATA_QUALITY_REVIEW_REQUIRED,IMPUTED_USAGE_FEATURES",High,0.4,Input data failed validation; values held unchanged pending correction.,rules-only,0.2.0-tcb,0.0,True,False,False,False,False,False,False,False,False,False,False,False,False,False,False,True,"FILTER,OFA,OUTLET",68.59,10.0
500358170,0,0,0,N,Maintain,"NO_RECENT_USAGE,IMPUTED_USAGE_FEATURES",Low,0.65,No recent usage; imputed usage features.,rules-only,0.2.0-tcb,0.0,False,False,False,False,False,False,True,False,False,False,False,False,False,False,False,True,"FILTER,SEPARATOR,MIST,MICRO",122.67,20.0
500358171,0,0,0,Y,Maintain,"DATA_QUALITY_REVIEW_REQUIRED,IMPUTED_USAGE_FEATURES",High,0.4,Input data failed validation; values held unchanged pending correction.,rules-only,0.2.0-tcb,0.0,True,False,False,False,False,False,False,False,False,False,False,False,False,False,False,True,"FILTER,SEPARATOR,MIST",119.28,48.0
500358172,0,0,0,N,Maintain,"NO_RECENT_USAGE,IMPUTED_USAGE_FEATURES",Low,0.65,No recent usage; imputed usage features.,rules-only,0.2.0-tcb,0.0,False,False,False,False,False,False,True,False,False,False,False,False,False,False,False,True,"PNEUMATIC AIR FILTER G1/2""",291.17,25.0
500358173,0,0,0,Y,Maintain,"DATA_QUALITY_REVIEW_REQUIRED,IMPUTED_USAGE_FEATURES",High,0.4,Input data failed validation; values held unchanged pending correction.,rules-only,0.2.0-tcb,0.0,True,False,False,False,False,False,False,False,False,False,False,False,False,False,False,True,REGULATOR WITH BACKFLOW FUNCTION,91.02,12.0
500359520,0,0,0,N,Maintain,"NO_RECENT_USAGE,ABANDONED_TOOL,IMPUTED_USAGE_FEATURES",Low,0.65,No recent usage; abandoned tool; imputed usage features.,rules-only,0.2.0-tcb,0.0,False,False,False,False,False,False,True,True,False,False,False,False,False,False,False,True,LEDI CABLE ASSY,86.33,25.0
500359522,0,0,0,N,Maintain,"NO_RECENT_USAGE,ABANDONED_TOOL,IMPUTED_USAGE_FEATURES",Low,0.65,No recent usage; abandoned tool; imputed usage features.,rules-only,0.2.0-tcb,0.0,False,False,False,False,False,False,True,True,False,False,False,False,False,False,False,True,BOARD AND CABLE ASSY FOR LOW RING LIGHT,303.49,25.0
500359523,0,0,0,N,Maintain,"NO_RECENT_USAGE,ABANDONED_TOOL,IMPUTED_USAGE_FEATURES",Low,0.65,No recent usage; abandoned tool; imputed usage features.,rules-only,0.2.0-tcb,0.0,False,False,False,False,False,False,True,True,False,False,False,False,False,False,False,True,SOCKET SET SCREW M4X6,0.89,25.0
500359524,1,1,0,Y,Increase,"NO_RECENT_USAGE,ZERO_RECOMMENDATION_OVERRIDE,AD_HOC_CONSUMPTION_RISK,IMPUTED_USAGE_FEATURES",Medium,0.65,"Source algorithm recommends 0 but the part carries risk (lead time 90d, on-hand 1); protective stock proposed instead of zero.",rules-only,0.2.0-tcb,2.67,False,False,False,False,False,False,True,False,False,False,True,True,False,False,False,True,SOC HD CAP SCREW M4X45,2.67,90.0
500359525,0,0,0,N,Maintain,"NO_RECENT_USAGE,IMPUTED_USAGE_FEATURES",Low,0.65,No recent usage; imputed usage features.,rules-only,0.2.0-tcb,0.0,False,False,False,False,False,False,True,False,False,False,False,False,False,False,False,True,SOC HD CAP SCREW M5X40,0.89,25.0
500359530,0,0,0,N,Maintain,"NO_RECENT_USAGE,ABANDONED_TOOL,IMPUTED_USAGE_FEATURES",Low,0.65,No recent usage; abandoned tool; imputed usage features.,rules-only,0.2.0-tcb,0.0,False,False,False,False,False,False,True,True,False,False,False,False,False,False,False,True,SENSOR BOARD ASSY FOR TCB,323.52,25.0
500359531,0,0,0,N,Maintain,"NO_RECENT_USAGE,ABANDONED_TOOL,IMPUTED_USAGE_FEATURES",Low,0.65,No recent usage; abandoned tool; imputed usage features.,rules-only,0.2.0-tcb,0.0,False,False,False,False,False,False,True,True,False,False,False,False,False,False,False,True,SOC HD CAP SCREW M4X40,1.78,55.0
500359854,0,0,0,N,Maintain,"NO_RECENT_USAGE,IMPUTED_USAGE_FEATURES",Low,0.65,No recent usage; imputed usage features.,rules-only,0.2.0-tcb,0.0,False,False,False,False,False,False,True,False,False,False,False,False,False,False,False,True,SAFETY SWITCH 2X NC+NO W/ CODED MAGNET,122.55,10.0
500359918,0,0,0,N,Maintain,"NO_RECENT_USAGE,ABANDONED_TOOL,IMPUTED_USAGE_FEATURES",Low,0.65,No recent usage; abandoned tool; imputed usage features.,rules-only,0.2.0-tcb,0.0,False,False,False,False,False,False,True,True,False,False,False,False,False,False,False,True,SNAP RING,22.42,15.0
500362830,0,0,0,N,Maintain,"NO_RECENT_USAGE,ABANDONED_TOOL,IMPUTED_USAGE_FEATURES",Low,0.65,No recent usage; abandoned tool; imputed usage features.,rules-only,0.2.0-tcb,0.0,False,False,False,False,False,False,True,True,False,False,False,False,False,False,False,True,KIT EXHAUST PORT (SET C),120.0,36.0
500362833,0,0,0,N,Maintain,"NO_RECENT_USAGE,ABANDONED_TOOL,IMPUTED_USAGE_FEATURES",Low,0.65,No recent usage; abandoned tool; imputed usage features.,rules-only,0.2.0-tcb,0.0,False,False,False,False,False,False,True,True,False,False,False,False,False,False,False,True,KIT OIL LEVER GLASS (SET B),150.0,36.0
500362836,0,0,0,N,Maintain,"NO_RECENT_USAGE,ABANDONED_TOOL,IMPUTED_USAGE_FEATURES",Low,0.65,No recent usage; abandoned tool; imputed usage features.,rules-only,0.2.0-tcb,0.0,False,False,False,False,False,False,True,True,False,False,False,False,False,False,False,True,KIT OIL BOX (SET A),532.0,36.0
500364368,1,1,0,Y,Increase,"NO_RECENT_USAGE,ZERO_RECOMMENDATION_OVERRIDE,AD_HOC_CONSUMPTION_RISK,IMPUTED_USAGE_FEATURES",Medium,0.65,"Source algorithm recommends 0 but the part carries risk (lead time 70d, on-hand 0); protective stock proposed instead of zero.",rules-only,0.2.0-tcb,122.0,False,False,False,False,False,False,True,False,False,False,True,True,False,False,False,True,OPTICS TBLE 1MMPKT NZZL BNK(OTNB)(28X16),122.0,70.0
500364369,0,0,0,N,Maintain,"NO_RECENT_USAGE,ABANDONED_TOOL,IMPUTED_USAGE_FEATURES",Low,0.65,No recent usage; abandoned tool; imputed usage features.,rules-only,0.2.0-tcb,0.0,False,False,False,False,False,False,True,True,False,False,False,False,False,False,False,True,OPTICS TBLE 1MMPKT NZZL BNK(OTNB)(34X24),122.0,55.0
500367100,0,0,0,Y,Maintain,"NO_RECENT_USAGE,IMPUTED_USAGE_FEATURES",Medium,0.65,No recent usage; imputed usage features.,rules-only,0.2.0-tcb,0.0,False,False,False,False,False,False,True,False,False,False,False,False,False,False,False,True,DTA UL OPTICS ASSY,1545.13,15.0
500367101,0,0,0,N,Maintain,"NO_RECENT_USAGE,IMPUTED_USAGE_FEATURES",Low,0.65,No recent usage; imputed usage features.,rules-only,0.2.0-tcb,0.0,False,False,False,False,False,False,True,False,False,False,False,False,False,False,False,True,(CIE4S) WALL ASSY REAR,140.97,15.0
500367103,0,0,0,N,Maintain,"NO_RECENT_USAGE,IMPUTED_USAGE_FEATURES",Low,0.65,No recent usage; imputed usage features.,rules-only,0.2.0-tcb,0.0,False,False,False,False,False,False,True,False,False,False,False,False,False,False,False,True,LED SIGNAL TOWER LIGHT W/ BUZZER (110MM),63.27,15.0
500367105,1,1,0,Y,Increase,"NO_RECENT_USAGE,ZERO_RECOMMENDATION_OVERRIDE,AD_HOC_CONSUMPTION_RISK,IMPUTED_USAGE_FEATURES",Medium,0.65,"Source algorithm recommends 0 but the part carries risk (lead time 88d, on-hand 4); protective stock proposed instead of zero.",rules-only,0.2.0-tcb,72.09,False,False,False,False,False,False,True,False,False,False,True,True,False,False,False,True,DFH TO MAIN BONDER SPARE CABLE,72.09,88.0
500367106,0,0,0,N,Maintain,"NO_RECENT_USAGE,IMPUTED_USAGE_FEATURES",Low,0.65,No recent usage; imputed usage features.,rules-only,0.2.0-tcb,0.0,False,False,False,False,False,False,True,False,False,False,False,False,False,False,False,True,REMOTE HARD DISK WITH OS,640.8,10.0
500367107,0,0,0,Y,Maintain,"NO_RECENT_USAGE,IMPUTED_USAGE_FEATURES",Medium,0.65,No recent usage; imputed usage features.,rules-only,0.2.0-tcb,0.0,False,False,False,False,False,False,True,False,False,False,False,False,False,False,False,True,NUDRIVE-3S BOX(HAVE FUSE),2159.49,10.0
500367108,0,0,0,Y,Maintain,"NO_RECENT_USAGE,IMPUTED_USAGE_FEATURES",Medium,0.65,No recent usage; imputed usage features.,rules-only,0.2.0-tcb,0.0,False,False,False,False,False,False,True,False,False,False,False,False,False,False,False,True,NUDRIVE-3S BOX(HAVE FUSE),2162.7,10.0
500367109,0,0,0,Y,Maintain,"NO_RECENT_USAGE,IMPUTED_USAGE_FEATURES",Medium,0.65,No recent usage; imputed usage features.,rules-only,0.2.0-tcb,0.0,False,False,False,False,False,False,True,False,False,False,False,False,False,False,False,True,HT LNPS 7KVA 110V&40V&220V,2185.92,25.0
500367110,0,0,0,N,Maintain,"NO_RECENT_USAGE,IMPUTED_USAGE_FEATURES",Low,0.65,No recent usage; imputed usage features.,rules-only,0.2.0-tcb,0.0,False,False,False,False,False,False,True,False,False,False,False,False,False,False,False,True,(OT) AB ON/OFF SOL,112.14,15.0
500367111,0,0,0,N,Maintain,"NO_RECENT_USAGE,IMPUTED_USAGE_FEATURES",Low,0.65,No recent usage; imputed usage features.,rules-only,0.2.0-tcb,0.0,False,False,False,False,False,False,True,False,False,False,False,False,False,False,False,True,CAH TO MAIN BONDER SPARE CABLE (FB),169.81,15.0
500367112,0,0,0,N,Maintain,"NO_RECENT_USAGE,IMPUTED_USAGE_FEATURES",Low,0.65,No recent usage; imputed usage features.,rules-only,0.2.0-tcb,0.0,False,False,False,False,False,False,True,False,False,False,False,False,False,False,False,True,ENC EXT CABLE ASSY NORMAL,29.63,25.0
500367113,0,0,0,N,Maintain,"NO_RECENT_USAGE,IMPUTED_USAGE_FEATURES",Low,0.65,No recent usage; imputed usage features.,rules-only,0.2.0-tcb,0.0,False,False,False,False,False,False,True,False,False,False,False,False,False,False,False,True,TEC AND DM FAN POWER CABLE ASSY,37.64,15.0
500367114,0,0,0,N,Maintain,"NO_RECENT_USAGE,IMPUTED_USAGE_FEATURES",Low,0.65,No recent usage; imputed usage features.,rules-only,0.2.0-tcb,0.0,False,False,False,False,False,False,True,False,False,False,False,False,False,False,False,True,OT Z ENC CONN CABLE ASSY,31.23,15.0
500367115,0,0,0,N,Maintain,"NO_RECENT_USAGE,IMPUTED_USAGE_FEATURES",Low,0.65,No recent usage; imputed usage features.,rules-only,0.2.0-tcb,0.0,False,False,False,False,False,False,True,False,False,False,False,False,False,False,False,True,HARD DISK AND USB HUB 5V CABLE ASSY,10.41,15.0
500367117,0,0,0,N,Maintain,"NO_RECENT_USAGE,ABANDONED_TOOL,IMPUTED_USAGE_FEATURES",Low,0.65,No recent usage; abandoned tool; imputed usage features.,rules-only,0.2.0-tcb,0.0,False,False,False,False,False,False,True,True,False,False,False,False,False,False,False,True,DPA CAM AND LT CABLE V2,250.71,15.0
500367119,0,0,0,N,Maintain,"NO_RECENT_USAGE,ABANDONED_TOOL,IMPUTED_USAGE_FEATURES",Low,0.65,No recent usage; abandoned tool; imputed usage features.,rules-only,0.2.0-tcb,0.0,False,False,False,False,False,False,True,True,False,False,False,False,False,False,False,True,CAH DOCKING BASE PLATE,44.85,15.0
500367120,0,0,0,N,Maintain,"NO_RECENT_USAGE,IMPUTED_USAGE_FEATURES",Low,0.65,No recent usage; imputed usage features.,rules-only,0.2.0-tcb,0.0,False,False,False,False,False,False,True,False,False,False,False,False,False,False,False,True,CABLE MOUNTING FIX END(HWM BACK)NON CE,20.02,15.0
500367121,0,0,0,N,Maintain,"NO_RECENT_USAGE,IMPUTED_USAGE_FEATURES",Low,0.65,No recent usage; imputed usage features.,rules-only,0.2.0-tcb,0.0,False,False,False,False,False,False,True,False,False,False,False,False,False,False,False,True,"(IES) LARGE SIDE COVER FOR OT, RIGHT",233.89,15.0
500367123,0,0,0,N,Maintain,"NO_RECENT_USAGE,IMPUTED_USAGE_FEATURES",Low,0.65,No recent usage; imputed usage features.,rules-only,0.2.0-tcb,0.0,False,False,False,False,False,False,True,False,False,False,False,False,False,False,False,True,SINGLE DOOR MAGNETIC MINI LOCK YM-70,48.46,15.0
500367125,0,0,0,N,Maintain,"NO_RECENT_USAGE,IMPUTED_USAGE_FEATURES",Low,0.65,No recent usage; imputed usage features.,rules-only,0.2.0-tcb,0.0,False,False,False,False,False,False,True,False,False,False,False,False,False,False,False,True,15 PIN SATA TO 4PIN HD PWR ADAPTOR 110MM,2.45,10.0
500367126,0,0,0,Y,Maintain,"DATA_QUALITY_REVIEW_REQUIRED,IMPUTED_USAGE_FEATURES",High,0.4,Input data failed validation; values held unchanged pending correction.,rules-only,0.2.0-tcb,0.0,True,False,False,False,False,False,False,False,False,False,False,False,False,False,False,True,"SATA CABLE W/ LATCH 36""",16.82,10.0
500367232,0,0,0,N,Maintain,"NO_RECENT_USAGE,ABANDONED_TOOL,IMPUTED_USAGE_FEATURES",Low,0.65,No recent usage; abandoned tool; imputed usage features.,rules-only,0.2.0-tcb,0.0,False,False,False,False,False,False,True,True,False,False,False,False,False,False,False,True,"NIPPLE 2"" LONG- 1""NPT",33.0,23.0
500367233,0,0,0,N,Maintain,"NO_RECENT_USAGE,ABANDONED_TOOL,IMPUTED_USAGE_FEATURES",Low,0.65,No recent usage; abandoned tool; imputed usage features.,rules-only,0.2.0-tcb,0.0,False,False,False,False,False,False,True,True,False,False,False,False,False,False,False,True,"BALL VALVE 1"" NPT, LOCKABLE",126.0,23.0
500367523,0,0,0,Y,Maintain,"NO_RECENT_USAGE,ABANDONED_TOOL,IMPUTED_USAGE_FEATURES",Medium,0.65,No recent usage; abandoned tool; imputed usage features.,rules-only,0.2.0-tcb,0.0,False,False,False,False,False,False,True,True,False,False,False,False,False,False,False,True,(ECPP-369) FRONT SWING COVER UGK,3106.1,25.0
500368188,0,0,0,N,Maintain,"NO_RECENT_USAGE,ABANDONED_TOOL,IMPUTED_USAGE_FEATURES",Low,0.65,No recent usage; abandoned tool; imputed usage features.,rules-only,0.2.0-tcb,0.0,False,False,False,False,False,False,True,True,False,False,False,False,False,False,False,True,PC STATION STOPPER PLATE-45,44.95,25.0
500368421,0,0,0,Y,Maintain,"NO_RECENT_USAGE,ABANDONED_TOOL,IMPUTED_USAGE_FEATURES",Medium,0.65,No recent usage; abandoned tool; imputed usage features.,rules-only,0.2.0-tcb,0.0,False,False,False,False,False,False,True,True,False,False,False,False,False,False,False,True,STA PICKHEAD ASSY SET (ND5 2XCVR) L&R,3100.0,25.0
500368422,1,1,0,Y,Increase,"NO_RECENT_USAGE,ZERO_RECOMMENDATION_OVERRIDE,AD_HOC_CONSUMPTION_RISK,IMPUTED_USAGE_FEATURES",Medium,0.65,"Source algorithm recommends 0 but the part carries risk (lead time 73d, on-hand 0); protective stock proposed instead of zero.",rules-only,0.2.0-tcb,3100.0,False,False,False,False,False,False,True,False,False,False,True,True,False,False,False,True,STA PICKHEAD ASSY SET (ND5) L&R,3100.0,73.0
500368423,0,0,0,Y,Maintain,"NO_RECENT_USAGE,ABANDONED_TOOL,IMPUTED_USAGE_FEATURES",Medium,0.65,No recent usage; abandoned tool; imputed usage features.,rules-only,0.2.0-tcb,0.0,False,False,False,False,False,False,True,True,False,False,False,False,False,False,False,True,STA PICKHEAD ASSY SET (APOLLONIA ND4)L&R,3100.0,25.0
500368424,0,0,0,Y,Maintain,"NO_RECENT_USAGE,ABANDONED_TOOL,IMPUTED_USAGE_FEATURES",Medium,0.65,No recent usage; abandoned tool; imputed usage features.,rules-only,0.2.0-tcb,0.0,False,False,False,False,False,False,True,True,False,False,False,False,False,False,False,True,STA PICKHEAD ASSY SET (ANF) L&R,3100.0,25.0
500370864,0,0,0,N,Maintain,"NO_RECENT_USAGE,ABANDONED_TOOL,IMPUTED_USAGE_FEATURES",Low,0.65,No recent usage; abandoned tool; imputed usage features.,rules-only,0.2.0-tcb,0.0,False,False,False,False,False,False,True,True,False,False,False,False,False,False,False,True,BOLTED PEDESTAL LOCK SCREW,1.72,15.0
500370886,0,0,0,Y,Maintain,"NO_RECENT_USAGE,ABANDONED_TOOL,IMPUTED_USAGE_FEATURES",Medium,0.65,No recent usage; abandoned tool; imputed usage features.,rules-only,0.2.0-tcb,0.0,False,False,False,False,False,False,True,True,False,False,False,False,False,False,False,True,BH & OT AIR BEARING PNEU ASSY (F),2687.8,25.0
500370887,0,0,0,Y,Maintain,"NO_RECENT_USAGE,ABANDONED_TOOL,IMPUTED_USAGE_FEATURES",Medium,0.65,No recent usage; abandoned tool; imputed usage features.,rules-only,0.2.0-tcb,0.0,False,False,False,False,False,False,True,True,False,False,False,False,False,False,False,True,BS AIR BEARING PNEU ASSY (F),2492.89,55.0
500370888,0,0,0,Y,Maintain,"NO_RECENT_USAGE,ABANDONED_TOOL,IMPUTED_USAGE_FEATURES",Medium,0.65,No recent usage; abandoned tool; imputed usage features.,rules-only,0.2.0-tcb,0.0,False,False,False,False,False,False,True,True,False,False,False,False,False,False,False,True,SELFCON FAN 220V 14M^3/M 575X1175X250MM,1780.0,25.0
500370948,0,0,0,N,Maintain,"NO_RECENT_USAGE,ABANDONED_TOOL,IMPUTED_USAGE_FEATURES",Low,0.65,No recent usage; abandoned tool; imputed usage features.,rules-only,0.2.0-tcb,0.0,False,False,False,False,False,False,True,True,False,False,False,False,False,False,False,True,FRONT PLATFORM OPAL GLASS BANK,136.17,25.0
500371222,1,1,0,Y,Increase,"NO_RECENT_USAGE,ZERO_RECOMMENDATION_OVERRIDE,AD_HOC_CONSUMPTION_RISK,IMPUTED_USAGE_FEATURES",Medium,0.65,"Source algorithm recommends 0 but the part carries risk (lead time 90d, on-hand 8); protective stock proposed instead of zero.",rules-only,0.2.0-tcb,7.12,False,False,False,False,False,False,True,False,False,False,True,True,False,False,False,True,"VACUUM RING PRESS NUT (D6.5,M5,1.15)",7.12,90.0
500372127,0,0,0,N,Maintain,"NO_RECENT_USAGE,ABANDONED_TOOL,IMPUTED_USAGE_FEATURES",Low,0.65,No recent usage; abandoned tool; imputed usage features.,rules-only,0.2.0-tcb,0.0,False,False,False,False,False,False,True,True,False,False,False,False,False,False,False,True,"(IES) CP,LINE-IN FRONT ADAPTOR ASSY (FB)",247.42,25.0
500372793,1,1,0,Y,Increase,"NO_RECENT_USAGE,ABANDONED_TOOL,ZERO_RECOMMENDATION_OVERRIDE,IMPUTED_USAGE_FEATURES",Medium,0.65,"Source algorithm recommends 0 but the part carries risk (lead time 25d, on-hand 0); protective stock proposed instead of zero.",rules-only,0.2.0-tcb,69.38,False,False,False,False,False,False,True,True,False,False,True,False,False,False,False,True,LED HEADLAMP FLASHLIGHT,69.38,25.0
500372794,0,0,0,N,Maintain,"NO_RECENT_USAGE,ABANDONED_TOOL,IMPUTED_USAGE_FEATURES",Low,0.65,No recent usage; abandoned tool; imputed usage features.,rules-only,0.2.0-tcb,0.0,False,False,False,False,False,False,True,True,False,False,False,False,False,False,False,True,FLASHLIGHTS LED FLASHLIGHT WITH BATTERY,180.0,25.0
500372796,1,1,0,Y,Increase,"NO_RECENT_USAGE,ABANDONED_TOOL,ZERO_RECOMMENDATION_OVERRIDE,IMPUTED_USAGE_FEATURES",Medium,0.65,"Source algorithm recommends 0 but the part carries risk (lead time 25d, on-hand 0); protective stock proposed instead of zero.",rules-only,0.2.0-tcb,115.79,False,False,False,False,False,False,True,True,False,False,True,False,False,False,False,True,"PICKUP TOOL, VACUUM, ESD SAFE",115.79,25.0
500374416,0,0,0,Y,Maintain,"NO_RECENT_USAGE,IMPUTED_USAGE_FEATURES",Medium,0.65,No recent usage; imputed usage features.,rules-only,0.2.0-tcb,0.0,False,False,False,False,False,False,True,False,False,False,False,False,False,False,False,True,(BALDA) THETA ENC ASSY,1934.86,25.0
500374417,1,1,0,Y,Increase,"NO_RECENT_USAGE,ZERO_RECOMMENDATION_OVERRIDE,AD_HOC_CONSUMPTION_RISK,IMPUTED_USAGE_FEATURES",Medium,0.65,"Source algorithm recommends 0 but the part carries risk (lead time 70d, on-hand 0); protective stock proposed instead of zero.",rules-only,0.2.0-tcb,196.25,False,False,False,False,False,False,True,False,False,False,True,True,False,False,False,True,ROTARY SCALE R3213 WITHOUT HUB 301-00056,196.25,70.0
500374835,0,0,0,N,Maintain,"NO_RECENT_USAGE,ABANDONED_TOOL,IMPUTED_USAGE_FEATURES",Low,0.65,No recent usage; abandoned tool; imputed usage features.,rules-only,0.2.0-tcb,0.0,False,False,False,False,False,False,True,True,False,False,False,False,False,False,False,True,BONDER BAR TYPE IONIZER,845.5,55.0
500374836,0,0,0,N,Maintain,"NO_RECENT_USAGE,IMPUTED_USAGE_FEATURES",Low,0.65,No recent usage; imputed usage features.,rules-only,0.2.0-tcb,0.0,False,False,False,False,False,False,True,False,False,False,False,False,False,False,False,True,SOC BUTTON HD SCREW M3X4,1.34,25.0
500374837,1,1,0,Y,Increase,"NO_RECENT_USAGE,ZERO_RECOMMENDATION_OVERRIDE,AD_HOC_CONSUMPTION_RISK,IMPUTED_USAGE_FEATURES",Medium,0.65,"Source algorithm recommends 0 but the part carries risk (lead time 70d, on-hand 0); protective stock proposed instead of zero.",rules-only,0.2.0-tcb,6.23,False,False,False,False,False,False,True,False,False,False,True,True,False,False,False,True,MINIATURE FITTINGS 10-M- 3ALU-4,6.23,70.0
500374889,0,0,0,Y,Maintain,"NO_RECENT_USAGE,IMPUTED_USAGE_FEATURES",Medium,0.65,No recent usage; imputed usage features.,rules-only,0.2.0-tcb,0.0,False,False,False,False,False,False,True,False,False,False,False,False,False,False,False,True,NUDRIVE-3S BOX(HAVE FUSE),2547.18,10.0
500374893,0,0,0,N,Maintain,"NO_RECENT_USAGE,IMPUTED_USAGE_FEATURES",Low,0.65,No recent usage; imputed usage features.,rules-only,0.2.0-tcb,0.0,False,False,False,False,False,False,True,False,False,False,False,False,False,False,False,True,70BHTT ROT ENC EXT.CABLE,39.24,10.0
500376460,1,1,0,Y,Increase,"NO_RECENT_USAGE,ZERO_RECOMMENDATION_OVERRIDE,AD_HOC_CONSUMPTION_RISK,IMPUTED_USAGE_FEATURES",Medium,0.65,"Source algorithm recommends 0 but the part carries risk (lead time 75d, on-hand 0); protective stock proposed instead of zero.",rules-only,0.2.0-tcb,7.12,False,False,False,False,False,False,True,False,False,False,True,True,False,False,False,True,BEW FITTING KQ2U04-06A,7.12,75.0
500376659,0,0,0,N,Maintain,"NO_RECENT_USAGE,IMPUTED_USAGE_FEATURES",Low,0.65,No recent usage; imputed usage features.,rules-only,0.2.0-tcb,0.0,False,False,False,False,False,False,True,False,False,False,False,False,False,False,False,True,BRAKE ACTIVATOR,53.43,28.0
500376660,0,0,0,N,Maintain,"ABANDONED_TOOL,IMPUTED_USAGE_FEATURES",Low,0.65,Abandoned tool; imputed usage features.,rules-only,0.2.0-tcb,0.0,False,False,False,False,False,False,False,True,False,False,False,False,False,False,False,True,"SOLENIOD VALVE G1/8"" PLASTIC AL",100.6,31.0
500378153,0,0,0,N,Maintain,"NO_RECENT_USAGE,IMPUTED_USAGE_FEATURES",Low,0.65,No recent usage; imputed usage features.,rules-only,0.2.0-tcb,0.0,False,False,False,False,False,False,True,False,False,False,False,False,False,False,False,True,(WT) V BEARING SHAFT,28.93,25.0
500378204,0,0,0,N,Maintain,"NO_RECENT_USAGE,ABANDONED_TOOL,IMPUTED_USAGE_FEATURES",Low,0.65,No recent usage; abandoned tool; imputed usage features.,rules-only,0.2.0-tcb,0.0,False,False,False,False,False,False,True,True,False,False,False,False,False,False,False,True,D-LINK 8-PORT 10/100/1000MBPS SWITCH,144.16,38.0
500378539,0,0,0,N,Maintain,"NO_RECENT_USAGE,ABANDONED_TOOL,IMPUTED_USAGE_FEATURES",Low,0.65,No recent usage; abandoned tool; imputed usage features.,rules-only,0.2.0-tcb,0.0,False,False,False,False,False,False,True,True,False,False,False,False,False,False,False,True,SOLENOID VALVE MHE2-MS1H-5/2-QS-4,159.96,31.0
500378540,0,0,0,N,Maintain,"ABANDONED_TOOL,IMPUTED_USAGE_FEATURES",Low,0.65,Abandoned tool; imputed usage features.,rules-only,0.2.0-tcb,0.0,False,False,False,False,False,False,False,True,False,False,False,False,False,False,False,True,TIMING BELT,20.95,35.0
500378541,0,0,0,N,Maintain,"NO_RECENT_USAGE,ABANDONED_TOOL,IMPUTED_USAGE_FEATURES",Low,0.65,No recent usage; abandoned tool; imputed usage features.,rules-only,0.2.0-tcb,0.0,False,False,False,False,False,False,True,True,False,False,False,False,False,False,False,True,ELMO AMPLIFIER,1053.65,59.0
500380109,0,0,0,Y,Maintain,"NO_RECENT_USAGE,ABANDONED_TOOL,IMPUTED_USAGE_FEATURES",Medium,0.65,No recent usage; abandoned tool; imputed usage features.,rules-only,0.2.0-tcb,0.0,False,False,False,False,False,False,True,True,False,False,False,False,False,False,False,True,"LINAK ACTUATOR,450MM STROKE,4IN PARALLEL",1548.42,28.0
500381179,0,0,0,Y,Maintain,"NO_RECENT_USAGE,ABANDONED_TOOL,IMPUTED_USAGE_FEATURES",Medium,0.65,No recent usage; abandoned tool; imputed usage features.,rules-only,0.2.0-tcb,0.0,False,False,False,False,False,False,True,True,False,False,False,False,False,False,False,True,"COT, DOCKING UNIT, X-SERIES, CPL, R2",7275.3,15.0
500381180,1,1,0,Y,Increase,"NO_RECENT_USAGE,ZERO_RECOMMENDATION_OVERRIDE,AD_HOC_CONSUMPTION_RISK,IMPUTED_USAGE_FEATURES",Medium,0.65,"Source algorithm recommends 0 but the part carries risk (lead time 75d, on-hand 1); protective stock proposed instead of zero.",rules-only,0.2.0-tcb,24.92,False,False,False,False,False,False,True,False,False,False,True,True,False,False,False,True,OT NB PNEUMATIC MOUNT,24.92,75.0
500381430,1,1,0,Y,Increase,"NO_RECENT_USAGE,ABANDONED_TOOL,ZERO_RECOMMENDATION_OVERRIDE,IMPUTED_USAGE_FEATURES",Medium,0.65,"Source algorithm recommends 0 but the part carries risk (lead time 25d, on-hand 0); protective stock proposed instead of zero.",rules-only,0.2.0-tcb,42.0,False,False,False,False,False,False,True,True,False,False,True,False,False,False,False,True,9MM WHITE CARTRIDGE FOR BMP21,42.0,25.0
500385611,0,0,0,N,Maintain,"NO_RECENT_USAGE,ABANDONED_TOOL,IMPUTED_USAGE_FEATURES",Low,0.65,No recent usage; abandoned tool; imputed usage features.,rules-only,0.2.0-tcb,0.0,False,False,False,False,False,False,True,True,False,False,False,False,False,False,False,True,NDIIIS CONTROLPOWERMODULE,1177.47,10.0
500385613,0,0,0,N,Maintain,"NO_RECENT_USAGE,IMPUTED_USAGE_FEATURES",Low,0.65,No recent usage; imputed usage features.,rules-only,0.2.0-tcb,0.0,False,False,False,False,False,False,True,False,False,False,False,False,False,False,False,True,"NDIIIS CONTROLPOWERMODULE, ND#2-0",1171.86,10.0
500387828,0,0,0,N,Maintain,"NO_RECENT_USAGE,ABANDONED_TOOL,IMPUTED_USAGE_FEATURES",Low,0.65,No recent usage; abandoned tool; imputed usage features.,rules-only,0.2.0-tcb,0.0,False,False,False,False,False,False,True,True,False,False,False,False,False,False,False,True,HEATER WIRE INSULATION SLEEVE,6.5,30.0
500387829,0,0,0,N,Maintain,"NO_RECENT_USAGE,ABANDONED_TOOL,IMPUTED_USAGE_FEATURES",Low,0.65,No recent usage; abandoned tool; imputed usage features.,rules-only,0.2.0-tcb,0.0,False,False,False,False,False,False,True,True,False,False,False,False,False,False,False,True,HEATER WIRE UNCOATED FIBER SLEEVE,2.0,30.0
500387843,0,0,0,N,Maintain,IMPUTED_USAGE_FEATURES,Low,0.65,Imputed usage features.,rules-only,0.2.0-tcb,0.0,False,False,False,False,False,False,False,False,False,False,False,False,False,False,False,True,BLACK CABLE CHAIN,794.01,20.0
500390810,0,0,0,Y,Maintain,"NO_RECENT_USAGE,ABANDONED_TOOL,IMPUTED_USAGE_FEATURES",Medium,0.65,No recent usage; abandoned tool; imputed usage features.,rules-only,0.2.0-tcb,0.0,False,False,False,False,False,False,True,True,False,False,False,False,False,False,False,True,"X900,CHILLER",5400.0,20.0
500390892,0,0,0,N,Maintain,"NO_RECENT_USAGE,ABANDONED_TOOL,IMPUTED_USAGE_FEATURES",Low,0.65,No recent usage; abandoned tool; imputed usage features.,rules-only,0.2.0-tcb,0.0,False,False,False,False,False,False,True,True,False,False,False,False,False,False,False,True,R LCD AND USB HUB PWR CABLE,56.0,25.0
500390893,1,1,0,Y,Increase,"NO_RECENT_USAGE,ZERO_RECOMMENDATION_OVERRIDE,AD_HOC_CONSUMPTION_RISK,IMPUTED_USAGE_FEATURES",Medium,0.65,"Source algorithm recommends 0 but the part carries risk (lead time 75d, on-hand 0); protective stock proposed instead of zero.",rules-only,0.2.0-tcb,28.0,False,False,False,False,False,False,True,False,False,False,True,True,False,False,False,True,FRONT MONITOR PWR CABLE ASSYII,28.0,75.0
500391825,1,1,0,Y,Increase,"NO_RECENT_USAGE,ZERO_RECOMMENDATION_OVERRIDE,AD_HOC_CONSUMPTION_RISK,IMPUTED_USAGE_FEATURES",Medium,0.65,"Source algorithm recommends 0 but the part carries risk (lead time 70d, on-hand 0); protective stock proposed instead of zero.",rules-only,0.2.0-tcb,202.0,False,False,False,False,False,False,True,False,False,False,True,True,False,False,False,True,BH NOZZLE WITH PROBE PIN ASSY,202.0,70.0
500393459,0,0,0,N,Maintain,"NO_RECENT_USAGE,ABANDONED_TOOL,IMPUTED_USAGE_FEATURES",Low,0.65,No recent usage; abandoned tool; imputed usage features.,rules-only,0.2.0-tcb,0.0,False,False,False,False,False,False,True,True,False,False,False,False,False,False,False,True,DPA Z MOVING END COVER (OPTIONAL),143.0,55.0
500393549,0,0,0,N,Maintain,"NO_RECENT_USAGE,IMPUTED_USAGE_FEATURES",Low,0.65,No recent usage; imputed usage features.,rules-only,0.2.0-tcb,0.0,False,False,False,False,False,False,True,False,False,False,False,False,False,False,False,True,COPPER PASTE FOR APPJ,147.44,26.0
500394366,0,0,0,N,Maintain,"NO_RECENT_USAGE,ABANDONED_TOOL,IMPUTED_USAGE_FEATURES",Low,0.65,No recent usage; abandoned tool; imputed usage features.,rules-only,0.2.0-tcb,0.0,False,False,False,False,False,False,True,True,False,False,False,False,False,False,False,True,DAMPING TAPE GUIDE,224.72,55.0
500394367,0,0,0,N,Maintain,"NO_RECENT_USAGE,ABANDONED_TOOL,IMPUTED_USAGE_FEATURES",Low,0.65,No recent usage; abandoned tool; imputed usage features.,rules-only,0.2.0-tcb,0.0,False,False,False,False,False,False,True,True,False,False,False,False,False,False,False,True,DAMPING TAPE,4.45,15.0
500396049,1,1,0,Y,Maintain,"NO_RECENT_USAGE,ZERO_RECOMMENDATION_OVERRIDE,SFM_DISAGREEMENT,IMPUTED_USAGE_FEATURES",Medium,0.55,"Source algorithm recommends 0 but the part carries risk (lead time 20d, on-hand 2); protective stock proposed instead of zero. candidate source proposes 0 vs current 1.",rules-only,0.2.0-tcb,813.2,False,False,False,False,False,False,True,False,False,False,True,False,False,True,False,True,VACUMN PEN PAC-VAC KIT,813.2,20.0
500396332,0,0,0,N,Maintain,"NO_RECENT_USAGE,ABANDONED_TOOL,IMPUTED_USAGE_FEATURES",Low,0.65,No recent usage; abandoned tool; imputed usage features.,rules-only,0.2.0-tcb,0.0,False,False,False,False,False,False,True,True,False,False,False,False,False,False,False,True,86-70002 BRAIDED GROUND WIRE CABLE,7.0,55.0
500396602,1,1,0,Y,Increase,"NO_RECENT_USAGE,ZERO_RECOMMENDATION_OVERRIDE,AD_HOC_CONSUMPTION_RISK,IMPUTED_USAGE_FEATURES",Medium,0.65,"Source algorithm recommends 0 but the part carries risk (lead time 75d, on-hand 2); protective stock proposed instead of zero.",rules-only,0.2.0-tcb,10.0,False,False,False,False,False,False,True,False,False,False,True,True,False,False,False,True,THIN SOC HD CAP SCREW M3X4,10.0,75.0
500396607,0,0,0,N,Maintain,"NO_RECENT_USAGE,ABANDONED_TOOL,IMPUTED_USAGE_FEATURES",Low,0.65,No recent usage; abandoned tool; imputed usage features.,rules-only,0.2.0-tcb,0.0,False,False,False,False,False,False,True,True,False,False,False,False,False,False,False,True,ETHERCAT COMMUNICATION MODULE,396.72,20.0
500397501,0,0,0,N,Maintain,"NO_RECENT_USAGE,ABANDONED_TOOL,IMPUTED_USAGE_FEATURES",Low,0.65,No recent usage; abandoned tool; imputed usage features.,rules-only,0.2.0-tcb,0.0,False,False,False,False,False,False,True,True,False,False,False,False,False,False,False,True,BEW CLAMP ASSY,359.56,55.0
500398570,1,1,0,Y,Increase,"NO_RECENT_USAGE,ZERO_RECOMMENDATION_OVERRIDE,AD_HOC_CONSUMPTION_RISK,IMPUTED_USAGE_FEATURES",High,0.65,"Source algorithm recommends 0 but the part carries risk (lead time 65d, on-hand 0); protective stock proposed instead of zero.",rules-only,0.2.0-tcb,5849.0,False,False,False,False,False,False,True,False,False,False,True,True,False,False,False,True,CAMERA LINK CABLE SET FOR DCIIA,5849.0,65.0
500399044,0,0,0,Y,Maintain,"NO_RECENT_USAGE,IMPUTED_USAGE_FEATURES",Medium,0.65,No recent usage; imputed usage features.,rules-only,0.2.0-tcb,0.0,False,False,False,False,False,False,True,False,False,False,False,False,False,False,False,True,"PHOENIX-UGK,VISION PC ASSEMBLY",8000.0,59.0
500402202,0,0,0,N,Maintain,"NO_RECENT_USAGE,IMPUTED_USAGE_FEATURES",Low,0.65,No recent usage; imputed usage features.,rules-only,0.2.0-tcb,0.0,False,False,False,False,False,False,True,False,False,False,False,False,False,False,False,True,HEATER CABLE CLAMP - SYMMETRIC,49.84,55.0
500402203,1,1,0,Y,Increase,"NO_RECENT_USAGE,ZERO_RECOMMENDATION_OVERRIDE,AD_HOC_CONSUMPTION_RISK,IMPUTED_USAGE_FEATURES",Medium,0.65,"Source algorithm recommends 0 but the part carries risk (lead time 70d, on-hand 1); protective stock proposed instead of zero.",rules-only,0.2.0-tcb,1999.83,False,False,False,False,False,False,True,False,False,False,True,True,False,False,False,True,COOLING BLOCK ASSY FOR DMC - SYM,1999.83,70.0
500402361,0,0,0,Y,Maintain,"NO_RECENT_USAGE,IMPUTED_USAGE_FEATURES",Medium,0.65,No recent usage; imputed usage features.,rules-only,0.2.0-tcb,0.0,False,False,False,False,False,False,True,False,False,False,False,False,False,False,False,True,SMARTFEEDER 32MM,2610.0,15.0
500403191,0,0,0,N,Maintain,"NO_RECENT_USAGE,IMPUTED_USAGE_FEATURES",Low,0.65,No recent usage; imputed usage features.,rules-only,0.2.0-tcb,0.0,False,False,False,False,False,False,True,False,False,False,False,False,False,False,False,True,SENSOR HEAD TO CAMERA BOARD CABLE -1000,48.95,10.0
500403583,1,1,0,Y,Increase,"NO_RECENT_USAGE,ZERO_RECOMMENDATION_OVERRIDE,AD_HOC_CONSUMPTION_RISK,IMPUTED_USAGE_FEATURES",High,0.65,"Source algorithm recommends 0 but the part carries risk (lead time 184d, on-hand 1); protective stock proposed instead of zero.",rules-only,0.2.0-tcb,9203.49,False,False,False,False,False,False,True,False,False,False,True,True,False,False,False,True,"PULSE HEATER 2ND SOURCE,DMC,N,PT COAT",9203.49,184.0
500404213,1,1,0,Y,Maintain,"NO_RECENT_USAGE,INSUFFICIENT_DATA,ZERO_RECOMMENDATION_OVERRIDE,AD_HOC_CONSUMPTION_RISK,SFM_DISAGREEMENT,IMPUTED_USAGE_FEATURES",Medium,0.4,"Source algorithm recommends 0 but the part carries risk (lead time 70d, on-hand 1); protective stock proposed instead of zero. candidate source proposes 0 vs current 1.",rules-only,0.2.0-tcb,3650.0,False,False,False,False,False,False,True,False,False,True,True,True,False,True,False,True,TAR BAY (TB) -STA,3650.0,70.0
500405337,0,0,0,N,Maintain,"NO_RECENT_USAGE,ABANDONED_TOOL,IMPUTED_USAGE_FEATURES",Low,0.65,No recent usage; abandoned tool; imputed usage features.,rules-only,0.2.0-tcb,0.0,False,False,False,False,False,False,True,True,False,False,False,False,False,False,False,True,SHIM 0.08MM,32.13,38.0
500406056,1,1,0,Y,Increase,"NO_RECENT_USAGE,ZERO_RECOMMENDATION_OVERRIDE,AD_HOC_CONSUMPTION_RISK,IMPUTED_USAGE_FEATURES",High,0.65,"Source algorithm recommends 0 but the part carries risk (lead time 141d, on-hand 2); protective stock proposed instead of zero.",rules-only,0.2.0-tcb,9203.5,False,False,False,False,False,False,True,False,False,False,True,True,False,False,False,True,2ND SOURCE HEATER W. SYMM CB,9203.5,141.0
500406561,1,1,0,Y,Increase,"ZERO_RECOMMENDATION_OVERRIDE,AD_HOC_CONSUMPTION_RISK,IMPUTED_USAGE_FEATURES",Medium,0.65,"Source algorithm recommends 0 but the part carries risk (lead time 70d, on-hand 0); protective stock proposed instead of zero.",rules-only,0.2.0-tcb,1391.51,False,False,False,False,False,False,False,False,False,False,True,True,False,False,False,True,MICROE ALIGNMENT TOOL FOR M2000,1391.51,70.0
500406904,0,0,0,N,Maintain,"NO_RECENT_USAGE,IMPUTED_USAGE_FEATURES",Low,0.65,No recent usage; imputed usage features.,rules-only,0.2.0-tcb,0.0,False,False,False,False,False,False,True,False,False,False,False,False,False,False,False,True,AIR FLOW SENSOR 8-15VDC,403.22,19.0
500407785,1,1,0,Y,Increase,"NO_RECENT_USAGE,ZERO_RECOMMENDATION_OVERRIDE,IMPUTED_USAGE_FEATURES",Medium,0.65,"Source algorithm recommends 0 but the part carries risk (lead time 25d, on-hand 50); protective stock proposed instead of zero.",rules-only,0.2.0-tcb,2.69,False,False,False,False,False,False,True,False,False,False,True,False,False,False,False,True,STATIC DISSIPATIVE PLASTIC TUBING 90A,2.69,25.0
500409785,1,1,0,Y,Maintain,"NO_RECENT_USAGE,ZERO_RECOMMENDATION_OVERRIDE,AD_HOC_CONSUMPTION_RISK,SFM_DISAGREEMENT,IMPUTED_USAGE_FEATURES",High,0.55,"Source algorithm recommends 0 but the part carries risk (lead time 100d, on-hand 2); protective stock proposed instead of zero. candidate source proposes 0 vs current 1.",rules-only,0.2.0-tcb,9800.0,False,False,False,False,False,False,True,False,False,False,True,True,False,True,False,True,BS PEDESTAL ASSY (SR XCC)77.5X56.5X0.67,9800.0,100.0
500409786,1,1,0,Y,Maintain,"NO_RECENT_USAGE,ZERO_RECOMMENDATION_OVERRIDE,AD_HOC_CONSUMPTION_RISK,SFM_DISAGREEMENT,IMPUTED_USAGE_FEATURES",Medium,0.55,"Source algorithm recommends 0 but the part carries risk (lead time 66d, on-hand 1); protective stock proposed instead of zero. candidate source proposes 0 vs current 1.",rules-only,0.2.0-tcb,3650.0,False,False,False,False,False,False,True,False,False,False,True,True,False,True,False,True,STA PICKHEAD ASSY SET (SR XCC),3650.0,66.0
500410587,0,0,0,Y,Maintain,"ABANDONED_TOOL,IMPUTED_USAGE_FEATURES",Medium,0.65,Abandoned tool; imputed usage features.,rules-only,0.2.0-tcb,0.0,False,False,False,False,False,False,False,True,False,False,False,False,False,False,False,True,RIGHT HEATED PEDESTAL ASSY (FIREBIRD),13316.63,35.0
500411039,0,0,0,Y,Maintain,"NO_RECENT_USAGE,ABANDONED_TOOL,IMPUTED_USAGE_FEATURES",Medium,0.65,No recent usage; abandoned tool; imputed usage features.,rules-only,0.2.0-tcb,0.0,False,False,False,False,False,False,True,True,False,False,False,False,False,False,False,True,(MFE) MAIN FLUX EXHAUST (CYCLONE CDS),3754.02,25.0
500411040,0,0,0,N,Maintain,"NO_RECENT_USAGE,IMPUTED_USAGE_FEATURES",Low,0.65,No recent usage; imputed usage features.,rules-only,0.2.0-tcb,0.0,False,False,False,False,False,False,True,False,False,False,False,False,False,False,False,True,(MFE) PIPE GUIDE ASSY,161.09,25.0
500411041,0,0,0,N,Maintain,"NO_RECENT_USAGE,IMPUTED_USAGE_FEATURES",Low,0.65,No recent usage; imputed usage features.,rules-only,0.2.0-tcb,0.0,False,False,False,False,False,False,True,False,False,False,False,False,False,False,False,True,CAH TO MAIN BONDER SPARE CABLE,330.63,45.0
500411042,1,1,0,Y,Increase,"NO_RECENT_USAGE,ZERO_RECOMMENDATION_OVERRIDE,AD_HOC_CONSUMPTION_RISK,IMPUTED_USAGE_FEATURES",High,0.65,"Source algorithm recommends 0 but the part carries risk (lead time 180d, on-hand 1); protective stock proposed instead of zero.",rules-only,0.2.0-tcb,20629.31,False,False,False,False,False,False,True,False,False,False,True,True,False,False,False,True,DIGITAL CAP SENSOR,20629.31,180.0
500411043,1,1,0,Y,Increase,"NO_RECENT_USAGE,ZERO_RECOMMENDATION_OVERRIDE,AD_HOC_CONSUMPTION_RISK,IMPUTED_USAGE_FEATURES",Medium,0.65,"Source algorithm recommends 0 but the part carries risk (lead time 70d, on-hand 1); protective stock proposed instead of zero.",rules-only,0.2.0-tcb,50.73,False,False,False,False,False,False,True,False,False,False,True,True,False,False,False,True,AC TB TO ROUTER POWER CABLE,50.73,70.0
500411044,1,1,0,Y,Increase,"NO_RECENT_USAGE,ZERO_RECOMMENDATION_OVERRIDE,AD_HOC_CONSUMPTION_RISK,IMPUTED_USAGE_FEATURES",Medium,0.65,"Source algorithm recommends 0 but the part carries risk (lead time 70d, on-hand 2); protective stock proposed instead of zero.",rules-only,0.2.0-tcb,50.73,False,False,False,False,False,False,True,False,False,False,True,True,False,False,False,True,AC TB TO ROUTER POWER CABLE,50.73,70.0
500411045,1,1,0,Y,Increase,"NO_RECENT_USAGE,ZERO_RECOMMENDATION_OVERRIDE,AD_HOC_CONSUMPTION_RISK,IMPUTED_USAGE_FEATURES",Medium,0.65,"Source algorithm recommends 0 but the part carries risk (lead time 98d, on-hand 3); protective stock proposed instead of zero.",rules-only,0.2.0-tcb,32.93,False,False,False,False,False,False,True,False,False,False,True,True,False,False,False,True,F KVM AND JOY EXT CABLE2,32.93,98.0
500411048,1,1,0,Y,Maintain,"NO_RECENT_USAGE,ZERO_RECOMMENDATION_OVERRIDE,AD_HOC_CONSUMPTION_RISK,SFM_DISAGREEMENT,IMPUTED_USAGE_FEATURES",Medium,0.55,"Source algorithm recommends 0 but the part carries risk (lead time 45d, on-hand 1); protective stock proposed instead of zero. candidate source proposes 0 vs current 1.",rules-only,0.2.0-tcb,334.96,False,False,False,False,False,False,True,False,False,False,True,True,False,True,False,True,3/8 INCH BENT PROBES (NON MARKING),334.96,45.0
500413024,4,3,0,Y,Increase,"ZERO_RECOMMENDATION_OVERRIDE,SFM_DISAGREEMENT",Medium,0.8,"Source algorithm recommends 0 but the part carries risk (lead time 20d, on-hand 2); protective stock proposed instead of zero. candidate source proposes 1 vs current 0.",rules-only,0.2.0-tcb,58.0,False,False,False,False,False,False,False,False,False,False,True,False,False,True,False,False,GRAPHITE GASKET,14.5,20.0
500413025,0,0,0,Y,Maintain,"NO_RECENT_USAGE,ABANDONED_TOOL,IMPUTED_USAGE_FEATURES",Medium,0.65,No recent usage; abandoned tool; imputed usage features.,rules-only,0.2.0-tcb,0.0,False,False,False,False,False,False,True,True,False,False,False,False,False,False,False,True,"EATON 1550VA BBU, 220V, RELAY BD",3490.0,25.0
500413026,0,0,0,N,Maintain,"NO_RECENT_USAGE,ABANDONED_TOOL,IMPUTED_USAGE_FEATURES",Low,0.65,No recent usage; abandoned tool; imputed usage features.,rules-only,0.2.0-tcb,0.0,False,False,False,False,False,False,True,True,False,False,False,False,False,False,False,True,"GASKET, TOP LID, BURN BOX",79.0,20.0
500413027,0,0,0,N,Maintain,"NO_RECENT_USAGE,ABANDONED_TOOL,IMPUTED_USAGE_FEATURES",Low,0.65,No recent usage; abandoned tool; imputed usage features.,rules-only,0.2.0-tcb,0.0,False,False,False,False,False,False,True,True,False,False,False,False,False,False,False,True,"UNION TEE PUSH, 1/4'' OD, BR",21.0,30.0
500413028,0,0,0,N,Maintain,"NO_RECENT_USAGE,ABANDONED_TOOL,IMPUTED_USAGE_FEATURES",Low,0.65,No recent usage; abandoned tool; imputed usage features.,rules-only,0.2.0-tcb,0.0,False,False,False,False,False,False,True,True,False,False,False,False,False,False,False,True,"UNION TEE, 1/4'' OD LOK, SS",53.0,21.0
500413029,0,0,0,N,Maintain,"NO_RECENT_USAGE,ABANDONED_TOOL,IMPUTED_USAGE_FEATURES",Low,0.65,No recent usage; abandoned tool; imputed usage features.,rules-only,0.2.0-tcb,0.0,False,False,False,False,False,False,True,True,False,False,False,False,False,False,False,True,"1/2"" OD UNION ELBOW",63.0,15.0
500413030,0,0,0,N,Maintain,"NO_RECENT_USAGE,ABANDONED_TOOL,IMPUTED_USAGE_FEATURES",Low,0.65,No recent usage; abandoned tool; imputed usage features.,rules-only,0.2.0-tcb,0.0,False,False,False,False,False,False,True,True,False,False,False,False,False,False,False,True,"UNION TEE, 1/2'' OD LOK, SS",79.0,15.0
500413032,0,0,0,N,Maintain,"NO_RECENT_USAGE,ABANDONED_TOOL,IMPUTED_USAGE_FEATURES",Low,0.65,No recent usage; abandoned tool; imputed usage features.,rules-only,0.2.0-tcb,0.0,False,False,False,False,False,False,True,True,False,False,False,False,False,False,False,True,"SET,NUT AND FERRULES,1/4'',SS",4.0,15.0
500413033,0,0,0,N,Maintain,"NO_RECENT_USAGE,ABANDONED_TOOL,IMPUTED_USAGE_FEATURES",Low,0.65,No recent usage; abandoned tool; imputed usage features.,rules-only,0.2.0-tcb,0.0,False,False,False,False,False,False,True,True,False,False,False,False,False,False,False,True,PTFE FITTING 1/2 OD ELBOW,190.0,28.0
500413034,1,1,0,Y,Increase,"NO_RECENT_USAGE,ZERO_RECOMMENDATION_OVERRIDE,SFM_DISAGREEMENT",Medium,0.8,"Source algorithm recommends 0 but the part carries risk (lead time 30d, on-hand 0); protective stock proposed instead of zero. candidate source proposes 1 vs current 0.",rules-only,0.2.0-tcb,1263.0,False,False,False,False,False,False,True,False,False,False,True,False,False,True,False,False,RKI FORMIC CARTRIDGE,1263.0,30.0
500413035,1,1,0,Y,Increase,"ZERO_RECOMMENDATION_OVERRIDE,SFM_DISAGREEMENT",Medium,0.8,"Source algorithm recommends 0 but the part carries risk (lead time 30d, on-hand 0); protective stock proposed instead of zero. candidate source proposes 1 vs current 0.",rules-only,0.2.0-tcb,1263.0,False,False,False,False,False,False,False,False,False,False,True,False,False,True,False,False,RKI CO CARTRIDGE,1263.0,30.0
500413036,0,0,0,N,Maintain,"NO_RECENT_USAGE,ABANDONED_TOOL,IMPUTED_USAGE_FEATURES",Low,0.65,No recent usage; abandoned tool; imputed usage features.,rules-only,0.2.0-tcb,0.0,False,False,False,False,False,False,True,True,False,False,False,False,False,False,False,True,"PRESSURE SWITCH, 10PSI",691.0,40.0
500413037,0,0,0,N,Maintain,"NO_RECENT_USAGE,ABANDONED_TOOL,IMPUTED_USAGE_FEATURES",Low,0.65,No recent usage; abandoned tool; imputed usage features.,rules-only,0.2.0-tcb,0.0,False,False,False,False,False,False,True,True,False,False,False,False,False,False,False,True,"THERMAL WELL, BUBBLER OMEGA",820.0,35.0
500413038,0,0,0,Y,Maintain,"NO_RECENT_USAGE,ABANDONED_TOOL,IMPUTED_USAGE_FEATURES",Medium,0.65,No recent usage; abandoned tool; imputed usage features.,rules-only,0.2.0-tcb,0.0,False,False,False,False,False,False,True,True,False,False,False,False,False,False,False,True,PRESSURE TRANSDUCER 0-30PSI1/8''NPT316SS,2045.0,50.0
500413039,0,0,0,N,Maintain,"NO_RECENT_USAGE,ABANDONED_TOOL,IMPUTED_USAGE_FEATURES",Low,0.65,No recent usage; abandoned tool; imputed usage features.,rules-only,0.2.0-tcb,0.0,False,False,False,False,False,False,True,True,False,False,False,False,False,False,False,True,"SET,NUT AND FERRULES,1/2'',SS",8.0,15.0
500413040,0,0,0,Y,Maintain,"NO_RECENT_USAGE,ABANDONED_TOOL,IMPUTED_USAGE_FEATURES",Medium,0.65,No recent usage; abandoned tool; imputed usage features.,rules-only,0.2.0-tcb,0.0,False,False,False,False,False,False,True,True,False,False,False,False,False,False,False,True,"MASS FLOW CONTROL,N2, 3/8''OD,0-100 SLPM",4477.0,40.0
500413042,1,1,0,Y,Increase,"NO_RECENT_USAGE,ZERO_RECOMMENDATION_OVERRIDE,AD_HOC_CONSUMPTION_RISK,IMPUTED_USAGE_FEATURES",Medium,0.65,"Source algorithm recommends 0 but the part carries risk (lead time 80d, on-hand 0); protective stock proposed instead of zero.",rules-only,0.2.0-tcb,4937.0,False,False,False,False,False,False,True,False,False,False,True,True,False,False,False,True,BUBBLER TANK BAND HEATER,4937.0,80.0
500413043,0,0,0,Y,Maintain,"NO_RECENT_USAGE,ABANDONED_TOOL,IMPUTED_USAGE_FEATURES",Medium,0.65,No recent usage; abandoned tool; imputed usage features.,rules-only,0.2.0-tcb,0.0,False,False,False,False,False,False,True,True,False,False,False,False,False,False,False,True,"SCALE, 300 LBS",2663.0,50.0
500413044,0,0,0,Y,Maintain,"NO_RECENT_USAGE,ABANDONED_TOOL,IMPUTED_USAGE_FEATURES",Medium,0.65,No recent usage; abandoned tool; imputed usage features.,rules-only,0.2.0-tcb,0.0,False,False,False,False,False,False,True,True,False,False,False,False,False,False,False,True,"MFC, 1000SLPM",6998.0,28.0
500413045,1,1,0,Y,Maintain,"NO_RECENT_USAGE,ZERO_RECOMMENDATION_OVERRIDE",High,0.9,"Source algorithm recommends 0 but the part carries risk (lead time 15d, on-hand 1); protective stock proposed instead of zero.",rules-only,0.2.0-tcb,12925.0,False,False,False,False,False,False,True,False,False,False,True,False,False,False,False,False,"FORMIC ACID ANALYZER, 1/4'' MALE VCR",12925.0,15.0
500413046,3,2,0,Y,Increase,"HIGH_COST_INCREASE_REVIEW,ZERO_RECOMMENDATION_OVERRIDE,SFM_DISAGREEMENT",High,0.8,"Source algorithm recommends 0 but the part carries risk (lead time 40d, on-hand 0); protective stock proposed instead of zero. candidate source proposes 1 vs current 0.",rules-only,0.2.0-tcb,53637.0,False,False,False,True,False,False,False,False,False,False,True,False,False,True,False,False,SYSTECH O2 ANALYZER,17879.0,40.0
500413047,0,0,0,Y,Maintain,"NO_RECENT_USAGE,ABANDONED_TOOL,IMPUTED_USAGE_FEATURES",Medium,0.65,No recent usage; abandoned tool; imputed usage features.,rules-only,0.2.0-tcb,0.0,False,False,False,False,False,False,True,True,False,False,False,False,False,False,False,True,"FLUID LEVEL SWITCH, 1'' SAE",1943.0,40.0
500413048,0,0,0,Y,Maintain,"NO_RECENT_USAGE,ABANDONED_TOOL,IMPUTED_USAGE_FEATURES",Medium,0.65,No recent usage; abandoned tool; imputed usage features.,rules-only,0.2.0-tcb,0.0,False,False,False,False,False,False,True,True,False,False,False,False,False,False,False,True,"CATALST, ROUND, B4 GRADE",1654.0,40.0
500413049,0,0,0,N,Maintain,"NO_RECENT_USAGE,ABANDONED_TOOL,IMPUTED_USAGE_FEATURES",Low,0.65,No recent usage; abandoned tool; imputed usage features.,rules-only,0.2.0-tcb,0.0,False,False,False,False,False,False,True,True,False,False,False,False,False,False,False,True,"DIFFERENTIAL PRESSURE CONTROLLER, DWYER",1274.0,30.0
500413050,0,0,0,N,Maintain,"NO_RECENT_USAGE,ABANDONED_TOOL,IMPUTED_USAGE_FEATURES",Low,0.65,No recent usage; abandoned tool; imputed usage features.,rules-only,0.2.0-tcb,0.0,False,False,False,False,False,False,True,True,False,False,False,False,False,False,False,True,"1/4"" OD UNION ELBOW",46.0,20.0
500413051,0,0,0,Y,Maintain,"NO_RECENT_USAGE,ABANDONED_TOOL,IMPUTED_USAGE_FEATURES",Medium,0.65,No recent usage; abandoned tool; imputed usage features.,rules-only,0.2.0-tcb,0.0,False,False,False,False,False,False,True,True,False,False,False,False,False,False,False,True,"DESKTOP PC, WIN10 PRO, 15,3-RJ45,5-RS232",2598.0,10.0
500413052,0,0,0,N,Maintain,"NO_RECENT_USAGE,ABANDONED_TOOL,IMPUTED_USAGE_FEATURES",Low,0.65,No recent usage; abandoned tool; imputed usage features.,rules-only,0.2.0-tcb,0.0,False,False,False,False,False,False,True,True,False,False,False,False,False,False,False,True,"DIAPHRAGM VALVE, 1/4IN OD LOK, SS",889.0,30.0
500413053,0,0,0,N,Maintain,"NO_RECENT_USAGE,ABANDONED_TOOL,IMPUTED_USAGE_FEATURES",Low,0.65,No recent usage; abandoned tool; imputed usage features.,rules-only,0.2.0-tcb,0.0,False,False,False,False,False,False,True,True,False,False,False,False,False,False,False,True,"THERMOSTAT, NC, 165F(74C)",49.0,40.0
500413054,0,0,0,N,Maintain,"NO_RECENT_USAGE,ABANDONED_TOOL,IMPUTED_USAGE_FEATURES",Low,0.65,No recent usage; abandoned tool; imputed usage features.,rules-only,0.2.0-tcb,0.0,False,False,False,False,False,False,True,True,False,False,False,False,False,False,False,True,"STR PUSH,1/8''NPT X 1/8''OD,BR",5.0,20.0
500413055,0,0,0,N,Maintain,"NO_RECENT_USAGE,ABANDONED_TOOL,IMPUTED_USAGE_FEATURES",Low,0.65,No recent usage; abandoned tool; imputed usage features.,rules-only,0.2.0-tcb,0.0,False,False,False,False,False,False,True,True,False,False,False,False,False,False,False,True,"PORT CONNECTOR,LOK,1/4''OD, SS",13.0,20.0
500413056,0,0,0,N,Maintain,"NO_RECENT_USAGE,ABANDONED_TOOL,IMPUTED_USAGE_FEATURES",Low,0.65,No recent usage; abandoned tool; imputed usage features.,rules-only,0.2.0-tcb,0.0,False,False,False,False,False,False,True,True,False,False,False,False,False,False,False,True,EATON BBU RELAY CARD,423.0,25.0
500413057,0,0,0,N,Maintain,"NO_RECENT_USAGE,ABANDONED_TOOL,IMPUTED_USAGE_FEATURES",Low,0.65,No recent usage; abandoned tool; imputed usage features.,rules-only,0.2.0-tcb,0.0,False,False,False,False,False,False,True,True,False,False,False,False,False,False,False,True,"ELBOW,3/8''LOK X 3/8''FNPT, BR",28.0,15.0
500413058,0,0,0,N,Maintain,"NO_RECENT_USAGE,ABANDONED_TOOL,IMPUTED_USAGE_FEATURES",Low,0.65,No recent usage; abandoned tool; imputed usage features.,rules-only,0.2.0-tcb,0.0,False,False,False,False,False,False,True,True,False,False,False,False,False,False,False,True,"ELBOW, 1/4'' OD LOK X NPT, PTFE",122.0,15.0
500413059,0,0,0,N,Maintain,"NO_RECENT_USAGE,ABANDONED_TOOL,IMPUTED_USAGE_FEATURES",Low,0.65,No recent usage; abandoned tool; imputed usage features.,rules-only,0.2.0-tcb,0.0,False,False,False,False,False,False,True,True,False,False,False,False,False,False,False,True,"STR LOK, 1/4''OD X NPT, PTFE",87.0,20.0
500413060,1,1,0,Y,Increase,"NO_RECENT_USAGE,ZERO_RECOMMENDATION_OVERRIDE,AD_HOC_CONSUMPTION_RISK,IMPUTED_USAGE_FEATURES",Medium,0.65,"Source algorithm recommends 0 but the part carries risk (lead time 70d, on-hand 0); protective stock proposed instead of zero.",rules-only,0.2.0-tcb,4987.0,False,False,False,False,False,False,True,False,False,False,True,True,False,False,False,True,"RKI SENSOR, FA, 1/4'' OD",4987.0,70.0
500413061,1,1,0,Y,Increase,"NO_RECENT_USAGE,ZERO_RECOMMENDATION_OVERRIDE,AD_HOC_CONSUMPTION_RISK,IMPUTED_USAGE_FEATURES",Medium,0.65,"Source algorithm recommends 0 but the part carries risk (lead time 70d, on-hand 0); protective stock proposed instead of zero.",rules-only,0.2.0-tcb,4987.0,False,False,False,False,False,False,True,False,False,False,True,True,False,False,False,True,"RKI SENSOR, CO, 1/4'' OD",4987.0,70.0
500413062,0,0,0,Y,Maintain,"NO_RECENT_USAGE,ABANDONED_TOOL,IMPUTED_USAGE_FEATURES",Medium,0.65,No recent usage; abandoned tool; imputed usage features.,rules-only,0.2.0-tcb,0.0,False,False,False,False,False,False,True,True,False,False,False,False,False,False,False,True,SAMPLE GAS PUMP,2847.0,40.0
500413063,0,0,0,N,Maintain,"NO_RECENT_USAGE,ABANDONED_TOOL,IMPUTED_USAGE_FEATURES",Low,0.65,No recent usage; abandoned tool; imputed usage features.,rules-only,0.2.0-tcb,0.0,False,False,False,False,False,False,True,True,False,False,False,False,False,False,False,True,"RELIEF VALVE, STAVAL RVI05",997.0,40.0
500413064,0,0,0,N,Maintain,"NO_RECENT_USAGE,ABANDONED_TOOL,IMPUTED_USAGE_FEATURES",Low,0.65,No recent usage; abandoned tool; imputed usage features.,rules-only,0.2.0-tcb,0.0,False,False,False,False,False,False,True,True,False,False,False,False,False,False,False,True,"PNEUMATIC VALVE,1/2'' OD,PTFE",1168.0,50.0
500413065,0,0,0,N,Maintain,"NO_RECENT_USAGE,ABANDONED_TOOL,IMPUTED_USAGE_FEATURES",Low,0.65,No recent usage; abandoned tool; imputed usage features.,rules-only,0.2.0-tcb,0.0,False,False,False,False,False,False,True,True,False,False,False,False,False,False,False,True,"DIAPHRAGM VALVE, 1/4'' OD, PTFE",970.0,50.0
500413066,0,0,0,N,Maintain,"NO_RECENT_USAGE,ABANDONED_TOOL,IMPUTED_USAGE_FEATURES",Low,0.65,No recent usage; abandoned tool; imputed usage features.,rules-only,0.2.0-tcb,0.0,False,False,False,False,False,False,True,True,False,False,False,False,False,False,False,True,"O RING, SIZE 3-916, EPDM",2.5,20.0
500413067,0,0,0,N,Maintain,"NO_RECENT_USAGE,ABANDONED_TOOL,IMPUTED_USAGE_FEATURES",Low,0.65,No recent usage; abandoned tool; imputed usage features.,rules-only,0.2.0-tcb,0.0,False,False,False,False,False,False,True,True,False,False,False,False,False,False,False,True,"O RING, SIZE 3-908, EPDM",1.0,20.0
500413068,0,0,0,N,Maintain,"NO_RECENT_USAGE,ABANDONED_TOOL,IMPUTED_USAGE_FEATURES",Low,0.65,No recent usage; abandoned tool; imputed usage features.,rules-only,0.2.0-tcb,0.0,False,False,False,False,False,False,True,True,False,False,False,False,False,False,False,True,"STR,3/4''SAE X 1/2''OD LOK,BORED THRU,SS",51.0,25.0
500413069,0,0,0,N,Maintain,"NO_RECENT_USAGE,ABANDONED_TOOL,IMPUTED_USAGE_FEATURES",Low,0.65,No recent usage; abandoned tool; imputed usage features.,rules-only,0.2.0-tcb,0.0,False,False,False,False,False,False,True,True,False,False,False,False,False,False,False,True,"PORT CONNECTOR, 1/2''OD LOK, SS",18.0,15.0
500413070,0,0,0,N,Maintain,"NO_RECENT_USAGE,ABANDONED_TOOL,IMPUTED_USAGE_FEATURES",Low,0.65,No recent usage; abandoned tool; imputed usage features.,rules-only,0.2.0-tcb,0.0,False,False,False,False,False,False,True,True,False,False,False,False,False,False,False,True,"STR, 1/2'' OD LOK X 1/4'' STEM, SS",19.0,15.0
500413071,0,0,0,N,Maintain,"NO_RECENT_USAGE,ABANDONED_TOOL,IMPUTED_USAGE_FEATURES",Low,0.65,No recent usage; abandoned tool; imputed usage features.,rules-only,0.2.0-tcb,0.0,False,False,False,False,False,False,True,True,False,False,False,False,False,False,False,True,"STR, FVCO TO LOK, 1/4'', SS",193.0,30.0
500413072,0,0,0,N,Maintain,"NO_RECENT_USAGE,ABANDONED_TOOL,IMPUTED_USAGE_FEATURES",Low,0.65,No recent usage; abandoned tool; imputed usage features.,rules-only,0.2.0-tcb,0.0,False,False,False,False,False,False,True,True,False,False,False,False,False,False,False,True,"SHUT-OFF VALVE, 1/4''OD PUSH",31.0,15.0
500413073,0,0,0,N,Maintain,"NO_RECENT_USAGE,ABANDONED_TOOL,IMPUTED_USAGE_FEATURES",Low,0.65,No recent usage; abandoned tool; imputed usage features.,rules-only,0.2.0-tcb,0.0,False,False,False,False,False,False,True,True,False,False,False,False,False,False,False,True,"CHECK VALVE,25PSI,1/2'' LOK,SS, EPDM",243.0,20.0
500413074,0,0,0,N,Maintain,"NO_RECENT_USAGE,IMPUTED_USAGE_FEATURES",Low,0.65,No recent usage; imputed usage features.,rules-only,0.2.0-tcb,0.0,False,False,False,False,False,False,True,False,False,False,False,False,False,False,False,True,"CHECK VALVE,1/3PSI,1/2''LOK,SS, EPDM",243.0,20.0
500413075,0,0,0,N,Maintain,"NO_RECENT_USAGE,ABANDONED_TOOL,IMPUTED_USAGE_FEATURES",Low,0.65,No recent usage; abandoned tool; imputed usage features.,rules-only,0.2.0-tcb,0.0,False,False,False,False,False,False,True,True,False,False,False,False,False,False,False,True,"ELBOW, 1/2'' X 1/4''OD LOK, SS",69.0,15.0
500413076,0,0,0,N,Maintain,"NO_RECENT_USAGE,ABANDONED_TOOL,IMPUTED_USAGE_FEATURES",Low,0.65,No recent usage; abandoned tool; imputed usage features.,rules-only,0.2.0-tcb,0.0,False,False,False,False,False,False,True,True,False,False,False,False,False,False,False,True,"1/4 VCR GASKET, SIDE LOAD, SS",27.0,15.0
500413077,0,0,0,N,Maintain,"NO_RECENT_USAGE,ABANDONED_TOOL,IMPUTED_USAGE_FEATURES",Low,0.65,No recent usage; abandoned tool; imputed usage features.,rules-only,0.2.0-tcb,0.0,False,False,False,False,False,False,True,True,False,False,False,False,False,False,False,True,"CHECK VALVE, 1/3PSI, 1/4'' LOK, SS, EPDM",164.0,20.0
500413078,0,0,0,Y,Maintain,"NO_RECENT_USAGE,ABANDONED_TOOL,IMPUTED_USAGE_FEATURES",Medium,0.65,No recent usage; abandoned tool; imputed usage features.,rules-only,0.2.0-tcb,0.0,False,False,False,False,False,False,True,True,False,False,False,False,False,False,False,True,"SCALE, 60 LBS",2663.0,15.0
500413079,0,0,0,N,Maintain,"NO_RECENT_USAGE,ABANDONED_TOOL,IMPUTED_USAGE_FEATURES",Low,0.65,No recent usage; abandoned tool; imputed usage features.,rules-only,0.2.0-tcb,0.0,False,False,False,False,False,False,True,True,False,False,False,False,False,False,False,True,"STR, 10-32UNF X 1/8"" OD PUSH, BR",5.25,15.0
500413080,0,0,0,N,Maintain,"NO_RECENT_USAGE,ABANDONED_TOOL,IMPUTED_USAGE_FEATURES",Low,0.65,No recent usage; abandoned tool; imputed usage features.,rules-only,0.2.0-tcb,0.0,False,False,False,False,False,False,True,True,False,False,False,False,False,False,False,True,1/2 OD TEFLON TUBING,16.0,25.0
500413081,0,0,0,N,Maintain,"NO_RECENT_USAGE,ABANDONED_TOOL,IMPUTED_USAGE_FEATURES",Low,0.65,No recent usage; abandoned tool; imputed usage features.,rules-only,0.2.0-tcb,0.0,False,False,False,False,False,False,True,True,False,False,False,False,False,False,False,True,"TEFLON HOSE, 1/4 OD, 3/16 ID",6.0,21.0
500413082,0,0,0,N,Maintain,"NO_RECENT_USAGE,ABANDONED_TOOL,IMPUTED_USAGE_FEATURES",Low,0.65,No recent usage; abandoned tool; imputed usage features.,rules-only,0.2.0-tcb,0.0,False,False,False,False,False,False,True,True,False,False,False,False,False,False,False,True,"PFA TUBING, 1/8'' OD",3.0,21.0
500413083,0,0,0,N,Maintain,"NO_RECENT_USAGE,ABANDONED_TOOL,IMPUTED_USAGE_FEATURES",Low,0.65,No recent usage; abandoned tool; imputed usage features.,rules-only,0.2.0-tcb,0.0,False,False,False,False,False,False,True,True,False,False,False,False,False,False,False,True,"ELBOW,1/4'' OD LOK X STEM,SS",42.0,15.0
500413085,1,1,0,Y,Increase,"ZERO_RECOMMENDATION_OVERRIDE,SFM_DISAGREEMENT",Medium,0.8,"Source algorithm recommends 0 but the part carries risk (lead time 30d, on-hand 0); protective stock proposed instead of zero. candidate source proposes 1 vs current 0.",rules-only,0.2.0-tcb,329.0,False,False,False,False,False,False,False,False,False,False,True,False,False,True,False,False,"CARBON FILTER, RKI SENSOR",329.0,30.0
500413086,0,0,0,N,Maintain,"NO_RECENT_USAGE,ABANDONED_TOOL,IMPUTED_USAGE_FEATURES",Low,0.65,No recent usage; abandoned tool; imputed usage features.,rules-only,0.2.0-tcb,0.0,False,False,False,False,False,False,True,True,False,False,False,False,False,False,False,True,"BEADED FITTING, 1/2ID X 3/8NPT, BR",17.0,15.0
500413087,1,1,0,Y,Maintain,"NO_RECENT_USAGE,ZERO_RECOMMENDATION_OVERRIDE,SFM_DISAGREEMENT,IMPUTED_USAGE_FEATURES",Medium,0.55,"Source algorithm recommends 0 but the part carries risk (lead time 28d, on-hand 1); protective stock proposed instead of zero. candidate source proposes 0 vs current 1.",rules-only,0.2.0-tcb,1279.0,False,False,False,False,False,False,True,False,False,False,True,False,False,True,False,True,"LAMP, 11.7EV, MINIRAE",1279.0,28.0
500414898,0,0,0,N,Maintain,"NO_RECENT_USAGE,IMPUTED_USAGE_FEATURES",Low,0.65,No recent usage; imputed usage features.,rules-only,0.2.0-tcb,0.0,False,False,False,False,False,False,True,False,False,False,False,False,False,False,False,True,NYLON STRIP (INPUTSHUTTLE X TABLE),40.05,55.0
500415155,1,1,0,Y,Increase,"NO_RECENT_USAGE,ZERO_RECOMMENDATION_OVERRIDE,AD_HOC_CONSUMPTION_RISK,IMPUTED_USAGE_FEATURES",Medium,0.65,"Source algorithm recommends 0 but the part carries risk (lead time 70d, on-hand 16); protective stock proposed instead of zero.",rules-only,0.2.0-tcb,4.45,False,False,False,False,False,False,True,False,False,False,True,True,False,False,False,True,PROTECTIVE TUBE,4.45,70.0
500417148,0,0,0,N,Maintain,"NO_RECENT_USAGE,IMPUTED_USAGE_FEATURES",Low,0.65,No recent usage; imputed usage features.,rules-only,0.2.0-tcb,0.0,False,False,False,False,False,False,True,False,False,False,False,False,False,False,False,True,SCALE LOCATOR - CARRIAGE,585.62,55.0
500417149,0,0,0,N,Maintain,"NO_RECENT_USAGE,IMPUTED_USAGE_FEATURES",Low,0.65,No recent usage; imputed usage features.,rules-only,0.2.0-tcb,0.0,False,False,False,False,False,False,True,False,False,False,False,False,False,False,False,True,BS Y SCALE PROTECT TOOL (BASE SUPPORT),400.5,55.0
500417150,1,1,0,Y,Increase,"NO_RECENT_USAGE,ZERO_RECOMMENDATION_OVERRIDE,AD_HOC_CONSUMPTION_RISK,IMPUTED_USAGE_FEATURES",Medium,0.65,"Source algorithm recommends 0 but the part carries risk (lead time 90d, on-hand 5); protective stock proposed instead of zero.",rules-only,0.2.0-tcb,7.57,False,False,False,False,False,False,True,False,False,False,True,True,False,False,False,True,SILENCER AN101-01,7.57,90.0
500417295,1,1,0,Y,Increase,"NO_RECENT_USAGE,ZERO_RECOMMENDATION_OVERRIDE,AD_HOC_CONSUMPTION_RISK,IMPUTED_USAGE_FEATURES",Medium,0.65,"Source algorithm recommends 0 but the part carries risk (lead time 90d, on-hand 7); protective stock proposed instead of zero.",rules-only,0.2.0-tcb,129.49,False,False,False,False,False,False,True,False,False,False,True,True,False,False,False,True,SECONDARY HANDLE (UGK),129.49,90.0
500419967,1,1,0,Y,Increase,"NO_RECENT_USAGE,INSUFFICIENT_DATA,ZERO_RECOMMENDATION_OVERRIDE,AD_HOC_CONSUMPTION_RISK,IMPUTED_USAGE_FEATURES",Medium,0.5,"Source algorithm recommends 0 but the part carries risk (lead time 115d, on-hand 0); protective stock proposed instead of zero.",rules-only,0.2.0-tcb,313.28,False,False,False,False,False,False,True,False,False,True,True,True,False,False,False,True,OT UPLOOK CAM GLASS & MOUNT (RETAINER),313.28,115.0
500420684,1,1,0,Y,Increase,"NO_RECENT_USAGE,ZERO_RECOMMENDATION_OVERRIDE,IMPUTED_USAGE_FEATURES",Medium,0.65,"Source algorithm recommends 0 but the part carries risk (lead time 25d, on-hand 8); protective stock proposed instead of zero.",rules-only,0.2.0-tcb,2103.94,False,False,False,False,False,False,True,False,False,False,True,False,False,False,False,True,FEEDER UNLOCK DEVICE- 40 WAY,2103.94,25.0
500420685,1,1,0,Y,Increase,"NO_RECENT_USAGE,ZERO_RECOMMENDATION_OVERRIDE,IMPUTED_USAGE_FEATURES",Medium,0.65,"Source algorithm recommends 0 but the part carries risk (lead time 25d, on-hand 1); protective stock proposed instead of zero.",rules-only,0.2.0-tcb,3104.94,False,False,False,False,False,False,True,False,False,False,True,False,False,False,False,True,FEEDER-CONTROLL -UNIT 80MHZ 40 SLOTS,3104.94,25.0
500420782,0,0,0,Y,Maintain,"NO_RECENT_USAGE,IMPUTED_USAGE_FEATURES",Medium,0.65,No recent usage; imputed usage features.,rules-only,0.2.0-tcb,0.0,False,False,False,False,False,False,True,False,False,False,False,False,False,False,False,True,UPS ASSEMBLY FOR 60-20319 AND 05-02454,14466.06,55.0
500421705,1,1,0,Y,Increase,"NO_RECENT_USAGE,ZERO_RECOMMENDATION_OVERRIDE,AD_HOC_CONSUMPTION_RISK,IMPUTED_USAGE_FEATURES",High,0.65,"Source algorithm recommends 0 but the part carries risk (lead time 95d, on-hand 0); protective stock proposed instead of zero.",rules-only,0.2.0-tcb,164911.0,False,False,False,False,False,False,True,False,False,False,True,True,False,False,False,True,"CAMERA,DIGITAL,INTENSIFIER, NEW",164911.0,95.0
500421706,0,0,0,Y,Maintain,"NO_RECENT_USAGE,IMPUTED_USAGE_FEATURES",Medium,0.65,No recent usage; imputed usage features.,rules-only,0.2.0-tcb,0.0,False,False,False,False,False,False,True,False,False,False,False,False,False,False,False,True,"BOARD,IMAGE,CAPTURE, NEW",18839.0,50.0
500421707,1,1,0,Y,Increase,"NO_RECENT_USAGE,ZERO_RECOMMENDATION_OVERRIDE,AD_HOC_CONSUMPTION_RISK,IMPUTED_USAGE_FEATURES",High,0.65,"Source algorithm recommends 0 but the part carries risk (lead time 65d, on-hand 1); protective stock proposed instead of zero.",rules-only,0.2.0-tcb,19549.0,False,False,False,False,False,False,True,False,False,False,True,True,False,False,False,True,"PC, INSPECTION, NEW",19549.0,65.0
500423491,1,1,0,Y,Increase,"NO_RECENT_USAGE,ZERO_RECOMMENDATION_OVERRIDE,AD_HOC_CONSUMPTION_RISK,IMPUTED_USAGE_FEATURES",Medium,0.65,"Source algorithm recommends 0 but the part carries risk (lead time 90d, on-hand 1); protective stock proposed instead of zero.",rules-only,0.2.0-tcb,230.51,False,False,False,False,False,False,True,False,False,False,True,True,False,False,False,True,KEYBOARD UGK FOR SHUTTLES,230.51,90.0
500423492,1,1,0,Y,Increase,"NO_RECENT_USAGE,ZERO_RECOMMENDATION_OVERRIDE,AD_HOC_CONSUMPTION_RISK,IMPUTED_USAGE_FEATURES",Medium,0.65,"Source algorithm recommends 0 but the part carries risk (lead time 105d, on-hand 1); protective stock proposed instead of zero.",rules-only,0.2.0-tcb,1861.88,False,False,False,False,False,False,True,False,False,False,True,True,False,False,False,True,KEYBOARD UGK FOR PHX,1861.88,105.0
500423493,1,1,0,Y,Increase,"NO_RECENT_USAGE,ZERO_RECOMMENDATION_OVERRIDE,AD_HOC_CONSUMPTION_RISK,IMPUTED_USAGE_FEATURES",Medium,0.65,"Source algorithm recommends 0 but the part carries risk (lead time 80d, on-hand 7); protective stock proposed instead of zero.",rules-only,0.2.0-tcb,944.29,False,False,False,False,False,False,True,False,False,False,True,True,False,False,False,True,FRONT HMI KEYBOARD UGK,944.29,80.0
500423494,1,1,0,Y,Increase,"NO_RECENT_USAGE,ZERO_RECOMMENDATION_OVERRIDE,AD_HOC_CONSUMPTION_RISK,IMPUTED_USAGE_FEATURES",Medium,0.65,"Source algorithm recommends 0 but the part carries risk (lead time 90d, on-hand 1); protective stock proposed instead of zero.",rules-only,0.2.0-tcb,944.29,False,False,False,False,False,False,True,False,False,False,True,True,False,False,False,True,REAR HMI KEYBOARD UGK,944.29,90.0
500425123,0,0,0,N,Maintain,"NO_RECENT_USAGE,ABANDONED_TOOL,IMPUTED_USAGE_FEATURES",Low,0.65,No recent usage; abandoned tool; imputed usage features.,rules-only,0.2.0-tcb,0.0,False,False,False,False,False,False,True,True,False,False,False,False,False,False,False,True,"DIFFUSER INNER WM, 10.77X30 SD",195.3,25.0
500426305,1,1,0,Y,Increase,"HIGH_COST_INCREASE_REVIEW,NO_RECENT_USAGE,ABANDONED_TOOL,ZERO_RECOMMENDATION_OVERRIDE,AD_HOC_CONSUMPTION_RISK,SFM_DISAGREEMENT",High,0.7,"Source algorithm recommends 0 but the part carries risk (lead time 52d, on-hand 0); protective stock proposed instead of zero. candidate source proposes 4 vs current 0.",rules-only,0.2.0-tcb,34340.0,False,False,False,True,False,False,True,True,False,False,True,True,False,True,False,False,PLASMA HEAD UNIT WITHOUT RD1004S,34340.0,52.0
500426460,1,1,0,Y,Increase,"NO_RECENT_USAGE,ZERO_RECOMMENDATION_OVERRIDE,AD_HOC_CONSUMPTION_RISK",Medium,0.8,"Source algorithm recommends 0 but the part carries risk (lead time 70d, on-hand 0); protective stock proposed instead of zero.",rules-only,0.2.0-tcb,550.0,False,False,False,False,False,False,True,False,False,False,True,True,False,False,False,False,"BANK,NOZZLE,BS,40X30",550.0,70.0
500427305,3,2,0,Y,Increase,ZERO_RECOMMENDATION_OVERRIDE,Medium,0.9,"Source algorithm recommends 0 but the part carries risk (lead time 40d, on-hand 5); protective stock proposed instead of zero.",rules-only,0.2.0-tcb,468.0,False,False,False,False,False,False,False,False,False,False,True,False,False,False,False,False,"TCB IR TARGET,SIC140",156.0,40.0
500427420,0,0,0,Y,Maintain,"NO_RECENT_USAGE,ABANDONED_TOOL,IMPUTED_USAGE_FEATURES",Medium,0.65,No recent usage; abandoned tool; imputed usage features.,rules-only,0.2.0-tcb,0.0,False,False,False,False,False,False,True,True,False,False,False,False,False,False,False,True,"50494,L,1MM,28.389X22.317,REV3",5000.0,35.0
500428197,50,1,0,Y,Increase,"INSUFFICIENT_DATA,ZERO_RECOMMENDATION_OVERRIDE,SFM_DISAGREEMENT,IMPUTED_USAGE_FEATURES",Medium,0.4,"Source algorithm recommends 0 but the part carries risk (lead time 14d, on-hand 50); protective stock proposed instead of zero. candidate source proposes 0 vs current 1.",rules-only,0.2.0-tcb,1350.0,False,False,False,False,False,False,False,False,False,True,True,False,False,True,False,True,"FLAT GASKET,ORANGE",27.0,14.0
500429302,1,1,0,Y,Maintain,"NO_RECENT_USAGE,ZERO_RECOMMENDATION_OVERRIDE,SFM_DISAGREEMENT,IMPUTED_USAGE_FEATURES",Medium,0.55,"Source algorithm recommends 0 but the part carries risk (lead time 40d, on-hand 1); protective stock proposed instead of zero. candidate source proposes 0 vs current 1.",rules-only,0.2.0-tcb,4500.0,False,False,False,False,False,False,True,False,False,False,True,False,False,True,False,True,"50515,L,1 MM,20.097X20.362",4500.0,40.0
500429470,1,1,0,Y,Increase,"NO_RECENT_USAGE,ZERO_RECOMMENDATION_OVERRIDE,AD_HOC_CONSUMPTION_RISK,IMPUTED_USAGE_FEATURES",Medium,0.65,"Source algorithm recommends 0 but the part carries risk (lead time 90d, on-hand 1); protective stock proposed instead of zero.",rules-only,0.2.0-tcb,485.94,False,False,False,False,False,False,True,False,False,False,True,True,False,False,False,True,FLUX EXHAUST SUPPLY AIR FLOW SWITCH UGK,485.94,90.0
500430291,0,0,0,N,Maintain,"NO_RECENT_USAGE,IMPUTED_USAGE_FEATURES",Low,0.65,No recent usage; imputed usage features.,rules-only,0.2.0-tcb,0.0,False,False,False,False,False,False,True,False,False,False,False,False,False,False,False,True,"LIGHTING,PANEL,FOV,30X60,WITH,SLOT",448.56,45.0
500430505,0,0,0,N,Maintain,"NO_RECENT_USAGE,IMPUTED_USAGE_FEATURES",Low,0.65,No recent usage; imputed usage features.,rules-only,0.2.0-tcb,0.0,False,False,False,False,False,False,True,False,False,False,False,False,False,False,False,True,CABLE FOR FLOW SENSOR,321.55,35.0
500431069,1,1,0,Y,Increase,"NO_RECENT_USAGE,ZERO_RECOMMENDATION_OVERRIDE,AD_HOC_CONSUMPTION_RISK,IMPUTED_USAGE_FEATURES",High,0.65,"Source algorithm recommends 0 but the part carries risk (lead time 70d, on-hand 0); protective stock proposed instead of zero.",rules-only,0.2.0-tcb,14796.25,False,False,False,False,False,False,True,False,False,False,True,True,False,False,False,True,LEFT HEATED PEDESTAL ASSY (FIREBIRD),14796.25,70.0
500432513,0,0,0,Y,Maintain,"NO_RECENT_USAGE,ABANDONED_TOOL,IMPUTED_USAGE_FEATURES",Medium,0.65,No recent usage; abandoned tool; imputed usage features.,rules-only,0.2.0-tcb,0.0,False,False,False,False,False,False,True,True,False,False,False,False,False,False,False,True,"50536,L,1 MM,19.604X19.709",4500.0,40.0
500433108,0,0,0,N,Maintain,"NO_RECENT_USAGE,ABANDONED_TOOL,IMPUTED_USAGE_FEATURES",Low,0.65,No recent usage; abandoned tool; imputed usage features.,rules-only,0.2.0-tcb,0.0,False,False,False,False,False,False,True,True,False,False,False,False,False,False,False,True,"GASKET ALTERATION, P-EXTRUSION- TUNNEL",18.27,25.0
500433110,0,0,0,N,Maintain,"NO_RECENT_USAGE,ABANDONED_TOOL,IMPUTED_USAGE_FEATURES",Low,0.65,No recent usage; abandoned tool; imputed usage features.,rules-only,0.2.0-tcb,0.0,False,False,False,False,False,False,True,True,False,False,False,False,False,False,False,True,DA-60S VACUUM PUMP REBUILD KIT,687.0,35.0
500435315,2,1,0,Y,Increase,ZERO_RECOMMENDATION_OVERRIDE,Medium,0.9,"Source algorithm recommends 0 but the part carries risk (lead time 13d, on-hand 1); protective stock proposed instead of zero.",rules-only,0.2.0-tcb,70.0,False,False,False,False,False,False,False,False,False,False,True,False,False,False,False,False,CAMERA PROTECTIVE COVER,35.0,13.0
500435509,0,0,0,N,Maintain,"NO_RECENT_USAGE,ABANDONED_TOOL,IMPUTED_USAGE_FEATURES",Low,0.65,No recent usage; abandoned tool; imputed usage features.,rules-only,0.2.0-tcb,0.0,False,False,False,False,False,False,True,True,False,False,False,False,False,False,False,True,GATE(PLATE),415.8,30.0
500462479,1,1,0,Y,Increase,"NO_RECENT_USAGE,ZERO_RECOMMENDATION_OVERRIDE,AD_HOC_CONSUMPTION_RISK,IMPUTED_USAGE_FEATURES",Medium,0.65,"Source algorithm recommends 0 but the part carries risk (lead time 75d, on-hand 1); protective stock proposed instead of zero.",rules-only,0.2.0-tcb,60.52,False,False,False,False,False,False,True,False,False,False,True,True,False,False,False,True,(DPA)LIGHT SHIELD  DIE BOND-8,60.52,75.0
500462481,1,1,0,Y,Increase,"NO_RECENT_USAGE,ZERO_RECOMMENDATION_OVERRIDE,AD_HOC_CONSUMPTION_RISK,IMPUTED_USAGE_FEATURES",Medium,0.65,"Source algorithm recommends 0 but the part carries risk (lead time 90d, on-hand 1); protective stock proposed instead of zero.",rules-only,0.2.0-tcb,39.16,False,False,False,False,False,False,True,False,False,False,True,True,False,False,False,True,LBS TC CABLE ASSY,39.16,90.0
500462483,0,0,0,N,Maintain,"NO_RECENT_USAGE,IMPUTED_USAGE_FEATURES",Low,0.65,No recent usage; imputed usage features.,rules-only,0.2.0-tcb,0.0,False,False,False,False,False,False,True,False,False,False,False,False,False,False,False,True,RBS TC CABLE ASSY,44.5,55.0
500610218,1,1,0,Y,Increase,"NO_RECENT_USAGE,ZERO_RECOMMENDATION_OVERRIDE,AD_HOC_CONSUMPTION_RISK,IMPUTED_USAGE_FEATURES",Medium,0.65,"Source algorithm recommends 0 but the part carries risk (lead time 70d, on-hand 0); protective stock proposed instead of zero.",rules-only,0.2.0-tcb,650.0,False,False,False,False,False,False,True,False,False,False,True,True,False,False,False,True,BANK 1 WITH KINEMATICS ASSY (28X19 1MM),650.0,70.0
500610221,4,3,0,Y,Increase,"LONG_LEAD_TIME_RISK,ZERO_RECOMMENDATION_OVERRIDE,SFM_DISAGREEMENT",Medium,0.8,"Source algorithm recommends 0 but the part carries risk (lead time 70d, on-hand 0); protective stock proposed instead of zero. candidate source proposes 3 vs current 0.",rules-only,0.2.0-tcb,2600.0,False,False,False,False,False,True,False,False,False,False,True,False,False,True,False,False,BANK 2 WITH KINEMATICS ASSY (28X19 1MM),650.0,70.0
500610222,1,1,0,Y,Increase,"NO_RECENT_USAGE,ZERO_RECOMMENDATION_OVERRIDE,AD_HOC_CONSUMPTION_RISK,IMPUTED_USAGE_FEATURES",Medium,0.65,"Source algorithm recommends 0 but the part carries risk (lead time 70d, on-hand 1); protective stock proposed instead of zero.",rules-only,0.2.0-tcb,650.0,False,False,False,False,False,False,True,False,False,False,True,True,False,False,False,True,BANK 3 WITH KINEMATICS ASSY (28X19 1MM),650.0,70.0
500610223,0,0,0,N,Maintain,"NO_RECENT_USAGE,ABANDONED_TOOL,IMPUTED_USAGE_FEATURES",Low,0.65,No recent usage; abandoned tool; imputed usage features.,rules-only,0.2.0-tcb,0.0,False,False,False,False,False,False,True,True,False,False,False,False,False,False,False,True,BANK 1 WITH KINEMATICS ASSY (34X24 1MM),700.0,55.0
500610224,0,0,0,N,Maintain,"NO_RECENT_USAGE,ABANDONED_TOOL,IMPUTED_USAGE_FEATURES",Low,0.65,No recent usage; abandoned tool; imputed usage features.,rules-only,0.2.0-tcb,0.0,False,False,False,False,False,False,True,True,False,False,False,False,False,False,False,True,BANK 2 WITH KINEMATICS ASSY (34X24 1MM),700.0,55.0
500610226,1,1,0,Y,Increase,"NO_RECENT_USAGE,ZERO_RECOMMENDATION_OVERRIDE,AD_HOC_CONSUMPTION_RISK",Medium,0.8,"Source algorithm recommends 0 but the part carries risk (lead time 70d, on-hand 1); protective stock proposed instead of zero.",rules-only,0.2.0-tcb,700.0,False,False,False,False,False,False,True,False,False,False,True,True,False,False,False,False,BANK 3 WITH KINEMATICS ASSY (40X30 1MM),700.0,70.0
500682256,4,3,0,Y,Increase,"LONG_LEAD_TIME_RISK,ZERO_RECOMMENDATION_OVERRIDE,SFM_DISAGREEMENT",Medium,0.8,"Source algorithm recommends 0 but the part carries risk (lead time 75d, on-hand 0); protective stock proposed instead of zero. candidate source proposes 1 vs current 0.",rules-only,0.2.0-tcb,280.0,False,False,False,False,False,True,False,False,False,False,True,False,False,True,False,False,"DL OPTICS MOUNT L EXT (PHX,SLOT)",70.0,75.0
500682257,4,3,0,Y,Increase,"LONG_LEAD_TIME_RISK,ZERO_RECOMMENDATION_OVERRIDE,SFM_DISAGREEMENT",Medium,0.8,"Source algorithm recommends 0 but the part carries risk (lead time 75d, on-hand 0); protective stock proposed instead of zero. candidate source proposes 1 vs current 0.",rules-only,0.2.0-tcb,280.0,False,False,False,False,False,True,False,False,False,False,True,False,False,True,False,False,"DL OPTICS MOUNT R EXT (PHX,SLOT)",70.0,75.0
500682346,0,0,0,N,Maintain,"NO_RECENT_USAGE,IMPUTED_USAGE_FEATURES",Low,0.65,No recent usage; imputed usage features.,rules-only,0.2.0-tcb,0.0,False,False,False,False,False,False,True,False,False,False,False,False,False,False,False,True,INSOR SENSOR 24VDC W ROUND CONNECTOR,342.0,30.0
500682347,1,1,0,Y,Increase,"NO_RECENT_USAGE,ZERO_RECOMMENDATION_OVERRIDE,AD_HOC_CONSUMPTION_RISK,IMPUTED_USAGE_FEATURES",Medium,0.65,"Source algorithm recommends 0 but the part carries risk (lead time 66d, on-hand 2); protective stock proposed instead of zero.",rules-only,0.2.0-tcb,185.0,False,False,False,False,False,False,True,False,False,False,True,True,False,False,False,True,AL 6061 FIXTURE -20-105C FOR IR SENSOR,185.0,66.0
500682349,1,1,0,Y,Increase,"NO_RECENT_USAGE,ZERO_RECOMMENDATION_OVERRIDE,AD_HOC_CONSUMPTION_RISK,IMPUTED_USAGE_FEATURES",Medium,0.65,"Source algorithm recommends 0 but the part carries risk (lead time 66d, on-hand 1); protective stock proposed instead of zero.",rules-only,0.2.0-tcb,675.0,False,False,False,False,False,False,True,False,False,False,True,True,False,False,False,True,IR SENSOR CS-MINI KIT,675.0,66.0
500682686,1,1,0,Y,Increase,"NO_RECENT_USAGE,ZERO_RECOMMENDATION_OVERRIDE,AD_HOC_CONSUMPTION_RISK,IMPUTED_USAGE_FEATURES",Medium,0.65,"Source algorithm recommends 0 but the part carries risk (lead time 75d, on-hand 1); protective stock proposed instead of zero.",rules-only,0.2.0-tcb,4183.0,False,False,False,False,False,False,True,False,False,False,True,True,False,False,False,True,(BH) TIP TILT ROT X FULL ASSY,4183.0,75.0
500682687,1,1,0,Y,Increase,"ZERO_RECOMMENDATION_OVERRIDE,AD_HOC_CONSUMPTION_RISK,IMPUTED_USAGE_FEATURES",Medium,0.65,"Source algorithm recommends 0 but the part carries risk (lead time 75d, on-hand 0); protective stock proposed instead of zero.",rules-only,0.2.0-tcb,4183.0,False,False,False,False,False,False,False,False,False,False,True,True,False,False,False,True,(BH) TIP TILT ROT X AUX FULL ASSY,4183.0,75.0
500682688,1,1,0,Y,Increase,"NO_RECENT_USAGE,ZERO_RECOMMENDATION_OVERRIDE,AD_HOC_CONSUMPTION_RISK,IMPUTED_USAGE_FEATURES",Medium,0.65,"Source algorithm recommends 0 but the part carries risk (lead time 75d, on-hand 1); protective stock proposed instead of zero.",rules-only,0.2.0-tcb,4183.0,False,False,False,False,False,False,True,False,False,False,True,True,False,False,False,True,(BH) TIP TILT ROT Y FULL ASSY,4183.0,75.0
500682689,1,1,0,Y,Increase,"NO_RECENT_USAGE,ZERO_RECOMMENDATION_OVERRIDE,AD_HOC_CONSUMPTION_RISK,IMPUTED_USAGE_FEATURES",Medium,0.65,"Source algorithm recommends 0 but the part carries risk (lead time 75d, on-hand 1); protective stock proposed instead of zero.",rules-only,0.2.0-tcb,4183.0,False,False,False,False,False,False,True,False,False,False,True,True,False,False,False,True,(BH) TIP TILT ROT Y AUX FULL ASSY,4183.0,75.0
500682792,0,0,0,N,Maintain,"NO_RECENT_USAGE,ABANDONED_TOOL,IMPUTED_USAGE_FEATURES",Low,0.65,No recent usage; abandoned tool; imputed usage features.,rules-only,0.2.0-tcb,0.0,False,False,False,False,False,False,True,True,False,False,False,False,False,False,False,True,"EXHAUST GAS HOSE F20MM, 7.0METERS",702.91,35.0
500683239,1,1,0,Y,Increase,"NO_RECENT_USAGE,ZERO_RECOMMENDATION_OVERRIDE,AD_HOC_CONSUMPTION_RISK,IMPUTED_USAGE_FEATURES",Medium,0.65,"Source algorithm recommends 0 but the part carries risk (lead time 65d, on-hand 1); protective stock proposed instead of zero.",rules-only,0.2.0-tcb,58.74,False,False,False,False,False,False,True,False,False,False,True,True,False,False,False,True,(MFE) OD12 PIPE UNION,58.74,65.0
500683240,0,0,0,N,Maintain,"NO_RECENT_USAGE,IMPUTED_USAGE_FEATURES",Low,0.65,No recent usage; imputed usage features.,rules-only,0.2.0-tcb,0.0,False,False,False,False,False,False,True,False,False,False,False,False,False,False,False,True,(IES)FLUX EXHAUST MANIFOLD ON MID BAR,51.62,55.0
500683241,0,0,0,N,Maintain,"NO_RECENT_USAGE,IMPUTED_USAGE_FEATURES",Low,0.65,No recent usage; imputed usage features.,rules-only,0.2.0-tcb,0.0,False,False,False,False,False,False,True,False,False,False,False,False,False,False,False,True,POLYURETHANE TUBE TU1208C-20,6.23,55.0
500683242,0,0,0,N,Maintain,"NO_RECENT_USAGE,IMPUTED_USAGE_FEATURES",Low,0.65,No recent usage; imputed usage features.,rules-only,0.2.0-tcb,0.0,False,False,False,False,False,False,True,False,False,False,False,False,False,False,False,True,HEX.SOC.HD.MALE CONNECTOR,30.26,55.0
500683305,1,1,0,Y,Increase,ZERO_RECOMMENDATION_OVERRIDE,Medium,0.8,"Source algorithm recommends 0 but the part carries risk (lead time 11d, on-hand 2); protective stock proposed instead of zero.",rules-only,0.2.0-tcb,2000.0,False,False,False,False,False,False,False,False,False,False,True,False,False,False,False,False,"ASSY, 30A CM POWER MANAGER C30",2000.0,11.0
500684687,0,0,0,N,Maintain,"NO_RECENT_USAGE,IMPUTED_USAGE_FEATURES",Low,0.65,No recent usage; imputed usage features.,rules-only,0.2.0-tcb,0.0,False,False,False,False,False,False,True,False,False,False,False,False,False,False,False,True,SILICONE KEYBOARD PROTECTOR,1.34,45.0
500686941,0,0,0,N,Maintain,"NO_RECENT_USAGE,IMPUTED_USAGE_FEATURES",Low,0.65,No recent usage; imputed usage features.,rules-only,0.2.0-tcb,0.0,False,False,False,False,False,False,True,False,False,False,False,False,False,False,False,True,O-RING,190.5,20.0
500686954,1,1,0,Y,Maintain,"NO_RECENT_USAGE,ZERO_RECOMMENDATION_OVERRIDE,SFM_DISAGREEMENT,IMPUTED_USAGE_FEATURES",Medium,0.55,"Source algorithm recommends 0 but the part carries risk (lead time 25d, on-hand 4); protective stock proposed instead of zero. candidate source proposes 0 vs current 1.",rules-only,0.2.0-tcb,56.5,False,False,False,False,False,False,True,False,False,False,True,False,False,True,False,True,FABRICATE INTERPOLATOR BRACKET,56.5,25.0
500687333,1,1,0,Y,Increase,"NO_RECENT_USAGE,ZERO_RECOMMENDATION_OVERRIDE,AD_HOC_CONSUMPTION_RISK,IMPUTED_USAGE_FEATURES",Medium,0.65,"Source algorithm recommends 0 but the part carries risk (lead time 60d, on-hand 1); protective stock proposed instead of zero.",rules-only,0.2.0-tcb,62.31,False,False,False,False,False,False,True,False,False,False,True,True,False,False,False,True,COT SAFETY SWITCH,62.31,60.0
500688142,1,1,0,Y,Increase,"NO_RECENT_USAGE,ZERO_RECOMMENDATION_OVERRIDE,AD_HOC_CONSUMPTION_RISK,IMPUTED_USAGE_FEATURES",Medium,0.65,"Source algorithm recommends 0 but the part carries risk (lead time 75d, on-hand 0); protective stock proposed instead of zero.",rules-only,0.2.0-tcb,4.0,False,False,False,False,False,False,True,False,False,False,True,True,False,False,False,True,SOFT POLYURETHANE TUBING TUS0604B-20,4.0,75.0
500688305,0,0,0,N,Maintain,"NO_RECENT_USAGE,ABANDONED_TOOL,IMPUTED_USAGE_FEATURES",Low,0.65,No recent usage; abandoned tool; imputed usage features.,rules-only,0.2.0-tcb,0.0,False,False,False,False,False,False,True,True,False,False,False,False,False,False,False,True,PEDESTAL VACUUM CHECK JIG,304.44,25.0
500688559,1,1,0,Y,Maintain,"NO_RECENT_USAGE,ZERO_RECOMMENDATION_OVERRIDE,SFM_DISAGREEMENT",Medium,0.7,"Source algorithm recommends 0 but the part carries risk (lead time 20d, on-hand 1); protective stock proposed instead of zero. candidate source proposes 0 vs current 1.",rules-only,0.2.0-tcb,198.0,False,False,False,False,False,False,True,False,False,False,True,False,False,True,False,False,16-CHANNEL DIG. INPUT TERMINAL 24V DC,198.0,20.0
500688560,1,1,0,Y,Maintain,"NO_RECENT_USAGE,ZERO_RECOMMENDATION_OVERRIDE",Medium,0.8,"Source algorithm recommends 0 but the part carries risk (lead time 20d, on-hand 1); protective stock proposed instead of zero.",rules-only,0.2.0-tcb,372.0,False,False,False,False,False,False,True,False,False,False,True,False,False,False,False,False,"4CH,ANALOG,OUTPUT,TERMINAL,0..10 V",372.0,20.0
500688561,3,2,0,Y,Increase,"ZERO_RECOMMENDATION_OVERRIDE,SFM_DISAGREEMENT,MAX_CHANGE_EXCEEDS_THRESHOLD",Medium,0.8,"Source algorithm recommends 0 but the part carries risk (lead time 20d, on-hand 1); protective stock proposed instead of zero. candidate source proposes 2 vs current 1.",rules-only,0.2.0-tcb,810.0,False,False,False,False,False,False,False,False,False,False,True,False,False,True,True,False,"ETHERCAT,COUPLER FOR,E-BUS,TERMINALS",270.0,20.0
500688562,1,1,0,Y,Maintain,"NO_RECENT_USAGE,ZERO_RECOMMENDATION_OVERRIDE,SFM_DISAGREEMENT",Medium,0.7,"Source algorithm recommends 0 but the part carries risk (lead time 20d, on-hand 1); protective stock proposed instead of zero. candidate source proposes 0 vs current 1.",rules-only,0.2.0-tcb,138.0,False,False,False,False,False,False,True,False,False,False,True,False,False,True,False,False,PS TERMINAL FOR E-BUS REFRESHMENT,138.0,20.0
500688563,1,1,0,Y,Maintain,"NO_RECENT_USAGE,ZERO_RECOMMENDATION_OVERRIDE",Medium,0.8,"Source algorithm recommends 0 but the part carries risk (lead time 20d, on-hand 3); protective stock proposed instead of zero.",rules-only,0.2.0-tcb,216.0,False,False,False,False,False,False,True,False,False,False,True,False,False,False,False,False,"16-CHANNEL,DIG,OUTPUT,TERMINAL,24V,DC",216.0,20.0
500688564,1,1,0,Y,Maintain,"NO_RECENT_USAGE,ZERO_RECOMMENDATION_OVERRIDE",Medium,0.8,"Source algorithm recommends 0 but the part carries risk (lead time 20d, on-hand 1); protective stock proposed instead of zero.",rules-only,0.2.0-tcb,1194.0,False,False,False,False,False,False,True,False,False,False,True,False,False,False,False,False,"PROFINET,RT,CONTROLLER,TERMINAL,MASTER",1194.0,20.0
500688565,1,1,0,Y,Maintain,"NO_RECENT_USAGE,ZERO_RECOMMENDATION_OVERRIDE",Medium,0.8,"Source algorithm recommends 0 but the part carries risk (lead time 20d, on-hand 1); protective stock proposed instead of zero.",rules-only,0.2.0-tcb,1098.0,False,False,False,False,False,False,True,False,False,False,True,False,False,False,False,False,"CAN,OPEN,MASTER,TERMINAL",1098.0,20.0
500688566,1,1,0,Y,Maintain,ZERO_RECOMMENDATION_OVERRIDE,Medium,0.8,"Source algorithm recommends 0 but the part carries risk (lead time 20d, on-hand 1); protective stock proposed instead of zero.",rules-only,0.2.0-tcb,870.0,False,False,False,False,False,False,False,False,False,False,True,False,False,False,False,False,"AS2022-0H10,STEPPER,MOTOR,24/50VDC",870.0,20.0
500688567,0,0,0,Y,Maintain,"NO_RECENT_USAGE,ABANDONED_TOOL,IMPUTED_USAGE_FEATURES",Medium,0.65,No recent usage; abandoned tool; imputed usage features.,rules-only,0.2.0-tcb,0.0,False,False,False,False,False,False,True,True,False,False,False,False,False,False,False,True,"COMPACT,INDUSTRIAL,-PC 2,8 GHZ,2CORES",7620.0,20.0
500688568,0,0,0,Y,Maintain,"NO_RECENT_USAGE,ABANDONED_TOOL,IMPUTED_USAGE_FEATURES",Medium,0.65,No recent usage; abandoned tool; imputed usage features.,rules-only,0.2.0-tcb,0.0,False,False,False,False,False,False,True,True,False,False,False,False,False,False,False,True,"DAE10,MAINTENANCE,UNIT,COMPLETE",2053.5,15.0
500688569,0,0,0,N,Maintain,"NO_RECENT_USAGE,ABANDONED_TOOL,IMPUTED_USAGE_FEATURES",Low,0.65,No recent usage; abandoned tool; imputed usage features.,rules-only,0.2.0-tcb,0.0,False,False,False,False,False,False,True,True,False,False,False,False,False,False,False,True,"EDGE,BELT,CONVEYOR,RAIL,KIT,2,DRIVE",0.01,35.0
500688570,0,0,0,N,Maintain,"NO_RECENT_USAGE,ABANDONED_TOOL,IMPUTED_USAGE_FEATURES",Low,0.65,No recent usage; abandoned tool; imputed usage features.,rules-only,0.2.0-tcb,0.0,False,False,False,False,False,False,True,True,False,False,False,False,False,False,False,True,PLASMATREAT GANTRY,0.01,35.0
500688571,0,0,0,Y,Maintain,"NO_RECENT_USAGE,ABANDONED_TOOL,IMPUTED_USAGE_FEATURES",Medium,0.65,No recent usage; abandoned tool; imputed usage features.,rules-only,0.2.0-tcb,0.0,False,False,False,False,False,False,True,True,False,False,False,False,False,False,False,True,"MACHINE,LIGHT,MSAL,90,SIP68,ALUMINIUM",1520.7,15.0
500688572,0,0,0,N,Maintain,"NO_RECENT_USAGE,ABANDONED_TOOL,IMPUTED_USAGE_FEATURES",Low,0.65,No recent usage; abandoned tool; imputed usage features.,rules-only,0.2.0-tcb,0.0,False,False,False,False,False,False,True,True,False,False,False,False,False,False,False,True,"ENERGY CHAIN, LENGTH = 644MM",150.0,20.0
500688577,0,0,0,N,Maintain,"NO_RECENT_USAGE,ABANDONED_TOOL,IMPUTED_USAGE_FEATURES",Low,0.65,No recent usage; abandoned tool; imputed usage features.,rules-only,0.2.0-tcb,0.0,False,False,False,False,False,False,True,True,False,False,False,False,False,False,False,True,"EXPANSION,UNIT,(CV-X400,XG-X),CA-DC40E",1374.0,20.0
500688578,0,0,0,Y,Maintain,"NO_RECENT_USAGE,ABANDONED_TOOL,IMPUTED_USAGE_FEATURES",Medium,0.65,No recent usage; abandoned tool; imputed usage features.,rules-only,0.2.0-tcb,0.0,False,False,False,False,False,False,True,True,False,False,False,False,False,False,False,True,"LED,LIGHTING,ROD,TYPE,WHITE,CA-DBW24W",4230.0,20.0
500688579,0,0,0,N,Maintain,"NO_RECENT_USAGE,ABANDONED_TOOL,IMPUTED_USAGE_FEATURES",Low,0.65,No recent usage; abandoned tool; imputed usage features.,rules-only,0.2.0-tcb,0.0,False,False,False,False,False,False,True,True,False,False,False,False,False,False,False,True,"PTF15672-1,BRACKET,FLOW,SENSOR,PA6,BLK",405.0,15.0
500688580,0,0,0,Y,Maintain,"NO_RECENT_USAGE,ABANDONED_TOOL,IMPUTED_USAGE_FEATURES",Medium,0.65,No recent usage; abandoned tool; imputed usage features.,rules-only,0.2.0-tcb,0.0,False,False,False,False,False,False,True,True,False,False,False,False,False,False,False,True,"SD,20,SIDE,CH,BLOWER,400V,FUK,VARIANT",5386.5,15.0
500688581,0,0,0,N,Maintain,"NO_RECENT_USAGE,ABANDONED_TOOL,IMPUTED_USAGE_FEATURES",Low,0.65,No recent usage; abandoned tool; imputed usage features.,rules-only,0.2.0-tcb,0.0,False,False,False,False,False,False,True,True,False,False,False,False,False,False,False,True,"PC,INTERFACE,CABLE,INVEOR(2M/M12)",477.3,15.0
500688582,0,0,0,N,Maintain,"NO_RECENT_USAGE,ABANDONED_TOOL,IMPUTED_USAGE_FEATURES",Low,0.65,No recent usage; abandoned tool; imputed usage features.,rules-only,0.2.0-tcb,0.0,False,False,False,False,False,False,True,True,False,False,False,False,False,False,False,True,"CONVEYOR,OPT,SENSORS,V20.0",1098.9,15.0
500688583,0,0,0,N,Maintain,"NO_RECENT_USAGE,ABANDONED_TOOL,IMPUTED_USAGE_FEATURES",Low,0.65,No recent usage; abandoned tool; imputed usage features.,rules-only,0.2.0-tcb,0.0,False,False,False,False,False,False,True,True,False,False,False,False,False,False,False,True,"EXHAUST,HOSE,DN40,PUR,L",103.23,15.0
500688584,1,1,0,Y,Increase,"NO_RECENT_USAGE,ZERO_RECOMMENDATION_OVERRIDE",Medium,0.8,"Source algorithm recommends 0 but the part carries risk (lead time 25d, on-hand 4); protective stock proposed instead of zero.",rules-only,0.2.0-tcb,48.0,False,False,False,False,False,False,True,False,False,False,True,False,False,False,False,False,"SDP:,A,6A,3-12DF02508,PULLEY",48.0,25.0
500688585,0,0,0,N,Maintain,"NO_RECENT_USAGE,ABANDONED_TOOL,IMPUTED_USAGE_FEATURES",Low,0.65,No recent usage; abandoned tool; imputed usage features.,rules-only,0.2.0-tcb,0.0,False,False,False,False,False,False,True,True,False,False,False,False,False,False,False,True,"IDLE,PULLEY,5MM,EB",42.0,25.0
500688586,0,0,0,N,Maintain,"NO_RECENT_USAGE,ABANDONED_TOOL,IMPUTED_USAGE_FEATURES",Low,0.65,No recent usage; abandoned tool; imputed usage features.,rules-only,0.2.0-tcb,0.0,False,False,False,False,False,False,True,True,False,False,False,False,False,False,False,True,"WEARSTRIP;1.62M,EB,2DR-RH",390.0,25.0
500688587,0,0,0,N,Maintain,"NO_RECENT_USAGE,ABANDONED_TOOL,IMPUTED_USAGE_FEATURES",Low,0.65,No recent usage; abandoned tool; imputed usage features.,rules-only,0.2.0-tcb,0.0,False,False,False,False,False,False,True,True,False,False,False,False,False,False,False,True,"WEARSTRIP;1.62M,EB,DR-LH",390.0,25.0
500688589,0,0,0,N,Maintain,"NO_RECENT_USAGE,ABANDONED_TOOL,IMPUTED_USAGE_FEATURES",Low,0.65,No recent usage; abandoned tool; imputed usage features.,rules-only,0.2.0-tcb,0.0,False,False,False,False,False,False,True,True,False,False,False,False,False,False,False,True,"BELT,828XL,X.156X.2,PITCH",102.0,25.0
500688590,0,0,0,N,Maintain,"NO_RECENT_USAGE,ABANDONED_TOOL,IMPUTED_USAGE_FEATURES",Low,0.65,No recent usage; abandoned tool; imputed usage features.,rules-only,0.2.0-tcb,0.0,False,False,False,False,False,False,True,True,False,False,False,False,False,False,False,True,"BELT,888XL,X.156X.2,PITCH",192.0,25.0
500688591,0,0,0,N,Maintain,"NO_RECENT_USAGE,IMPUTED_USAGE_FEATURES",Low,0.65,No recent usage; imputed usage features.,rules-only,0.2.0-tcb,0.0,False,False,False,False,False,False,True,False,False,False,False,False,False,False,False,True,"PTF16139-2,CYLINDRICAL,JETBODY,STAINLESS",803.64,15.0
500688592,0,0,0,N,Maintain,"NO_RECENT_USAGE,ABANDONED_TOOL,IMPUTED_USAGE_FEATURES",Low,0.65,No recent usage; abandoned tool; imputed usage features.,rules-only,0.2.0-tcb,0.0,False,False,False,False,False,False,True,True,False,False,False,False,False,False,False,True,"GREASE,EP,ADDITIVES,400G,CARTRIDGE",144.3,15.0
500688593,0,0,0,N,Maintain,"NO_RECENT_USAGE,ABANDONED_TOOL,IMPUTED_USAGE_FEATURES",Low,0.65,No recent usage; abandoned tool; imputed usage features.,rules-only,0.2.0-tcb,0.0,False,False,False,False,False,False,True,True,False,False,False,False,False,False,False,True,"PTF15533-3,PERFORATED,SHEET,FUNNEL,CUT",410.7,15.0
500688594,0,0,0,Y,Maintain,"NO_RECENT_USAGE,IMPUTED_USAGE_FEATURES",Medium,0.65,No recent usage; imputed usage features.,rules-only,0.2.0-tcb,0.0,False,False,False,False,False,False,True,False,False,False,False,False,False,False,False,True,"10PK,FUSE,600V,10X38MM,25A,15A,10A,5A",2053.5,15.0
500688595,0,0,0,N,Maintain,"NO_RECENT_USAGE,ABANDONED_TOOL,IMPUTED_USAGE_FEATURES",Low,0.65,No recent usage; abandoned tool; imputed usage features.,rules-only,0.2.0-tcb,0.0,False,False,False,False,False,False,True,True,False,False,False,False,False,False,False,True,"DIGITAL,FIBER,SENSOR,MAIN,UNIT,(M8TYPE)",1287.6,15.0
500688596,0,0,0,N,Maintain,"NO_RECENT_USAGE,ABANDONED_TOOL,IMPUTED_USAGE_FEATURES",Low,0.65,No recent usage; abandoned tool; imputed usage features.,rules-only,0.2.0-tcb,0.0,False,False,False,False,False,False,True,True,False,False,False,False,False,False,False,True,"SK,EXIT,FILTER,W:116.5XH: 116.5XD:16MM",66.87,15.0
500688597,0,0,0,N,Maintain,"NO_RECENT_USAGE,ABANDONED_TOOL,IMPUTED_USAGE_FEATURES",Low,0.65,No recent usage; abandoned tool; imputed usage features.,rules-only,0.2.0-tcb,0.0,False,False,False,False,False,False,True,True,False,False,False,False,False,False,False,True,"SENSOR,CABINET,DOOR,MONITOR,ELEC.V20.0",441.78,15.0
500688598,0,0,0,N,Maintain,"NO_RECENT_USAGE,ABANDONED_TOOL,IMPUTED_USAGE_FEATURES",Low,0.65,No recent usage; abandoned tool; imputed usage features.,rules-only,0.2.0-tcb,0.0,False,False,False,False,False,False,True,True,False,False,False,False,False,False,False,True,"LAMPS,FOR,SERVICE,SPACE,V20.0",876.9,15.0
500688599,2,1,0,Y,Increase,"HIGH_COST_INCREASE_REVIEW,ZERO_RECOMMENDATION_OVERRIDE,SFM_DISAGREEMENT",High,0.7,"Source algorithm recommends 0 but the part carries risk (lead time 20d, on-hand 1); protective stock proposed instead of zero. candidate source proposes 3 vs current 0.",rules-only,0.2.0-tcb,33696.0,False,False,False,True,False,False,False,False,False,False,True,False,False,True,False,False,"RD1004-JETHEAD,DUSTCOVER,V20.0",16848.0,20.0
500688601,0,0,0,N,Maintain,"NO_RECENT_USAGE,ABANDONED_TOOL,IMPUTED_USAGE_FEATURES",Low,0.65,No recent usage; abandoned tool; imputed usage features.,rules-only,0.2.0-tcb,0.0,False,False,False,False,False,False,True,True,False,False,False,False,False,False,False,True,"SIGNAL,LIGHT,ELECTRICAL,V20.0",610.5,15.0
500688602,0,0,0,N,Maintain,"NO_RECENT_USAGE,ABANDONED_TOOL,IMPUTED_USAGE_FEATURES",Low,0.65,No recent usage; abandoned tool; imputed usage features.,rules-only,0.2.0-tcb,0.0,False,False,False,False,False,False,True,True,False,False,False,False,False,False,False,True,"HMI,OPERATIONS,COMPLETE,ELECTR.",0.01,25.0
500688603,3,2,0,Y,Increase,"HIGH_COST_INCREASE_REVIEW,SFM_DISAGREEMENT,MAX_CHANGE_EXCEEDS_THRESHOLD",High,0.8,Candidate source proposes 2 vs current 1.,rules-only,0.2.0-tcb,60960.6,False,False,False,True,False,False,False,False,False,False,False,False,False,True,True,False,PCU-M,20320.2,20.0
500688604,2,1,0,Y,Increase,"NO_RECENT_USAGE,ZERO_RECOMMENDATION_OVERRIDE,SFM_DISAGREEMENT,MAX_CHANGE_EXCEEDS_THRESHOLD",Medium,0.8,"Source algorithm recommends 0 but the part carries risk (lead time 20d, on-hand 1); protective stock proposed instead of zero. candidate source proposes 2 vs current 1.",rules-only,0.2.0-tcb,1380.0,False,False,False,False,False,False,True,False,False,False,True,False,False,True,True,False,"STEPPER,MOTOR,TERMINALS,W,FR-50V,DC,5A",690.0,20.0
500688605,1,1,0,Y,Maintain,"NO_RECENT_USAGE,ZERO_RECOMMENDATION_OVERRIDE",Medium,0.8,"Source algorithm recommends 0 but the part carries risk (lead time 15d, on-hand 1); protective stock proposed instead of zero.",rules-only,0.2.0-tcb,432.9,False,False,False,False,False,False,True,False,False,False,True,False,False,False,False,False,"SAFETY,SENSOR,BNS,260,LEFT,3O,2S",432.9,15.0
500688606,1,1,0,Y,Maintain,"NO_RECENT_USAGE,ZERO_RECOMMENDATION_OVERRIDE,SFM_DISAGREEMENT",Medium,0.7,"Source algorithm recommends 0 but the part carries risk (lead time 15d, on-hand 1); protective stock proposed instead of zero. candidate source proposes 0 vs current 1.",rules-only,0.2.0-tcb,2109.0,False,False,False,False,False,False,True,False,False,False,True,False,False,True,False,False,SECURE SAFETY GATE SYSTEM TRANSPONDER,2109.0,15.0
500688607,5,4,0,Y,Increase,"SFM_DISAGREEMENT,MAX_CHANGE_EXCEEDS_THRESHOLD",Medium,0.8,Candidate source proposes 2 vs current 1.,rules-only,0.2.0-tcb,3745.8,False,False,False,False,False,False,False,False,False,False,False,False,False,True,True,False,NOZZLE HEAD 11 POTENTIAL FREE MOUNTED,749.16,15.0
500688608,1,1,0,Y,Maintain,"ZERO_RECOMMENDATION_OVERRIDE,SFM_DISAGREEMENT",Medium,0.7,"Source algorithm recommends 0 but the part carries risk (lead time 15d, on-hand 2); protective stock proposed instead of zero. candidate source proposes 0 vs current 1.",rules-only,0.2.0-tcb,33.57,False,False,False,False,False,False,False,False,False,False,True,False,False,True,False,False,"TIMING,BELT,JET,ROTATION",33.57,15.0
500688609,1,1,0,Y,Maintain,"NO_RECENT_USAGE,ZERO_RECOMMENDATION_OVERRIDE,SFM_DISAGREEMENT,IMPUTED_USAGE_FEATURES",Medium,0.55,"Source algorithm recommends 0 but the part carries risk (lead time 15d, on-hand 2); protective stock proposed instead of zero. candidate source proposes 0 vs current 1.",rules-only,0.2.0-tcb,550.69,False,False,False,False,False,False,True,False,False,False,True,False,False,True,False,True,"AIR,ROTATION,W/ISOLATOR,RD1004/PFW10",550.69,15.0
500688610,3,2,0,Y,Increase,ZERO_RECOMMENDATION_OVERRIDE,Medium,0.9,"Source algorithm recommends 0 but the part carries risk (lead time 15d, on-hand 2); protective stock proposed instead of zero.",rules-only,0.2.0-tcb,252.42,False,False,False,False,False,False,False,False,False,False,True,False,False,False,False,False,GLASS ROD 184MM DIA 5MM,84.14,15.0
500688611,8,6,0,N,Increase,"LOW_COST_RECURRING_USAGE,HIGH_USAGE_TOOL,SFM_DISAGREEMENT",Medium,0.8,Candidate source proposes 2 vs current 4.,rules-only,0.2.0-tcb,44.4,False,False,True,False,False,False,False,False,True,False,False,False,False,True,False,False,"SMALL CARBON BRUSH RD1004,RD2010",5.55,15.0
500688613,0,0,0,N,Maintain,IMPUTED_USAGE_FEATURES,Low,0.65,Imputed usage features.,rules-only,0.2.0-tcb,0.0,False,False,False,False,False,False,False,False,False,False,False,False,False,False,False,True,"MOTOR,M1004,DC",1154.4,15.0
500688614,1,1,0,Y,Maintain,"NO_RECENT_USAGE,ZERO_RECOMMENDATION_OVERRIDE,SFM_DISAGREEMENT",Medium,0.7,"Source algorithm recommends 0 but the part carries risk (lead time 15d, on-hand 1); protective stock proposed instead of zero. candidate source proposes 0 vs current 1.",rules-only,0.2.0-tcb,77.7,False,False,False,False,False,False,True,False,False,False,True,False,False,True,False,False,"SAFETY,SENSOR,ACTUATOR,BPS,260-1",77.7,15.0
500688615,0,0,0,N,Maintain,"NO_RECENT_USAGE,ABANDONED_TOOL,IMPUTED_USAGE_FEATURES",Low,0.65,No recent usage; abandoned tool; imputed usage features.,rules-only,0.2.0-tcb,0.0,False,False,False,False,False,False,True,True,False,False,False,False,False,False,False,True,50 ASPIRATOR HOSE POLY ESD CONDUCTIVE,241.98,15.0
500688616,1,1,0,Y,Maintain,"NO_RECENT_USAGE,ZERO_RECOMMENDATION_OVERRIDE",Medium,0.8,"Source algorithm recommends 0 but the part carries risk (lead time 15d, on-hand 1); protective stock proposed instead of zero.",rules-only,0.2.0-tcb,607.5,False,False,False,False,False,False,True,False,False,False,True,False,False,False,False,False,"AIR,FLOW,SENSOR,FOR,AIR,10M/S",607.5,15.0
500688617,3,2,0,Y,Increase,ZERO_RECOMMENDATION_OVERRIDE,High,0.9,"Source algorithm recommends 0 but the part carries risk (lead time 20d, on-hand 2); protective stock proposed instead of zero.",rules-only,0.2.0-tcb,33331.5,False,False,False,False,False,False,False,False,False,False,True,False,False,False,False,False,"WIDE,RANGE,MODULE/WRS1501",11110.5,20.0
500688618,0,0,0,N,Maintain,"NO_RECENT_USAGE,ABANDONED_TOOL,IMPUTED_USAGE_FEATURES",Low,0.65,No recent usage; abandoned tool; imputed usage features.,rules-only,0.2.0-tcb,0.0,False,False,False,False,False,False,True,True,False,False,False,False,False,False,False,True,"INDUCTOR,DR-67",321.9,15.0
500688619,1,1,0,Y,Maintain,"NO_RECENT_USAGE,ZERO_RECOMMENDATION_OVERRIDE",Medium,0.8,"Source algorithm recommends 0 but the part carries risk (lead time 15d, on-hand 1); protective stock proposed instead of zero.",rules-only,0.2.0-tcb,432.9,False,False,False,False,False,False,True,False,False,False,True,False,False,False,False,False,"SAFETY,SENSOR,BNS,260,RIGHT,3O,2S",432.9,15.0
500688620,0,0,0,Y,Maintain,"NO_RECENT_USAGE,ABANDONED_TOOL,IMPUTED_USAGE_FEATURES",Medium,0.65,No recent usage; abandoned tool; imputed usage features.,rules-only,0.2.0-tcb,0.0,False,False,False,False,False,False,True,True,False,False,False,False,False,False,False,True,"FESTO,SPINDLE,AXIS,COMPLETE",2430.0,25.0
500688621,0,0,0,N,Maintain,"NO_RECENT_USAGE,ABANDONED_TOOL,IMPUTED_USAGE_FEATURES",Low,0.65,No recent usage; abandoned tool; imputed usage features.,rules-only,0.2.0-tcb,0.0,False,False,False,False,False,False,True,True,False,False,False,False,False,False,False,True,"FESTO,AXIAL,KIT,EAMM-A-S38-60P",306.0,25.0
500688622,0,0,0,Y,Maintain,"NO_RECENT_USAGE,ABANDONED_TOOL,IMPUTED_USAGE_FEATURES",Medium,0.65,No recent usage; abandoned tool; imputed usage features.,rules-only,0.2.0-tcb,0.0,False,False,False,False,False,False,True,True,False,False,False,False,False,False,False,True,"Y-AXIS OF PT-GANTRY, TOOTHED BELT 36 NMY",2706.0,25.0
500688623,0,0,0,N,Maintain,"NO_RECENT_USAGE,ABANDONED_TOOL,IMPUTED_USAGE_FEATURES",Low,0.65,No recent usage; abandoned tool; imputed usage features.,rules-only,0.2.0-tcb,0.0,False,False,False,False,False,False,True,True,False,False,False,False,False,False,False,True,"AXIAL,KIT,EAMM-A-L48-60H",372.0,25.0
500688624,0,0,0,N,Maintain,"NO_RECENT_USAGE,ABANDONED_TOOL,IMPUTED_USAGE_FEATURES",Low,0.65,No recent usage; abandoned tool; imputed usage features.,rules-only,0.2.0-tcb,0.0,False,False,False,False,False,False,True,True,False,False,False,False,False,False,False,True,"GEAR,BOX,EMGA-60-P-G5-EAS-60",888.0,25.0
500688625,0,0,0,Y,Maintain,"NO_RECENT_USAGE,ABANDONED_TOOL,IMPUTED_USAGE_FEATURES",Medium,0.65,No recent usage; abandoned tool; imputed usage features.,rules-only,0.2.0-tcb,0.0,False,False,False,False,False,False,True,True,False,False,False,False,False,False,False,True,DC SERVOMOTOR 310W,2328.0,25.0
500688626,0,0,0,N,Maintain,"NO_RECENT_USAGE,ABANDONED_TOOL,IMPUTED_USAGE_FEATURES",Low,0.65,No recent usage; abandoned tool; imputed usage features.,rules-only,0.2.0-tcb,0.0,False,False,False,False,False,False,True,True,False,False,False,False,False,False,False,True,"SHOCK,ABSORBER,RETAINER,KYE-80",126.0,20.0
500688627,0,0,0,Y,Maintain,"NO_RECENT_USAGE,ABANDONED_TOOL,IMPUTED_USAGE_FEATURES",Medium,0.65,No recent usage; abandoned tool; imputed usage features.,rules-only,0.2.0-tcb,0.0,False,False,False,False,False,False,True,True,False,False,False,False,False,False,False,True,"X-AXIS OF PT-GANTRY, TOOTHED BELT 36 NM",3108.0,25.0
500688628,0,0,0,N,Maintain,"NO_RECENT_USAGE,ABANDONED_TOOL,IMPUTED_USAGE_FEATURES",Low,0.65,No recent usage; abandoned tool; imputed usage features.,rules-only,0.2.0-tcb,0.0,False,False,False,False,False,False,True,True,False,False,False,False,False,False,False,True,"PROX,SWITCH,SIES-8M-PO-24V-K-0,3-M8D",126.0,20.0
500688629,0,0,0,Y,Maintain,"NO_RECENT_USAGE,ABANDONED_TOOL,IMPUTED_USAGE_FEATURES",Medium,0.65,No recent usage; abandoned tool; imputed usage features.,rules-only,0.2.0-tcb,0.0,False,False,False,False,False,False,True,True,False,False,False,False,False,False,False,True,SERVO DRIVE 600W,3036.0,20.0
500688630,0,0,0,N,Maintain,"NO_RECENT_USAGE,IMPUTED_USAGE_FEATURES",Low,0.65,No recent usage; imputed usage features.,rules-only,0.2.0-tcb,0.0,False,False,False,False,False,False,True,False,False,False,False,False,False,False,False,True,"ROTATION,PULLEY,FOR,MOTOR",169.5,15.0
500688631,0,0,0,N,Maintain,"NO_RECENT_USAGE,IMPUTED_USAGE_FEATURES",Low,0.65,No recent usage; imputed usage features.,rules-only,0.2.0-tcb,0.0,False,False,False,False,False,False,True,False,False,False,False,False,False,False,False,True,"6X14,CLAMPING,SET,4ROTATION,STAINLESS",175.38,15.0
500688632,0,0,0,N,Maintain,"NO_RECENT_USAGE,IMPUTED_USAGE_FEATURES",Low,0.65,No recent usage; imputed usage features.,rules-only,0.2.0-tcb,0.0,False,False,False,False,False,False,True,False,False,False,False,False,False,False,False,True,"O-SEAL,29.0X3.00/RED,O-RING",2.24,15.0
500688633,0,0,0,N,Maintain,"NO_RECENT_USAGE,ABANDONED_TOOL,IMPUTED_USAGE_FEATURES",Low,0.65,No recent usage; abandoned tool; imputed usage features.,rules-only,0.2.0-tcb,0.0,False,False,False,False,False,False,True,True,False,False,False,False,False,False,False,True,SK FILTER FAN 55M/24V,457.21,15.0
500688634,0,0,0,N,Maintain,"NO_RECENT_USAGE,ABANDONED_TOOL,IMPUTED_USAGE_FEATURES",Low,0.65,No recent usage; abandoned tool; imputed usage features.,rules-only,0.2.0-tcb,0.0,False,False,False,False,False,False,True,True,False,False,False,False,False,False,False,True,"SK,EXIT,FILTER,W:148.5XH:148.5XD:24MM",91.62,15.0
500688635,0,0,0,N,Maintain,"NO_RECENT_USAGE,ABANDONED_TOOL,IMPUTED_USAGE_FEATURES",Low,0.65,No recent usage; abandoned tool; imputed usage features.,rules-only,0.2.0-tcb,0.0,False,False,False,False,False,False,True,True,False,False,False,False,False,False,False,True,FILTER FAN 20 M/H 24V DC,307.47,15.0
500688636,0,0,0,N,Maintain,"NO_RECENT_USAGE,ABANDONED_TOOL,IMPUTED_USAGE_FEATURES",Low,0.65,No recent usage; abandoned tool; imputed usage features.,rules-only,0.2.0-tcb,0.0,False,False,False,False,False,False,True,True,False,False,False,False,False,False,False,True,"ROTATION,CONNECTOR,PIN",158.95,15.0
500688637,4,3,0,Y,Increase,NO_ACTION,Low,0.9,No rule triggered; current stocking parameters retained.,rules-only,0.2.0-tcb,1206.16,False,False,False,False,False,False,False,False,False,False,False,False,False,False,False,False,SST ROTATION ROTOR / 53,301.54,15.0
500688835,10,9,0,Y,Increase,"LONG_LEAD_TIME_RISK,ZERO_RECOMMENDATION_OVERRIDE,SFM_DISAGREEMENT",Medium,0.8,"Source algorithm recommends 0 but the part carries risk (lead time 75d, on-hand 5); protective stock proposed instead of zero. candidate source proposes 12 vs current 0.",rules-only,0.2.0-tcb,160.2,False,False,False,False,False,True,False,False,False,False,True,False,False,True,False,False,"FEP TUBE, TH0604, OD 6MM, ID 4MM",16.02,75.0
500694609,0,0,0,N,Maintain,"NO_RECENT_USAGE,ABANDONED_TOOL,IMPUTED_USAGE_FEATURES",Low,0.65,No recent usage; abandoned tool; imputed usage features.,rules-only,0.2.0-tcb,0.0,False,False,False,False,False,False,True,True,False,False,False,False,False,False,False,True,HIGH TEMP WIRE,16.75,25.0
500694610,0,0,0,N,Maintain,"NO_RECENT_USAGE,ABANDONED_TOOL,IMPUTED_USAGE_FEATURES",Low,0.65,No recent usage; abandoned tool; imputed usage features.,rules-only,0.2.0-tcb,0.0,False,False,False,False,False,False,True,True,False,False,False,False,False,False,False,True,N2/AIR HOSE OR PIPE,11.55,30.0
500694611,0,0,0,N,Maintain,"NO_RECENT_USAGE,ABANDONED_TOOL,IMPUTED_USAGE_FEATURES",Low,0.65,No recent usage; abandoned tool; imputed usage features.,rules-only,0.2.0-tcb,0.0,False,False,False,False,False,False,True,True,False,False,False,False,False,False,False,True,Interlock Switch,187.0,25.0
500695338,4,3,0,Y,Increase,ZERO_RECOMMENDATION_OVERRIDE,Medium,0.9,"Source algorithm recommends 0 but the part carries risk (lead time 34d, on-hand 2); protective stock proposed instead of zero.",rules-only,0.2.0-tcb,380.8,False,False,False,False,False,False,False,False,False,False,True,False,False,False,False,False,"INSERT,18X36 DISPENSE CARD HOLDER",95.2,34.0
500695665,0,0,0,N,Maintain,"NO_RECENT_USAGE,IMPUTED_USAGE_FEATURES",Low,0.65,No recent usage; imputed usage features.,rules-only,0.2.0-tcb,0.0,False,False,False,False,False,False,True,False,False,False,False,False,False,False,False,True,"ESR,GUIDE,TUBE,BULK FEED",208.8,13.0
500696223,0,0,0,N,Maintain,NO_RECENT_USAGE,Low,0.8,No recent usage.,rules-only,0.2.0-tcb,0.0,False,False,False,False,False,False,True,False,False,False,False,False,False,False,False,False,I/P SHUT OT MODULE CABLE&MOUNTING,1159.67,45.0
500697609,0,0,0,N,Maintain,"NO_RECENT_USAGE,IMPUTED_USAGE_FEATURES",Low,0.65,No recent usage; imputed usage features.,rules-only,0.2.0-tcb,0.0,False,False,False,False,False,False,True,False,False,False,False,False,False,False,False,True,PEDESTAL JIG CLAMP,211.8867,30.0
500699047,0,0,0,N,Maintain,"NO_RECENT_USAGE,IMPUTED_USAGE_FEATURES",Low,0.65,No recent usage; imputed usage features.,rules-only,0.2.0-tcb,0.0,False,False,False,False,False,False,True,False,False,False,False,False,False,False,False,True,LOW HEAD CAP SCREW M3 X 6,0.58,45.0
500699048,6,5,0,Y,Increase,"LONG_LEAD_TIME_RISK,ZERO_RECOMMENDATION_OVERRIDE,SFM_DISAGREEMENT",Medium,0.8,"Source algorithm recommends 0 but the part carries risk (lead time 45d, on-hand 19); protective stock proposed instead of zero. candidate source proposes 8 vs current 0.",rules-only,0.2.0-tcb,0.6,False,False,False,False,False,True,False,False,False,False,True,False,False,True,False,False,SET SCREW M4X10,0.1,45.0
500699255,0,0,0,N,Maintain,IMPUTED_USAGE_FEATURES,Low,0.65,Imputed usage features.,rules-only,0.2.0-tcb,0.0,False,False,False,False,False,False,False,False,False,False,False,False,False,False,False,True,PLASMA Z-MOTOR ENCODER CABLE,424.0,20.0
500699332,1,1,0,Y,Maintain,"NO_RECENT_USAGE,ZERO_RECOMMENDATION_OVERRIDE,AD_HOC_CONSUMPTION_RISK,SFM_DISAGREEMENT,IMPUTED_USAGE_FEATURES",High,0.55,"Source algorithm recommends 0 but the part carries risk (lead time 88d, on-hand 1); protective stock proposed instead of zero. candidate source proposes 0 vs current 1.",rules-only,0.2.0-tcb,11607.0,False,False,False,False,False,False,True,False,False,False,True,True,False,True,False,True,CONTROLLER 4XDUAL DRIVE / 0XHV DRIVE,11607.0,88.0
500699333,1,1,0,Y,Increase,"NO_RECENT_USAGE,ZERO_RECOMMENDATION_OVERRIDE,AD_HOC_CONSUMPTION_RISK,IMPUTED_USAGE_FEATURES",Medium,0.65,"Source algorithm recommends 0 but the part carries risk (lead time 100d, on-hand 0); protective stock proposed instead of zero.",rules-only,0.2.0-tcb,720.0,False,False,False,False,False,False,True,False,False,False,True,True,False,False,False,True,"SMART,SENSOR,BOARD",720.0,100.0
500699334,1,1,0,Y,Increase,"NO_RECENT_USAGE,ZERO_RECOMMENDATION_OVERRIDE,AD_HOC_CONSUMPTION_RISK,IMPUTED_USAGE_FEATURES",Medium,0.65,"Source algorithm recommends 0 but the part carries risk (lead time 74d, on-hand 0); protective stock proposed instead of zero.",rules-only,0.2.0-tcb,90.0,False,False,False,False,False,False,True,False,False,False,True,True,False,False,False,True,"SINGLE,GLASSDIE,5X5",90.0,74.0
500699335,1,1,0,Y,Increase,"NO_RECENT_USAGE,ZERO_RECOMMENDATION_OVERRIDE,AD_HOC_CONSUMPTION_RISK,IMPUTED_USAGE_FEATURES",Medium,0.65,"Source algorithm recommends 0 but the part carries risk (lead time 73d, on-hand 0); protective stock proposed instead of zero.",rules-only,0.2.0-tcb,120.0,False,False,False,False,False,False,True,False,False,False,True,True,False,False,False,True,"SINGLE,GLASSDIE,15X15",120.0,73.0
500699336,1,1,0,Y,Increase,"NO_RECENT_USAGE,ZERO_RECOMMENDATION_OVERRIDE,AD_HOC_CONSUMPTION_RISK,IMPUTED_USAGE_FEATURES",Medium,0.65,"Source algorithm recommends 0 but the part carries risk (lead time 73d, on-hand 0); protective stock proposed instead of zero.",rules-only,0.2.0-tcb,240.0,False,False,False,False,False,False,True,False,False,False,True,True,False,False,False,True,"SINGLE,GLASSDIE,25X25",240.0,73.0
500699337,1,1,0,Y,Maintain,"NO_RECENT_USAGE,ZERO_RECOMMENDATION_OVERRIDE,AD_HOC_CONSUMPTION_RISK,SFM_DISAGREEMENT,IMPUTED_USAGE_FEATURES",Medium,0.55,"Source algorithm recommends 0 but the part carries risk (lead time 73d, on-hand 4); protective stock proposed instead of zero. candidate source proposes 0 vs current 1.",rules-only,0.2.0-tcb,360.0,False,False,False,False,False,False,True,False,False,False,True,True,False,True,False,True,"SINGLE,GLASSDIE,35X35",360.0,73.0
500699341,0,0,0,N,Maintain,"NO_RECENT_USAGE,ABANDONED_TOOL,IMPUTED_USAGE_FEATURES",Low,0.65,No recent usage; abandoned tool; imputed usage features.,rules-only,0.2.0-tcb,0.0,False,False,False,False,False,False,True,True,False,False,False,False,False,False,False,True,CBL_DISTRIB_SOL,626.0,38.0
500699342,1,1,0,Y,Maintain,"LONG_LEAD_TIME_RISK,NO_RECENT_USAGE,ZERO_RECOMMENDATION_OVERRIDE",Medium,0.9,"Source algorithm recommends 0 but the part carries risk (lead time 75d, on-hand 1); protective stock proposed instead of zero.",rules-only,0.2.0-tcb,2951.0,False,False,False,False,False,True,True,False,False,False,True,False,False,False,False,False,"ETHERCAT,SLAVE,BASEBOARD",2951.0,75.0
500699343,1,1,0,Y,Maintain,"LONG_LEAD_TIME_RISK,NO_RECENT_USAGE,ZERO_RECOMMENDATION_OVERRIDE",Medium,0.9,"Source algorithm recommends 0 but the part carries risk (lead time 75d, on-hand 1); protective stock proposed instead of zero.",rules-only,0.2.0-tcb,2951.0,False,False,False,False,False,True,True,False,False,False,True,False,False,False,False,False,"ETHERCAT,SLAVE,BASEBOARD",2951.0,75.0
500699344,1,1,0,Y,Maintain,"NO_RECENT_USAGE,ZERO_RECOMMENDATION_OVERRIDE,AD_HOC_CONSUMPTION_RISK,SFM_DISAGREEMENT,IMPUTED_USAGE_FEATURES",Medium,0.55,"Source algorithm recommends 0 but the part carries risk (lead time 75d, on-hand 1); protective stock proposed instead of zero. candidate source proposes 0 vs current 1.",rules-only,0.2.0-tcb,2264.0,False,False,False,False,False,False,True,False,False,False,True,True,False,True,False,True,"ETHERCAT,SLAVE,I/OBOARD",2264.0,75.0
500699345,6,5,0,Y,Increase,"HIGH_COST_INCREASE_REVIEW,ZERO_RECOMMENDATION_OVERRIDE,AD_HOC_CONSUMPTION_RISK,SFM_DISAGREEMENT",High,0.7,"Source algorithm recommends 0 but the part carries risk (lead time 95d, on-hand 0); protective stock proposed instead of zero. candidate source proposes 6 vs current 0.",rules-only,0.2.0-tcb,94128.0,False,False,False,True,False,False,False,False,False,False,True,True,False,True,False,False,TCX3 BONDHEAD HEATER POWER SUPPLY,15688.0,95.0
500699346,6,5,0,Y,Increase,"HIGH_COST_INCREASE_REVIEW,LONG_LEAD_TIME_RISK,ZERO_RECOMMENDATION_OVERRIDE,SFM_DISAGREEMENT",High,0.8,"Source algorithm recommends 0 but the part carries risk (lead time 95d, on-hand 1); protective stock proposed instead of zero. candidate source proposes 6 vs current 0.",rules-only,0.2.0-tcb,71064.0,False,False,False,True,False,True,False,False,False,False,True,False,False,True,False,False,TCX3 INDEXER HEATER POWER SUPPLY,11844.0,95.0
500699347,1,1,0,Y,Maintain,"NO_RECENT_USAGE,ZERO_RECOMMENDATION_OVERRIDE,SFM_DISAGREEMENT,IMPUTED_USAGE_FEATURES",Medium,0.55,"Source algorithm recommends 0 but the part carries risk (lead time 38d, on-hand 1); protective stock proposed instead of zero. candidate source proposes 0 vs current 1.",rules-only,0.2.0-tcb,360.0,False,False,False,False,False,False,True,False,False,False,True,False,False,True,False,True,CBL_DIST_THETA_ENC,360.0,38.0
500699348,0,0,0,N,Maintain,"NO_RECENT_USAGE,ABANDONED_TOOL,IMPUTED_USAGE_FEATURES",Low,0.65,No recent usage; abandoned tool; imputed usage features.,rules-only,0.2.0-tcb,0.0,False,False,False,False,False,False,True,True,False,False,False,False,False,False,False,True,CBL_DIST_THETA_ENC,360.0,38.0
500699349,1,1,0,Y,Increase,"LONG_LEAD_TIME_RISK,NO_RECENT_USAGE,ZERO_RECOMMENDATION_OVERRIDE,SFM_DISAGREEMENT",Medium,0.8,"Source algorithm recommends 0 but the part carries risk (lead time 53d, on-hand 0); protective stock proposed instead of zero. candidate source proposes 1 vs current 0.",rules-only,0.2.0-tcb,520.0,False,False,False,False,False,True,True,False,False,False,True,False,False,True,False,False,CBL_TOOL_PRES_SENS,520.0,53.0
500699350,7,6,0,Y,Increase,"LONG_LEAD_TIME_RISK,SFM_DISAGREEMENT",High,0.8,Candidate source proposes 2 vs current 6.,rules-only,0.2.0-tcb,7805.0,False,False,False,False,False,True,False,False,False,False,False,False,False,True,False,False,CBL_TOOL_FLOW_SENS,1115.0,53.0
500699354,1,1,0,Y,Increase,"NO_RECENT_USAGE,ZERO_RECOMMENDATION_OVERRIDE,AD_HOC_CONSUMPTION_RISK,IMPUTED_USAGE_FEATURES",Medium,0.65,"Source algorithm recommends 0 but the part carries risk (lead time 67d, on-hand 0); protective stock proposed instead of zero.",rules-only,0.2.0-tcb,804.0,False,False,False,False,False,False,True,False,False,False,True,True,False,False,False,True,ASSY WATER LEAKAGE DETECTION BOARD,804.0,67.0
500699357,1,1,0,Y,Maintain,"NO_RECENT_USAGE,ZERO_RECOMMENDATION_OVERRIDE,AD_HOC_CONSUMPTION_RISK,SFM_DISAGREEMENT,IMPUTED_USAGE_FEATURES",Medium,0.55,"Source algorithm recommends 0 but the part carries risk (lead time 67d, on-hand 1); protective stock proposed instead of zero. candidate source proposes 0 vs current 1.",rules-only,0.2.0-tcb,2538.0,False,False,False,False,False,False,True,False,False,False,True,True,False,True,False,True,ASSY EMO BOARD,2538.0,67.0
500699358,1,1,0,Y,Increase,"NO_RECENT_USAGE,ZERO_RECOMMENDATION_OVERRIDE,AD_HOC_CONSUMPTION_RISK,IMPUTED_USAGE_FEATURES",Medium,0.65,"Source algorithm recommends 0 but the part carries risk (lead time 67d, on-hand 0); protective stock proposed instead of zero.",rules-only,0.2.0-tcb,74.0,False,False,False,False,False,False,True,False,False,False,True,True,False,False,False,True,"I2C,SPLITTERBOARD",74.0,67.0
500699359,1,1,0,Y,Maintain,"NO_RECENT_USAGE,ZERO_RECOMMENDATION_OVERRIDE,AD_HOC_CONSUMPTION_RISK,SFM_DISAGREEMENT,IMPUTED_USAGE_FEATURES",Medium,0.55,"Source algorithm recommends 0 but the part carries risk (lead time 67d, on-hand 1); protective stock proposed instead of zero. candidate source proposes 0 vs current 1.",rules-only,0.2.0-tcb,1086.0,False,False,False,False,False,False,True,False,False,False,True,True,False,True,False,True,SMART_KVM_USB_HUB_BRD,1086.0,67.0
500699360,1,1,0,Y,Maintain,"NO_RECENT_USAGE,ZERO_RECOMMENDATION_OVERRIDE,AD_HOC_CONSUMPTION_RISK,SFM_DISAGREEMENT,IMPUTED_USAGE_FEATURES",Medium,0.55,"Source algorithm recommends 0 but the part carries risk (lead time 75d, on-hand 1); protective stock proposed instead of zero. candidate source proposes 0 vs current 1.",rules-only,0.2.0-tcb,820.0,False,False,False,False,False,False,True,False,False,False,True,True,False,True,False,True,"ASSY,RTD,SENSORBOARD",820.0,75.0
500699361,1,1,0,Y,Maintain,"NO_RECENT_USAGE,ZERO_RECOMMENDATION_OVERRIDE,AD_HOC_CONSUMPTION_RISK,SFM_DISAGREEMENT,IMPUTED_USAGE_FEATURES",Medium,0.55,"Source algorithm recommends 0 but the part carries risk (lead time 75d, on-hand 1); protective stock proposed instead of zero. candidate source proposes 0 vs current 1.",rules-only,0.2.0-tcb,820.0,False,False,False,False,False,False,True,False,False,False,True,True,False,True,False,True,"ASSY,RTD,SENSORBOARD",820.0,75.0
500699363,1,1,0,Y,Maintain,"NO_RECENT_USAGE,ZERO_RECOMMENDATION_OVERRIDE,AD_HOC_CONSUMPTION_RISK,SFM_DISAGREEMENT,IMPUTED_USAGE_FEATURES",Medium,0.55,"Source algorithm recommends 0 but the part carries risk (lead time 67d, on-hand 2); protective stock proposed instead of zero. candidate source proposes 0 vs current 1.",rules-only,0.2.0-tcb,1020.0,False,False,False,False,False,False,True,False,False,False,True,True,False,True,False,True,"GALVANICALLY,ISOLATED,RTD,FILTERBOARD",1020.0,67.0
500699364,5,4,0,Y,Increase,"LONG_LEAD_TIME_RISK,ZERO_RECOMMENDATION_OVERRIDE,SFM_DISAGREEMENT,MAX_CHANGE_EXCEEDS_THRESHOLD",Medium,0.8,"Source algorithm recommends 0 but the part carries risk (lead time 63d, on-hand 1); protective stock proposed instead of zero. candidate source proposes 2 vs current 1.",rules-only,0.2.0-tcb,2500.0,False,False,False,False,False,True,False,False,False,False,True,False,False,True,True,False,"FILTER,ASSEMBLY,DIE",500.0,63.0
500699366,0,0,0,N,Maintain,"NO_RECENT_USAGE,ABANDONED_TOOL,IMPUTED_USAGE_FEATURES",Low,0.65,No recent usage; abandoned tool; imputed usage features.,rules-only,0.2.0-tcb,0.0,False,False,False,False,False,False,True,True,False,False,False,False,False,False,False,True,CBL_JUMPER_EXT,6.0,48.0
500699367,1,1,0,Y,Maintain,"NO_RECENT_USAGE,ZERO_RECOMMENDATION_OVERRIDE,SFM_DISAGREEMENT,IMPUTED_USAGE_FEATURES",Medium,0.55,"Source algorithm recommends 0 but the part carries risk (lead time 38d, on-hand 1); protective stock proposed instead of zero. candidate source proposes 0 vs current 1.",rules-only,0.2.0-tcb,1710.0,False,False,False,False,False,False,True,False,False,False,True,False,False,True,False,True,CBL_Y_ENCODER_ASSY,1710.0,38.0
500699368,1,1,0,Y,Maintain,"NO_RECENT_USAGE,ZERO_RECOMMENDATION_OVERRIDE,SFM_DISAGREEMENT,IMPUTED_USAGE_FEATURES",Medium,0.55,"Source algorithm recommends 0 but the part carries risk (lead time 38d, on-hand 1); protective stock proposed instead of zero. candidate source proposes 0 vs current 1.",rules-only,0.2.0-tcb,2098.0,False,False,False,False,False,False,True,False,False,False,True,False,False,True,False,True,CBL_X_ENC_ASSY,2098.0,38.0
500699369,1,1,0,Y,Increase,"NO_RECENT_USAGE,ZERO_RECOMMENDATION_OVERRIDE,AD_HOC_CONSUMPTION_RISK,IMPUTED_USAGE_FEATURES",Medium,0.65,"Source algorithm recommends 0 but the part carries risk (lead time 75d, on-hand 0); protective stock proposed instead of zero.",rules-only,0.2.0-tcb,156.0,False,False,False,False,False,False,True,False,False,False,True,True,False,False,False,True,CBL_MTR_BRK_ASSY,156.0,75.0
500699370,0,0,0,N,Maintain,"NO_RECENT_USAGE,ABANDONED_TOOL,IMPUTED_USAGE_FEATURES",Low,0.65,No recent usage; abandoned tool; imputed usage features.,rules-only,0.2.0-tcb,0.0,False,False,False,False,False,False,True,True,False,False,False,False,False,False,False,True,CBL_CYL_ASSY,116.0,48.0
500699371,0,0,0,N,Maintain,"NO_RECENT_USAGE,ABANDONED_TOOL,IMPUTED_USAGE_FEATURES",Low,0.65,No recent usage; abandoned tool; imputed usage features.,rules-only,0.2.0-tcb,0.0,False,False,False,False,False,False,True,True,False,False,False,False,False,False,False,True,CBL_CLMP_CYL_ASSY,187.0,48.0
500699372,0,0,0,N,Maintain,"NO_RECENT_USAGE,ABANDONED_TOOL,IMPUTED_USAGE_FEATURES",Low,0.65,No recent usage; abandoned tool; imputed usage features.,rules-only,0.2.0-tcb,0.0,False,False,False,False,False,False,True,True,False,False,False,False,False,False,False,True,CBL_TUBE_EXT,152.0,48.0
500699375,0,0,0,N,Maintain,"NO_RECENT_USAGE,ABANDONED_TOOL,IMPUTED_USAGE_FEATURES",Low,0.65,No recent usage; abandoned tool; imputed usage features.,rules-only,0.2.0-tcb,0.0,False,False,False,False,False,False,True,True,False,False,False,False,False,False,False,True,"CLAMP_CBL_ADJ_NMTBLE_.69,BUNDLE,DIA",40.0,31.0
500699376,1,1,0,Y,Maintain,"NO_RECENT_USAGE,ZERO_RECOMMENDATION_OVERRIDE,AD_HOC_CONSUMPTION_RISK,SFM_DISAGREEMENT,IMPUTED_USAGE_FEATURES",Medium,0.55,"Source algorithm recommends 0 but the part carries risk (lead time 53d, on-hand 1); protective stock proposed instead of zero. candidate source proposes 0 vs current 1.",rules-only,0.2.0-tcb,1028.8,False,False,False,False,False,False,True,False,False,False,True,True,False,True,False,True,ETHERCAT 6 PORT JUNCTION,1028.8,53.0
500699377,1,1,0,Y,Maintain,"NO_RECENT_USAGE,ZERO_RECOMMENDATION_OVERRIDE,SFM_DISAGREEMENT,IMPUTED_USAGE_FEATURES",Medium,0.55,"Source algorithm recommends 0 but the part carries risk (lead time 14d, on-hand 1); protective stock proposed instead of zero. candidate source proposes 0 vs current 1.",rules-only,0.2.0-tcb,320.0,False,False,False,False,False,False,True,False,False,False,True,False,False,True,False,True,STEPPERMOTOR,320.0,14.0
500699378,1,1,0,Y,Maintain,"NO_RECENT_USAGE,ZERO_RECOMMENDATION_OVERRIDE,AD_HOC_CONSUMPTION_RISK,SFM_DISAGREEMENT,IMPUTED_USAGE_FEATURES",Medium,0.55,"Source algorithm recommends 0 but the part carries risk (lead time 131d, on-hand 1); protective stock proposed instead of zero. candidate source proposes 0 vs current 1.",rules-only,0.2.0-tcb,168.0,False,False,False,False,False,False,True,False,False,False,True,True,False,True,False,True,"STEPPERMOTOR,55.5MM",168.0,131.0
500699379,1,1,0,Y,Maintain,"NO_RECENT_USAGE,ZERO_RECOMMENDATION_OVERRIDE,AD_HOC_CONSUMPTION_RISK,SFM_DISAGREEMENT,IMPUTED_USAGE_FEATURES",Medium,0.55,"Source algorithm recommends 0 but the part carries risk (lead time 131d, on-hand 1); protective stock proposed instead of zero. candidate source proposes 0 vs current 1.",rules-only,0.2.0-tcb,162.0,False,False,False,False,False,False,True,False,False,False,True,True,False,True,False,True,"STEPPERMOTOR,36MM,REARSHAFT,L=8",162.0,131.0
500699380,1,1,0,Y,Increase,"LONG_LEAD_TIME_RISK,NO_RECENT_USAGE,ZERO_RECOMMENDATION_OVERRIDE,SFM_DISAGREEMENT",Medium,0.8,"Source algorithm recommends 0 but the part carries risk (lead time 82d, on-hand 0); protective stock proposed instead of zero. candidate source proposes 1 vs current 0.",rules-only,0.2.0-tcb,759.8,False,False,False,False,False,True,True,False,False,False,True,False,False,True,False,False,FLEXI SOFT ANALOG INPUT MODULE,759.8,82.0
500699381,1,1,0,Y,Maintain,"NO_RECENT_USAGE,ZERO_RECOMMENDATION_OVERRIDE,AD_HOC_CONSUMPTION_RISK,SFM_DISAGREEMENT,IMPUTED_USAGE_FEATURES",Medium,0.55,"Source algorithm recommends 0 but the part carries risk (lead time 91d, on-hand 1); protective stock proposed instead of zero. candidate source proposes 0 vs current 1.",rules-only,0.2.0-tcb,85.0,False,False,False,False,False,False,True,False,False,False,True,True,False,True,False,True,"READHEAD,MINIATURE_BORE,DIA=6.35",85.0,91.0
500699382,1,1,0,Y,Maintain,"NO_RECENT_USAGE,ZERO_RECOMMENDATION_OVERRIDE,SFM_DISAGREEMENT,IMPUTED_USAGE_FEATURES",Medium,0.55,"Source algorithm recommends 0 but the part carries risk (lead time 25d, on-hand 1); protective stock proposed instead of zero. candidate source proposes 0 vs current 1.",rules-only,0.2.0-tcb,85.0,False,False,False,False,False,False,True,False,False,False,True,False,False,True,False,True,"READHEAD,MINIATURE_BORE,DIA=5",85.0,25.0
500699383,1,1,0,Y,Increase,"NO_RECENT_USAGE,LONG_LEAD_TIME_ZERO_STOCK,IMPUTED_USAGE_FEATURES",Medium,0.65,Dormant with a 95-day lead time — excluded from auto-clear.,rules-only,0.2.0-tcb,688.0,False,False,False,False,False,False,True,False,False,False,False,False,True,False,False,True,MOTOR-ENCODER-PULLEY ASSY,688.0,95.0
500699384,13,11,1,Y,Increase,"LONG_LEAD_TIME_RISK,SFM_DISAGREEMENT,MAX_CHANGE_EXCEEDS_THRESHOLD",High,0.8,Candidate source proposes 8 vs current 5.,rules-only,0.2.0-tcb,10548.2,False,False,False,False,False,True,False,False,False,False,False,False,False,True,True,False,"AIRFILTER,LOWPRESSURE,DROP,MINI,PLEA",811.4,53.0
500699385,7,6,0,Y,Increase,"LONG_LEAD_TIME_RISK,SFM_DISAGREEMENT,MAX_CHANGE_EXCEEDS_THRESHOLD",Medium,0.8,Candidate source proposes 7 vs current 1.,rules-only,0.2.0-tcb,856.8,False,False,False,False,False,True,False,False,False,False,False,False,False,True,True,False,"AIRFILTER,ELECTROSTATIC,PANEL,REUSABLE",122.4,67.0
500699386,7,6,0,Y,Increase,"LONG_LEAD_TIME_RISK,SFM_DISAGREEMENT,MAX_CHANGE_EXCEEDS_THRESHOLD",Medium,0.8,Candidate source proposes 10 vs current 2.,rules-only,0.2.0-tcb,552.3,False,False,False,False,False,True,False,False,False,False,False,False,False,True,True,False,"FILTER,HEAVYDUTY,REUSABLEMETAL,12X24X1",78.9,53.0
500699387,0,0,0,N,Maintain,"NO_RECENT_USAGE,ABANDONED_TOOL,IMPUTED_USAGE_FEATURES",Low,0.65,No recent usage; abandoned tool; imputed usage features.,rules-only,0.2.0-tcb,0.0,False,False,False,False,False,False,True,True,False,False,False,False,False,False,False,True,"KIT,GASKET,SCREW,ASSY",16.8,38.0
500699388,0,0,0,Y,Maintain,"NO_RECENT_USAGE,ABANDONED_TOOL",Medium,0.8,No recent usage; abandoned tool.,rules-only,0.2.0-tcb,0.0,False,False,False,False,False,False,True,True,False,False,False,False,False,False,False,False,PCB NY4120 DUAL DRIVE SLOWER GATE,2171.0,49.0
500699389,1,1,0,Y,Increase,"NO_RECENT_USAGE,ZERO_RECOMMENDATION_OVERRIDE,AD_HOC_CONSUMPTION_RISK,IMPUTED_USAGE_FEATURES",Medium,0.65,"Source algorithm recommends 0 but the part carries risk (lead time 77d, on-hand 0); protective stock proposed instead of zero.",rules-only,0.2.0-tcb,544.6,False,False,False,False,False,False,True,False,False,False,True,True,False,False,False,True,"PROPORTIONAL,PRESSURE,CONTROL,VALVE",544.6,77.0
500699390,1,1,0,Y,Maintain,"NO_RECENT_USAGE,ZERO_RECOMMENDATION_OVERRIDE,SFM_DISAGREEMENT,IMPUTED_USAGE_FEATURES",Medium,0.55,"Source algorithm recommends 0 but the part carries risk (lead time 34d, on-hand 2); protective stock proposed instead of zero. candidate source proposes 0 vs current 1.",rules-only,0.2.0-tcb,13.2,False,False,False,False,False,False,True,False,False,False,True,False,False,True,False,True,"CDA,REGULATOR,FILTER",13.2,34.0
500699391,1,1,0,Y,Maintain,"NO_RECENT_USAGE,ZERO_RECOMMENDATION_OVERRIDE,SFM_DISAGREEMENT,IMPUTED_USAGE_FEATURES",Medium,0.55,"Source algorithm recommends 0 but the part carries risk (lead time 34d, on-hand 4); protective stock proposed instead of zero. candidate source proposes 0 vs current 1.",rules-only,0.2.0-tcb,440.0,False,False,False,False,False,False,True,False,False,False,True,False,False,True,False,True,"N2,REGULATOR,FILTER",440.0,34.0
500699392,1,1,0,Y,Maintain,"NO_RECENT_USAGE,ZERO_RECOMMENDATION_OVERRIDE,SFM_DISAGREEMENT,IMPUTED_USAGE_FEATURES",Medium,0.55,"Source algorithm recommends 0 but the part carries risk (lead time 43d, on-hand 10); protective stock proposed instead of zero. candidate source proposes 0 vs current 1.",rules-only,0.2.0-tcb,34.3,False,False,False,False,False,False,True,False,False,False,True,False,False,True,False,True,"FILTER,IN-LINE,AIR,20L/MIN,6MM",34.3,43.0
500699393,1,1,0,Y,Maintain,"NO_RECENT_USAGE,ZERO_RECOMMENDATION_OVERRIDE,SFM_DISAGREEMENT,IMPUTED_USAGE_FEATURES",Medium,0.55,"Source algorithm recommends 0 but the part carries risk (lead time 43d, on-hand 9); protective stock proposed instead of zero. candidate source proposes 0 vs current 1.",rules-only,0.2.0-tcb,16.0,False,False,False,False,False,False,True,False,False,False,True,False,False,True,False,True,FILTER_VACUUM,16.0,43.0
500699394,6,5,0,Y,Increase,"LOW_COST_RECURRING_USAGE,LONG_LEAD_TIME_RISK,ZERO_RECOMMENDATION_OVERRIDE,SFM_DISAGREEMENT,MAX_CHANGE_EXCEEDS_THRESHOLD",Medium,0.8,"Source algorithm recommends 0 but the part carries risk (lead time 57d, on-hand 1); protective stock proposed instead of zero. candidate source proposes 6 vs current 1.",rules-only,0.2.0-tcb,300.0,False,False,True,False,False,True,False,False,False,False,True,False,False,True,True,False,"FILTER,ELEMENT,FG,HYDRAULIC,FILTER",50.0,57.0
500699395,4,3,0,Y,Increase,"LONG_LEAD_TIME_RISK,ZERO_RECOMMENDATION_OVERRIDE,SFM_DISAGREEMENT",Medium,0.8,"Source algorithm recommends 0 but the part carries risk (lead time 57d, on-hand 2); protective stock proposed instead of zero. candidate source proposes 1 vs current 2.",rules-only,0.2.0-tcb,1760.0,False,False,False,False,False,True,False,False,False,False,True,False,False,True,False,False,"CLEAN,GAS,FILTER,REPLACEMENT,ELEMENT",440.0,57.0
500699396,0,0,0,N,Maintain,"NO_RECENT_USAGE,ABANDONED_TOOL,IMPUTED_USAGE_FEATURES",Low,0.65,No recent usage; abandoned tool; imputed usage features.,rules-only,0.2.0-tcb,0.0,False,False,False,False,False,False,True,True,False,False,False,False,False,False,False,True,"COUPLING,IN-LINE,0.25IN",16.4,38.0
500699397,1,1,0,Y,Maintain,"NO_RECENT_USAGE,ZERO_RECOMMENDATION_OVERRIDE,SFM_DISAGREEMENT,IMPUTED_USAGE_FEATURES",Medium,0.55,"Source algorithm recommends 0 but the part carries risk (lead time 38d, on-hand 2); protective stock proposed instead of zero. candidate source proposes 0 vs current 1.",rules-only,0.2.0-tcb,5.0,False,False,False,False,False,False,True,False,False,False,True,False,False,True,False,True,"FTG_MALE,ELBOW_M5X0.8X6MMOD",5.0,38.0
500699398,1,1,0,Y,Maintain,"NO_RECENT_USAGE,ZERO_RECOMMENDATION_OVERRIDE,SFM_DISAGREEMENT,IMPUTED_USAGE_FEATURES",Medium,0.55,"Source algorithm recommends 0 but the part carries risk (lead time 34d, on-hand 1); protective stock proposed instead of zero. candidate source proposes 0 vs current 1.",rules-only,0.2.0-tcb,6.1,False,False,False,False,False,False,True,False,False,False,True,False,False,True,False,True,"INSERTBUSH,6X4MM,TUBING,SIZE",6.1,34.0
500699399,1,1,0,Y,Maintain,"NO_RECENT_USAGE,ZERO_RECOMMENDATION_OVERRIDE,SFM_DISAGREEMENT,IMPUTED_USAGE_FEATURES",Medium,0.55,"Source algorithm recommends 0 but the part carries risk (lead time 34d, on-hand 1); protective stock proposed instead of zero. candidate source proposes 0 vs current 1.",rules-only,0.2.0-tcb,17.3,False,False,False,False,False,False,True,False,False,False,True,False,False,True,False,True,"INSERTBUSH,NUT,6X4MM,TUBING,SIZE",17.3,34.0
500699400,1,1,0,Y,Maintain,"NO_RECENT_USAGE,ZERO_RECOMMENDATION_OVERRIDE,SFM_DISAGREEMENT,IMPUTED_USAGE_FEATURES",Medium,0.55,"Source algorithm recommends 0 but the part carries risk (lead time 38d, on-hand 1); protective stock proposed instead of zero. candidate source proposes 0 vs current 1.",rules-only,0.2.0-tcb,116.8,False,False,False,False,False,False,True,False,False,False,True,False,False,True,False,True,"VALVE_ SOL_ 24VDC 3/2_ 1/8,PORT,EXTPILOT",116.8,38.0
500699401,1,1,0,Y,Maintain,"NO_RECENT_USAGE,ZERO_RECOMMENDATION_OVERRIDE,AD_HOC_CONSUMPTION_RISK,SFM_DISAGREEMENT,IMPUTED_USAGE_FEATURES",Medium,0.55,"Source algorithm recommends 0 but the part carries risk (lead time 63d, on-hand 1); protective stock proposed instead of zero. candidate source proposes 0 vs current 1.",rules-only,0.2.0-tcb,80.8,False,False,False,False,False,False,True,False,False,False,True,True,False,True,False,True,VALVE DIRECTIONAL CONTROL N.C.,80.8,63.0
500699402,1,1,0,Y,Maintain,"NO_RECENT_USAGE,ZERO_RECOMMENDATION_OVERRIDE,AD_HOC_CONSUMPTION_RISK,SFM_DISAGREEMENT,IMPUTED_USAGE_FEATURES",Medium,0.55,"Source algorithm recommends 0 but the part carries risk (lead time 63d, on-hand 1); protective stock proposed instead of zero. candidate source proposes 0 vs current 1.",rules-only,0.2.0-tcb,77.9,False,False,False,False,False,False,True,False,False,False,True,True,False,True,False,True,VALVE DIRECTIONAL CONTROL N.O.,77.9,63.0
500699403,1,1,0,Y,Maintain,"NO_RECENT_USAGE,ZERO_RECOMMENDATION_OVERRIDE,SFM_DISAGREEMENT,IMPUTED_USAGE_FEATURES",Medium,0.55,"Source algorithm recommends 0 but the part carries risk (lead time 38d, on-hand 1); protective stock proposed instead of zero. candidate source proposes 0 vs current 1.",rules-only,0.2.0-tcb,133.1,False,False,False,False,False,False,True,False,False,False,True,False,False,True,False,True,"VALVE_ SOL_ 24VDC_ 5PORT_ M5,BODY,PORTED",133.1,38.0
500699404,1,1,0,Y,Maintain,"NO_RECENT_USAGE,ZERO_RECOMMENDATION_OVERRIDE,AD_HOC_CONSUMPTION_RISK,SFM_DISAGREEMENT,IMPUTED_USAGE_FEATURES",Medium,0.55,"Source algorithm recommends 0 but the part carries risk (lead time 63d, on-hand 1); protective stock proposed instead of zero. candidate source proposes 0 vs current 1.",rules-only,0.2.0-tcb,127.7,False,False,False,False,False,False,True,False,False,False,True,True,False,True,False,True,SOLENOIDVALVE,127.7,63.0
500699405,12,11,0,Y,Increase,"LONG_LEAD_TIME_RISK,SFM_DISAGREEMENT,MAX_CHANGE_EXCEEDS_THRESHOLD",Medium,0.8,Candidate source proposes 2 vs current 1.,rules-only,0.2.0-tcb,962.4,False,False,False,False,False,True,False,False,False,False,False,False,False,True,True,False,"VALVE,3/2NC,24V,VAC8.2BAR,M3",80.2,110.0
500699406,1,1,0,Y,Maintain,"NO_RECENT_USAGE,ZERO_RECOMMENDATION_OVERRIDE,SFM_DISAGREEMENT,IMPUTED_USAGE_FEATURES",Medium,0.55,"Source algorithm recommends 0 but the part carries risk (lead time 28d, on-hand 1); protective stock proposed instead of zero. candidate source proposes 0 vs current 1.",rules-only,0.2.0-tcb,55.6,False,False,False,False,False,False,True,False,False,False,True,False,False,True,False,True,"SOLENOIDVALVE,3PORT,DIRECT,OPERATED",55.6,28.0
500699407,1,1,0,Y,Maintain,"NO_RECENT_USAGE,ZERO_RECOMMENDATION_OVERRIDE,AD_HOC_CONSUMPTION_RISK,SFM_DISAGREEMENT,IMPUTED_USAGE_FEATURES",Medium,0.55,"Source algorithm recommends 0 but the part carries risk (lead time 63d, on-hand 1); protective stock proposed instead of zero. candidate source proposes 0 vs current 1.",rules-only,0.2.0-tcb,54.4,False,False,False,False,False,False,True,False,False,False,True,True,False,True,False,True,"SOLENOID,VALVE, PRECISER, NO",54.4,63.0
500699408,1,1,0,Y,Maintain,"NO_RECENT_USAGE,ZERO_RECOMMENDATION_OVERRIDE,AD_HOC_CONSUMPTION_RISK,SFM_DISAGREEMENT,IMPUTED_USAGE_FEATURES",Medium,0.55,"Source algorithm recommends 0 but the part carries risk (lead time 63d, on-hand 1); protective stock proposed instead of zero. candidate source proposes 0 vs current 1.",rules-only,0.2.0-tcb,54.4,False,False,False,False,False,False,True,False,False,False,True,True,False,True,False,True,"SOLENOID,VALVE, PRECISER, NC",54.4,63.0
500699409,1,1,0,Y,Maintain,"NO_RECENT_USAGE,ZERO_RECOMMENDATION_OVERRIDE,SFM_DISAGREEMENT,IMPUTED_USAGE_FEATURES",Medium,0.55,"Source algorithm recommends 0 but the part carries risk (lead time 41d, on-hand 1); protective stock proposed instead of zero. candidate source proposes 0 vs current 1.",rules-only,0.2.0-tcb,70.5,False,False,False,False,False,False,True,False,False,False,True,False,False,True,False,True,"CYLINDER,DOUBLE,ACTING,BORE10,STROKE15",70.5,41.0
500699410,1,1,0,Y,Maintain,"NO_RECENT_USAGE,ZERO_RECOMMENDATION_OVERRIDE,SFM_DISAGREEMENT,IMPUTED_USAGE_FEATURES",Medium,0.55,"Source algorithm recommends 0 but the part carries risk (lead time 41d, on-hand 1); protective stock proposed instead of zero. candidate source proposes 0 vs current 1.",rules-only,0.2.0-tcb,70.5,False,False,False,False,False,False,True,False,False,False,True,False,False,True,False,True,"CYLINDER,DOUBLE ACTING, BORE 10,STROKE4",70.5,41.0
500699412,0,0,0,N,Maintain,"NO_RECENT_USAGE,ABANDONED_TOOL,IMPUTED_USAGE_FEATURES",Low,0.65,No recent usage; abandoned tool; imputed usage features.,rules-only,0.2.0-tcb,0.0,False,False,False,False,False,False,True,True,False,False,False,False,False,False,False,True,"O-RING,0.254IN,OD,0.07IN,W,EPDM",5.0,41.0
500699413,0,0,0,N,Maintain,"NO_RECENT_USAGE,ABANDONED_TOOL,IMPUTED_USAGE_FEATURES",Low,0.65,No recent usage; abandoned tool; imputed usage features.,rules-only,0.2.0-tcb,0.0,False,False,False,False,False,False,True,True,False,False,False,False,False,False,False,True,O-RING,5.0,34.0
500699414,1,1,0,Y,Increase,"NO_RECENT_USAGE,ZERO_RECOMMENDATION_OVERRIDE,AD_HOC_CONSUMPTION_RISK,IMPUTED_USAGE_FEATURES",Medium,0.65,"Source algorithm recommends 0 but the part carries risk (lead time 71d, on-hand 0); protective stock proposed instead of zero.",rules-only,0.2.0-tcb,5.0,False,False,False,False,False,False,True,False,False,False,True,True,False,False,False,True,"O-RING,ID=3,OD=7,SILICON HIGH TEMP",5.0,71.0
500699905,21,19,0,Y,Increase,"ZERO_RECOMMENDATION_OVERRIDE,SFM_DISAGREEMENT,MAX_CHANGE_EXCEEDS_THRESHOLD",Medium,0.8,"Source algorithm recommends 0 but the part carries risk (lead time 20d, on-hand 78); protective stock proposed instead of zero. candidate source proposes 21 vs current 1.",rules-only,0.2.0-tcb,15.33,False,False,False,False,False,False,False,False,False,False,True,False,False,True,True,False,DISPOSABLE EARPLUG ACE GEAR AG PHP-1,0.73,20.0
500699906,1,1,0,Y,Maintain,"NO_RECENT_USAGE,ZERO_RECOMMENDATION_OVERRIDE,SFM_DISAGREEMENT,IMPUTED_USAGE_FEATURES",Medium,0.55,"Source algorithm recommends 0 but the part carries risk (lead time 20d, on-hand 1); protective stock proposed instead of zero. candidate source proposes 0 vs current 1.",rules-only,0.2.0-tcb,47.27,False,False,False,False,False,False,True,False,False,False,True,False,False,True,False,True,EARMUFF ACE GEAR AG-PHP-1A,47.27,20.0
500699962,0,0,0,N,Maintain,"NO_RECENT_USAGE,IMPUTED_USAGE_FEATURES",Low,0.65,No recent usage; imputed usage features.,rules-only,0.2.0-tcb,0.0,False,False,False,False,False,False,True,False,False,False,False,False,False,False,False,True,ASYMTEK CERAMIC TILE,93.33,30.0
500700870,1,1,0,Y,Increase,"NO_RECENT_USAGE,INSUFFICIENT_DATA,ZERO_RECOMMENDATION_OVERRIDE,IMPUTED_USAGE_FEATURES",Medium,0.5,"Source algorithm recommends 0 but the part carries risk (lead time 40d, on-hand 0); protective stock proposed instead of zero.",rules-only,0.2.0-tcb,3650.0,False,False,False,False,False,False,True,False,False,True,True,False,False,False,False,True,STA PICKHEAD ASSY SET (SLB),3650.0,40.0
500702084,4,3,0,Y,Increase,"ZERO_RECOMMENDATION_OVERRIDE,SFM_DISAGREEMENT",Medium,0.8,"Source algorithm recommends 0 but the part carries risk (lead time 38d, on-hand 2); protective stock proposed instead of zero. candidate source proposes 1 vs current 2.",rules-only,0.2.0-tcb,483.16,False,False,False,False,False,False,False,False,False,False,True,False,False,True,False,False,VALVE COMPL B SERIES,120.79,38.0
500702258,0,0,0,N,Maintain,"NO_RECENT_USAGE,IMPUTED_USAGE_FEATURES",Low,0.65,No recent usage; imputed usage features.,rules-only,0.2.0-tcb,0.0,False,False,False,False,False,False,True,False,False,False,False,False,False,False,False,True,SUCTION HANDLE,23.0,45.0
500703131,0,0,0,N,Maintain,IMPUTED_USAGE_FEATURES,Low,0.65,Imputed usage features.,rules-only,0.2.0-tcb,0.0,False,False,False,False,False,False,False,False,False,False,False,False,False,False,False,True,PULLEY WITH CLAMPING,550.85,25.0
500705265,3,2,0,Y,Increase,"LONG_LEAD_TIME_RISK,ZERO_RECOMMENDATION_OVERRIDE",Medium,0.9,"Source algorithm recommends 0 but the part carries risk (lead time 45d, on-hand 0); protective stock proposed instead of zero.",rules-only,0.2.0-tcb,111.0,False,False,False,False,False,True,False,False,False,False,True,False,False,False,False,False,BH TC CONN CABLE ASSY,37.0,45.0
500705266,3,2,0,Y,Increase,"LONG_LEAD_TIME_RISK,ZERO_RECOMMENDATION_OVERRIDE",Medium,0.9,"Source algorithm recommends 0 but the part carries risk (lead time 45d, on-hand 0); protective stock proposed instead of zero.",rules-only,0.2.0-tcb,115.5,False,False,False,False,False,True,False,False,False,False,True,False,False,False,False,False,BH TC CONN CABLE ASSY,38.5,45.0
500705267,0,0,0,N,Maintain,"NO_RECENT_USAGE,IMPUTED_USAGE_FEATURES",Low,0.65,No recent usage; imputed usage features.,rules-only,0.2.0-tcb,0.0,False,False,False,False,False,False,True,False,False,False,False,False,False,False,False,True,DFH 24V PWRTRI CABLE1,57.0,45.0
500706037,1,1,0,Y,Increase,"NO_RECENT_USAGE,ZERO_RECOMMENDATION_OVERRIDE,AD_HOC_CONSUMPTION_RISK,IMPUTED_USAGE_FEATURES",Medium,0.65,"Source algorithm recommends 0 but the part carries risk (lead time 65d, on-hand 1); protective stock proposed instead of zero.",rules-only,0.2.0-tcb,374.0,False,False,False,False,False,False,True,False,False,False,True,True,False,False,False,True,(CIE) FONT DOOR ASSY,374.0,65.0
500707206,1,1,0,Y,Maintain,"NO_RECENT_USAGE,ZERO_RECOMMENDATION_OVERRIDE",Medium,0.8,"Source algorithm recommends 0 but the part carries risk (lead time 15d, on-hand 1); protective stock proposed instead of zero.",rules-only,0.2.0-tcb,876.9,False,False,False,False,False,False,True,False,False,False,True,False,False,False,False,False,"PITOT TUBE, STAINLESS STEEL TPL-03-100",876.9,15.0
500707207,0,0,0,N,Maintain,"NO_RECENT_USAGE,ABANDONED_TOOL,IMPUTED_USAGE_FEATURES",Low,0.65,No recent usage; abandoned tool; imputed usage features.,rules-only,0.2.0-tcb,0.0,False,False,False,False,False,False,True,True,False,False,False,False,False,False,False,True,PVC HOSE 5 X 1.0 MM TRANSPARENT,12.32,15.0
500707208,0,0,0,Y,Maintain,"NO_RECENT_USAGE,ABANDONED_TOOL,IMPUTED_USAGE_FEATURES",Medium,0.65,No recent usage; abandoned tool; imputed usage features.,rules-only,0.2.0-tcb,0.0,False,False,False,False,False,False,True,True,False,False,False,False,False,False,False,True,JUNCTION BOX RD1004 V20.0,7659.0,20.0
500707209,0,0,0,N,Maintain,"NO_RECENT_USAGE,IMPUTED_USAGE_FEATURES",Low,0.65,No recent usage; imputed usage features.,rules-only,0.2.0-tcb,0.0,False,False,False,False,False,False,True,False,False,False,False,False,False,False,False,True,EMC CABLE SUSPENSION RD1004,33.33,15.0
500707210,0,0,0,N,Maintain,"NO_RECENT_USAGE,ABANDONED_TOOL,IMPUTED_USAGE_FEATURES",Low,0.65,No recent usage; abandoned tool; imputed usage features.,rules-only,0.2.0-tcb,0.0,False,False,False,False,False,False,True,True,False,False,False,False,False,False,False,True,"FERRULE SET 1/8"", 3,17MM",15.52,15.0
500707211,2,1,0,Y,Increase,"HIGH_COST_INCREASE_REVIEW,ZERO_RECOMMENDATION_OVERRIDE,SFM_DISAGREEMENT,MAX_CHANGE_EXCEEDS_THRESHOLD",High,0.8,"Source algorithm recommends 0 but the part carries risk (lead time 15d, on-hand 1); protective stock proposed instead of zero. candidate source proposes 2 vs current 1.",rules-only,0.2.0-tcb,25326.0,False,False,False,True,False,False,False,False,False,False,True,False,False,True,True,False,ZIP1605 DC 100-400V 10A/AC 100-400V 10A,12663.0,15.0
500707286,0,0,0,N,Maintain,"NO_RECENT_USAGE,IMPUTED_USAGE_FEATURES",Low,0.65,No recent usage; imputed usage features.,rules-only,0.2.0-tcb,0.0,False,False,False,False,False,False,True,False,False,False,False,False,False,False,False,True,COLLET VACUUM SENSOR ASSY,208.0,45.0
500707288,3,2,0,Y,Increase,"LONG_LEAD_TIME_RISK,ZERO_RECOMMENDATION_OVERRIDE,SFM_DISAGREEMENT",Medium,0.8,"Source algorithm recommends 0 but the part carries risk (lead time 45d, on-hand 0); protective stock proposed instead of zero. candidate source proposes 2 vs current 0.",rules-only,0.2.0-tcb,900.0,False,False,False,False,False,True,False,False,False,False,True,False,False,True,False,False,"SATA 3.5"" HARD DISK 2TB",300.0,45.0
500709167,0,0,0,Y,Maintain,"NO_RECENT_USAGE,IMPUTED_USAGE_FEATURES",Medium,0.65,No recent usage; imputed usage features.,rules-only,0.2.0-tcb,0.0,False,False,False,False,False,False,True,False,False,False,False,False,False,False,False,True,FLOW SENSOR SA5000 UL,2053.0,15.0
500709286,0,0,0,Y,Maintain,"NO_RECENT_USAGE,ABANDONED_TOOL,IMPUTED_USAGE_FEATURES",Medium,0.65,No recent usage; abandoned tool; imputed usage features.,rules-only,0.2.0-tcb,0.0,False,False,False,False,False,False,True,True,False,False,False,False,False,False,False,True,DIGITAL DIFFERENTIAL PRESSURE TRANSMIT,3984.9,30.0
500710188,1,1,0,Y,Maintain,"NO_RECENT_USAGE,ZERO_RECOMMENDATION_OVERRIDE,AD_HOC_CONSUMPTION_RISK,SFM_DISAGREEMENT,IMPUTED_USAGE_FEATURES",Medium,0.55,"Source algorithm recommends 0 but the part carries risk (lead time 45d, on-hand 1); protective stock proposed instead of zero. candidate source proposes 0 vs current 1.",rules-only,0.2.0-tcb,17.88,False,False,False,False,False,False,True,False,False,False,True,True,False,True,False,True,TRANSPARENT TUBING M6,17.88,45.0
500710516,50,29,0,Y,Increase,"LOW_COST_RECURRING_USAGE,LONG_LEAD_TIME_RISK,SFM_DISAGREEMENT,MAX_CHANGE_EXCEEDS_THRESHOLD",Medium,0.8,Candidate source proposes 28 vs current 1.,rules-only,0.2.0-tcb,28.5,False,False,True,False,False,True,False,False,False,False,False,False,False,True,True,False,M6 ONE TOUCH FITTING STRAIGHT,0.57,45.0
500710517,1,1,0,Y,Maintain,"NO_RECENT_USAGE,ZERO_RECOMMENDATION_OVERRIDE,AD_HOC_CONSUMPTION_RISK,SFM_DISAGREEMENT,IMPUTED_USAGE_FEATURES",Medium,0.55,"Source algorithm recommends 0 but the part carries risk (lead time 45d, on-hand 10); protective stock proposed instead of zero. candidate source proposes 0 vs current 1.",rules-only,0.2.0-tcb,0.09,False,False,False,False,False,False,True,False,False,False,True,True,False,True,False,True,PHILIP (+) HEAD SCREW M3 X 8,0.09,45.0
500712542,2,1,0,Y,Increase,"NO_RECENT_USAGE,ZERO_RECOMMENDATION_OVERRIDE,SFM_DISAGREEMENT",High,0.7,"Source algorithm recommends 0 but the part carries risk (lead time 40d, on-hand 5); protective stock proposed instead of zero. candidate source proposes 0 vs current 1.",rules-only,0.2.0-tcb,10000.0,False,False,False,False,False,False,True,False,False,False,True,False,False,True,False,False,"TCB BOND TOOL 33.00MM,SISIC 501,22.12X20",5000.0,40.0
500712543,1,1,0,Y,Maintain,"NO_RECENT_USAGE,ZERO_RECOMMENDATION_OVERRIDE,SFM_DISAGREEMENT,IMPUTED_USAGE_FEATURES",Medium,0.55,"Source algorithm recommends 0 but the part carries risk (lead time 40d, on-hand 4); protective stock proposed instead of zero. candidate source proposes 0 vs current 1.",rules-only,0.2.0-tcb,4500.0,False,False,False,False,False,False,True,False,False,False,True,False,False,True,False,True,"TCB BOND TOOL 33.00MM,SISIC 501,10.81X9.",4500.0,40.0
500712544,1,1,0,Y,Maintain,"NO_RECENT_USAGE,ZERO_RECOMMENDATION_OVERRIDE,SFM_DISAGREEMENT,IMPUTED_USAGE_FEATURES",Medium,0.55,"Source algorithm recommends 0 but the part carries risk (lead time 40d, on-hand 3); protective stock proposed instead of zero. candidate source proposes 0 vs current 1.",rules-only,0.2.0-tcb,2400.0,False,False,False,False,False,False,True,False,False,False,True,False,False,True,False,True,DUPLICATE USE 500803094,2400.0,40.0
500712545,1,1,0,Y,Maintain,"NO_RECENT_USAGE,ZERO_RECOMMENDATION_OVERRIDE,SFM_DISAGREEMENT,IMPUTED_USAGE_FEATURES",High,0.55,"Source algorithm recommends 0 but the part carries risk (lead time 40d, on-hand 3); protective stock proposed instead of zero. candidate source proposes 0 vs current 1.",rules-only,0.2.0-tcb,7250.0,False,False,False,False,False,False,True,False,False,False,True,False,False,True,False,True,"BOND CHUCK,4X1,MATRIX,56.5X100.0X2.05",7250.0,40.0
500712546,1,1,0,Y,Maintain,"NO_RECENT_USAGE,ZERO_RECOMMENDATION_OVERRIDE,SFM_DISAGREEMENT,IMPUTED_USAGE_FEATURES",Medium,0.55,"Source algorithm recommends 0 but the part carries risk (lead time 40d, on-hand 2); protective stock proposed instead of zero. candidate source proposes 0 vs current 1.",rules-only,0.2.0-tcb,4000.0,False,False,False,False,False,False,True,False,False,False,True,False,False,True,False,True,"PREHEAT PED,4X1,MATRIX,56.5X100.0X2.05",4000.0,40.0
500712547,1,1,0,Y,Maintain,"NO_RECENT_USAGE,ZERO_RECOMMENDATION_OVERRIDE,SFM_DISAGREEMENT,IMPUTED_USAGE_FEATURES",Medium,0.55,"Source algorithm recommends 0 but the part carries risk (lead time 40d, on-hand 2); protective stock proposed instead of zero. candidate source proposes 0 vs current 1.",rules-only,0.2.0-tcb,2000.0,False,False,False,False,False,False,True,False,False,False,True,False,False,True,False,True,"PREHEAT ACTIVE PRECISOR,4X1,MATRIX",2000.0,40.0
500713611,0,0,0,Y,Maintain,"NO_RECENT_USAGE,ABANDONED_TOOL,IMPUTED_USAGE_FEATURES",Medium,0.65,No recent usage; abandoned tool; imputed usage features.,rules-only,0.2.0-tcb,0.0,False,False,False,False,False,False,True,True,False,False,False,False,False,False,False,True,RED_FIBER_OPTIC_LED,2100.0,53.0
500713612,1,1,0,Y,Increase,"NO_RECENT_USAGE,ZERO_RECOMMENDATION_OVERRIDE,AD_HOC_CONSUMPTION_RISK,IMPUTED_USAGE_FEATURES",Medium,0.65,"Source algorithm recommends 0 but the part carries risk (lead time 71d, on-hand 0); protective stock proposed instead of zero.",rules-only,0.2.0-tcb,2100.0,False,False,False,False,False,False,True,False,False,False,True,True,False,False,False,True,BLUE_FIBER_OPTIC_LED,2100.0,71.0
500713613,1,1,0,Y,Maintain,"NO_RECENT_USAGE,ZERO_RECOMMENDATION_OVERRIDE,AD_HOC_CONSUMPTION_RISK,SFM_DISAGREEMENT",High,0.7,"Source algorithm recommends 0 but the part carries risk (lead time 60d, on-hand 2); protective stock proposed instead of zero. candidate source proposes 0 vs current 1.",rules-only,0.2.0-tcb,6750.0,False,False,False,False,False,False,True,False,False,False,True,True,False,True,False,False,"CAMERAHEAD,5MPIX,W_COOLING",6750.0,60.0
500713614,1,1,0,Y,Maintain,"NO_RECENT_USAGE,ZERO_RECOMMENDATION_OVERRIDE,AD_HOC_CONSUMPTION_RISK,SFM_DISAGREEMENT,IMPUTED_USAGE_FEATURES",Medium,0.55,"Source algorithm recommends 0 but the part carries risk (lead time 75d, on-hand 1); protective stock proposed instead of zero. candidate source proposes 0 vs current 1.",rules-only,0.2.0-tcb,974.0,False,False,False,False,False,False,True,False,False,False,True,True,False,True,False,True,CBL_DISTRIB_FLOW_SENS,974.0,75.0
500713615,4,3,0,Y,Increase,"HIGH_COST_INCREASE_REVIEW,LONG_LEAD_TIME_RISK,ZERO_RECOMMENDATION_OVERRIDE,SFM_DISAGREEMENT,MAX_CHANGE_EXCEEDS_THRESHOLD",High,0.8,"Source algorithm recommends 0 but the part carries risk (lead time 91d, on-hand 1); protective stock proposed instead of zero. candidate source proposes 2 vs current 1.",rules-only,0.2.0-tcb,8052.0,False,False,False,True,False,True,False,False,False,False,True,False,False,True,True,False,ILLUMINATION_DRIVER_PCB,2013.0,91.0
500713616,1,1,0,Y,Increase,"NO_RECENT_USAGE,ZERO_RECOMMENDATION_OVERRIDE,AD_HOC_CONSUMPTION_RISK,IMPUTED_USAGE_FEATURES",High,0.65,"Source algorithm recommends 0 but the part carries risk (lead time 74d, on-hand 0); protective stock proposed instead of zero.",rules-only,0.2.0-tcb,18690.0,False,False,False,False,False,False,True,False,False,False,True,True,False,False,False,True,"TRAY_CONTROLLER_POWER_SUPPLY,(TCPS)",18690.0,74.0
500713617,1,1,0,Y,Maintain,"NO_RECENT_USAGE,ZERO_RECOMMENDATION_OVERRIDE,AD_HOC_CONSUMPTION_RISK,SFM_DISAGREEMENT,IMPUTED_USAGE_FEATURES",High,0.55,"Source algorithm recommends 0 but the part carries risk (lead time 49d, on-hand 1); protective stock proposed instead of zero. candidate source proposes 0 vs current 1.",rules-only,0.2.0-tcb,10960.0,False,False,False,False,False,False,True,False,False,False,True,True,False,True,False,True,CBL_PK_FLAT_ILLUM,10960.0,49.0
500713618,1,1,0,Y,Maintain,"NO_RECENT_USAGE,ZERO_RECOMMENDATION_OVERRIDE,AD_HOC_CONSUMPTION_RISK,SFM_DISAGREEMENT,IMPUTED_USAGE_FEATURES",Medium,0.55,"Source algorithm recommends 0 but the part carries risk (lead time 53d, on-hand 1); protective stock proposed instead of zero. candidate source proposes 0 vs current 1.",rules-only,0.2.0-tcb,540.0,False,False,False,False,False,False,True,False,False,False,True,True,False,True,False,True,CBL_DIFFUSER_SOL,540.0,53.0
500713619,1,1,0,Y,Maintain,"NO_RECENT_USAGE,ZERO_RECOMMENDATION_OVERRIDE,AD_HOC_CONSUMPTION_RISK,SFM_DISAGREEMENT,IMPUTED_USAGE_FEATURES",Medium,0.55,"Source algorithm recommends 0 but the part carries risk (lead time 67d, on-hand 1); protective stock proposed instead of zero. candidate source proposes 0 vs current 1.",rules-only,0.2.0-tcb,660.0,False,False,False,False,False,False,True,False,False,False,True,True,False,True,False,True,ASSY_PICK_ILLUM_TRIG_BOARD,660.0,67.0
500713620,1,1,0,Y,Maintain,"NO_RECENT_USAGE,ZERO_RECOMMENDATION_OVERRIDE,SFM_DISAGREEMENT,IMPUTED_USAGE_FEATURES",Medium,0.55,"Source algorithm recommends 0 but the part carries risk (lead time 35d, on-hand 1); protective stock proposed instead of zero. candidate source proposes 0 vs current 1.",rules-only,0.2.0-tcb,144.0,False,False,False,False,False,False,True,False,False,False,True,False,False,True,False,True,CONFOCAL_ENCODER_INTERFACE_ASSY,144.0,35.0
500713621,5,4,0,Y,Increase,"LONG_LEAD_TIME_RISK,ZERO_RECOMMENDATION_OVERRIDE,SFM_DISAGREEMENT,MAX_CHANGE_EXCEEDS_THRESHOLD",Medium,0.8,"Source algorithm recommends 0 but the part carries risk (lead time 67d, on-hand 1); protective stock proposed instead of zero. candidate source proposes 3 vs current 1.",rules-only,0.2.0-tcb,4305.0,False,False,False,False,False,True,False,False,False,False,True,False,False,True,True,False,"ASSY_RTD,AND,TC_SENSOR_BOARD",861.0,67.0
500713622,1,1,0,Y,Maintain,"NO_RECENT_USAGE,ZERO_RECOMMENDATION_OVERRIDE,AD_HOC_CONSUMPTION_RISK,SFM_DISAGREEMENT",Medium,0.7,"Source algorithm recommends 0 but the part carries risk (lead time 67d, on-hand 2); protective stock proposed instead of zero. candidate source proposes 0 vs current 1.",rules-only,0.2.0-tcb,720.0,False,False,False,False,False,False,True,False,False,False,True,True,False,True,False,False,USB_TO_DIFF_BOARD,720.0,67.0
500713623,1,1,0,Y,Maintain,"NO_RECENT_USAGE,ZERO_RECOMMENDATION_OVERRIDE,AD_HOC_CONSUMPTION_RISK,SFM_DISAGREEMENT,IMPUTED_USAGE_FEATURES",Medium,0.55,"Source algorithm recommends 0 but the part carries risk (lead time 91d, on-hand 1); protective stock proposed instead of zero. candidate source proposes 0 vs current 1.",rules-only,0.2.0-tcb,972.0,False,False,False,False,False,False,True,False,False,False,True,True,False,True,False,True,KM_LOCKOUT_CONTROL_BOARD,972.0,91.0
500713624,0,0,0,Y,Maintain,"NO_RECENT_USAGE,ABANDONED_TOOL,IMPUTED_USAGE_FEATURES",Medium,0.65,No recent usage; abandoned tool; imputed usage features.,rules-only,0.2.0-tcb,0.0,False,False,False,False,False,False,True,True,False,False,False,False,False,False,False,True,"OBLIQUE_ASSY,FRONT",1950.0,56.0
500713625,0,0,0,Y,Maintain,"NO_RECENT_USAGE,ABANDONED_TOOL,IMPUTED_USAGE_FEATURES",Medium,0.65,No recent usage; abandoned tool; imputed usage features.,rules-only,0.2.0-tcb,0.0,False,False,False,False,False,False,True,True,False,False,False,False,False,False,False,True,"OBLIQUE_ASSY,REAR",1950.0,56.0
500713626,1,1,0,Y,Increase,"NO_RECENT_USAGE,ZERO_RECOMMENDATION_OVERRIDE,AD_HOC_CONSUMPTION_RISK,IMPUTED_USAGE_FEATURES",High,0.65,"Source algorithm recommends 0 but the part carries risk (lead time 60d, on-hand 0); protective stock proposed instead of zero.",rules-only,0.2.0-tcb,7950.0,False,False,False,False,False,False,True,False,False,False,True,True,False,False,False,True,"OBLIQUE_ILLUMINATOR_ASSY,UP,LEFT",7950.0,60.0
500713627,1,1,0,Y,Increase,"NO_RECENT_USAGE,ZERO_RECOMMENDATION_OVERRIDE,AD_HOC_CONSUMPTION_RISK,IMPUTED_USAGE_FEATURES",High,0.65,"Source algorithm recommends 0 but the part carries risk (lead time 60d, on-hand 0); protective stock proposed instead of zero.",rules-only,0.2.0-tcb,7950.0,False,False,False,False,False,False,True,False,False,False,True,True,False,False,False,True,"OBLIQUE_ILLUMINATOR_ASSY,UP,RIGHT",7950.0,60.0
500713628,1,1,0,Y,Increase,"NO_RECENT_USAGE,ZERO_RECOMMENDATION_OVERRIDE,AD_HOC_CONSUMPTION_RISK,IMPUTED_USAGE_FEATURES",High,0.65,"Source algorithm recommends 0 but the part carries risk (lead time 60d, on-hand 0); protective stock proposed instead of zero.",rules-only,0.2.0-tcb,8094.0,False,False,False,False,False,False,True,False,False,False,True,True,False,False,False,True,"FIBER_ILLUMINATOR_ASSY,RIGHT",8094.0,60.0
500713629,1,1,0,Y,Increase,"ZERO_RECOMMENDATION_OVERRIDE,AD_HOC_CONSUMPTION_RISK",High,0.8,"Source algorithm recommends 0 but the part carries risk (lead time 60d, on-hand 1); protective stock proposed instead of zero.",rules-only,0.2.0-tcb,8094.0,False,False,False,False,False,False,False,False,False,False,True,True,False,False,False,False,"FIBER_ILLUMINATOR_ASSY,LEFT",8094.0,60.0
500713630,5,4,0,Y,Decrease,"LOW_COST_RECURRING_USAGE,ZERO_RECOMMENDATION_OVERRIDE,SFM_DISAGREEMENT",Medium,0.8,"Source algorithm recommends 0 but the part carries risk (lead time 20d, on-hand 10); protective stock proposed instead of zero. candidate source proposes 4 vs current 10.",rules-only,0.2.0-tcb,30.0,False,False,True,False,False,False,False,False,False,False,True,False,False,True,False,False,"DOWELPIN,DIA5X10,H7,CHAMFERED,SUS",6.0,20.0
500714627,13,12,0,Y,Increase,"HIGH_COST_INCREASE_REVIEW,LONG_LEAD_TIME_RISK,HIGH_USAGE_TOOL,ZERO_RECOMMENDATION_OVERRIDE,SFM_DISAGREEMENT",High,0.8,"Source algorithm recommends 0 but the part carries risk (lead time 116d, on-hand 1); protective stock proposed instead of zero. candidate source proposes 7 vs current 0.",rules-only,0.2.0-tcb,30712.5,False,False,False,True,False,True,False,False,True,False,True,False,False,True,False,False,"DIE,VALVE,SENSOR,ASSY,Y,SLIDE,LT",2362.5,116.0
500714628,10,9,0,Y,Increase,"HIGH_COST_INCREASE_REVIEW,LONG_LEAD_TIME_RISK,HIGH_USAGE_TOOL,SFM_DISAGREEMENT",High,0.8,Candidate source proposes 9 vs current 0.,rules-only,0.2.0-tcb,23625.0,False,False,False,True,False,True,False,False,True,False,False,False,False,True,False,False,"DIE,VALVE,SENSOR,ASSY,Y,SLIDE,RT",2362.5,116.0
500714629,0,0,0,Y,Maintain,"NO_RECENT_USAGE,ABANDONED_TOOL,IMPUTED_USAGE_FEATURES",Medium,0.65,No recent usage; abandoned tool; imputed usage features.,rules-only,0.2.0-tcb,0.0,False,False,False,False,False,False,True,True,False,False,False,False,False,False,False,True,"FLAT,ILLUM,FRU",17742.0,40.0
500715704,0,0,0,N,Maintain,"NO_RECENT_USAGE,IMPUTED_USAGE_FEATURES",Low,0.65,No recent usage; imputed usage features.,rules-only,0.2.0-tcb,0.0,False,False,False,False,False,False,True,False,False,False,False,False,False,False,False,True,APPJ RADIAL SEAL RING #11053,565.46,25.0
500716293,4,3,0,Y,Increase,ZERO_RECOMMENDATION_OVERRIDE,Medium,0.9,"Source algorithm recommends 0 but the part carries risk (lead time 41d, on-hand 1); protective stock proposed instead of zero.",rules-only,0.2.0-tcb,840.0,False,False,False,False,False,False,False,False,False,False,True,False,False,False,False,False,TAPE SUPPORT F32 UPI,210.0,41.0
500716295,1,1,0,Y,Maintain,"NO_RECENT_USAGE,ZERO_RECOMMENDATION_OVERRIDE",Medium,0.9,"Source algorithm recommends 0 but the part carries risk (lead time 41d, on-hand 2); protective stock proposed instead of zero.",rules-only,0.2.0-tcb,240.0,False,False,False,False,False,False,True,False,False,False,True,False,False,False,False,False,TAPE SUPPORT F44 UPI,240.0,41.0
500717018,0,0,0,N,Maintain,"NO_RECENT_USAGE,ABANDONED_TOOL,IMPUTED_USAGE_FEATURES",Low,0.65,No recent usage; abandoned tool; imputed usage features.,rules-only,0.2.0-tcb,0.0,False,False,False,False,False,False,True,True,False,False,False,False,False,False,False,True,TAPE SUPPORT F56 UPI,245.0,41.0
500717398,1,1,0,Y,Maintain,"NO_RECENT_USAGE,ZERO_RECOMMENDATION_OVERRIDE,SFM_DISAGREEMENT,IMPUTED_USAGE_FEATURES",Medium,0.55,"Source algorithm recommends 0 but the part carries risk (lead time 43d, on-hand 2); protective stock proposed instead of zero. candidate source proposes 0 vs current 1.",rules-only,0.2.0-tcb,1500.0,False,False,False,False,False,False,True,False,False,False,True,False,False,True,False,True,"THETA,Z,ASSY,RH",1500.0,43.0
500717813,1,1,0,Y,Increase,"NO_RECENT_USAGE,ZERO_RECOMMENDATION_OVERRIDE,AD_HOC_CONSUMPTION_RISK",Medium,0.8,"Source algorithm recommends 0 but the part carries risk (lead time 70d, on-hand 0); protective stock proposed instead of zero.",rules-only,0.2.0-tcb,1815.0,False,False,False,False,False,False,True,False,False,False,True,True,False,False,False,False,"SFFDR,ONLINE,REC,STATION",1815.0,70.0
500717854,0,0,0,N,Maintain,"NO_RECENT_USAGE,ABANDONED_TOOL,IMPUTED_USAGE_FEATURES",Low,0.65,No recent usage; abandoned tool; imputed usage features.,rules-only,0.2.0-tcb,0.0,False,False,False,False,False,False,True,True,False,False,False,False,False,False,False,True,"12U3,RUBBER,TOOL,SHANK",700.0,41.0
500717855,0,0,0,N,Maintain,"NO_RECENT_USAGE,ABANDONED_TOOL,IMPUTED_USAGE_FEATURES",Low,0.65,No recent usage; abandoned tool; imputed usage features.,rules-only,0.2.0-tcb,0.0,False,False,False,False,False,False,True,True,False,False,False,False,False,False,False,True,"12C3,RUBBER,TOOL,SHANK",700.0,41.0
500717856,3,2,0,Y,Increase,"ZERO_RECOMMENDATION_OVERRIDE,SFM_DISAGREEMENT,MAX_CHANGE_EXCEEDS_THRESHOLD",Medium,0.8,"Source algorithm recommends 0 but the part carries risk (lead time 24d, on-hand 1); protective stock proposed instead of zero. candidate source proposes 2 vs current 1.",rules-only,0.2.0-tcb,2100.0,False,False,False,False,False,False,False,False,False,False,True,False,False,True,True,False,"6.5MM,FOAM,PICKTOOL,SHANK",700.0,24.0
500717857,0,0,0,N,Maintain,"NO_RECENT_USAGE,ABANDONED_TOOL,IMPUTED_USAGE_FEATURES",Low,0.65,No recent usage; abandoned tool; imputed usage features.,rules-only,0.2.0-tcb,0.0,False,False,False,False,False,False,True,True,False,False,False,False,False,False,False,True,"9.5MM,FOAM,PICKTOOL,SHANK",700.0,24.0
500717858,0,0,0,N,Maintain,"NO_RECENT_USAGE,ABANDONED_TOOL,IMPUTED_USAGE_FEATURES",Low,0.65,No recent usage; abandoned tool; imputed usage features.,rules-only,0.2.0-tcb,0.0,False,False,False,False,False,False,True,True,False,False,False,False,False,False,False,True,"15MM,FOAM,PICKTOOL,SHANK",700.0,28.0
500717859,32,30,0,Y,Increase,"LONG_LEAD_TIME_RISK,SFM_DISAGREEMENT,MAX_CHANGE_EXCEEDS_THRESHOLD",Medium,0.8,Candidate source proposes 46 vs current 9.,rules-only,0.2.0-tcb,2080.0,False,False,False,False,False,True,False,False,False,False,False,False,False,True,True,False,"PICK TOOL TIP, FOAM, DIA=6.5MM",65.0,48.0
500718654,0,0,0,N,Maintain,"NO_RECENT_USAGE,IMPUTED_USAGE_FEATURES",Low,0.65,No recent usage; imputed usage features.,rules-only,0.2.0-tcb,0.0,False,False,False,False,False,False,True,False,False,False,False,False,False,False,False,True,DKN 45/41-8H7-14H7 BELLOW COUPLING,141.0,45.0
500719780,0,0,0,N,Maintain,"NO_RECENT_USAGE,ABANDONED_TOOL,IMPUTED_USAGE_FEATURES",Low,0.65,No recent usage; abandoned tool; imputed usage features.,rules-only,0.2.0-tcb,0.0,False,False,False,False,False,False,True,True,False,False,False,False,False,False,False,True,MOTOR-CABLE M23G15 - 5 MTR.,342.0,20.0
500719781,0,0,0,N,Maintain,"NO_RECENT_USAGE,ABANDONED_TOOL,IMPUTED_USAGE_FEATURES",Low,0.65,No recent usage; abandoned tool; imputed usage features.,rules-only,0.2.0-tcb,0.0,False,False,False,False,False,False,True,True,False,False,False,False,False,False,False,True,CONNECTING SHAFT 80-630,64.8,20.0
500719782,0,0,0,N,Maintain,"NO_RECENT_USAGE,ABANDONED_TOOL,IMPUTED_USAGE_FEATURES",Low,0.65,No recent usage; abandoned tool; imputed usage features.,rules-only,0.2.0-tcb,0.0,False,False,False,False,False,False,True,True,False,False,False,False,False,False,False,True,MOTOR-CABLE M23G15 - 10 MTR.,426.0,20.0
500719783,0,0,0,N,Maintain,"NO_RECENT_USAGE,ABANDONED_TOOL,IMPUTED_USAGE_FEATURES",Low,0.65,No recent usage; abandoned tool; imputed usage features.,rules-only,0.2.0-tcb,0.0,False,False,False,False,False,False,True,True,False,False,False,False,False,False,False,True,MOTOR-CABLE M23G15 - 7.5 MTR.,384.0,20.0
500719784,0,0,0,Y,Maintain,"NO_RECENT_USAGE,ABANDONED_TOOL,IMPUTED_USAGE_FEATURES",Medium,0.65,No recent usage; abandoned tool; imputed usage features.,rules-only,0.2.0-tcb,0.0,False,False,False,False,False,False,True,True,False,False,False,False,False,False,False,True,FLOW SENSOR SA5020 UL,2053.5,20.0
500720247,0,0,0,N,Maintain,"NO_RECENT_USAGE,ABANDONED_TOOL,IMPUTED_USAGE_FEATURES",Low,0.65,No recent usage; abandoned tool; imputed usage features.,rules-only,0.2.0-tcb,0.0,False,False,False,False,False,False,True,True,False,False,False,False,False,False,False,True,ILUMINATED INDICATOR TITANIUM SIGN M22,2.54,20.0
500720248,0,0,0,N,Maintain,"NO_RECENT_USAGE,ABANDONED_TOOL,IMPUTED_USAGE_FEATURES",Low,0.65,No recent usage; abandoned tool; imputed usage features.,rules-only,0.2.0-tcb,0.0,False,False,False,False,False,False,True,True,False,False,False,False,False,False,False,True,FASTENING ADAPTER RMQ TITANIUM M22-A,3.02,20.0
500720249,0,0,0,N,Maintain,"NO_RECENT_USAGE,ABANDONED_TOOL,IMPUTED_USAGE_FEATURES",Low,0.65,No recent usage; abandoned tool; imputed usage features.,rules-only,0.2.0-tcb,0.0,False,False,False,False,False,False,True,True,False,False,False,False,False,False,False,True,CONTACT ELEMENT 1 O RMQ TITANIUM M22-K01,9.31,20.0
500720250,0,0,0,N,Maintain,"NO_RECENT_USAGE,ABANDONED_TOOL,IMPUTED_USAGE_FEATURES",Low,0.65,No recent usage; abandoned tool; imputed usage features.,rules-only,0.2.0-tcb,0.0,False,False,False,False,False,False,True,True,False,False,False,False,False,False,False,True,CONTACT BASE 1 S M22-K10,9.55,20.0
500720251,0,0,0,N,Maintain,"NO_RECENT_USAGE,ABANDONED_TOOL,IMPUTED_USAGE_FEATURES",Low,0.65,No recent usage; abandoned tool; imputed usage features.,rules-only,0.2.0-tcb,0.0,False,False,False,False,False,False,True,True,False,False,False,False,False,False,False,True,EREPLACENCY OFF BUTTON M22-PV RMQ,54.85,20.0
500720252,0,0,0,N,Maintain,"NO_RECENT_USAGE,IMPUTED_USAGE_FEATURES",Low,0.65,No recent usage; imputed usage features.,rules-only,0.2.0-tcb,0.0,False,False,False,False,False,False,True,False,False,False,False,False,False,False,False,True,"LED ELEMENT WHITE, RMQ TITANIUM",18.61,20.0
500720253,0,0,0,N,Maintain,"NO_RECENT_USAGE,ABANDONED_TOOL,IMPUTED_USAGE_FEATURES",Low,0.65,No recent usage; abandoned tool; imputed usage features.,rules-only,0.2.0-tcb,0.0,False,False,False,False,False,False,True,True,False,False,False,False,False,False,False,True,PRESSURE ILLUMINATION WHEIT M22 DL W,21.58,20.0
500720254,0,0,0,N,Maintain,"NO_RECENT_USAGE,ABANDONED_TOOL,IMPUTED_USAGE_FEATURES",Low,0.65,No recent usage; abandoned tool; imputed usage features.,rules-only,0.2.0-tcb,0.0,False,False,False,False,False,False,True,True,False,False,False,False,False,False,False,True,02SQ25 INLAYPLATE BLANK-ALU COLOURED,1.02,20.0
500720255,0,0,0,N,Maintain,"NO_RECENT_USAGE,ABANDONED_TOOL,IMPUTED_USAGE_FEATURES",Low,0.65,No recent usage; abandoned tool; imputed usage features.,rules-only,0.2.0-tcb,0.0,False,False,False,False,False,False,True,True,False,False,False,False,False,False,False,True,FRONT ELEMENT FOR INDICATOR LIGHT 1,7.32,20.0
500720256,0,0,0,N,Maintain,"NO_RECENT_USAGE,ABANDONED_TOOL,IMPUTED_USAGE_FEATURES",Low,0.65,No recent usage; abandoned tool; imputed usage features.,rules-only,0.2.0-tcb,0.0,False,False,False,False,False,False,True,True,False,False,False,False,False,False,False,True,GUARD-RING (YELLOW) EREPLACENCY SWITCHING,19.81,20.0
500720257,1,1,0,Y,Maintain,"NO_RECENT_USAGE,ZERO_RECOMMENDATION_OVERRIDE",Medium,0.8,"Source algorithm recommends 0 but the part carries risk (lead time 20d, on-hand 2); protective stock proposed instead of zero.",rules-only,0.2.0-tcb,678.0,False,False,False,False,False,False,True,False,False,False,True,False,False,False,False,False,"PNOZ S5 24VDC 2 N/02N/OT, SAFETY RELAY",678.0,20.0
500720258,1,1,0,Y,Maintain,"NO_RECENT_USAGE,ZERO_RECOMMENDATION_OVERRIDE,SFM_DISAGREEMENT",Medium,0.7,"Source algorithm recommends 0 but the part carries risk (lead time 20d, on-hand 1); protective stock proposed instead of zero. candidate source proposes 0 vs current 1.",rules-only,0.2.0-tcb,318.0,False,False,False,False,False,False,True,False,False,False,True,False,False,True,False,False,"PNOZ S7 24VDC 4 N/01N/C, SAFETY RELAY",318.0,20.0
500720259,0,0,0,N,Maintain,"NO_RECENT_USAGE,ABANDONED_TOOL,IMPUTED_USAGE_FEATURES",Low,0.65,No recent usage; abandoned tool; imputed usage features.,rules-only,0.2.0-tcb,0.0,False,False,False,False,False,False,True,True,False,False,False,False,False,False,False,True,"SAFETY SCREW, ROUND HEAD WITH HEXAL",2.48,20.0
500720260,0,0,0,N,Maintain,"NO_RECENT_USAGE,ABANDONED_TOOL,IMPUTED_USAGE_FEATURES",Low,0.65,No recent usage; abandoned tool; imputed usage features.,rules-only,0.2.0-tcb,0.0,False,False,False,False,False,False,True,True,False,False,False,False,False,False,False,True,M4 SCROLL NUT,16.76,20.0
500720261,0,0,0,N,Maintain,"NO_RECENT_USAGE,ABANDONED_TOOL,IMPUTED_USAGE_FEATURES",Low,0.65,No recent usage; abandoned tool; imputed usage features.,rules-only,0.2.0-tcb,0.0,False,False,False,False,False,False,True,True,False,False,False,False,False,False,False,True,"M22-WRS-MS-20, KEY SWITCH SPECIAL",92.53,20.0
500720348,1,1,0,Y,Increase,"NO_RECENT_USAGE,ZERO_RECOMMENDATION_OVERRIDE,AD_HOC_CONSUMPTION_RISK,IMPUTED_USAGE_FEATURES",Medium,0.65,"Source algorithm recommends 0 but the part carries risk (lead time 65d, on-hand 2); protective stock proposed instead of zero.",rules-only,0.2.0-tcb,110.0,False,False,False,False,False,False,True,False,False,False,True,True,False,False,False,True,CAP SENSOR COOLING PRESS SNR,110.0,65.0
500720349,1,1,0,Y,Increase,"NO_RECENT_USAGE,ZERO_RECOMMENDATION_OVERRIDE,AD_HOC_CONSUMPTION_RISK,IMPUTED_USAGE_FEATURES",Medium,0.65,"Source algorithm recommends 0 but the part carries risk (lead time 65d, on-hand 2); protective stock proposed instead of zero.",rules-only,0.2.0-tcb,110.0,False,False,False,False,False,False,True,False,False,False,True,True,False,False,False,True,OT TABLE COOLING PRESS SNR,110.0,65.0
500720350,1,1,0,Y,Increase,"NO_RECENT_USAGE,ZERO_RECOMMENDATION_OVERRIDE,AD_HOC_CONSUMPTION_RISK,IMPUTED_USAGE_FEATURES",Medium,0.65,"Source algorithm recommends 0 but the part carries risk (lead time 65d, on-hand 2); protective stock proposed instead of zero.",rules-only,0.2.0-tcb,110.0,False,False,False,False,False,False,True,False,False,False,True,True,False,False,False,True,DOWN LOOK COOLING PRESS SNR,110.0,65.0
500725805,1,1,0,Y,Maintain,"NO_RECENT_USAGE,ZERO_RECOMMENDATION_OVERRIDE,SFM_DISAGREEMENT,IMPUTED_USAGE_FEATURES",Medium,0.55,"Source algorithm recommends 0 but the part carries risk (lead time 30d, on-hand 1000); protective stock proposed instead of zero. candidate source proposes 0 vs current 1.",rules-only,0.2.0-tcb,4.29,False,False,False,False,False,False,True,False,False,False,True,False,False,True,False,True,"CUP,SUCTION,BLUE,2MM,SUF2,STA",4.29,30.0
500725915,1,1,0,Y,Maintain,"NO_RECENT_USAGE,ZERO_RECOMMENDATION_OVERRIDE,AD_HOC_CONSUMPTION_RISK,SFM_DISAGREEMENT,IMPUTED_USAGE_FEATURES",Medium,0.55,"Source algorithm recommends 0 but the part carries risk (lead time 45d, on-hand 4); protective stock proposed instead of zero. candidate source proposes 0 vs current 1.",rules-only,0.2.0-tcb,5.0,False,False,False,False,False,False,True,False,False,False,True,True,False,True,False,True,REPLACEMENT FILTER ELEMENT FOR SMC REG,5.0,45.0
500725918,11,9,1,Y,Increase,NO_ACTION,Low,0.9,No rule triggered; current stocking parameters retained.,rules-only,0.2.0-tcb,1862.3,False,False,False,False,False,False,False,False,False,False,False,False,False,False,False,False,CLEAN AIR FILTER 0.01 MICRON,169.3,43.0
500726315,1,0,0,Y,Maintain,"DATA_QUALITY_REVIEW_REQUIRED,ZERO_RECOMMENDATION_OVERRIDE,SFM_DISAGREEMENT,MAX_CHANGE_EXCEEDS_THRESHOLD",High,0.55,"Source algorithm recommends 0 but the part carries risk (lead time 15d, on-hand 1); protective stock proposed instead of zero. candidate source proposes 2 vs current 1. input data failed validation; values held unchanged pending correction.",rules-only,0.2.0-tcb,919.2,True,False,False,False,False,False,False,False,False,False,True,False,False,True,True,False,"SCANNER, RFID, USB, VANTAGE",919.2,15.0
500726576,0,0,0,N,Maintain,"NO_RECENT_USAGE,ABANDONED_TOOL,IMPUTED_USAGE_FEATURES",Low,0.65,No recent usage; abandoned tool; imputed usage features.,rules-only,0.2.0-tcb,0.0,False,False,False,False,False,False,True,True,False,False,False,False,False,False,False,True,"24"" PC MONITOR",300.0,35.0
500727477,1,0,0,Y,Maintain,"DATA_QUALITY_REVIEW_REQUIRED,ZERO_RECOMMENDATION_OVERRIDE",High,0.65,"Source algorithm recommends 0 but the part carries risk (lead time nand, on-hand 6); protective stock proposed instead of zero. input data failed validation; values held unchanged pending correction.",rules-only,0.2.0-tcb,212.55,True,False,False,False,False,False,False,False,False,False,True,False,False,False,False,False,HIGH TEMP GLOVE 390MM,212.55,
500727760,0,0,0,N,Maintain,"NO_RECENT_USAGE,IMPUTED_USAGE_FEATURES",Low,0.65,No recent usage; imputed usage features.,rules-only,0.2.0-tcb,0.0,False,False,False,False,False,False,True,False,False,False,False,False,False,False,False,True,RECALIBRATION SINGLE GLASS DIE 15X15,472.5,53.0
500727766,5,4,0,Y,Increase,"LONG_LEAD_TIME_RISK,ZERO_RECOMMENDATION_OVERRIDE,SFM_DISAGREEMENT",High,0.8,"Source algorithm recommends 0 but the part carries risk (lead time 95d, on-hand 0); protective stock proposed instead of zero. candidate source proposes 0 vs current 1.",rules-only,0.2.0-tcb,53105.0,False,False,False,False,False,True,False,False,False,False,True,False,False,True,False,False,TCX3 POWER SUPPLY UNIT,10621.0,95.0
500727768,1,1,0,Y,Maintain,"NO_RECENT_USAGE,ZERO_RECOMMENDATION_OVERRIDE,AD_HOC_CONSUMPTION_RISK,SFM_DISAGREEMENT,IMPUTED_USAGE_FEATURES",Medium,0.55,"Source algorithm recommends 0 but the part carries risk (lead time 143d, on-hand 1); protective stock proposed instead of zero. candidate source proposes 0 vs current 1.",rules-only,0.2.0-tcb,1470.0,False,False,False,False,False,False,True,False,False,False,True,True,False,True,False,True,CBL_INTERLOCK,1470.0,143.0
500727770,1,1,0,Y,Maintain,"NO_RECENT_USAGE,ZERO_RECOMMENDATION_OVERRIDE,AD_HOC_CONSUMPTION_RISK,SFM_DISAGREEMENT,IMPUTED_USAGE_FEATURES",Medium,0.55,"Source algorithm recommends 0 but the part carries risk (lead time 143d, on-hand 1); protective stock proposed instead of zero. candidate source proposes 0 vs current 1.",rules-only,0.2.0-tcb,1470.0,False,False,False,False,False,False,True,False,False,False,True,True,False,True,False,True,CBL_INTERLOCK,1470.0,143.0
500727772,1,1,0,Y,Maintain,"NO_RECENT_USAGE,ZERO_RECOMMENDATION_OVERRIDE,AD_HOC_CONSUMPTION_RISK,SFM_DISAGREEMENT,IMPUTED_USAGE_FEATURES",Medium,0.55,"Source algorithm recommends 0 but the part carries risk (lead time 143d, on-hand 1); protective stock proposed instead of zero. candidate source proposes 0 vs current 1.",rules-only,0.2.0-tcb,1470.0,False,False,False,False,False,False,True,False,False,False,True,True,False,True,False,True,CBL_INTERLOCK,1470.0,143.0
500727774,1,1,0,Y,Maintain,"NO_RECENT_USAGE,ZERO_RECOMMENDATION_OVERRIDE,AD_HOC_CONSUMPTION_RISK,SFM_DISAGREEMENT,IMPUTED_USAGE_FEATURES",Medium,0.55,"Source algorithm recommends 0 but the part carries risk (lead time 143d, on-hand 1); protective stock proposed instead of zero. candidate source proposes 0 vs current 1.",rules-only,0.2.0-tcb,1470.0,False,False,False,False,False,False,True,False,False,False,True,True,False,True,False,True,CBL_INTERLOCK,1470.0,143.0
500727776,5,4,0,Y,Increase,"LONG_LEAD_TIME_RISK,ZERO_RECOMMENDATION_OVERRIDE,SFM_DISAGREEMENT,MAX_CHANGE_EXCEEDS_THRESHOLD",High,0.8,"Source algorithm recommends 0 but the part carries risk (lead time 143d, on-hand 1); protective stock proposed instead of zero. candidate source proposes 3 vs current 1.",rules-only,0.2.0-tcb,7350.0,False,False,False,False,False,True,False,False,False,False,True,False,False,True,True,False,CBL_INTERLOCK,1470.0,143.0
500727778,5,4,0,Y,Increase,"LONG_LEAD_TIME_RISK,ZERO_RECOMMENDATION_OVERRIDE,SFM_DISAGREEMENT",High,0.8,"Source algorithm recommends 0 but the part carries risk (lead time 143d, on-hand 2); protective stock proposed instead of zero. candidate source proposes 0 vs current 1.",rules-only,0.2.0-tcb,7350.0,False,False,False,False,False,True,False,False,False,False,True,False,False,True,False,False,CBL_INTERLOCK,1470.0,143.0
500727780,1,1,0,Y,Maintain,"NO_RECENT_USAGE,ZERO_RECOMMENDATION_OVERRIDE",High,0.9,"Source algorithm recommends 0 but the part carries risk (lead time 40d, on-hand 1); protective stock proposed instead of zero.",rules-only,0.2.0-tcb,13994.4,False,False,False,False,False,False,True,False,False,False,True,False,False,False,False,False,LEFT N2 RECAL SHELF - FLEX ASSY,13994.4,40.0
500727782,1,1,0,Y,Maintain,"NO_RECENT_USAGE,ZERO_RECOMMENDATION_OVERRIDE,SFM_DISAGREEMENT,IMPUTED_USAGE_FEATURES",High,0.55,"Source algorithm recommends 0 but the part carries risk (lead time 40d, on-hand 1); protective stock proposed instead of zero. candidate source proposes 0 vs current 1.",rules-only,0.2.0-tcb,13994.4,False,False,False,False,False,False,True,False,False,False,True,False,False,True,False,True,RIGHT N2 RECAL SHELF - FLEX ASSY,13994.4,40.0
500727785,1,1,0,Y,Maintain,"NO_RECENT_USAGE,ZERO_RECOMMENDATION_OVERRIDE,SFM_DISAGREEMENT,IMPUTED_USAGE_FEATURES",High,0.55,"Source algorithm recommends 0 but the part carries risk (lead time 41d, on-hand 1); protective stock proposed instead of zero. candidate source proposes 0 vs current 1.",rules-only,0.2.0-tcb,11397.2,False,False,False,False,False,False,True,False,False,False,True,False,False,True,False,True,PICKER HEAD ASSY RIGHT,11397.2,41.0
500727789,1,1,0,Y,Maintain,"NO_RECENT_USAGE,ZERO_RECOMMENDATION_OVERRIDE,AD_HOC_CONSUMPTION_RISK,SFM_DISAGREEMENT,IMPUTED_USAGE_FEATURES",High,0.55,"Source algorithm recommends 0 but the part carries risk (lead time 57d, on-hand 1); protective stock proposed instead of zero. candidate source proposes 0 vs current 1.",rules-only,0.2.0-tcb,11397.2,False,False,False,False,False,False,True,False,False,False,True,True,False,True,False,True,PICKER HEAD ASSY LEFT,11397.2,57.0
500727791,1,1,0,Y,Maintain,"NO_RECENT_USAGE,ZERO_RECOMMENDATION_OVERRIDE,SFM_DISAGREEMENT,IMPUTED_USAGE_FEATURES",Medium,0.55,"Source algorithm recommends 0 but the part carries risk (lead time 38d, on-hand 1); protective stock proposed instead of zero. candidate source proposes 0 vs current 1.",rules-only,0.2.0-tcb,1828.6,False,False,False,False,False,False,True,False,False,False,True,False,False,True,False,True,PCB NY4110 W EMI GASKET,1828.6,38.0
500727792,1,1,0,Y,Maintain,"NO_RECENT_USAGE,ZERO_RECOMMENDATION_OVERRIDE,AD_HOC_CONSUMPTION_RISK,SFM_DISAGREEMENT,IMPUTED_USAGE_FEATURES",Medium,0.55,"Source algorithm recommends 0 but the part carries risk (lead time 63d, on-hand 4); protective stock proposed instead of zero. candidate source proposes 0 vs current 1.",rules-only,0.2.0-tcb,169.1,False,False,False,False,False,False,True,False,False,False,True,True,False,True,False,True,AIR CLEANER UNIT PREFILTER,169.1,63.0
500727793,1,1,0,Y,Maintain,"ZERO_RECOMMENDATION_OVERRIDE,AD_HOC_CONSUMPTION_RISK,SFM_DISAGREEMENT,IMPUTED_USAGE_FEATURES",Medium,0.55,"Source algorithm recommends 0 but the part carries risk (lead time 63d, on-hand 3); protective stock proposed instead of zero. candidate source proposes 0 vs current 1.",rules-only,0.2.0-tcb,681.0,False,False,False,False,False,False,False,False,False,False,True,True,False,True,False,True,IONIZER REPLACEMENT NEEDLES,681.0,63.0
500727794,1,1,0,Y,Maintain,"NO_RECENT_USAGE,ZERO_RECOMMENDATION_OVERRIDE,AD_HOC_CONSUMPTION_RISK,SFM_DISAGREEMENT,IMPUTED_USAGE_FEATURES",Medium,0.55,"Source algorithm recommends 0 but the part carries risk (lead time 55d, on-hand 1); protective stock proposed instead of zero. candidate source proposes 0 vs current 1.",rules-only,0.2.0-tcb,1473.0,False,False,False,False,False,False,True,False,False,False,True,True,False,True,False,True,Y SERVO MOTOR,1473.0,55.0
500727795,1,1,0,Y,Maintain,"NO_RECENT_USAGE,ZERO_RECOMMENDATION_OVERRIDE,AD_HOC_CONSUMPTION_RISK,SFM_DISAGREEMENT,IMPUTED_USAGE_FEATURES",Medium,0.55,"Source algorithm recommends 0 but the part carries risk (lead time 55d, on-hand 1); protective stock proposed instead of zero. candidate source proposes 0 vs current 1.",rules-only,0.2.0-tcb,211.5,False,False,False,False,False,False,True,False,False,False,True,True,False,True,False,True,CONVEYOR STEPPER MOTOR,211.5,55.0
500727796,1,1,0,Y,Maintain,"NO_RECENT_USAGE,ZERO_RECOMMENDATION_OVERRIDE,AD_HOC_CONSUMPTION_RISK,SFM_DISAGREEMENT,IMPUTED_USAGE_FEATURES",Medium,0.55,"Source algorithm recommends 0 but the part carries risk (lead time 55d, on-hand 2); protective stock proposed instead of zero. candidate source proposes 0 vs current 1.",rules-only,0.2.0-tcb,16.6,False,False,False,False,False,False,True,False,False,False,True,True,False,True,False,True,TIMING BELT,16.6,55.0
500727797,1,1,0,Y,Maintain,"NO_RECENT_USAGE,ZERO_RECOMMENDATION_OVERRIDE,AD_HOC_CONSUMPTION_RISK,SFM_DISAGREEMENT,IMPUTED_USAGE_FEATURES",Medium,0.55,"Source algorithm recommends 0 but the part carries risk (lead time 55d, on-hand 1); protective stock proposed instead of zero. candidate source proposes 0 vs current 1.",rules-only,0.2.0-tcb,27.8,False,False,False,False,False,False,True,False,False,False,True,True,False,True,False,True,CONVEYOR BELT,27.8,55.0
500727798,1,1,0,Y,Maintain,"NO_RECENT_USAGE,ZERO_RECOMMENDATION_OVERRIDE,AD_HOC_CONSUMPTION_RISK,SFM_DISAGREEMENT,IMPUTED_USAGE_FEATURES",Medium,0.55,"Source algorithm recommends 0 but the part carries risk (lead time 55d, on-hand 1); protective stock proposed instead of zero. candidate source proposes 0 vs current 1.",rules-only,0.2.0-tcb,109.4,False,False,False,False,False,False,True,False,False,False,True,True,False,True,False,True,Cylinder,109.4,55.0
500727799,1,1,0,Y,Maintain,"NO_RECENT_USAGE,ZERO_RECOMMENDATION_OVERRIDE,AD_HOC_CONSUMPTION_RISK,SFM_DISAGREEMENT,IMPUTED_USAGE_FEATURES",Medium,0.55,"Source algorithm recommends 0 but the part carries risk (lead time 55d, on-hand 1); protective stock proposed instead of zero. candidate source proposes 0 vs current 1.",rules-only,0.2.0-tcb,17.5,False,False,False,False,False,False,True,False,False,False,True,True,False,True,False,True,LIMIT SENSOR,17.5,55.0
500727800,1,1,0,Y,Maintain,"NO_RECENT_USAGE,ZERO_RECOMMENDATION_OVERRIDE,AD_HOC_CONSUMPTION_RISK,SFM_DISAGREEMENT,IMPUTED_USAGE_FEATURES",Medium,0.55,"Source algorithm recommends 0 but the part carries risk (lead time 55d, on-hand 1); protective stock proposed instead of zero. candidate source proposes 0 vs current 1.",rules-only,0.2.0-tcb,554.2,False,False,False,False,False,False,True,False,False,False,True,True,False,True,False,True,Interlock,554.2,55.0
500727801,1,1,0,Y,Maintain,"NO_RECENT_USAGE,ZERO_RECOMMENDATION_OVERRIDE,AD_HOC_CONSUMPTION_RISK,SFM_DISAGREEMENT,IMPUTED_USAGE_FEATURES",Medium,0.55,"Source algorithm recommends 0 but the part carries risk (lead time 55d, on-hand 1); protective stock proposed instead of zero. candidate source proposes 0 vs current 1.",rules-only,0.2.0-tcb,13.2,False,False,False,False,False,False,True,False,False,False,True,True,False,True,False,True,FAST FUSE,13.2,55.0
500727802,1,1,0,Y,Maintain,"NO_RECENT_USAGE,ZERO_RECOMMENDATION_OVERRIDE,AD_HOC_CONSUMPTION_RISK,SFM_DISAGREEMENT,IMPUTED_USAGE_FEATURES",Medium,0.55,"Source algorithm recommends 0 but the part carries risk (lead time 55d, on-hand 1); protective stock proposed instead of zero. candidate source proposes 0 vs current 1.",rules-only,0.2.0-tcb,13.2,False,False,False,False,False,False,True,False,False,False,True,True,False,True,False,True,FAST FUSE,13.2,55.0
500727803,1,1,0,Y,Maintain,"NO_RECENT_USAGE,ZERO_RECOMMENDATION_OVERRIDE,AD_HOC_CONSUMPTION_RISK,SFM_DISAGREEMENT,IMPUTED_USAGE_FEATURES",Medium,0.55,"Source algorithm recommends 0 but the part carries risk (lead time 55d, on-hand 1); protective stock proposed instead of zero. candidate source proposes 0 vs current 1.",rules-only,0.2.0-tcb,13.2,False,False,False,False,False,False,True,False,False,False,True,True,False,True,False,True,FAST FUSE,13.2,55.0
500728377,0,0,0,Y,Maintain,"NO_RECENT_USAGE,ABANDONED_TOOL,IMPUTED_USAGE_FEATURES",Medium,0.65,No recent usage; abandoned tool; imputed usage features.,rules-only,0.2.0-tcb,0.0,False,False,False,False,False,False,True,True,False,False,False,False,False,False,False,True,PEDESTAL STORAGE CART,21400.0,59.0
500728378,1,1,0,Y,Maintain,"NO_RECENT_USAGE,ZERO_RECOMMENDATION_OVERRIDE,AD_HOC_CONSUMPTION_RISK,SFM_DISAGREEMENT,IMPUTED_USAGE_FEATURES",High,0.55,"Source algorithm recommends 0 but the part carries risk (lead time 95d, on-hand 4); protective stock proposed instead of zero. candidate source proposes 0 vs current 1.",rules-only,0.2.0-tcb,5000.0,False,False,False,False,False,False,True,False,False,False,True,True,False,True,False,True,PEDESTAL PICKUP TOOL,5000.0,95.0
500728528,1,1,0,Y,Maintain,"NO_RECENT_USAGE,ZERO_RECOMMENDATION_OVERRIDE,AD_HOC_CONSUMPTION_RISK,SFM_DISAGREEMENT",Medium,0.7,"Source algorithm recommends 0 but the part carries risk (lead time 45d, on-hand 2); protective stock proposed instead of zero. candidate source proposes 0 vs current 1.",rules-only,0.2.0-tcb,40.59,False,False,False,False,False,False,True,False,False,False,True,True,False,True,False,False,"SMP,BLEND,Loctite LB 8150 SV AS known as",40.59,45.0
500732150,0,0,0,Y,Maintain,"NO_RECENT_USAGE,ABANDONED_TOOL,IMPUTED_USAGE_FEATURES",Medium,0.65,No recent usage; abandoned tool; imputed usage features.,rules-only,0.2.0-tcb,0.0,False,False,False,False,False,False,True,True,False,False,False,False,False,False,False,True,"SFFDR,ANALYSIS,TOOL",18480.0,41.0
500732159,0,0,0,Y,Maintain,"NO_RECENT_USAGE,ABANDONED_TOOL,IMPUTED_USAGE_FEATURES",Medium,0.65,No recent usage; abandoned tool; imputed usage features.,rules-only,0.2.0-tcb,0.0,False,False,False,False,False,False,True,True,False,False,False,False,False,False,False,True,"SFFDR,CALIBRATION,TAPE,56MM",2580.0,20.0
500732027,1,1,0,Y,Decrease,"NO_RECENT_USAGE,ZERO_RECOMMENDATION_OVERRIDE,SFM_DISAGREEMENT",Medium,0.8,"Source algorithm recommends 0 but the part carries risk (lead time 30d, on-hand 107); protective stock proposed instead of zero. candidate source proposes 1 vs current 58.",rules-only,0.2.0-tcb,4.4,False,False,False,False,False,False,True,False,False,False,True,False,False,True,False,False,SCHMALZCONNECTOR_ELEMENT_FOR_SUCTION_CUP,4.4,30.0
500732160,0,0,0,Y,Maintain,"NO_RECENT_USAGE,ABANDONED_TOOL,IMPUTED_USAGE_FEATURES",Medium,0.65,No recent usage; abandoned tool; imputed usage features.,rules-only,0.2.0-tcb,0.0,False,False,False,False,False,False,True,True,False,False,False,False,False,False,False,True,"SFFDR,CALIBRATION,TAPE,72MM",2835.0,20.0
500732161,0,0,0,Y,Maintain,"NO_RECENT_USAGE,ABANDONED_TOOL,IMPUTED_USAGE_FEATURES",Medium,0.65,No recent usage; abandoned tool; imputed usage features.,rules-only,0.2.0-tcb,0.0,False,False,False,False,False,False,True,True,False,False,False,False,False,False,False,True,"SFFDR,CALIBRATION,TAPE,88MM",3260.0,20.0
500732162,0,0,0,N,Maintain,"NO_RECENT_USAGE,ABANDONED_TOOL,IMPUTED_USAGE_FEATURES",Low,0.65,No recent usage; abandoned tool; imputed usage features.,rules-only,0.2.0-tcb,0.0,False,False,False,False,False,False,True,True,False,False,False,False,False,False,False,True,"SF,TAPE,SUPP,UPI,72MM",245.0,41.0
500732163,0,0,0,N,Maintain,"NO_RECENT_USAGE,ABANDONED_TOOL,IMPUTED_USAGE_FEATURES",Low,0.65,No recent usage; abandoned tool; imputed usage features.,rules-only,0.2.0-tcb,0.0,False,False,False,False,False,False,True,True,False,False,False,False,False,False,False,True,"SF,TAPE,SUPP,UPI,88MM",245.0,41.0
500732855,1,1,0,Y,Increase,"NO_RECENT_USAGE,ZERO_RECOMMENDATION_OVERRIDE,AD_HOC_CONSUMPTION_RISK",High,0.8,"Source algorithm recommends 0 but the part carries risk (lead time 75d, on-hand 0); protective stock proposed instead of zero.",rules-only,0.2.0-tcb,9500.0,False,False,False,False,False,False,True,False,False,False,True,True,False,False,False,False,TCX3 BONDHEAD CLEANING KIT,9500.0,75.0
500732856,1,1,0,Y,Maintain,"NO_RECENT_USAGE,ZERO_RECOMMENDATION_OVERRIDE,SFM_DISAGREEMENT,IMPUTED_USAGE_FEATURES",Medium,0.55,"Source algorithm recommends 0 but the part carries risk (lead time 38d, on-hand 4); protective stock proposed instead of zero. candidate source proposes 0 vs current 1.",rules-only,0.2.0-tcb,127.9,False,False,False,False,False,False,True,False,False,False,True,False,False,True,False,True,"SWITCH, PUSHBUTTON 2NO/1NC 250VAC/6A",127.9,38.0
500732857,1,1,0,Y,Maintain,"NO_RECENT_USAGE,ZERO_RECOMMENDATION_OVERRIDE,AD_HOC_CONSUMPTION_RISK,SFM_DISAGREEMENT,IMPUTED_USAGE_FEATURES",Medium,0.55,"Source algorithm recommends 0 but the part carries risk (lead time 71d, on-hand 2); protective stock proposed instead of zero. candidate source proposes 0 vs current 1.",rules-only,0.2.0-tcb,127.9,False,False,False,False,False,False,True,False,False,False,True,True,False,True,False,True,"SWITCH, PUSHBUTTON 3NO 250VAC/5A",127.9,71.0
500732858,1,1,0,Y,Maintain,"NO_RECENT_USAGE,ZERO_RECOMMENDATION_OVERRIDE,AD_HOC_CONSUMPTION_RISK,SFM_DISAGREEMENT,IMPUTED_USAGE_FEATURES",Medium,0.55,"Source algorithm recommends 0 but the part carries risk (lead time 59d, on-hand 1); protective stock proposed instead of zero. candidate source proposes 0 vs current 1.",rules-only,0.2.0-tcb,3600.0,False,False,False,False,False,False,True,False,False,False,True,True,False,True,False,True,PCB NY4140 HIGH VOLTAGE DRIVE W SNUBBER,3600.0,59.0
500733737,3,2,0,Y,Increase,"LONG_LEAD_TIME_RISK,ZERO_RECOMMENDATION_OVERRIDE,SFM_DISAGREEMENT",Medium,0.8,"Source algorithm recommends 0 but the part carries risk (lead time 53d, on-hand 2); protective stock proposed instead of zero. candidate source proposes 1 vs current 2.",rules-only,0.2.0-tcb,3375.0,False,False,False,False,False,True,False,False,False,False,True,False,False,True,False,False,OXYGEN SENSOR_TRANSMITTER SAFE AREA,1125.0,53.0
500737060,0,0,0,Y,Maintain,"NO_RECENT_USAGE,ABANDONED_TOOL,IMPUTED_USAGE_FEATURES",Medium,0.65,No recent usage; abandoned tool; imputed usage features.,rules-only,0.2.0-tcb,0.0,False,False,False,False,False,False,True,True,False,False,False,False,False,False,False,True,"50491,S,1MM,8.524X3.613",3540.0,42.0
500737061,0,0,0,Y,Maintain,"NO_RECENT_USAGE,ABANDONED_TOOL,IMPUTED_USAGE_FEATURES",Medium,0.65,No recent usage; abandoned tool; imputed usage features.,rules-only,0.2.0-tcb,0.0,False,False,False,False,False,False,True,True,False,False,False,False,False,False,False,True,"50492,S,1MM,9.81X10.81",3816.0,42.0
500737062,0,0,0,Y,Maintain,"NO_RECENT_USAGE,ABANDONED_TOOL,IMPUTED_USAGE_FEATURES",Medium,0.65,No recent usage; abandoned tool; imputed usage features.,rules-only,0.2.0-tcb,0.0,False,False,False,False,False,False,True,True,False,False,False,False,False,False,False,True,"50493,S,1MM,6.796X10.631",3816.0,42.0
500737078,0,0,0,Y,Maintain,"NO_RECENT_USAGE,ABANDONED_TOOL,IMPUTED_USAGE_FEATURES",Medium,0.65,No recent usage; abandoned tool; imputed usage features.,rules-only,0.2.0-tcb,0.0,False,False,False,False,False,False,True,True,False,False,False,False,False,False,False,True,"50637,S,1MM,23.192X10.584",3540.0,42.0
500737079,0,0,0,Y,Maintain,"NO_RECENT_USAGE,ABANDONED_TOOL,IMPUTED_USAGE_FEATURES",Medium,0.65,No recent usage; abandoned tool; imputed usage features.,rules-only,0.2.0-tcb,0.0,False,False,False,False,False,False,True,True,False,False,False,False,False,False,False,True,"50648,S,1MM,9.932X15.982",3816.0,42.0
500737083,0,0,0,Y,Maintain,"NO_RECENT_USAGE,ABANDONED_TOOL,IMPUTED_USAGE_FEATURES",Medium,0.65,No recent usage; abandoned tool; imputed usage features.,rules-only,0.2.0-tcb,0.0,False,False,False,False,False,False,True,True,False,False,False,False,False,False,False,True,"50720,S,1MM,8.935X4.805",3816.0,42.0
500737833,0,0,0,N,Maintain,"NO_RECENT_USAGE,IMPUTED_USAGE_FEATURES",Low,0.65,No recent usage; imputed usage features.,rules-only,0.2.0-tcb,0.0,False,False,False,False,False,False,True,False,False,False,False,False,False,False,False,True,CLEAR TUBING 20METER PER ROLL,20.22,45.0
500746083,1,1,0,Y,Increase,"NO_RECENT_USAGE,ZERO_RECOMMENDATION_OVERRIDE,AD_HOC_CONSUMPTION_RISK",Medium,0.8,"Source algorithm recommends 0 but the part carries risk (lead time 70d, on-hand 0); protective stock proposed instead of zero.",rules-only,0.2.0-tcb,1500.0,False,False,False,False,False,False,True,False,False,False,True,True,False,False,False,False,"THETA Z ASSY, LH",1500.0,70.0
500746537,0,0,0,Y,Maintain,"NO_RECENT_USAGE,ABANDONED_TOOL,IMPUTED_USAGE_FEATURES",Medium,0.65,No recent usage; abandoned tool; imputed usage features.,rules-only,0.2.0-tcb,0.0,False,False,False,False,False,False,True,True,False,False,False,False,False,False,False,True,"50766,L,1MM,8.931X4.805",3790.0,35.0
500747343,0,0,0,Y,Maintain,"NO_RECENT_USAGE,ABANDONED_TOOL,IMPUTED_USAGE_FEATURES",Medium,0.65,No recent usage; abandoned tool; imputed usage features.,rules-only,0.2.0-tcb,0.0,False,False,False,False,False,False,True,True,False,False,False,False,False,False,False,True,"LOWER BONDHEAD, 20MM",22000.0,57.0
500747344,0,0,0,Y,Maintain,"NO_RECENT_USAGE,ABANDONED_TOOL,IMPUTED_USAGE_FEATURES",Medium,0.65,No recent usage; abandoned tool; imputed usage features.,rules-only,0.2.0-tcb,0.0,False,False,False,False,False,False,True,True,False,False,False,False,False,False,False,True,"LOWER BONDHEAD, 50MM, HVM",36000.0,59.0
500747358,0,0,0,N,Maintain,"NO_RECENT_USAGE,ABANDONED_TOOL,IMPUTED_USAGE_FEATURES",Low,0.65,No recent usage; abandoned tool; imputed usage features.,rules-only,0.2.0-tcb,0.0,False,False,False,False,False,False,True,True,False,False,False,False,False,False,False,True,8MM SF FEEDER SPLICE WITH UPI,1120.0,47.0
500747359,0,0,0,N,Maintain,"NO_RECENT_USAGE,ABANDONED_TOOL,IMPUTED_USAGE_FEATURES",Low,0.65,No recent usage; abandoned tool; imputed usage features.,rules-only,0.2.0-tcb,0.0,False,False,False,False,False,False,True,True,False,False,False,False,False,False,False,True,12MM SF FEEDER SPLICE WITH UPI,1360.0,47.0
500747361,1,1,0,Y,Maintain,"NO_RECENT_USAGE,ZERO_RECOMMENDATION_OVERRIDE,AD_HOC_CONSUMPTION_RISK,SFM_DISAGREEMENT,IMPUTED_USAGE_FEATURES",Medium,0.55,"Source algorithm recommends 0 but the part carries risk (lead time 47d, on-hand 1); protective stock proposed instead of zero. candidate source proposes 0 vs current 1.",rules-only,0.2.0-tcb,1773.0,False,False,False,False,False,False,True,False,False,False,True,True,False,True,False,True,24MM SF FEEDER SPLICE WITH UPI,1773.0,47.0
500747362,1,1,0,Y,Maintain,"NO_RECENT_USAGE,ZERO_RECOMMENDATION_OVERRIDE,AD_HOC_CONSUMPTION_RISK,SFM_DISAGREEMENT,IMPUTED_USAGE_FEATURES",Medium,0.55,"Source algorithm recommends 0 but the part carries risk (lead time 47d, on-hand 1); protective stock proposed instead of zero. candidate source proposes 0 vs current 1.",rules-only,0.2.0-tcb,2285.0,False,False,False,False,False,False,True,False,False,False,True,True,False,True,False,True,32MM SF FEEDER SPLICE WITH UPI,2285.0,47.0
500747364,0,0,0,Y,Maintain,"NO_RECENT_USAGE,ABANDONED_TOOL,IMPUTED_USAGE_FEATURES",Medium,0.65,No recent usage; abandoned tool; imputed usage features.,rules-only,0.2.0-tcb,0.0,False,False,False,False,False,False,True,True,False,False,False,False,False,False,False,True,56MM SF FEEDER SPLICE WITH UPI,4045.0,47.0
500747365,0,0,0,Y,Maintain,"NO_RECENT_USAGE,ABANDONED_TOOL,IMPUTED_USAGE_FEATURES",Medium,0.65,No recent usage; abandoned tool; imputed usage features.,rules-only,0.2.0-tcb,0.0,False,False,False,False,False,False,True,True,False,False,False,False,False,False,False,True,72MM SF FEEDER SPLICE WITH UPI,9045.0,47.0
500747366,0,0,0,Y,Maintain,"NO_RECENT_USAGE,ABANDONED_TOOL,IMPUTED_USAGE_FEATURES",Medium,0.65,No recent usage; abandoned tool; imputed usage features.,rules-only,0.2.0-tcb,0.0,False,False,False,False,False,False,True,True,False,False,False,False,False,False,False,True,88MM SF FEEDER SPLICE WITH UPI,9595.0,47.0
500748676,1,1,0,Y,Maintain,"ZERO_RECOMMENDATION_OVERRIDE,SFM_DISAGREEMENT",High,0.7,"Source algorithm recommends 0 but the part carries risk (lead time 35d, on-hand 1); protective stock proposed instead of zero. candidate source proposes 0 vs current 1.",rules-only,0.2.0-tcb,5000.0,False,False,False,False,False,False,False,False,False,False,True,False,False,True,False,False,"PLACE TOOL 33,SISIC501,19.54X19.52X0.5Y",5000.0,35.0
500748694,1,1,0,Y,Maintain,"NO_RECENT_USAGE,ZERO_RECOMMENDATION_OVERRIDE,SFM_DISAGREEMENT,IMPUTED_USAGE_FEATURES",Medium,0.55,"Source algorithm recommends 0 but the part carries risk (lead time 35d, on-hand 1); protective stock proposed instead of zero. candidate source proposes 0 vs current 1.",rules-only,0.2.0-tcb,3200.0,False,False,False,False,False,False,True,False,False,False,True,False,False,True,False,True,"VACUUM CRANE,3X1 MATRIX,70.5X104.5",3200.0,35.0
500748695,1,1,0,Y,Maintain,"NO_RECENT_USAGE,ZERO_RECOMMENDATION_OVERRIDE,SFM_DISAGREEMENT,IMPUTED_USAGE_FEATURES",High,0.55,"Source algorithm recommends 0 but the part carries risk (lead time 35d, on-hand 1); protective stock proposed instead of zero. candidate source proposes 0 vs current 1.",rules-only,0.2.0-tcb,7250.0,False,False,False,False,False,False,True,False,False,False,True,False,False,True,False,True,"BOND CHUCK,3X1 MATRIX,70.5X104.5X1.80",7250.0,35.0
500748696,1,1,0,Y,Maintain,"NO_RECENT_USAGE,ZERO_RECOMMENDATION_OVERRIDE,SFM_DISAGREEMENT,IMPUTED_USAGE_FEATURES",Medium,0.55,"Source algorithm recommends 0 but the part carries risk (lead time 35d, on-hand 1); protective stock proposed instead of zero. candidate source proposes 0 vs current 1.",rules-only,0.2.0-tcb,4000.0,False,False,False,False,False,False,True,False,False,False,True,False,False,True,False,True,"PREHEAT CHUCK,3X1 MATRIX,70.5X104.5",4000.0,35.0
500748697,1,1,0,Y,Maintain,"NO_RECENT_USAGE,ZERO_RECOMMENDATION_OVERRIDE,SFM_DISAGREEMENT,IMPUTED_USAGE_FEATURES",Medium,0.55,"Source algorithm recommends 0 but the part carries risk (lead time 35d, on-hand 1); protective stock proposed instead of zero. candidate source proposes 0 vs current 1.",rules-only,0.2.0-tcb,2000.0,False,False,False,False,False,False,True,False,False,False,True,False,False,True,False,True,"PRECISOR,3X1 MATRIX,70.5X104.5",2000.0,35.0
500749663,1,1,0,Y,Maintain,"NO_RECENT_USAGE,ZERO_RECOMMENDATION_OVERRIDE,SFM_DISAGREEMENT",High,0.7,"Source algorithm recommends 0 but the part carries risk (lead time 35d, on-hand 1); protective stock proposed instead of zero. candidate source proposes 0 vs current 1.",rules-only,0.2.0-tcb,5000.0,False,False,False,False,False,False,True,False,False,False,True,False,False,True,False,False,"PLACE TOOL 33,SISIC501,22.12X20.61X1.0S",5000.0,35.0
500749664,1,1,0,Y,Maintain,"NO_RECENT_USAGE,ZERO_RECOMMENDATION_OVERRIDE,SFM_DISAGREEMENT",High,0.7,"Source algorithm recommends 0 but the part carries risk (lead time 35d, on-hand 1); protective stock proposed instead of zero. candidate source proposes 0 vs current 1.",rules-only,0.2.0-tcb,5000.0,False,False,False,False,False,False,True,False,False,False,True,False,False,True,False,False,"PLACE TOOL 33,SISIC501,10.81X09.81X1.0S",5000.0,35.0
500749883,4,3,0,Y,Increase,"LONG_LEAD_TIME_RISK,ZERO_RECOMMENDATION_OVERRIDE,SFM_DISAGREEMENT,IMPUTED_USAGE_FEATURES",High,0.65,"Source algorithm recommends 0 but the part carries risk (lead time 77d, on-hand 1); protective stock proposed instead of zero. candidate source proposes 0 vs current 1.",rules-only,0.2.0-tcb,5312.4,False,False,False,False,False,True,False,False,False,False,True,False,False,True,False,True,TCX3 FUSE KIT,1328.1,77.0
500749884,11,10,2,Y,Increase,"LONG_LEAD_TIME_RISK,HIGH_USAGE_TOOL,ZERO_RECOMMENDATION_OVERRIDE,SFM_DISAGREEMENT",High,0.8,"Source algorithm recommends 0 but the part carries risk (lead time 70d, on-hand 4); protective stock proposed instead of zero. candidate source proposes 4 vs current 0.",rules-only,0.2.0-tcb,7392.0,False,False,False,False,False,True,False,False,True,False,True,False,False,True,False,False,O2 GAS SENSOR,672.0,70.0
500749886,4,3,0,Y,Increase,"LONG_LEAD_TIME_RISK,ZERO_RECOMMENDATION_OVERRIDE,SFM_DISAGREEMENT,IMPUTED_USAGE_FEATURES",High,0.65,"Source algorithm recommends 0 but the part carries risk (lead time 63d, on-hand 2); protective stock proposed instead of zero. candidate source proposes 0 vs current 1.",rules-only,0.2.0-tcb,10000.0,False,False,False,False,False,True,False,False,False,False,True,False,False,True,False,True,"TRACE SENSOR, HYDROGEN-TOLERANT VERSION",2500.0,63.0
500749887,1,1,0,Y,Maintain,"ZERO_RECOMMENDATION_OVERRIDE,AD_HOC_CONSUMPTION_RISK,SFM_DISAGREEMENT,IMPUTED_USAGE_FEATURES",Medium,0.55,"Source algorithm recommends 0 but the part carries risk (lead time 63d, on-hand 0); protective stock proposed instead of zero. candidate source proposes 0 vs current 1.",rules-only,0.2.0-tcb,1080.0,False,False,False,False,False,False,False,False,False,False,True,True,False,True,False,True,LEVEL SENSOR W STAINLESS STEEL TUBING,1080.0,63.0
500750225,1,1,0,Y,Increase,"NO_RECENT_USAGE,ZERO_RECOMMENDATION_OVERRIDE,AD_HOC_CONSUMPTION_RISK,IMPUTED_USAGE_FEATURES",Medium,0.65,"Source algorithm recommends 0 but the part carries risk (lead time 65d, on-hand 0); protective stock proposed instead of zero.",rules-only,0.2.0-tcb,1616.0,False,False,False,False,False,False,True,False,False,False,True,True,False,False,False,True,NI USB 6525 DAQ DEVICE,1616.0,65.0
500750226,0,0,0,N,Maintain,"NO_RECENT_USAGE,IMPUTED_USAGE_FEATURES",Low,0.65,No recent usage; imputed usage features.,rules-only,0.2.0-tcb,0.0,False,False,False,False,False,False,True,False,False,False,False,False,False,False,False,True,APPJ SEPARATING STRIP CABLE CHAIN,402.02,20.0
500750227,0,0,0,N,Maintain,"NO_RECENT_USAGE,IMPUTED_USAGE_FEATURES",Low,0.65,No recent usage; imputed usage features.,rules-only,0.2.0-tcb,0.0,False,False,False,False,False,False,True,False,False,False,False,False,False,False,False,True,APPJ OPENING BAR CABLE CHAIN,86.8,20.0
500750265,0,0,0,N,Maintain,"NO_RECENT_USAGE,IMPUTED_USAGE_FEATURES",Low,0.65,No recent usage; imputed usage features.,rules-only,0.2.0-tcb,0.0,False,False,False,False,False,False,True,False,False,False,False,False,False,False,False,True,ADJUSTABLE TAPE COVER V2 FIREBIRD-UGK,105.0,35.0
500751478,1,1,0,Y,Maintain,"NO_RECENT_USAGE,INSUFFICIENT_DATA,ZERO_RECOMMENDATION_OVERRIDE,AD_HOC_CONSUMPTION_RISK,SFM_DISAGREEMENT,IMPUTED_USAGE_FEATURES",Medium,0.4,"Source algorithm recommends 0 but the part carries risk (lead time 56d, on-hand 1); protective stock proposed instead of zero. candidate source proposes 0 vs current 1.",rules-only,0.2.0-tcb,1226.0,False,False,False,False,False,False,True,False,False,True,True,True,False,True,False,True,"TRACE,LEVEL,O2,SENSOR,FOR,EC911,EC913",1226.0,56.0
500752463,1,1,0,Y,Increase,"NO_RECENT_USAGE,ZERO_RECOMMENDATION_OVERRIDE,AD_HOC_CONSUMPTION_RISK,IMPUTED_USAGE_FEATURES",Medium,0.65,"Source algorithm recommends 0 but the part carries risk (lead time 85d, on-hand 1); protective stock proposed instead of zero.",rules-only,0.2.0-tcb,70.0,False,False,False,False,False,False,True,False,False,False,True,True,False,False,False,True,I/P SHUTTLER LT FLEX CABLE,70.0,85.0
500752477,1,1,0,Y,Maintain,"LONG_LEAD_TIME_RISK,NO_RECENT_USAGE,ZERO_RECOMMENDATION_OVERRIDE",Medium,0.9,"Source algorithm recommends 0 but the part carries risk (lead time 85d, on-hand 1); protective stock proposed instead of zero.",rules-only,0.2.0-tcb,413.0,False,False,False,False,False,True,True,False,False,False,True,False,False,False,False,False,19.5 WIDESCREEN LCD MONITOR,413.0,85.0
500752585,1,1,0,Y,Increase,"NO_RECENT_USAGE,ZERO_RECOMMENDATION_OVERRIDE,AD_HOC_CONSUMPTION_RISK,IMPUTED_USAGE_FEATURES",Medium,0.65,"Source algorithm recommends 0 but the part carries risk (lead time 65d, on-hand 1); protective stock proposed instead of zero.",rules-only,0.2.0-tcb,2599.0,False,False,False,False,False,False,True,False,False,False,True,True,False,False,False,True,EIS DAQ ASSY,2599.0,65.0
500753234,1,1,0,Y,Increase,"HIGH_COST_INCREASE_REVIEW,LONG_LEAD_TIME_RISK,NO_RECENT_USAGE,ZERO_RECOMMENDATION_OVERRIDE,SFM_DISAGREEMENT",High,0.8,"Source algorithm recommends 0 but the part carries risk (lead time 45d, on-hand 0); protective stock proposed instead of zero. candidate source proposes 1 vs current 0.",rules-only,0.2.0-tcb,8719.0,False,False,False,True,False,True,True,False,False,False,True,False,False,True,False,False,"BB CATALYST KIT, SANITARY",8719.0,45.0
500754375,1,1,0,Y,Increase,"NO_RECENT_USAGE,ABANDONED_TOOL,ZERO_RECOMMENDATION_OVERRIDE,AD_HOC_CONSUMPTION_RISK,IMPUTED_USAGE_FEATURES",Medium,0.65,"Source algorithm recommends 0 but the part carries risk (lead time 55d, on-hand 0); protective stock proposed instead of zero.",rules-only,0.2.0-tcb,727.5,False,False,False,False,False,False,True,True,False,False,True,True,False,False,False,True,BS PEDESTAL CLEANING,727.5,55.0
500754383,1,1,0,Y,Increase,"NO_RECENT_USAGE,ZERO_RECOMMENDATION_OVERRIDE,AD_HOC_CONSUMPTION_RISK,IMPUTED_USAGE_FEATURES",Medium,0.65,"Source algorithm recommends 0 but the part carries risk (lead time 95d, on-hand 1); protective stock proposed instead of zero.",rules-only,0.2.0-tcb,639.0,False,False,False,False,False,False,True,False,False,False,True,True,False,False,False,True,AKBEW FLOW METER UGK,639.0,95.0
500756577,3,2,0,Y,Increase,"INSUFFICIENT_DATA,IMPUTED_USAGE_FEATURES",Low,0.6,Insufficient data; imputed usage features.,rules-only,0.2.0-tcb,1984.5,False,False,False,False,False,False,False,False,False,True,False,False,False,False,False,True,TORQUE WRENCH 10-50NM FOR NOZZLE HEAD,661.5,30.0
500758642,0,0,0,N,Maintain,"NO_RECENT_USAGE,ABANDONED_TOOL,IMPUTED_USAGE_FEATURES",Low,0.65,No recent usage; abandoned tool; imputed usage features.,rules-only,0.2.0-tcb,0.0,False,False,False,False,False,False,True,True,False,False,False,False,False,False,False,True,PAN SCREW ¼-20 ZEVA GRAY (M6X1.0),2.63,15.0
500758643,0,0,0,N,Maintain,"NO_RECENT_USAGE,ABANDONED_TOOL,IMPUTED_USAGE_FEATURES",Low,0.65,No recent usage; abandoned tool; imputed usage features.,rules-only,0.2.0-tcb,0.0,False,False,False,False,False,False,True,True,False,False,False,False,False,False,False,True,MALE BRANCH TEE,48.0,30.0
500758644,0,0,0,N,Maintain,"NO_RECENT_USAGE,ABANDONED_TOOL,IMPUTED_USAGE_FEATURES",Low,0.65,No recent usage; abandoned tool; imputed usage features.,rules-only,0.2.0-tcb,0.0,False,False,False,False,False,False,True,True,False,False,False,False,False,False,False,True,IMPOLENE TUBING 12MM,20.25,25.0
500758645,0,0,0,N,Maintain,"NO_RECENT_USAGE,ABANDONED_TOOL,IMPUTED_USAGE_FEATURES",Low,0.65,No recent usage; abandoned tool; imputed usage features.,rules-only,0.2.0-tcb,0.0,False,False,False,False,False,False,True,True,False,False,False,False,False,False,False,True,"SILICONE RUBBER HOSE, 1"" ID",176.4,35.0
500758646,0,0,0,N,Maintain,"NO_RECENT_USAGE,ABANDONED_TOOL,IMPUTED_USAGE_FEATURES",Low,0.65,No recent usage; abandoned tool; imputed usage features.,rules-only,0.2.0-tcb,0.0,False,False,False,False,False,False,True,True,False,False,False,False,False,False,False,True,BLUE LENS,30.45,20.0
500758647,1,1,0,Y,Increase,"NO_RECENT_USAGE,ZERO_RECOMMENDATION_OVERRIDE,AD_HOC_CONSUMPTION_RISK,IMPUTED_USAGE_FEATURES",Medium,0.65,"Source algorithm recommends 0 but the part carries risk (lead time 70d, on-hand 0); protective stock proposed instead of zero.",rules-only,0.2.0-tcb,22.58,False,False,False,False,False,False,True,False,False,False,True,True,False,False,False,True,"1 1/2"", PANDUIT LOOM TUBING FOR S2S8",22.58,70.0
500758648,0,0,0,N,Maintain,"NO_RECENT_USAGE,ABANDONED_TOOL,IMPUTED_USAGE_FEATURES",Low,0.65,No recent usage; abandoned tool; imputed usage features.,rules-only,0.2.0-tcb,0.0,False,False,False,False,False,False,True,True,False,False,False,False,False,False,False,True,"1"" BLNKT INSLTN- 25MM*610MM*7320MM",199.5,25.0
500758649,0,0,0,N,Maintain,"NO_RECENT_USAGE,ABANDONED_TOOL,IMPUTED_USAGE_FEATURES",Low,0.65,No recent usage; abandoned tool; imputed usage features.,rules-only,0.2.0-tcb,0.0,False,False,False,False,False,False,True,True,False,False,False,False,False,False,False,True,FERRULE - 12AWG WIRE - HEATER WIRE,1.05,25.0
500758650,0,0,0,N,Maintain,"NO_RECENT_USAGE,ABANDONED_TOOL,IMPUTED_USAGE_FEATURES",Low,0.65,No recent usage; abandoned tool; imputed usage features.,rules-only,0.2.0-tcb,0.0,False,False,False,False,False,False,True,True,False,False,False,False,False,False,False,True,INSULATED FERRULE,3.35,20.0
500758651,0,0,0,N,Maintain,"NO_RECENT_USAGE,ABANDONED_TOOL,IMPUTED_USAGE_FEATURES",Low,0.65,No recent usage; abandoned tool; imputed usage features.,rules-only,0.2.0-tcb,0.0,False,False,False,False,False,False,True,True,False,False,False,False,False,False,False,True,SCR.CLAMP TERM.22-12 #170706,26.0,25.0
500758658,0,0,0,Y,Maintain,"NO_RECENT_USAGE,ABANDONED_TOOL,IMPUTED_USAGE_FEATURES",Medium,0.65,No recent usage; abandoned tool; imputed usage features.,rules-only,0.2.0-tcb,0.0,False,False,False,False,False,False,True,True,False,False,False,False,False,False,False,True,TRANSFORMER 10KVA #10S67F,3969.0,40.0
500758659,0,0,0,Y,Maintain,"NO_RECENT_USAGE,ABANDONED_TOOL,IMPUTED_USAGE_FEATURES",Medium,0.65,No recent usage; abandoned tool; imputed usage features.,rules-only,0.2.0-tcb,0.0,False,False,False,False,False,False,True,True,False,False,False,False,False,False,False,True,ERGONOMIC ARTICULATED ARM S2-S8,1918.35,25.0
500758660,0,0,0,N,Maintain,"NO_RECENT_USAGE,ABANDONED_TOOL,IMPUTED_USAGE_FEATURES",Low,0.65,No recent usage; abandoned tool; imputed usage features.,rules-only,0.2.0-tcb,0.0,False,False,False,False,False,False,True,True,False,False,False,False,False,False,False,True,LEVELER,89.0,20.0
500758662,0,0,0,N,Maintain,"NO_RECENT_USAGE,ABANDONED_TOOL,IMPUTED_USAGE_FEATURES",Low,0.65,No recent usage; abandoned tool; imputed usage features.,rules-only,0.2.0-tcb,0.0,False,False,False,False,False,False,True,True,False,False,False,False,False,False,False,True,3AWG POWER LUG,31.0,30.0
500758663,0,0,0,N,Maintain,"NO_RECENT_USAGE,ABANDONED_TOOL,IMPUTED_USAGE_FEATURES",Low,0.65,No recent usage; abandoned tool; imputed usage features.,rules-only,0.2.0-tcb,0.0,False,False,False,False,False,False,True,True,False,False,False,False,False,False,False,True,3AWG FERRULE,1.5,30.0
500758664,0,0,0,N,Maintain,"NO_RECENT_USAGE,ABANDONED_TOOL,IMPUTED_USAGE_FEATURES",Low,0.65,No recent usage; abandoned tool; imputed usage features.,rules-only,0.2.0-tcb,0.0,False,False,False,False,False,False,True,True,False,False,False,False,False,False,False,True,SHRINK TUBER,3.0,20.0
500758666,0,0,0,N,Maintain,"NO_RECENT_USAGE,ABANDONED_TOOL,IMPUTED_USAGE_FEATURES",Low,0.65,No recent usage; abandoned tool; imputed usage features.,rules-only,0.2.0-tcb,0.0,False,False,False,False,False,False,True,True,False,False,False,False,False,False,False,True,"SHOULDER BOLT, MISUMI",51.45,20.0
500758667,0,0,0,N,Maintain,"NO_RECENT_USAGE,ABANDONED_TOOL,IMPUTED_USAGE_FEATURES",Low,0.65,No recent usage; abandoned tool; imputed usage features.,rules-only,0.2.0-tcb,0.0,False,False,False,False,False,False,True,True,False,False,False,False,False,False,False,True,"WASHER, MISUMI",28.35,20.0
500758668,0,0,0,N,Maintain,"NO_RECENT_USAGE,ABANDONED_TOOL,IMPUTED_USAGE_FEATURES",Low,0.65,No recent usage; abandoned tool; imputed usage features.,rules-only,0.2.0-tcb,0.0,False,False,False,False,False,False,True,True,False,False,False,False,False,False,False,True,SERIAL Y-SPLITTER CABLE 1FT,33.08,25.0
500758669,0,0,0,N,Maintain,"NO_RECENT_USAGE,ABANDONED_TOOL,IMPUTED_USAGE_FEATURES",Low,0.65,No recent usage; abandoned tool; imputed usage features.,rules-only,0.2.0-tcb,0.0,False,False,False,False,False,False,True,True,False,False,False,False,False,False,False,True,FLANGED METAL WASHER,53.0,25.0
500758670,0,0,0,N,Maintain,"NO_RECENT_USAGE,ABANDONED_TOOL,IMPUTED_USAGE_FEATURES",Low,0.65,No recent usage; abandoned tool; imputed usage features.,rules-only,0.2.0-tcb,0.0,False,False,False,False,False,False,True,True,False,False,False,False,False,False,False,True,"DUAL SERIAL CARD ""RS-200P""",83.48,25.0
500758671,0,0,0,N,Maintain,"NO_RECENT_USAGE,ABANDONED_TOOL,IMPUTED_USAGE_FEATURES",Low,0.65,No recent usage; abandoned tool; imputed usage features.,rules-only,0.2.0-tcb,0.0,False,False,False,False,False,False,True,True,False,False,False,False,False,False,False,True,"T/C INPUT CONNECTOR, 8 POLE",15.75,25.0
500758692,0,0,0,N,Maintain,"NO_RECENT_USAGE,ABANDONED_TOOL,IMPUTED_USAGE_FEATURES",Low,0.65,No recent usage; abandoned tool; imputed usage features.,rules-only,0.2.0-tcb,0.0,False,False,False,False,False,False,True,True,False,False,False,False,False,False,False,True,"OUTER BOX WLDM, 9.75""X30"", 2017,W/O EXH",813.75,30.0
500758693,0,0,0,N,Maintain,"NO_RECENT_USAGE,ABANDONED_TOOL,IMPUTED_USAGE_FEATURES",Low,0.65,No recent usage; abandoned tool; imputed usage features.,rules-only,0.2.0-tcb,0.0,False,False,False,False,False,False,True,True,False,False,False,False,False,False,False,True,"OUTER BOX WLDM, 9.75""X30"", 2017, W/EXH",813.75,25.0
500758694,0,0,0,Y,Maintain,"NO_RECENT_USAGE,ABANDONED_TOOL,IMPUTED_USAGE_FEATURES",Medium,0.65,No recent usage; abandoned tool; imputed usage features.,rules-only,0.2.0-tcb,0.0,False,False,False,False,False,False,True,True,False,False,False,False,False,False,False,True,"9.75"" X 30"" SD ASSY, MK3V",1876.35,25.0
500758695,0,0,0,Y,Maintain,"NO_RECENT_USAGE,ABANDONED_TOOL,IMPUTED_USAGE_FEATURES",Medium,0.65,No recent usage; abandoned tool; imputed usage features.,rules-only,0.2.0-tcb,0.0,False,False,False,False,False,False,True,True,False,False,False,False,False,False,False,True,"9.75"" X 30"" SD ASSY, MK3V",1876.35,25.0
500758696,0,0,0,Y,Maintain,"NO_RECENT_USAGE,ABANDONED_TOOL,IMPUTED_USAGE_FEATURES",Medium,0.65,No recent usage; abandoned tool; imputed usage features.,rules-only,0.2.0-tcb,0.0,False,False,False,False,False,False,True,True,False,False,False,False,False,False,False,True,"9.75"" X 30"" SD ASSY, MK3V",1876.35,25.0
500758697,0,0,0,Y,Maintain,"NO_RECENT_USAGE,ABANDONED_TOOL,IMPUTED_USAGE_FEATURES",Medium,0.65,No recent usage; abandoned tool; imputed usage features.,rules-only,0.2.0-tcb,0.0,False,False,False,False,False,False,True,True,False,False,False,False,False,False,False,True,"9.75"" X 30"" SD ASSY, MK3V",1876.35,25.0
500758698,0,0,0,N,Maintain,"NO_RECENT_USAGE,ABANDONED_TOOL,IMPUTED_USAGE_FEATURES",Low,0.65,No recent usage; abandoned tool; imputed usage features.,rules-only,0.2.0-tcb,0.0,False,False,False,False,False,False,True,True,False,False,False,False,False,False,False,True,"TOP OUTR GRIL,9.75""X30"" BFM,5"" IMP,MK3.5",180.6,25.0
500758699,0,0,0,N,Maintain,"NO_RECENT_USAGE,ABANDONED_TOOL,IMPUTED_USAGE_FEATURES",Low,0.65,No recent usage; abandoned tool; imputed usage features.,rules-only,0.2.0-tcb,0.0,False,False,False,False,False,False,True,True,False,False,False,False,False,False,False,True,"BTM OUTER GRIL,9.75""X30""BFM,5"" IMP,MK3.5",198.45,25.0
500758700,0,0,0,N,Maintain,"NO_RECENT_USAGE,ABANDONED_TOOL,IMPUTED_USAGE_FEATURES",Low,0.65,No recent usage; abandoned tool; imputed usage features.,rules-only,0.2.0-tcb,0.0,False,False,False,False,False,False,True,True,False,False,False,False,False,False,False,True,"TOP OUTER GRILL WN 10.77"" X30"" SD",236.25,25.0
500758701,0,0,0,N,Maintain,"NO_RECENT_USAGE,ABANDONED_TOOL,IMPUTED_USAGE_FEATURES",Low,0.65,No recent usage; abandoned tool; imputed usage features.,rules-only,0.2.0-tcb,0.0,False,False,False,False,False,False,True,True,False,False,False,False,False,False,False,True,"BOTTOM OUTER GRILL WN 10.77"" X30"" SD",257.25,25.0
500758709,0,0,0,N,Maintain,"NO_RECENT_USAGE,ABANDONED_TOOL,IMPUTED_USAGE_FEATURES",Low,0.65,No recent usage; abandoned tool; imputed usage features.,rules-only,0.2.0-tcb,0.0,False,False,False,False,False,False,True,True,False,False,False,False,False,False,False,True,"THERMOCOUPLE ASSY, HEATED GRILL",40.0,20.0
500758710,0,0,0,N,Maintain,"NO_RECENT_USAGE,ABANDONED_TOOL,IMPUTED_USAGE_FEATURES",Low,0.65,No recent usage; abandoned tool; imputed usage features.,rules-only,0.2.0-tcb,0.0,False,False,False,False,False,False,True,True,False,False,False,False,False,False,False,True,"THERMOCOUPLE ASSY, HEATED GRILL",29.0,20.0
500758711,0,0,0,N,Maintain,"NO_RECENT_USAGE,ABANDONED_TOOL,IMPUTED_USAGE_FEATURES",Low,0.65,No recent usage; abandoned tool; imputed usage features.,rules-only,0.2.0-tcb,0.0,False,False,False,False,False,False,True,True,False,False,False,False,False,False,False,True,"HEAT SHRINK TUBE 150MM FOR 3"" HOSE",54.6,25.0
500758712,0,0,0,N,Maintain,"NO_RECENT_USAGE,ABANDONED_TOOL,IMPUTED_USAGE_FEATURES",Low,0.65,No recent usage; abandoned tool; imputed usage features.,rules-only,0.2.0-tcb,0.0,False,False,False,False,False,False,True,True,False,False,False,False,False,False,False,True,"180MM, HEAT SHRINKABLE  TUBING",98.0,25.0
500758714,0,0,0,N,Maintain,"NO_RECENT_USAGE,ABANDONED_TOOL,IMPUTED_USAGE_FEATURES",Low,0.65,No recent usage; abandoned tool; imputed usage features.,rules-only,0.2.0-tcb,0.0,False,False,False,False,False,False,True,True,False,False,False,False,False,False,False,True,"ROLLER, 35MM DIA 22"" FW, 1/4"" ROUND AXLE",52.5,20.0
500758715,0,0,0,N,Maintain,"NO_RECENT_USAGE,ABANDONED_TOOL,IMPUTED_USAGE_FEATURES",Low,0.65,No recent usage; abandoned tool; imputed usage features.,rules-only,0.2.0-tcb,0.0,False,False,False,False,False,False,True,True,False,False,False,False,False,False,False,True,"KEY SWITCH, 3 POS, RIGHT TO CENTER",168.0,25.0
500758716,0,0,0,N,Maintain,"NO_RECENT_USAGE,ABANDONED_TOOL,IMPUTED_USAGE_FEATURES",Low,0.65,No recent usage; abandoned tool; imputed usage features.,rules-only,0.2.0-tcb,0.0,False,False,False,False,False,False,True,True,False,False,False,False,False,False,False,True,"SPRING COMP., 3/8"" OD X 20"" LG SUS",25.2,20.0
500758717,0,0,0,N,Maintain,"NO_RECENT_USAGE,ABANDONED_TOOL,IMPUTED_USAGE_FEATURES",Low,0.65,No recent usage; abandoned tool; imputed usage features.,rules-only,0.2.0-tcb,0.0,False,False,False,False,False,False,True,True,False,False,False,False,False,False,False,True,CAT 6 CABLE 1M,19.95,20.0
500758718,0,0,0,N,Maintain,"NO_RECENT_USAGE,ABANDONED_TOOL,IMPUTED_USAGE_FEATURES",Low,0.65,No recent usage; abandoned tool; imputed usage features.,rules-only,0.2.0-tcb,0.0,False,False,False,False,False,False,True,True,False,False,False,False,False,False,False,True,CAT 6 CABLE 2M,28.35,20.0
500758719,0,0,0,N,Maintain,"NO_RECENT_USAGE,ABANDONED_TOOL,IMPUTED_USAGE_FEATURES",Low,0.65,No recent usage; abandoned tool; imputed usage features.,rules-only,0.2.0-tcb,0.0,False,False,False,False,False,False,True,True,False,False,False,False,False,False,False,True,CAT 6 CABLE 5M,39.9,20.0
500758720,0,0,0,N,Maintain,"NO_RECENT_USAGE,ABANDONED_TOOL,IMPUTED_USAGE_FEATURES",Low,0.65,No recent usage; abandoned tool; imputed usage features.,rules-only,0.2.0-tcb,0.0,False,False,False,False,False,False,True,True,False,False,False,False,False,False,False,True,EXTERNAL RETAININGRING- 228014,1.5,20.0
500758723,0,0,0,N,Maintain,"NO_RECENT_USAGE,ABANDONED_TOOL,IMPUTED_USAGE_FEATURES",Low,0.65,No recent usage; abandoned tool; imputed usage features.,rules-only,0.2.0-tcb,0.0,False,False,False,False,False,False,True,True,False,False,False,False,False,False,False,True,"POWERWIRE FITTINGASSY, NITRO",169.0,20.0
500758724,0,0,0,N,Maintain,"NO_RECENT_USAGE,ABANDONED_TOOL,IMPUTED_USAGE_FEATURES",Low,0.65,No recent usage; abandoned tool; imputed usage features.,rules-only,0.2.0-tcb,0.0,False,False,False,False,False,False,True,True,False,False,False,False,False,False,False,True,SNIFFER TUBE SEAL CAP,56.7,25.0
500758725,0,0,0,N,Maintain,"NO_RECENT_USAGE,ABANDONED_TOOL,IMPUTED_USAGE_FEATURES",Low,0.65,No recent usage; abandoned tool; imputed usage features.,rules-only,0.2.0-tcb,0.0,False,False,False,False,False,False,True,True,False,False,False,False,False,False,False,True,SNIFFER TUBE SS 10MM OD,11.55,25.0
500758733,0,0,0,N,Maintain,"NO_RECENT_USAGE,ABANDONED_TOOL,IMPUTED_USAGE_FEATURES",Low,0.65,No recent usage; abandoned tool; imputed usage features.,rules-only,0.2.0-tcb,0.0,False,False,False,False,False,False,True,True,False,False,False,False,False,False,False,True,POWERWIRE & N2 INLET,96.0,20.0
500758734,0,0,0,N,Maintain,"NO_RECENT_USAGE,ABANDONED_TOOL,IMPUTED_USAGE_FEATURES",Low,0.65,No recent usage; abandoned tool; imputed usage features.,rules-only,0.2.0-tcb,0.0,False,False,False,False,False,False,True,True,False,False,False,False,False,False,False,True,"PACKING NUT, (N2 POWERWIRE FITTING)",19.5,20.0
500758735,0,0,0,N,Maintain,"NO_RECENT_USAGE,ABANDONED_TOOL,IMPUTED_USAGE_FEATURES",Low,0.65,No recent usage; abandoned tool; imputed usage features.,rules-only,0.2.0-tcb,0.0,False,False,False,False,False,False,True,True,False,False,False,False,False,False,False,True,CAP PLATE,3.0,20.0
500758737,0,0,0,N,Maintain,"NO_RECENT_USAGE,ABANDONED_TOOL,IMPUTED_USAGE_FEATURES",Low,0.65,No recent usage; abandoned tool; imputed usage features.,rules-only,0.2.0-tcb,0.0,False,False,False,False,False,False,True,True,False,False,False,False,False,False,False,True,"GLAND, POWERWIRE",2.0,20.0
500758766,0,0,0,N,Maintain,"NO_RECENT_USAGE,ABANDONED_TOOL,IMPUTED_USAGE_FEATURES",Low,0.65,No recent usage; abandoned tool; imputed usage features.,rules-only,0.2.0-tcb,0.0,False,False,False,False,False,False,True,True,False,False,False,False,False,False,False,True,"CONTACTOR 4P, 12A, 24VAC",75.6,25.0
500758772,0,0,0,N,Maintain,"NO_RECENT_USAGE,ABANDONED_TOOL,IMPUTED_USAGE_FEATURES",Low,0.65,No recent usage; abandoned tool; imputed usage features.,rules-only,0.2.0-tcb,0.0,False,False,False,False,False,False,True,True,False,False,False,False,False,False,False,True,SERIAL CABLE HC2/HC2,63.0,20.0
500758774,0,0,0,N,Maintain,"NO_RECENT_USAGE,ABANDONED_TOOL,IMPUTED_USAGE_FEATURES",Low,0.65,No recent usage; abandoned tool; imputed usage features.,rules-only,0.2.0-tcb,0.0,False,False,False,False,False,False,True,True,False,False,False,False,False,False,False,True,"LIGHT TOWER ASSEMBLY, 3 STAGE LED",924.0,20.0
500758775,0,0,0,N,Maintain,"NO_RECENT_USAGE,ABANDONED_TOOL,IMPUTED_USAGE_FEATURES",Low,0.65,No recent usage; abandoned tool; imputed usage features.,rules-only,0.2.0-tcb,0.0,False,False,False,False,False,False,True,True,False,False,False,False,False,False,False,True,"FLEX CONNECTTOR, 4"" COIL PIPE INLET",351.75,30.0
500758776,0,0,0,N,Maintain,"NO_RECENT_USAGE,ABANDONED_TOOL,IMPUTED_USAGE_FEATURES",Low,0.65,No recent usage; abandoned tool; imputed usage features.,rules-only,0.2.0-tcb,0.0,False,False,False,False,False,False,True,True,False,False,False,False,False,False,False,True,"OUTER PIPE, COIL COOLING, 4""",643.0,45.0
500758777,0,0,0,N,Maintain,"NO_RECENT_USAGE,ABANDONED_TOOL,IMPUTED_USAGE_FEATURES",Low,0.65,No recent usage; abandoned tool; imputed usage features.,rules-only,0.2.0-tcb,0.0,False,False,False,False,False,False,True,True,False,False,False,False,False,False,False,True,"REDUCER, CLAMP FITTING, 4""- 3""",97.65,50.0
500758778,0,0,0,N,Maintain,"NO_RECENT_USAGE,ABANDONED_TOOL,IMPUTED_USAGE_FEATURES",Low,0.65,No recent usage; abandoned tool; imputed usage features.,rules-only,0.2.0-tcb,0.0,False,False,False,False,False,False,True,True,False,False,False,False,False,False,False,True,"4"" FLEX HOSE, COIL PIPE IN",301.35,30.0
500758795,0,0,0,N,Maintain,"NO_RECENT_USAGE,ABANDONED_TOOL,IMPUTED_USAGE_FEATURES",Low,0.65,No recent usage; abandoned tool; imputed usage features.,rules-only,0.2.0-tcb,0.0,False,False,False,False,False,False,True,True,False,False,False,False,False,False,False,True,"BRACK, ADJ, TOP COIL PIPE, 2017",30.45,30.0
500758797,0,0,0,N,Maintain,"NO_RECENT_USAGE,ABANDONED_TOOL,IMPUTED_USAGE_FEATURES",Low,0.65,No recent usage; abandoned tool; imputed usage features.,rules-only,0.2.0-tcb,0.0,False,False,False,False,False,False,True,True,False,False,False,False,False,False,False,True,"BRACKET, SEISMIC RESTRAINT",35.7,20.0
500758801,0,0,0,N,Maintain,"NO_RECENT_USAGE,ABANDONED_TOOL,IMPUTED_USAGE_FEATURES",Low,0.65,No recent usage; abandoned tool; imputed usage features.,rules-only,0.2.0-tcb,0.0,False,False,False,False,False,False,True,True,False,False,False,False,False,False,False,True,"GRILL STIFFENER, 9-3/4 MODULE, BOTTOM",15.75,20.0
500758803,0,0,0,N,Maintain,"NO_RECENT_USAGE,ABANDONED_TOOL,IMPUTED_USAGE_FEATURES",Low,0.65,No recent usage; abandoned tool; imputed usage features.,rules-only,0.2.0-tcb,0.0,False,False,False,False,False,False,True,True,False,False,False,False,False,False,False,True,"GRILL STIFFENER, 9.75 MODULE, TOP",15.75,20.0
500758804,0,0,0,N,Maintain,"NO_RECENT_USAGE,ABANDONED_TOOL,IMPUTED_USAGE_FEATURES",Low,0.65,No recent usage; abandoned tool; imputed usage features.,rules-only,0.2.0-tcb,0.0,False,False,False,False,False,False,True,True,False,False,False,False,False,False,False,True,"GRILL STIFFENER, 10.8"" MODULE, TOP",15.75,25.0
500758805,0,0,0,N,Maintain,"NO_RECENT_USAGE,ABANDONED_TOOL,IMPUTED_USAGE_FEATURES",Low,0.65,No recent usage; abandoned tool; imputed usage features.,rules-only,0.2.0-tcb,0.0,False,False,False,False,False,False,True,True,False,False,False,False,False,False,False,True,"MONITORING T/C GAUGE, 35MM PASS HEIGHT",75.6,20.0
500758806,0,0,0,N,Maintain,"NO_RECENT_USAGE,ABANDONED_TOOL,IMPUTED_USAGE_FEATURES",Low,0.65,No recent usage; abandoned tool; imputed usage features.,rules-only,0.2.0-tcb,0.0,False,False,False,False,False,False,True,True,False,False,False,False,False,False,False,True,"CLAMP COLLAR ASSY,TOP SHELL SHIFTING",48.3,25.0
500758807,0,0,0,N,Maintain,"NO_RECENT_USAGE,ABANDONED_TOOL,IMPUTED_USAGE_FEATURES",Low,0.65,No recent usage; abandoned tool; imputed usage features.,rules-only,0.2.0-tcb,0.0,False,False,False,False,False,False,True,True,False,False,False,False,False,False,False,True,"SIDE CHAIN BELT ASSY, 510MM BOARD, 2""",76.65,30.0
500758824,0,0,0,N,Maintain,"NO_RECENT_USAGE,ABANDONED_TOOL,IMPUTED_USAGE_FEATURES",Low,0.65,No recent usage; abandoned tool; imputed usage features.,rules-only,0.2.0-tcb,0.0,False,False,False,False,False,False,True,True,False,False,False,False,False,False,False,True,"SIDE CHAIN WEAR ROD ASSY, 3MM, MIDDLE",351.75,20.0
500758826,0,0,0,N,Maintain,"NO_RECENT_USAGE,ABANDONED_TOOL,IMPUTED_USAGE_FEATURES",Low,0.65,No recent usage; abandoned tool; imputed usage features.,rules-only,0.2.0-tcb,0.0,False,False,False,False,False,False,True,True,False,False,False,False,False,False,False,True,"CLUTCH SPROCKET, 35A35, H.T.",137.0,30.0
500758828,0,0,0,N,Maintain,"NO_RECENT_USAGE,ABANDONED_TOOL,IMPUTED_USAGE_FEATURES",Low,0.65,No recent usage; abandoned tool; imputed usage features.,rules-only,0.2.0-tcb,0.0,False,False,False,False,False,False,True,True,False,False,False,False,False,False,False,True,SENSOR TUBE,3.0,20.0
500758831,0,0,0,N,Maintain,"NO_RECENT_USAGE,ABANDONED_TOOL,IMPUTED_USAGE_FEATURES",Low,0.65,No recent usage; abandoned tool; imputed usage features.,rules-only,0.2.0-tcb,0.0,False,False,False,False,False,False,True,True,False,False,False,False,False,False,False,True,SENSOR TUBE,5.5,20.0
500758833,0,0,0,N,Maintain,"NO_RECENT_USAGE,ABANDONED_TOOL,IMPUTED_USAGE_FEATURES",Low,0.65,No recent usage; abandoned tool; imputed usage features.,rules-only,0.2.0-tcb,0.0,False,False,False,False,False,False,True,True,False,False,False,False,False,False,False,True,LOW COST SNIFFER TUBE-FORMIC,56.0,20.0
500758834,0,0,0,N,Maintain,"NO_RECENT_USAGE,ABANDONED_TOOL,IMPUTED_USAGE_FEATURES",Low,0.65,No recent usage; abandoned tool; imputed usage features.,rules-only,0.2.0-tcb,0.0,False,False,False,False,False,False,True,True,False,False,False,False,False,False,False,True,"WIRE, 18AWG WHITE",1.05,20.0
500758836,1,1,0,Y,Maintain,"NO_RECENT_USAGE,ZERO_RECOMMENDATION_OVERRIDE,SFM_DISAGREEMENT",Medium,0.7,"Source algorithm recommends 0 but the part carries risk (lead time 30d, on-hand 5); protective stock proposed instead of zero. candidate source proposes 0 vs current 1.",rules-only,0.2.0-tcb,9.0,False,False,False,False,False,False,True,False,False,False,True,False,False,True,False,False,T/C FEMALE CONNECTOR,9.0,30.0
500758837,0,0,0,N,Maintain,"NO_RECENT_USAGE,ABANDONED_TOOL,IMPUTED_USAGE_FEATURES",Low,0.65,No recent usage; abandoned tool; imputed usage features.,rules-only,0.2.0-tcb,0.0,False,False,False,False,False,False,True,True,False,False,False,False,False,False,False,True,THERMOCOUPLE WIRE TYPE K,9.89,20.0
500758838,0,0,0,N,Maintain,"NO_RECENT_USAGE,ABANDONED_TOOL,IMPUTED_USAGE_FEATURES",Low,0.65,No recent usage; abandoned tool; imputed usage features.,rules-only,0.2.0-tcb,0.0,False,False,False,False,False,False,True,True,False,False,False,False,False,False,False,True,3AWG WIRE,31.0,30.0
500758849,0,0,0,N,Maintain,"NO_RECENT_USAGE,ABANDONED_TOOL,IMPUTED_USAGE_FEATURES",Low,0.65,No recent usage; abandoned tool; imputed usage features.,rules-only,0.2.0-tcb,0.0,False,False,False,False,False,False,True,True,False,False,False,False,False,False,False,True,"TEFLON HOSE, 3/8 OD, 1/4 ID",15.3,20.0
500758851,3,2,0,Y,Increase,ZERO_RECOMMENDATION_OVERRIDE,Medium,0.9,"Source algorithm recommends 0 but the part carries risk (lead time 20d, on-hand 4); protective stock proposed instead of zero.",rules-only,0.2.0-tcb,52.77,False,False,False,False,False,False,False,False,False,False,True,False,False,False,False,False,"BULKHEAD UNION, 6MM TUBE",17.59,20.0
500758852,0,0,0,N,Maintain,"NO_RECENT_USAGE,ABANDONED_TOOL,IMPUTED_USAGE_FEATURES",Low,0.65,No recent usage; abandoned tool; imputed usage features.,rules-only,0.2.0-tcb,0.0,False,False,False,False,False,False,True,True,False,False,False,False,False,False,False,True,IMPOLENE TUBING 6MM,0.01,25.0
500758854,0,0,0,N,Maintain,"NO_RECENT_USAGE,ABANDONED_TOOL,IMPUTED_USAGE_FEATURES",Low,0.65,No recent usage; abandoned tool; imputed usage features.,rules-only,0.2.0-tcb,0.0,False,False,False,False,False,False,True,True,False,False,False,False,False,False,False,True,THERMOCOUPLE WIRE 24 GAGE,3.68,25.0
500758856,0,0,0,N,Maintain,"NO_RECENT_USAGE,ABANDONED_TOOL,IMPUTED_USAGE_FEATURES",Low,0.65,No recent usage; abandoned tool; imputed usage features.,rules-only,0.2.0-tcb,0.0,False,False,False,False,False,False,True,True,False,False,False,False,False,False,False,True,"12AWG HIGH TEMP WIRE, RED",16.75,25.0
500758858,0,0,0,N,Maintain,"NO_RECENT_USAGE,ABANDONED_TOOL,IMPUTED_USAGE_FEATURES",Low,0.65,No recent usage; abandoned tool; imputed usage features.,rules-only,0.2.0-tcb,0.0,False,False,False,False,False,False,True,True,False,False,False,False,False,False,False,True,"12AWG HIGH TEMP WIRE, BLACK",16.75,25.0
500758859,0,0,0,N,Maintain,"NO_RECENT_USAGE,ABANDONED_TOOL,IMPUTED_USAGE_FEATURES",Low,0.65,No recent usage; abandoned tool; imputed usage features.,rules-only,0.2.0-tcb,0.0,False,False,False,False,False,False,True,True,False,False,False,False,False,False,False,True,"REGULATOR, 1/2"" BSPT (KOREAN MADE ONLY)",135.45,20.0
500758861,1,1,0,Y,Increase,"NO_RECENT_USAGE,ZERO_RECOMMENDATION_OVERRIDE,AD_HOC_CONSUMPTION_RISK,IMPUTED_USAGE_FEATURES",Medium,0.65,"Source algorithm recommends 0 but the part carries risk (lead time 70d, on-hand 0); protective stock proposed instead of zero.",rules-only,0.2.0-tcb,7.0,False,False,False,False,False,False,True,False,False,False,True,True,False,False,False,True,"1/4"" , PANDUIT LOOM TUBING FOR S2S8",7.0,70.0
500758862,1,1,0,Y,Increase,"NO_RECENT_USAGE,ZERO_RECOMMENDATION_OVERRIDE,AD_HOC_CONSUMPTION_RISK,IMPUTED_USAGE_FEATURES",Medium,0.65,"Source algorithm recommends 0 but the part carries risk (lead time 70d, on-hand 0); protective stock proposed instead of zero.",rules-only,0.2.0-tcb,8.0,False,False,False,False,False,False,True,False,False,False,True,True,False,False,False,True,"1/2"", PANDUIT LOOM TUBING FOR S2S8",8.0,70.0
500758863,1,1,0,Y,Increase,"NO_RECENT_USAGE,ZERO_RECOMMENDATION_OVERRIDE,AD_HOC_CONSUMPTION_RISK,IMPUTED_USAGE_FEATURES",Medium,0.65,"Source algorithm recommends 0 but the part carries risk (lead time 70d, on-hand 0); protective stock proposed instead of zero.",rules-only,0.2.0-tcb,12.6,False,False,False,False,False,False,True,False,False,False,True,True,False,False,False,True,"1"", PANDUIT LOOM TUBING FOR S2S8",12.6,70.0
500758864,0,0,0,N,Maintain,"NO_RECENT_USAGE,ABANDONED_TOOL,IMPUTED_USAGE_FEATURES",Low,0.65,No recent usage; abandoned tool; imputed usage features.,rules-only,0.2.0-tcb,0.0,False,False,False,False,False,False,True,True,False,False,False,False,False,False,False,True,DECO SCREW - M5X0.8X8MM LG,2.63,15.0
500758865,0,0,0,N,Maintain,"NO_RECENT_USAGE,ABANDONED_TOOL,IMPUTED_USAGE_FEATURES",Low,0.65,No recent usage; abandoned tool; imputed usage features.,rules-only,0.2.0-tcb,0.0,False,False,False,False,False,False,True,True,False,False,False,False,False,False,False,True,"CONTACTOR, 24VDC, 20A",165.9,25.0
500758866,0,0,0,Y,Maintain,"NO_RECENT_USAGE,ABANDONED_TOOL,IMPUTED_USAGE_FEATURES",Medium,0.65,No recent usage; abandoned tool; imputed usage features.,rules-only,0.2.0-tcb,0.0,False,False,False,False,False,False,True,True,False,False,False,False,False,False,False,True,TRANSFORMER 10KVA-480V #10S1F,2357.0,40.0
500758867,0,0,0,N,Maintain,"NO_RECENT_USAGE,ABANDONED_TOOL,IMPUTED_USAGE_FEATURES",Low,0.65,No recent usage; abandoned tool; imputed usage features.,rules-only,0.2.0-tcb,0.0,False,False,False,False,False,False,True,True,False,False,False,False,False,False,False,True,"SNAP DISC THERMOSTAT, 76.7°C NC",170.1,40.0
500758868,0,0,0,N,Maintain,"NO_RECENT_USAGE,ABANDONED_TOOL,IMPUTED_USAGE_FEATURES",Low,0.65,No recent usage; abandoned tool; imputed usage features.,rules-only,0.2.0-tcb,0.0,False,False,False,False,False,False,True,True,False,False,False,False,False,False,False,True,"SANITARY GASKET, 3"" PTFE",13.0,25.0
500758869,0,0,0,N,Maintain,"NO_RECENT_USAGE,ABANDONED_TOOL,IMPUTED_USAGE_FEATURES",Low,0.65,No recent usage; abandoned tool; imputed usage features.,rules-only,0.2.0-tcb,0.0,False,False,False,False,False,False,True,True,False,False,False,False,False,False,False,True,"2A, 2POLE BREAKER TYPE D",101.85,30.0
500758870,0,0,0,N,Maintain,"NO_RECENT_USAGE,IMPUTED_USAGE_FEATURES",Low,0.65,No recent usage; imputed usage features.,rules-only,0.2.0-tcb,0.0,False,False,False,False,False,False,True,False,False,False,False,False,False,False,False,True,500C ADJUST CAPILLARY SWITCH,952.0,45.0
500758871,0,0,0,N,Maintain,"NO_RECENT_USAGE,ABANDONED_TOOL,IMPUTED_USAGE_FEATURES",Low,0.65,No recent usage; abandoned tool; imputed usage features.,rules-only,0.2.0-tcb,0.0,False,False,False,False,False,False,True,True,False,False,False,False,False,False,False,True,1/2 OD UNION,55.0,30.0
500765172,1,1,0,Y,Maintain,"NO_RECENT_USAGE,ZERO_RECOMMENDATION_OVERRIDE,SFM_DISAGREEMENT,IMPUTED_USAGE_FEATURES",High,0.55,"Source algorithm recommends 0 but the part carries risk (lead time 30d, on-hand 2); protective stock proposed instead of zero. candidate source proposes 0 vs current 1.",rules-only,0.2.0-tcb,5000.0,False,False,False,False,False,False,True,False,False,False,True,False,False,True,False,True,"PLACE TOOL 33,SISIC501,31.88X19.40X0.5S",5000.0,30.0
500765174,1,1,0,Y,Maintain,"NO_RECENT_USAGE,ZERO_RECOMMENDATION_OVERRIDE,SFM_DISAGREEMENT,IMPUTED_USAGE_FEATURES",Medium,0.55,"Source algorithm recommends 0 but the part carries risk (lead time 35d, on-hand 1); protective stock proposed instead of zero. candidate source proposes 0 vs current 1.",rules-only,0.2.0-tcb,2400.0,False,False,False,False,False,False,True,False,False,False,True,False,False,True,False,True,"VACUUM CRANE,5X1 MATRIX,45.0X50.7",2400.0,35.0
500765176,1,1,0,Y,Maintain,"NO_RECENT_USAGE,ZERO_RECOMMENDATION_OVERRIDE,SFM_DISAGREEMENT,IMPUTED_USAGE_FEATURES",High,0.55,"Source algorithm recommends 0 but the part carries risk (lead time 40d, on-hand 1); protective stock proposed instead of zero. candidate source proposes 0 vs current 1.",rules-only,0.2.0-tcb,7250.0,False,False,False,False,False,False,True,False,False,False,True,False,False,True,False,True,"BOND CHUCK,5X1 MATRIX,45.0X50.7X1.66",7250.0,40.0
500765178,1,1,0,Y,Maintain,"NO_RECENT_USAGE,ZERO_RECOMMENDATION_OVERRIDE,SFM_DISAGREEMENT,IMPUTED_USAGE_FEATURES",Medium,0.55,"Source algorithm recommends 0 but the part carries risk (lead time 35d, on-hand 1); protective stock proposed instead of zero. candidate source proposes 0 vs current 1.",rules-only,0.2.0-tcb,4000.0,False,False,False,False,False,False,True,False,False,False,True,False,False,True,False,True,"PREHEAT CHUCK,5X1 MATRIX,45.0X50.7",4000.0,35.0
500765179,1,1,0,Y,Maintain,"NO_RECENT_USAGE,ZERO_RECOMMENDATION_OVERRIDE,SFM_DISAGREEMENT,IMPUTED_USAGE_FEATURES",Medium,0.55,"Source algorithm recommends 0 but the part carries risk (lead time 35d, on-hand 1); protective stock proposed instead of zero. candidate source proposes 0 vs current 1.",rules-only,0.2.0-tcb,2000.0,False,False,False,False,False,False,True,False,False,False,True,False,False,True,False,True,"PRECISOR,5X1 MATRIX,45.0X50.7",2000.0,35.0
500768026,4,3,0,Y,Increase,"LONG_LEAD_TIME_RISK,ZERO_RECOMMENDATION_OVERRIDE,IMPUTED_USAGE_FEATURES",Medium,0.75,"Source algorithm recommends 0 but the part carries risk (lead time 70d, on-hand 1); protective stock proposed instead of zero.",rules-only,0.2.0-tcb,2781.2,False,False,False,False,False,True,False,False,False,False,True,False,False,False,False,True,CBL_N2_CIRCULATION_FAN,695.3,70.0
500768027,1,1,0,Y,Increase,"NO_RECENT_USAGE,ZERO_RECOMMENDATION_OVERRIDE,AD_HOC_CONSUMPTION_RISK,IMPUTED_USAGE_FEATURES",Medium,0.65,"Source algorithm recommends 0 but the part carries risk (lead time 70d, on-hand 0); protective stock proposed instead of zero.",rules-only,0.2.0-tcb,695.3,False,False,False,False,False,False,True,False,False,False,True,True,False,False,False,True,CBL_N2_CIRCULATION_FAN,695.3,70.0
500768028,10,8,1,Y,Increase,"LONG_LEAD_TIME_RISK,HIGH_USAGE_TOOL,SFM_DISAGREEMENT,MAX_CHANGE_EXCEEDS_THRESHOLD",High,0.8,Candidate source proposes 5 vs current 3.,rules-only,0.2.0-tcb,10800.0,False,False,False,False,False,True,False,False,True,False,False,False,False,True,True,False,CBL_CAM_USB3,1080.0,48.0
500768029,3,2,0,Y,Increase,"LONG_LEAD_TIME_RISK,ZERO_RECOMMENDATION_OVERRIDE,SFM_DISAGREEMENT",Medium,0.8,"Source algorithm recommends 0 but the part carries risk (lead time 48d, on-hand 0); protective stock proposed instead of zero. candidate source proposes 2 vs current 0.",rules-only,0.2.0-tcb,1573.5,False,False,False,False,False,True,False,False,False,False,True,False,False,True,False,False,"DIFFERENTIAL PRESSURE SENSOR, 0-2.5 ""WC",524.5,48.0
500768195,0,0,0,N,Maintain,"NO_RECENT_USAGE,ABANDONED_TOOL,IMPUTED_USAGE_FEATURES",Low,0.65,No recent usage; abandoned tool; imputed usage features.,rules-only,0.2.0-tcb,0.0,False,False,False,False,False,False,True,True,False,False,False,False,False,False,False,True,"12U3,RUBBER,TIP,OD=2.00MM,ID=1.40MM",30.0,45.0
500771779,9,7,1,Y,Increase,"HIGH_COST_INCREASE_REVIEW,HIGH_USAGE_TOOL,SFM_DISAGREEMENT",High,0.8,Candidate source proposes 7 vs current 6.,rules-only,0.2.0-tcb,45000.0,False,False,False,True,False,False,False,False,True,False,False,False,False,True,False,False,"PLACE TOOL 33,SiSiC501,30.38x24.83x1.2s",5000.0,30.0
500772974,1,1,0,Y,Maintain,"NO_RECENT_USAGE,ZERO_RECOMMENDATION_OVERRIDE,SFM_DISAGREEMENT",Medium,0.7,"Source algorithm recommends 0 but the part carries risk (lead time 20d, on-hand 1); protective stock proposed instead of zero. candidate source proposes 0 vs current 1.",rules-only,0.2.0-tcb,83.13,False,False,False,False,False,False,True,False,False,False,True,False,False,True,False,False,AUXILIARY CONTACTOR DC DILER,83.13,20.0
500772975,0,0,0,N,Maintain,"NO_RECENT_USAGE,ABANDONED_TOOL,IMPUTED_USAGE_FEATURES",Low,0.65,No recent usage; abandoned tool; imputed usage features.,rules-only,0.2.0-tcb,0.0,False,False,False,False,False,False,True,True,False,False,False,False,False,False,False,True,RELAIS 24 V DV 1W,47.78,20.0
500772976,1,1,0,Y,Maintain,"NO_RECENT_USAGE,ZERO_RECOMMENDATION_OVERRIDE,SFM_DISAGREEMENT",Medium,0.7,"Source algorithm recommends 0 but the part carries risk (lead time 20d, on-hand 1); protective stock proposed instead of zero. candidate source proposes 0 vs current 1.",rules-only,0.2.0-tcb,310.5,False,False,False,False,False,False,True,False,False,False,True,False,False,True,False,False,MAIN CONTACTOR 3H + 1S,310.5,20.0
500772977,1,1,0,Y,Maintain,"NO_RECENT_USAGE,ZERO_RECOMMENDATION_OVERRIDE,SFM_DISAGREEMENT",Medium,0.7,"Source algorithm recommends 0 but the part carries risk (lead time 20d, on-hand 1); protective stock proposed instead of zero. candidate source proposes 0 vs current 1.",rules-only,0.2.0-tcb,31.38,False,False,False,False,False,False,True,False,False,False,True,False,False,True,False,False,AUXILIARY BLOCK 2C+2O,31.38,20.0
500772978,0,0,0,N,Maintain,"NO_RECENT_USAGE,ABANDONED_TOOL,IMPUTED_USAGE_FEATURES",Low,0.65,No recent usage; abandoned tool; imputed usage features.,rules-only,0.2.0-tcb,0.0,False,False,False,False,False,False,True,True,False,False,False,False,False,False,False,True,OPTOCOUPLER 6MM 24 / 3-30VDC 3A 2L,139.0,20.0
500772979,1,1,0,Y,Maintain,"NO_RECENT_USAGE,ZERO_RECOMMENDATION_OVERRIDE,SFM_DISAGREEMENT",Medium,0.7,"Source algorithm recommends 0 but the part carries risk (lead time 20d, on-hand 1); protective stock proposed instead of zero. candidate source proposes 0 vs current 1.",rules-only,0.2.0-tcb,31.61,False,False,False,False,False,False,True,False,False,False,True,False,False,True,False,False,SOCKET WITH RELAY 2XCHANGE OVER RT24VDC,31.61,20.0
500772980,1,1,0,Y,Maintain,"NO_RECENT_USAGE,ZERO_RECOMMENDATION_OVERRIDE,SFM_DISAGREEMENT",Medium,0.7,"Source algorithm recommends 0 but the part carries risk (lead time 20d, on-hand 1); protective stock proposed instead of zero. candidate source proposes 0 vs current 1.",rules-only,0.2.0-tcb,55.7,False,False,False,False,False,False,True,False,False,False,True,False,False,True,False,False,RELAY MODULE 2XUM RT 24VDC SAFETY,55.7,20.0
500772981,0,0,0,N,Maintain,"NO_RECENT_USAGE,ABANDONED_TOOL,IMPUTED_USAGE_FEATURES",Low,0.65,No recent usage; abandoned tool; imputed usage features.,rules-only,0.2.0-tcb,0.0,False,False,False,False,False,False,True,True,False,False,False,False,False,False,False,True,SWITCHING POWER SUP.AC 3X380 (24V/40A),1246.46,20.0
500772982,0,0,0,N,Maintain,"NO_RECENT_USAGE,ABANDONED_TOOL,IMPUTED_USAGE_FEATURES",Low,0.65,No recent usage; abandoned tool; imputed usage features.,rules-only,0.2.0-tcb,0.0,False,False,False,False,False,False,True,True,False,False,False,False,False,False,False,True,SWITCHING POWER SUPPLY 400V (24V/20A),737.28,20.0
500772983,1,1,0,Y,Maintain,"NO_RECENT_USAGE,ZERO_RECOMMENDATION_OVERRIDE,SFM_DISAGREEMENT",Medium,0.7,"Source algorithm recommends 0 but the part carries risk (lead time 20d, on-hand 1); protective stock proposed instead of zero. candidate source proposes 0 vs current 1.",rules-only,0.2.0-tcb,1036.8,False,False,False,False,False,False,True,False,False,False,True,False,False,True,False,False,"USV POWER SUPPLY DC-UPS 24V DC, 24V/10A",1036.8,20.0
500772984,1,1,0,Y,Maintain,"NO_RECENT_USAGE,ZERO_RECOMMENDATION_OVERRIDE,SFM_DISAGREEMENT",Medium,0.7,"Source algorithm recommends 0 but the part carries risk (lead time 20d, on-hand 1); protective stock proposed instead of zero. candidate source proposes 0 vs current 1.",rules-only,0.2.0-tcb,102.0,False,False,False,False,False,False,True,False,False,False,True,False,False,True,False,False,"LIGHTING CABLE 5M, CA-D5",102.0,20.0
500772985,1,1,0,Y,Maintain,"NO_RECENT_USAGE,ZERO_RECOMMENDATION_OVERRIDE,SFM_DISAGREEMENT",Medium,0.7,"Source algorithm recommends 0 but the part carries risk (lead time 20d, on-hand 1); protective stock proposed instead of zero. candidate source proposes 0 vs current 1.",rules-only,0.2.0-tcb,264.0,False,False,False,False,False,False,True,False,False,False,True,False,False,True,False,False,Top-hat rail switching PS 24V/5A,264.0,20.0
500772986,0,0,0,N,Maintain,"NO_RECENT_USAGE,ABANDONED_TOOL,IMPUTED_USAGE_FEATURES",Low,0.65,No recent usage; abandoned tool; imputed usage features.,rules-only,0.2.0-tcb,0.0,False,False,False,False,False,False,True,True,False,False,False,False,False,False,False,True,"SWITCHING POWER SUPPLY 3- AC, 48V/40A",1498.5,25.0
500772987,0,0,0,N,Maintain,"NO_RECENT_USAGE,ABANDONED_TOOL,IMPUTED_USAGE_FEATURES",Low,0.65,No recent usage; abandoned tool; imputed usage features.,rules-only,0.2.0-tcb,0.0,False,False,False,False,False,False,True,True,False,False,False,False,False,False,False,True,ELECTRONIC CIRCUIT BREAKER DC48V,321.9,20.0
500772988,0,0,0,N,Maintain,"NO_RECENT_USAGE,ABANDONED_TOOL,IMPUTED_USAGE_FEATURES",Low,0.65,No recent usage; abandoned tool; imputed usage features.,rules-only,0.2.0-tcb,0.0,False,False,False,False,False,False,True,True,False,False,False,False,False,False,False,True,CIRCUIT BREAKER 1-PIN B-CHAR FAZ-B4 / 1,29.06,20.0
500772989,0,0,0,Y,Maintain,"NO_RECENT_USAGE,ABANDONED_TOOL,IMPUTED_USAGE_FEATURES",Medium,0.65,No recent usage; abandoned tool; imputed usage features.,rules-only,0.2.0-tcb,0.0,False,False,False,False,False,False,True,True,False,False,False,False,False,False,False,True,FRONTDOOR -SINGLE LEFT- (ESD),2106.0,25.0
500772990,0,0,0,N,Maintain,"NO_RECENT_USAGE,ABANDONED_TOOL,IMPUTED_USAGE_FEATURES",Low,0.65,No recent usage; abandoned tool; imputed usage features.,rules-only,0.2.0-tcb,0.0,False,False,False,False,False,False,True,True,False,False,False,False,False,False,False,True,MARKING CALIPER 300MM,702.0,20.0
500772991,0,0,0,Y,Maintain,"NO_RECENT_USAGE,ABANDONED_TOOL,IMPUTED_USAGE_FEATURES",Medium,0.65,No recent usage; abandoned tool; imputed usage features.,rules-only,0.2.0-tcb,0.0,False,False,False,False,False,False,True,True,False,False,False,False,False,False,False,True,CAMERA SYSTEM CONTROLLER 21 MP,20100.0,20.0
500772992,0,0,0,Y,Maintain,"NO_RECENT_USAGE,ABANDONED_TOOL,IMPUTED_USAGE_FEATURES",Medium,0.65,No recent usage; abandoned tool; imputed usage features.,rules-only,0.2.0-tcb,0.0,False,False,False,False,False,False,True,True,False,False,False,False,False,False,False,True,"CAMERA 21 MP MONOCHROME, 85X HIGH SPPED",12600.0,20.0
500772993,0,0,0,Y,Maintain,"NO_RECENT_USAGE,ABANDONED_TOOL,IMPUTED_USAGE_FEATURES",Medium,0.65,No recent usage; abandoned tool; imputed usage features.,rules-only,0.2.0-tcb,0.0,False,False,False,False,False,False,True,True,False,False,False,False,False,False,False,True,HIGH RESOLUTION LENS CAMERA 21 MP,3570.0,20.0
500772994,1,1,0,Y,Maintain,"NO_RECENT_USAGE,ZERO_RECOMMENDATION_OVERRIDE",Medium,0.8,"Source algorithm recommends 0 but the part carries risk (lead time 20d, on-hand 1); protective stock proposed instead of zero.",rules-only,0.2.0-tcb,714.0,False,False,False,False,False,False,True,False,False,False,True,False,False,False,False,False,HIGH-SPEED CAMERA CABLE (5M),714.0,20.0
500772996,3,2,0,Y,Increase,ZERO_RECOMMENDATION_OVERRIDE,Medium,0.9,"Source algorithm recommends 0 but the part carries risk (lead time 20d, on-hand 1); protective stock proposed instead of zero.",rules-only,0.2.0-tcb,247.74,False,False,False,False,False,False,False,False,False,False,True,False,False,False,False,False,0.88M EXHAUST HOSE PLASMAJET 2 - RD1004,82.58,20.0
500772997,0,0,0,Y,Maintain,"NO_RECENT_USAGE,ABANDONED_TOOL,IMPUTED_USAGE_FEATURES",Medium,0.65,No recent usage; abandoned tool; imputed usage features.,rules-only,0.2.0-tcb,0.0,False,False,False,False,False,False,True,True,False,False,False,False,False,False,False,True,RD1004 BACK PRESSURE TEST KIT,14430.0,55.0
500773308,0,0,0,N,Maintain,"NO_RECENT_USAGE,ABANDONED_TOOL,IMPUTED_USAGE_FEATURES",Low,0.65,No recent usage; abandoned tool; imputed usage features.,rules-only,0.2.0-tcb,0.0,False,False,False,False,False,False,True,True,False,False,False,False,False,False,False,True,"PCB, 5-PORT USB 3.0 PCI-E CARD",350.0,45.0
500776673,3,2,0,Y,Increase,ZERO_RECOMMENDATION_OVERRIDE,Medium,0.9,"Source algorithm recommends 0 but the part carries risk (lead time 30d, on-hand 2); protective stock proposed instead of zero.",rules-only,0.2.0-tcb,467.07,False,False,False,False,False,False,False,False,False,False,True,False,False,False,False,False,"PADS,ABSORBENT, 200 PER CASE",155.69,30.0
500776706,4,3,0,Y,Increase,NO_ACTION,High,0.9,No rule triggered; current stocking parameters retained.,rules-only,0.2.0-tcb,20000.0,False,False,False,False,False,False,False,False,False,False,False,False,False,False,False,False,"PLACE TOOL 33,SISIC501,31.17X18.54X1.2S",5000.0,30.0
500776707,3,2,0,Y,Increase,ZERO_RECOMMENDATION_OVERRIDE,High,0.9,"Source algorithm recommends 0 but the part carries risk (lead time 30d, on-hand 1); protective stock proposed instead of zero.",rules-only,0.2.0-tcb,15000.0,False,False,False,False,False,False,False,False,False,False,True,False,False,False,False,False,"PLACE TOOL 33,SISIC501,31.82X07.04X1.2S",5000.0,30.0
500777689,1,1,0,Y,Maintain,"NO_RECENT_USAGE,ZERO_RECOMMENDATION_OVERRIDE",Medium,0.9,"Source algorithm recommends 0 but the part carries risk (lead time 40d, on-hand 2); protective stock proposed instead of zero.",rules-only,0.2.0-tcb,95.0,False,False,False,False,False,False,True,False,False,False,True,False,False,False,False,False,"RKI SENSOR FILTER , FORMIC ACID",95.0,40.0
500780801,1,1,0,Y,Increase,"NO_RECENT_USAGE,INSUFFICIENT_DATA,ZERO_RECOMMENDATION_OVERRIDE,IMPUTED_USAGE_FEATURES",Medium,0.5,"Source algorithm recommends 0 but the part carries risk (lead time 35d, on-hand 0); protective stock proposed instead of zero.",rules-only,0.2.0-tcb,2000.0,False,False,False,False,False,False,True,False,False,True,True,False,False,False,False,True,"PRECISOR,4X2 MATRIX,56.0X45.0",2000.0,35.0
500781140,1,1,0,Y,Increase,"HIGH_COST_INCREASE_REVIEW,LONG_LEAD_TIME_RISK,NO_RECENT_USAGE,ZERO_RECOMMENDATION_OVERRIDE,SFM_DISAGREEMENT",Medium,0.8,"Source algorithm recommends 0 but the part carries risk (lead time 63d, on-hand 0); protective stock proposed instead of zero. candidate source proposes 1 vs current 0.",rules-only,0.2.0-tcb,2393.0,False,False,False,True,False,True,True,False,False,False,True,False,False,True,False,False,CBL SAFETY SWITCH ASSY 2,2393.0,63.0
500781141,4,3,0,Y,Increase,"HIGH_COST_INCREASE_REVIEW,LONG_LEAD_TIME_RISK,ZERO_RECOMMENDATION_OVERRIDE,SFM_DISAGREEMENT",High,0.8,"Source algorithm recommends 0 but the part carries risk (lead time 63d, on-hand 0); protective stock proposed instead of zero. candidate source proposes 2 vs current 0.",rules-only,0.2.0-tcb,9572.0,False,False,False,True,False,True,False,False,False,False,True,False,False,True,False,False,CBL SAFETY SWITCH ASSY 2,2393.0,63.0
500781142,1,1,0,Y,Increase,"NO_RECENT_USAGE,ZERO_RECOMMENDATION_OVERRIDE,AD_HOC_CONSUMPTION_RISK,IMPUTED_USAGE_FEATURES",Medium,0.65,"Source algorithm recommends 0 but the part carries risk (lead time 67d, on-hand 0); protective stock proposed instead of zero.",rules-only,0.2.0-tcb,1183.2,False,False,False,False,False,False,True,False,False,False,True,True,False,False,False,True,ASSY DIG OUT FAN OUT BRD,1183.2,67.0
500782460,1,1,0,Y,Maintain,"LONG_LEAD_TIME_RISK,NO_RECENT_USAGE,ZERO_RECOMMENDATION_OVERRIDE",Medium,0.9,"Source algorithm recommends 0 but the part carries risk (lead time 63d, on-hand 1); protective stock proposed instead of zero.",rules-only,0.2.0-tcb,2472.3,False,False,False,False,False,True,True,False,False,False,True,False,False,False,False,False,FLATSTONE SET,2472.3,63.0
500787624,4,3,0,Y,Increase,ZERO_RECOMMENDATION_OVERRIDE,Medium,0.9,"Source algorithm recommends 0 but the part carries risk (lead time 34d, on-hand 1); protective stock proposed instead of zero.",rules-only,0.2.0-tcb,1008.0,False,False,False,False,False,False,False,False,False,False,True,False,False,False,False,False,"GASKET, FRONT DOOR, LH",252.0,34.0
500787625,1,1,0,Y,Maintain,"ZERO_RECOMMENDATION_OVERRIDE,SFM_DISAGREEMENT,IMPUTED_USAGE_FEATURES",Medium,0.55,"Source algorithm recommends 0 but the part carries risk (lead time 34d, on-hand 1); protective stock proposed instead of zero. candidate source proposes 0 vs current 1.",rules-only,0.2.0-tcb,252.0,False,False,False,False,False,False,False,False,False,False,True,False,False,True,False,True,"GASKET, FRONT DOOR, RH",252.0,34.0
500787711,1,1,0,Y,Increase,"NO_RECENT_USAGE,ZERO_RECOMMENDATION_OVERRIDE,AD_HOC_CONSUMPTION_RISK,IMPUTED_USAGE_FEATURES",High,0.65,"Source algorithm recommends 0 but the part carries risk (lead time 111d, on-hand 0); protective stock proposed instead of zero.",rules-only,0.2.0-tcb,9608.1,False,False,False,False,False,False,True,False,False,False,True,True,False,False,False,True,CONTROLLER WITH SAFETY MONITOR,9608.1,111.0
500787712,1,1,0,Y,Increase,"HIGH_COST_INCREASE_REVIEW,LONG_LEAD_TIME_RISK,NO_RECENT_USAGE,ZERO_RECOMMENDATION_OVERRIDE,SFM_DISAGREEMENT",Medium,0.8,"Source algorithm recommends 0 but the part carries risk (lead time 48d, on-hand 0); protective stock proposed instead of zero. candidate source proposes 1 vs current 0.",rules-only,0.2.0-tcb,2074.0,False,False,False,True,False,True,True,False,False,False,True,False,False,True,False,False,CBL_N2_DOOR_OPEN,2074.0,48.0
500787713,0,0,0,Y,Maintain,"NO_RECENT_USAGE,ABANDONED_TOOL,IMPUTED_USAGE_FEATURES",Medium,0.65,No recent usage; abandoned tool; imputed usage features.,rules-only,0.2.0-tcb,0.0,False,False,False,False,False,False,True,True,False,False,False,False,False,False,False,True,CBL_N2_DOOR_OPEN,2074.0,48.0
500787714,0,0,0,Y,Maintain,"NO_RECENT_USAGE,ABANDONED_TOOL,IMPUTED_USAGE_FEATURES",Medium,0.65,No recent usage; abandoned tool; imputed usage features.,rules-only,0.2.0-tcb,0.0,False,False,False,False,False,False,True,True,False,False,False,False,False,False,False,True,AIR CLEAN UNIT,2961.6,48.0
500787715,0,0,0,N,Maintain,"NO_RECENT_USAGE,ABANDONED_TOOL,IMPUTED_USAGE_FEATURES",Low,0.65,No recent usage; abandoned tool; imputed usage features.,rules-only,0.2.0-tcb,0.0,False,False,False,False,False,False,True,True,False,False,False,False,False,False,False,True,FIBER SENSOR,554.0,55.0
500787716,0,0,0,Y,Maintain,"NO_RECENT_USAGE,ABANDONED_TOOL,IMPUTED_USAGE_FEATURES",Medium,0.65,No recent usage; abandoned tool; imputed usage features.,rules-only,0.2.0-tcb,0.0,False,False,False,False,False,False,True,True,False,False,False,False,False,False,False,True,"LENS, CAMERA",2858.4,55.0
500787717,0,0,0,Y,Maintain,"NO_RECENT_USAGE,ABANDONED_TOOL,IMPUTED_USAGE_FEATURES",Medium,0.65,No recent usage; abandoned tool; imputed usage features.,rules-only,0.2.0-tcb,0.0,False,False,False,False,False,False,True,True,False,False,False,False,False,False,False,True,CAMERA,1750.0,55.0
500787718,0,0,0,N,Maintain,"NO_RECENT_USAGE,ABANDONED_TOOL,IMPUTED_USAGE_FEATURES",Low,0.65,No recent usage; abandoned tool; imputed usage features.,rules-only,0.2.0-tcb,0.0,False,False,False,False,False,False,True,True,False,False,False,False,False,False,False,True,SOLENOID VALVE,73.0,55.0
500787719,3,2,0,Y,Increase,"LONG_LEAD_TIME_RISK,ZERO_RECOMMENDATION_OVERRIDE,IMPUTED_USAGE_FEATURES",Medium,0.75,"Source algorithm recommends 0 but the part carries risk (lead time 55d, on-hand 0); protective stock proposed instead of zero.",rules-only,0.2.0-tcb,437.7,False,False,False,False,False,True,False,False,False,False,True,False,False,False,False,True,AIR PRESSURE SENSOR,145.9,55.0
500787720,0,0,0,N,Maintain,"NO_RECENT_USAGE,ABANDONED_TOOL,IMPUTED_USAGE_FEATURES",Low,0.65,No recent usage; abandoned tool; imputed usage features.,rules-only,0.2.0-tcb,0.0,False,False,False,False,False,False,True,True,False,False,False,False,False,False,False,True,PHOTO SENSOR AMPLIFIER,126.0,55.0
500787721,0,0,0,N,Maintain,"NO_RECENT_USAGE,ABANDONED_TOOL,IMPUTED_USAGE_FEATURES",Low,0.65,No recent usage; abandoned tool; imputed usage features.,rules-only,0.2.0-tcb,0.0,False,False,False,False,False,False,True,True,False,False,False,False,False,False,False,True,INCOMING SENSOR,145.9,55.0
500787722,0,0,0,N,Maintain,"NO_RECENT_USAGE,ABANDONED_TOOL,IMPUTED_USAGE_FEATURES",Low,0.65,No recent usage; abandoned tool; imputed usage features.,rules-only,0.2.0-tcb,0.0,False,False,False,False,False,False,True,True,False,False,False,False,False,False,False,True,REED SWITCH,17.5,55.0
500787723,0,0,0,Y,Maintain,"NO_RECENT_USAGE,ABANDONED_TOOL,IMPUTED_USAGE_FEATURES",Medium,0.65,No recent usage; abandoned tool; imputed usage features.,rules-only,0.2.0-tcb,0.0,False,False,False,False,False,False,True,True,False,False,False,False,False,False,False,True,SERVO MOTOR DRIVER,1507.9,55.0
500787724,0,0,0,Y,Maintain,"NO_RECENT_USAGE,ABANDONED_TOOL,IMPUTED_USAGE_FEATURES",Medium,0.65,No recent usage; abandoned tool; imputed usage features.,rules-only,0.2.0-tcb,0.0,False,False,False,False,False,False,True,True,False,False,False,False,False,False,False,True,MOTION CONTROL CARD,2065.0,55.0
500787725,0,0,0,N,Maintain,"NO_RECENT_USAGE,ABANDONED_TOOL,IMPUTED_USAGE_FEATURES",Low,0.65,No recent usage; abandoned tool; imputed usage features.,rules-only,0.2.0-tcb,0.0,False,False,False,False,False,False,True,True,False,False,False,False,False,False,False,True,I/O CONTROLLER,1239.6,55.0
500787726,0,0,0,N,Maintain,"NO_RECENT_USAGE,ABANDONED_TOOL,IMPUTED_USAGE_FEATURES",Low,0.65,No recent usage; abandoned tool; imputed usage features.,rules-only,0.2.0-tcb,0.0,False,False,False,False,False,False,True,True,False,False,False,False,False,False,False,True,POWER SUPPLY,393.8,55.0
500787727,0,0,0,N,Maintain,"NO_RECENT_USAGE,ABANDONED_TOOL,IMPUTED_USAGE_FEATURES",Low,0.65,No recent usage; abandoned tool; imputed usage features.,rules-only,0.2.0-tcb,0.0,False,False,False,False,False,False,True,True,False,False,False,False,False,False,False,True,POWER SUPPLY,249.4,55.0
500787728,0,0,0,N,Maintain,"NO_RECENT_USAGE,ABANDONED_TOOL,IMPUTED_USAGE_FEATURES",Low,0.65,No recent usage; abandoned tool; imputed usage features.,rules-only,0.2.0-tcb,0.0,False,False,False,False,False,False,True,True,False,False,False,False,False,False,False,True,POWER SUPPLY,37.5,55.0
500787729,1,1,0,Y,Maintain,"NO_RECENT_USAGE,ZERO_RECOMMENDATION_OVERRIDE,AD_HOC_CONSUMPTION_RISK,SFM_DISAGREEMENT,IMPUTED_USAGE_FEATURES",Medium,0.55,"Source algorithm recommends 0 but the part carries risk (lead time 55d, on-hand 2); protective stock proposed instead of zero. candidate source proposes 0 vs current 1.",rules-only,0.2.0-tcb,210.4,False,False,False,False,False,False,True,False,False,False,True,True,False,True,False,True,BELT_TIMING P=AT5 L=2910MM W=16MM,210.4,55.0
500787730,1,1,0,Y,Maintain,"NO_RECENT_USAGE,ZERO_RECOMMENDATION_OVERRIDE,SFM_DISAGREEMENT,IMPUTED_USAGE_FEATURES",Medium,0.55,"Source algorithm recommends 0 but the part carries risk (lead time 34d, on-hand 2); protective stock proposed instead of zero. candidate source proposes 0 vs current 1.",rules-only,0.2.0-tcb,64.5,False,False,False,False,False,False,True,False,False,False,True,False,False,True,False,True,"BELT TIMING L=2096, W=8, THICK=1MM",64.5,34.0
500787731,3,2,0,Y,Increase,ZERO_RECOMMENDATION_OVERRIDE,Medium,0.9,"Source algorithm recommends 0 but the part carries risk (lead time 34d, on-hand 2); protective stock proposed instead of zero.",rules-only,0.2.0-tcb,193.5,False,False,False,False,False,False,False,False,False,False,True,False,False,False,False,False,"BELT TIMING L=1320, W=8, THICK=1MM",64.5,34.0
500787732,3,2,0,Y,Increase,"ZERO_RECOMMENDATION_OVERRIDE,SFM_DISAGREEMENT,MAX_CHANGE_EXCEEDS_THRESHOLD",Medium,0.8,"Source algorithm recommends 0 but the part carries risk (lead time 34d, on-hand 1); protective stock proposed instead of zero. candidate source proposes 2 vs current 1.",rules-only,0.2.0-tcb,193.5,False,False,False,False,False,False,False,False,False,False,True,False,False,True,True,False,"BELT TIMING L=1035, W=8, THICK=1MM",64.5,34.0
500787733,3,2,0,Y,Increase,"ZERO_RECOMMENDATION_OVERRIDE,SFM_DISAGREEMENT,MAX_CHANGE_EXCEEDS_THRESHOLD",Medium,0.8,"Source algorithm recommends 0 but the part carries risk (lead time 34d, on-hand 1); protective stock proposed instead of zero. candidate source proposes 2 vs current 1.",rules-only,0.2.0-tcb,193.5,False,False,False,False,False,False,False,False,False,False,True,False,False,True,True,False,"BELT TIMING L=861, W=8, THICK=1MM",64.5,34.0
500788062,1,1,0,Y,Increase,"NO_RECENT_USAGE,ZERO_RECOMMENDATION_OVERRIDE,AD_HOC_CONSUMPTION_RISK,IMPUTED_USAGE_FEATURES",High,0.65,"Source algorithm recommends 0 but the part carries risk (lead time 100d, on-hand 0); protective stock proposed instead of zero.",rules-only,0.2.0-tcb,6328.6,False,False,False,False,False,False,True,False,False,False,True,True,False,False,False,True,THERMOCOUPLE INPUT KIT,6328.6,100.0
500788063,1,1,0,Y,Increase,"NO_RECENT_USAGE,ZERO_RECOMMENDATION_OVERRIDE,AD_HOC_CONSUMPTION_RISK,IMPUTED_USAGE_FEATURES",High,0.65,"Source algorithm recommends 0 but the part carries risk (lead time 83d, on-hand 0); protective stock proposed instead of zero.",rules-only,0.2.0-tcb,6847.7,False,False,False,False,False,False,True,False,False,False,True,True,False,False,False,True,"FORCE GAUGE, TENSION CAPABLE, -50 50N",6847.7,83.0
500788064,0,0,0,Y,Maintain,"NO_RECENT_USAGE,ABANDONED_TOOL,IMPUTED_USAGE_FEATURES",Medium,0.65,No recent usage; abandoned tool; imputed usage features.,rules-only,0.2.0-tcb,0.0,False,False,False,False,False,False,True,True,False,False,False,False,False,False,False,True,"CARRYING CASE, PPCK V2, TEMPERATURE",2068.7,27.0
500788065,1,1,0,Y,Increase,"NO_RECENT_USAGE,ZERO_RECOMMENDATION_OVERRIDE,AD_HOC_CONSUMPTION_RISK,IMPUTED_USAGE_FEATURES",High,0.65,"Source algorithm recommends 0 but the part carries risk (lead time 119d, on-hand 0); protective stock proposed instead of zero.",rules-only,0.2.0-tcb,28800.0,False,False,False,False,False,False,True,False,False,False,True,True,False,False,False,True,BONDHEAD FORCE CALIBRATION KIT,28800.0,119.0
500788066,0,0,0,Y,Maintain,"NO_RECENT_USAGE,ABANDONED_TOOL,IMPUTED_USAGE_FEATURES",Medium,0.65,No recent usage; abandoned tool; imputed usage features.,rules-only,0.2.0-tcb,0.0,False,False,False,False,False,False,True,True,False,False,False,False,False,False,False,True,"CARRYING CASE, PPCK V2, FORCE",2068.7,35.0
500788067,0,0,0,Y,Maintain,"NO_RECENT_USAGE,ABANDONED_TOOL,IMPUTED_USAGE_FEATURES",Medium,0.65,No recent usage; abandoned tool; imputed usage features.,rules-only,0.2.0-tcb,0.0,False,False,False,False,False,False,True,True,False,False,False,False,False,False,False,True,"TCB BOND NOZZLE, 35.00X35.00X0.5",2922.9,31.0
500788068,0,0,0,Y,Maintain,"NO_RECENT_USAGE,ABANDONED_TOOL,IMPUTED_USAGE_FEATURES",Medium,0.65,No recent usage; abandoned tool; imputed usage features.,rules-only,0.2.0-tcb,0.0,False,False,False,False,False,False,True,True,False,False,False,False,False,False,False,True,"TCB BOND NOZZLE, 25.00X25.00X0.5",2458.5,31.0
500788069,0,0,0,Y,Maintain,"NO_RECENT_USAGE,ABANDONED_TOOL,IMPUTED_USAGE_FEATURES",Medium,0.65,No recent usage; abandoned tool; imputed usage features.,rules-only,0.2.0-tcb,0.0,False,False,False,False,False,False,True,True,False,False,False,False,False,False,False,True,"TCB BOND NOZZLE, 15.00X15.00X0.5",2458.5,31.0
500788070,0,0,0,N,Maintain,"NO_RECENT_USAGE,ABANDONED_TOOL,IMPUTED_USAGE_FEATURES",Low,0.65,No recent usage; abandoned tool; imputed usage features.,rules-only,0.2.0-tcb,0.0,False,False,False,False,False,False,True,True,False,False,False,False,False,False,False,True,CBL CAP BOX INTRNL 5.6RES,118.5,48.0
500788071,0,0,0,N,Maintain,"NO_RECENT_USAGE,ABANDONED_TOOL,IMPUTED_USAGE_FEATURES",Low,0.65,No recent usage; abandoned tool; imputed usage features.,rules-only,0.2.0-tcb,0.0,False,False,False,False,False,False,True,True,False,False,False,False,False,False,False,True,CBL CAP BOX INTRNL 15RES,118.5,53.0
500788072,1,1,0,Y,Increase,"NO_RECENT_USAGE,ZERO_RECOMMENDATION_OVERRIDE,AD_HOC_CONSUMPTION_RISK,IMPUTED_USAGE_FEATURES",Medium,0.65,"Source algorithm recommends 0 but the part carries risk (lead time 63d, on-hand 0); protective stock proposed instead of zero.",rules-only,0.2.0-tcb,1104.1,False,False,False,False,False,False,True,False,False,False,True,True,False,False,False,True,DPL IO INTERFACE BOARD LEFT,1104.1,63.0
500788073,1,1,0,Y,Increase,"NO_RECENT_USAGE,ZERO_RECOMMENDATION_OVERRIDE,AD_HOC_CONSUMPTION_RISK,IMPUTED_USAGE_FEATURES",Medium,0.65,"Source algorithm recommends 0 but the part carries risk (lead time 63d, on-hand 0); protective stock proposed instead of zero.",rules-only,0.2.0-tcb,1104.1,False,False,False,False,False,False,True,False,False,False,True,True,False,False,False,True,DPL IO INTERFACE BOARD RIGHT,1104.1,63.0
500788074,0,0,0,Y,Maintain,"DATA_QUALITY_REVIEW_REQUIRED,ABANDONED_TOOL,IMPUTED_USAGE_FEATURES",High,0.4,Input data failed validation; values held unchanged pending correction.,rules-only,0.2.0-tcb,0.0,True,False,False,False,False,False,False,True,False,False,False,False,False,False,False,True,PARALLELISM SENSOR INTERFACE ASSY LEFT,4045.6,45.0
500788075,0,0,0,Y,Maintain,"NO_RECENT_USAGE,ABANDONED_TOOL,IMPUTED_USAGE_FEATURES",Medium,0.65,No recent usage; abandoned tool; imputed usage features.,rules-only,0.2.0-tcb,0.0,False,False,False,False,False,False,True,True,False,False,False,False,False,False,False,True,PARALLELISM SENSOR INTERFACE ASSY RIGHT,4045.6,45.0
500788076,0,0,0,Y,Maintain,"NO_RECENT_USAGE,ABANDONED_TOOL,IMPUTED_USAGE_FEATURES",Medium,0.65,No recent usage; abandoned tool; imputed usage features.,rules-only,0.2.0-tcb,0.0,False,False,False,False,False,False,True,True,False,False,False,False,False,False,False,True,GLASS DIE APPLICATION KIT CASE,2484.7,45.0
500788077,0,0,0,N,Maintain,"NO_RECENT_USAGE,ABANDONED_TOOL,IMPUTED_USAGE_FEATURES",Low,0.65,No recent usage; abandoned tool; imputed usage features.,rules-only,0.2.0-tcb,0.0,False,False,False,False,False,False,True,True,False,False,False,False,False,False,False,True,"CASE, BOND NOZZLE, 50MM FLANGE",318.0,45.0
500788078,0,0,0,N,Maintain,"NO_RECENT_USAGE,ABANDONED_TOOL,IMPUTED_USAGE_FEATURES",Low,0.65,No recent usage; abandoned tool; imputed usage features.,rules-only,0.2.0-tcb,0.0,False,False,False,False,False,False,True,True,False,False,False,False,False,False,False,True,"CASE, BOND NOZZLE, 33MM FLANGE",223.2,45.0
500788079,0,0,0,Y,Maintain,"NO_RECENT_USAGE,ABANDONED_TOOL,IMPUTED_USAGE_FEATURES",Medium,0.65,No recent usage; abandoned tool; imputed usage features.,rules-only,0.2.0-tcb,0.0,False,False,False,False,False,False,True,True,False,False,False,False,False,False,False,True,MATERIAL HANDLING CALIBRATION KIT,17200.0,27.0
500788080,0,0,0,Y,Maintain,"NO_RECENT_USAGE,ABANDONED_TOOL,IMPUTED_USAGE_FEATURES",Medium,0.65,No recent usage; abandoned tool; imputed usage features.,rules-only,0.2.0-tcb,0.0,False,False,False,False,False,False,True,True,False,False,False,False,False,False,False,True,SINGLE TOOL DRILL PATTERN ASSY,1500.0,48.0
500788081,0,0,0,N,Maintain,"NO_RECENT_USAGE,ABANDONED_TOOL,IMPUTED_USAGE_FEATURES",Low,0.65,No recent usage; abandoned tool; imputed usage features.,rules-only,0.2.0-tcb,0.0,False,False,False,False,False,False,True,True,False,False,False,False,False,False,False,True,CBL PRECISION PRESS REG,1070.0,53.0
500788082,1,1,0,Y,Increase,"LONG_LEAD_TIME_RISK,NO_RECENT_USAGE,ZERO_RECOMMENDATION_OVERRIDE,SFM_DISAGREEMENT",Medium,0.8,"Source algorithm recommends 0 but the part carries risk (lead time 53d, on-hand 0); protective stock proposed instead of zero. candidate source proposes 1 vs current 0.",rules-only,0.2.0-tcb,1070.0,False,False,False,False,False,True,True,False,False,False,True,False,False,True,False,False,CBL PRECISION PRESS REG,1070.0,53.0
500788083,0,0,0,Y,Maintain,"NO_RECENT_USAGE,ABANDONED_TOOL,IMPUTED_USAGE_FEATURES",Medium,0.65,No recent usage; abandoned tool; imputed usage features.,rules-only,0.2.0-tcb,0.0,False,False,False,False,False,False,True,True,False,False,False,False,False,False,False,True,CBL Z READ HEAD VIONIC,1862.6,53.0
500788084,0,0,0,Y,Maintain,"NO_RECENT_USAGE,ABANDONED_TOOL,IMPUTED_USAGE_FEATURES",Medium,0.65,No recent usage; abandoned tool; imputed usage features.,rules-only,0.2.0-tcb,0.0,False,False,False,False,False,False,True,True,False,False,False,False,False,False,False,True,"MOTOR COIL, LINEAR, 500N, 75MM STRK",3830.7,53.0
500788085,0,0,0,Y,Maintain,"NO_RECENT_USAGE,ABANDONED_TOOL,IMPUTED_USAGE_FEATURES",Medium,0.65,No recent usage; abandoned tool; imputed usage features.,rules-only,0.2.0-tcb,0.0,False,False,False,False,False,False,True,True,False,False,False,False,False,False,False,True,DPL L-R Y-MTR,4452.7,53.0
500788086,0,0,0,N,Maintain,"NO_RECENT_USAGE,ABANDONED_TOOL,IMPUTED_USAGE_FEATURES",Low,0.65,No recent usage; abandoned tool; imputed usage features.,rules-only,0.2.0-tcb,0.0,False,False,False,False,False,False,True,True,False,False,False,False,False,False,False,True,POLISHING STONE FOR TCB HEATER,504.0,27.0
500788087,1,1,0,Y,Increase,"NO_RECENT_USAGE,ZERO_RECOMMENDATION_OVERRIDE,SFM_DISAGREEMENT",Medium,0.8,"Source algorithm recommends 0 but the part carries risk (lead time 27d, on-hand 0); protective stock proposed instead of zero. candidate source proposes 1 vs current 0.",rules-only,0.2.0-tcb,300.0,False,False,False,False,False,False,True,False,False,False,True,False,False,True,False,False,SYRINGE PUMP WITH QUICK CONNECT,300.0,27.0
500788088,0,0,0,Y,Maintain,"NO_RECENT_USAGE,ABANDONED_TOOL,IMPUTED_USAGE_FEATURES",Medium,0.65,No recent usage; abandoned tool; imputed usage features.,rules-only,0.2.0-tcb,0.0,False,False,False,False,False,False,True,True,False,False,False,False,False,False,False,True,CRANE HEAD GAUGE SINGLE,4500.0,27.0
500788089,0,0,0,N,Maintain,"NO_RECENT_USAGE,ABANDONED_TOOL,IMPUTED_USAGE_FEATURES",Low,0.65,No recent usage; abandoned tool; imputed usage features.,rules-only,0.2.0-tcb,0.0,False,False,False,False,False,False,True,True,False,False,False,False,False,False,False,True,DUMMY TRAY GAUGE,912.0,27.0
500788091,0,0,0,Y,Maintain,"NO_RECENT_USAGE,ABANDONED_TOOL,IMPUTED_USAGE_FEATURES",Medium,0.65,No recent usage; abandoned tool; imputed usage features.,rules-only,0.2.0-tcb,0.0,False,False,False,False,False,False,True,True,False,False,False,False,False,False,False,True,PREHEAT GAGE TOP,6186.0,27.0
500788092,0,0,0,Y,Maintain,"NO_RECENT_USAGE,ABANDONED_TOOL,IMPUTED_USAGE_FEATURES",Medium,0.65,No recent usage; abandoned tool; imputed usage features.,rules-only,0.2.0-tcb,0.0,False,False,False,False,False,False,True,True,False,False,False,False,False,False,False,True,PREHEAT GAGE BOTTOM,6186.0,27.0
500788093,0,0,0,N,Maintain,"NO_RECENT_USAGE,ABANDONED_TOOL,IMPUTED_USAGE_FEATURES",Low,0.65,No recent usage; abandoned tool; imputed usage features.,rules-only,0.2.0-tcb,0.0,False,False,False,False,False,False,True,True,False,False,False,False,False,False,False,True,WIDTH GAUGE,369.0,27.0
500788094,0,0,0,N,Maintain,"NO_RECENT_USAGE,ABANDONED_TOOL,IMPUTED_USAGE_FEATURES",Low,0.65,No recent usage; abandoned tool; imputed usage features.,rules-only,0.2.0-tcb,0.0,False,False,False,False,False,False,True,True,False,False,False,False,False,False,False,True,RAIL PARALLELISM GAUGE,719.0,27.0
500788095,0,0,0,N,Maintain,"NO_RECENT_USAGE,ABANDONED_TOOL,IMPUTED_USAGE_FEATURES",Low,0.65,No recent usage; abandoned tool; imputed usage features.,rules-only,0.2.0-tcb,0.0,False,False,False,False,False,False,True,True,False,False,False,False,False,False,False,True,INPUT WIDTH GAUGE,369.0,27.0
500788096,1,0,0,Y,Increase,"LONG_LEAD_TIME_RISK,NO_RECENT_USAGE,SFM_DISAGREEMENT",Medium,0.8,Candidate source proposes 1 vs current 0.,rules-only,0.2.0-tcb,345.0,False,False,False,False,False,True,True,False,False,False,False,False,False,True,False,False,PWM CONTROLLER,345.0,45.0
500788097,1,1,0,Y,Increase,"NO_RECENT_USAGE,ZERO_RECOMMENDATION_OVERRIDE,AD_HOC_CONSUMPTION_RISK,IMPUTED_USAGE_FEATURES",High,0.65,"Source algorithm recommends 0 but the part carries risk (lead time 71d, on-hand 0); protective stock proposed instead of zero.",rules-only,0.2.0-tcb,13500.0,False,False,False,False,False,False,True,False,False,False,True,True,False,False,False,True,CONFOCAL DISPLACEMENT SENSOR HEAD,13500.0,71.0
500788098,0,0,0,N,Maintain,"NO_RECENT_USAGE,ABANDONED_TOOL,IMPUTED_USAGE_FEATURES",Low,0.65,No recent usage; abandoned tool; imputed usage features.,rules-only,0.2.0-tcb,0.0,False,False,False,False,False,False,True,True,False,False,False,False,False,False,False,True,SWITCH EREPLACENCY STOP PUSHBTN FOOLPROOF,120.0,34.0
500788099,0,0,0,N,Maintain,"NO_RECENT_USAGE,ABANDONED_TOOL,IMPUTED_USAGE_FEATURES",Low,0.65,No recent usage; abandoned tool; imputed usage features.,rules-only,0.2.0-tcb,0.0,False,False,False,False,False,False,True,True,False,False,False,False,False,False,False,True,ADAPTOR FRONT FOR EMER STOP SWITCH,15.0,34.0
500788100,0,0,0,N,Maintain,"NO_RECENT_USAGE,ABANDONED_TOOL,IMPUTED_USAGE_FEATURES",Low,0.65,No recent usage; abandoned tool; imputed usage features.,rules-only,0.2.0-tcb,0.0,False,False,False,False,False,False,True,True,False,False,False,False,False,False,False,True,CONTACT 1 N/C GOLD PLATED,49.7,34.0
500788101,0,0,0,N,Maintain,"NO_RECENT_USAGE,ABANDONED_TOOL,IMPUTED_USAGE_FEATURES",Low,0.65,No recent usage; abandoned tool; imputed usage features.,rules-only,0.2.0-tcb,0.0,False,False,False,False,False,False,True,True,False,False,False,False,False,False,False,True,BUTTON  EAO 61-1100.0 24X24MM VERS.,30.1,38.0
500788102,1,1,0,Y,Increase,"NO_RECENT_USAGE,ZERO_RECOMMENDATION_OVERRIDE,AD_HOC_CONSUMPTION_RISK,IMPUTED_USAGE_FEATURES",Medium,0.65,"Source algorithm recommends 0 but the part carries risk (lead time 60d, on-hand 0); protective stock proposed instead of zero.",rules-only,0.2.0-tcb,49.6,False,False,False,False,False,False,True,False,False,False,True,True,False,False,False,True,CAP E-STOP PROTECTIVE SHROUD,49.6,60.0
500788103,0,0,0,N,Maintain,"NO_RECENT_USAGE,ABANDONED_TOOL,IMPUTED_USAGE_FEATURES",Low,0.65,No recent usage; abandoned tool; imputed usage features.,rules-only,0.2.0-tcb,0.0,False,False,False,False,False,False,True,True,False,False,False,False,False,False,False,True,MOUNTING CLIP,13.7,53.0
500788104,0,0,0,N,Maintain,"NO_RECENT_USAGE,ABANDONED_TOOL,IMPUTED_USAGE_FEATURES",Low,0.65,No recent usage; abandoned tool; imputed usage features.,rules-only,0.2.0-tcb,0.0,False,False,False,False,False,False,True,True,False,False,False,False,False,False,False,True,INVAR 20UM 15 X 1.5 X 530MM RELM,868.4,53.0
500788105,0,0,0,N,Maintain,"NO_RECENT_USAGE,ABANDONED_TOOL,IMPUTED_USAGE_FEATURES",Low,0.65,No recent usage; abandoned tool; imputed usage features.,rules-only,0.2.0-tcb,0.0,False,False,False,False,False,False,True,True,False,False,False,False,False,False,False,True,READ HEAD  ENCODER  ATOM  20 MICRON,389.3,48.0
500788106,0,0,0,N,Maintain,"NO_RECENT_USAGE,ABANDONED_TOOL,IMPUTED_USAGE_FEATURES",Low,0.65,No recent usage; abandoned tool; imputed usage features.,rules-only,0.2.0-tcb,0.0,False,False,False,False,False,False,True,True,False,False,False,False,False,False,False,True,ENCODER SEGMENT 20 DEG RENISHAW ATOM,219.4,48.0
500788107,0,0,0,Y,Maintain,"NO_RECENT_USAGE,ABANDONED_TOOL,IMPUTED_USAGE_FEATURES",Medium,0.65,No recent usage; abandoned tool; imputed usage features.,rules-only,0.2.0-tcb,0.0,False,False,False,False,False,False,True,True,False,False,False,False,False,False,False,True,"FORCE/TORQUE INDICATOR, 110V",3715.1,42.0
500788108,0,0,0,N,Maintain,"NO_RECENT_USAGE,ABANDONED_TOOL,IMPUTED_USAGE_FEATURES",Low,0.65,No recent usage; abandoned tool; imputed usage features.,rules-only,0.2.0-tcb,0.0,False,False,False,False,False,False,True,True,False,False,False,False,False,False,False,True,COVER  24X24 TRANSPARENT,7.0,38.0
500788109,0,0,0,N,Maintain,"NO_RECENT_USAGE,ABANDONED_TOOL,IMPUTED_USAGE_FEATURES",Low,0.65,No recent usage; abandoned tool; imputed usage features.,rules-only,0.2.0-tcb,0.0,False,False,False,False,False,False,True,True,False,False,False,False,False,False,False,True,COVER  24X24 GREEN,7.1,38.0
500788110,0,0,0,N,Maintain,"NO_RECENT_USAGE,ABANDONED_TOOL,IMPUTED_USAGE_FEATURES",Low,0.65,No recent usage; abandoned tool; imputed usage features.,rules-only,0.2.0-tcb,0.0,False,False,False,False,False,False,True,True,False,False,False,False,False,False,False,True,BOX W INDIVIDUAL LIDS 4 COMPARTMENTS,477.0,27.0
500788111,0,0,0,N,Maintain,"NO_RECENT_USAGE,ABANDONED_TOOL,IMPUTED_USAGE_FEATURES",Low,0.65,No recent usage; abandoned tool; imputed usage features.,rules-only,0.2.0-tcb,0.0,False,False,False,False,False,False,True,True,False,False,False,False,False,False,False,True,WHITE LIGHTS,42.3,55.0
500788112,0,0,0,N,Maintain,"NO_RECENT_USAGE,ABANDONED_TOOL,IMPUTED_USAGE_FEATURES",Low,0.65,No recent usage; abandoned tool; imputed usage features.,rules-only,0.2.0-tcb,0.0,False,False,False,False,False,False,True,True,False,False,False,False,False,False,False,True,RELAY WITH LIGHT,10.2,55.0
500788113,0,0,0,N,Maintain,"NO_RECENT_USAGE,ABANDONED_TOOL,IMPUTED_USAGE_FEATURES",Low,0.65,No recent usage; abandoned tool; imputed usage features.,rules-only,0.2.0-tcb,0.0,False,False,False,False,False,False,True,True,False,False,False,False,False,False,False,True,DRIVER,525.0,55.0
500788114,0,0,0,N,Maintain,"NO_RECENT_USAGE,ABANDONED_TOOL,IMPUTED_USAGE_FEATURES",Low,0.65,No recent usage; abandoned tool; imputed usage features.,rules-only,0.2.0-tcb,0.0,False,False,False,False,False,False,True,True,False,False,False,False,False,False,False,True,"DETECTOR CABLE, 3M",84.6,55.0
500788115,0,0,0,N,Maintain,"NO_RECENT_USAGE,ABANDONED_TOOL,IMPUTED_USAGE_FEATURES",Low,0.65,No recent usage; abandoned tool; imputed usage features.,rules-only,0.2.0-tcb,0.0,False,False,False,False,False,False,True,True,False,False,False,False,False,False,False,True,"POWER CABLE, 3M",54.5,55.0
500788116,3,2,0,Y,Increase,"ZERO_RECOMMENDATION_OVERRIDE,IMPUTED_USAGE_FEATURES",Medium,0.75,"Source algorithm recommends 0 but the part carries risk (lead time 23d, on-hand 0); protective stock proposed instead of zero.",rules-only,0.2.0-tcb,2252.4,False,False,False,False,False,False,False,False,False,False,True,False,False,False,False,True,RED LIGHTS,750.8,23.0
500788117,0,0,0,N,Maintain,"NO_RECENT_USAGE,ABANDONED_TOOL,IMPUTED_USAGE_FEATURES",Low,0.65,No recent usage; abandoned tool; imputed usage features.,rules-only,0.2.0-tcb,0.0,False,False,False,False,False,False,True,True,False,False,False,False,False,False,False,True,ACTIVE WHEEL SET ASSY,1182.0,23.0
500788118,0,0,0,N,Maintain,"NO_RECENT_USAGE,ABANDONED_TOOL,IMPUTED_USAGE_FEATURES",Low,0.65,No recent usage; abandoned tool; imputed usage features.,rules-only,0.2.0-tcb,0.0,False,False,False,False,False,False,True,True,False,False,False,False,False,False,False,True,PASSIVE WHEEL SET ASSY,630.0,52.0
500788119,0,0,0,N,Maintain,"NO_RECENT_USAGE,ABANDONED_TOOL,IMPUTED_USAGE_FEATURES",Low,0.65,No recent usage; abandoned tool; imputed usage features.,rules-only,0.2.0-tcb,0.0,False,False,False,False,False,False,True,True,False,False,False,False,False,False,False,True,"TUBING CLAMP, PLASTIC",2.7,20.0
500788120,0,0,0,N,Maintain,"NO_RECENT_USAGE,ABANDONED_TOOL,IMPUTED_USAGE_FEATURES",Low,0.65,No recent usage; abandoned tool; imputed usage features.,rules-only,0.2.0-tcb,0.0,False,False,False,False,False,False,True,True,False,False,False,False,False,False,False,True,"TUBING CLAMP, 0.25IN OD, PLASTIC",2.7,20.0
500788121,0,0,0,N,Maintain,"NO_RECENT_USAGE,ABANDONED_TOOL,IMPUTED_USAGE_FEATURES",Low,0.65,No recent usage; abandoned tool; imputed usage features.,rules-only,0.2.0-tcb,0.0,False,False,False,False,False,False,True,True,False,False,False,False,False,False,False,True,"GAUGE BLOCK, RECTANGULAR, 8MM",130.8,34.0
500788122,0,0,0,N,Maintain,"NO_RECENT_USAGE,ABANDONED_TOOL,IMPUTED_USAGE_FEATURES",Low,0.65,No recent usage; abandoned tool; imputed usage features.,rules-only,0.2.0-tcb,0.0,False,False,False,False,False,False,True,True,False,False,False,False,False,False,False,True,T-HANDLE 9IN HEX 3MM,358.0,27.0
500788123,0,0,0,N,Maintain,"NO_RECENT_USAGE,ABANDONED_TOOL,IMPUTED_USAGE_FEATURES",Low,0.65,No recent usage; abandoned tool; imputed usage features.,rules-only,0.2.0-tcb,0.0,False,False,False,False,False,False,True,True,False,False,False,False,False,False,False,True,BEAKER 400 ML POLYETHYLENE,63.1,38.0
500788124,1,1,0,Y,Increase,"NO_RECENT_USAGE,ZERO_RECOMMENDATION_OVERRIDE,AD_HOC_CONSUMPTION_RISK,IMPUTED_USAGE_FEATURES",Medium,0.65,"Source algorithm recommends 0 but the part carries risk (lead time 63d, on-hand 0); protective stock proposed instead of zero.",rules-only,0.2.0-tcb,142.3,False,False,False,False,False,False,True,False,False,False,True,True,False,False,False,True,"VALVE, 5 PORT, SINGLE",142.3,63.0
500788125,0,0,0,N,Maintain,"NO_RECENT_USAGE,ABANDONED_TOOL,IMPUTED_USAGE_FEATURES",Low,0.65,No recent usage; abandoned tool; imputed usage features.,rules-only,0.2.0-tcb,0.0,False,False,False,False,False,False,True,True,False,False,False,False,False,False,False,True,SHIM,36.8,27.0
500788126,0,0,0,N,Maintain,"NO_RECENT_USAGE,ABANDONED_TOOL,IMPUTED_USAGE_FEATURES",Low,0.65,No recent usage; abandoned tool; imputed usage features.,rules-only,0.2.0-tcb,0.0,False,False,False,False,False,False,True,True,False,False,False,False,False,False,False,True,SHIM 100 MICRON,34.0,27.0
500788127,0,0,0,N,Maintain,"NO_RECENT_USAGE,ABANDONED_TOOL,IMPUTED_USAGE_FEATURES",Low,0.65,No recent usage; abandoned tool; imputed usage features.,rules-only,0.2.0-tcb,0.0,False,False,False,False,False,False,True,True,False,False,False,False,False,False,False,True,MULTI-LED WHITE 24V,24.8,24.0
500790606,600,454,0,Y,Increase,"LOW_COST_RECURRING_USAGE,SFM_DISAGREEMENT,MAX_CHANGE_EXCEEDS_THRESHOLD",Medium,0.8,Candidate source proposes 566 vs current 1.,rules-only,0.2.0-tcb,1446.0,False,False,True,False,False,False,False,False,False,False,False,False,False,True,True,False,"BACAVI,TV,700GR",2.41,40.0
500793084,1,1,0,Y,Increase,"NO_RECENT_USAGE,ZERO_RECOMMENDATION_OVERRIDE,AD_HOC_CONSUMPTION_RISK,IMPUTED_USAGE_FEATURES",High,0.65,"Source algorithm recommends 0 but the part carries risk (lead time 88d, on-hand 0); protective stock proposed instead of zero.",rules-only,0.2.0-tcb,11424.6,False,False,False,False,False,False,True,False,False,False,True,True,False,False,False,True,CONTROLLER  4XDUAL DRIVE / 0XHV DRIVE,11424.6,88.0
500793085,1,1,0,Y,Increase,"NO_RECENT_USAGE,ZERO_RECOMMENDATION_OVERRIDE,AD_HOC_CONSUMPTION_RISK,IMPUTED_USAGE_FEATURES",Medium,0.65,"Source algorithm recommends 0 but the part carries risk (lead time 163d, on-hand 0); protective stock proposed instead of zero.",rules-only,0.2.0-tcb,2551.8,False,False,False,False,False,False,True,False,False,False,True,True,False,False,False,True,CBL_X_ENCODER,2551.8,163.0
500793086,1,1,0,Y,Increase,"NO_RECENT_USAGE,ZERO_RECOMMENDATION_OVERRIDE,AD_HOC_CONSUMPTION_RISK,IMPUTED_USAGE_FEATURES",Medium,0.65,"Source algorithm recommends 0 but the part carries risk (lead time 163d, on-hand 0); protective stock proposed instead of zero.",rules-only,0.2.0-tcb,2551.8,False,False,False,False,False,False,True,False,False,False,True,True,False,False,False,True,CBL_X_ENCODER,2551.8,163.0
500793087,1,1,0,Y,Increase,"NO_RECENT_USAGE,ZERO_RECOMMENDATION_OVERRIDE,AD_HOC_CONSUMPTION_RISK,IMPUTED_USAGE_FEATURES",Medium,0.65,"Source algorithm recommends 0 but the part carries risk (lead time 163d, on-hand 0); protective stock proposed instead of zero.",rules-only,0.2.0-tcb,2551.8,False,False,False,False,False,False,True,False,False,False,True,True,False,False,False,True,CBL_Y_ENCODER,2551.8,163.0
500793088,1,1,0,Y,Increase,"NO_RECENT_USAGE,ZERO_RECOMMENDATION_OVERRIDE,AD_HOC_CONSUMPTION_RISK,IMPUTED_USAGE_FEATURES",Medium,0.65,"Source algorithm recommends 0 but the part carries risk (lead time 163d, on-hand 0); protective stock proposed instead of zero.",rules-only,0.2.0-tcb,2551.8,False,False,False,False,False,False,True,False,False,False,True,True,False,False,False,True,CBL_Y_ENCODER,2551.8,163.0
500793089,4,3,0,Y,Increase,"LONG_LEAD_TIME_RISK,ZERO_RECOMMENDATION_OVERRIDE,SFM_DISAGREEMENT,IMPUTED_USAGE_FEATURES",High,0.65,"Source algorithm recommends 0 but the part carries risk (lead time 63d, on-hand 1); protective stock proposed instead of zero. candidate source proposes 0 vs current 1.",rules-only,0.2.0-tcb,6773.6,False,False,False,False,False,True,False,False,False,False,True,False,False,True,False,True,AIR CLEANER UNIT HEPA FILTER,1693.4,63.0
500793090,0,0,0,N,Maintain,"NO_RECENT_USAGE,ABANDONED_TOOL,IMPUTED_USAGE_FEATURES",Low,0.65,No recent usage; abandoned tool; imputed usage features.,rules-only,0.2.0-tcb,0.0,False,False,False,False,False,False,True,True,False,False,False,False,False,False,False,True,LCD MONITOR,453.7,48.0
500793091,0,0,0,Y,Maintain,"NO_RECENT_USAGE,ABANDONED_TOOL,IMPUTED_USAGE_FEATURES",Medium,0.65,No recent usage; abandoned tool; imputed usage features.,rules-only,0.2.0-tcb,0.0,False,False,False,False,False,False,True,True,False,False,False,False,False,False,False,True,"COMPUTER BUNDLE, DELL",4960.0,48.0
500793092,0,0,0,Y,Maintain,"NO_RECENT_USAGE,ABANDONED_TOOL,IMPUTED_USAGE_FEATURES",Medium,0.65,No recent usage; abandoned tool; imputed usage features.,rules-only,0.2.0-tcb,0.0,False,False,False,False,False,False,True,True,False,False,False,False,False,False,False,True,"COMPUTER BUNDLE, ADVANTECH",6066.0,48.0
500793803,1,1,0,Y,Increase,"NO_RECENT_USAGE,ZERO_RECOMMENDATION_OVERRIDE,AD_HOC_CONSUMPTION_RISK,IMPUTED_USAGE_FEATURES",Medium,0.65,"Source algorithm recommends 0 but the part carries risk (lead time 86d, on-hand 0); protective stock proposed instead of zero.",rules-only,0.2.0-tcb,1621.5,False,False,False,False,False,False,True,False,False,False,True,True,False,False,False,True,25X25 RECIRCULATION GLASS DIE CASE,1621.5,86.0
500794916,6,5,0,Y,Increase,"HIGH_COST_INCREASE_REVIEW,LONG_LEAD_TIME_RISK,SFM_DISAGREEMENT,MAX_CHANGE_EXCEEDS_THRESHOLD",High,0.8,Candidate source proposes 2 vs current 1.,rules-only,0.2.0-tcb,93000.0,False,False,False,True,False,True,False,False,False,False,False,False,False,True,True,False,PROCESS GAS ANALYZER SUBASSEMBLY,15500.0,120.0
500794917,1,1,0,Y,Maintain,"NO_RECENT_USAGE,ZERO_RECOMMENDATION_OVERRIDE,AD_HOC_CONSUMPTION_RISK,SFM_DISAGREEMENT,IMPUTED_USAGE_FEATURES",High,0.55,"Source algorithm recommends 0 but the part carries risk (lead time 220d, on-hand 1); protective stock proposed instead of zero. candidate source proposes 0 vs current 1.",rules-only,0.2.0-tcb,7100.0,False,False,False,False,False,False,True,False,False,False,True,True,False,True,False,True,FA BECKHOFF CPU ASSY,7100.0,220.0
500794918,1,1,0,Y,Increase,"HIGH_COST_INCREASE_REVIEW,LONG_LEAD_TIME_RISK,NO_RECENT_USAGE,ZERO_RECOMMENDATION_OVERRIDE,SFM_DISAGREEMENT",High,0.8,"Source algorithm recommends 0 but the part carries risk (lead time 120d, on-hand 0); protective stock proposed instead of zero. candidate source proposes 1 vs current 0.",rules-only,0.2.0-tcb,5145.0,False,False,False,True,False,True,True,False,False,False,True,False,False,True,False,False,"FA ABATEMENT HEATER SUBASSY, LEFT",5145.0,120.0
500794919,1,1,0,Y,Increase,"HIGH_COST_INCREASE_REVIEW,LONG_LEAD_TIME_RISK,NO_RECENT_USAGE,ZERO_RECOMMENDATION_OVERRIDE,SFM_DISAGREEMENT",High,0.8,"Source algorithm recommends 0 but the part carries risk (lead time 120d, on-hand 0); protective stock proposed instead of zero. candidate source proposes 1 vs current 0.",rules-only,0.2.0-tcb,5145.0,False,False,False,True,False,True,True,False,False,False,True,False,False,True,False,False,"FA ABATEMENT HEATER SUBASSY, RIGHT",5145.0,120.0
500794920,1,1,0,Y,Maintain,"NO_RECENT_USAGE,ZERO_RECOMMENDATION_OVERRIDE,AD_HOC_CONSUMPTION_RISK,SFM_DISAGREEMENT,IMPUTED_USAGE_FEATURES",Medium,0.55,"Source algorithm recommends 0 but the part carries risk (lead time 117d, on-hand 1); protective stock proposed instead of zero. candidate source proposes 0 vs current 1.",rules-only,0.2.0-tcb,2490.0,False,False,False,False,False,False,True,False,False,False,True,True,False,True,False,True,BGA_PUMP_PWR_TERM,2490.0,117.0
500794921,1,1,0,Y,Increase,"NO_RECENT_USAGE,ZERO_RECOMMENDATION_OVERRIDE,AD_HOC_CONSUMPTION_RISK,IMPUTED_USAGE_FEATURES",Medium,0.65,"Source algorithm recommends 0 but the part carries risk (lead time 91d, on-hand 0); protective stock proposed instead of zero.",rules-only,0.2.0-tcb,215.0,False,False,False,False,False,False,True,False,False,False,True,True,False,False,False,True,RELAY 3-30V SPST 240V 20A,215.0,91.0
500794922,0,0,0,N,Maintain,"NO_RECENT_USAGE,ABANDONED_TOOL,IMPUTED_USAGE_FEATURES",Low,0.65,No recent usage; abandoned tool; imputed usage features.,rules-only,0.2.0-tcb,0.0,False,False,False,False,False,False,True,True,False,False,False,False,False,False,False,True,RELAY GEN PURPOS SPST 50MA 24VDC,19.0,55.0
500794923,0,0,0,N,Maintain,"NO_RECENT_USAGE,ABANDONED_TOOL,IMPUTED_USAGE_FEATURES",Low,0.65,No recent usage; abandoned tool; imputed usage features.,rules-only,0.2.0-tcb,0.0,False,False,False,False,False,False,True,True,False,False,False,False,False,False,False,True,RELAY SPDT (1 FORM C) 5VDC COIL DIN RAIL,61.0,41.0
500794924,1,1,0,Y,Increase,"HIGH_COST_INCREASE_REVIEW,NO_RECENT_USAGE,ABANDONED_TOOL,ZERO_RECOMMENDATION_OVERRIDE,AD_HOC_CONSUMPTION_RISK,SFM_DISAGREEMENT,IMPUTED_USAGE_FEATURES",Medium,0.55,"Source algorithm recommends 0 but the part carries risk (lead time 53d, on-hand 0); protective stock proposed instead of zero. candidate source proposes 1 vs current 0.",rules-only,0.2.0-tcb,3677.0,False,False,False,True,False,False,True,True,False,False,True,True,False,True,False,True,IND CHARGE AMP 3 CH_BNC INPUT CONNECTOR,3677.0,53.0
500794925,0,0,0,N,Maintain,"NO_RECENT_USAGE,ABANDONED_TOOL,IMPUTED_USAGE_FEATURES",Low,0.65,No recent usage; abandoned tool; imputed usage features.,rules-only,0.2.0-tcb,0.0,False,False,False,False,False,False,True,True,False,False,False,False,False,False,False,True,"DIGITAL PRES GA, 1/8 NPT,-0.1 TO 1.0MPA",140.6,53.0
500794926,5,4,0,Y,Increase,"HIGH_COST_INCREASE_REVIEW,LONG_LEAD_TIME_RISK,SFM_DISAGREEMENT,MAX_CHANGE_EXCEEDS_THRESHOLD",High,0.8,Candidate source proposes 3 vs current 1.,rules-only,0.2.0-tcb,44500.0,False,False,False,True,False,True,False,False,False,False,False,False,False,True,True,False,MASS FLOW CONTROLLER MCHS,8900.0,91.0
500794927,0,0,0,N,Maintain,"NO_RECENT_USAGE,ABANDONED_TOOL,IMPUTED_USAGE_FEATURES",Low,0.65,No recent usage; abandoned tool; imputed usage features.,rules-only,0.2.0-tcb,0.0,False,False,False,False,False,False,True,True,False,False,False,False,False,False,False,True,FRAME_FRONT 24X24MM BLACK,14.2,38.0
500794928,1,1,0,Y,Increase,"NO_RECENT_USAGE,ZERO_RECOMMENDATION_OVERRIDE,AD_HOC_CONSUMPTION_RISK,IMPUTED_USAGE_FEATURES",Medium,0.65,"Source algorithm recommends 0 but the part carries risk (lead time 63d, on-hand 0); protective stock proposed instead of zero.",rules-only,0.2.0-tcb,29.0,False,False,False,False,False,False,True,False,False,False,True,True,False,False,False,True,TERM BLK FUSE MOD UT6-HESI(6.3X32),29.0,63.0
500794929,1,1,0,Y,Increase,"NO_RECENT_USAGE,ZERO_RECOMMENDATION_OVERRIDE,AD_HOC_CONSUMPTION_RISK,IMPUTED_USAGE_FEATURES",Medium,0.65,"Source algorithm recommends 0 but the part carries risk (lead time 91d, on-hand 0); protective stock proposed instead of zero.",rules-only,0.2.0-tcb,347.0,False,False,False,False,False,False,True,False,False,False,True,True,False,False,False,True,DIFFERENTIAL PRESSURE SENSOR,347.0,91.0
500794930,4,3,0,Y,Increase,"LONG_LEAD_TIME_RISK,SFM_DISAGREEMENT",Medium,0.8,Candidate source proposes 2 vs current 0.,rules-only,0.2.0-tcb,1256.8,False,False,False,False,False,True,False,False,False,False,False,False,False,True,False,False,O2 100PPM N2 CALIBRATION GAS 116L,314.2,77.0
500794931,1,1,0,Y,Increase,"NO_RECENT_USAGE,ZERO_RECOMMENDATION_OVERRIDE,AD_HOC_CONSUMPTION_RISK,IMPUTED_USAGE_FEATURES",Medium,0.65,"Source algorithm recommends 0 but the part carries risk (lead time 285d, on-hand 0); protective stock proposed instead of zero.",rules-only,0.2.0-tcb,769.0,False,False,False,False,False,False,True,False,False,False,True,True,False,False,False,True,SAFETY CONTROLLER FLEXI SOFT MAIN MODULE,769.0,285.0
500794932,0,0,0,N,Maintain,"NO_RECENT_USAGE,ABANDONED_TOOL,IMPUTED_USAGE_FEATURES",Low,0.65,No recent usage; abandoned tool; imputed usage features.,rules-only,0.2.0-tcb,0.0,False,False,False,False,False,False,True,True,False,False,False,False,False,False,False,True,"ENCODER INTERFACE,X4000 INTRPL,20MICRON",409.5,48.0
500794933,0,0,0,N,Maintain,"NO_RECENT_USAGE,ABANDONED_TOOL,IMPUTED_USAGE_FEATURES",Low,0.65,No recent usage; abandoned tool; imputed usage features.,rules-only,0.2.0-tcb,0.0,False,False,False,False,False,False,True,True,False,False,False,False,False,False,False,True,SPIRIT LEVEL 0.1MM/M L80MM,1054.5,53.0
500794934,3,2,0,Y,Increase,SFM_DISAGREEMENT,Medium,0.8,Candidate source proposes 2 vs current 0.,rules-only,0.2.0-tcb,1475.1,False,False,False,False,False,False,False,False,False,False,False,False,False,True,False,False,"USB 3.0 PCIE,FRESCO FL1100,4HC,4 PORT",491.7,28.0
500794935,1,1,0,Y,Increase,"NO_RECENT_USAGE,ZERO_RECOMMENDATION_OVERRIDE,AD_HOC_CONSUMPTION_RISK,IMPUTED_USAGE_FEATURES",Medium,0.65,"Source algorithm recommends 0 but the part carries risk (lead time 91d, on-hand 0); protective stock proposed instead of zero.",rules-only,0.2.0-tcb,680.0,False,False,False,False,False,False,True,False,False,False,True,True,False,False,False,True,AC/DC CONVERTER 24V 240W,680.0,91.0
500794936,1,1,0,Y,Increase,"NO_RECENT_USAGE,ZERO_RECOMMENDATION_OVERRIDE,AD_HOC_CONSUMPTION_RISK,IMPUTED_USAGE_FEATURES",Medium,0.65,"Source algorithm recommends 0 but the part carries risk (lead time 91d, on-hand 0); protective stock proposed instead of zero.",rules-only,0.2.0-tcb,500.0,False,False,False,False,False,False,True,False,False,False,True,True,False,False,False,True,"POWER SUPPLY, 120W, 1PH, 24-28VD",500.0,91.0
500794937,1,1,0,Y,Maintain,"NO_RECENT_USAGE,ZERO_RECOMMENDATION_OVERRIDE,AD_HOC_CONSUMPTION_RISK,SFM_DISAGREEMENT",Medium,0.7,"Source algorithm recommends 0 but the part carries risk (lead time 91d, on-hand 1); protective stock proposed instead of zero. candidate source proposes 0 vs current 1.",rules-only,0.2.0-tcb,1360.0,False,False,False,False,False,False,True,False,False,False,True,True,False,True,False,False,DIN RAIL UPS 24V 10A W/ 5AH BAT,1360.0,91.0
500794938,0,0,0,N,Maintain,"NO_RECENT_USAGE,ABANDONED_TOOL,IMPUTED_USAGE_FEATURES",Low,0.65,No recent usage; abandoned tool; imputed usage features.,rules-only,0.2.0-tcb,0.0,False,False,False,False,False,False,True,True,False,False,False,False,False,False,False,True,POWER SUPPLY MODULE - POWER BRIDGE,356.0,48.0
500794939,4,3,0,Y,Increase,"LONG_LEAD_TIME_RISK,ZERO_RECOMMENDATION_OVERRIDE",High,0.9,"Source algorithm recommends 0 but the part carries risk (lead time 70d, on-hand 1); protective stock proposed instead of zero.",rules-only,0.2.0-tcb,24000.0,False,False,False,False,False,True,False,False,False,False,True,False,False,False,False,False,FORMIC ACID 0-15PPM SENSOR,6000.0,70.0
500794940,3,2,0,Y,Increase,"LONG_LEAD_TIME_RISK,ZERO_RECOMMENDATION_OVERRIDE",High,0.9,"Source algorithm recommends 0 but the part carries risk (lead time 48d, on-hand 1); protective stock proposed instead of zero.",rules-only,0.2.0-tcb,17790.0,False,False,False,False,False,True,False,False,False,False,True,False,False,False,False,False,"CO SENSOR, 0-150PPM",5930.0,48.0
500794941,0,0,0,N,Maintain,"NO_RECENT_USAGE,ABANDONED_TOOL,IMPUTED_USAGE_FEATURES",Low,0.65,No recent usage; abandoned tool; imputed usage features.,rules-only,0.2.0-tcb,0.0,False,False,False,False,False,False,True,True,False,False,False,False,False,False,False,True,DP CABLE MALE TO MALE 3M,123.8,55.0
500794942,0,0,0,N,Maintain,"NO_RECENT_USAGE,ABANDONED_TOOL,IMPUTED_USAGE_FEATURES",Low,0.65,No recent usage; abandoned tool; imputed usage features.,rules-only,0.2.0-tcb,0.0,False,False,False,False,False,False,True,True,False,False,False,False,False,False,False,True,FIBER SENSOR,131.3,55.0
500794943,0,0,0,N,Maintain,"NO_RECENT_USAGE,ABANDONED_TOOL,IMPUTED_USAGE_FEATURES",Low,0.65,No recent usage; abandoned tool; imputed usage features.,rules-only,0.2.0-tcb,0.0,False,False,False,False,False,False,True,True,False,False,False,False,False,False,False,True,PHOTO SENSOR AMPLIFIER,144.5,55.0
500794944,0,0,0,N,Maintain,"NO_RECENT_USAGE,ABANDONED_TOOL,IMPUTED_USAGE_FEATURES",Low,0.65,No recent usage; abandoned tool; imputed usage features.,rules-only,0.2.0-tcb,0.0,False,False,False,False,False,False,True,True,False,False,False,False,False,False,False,True,"BRG_LIN W=20 H=10 B=15, 1 CARRIAGE",198.5,31.0
500794945,3,2,0,Y,Increase,"ZERO_RECOMMENDATION_OVERRIDE,SFM_DISAGREEMENT",Medium,0.8,"Source algorithm recommends 0 but the part carries risk (lead time 20d, on-hand 0); protective stock proposed instead of zero. candidate source proposes 1 vs current 0.",rules-only,0.2.0-tcb,1821.9,False,False,False,False,False,False,False,False,False,False,True,False,False,True,False,False,"REGULATOR, 0.5 MPA, 0-10V, W/O CABLE",607.3,20.0
500794946,1,1,0,Y,Increase,"NO_RECENT_USAGE,ZERO_RECOMMENDATION_OVERRIDE,AD_HOC_CONSUMPTION_RISK,IMPUTED_USAGE_FEATURES",Medium,0.65,"Source algorithm recommends 0 but the part carries risk (lead time 66d, on-hand 0); protective stock proposed instead of zero.",rules-only,0.2.0-tcb,527.0,False,False,False,False,False,False,True,False,False,False,True,True,False,False,False,True,"REGULATOR, ELECTRO-PNEUMATIC",527.0,66.0
500794947,1,1,0,Y,Increase,"NO_RECENT_USAGE,ZERO_RECOMMENDATION_OVERRIDE,AD_HOC_CONSUMPTION_RISK,IMPUTED_USAGE_FEATURES",Medium,0.65,"Source algorithm recommends 0 but the part carries risk (lead time 63d, on-hand 0); protective stock proposed instead of zero.",rules-only,0.2.0-tcb,1114.6,False,False,False,False,False,False,True,False,False,False,True,True,False,False,False,True,"DEMAND FLOW REGULATOR C-10 CONN, GASCO",1114.6,63.0
500794948,1,1,0,Y,Maintain,"NO_RECENT_USAGE,ZERO_RECOMMENDATION_OVERRIDE,AD_HOC_CONSUMPTION_RISK,SFM_DISAGREEMENT,IMPUTED_USAGE_FEATURES",Medium,0.55,"Source algorithm recommends 0 but the part carries risk (lead time 48d, on-hand 2); protective stock proposed instead of zero. candidate source proposes 0 vs current 1.",rules-only,0.2.0-tcb,260.0,False,False,False,False,False,False,True,False,False,False,True,True,False,True,False,True,"CHARCOAL FILTER, INLINE, 6MM OD BARBS",260.0,48.0
500794949,1,1,0,Y,Maintain,"NO_RECENT_USAGE,ZERO_RECOMMENDATION_OVERRIDE,AD_HOC_CONSUMPTION_RISK,SFM_DISAGREEMENT,IMPUTED_USAGE_FEATURES",Medium,0.55,"Source algorithm recommends 0 but the part carries risk (lead time 127d, on-hand 1); protective stock proposed instead of zero. candidate source proposes 0 vs current 1.",rules-only,0.2.0-tcb,239.0,False,False,False,False,False,False,True,False,False,False,True,True,False,True,False,True,"FITTING, SS T-TYPE FILTER, 1/4IN X 1/4IN",239.0,127.0
500794950,0,0,0,N,Maintain,"NO_RECENT_USAGE,ABANDONED_TOOL,IMPUTED_USAGE_FEATURES",Low,0.65,No recent usage; abandoned tool; imputed usage features.,rules-only,0.2.0-tcb,0.0,False,False,False,False,False,False,True,True,False,False,False,False,False,False,False,True,POST-ASSY INSERTION NUT W/LEAF SPRING,1.7,20.0
500794951,1,1,0,Y,Increase,"NO_RECENT_USAGE,ZERO_RECOMMENDATION_OVERRIDE,AD_HOC_CONSUMPTION_RISK,IMPUTED_USAGE_FEATURES",Medium,0.65,"Source algorithm recommends 0 but the part carries risk (lead time 80d, on-hand 0); protective stock proposed instead of zero.",rules-only,0.2.0-tcb,107.0,False,False,False,False,False,False,True,False,False,False,True,True,False,False,False,True,"SOLENOID VALVE, 3 PORT",107.0,80.0
500794952,0,0,0,N,Maintain,"NO_RECENT_USAGE,ABANDONED_TOOL,IMPUTED_USAGE_FEATURES",Low,0.65,No recent usage; abandoned tool; imputed usage features.,rules-only,0.2.0-tcb,0.0,False,False,False,False,False,False,True,True,False,False,False,False,False,False,False,True,"CYLINDER, DBL SHAFT, BORE 16, STROKE 5",153.3,27.0
500794953,1,1,0,Y,Maintain,"NO_RECENT_USAGE,ZERO_RECOMMENDATION_OVERRIDE,SFM_DISAGREEMENT,IMPUTED_USAGE_FEATURES",Medium,0.55,"Source algorithm recommends 0 but the part carries risk (lead time 41d, on-hand 1); protective stock proposed instead of zero. candidate source proposes 0 vs current 1.",rules-only,0.2.0-tcb,1152.0,False,False,False,False,False,False,True,False,False,False,True,False,False,True,False,True,ISOLATING TRANSDUCER 2-CHANNEL; SIL 2,1152.0,41.0
500794954,0,0,0,N,Maintain,"NO_RECENT_USAGE,ABANDONED_TOOL,IMPUTED_USAGE_FEATURES",Low,0.65,No recent usage; abandoned tool; imputed usage features.,rules-only,0.2.0-tcb,0.0,False,False,False,False,False,False,True,True,False,False,False,False,False,False,False,True,"O-RING,6.5MM ID,1.5MM THICK,70A DUROMTR",3.7,27.0
500794955,0,0,0,N,Maintain,"NO_RECENT_USAGE,ABANDONED_TOOL,IMPUTED_USAGE_FEATURES",Low,0.65,No recent usage; abandoned tool; imputed usage features.,rules-only,0.2.0-tcb,0.0,False,False,False,False,False,False,True,True,False,False,False,False,False,False,False,True,"O-RING,1"" ID,3/16"" THICK,70A DUROMETER",3.7,34.0
500795498,0,0,0,N,Maintain,"NO_RECENT_USAGE,ABANDONED_TOOL,IMPUTED_USAGE_FEATURES",Low,0.65,No recent usage; abandoned tool; imputed usage features.,rules-only,0.2.0-tcb,0.0,False,False,False,False,False,False,True,True,False,False,False,False,False,False,False,True,MAGNETIC ADAPTER FOR BONDHEAD FORCE GAUG,220.5,48.0
500795499,0,0,0,N,Maintain,"NO_RECENT_USAGE,ABANDONED_TOOL,IMPUTED_USAGE_FEATURES",Low,0.65,No recent usage; abandoned tool; imputed usage features.,rules-only,0.2.0-tcb,0.0,False,False,False,False,False,False,True,True,False,False,False,False,False,False,False,True,RELAY SPDT 24VDC COIL DIN RAIL,42.0,48.0
500795501,1,1,0,Y,Maintain,"NO_RECENT_USAGE,ZERO_RECOMMENDATION_OVERRIDE,AD_HOC_CONSUMPTION_RISK,SFM_DISAGREEMENT,IMPUTED_USAGE_FEATURES",High,0.55,"Source algorithm recommends 0 but the part carries risk (lead time 91d, on-hand 1); protective stock proposed instead of zero. candidate source proposes 0 vs current 1.",rules-only,0.2.0-tcb,5108.0,False,False,False,False,False,False,True,False,False,False,True,True,False,True,False,True,"MASS FLOWMETER,0-20 SLPM,1/8"" BSSP",5108.0,91.0
500795502,1,1,0,Y,Maintain,"NO_RECENT_USAGE,ZERO_RECOMMENDATION_OVERRIDE,AD_HOC_CONSUMPTION_RISK,SFM_DISAGREEMENT,IMPUTED_USAGE_FEATURES",High,0.55,"Source algorithm recommends 0 but the part carries risk (lead time 91d, on-hand 1); protective stock proposed instead of zero. candidate source proposes 0 vs current 1.",rules-only,0.2.0-tcb,5350.0,False,False,False,False,False,False,True,False,False,False,True,True,False,True,False,True,"MASS FLOWMETER,0-50 SLPM,1/4"" BSSP",5350.0,91.0
500795503,0,0,0,N,Maintain,"NO_RECENT_USAGE,ABANDONED_TOOL,IMPUTED_USAGE_FEATURES",Low,0.65,No recent usage; abandoned tool; imputed usage features.,rules-only,0.2.0-tcb,0.0,False,False,False,False,False,False,True,True,False,False,False,False,False,False,False,True,ISO SWITCH AMP 2-CH;2 RELAY OP,518.0,41.0
500795504,0,0,0,N,Maintain,"NO_RECENT_USAGE,ABANDONED_TOOL,IMPUTED_USAGE_FEATURES",Low,0.65,No recent usage; abandoned tool; imputed usage features.,rules-only,0.2.0-tcb,0.0,False,False,False,False,False,False,True,True,False,False,False,False,False,False,False,True,ISO SWITCH AMP 2-CH;2 TRANS OP,582.0,55.0
500795505,1,1,0,Y,Increase,"NO_RECENT_USAGE,ZERO_RECOMMENDATION_OVERRIDE,AD_HOC_CONSUMPTION_RISK,IMPUTED_USAGE_FEATURES",Medium,0.65,"Source algorithm recommends 0 but the part carries risk (lead time 70d, on-hand 0); protective stock proposed instead of zero.",rules-only,0.2.0-tcb,956.0,False,False,False,False,False,False,True,False,False,False,True,True,False,False,False,True,TEMP MEASURE AMP 1-CH;MONITOR FOR SC,956.0,70.0
500796080,1,1,0,Y,Maintain,"NO_RECENT_USAGE,ZERO_RECOMMENDATION_OVERRIDE,SFM_DISAGREEMENT",Medium,0.7,"Source algorithm recommends 0 but the part carries risk (lead time 40d, on-hand 3); protective stock proposed instead of zero. candidate source proposes 0 vs current 1.",rules-only,0.2.0-tcb,4500.0,False,False,False,False,False,False,True,False,False,False,True,False,False,True,False,False,"PLACE TOOL 33,SISIC501,25.21X22.12X0.5",4500.0,40.0
500796083,1,1,0,Y,Maintain,"NO_RECENT_USAGE,ZERO_RECOMMENDATION_OVERRIDE,SFM_DISAGREEMENT",Medium,0.7,"Source algorithm recommends 0 but the part carries risk (lead time 40d, on-hand 3); protective stock proposed instead of zero. candidate source proposes 0 vs current 1.",rules-only,0.2.0-tcb,4500.0,False,False,False,False,False,False,True,False,False,False,True,False,False,True,False,False,"PLACE TOOL 33,SISIC501,31.82X07.04X0.5",4500.0,40.0
500796087,0,0,0,Y,Maintain,"NO_RECENT_USAGE,ABANDONED_TOOL,IMPUTED_USAGE_FEATURES",Medium,0.65,No recent usage; abandoned tool; imputed usage features.,rules-only,0.2.0-tcb,0.0,False,False,False,False,False,False,True,True,False,False,False,False,False,False,False,True,"BOND CHUCK,4x2 MATRIX,56.5x45.0x1.65",7250.0,40.0
500796088,0,0,0,Y,Maintain,"NO_RECENT_USAGE,ABANDONED_TOOL,IMPUTED_USAGE_FEATURES",Medium,0.65,No recent usage; abandoned tool; imputed usage features.,rules-only,0.2.0-tcb,0.0,False,False,False,False,False,False,True,True,False,False,False,False,False,False,False,True,"PREHEAT CHUCK,4x2 MATRIX,56.5x45.0",4000.0,40.0
500796089,0,0,0,Y,Maintain,"NO_RECENT_USAGE,ABANDONED_TOOL,IMPUTED_USAGE_FEATURES",Medium,0.65,No recent usage; abandoned tool; imputed usage features.,rules-only,0.2.0-tcb,0.0,False,False,False,False,False,False,True,True,False,False,False,False,False,False,False,True,"PRECISOR,4x2 MATRIX,56.5x45.0",2000.0,40.0
500797637,1,1,0,Y,Maintain,"NO_RECENT_USAGE,ZERO_RECOMMENDATION_OVERRIDE,SFM_DISAGREEMENT",Medium,0.7,"Source algorithm recommends 0 but the part carries risk (lead time 35d, on-hand 1); protective stock proposed instead of zero. candidate source proposes 0 vs current 1.",rules-only,0.2.0-tcb,140.7,False,False,False,False,False,False,True,False,False,False,True,False,False,True,False,False,WD 1TB NOTEBOOK HARD 7200 RPM,140.7,35.0
500798508,0,0,0,N,Maintain,"NO_RECENT_USAGE,ABANDONED_TOOL,IMPUTED_USAGE_FEATURES",Low,0.65,No recent usage; abandoned tool; imputed usage features.,rules-only,0.2.0-tcb,0.0,False,False,False,False,False,False,True,True,False,False,False,False,False,False,False,True,"TIMING BELT,W8,P AT3,L708, 236 TEEETH",64.5,52.0
500801693,0,0,0,N,Maintain,"NO_RECENT_USAGE,ABANDONED_TOOL,IMPUTED_USAGE_FEATURES",Low,0.65,No recent usage; abandoned tool; imputed usage features.,rules-only,0.2.0-tcb,0.0,False,False,False,False,False,False,True,True,False,False,False,False,False,False,False,True,BELT_TIMING P=AT5 L=3000MM W=16MM,213.7,52.0
500801694,1,1,0,Y,Increase,"NO_RECENT_USAGE,ZERO_RECOMMENDATION_OVERRIDE,AD_HOC_CONSUMPTION_RISK,IMPUTED_USAGE_FEATURES",Medium,0.65,"Source algorithm recommends 0 but the part carries risk (lead time 73d, on-hand 0); protective stock proposed instead of zero.",rules-only,0.2.0-tcb,245.7,False,False,False,False,False,False,True,False,False,False,True,True,False,False,False,True,REPLACEMENT FILTER ELEMENT,245.7,73.0
500806498,1,1,0,Y,Maintain,"NO_RECENT_USAGE,INSUFFICIENT_DATA,ZERO_RECOMMENDATION_OVERRIDE,SFM_DISAGREEMENT,IMPUTED_USAGE_FEATURES",Medium,0.4,"Source algorithm recommends 0 but the part carries risk (lead time 30d, on-hand 1); protective stock proposed instead of zero. candidate source proposes 0 vs current 1.",rules-only,0.2.0-tcb,4500.0,False,False,False,False,False,False,True,False,False,True,True,False,False,True,False,True,"PLACE TOOL 33,SISIC501,10.80X10.80X0.5",4500.0,30.0
500809419,1,1,0,Y,Increase,"NO_RECENT_USAGE,ZERO_RECOMMENDATION_OVERRIDE,SFM_DISAGREEMENT",Medium,0.8,"Source algorithm recommends 0 but the part carries risk (lead time 35d, on-hand 1); protective stock proposed instead of zero. candidate source proposes 1 vs current 0.",rules-only,0.2.0-tcb,630.0,False,False,False,False,False,False,True,False,False,False,True,False,False,True,False,False,GF-5 PRECISION GROUND FLATSTONES,630.0,35.0
500810529,1,1,0,Y,Maintain,"NO_RECENT_USAGE,INSUFFICIENT_DATA,ZERO_RECOMMENDATION_OVERRIDE,SFM_DISAGREEMENT,IMPUTED_USAGE_FEATURES",Medium,0.4,"Source algorithm recommends 0 but the part carries risk (lead time 30d, on-hand 1); protective stock proposed instead of zero. candidate source proposes 0 vs current 1.",rules-only,0.2.0-tcb,4500.0,False,False,False,False,False,False,True,False,False,True,True,False,False,True,False,True,"PLACE TOOL 33,SISIC501,31.17X18.54X0.50",4500.0,30.0
500810533,1,1,0,Y,Maintain,"NO_RECENT_USAGE,INSUFFICIENT_DATA,ZERO_RECOMMENDATION_OVERRIDE,SFM_DISAGREEMENT,IMPUTED_USAGE_FEATURES",Medium,0.4,"Source algorithm recommends 0 but the part carries risk (lead time 30d, on-hand 1); protective stock proposed instead of zero. candidate source proposes 0 vs current 1.",rules-only,0.2.0-tcb,4500.0,False,False,False,False,False,False,True,False,False,True,True,False,False,True,False,True,"PLACE TOOL 33,SISIC501,31.86X10.85X0.5",4500.0,30.0
500810535,3,2,0,Y,Increase,"HIGH_COST_INCREASE_REVIEW,ZERO_RECOMMENDATION_OVERRIDE,SFM_DISAGREEMENT,MAX_CHANGE_EXCEEDS_THRESHOLD",High,0.8,"Source algorithm recommends 0 but the part carries risk (lead time 30d, on-hand 1); protective stock proposed instead of zero. candidate source proposes 2 vs current 1.",rules-only,0.2.0-tcb,13500.0,False,False,False,True,False,False,False,False,False,False,True,False,False,True,True,False,"PLACE TOOL 33,SISIC501,32.10X12.07X0.5",4500.0,30.0
500810544,1,1,0,Y,Maintain,"NO_RECENT_USAGE,INSUFFICIENT_DATA,ZERO_RECOMMENDATION_OVERRIDE,SFM_DISAGREEMENT,IMPUTED_USAGE_FEATURES",High,0.4,"Source algorithm recommends 0 but the part carries risk (lead time 35d, on-hand 1); protective stock proposed instead of zero. candidate source proposes 0 vs current 1.",rules-only,0.2.0-tcb,7250.0,False,False,False,False,False,False,True,False,False,True,True,False,False,True,False,True,"BOND CHUCK,3X2 MATRIX,77.5X50.0X1.80",7250.0,35.0
500810545,1,1,0,Y,Maintain,"NO_RECENT_USAGE,INSUFFICIENT_DATA,ZERO_RECOMMENDATION_OVERRIDE,SFM_DISAGREEMENT,IMPUTED_USAGE_FEATURES",Medium,0.4,"Source algorithm recommends 0 but the part carries risk (lead time 35d, on-hand 1); protective stock proposed instead of zero. candidate source proposes 0 vs current 1.",rules-only,0.2.0-tcb,4000.0,False,False,False,False,False,False,True,False,False,True,True,False,False,True,False,True,"PREHEAT CHUCK,3X2 MATRIX,77.5X50.0",4000.0,35.0
500810546,1,1,0,Y,Increase,"NO_RECENT_USAGE,INSUFFICIENT_DATA,ZERO_RECOMMENDATION_OVERRIDE,IMPUTED_USAGE_FEATURES",Medium,0.5,"Source algorithm recommends 0 but the part carries risk (lead time 35d, on-hand 0); protective stock proposed instead of zero.",rules-only,0.2.0-tcb,2000.0,False,False,False,False,False,False,True,False,False,True,True,False,False,False,False,True,"PRECISOR,3X2 MATRIX,77.5X50.0",2000.0,35.0
500815517,1,1,0,Y,Increase,"NO_RECENT_USAGE,INSUFFICIENT_DATA,ZERO_RECOMMENDATION_OVERRIDE,IMPUTED_USAGE_FEATURES",Medium,0.5,"Source algorithm recommends 0 but the part carries risk (lead time 20d, on-hand 0); protective stock proposed instead of zero.",rules-only,0.2.0-tcb,114.0,False,False,False,False,False,False,True,False,False,True,True,False,False,False,False,True,"OPENEND,WRENCH,ATTACH,22MM,NOZZLE",114.0,20.0
500815520,3,2,0,Y,Increase,"INSUFFICIENT_DATA,ZERO_RECOMMENDATION_OVERRIDE,IMPUTED_USAGE_FEATURES",Medium,0.6,"Source algorithm recommends 0 but the part carries risk (lead time 20d, on-hand 0); protective stock proposed instead of zero.",rules-only,0.2.0-tcb,1206.0,False,False,False,False,False,False,False,False,False,True,True,False,False,False,False,True,"AL,PTZ15192-2,TORQUE,SUPPORT,V2020",402.0,20.0
500816939,3,2,0,Y,Increase,"LONG_LEAD_TIME_RISK,INSUFFICIENT_DATA,ZERO_RECOMMENDATION_OVERRIDE,SFM_DISAGREEMENT,IMPUTED_USAGE_FEATURES",Medium,0.5,"Source algorithm recommends 0 but the part carries risk (lead time 45d, on-hand 0); protective stock proposed instead of zero. candidate source proposes 0 vs current 1.",rules-only,0.2.0-tcb,2196.0,False,False,False,False,False,True,False,False,False,True,True,False,False,True,False,True,CARRIAGE MOTOR COIL ASSY (R),732.0,45.0
500817204,3,2,0,Y,Increase,"LONG_LEAD_TIME_RISK,INSUFFICIENT_DATA,ZERO_RECOMMENDATION_OVERRIDE,SFM_DISAGREEMENT,IMPUTED_USAGE_FEATURES",Medium,0.5,"Source algorithm recommends 0 but the part carries risk (lead time 45d, on-hand 0); protective stock proposed instead of zero. candidate source proposes 0 vs current 1.",rules-only,0.2.0-tcb,2196.0,False,False,False,False,False,True,False,False,False,True,True,False,False,True,False,True,CARRIAGE MOTOR COIL ASSY (L),732.0,45.0
500818667,1,1,0,Y,Maintain,"NO_RECENT_USAGE,ZERO_RECOMMENDATION_OVERRIDE,SFM_DISAGREEMENT",High,0.7,"Source algorithm recommends 0 but the part carries risk (lead time 35d, on-hand 1); protective stock proposed instead of zero. candidate source proposes 0 vs current 1.",rules-only,0.2.0-tcb,5000.0,False,False,False,False,False,False,True,False,False,False,True,False,False,True,False,False,"PLACE TOOL 33,SISIC501,25.21X22.12X1.2",5000.0,35.0
500819356,4,3,0,Y,Increase,"LONG_LEAD_TIME_RISK,ZERO_RECOMMENDATION_OVERRIDE",Medium,0.9,"Source algorithm recommends 0 but the part carries risk (lead time 65d, on-hand 1); protective stock proposed instead of zero.",rules-only,0.2.0-tcb,501.44,False,False,False,False,False,True,False,False,False,False,True,False,False,False,False,False,KIT FIT BH 1/4 SS SCREW FERRULE COLLAR,125.36,65.0
500819682,1,1,0,Y,Increase,"NO_RECENT_USAGE,INSUFFICIENT_DATA,ZERO_RECOMMENDATION_OVERRIDE,IMPUTED_USAGE_FEATURES",Medium,0.5,"Source algorithm recommends 0 but the part carries risk (lead time 35d, on-hand 0); protective stock proposed instead of zero.",rules-only,0.2.0-tcb,3200.0,False,False,False,False,False,False,True,False,False,True,True,False,False,False,False,True,"VACUUM CRANE,4X2 MATRIX,56.0X45.0",3200.0,35.0
500820911,1,1,0,Y,Increase,"HIGH_COST_INCREASE_REVIEW,ZERO_RECOMMENDATION_OVERRIDE,AD_HOC_CONSUMPTION_RISK,SFM_DISAGREEMENT",Medium,0.7,"Source algorithm recommends 0 but the part carries risk (lead time 45d, on-hand 0); protective stock proposed instead of zero. candidate source proposes 2 vs current 0.",rules-only,0.2.0-tcb,4164.0,False,False,False,True,False,False,False,False,False,False,True,True,False,True,False,False,CROSS ROLLER RING 150X250X16.5 METRIC,4164.0,45.0
500821192,3,2,0,Y,Increase,"ZERO_RECOMMENDATION_OVERRIDE,IMPUTED_USAGE_FEATURES",Medium,0.75,"Source algorithm recommends 0 but the part carries risk (lead time 25d, on-hand 0); protective stock proposed instead of zero.",rules-only,0.2.0-tcb,3741.99,False,False,False,False,False,False,False,False,False,False,True,False,False,False,False,True,"PEDESTAL HOLDER TOOL,NEW DESIGN,TCB",1247.33,25.0
500824300,0,0,0,Y,Maintain,"NO_RECENT_USAGE,IMPUTED_USAGE_FEATURES",Medium,0.65,No recent usage; imputed usage features.,rules-only,0.2.0-tcb,0.0,False,False,False,False,False,False,True,False,False,False,False,False,False,False,False,True,MBH Z TABEL BALL SCREW (PHASE 2),2218.0,45.0
500824301,0,0,0,N,Maintain,"NO_RECENT_USAGE,IMPUTED_USAGE_FEATURES",Low,0.65,No recent usage; imputed usage features.,rules-only,0.2.0-tcb,0.0,False,False,False,False,False,False,True,False,False,False,False,False,False,False,False,True,MBH Z TABLE PULLEY (9MM),50.0,45.0
500824563,0,0,0,N,Maintain,"NO_RECENT_USAGE,ABANDONED_TOOL,IMPUTED_USAGE_FEATURES",Low,0.65,No recent usage; abandoned tool; imputed usage features.,rules-only,0.2.0-tcb,0.0,False,False,False,False,False,False,True,True,False,False,False,False,False,False,False,True,"CLAWS,PEEK,4 PCS,PEDESTAL HOLDER TOOL",187.61,25.0
500824564,0,0,0,N,Maintain,"NO_RECENT_USAGE,ABANDONED_TOOL,IMPUTED_USAGE_FEATURES",Low,0.65,No recent usage; abandoned tool; imputed usage features.,rules-only,0.2.0-tcb,0.0,False,False,False,False,False,False,True,True,False,False,False,False,False,False,False,True,"SAFETY SPRING BOLT,PEDESTAL HOLDER TOOL",22.69,25.0
500827755,4,3,0,Y,Increase,"HIGH_COST_INCREASE_REVIEW,LONG_LEAD_TIME_RISK,ZERO_RECOMMENDATION_OVERRIDE,SFM_DISAGREEMENT",High,0.8,"Source algorithm recommends 0 but the part carries risk (lead time 74d, on-hand 0); protective stock proposed instead of zero. candidate source proposes 1 vs current 0.",rules-only,0.2.0-tcb,140244.0,False,False,False,True,False,True,False,False,False,False,True,False,False,True,False,False,"HVM,AC,DISTRIBUTION,BOX",35061.0,74.0
500827784,1,1,0,Y,Maintain,"NO_RECENT_USAGE,ZERO_RECOMMENDATION_OVERRIDE,SFM_DISAGREEMENT,IMPUTED_USAGE_FEATURES",Medium,0.65,"Source algorithm recommends 0 but the part carries risk (lead time 38d, on-hand 1); protective stock proposed instead of zero. candidate source proposes 0 vs current 1.",rules-only,0.2.0-tcb,407.8,False,False,False,False,False,False,True,False,False,False,True,False,False,True,False,True,"PANEL,DIE,TRANSFER,WINDOW",407.8,38.0
500827785,1,1,0,Y,Maintain,"NO_RECENT_USAGE,ZERO_RECOMMENDATION_OVERRIDE",Medium,0.9,"Source algorithm recommends 0 but the part carries risk (lead time 38d, on-hand 2); protective stock proposed instead of zero.",rules-only,0.2.0-tcb,961.8,False,False,False,False,False,False,True,False,False,False,True,False,False,False,False,False,"PANEL,BOND,STAGE,WINDOW",961.8,38.0
500828868,0,0,0,N,Maintain,"ABANDONED_TOOL,IMPUTED_USAGE_FEATURES",Low,0.65,Abandoned tool; imputed usage features.,rules-only,0.2.0-tcb,0.0,False,False,False,False,False,False,False,True,False,False,False,False,False,False,False,True,NICUNI-COATED HIGH TEMP. DISC MAGNET,26.0,45.0
500829482,4,3,0,Y,Increase,"LONG_LEAD_TIME_RISK,ZERO_RECOMMENDATION_OVERRIDE",High,0.9,"Source algorithm recommends 0 but the part carries risk (lead time 107d, on-hand 1); protective stock proposed instead of zero.",rules-only,0.2.0-tcb,32800.0,False,False,False,False,False,True,False,False,False,False,True,False,False,False,False,False,FA SHROUD ASSY 33MM RIGHT,8200.0,107.0
500829483,6,5,0,Y,Increase,"HIGH_COST_INCREASE_REVIEW,LONG_LEAD_TIME_RISK,ZERO_RECOMMENDATION_OVERRIDE,SFM_DISAGREEMENT,MAX_CHANGE_EXCEEDS_THRESHOLD",High,0.8,"Source algorithm recommends 0 but the part carries risk (lead time 107d, on-hand 1); protective stock proposed instead of zero. candidate source proposes 6 vs current 1.",rules-only,0.2.0-tcb,49200.0,False,False,False,True,False,True,False,False,False,False,True,False,False,True,True,False,FA SHROUD ASSY 33MM LEFT,8200.0,107.0
500829948,0,0,0,N,Maintain,"NO_RECENT_USAGE,ABANDONED_TOOL,IMPUTED_USAGE_FEATURES",Low,0.65,No recent usage; abandoned tool; imputed usage features.,rules-only,0.2.0-tcb,0.0,False,False,False,False,False,False,True,True,False,False,False,False,False,False,False,True,"STRAIN RELIEF, LBH RTD AND TC, HVM",10.2,35.0
500830020,1,1,0,Y,Increase,"NO_RECENT_USAGE,INSUFFICIENT_DATA,ZERO_RECOMMENDATION_OVERRIDE,IMPUTED_USAGE_FEATURES",High,0.5,"Source algorithm recommends 0 but the part carries risk (lead time 25d, on-hand 1); protective stock proposed instead of zero.",rules-only,0.2.0-tcb,7367.95,False,False,False,False,False,False,True,False,False,True,True,False,False,False,False,True,02 Channel Digital Capacitive Amplifier,7367.95,25.0
500830021,1,1,0,Y,Increase,"NO_RECENT_USAGE,INSUFFICIENT_DATA,ZERO_RECOMMENDATION_OVERRIDE,IMPUTED_USAGE_FEATURES",Medium,0.5,"Source algorithm recommends 0 but the part carries risk (lead time 25d, on-hand 1); protective stock proposed instead of zero.",rules-only,0.2.0-tcb,2555.3,False,False,False,False,False,False,True,False,False,True,True,False,False,False,False,True,Capacitance Probe ASP-16-ILR/HT-SP,2555.3,25.0
500830022,1,1,0,Y,Increase,"NO_RECENT_USAGE,INSUFFICIENT_DATA,ZERO_RECOMMENDATION_OVERRIDE,IMPUTED_USAGE_FEATURES",Medium,0.5,"Source algorithm recommends 0 but the part carries risk (lead time 25d, on-hand 1); protective stock proposed instead of zero.",rules-only,0.2.0-tcb,2494.7,False,False,False,False,False,False,True,False,False,True,True,False,False,False,False,True,Capacitance Probe ASP-16-ILA/HT-SP,2494.7,25.0
500831292,0,0,0,N,Maintain,"NO_RECENT_USAGE,ABANDONED_TOOL,IMPUTED_USAGE_FEATURES",Low,0.65,No recent usage; abandoned tool; imputed usage features.,rules-only,0.2.0-tcb,0.0,False,False,False,False,False,False,True,True,False,False,False,False,False,False,False,True,SPRING PLATE,961.8,45.0
500831293,0,0,0,N,Maintain,"NO_RECENT_USAGE,ABANDONED_TOOL,IMPUTED_USAGE_FEATURES",Low,0.65,No recent usage; abandoned tool; imputed usage features.,rules-only,0.2.0-tcb,0.0,False,False,False,False,False,False,True,True,False,False,False,False,False,False,False,True,CLIP,120.0,45.0
500832947,0,0,0,N,Maintain,"NO_RECENT_USAGE,ABANDONED_TOOL,IMPUTED_USAGE_FEATURES",Low,0.65,No recent usage; abandoned tool; imputed usage features.,rules-only,0.2.0-tcb,0.0,False,False,False,False,False,False,True,True,False,False,False,False,False,False,False,True,WIRE BRUSH,43.0,43.0
500833625,3,2,0,Y,Increase,ZERO_RECOMMENDATION_OVERRIDE,High,0.9,"Source algorithm recommends 0 but the part carries risk (lead time 30d, on-hand 1); protective stock proposed instead of zero.",rules-only,0.2.0-tcb,15000.0,False,False,False,False,False,False,False,False,False,False,True,False,False,False,False,False,"PLACE TOOL 33,SISIC501,31.10X22.05X1.2",5000.0,30.0
500833953,1,1,0,Y,Increase,"NO_RECENT_USAGE,ZERO_RECOMMENDATION_OVERRIDE,AD_HOC_CONSUMPTION_RISK,IMPUTED_USAGE_FEATURES",Medium,0.65,"Source algorithm recommends 0 but the part carries risk (lead time 95d, on-hand 0); protective stock proposed instead of zero.",rules-only,0.2.0-tcb,300.0,False,False,False,False,False,False,True,False,False,False,True,True,False,False,False,True,SYRINGE PUMP WITH QUICK CONNECT,300.0,95.0
500833954,0,0,0,N,Maintain,"NO_RECENT_USAGE,ABANDONED_TOOL,IMPUTED_USAGE_FEATURES",Low,0.65,No recent usage; abandoned tool; imputed usage features.,rules-only,0.2.0-tcb,0.0,False,False,False,False,False,False,True,True,False,False,False,False,False,False,False,True,"STAINLESS STEEL BRUSH 1/2""",33.6,27.0
500833955,1,1,0,Y,Maintain,"NO_RECENT_USAGE,ZERO_RECOMMENDATION_OVERRIDE",Medium,0.9,"Source algorithm recommends 0 but the part carries risk (lead time 27d, on-hand 1); protective stock proposed instead of zero.",rules-only,0.2.0-tcb,128.2,False,False,False,False,False,False,True,False,False,False,True,False,False,False,False,False,REAM FILE SET,128.2,27.0
500835027,1,1,0,Y,Increase,"HIGH_COST_INCREASE_REVIEW,NO_RECENT_USAGE,ZERO_RECOMMENDATION_OVERRIDE,AD_HOC_CONSUMPTION_RISK,SFM_DISAGREEMENT",High,0.7,"Source algorithm recommends 0 but the part carries risk (lead time 125d, on-hand 0); protective stock proposed instead of zero. candidate source proposes 1 vs current 0.",rules-only,0.2.0-tcb,5562.44,False,False,False,True,False,False,True,False,False,False,True,True,False,True,False,False,DIGITAL SURFACE RESISTANCE METER,5562.44,125.0
500835479,1,1,0,Y,Increase,"NO_RECENT_USAGE,INSUFFICIENT_DATA,ZERO_RECOMMENDATION_OVERRIDE,AD_HOC_CONSUMPTION_RISK,IMPUTED_USAGE_FEATURES",Medium,0.5,"Source algorithm recommends 0 but the part carries risk (lead time 70d, on-hand 1); protective stock proposed instead of zero.",rules-only,0.2.0-tcb,117.71,False,False,False,False,False,False,True,False,False,True,True,True,False,False,False,True,PRESSURE REGULATOR,117.71,70.0
500835480,1,1,0,Y,Increase,"INSUFFICIENT_DATA,ZERO_RECOMMENDATION_OVERRIDE,AD_HOC_CONSUMPTION_RISK,IMPUTED_USAGE_FEATURES",Medium,0.5,"Source algorithm recommends 0 but the part carries risk (lead time 70d, on-hand 0); protective stock proposed instead of zero.",rules-only,0.2.0-tcb,79.27,False,False,False,False,False,False,False,False,False,True,True,True,False,False,False,True,DMC COOLING SOLENOID,79.27,70.0
500835481,4,3,0,Y,Increase,"LONG_LEAD_TIME_RISK,ZERO_RECOMMENDATION_OVERRIDE",Medium,0.9,"Source algorithm recommends 0 but the part carries risk (lead time 70d, on-hand 5); protective stock proposed instead of zero.",rules-only,0.2.0-tcb,216.92,False,False,False,False,False,True,False,False,False,False,True,False,False,False,False,False,Blow Solenoid 24VDC VK334-5G,54.23,70.0
500835484,1,1,0,Y,Increase,"NO_RECENT_USAGE,INSUFFICIENT_DATA,ZERO_RECOMMENDATION_OVERRIDE,AD_HOC_CONSUMPTION_RISK,IMPUTED_USAGE_FEATURES",Medium,0.5,"Source algorithm recommends 0 but the part carries risk (lead time 70d, on-hand 1); protective stock proposed instead of zero.",rules-only,0.2.0-tcb,325.49,False,False,False,False,False,False,True,False,False,True,True,True,False,False,False,True,BH WEAK BLOW REGULATOR,325.49,70.0
500835485,1,1,0,Y,Increase,"NO_RECENT_USAGE,INSUFFICIENT_DATA,ZERO_RECOMMENDATION_OVERRIDE,AD_HOC_CONSUMPTION_RISK,IMPUTED_USAGE_FEATURES",Medium,0.5,"Source algorithm recommends 0 but the part carries risk (lead time 70d, on-hand 1); protective stock proposed instead of zero.",rules-only,0.2.0-tcb,348.99,False,False,False,False,False,False,True,False,False,True,True,True,False,False,False,True,(BH) VACUUM REGULATOR,348.99,70.0
500835486,1,1,0,Y,Increase,"NO_RECENT_USAGE,INSUFFICIENT_DATA,ZERO_RECOMMENDATION_OVERRIDE,AD_HOC_CONSUMPTION_RISK,IMPUTED_USAGE_FEATURES",Medium,0.5,"Source algorithm recommends 0 but the part carries risk (lead time 70d, on-hand 1); protective stock proposed instead of zero.",rules-only,0.2.0-tcb,68.1,False,False,False,False,False,False,True,False,False,True,True,True,False,False,False,True,SENSOR VACUUM PEDESTAL HEATED,68.1,70.0
500835487,1,1,0,Y,Increase,"NO_RECENT_USAGE,INSUFFICIENT_DATA,ZERO_RECOMMENDATION_OVERRIDE,AD_HOC_CONSUMPTION_RISK,IMPUTED_USAGE_FEATURES",Medium,0.5,"Source algorithm recommends 0 but the part carries risk (lead time 70d, on-hand 1); protective stock proposed instead of zero.",rules-only,0.2.0-tcb,159.57,False,False,False,False,False,False,True,False,False,True,True,True,False,False,False,True,(IO)DIE TRANSFERPICK ARM VAC SWITCH,159.57,70.0
500835482,4,3,0,Y,Increase,"LONG_LEAD_TIME_RISK,ZERO_RECOMMENDATION_OVERRIDE",Medium,0.9,"Source algorithm recommends 0 but the part carries risk (lead time 70d, on-hand 1); protective stock proposed instead of zero.",rules-only,0.2.0-tcb,226.52,False,False,False,False,False,True,False,False,False,False,True,False,False,False,False,False,Vacuum Solenoid 24VDC VK334V-5G,56.63,70.0
500835483,1,1,0,Y,Increase,"INSUFFICIENT_DATA,ZERO_RECOMMENDATION_OVERRIDE,AD_HOC_CONSUMPTION_RISK,IMPUTED_USAGE_FEATURES",Medium,0.5,"Source algorithm recommends 0 but the part carries risk (lead time 70d, on-hand 1); protective stock proposed instead of zero.",rules-only,0.2.0-tcb,56.63,False,False,False,False,False,False,False,False,False,True,True,True,False,False,False,True,Vacuum Solenoid 24VDC VK332V-5G-M5,56.63,70.0
500837687,4,3,0,Y,Increase,"HIGH_COST_INCREASE_REVIEW,LONG_LEAD_TIME_RISK,ZERO_RECOMMENDATION_OVERRIDE,SFM_DISAGREEMENT",High,0.8,"Source algorithm recommends 0 but the part carries risk (lead time 82d, on-hand 1); protective stock proposed instead of zero. candidate source proposes 3 vs current 0.",rules-only,0.2.0-tcb,62000.0,False,False,False,True,False,True,False,False,False,False,True,False,False,True,False,False,BGA GAS ANALYZER SUBASSEMBLY POLYTHERM,15500.0,82.0
500838825,1,1,0,Y,Maintain,"NO_RECENT_USAGE,ZERO_RECOMMENDATION_OVERRIDE,SFM_DISAGREEMENT,IMPUTED_USAGE_FEATURES",Medium,0.55,"Source algorithm recommends 0 but the part carries risk (lead time 20d, on-hand 2); protective stock proposed instead of zero. candidate source proposes 0 vs current 1.",rules-only,0.2.0-tcb,71.0,False,False,False,False,False,False,True,False,False,False,True,False,False,True,False,True,"FLEX,SS,HOSE,3/8"",FNPT,325MMLG",71.0,20.0
500838827,1,1,0,Y,Maintain,"NO_RECENT_USAGE,ZERO_RECOMMENDATION_OVERRIDE,SFM_DISAGREEMENT,IMPUTED_USAGE_FEATURES",Medium,0.55,"Source algorithm recommends 0 but the part carries risk (lead time 20d, on-hand 2); protective stock proposed instead of zero. candidate source proposes 0 vs current 1.",rules-only,0.2.0-tcb,75.0,False,False,False,False,False,False,True,False,False,False,True,False,False,True,False,True,"FLEX,SS,HOSE,3/8"",FNPT,350MMLG",75.0,20.0
500838829,1,1,0,Y,Maintain,"NO_RECENT_USAGE,ZERO_RECOMMENDATION_OVERRIDE,SFM_DISAGREEMENT,IMPUTED_USAGE_FEATURES",Medium,0.55,"Source algorithm recommends 0 but the part carries risk (lead time 20d, on-hand 1); protective stock proposed instead of zero. candidate source proposes 0 vs current 1.",rules-only,0.2.0-tcb,87.0,False,False,False,False,False,False,True,False,False,False,True,False,False,True,False,True,"FLEX,SS,HOSE,3/8"",FNPT,425MMLG",87.0,20.0
500838830,1,1,0,Y,Maintain,"NO_RECENT_USAGE,ZERO_RECOMMENDATION_OVERRIDE,SFM_DISAGREEMENT,IMPUTED_USAGE_FEATURES",Medium,0.55,"Source algorithm recommends 0 but the part carries risk (lead time 20d, on-hand 1); protective stock proposed instead of zero. candidate source proposes 0 vs current 1.",rules-only,0.2.0-tcb,95.0,False,False,False,False,False,False,True,False,False,False,True,False,False,True,False,True,"FLEX,SS,HOSE,3/8"",FNPT,475MMLG",95.0,20.0
500838831,1,1,0,Y,Maintain,"NO_RECENT_USAGE,ZERO_RECOMMENDATION_OVERRIDE,SFM_DISAGREEMENT,IMPUTED_USAGE_FEATURES",Medium,0.55,"Source algorithm recommends 0 but the part carries risk (lead time 20d, on-hand 1); protective stock proposed instead of zero. candidate source proposes 0 vs current 1.",rules-only,0.2.0-tcb,123.0,False,False,False,False,False,False,True,False,False,False,True,False,False,True,False,True,"FLEX,SS,HOSE,3/8"",FNPT,650MMLG",123.0,20.0
500838832,1,1,0,Y,Maintain,"NO_RECENT_USAGE,ZERO_RECOMMENDATION_OVERRIDE,SFM_DISAGREEMENT,IMPUTED_USAGE_FEATURES",Medium,0.55,"Source algorithm recommends 0 but the part carries risk (lead time 20d, on-hand 2); protective stock proposed instead of zero. candidate source proposes 0 vs current 1.",rules-only,0.2.0-tcb,143.0,False,False,False,False,False,False,True,False,False,False,True,False,False,True,False,True,"FLEX,SS,HOSE,3/8"",FNPT,775MMLG",143.0,20.0
500838834,1,1,0,Y,Maintain,"NO_RECENT_USAGE,ZERO_RECOMMENDATION_OVERRIDE,SFM_DISAGREEMENT,IMPUTED_USAGE_FEATURES",Medium,0.55,"Source algorithm recommends 0 but the part carries risk (lead time 30d, on-hand 1); protective stock proposed instead of zero. candidate source proposes 0 vs current 1.",rules-only,0.2.0-tcb,487.0,False,False,False,False,False,False,True,False,False,False,True,False,False,True,False,True,"HARD,TUBE,SANIT,CONN,RADIATOR",487.0,30.0
500840085,1,1,0,Y,Increase,"NO_RECENT_USAGE,INSUFFICIENT_DATA,ZERO_RECOMMENDATION_OVERRIDE,AD_HOC_CONSUMPTION_RISK,IMPUTED_USAGE_FEATURES",High,0.5,"Source algorithm recommends 0 but the part carries risk (lead time 78d, on-hand 0); protective stock proposed instead of zero.",rules-only,0.2.0-tcb,11102.48,False,False,False,False,False,False,True,False,False,True,True,True,False,False,False,True,REPAIR OF PLASMA JET RD1004S,11102.48,78.0
500840315,12,10,0,Y,Increase,"HIGH_COST_INCREASE_REVIEW,LONG_LEAD_TIME_RISK,SFM_DISAGREEMENT,MAX_CHANGE_EXCEEDS_THRESHOLD",High,0.8,Candidate source proposes 6 vs current 3.,rules-only,0.2.0-tcb,288000.0,False,False,False,True,False,True,False,False,False,False,False,False,False,True,True,False,"LOWER BONDHEAD, HT5, 33MM",24000.0,67.0
500840316,1,1,0,Y,Increase,"NO_RECENT_USAGE,INSUFFICIENT_DATA,ZERO_RECOMMENDATION_OVERRIDE,IMPUTED_USAGE_FEATURES",Medium,0.5,"Source algorithm recommends 0 but the part carries risk (lead time 24d, on-hand 0); protective stock proposed instead of zero.",rules-only,0.2.0-tcb,250.0,False,False,False,False,False,False,True,False,False,True,True,False,False,False,False,True,"LOWER,BONDHEAD,HT5,33MM,REPAIRED",250.0,24.0
500841908,3,2,0,Y,Increase,"HIGH_COST_INCREASE_REVIEW,ZERO_RECOMMENDATION_OVERRIDE,AD_HOC_CONSUMPTION_RISK,SFM_DISAGREEMENT,MAX_CHANGE_EXCEEDS_THRESHOLD",High,0.7,"Source algorithm recommends 0 but the part carries risk (lead time 103d, on-hand 1); protective stock proposed instead of zero. candidate source proposes 3 vs current 1.",rules-only,0.2.0-tcb,6231.0,False,False,False,True,False,False,False,False,False,False,True,True,False,True,True,False,INTERLOCK_TOP_COVER_TERM,2077.0,103.0
500841909,1,1,0,Y,Increase,"NO_RECENT_USAGE,INSUFFICIENT_DATA,ZERO_RECOMMENDATION_OVERRIDE,AD_HOC_CONSUMPTION_RISK,IMPUTED_USAGE_FEATURES",Medium,0.5,"Source algorithm recommends 0 but the part carries risk (lead time 45d, on-hand 0); protective stock proposed instead of zero.",rules-only,0.2.0-tcb,391.5,False,False,False,False,False,False,True,False,False,True,True,True,False,False,False,True,CBL_VAPORLINE_K_TC_EXT A00-01,391.5,45.0
500841910,1,1,0,Y,Increase,"NO_RECENT_USAGE,INSUFFICIENT_DATA,ZERO_RECOMMENDATION_OVERRIDE,AD_HOC_CONSUMPTION_RISK,IMPUTED_USAGE_FEATURES",Medium,0.5,"Source algorithm recommends 0 but the part carries risk (lead time 45d, on-hand 0); protective stock proposed instead of zero.",rules-only,0.2.0-tcb,391.5,False,False,False,False,False,False,True,False,False,True,True,True,False,False,False,True,CBL_VAPORLINE_K_TC_EXT B00-01,391.5,45.0
500841911,1,1,0,Y,Increase,"NO_RECENT_USAGE,INSUFFICIENT_DATA,ZERO_RECOMMENDATION_OVERRIDE,AD_HOC_CONSUMPTION_RISK,IMPUTED_USAGE_FEATURES",Medium,0.5,"Source algorithm recommends 0 but the part carries risk (lead time 105d, on-hand 0); protective stock proposed instead of zero.",rules-only,0.2.0-tcb,580.7,False,False,False,False,False,False,True,False,False,True,True,True,False,False,False,True,FAN_ECB_ENCL_TERM A00-00,580.7,105.0
500841912,1,1,0,Y,Increase,"NO_RECENT_USAGE,INSUFFICIENT_DATA,ZERO_RECOMMENDATION_OVERRIDE,AD_HOC_CONSUMPTION_RISK,IMPUTED_USAGE_FEATURES",Medium,0.5,"Source algorithm recommends 0 but the part carries risk (lead time 105d, on-hand 0); protective stock proposed instead of zero.",rules-only,0.2.0-tcb,580.7,False,False,False,False,False,False,True,False,False,True,True,True,False,False,False,True,FAN_ECB_ENCL_TERM B00-00,580.7,105.0
500841913,1,1,0,Y,Maintain,"NO_RECENT_USAGE,INSUFFICIENT_DATA,ZERO_RECOMMENDATION_OVERRIDE,AD_HOC_CONSUMPTION_RISK,SFM_DISAGREEMENT,IMPUTED_USAGE_FEATURES",Medium,0.4,"Source algorithm recommends 0 but the part carries risk (lead time 48d, on-hand 1); protective stock proposed instead of zero. candidate source proposes 0 vs current 1.",rules-only,0.2.0-tcb,1034.0,False,False,False,False,False,False,True,False,False,True,True,True,False,True,False,True,BLUE LIGHT SIGNAL BEACON,1034.0,48.0
500841914,1,1,0,Y,Increase,"NO_RECENT_USAGE,INSUFFICIENT_DATA,ZERO_RECOMMENDATION_OVERRIDE,AD_HOC_CONSUMPTION_RISK,IMPUTED_USAGE_FEATURES",Medium,0.5,"Source algorithm recommends 0 but the part carries risk (lead time 155d, on-hand 0); protective stock proposed instead of zero.",rules-only,0.2.0-tcb,179.28,False,False,False,False,False,False,True,False,False,True,True,True,False,False,False,True,SOLID STATE RELAY 380 VAC/5A,179.28,155.0
500841915,1,1,0,Y,Increase,"NO_RECENT_USAGE,INSUFFICIENT_DATA,ZERO_RECOMMENDATION_OVERRIDE,AD_HOC_CONSUMPTION_RISK,IMPUTED_USAGE_FEATURES",Medium,0.5,"Source algorithm recommends 0 but the part carries risk (lead time 45d, on-hand 0); protective stock proposed instead of zero.",rules-only,0.2.0-tcb,194.4,False,False,False,False,False,False,True,False,False,True,True,True,False,False,False,True,"POWER SUPPLY TERMINAL 24V DC, 2A",194.4,45.0
500841916,1,1,0,Y,Increase,"NO_RECENT_USAGE,INSUFFICIENT_DATA,ZERO_RECOMMENDATION_OVERRIDE,AD_HOC_CONSUMPTION_RISK,IMPUTED_USAGE_FEATURES",Medium,0.5,"Source algorithm recommends 0 but the part carries risk (lead time 70d, on-hand 0); protective stock proposed instead of zero.",rules-only,0.2.0-tcb,314.0,False,False,False,False,False,False,True,False,False,True,True,True,False,False,False,True,SWITCH PRES -5MBAR SP -2.5MBAR RP 6372,314.0,70.0
500841917,8,4,0,Y,Increase,"LONG_LEAD_TIME_RISK,ZERO_RECOMMENDATION_OVERRIDE,SFM_DISAGREEMENT",Medium,0.8,"Source algorithm recommends 0 but the part carries risk (lead time 67d, on-hand 3); protective stock proposed instead of zero. candidate source proposes 8 vs current 0.",rules-only,0.2.0-tcb,37.6,False,False,False,False,False,True,False,False,False,False,True,False,False,True,False,False,FUSE 500V IEC SLO 5X20MM 2A,4.7,67.0
500841918,1,1,0,Y,Increase,"NO_RECENT_USAGE,ZERO_RECOMMENDATION_OVERRIDE,AD_HOC_CONSUMPTION_RISK,SFM_DISAGREEMENT",Medium,0.7,"Source algorithm recommends 0 but the part carries risk (lead time 67d, on-hand 6); protective stock proposed instead of zero. candidate source proposes 1 vs current 0.",rules-only,0.2.0-tcb,6.8,False,False,False,False,False,False,True,False,False,False,True,True,False,True,False,False,FUSE 500V IEC SLO 5X20MM 3.15A,6.8,67.0
500841919,1,1,0,Y,Increase,"NO_RECENT_USAGE,INSUFFICIENT_DATA,ZERO_RECOMMENDATION_OVERRIDE,AD_HOC_CONSUMPTION_RISK,IMPUTED_USAGE_FEATURES",Medium,0.5,"Source algorithm recommends 0 but the part carries risk (lead time 67d, on-hand 0); protective stock proposed instead of zero.",rules-only,0.2.0-tcb,7.6,False,False,False,False,False,False,True,False,False,True,True,True,False,False,False,True,FUSE 500V IEC SLO 5X20MM 4A,7.6,67.0
500841920,35,19,3,Y,Increase,"LOW_COST_RECURRING_USAGE,LONG_LEAD_TIME_RISK,SFM_DISAGREEMENT",Medium,0.8,Candidate source proposes 35 vs current 0.,rules-only,0.2.0-tcb,178.5,False,False,True,False,False,True,False,False,False,False,False,False,False,True,False,False,FUSE 500V IEC SLO 5X20MM 6.3A,5.1,67.0
500841921,0,0,0,Y,Maintain,"DATA_QUALITY_REVIEW_REQUIRED,ZERO_RECOMMENDATION_OVERRIDE,SFM_DISAGREEMENT",High,0.55,"Source algorithm recommends 0 but the part carries risk (lead time 40d, on-hand 5); protective stock proposed instead of zero. candidate source proposes 20 vs current 0. input data failed validation; values held unchanged pending correction.",rules-only,0.2.0-tcb,0.0,True,False,False,False,False,False,False,False,False,False,True,False,False,True,False,False,FUSE CERAMIC 8A 500VAC 3AB 3AG,12.84,40.0
500841922,1,1,0,Y,Increase,"NO_RECENT_USAGE,INSUFFICIENT_DATA,ZERO_RECOMMENDATION_OVERRIDE,AD_HOC_CONSUMPTION_RISK,IMPUTED_USAGE_FEATURES",Medium,0.5,"Source algorithm recommends 0 but the part carries risk (lead time 75d, on-hand 0); protective stock proposed instead of zero.",rules-only,0.2.0-tcb,189.78,False,False,False,False,False,False,True,False,False,True,True,True,False,False,False,True,"POWER SUPPLY, AC/DC, 1-PHASE, 12V, 1.3A",189.78,75.0
500841923,1,1,0,Y,Increase,"NO_RECENT_USAGE,INSUFFICIENT_DATA,ZERO_RECOMMENDATION_OVERRIDE,AD_HOC_CONSUMPTION_RISK,IMPUTED_USAGE_FEATURES",Medium,0.5,"Source algorithm recommends 0 but the part carries risk (lead time 45d, on-hand 0); protective stock proposed instead of zero.",rules-only,0.2.0-tcb,18.36,False,False,False,False,False,False,True,False,False,True,True,True,False,False,False,True,"THERMOCOUPLE,MINI PANEL JACK,TYPE K",18.36,45.0
500841924,4,3,0,Y,Increase,"LONG_LEAD_TIME_RISK,INSUFFICIENT_DATA,ZERO_RECOMMENDATION_OVERRIDE,SFM_DISAGREEMENT,IMPUTED_USAGE_FEATURES",High,0.5,"Source algorithm recommends 0 but the part carries risk (lead time 48d, on-hand 1); protective stock proposed instead of zero. candidate source proposes 0 vs current 1.",rules-only,0.2.0-tcb,6872.0,False,False,False,False,False,True,False,False,False,True,True,False,False,True,False,True,"SENSOR,RKI ESU TYPE,FORMIC ACID,0-15PPM",1718.0,48.0
500841925,1,1,0,Y,Maintain,"NO_RECENT_USAGE,ZERO_RECOMMENDATION_OVERRIDE,AD_HOC_CONSUMPTION_RISK,SFM_DISAGREEMENT",Medium,0.7,"Source algorithm recommends 0 but the part carries risk (lead time 95d, on-hand 2); protective stock proposed instead of zero. candidate source proposes 0 vs current 1.",rules-only,0.2.0-tcb,572.85,False,False,False,False,False,False,True,False,False,False,True,True,False,True,False,False,"FILTER, AIR, N2",572.85,95.0
500841926,1,1,0,Y,Increase,"NO_RECENT_USAGE,ZERO_RECOMMENDATION_OVERRIDE,SFM_DISAGREEMENT",Medium,0.7,"Source algorithm recommends 0 but the part carries risk (lead time 38d, on-hand 2); protective stock proposed instead of zero. candidate source proposes 1 vs current 0.",rules-only,0.2.0-tcb,230.0,False,False,False,False,False,False,True,False,False,False,True,False,False,True,False,False,"FILTER, PTFE DISC, 1UM",230.0,38.0
500841927,1,1,0,Y,Increase,"NO_RECENT_USAGE,INSUFFICIENT_DATA,ZERO_RECOMMENDATION_OVERRIDE,AD_HOC_CONSUMPTION_RISK,IMPUTED_USAGE_FEATURES",Medium,0.5,"Source algorithm recommends 0 but the part carries risk (lead time 55d, on-hand 0); protective stock proposed instead of zero.",rules-only,0.2.0-tcb,324.0,False,False,False,False,False,False,True,False,False,True,True,True,False,False,False,True,"TRANSMITTER_DIFF PRES 0-5"" WC 4-20 MA",324.0,55.0
500841928,1,1,0,Y,Maintain,"NO_RECENT_USAGE,INSUFFICIENT_DATA,ZERO_RECOMMENDATION_OVERRIDE,AD_HOC_CONSUMPTION_RISK,SFM_DISAGREEMENT,IMPUTED_USAGE_FEATURES",Medium,0.4,"Source algorithm recommends 0 but the part carries risk (lead time 135d, on-hand 1); protective stock proposed instead of zero. candidate source proposes 0 vs current 1.",rules-only,0.2.0-tcb,985.05,False,False,False,False,False,False,True,False,False,True,True,True,False,True,False,True,"SENSOR, DIGITAL AIR FLOW, W/IO-LINK",985.05,135.0
500841929,1,1,0,Y,Maintain,"NO_RECENT_USAGE,INSUFFICIENT_DATA,ZERO_RECOMMENDATION_OVERRIDE,AD_HOC_CONSUMPTION_RISK,SFM_DISAGREEMENT,IMPUTED_USAGE_FEATURES",Medium,0.4,"Source algorithm recommends 0 but the part carries risk (lead time 135d, on-hand 1); protective stock proposed instead of zero. candidate source proposes 0 vs current 1.",rules-only,0.2.0-tcb,864.18,False,False,False,False,False,False,True,False,False,True,True,True,False,True,False,True,"SWITCH, DIGITAL FLOW",864.18,135.0
500841930,1,1,0,Y,Increase,"NO_RECENT_USAGE,INSUFFICIENT_DATA,ZERO_RECOMMENDATION_OVERRIDE,AD_HOC_CONSUMPTION_RISK,IMPUTED_USAGE_FEATURES",Medium,0.5,"Source algorithm recommends 0 but the part carries risk (lead time 70d, on-hand 0); protective stock proposed instead of zero.",rules-only,0.2.0-tcb,183.09,False,False,False,False,False,False,True,False,False,True,True,True,False,False,False,True,"SOLENOID VALVE, BASE MOUNT, 1/4 FNPT",183.09,70.0
500841931,1,1,0,Y,Increase,"NO_RECENT_USAGE,INSUFFICIENT_DATA,ZERO_RECOMMENDATION_OVERRIDE,AD_HOC_CONSUMPTION_RISK,IMPUTED_USAGE_FEATURES",Medium,0.5,"Source algorithm recommends 0 but the part carries risk (lead time 135d, on-hand 0); protective stock proposed instead of zero.",rules-only,0.2.0-tcb,223.5,False,False,False,False,False,False,True,False,False,True,True,True,False,False,False,True,"VALVE, SHUT OFF",223.5,135.0
500841932,1,1,0,Y,Increase,"NO_RECENT_USAGE,ZERO_RECOMMENDATION_OVERRIDE,SFM_DISAGREEMENT",Medium,0.7,"Source algorithm recommends 0 but the part carries risk (lead time 38d, on-hand 6); protective stock proposed instead of zero. candidate source proposes 1 vs current 0.",rules-only,0.2.0-tcb,6.5,False,False,False,False,False,False,True,False,False,False,True,False,False,True,False,False,"O-RINGS 80 DUROMETER, PURPLE, EPDM",6.5,38.0
500841933,1,1,0,Y,Increase,"NO_RECENT_USAGE,ZERO_RECOMMENDATION_OVERRIDE,SFM_DISAGREEMENT",Medium,0.7,"Source algorithm recommends 0 but the part carries risk (lead time 30d, on-hand 6); protective stock proposed instead of zero. candidate source proposes 1 vs current 0.",rules-only,0.2.0-tcb,1.08,False,False,False,False,False,False,True,False,False,False,True,False,False,True,False,False,"O-RING, EPDM, DASH 140, 3/32"" WIDTH",1.08,30.0
500843090,1,1,0,Y,Increase,"ZERO_RECOMMENDATION_OVERRIDE,SFM_DISAGREEMENT",Medium,0.7,"Source algorithm recommends 0 but the part carries risk (lead time 28d, on-hand 0); protective stock proposed instead of zero. candidate source proposes 1 vs current 0.",rules-only,0.2.0-tcb,795.0,False,False,False,False,False,False,False,False,False,False,True,False,False,True,False,False,"FILTER ELEMENT,PTFE SEALS,10 MICRON,S",795.0,28.0
500843757,7,6,0,Y,Increase,NO_ACTION,Low,0.9,No rule triggered; current stocking parameters retained.,rules-only,0.2.0-tcb,1837.5,False,False,False,False,False,False,False,False,False,False,False,False,False,False,False,False,DIGITAL FLOW SENSOR WITH CONNECTOR ASSY,262.5,35.0
500843786,1,1,0,Y,Increase,"NO_RECENT_USAGE,INSUFFICIENT_DATA,ZERO_RECOMMENDATION_OVERRIDE,AD_HOC_CONSUMPTION_RISK,IMPUTED_USAGE_FEATURES",Medium,0.5,"Source algorithm recommends 0 but the part carries risk (lead time 75d, on-hand 0); protective stock proposed instead of zero.",rules-only,0.2.0-tcb,3466.0,False,False,False,False,False,False,True,False,False,True,True,True,False,False,False,True,MIDAS GAS DETECTOR,3466.0,75.0
500844484,1,1,0,Y,Increase,"NO_RECENT_USAGE,INSUFFICIENT_DATA,ZERO_RECOMMENDATION_OVERRIDE,IMPUTED_USAGE_FEATURES",Medium,0.5,"Source algorithm recommends 0 but the part carries risk (lead time 35d, on-hand 0); protective stock proposed instead of zero.",rules-only,0.2.0-tcb,3540.0,False,False,False,False,False,False,True,False,False,True,True,False,False,False,False,True,"51190,S,1MM,22.436X12.023",3540.0,35.0
500845152,1,1,0,Y,Increase,"NO_RECENT_USAGE,INSUFFICIENT_DATA,ZERO_RECOMMENDATION_OVERRIDE,IMPUTED_USAGE_FEATURES",High,0.5,"Source algorithm recommends 0 but the part carries risk (lead time 40d, on-hand 0); protective stock proposed instead of zero.",rules-only,0.2.0-tcb,7034.0,False,False,False,False,False,False,True,False,False,True,True,False,False,False,False,True,"35MM,UP/DN,TILT,VACUUM,PARALLELISM,GAUGE",7034.0,40.0
500845670,1,1,0,Y,Maintain,"LONG_LEAD_TIME_RISK,NO_RECENT_USAGE,ZERO_RECOMMENDATION_OVERRIDE",Medium,0.9,"Source algorithm recommends 0 but the part carries risk (lead time 95d, on-hand 1); protective stock proposed instead of zero.",rules-only,0.2.0-tcb,30.0,False,False,False,False,False,True,True,False,False,False,True,False,False,False,False,False,CBL_TOOL_FLOW_SENS_EXT,30.0,95.0
500847308,1,1,0,Y,Increase,"INSUFFICIENT_DATA,ZERO_RECOMMENDATION_OVERRIDE,AD_HOC_CONSUMPTION_RISK,IMPUTED_USAGE_FEATURES",Medium,0.5,"Source algorithm recommends 0 but the part carries risk (lead time 60d, on-hand 4); protective stock proposed instead of zero.",rules-only,0.2.0-tcb,38.0,False,False,False,False,False,False,False,False,False,True,True,True,False,False,False,True,3/8 PTF VALVED IN-LINE COUPLING INSERT,38.0,60.0
500849421,1,1,0,Y,Increase,"NO_RECENT_USAGE,INSUFFICIENT_DATA,ZERO_RECOMMENDATION_OVERRIDE,AD_HOC_CONSUMPTION_RISK,IMPUTED_USAGE_FEATURES",Medium,0.5,"Source algorithm recommends 0 but the part carries risk (lead time 225d, on-hand 1); protective stock proposed instead of zero.",rules-only,0.2.0-tcb,953.13,False,False,False,False,False,False,True,False,False,True,True,True,False,False,False,True,PFA ADJUSTABLE DIAPHRAGM VALVE MV01,953.13,225.0
500850389,5,4,0,Y,Increase,"LONG_LEAD_TIME_RISK,INSUFFICIENT_DATA,ZERO_RECOMMENDATION_OVERRIDE,SFM_DISAGREEMENT,IMPUTED_USAGE_FEATURES",High,0.5,"Source algorithm recommends 0 but the part carries risk (lead time 130d, on-hand 2); protective stock proposed instead of zero. candidate source proposes 0 vs current 1.",rules-only,0.2.0-tcb,25725.0,False,False,False,False,False,True,False,False,False,True,True,False,False,True,False,True,"FA ABATEMENT HEATER SUBASSY, LEFT",5145.0,130.0
500850390,5,4,0,Y,Increase,"LONG_LEAD_TIME_RISK,ZERO_RECOMMENDATION_OVERRIDE,SFM_DISAGREEMENT",High,0.8,"Source algorithm recommends 0 but the part carries risk (lead time 130d, on-hand 3); protective stock proposed instead of zero. candidate source proposes 1 vs current 2.",rules-only,0.2.0-tcb,25725.0,False,False,False,False,False,True,False,False,False,False,True,False,False,True,False,False,"FA ABATEMENT HEATER SUBASSY, RIGHT",5145.0,130.0
500852369,5,4,0,Y,Increase,"LONG_LEAD_TIME_RISK,INSUFFICIENT_DATA,ZERO_RECOMMENDATION_OVERRIDE,SFM_DISAGREEMENT,IMPUTED_USAGE_FEATURES",Medium,0.5,"Source algorithm recommends 0 but the part carries risk (lead time 187d, on-hand 0); protective stock proposed instead of zero. candidate source proposes 0 vs current 1.",rules-only,0.2.0-tcb,1225.0,False,False,False,False,False,True,False,False,False,True,True,False,False,True,False,True,"FITTING, SS CHECK VALVE, 3/8IN X 3/8IN",245.0,187.0
500852370,1,1,0,Y,Maintain,"NO_RECENT_USAGE,INSUFFICIENT_DATA,ZERO_RECOMMENDATION_OVERRIDE,AD_HOC_CONSUMPTION_RISK,SFM_DISAGREEMENT,IMPUTED_USAGE_FEATURES",Medium,0.4,"Source algorithm recommends 0 but the part carries risk (lead time 187d, on-hand 1); protective stock proposed instead of zero. candidate source proposes 0 vs current 1.",rules-only,0.2.0-tcb,255.75,False,False,False,False,False,False,True,False,False,True,True,True,False,True,False,True,"FITTING, SS CHECK VALVE, 1/2IN X 1/2IN",255.75,187.0
500852770,4,2,0,Y,Increase,"HIGH_COST_INCREASE_REVIEW,ZERO_RECOMMENDATION_OVERRIDE,SFM_DISAGREEMENT,MAX_CHANGE_EXCEEDS_THRESHOLD",High,0.8,"Source algorithm recommends 0 but the part carries risk (lead time 30d, on-hand 2); protective stock proposed instead of zero. candidate source proposes 2 vs current 1.",rules-only,0.2.0-tcb,18000.0,False,False,False,True,False,False,False,False,False,False,True,False,False,True,True,False,"PLACE TOOL 33,SISIC501,31.89X22.89X0.5",4500.0,30.0
500852771,2,1,0,Y,Increase,"NO_RECENT_USAGE,INSUFFICIENT_DATA,ZERO_RECOMMENDATION_OVERRIDE,SFM_DISAGREEMENT,IMPUTED_USAGE_FEATURES",High,0.4,"Source algorithm recommends 0 but the part carries risk (lead time 30d, on-hand 2); protective stock proposed instead of zero. candidate source proposes 0 vs current 1.",rules-only,0.2.0-tcb,9000.0,False,False,False,False,False,False,True,False,False,True,True,False,False,True,False,True,"PLACE TOOL 33,SISIC501,10.88X08.15X0.5",4500.0,30.0
500852772,1,1,0,Y,Increase,"NO_RECENT_USAGE,INSUFFICIENT_DATA,ZERO_RECOMMENDATION_OVERRIDE,IMPUTED_USAGE_FEATURES",Medium,0.5,"Source algorithm recommends 0 but the part carries risk (lead time 35d, on-hand 0); protective stock proposed instead of zero.",rules-only,0.2.0-tcb,3200.0,False,False,False,False,False,False,True,False,False,True,True,False,False,False,False,True,"VACUUM CRANE, 3X1 MATRIX,72.5X87.5",3200.0,35.0
500852773,1,1,0,Y,Increase,"NO_RECENT_USAGE,INSUFFICIENT_DATA,ZERO_RECOMMENDATION_OVERRIDE,IMPUTED_USAGE_FEATURES",High,0.5,"Source algorithm recommends 0 but the part carries risk (lead time 40d, on-hand 0); protective stock proposed instead of zero.",rules-only,0.2.0-tcb,7250.0,False,False,False,False,False,False,True,False,False,True,True,False,False,False,False,True,"BOND CHUCK, 3X1 MATRIX,72.5X87.5X2.03",7250.0,40.0
500852774,1,1,0,Y,Increase,"NO_RECENT_USAGE,INSUFFICIENT_DATA,ZERO_RECOMMENDATION_OVERRIDE,IMPUTED_USAGE_FEATURES",Medium,0.5,"Source algorithm recommends 0 but the part carries risk (lead time 35d, on-hand 0); protective stock proposed instead of zero.",rules-only,0.2.0-tcb,4000.0,False,False,False,False,False,False,True,False,False,True,True,False,False,False,False,True,"PREHEAT CHUCK, 3X1 MATRIX,72.5X87.5",4000.0,35.0
500852775,1,1,0,Y,Increase,"NO_RECENT_USAGE,INSUFFICIENT_DATA,ZERO_RECOMMENDATION_OVERRIDE,IMPUTED_USAGE_FEATURES",Medium,0.5,"Source algorithm recommends 0 but the part carries risk (lead time 35d, on-hand 0); protective stock proposed instead of zero.",rules-only,0.2.0-tcb,2000.0,False,False,False,False,False,False,True,False,False,True,True,False,False,False,False,True,"PRECISOR, 3X1 MATRIX,72.5X87.5",2000.0,35.0
500855197,1,1,0,Y,Maintain,"NO_RECENT_USAGE,INSUFFICIENT_DATA,ZERO_RECOMMENDATION_OVERRIDE,SFM_DISAGREEMENT,IMPUTED_USAGE_FEATURES",Medium,0.4,"Source algorithm recommends 0 but the part carries risk (lead time 35d, on-hand 0); protective stock proposed instead of zero. candidate source proposes 0 vs current 1.",rules-only,0.2.0-tcb,612.5,False,False,False,False,False,False,True,False,False,True,True,False,False,True,False,True,COMPUTER ASSY CPU WINDOWS 2000,612.5,35.0
500856878,1,1,0,Y,Maintain,"NO_RECENT_USAGE,INSUFFICIENT_DATA,ZERO_RECOMMENDATION_OVERRIDE,AD_HOC_CONSUMPTION_RISK,SFM_DISAGREEMENT,IMPUTED_USAGE_FEATURES",Medium,0.4,"Source algorithm recommends 0 but the part carries risk (lead time 45d, on-hand 300); protective stock proposed instead of zero. candidate source proposes 0 vs current 1.",rules-only,0.2.0-tcb,11.9,False,False,False,False,False,False,True,False,False,True,True,True,False,True,False,True,CRANE SUCTION CUP ADAPTER,11.9,45.0
500857422,1,1,0,Y,Maintain,"NO_RECENT_USAGE,INSUFFICIENT_DATA,ZERO_RECOMMENDATION_OVERRIDE,AD_HOC_CONSUMPTION_RISK,SFM_DISAGREEMENT,IMPUTED_USAGE_FEATURES",Medium,0.4,"Source algorithm recommends 0 but the part carries risk (lead time 45d, on-hand 1); protective stock proposed instead of zero. candidate source proposes 0 vs current 1.",rules-only,0.2.0-tcb,137.1,False,False,False,False,False,False,True,False,False,True,True,True,False,True,False,True,"BRACKET, SENSOR ASSY, NOZZLE, RT",137.1,45.0
500860543,1,1,0,Y,Increase,"NO_RECENT_USAGE,INSUFFICIENT_DATA,LONG_LEAD_TIME_ZERO_STOCK,IMPUTED_USAGE_FEATURES",High,0.5,Dormant with a 87-day lead time — excluded from auto-clear.,rules-only,0.2.0-tcb,53495.1,False,False,False,False,False,False,True,False,False,True,False,False,True,False,False,True,"AP PRISM OPTICS ASSY, RIGHT",53495.1,87.0
500862389,1,1,0,Y,Maintain,"NO_RECENT_USAGE,INSUFFICIENT_DATA,ZERO_RECOMMENDATION_OVERRIDE,SFM_DISAGREEMENT,IMPUTED_USAGE_FEATURES",Medium,0.4,"Source algorithm recommends 0 but the part carries risk (lead time 12d, on-hand 1); protective stock proposed instead of zero. candidate source proposes 0 vs current 1.",rules-only,0.2.0-tcb,845.21,False,False,False,False,False,False,True,False,False,True,True,False,False,True,False,True,"PROP. VALVE 1/8"", CONTROL VALVE",845.21,12.0
500863505,1,1,0,Y,Maintain,"NO_RECENT_USAGE,INSUFFICIENT_DATA,ZERO_RECOMMENDATION_OVERRIDE,SFM_DISAGREEMENT,IMPUTED_USAGE_FEATURES",High,0.4,"Source algorithm recommends 0 but the part carries risk (lead time 35d, on-hand 1); protective stock proposed instead of zero. candidate source proposes 0 vs current 1.",rules-only,0.2.0-tcb,9800.0,False,False,False,False,False,False,True,False,False,True,True,False,False,True,False,True,BS PEDESTAL ASSY (CFC)(45X37.5X0.17),9800.0,35.0
500863506,1,1,0,Y,Decrease,"NO_RECENT_USAGE,INSUFFICIENT_DATA,ZERO_RECOMMENDATION_OVERRIDE,SFM_DISAGREEMENT,IMPUTED_USAGE_FEATURES",Medium,0.4,"Source algorithm recommends 0 but the part carries risk (lead time 30d, on-hand 2); protective stock proposed instead of zero. candidate source proposes 0 vs current 2.",rules-only,0.2.0-tcb,3790.0,False,False,False,False,False,False,True,False,False,True,True,False,False,True,False,True,"51235,L,1MM,27.700X15.328",3790.0,30.0
500865229,1,1,0,Y,Maintain,"NO_RECENT_USAGE,INSUFFICIENT_DATA,ZERO_RECOMMENDATION_OVERRIDE,SFM_DISAGREEMENT,IMPUTED_USAGE_FEATURES",Medium,0.4,"Source algorithm recommends 0 but the part carries risk (lead time 35d, on-hand 1); protective stock proposed instead of zero. candidate source proposes 0 vs current 1.",rules-only,0.2.0-tcb,3200.0,False,False,False,False,False,False,True,False,False,True,True,False,False,True,False,True,"VACUUM CRANE, 3x2 MATRIX,77.5x56.5",3200.0,35.0
500865230,1,1,0,Y,Maintain,"NO_RECENT_USAGE,INSUFFICIENT_DATA,ZERO_RECOMMENDATION_OVERRIDE,SFM_DISAGREEMENT,IMPUTED_USAGE_FEATURES",High,0.4,"Source algorithm recommends 0 but the part carries risk (lead time 35d, on-hand 1); protective stock proposed instead of zero. candidate source proposes 0 vs current 1.",rules-only,0.2.0-tcb,7250.0,False,False,False,False,False,False,True,False,False,True,True,False,False,True,False,True,"BOND CHUCK, 3x2 MATRIX,77.5x56.5x1.80",7250.0,35.0
500865231,1,1,0,Y,Maintain,"NO_RECENT_USAGE,INSUFFICIENT_DATA,ZERO_RECOMMENDATION_OVERRIDE,SFM_DISAGREEMENT,IMPUTED_USAGE_FEATURES",Medium,0.4,"Source algorithm recommends 0 but the part carries risk (lead time 35d, on-hand 1); protective stock proposed instead of zero. candidate source proposes 0 vs current 1.",rules-only,0.2.0-tcb,4000.0,False,False,False,False,False,False,True,False,False,True,True,False,False,True,False,True,"PREHEAT CHUCK, 3X2 MATRIX,77.5X56.5",4000.0,35.0
500865232,1,1,0,Y,Maintain,"NO_RECENT_USAGE,INSUFFICIENT_DATA,ZERO_RECOMMENDATION_OVERRIDE,SFM_DISAGREEMENT,IMPUTED_USAGE_FEATURES",Medium,0.4,"Source algorithm recommends 0 but the part carries risk (lead time 35d, on-hand 1); protective stock proposed instead of zero. candidate source proposes 0 vs current 1.",rules-only,0.2.0-tcb,2000.0,False,False,False,False,False,False,True,False,False,True,True,False,False,True,False,True,"PRECISOR, 3x2 MATRIX,77.5x56.5",2000.0,35.0
500867251,12,11,0,Y,Increase,"HIGH_COST_INCREASE_REVIEW,LONG_LEAD_TIME_RISK,SFM_DISAGREEMENT,MAX_CHANGE_EXCEEDS_THRESHOLD",High,0.8,Candidate source proposes 10 vs current 4.,rules-only,0.2.0-tcb,28350.0,False,False,False,True,False,True,False,False,False,False,False,False,False,True,True,False,"DIE VALVE SENSOR ASSY, Y-SLIDE, LT",2362.5,140.0
500867252,7,6,0,Y,Increase,"HIGH_COST_INCREASE_REVIEW,LONG_LEAD_TIME_RISK,ZERO_RECOMMENDATION_OVERRIDE,SFM_DISAGREEMENT,MAX_CHANGE_EXCEEDS_THRESHOLD",High,0.8,"Source algorithm recommends 0 but the part carries risk (lead time 140d, on-hand 4); protective stock proposed instead of zero. candidate source proposes 15 vs current 4.",rules-only,0.2.0-tcb,16537.5,False,False,False,True,False,True,False,False,False,False,True,False,False,True,True,False,"DIE VALVE SENSOR ASSY, Y-SLIDE, RT",2362.5,140.0
500867390,1,0,0,Y,Maintain,"DATA_QUALITY_REVIEW_REQUIRED,NO_RECENT_USAGE,INSUFFICIENT_DATA,ZERO_RECOMMENDATION_OVERRIDE,AD_HOC_CONSUMPTION_RISK,SFM_DISAGREEMENT,IMPUTED_USAGE_FEATURES",High,0.15,"Source algorithm recommends 0 but the part carries risk (lead time 500d, on-hand 1); protective stock proposed instead of zero. candidate source proposes 0 vs current 1. input data failed validation; values held unchanged pending correction.",rules-only,0.2.0-tcb,92.15,True,False,False,False,False,False,True,False,False,True,True,True,False,True,False,True,CAP FILM 100UF 10% 63VDC RAD,92.15,500.0
500867431,1,1,0,Y,Increase,"NO_RECENT_USAGE,INSUFFICIENT_DATA,LONG_LEAD_TIME_ZERO_STOCK,IMPUTED_USAGE_FEATURES",High,0.5,Dormant with a 87-day lead time — excluded from auto-clear.,rules-only,0.2.0-tcb,53495.1,False,False,False,False,False,False,True,False,False,True,False,False,True,False,False,True,"AP PRISM OPTICS ASSY, LEFT",53495.1,87.0
500867812,1,1,0,Y,Increase,"NO_RECENT_USAGE,INSUFFICIENT_DATA,LONG_LEAD_TIME_ZERO_STOCK,IMPUTED_USAGE_FEATURES",Medium,0.5,Dormant with a 110-day lead time — excluded from auto-clear.,rules-only,0.2.0-tcb,2851.0,False,False,False,False,False,False,True,False,False,True,False,False,True,False,False,True,TEMPERATURE SENSOR ASSY NEW SENSOR HEAD,2851.0,110.0
500867813,4,3,0,Y,Increase,"LONG_LEAD_TIME_RISK,INSUFFICIENT_DATA,IMPUTED_USAGE_FEATURES",High,0.6,Long lead time risk; insufficient data; imputed usage features.,rules-only,0.2.0-tcb,19440.0,False,False,False,False,False,True,False,False,False,True,False,False,False,False,False,True,"REFILL VESSEL SET, TANK, FA",4860.0,70.0
500867814,1,1,0,Y,Increase,"NO_RECENT_USAGE,INSUFFICIENT_DATA,LONG_LEAD_TIME_ZERO_STOCK,IMPUTED_USAGE_FEATURES",Medium,0.5,Dormant with a 190-day lead time — excluded from auto-clear.,rules-only,0.2.0-tcb,1473.6,False,False,False,False,False,False,True,False,False,True,False,False,True,False,False,True,"REFILL HOSE SET, VESSEL, FA",1473.6,190.0
500867816,1,1,0,Y,Increase,"NO_RECENT_USAGE,INSUFFICIENT_DATA,LONG_LEAD_TIME_ZERO_STOCK,IMPUTED_USAGE_FEATURES",Medium,0.5,Dormant with a 195-day lead time — excluded from auto-clear.,rules-only,0.2.0-tcb,1452.0,False,False,False,False,False,False,True,False,False,True,False,False,True,False,False,True,"DRAIN HOSE SET, BUBBLER TO VESSEL, FA",1452.0,195.0
500870024,5,4,0,Y,Increase,"LONG_LEAD_TIME_RISK,ZERO_RECOMMENDATION_OVERRIDE",High,0.9,"Source algorithm recommends 0 but the part carries risk (lead time 55d, on-hand 5); protective stock proposed instead of zero.",rules-only,0.2.0-tcb,8950.0,False,False,False,False,False,True,False,False,False,False,True,False,False,False,False,False,"GEN 1 COG DIE MED, ECP 2026, ENTIRE SET",1790.0,55.0
500870488,1,1,0,Y,Maintain,"NO_RECENT_USAGE,INSUFFICIENT_DATA,ZERO_RECOMMENDATION_OVERRIDE,AD_HOC_CONSUMPTION_RISK,SFM_DISAGREEMENT,IMPUTED_USAGE_FEATURES",Medium,0.4,"Source algorithm recommends 0 but the part carries risk (lead time 90d, on-hand 1); protective stock proposed instead of zero. candidate source proposes 0 vs current 1.",rules-only,0.2.0-tcb,32.0,False,False,False,False,False,False,True,False,False,True,True,True,False,True,False,True,AVERAGING FLOW SENSOR (EXHAUST),32.0,90.0
500870674,0,0,0,Y,Maintain,"NO_RECENT_USAGE,INSUFFICIENT_DATA,IMPUTED_USAGE_FEATURES",Medium,0.5,No recent usage; insufficient data; imputed usage features.,rules-only,0.2.0-tcb,0.0,False,False,False,False,False,False,True,False,False,True,False,False,False,False,False,True,"PLACE TOOL 33,SISIC501,31.27X22.26X0.5",4500.0,30.0
500870866,1,1,0,Y,Maintain,"NO_RECENT_USAGE,INSUFFICIENT_DATA,ZERO_RECOMMENDATION_OVERRIDE,AD_HOC_CONSUMPTION_RISK,SFM_DISAGREEMENT,IMPUTED_USAGE_FEATURES",Medium,0.4,"Source algorithm recommends 0 but the part carries risk (lead time 61d, on-hand 1); protective stock proposed instead of zero. candidate source proposes 0 vs current 1.",rules-only,0.2.0-tcb,550.0,False,False,False,False,False,False,True,False,False,True,True,True,False,True,False,True,ESUS-K233M RKI SENSOR,550.0,61.0
500871163,1,1,0,Y,Decrease,"NO_RECENT_USAGE,INSUFFICIENT_DATA,ZERO_RECOMMENDATION_OVERRIDE,SFM_DISAGREEMENT,IMPUTED_USAGE_FEATURES",Medium,0.4,"Source algorithm recommends 0 but the part carries risk (lead time 15d, on-hand 5); protective stock proposed instead of zero. candidate source proposes 0 vs current 5.",rules-only,0.2.0-tcb,116.2,False,False,False,False,False,False,True,False,False,True,True,False,False,True,False,True,CLEAN AIR FILTER-RESIN W/OUT BRACKET,116.2,15.0
500872163,2,1,0,Y,Maintain,"NO_RECENT_USAGE,INSUFFICIENT_DATA,IMPUTED_USAGE_FEATURES",Low,0.5,No recent usage; insufficient data; imputed usage features.,rules-only,0.2.0-tcb,744.0,False,False,False,False,False,False,True,False,False,True,False,False,False,False,False,True,"FA,BUBLR,C4,CHK,VAL,SS,1/2,SILCO",372.0,95.0
500872164,3,2,0,Y,Decrease,"NO_RECENT_USAGE,INSUFFICIENT_DATA,SFM_DISAGREEMENT,IMPUTED_USAGE_FEATURES",Medium,0.4,Candidate source proposes 3 vs current 4.,rules-only,0.2.0-tcb,1026.0,False,False,False,False,False,False,True,False,False,True,False,False,False,True,False,True,"FA,BUBLR,C5,C8,CHK,VAL,SS,3/8,SILCO",342.0,95.0
500872168,0,0,0,Y,Maintain,"NO_RECENT_USAGE,INSUFFICIENT_DATA,IMPUTED_USAGE_FEATURES",Low,0.5,No recent usage; insufficient data; imputed usage features.,rules-only,0.2.0-tcb,0.0,False,False,False,False,False,False,True,False,False,True,False,False,False,False,False,True,PTFE ROUND LUMP (FOR PEDESTAL CLEANING),19.63,15.0
500877452,4,3,0,Y,Increase,"HIGH_COST_INCREASE_REVIEW,LONG_LEAD_TIME_RISK,SFM_DISAGREEMENT",High,0.8,Candidate source proposes 3 vs current 0.,rules-only,0.2.0-tcb,42641.2,False,False,False,True,False,True,False,False,False,False,False,False,False,True,False,False,CONTROLLER2XDUALDRIVE/1XHVDRIVEDPLL/DPLR,10660.3,115.0
500878944,1,1,0,Y,Maintain,"NO_RECENT_USAGE,INSUFFICIENT_DATA,ZERO_RECOMMENDATION_OVERRIDE,SFM_DISAGREEMENT,IMPUTED_USAGE_FEATURES",High,0.4,"Source algorithm recommends 0 but the part carries risk (lead time 35d, on-hand 0); protective stock proposed instead of zero. candidate source proposes 0 vs current 1.",rules-only,0.2.0-tcb,6875.0,False,False,False,False,False,False,True,False,False,True,True,False,False,True,False,True,MASS FLOW CONTROLLER W/O POWER SUPPLY,6875.0,35.0
